// Created by Crowbar++ 0.74
version 1
nodes
  0 "ValveBiped.Bip01_Pelvis" -1
  1 "ValveBiped.Bip01_Spine" 0
  2 "ValveBiped.Bip01_Spine1" 1
  3 "ValveBiped.Bip01_Spine2" 2
  4 "ValveBiped.Bip01_Spine4" 3
  5 "ValveBiped.Bip01_Neck1" 4
  6 "ValveBiped.Bip01_Head1" 5
  7 "ValveBiped.forward" 6
  8 "ValveBiped.Bip01_L_Clavicle" 4
  9 "ValveBiped.Bip01_L_UpperArm" 8
  10 "ValveBiped.Bip01_L_Forearm" 9
  11 "ValveBiped.Bip01_L_Hand" 10
  12 "ValveBiped.Anim_Attachment_LH" 11
  13 "ValveBiped.Bip01_L_Finger4" 11
  14 "ValveBiped.Bip01_L_Finger41" 13
  15 "ValveBiped.Bip01_L_Finger42" 14
  16 "ValveBiped.Bip01_L_Finger3" 11
  17 "ValveBiped.Bip01_L_Finger31" 16
  18 "ValveBiped.Bip01_L_Finger32" 17
  19 "ValveBiped.Bip01_L_Finger2" 11
  20 "ValveBiped.Bip01_L_Finger21" 19
  21 "ValveBiped.Bip01_L_Finger22" 20
  22 "ValveBiped.Bip01_L_Finger1" 11
  23 "ValveBiped.Bip01_L_Finger11" 22
  24 "ValveBiped.Bip01_L_Finger12" 23
  25 "ValveBiped.Bip01_L_Finger0" 11
  26 "ValveBiped.Bip01_L_Finger01" 25
  27 "ValveBiped.Bip01_L_Finger02" 26
  28 "ValveBiped.Bip01_R_Clavicle" 4
  29 "ValveBiped.Bip01_R_UpperArm" 28
  30 "ValveBiped.Bip01_R_Forearm" 29
  31 "ValveBiped.Bip01_R_Hand" 30
  32 "ValveBiped.Anim_Attachment_RH" 31
  33 "ValveBiped.Bip01_R_Finger4" 31
  34 "ValveBiped.Bip01_R_Finger41" 33
  35 "ValveBiped.Bip01_R_Finger42" 34
  36 "ValveBiped.Bip01_R_Finger3" 31
  37 "ValveBiped.Bip01_R_Finger31" 36
  38 "ValveBiped.Bip01_R_Finger32" 37
  39 "ValveBiped.Bip01_R_Finger2" 31
  40 "ValveBiped.Bip01_R_Finger21" 39
  41 "ValveBiped.Bip01_R_Finger22" 40
  42 "ValveBiped.Bip01_R_Finger1" 31
  43 "ValveBiped.Bip01_R_Finger11" 42
  44 "ValveBiped.Bip01_R_Finger12" 43
  45 "ValveBiped.Bip01_R_Finger0" 31
  46 "ValveBiped.Bip01_R_Finger01" 45
  47 "ValveBiped.Bip01_R_Finger02" 46
  48 "ValveBiped.Bip01_L_Thigh" 0
  49 "ValveBiped.Bip01_L_Calf" 48
  50 "ValveBiped.Bip01_L_Foot" 49
  51 "ValveBiped.Bip01_L_Toe0" 50
  52 "ValveBiped.Bip01_R_Thigh" 0
  53 "ValveBiped.Bip01_R_Calf" 52
  54 "ValveBiped.Bip01_R_Foot" 53
  55 "ValveBiped.Bip01_R_Toe0" 54
  56 "ValveBiped.Bip2" 0
  57 "ValveBiped.Bip3" 0
  58 "ValveBiped.Bip4" 0
  59 "ValveBiped.Bip5" 0
  60 "ValveBiped.Bip8" 0
  61 "ValveBiped.Bip9" 0
  62 "ValveBiped.Bip10" 0
  63 "ValveBiped.Bip11" 0
  64 "ValveBiped.Bip12" 0
  65 "ValveBiped.Bip1" 64
  66 "ValveBiped.Bip7" 0
  67 "ValveBiped.Bip6" 66
  68 "ValveBiped.Bip14" 0
  69 "ValveBiped.Bip13" 68
  70 "pd.103" 4
  71 "pd.104" 4
  72 "pd.128" 56
  73 "pd.129" 72
  74 "pd.130" 73
  75 "pd.131" 74
  76 "pd.132" 57
  77 "pd.133" 76
  78 "pd.134" 77
  79 "pd.135" 78
  80 "pd.136" 58
  81 "pd.137" 80
  82 "pd.138" 81
  83 "pd.139" 82
  84 "pd.140" 59
  85 "pd.141" 84
  86 "pd.142" 85
  87 "pd.143" 86
  88 "pd.144" 60
  89 "pd.145" 88
  90 "pd.146" 89
  91 "pd.147" 90
  92 "pd.148" 61
  93 "pd.149" 92
  94 "pd.150" 93
  95 "pd.151" 94
  96 "pd.152" 62
  97 "pd.153" 96
  98 "pd.154" 97
  99 "pd.155" 98
  100 "pd.156" 63
  101 "pd.157" 100
  102 "pd.158" 101
  103 "pd.159" 102
  104 "pd.160" 65
  105 "pd.161" 104
  106 "pd.162" 105
  107 "pd.163" 106
  108 "pd.164" 67
  109 "pd.165" 108
  110 "pd.166" 109
  111 "pd.167" 110
  112 "pd" 6
  113 "pd.001" 6
  114 "pd.002" 6
  115 "pd.003" 6
  116 "pd.004" 6
  117 "pd.005" 6
  118 "pd.006" 6
  119 "pd.007" 6
  120 "pd.008" 6
  121 "pd.015" 6
  122 "pd.016" 121
  123 "pd.017" 122
  124 "pd.018" 123
  125 "pd.019" 124
  126 "pd.020" 125
  127 "pd.021" 126
  128 "pd.022" 127
  129 "pd.023" 128
  130 "pd.024" 129
  131 "pd.025" 130
  132 "pd.026" 131
  133 "pd.027" 132
  134 "pd.028" 133
  135 "pd.029" 134
  136 "pd.030" 135
  137 "pd.031" 136
  138 "pd.032" 137
  139 "pd.033" 138
  140 "pd.034" 128
  141 "pd.035" 140
  142 "pd.036" 141
  143 "pd.037" 142
  144 "pd.038" 143
  145 "pd.039" 144
  146 "pd.040" 145
  147 "pd.041" 146
  148 "pd.042" 147
  149 "pd.043" 148
  150 "pd.044" 149
  151 "pd.045" 150
  152 "pd.046" 151
  153 "pd.047" 128
  154 "pd.048" 153
  155 "pd.049" 154
  156 "pd.050" 155
  157 "pd.051" 156
  158 "pd.052" 157
  159 "pd.053" 158
  160 "pd.054" 159
  161 "pd.055" 160
  162 "pd.056" 161
  163 "pd.057" 162
  164 "pd.058" 6
  165 "pd.059" 164
  166 "pd.060" 165
  167 "pd.061" 166
  168 "pd.062" 167
  169 "pd.063" 168
  170 "pd.064" 169
  171 "pd.065" 170
  172 "pd.066" 171
  173 "pd.067" 172
  174 "pd.068" 173
  175 "pd.069" 174
  176 "pd.070" 175
  177 "pd.071" 176
  178 "pd.072" 177
  179 "pd.073" 178
  180 "pd.074" 179
  181 "pd.075" 180
  182 "pd.076" 181
  183 "pd.077" 171
  184 "pd.078" 183
  185 "pd.079" 184
  186 "pd.080" 185
  187 "pd.081" 186
  188 "pd.082" 187
  189 "pd.083" 188
  190 "pd.084" 189
  191 "pd.085" 190
  192 "pd.086" 191
  193 "pd.087" 192
  194 "pd.088" 193
  195 "pd.089" 194
  196 "pd.090" 171
  197 "pd.091" 196
  198 "pd.092" 197
  199 "pd.093" 198
  200 "pd.094" 199
  201 "pd.095" 200
  202 "pd.096" 201
  203 "pd.097" 202
  204 "pd.098" 203
  205 "pd.099" 204
  206 "pd.100" 205
  207 "pd.107" 1
  208 "pd.108" 207
  209 "pd.109" 208
  210 "pd.110" 209
  211 "pd.111" 207
  212 "pd.112" 211
  213 "pd.113" 212
  214 "pd.114" 213
  215 "pd.115" 207
  216 "pd.116" 215
  217 "pd.117" 216
  218 "pd.118" 207
  219 "pd.119" 218
  220 "pd.120" 219
  221 "pd.121" 207
  222 "pd.122" 221
  223 "pd.123" 222
  224 "pd.124" 223
  225 "pd.125" 207
  226 "pd.126" 225
  227 "pd.127" 226
  228 "pd.009" 6
  229 "pd.010" 228
  230 "pd.011" 228
  231 "pd.012" 6
  232 "pd.013" 231
  233 "pd.014" 231
  234 "pd.101" 6
  235 "pd.102" 6
  236 "pd.105" 4
  237 "pd.106" 4
  238 "pd.168" 69
  239 "pd.169" 238
  240 "pd.170" 239
  241 "pd.171" 240
  242 "pd.172" 241
  243 "pd.173" 242
  244 "pd.174" 243
end
skeleton
  time 0
    0 0.000000 -0.967105 44.122166 1.570796 0.000000 0.000000
    1 0.000000 3.523758 0.029950 1.570796 -0.027985 1.570796
    2 0.000000 0.000000 0.000000 0.000000 0.000000 -0.112621
    3 3.710045 0.150944 -0.000002 0.000000 0.000000 -0.012638
    4 0.000004 -0.000001 0.000000 0.000000 0.000000 0.155823
    5 8.192108 -2.246392 -0.000003 3.141589 0.000000 0.224089
    6 2.810970 0.786394 0.000004 0.000000 0.000000 0.109869
    7 0.000000 0.000000 0.000000 -1.570795 0.000000 -1.326470
    8 7.248871 -2.063121 0.799392 1.638345 -1.334142 2.900122
    9 3.406890 -0.117195 -0.331688 -1.453546 0.015826 0.236135
    10 8.927933 0.000001 -0.000004 0.000000 0.000000 0.000000
    11 8.244890 0.000000 -0.000004 1.570796 0.000000 0.000000
    12 2.676094 -1.712418 -0.000012 1.570821 -0.000023 1.570619
    13 2.602129 0.043274 -1.213689 0.000000 0.000000 0.000000
    14 0.978357 0.000000 0.000000 0.000000 0.000000 0.000000
    15 0.578138 0.000000 0.000000 0.000000 0.000000 0.000000
    16 2.666882 0.187336 -0.542830 0.000000 0.000000 0.000000
    17 1.355406 0.000000 0.000000 0.000000 0.000000 0.000000
    18 0.832703 0.000000 0.000000 0.000000 0.000000 0.000000
    19 2.710474 0.161205 0.196588 0.000000 0.000000 0.000000
    20 1.473167 0.000000 0.000000 0.000000 0.000000 0.000000
    21 0.846321 0.000000 0.000000 0.000000 0.000000 0.000000
    22 2.591167 0.126434 0.967711 0.000000 0.000000 0.000000
    23 1.352854 0.000000 0.000000 0.000000 0.000000 0.000000
    24 0.781221 0.000000 0.000000 0.000000 0.000000 0.000000
    25 0.584726 -0.519913 0.370771 -1.301623 -0.446182 -0.627531
    26 1.518351 -0.367496 0.544430 0.000854 0.001836 0.392753
    27 0.979181 -0.236278 0.537338 0.004490 0.012339 0.062293
    28 7.248871 -2.063119 -0.799398 -1.710090 1.334149 2.900126
    29 3.406892 -0.140697 0.322426 1.523337 -0.032557 0.234439
    30 8.927931 -0.000001 0.000004 0.000000 0.000000 0.000000
    31 8.244888 -0.000001 0.000004 -1.570796 0.000000 0.000000
    32 2.676144 -1.712357 0.000080 -1.570742 -0.000010 -1.571256
    33 2.602133 0.043266 1.213689 0.000000 0.000000 0.000000
    34 0.978361 -0.000004 0.000000 0.000000 0.000000 0.000000
    35 0.578136 0.000000 0.000000 0.000000 0.000000 0.000000
    36 2.666882 0.187328 0.542829 0.000000 0.000000 0.000000
    37 1.355406 0.000000 0.000000 0.000000 0.000000 0.000000
    38 0.832703 -0.000004 0.000000 0.000000 0.000000 0.000000
    39 2.710476 0.161201 -0.196589 0.000000 0.000000 0.000000
    40 1.473166 0.000000 0.000000 0.000000 0.000000 0.000000
    41 0.846323 -0.000004 0.000000 0.000000 0.000000 0.000000
    42 2.591166 0.126427 -0.967711 0.000000 0.000000 0.000000
    43 1.352856 0.000000 0.000000 0.000000 0.000000 0.000000
    44 0.781223 -0.000004 0.000000 0.000000 0.000000 0.000000
    45 0.584728 -0.519913 -0.370771 1.301648 0.446144 -0.627495
    46 1.518348 -0.367567 -0.544395 -0.000880 -0.001832 0.392738
    47 0.979185 -0.236300 -0.537319 -0.004467 -0.012334 0.062301
    48 3.050961 -1.782368 -1.228622 -1.570796 0.000000 -1.570796
    49 16.332626 -0.000004 -0.000009 0.000000 0.000000 0.000000
    50 20.043091 -0.000004 -0.000011 0.014671 -0.023907 -1.075671
    51 6.307809 1.971855 -0.164771 -0.011148 0.000933 -0.500514
    52 -3.050961 -1.782368 -1.228622 -1.570796 0.000000 -1.570796
    53 16.332621 -0.000004 -0.000005 0.000000 0.000000 0.000000
    54 20.043093 -0.000004 -0.000006 -0.010594 0.011412 -1.078506
    55 6.303392 1.991225 0.078041 -0.078652 -0.006186 -0.498944
    56 2.711403 5.259277 3.132617 1.371211 -0.247101 0.301329
    57 4.387142 5.259281 1.076985 1.499231 -0.393673 0.422072
    58 4.387142 5.259281 -1.463916 1.706652 -0.391307 0.342493
    59 2.711402 5.259277 -3.519549 1.901471 -0.238775 0.170884
    60 -2.711403 5.259277 -3.519548 1.901471 0.237171 -0.169732
    61 -4.387142 5.259281 -1.463915 1.706652 0.388846 -0.340325
    62 -4.387142 5.259281 1.076986 1.499232 0.391200 -0.419431
    63 -2.711403 5.259277 3.132617 1.371210 0.245443 -0.299324
    64 0.000000 5.259277 3.917799 1.323785 0.000000 0.000000
    65 0.000000 0.000000 0.000004 0.000000 0.000000 0.000000
    66 0.000000 5.259281 -4.304729 1.970281 0.000000 0.000000
    67 0.000000 -0.000004 0.000004 0.000000 0.000000 0.000000
    68 0.000000 3.365860 -2.270664 -3.016978 0.000000 0.000000
    69 0.000000 0.000004 0.000000 0.000000 0.000000 0.000000
    70 3.894241 1.243716 -2.273654 1.965025 -0.040515 3.131485
    71 3.894238 1.243715 2.273654 -1.176566 -0.040514 -0.010107
    72 -0.021326 -0.017084 3.075672 0.022751 -0.028101 -0.026980
    73 -0.073547 -0.051170 4.743092 0.032584 -0.044850 -0.044624
    74 -0.077495 -0.047066 5.165989 0.026438 -0.041664 -0.042026
    75 -0.074110 -0.038752 5.888031 0.018344 -0.034146 -0.034681
    76 -0.032290 -0.011740 3.170059 0.014622 -0.041277 -0.035567
    77 -0.107449 -0.020611 4.862347 0.013008 -0.064785 -0.059688
    78 -0.111515 -0.002520 5.261139 0.002053 -0.060101 -0.057736
    79 -0.106655 0.014372 5.961823 -0.006441 -0.049617 -0.049160
    80 -0.026825 0.001395 3.190907 -0.002934 -0.034445 -0.029117
    81 -0.089855 0.025994 4.906704 -0.016522 -0.055039 -0.049700
    82 -0.095390 0.049047 5.307724 -0.026490 -0.052409 -0.049634
    83 -0.093845 0.065496 6.001842 -0.030397 -0.044484 -0.043642
    84 -0.011630 0.020613 3.179478 -0.027449 -0.015638 -0.015519
    85 -0.042721 0.080910 4.884434 -0.050135 -0.027670 -0.027213
    86 -0.049829 0.096235 5.281723 -0.052275 -0.028571 -0.028122
    87 -0.052511 0.100945 5.976290 -0.046859 -0.025621 -0.025339
    88 0.015903 0.021338 3.177238 -0.028113 0.020374 0.018820
    89 0.047289 0.081381 4.877136 -0.050187 0.028997 0.027920
    90 0.043223 0.094965 5.276382 -0.051666 0.023554 0.024140
    91 0.035468 0.098776 5.977041 -0.046042 0.016383 0.018087
    92 0.033083 0.003553 3.185020 -0.004793 0.041400 0.035424
    93 0.096363 0.027191 4.887688 -0.016423 0.056944 0.051228
    94 0.084818 0.045254 5.293816 -0.024684 0.044623 0.042711
    95 0.067105 0.059410 6.003803 -0.028195 0.030099 0.031089
    96 0.038330 -0.009118 3.164131 0.012460 0.047969 0.043268
    97 0.113415 -0.019338 4.843170 0.013353 0.066404 0.061570
    98 0.100536 -0.007123 5.247093 0.004238 0.052229 0.049703
    99 0.079924 0.007468 5.963799 -0.004057 0.035424 0.035002
    100 0.025406 -0.015861 3.073360 0.021744 0.032580 0.032742
    101 0.077185 -0.050655 4.735600 0.032812 0.045605 0.045842
    102 0.069947 -0.049222 5.160545 0.027450 0.036395 0.036073
    103 0.056913 -0.041794 5.888805 0.019348 0.025229 0.024706
    104 0.000001 -0.022074 3.017406 0.029728 -0.000001 0.000000
    105 0.000007 -0.072325 4.674877 0.045213 0.000001 0.000000
    106 0.000004 -0.072306 5.116188 0.039499 -0.000001 0.000000
    107 0.000008 -0.065177 5.851667 0.030159 -0.000003 0.000000
    108 0.000000 0.027422 3.170170 -0.036187 0.000000 0.000000
    109 0.000002 0.099876 4.862431 -0.061972 0.000000 0.000000
    110 0.000003 0.111992 5.256622 -0.061199 0.000001 0.000000
    111 -0.000001 0.112280 5.953030 -0.052385 -0.000003 0.000000
    112 3.761497 -0.484362 -3.660547 -0.900179 1.161913 2.643719
    113 3.752853 -1.560328 -3.605245 -0.789065 0.912032 2.532620
    114 4.474640 -3.523696 -2.361130 2.675599 0.700163 -0.932028
    115 7.239937 -2.863720 -1.353375 2.392258 1.211417 -0.648675
    116 5.828751 -3.266319 -0.422032 2.581944 0.323357 -0.838376
    117 6.404037 -2.955704 0.813580 2.356718 1.046823 -0.613147
    118 3.398285 -0.913291 3.507390 2.329320 1.057333 -0.585752
    119 3.304718 -2.181828 3.297226 2.389322 1.112993 -0.645736
    120 5.089508 -2.145199 2.833681 2.371626 1.510808 -0.628243
    121 3.309242 3.021448 2.807659 0.145870 0.352522 1.597699
    122 -0.000002 1.299175 0.000000 2.863876 -1.026024 0.140310
    123 1.483128 0.889118 -0.760393 -1.723425 -0.954308 -2.931849
    124 0.000001 0.000006 1.098301 -0.011182 0.114293 0.088735
    125 -0.031181 -0.045309 2.776104 0.072845 -0.059048 -0.048706
    126 -0.063147 -0.055231 3.387466 0.053852 -0.069808 -0.055545
    127 -0.073409 -0.021782 3.800297 0.017832 -0.053762 -0.039335
    128 0.000000 0.000000 1.901588 -0.191357 0.059709 0.055031
    129 0.508658 0.249132 2.020947 0.152654 -0.080674 -0.091023
    130 -0.021115 -0.005932 3.975941 0.018894 -0.028664 -0.023641
    131 -0.068426 0.014626 3.999939 -0.000226 -0.062980 -0.043719
    132 -0.007289 0.005527 4.039022 0.012551 0.027198 0.016563
    133 -0.000628 -0.025537 3.672590 0.024792 0.003099 -0.002792
    134 -0.135418 -0.087128 4.137640 0.062914 0.003334 -0.010280
    135 0.098037 -0.014038 3.938133 0.050502 0.075713 0.040403
    136 0.000000 0.000000 1.657495 0.041547 0.036246 0.016576
    137 0.152488 -0.043791 3.310966 0.069626 0.165611 0.093920
    138 0.319344 -0.179604 4.414724 0.182635 0.192651 0.123485
    139 0.315797 -0.299946 4.960559 -0.172145 0.156200 0.030440
    140 -1.403287 -1.245106 1.653469 0.359794 -0.150586 -0.212232
    141 -0.036385 -0.040253 4.010429 0.027873 -0.013964 -0.014459
    142 0.039886 -0.009483 4.181780 0.011456 0.007395 0.001500
    143 -0.012575 0.024719 4.669813 -0.037712 -0.000559 0.008144
    144 0.003522 0.076195 4.128000 -0.144606 0.004083 0.033468
    145 0.057060 0.140339 3.777660 -0.156636 0.079873 0.079571
    146 -0.000002 0.000002 1.827112 -0.096845 0.068789 0.065894
    147 0.000005 0.000008 1.819405 -0.025411 0.082010 0.074106
    148 -0.000027 0.000006 1.796610 -0.053664 0.068113 0.061034
    149 0.143147 0.090977 3.417555 -0.078907 0.233384 0.206127
    150 0.299864 0.076643 3.734957 0.073279 0.346200 0.399053
    151 0.205663 -0.102530 3.289310 0.188572 0.187720 0.357340
    152 0.187447 -0.369926 3.245319 0.063889 -0.263370 -0.208770
    153 2.697930 0.437963 2.522320 0.120394 0.014650 0.003640
    154 -0.107486 -0.161879 4.179699 0.166631 -0.086351 -0.087082
    155 -0.105448 -0.232380 4.477386 0.197241 -0.070590 -0.081981
    156 -0.054009 -0.142471 4.558023 0.126629 -0.045738 -0.050372
    157 -0.032272 -0.069145 3.613425 0.064674 -0.047010 -0.035167
    158 -0.037061 0.026768 3.770075 -0.065050 -0.050752 -0.000997
    159 -0.069773 0.200871 3.797598 -0.258059 -0.065538 0.050786
    160 -0.097511 0.349506 3.709995 -0.367298 -0.091252 0.075873
    161 -0.030209 0.308874 3.588842 -0.337832 0.077508 0.172665
    162 0.153002 0.295004 3.523855 -0.288480 0.299089 0.389546
    163 0.192851 0.188094 2.468798 0.033129 0.438087 0.812831
    164 3.309235 3.021465 -2.807641 -2.995720 0.352528 -1.543893
    165 0.000000 1.299175 0.000000 2.863876 1.026010 -0.140306
    166 -1.483133 0.889126 -0.760418 -1.723435 0.954314 2.931837
    167 -0.000006 -0.000002 1.098301 -0.011182 -0.114298 -0.088737
    168 0.031177 -0.045311 2.776096 0.072845 0.059047 0.048706
    169 0.063149 -0.055231 3.387466 0.053852 0.069808 0.055545
    170 0.073413 -0.021780 3.800289 0.017832 0.053764 0.039335
    171 0.000002 -0.000002 1.901588 -0.191357 -0.059713 -0.055024
    172 -0.508654 0.249136 2.020947 0.152655 0.080680 0.091018
    173 0.021119 -0.005928 3.975933 0.018894 0.028663 0.023643
    174 0.068434 0.014627 3.999947 -0.000226 0.062982 0.043718
    175 0.007291 0.005524 4.039026 0.012551 -0.027196 -0.016564
    176 0.000624 -0.025537 3.672588 0.024791 -0.003099 0.002793
    177 0.135412 -0.087130 4.137642 0.062914 -0.003335 0.010281
    178 -0.098038 -0.014040 3.938129 0.050502 -0.075712 -0.040404
    179 0.000000 0.000000 1.657490 0.041547 -0.036248 -0.016575
    180 -0.152492 -0.043795 3.310970 0.069626 -0.165611 -0.093922
    181 -0.319357 -0.179602 4.414725 0.182634 -0.192652 -0.123486
    182 -0.315814 -0.299955 4.960563 -0.172145 -0.156203 -0.030440
    183 1.403308 -1.245113 1.653461 0.359794 0.150591 0.212228
    184 0.036398 -0.040260 4.010426 0.027874 0.013967 0.014459
    185 -0.039887 -0.009483 4.181797 0.011455 -0.007395 -0.001500
    186 0.012575 0.024708 4.669821 -0.037712 0.000559 -0.008144
    187 -0.003523 0.076199 4.128008 -0.144605 -0.004083 -0.033468
    188 -0.057062 0.140339 3.777658 -0.156635 -0.079873 -0.079572
    189 0.000000 0.000006 1.827118 -0.096844 -0.068790 -0.065895
    190 -0.000009 0.000010 1.819410 -0.025411 -0.082011 -0.074107
    191 0.000027 0.000004 1.796608 -0.053664 -0.068114 -0.061034
    192 -0.143153 0.090969 3.417557 -0.078908 -0.233386 -0.206128
    193 -0.299873 0.076631 3.734959 0.073278 -0.346198 -0.399055
    194 -0.205668 -0.102563 3.289330 0.188570 -0.187718 -0.357339
    195 -0.187449 -0.369966 3.245340 0.063889 0.263368 0.208768
    196 -2.697953 0.437979 2.522327 0.120394 -0.014646 -0.003645
    197 0.107490 -0.161877 4.179699 0.166631 0.086351 0.087082
    198 0.105456 -0.232386 4.477375 0.197240 0.070591 0.081982
    199 0.054015 -0.142471 4.558029 0.126629 0.045739 0.050372
    200 0.032275 -0.069153 3.613431 0.064673 0.047011 0.035167
    201 0.037062 0.026764 3.770080 -0.065051 0.050752 0.000997
    202 0.069780 0.200867 3.797603 -0.258059 0.065538 -0.050786
    203 0.097515 0.349510 3.710004 -0.367299 0.091254 -0.075876
    204 0.030205 0.308855 3.588852 -0.337830 -0.077508 -0.172666
    205 -0.153004 0.295002 3.523855 -0.288478 -0.299090 -0.389552
    206 -0.192861 0.188094 2.468803 0.033133 -0.438087 -0.812839
    207 3.038773 -3.186367 -0.000004 0.000000 -1.570796 -1.598781
    208 -1.259778 -0.110737 0.228234 1.581472 1.308281 -1.297982
    209 -0.000001 0.000000 1.663316 0.000004 -0.000002 -0.000002
    210 0.000000 0.000000 1.663315 -0.000002 0.000000 0.000000
    211 -1.301082 -0.448425 -0.122918 2.040421 0.526409 -0.327875
    212 0.000001 0.000004 4.296974 0.216396 0.205320 0.064361
    213 0.000000 0.000000 5.293940 -0.136099 0.001000 0.029709
    214 0.000002 0.000004 4.673290 -0.052714 0.003415 0.013170
    215 -1.181794 -0.334217 -0.513912 2.246439 0.707787 -0.351069
    216 0.000001 -0.000008 4.514694 0.102094 0.071610 -0.013054
    217 0.000005 0.000004 4.566620 -0.095016 0.147985 0.081109
    218 1.259783 -0.110741 0.228234 1.581473 -1.308280 1.297974
    219 0.000001 0.000000 1.663319 0.000004 0.000002 0.000003
    220 -0.000003 0.000004 1.663315 -0.000001 -0.000001 0.000001
    221 1.301088 -0.448425 -0.122919 2.040421 -0.526409 0.327874
    222 0.000000 0.000000 4.296982 0.216396 -0.205320 -0.064361
    223 0.000000 -0.000004 5.293945 -0.136099 -0.001000 -0.029708
    224 -0.000002 0.000004 4.673294 -0.052713 -0.003415 -0.013171
    225 1.181799 -0.334221 -0.513912 2.246439 -0.707787 0.351070
    226 0.000000 0.000004 4.514696 0.102093 -0.071611 0.013055
    227 0.000000 0.000000 4.566618 -0.095016 -0.147985 -0.081109
    228 6.151886 0.783840 1.728969 0.536693 0.361792 1.206873
    229 0.000000 0.000011 2.411968 0.020495 0.016009 -0.025840
    230 -0.631569 -0.002724 1.030853 -0.105429 0.014364 0.078393
    231 6.151878 0.783848 -1.729018 -2.604900 0.361798 -1.934721
    232 0.000004 0.000008 2.411964 0.020495 -0.016009 0.025840
    233 0.631573 -0.002724 1.030849 -0.105429 -0.014364 -0.078393
    234 1.230007 -0.544867 -2.682516 2.356555 1.563104 -0.612323
    235 1.230003 -0.544881 2.682512 -0.785755 1.563102 2.528558
    236 7.641582 1.695580 0.170169 -0.854575 -0.689729 0.657673
    237 7.641582 1.695581 -0.170173 2.287016 -0.689729 -2.483919
    238 0.000000 0.000004 2.319757 -0.210121 0.000000 0.000000
    239 0.000000 -0.000011 2.593413 -0.089771 0.000000 0.000000
    240 0.000001 -0.000019 2.777902 -0.004359 0.000000 0.000000
    241 0.000000 -0.000019 2.801039 0.078065 0.000000 0.000000
    242 0.000001 -0.000011 2.659531 0.187856 0.000000 0.000000
    243 0.000000 -0.000004 2.413889 0.343753 0.000000 0.000000
    244 0.000000 0.000023 2.236877 0.463603 0.000000 0.000000
end
triangles
UV2
  207 0.585987 2.859758 51.994282 0.988542 -0.140400 -0.055425 0.077446 0.582406 1 207 1.000000
  207 0.572649 2.655883 52.120392 0.996660 -0.019575 -0.079285 0.076974 0.590863 1 207 1.000000
  207 0.464396 2.473255 50.804665 0.997740 0.066773 -0.007451 0.086211 0.538990 1 207 1.000000
UV2
  207 0.610785 3.013083 51.729561 0.976210 -0.214863 -0.029103 0.078323 0.573308 1 207 1.000000
  207 0.585987 2.859758 51.994282 0.988542 -0.140400 -0.055425 0.077446 0.582406 1 207 1.000000
  207 0.464396 2.473255 50.804665 0.997740 0.066773 -0.007451 0.086211 0.538990 1 207 1.000000
UV2
  207 0.572649 2.655883 52.120392 0.996660 -0.019575 -0.079285 0.076974 0.590863 1 207 1.000000
  207 0.585987 2.380261 52.102680 0.990023 0.112631 -0.084671 0.077446 0.582406 1 207 1.000000
  207 0.464396 2.473255 50.804665 0.997740 0.066773 -0.007451 0.086211 0.538990 1 207 1.000000
UV2
  207 0.626451 3.173226 50.850056 0.974335 -0.224619 -0.014751 0.078877 0.538990 1 207 1.000000
  207 0.610785 3.013083 51.729561 0.976210 -0.214863 -0.029103 0.078323 0.573308 1 207 1.000000
  207 0.464396 2.473255 50.804665 0.997740 0.066773 -0.007451 0.086211 0.538990 1 207 1.000000
UV2
  207 0.585987 2.380261 52.102680 0.990023 0.112631 -0.084671 0.077446 0.582406 1 207 1.000000
  207 0.610785 2.205868 51.885735 0.966195 0.248289 -0.069423 0.078323 0.573308 1 207 1.000000
  207 0.464396 2.473255 50.804665 0.997740 0.066773 -0.007451 0.086211 0.538990 1 207 1.000000
UV2
  207 0.610782 3.134668 49.779175 0.982913 -0.182692 0.022477 0.078323 0.504673 1 207 1.000000
  207 0.626451 3.173226 50.850056 0.974335 -0.224619 -0.014751 0.078877 0.538990 1 207 1.000000
  207 0.464396 2.473255 50.804665 0.997740 0.066773 -0.007451 0.086211 0.538990 1 207 1.000000
UV2
  207 0.610785 2.205868 51.885735 0.966195 0.248289 -0.069423 0.078323 0.573308 1 207 1.000000
  207 0.626446 2.021730 50.814327 0.941242 0.337655 -0.007241 0.078877 0.538990 1 207 1.000000
  207 0.464396 2.473255 50.804665 0.997740 0.066773 -0.007451 0.086211 0.538990 1 207 1.000000
UV2
  207 0.585985 2.941620 49.522881 0.993087 -0.102809 0.056637 0.077446 0.495575 1 207 1.000000
  207 0.610782 3.134668 49.779175 0.982913 -0.182692 0.022477 0.078323 0.504673 1 207 1.000000
  207 0.464396 2.473255 50.804665 0.997740 0.066773 -0.007451 0.086211 0.538990 1 207 1.000000
UV2
  207 0.626446 2.021730 50.814327 0.941242 0.337655 -0.007241 0.078877 0.538990 1 207 1.000000
  207 0.610783 2.161809 49.711784 0.962135 0.267438 0.052660 0.078323 0.504673 1 207 1.000000
  207 0.464396 2.473255 50.804665 0.997740 0.066773 -0.007451 0.086211 0.538990 1 207 1.000000
UV2
  207 0.572647 2.588634 49.426025 0.996927 0.000632 0.078332 0.076974 0.486291 1 207 1.000000
  207 0.585985 2.941620 49.522881 0.993087 -0.102809 0.056637 0.077446 0.495575 1 207 1.000000
  207 0.464396 2.473255 50.804665 0.997740 0.066773 -0.007451 0.086211 0.538990 1 207 1.000000
UV2
  207 0.610783 2.161809 49.711784 0.962135 0.267438 0.052660 0.078323 0.504673 1 207 1.000000
  207 0.585986 2.308912 49.476101 0.989785 0.120851 0.075635 0.077446 0.495575 1 207 1.000000
  207 0.464396 2.473255 50.804665 0.997740 0.066773 -0.007451 0.086211 0.538990 1 207 1.000000
UV2
  207 0.585986 2.308912 49.476101 0.989785 0.120851 0.075635 0.077446 0.495575 1 207 1.000000
  207 0.572647 2.588634 49.426025 0.996927 0.000632 0.078332 0.076974 0.486291 1 207 1.000000
  207 0.464396 2.473255 50.804665 0.997740 0.066773 -0.007451 0.086211 0.538990 1 207 1.000000
UV2
  217 -7.523943 10.679653 41.529163 0.720512 0.504462 -0.475795 0.259844 0.133966 2 217 0.759663 216 0.240337
  217 -8.023212 10.653373 42.059120 0.988448 0.101171 -0.112849 0.261301 0.147370 2 217 0.751198 216 0.248802
  217 -7.350005 9.927275 42.957573 0.859065 0.282378 -0.426930 0.220965 0.150664 3 217 0.502087 216 0.496576 207 0.001337
UV2
  217 -7.653461 10.884830 41.546444 0.756000 0.533323 -0.379513 0.267928 0.133796 2 217 0.853513 216 0.146487
  217 -8.023212 10.653373 42.059120 0.988448 0.101171 -0.112849 0.261301 0.147370 2 217 0.751198 216 0.248802
  217 -7.523943 10.679653 41.529163 0.720512 0.504462 -0.475795 0.259844 0.133966 2 217 0.759663 216 0.240337
UV2
  217 -7.523943 10.679653 41.529163 0.720512 0.504462 -0.475795 0.259844 0.133966 2 217 0.759663 216 0.240337
  217 -7.574471 10.617108 41.506523 0.403392 0.014866 -0.914906 0.259391 0.135022 2 217 0.767093 216 0.232907
  217 -7.653461 10.884830 41.546444 0.756000 0.533323 -0.379513 0.267928 0.133796 2 217 0.853513 216 0.146487
UV2
  217 -7.574471 10.617108 41.506523 0.403392 0.014866 -0.914906 0.259391 0.135022 2 217 0.767093 216 0.232907
  217 -7.726954 10.865606 41.520481 0.191339 0.464053 -0.864895 0.270235 0.134822 2 217 0.865269 216 0.134731
  217 -7.653461 10.884830 41.546444 0.756000 0.533323 -0.379513 0.267928 0.133796 2 217 0.853513 216 0.146487
UV2
  217 -6.709877 9.788704 42.196011 0.815623 0.404077 -0.414102 0.220423 0.135062 3 217 0.507490 216 0.491177 207 0.001333
  217 -7.574471 10.617108 41.506523 0.403392 0.014866 -0.914906 0.259391 0.135022 2 217 0.767093 216 0.232907
  217 -7.523943 10.679653 41.529163 0.720512 0.504462 -0.475795 0.259844 0.133966 2 217 0.759663 216 0.240337
UV2
  217 -7.523943 10.679653 41.529163 0.720512 0.504462 -0.475795 0.259844 0.133966 2 217 0.759663 216 0.240337
  217 -7.350005 9.927275 42.957573 0.859065 0.282378 -0.426930 0.220965 0.150664 3 217 0.502087 216 0.496576 207 0.001337
  217 -6.709877 9.788704 42.196011 0.815623 0.404077 -0.414102 0.220423 0.135062 3 217 0.507490 216 0.491177 207 0.001333
UV2
  217 -6.709877 9.788704 42.196011 0.815623 0.404077 -0.414102 0.220423 0.135062 3 217 0.507490 216 0.491177 207 0.001333
  217 -6.767463 9.720629 42.172550 0.571368 -0.209946 -0.793386 0.220321 0.136198 3 217 0.508371 216 0.490323 207 0.001306
  217 -7.574471 10.617108 41.506523 0.403392 0.014866 -0.914906 0.259391 0.135022 2 217 0.767093 216 0.232907
UV2
  217 -7.653461 10.884830 41.546444 0.756000 0.533323 -0.379513 0.267928 0.133796 2 217 0.853513 216 0.146487
  217 -7.726954 10.865606 41.520481 0.191339 0.464053 -0.864895 0.270235 0.134822 2 217 0.865269 216 0.134731
  217 -7.678987 10.978758 41.629211 0.868864 0.330468 -0.368601 0.270884 0.134284 2 217 0.856265 216 0.143735
UV2
  217 -7.678987 10.978758 41.629211 0.868864 0.330468 -0.368601 0.270884 0.134284 2 217 0.856265 216 0.143735
  217 -8.023212 10.653373 42.059120 0.988448 0.101171 -0.112849 0.261301 0.147370 2 217 0.751198 216 0.248802
  217 -7.653461 10.884830 41.546444 0.756000 0.533323 -0.379513 0.267928 0.133796 2 217 0.853513 216 0.146487
UV2
  217 -7.726954 10.865606 41.520481 0.191339 0.464053 -0.864895 0.270235 0.134822 2 217 0.865269 216 0.134731
  217 -7.760495 10.995200 41.629898 0.130551 0.677418 -0.723921 0.274374 0.135418 2 217 0.881285 216 0.118715
  217 -7.678987 10.978758 41.629211 0.868864 0.330468 -0.368601 0.270884 0.134284 2 217 0.856265 216 0.143735
UV2
  217 -7.678987 10.978758 41.629211 0.868864 0.330468 -0.368601 0.270884 0.134284 2 217 0.856265 216 0.143735
  217 -7.760495 10.995200 41.629898 0.130551 0.677418 -0.723921 0.274374 0.135418 2 217 0.881285 216 0.118715
  217 -7.682477 11.144943 41.791355 0.158950 0.836091 -0.525059 0.270235 0.134822 2 217 0.852024 216 0.147976
UV2
  216 -5.221366 8.375641 43.975376 0.471621 -0.421987 -0.774274 0.179569 0.136910 3 216 0.807176 217 0.165836 215 0.026989
  217 -6.767463 9.720629 42.172550 0.571368 -0.209946 -0.793386 0.220321 0.136198 3 217 0.508371 216 0.490323 207 0.001306
  217 -6.709877 9.788704 42.196011 0.815623 0.404077 -0.414102 0.220423 0.135062 3 217 0.507490 216 0.491177 207 0.001333
UV2
  217 -7.678987 10.978758 41.629211 0.868864 0.330468 -0.368601 0.270884 0.134284 2 217 0.856265 216 0.143735
  217 -7.682477 11.144943 41.791355 0.158950 0.836091 -0.525059 0.270235 0.134822 2 217 0.852024 216 0.147976
  217 -7.628941 11.113476 41.754578 0.703388 0.278964 -0.653776 0.267928 0.133862 2 217 0.847869 216 0.152131
UV2
  217 -7.628941 11.113476 41.754578 0.703388 0.278964 -0.653776 0.267928 0.133862 2 217 0.847869 216 0.152131
  217 -8.023212 10.653373 42.059120 0.988448 0.101171 -0.112849 0.261301 0.147370 2 217 0.751198 216 0.248802
  217 -7.678987 10.978758 41.629211 0.868864 0.330468 -0.368601 0.270884 0.134284 2 217 0.856265 216 0.143735
UV2
  217 -7.628941 11.113476 41.754578 0.703388 0.278964 -0.653776 0.267928 0.133862 2 217 0.847869 216 0.152131
  217 -7.682477 11.144943 41.791355 0.158950 0.836091 -0.525059 0.270235 0.134822 2 217 0.852024 216 0.147976
  217 -7.493838 11.190947 42.053249 0.458717 0.882836 -0.100894 0.259391 0.135022 2 217 0.746701 216 0.253299
UV2
  217 -7.473940 11.172606 41.970444 0.608883 0.467708 -0.640711 0.259931 0.133995 2 217 0.752816 216 0.247184
  217 -8.023212 10.653373 42.059120 0.988448 0.101171 -0.112849 0.261301 0.147370 2 217 0.751198 216 0.248802
  217 -7.628941 11.113476 41.754578 0.703388 0.278964 -0.653776 0.267928 0.133862 2 217 0.847869 216 0.152131
UV2
  217 -7.628941 11.113476 41.754578 0.703388 0.278964 -0.653776 0.267928 0.133862 2 217 0.847869 216 0.152131
  217 -7.493838 11.190947 42.053249 0.458717 0.882836 -0.100894 0.259391 0.135022 2 217 0.746701 216 0.253299
  217 -7.473940 11.172606 41.970444 0.608883 0.467708 -0.640711 0.259931 0.133995 2 217 0.752816 216 0.247184
UV2
  217 -7.350005 9.927275 42.957573 0.859065 0.282378 -0.426930 0.220965 0.150664 3 217 0.502087 216 0.496576 207 0.001337
  217 -8.023212 10.653373 42.059120 0.988448 0.101171 -0.112849 0.261301 0.147370 2 217 0.751198 216 0.248802
  217 -7.473940 11.172606 41.970444 0.608883 0.467708 -0.640711 0.259931 0.133995 2 217 0.752816 216 0.247184
UV2
  217 -7.473940 11.172606 41.970444 0.608883 0.467708 -0.640711 0.259931 0.133995 2 217 0.752816 216 0.247184
  217 -7.493838 11.190947 42.053249 0.458717 0.882836 -0.100894 0.259391 0.135022 2 217 0.746701 216 0.253299
  216 -6.652414 10.565434 42.878101 0.803788 0.237960 -0.545251 0.220433 0.135066 3 216 0.499715 217 0.498944 207 0.001341
UV2
  216 -6.652414 10.565434 42.878101 0.803788 0.237960 -0.545251 0.220433 0.135066 3 216 0.499715 217 0.498944 207 0.001341
  217 -7.350005 9.927275 42.957573 0.859065 0.282378 -0.426930 0.220965 0.150664 3 217 0.502087 216 0.496576 207 0.001337
  217 -7.473940 11.172606 41.970444 0.608883 0.467708 -0.640711 0.259931 0.133995 2 217 0.752816 216 0.247184
UV2
  217 -7.493838 11.190947 42.053249 0.458717 0.882836 -0.100894 0.259391 0.135022 2 217 0.746701 216 0.253299
  216 -6.684689 10.581570 42.960266 0.585265 0.807748 0.070768 0.220321 0.136198 3 216 0.505054 217 0.493602 207 0.001344
  216 -6.652414 10.565434 42.878101 0.803788 0.237960 -0.545251 0.220433 0.135066 3 216 0.499715 217 0.498944 207 0.001341
UV2
  216 -5.694539 8.478292 44.880726 0.803871 0.264884 -0.532566 0.181732 0.151831 3 216 0.774531 217 0.163805 215 0.061665
  217 -7.350005 9.927275 42.957573 0.859065 0.282378 -0.426930 0.220965 0.150664 3 217 0.502087 216 0.496576 207 0.001337
  216 -6.652414 10.565434 42.878101 0.803788 0.237960 -0.545251 0.220433 0.135066 3 216 0.499715 217 0.498944 207 0.001341
UV2
  216 -5.694539 8.478292 44.880726 0.803871 0.264884 -0.532566 0.181732 0.151831 3 216 0.774531 217 0.163805 215 0.061665
  217 -6.709877 9.788704 42.196011 0.815623 0.404077 -0.414102 0.220423 0.135062 3 217 0.507490 216 0.491177 207 0.001333
  217 -7.350005 9.927275 42.957573 0.859065 0.282378 -0.426930 0.220965 0.150664 3 217 0.502087 216 0.496576 207 0.001337
UV2
  216 -5.075933 9.189506 44.676952 0.833511 0.217738 -0.507790 0.183679 0.135583 3 216 0.792835 217 0.161675 215 0.045490
  216 -6.652414 10.565434 42.878101 0.803788 0.237960 -0.545251 0.220433 0.135066 3 216 0.499715 217 0.498944 207 0.001341
  216 -6.684689 10.581570 42.960266 0.585265 0.807748 0.070768 0.220321 0.136198 3 216 0.505054 217 0.493602 207 0.001344
UV2
  216 -5.694539 8.478292 44.880726 0.803871 0.264884 -0.532566 0.181732 0.151831 3 216 0.774531 217 0.163805 215 0.061665
  216 -6.652414 10.565434 42.878101 0.803788 0.237960 -0.545251 0.220433 0.135066 3 216 0.499715 217 0.498944 207 0.001341
  216 -5.075933 9.189506 44.676952 0.833511 0.217738 -0.507790 0.183679 0.135583 3 216 0.792835 217 0.161675 215 0.045490
UV2
  216 -6.684689 10.581570 42.960266 0.585265 0.807748 0.070768 0.220321 0.136198 3 216 0.505054 217 0.493602 207 0.001344
  216 -5.141592 9.235440 44.762955 0.417313 0.812433 0.407187 0.183824 0.136199 3 216 0.798205 217 0.160619 215 0.041176
  216 -5.075933 9.189506 44.676952 0.833511 0.217738 -0.507790 0.183679 0.135583 3 216 0.792835 217 0.161675 215 0.045490
UV2
  216 -5.197587 8.486064 43.995159 0.807211 0.539511 -0.239453 0.180060 0.135660 3 216 0.773217 217 0.206984 207 0.019799
  217 -6.709877 9.788704 42.196011 0.815623 0.404077 -0.414102 0.220423 0.135062 3 217 0.507490 216 0.491177 207 0.001333
  216 -5.694539 8.478292 44.880726 0.803871 0.264884 -0.532566 0.181732 0.151831 3 216 0.774531 217 0.163805 215 0.061665
UV2
  217 -6.709877 9.788704 42.196011 0.815623 0.404077 -0.414102 0.220423 0.135062 3 217 0.507490 216 0.491177 207 0.001333
  216 -5.197587 8.486064 43.995159 0.807211 0.539511 -0.239453 0.180060 0.135660 3 216 0.773217 217 0.206984 207 0.019799
  216 -5.221366 8.375641 43.975376 0.471621 -0.421987 -0.774274 0.179569 0.136910 3 216 0.807176 217 0.165836 215 0.026989
UV2
  215 -3.189232 6.159275 46.291794 0.857276 0.504130 -0.104554 0.145336 0.136201 3 215 0.594921 216 0.277096 207 0.127983
  216 -5.197587 8.486064 43.995159 0.807211 0.539511 -0.239453 0.180060 0.135660 3 216 0.773217 217 0.206984 207 0.019799
  216 -5.694539 8.478292 44.880726 0.803871 0.264884 -0.532566 0.181732 0.151831 3 216 0.774531 217 0.163805 215 0.061665
UV2
  216 -5.197587 8.486064 43.995159 0.807211 0.539511 -0.239453 0.180060 0.135660 3 216 0.773217 217 0.206984 207 0.019799
  215 -3.189232 6.159275 46.291794 0.857276 0.504130 -0.104554 0.145336 0.136201 3 215 0.594921 216 0.277096 207 0.127983
  216 -5.221366 8.375641 43.975376 0.471621 -0.421987 -0.774274 0.179569 0.136910 3 216 0.807176 217 0.165836 215 0.026989
UV2
  215 -3.737610 6.015766 46.877506 0.825525 0.321075 -0.464132 0.145336 0.153005 3 215 0.601473 216 0.268722 207 0.129805
  216 -5.694539 8.478292 44.880726 0.803871 0.264884 -0.532566 0.181732 0.151831 3 216 0.774531 217 0.163805 215 0.061665
  216 -5.075933 9.189506 44.676952 0.833511 0.217738 -0.507790 0.183679 0.135583 3 216 0.792835 217 0.161675 215 0.045490
UV2
  216 -5.694539 8.478292 44.880726 0.803871 0.264884 -0.532566 0.181732 0.151831 3 216 0.774531 217 0.163805 215 0.061665
  215 -3.737610 6.015766 46.877506 0.825525 0.321075 -0.464132 0.145336 0.153005 3 215 0.601473 216 0.268722 207 0.129805
  215 -3.189232 6.159275 46.291794 0.857276 0.504130 -0.104554 0.145336 0.136201 3 215 0.594921 216 0.277096 207 0.127983
UV2
  216 -5.221366 8.375641 43.975376 0.471621 -0.421987 -0.774274 0.179569 0.136910 3 216 0.807176 217 0.165836 215 0.026989
  215 -3.189232 6.159275 46.291794 0.857276 0.504130 -0.104554 0.145336 0.136201 3 215 0.594921 216 0.277096 207 0.127983
  215 -3.239606 6.065071 46.250618 0.720475 -0.084368 -0.688329 0.145336 0.137531 3 215 0.596572 216 0.276525 207 0.126903
UV2
  207 -1.767598 3.705430 48.142544 0.658286 -0.226165 -0.717989 0.106351 0.138730 3 207 0.496147 215 0.440659 216 0.063194
  215 -3.239606 6.065071 46.250618 0.720475 -0.084368 -0.688329 0.145336 0.137531 3 215 0.596572 216 0.276525 207 0.126903
  215 -3.189232 6.159275 46.291794 0.857276 0.504130 -0.104554 0.145336 0.136201 3 215 0.594921 216 0.277096 207 0.127983
UV2
  207 -1.716993 3.804111 48.157562 0.847806 0.377172 -0.372782 0.106384 0.137320 3 207 0.497016 215 0.440822 216 0.062163
  207 -1.767598 3.705430 48.142544 0.658286 -0.226165 -0.717989 0.106351 0.138730 3 207 0.496147 215 0.440659 216 0.063194
  215 -3.189232 6.159275 46.291794 0.857276 0.504130 -0.104554 0.145336 0.136201 3 215 0.594921 216 0.277096 207 0.127983
UV2
  215 -3.189232 6.159275 46.291794 0.857276 0.504130 -0.104554 0.145336 0.136201 3 215 0.594921 216 0.277096 207 0.127983
  215 -3.737610 6.015766 46.877506 0.825525 0.321075 -0.464132 0.145336 0.153005 3 215 0.601473 216 0.268722 207 0.129805
  207 -1.716993 3.804111 48.157562 0.847806 0.377172 -0.372782 0.106384 0.137320 3 207 0.497016 215 0.440822 216 0.062163
UV2
  207 -0.731624 2.989137 49.416199 0.615621 -0.410397 -0.672745 0.067281 0.138911 3 207 0.913260 215 0.077283 216 0.009457
  207 -1.767598 3.705430 48.142544 0.658286 -0.226165 -0.717989 0.106351 0.138730 3 207 0.496147 215 0.440659 216 0.063194
  207 -1.716993 3.804111 48.157562 0.847806 0.377172 -0.372782 0.106384 0.137320 3 207 0.497016 215 0.440822 216 0.062163
UV2
  216 -5.075933 9.189506 44.676952 0.833511 0.217738 -0.507790 0.183679 0.135583 3 216 0.792835 217 0.161675 215 0.045490
  215 -3.149799 6.547529 46.644791 0.764230 0.053134 -0.642752 0.145336 0.136201 3 215 0.599347 216 0.270871 207 0.129782
  215 -3.737610 6.015766 46.877506 0.825525 0.321075 -0.464132 0.145336 0.153005 3 215 0.601473 216 0.268722 207 0.129805
UV2
  216 -5.141592 9.235440 44.762955 0.417313 0.812433 0.407187 0.183824 0.136199 3 216 0.798205 217 0.160619 215 0.041176
  215 -3.149799 6.547529 46.644791 0.764230 0.053134 -0.642752 0.145336 0.136201 3 215 0.599347 216 0.270871 207 0.129782
  216 -5.075933 9.189506 44.676952 0.833511 0.217738 -0.507790 0.183679 0.135583 3 216 0.792835 217 0.161675 215 0.045490
UV2
  207 -0.715636 3.036933 49.401398 0.821094 0.309386 -0.479671 0.067366 0.137964 3 207 0.908994 215 0.081764 216 0.009243
  207 -0.731624 2.989137 49.416199 0.615621 -0.410397 -0.672745 0.067281 0.138911 3 207 0.913260 215 0.077283 216 0.009457
  207 -1.716993 3.804111 48.157562 0.847806 0.377172 -0.372782 0.106384 0.137320 3 207 0.497016 215 0.440822 216 0.062163
UV2
  207 -0.507280 2.802453 49.755638 0.662018 0.241268 -0.709593 0.037834 0.138273 1 207 1.000000
  207 -0.731624 2.989137 49.416199 0.615621 -0.410397 -0.672745 0.067281 0.138911 3 207 0.913260 215 0.077283 216 0.009457
  207 -0.715636 3.036933 49.401398 0.821094 0.309386 -0.479671 0.067366 0.137964 3 207 0.908994 215 0.081764 216 0.009243
UV2
  216 -5.141592 9.235440 44.762955 0.417313 0.812433 0.407187 0.183824 0.136199 3 216 0.798205 217 0.160619 215 0.041176
  215 -3.186442 6.596399 46.761082 0.825205 0.564372 0.022840 0.145336 0.137531 3 215 0.600802 216 0.269498 207 0.129700
  215 -3.149799 6.547529 46.644791 0.764230 0.053134 -0.642752 0.145336 0.136201 3 215 0.599347 216 0.270871 207 0.129782
UV2
  215 -3.149799 6.547529 46.644791 0.764230 0.053134 -0.642752 0.145336 0.136201 3 215 0.599347 216 0.270871 207 0.129782
  215 -3.186442 6.596399 46.761082 0.825205 0.564372 0.022840 0.145336 0.137531 3 215 0.600802 216 0.269498 207 0.129700
  207 -1.682850 4.083342 48.417015 0.837214 0.523311 -0.158801 0.106351 0.138730 3 207 0.505055 215 0.433325 216 0.061620
UV2
  215 -3.149799 6.547529 46.644791 0.764230 0.053134 -0.642752 0.145336 0.136201 3 215 0.599347 216 0.270871 207 0.129782
  207 -1.682850 4.083342 48.417015 0.837214 0.523311 -0.158801 0.106351 0.138730 3 207 0.505055 215 0.433325 216 0.061620
  207 -1.655001 4.015468 48.341339 0.603734 -0.267389 -0.751004 0.106382 0.137335 3 207 0.504962 215 0.433412 216 0.061626
UV2
  207 -1.655001 4.015468 48.341339 0.603734 -0.267389 -0.751004 0.106382 0.137335 3 207 0.504962 215 0.433412 216 0.061626
  215 -3.737610 6.015766 46.877506 0.825525 0.321075 -0.464132 0.145336 0.153005 3 215 0.601473 216 0.268722 207 0.129805
  215 -3.149799 6.547529 46.644791 0.764230 0.053134 -0.642752 0.145336 0.136201 3 215 0.599347 216 0.270871 207 0.129782
UV2
  207 -1.655001 4.015468 48.341339 0.603734 -0.267389 -0.751004 0.106382 0.137335 3 207 0.504962 215 0.433412 216 0.061626
  207 -1.682850 4.083342 48.417015 0.837214 0.523311 -0.158801 0.106351 0.138730 3 207 0.505055 215 0.433325 216 0.061620
  207 -0.712281 3.235698 49.455826 0.821850 0.490809 -0.289256 0.067281 0.138911 3 207 0.898441 215 0.092467 216 0.009092
UV2
  215 -3.737610 6.015766 46.877506 0.825525 0.321075 -0.464132 0.145336 0.153005 3 215 0.601473 216 0.268722 207 0.129805
  207 -2.089070 3.925313 48.533798 0.752047 0.146962 -0.642517 0.106463 0.151509 3 207 0.487594 215 0.452071 216 0.060335
  207 -1.716993 3.804111 48.157562 0.847806 0.377172 -0.372782 0.106384 0.137320 3 207 0.497016 215 0.440822 216 0.062163
UV2
  207 -1.655001 4.015468 48.341339 0.603734 -0.267389 -0.751004 0.106382 0.137335 3 207 0.504962 215 0.433412 216 0.061626
  207 -2.089070 3.925313 48.533798 0.752047 0.146962 -0.642517 0.106463 0.151509 3 207 0.487594 215 0.452071 216 0.060335
  215 -3.737610 6.015766 46.877506 0.825525 0.321075 -0.464132 0.145336 0.153005 3 215 0.601473 216 0.268722 207 0.129805
UV2
  207 -1.716993 3.804111 48.157562 0.847806 0.377172 -0.372782 0.106384 0.137320 3 207 0.497016 215 0.440822 216 0.062163
  207 -2.089070 3.925313 48.533798 0.752047 0.146962 -0.642517 0.106463 0.151509 3 207 0.487594 215 0.452071 216 0.060335
  207 -0.715636 3.036933 49.401398 0.821094 0.309386 -0.479671 0.067366 0.137964 3 207 0.908994 215 0.081764 216 0.009243
UV2
  207 -1.655001 4.015468 48.341339 0.603734 -0.267389 -0.751004 0.106382 0.137335 3 207 0.504962 215 0.433412 216 0.061626
  207 -0.712281 3.235698 49.455826 0.821850 0.490809 -0.289256 0.067281 0.138911 3 207 0.898441 215 0.092467 216 0.009092
  207 -0.702772 3.204039 49.429459 0.603690 -0.328783 -0.726264 0.067354 0.138008 3 207 0.898393 215 0.092505 216 0.009102
UV2
  207 -0.702772 3.204039 49.429459 0.603690 -0.328783 -0.726264 0.067354 0.138008 3 207 0.898393 215 0.092505 216 0.009102
  207 -2.089070 3.925313 48.533798 0.752047 0.146962 -0.642517 0.106463 0.151509 3 207 0.487594 215 0.452071 216 0.060335
  207 -1.655001 4.015468 48.341339 0.603734 -0.267389 -0.751004 0.106382 0.137335 3 207 0.504962 215 0.433412 216 0.061626
UV2
  207 -0.702772 3.204039 49.429459 0.603690 -0.328783 -0.726264 0.067354 0.138008 3 207 0.898393 215 0.092505 216 0.009102
  207 -0.712281 3.235698 49.455826 0.821850 0.490809 -0.289256 0.067281 0.138911 3 207 0.898441 215 0.092467 216 0.009092
  207 -0.476490 2.985750 49.779839 0.554945 -0.256712 -0.791287 0.037834 0.138273 1 207 1.000000
UV2
  207 -2.089070 3.925313 48.533798 0.752047 0.146962 -0.642517 0.106463 0.151509 3 207 0.487594 215 0.452071 216 0.060335
  207 -0.909431 3.140733 49.647179 0.541591 -0.004462 -0.840630 0.067526 0.149094 3 207 0.903724 215 0.087350 216 0.008926
  207 -0.715636 3.036933 49.401398 0.821094 0.309386 -0.479671 0.067366 0.137964 3 207 0.908994 215 0.081764 216 0.009243
UV2
  207 -0.702772 3.204039 49.429459 0.603690 -0.328783 -0.726264 0.067354 0.138008 3 207 0.898393 215 0.092505 216 0.009102
  207 -0.909431 3.140733 49.647179 0.541591 -0.004462 -0.840630 0.067526 0.149094 3 207 0.903724 215 0.087350 216 0.008926
  207 -2.089070 3.925313 48.533798 0.752047 0.146962 -0.642517 0.106463 0.151509 3 207 0.487594 215 0.452071 216 0.060335
UV2
  207 -0.715636 3.036933 49.401398 0.821094 0.309386 -0.479671 0.067366 0.137964 3 207 0.908994 215 0.081764 216 0.009243
  207 -0.909431 3.140733 49.647179 0.541591 -0.004462 -0.840630 0.067526 0.149094 3 207 0.903724 215 0.087350 216 0.008926
  207 -0.482001 2.885089 49.811348 0.114492 0.146375 -0.982581 0.036967 0.140040 1 207 1.000000
UV2
  207 -0.482001 2.885089 49.811348 0.114492 0.146375 -0.982581 0.036967 0.140040 1 207 1.000000
  207 -0.909431 3.140733 49.647179 0.541591 -0.004462 -0.840630 0.067526 0.149094 3 207 0.903724 215 0.087350 216 0.008926
  207 -0.702772 3.204039 49.429459 0.603690 -0.328783 -0.726264 0.067354 0.138008 3 207 0.898393 215 0.092505 216 0.009102
UV2
  207 -0.702772 3.204039 49.429459 0.603690 -0.328783 -0.726264 0.067354 0.138008 3 207 0.898393 215 0.092505 216 0.009102
  207 -0.476490 2.985750 49.779839 0.554945 -0.256712 -0.791287 0.037834 0.138273 1 207 1.000000
  207 -0.482001 2.885089 49.811348 0.114492 0.146375 -0.982581 0.036967 0.140040 1 207 1.000000
UV2
  207 -0.482001 2.885089 49.811348 0.114492 0.146375 -0.982581 0.036967 0.140040 1 207 1.000000
  207 -0.507280 2.802453 49.755638 0.662018 0.241268 -0.709593 0.037834 0.138273 1 207 1.000000
  207 -0.715636 3.036933 49.401398 0.821094 0.309386 -0.479671 0.067366 0.137964 3 207 0.908994 215 0.081764 216 0.009243
UV2
  207 -0.476490 2.985750 49.779839 0.554945 -0.256712 -0.791287 0.037834 0.138273 1 207 1.000000
  207 -0.420203 2.879410 49.769062 -0.539627 0.206119 -0.816283 0.032645 0.138273 1 207 1.000000
  207 -0.482001 2.885089 49.811348 0.114492 0.146375 -0.982581 0.036967 0.140040 1 207 1.000000
UV2
  207 -0.482001 2.885089 49.811348 0.114492 0.146375 -0.982581 0.036967 0.140040 1 207 1.000000
  207 -0.420203 2.879410 49.769062 -0.539627 0.206119 -0.816283 0.032645 0.138273 1 207 1.000000
  207 -0.507280 2.802453 49.755638 0.662018 0.241268 -0.709593 0.037834 0.138273 1 207 1.000000
UV2
  216 -5.141592 9.235440 44.762955 0.417313 0.812433 0.407187 0.183824 0.136199 3 216 0.798205 217 0.160619 215 0.041176
  215 -3.575459 6.412839 47.127029 0.226460 0.687753 0.689718 0.145336 0.149014 3 215 0.608515 216 0.267008 207 0.124477
  215 -3.186442 6.596399 46.761082 0.304582 0.696173 0.650056 0.145336 0.137531 3 215 0.600802 216 0.269498 207 0.129700
UV2
  216 -5.568596 8.962161 45.171806 0.067847 0.736303 0.673241 0.183858 0.148566 3 216 0.778473 217 0.159374 215 0.062153
  215 -3.575459 6.412839 47.127029 0.226460 0.687753 0.689718 0.145336 0.149014 3 215 0.608515 216 0.267008 207 0.124477
  216 -5.141592 9.235440 44.762955 0.417313 0.812433 0.407187 0.183824 0.136199 3 216 0.798205 217 0.160619 215 0.041176
UV2
  216 -5.568596 8.962161 45.171806 0.067847 0.736303 0.673241 0.183858 0.148566 3 216 0.778473 217 0.159374 215 0.062153
  216 -5.141592 9.235440 44.762955 0.417313 0.812433 0.407187 0.183824 0.136199 3 216 0.798205 217 0.160619 215 0.041176
  216 -6.684689 10.581570 42.960266 0.063981 0.836965 0.543504 0.220321 0.136198 3 216 0.505054 217 0.493602 207 0.001344
UV2
  215 -3.575459 6.412839 47.127029 0.226460 0.687753 0.689718 0.145336 0.149014 3 215 0.608515 216 0.267008 207 0.124477
  207 -2.003750 4.228338 48.663303 0.509947 0.765223 0.392921 0.106351 0.150005 3 207 0.488047 215 0.451419 216 0.060535
  215 -3.186442 6.596399 46.761082 0.304582 0.696173 0.650056 0.145336 0.137531 3 215 0.600802 216 0.269498 207 0.129700
UV2
  215 -3.186442 6.596399 46.761082 0.304582 0.696173 0.650056 0.145336 0.137531 3 215 0.600802 216 0.269498 207 0.129700
  207 -2.003750 4.228338 48.663303 0.509947 0.765223 0.392921 0.106351 0.150005 3 207 0.488047 215 0.451419 216 0.060535
  207 -1.682850 4.083342 48.417015 0.569651 0.762864 0.305837 0.106351 0.138730 3 207 0.505055 215 0.433325 216 0.061620
UV2
  216 -6.684689 10.581570 42.960266 0.063981 0.836965 0.543504 0.220321 0.136198 3 216 0.505054 217 0.493602 207 0.001344
  216 -7.176003 10.388721 43.319473 -0.010675 0.819767 0.572597 0.220321 0.148197 3 216 0.509699 217 0.489022 207 0.001279
  216 -5.568596 8.962161 45.171806 0.067847 0.736303 0.673241 0.183858 0.148566 3 216 0.778473 217 0.159374 215 0.062153
UV2
  217 -7.493838 11.190947 42.053249 -0.222180 0.906851 0.358130 0.259391 0.135022 2 217 0.746701 216 0.253299
  216 -7.176003 10.388721 43.319473 -0.010675 0.819767 0.572597 0.220321 0.148197 3 216 0.509699 217 0.489022 207 0.001279
  216 -6.684689 10.581570 42.960266 0.063981 0.836965 0.543504 0.220321 0.136198 3 216 0.505054 217 0.493602 207 0.001344
UV2
  207 -2.003750 4.228338 48.663303 0.509947 0.765223 0.392921 0.106351 0.150005 3 207 0.488047 215 0.451419 216 0.060535
  207 -0.907722 3.256824 49.693657 0.445099 0.857238 0.258901 0.067281 0.150135 3 207 0.899118 215 0.091781 216 0.009101
  207 -1.682850 4.083342 48.417015 0.569651 0.762864 0.305837 0.106351 0.138730 3 207 0.505055 215 0.433325 216 0.061620
UV2
  207 -1.682850 4.083342 48.417015 0.569651 0.762864 0.305837 0.106351 0.138730 3 207 0.505055 215 0.433325 216 0.061620
  207 -0.907722 3.256824 49.693657 0.445099 0.857238 0.258901 0.067281 0.150135 3 207 0.899118 215 0.091781 216 0.009101
  207 -0.712281 3.235698 49.455826 0.448626 0.853127 0.266288 0.067281 0.138911 3 207 0.898441 215 0.092467 216 0.009092
UV2
  217 -7.988294 10.951027 42.316143 -0.254650 0.903496 0.344744 0.259391 0.147356 2 217 0.740905 216 0.259095
  216 -7.176003 10.388721 43.319473 -0.010675 0.819767 0.572597 0.220321 0.148197 3 216 0.509699 217 0.489022 207 0.001279
  217 -7.493838 11.190947 42.053249 -0.222180 0.906851 0.358130 0.259391 0.135022 2 217 0.746701 216 0.253299
UV2
  217 -7.682477 11.144943 41.791355 -0.481674 0.869058 -0.112819 0.270235 0.134822 2 217 0.852024 216 0.147976
  217 -7.988294 10.951027 42.316143 -0.254650 0.903496 0.344744 0.259391 0.147356 2 217 0.740905 216 0.259095
  217 -7.493838 11.190947 42.053249 -0.222180 0.906851 0.358130 0.259391 0.135022 2 217 0.746701 216 0.253299
UV2
  207 -0.907722 3.256824 49.693657 0.445099 0.857238 0.258901 0.067281 0.150135 3 207 0.899118 215 0.091781 216 0.009101
  207 -0.489988 2.943456 50.059921 0.723458 0.674888 0.145375 0.037834 0.149679 1 207 1.000000
  207 -0.712281 3.235698 49.455826 0.448626 0.853127 0.266288 0.067281 0.138911 3 207 0.898441 215 0.092467 216 0.009092
UV2
  207 -0.712281 3.235698 49.455826 0.448626 0.853127 0.266288 0.067281 0.138911 3 207 0.898441 215 0.092467 216 0.009092
  207 -0.489988 2.943456 50.059921 0.723458 0.674888 0.145375 0.037834 0.149679 1 207 1.000000
  207 -0.476490 2.985750 49.779839 0.737267 0.661879 0.135475 0.037834 0.138273 1 207 1.000000
UV2
  217 -8.170146 10.908313 42.050652 -0.494379 0.856523 -0.148183 0.270235 0.147214 2 217 0.845463 216 0.154537
  217 -7.988294 10.951027 42.316143 -0.254650 0.903496 0.344744 0.259391 0.147356 2 217 0.740905 216 0.259095
  217 -7.682477 11.144943 41.791355 -0.481674 0.869058 -0.112819 0.270235 0.134822 2 217 0.852024 216 0.147976
UV2
  217 -7.760495 10.995200 41.629898 -0.582894 0.595292 -0.553049 0.274374 0.135418 2 217 0.881285 216 0.118715
  217 -8.170146 10.908313 42.050652 -0.494379 0.856523 -0.148183 0.270235 0.147214 2 217 0.845463 216 0.154537
  217 -7.682477 11.144943 41.791355 -0.481674 0.869058 -0.112819 0.270235 0.134822 2 217 0.852024 216 0.147976
UV2
  207 -0.489988 2.943456 50.059921 0.723458 0.674888 0.145375 0.037834 0.149679 1 207 1.000000
  207 -0.433699 2.837116 50.049133 0.983341 -0.180654 0.020111 0.032645 0.149679 1 207 1.000000
  207 -0.476490 2.985750 49.779839 0.737267 0.661879 0.135475 0.037834 0.138273 1 207 1.000000
UV2
  207 -0.476490 2.985750 49.779839 0.737267 0.661879 0.135475 0.037834 0.138273 1 207 1.000000
  207 -0.433699 2.837116 50.049133 0.983341 -0.180654 0.020111 0.032645 0.149679 1 207 1.000000
  207 -0.420203 2.879410 49.769062 0.985089 -0.170672 0.021700 0.032645 0.138273 1 207 1.000000
UV2
  217 -8.241471 10.761828 41.885624 -0.583093 0.591436 -0.556962 0.274374 0.147639 2 217 0.874732 216 0.125268
  217 -8.170146 10.908313 42.050652 -0.494379 0.856523 -0.148183 0.270235 0.147214 2 217 0.845463 216 0.154537
  217 -7.760495 10.995200 41.629898 -0.582894 0.595292 -0.553049 0.274374 0.135418 2 217 0.881285 216 0.118715
UV2
  217 -7.726954 10.865606 41.520481 -0.506067 0.104858 -0.856096 0.270235 0.134822 2 217 0.865269 216 0.134731
  217 -8.241471 10.761828 41.885624 -0.583093 0.591436 -0.556962 0.274374 0.147639 2 217 0.874732 216 0.125268
  217 -7.760495 10.995200 41.629898 -0.582894 0.595292 -0.553049 0.274374 0.135418 2 217 0.881285 216 0.118715
UV2
  207 -0.433699 2.837116 50.049133 0.983341 -0.180654 0.020111 0.032645 0.149679 1 207 1.000000
  207 -0.520781 2.760159 50.035706 0.164757 -0.975861 -0.143356 0.037834 0.149679 1 207 1.000000
  207 -0.420203 2.879410 49.769062 0.985089 -0.170672 0.021700 0.032645 0.138273 1 207 1.000000
UV2
  207 -0.420203 2.879410 49.769062 0.985089 -0.170672 0.021700 0.032645 0.138273 1 207 1.000000
  207 -0.520781 2.760159 50.035706 0.164757 -0.975861 -0.143356 0.037834 0.149679 1 207 1.000000
  207 -0.507280 2.802453 49.755638 0.018924 -0.986224 -0.164329 0.037834 0.138273 1 207 1.000000
UV2
  217 -8.214628 10.628973 41.779778 -0.514200 0.130949 -0.847615 0.270235 0.147214 2 217 0.857106 216 0.142894
  217 -8.241471 10.761828 41.885624 -0.583093 0.591436 -0.556962 0.274374 0.147639 2 217 0.874732 216 0.125268
  217 -7.726954 10.865606 41.520481 -0.506067 0.104858 -0.856096 0.270235 0.134822 2 217 0.865269 216 0.134731
UV2
  217 -7.574471 10.617108 41.506523 -0.243472 -0.443443 -0.862600 0.259391 0.135022 2 217 0.767093 216 0.232907
  217 -8.214628 10.628973 41.779778 -0.514200 0.130949 -0.847615 0.270235 0.147214 2 217 0.857106 216 0.142894
  217 -7.726954 10.865606 41.520481 -0.506067 0.104858 -0.856096 0.270235 0.134822 2 217 0.865269 216 0.134731
UV2
  207 -0.520781 2.760159 50.035706 0.164757 -0.975861 -0.143356 0.037834 0.149679 1 207 1.000000
  207 -0.927066 3.010263 49.654034 -0.345280 -0.920005 -0.185400 0.067281 0.150135 3 207 0.914419 215 0.076138 216 0.009443
  207 -0.507280 2.802453 49.755638 0.018924 -0.986224 -0.164329 0.037834 0.138273 1 207 1.000000
UV2
  207 -0.507280 2.802453 49.755638 0.018924 -0.986224 -0.164329 0.037834 0.138273 1 207 1.000000
  207 -0.927066 3.010263 49.654034 -0.345280 -0.920005 -0.185400 0.067281 0.150135 3 207 0.914419 215 0.076138 216 0.009443
  207 -0.731624 2.989137 49.416199 -0.331962 -0.917344 -0.219730 0.067281 0.138911 3 207 0.913260 215 0.077283 216 0.009457
UV2
  217 -8.068925 10.377191 41.769417 -0.249985 -0.431172 -0.866948 0.259391 0.147356 2 217 0.758952 216 0.241048
  217 -8.214628 10.628973 41.779778 -0.514200 0.130949 -0.847615 0.270235 0.147214 2 217 0.857106 216 0.142894
  217 -7.574471 10.617108 41.506523 -0.243472 -0.443443 -0.862600 0.259391 0.135022 2 217 0.767093 216 0.232907
UV2
  217 -6.767463 9.720629 42.172550 -0.010524 -0.710476 -0.703642 0.220321 0.136198 3 217 0.508371 216 0.490323 207 0.001306
  217 -8.068925 10.377191 41.769417 -0.249985 -0.431172 -0.866948 0.259391 0.147356 2 217 0.758952 216 0.241048
  217 -7.574471 10.617108 41.506523 -0.243472 -0.443443 -0.862600 0.259391 0.135022 2 217 0.767093 216 0.232907
UV2
  207 -0.927066 3.010263 49.654034 -0.345280 -0.920005 -0.185400 0.067281 0.150135 3 207 0.914419 215 0.076138 216 0.009443
  207 -2.082091 3.645783 48.344448 -0.249809 -0.861441 -0.442170 0.106351 0.150005 3 207 0.487349 215 0.449783 216 0.062868
  207 -0.731624 2.989137 49.416199 -0.331962 -0.917344 -0.219730 0.067281 0.138911 3 207 0.913260 215 0.077283 216 0.009457
UV2
  207 -0.731624 2.989137 49.416199 -0.331962 -0.917344 -0.219730 0.067281 0.138911 3 207 0.913260 215 0.077283 216 0.009457
  207 -2.082091 3.645783 48.344448 -0.249809 -0.861441 -0.442170 0.106351 0.150005 3 207 0.487349 215 0.449783 216 0.062868
  207 -1.767598 3.705430 48.142544 -0.167325 -0.825621 -0.538843 0.106351 0.138730 3 207 0.496147 215 0.440659 216 0.063194
UV2
  217 -7.288308 9.467949 42.433121 -0.005590 -0.699938 -0.714181 0.220321 0.148197 3 217 0.502251 216 0.496442 207 0.001307
  217 -8.068925 10.377191 41.769417 -0.249985 -0.431172 -0.866948 0.259391 0.147356 2 217 0.758952 216 0.241048
  217 -6.767463 9.720629 42.172550 -0.010524 -0.710476 -0.703642 0.220321 0.136198 3 217 0.508371 216 0.490323 207 0.001306
UV2
  216 -5.221366 8.375641 43.975376 0.471621 -0.421987 -0.774274 0.179569 0.136910 3 216 0.807176 217 0.165836 215 0.026989
  217 -7.288308 9.467949 42.433121 -0.005590 -0.699938 -0.714181 0.220321 0.148197 3 217 0.502251 216 0.496442 207 0.001307
  217 -6.767463 9.720629 42.172550 -0.010524 -0.710476 -0.703642 0.220321 0.136198 3 217 0.508371 216 0.490323 207 0.001306
UV2
  207 -2.082091 3.645783 48.344448 -0.249809 -0.861441 -0.442170 0.106351 0.150005 3 207 0.487349 215 0.449783 216 0.062868
  215 -3.635852 5.783612 46.434422 0.015805 -0.664491 -0.747129 0.145336 0.149014 3 215 0.597176 216 0.275680 207 0.127144
  207 -1.767598 3.705430 48.142544 -0.167325 -0.825621 -0.538843 0.106351 0.138730 3 207 0.496147 215 0.440659 216 0.063194
UV2
  207 -1.767598 3.705430 48.142544 -0.167325 -0.825621 -0.538843 0.106351 0.138730 3 207 0.496147 215 0.440659 216 0.063194
  215 -3.635852 5.783612 46.434422 0.015805 -0.664491 -0.747129 0.145336 0.149014 3 215 0.597176 216 0.275680 207 0.127144
  215 -3.239606 6.065071 46.250618 0.078078 -0.626154 -0.775780 0.145336 0.137531 3 215 0.596572 216 0.276525 207 0.126903
UV2
  216 -5.654295 8.047672 44.271935 0.071288 -0.707325 -0.703285 0.179326 0.148637 3 216 0.798319 217 0.163027 215 0.038654
  216 -5.221366 8.375641 43.975376 0.471621 -0.421987 -0.774274 0.179569 0.136910 3 216 0.807176 217 0.165836 215 0.026989
  215 -3.239606 6.065071 46.250618 0.078078 -0.626154 -0.775780 0.145336 0.137531 3 215 0.596572 216 0.276525 207 0.126903
UV2
  215 -3.239606 6.065071 46.250618 0.078078 -0.626154 -0.775780 0.145336 0.137531 3 215 0.596572 216 0.276525 207 0.126903
  215 -3.635852 5.783612 46.434422 0.015805 -0.664491 -0.747129 0.145336 0.149014 3 215 0.597176 216 0.275680 207 0.127144
  216 -5.654295 8.047672 44.271935 0.071288 -0.707325 -0.703285 0.179326 0.148637 3 216 0.798319 217 0.163027 215 0.038654
UV2
  216 -5.654295 8.047672 44.271935 0.071288 -0.707325 -0.703285 0.179326 0.148637 3 216 0.798319 217 0.163027 215 0.038654
  217 -7.288308 9.467949 42.433121 -0.005590 -0.699938 -0.714181 0.220321 0.148197 3 217 0.502251 216 0.496442 207 0.001307
  216 -5.221366 8.375641 43.975376 0.471621 -0.421987 -0.774274 0.179569 0.136910 3 216 0.807176 217 0.165836 215 0.026989
UV2
  207 -2.082091 3.645783 48.344448 -0.249809 -0.861441 -0.442170 0.106351 0.150005 3 207 0.487349 215 0.449783 216 0.062868
  215 -4.022769 5.532139 46.706127 -0.032062 -0.710885 -0.702577 0.145336 0.160686 3 215 0.603577 216 0.271704 207 0.124719
  215 -3.635852 5.783612 46.434422 0.015805 -0.664491 -0.747129 0.145336 0.149014 3 215 0.597176 216 0.275680 207 0.127144
UV2
  216 -6.086930 7.704132 44.562115 0.076922 -0.697392 -0.712550 0.179003 0.160463 3 216 0.787336 217 0.161124 215 0.051540
  216 -5.654295 8.047672 44.271935 0.071288 -0.707325 -0.703285 0.179326 0.148637 3 216 0.798319 217 0.163027 215 0.038654
  215 -3.635852 5.783612 46.434422 0.015805 -0.664491 -0.747129 0.145336 0.149014 3 215 0.597176 216 0.275680 207 0.127144
UV2
  215 -3.635852 5.783612 46.434422 0.015805 -0.664491 -0.747129 0.145336 0.149014 3 215 0.597176 216 0.275680 207 0.127144
  215 -4.022769 5.532139 46.706127 -0.032062 -0.710885 -0.702577 0.145336 0.160686 3 215 0.603577 216 0.271704 207 0.124719
  216 -6.086930 7.704132 44.562115 0.076922 -0.697392 -0.712550 0.179003 0.160463 3 216 0.787336 217 0.161124 215 0.051540
UV2
  216 -5.654295 8.047672 44.271935 0.071288 -0.707325 -0.703285 0.179326 0.148637 3 216 0.798319 217 0.163027 215 0.038654
  216 -7.811574 9.206989 42.683327 -0.003957 -0.683814 -0.729646 0.220321 0.160196 3 216 0.500754 217 0.497939 207 0.001307
  217 -7.288308 9.467949 42.433121 -0.005590 -0.699938 -0.714181 0.220321 0.148197 3 217 0.502251 216 0.496442 207 0.001307
UV2
  216 -6.086930 7.704132 44.562115 0.076922 -0.697392 -0.712550 0.179003 0.160463 3 216 0.787336 217 0.161124 215 0.051540
  216 -7.811574 9.206989 42.683327 -0.003957 -0.683814 -0.729646 0.220321 0.160196 3 216 0.500754 217 0.497939 207 0.001307
  216 -5.654295 8.047672 44.271935 0.071288 -0.707325 -0.703285 0.179326 0.148637 3 216 0.798319 217 0.163027 215 0.038654
UV2
  217 -7.288308 9.467949 42.433121 -0.005590 -0.699938 -0.714181 0.220321 0.148197 3 217 0.502251 216 0.496442 207 0.001307
  217 -8.563386 10.137261 42.032310 -0.252699 -0.424394 -0.869501 0.259391 0.159691 2 217 0.750599 216 0.249401
  217 -8.068925 10.377191 41.769417 -0.249985 -0.431172 -0.866948 0.259391 0.147356 2 217 0.758952 216 0.241048
UV2
  216 -7.811574 9.206989 42.683327 -0.003957 -0.683814 -0.729646 0.220321 0.160196 3 216 0.500754 217 0.497939 207 0.001307
  217 -8.563386 10.137261 42.032310 -0.252699 -0.424394 -0.869501 0.259391 0.159691 2 217 0.750599 216 0.249401
  217 -7.288308 9.467949 42.433121 -0.005590 -0.699938 -0.714181 0.220321 0.148197 3 217 0.502251 216 0.496442 207 0.001307
UV2
  217 -8.563386 10.137261 42.032310 -0.252699 -0.424394 -0.869501 0.259391 0.159691 2 217 0.750599 216 0.249401
  217 -8.702289 10.392350 42.039047 -0.514196 0.130964 -0.847615 0.270235 0.159606 2 217 0.847878 216 0.152122
  217 -8.068925 10.377191 41.769417 -0.249985 -0.431172 -0.866948 0.259391 0.147356 2 217 0.758952 216 0.241048
UV2
  217 -8.068925 10.377191 41.769417 -0.249985 -0.431172 -0.866948 0.259391 0.147356 2 217 0.758952 216 0.241048
  217 -8.702289 10.392350 42.039047 -0.514196 0.130964 -0.847615 0.270235 0.159606 2 217 0.847878 216 0.152122
  217 -8.214628 10.628973 41.779778 -0.514200 0.130949 -0.847615 0.270235 0.147214 2 217 0.857106 216 0.142894
UV2
  216 -7.811574 9.206989 42.683327 -0.003957 -0.683814 -0.729646 0.220321 0.160196 3 216 0.500754 217 0.497939 207 0.001307
  217 -9.057832 9.897351 42.295193 -0.257768 -0.415372 -0.872365 0.259391 0.172026 2 217 0.742317 216 0.257683
  217 -8.563386 10.137261 42.032310 -0.252699 -0.424394 -0.869501 0.259391 0.159691 2 217 0.750599 216 0.249401
UV2
  217 -8.702289 10.392350 42.039047 -0.514196 0.130964 -0.847615 0.270235 0.159606 2 217 0.847878 216 0.152122
  217 -8.722441 10.528451 42.141342 -0.583104 0.591422 -0.556965 0.274374 0.159861 2 217 0.865796 216 0.134204
  217 -8.214628 10.628973 41.779778 -0.514200 0.130949 -0.847615 0.270235 0.147214 2 217 0.857106 216 0.142894
UV2
  217 -8.214628 10.628973 41.779778 -0.514200 0.130949 -0.847615 0.270235 0.147214 2 217 0.857106 216 0.142894
  217 -8.722441 10.528451 42.141342 -0.583104 0.591422 -0.556965 0.274374 0.159861 2 217 0.865796 216 0.134204
  217 -8.241471 10.761828 41.885624 -0.583093 0.591436 -0.556962 0.274374 0.147639 2 217 0.874732 216 0.125268
UV2
  217 -8.563386 10.137261 42.032310 -0.252699 -0.424394 -0.869501 0.259391 0.159691 2 217 0.750599 216 0.249401
  217 -9.189957 10.155727 42.298321 -0.514213 0.130999 -0.847599 0.270235 0.171998 2 217 0.838544 216 0.161456
  217 -8.702289 10.392350 42.039047 -0.514196 0.130964 -0.847615 0.270235 0.159606 2 217 0.847878 216 0.152122
UV2
  217 -9.057832 9.897351 42.295193 -0.257768 -0.415372 -0.872365 0.259391 0.172026 2 217 0.742317 216 0.257683
  217 -9.189957 10.155727 42.298321 -0.514213 0.130999 -0.847599 0.270235 0.171998 2 217 0.838544 216 0.161456
  217 -8.563386 10.137261 42.032310 -0.252699 -0.424394 -0.869501 0.259391 0.159691 2 217 0.750599 216 0.249401
UV2
  217 -8.702289 10.392350 42.039047 -0.514196 0.130964 -0.847615 0.270235 0.159606 2 217 0.847878 216 0.152122
  217 -9.203422 10.295064 42.397083 -0.583099 0.591464 -0.556926 0.274374 0.172083 2 217 0.856436 216 0.143564
  217 -8.722441 10.528451 42.141342 -0.583104 0.591422 -0.556965 0.274374 0.159861 2 217 0.865796 216 0.134204
UV2
  217 -9.189957 10.155727 42.298321 -0.514213 0.130999 -0.847599 0.270235 0.171998 2 217 0.838544 216 0.161456
  217 -9.203422 10.295064 42.397083 -0.583099 0.591464 -0.556926 0.274374 0.172083 2 217 0.856436 216 0.143564
  217 -8.702289 10.392350 42.039047 -0.514196 0.130964 -0.847615 0.270235 0.159606 2 217 0.847878 216 0.152122
UV2
  217 -8.722441 10.528451 42.141342 -0.583104 0.591422 -0.556965 0.274374 0.159861 2 217 0.865796 216 0.134204
  217 -8.657812 10.671695 42.309925 -0.494392 0.856515 -0.148185 0.270235 0.159606 2 217 0.836564 216 0.163436
  217 -8.241471 10.761828 41.885624 -0.583093 0.591436 -0.556962 0.274374 0.147639 2 217 0.874732 216 0.125268
UV2
  217 -8.241471 10.761828 41.885624 -0.583093 0.591436 -0.556962 0.274374 0.147639 2 217 0.874732 216 0.125268
  217 -8.657812 10.671695 42.309925 -0.494392 0.856515 -0.148185 0.270235 0.159606 2 217 0.836564 216 0.163436
  217 -8.170146 10.908313 42.050652 -0.494379 0.856523 -0.148183 0.270235 0.147214 2 217 0.845463 216 0.154537
UV2
  217 -9.203422 10.295064 42.397083 -0.583099 0.591464 -0.556926 0.274374 0.172083 2 217 0.856436 216 0.143564
  217 -9.145475 10.435058 42.569210 -0.494392 0.856515 -0.148184 0.270235 0.171998 2 217 0.827286 216 0.172714
  217 -8.722441 10.528451 42.141342 -0.583104 0.591422 -0.556965 0.274374 0.159861 2 217 0.865796 216 0.134204
UV2
  217 -8.722441 10.528451 42.141342 -0.583104 0.591422 -0.556965 0.274374 0.159861 2 217 0.865796 216 0.134204
  217 -9.145475 10.435058 42.569210 -0.494392 0.856515 -0.148184 0.270235 0.171998 2 217 0.827286 216 0.172714
  217 -8.657812 10.671695 42.309925 -0.494392 0.856515 -0.148185 0.270235 0.159606 2 217 0.836564 216 0.163436
UV2
  217 -8.657812 10.671695 42.309925 -0.494392 0.856515 -0.148185 0.270235 0.159606 2 217 0.836564 216 0.163436
  217 -8.482747 10.711108 42.579041 -0.255153 0.904019 0.342996 0.259391 0.159691 2 217 0.732621 216 0.267379
  217 -8.170146 10.908313 42.050652 -0.494379 0.856523 -0.148183 0.270235 0.147214 2 217 0.845463 216 0.154537
UV2
  217 -8.170146 10.908313 42.050652 -0.494379 0.856523 -0.148183 0.270235 0.147214 2 217 0.845463 216 0.154537
  217 -8.482747 10.711108 42.579041 -0.255153 0.904019 0.342996 0.259391 0.159691 2 217 0.732621 216 0.267379
  217 -7.988294 10.951027 42.316143 -0.254650 0.903496 0.344744 0.259391 0.147356 2 217 0.740905 216 0.259095
UV2
  217 -9.145475 10.435058 42.569210 -0.494392 0.856515 -0.148184 0.270235 0.171998 2 217 0.827286 216 0.172714
  217 -8.977191 10.471189 42.841908 -0.257135 0.903410 0.343120 0.259391 0.172026 2 217 0.724165 216 0.275835
  217 -8.657812 10.671695 42.309925 -0.494392 0.856515 -0.148185 0.270235 0.159606 2 217 0.836564 216 0.163436
UV2
  217 -8.657812 10.671695 42.309925 -0.494392 0.856515 -0.148185 0.270235 0.159606 2 217 0.836564 216 0.163436
  217 -8.977191 10.471189 42.841908 -0.257135 0.903410 0.343120 0.259391 0.172026 2 217 0.724165 216 0.275835
  217 -8.482747 10.711108 42.579041 -0.255153 0.904019 0.342996 0.259391 0.159691 2 217 0.732621 216 0.267379
UV2
  217 -8.482747 10.711108 42.579041 -0.255153 0.904019 0.342996 0.259391 0.159691 2 217 0.732621 216 0.267379
  216 -7.694391 10.144346 43.590378 -0.065005 0.802054 0.593704 0.220321 0.160196 3 216 0.514155 217 0.484599 207 0.001247
  217 -7.988294 10.951027 42.316143 -0.254650 0.903496 0.344744 0.259391 0.147356 2 217 0.740905 216 0.259095
UV2
  217 -7.988294 10.951027 42.316143 -0.254650 0.903496 0.344744 0.259391 0.147356 2 217 0.740905 216 0.259095
  216 -7.694391 10.144346 43.590378 -0.065005 0.802054 0.593704 0.220321 0.160196 3 216 0.514155 217 0.484599 207 0.001247
  216 -7.176003 10.388721 43.319473 -0.010675 0.819767 0.572597 0.220321 0.148197 3 216 0.509699 217 0.489022 207 0.001279
UV2
  217 -8.977191 10.471189 42.841908 -0.257135 0.903410 0.343120 0.259391 0.172026 2 217 0.724165 216 0.275835
  216 -8.211798 9.903359 43.865551 -0.072222 0.796704 0.600039 0.220321 0.172194 3 216 0.519189 217 0.479572 207 0.001239
  217 -8.482747 10.711108 42.579041 -0.255153 0.904019 0.342996 0.259391 0.159691 2 217 0.732621 216 0.267379
UV2
  217 -8.482747 10.711108 42.579041 -0.255153 0.904019 0.342996 0.259391 0.159691 2 217 0.732621 216 0.267379
  216 -8.211798 9.903359 43.865551 -0.072222 0.796704 0.600039 0.220321 0.172194 3 216 0.519189 217 0.479572 207 0.001239
  216 -7.694391 10.144346 43.590378 -0.065005 0.802054 0.593704 0.220321 0.160196 3 216 0.514155 217 0.484599 207 0.001247
UV2
  216 -7.176003 10.388721 43.319473 -0.010675 0.819767 0.572597 0.220321 0.148197 3 216 0.509699 217 0.489022 207 0.001279
  216 -7.694391 10.144346 43.590378 -0.065005 0.802054 0.593704 0.220321 0.160196 3 216 0.514155 217 0.484599 207 0.001247
  216 -6.002797 8.643043 45.491302 0.006268 0.711316 0.702845 0.183701 0.160418 3 216 0.767323 217 0.156492 215 0.076186
UV2
  216 -6.002797 8.643043 45.491302 0.006268 0.711316 0.702845 0.183701 0.160418 3 216 0.767323 217 0.156492 215 0.076186
  216 -5.568596 8.962161 45.171806 0.067847 0.736303 0.673241 0.183858 0.148566 3 216 0.778473 217 0.159374 215 0.062153
  216 -7.176003 10.388721 43.319473 -0.010675 0.819767 0.572597 0.220321 0.148197 3 216 0.509699 217 0.489022 207 0.001279
UV2
  216 -7.694391 10.144346 43.590378 -0.065005 0.802054 0.593704 0.220321 0.160196 3 216 0.514155 217 0.484599 207 0.001247
  216 -8.211798 9.903359 43.865551 -0.072222 0.796704 0.600039 0.220321 0.172194 3 216 0.519189 217 0.479572 207 0.001239
  216 -6.438294 8.329205 45.814240 -0.004609 0.706899 0.707299 0.183574 0.172269 3 216 0.756096 217 0.154422 215 0.089482
UV2
  216 -6.438294 8.329205 45.814240 -0.004609 0.706899 0.707299 0.183574 0.172269 3 216 0.756096 217 0.154422 215 0.089482
  216 -6.002797 8.643043 45.491302 0.006268 0.711316 0.702845 0.183701 0.160418 3 216 0.767323 217 0.156492 215 0.076186
  216 -7.694391 10.144346 43.590378 -0.065005 0.802054 0.593704 0.220321 0.160196 3 216 0.514155 217 0.484599 207 0.001247
UV2
  216 -6.002797 8.643043 45.491302 0.006268 0.711316 0.702845 0.183701 0.160418 3 216 0.767323 217 0.156492 215 0.076186
  215 -3.960397 6.181988 47.421432 0.145911 0.684952 0.713828 0.145336 0.160686 3 215 0.617152 216 0.261102 207 0.121746
  216 -5.568596 8.962161 45.171806 0.067847 0.736303 0.673241 0.183858 0.148566 3 216 0.778473 217 0.159374 215 0.062153
UV2
  216 -5.568596 8.962161 45.171806 0.067847 0.736303 0.673241 0.183858 0.148566 3 216 0.778473 217 0.159374 215 0.062153
  215 -3.960397 6.181988 47.421432 0.145911 0.684952 0.713828 0.145336 0.160686 3 215 0.617152 216 0.261102 207 0.121746
  215 -3.575459 6.412839 47.127029 0.226460 0.687753 0.689718 0.145336 0.149014 3 215 0.608515 216 0.267008 207 0.124477
UV2
  216 -6.438294 8.329205 45.814240 -0.004609 0.706899 0.707299 0.183574 0.172269 3 216 0.756096 217 0.154422 215 0.089482
  215 -4.344925 5.955358 47.720482 0.120716 0.691524 0.712195 0.145336 0.172358 3 215 0.622466 216 0.256390 207 0.121145
  216 -6.002797 8.643043 45.491302 0.006268 0.711316 0.702845 0.183701 0.160418 3 216 0.767323 217 0.156492 215 0.076186
UV2
  216 -6.002797 8.643043 45.491302 0.006268 0.711316 0.702845 0.183701 0.160418 3 216 0.767323 217 0.156492 215 0.076186
  215 -4.344925 5.955358 47.720482 0.120716 0.691524 0.712195 0.145336 0.172358 3 215 0.622466 216 0.256390 207 0.121145
  215 -3.960397 6.181988 47.421432 0.145911 0.684952 0.713828 0.145336 0.160686 3 215 0.617152 216 0.261102 207 0.121746
UV2
  215 -3.960397 6.181988 47.421432 0.145911 0.684952 0.713828 0.145336 0.160686 3 215 0.617152 216 0.261102 207 0.121746
  207 -2.323363 4.266852 48.914822 0.335539 0.789222 0.514337 0.106351 0.161280 3 207 0.478725 215 0.462405 216 0.058870
  215 -3.575459 6.412839 47.127029 0.226460 0.687753 0.689718 0.145336 0.149014 3 215 0.608515 216 0.267008 207 0.124477
UV2
  215 -3.575459 6.412839 47.127029 0.226460 0.687753 0.689718 0.145336 0.149014 3 215 0.608515 216 0.267008 207 0.124477
  207 -2.323363 4.266852 48.914822 0.335539 0.789222 0.514337 0.106351 0.161280 3 207 0.478725 215 0.462405 216 0.058870
  207 -2.003750 4.228338 48.663303 0.509947 0.765223 0.392921 0.106351 0.150005 3 207 0.488047 215 0.451419 216 0.060535
UV2
  215 -4.344925 5.955358 47.720482 0.120716 0.691524 0.712195 0.145336 0.172358 3 215 0.622466 216 0.256390 207 0.121145
  207 -2.642457 4.177596 49.168468 0.207685 0.793294 0.572321 0.106351 0.172556 3 207 0.477907 215 0.464945 216 0.057148
  215 -3.960397 6.181988 47.421432 0.145911 0.684952 0.713828 0.145336 0.160686 3 215 0.617152 216 0.261102 207 0.121746
UV2
  215 -3.960397 6.181988 47.421432 0.145911 0.684952 0.713828 0.145336 0.160686 3 215 0.617152 216 0.261102 207 0.121746
  207 -2.642457 4.177596 49.168468 0.207685 0.793294 0.572321 0.106351 0.172556 3 207 0.477907 215 0.464945 216 0.057148
  207 -2.323363 4.266852 48.914822 0.335539 0.789222 0.514337 0.106351 0.161280 3 207 0.478725 215 0.462405 216 0.058870
UV2
  207 -2.323363 4.266852 48.914822 0.335539 0.789222 0.514337 0.106351 0.161280 3 207 0.478725 215 0.462405 216 0.058870
  207 -1.101619 3.280370 49.954395 0.401235 0.869994 0.286567 0.067281 0.161358 3 207 0.903824 215 0.087256 216 0.008920
  207 -2.003750 4.228338 48.663303 0.509947 0.765223 0.392921 0.106351 0.150005 3 207 0.488047 215 0.451419 216 0.060535
UV2
  207 -2.003750 4.228338 48.663303 0.509947 0.765223 0.392921 0.106351 0.150005 3 207 0.488047 215 0.451419 216 0.060535
  207 -1.101619 3.280370 49.954395 0.401235 0.869994 0.286567 0.067281 0.161358 3 207 0.903824 215 0.087256 216 0.008920
  207 -0.907722 3.256824 49.693657 0.445099 0.857238 0.258901 0.067281 0.150135 3 207 0.899118 215 0.091781 216 0.009101
UV2
  207 -2.642457 4.177596 49.168468 0.207685 0.793294 0.572321 0.106351 0.172556 3 207 0.477907 215 0.464945 216 0.057148
  207 -1.307147 3.270370 50.208160 0.294133 0.886564 0.357058 0.067281 0.172582 3 207 0.909652 215 0.081760 216 0.008588
  207 -2.323363 4.266852 48.914822 0.335539 0.789222 0.514337 0.106351 0.161280 3 207 0.478725 215 0.462405 216 0.058870
UV2
  207 -2.323363 4.266852 48.914822 0.335539 0.789222 0.514337 0.106351 0.161280 3 207 0.478725 215 0.462405 216 0.058870
  207 -1.307147 3.270370 50.208160 0.294133 0.886564 0.357058 0.067281 0.172582 3 207 0.909652 215 0.081760 216 0.008588
  207 -1.101619 3.280370 49.954395 0.401235 0.869994 0.286567 0.067281 0.161358 3 207 0.903824 215 0.087256 216 0.008920
UV2
  207 -1.101619 3.280370 49.954395 0.401235 0.869994 0.286567 0.067281 0.161358 3 207 0.903824 215 0.087256 216 0.008920
  207 -0.503488 2.901162 50.339989 0.703753 0.695722 0.143885 0.037834 0.161085 1 207 1.000000
  207 -0.907722 3.256824 49.693657 0.445099 0.857238 0.258901 0.067281 0.150135 3 207 0.899118 215 0.091781 216 0.009101
UV2
  207 -0.907722 3.256824 49.693657 0.445099 0.857238 0.258901 0.067281 0.150135 3 207 0.899118 215 0.091781 216 0.009101
  207 -0.503488 2.901162 50.339989 0.703753 0.695722 0.143885 0.037834 0.161085 1 207 1.000000
  207 -0.489988 2.943456 50.059921 0.723458 0.674888 0.145375 0.037834 0.149679 1 207 1.000000
UV2
  207 -1.307147 3.270370 50.208160 0.294133 0.886564 0.357058 0.067281 0.172582 3 207 0.909652 215 0.081760 216 0.008588
  207 -0.516986 2.858861 50.620064 0.679527 0.718325 0.149174 0.037834 0.172491 1 207 1.000000
  207 -1.101619 3.280370 49.954395 0.401235 0.869994 0.286567 0.067281 0.161358 3 207 0.903824 215 0.087256 216 0.008920
UV2
  207 -1.101619 3.280370 49.954395 0.401235 0.869994 0.286567 0.067281 0.161358 3 207 0.903824 215 0.087256 216 0.008920
  207 -0.516986 2.858861 50.620064 0.679527 0.718325 0.149174 0.037834 0.172491 1 207 1.000000
  207 -0.503488 2.901162 50.339989 0.703753 0.695722 0.143885 0.037834 0.161085 1 207 1.000000
UV2
  207 -0.503488 2.901162 50.339989 0.703753 0.695722 0.143885 0.037834 0.161085 1 207 1.000000
  207 -0.447199 2.794822 50.329201 0.983341 -0.180652 0.020117 0.032645 0.161085 1 207 1.000000
  207 -0.489988 2.943456 50.059921 0.723458 0.674888 0.145375 0.037834 0.149679 1 207 1.000000
UV2
  207 -0.489988 2.943456 50.059921 0.723458 0.674888 0.145375 0.037834 0.149679 1 207 1.000000
  207 -0.447199 2.794822 50.329201 0.983341 -0.180652 0.020117 0.032645 0.161085 1 207 1.000000
  207 -0.433699 2.837116 50.049133 0.983341 -0.180654 0.020111 0.032645 0.149679 1 207 1.000000
UV2
  207 -0.516986 2.858861 50.620064 0.679527 0.718325 0.149174 0.037834 0.172491 1 207 1.000000
  207 -0.460699 2.752528 50.609268 0.983343 -0.180644 0.020113 0.032645 0.172491 1 207 1.000000
  207 -0.503488 2.901162 50.339989 0.703753 0.695722 0.143885 0.037834 0.161085 1 207 1.000000
UV2
  207 -0.503488 2.901162 50.339989 0.703753 0.695722 0.143885 0.037834 0.161085 1 207 1.000000
  207 -0.460699 2.752528 50.609268 0.983343 -0.180644 0.020113 0.032645 0.172491 1 207 1.000000
  207 -0.447199 2.794822 50.329201 0.983341 -0.180652 0.020117 0.032645 0.161085 1 207 1.000000
UV2
  207 -0.447199 2.794822 50.329201 0.983341 -0.180652 0.020117 0.032645 0.161085 1 207 1.000000
  207 -0.534279 2.717865 50.315777 0.188444 -0.971064 -0.146710 0.037834 0.161085 1 207 1.000000
  207 -0.433699 2.837116 50.049133 0.983341 -0.180654 0.020111 0.032645 0.149679 1 207 1.000000
UV2
  207 -0.433699 2.837116 50.049133 0.983341 -0.180654 0.020111 0.032645 0.149679 1 207 1.000000
  207 -0.534279 2.717865 50.315777 0.188444 -0.971064 -0.146710 0.037834 0.161085 1 207 1.000000
  207 -0.520781 2.760159 50.035706 0.164757 -0.975861 -0.143356 0.037834 0.149679 1 207 1.000000
UV2
  207 -0.460699 2.752528 50.609268 0.983343 -0.180644 0.020113 0.032645 0.172491 1 207 1.000000
  207 -0.547776 2.675571 50.595860 0.221623 -0.963991 -0.146984 0.037834 0.172491 1 207 1.000000
  207 -0.447199 2.794822 50.329201 0.983341 -0.180652 0.020117 0.032645 0.161085 1 207 1.000000
UV2
  207 -0.447199 2.794822 50.329201 0.983341 -0.180652 0.020117 0.032645 0.161085 1 207 1.000000
  207 -0.547776 2.675571 50.595860 0.221623 -0.963991 -0.146984 0.037834 0.172491 1 207 1.000000
  207 -0.534279 2.717865 50.315777 0.188444 -0.971064 -0.146710 0.037834 0.161085 1 207 1.000000
UV2
  207 -0.534279 2.717865 50.315777 0.188444 -0.971064 -0.146710 0.037834 0.161085 1 207 1.000000
  207 -1.120961 3.033802 49.914772 -0.284522 -0.935211 -0.210778 0.067281 0.161358 3 207 0.919672 215 0.071136 216 0.009192
  207 -0.520781 2.760159 50.035706 0.164757 -0.975861 -0.143356 0.037834 0.149679 1 207 1.000000
UV2
  207 -0.520781 2.760159 50.035706 0.164757 -0.975861 -0.143356 0.037834 0.149679 1 207 1.000000
  207 -1.120961 3.033802 49.914772 -0.284522 -0.935211 -0.210778 0.067281 0.161358 3 207 0.919672 215 0.071136 216 0.009192
  207 -0.927066 3.010263 49.654034 -0.345280 -0.920005 -0.185400 0.067281 0.150135 3 207 0.914419 215 0.076138 216 0.009443
UV2
  207 -0.547776 2.675571 50.595860 0.221623 -0.963991 -0.146984 0.037834 0.172491 1 207 1.000000
  207 -1.326491 3.023801 50.168522 -0.183675 -0.943249 -0.276668 0.067281 0.172582 3 207 0.925483 215 0.065554 216 0.008963
  207 -0.534279 2.717865 50.315777 0.188444 -0.971064 -0.146710 0.037834 0.161085 1 207 1.000000
UV2
  207 -0.534279 2.717865 50.315777 0.188444 -0.971064 -0.146710 0.037834 0.161085 1 207 1.000000
  207 -1.326491 3.023801 50.168522 -0.183675 -0.943249 -0.276668 0.067281 0.172582 3 207 0.925483 215 0.065554 216 0.008963
  207 -1.120961 3.033802 49.914772 -0.284522 -0.935211 -0.210778 0.067281 0.161358 3 207 0.919672 215 0.071136 216 0.009192
UV2
  207 -1.120961 3.033802 49.914772 -0.284522 -0.935211 -0.210778 0.067281 0.161358 3 207 0.919672 215 0.071136 216 0.009192
  207 -2.404272 3.665215 48.585537 -0.197803 -0.871049 -0.449608 0.106351 0.161280 3 207 0.477951 215 0.460691 216 0.061358
  207 -0.927066 3.010263 49.654034 -0.345280 -0.920005 -0.185400 0.067281 0.150135 3 207 0.914419 215 0.076138 216 0.009443
UV2
  207 -0.927066 3.010263 49.654034 -0.345280 -0.920005 -0.185400 0.067281 0.150135 3 207 0.914419 215 0.076138 216 0.009443
  207 -2.404272 3.665215 48.585537 -0.197803 -0.871049 -0.449608 0.106351 0.161280 3 207 0.477951 215 0.460691 216 0.061358
  207 -2.082091 3.645783 48.344448 -0.249809 -0.861441 -0.442170 0.106351 0.150005 3 207 0.487349 215 0.449783 216 0.062868
UV2
  207 -2.404272 3.665215 48.585537 -0.197803 -0.871049 -0.449608 0.106351 0.161280 3 207 0.477951 215 0.460691 216 0.061358
  215 -4.022769 5.532139 46.706127 -0.032062 -0.710885 -0.702577 0.145336 0.160686 3 215 0.603577 216 0.271704 207 0.124719
  207 -2.082091 3.645783 48.344448 -0.249809 -0.861441 -0.442170 0.106351 0.150005 3 207 0.487349 215 0.449783 216 0.062868
UV2
  207 -1.120961 3.033802 49.914772 -0.284522 -0.935211 -0.210778 0.067281 0.161358 3 207 0.919672 215 0.071136 216 0.009192
  207 -2.726981 3.549052 48.824451 -0.078384 -0.868293 -0.489820 0.106351 0.172556 3 207 0.476161 215 0.463764 216 0.060075
  207 -2.404272 3.665215 48.585537 -0.197803 -0.871049 -0.449608 0.106351 0.161280 3 207 0.477951 215 0.460691 216 0.061358
UV2
  207 -1.326491 3.023801 50.168522 -0.183675 -0.943249 -0.276668 0.067281 0.172582 3 207 0.925483 215 0.065554 216 0.008963
  207 -2.726981 3.549052 48.824451 -0.078384 -0.868293 -0.489820 0.106351 0.172556 3 207 0.476161 215 0.463764 216 0.060075
  207 -1.120961 3.033802 49.914772 -0.284522 -0.935211 -0.210778 0.067281 0.161358 3 207 0.919672 215 0.071136 216 0.009192
UV2
  207 -2.404272 3.665215 48.585537 -0.197803 -0.871049 -0.449608 0.106351 0.161280 3 207 0.477951 215 0.460691 216 0.061358
  215 -4.410083 5.276455 46.973175 -0.019585 -0.729636 -0.683555 0.145336 0.172358 3 215 0.610386 216 0.267796 207 0.121818
  215 -4.022769 5.532139 46.706127 -0.032062 -0.710885 -0.702577 0.145336 0.160686 3 215 0.603577 216 0.271704 207 0.124719
UV2
  207 -2.726981 3.549052 48.824451 -0.078384 -0.868293 -0.489820 0.106351 0.172556 3 207 0.476161 215 0.463764 216 0.060075
  215 -4.410083 5.276455 46.973175 -0.019585 -0.729636 -0.683555 0.145336 0.172358 3 215 0.610386 216 0.267796 207 0.121818
  207 -2.404272 3.665215 48.585537 -0.197803 -0.871049 -0.449608 0.106351 0.161280 3 207 0.477951 215 0.460691 216 0.061358
UV2
  215 -4.022769 5.532139 46.706127 -0.032062 -0.710885 -0.702577 0.145336 0.160686 3 215 0.603577 216 0.271704 207 0.124719
  215 -4.410083 5.276455 46.973175 -0.019585 -0.729636 -0.683555 0.145336 0.172358 3 215 0.610386 216 0.267796 207 0.121818
  216 -6.517747 7.355503 44.848530 0.066954 -0.702980 -0.708051 0.178647 0.172284 3 216 0.775831 217 0.159341 215 0.064828
UV2
  216 -6.517747 7.355503 44.848530 0.066954 -0.702980 -0.708051 0.178647 0.172284 3 216 0.775831 217 0.159341 215 0.064828
  216 -6.086930 7.704132 44.562115 0.076922 -0.697392 -0.712550 0.179003 0.160463 3 216 0.787336 217 0.161124 215 0.051540
  215 -4.022769 5.532139 46.706127 -0.032062 -0.710885 -0.702577 0.145336 0.160686 3 215 0.603577 216 0.271704 207 0.124719
UV2
  207 -2.726981 3.549052 48.824451 -0.078384 -0.868293 -0.489820 0.106351 0.172556 3 207 0.476161 215 0.463764 216 0.060075
  215 -4.796024 5.035283 47.256252 -0.037554 -0.755516 -0.654053 0.145336 0.184030 3 215 0.615390 216 0.263522 207 0.121088
  215 -4.410083 5.276455 46.973175 -0.019585 -0.729636 -0.683555 0.145336 0.172358 3 215 0.610386 216 0.267796 207 0.121818
UV2
  216 -6.517747 7.355503 44.848530 0.066954 -0.702980 -0.708051 0.178647 0.172284 3 216 0.775831 217 0.159341 215 0.064828
  216 -8.335852 8.942628 42.929310 -0.020447 -0.677680 -0.735072 0.220321 0.172194 3 216 0.504726 217 0.493966 207 0.001308
  216 -6.086930 7.704132 44.562115 0.076922 -0.697392 -0.712550 0.179003 0.160463 3 216 0.787336 217 0.161124 215 0.051540
UV2
  216 -6.086930 7.704132 44.562115 0.076922 -0.697392 -0.712550 0.179003 0.160463 3 216 0.787336 217 0.161124 215 0.051540
  216 -8.335852 8.942628 42.929310 -0.020447 -0.677680 -0.735072 0.220321 0.172194 3 216 0.504726 217 0.493966 207 0.001308
  216 -7.811574 9.206989 42.683327 -0.003957 -0.683814 -0.729646 0.220321 0.160196 3 216 0.500754 217 0.497939 207 0.001307
UV2
  216 -8.335852 8.942628 42.929310 -0.020447 -0.677680 -0.735072 0.220321 0.172194 3 216 0.504726 217 0.493966 207 0.001308
  217 -9.057832 9.897351 42.295193 -0.257768 -0.415372 -0.872365 0.259391 0.172026 2 217 0.742317 216 0.257683
  216 -7.811574 9.206989 42.683327 -0.003957 -0.683814 -0.729646 0.220321 0.160196 3 216 0.500754 217 0.497939 207 0.001307
UV2
  216 -6.953796 7.025422 45.147320 0.039044 -0.719631 -0.693258 0.178398 0.184102 3 216 0.765786 217 0.157487 215 0.076727
  216 -6.517747 7.355503 44.848530 0.066954 -0.702980 -0.708051 0.178647 0.172284 3 216 0.775831 217 0.159341 215 0.064828
  215 -4.410083 5.276455 46.973175 -0.019585 -0.729636 -0.683555 0.145336 0.172358 3 215 0.610386 216 0.267796 207 0.121818
UV2
  215 -4.410083 5.276455 46.973175 -0.019585 -0.729636 -0.683555 0.145336 0.172358 3 215 0.610386 216 0.267796 207 0.121818
  215 -4.796024 5.035283 47.256252 -0.037554 -0.755516 -0.654053 0.145336 0.184030 3 215 0.615390 216 0.263522 207 0.121088
  216 -6.953796 7.025422 45.147320 0.039044 -0.719631 -0.693258 0.178398 0.184102 3 216 0.765786 217 0.157487 215 0.076727
UV2
  216 -6.517747 7.355503 44.848530 0.066954 -0.702980 -0.708051 0.178647 0.172284 3 216 0.775831 217 0.159341 215 0.064828
  216 -8.856691 8.689952 43.189861 -0.048161 -0.683672 -0.728198 0.220321 0.184193 3 216 0.509184 217 0.489537 207 0.001279
  216 -8.335852 8.942628 42.929310 -0.020447 -0.677680 -0.735072 0.220321 0.172194 3 216 0.504726 217 0.493966 207 0.001308
UV2
  216 -6.953796 7.025422 45.147320 0.039044 -0.719631 -0.693258 0.178398 0.184102 3 216 0.765786 217 0.157487 215 0.076727
  216 -8.856691 8.689952 43.189861 -0.048161 -0.683672 -0.728198 0.220321 0.184193 3 216 0.509184 217 0.489537 207 0.001279
  216 -6.517747 7.355503 44.848530 0.066954 -0.702980 -0.708051 0.178647 0.172284 3 216 0.775831 217 0.159341 215 0.064828
UV2
  216 -8.335852 8.942628 42.929310 -0.020447 -0.677680 -0.735072 0.220321 0.172194 3 216 0.504726 217 0.493966 207 0.001308
  217 -9.552286 9.657425 42.558094 -0.263369 -0.410185 -0.873146 0.259391 0.184361 2 217 0.733812 216 0.266188
  217 -9.057832 9.897351 42.295193 -0.257768 -0.415372 -0.872365 0.259391 0.172026 2 217 0.742317 216 0.257683
UV2
  216 -8.856691 8.689952 43.189861 -0.048161 -0.683672 -0.728198 0.220321 0.184193 3 216 0.509184 217 0.489537 207 0.001279
  217 -9.552286 9.657425 42.558094 -0.263369 -0.410185 -0.873146 0.259391 0.184361 2 217 0.733812 216 0.266188
  216 -8.335852 8.942628 42.929310 -0.020447 -0.677680 -0.735072 0.220321 0.172194 3 216 0.504726 217 0.493966 207 0.001308
UV2
  217 -9.552286 9.657425 42.558094 -0.263369 -0.410185 -0.873146 0.259391 0.184361 2 217 0.733812 216 0.266188
  217 -9.677628 9.919096 42.557602 -0.514220 0.130985 -0.847597 0.270235 0.184389 2 217 0.829160 216 0.170840
  217 -9.057832 9.897351 42.295193 -0.257768 -0.415372 -0.872365 0.259391 0.172026 2 217 0.742317 216 0.257683
UV2
  217 -9.057832 9.897351 42.295193 -0.257768 -0.415372 -0.872365 0.259391 0.172026 2 217 0.742317 216 0.257683
  217 -9.677628 9.919096 42.557602 -0.514220 0.130985 -0.847597 0.270235 0.184389 2 217 0.829160 216 0.170840
  217 -9.189957 10.155727 42.298321 -0.514213 0.130999 -0.847599 0.270235 0.171998 2 217 0.838544 216 0.161456
UV2
  216 -8.856691 8.689952 43.189861 -0.048161 -0.683672 -0.728198 0.220321 0.184193 3 216 0.509184 217 0.489537 207 0.001279
  217 -10.046741 9.417513 42.820969 -0.265466 -0.410570 -0.872330 0.259391 0.196696 2 217 0.725040 216 0.274960
  217 -9.552286 9.657425 42.558094 -0.263369 -0.410185 -0.873146 0.259391 0.184361 2 217 0.733812 216 0.266188
UV2
  217 -9.677628 9.919096 42.557602 -0.514220 0.130985 -0.847597 0.270235 0.184389 2 217 0.829160 216 0.170840
  217 -9.684409 10.061671 42.652817 -0.583098 0.591454 -0.556938 0.274374 0.184305 2 217 0.847032 216 0.152968
  217 -9.189957 10.155727 42.298321 -0.514213 0.130999 -0.847599 0.270235 0.171998 2 217 0.838544 216 0.161456
UV2
  217 -9.189957 10.155727 42.298321 -0.514213 0.130999 -0.847599 0.270235 0.171998 2 217 0.838544 216 0.161456
  217 -9.684409 10.061671 42.652817 -0.583098 0.591454 -0.556938 0.274374 0.184305 2 217 0.847032 216 0.152968
  217 -9.203422 10.295064 42.397083 -0.583099 0.591464 -0.556926 0.274374 0.172083 2 217 0.856436 216 0.143564
UV2
  217 -9.552286 9.657425 42.558094 -0.263369 -0.410185 -0.873146 0.259391 0.184361 2 217 0.733812 216 0.266188
  217 -10.165302 9.682465 42.816910 -0.514214 0.130974 -0.847602 0.270235 0.196781 2 217 0.819730 216 0.180270
  217 -9.677628 9.919096 42.557602 -0.514220 0.130985 -0.847597 0.270235 0.184389 2 217 0.829160 216 0.170840
UV2
  217 -10.046741 9.417513 42.820969 -0.265466 -0.410570 -0.872330 0.259391 0.196696 2 217 0.725040 216 0.274960
  217 -10.165302 9.682465 42.816910 -0.514214 0.130974 -0.847602 0.270235 0.196781 2 217 0.819730 216 0.180270
  217 -9.552286 9.657425 42.558094 -0.263369 -0.410185 -0.873146 0.259391 0.184361 2 217 0.733812 216 0.266188
UV2
  217 -9.677628 9.919096 42.557602 -0.514220 0.130985 -0.847597 0.270235 0.184389 2 217 0.829160 216 0.170840
  217 -10.165384 9.828295 42.908531 -0.583105 0.591421 -0.556965 0.274374 0.196526 2 217 0.837660 216 0.162340
  217 -9.684409 10.061671 42.652817 -0.583098 0.591454 -0.556938 0.274374 0.184305 2 217 0.847032 216 0.152968
UV2
  217 -10.165302 9.682465 42.816910 -0.514214 0.130974 -0.847602 0.270235 0.196781 2 217 0.819730 216 0.180270
  217 -10.165384 9.828295 42.908531 -0.583105 0.591421 -0.556965 0.274374 0.196526 2 217 0.837660 216 0.162340
  217 -9.677628 9.919096 42.557602 -0.514220 0.130985 -0.847597 0.270235 0.184389 2 217 0.829160 216 0.170840
UV2
  217 -9.684409 10.061671 42.652817 -0.583098 0.591454 -0.556938 0.274374 0.184305 2 217 0.847032 216 0.152968
  217 -9.633152 10.198434 42.828491 -0.494399 0.856506 -0.148212 0.270235 0.184389 2 217 0.817954 216 0.182046
  217 -9.203422 10.295064 42.397083 -0.583099 0.591464 -0.556926 0.274374 0.172083 2 217 0.856436 216 0.143564
UV2
  217 -9.203422 10.295064 42.397083 -0.583099 0.591464 -0.556926 0.274374 0.172083 2 217 0.856436 216 0.143564
  217 -9.633152 10.198434 42.828491 -0.494399 0.856506 -0.148212 0.270235 0.184389 2 217 0.817954 216 0.182046
  217 -9.145475 10.435058 42.569210 -0.494392 0.856515 -0.148184 0.270235 0.171998 2 217 0.827286 216 0.172714
UV2
  217 -10.165384 9.828295 42.908531 -0.583105 0.591421 -0.556965 0.274374 0.196526 2 217 0.837660 216 0.162340
  217 -10.120825 9.961802 43.087776 -0.494397 0.856510 -0.148198 0.270235 0.196781 2 217 0.808587 216 0.191413
  217 -9.684409 10.061671 42.652817 -0.583098 0.591454 -0.556938 0.274374 0.184305 2 217 0.847032 216 0.152968
UV2
  217 -9.684409 10.061671 42.652817 -0.583098 0.591454 -0.556938 0.274374 0.184305 2 217 0.847032 216 0.152968
  217 -10.120825 9.961802 43.087776 -0.494397 0.856510 -0.148198 0.270235 0.196781 2 217 0.808587 216 0.191413
  217 -9.633152 10.198434 42.828491 -0.494399 0.856506 -0.148212 0.270235 0.184389 2 217 0.817954 216 0.182046
UV2
  217 -9.633152 10.198434 42.828491 -0.494399 0.856506 -0.148212 0.270235 0.184389 2 217 0.817954 216 0.182046
  217 -9.471655 10.231268 43.104809 -0.255900 0.901750 0.348370 0.259391 0.184361 2 217 0.715917 216 0.284083
  217 -9.145475 10.435058 42.569210 -0.494392 0.856515 -0.148184 0.270235 0.171998 2 217 0.827286 216 0.172714
UV2
  217 -9.145475 10.435058 42.569210 -0.494392 0.856515 -0.148184 0.270235 0.171998 2 217 0.827286 216 0.172714
  217 -9.471655 10.231268 43.104809 -0.255900 0.901750 0.348370 0.259391 0.184361 2 217 0.715917 216 0.284083
  217 -8.977191 10.471189 42.841908 -0.257135 0.903410 0.343120 0.259391 0.172026 2 217 0.724165 216 0.275835
UV2
  217 -10.120825 9.961802 43.087776 -0.494397 0.856510 -0.148198 0.270235 0.196781 2 217 0.808587 216 0.191413
  217 -9.966105 9.991343 43.367702 -0.250753 0.900368 0.355612 0.259391 0.196696 2 217 0.707586 216 0.292414
  217 -9.633152 10.198434 42.828491 -0.494399 0.856506 -0.148212 0.270235 0.184389 2 217 0.817954 216 0.182046
UV2
  217 -9.633152 10.198434 42.828491 -0.494399 0.856506 -0.148212 0.270235 0.184389 2 217 0.817954 216 0.182046
  217 -9.966105 9.991343 43.367702 -0.250753 0.900368 0.355612 0.259391 0.196696 2 217 0.707586 216 0.292414
  217 -9.471655 10.231268 43.104809 -0.255900 0.901750 0.348370 0.259391 0.184361 2 217 0.715917 216 0.284083
UV2
  217 -9.471655 10.231268 43.104809 -0.255900 0.901750 0.348370 0.259391 0.184361 2 217 0.715917 216 0.284083
  216 -8.732646 9.650678 44.126114 -0.090671 0.783453 0.614801 0.220321 0.184193 3 216 0.523634 217 0.475137 207 0.001230
  217 -8.977191 10.471189 42.841908 -0.257135 0.903410 0.343120 0.259391 0.172026 2 217 0.724165 216 0.275835
UV2
  217 -8.977191 10.471189 42.841908 -0.257135 0.903410 0.343120 0.259391 0.172026 2 217 0.724165 216 0.275835
  216 -8.732646 9.650678 44.126114 -0.090671 0.783453 0.614801 0.220321 0.184193 3 216 0.523634 217 0.475137 207 0.001230
  216 -8.211798 9.903359 43.865551 -0.072222 0.796704 0.600039 0.220321 0.172194 3 216 0.519189 217 0.479572 207 0.001239
UV2
  217 -9.966105 9.991343 43.367702 -0.250753 0.900368 0.355612 0.259391 0.196696 2 217 0.707586 216 0.292414
  216 -9.256913 9.386321 44.372086 -0.090478 0.774815 0.625680 0.220321 0.196192 3 216 0.527414 217 0.471365 207 0.001222
  217 -9.471655 10.231268 43.104809 -0.255900 0.901750 0.348370 0.259391 0.184361 2 217 0.715917 216 0.284083
UV2
  217 -9.471655 10.231268 43.104809 -0.255900 0.901750 0.348370 0.259391 0.184361 2 217 0.715917 216 0.284083
  216 -9.256913 9.386321 44.372086 -0.090478 0.774815 0.625680 0.220321 0.196192 3 216 0.527414 217 0.471365 207 0.001222
  216 -8.732646 9.650678 44.126114 -0.090671 0.783453 0.614801 0.220321 0.184193 3 216 0.523634 217 0.475137 207 0.001230
UV2
  216 -8.211798 9.903359 43.865551 -0.072222 0.796704 0.600039 0.220321 0.172194 3 216 0.519189 217 0.479572 207 0.001239
  216 -8.732646 9.650678 44.126114 -0.090671 0.783453 0.614801 0.220321 0.184193 3 216 0.523634 217 0.475137 207 0.001230
  216 -6.868935 7.997813 46.125153 -0.032744 0.692529 0.720647 0.183342 0.184118 3 216 0.743814 217 0.152180 215 0.104006
UV2
  216 -6.868935 7.997813 46.125153 -0.032744 0.692529 0.720647 0.183342 0.184118 3 216 0.743814 217 0.152180 215 0.104006
  216 -6.438294 8.329205 45.814240 -0.004609 0.706899 0.707299 0.183574 0.172269 3 216 0.756096 217 0.154422 215 0.089482
  216 -8.211798 9.903359 43.865551 -0.072222 0.796704 0.600039 0.220321 0.172194 3 216 0.519189 217 0.479572 207 0.001239
UV2
  216 -8.732646 9.650678 44.126114 -0.090671 0.783453 0.614801 0.220321 0.184193 3 216 0.523634 217 0.475137 207 0.001230
  216 -9.256913 9.386321 44.372086 -0.090478 0.774815 0.625680 0.220321 0.196192 3 216 0.527414 217 0.471365 207 0.001222
  216 -7.294559 7.648970 46.423920 -0.042199 0.687182 0.725258 0.183006 0.195962 3 216 0.730141 217 0.150127 215 0.119732
UV2
  216 -7.294559 7.648970 46.423920 -0.042199 0.687182 0.725258 0.183006 0.195962 3 216 0.730141 217 0.150127 215 0.119732
  216 -6.868935 7.997813 46.125153 -0.032744 0.692529 0.720647 0.183342 0.184118 3 216 0.743814 217 0.152180 215 0.104006
  216 -8.732646 9.650678 44.126114 -0.090671 0.783453 0.614801 0.220321 0.184193 3 216 0.523634 217 0.475137 207 0.001230
UV2
  216 -6.868935 7.997813 46.125153 -0.032744 0.692529 0.720647 0.183342 0.184118 3 216 0.743814 217 0.152180 215 0.104006
  215 -4.730862 5.714192 48.003536 0.074404 0.688035 0.721853 0.145336 0.184030 3 215 0.627615 216 0.251827 207 0.120558
  216 -6.438294 8.329205 45.814240 -0.004609 0.706899 0.707299 0.183574 0.172269 3 216 0.756096 217 0.154422 215 0.089482
UV2
  216 -6.438294 8.329205 45.814240 -0.004609 0.706899 0.707299 0.183574 0.172269 3 216 0.756096 217 0.154422 215 0.089482
  215 -4.730862 5.714192 48.003536 0.074404 0.688035 0.721853 0.145336 0.184030 3 215 0.627615 216 0.251827 207 0.120558
  215 -4.344925 5.955358 47.720482 0.120716 0.691524 0.712195 0.145336 0.172358 3 215 0.622466 216 0.256390 207 0.121145
UV2
  216 -7.294559 7.648970 46.423920 -0.042199 0.687182 0.725258 0.183006 0.195962 3 216 0.730141 217 0.150127 215 0.119732
  215 -5.118184 5.458499 48.270592 0.049269 0.694044 0.718245 0.145336 0.195701 3 215 0.632801 216 0.247212 207 0.119988
  216 -6.868935 7.997813 46.125153 -0.032744 0.692529 0.720647 0.183342 0.184118 3 216 0.743814 217 0.152180 215 0.104006
UV2
  216 -6.868935 7.997813 46.125153 -0.032744 0.692529 0.720647 0.183342 0.184118 3 216 0.743814 217 0.152180 215 0.104006
  215 -5.118184 5.458499 48.270592 0.049269 0.694044 0.718245 0.145336 0.195701 3 215 0.632801 216 0.247212 207 0.119988
  215 -4.730862 5.714192 48.003536 0.074404 0.688035 0.721853 0.145336 0.184030 3 215 0.627615 216 0.251827 207 0.120558
UV2
  215 -4.730862 5.714192 48.003536 0.074404 0.688035 0.721853 0.145336 0.184030 3 215 0.627615 216 0.251827 207 0.120558
  207 -2.963359 4.074886 49.414764 0.161711 0.800386 0.577262 0.106351 0.183831 3 207 0.477007 215 0.467398 216 0.055596
  215 -4.344925 5.955358 47.720482 0.120716 0.691524 0.712195 0.145336 0.172358 3 215 0.622466 216 0.256390 207 0.121145
UV2
  215 -4.344925 5.955358 47.720482 0.120716 0.691524 0.712195 0.145336 0.172358 3 215 0.622466 216 0.256390 207 0.121145
  207 -2.963359 4.074886 49.414764 0.161711 0.800386 0.577262 0.106351 0.183831 3 207 0.477007 215 0.467398 216 0.055596
  207 -2.642457 4.177596 49.168468 0.207685 0.793294 0.572321 0.106351 0.172556 3 207 0.477907 215 0.464945 216 0.057148
UV2
  215 -5.118184 5.458499 48.270592 0.049269 0.694044 0.718245 0.145336 0.195701 3 215 0.632801 216 0.247212 207 0.119988
  207 -3.286071 3.958724 49.653694 0.131543 0.813966 0.565823 0.106351 0.195107 3 207 0.476073 215 0.469795 216 0.054132
  215 -4.730862 5.714192 48.003536 0.074404 0.688035 0.721853 0.145336 0.184030 3 215 0.627615 216 0.251827 207 0.120558
UV2
  215 -4.730862 5.714192 48.003536 0.074404 0.688035 0.721853 0.145336 0.184030 3 215 0.627615 216 0.251827 207 0.120558
  207 -3.286071 3.958724 49.653694 0.131543 0.813966 0.565823 0.106351 0.195107 3 207 0.476073 215 0.469795 216 0.054132
  207 -2.963359 4.074886 49.414764 0.161711 0.800386 0.577262 0.106351 0.183831 3 207 0.477007 215 0.467398 216 0.055596
UV2
  207 -2.963359 4.074886 49.414764 0.161711 0.800386 0.577262 0.106351 0.183831 3 207 0.477007 215 0.467398 216 0.055596
  207 -1.496264 3.217249 50.445503 0.221136 0.900064 0.375477 0.067281 0.183806 3 207 0.920102 215 0.071588 216 0.008310
  207 -2.642457 4.177596 49.168468 0.207685 0.793294 0.572321 0.106351 0.172556 3 207 0.477907 215 0.464945 216 0.057148
UV2
  207 -2.642457 4.177596 49.168468 0.207685 0.793294 0.572321 0.106351 0.172556 3 207 0.477907 215 0.464945 216 0.057148
  207 -1.496264 3.217249 50.445503 0.221136 0.900064 0.375477 0.067281 0.183806 3 207 0.920102 215 0.071588 216 0.008310
  207 -1.307147 3.270370 50.208160 0.294133 0.886564 0.357058 0.067281 0.172582 3 207 0.909652 215 0.081760 216 0.008588
UV2
  207 -3.286071 3.958724 49.653694 0.131543 0.813966 0.565823 0.106351 0.195107 3 207 0.476073 215 0.469795 216 0.054132
  207 -1.685380 3.164136 50.682831 0.188025 0.915462 0.355774 0.067281 0.195029 3 207 0.930652 215 0.061300 216 0.008048
  207 -2.963359 4.074886 49.414764 0.161711 0.800386 0.577262 0.106351 0.183831 3 207 0.477007 215 0.467398 216 0.055596
UV2
  207 -2.963359 4.074886 49.414764 0.161711 0.800386 0.577262 0.106351 0.183831 3 207 0.477007 215 0.467398 216 0.055596
  207 -1.685380 3.164136 50.682831 0.188025 0.915462 0.355774 0.067281 0.195029 3 207 0.930652 215 0.061300 216 0.008048
  207 -1.496264 3.217249 50.445503 0.221136 0.900064 0.375477 0.067281 0.183806 3 207 0.920102 215 0.071588 216 0.008310
UV2
  207 -1.496264 3.217249 50.445503 0.221136 0.900064 0.375477 0.067281 0.183806 3 207 0.920102 215 0.071588 216 0.008310
  207 -0.530480 2.816567 50.900139 0.650497 0.743766 0.153838 0.037834 0.183897 1 207 1.000000
  207 -1.307147 3.270370 50.208160 0.294133 0.886564 0.357058 0.067281 0.172582 3 207 0.909652 215 0.081760 216 0.008588
UV2
  207 -1.307147 3.270370 50.208160 0.294133 0.886564 0.357058 0.067281 0.172582 3 207 0.909652 215 0.081760 216 0.008588
  207 -0.530480 2.816567 50.900139 0.650497 0.743766 0.153838 0.037834 0.183897 1 207 1.000000
  207 -0.516986 2.858861 50.620064 0.679527 0.718325 0.149174 0.037834 0.172491 1 207 1.000000
UV2
  207 -1.685380 3.164136 50.682831 0.188025 0.915462 0.355774 0.067281 0.195029 3 207 0.930652 215 0.061300 216 0.008048
  207 -0.543980 2.774273 51.180222 0.626609 0.764058 0.153545 0.037834 0.195303 1 207 1.000000
  207 -1.496264 3.217249 50.445503 0.221136 0.900064 0.375477 0.067281 0.183806 3 207 0.920102 215 0.071588 216 0.008310
UV2
  207 -1.496264 3.217249 50.445503 0.221136 0.900064 0.375477 0.067281 0.183806 3 207 0.920102 215 0.071588 216 0.008310
  207 -0.543980 2.774273 51.180222 0.626609 0.764058 0.153545 0.037834 0.195303 1 207 1.000000
  207 -0.530480 2.816567 50.900139 0.650497 0.743766 0.153838 0.037834 0.183897 1 207 1.000000
UV2
  207 -0.530480 2.816567 50.900139 0.650497 0.743766 0.153838 0.037834 0.183897 1 207 1.000000
  207 -0.474195 2.710235 50.889370 0.983346 -0.180628 0.020116 0.032645 0.183897 1 207 1.000000
  207 -0.516986 2.858861 50.620064 0.679527 0.718325 0.149174 0.037834 0.172491 1 207 1.000000
UV2
  207 -0.516986 2.858861 50.620064 0.679527 0.718325 0.149174 0.037834 0.172491 1 207 1.000000
  207 -0.474195 2.710235 50.889370 0.983346 -0.180628 0.020116 0.032645 0.183897 1 207 1.000000
  207 -0.460699 2.752528 50.609268 0.983343 -0.180644 0.020113 0.032645 0.172491 1 207 1.000000
UV2
  207 -0.543980 2.774273 51.180222 0.626609 0.764058 0.153545 0.037834 0.195303 1 207 1.000000
  207 -0.487695 2.667941 51.169437 0.983344 -0.180634 0.020123 0.032645 0.195303 1 207 1.000000
  207 -0.530480 2.816567 50.900139 0.650497 0.743766 0.153838 0.037834 0.183897 1 207 1.000000
UV2
  207 -0.530480 2.816567 50.900139 0.650497 0.743766 0.153838 0.037834 0.183897 1 207 1.000000
  207 -0.487695 2.667941 51.169437 0.983344 -0.180634 0.020123 0.032645 0.195303 1 207 1.000000
  207 -0.474195 2.710235 50.889370 0.983346 -0.180628 0.020116 0.032645 0.183897 1 207 1.000000
UV2
  207 -0.474195 2.710235 50.889370 0.983346 -0.180628 0.020116 0.032645 0.183897 1 207 1.000000
  207 -0.561274 2.633277 50.875931 0.249846 -0.957921 -0.141297 0.037834 0.183897 1 207 1.000000
  207 -0.460699 2.752528 50.609268 0.983343 -0.180644 0.020113 0.032645 0.172491 1 207 1.000000
UV2
  207 -0.460699 2.752528 50.609268 0.983343 -0.180644 0.020113 0.032645 0.172491 1 207 1.000000
  207 -0.561274 2.633277 50.875931 0.249846 -0.957921 -0.141297 0.037834 0.183897 1 207 1.000000
  207 -0.547776 2.675571 50.595860 0.221623 -0.963991 -0.146984 0.037834 0.172491 1 207 1.000000
UV2
  207 -0.487695 2.667941 51.169437 0.983344 -0.180634 0.020123 0.032645 0.195303 1 207 1.000000
  207 -0.574773 2.590983 51.156013 0.270673 -0.952823 -0.137349 0.037834 0.195303 1 207 1.000000
  207 -0.474195 2.710235 50.889370 0.983346 -0.180628 0.020116 0.032645 0.183897 1 207 1.000000
UV2
  207 -0.474195 2.710235 50.889370 0.983346 -0.180628 0.020116 0.032645 0.183897 1 207 1.000000
  207 -0.574773 2.590983 51.156013 0.270673 -0.952823 -0.137349 0.037834 0.195303 1 207 1.000000
  207 -0.561274 2.633277 50.875931 0.249846 -0.957921 -0.141297 0.037834 0.183897 1 207 1.000000
UV2
  207 -0.561274 2.633277 50.875931 0.249846 -0.957921 -0.141297 0.037834 0.183897 1 207 1.000000
  207 -1.515609 2.970689 50.405884 -0.121003 -0.945863 -0.301168 0.067281 0.183806 3 207 0.936085 215 0.055195 216 0.008720
  207 -0.547776 2.675571 50.595860 0.221623 -0.963991 -0.146984 0.037834 0.172491 1 207 1.000000
UV2
  207 -0.547776 2.675571 50.595860 0.221623 -0.963991 -0.146984 0.037834 0.172491 1 207 1.000000
  207 -1.515609 2.970689 50.405884 -0.121003 -0.945863 -0.301168 0.067281 0.183806 3 207 0.936085 215 0.055195 216 0.008720
  207 -1.326491 3.023801 50.168522 -0.183675 -0.943249 -0.276668 0.067281 0.172582 3 207 0.925483 215 0.065554 216 0.008963
UV2
  207 -0.574773 2.590983 51.156013 0.270673 -0.952823 -0.137349 0.037834 0.195303 1 207 1.000000
  207 -1.704723 2.917569 50.643211 -0.094291 -0.954010 -0.284561 0.067281 0.195029 3 207 0.946814 215 0.044721 216 0.008465
  207 -0.561274 2.633277 50.875931 0.249846 -0.957921 -0.141297 0.037834 0.183897 1 207 1.000000
UV2
  207 -0.561274 2.633277 50.875931 0.249846 -0.957921 -0.141297 0.037834 0.183897 1 207 1.000000
  207 -1.704723 2.917569 50.643211 -0.094291 -0.954010 -0.284561 0.067281 0.195029 3 207 0.946814 215 0.044721 216 0.008465
  207 -1.515609 2.970689 50.405884 -0.121003 -0.945863 -0.301168 0.067281 0.183806 3 207 0.936085 215 0.055195 216 0.008720
UV2
  207 -1.515609 2.970689 50.405884 -0.121003 -0.945863 -0.301168 0.067281 0.183806 3 207 0.936085 215 0.055195 216 0.008720
  207 -3.047884 3.446342 49.070732 -0.081419 -0.890051 -0.448531 0.106351 0.183831 3 207 0.475235 215 0.466125 216 0.058640
  207 -1.326491 3.023801 50.168522 -0.183675 -0.943249 -0.276668 0.067281 0.172582 3 207 0.925483 215 0.065554 216 0.008963
UV2
  207 -1.326491 3.023801 50.168522 -0.183675 -0.943249 -0.276668 0.067281 0.172582 3 207 0.925483 215 0.065554 216 0.008963
  207 -3.047884 3.446342 49.070732 -0.081419 -0.890051 -0.448531 0.106351 0.183831 3 207 0.475235 215 0.466125 216 0.058640
  207 -2.726981 3.549052 48.824451 -0.078384 -0.868293 -0.489820 0.106351 0.172556 3 207 0.476161 215 0.463764 216 0.060075
UV2
  207 -3.047884 3.446342 49.070732 -0.081419 -0.890051 -0.448531 0.106351 0.183831 3 207 0.475235 215 0.466125 216 0.058640
  215 -4.796024 5.035283 47.256252 -0.037554 -0.755516 -0.654053 0.145336 0.184030 3 215 0.615390 216 0.263522 207 0.121088
  207 -2.726981 3.549052 48.824451 -0.078384 -0.868293 -0.489820 0.106351 0.172556 3 207 0.476161 215 0.463764 216 0.060075
UV2
  207 -1.515609 2.970689 50.405884 -0.121003 -0.945863 -0.301168 0.067281 0.183806 3 207 0.936085 215 0.055195 216 0.008720
  207 -3.366979 3.357085 49.324398 -0.073140 -0.902278 -0.424906 0.106351 0.195107 3 207 0.474388 215 0.468445 216 0.057168
  207 -3.047884 3.446342 49.070732 -0.081419 -0.890051 -0.448531 0.106351 0.183831 3 207 0.475235 215 0.466125 216 0.058640
UV2
  207 -1.704723 2.917569 50.643211 -0.094291 -0.954010 -0.284561 0.067281 0.195029 3 207 0.946814 215 0.044721 216 0.008465
  207 -3.366979 3.357085 49.324398 -0.073140 -0.902278 -0.424906 0.106351 0.195107 3 207 0.474388 215 0.468445 216 0.057168
  207 -1.515609 2.970689 50.405884 -0.121003 -0.945863 -0.301168 0.067281 0.183806 3 207 0.936085 215 0.055195 216 0.008720
UV2
  207 -3.047884 3.446342 49.070732 -0.081419 -0.890051 -0.448531 0.106351 0.183831 3 207 0.475235 215 0.466125 216 0.058640
  215 -5.180559 4.808652 47.555313 -0.033924 -0.771358 -0.635496 0.145336 0.195701 3 215 0.620265 216 0.259300 207 0.120435
  215 -4.796024 5.035283 47.256252 -0.037554 -0.755516 -0.654053 0.145336 0.184030 3 215 0.615390 216 0.263522 207 0.121088
UV2
  207 -3.366979 3.357085 49.324398 -0.073140 -0.902278 -0.424906 0.106351 0.195107 3 207 0.474388 215 0.468445 216 0.057168
  215 -5.180559 4.808652 47.555313 -0.033924 -0.771358 -0.635496 0.145336 0.195701 3 215 0.620265 216 0.259300 207 0.120435
  207 -3.047884 3.446342 49.070732 -0.081419 -0.890051 -0.448531 0.106351 0.183831 3 207 0.475235 215 0.466125 216 0.058640
UV2
  215 -4.796024 5.035283 47.256252 -0.037554 -0.755516 -0.654053 0.145336 0.184030 3 215 0.615390 216 0.263522 207 0.121088
  215 -5.180559 4.808652 47.555313 -0.033924 -0.771358 -0.635496 0.145336 0.195701 3 215 0.620265 216 0.259300 207 0.120435
  216 -7.395186 6.713848 45.458572 0.030431 -0.726339 -0.686662 0.178255 0.195917 3 216 0.757321 217 0.155452 215 0.087228
UV2
  216 -7.395186 6.713848 45.458572 0.030431 -0.726339 -0.686662 0.178255 0.195917 3 216 0.757321 217 0.155452 215 0.087228
  216 -6.953796 7.025422 45.147320 0.039044 -0.719631 -0.693258 0.178398 0.184102 3 216 0.765786 217 0.157487 215 0.076727
  215 -4.796024 5.035283 47.256252 -0.037554 -0.755516 -0.654053 0.145336 0.184030 3 215 0.615390 216 0.263522 207 0.121088
UV2
  207 -3.366979 3.357085 49.324398 -0.073140 -0.902278 -0.424906 0.106351 0.195107 3 207 0.474388 215 0.468445 216 0.057168
  215 -5.565498 4.577793 47.849709 -0.043794 -0.794944 -0.605100 0.145336 0.207373 3 215 0.625137 216 0.255053 207 0.119810
  215 -5.180559 4.808652 47.555313 -0.033924 -0.771358 -0.635496 0.145336 0.195701 3 215 0.620265 216 0.259300 207 0.120435
UV2
  216 -7.395186 6.713848 45.458572 0.030431 -0.726339 -0.686662 0.178255 0.195917 3 216 0.757321 217 0.155452 215 0.087228
  216 -9.374094 8.448979 43.465031 -0.059121 -0.685709 -0.725470 0.220321 0.196192 3 216 0.514406 217 0.484350 207 0.001244
  216 -6.953796 7.025422 45.147320 0.039044 -0.719631 -0.693258 0.178398 0.184102 3 216 0.765786 217 0.157487 215 0.076727
UV2
  216 -6.953796 7.025422 45.147320 0.039044 -0.719631 -0.693258 0.178398 0.184102 3 216 0.765786 217 0.157487 215 0.076727
  216 -9.374094 8.448979 43.465031 -0.059121 -0.685709 -0.725470 0.220321 0.196192 3 216 0.514406 217 0.484350 207 0.001244
  216 -8.856691 8.689952 43.189861 -0.048161 -0.683672 -0.728198 0.220321 0.184193 3 216 0.509184 217 0.489537 207 0.001279
UV2
  216 -9.374094 8.448979 43.465031 -0.059121 -0.685709 -0.725470 0.220321 0.196192 3 216 0.514406 217 0.484350 207 0.001244
  217 -10.046741 9.417513 42.820969 -0.265466 -0.410570 -0.872330 0.259391 0.196696 2 217 0.725040 216 0.274960
  216 -8.856691 8.689952 43.189861 -0.048161 -0.683672 -0.728198 0.220321 0.184193 3 216 0.509184 217 0.489537 207 0.001279
UV2
  216 -7.834876 6.397089 45.766140 0.008631 -0.741345 -0.671069 0.178080 0.207731 3 216 0.748560 217 0.153362 215 0.098079
  216 -7.395186 6.713848 45.458572 0.030431 -0.726339 -0.686662 0.178255 0.195917 3 216 0.757321 217 0.155452 215 0.087228
  215 -5.180559 4.808652 47.555313 -0.033924 -0.771358 -0.635496 0.145336 0.195701 3 215 0.620265 216 0.259300 207 0.120435
UV2
  215 -5.180559 4.808652 47.555313 -0.033924 -0.771358 -0.635496 0.145336 0.195701 3 215 0.620265 216 0.259300 207 0.120435
  215 -5.565498 4.577793 47.849709 -0.043794 -0.794944 -0.605100 0.145336 0.207373 3 215 0.625137 216 0.255053 207 0.119810
  216 -7.834876 6.397089 45.766140 0.008631 -0.741345 -0.671069 0.178080 0.207731 3 216 0.748560 217 0.153362 215 0.098079
UV2
  216 -7.395186 6.713848 45.458572 0.030431 -0.726339 -0.686662 0.178255 0.195917 3 216 0.757321 217 0.155452 215 0.087228
  216 -9.892501 8.204597 43.735950 -0.074961 -0.693887 -0.716171 0.220321 0.208190 3 216 0.519727 217 0.479037 207 0.001236
  216 -9.374094 8.448979 43.465031 -0.059121 -0.685709 -0.725470 0.220321 0.196192 3 216 0.514406 217 0.484350 207 0.001244
UV2
  216 -7.834876 6.397089 45.766140 0.008631 -0.741345 -0.671069 0.178080 0.207731 3 216 0.748560 217 0.153362 215 0.098079
  216 -9.892501 8.204597 43.735950 -0.074961 -0.693887 -0.716171 0.220321 0.208190 3 216 0.519727 217 0.479037 207 0.001236
  216 -7.395186 6.713848 45.458572 0.030431 -0.726339 -0.686662 0.178255 0.195917 3 216 0.757321 217 0.155452 215 0.087228
UV2
  216 -9.374094 8.448979 43.465031 -0.059121 -0.685709 -0.725470 0.220321 0.196192 3 216 0.514406 217 0.484350 207 0.001244
  217 -10.541197 9.177587 43.083858 -0.264383 -0.411206 -0.872360 0.259391 0.209031 2 217 0.716291 216 0.283709
  217 -10.046741 9.417513 42.820969 -0.265466 -0.410570 -0.872330 0.259391 0.196696 2 217 0.725040 216 0.274960
UV2
  216 -9.892501 8.204597 43.735950 -0.074961 -0.693887 -0.716171 0.220321 0.208190 3 216 0.519727 217 0.479037 207 0.001236
  217 -10.541197 9.177587 43.083858 -0.264383 -0.411206 -0.872360 0.259391 0.209031 2 217 0.716291 216 0.283709
  216 -9.374094 8.448979 43.465031 -0.059121 -0.685709 -0.725470 0.220321 0.196192 3 216 0.514406 217 0.484350 207 0.001244
UV2
  216 -7.834876 6.397089 45.766140 0.008631 -0.741345 -0.671069 0.178080 0.207731 3 216 0.748560 217 0.153362 215 0.098079
  216 -10.420971 8.000073 44.016266 -0.097079 -0.705545 -0.701984 0.220321 0.220189 3 216 0.523192 217 0.475581 207 0.001227
  216 -9.892501 8.204597 43.735950 -0.074961 -0.693887 -0.716171 0.220321 0.208190 3 216 0.519727 217 0.479037 207 0.001236
UV2
  216 -10.420971 8.000073 44.016266 -0.097079 -0.705545 -0.701984 0.220321 0.220189 3 216 0.523192 217 0.475581 207 0.001227
  217 -11.035652 8.937658 43.346764 -0.259730 -0.430932 -0.864198 0.259391 0.221365 2 217 0.708239 216 0.291761
  216 -9.892501 8.204597 43.735950 -0.074961 -0.693887 -0.716171 0.220321 0.208190 3 216 0.519727 217 0.479037 207 0.001236
UV2
  216 -9.892501 8.204597 43.735950 -0.074961 -0.693887 -0.716171 0.220321 0.208190 3 216 0.519727 217 0.479037 207 0.001236
  217 -11.035652 8.937658 43.346764 -0.259730 -0.430932 -0.864198 0.259391 0.221365 2 217 0.708239 216 0.291761
  217 -10.541197 9.177587 43.083858 -0.264383 -0.411206 -0.872360 0.259391 0.209031 2 217 0.716291 216 0.283709
UV2
  216 -8.274374 6.124649 46.090809 -0.327572 -0.858067 -0.395495 0.177844 0.219434 3 216 0.742088 217 0.152132 215 0.105780
  216 -10.420971 8.000073 44.016266 -0.097079 -0.705545 -0.701984 0.220321 0.220189 3 216 0.523192 217 0.475581 207 0.001227
  216 -7.834876 6.397089 45.766140 0.008631 -0.741345 -0.671069 0.178080 0.207731 3 216 0.748560 217 0.153362 215 0.098079
UV2
  217 -11.035652 8.937658 43.346764 -0.259730 -0.430932 -0.864198 0.259391 0.221365 2 217 0.708239 216 0.291761
  217 -11.140629 9.209209 43.335472 -0.504319 0.099433 -0.857774 0.270235 0.221565 2 217 0.800614 216 0.199386
  217 -10.541197 9.177587 43.083858 -0.264383 -0.411206 -0.872360 0.259391 0.209031 2 217 0.716291 216 0.283709
UV2
  216 -8.274374 6.124649 46.090809 -0.327572 -0.858067 -0.395495 0.177844 0.219434 3 216 0.742088 217 0.152132 215 0.105780
  216 -7.834876 6.397089 45.766140 0.008631 -0.741345 -0.671069 0.178080 0.207731 3 216 0.748560 217 0.153362 215 0.098079
  215 -5.565498 4.577793 47.849709 -0.043794 -0.794944 -0.605100 0.145336 0.207373 3 215 0.625137 216 0.255053 207 0.119810
UV2
  217 -10.541197 9.177587 43.083858 -0.264383 -0.411206 -0.872360 0.259391 0.209031 2 217 0.716291 216 0.283709
  217 -11.140629 9.209209 43.335472 -0.504319 0.099433 -0.857774 0.270235 0.221565 2 217 0.800614 216 0.199386
  217 -10.652962 9.445834 43.076199 -0.514204 0.130970 -0.847609 0.270235 0.209173 2 217 0.810346 216 0.189654
UV2
  217 -10.541197 9.177587 43.083858 -0.264383 -0.411206 -0.872360 0.259391 0.209031 2 217 0.716291 216 0.283709
  217 -10.652962 9.445834 43.076199 -0.514204 0.130970 -0.847609 0.270235 0.209173 2 217 0.810346 216 0.189654
  217 -10.046741 9.417513 42.820969 -0.265466 -0.410570 -0.872330 0.259391 0.196696 2 217 0.725040 216 0.274960
UV2
  217 -11.140629 9.209209 43.335472 -0.504319 0.099433 -0.857774 0.270235 0.221565 2 217 0.800614 216 0.199386
  217 -11.127345 9.361524 43.419983 -0.583461 0.583678 -0.564705 0.274374 0.220970 2 217 0.822190 216 0.177810
  217 -10.652962 9.445834 43.076199 -0.514204 0.130970 -0.847609 0.270235 0.209173 2 217 0.810346 216 0.189654
UV2
  217 -10.046741 9.417513 42.820969 -0.265466 -0.410570 -0.872330 0.259391 0.196696 2 217 0.725040 216 0.274960
  217 -10.652962 9.445834 43.076199 -0.514204 0.130970 -0.847609 0.270235 0.209173 2 217 0.810346 216 0.189654
  217 -10.165302 9.682465 42.816910 -0.514214 0.130974 -0.847602 0.270235 0.196781 2 217 0.819730 216 0.180270
UV2
  217 -10.652962 9.445834 43.076199 -0.514204 0.130970 -0.847609 0.270235 0.209173 2 217 0.810346 216 0.189654
  217 -11.127345 9.361524 43.419983 -0.583461 0.583678 -0.564705 0.274374 0.220970 2 217 0.822190 216 0.177810
  217 -10.646354 9.594916 43.164246 -0.583108 0.591406 -0.556976 0.274374 0.208748 2 217 0.828722 216 0.171278
UV2
  217 -10.652962 9.445834 43.076199 -0.514204 0.130970 -0.847609 0.270235 0.209173 2 217 0.810346 216 0.189654
  217 -10.646354 9.594916 43.164246 -0.583108 0.591406 -0.556976 0.274374 0.208748 2 217 0.828722 216 0.171278
  217 -10.165302 9.682465 42.816910 -0.514214 0.130974 -0.847602 0.270235 0.196781 2 217 0.819730 216 0.180270
UV2
  217 -11.127345 9.361524 43.419983 -0.583461 0.583678 -0.564705 0.274374 0.220970 2 217 0.822190 216 0.177810
  217 -11.096158 9.488541 43.606354 -0.493685 0.857270 -0.146161 0.270235 0.221565 2 217 0.792979 216 0.207021
  217 -10.646354 9.594916 43.164246 -0.583108 0.591406 -0.556976 0.274374 0.208748 2 217 0.828722 216 0.171278
UV2
  217 -10.165302 9.682465 42.816910 -0.514214 0.130974 -0.847602 0.270235 0.196781 2 217 0.819730 216 0.180270
  217 -10.646354 9.594916 43.164246 -0.583108 0.591406 -0.556976 0.274374 0.208748 2 217 0.828722 216 0.171278
  217 -10.165384 9.828295 42.908531 -0.583105 0.591421 -0.556965 0.274374 0.196526 2 217 0.837660 216 0.162340
UV2
  217 -10.646354 9.594916 43.164246 -0.583108 0.591406 -0.556976 0.274374 0.208748 2 217 0.828722 216 0.171278
  217 -11.096158 9.488541 43.606354 -0.493685 0.857270 -0.146161 0.270235 0.221565 2 217 0.792979 216 0.207021
  217 -10.608492 9.725171 43.347069 -0.494392 0.856516 -0.148177 0.270235 0.209173 2 217 0.799563 216 0.200437
UV2
  217 -10.646354 9.594916 43.164246 -0.583108 0.591406 -0.556976 0.274374 0.208748 2 217 0.828722 216 0.171278
  217 -10.608492 9.725171 43.347069 -0.494392 0.856516 -0.148177 0.270235 0.209173 2 217 0.799563 216 0.200437
  217 -10.165384 9.828295 42.908531 -0.583105 0.591421 -0.556965 0.274374 0.196526 2 217 0.837660 216 0.162340
UV2
  217 -11.096158 9.488541 43.606354 -0.493685 0.857270 -0.146161 0.270235 0.221565 2 217 0.792979 216 0.207021
  217 -10.955015 9.511496 43.893478 -0.238798 0.897737 0.370194 0.259391 0.221365 2 217 0.692405 216 0.307595
  217 -10.608492 9.725171 43.347069 -0.494392 0.856516 -0.148177 0.270235 0.209173 2 217 0.799563 216 0.200437
UV2
  217 -10.165384 9.828295 42.908531 -0.583105 0.591421 -0.556965 0.274374 0.196526 2 217 0.837660 216 0.162340
  217 -10.608492 9.725171 43.347069 -0.494392 0.856516 -0.148177 0.270235 0.209173 2 217 0.799563 216 0.200437
  217 -10.120825 9.961802 43.087776 -0.494397 0.856510 -0.148198 0.270235 0.196781 2 217 0.808587 216 0.191413
UV2
  217 -10.608492 9.725171 43.347069 -0.494392 0.856516 -0.148177 0.270235 0.209173 2 217 0.799563 216 0.200437
  217 -10.955015 9.511496 43.893478 -0.238798 0.897737 0.370194 0.259391 0.221365 2 217 0.692405 216 0.307595
  217 -10.460560 9.751423 43.630600 -0.246218 0.899710 0.360413 0.259391 0.209031 2 217 0.699074 216 0.300926
UV2
  217 -10.608492 9.725171 43.347069 -0.494392 0.856516 -0.148177 0.270235 0.209173 2 217 0.799563 216 0.200437
  217 -10.460560 9.751423 43.630600 -0.246218 0.899710 0.360413 0.259391 0.209031 2 217 0.699074 216 0.300926
  217 -10.120825 9.961802 43.087776 -0.494397 0.856510 -0.148198 0.270235 0.196781 2 217 0.808587 216 0.191413
UV2
  217 -10.955015 9.511496 43.893478 -0.238798 0.897737 0.370194 0.259391 0.221365 2 217 0.692405 216 0.307595
  216 -10.301029 8.872688 44.882877 -0.059005 0.775228 0.628919 0.220321 0.220189 3 216 0.535851 217 0.462946 207 0.001203
  217 -10.460560 9.751423 43.630600 -0.246218 0.899710 0.360413 0.259391 0.209031 2 217 0.699074 216 0.300926
UV2
  217 -10.120825 9.961802 43.087776 -0.494397 0.856510 -0.148198 0.270235 0.196781 2 217 0.808587 216 0.191413
  217 -10.460560 9.751423 43.630600 -0.246218 0.899710 0.360413 0.259391 0.209031 2 217 0.699074 216 0.300926
  217 -9.966105 9.991343 43.367702 -0.250753 0.900368 0.355612 0.259391 0.196696 2 217 0.707586 216 0.292414
UV2
  217 -10.460560 9.751423 43.630600 -0.246218 0.899710 0.360413 0.259391 0.209031 2 217 0.699074 216 0.300926
  216 -10.301029 8.872688 44.882877 -0.059005 0.775228 0.628919 0.220321 0.220189 3 216 0.535851 217 0.462946 207 0.001203
  216 -9.780191 9.125363 44.622303 -0.071861 0.774499 0.628480 0.220321 0.208191 3 216 0.531426 217 0.467361 207 0.001213
UV2
  217 -10.460560 9.751423 43.630600 -0.246218 0.899710 0.360413 0.259391 0.209031 2 217 0.699074 216 0.300926
  216 -9.780191 9.125363 44.622303 -0.071861 0.774499 0.628480 0.220321 0.208191 3 216 0.531426 217 0.467361 207 0.001213
  217 -9.966105 9.991343 43.367702 -0.250753 0.900368 0.355612 0.259391 0.196696 2 217 0.707586 216 0.292414
UV2
  217 -9.966105 9.991343 43.367702 -0.250753 0.900368 0.355612 0.259391 0.196696 2 217 0.707586 216 0.292414
  216 -9.780191 9.125363 44.622303 -0.071861 0.774499 0.628480 0.220321 0.208191 3 216 0.531426 217 0.467361 207 0.001213
  216 -9.256913 9.386321 44.372086 -0.090478 0.774815 0.625680 0.220321 0.196192 3 216 0.527414 217 0.471365 207 0.001222
UV2
  216 -9.780191 9.125363 44.622303 -0.071861 0.774499 0.628480 0.220321 0.208191 3 216 0.531426 217 0.467361 207 0.001213
  216 -10.301029 8.872688 44.882877 -0.059005 0.775228 0.628919 0.220321 0.220189 3 216 0.535851 217 0.462946 207 0.001203
  216 -8.148240 6.977199 47.034313 -0.398717 0.389582 0.830211 0.182465 0.219552 3 216 0.704492 215 0.149030 217 0.146478
UV2
  216 -9.256913 9.386321 44.372086 -0.090478 0.774815 0.625680 0.220321 0.196192 3 216 0.527414 217 0.471365 207 0.001222
  216 -9.780191 9.125363 44.622303 -0.071861 0.774499 0.628480 0.220321 0.208191 3 216 0.531426 217 0.467361 207 0.001213
  216 -7.721375 7.305492 46.726048 -0.028972 0.695390 0.718048 0.182698 0.207803 3 216 0.716579 217 0.148374 215 0.135047
UV2
  216 -8.148240 6.977199 47.034313 -0.398717 0.389582 0.830211 0.182465 0.219552 3 216 0.704492 215 0.149030 217 0.146478
  216 -7.721375 7.305492 46.726048 -0.028972 0.695390 0.718048 0.182698 0.207803 3 216 0.716579 217 0.148374 215 0.135047
  216 -9.780191 9.125363 44.622303 -0.071861 0.774499 0.628480 0.220321 0.208191 3 216 0.531426 217 0.467361 207 0.001213
UV2
  216 -7.721375 7.305492 46.726048 -0.028972 0.695390 0.718048 0.182698 0.207803 3 216 0.716579 217 0.148374 215 0.135047
  216 -7.294559 7.648970 46.423920 -0.042199 0.687182 0.725258 0.183006 0.195962 3 216 0.730141 217 0.150127 215 0.119732
  216 -9.256913 9.386321 44.372086 -0.090478 0.774815 0.625680 0.220321 0.196192 3 216 0.527414 217 0.471365 207 0.001222
UV2
  216 -8.148240 6.977199 47.034313 -0.398717 0.389582 0.830211 0.182465 0.219552 3 216 0.704492 215 0.149030 217 0.146478
  215 -5.884826 4.969741 48.820820 0.047427 0.723232 0.688974 0.145336 0.218857 3 215 0.643929 216 0.237410 207 0.118661
  216 -7.721375 7.305492 46.726048 -0.028972 0.695390 0.718048 0.182698 0.207803 3 216 0.716579 217 0.148374 215 0.135047
UV2
  216 -7.721375 7.305492 46.726048 -0.028972 0.695390 0.718048 0.182698 0.207803 3 216 0.716579 217 0.148374 215 0.135047
  215 -5.505105 5.207027 48.542305 0.050180 0.714386 0.697950 0.145336 0.207373 3 215 0.638319 216 0.242244 207 0.119437
  216 -7.294559 7.648970 46.423920 -0.042199 0.687182 0.725258 0.183006 0.195962 3 216 0.730141 217 0.150127 215 0.119732
UV2
  216 -7.721375 7.305492 46.726048 -0.028972 0.695390 0.718048 0.182698 0.207803 3 216 0.716579 217 0.148374 215 0.135047
  215 -5.884826 4.969741 48.820820 0.047427 0.723232 0.688974 0.145336 0.218857 3 215 0.643929 216 0.237410 207 0.118661
  215 -5.505105 5.207027 48.542305 0.050180 0.714386 0.697950 0.145336 0.207373 3 215 0.638319 216 0.242244 207 0.119437
UV2
  216 -7.294559 7.648970 46.423920 -0.042199 0.687182 0.725258 0.183006 0.195962 3 216 0.730141 217 0.150127 215 0.119732
  215 -5.505105 5.207027 48.542305 0.050180 0.714386 0.697950 0.145336 0.207373 3 215 0.638319 216 0.242244 207 0.119437
  215 -5.118184 5.458499 48.270592 0.049269 0.694044 0.718245 0.145336 0.195701 3 215 0.632801 216 0.247212 207 0.119988
UV2
  215 -5.884826 4.969741 48.820820 0.047427 0.723232 0.688974 0.145336 0.218857 3 215 0.643929 216 0.237410 207 0.118661
  215 -3.929161 3.743766 50.141048 0.122342 0.838666 0.530728 0.106351 0.217658 3 215 0.476053 207 0.472582 216 0.051365
  215 -5.505105 5.207027 48.542305 0.050180 0.714386 0.697950 0.145336 0.207373 3 215 0.638319 216 0.242244 207 0.119437
UV2
  215 -5.505105 5.207027 48.542305 0.050180 0.714386 0.697950 0.145336 0.207373 3 215 0.638319 216 0.242244 207 0.119437
  207 -3.608258 3.846476 49.894768 0.123376 0.836071 0.534568 0.106351 0.206382 3 207 0.475133 215 0.472127 216 0.052740
  215 -5.118184 5.458499 48.270592 0.049269 0.694044 0.718245 0.145336 0.195701 3 215 0.632801 216 0.247212 207 0.119988
UV2
  215 -5.505105 5.207027 48.542305 0.050180 0.714386 0.697950 0.145336 0.207373 3 215 0.638319 216 0.242244 207 0.119437
  215 -3.929161 3.743766 50.141048 0.122342 0.838666 0.530728 0.106351 0.217658 3 215 0.476053 207 0.472582 216 0.051365
  207 -3.608258 3.846476 49.894768 0.123376 0.836071 0.534568 0.106351 0.206382 3 207 0.475133 215 0.472127 216 0.052740
UV2
  215 -5.118184 5.458499 48.270592 0.049269 0.694044 0.718245 0.145336 0.195701 3 215 0.632801 216 0.247212 207 0.119988
  207 -3.608258 3.846476 49.894768 0.123376 0.836071 0.534568 0.106351 0.206382 3 207 0.475133 215 0.472127 216 0.052740
  207 -3.286071 3.958724 49.653694 0.131543 0.813966 0.565823 0.106351 0.195107 3 207 0.476073 215 0.469795 216 0.054132
UV2
  215 -3.929161 3.743766 50.141048 0.122342 0.838666 0.530728 0.106351 0.217658 3 215 0.476053 207 0.472582 216 0.051365
  207 -2.063618 3.057896 51.157528 0.146022 0.929971 0.337389 0.067281 0.217477 3 207 0.951614 215 0.040505 216 0.007881
  207 -3.608258 3.846476 49.894768 0.123376 0.836071 0.534568 0.106351 0.206382 3 207 0.475133 215 0.472127 216 0.052740
UV2
  207 -3.608258 3.846476 49.894768 0.123376 0.836071 0.534568 0.106351 0.206382 3 207 0.475133 215 0.472127 216 0.052740
  207 -1.874499 3.111016 50.920177 0.159733 0.928006 0.336587 0.067281 0.206253 3 207 0.941289 215 0.050890 216 0.007821
  207 -3.286071 3.958724 49.653694 0.131543 0.813966 0.565823 0.106351 0.195107 3 207 0.476073 215 0.469795 216 0.054132
UV2
  207 -3.608258 3.846476 49.894768 0.123376 0.836071 0.534568 0.106351 0.206382 3 207 0.475133 215 0.472127 216 0.052740
  207 -2.063618 3.057896 51.157528 0.146022 0.929971 0.337389 0.067281 0.217477 3 207 0.951614 215 0.040505 216 0.007881
  207 -1.874499 3.111016 50.920177 0.159733 0.928006 0.336587 0.067281 0.206253 3 207 0.941289 215 0.050890 216 0.007821
UV2
  207 -3.286071 3.958724 49.653694 0.131543 0.813966 0.565823 0.106351 0.195107 3 207 0.476073 215 0.469795 216 0.054132
  207 -1.874499 3.111016 50.920177 0.159733 0.928006 0.336587 0.067281 0.206253 3 207 0.941289 215 0.050890 216 0.007821
  207 -1.685380 3.164136 50.682831 0.188025 0.915462 0.355774 0.067281 0.195029 3 207 0.930652 215 0.061300 216 0.008048
UV2
  207 -2.063618 3.057896 51.157528 0.146022 0.929971 0.337389 0.067281 0.217477 3 207 0.951614 215 0.040505 216 0.007881
  207 -0.570976 2.689678 51.740376 0.646477 0.746944 0.155376 0.037834 0.218115 1 207 1.000000
  207 -1.874499 3.111016 50.920177 0.159733 0.928006 0.336587 0.067281 0.206253 3 207 0.941289 215 0.050890 216 0.007821
UV2
  207 -1.874499 3.111016 50.920177 0.159733 0.928006 0.336587 0.067281 0.206253 3 207 0.941289 215 0.050890 216 0.007821
  207 -0.557480 2.731972 51.460308 0.608104 0.778920 0.153275 0.037834 0.206709 1 207 1.000000
  207 -1.685380 3.164136 50.682831 0.188025 0.915462 0.355774 0.067281 0.195029 3 207 0.930652 215 0.061300 216 0.008048
UV2
  207 -1.874499 3.111016 50.920177 0.159733 0.928006 0.336587 0.067281 0.206253 3 207 0.941289 215 0.050890 216 0.007821
  207 -0.570976 2.689678 51.740376 0.646477 0.746944 0.155376 0.037834 0.218115 1 207 1.000000
  207 -0.557480 2.731972 51.460308 0.608104 0.778920 0.153275 0.037834 0.206709 1 207 1.000000
UV2
  207 -1.685380 3.164136 50.682831 0.188025 0.915462 0.355774 0.067281 0.195029 3 207 0.930652 215 0.061300 216 0.008048
  207 -0.557480 2.731972 51.460308 0.608104 0.778920 0.153275 0.037834 0.206709 1 207 1.000000
  207 -0.543980 2.774273 51.180222 0.626609 0.764058 0.153545 0.037834 0.195303 1 207 1.000000
UV2
  207 -0.570976 2.689678 51.740376 0.646477 0.746944 0.155376 0.037834 0.218115 1 207 1.000000
  207 -0.514690 2.583339 51.729576 0.981489 -0.190622 0.018508 0.032645 0.218115 1 207 1.000000
  207 -0.557480 2.731972 51.460308 0.608104 0.778920 0.153275 0.037834 0.206709 1 207 1.000000
UV2
  207 -0.557480 2.731972 51.460308 0.608104 0.778920 0.153275 0.037834 0.206709 1 207 1.000000
  207 -0.501195 2.625633 51.449505 0.983332 -0.180708 0.020091 0.032645 0.206709 1 207 1.000000
  207 -0.543980 2.774273 51.180222 0.626609 0.764058 0.153545 0.037834 0.195303 1 207 1.000000
UV2
  207 -0.557480 2.731972 51.460308 0.608104 0.778920 0.153275 0.037834 0.206709 1 207 1.000000
  207 -0.514690 2.583339 51.729576 0.981489 -0.190622 0.018508 0.032645 0.218115 1 207 1.000000
  207 -0.501195 2.625633 51.449505 0.983332 -0.180708 0.020091 0.032645 0.206709 1 207 1.000000
UV2
  207 -0.543980 2.774273 51.180222 0.626609 0.764058 0.153545 0.037834 0.195303 1 207 1.000000
  207 -0.501195 2.625633 51.449505 0.983332 -0.180708 0.020091 0.032645 0.206709 1 207 1.000000
  207 -0.487695 2.667941 51.169437 0.983344 -0.180634 0.020123 0.032645 0.195303 1 207 1.000000
UV2
  207 -0.514690 2.583339 51.729576 0.981489 -0.190622 0.018508 0.032645 0.218115 1 207 1.000000
  207 -0.601768 2.506388 51.716164 0.344417 -0.930599 -0.123947 0.037834 0.218115 1 207 1.000000
  207 -0.501195 2.625633 51.449505 0.983332 -0.180708 0.020091 0.032645 0.206709 1 207 1.000000
UV2
  207 -0.501195 2.625633 51.449505 0.983332 -0.180708 0.020091 0.032645 0.206709 1 207 1.000000
  207 -0.588270 2.548689 51.436081 0.286572 -0.948572 -0.134493 0.037834 0.206709 1 207 1.000000
  207 -0.487695 2.667941 51.169437 0.983344 -0.180634 0.020123 0.032645 0.195303 1 207 1.000000
UV2
  207 -0.501195 2.625633 51.449505 0.983332 -0.180708 0.020091 0.032645 0.206709 1 207 1.000000
  207 -0.601768 2.506388 51.716164 0.344417 -0.930599 -0.123947 0.037834 0.218115 1 207 1.000000
  207 -0.588270 2.548689 51.436081 0.286572 -0.948572 -0.134493 0.037834 0.206709 1 207 1.000000
UV2
  207 -0.487695 2.667941 51.169437 0.983344 -0.180634 0.020123 0.032645 0.195303 1 207 1.000000
  207 -0.588270 2.548689 51.436081 0.286572 -0.948572 -0.134493 0.037834 0.206709 1 207 1.000000
  207 -0.574773 2.590983 51.156013 0.270673 -0.952823 -0.137349 0.037834 0.195303 1 207 1.000000
UV2
  207 -0.601768 2.506388 51.716164 0.344417 -0.930599 -0.123947 0.037834 0.218115 1 207 1.000000
  207 -2.082963 2.811336 51.117905 -0.074526 -0.961557 -0.264299 0.067281 0.217477 3 207 0.968294 215 0.023521 216 0.008185
  207 -0.588270 2.548689 51.436081 0.286572 -0.948572 -0.134493 0.037834 0.206709 1 207 1.000000
UV2
  207 -0.588270 2.548689 51.436081 0.286572 -0.948572 -0.134493 0.037834 0.206709 1 207 1.000000
  207 -1.893841 2.864449 50.880550 -0.080554 -0.959404 -0.270288 0.067281 0.206253 3 207 0.957559 215 0.034205 216 0.008236
  207 -0.574773 2.590983 51.156013 0.270673 -0.952823 -0.137349 0.037834 0.195303 1 207 1.000000
UV2
  207 -0.588270 2.548689 51.436081 0.286572 -0.948572 -0.134493 0.037834 0.206709 1 207 1.000000
  207 -2.082963 2.811336 51.117905 -0.074526 -0.961557 -0.264299 0.067281 0.217477 3 207 0.968294 215 0.023521 216 0.008185
  207 -1.893841 2.864449 50.880550 -0.080554 -0.959404 -0.270288 0.067281 0.206253 3 207 0.957559 215 0.034205 216 0.008236
UV2
  207 -0.574773 2.590983 51.156013 0.270673 -0.952823 -0.137349 0.037834 0.195303 1 207 1.000000
  207 -1.893841 2.864449 50.880550 -0.080554 -0.959404 -0.270288 0.067281 0.206253 3 207 0.957559 215 0.034205 216 0.008236
  207 -1.704723 2.917569 50.643211 -0.094291 -0.954010 -0.284561 0.067281 0.195029 3 207 0.946814 215 0.044721 216 0.008465
UV2
  207 -2.082963 2.811336 51.117905 -0.074526 -0.961557 -0.264299 0.067281 0.217477 3 207 0.968294 215 0.023521 216 0.008185
  215 -4.009973 3.241720 49.829964 -0.162258 -0.942047 -0.293632 0.106351 0.217658 3 215 0.476467 207 0.468354 216 0.055179
  207 -1.893841 2.864449 50.880550 -0.080554 -0.959404 -0.270288 0.067281 0.206253 3 207 0.957559 215 0.034205 216 0.008236
UV2
  207 -1.893841 2.864449 50.880550 -0.080554 -0.959404 -0.270288 0.067281 0.206253 3 207 0.957559 215 0.034205 216 0.008236
  207 -3.686594 3.263927 49.575909 -0.106689 -0.931457 -0.347858 0.106351 0.206382 3 207 0.473553 215 0.470732 216 0.055714
  207 -1.704723 2.917569 50.643211 -0.094291 -0.954010 -0.284561 0.067281 0.195029 3 207 0.946814 215 0.044721 216 0.008465
UV2
  207 -1.893841 2.864449 50.880550 -0.080554 -0.959404 -0.270288 0.067281 0.206253 3 207 0.957559 215 0.034205 216 0.008236
  215 -4.009973 3.241720 49.829964 -0.162258 -0.942047 -0.293632 0.106351 0.217658 3 215 0.476467 207 0.468354 216 0.055179
  207 -3.686594 3.263927 49.575909 -0.106689 -0.931457 -0.347858 0.106351 0.206382 3 207 0.473553 215 0.470732 216 0.055714
UV2
  207 -1.704723 2.917569 50.643211 -0.094291 -0.954010 -0.284561 0.067281 0.195029 3 207 0.946814 215 0.044721 216 0.008465
  207 -3.686594 3.263927 49.575909 -0.106689 -0.931457 -0.347858 0.106351 0.206382 3 207 0.473553 215 0.470732 216 0.055714
  207 -3.366979 3.357085 49.324398 -0.073140 -0.902278 -0.424906 0.106351 0.195107 3 207 0.474388 215 0.468445 216 0.057168
UV2
  215 -4.009973 3.241720 49.829964 -0.162258 -0.942047 -0.293632 0.106351 0.217658 3 215 0.476467 207 0.468354 216 0.055179
  215 -5.957491 4.395216 48.150066 -0.072574 -0.818159 -0.570393 0.145336 0.218857 3 215 0.627223 216 0.253491 207 0.119287
  207 -3.686594 3.263927 49.575909 -0.106689 -0.931457 -0.347858 0.106351 0.206382 3 207 0.473553 215 0.470732 216 0.055714
UV2
  207 -3.686594 3.263927 49.575909 -0.106689 -0.931457 -0.347858 0.106351 0.206382 3 207 0.473553 215 0.470732 216 0.055714
  215 -5.565498 4.577793 47.849709 -0.043794 -0.794944 -0.605100 0.145336 0.207373 3 215 0.625137 216 0.255053 207 0.119810
  207 -3.366979 3.357085 49.324398 -0.073140 -0.902278 -0.424906 0.106351 0.195107 3 207 0.474388 215 0.468445 216 0.057168
UV2
  207 -3.686594 3.263927 49.575909 -0.106689 -0.931457 -0.347858 0.106351 0.206382 3 207 0.473553 215 0.470732 216 0.055714
  215 -5.957491 4.395216 48.150066 -0.072574 -0.818159 -0.570393 0.145336 0.218857 3 215 0.627223 216 0.253491 207 0.119287
  215 -5.565498 4.577793 47.849709 -0.043794 -0.794944 -0.605100 0.145336 0.207373 3 215 0.625137 216 0.255053 207 0.119810
UV2
  215 -5.565498 4.577793 47.849709 -0.043794 -0.794944 -0.605100 0.145336 0.207373 3 215 0.625137 216 0.255053 207 0.119810
  215 -5.957491 4.395216 48.150066 -0.072574 -0.818159 -0.570393 0.145336 0.218857 3 215 0.627223 216 0.253491 207 0.119287
  216 -8.274374 6.124649 46.090809 -0.327572 -0.858067 -0.395495 0.177844 0.219434 3 216 0.742088 217 0.152132 215 0.105780
UV2
  216 -8.274374 6.124649 46.090809 -0.327572 -0.858067 -0.395495 0.177844 0.219434 3 216 0.742088 217 0.152132 215 0.105780
  215 -5.957491 4.395216 48.150066 -0.603933 -0.793202 0.078076 0.145336 0.218857 3 215 0.627223 216 0.253491 207 0.119287
  215 -5.995219 4.434355 48.255875 -0.715606 -0.207440 0.666991 0.145336 0.220192 3 215 0.629224 216 0.253498 207 0.117278
UV2
  215 -5.995219 4.434355 48.255875 -0.715606 -0.207440 0.666991 0.145336 0.220192 3 215 0.629224 216 0.253498 207 0.117278
  215 -5.957491 4.395216 48.150066 -0.603933 -0.793202 0.078076 0.145336 0.218857 3 215 0.627223 216 0.253491 207 0.119287
  215 -4.009973 3.241720 49.829964 -0.584387 -0.691480 0.424674 0.106351 0.217658 3 215 0.476467 207 0.468354 216 0.055179
UV2
  216 -8.274374 6.124649 46.090809 -0.327572 -0.858067 -0.395495 0.177844 0.219434 3 216 0.742088 217 0.152132 215 0.105780
  215 -5.995219 4.434355 48.255875 -0.715606 -0.207440 0.666991 0.145336 0.220192 3 215 0.629224 216 0.253498 207 0.117278
  216 -8.343901 6.165391 46.174904 -0.762791 -0.345738 0.546456 0.178295 0.220693 3 216 0.745796 217 0.152619 215 0.101584
UV2
  216 -10.420971 8.000073 44.016266 -0.668001 -0.722824 -0.176914 0.220321 0.220189 3 216 0.523192 217 0.475581 207 0.001227
  216 -8.274374 6.124649 46.090809 -0.327572 -0.858067 -0.395495 0.177844 0.219434 3 216 0.742088 217 0.152132 215 0.105780
  216 -8.343901 6.165391 46.174904 -0.762791 -0.345738 0.546456 0.178295 0.220693 3 216 0.745796 217 0.152619 215 0.101584
UV2
  215 -5.995219 4.434355 48.255875 -0.715606 -0.207440 0.666991 0.145336 0.220192 3 215 0.629224 216 0.253498 207 0.117278
  215 -4.009973 3.241720 49.829964 -0.584387 -0.691480 0.424674 0.106351 0.217658 3 215 0.476467 207 0.468354 216 0.055179
  215 -4.039738 3.314677 49.906666 -0.570566 -0.015983 0.821096 0.106384 0.219072 3 215 0.477041 207 0.468104 216 0.054854
UV2
  215 -4.039738 3.314677 49.906666 -0.570566 -0.015983 0.821096 0.106384 0.219072 3 215 0.477041 207 0.468104 216 0.054854
  215 -4.009973 3.241720 49.829964 -0.584387 -0.691480 0.424674 0.106351 0.217658 3 215 0.476467 207 0.468354 216 0.055179
  207 -2.082963 2.811336 51.117905 -0.456948 -0.612338 0.645167 0.067281 0.217477 3 207 0.968294 215 0.023521 216 0.008185
UV2
  216 -8.343901 6.165391 46.174904 -0.762791 -0.345738 0.546456 0.178295 0.220693 3 216 0.745796 217 0.152619 215 0.101584
  215 -5.995219 4.434355 48.255875 -0.715606 -0.207440 0.666991 0.145336 0.220192 3 215 0.629224 216 0.253498 207 0.117278
  215 -5.403347 4.974866 48.099220 -0.800763 -0.352167 0.484517 0.145336 0.203382 3 215 0.629747 216 0.250856 207 0.119397
UV2
  215 -4.039738 3.314677 49.906666 -0.570566 -0.015983 0.821096 0.106384 0.219072 3 215 0.477041 207 0.468104 216 0.054854
  215 -5.403347 4.974866 48.099220 -0.800763 -0.352167 0.484517 0.145336 0.203382 3 215 0.629747 216 0.250856 207 0.119397
  215 -5.995219 4.434355 48.255875 -0.715606 -0.207440 0.666991 0.145336 0.220192 3 215 0.629224 216 0.253498 207 0.117278
UV2
  215 -4.039738 3.314677 49.906666 -0.570566 -0.015983 0.821096 0.106384 0.219072 3 215 0.477041 207 0.468104 216 0.054854
  207 -2.082963 2.811336 51.117905 -0.456948 -0.612338 0.645167 0.067281 0.217477 3 207 0.968294 215 0.023521 216 0.008185
  207 -2.098960 2.850142 51.143246 -0.414278 0.188875 0.890337 0.067366 0.218428 3 207 0.965422 215 0.026500 216 0.008078
UV2
  207 -2.098960 2.850142 51.143246 -0.414278 0.188875 0.890337 0.067366 0.218428 3 207 0.965422 215 0.026500 216 0.008078
  207 -2.082963 2.811336 51.117905 -0.456948 -0.612338 0.645167 0.067281 0.217477 3 207 0.968294 215 0.023521 216 0.008185
  207 -0.601768 2.506388 51.716164 -0.329379 0.370798 0.868342 0.037834 0.218115 1 207 1.000000
UV2
  215 -4.039738 3.314677 49.906666 -0.570566 -0.015983 0.821096 0.106384 0.219072 3 215 0.477041 207 0.468104 216 0.054854
  207 -3.607973 3.570847 49.699539 -0.685825 -0.160396 0.709871 0.106463 0.204879 3 207 0.475840 215 0.470133 216 0.054027
  215 -5.403347 4.974866 48.099220 -0.800763 -0.352167 0.484517 0.145336 0.203382 3 215 0.629747 216 0.250856 207 0.119397
UV2
  207 -2.098960 2.850142 51.143246 -0.414278 0.188875 0.890337 0.067366 0.218428 3 207 0.965422 215 0.026500 216 0.008078
  207 -3.607973 3.570847 49.699539 -0.685825 -0.160396 0.709871 0.106463 0.204879 3 207 0.475840 215 0.470133 216 0.054027
  215 -4.039738 3.314677 49.906666 -0.570566 -0.015983 0.821096 0.106384 0.219072 3 215 0.477041 207 0.468104 216 0.054854
UV2
  207 -2.098960 2.850142 51.143246 -0.414278 0.188875 0.890337 0.067366 0.218428 3 207 0.965422 215 0.026500 216 0.008078
  207 -0.601768 2.506388 51.716164 -0.329379 0.370798 0.868342 0.037834 0.218115 1 207 1.000000
  207 -0.572304 2.602130 51.685081 -0.490268 -0.040499 0.870630 0.036967 0.216347 1 207 1.000000
UV2
  207 -0.601768 2.506388 51.716164 -0.329379 0.370798 0.868342 0.037834 0.218115 1 207 1.000000
  207 -0.514690 2.583339 51.729576 -0.609096 0.010190 0.793031 0.032645 0.218115 1 207 1.000000
  207 -0.572304 2.602130 51.685081 -0.490268 -0.040499 0.870630 0.036967 0.216347 1 207 1.000000
UV2
  207 -0.572304 2.602130 51.685081 -0.490268 -0.040499 0.870630 0.036967 0.216347 1 207 1.000000
  207 -0.514690 2.583339 51.729576 -0.609096 0.010190 0.793031 0.032645 0.218115 1 207 1.000000
  207 -0.570976 2.689678 51.740376 -0.474389 -0.456199 0.752886 0.037834 0.218115 1 207 1.000000
UV2
  207 -0.572304 2.602130 51.685081 -0.490268 -0.040499 0.870630 0.036967 0.216347 1 207 1.000000
  207 -1.911293 2.985067 50.917725 -0.568468 -0.166005 0.805783 0.067526 0.207294 3 207 0.948028 215 0.044113 216 0.007859
  207 -2.098960 2.850142 51.143246 -0.414278 0.188875 0.890337 0.067366 0.218428 3 207 0.965422 215 0.026500 216 0.008078
UV2
  207 -2.098960 2.850142 51.143246 -0.414278 0.188875 0.890337 0.067366 0.218428 3 207 0.965422 215 0.026500 216 0.008078
  207 -1.911293 2.985067 50.917725 -0.568468 -0.166005 0.805783 0.067526 0.207294 3 207 0.948028 215 0.044113 216 0.007859
  207 -3.607973 3.570847 49.699539 -0.685825 -0.160396 0.709871 0.106463 0.204879 3 207 0.475840 215 0.470133 216 0.054027
UV2
  207 -0.572304 2.602130 51.685081 -0.490268 -0.040499 0.870630 0.036967 0.216347 1 207 1.000000
  207 -0.570976 2.689678 51.740376 -0.474389 -0.456199 0.752886 0.037834 0.218115 1 207 1.000000
  207 -2.084636 3.017666 51.169464 -0.493304 -0.485944 0.721463 0.067354 0.218385 3 207 0.954140 215 0.037969 216 0.007891
UV2
  207 -2.084636 3.017666 51.169464 -0.493304 -0.485944 0.721463 0.067354 0.218385 3 207 0.954140 215 0.037969 216 0.007891
  207 -1.911293 2.985067 50.917725 -0.568468 -0.166005 0.805783 0.067526 0.207294 3 207 0.948028 215 0.044113 216 0.007859
  207 -0.572304 2.602130 51.685081 -0.490268 -0.040499 0.870630 0.036967 0.216347 1 207 1.000000
UV2
  207 -3.607973 3.570847 49.699539 -0.685825 -0.160396 0.709871 0.106463 0.204879 3 207 0.475840 215 0.470133 216 0.054027
  207 -1.911293 2.985067 50.917725 -0.568468 -0.166005 0.805783 0.067526 0.207294 3 207 0.948028 215 0.044113 216 0.007859
  207 -2.084636 3.017666 51.169464 -0.493304 -0.485944 0.721463 0.067354 0.218385 3 207 0.954140 215 0.037969 216 0.007891
UV2
  207 -0.570976 2.689678 51.740376 -0.474389 -0.456199 0.752886 0.037834 0.218115 1 207 1.000000
  207 -2.063618 3.057896 51.157528 -0.287910 0.402580 0.868928 0.067281 0.217477 3 207 0.951614 215 0.040505 216 0.007881
  207 -2.084636 3.017666 51.169464 -0.493304 -0.485944 0.721463 0.067354 0.218385 3 207 0.954140 215 0.037969 216 0.007891
UV2
  215 -3.980826 3.650438 50.126389 -0.627538 -0.595633 0.501415 0.106383 0.219057 3 215 0.474783 207 0.471169 216 0.054047
  207 -3.607973 3.570847 49.699539 -0.685825 -0.160396 0.709871 0.106463 0.204879 3 207 0.475840 215 0.470133 216 0.054027
  207 -2.084636 3.017666 51.169464 -0.493304 -0.485944 0.721463 0.067354 0.218385 3 207 0.954140 215 0.037969 216 0.007891
UV2
  207 -2.084636 3.017666 51.169464 -0.493304 -0.485944 0.721463 0.067354 0.218385 3 207 0.954140 215 0.037969 216 0.007891
  207 -2.063618 3.057896 51.157528 -0.287910 0.402580 0.868928 0.067281 0.217477 3 207 0.951614 215 0.040505 216 0.007881
  215 -3.980826 3.650438 50.126389 -0.627538 -0.595633 0.501415 0.106383 0.219057 3 215 0.474783 207 0.471169 216 0.054047
UV2
  215 -5.403347 4.974866 48.099220 -0.800763 -0.352167 0.484517 0.145336 0.203382 3 215 0.629747 216 0.250856 207 0.119397
  207 -3.607973 3.570847 49.699539 -0.685825 -0.160396 0.709871 0.106463 0.204879 3 207 0.475840 215 0.470133 216 0.054027
  215 -3.980826 3.650438 50.126389 -0.627538 -0.595633 0.501415 0.106383 0.219057 3 215 0.474783 207 0.471169 216 0.054047
UV2
  207 -2.063618 3.057896 51.157528 -0.287910 0.402580 0.868928 0.067281 0.217477 3 207 0.951614 215 0.040505 216 0.007881
  215 -3.929161 3.743766 50.141048 -0.473787 0.120895 0.872301 0.106351 0.217658 3 215 0.476053 207 0.472582 216 0.051365
  215 -3.980826 3.650438 50.126389 -0.627538 -0.595633 0.501415 0.106383 0.219057 3 215 0.474783 207 0.471169 216 0.054047
UV2
  215 -3.980826 3.650438 50.126389 -0.627538 -0.595633 0.501415 0.106383 0.219057 3 215 0.474783 207 0.471169 216 0.054047
  215 -3.929161 3.743766 50.141048 -0.473787 0.120895 0.872301 0.106351 0.217658 3 215 0.476053 207 0.472582 216 0.051365
  215 -5.936286 4.865814 48.769142 -0.690404 -0.674010 0.262779 0.145336 0.220192 3 215 0.639737 216 0.241802 207 0.118462
UV2
  215 -5.936286 4.865814 48.769142 -0.690404 -0.674010 0.262779 0.145336 0.220192 3 215 0.639737 216 0.241802 207 0.118462
  215 -5.403347 4.974866 48.099220 -0.800763 -0.352167 0.484517 0.145336 0.203382 3 215 0.629747 216 0.250856 207 0.119397
  215 -3.980826 3.650438 50.126389 -0.627538 -0.595633 0.501415 0.106383 0.219057 3 215 0.474783 207 0.471169 216 0.054047
UV2
  215 -3.929161 3.743766 50.141048 -0.473787 0.120895 0.872301 0.106351 0.217658 3 215 0.476053 207 0.472582 216 0.051365
  215 -5.884826 4.969741 48.820820 -0.623178 -0.078332 0.778148 0.145336 0.218857 3 215 0.643929 216 0.237410 207 0.118661
  215 -5.936286 4.865814 48.769142 -0.690404 -0.674010 0.262779 0.145336 0.220192 3 215 0.639737 216 0.241802 207 0.118462
UV2
  216 -8.148240 6.977199 47.034313 -0.398717 0.389582 0.830211 0.182465 0.219552 3 216 0.704492 215 0.149030 217 0.146478
  215 -5.936286 4.865814 48.769142 -0.690404 -0.674010 0.262779 0.145336 0.220192 3 215 0.639737 216 0.241802 207 0.118462
  215 -5.884826 4.969741 48.820820 -0.623178 -0.078332 0.778148 0.145336 0.218857 3 215 0.643929 216 0.237410 207 0.118661
UV2
  216 -7.640558 7.005200 46.214172 -0.785495 -0.483097 0.386801 0.180663 0.204509 3 216 0.733066 217 0.151389 215 0.115545
  215 -5.403347 4.974866 48.099220 -0.800763 -0.352167 0.484517 0.145336 0.203382 3 215 0.629747 216 0.250856 207 0.119397
  215 -5.936286 4.865814 48.769142 -0.690404 -0.674010 0.262779 0.145336 0.220192 3 215 0.639737 216 0.241802 207 0.118462
UV2
  215 -5.403347 4.974866 48.099220 -0.800763 -0.352167 0.484517 0.145336 0.203382 3 215 0.629747 216 0.250856 207 0.119397
  216 -7.640558 7.005200 46.214172 -0.785495 -0.483097 0.386801 0.180663 0.204509 3 216 0.733066 217 0.151389 215 0.115545
  216 -8.343901 6.165391 46.174904 -0.762791 -0.345738 0.546456 0.178295 0.220693 3 216 0.745796 217 0.152619 215 0.101584
UV2
  216 -8.170015 6.862888 47.011021 -0.756863 -0.598507 0.262580 0.181990 0.220772 3 216 0.701033 215 0.154756 217 0.144211
  215 -5.936286 4.865814 48.769142 -0.690404 -0.674010 0.262779 0.145336 0.220192 3 215 0.639737 216 0.241802 207 0.118462
  216 -8.148240 6.977199 47.034313 -0.398717 0.389582 0.830211 0.182465 0.219552 3 216 0.704492 215 0.149030 217 0.146478
UV2
  215 -5.936286 4.865814 48.769142 -0.690404 -0.674010 0.262779 0.145336 0.220192 3 215 0.639737 216 0.241802 207 0.118462
  216 -8.170015 6.862888 47.011021 -0.756863 -0.598507 0.262580 0.181990 0.220772 3 216 0.701033 215 0.154756 217 0.144211
  216 -7.640558 7.005200 46.214172 -0.785495 -0.483097 0.386801 0.180663 0.204509 3 216 0.733066 217 0.151389 215 0.115545
UV2
  216 -10.367297 8.808749 44.850006 -0.841474 -0.427683 0.330165 0.220433 0.221326 3 216 0.537576 217 0.461213 207 0.001211
  216 -8.170015 6.862888 47.011021 -0.756863 -0.598507 0.262580 0.181990 0.220772 3 216 0.701033 215 0.154756 217 0.144211
  216 -8.148240 6.977199 47.034313 -0.398717 0.389582 0.830211 0.182465 0.219552 3 216 0.704492 215 0.149030 217 0.146478
UV2
  216 -8.170015 6.862888 47.011021 -0.756863 -0.598507 0.262580 0.181990 0.220772 3 216 0.701033 215 0.154756 217 0.144211
  216 -10.367297 8.808749 44.850006 -0.841474 -0.427683 0.330165 0.220433 0.221326 3 216 0.537576 217 0.461213 207 0.001211
  216 -7.640558 7.005200 46.214172 -0.785495 -0.483097 0.386801 0.180663 0.204509 3 216 0.733066 217 0.151389 215 0.115545
UV2
  216 -8.148240 6.977199 47.034313 -0.398717 0.389582 0.830211 0.182465 0.219552 3 216 0.704492 215 0.149030 217 0.146478
  216 -10.301029 8.872688 44.882877 -0.624988 0.269466 0.732651 0.220321 0.220189 3 216 0.535851 217 0.462946 207 0.001203
  216 -10.367297 8.808749 44.850006 -0.841474 -0.427683 0.330165 0.220433 0.221326 3 216 0.537576 217 0.461213 207 0.001211
UV2
  216 -7.640558 7.005200 46.214172 -0.785495 -0.483097 0.386801 0.180663 0.204509 3 216 0.733066 217 0.151389 215 0.115545
  216 -10.462222 8.020203 44.089149 -0.842573 -0.295185 0.450486 0.220423 0.221330 3 216 0.525118 217 0.473672 207 0.001211
  216 -8.343901 6.165391 46.174904 -0.762791 -0.345738 0.546456 0.178295 0.220693 3 216 0.745796 217 0.152619 215 0.101584
UV2
  216 -8.343901 6.165391 46.174904 -0.762791 -0.345738 0.546456 0.178295 0.220693 3 216 0.745796 217 0.152619 215 0.101584
  216 -10.462222 8.020203 44.089149 -0.842573 -0.295185 0.450486 0.220423 0.221330 3 216 0.525118 217 0.473672 207 0.001211
  216 -10.420971 8.000073 44.016266 -0.668001 -0.722824 -0.176914 0.220321 0.220189 3 216 0.523192 217 0.475581 207 0.001227
UV2
  216 -7.640558 7.005200 46.214172 -0.785495 -0.483097 0.386801 0.180663 0.204509 3 216 0.733066 217 0.151389 215 0.115545
  216 -10.367297 8.808749 44.850006 -0.841474 -0.427683 0.330165 0.220433 0.221326 3 216 0.537576 217 0.461213 207 0.001211
  216 -9.740000 8.767829 44.153244 -0.799536 -0.420142 0.429212 0.220965 0.205723 3 216 0.526683 217 0.472107 207 0.001210
UV2
  216 -7.640558 7.005200 46.214172 -0.785495 -0.483097 0.386801 0.180663 0.204509 3 216 0.733066 217 0.151389 215 0.115545
  216 -9.740000 8.767829 44.153244 -0.799536 -0.420142 0.429212 0.220965 0.205723 3 216 0.526683 217 0.472107 207 0.001210
  216 -10.462222 8.020203 44.089149 -0.842573 -0.295185 0.450486 0.220423 0.221330 3 216 0.525118 217 0.473672 207 0.001211
UV2
  216 -10.367297 8.808749 44.850006 -0.841474 -0.427683 0.330165 0.220433 0.221326 3 216 0.537576 217 0.461213 207 0.001211
  216 -10.301029 8.872688 44.882877 -0.624988 0.269466 0.732651 0.220321 0.220189 3 216 0.535851 217 0.462946 207 0.001203
  217 -11.017576 9.453144 43.854515 -0.904301 -0.296968 0.306674 0.259931 0.222396 2 217 0.692149 216 0.307851
UV2
  216 -10.301029 8.872688 44.882877 -0.624988 0.269466 0.732651 0.220321 0.220189 3 216 0.535851 217 0.462946 207 0.001203
  217 -10.955015 9.511496 43.893478 -0.721986 0.394574 0.568373 0.259391 0.221365 2 217 0.692405 216 0.307595
  217 -11.017576 9.453144 43.854515 -0.904301 -0.296968 0.306674 0.259931 0.222396 2 217 0.692149 216 0.307851
UV2
  217 -11.017576 9.453144 43.854515 -0.904301 -0.296968 0.306674 0.259931 0.222396 2 217 0.692149 216 0.307851
  217 -10.955015 9.511496 43.893478 -0.721986 0.394574 0.568373 0.259391 0.221365 2 217 0.692405 216 0.307595
  217 -11.096158 9.488541 43.606354 -0.943987 0.253403 0.211365 0.270235 0.221565 2 217 0.792979 216 0.207021
UV2
  217 -10.494460 9.454269 43.373039 -0.454963 -0.603673 0.654666 0.261301 0.209018 2 217 0.697828 216 0.302172
  216 -9.740000 8.767829 44.153244 -0.799536 -0.420142 0.429212 0.220965 0.205723 3 216 0.526683 217 0.472107 207 0.001210
  216 -10.367297 8.808749 44.850006 -0.841474 -0.427683 0.330165 0.220433 0.221326 3 216 0.537576 217 0.461213 207 0.001211
UV2
  217 -11.017576 9.453144 43.854515 -0.904301 -0.296968 0.306674 0.259931 0.222396 2 217 0.692149 216 0.307851
  217 -10.494460 9.454269 43.373039 -0.454963 -0.603673 0.654666 0.261301 0.209018 2 217 0.697828 216 0.302172
  216 -10.367297 8.808749 44.850006 -0.841474 -0.427683 0.330165 0.220433 0.221326 3 216 0.537576 217 0.461213 207 0.001211
UV2
  216 -10.462222 8.020203 44.089149 -0.842573 -0.295185 0.450486 0.220423 0.221330 3 216 0.525118 217 0.473672 207 0.001211
  216 -9.740000 8.767829 44.153244 -0.799536 -0.420142 0.429212 0.220965 0.205723 3 216 0.526683 217 0.472107 207 0.001210
  217 -10.494460 9.454269 43.373039 -0.454963 -0.603673 0.654666 0.261301 0.209018 2 217 0.697828 216 0.302172
UV2
  217 -11.017576 9.453144 43.854515 -0.904301 -0.296968 0.306674 0.259931 0.222396 2 217 0.692149 216 0.307851
  217 -11.096158 9.488541 43.606354 -0.943987 0.253403 0.211365 0.270235 0.221565 2 217 0.792979 216 0.207021
  217 -11.111444 9.423676 43.606152 -0.794589 -0.482481 0.368566 0.267928 0.222353 2 217 0.783949 216 0.216051
UV2
  217 -11.111444 9.423676 43.606152 -0.794589 -0.482481 0.368566 0.267928 0.222353 2 217 0.783949 216 0.216051
  217 -10.494460 9.454269 43.373039 -0.454963 -0.603673 0.654666 0.261301 0.209018 2 217 0.697828 216 0.302172
  217 -11.017576 9.453144 43.854515 -0.904301 -0.296968 0.306674 0.259931 0.222396 2 217 0.692149 216 0.307851
UV2
  217 -11.111444 9.423676 43.606152 -0.794589 -0.482481 0.368566 0.267928 0.222353 2 217 0.783949 216 0.216051
  217 -11.096158 9.488541 43.606354 -0.943987 0.253403 0.211365 0.270235 0.221565 2 217 0.792979 216 0.207021
  217 -11.135265 9.301691 43.466862 -0.689168 -0.399908 0.604252 0.270884 0.222108 2 217 0.794996 216 0.205004
UV2
  217 -11.135265 9.301691 43.466862 -0.689168 -0.399908 0.604252 0.270884 0.222108 2 217 0.794996 216 0.205004
  217 -10.494460 9.454269 43.373039 -0.454963 -0.603673 0.654666 0.261301 0.209018 2 217 0.697828 216 0.302172
  217 -11.111444 9.423676 43.606152 -0.794589 -0.482481 0.368566 0.267928 0.222353 2 217 0.783949 216 0.216051
UV2
  217 -11.096158 9.488541 43.606354 -0.943987 0.253403 0.211365 0.270235 0.221565 2 217 0.792979 216 0.207021
  217 -11.127345 9.361524 43.419983 -0.989835 0.141584 0.013454 0.274374 0.220970 2 217 0.822190 216 0.177810
  217 -11.135265 9.301691 43.466862 -0.689168 -0.399908 0.604252 0.270884 0.222108 2 217 0.794996 216 0.205004
UV2
  217 -11.135265 9.301691 43.466862 -0.689168 -0.399908 0.604252 0.270884 0.222108 2 217 0.794996 216 0.205004
  217 -11.127345 9.361524 43.419983 -0.989835 0.141584 0.013454 0.274374 0.220970 2 217 0.822190 216 0.177810
  217 -11.140629 9.209209 43.335472 -0.990391 -0.130783 -0.044962 0.270235 0.221565 2 217 0.800614 216 0.199386
UV2
  217 -11.138567 9.193771 43.399410 -0.759234 -0.235935 0.606547 0.267928 0.222353 2 217 0.790977 216 0.209023
  217 -10.494460 9.454269 43.373039 -0.454963 -0.603673 0.654666 0.261301 0.209018 2 217 0.697828 216 0.302172
  217 -11.135265 9.301691 43.466862 -0.689168 -0.399908 0.604252 0.270884 0.222108 2 217 0.794996 216 0.205004
UV2
  217 -11.135265 9.301691 43.466862 -0.689168 -0.399908 0.604252 0.270884 0.222108 2 217 0.794996 216 0.205004
  217 -11.140629 9.209209 43.335472 -0.990391 -0.130783 -0.044962 0.270235 0.221565 2 217 0.800614 216 0.199386
  217 -11.138567 9.193771 43.399410 -0.759234 -0.235935 0.606547 0.267928 0.222353 2 217 0.790977 216 0.209023
UV2
  216 -10.462222 8.020203 44.089149 -0.842573 -0.295185 0.450486 0.220423 0.221330 3 216 0.525118 217 0.473672 207 0.001211
  217 -10.494460 9.454269 43.373039 -0.454963 -0.603673 0.654666 0.261301 0.209018 2 217 0.697828 216 0.302172
  217 -11.069910 8.959069 43.414482 -0.868938 -0.222504 0.442085 0.259844 0.222425 2 217 0.706150 216 0.293850
UV2
  217 -11.069910 8.959069 43.414482 -0.868938 -0.222504 0.442085 0.259844 0.222425 2 217 0.706150 216 0.293850
  217 -10.494460 9.454269 43.373039 -0.454963 -0.603673 0.654666 0.261301 0.209018 2 217 0.697828 216 0.302172
  217 -11.138567 9.193771 43.399410 -0.759234 -0.235935 0.606547 0.267928 0.222353 2 217 0.790977 216 0.209023
UV2
  217 -11.138567 9.193771 43.399410 -0.759234 -0.235935 0.606547 0.267928 0.222353 2 217 0.790977 216 0.209023
  217 -11.140629 9.209209 43.335472 -0.990391 -0.130783 -0.044962 0.270235 0.221565 2 217 0.800614 216 0.199386
  217 -11.069910 8.959069 43.414482 -0.868938 -0.222504 0.442085 0.259844 0.222425 2 217 0.706150 216 0.293850
UV2
  217 -11.069910 8.959069 43.414482 -0.868938 -0.222504 0.442085 0.259844 0.222425 2 217 0.706150 216 0.293850
  216 -10.420971 8.000073 44.016266 -0.668001 -0.722824 -0.176914 0.220321 0.220189 3 216 0.523192 217 0.475581 207 0.001227
  216 -10.462222 8.020203 44.089149 -0.842573 -0.295185 0.450486 0.220423 0.221330 3 216 0.525118 217 0.473672 207 0.001211
UV2
  217 -11.140629 9.209209 43.335472 -0.990391 -0.130783 -0.044962 0.270235 0.221565 2 217 0.800614 216 0.199386
  217 -11.035652 8.937658 43.346764 -0.819640 -0.514474 -0.252003 0.259391 0.221365 2 217 0.708239 216 0.291761
  217 -11.069910 8.959069 43.414482 -0.868938 -0.222504 0.442085 0.259844 0.222425 2 217 0.706150 216 0.293850
UV2
  217 -11.069910 8.959069 43.414482 -0.868938 -0.222504 0.442085 0.259844 0.222425 2 217 0.706150 216 0.293850
  217 -11.035652 8.937658 43.346764 -0.819640 -0.514474 -0.252003 0.259391 0.221365 2 217 0.708239 216 0.291761
  216 -10.420971 8.000073 44.016266 -0.668001 -0.722824 -0.176914 0.220321 0.220189 3 216 0.523192 217 0.475581 207 0.001227
UV2
  207 0.420207 2.879410 49.769062 0.539597 0.206129 -0.816300 0.032645 0.138273 1 207 1.000000
  207 0.482005 2.885090 49.811348 -0.114513 0.146379 -0.982578 0.036967 0.140040 1 207 1.000000
  207 0.507284 2.802453 49.755638 -0.662027 0.241272 -0.709583 0.037834 0.138273 1 207 1.000000
UV2
  207 0.420207 2.879410 49.769062 0.539597 0.206129 -0.816300 0.032645 0.138273 1 207 1.000000
  207 0.476494 2.985750 49.779839 -0.554932 -0.256714 -0.791295 0.037834 0.138273 1 207 1.000000
  207 0.482005 2.885090 49.811348 -0.114513 0.146379 -0.982578 0.036967 0.140040 1 207 1.000000
UV2
  207 0.507284 2.802453 49.755638 -0.662027 0.241272 -0.709583 0.037834 0.138273 1 207 1.000000
  207 0.482005 2.885090 49.811348 -0.114513 0.146379 -0.982578 0.036967 0.140040 1 207 1.000000
  207 0.715640 3.036934 49.401398 -0.821100 0.309389 -0.479660 0.067366 0.137964 3 207 0.908994 225 0.081764 226 0.009243
UV2
  207 0.731628 2.989138 49.416199 -0.615648 -0.410386 -0.672726 0.067281 0.138911 3 207 0.913260 225 0.077283 226 0.009457
  207 0.507284 2.802453 49.755638 -0.662027 0.241272 -0.709583 0.037834 0.138273 1 207 1.000000
  207 0.715640 3.036934 49.401398 -0.821100 0.309389 -0.479660 0.067366 0.137964 3 207 0.908994 225 0.081764 226 0.009243
UV2
  207 0.476494 2.985750 49.779839 -0.554932 -0.256714 -0.791295 0.037834 0.138273 1 207 1.000000
  207 0.702776 3.204040 49.429459 -0.603690 -0.328779 -0.726266 0.067354 0.138008 3 207 0.898393 225 0.092505 226 0.009102
  207 0.482005 2.885090 49.811348 -0.114513 0.146379 -0.982578 0.036967 0.140040 1 207 1.000000
UV2
  207 0.712285 3.235699 49.455826 -0.821848 0.490814 -0.289254 0.067281 0.138911 3 207 0.898441 225 0.092467 226 0.009092
  207 0.702776 3.204040 49.429459 -0.603690 -0.328779 -0.726266 0.067354 0.138008 3 207 0.898393 225 0.092505 226 0.009102
  207 0.476494 2.985750 49.779839 -0.554932 -0.256714 -0.791295 0.037834 0.138273 1 207 1.000000
UV2
  207 0.909436 3.140734 49.647179 -0.541592 -0.004460 -0.840630 0.067526 0.149094 3 207 0.903724 225 0.087350 226 0.008926
  207 0.715640 3.036934 49.401398 -0.821100 0.309389 -0.479660 0.067366 0.137964 3 207 0.908994 225 0.081764 226 0.009243
  207 0.482005 2.885090 49.811348 -0.114513 0.146379 -0.982578 0.036967 0.140040 1 207 1.000000
UV2
  207 0.909436 3.140734 49.647179 -0.541592 -0.004460 -0.840630 0.067526 0.149094 3 207 0.903724 225 0.087350 226 0.008926
  207 0.482005 2.885090 49.811348 -0.114513 0.146379 -0.982578 0.036967 0.140040 1 207 1.000000
  207 0.702776 3.204040 49.429459 -0.603690 -0.328779 -0.726266 0.067354 0.138008 3 207 0.898393 225 0.092505 226 0.009102
UV2
  207 0.731628 2.989138 49.416199 -0.615648 -0.410386 -0.672726 0.067281 0.138911 3 207 0.913260 225 0.077283 226 0.009457
  207 0.715640 3.036934 49.401398 -0.821100 0.309389 -0.479660 0.067366 0.137964 3 207 0.908994 225 0.081764 226 0.009243
  207 1.716995 3.804114 48.157558 -0.847809 0.377174 -0.372772 0.106384 0.137320 3 207 0.497016 225 0.440822 226 0.062163
UV2
  207 1.767599 3.705433 48.142536 -0.658292 -0.226164 -0.717985 0.106351 0.138730 3 207 0.496147 225 0.440659 226 0.063194
  207 0.731628 2.989138 49.416199 -0.615648 -0.410386 -0.672726 0.067281 0.138911 3 207 0.913260 225 0.077283 226 0.009457
  207 1.716995 3.804114 48.157558 -0.847809 0.377174 -0.372772 0.106384 0.137320 3 207 0.497016 225 0.440822 226 0.062163
UV2
  207 0.909436 3.140734 49.647179 -0.541592 -0.004460 -0.840630 0.067526 0.149094 3 207 0.903724 225 0.087350 226 0.008926
  207 2.089074 3.925316 48.533791 -0.752047 0.146962 -0.642516 0.106463 0.151509 3 207 0.487594 225 0.452071 226 0.060335
  207 0.715640 3.036934 49.401398 -0.821100 0.309389 -0.479660 0.067366 0.137964 3 207 0.908994 225 0.081764 226 0.009243
UV2
  207 0.909436 3.140734 49.647179 -0.541592 -0.004460 -0.840630 0.067526 0.149094 3 207 0.903724 225 0.087350 226 0.008926
  207 0.702776 3.204040 49.429459 -0.603690 -0.328779 -0.726266 0.067354 0.138008 3 207 0.898393 225 0.092505 226 0.009102
  207 2.089074 3.925316 48.533791 -0.752047 0.146962 -0.642516 0.106463 0.151509 3 207 0.487594 225 0.452071 226 0.060335
UV2
  207 2.089074 3.925316 48.533791 -0.752047 0.146962 -0.642516 0.106463 0.151509 3 207 0.487594 225 0.452071 226 0.060335
  207 1.716995 3.804114 48.157558 -0.847809 0.377174 -0.372772 0.106384 0.137320 3 207 0.497016 225 0.440822 226 0.062163
  207 0.715640 3.036934 49.401398 -0.821100 0.309389 -0.479660 0.067366 0.137964 3 207 0.908994 225 0.081764 226 0.009243
UV2
  207 0.712285 3.235699 49.455826 -0.821848 0.490814 -0.289254 0.067281 0.138911 3 207 0.898441 225 0.092467 226 0.009092
  207 1.655003 4.015471 48.341335 -0.603736 -0.267385 -0.751004 0.106382 0.137335 3 207 0.504962 225 0.433412 226 0.061626
  207 0.702776 3.204040 49.429459 -0.603690 -0.328779 -0.726266 0.067354 0.138008 3 207 0.898393 225 0.092505 226 0.009102
UV2
  207 2.089074 3.925316 48.533791 -0.752047 0.146962 -0.642516 0.106463 0.151509 3 207 0.487594 225 0.452071 226 0.060335
  207 0.702776 3.204040 49.429459 -0.603690 -0.328779 -0.726266 0.067354 0.138008 3 207 0.898393 225 0.092505 226 0.009102
  207 1.655003 4.015471 48.341335 -0.603736 -0.267385 -0.751004 0.106382 0.137335 3 207 0.504962 225 0.433412 226 0.061626
UV2
  207 1.682853 4.083345 48.417007 -0.837211 0.523317 -0.158798 0.106351 0.138730 3 207 0.505055 225 0.433325 226 0.061620
  207 1.655003 4.015471 48.341335 -0.603736 -0.267385 -0.751004 0.106382 0.137335 3 207 0.504962 225 0.433412 226 0.061626
  207 0.712285 3.235699 49.455826 -0.821848 0.490814 -0.289254 0.067281 0.138911 3 207 0.898441 225 0.092467 226 0.009092
UV2
  207 2.089074 3.925316 48.533791 -0.752047 0.146962 -0.642516 0.106463 0.151509 3 207 0.487594 225 0.452071 226 0.060335
  225 3.737610 6.015770 46.877480 -0.825527 0.321074 -0.464129 0.145336 0.153005 3 225 0.601473 226 0.268722 207 0.129805
  207 1.716995 3.804114 48.157558 -0.847809 0.377174 -0.372772 0.106384 0.137320 3 207 0.497016 225 0.440822 226 0.062163
UV2
  207 2.089074 3.925316 48.533791 -0.752047 0.146962 -0.642516 0.106463 0.151509 3 207 0.487594 225 0.452071 226 0.060335
  207 1.655003 4.015471 48.341335 -0.603736 -0.267385 -0.751004 0.106382 0.137335 3 207 0.504962 225 0.433412 226 0.061626
  225 3.737610 6.015770 46.877480 -0.825527 0.321074 -0.464129 0.145336 0.153005 3 225 0.601473 226 0.268722 207 0.129805
UV2
  207 1.682853 4.083345 48.417007 -0.837211 0.523317 -0.158798 0.106351 0.138730 3 207 0.505055 225 0.433325 226 0.061620
  225 3.149798 6.547534 46.644772 -0.764229 0.053130 -0.642752 0.145336 0.136201 3 225 0.599347 226 0.270871 207 0.129782
  207 1.655003 4.015471 48.341335 -0.603736 -0.267385 -0.751004 0.106382 0.137335 3 207 0.504962 225 0.433412 226 0.061626
UV2
  225 3.737610 6.015770 46.877480 -0.825527 0.321074 -0.464129 0.145336 0.153005 3 225 0.601473 226 0.268722 207 0.129805
  207 1.655003 4.015471 48.341335 -0.603736 -0.267385 -0.751004 0.106382 0.137335 3 207 0.504962 225 0.433412 226 0.061626
  225 3.149798 6.547534 46.644772 -0.764229 0.053130 -0.642752 0.145336 0.136201 3 225 0.599347 226 0.270871 207 0.129782
UV2
  225 3.186441 6.596405 46.761055 -0.825207 0.564368 0.022840 0.145336 0.137531 3 225 0.600802 226 0.269498 207 0.129700
  225 3.149798 6.547534 46.644772 -0.764229 0.053130 -0.642752 0.145336 0.136201 3 225 0.599347 226 0.270871 207 0.129782
  207 1.682853 4.083345 48.417007 -0.837211 0.523317 -0.158798 0.106351 0.138730 3 207 0.505055 225 0.433325 226 0.061620
UV2
  225 3.186441 6.596405 46.761055 -0.825207 0.564368 0.022840 0.145336 0.137531 3 225 0.600802 226 0.269498 207 0.129700
  226 5.141585 9.235445 44.762932 -0.417320 0.812431 0.407186 0.183824 0.136199 3 226 0.798205 227 0.160619 225 0.041176
  225 3.149798 6.547534 46.644772 -0.764229 0.053130 -0.642752 0.145336 0.136201 3 225 0.599347 226 0.270871 207 0.129782
UV2
  207 1.767599 3.705433 48.142536 -0.658292 -0.226164 -0.717985 0.106351 0.138730 3 207 0.496147 225 0.440659 226 0.063194
  207 1.716995 3.804114 48.157558 -0.847809 0.377174 -0.372772 0.106384 0.137320 3 207 0.497016 225 0.440822 226 0.062163
  225 3.189231 6.159279 46.291775 -0.857278 0.504126 -0.104552 0.145336 0.136201 3 225 0.594921 226 0.277096 207 0.127983
UV2
  225 3.737610 6.015770 46.877480 -0.825527 0.321074 -0.464129 0.145336 0.153005 3 225 0.601473 226 0.268722 207 0.129805
  225 3.189231 6.159279 46.291775 -0.857278 0.504126 -0.104552 0.145336 0.136201 3 225 0.594921 226 0.277096 207 0.127983
  207 1.716995 3.804114 48.157558 -0.847809 0.377174 -0.372772 0.106384 0.137320 3 207 0.497016 225 0.440822 226 0.062163
UV2
  225 3.239605 6.065075 46.250595 -0.720475 -0.084374 -0.688329 0.145336 0.137531 3 225 0.596572 226 0.276525 207 0.126903
  207 1.767599 3.705433 48.142536 -0.658292 -0.226164 -0.717985 0.106351 0.138730 3 207 0.496147 225 0.440659 226 0.063194
  225 3.189231 6.159279 46.291775 -0.857278 0.504126 -0.104552 0.145336 0.136201 3 225 0.594921 226 0.277096 207 0.127983
UV2
  225 3.189231 6.159279 46.291775 -0.857278 0.504126 -0.104552 0.145336 0.136201 3 225 0.594921 226 0.277096 207 0.127983
  226 5.221358 8.375645 43.975365 -0.471616 -0.421980 -0.774280 0.179569 0.136910 3 226 0.807176 227 0.165836 225 0.026989
  225 3.239605 6.065075 46.250595 -0.720475 -0.084374 -0.688329 0.145336 0.137531 3 225 0.596572 226 0.276525 207 0.126903
UV2
  225 3.149798 6.547534 46.644772 -0.764229 0.053130 -0.642752 0.145336 0.136201 3 225 0.599347 226 0.270871 207 0.129782
  226 5.075927 9.189509 44.676929 -0.833512 0.217736 -0.507788 0.183679 0.135583 3 226 0.792835 227 0.161675 225 0.045490
  225 3.737610 6.015770 46.877480 -0.825527 0.321074 -0.464129 0.145336 0.153005 3 225 0.601473 226 0.268722 207 0.129805
UV2
  225 3.149798 6.547534 46.644772 -0.764229 0.053130 -0.642752 0.145336 0.136201 3 225 0.599347 226 0.270871 207 0.129782
  226 5.141585 9.235445 44.762932 -0.417320 0.812431 0.407186 0.183824 0.136199 3 226 0.798205 227 0.160619 225 0.041176
  226 5.075927 9.189509 44.676929 -0.833512 0.217736 -0.507788 0.183679 0.135583 3 226 0.792835 227 0.161675 225 0.045490
UV2
  225 3.737610 6.015770 46.877480 -0.825527 0.321074 -0.464129 0.145336 0.153005 3 225 0.601473 226 0.268722 207 0.129805
  226 5.694533 8.478296 44.880703 -0.803871 0.264886 -0.532566 0.181732 0.151831 3 226 0.774531 227 0.163805 225 0.061665
  225 3.189231 6.159279 46.291775 -0.857278 0.504126 -0.104552 0.145336 0.136201 3 225 0.594921 226 0.277096 207 0.127983
UV2
  226 5.694533 8.478296 44.880703 -0.803871 0.264886 -0.532566 0.181732 0.151831 3 226 0.774531 227 0.163805 225 0.061665
  225 3.737610 6.015770 46.877480 -0.825527 0.321074 -0.464129 0.145336 0.153005 3 225 0.601473 226 0.268722 207 0.129805
  226 5.075927 9.189509 44.676929 -0.833512 0.217736 -0.507788 0.183679 0.135583 3 226 0.792835 227 0.161675 225 0.045490
UV2
  226 5.197581 8.486069 43.995144 -0.807203 0.539520 -0.239460 0.180060 0.135660 3 226 0.773217 227 0.206984 207 0.019799
  225 3.189231 6.159279 46.291775 -0.857278 0.504126 -0.104552 0.145336 0.136201 3 225 0.594921 226 0.277096 207 0.127983
  226 5.694533 8.478296 44.880703 -0.803871 0.264886 -0.532566 0.181732 0.151831 3 226 0.774531 227 0.163805 225 0.061665
UV2
  225 3.189231 6.159279 46.291775 -0.857278 0.504126 -0.104552 0.145336 0.136201 3 225 0.594921 226 0.277096 207 0.127983
  226 5.197581 8.486069 43.995144 -0.807203 0.539520 -0.239460 0.180060 0.135660 3 226 0.773217 227 0.206984 207 0.019799
  226 5.221358 8.375645 43.975365 -0.471616 -0.421980 -0.774280 0.179569 0.136910 3 226 0.807176 227 0.165836 225 0.026989
UV2
  226 5.141585 9.235445 44.762932 -0.417320 0.812431 0.407186 0.183824 0.136199 3 226 0.798205 227 0.160619 225 0.041176
  226 6.684679 10.581575 42.960239 -0.585250 0.807758 0.070774 0.220321 0.136198 3 226 0.505054 227 0.493602 207 0.001344
  226 5.075927 9.189509 44.676929 -0.833512 0.217736 -0.507788 0.183679 0.135583 3 226 0.792835 227 0.161675 225 0.045490
UV2
  226 6.652405 10.565439 42.878078 -0.803783 0.237975 -0.545252 0.220433 0.135066 3 226 0.499715 227 0.498944 207 0.001341
  226 5.075927 9.189509 44.676929 -0.833512 0.217736 -0.507788 0.183679 0.135583 3 226 0.792835 227 0.161675 225 0.045490
  226 6.684679 10.581575 42.960239 -0.585250 0.807758 0.070774 0.220321 0.136198 3 226 0.505054 227 0.493602 207 0.001344
UV2
  226 6.652405 10.565439 42.878078 -0.803783 0.237975 -0.545252 0.220433 0.135066 3 226 0.499715 227 0.498944 207 0.001341
  226 5.694533 8.478296 44.880703 -0.803871 0.264886 -0.532566 0.181732 0.151831 3 226 0.774531 227 0.163805 225 0.061665
  226 5.075927 9.189509 44.676929 -0.833512 0.217736 -0.507788 0.183679 0.135583 3 226 0.792835 227 0.161675 225 0.045490
UV2
  226 6.684679 10.581575 42.960239 -0.585250 0.807758 0.070774 0.220321 0.136198 3 226 0.505054 227 0.493602 207 0.001344
  227 7.493824 11.190950 42.053234 -0.458745 0.882822 -0.100883 0.259391 0.135022 2 227 0.746701 226 0.253299
  226 6.652405 10.565439 42.878078 -0.803783 0.237975 -0.545252 0.220433 0.135066 3 226 0.499715 227 0.498944 207 0.001341
UV2
  227 6.709864 9.788710 42.195995 -0.815642 0.404075 -0.414068 0.220423 0.135062 3 227 0.507490 226 0.491177 207 0.001333
  226 5.197581 8.486069 43.995144 -0.807203 0.539520 -0.239460 0.180060 0.135660 3 226 0.773217 227 0.206984 207 0.019799
  226 5.694533 8.478296 44.880703 -0.803871 0.264886 -0.532566 0.181732 0.151831 3 226 0.774531 227 0.163805 225 0.061665
UV2
  226 5.197581 8.486069 43.995144 -0.807203 0.539520 -0.239460 0.180060 0.135660 3 226 0.773217 227 0.206984 207 0.019799
  227 6.709864 9.788710 42.195995 -0.815642 0.404075 -0.414068 0.220423 0.135062 3 227 0.507490 226 0.491177 207 0.001333
  226 5.221358 8.375645 43.975365 -0.471616 -0.421980 -0.774280 0.179569 0.136910 3 226 0.807176 227 0.165836 225 0.026989
UV2
  227 7.349993 9.927280 42.957558 -0.859065 0.282380 -0.426929 0.220965 0.150664 3 227 0.502087 226 0.496576 207 0.001337
  226 5.694533 8.478296 44.880703 -0.803871 0.264886 -0.532566 0.181732 0.151831 3 226 0.774531 227 0.163805 225 0.061665
  226 6.652405 10.565439 42.878078 -0.803783 0.237975 -0.545252 0.220433 0.135066 3 226 0.499715 227 0.498944 207 0.001341
UV2
  227 6.709864 9.788710 42.195995 -0.815642 0.404075 -0.414068 0.220423 0.135062 3 227 0.507490 226 0.491177 207 0.001333
  226 5.694533 8.478296 44.880703 -0.803871 0.264886 -0.532566 0.181732 0.151831 3 226 0.774531 227 0.163805 225 0.061665
  227 7.349993 9.927280 42.957558 -0.859065 0.282380 -0.426929 0.220965 0.150664 3 227 0.502087 226 0.496576 207 0.001337
UV2
  227 7.493824 11.190950 42.053234 -0.458745 0.882822 -0.100883 0.259391 0.135022 2 227 0.746701 226 0.253299
  227 7.473925 11.172608 41.970432 -0.608914 0.467691 -0.640694 0.259931 0.133995 2 227 0.752816 226 0.247184
  226 6.652405 10.565439 42.878078 -0.803783 0.237975 -0.545252 0.220433 0.135066 3 226 0.499715 227 0.498944 207 0.001341
UV2
  227 7.349993 9.927280 42.957558 -0.859065 0.282380 -0.426929 0.220965 0.150664 3 227 0.502087 226 0.496576 207 0.001337
  226 6.652405 10.565439 42.878078 -0.803783 0.237975 -0.545252 0.220433 0.135066 3 226 0.499715 227 0.498944 207 0.001341
  227 7.473925 11.172608 41.970432 -0.608914 0.467691 -0.640694 0.259931 0.133995 2 227 0.752816 226 0.247184
UV2
  227 7.493824 11.190950 42.053234 -0.458745 0.882822 -0.100883 0.259391 0.135022 2 227 0.746701 226 0.253299
  227 7.628924 11.113481 41.754562 -0.703407 0.278951 -0.653762 0.267928 0.133862 2 227 0.847869 226 0.152131
  227 7.473925 11.172608 41.970432 -0.608914 0.467691 -0.640694 0.259931 0.133995 2 227 0.752816 226 0.247184
UV2
  227 7.682461 11.144949 41.791340 -0.158974 0.836085 -0.525061 0.270235 0.134822 2 227 0.852024 226 0.147976
  227 7.628924 11.113481 41.754562 -0.703407 0.278951 -0.653762 0.267928 0.133862 2 227 0.847869 226 0.152131
  227 7.493824 11.190950 42.053234 -0.458745 0.882822 -0.100883 0.259391 0.135022 2 227 0.746701 226 0.253299
UV2
  227 8.023198 10.653379 42.059105 -0.988448 0.101171 -0.112848 0.261301 0.147370 2 227 0.751198 226 0.248802
  227 7.349993 9.927280 42.957558 -0.859065 0.282380 -0.426929 0.220965 0.150664 3 227 0.502087 226 0.496576 207 0.001337
  227 7.473925 11.172608 41.970432 -0.608914 0.467691 -0.640694 0.259931 0.133995 2 227 0.752816 226 0.247184
UV2
  227 8.023198 10.653379 42.059105 -0.988448 0.101171 -0.112848 0.261301 0.147370 2 227 0.751198 226 0.248802
  227 7.473925 11.172608 41.970432 -0.608914 0.467691 -0.640694 0.259931 0.133995 2 227 0.752816 226 0.247184
  227 7.628924 11.113481 41.754562 -0.703407 0.278951 -0.653762 0.267928 0.133862 2 227 0.847869 226 0.152131
UV2
  227 7.682461 11.144949 41.791340 -0.158974 0.836085 -0.525061 0.270235 0.134822 2 227 0.852024 226 0.147976
  227 7.678970 10.978762 41.629196 -0.868856 0.330476 -0.368610 0.270884 0.134284 2 227 0.856265 226 0.143735
  227 7.628924 11.113481 41.754562 -0.703407 0.278951 -0.653762 0.267928 0.133862 2 227 0.847869 226 0.152131
UV2
  227 8.023198 10.653379 42.059105 -0.988448 0.101171 -0.112848 0.261301 0.147370 2 227 0.751198 226 0.248802
  227 7.628924 11.113481 41.754562 -0.703407 0.278951 -0.653762 0.267928 0.133862 2 227 0.847869 226 0.152131
  227 7.678970 10.978762 41.629196 -0.868856 0.330476 -0.368610 0.270884 0.134284 2 227 0.856265 226 0.143735
UV2
  227 7.760480 10.995204 41.629883 -0.130517 0.677423 -0.723922 0.274374 0.135418 2 227 0.881285 226 0.118715
  227 7.678970 10.978762 41.629196 -0.868856 0.330476 -0.368610 0.270884 0.134284 2 227 0.856265 226 0.143735
  227 7.682461 11.144949 41.791340 -0.158974 0.836085 -0.525061 0.270235 0.134822 2 227 0.852024 226 0.147976
UV2
  227 7.760480 10.995204 41.629883 -0.130517 0.677423 -0.723922 0.274374 0.135418 2 227 0.881285 226 0.118715
  227 7.726937 10.865610 41.520462 -0.191324 0.464060 -0.864895 0.270235 0.134822 2 227 0.865269 226 0.134731
  227 7.678970 10.978762 41.629196 -0.868856 0.330476 -0.368610 0.270884 0.134284 2 227 0.856265 226 0.143735
UV2
  227 7.726937 10.865610 41.520462 -0.191324 0.464060 -0.864895 0.270235 0.134822 2 227 0.865269 226 0.134731
  227 7.653445 10.884836 41.546425 -0.756003 0.533326 -0.379503 0.267928 0.133796 2 227 0.853513 226 0.146487
  227 7.678970 10.978762 41.629196 -0.868856 0.330476 -0.368610 0.270884 0.134284 2 227 0.856265 226 0.143735
UV2
  227 8.023198 10.653379 42.059105 -0.988448 0.101171 -0.112848 0.261301 0.147370 2 227 0.751198 226 0.248802
  227 7.678970 10.978762 41.629196 -0.868856 0.330476 -0.368610 0.270884 0.134284 2 227 0.856265 226 0.143735
  227 7.653445 10.884836 41.546425 -0.756003 0.533326 -0.379503 0.267928 0.133796 2 227 0.853513 226 0.146487
UV2
  227 7.726937 10.865610 41.520462 -0.191324 0.464060 -0.864895 0.270235 0.134822 2 227 0.865269 226 0.134731
  227 7.574456 10.617113 41.506508 -0.403450 0.014873 -0.914881 0.259391 0.135022 2 227 0.767093 226 0.232907
  227 7.653445 10.884836 41.546425 -0.756003 0.533326 -0.379503 0.267928 0.133796 2 227 0.853513 226 0.146487
UV2
  227 8.023198 10.653379 42.059105 -0.988448 0.101171 -0.112848 0.261301 0.147370 2 227 0.751198 226 0.248802
  227 7.653445 10.884836 41.546425 -0.756003 0.533326 -0.379503 0.267928 0.133796 2 227 0.853513 226 0.146487
  227 7.523929 10.679658 41.529152 -0.720560 0.504438 -0.475746 0.259844 0.133966 2 227 0.759663 226 0.240337
UV2
  227 7.574456 10.617113 41.506508 -0.403450 0.014873 -0.914881 0.259391 0.135022 2 227 0.767093 226 0.232907
  227 7.523929 10.679658 41.529152 -0.720560 0.504438 -0.475746 0.259844 0.133966 2 227 0.759663 226 0.240337
  227 7.653445 10.884836 41.546425 -0.756003 0.533326 -0.379503 0.267928 0.133796 2 227 0.853513 226 0.146487
UV2
  227 8.023198 10.653379 42.059105 -0.988448 0.101171 -0.112848 0.261301 0.147370 2 227 0.751198 226 0.248802
  227 7.523929 10.679658 41.529152 -0.720560 0.504438 -0.475746 0.259844 0.133966 2 227 0.759663 226 0.240337
  227 7.349993 9.927280 42.957558 -0.859065 0.282380 -0.426929 0.220965 0.150664 3 227 0.502087 226 0.496576 207 0.001337
UV2
  227 7.349993 9.927280 42.957558 -0.859065 0.282380 -0.426929 0.220965 0.150664 3 227 0.502087 226 0.496576 207 0.001337
  227 7.523929 10.679658 41.529152 -0.720560 0.504438 -0.475746 0.259844 0.133966 2 227 0.759663 226 0.240337
  227 6.709864 9.788710 42.195995 -0.815642 0.404075 -0.414068 0.220423 0.135062 3 227 0.507490 226 0.491177 207 0.001333
UV2
  227 7.574456 10.617113 41.506508 -0.403450 0.014873 -0.914881 0.259391 0.135022 2 227 0.767093 226 0.232907
  227 6.709864 9.788710 42.195995 -0.815642 0.404075 -0.414068 0.220423 0.135062 3 227 0.507490 226 0.491177 207 0.001333
  227 7.523929 10.679658 41.529152 -0.720560 0.504438 -0.475746 0.259844 0.133966 2 227 0.759663 226 0.240337
UV2
  227 6.767451 9.720634 42.172535 -0.571422 -0.209938 -0.793349 0.220321 0.136198 3 227 0.508371 226 0.490323 207 0.001306
  227 6.709864 9.788710 42.195995 -0.815642 0.404075 -0.414068 0.220423 0.135062 3 227 0.507490 226 0.491177 207 0.001333
  227 7.574456 10.617113 41.506508 -0.403450 0.014873 -0.914881 0.259391 0.135022 2 227 0.767093 226 0.232907
UV2
  227 6.767451 9.720634 42.172535 -0.571422 -0.209938 -0.793349 0.220321 0.136198 3 227 0.508371 226 0.490323 207 0.001306
  226 5.221358 8.375645 43.975365 -0.471616 -0.421980 -0.774280 0.179569 0.136910 3 226 0.807176 227 0.165836 225 0.026989
  227 6.709864 9.788710 42.195995 -0.815642 0.404075 -0.414068 0.220423 0.135062 3 227 0.507490 226 0.491177 207 0.001333
UV2
  226 5.221358 8.375645 43.975365 -0.471616 -0.421980 -0.774280 0.179569 0.136910 3 226 0.807176 227 0.165836 225 0.026989
  226 5.654289 8.047678 44.271919 -0.071288 -0.707323 -0.703287 0.179326 0.148637 3 226 0.798319 227 0.163027 225 0.038654
  225 3.239605 6.065075 46.250595 -0.078080 -0.626154 -0.775780 0.145336 0.137531 3 225 0.596572 226 0.276525 207 0.126903
UV2
  227 7.288294 9.467955 42.433105 0.005591 -0.699939 -0.714181 0.220321 0.148197 3 227 0.502251 226 0.496442 207 0.001307
  226 5.654289 8.047678 44.271919 -0.071288 -0.707323 -0.703287 0.179326 0.148637 3 226 0.798319 227 0.163027 225 0.038654
  226 5.221358 8.375645 43.975365 -0.471616 -0.421980 -0.774280 0.179569 0.136910 3 226 0.807176 227 0.165836 225 0.026989
UV2
  227 7.288294 9.467955 42.433105 0.005591 -0.699939 -0.714181 0.220321 0.148197 3 227 0.502251 226 0.496442 207 0.001307
  226 5.221358 8.375645 43.975365 -0.471616 -0.421980 -0.774280 0.179569 0.136910 3 226 0.807176 227 0.165836 225 0.026989
  227 6.767451 9.720634 42.172535 0.010526 -0.710477 -0.703642 0.220321 0.136198 3 227 0.508371 226 0.490323 207 0.001306
UV2
  225 3.635851 5.783617 46.434395 -0.015804 -0.664491 -0.747129 0.145336 0.149014 3 225 0.597176 226 0.275680 207 0.127144
  225 3.239605 6.065075 46.250595 -0.078080 -0.626154 -0.775780 0.145336 0.137531 3 225 0.596572 226 0.276525 207 0.126903
  226 5.654289 8.047678 44.271919 -0.071288 -0.707323 -0.703287 0.179326 0.148637 3 226 0.798319 227 0.163027 225 0.038654
UV2
  225 3.635851 5.783617 46.434395 -0.015804 -0.664491 -0.747129 0.145336 0.149014 3 225 0.597176 226 0.275680 207 0.127144
  207 1.767599 3.705433 48.142536 0.167315 -0.825622 -0.538845 0.106351 0.138730 3 207 0.496147 225 0.440659 226 0.063194
  225 3.239605 6.065075 46.250595 -0.078080 -0.626154 -0.775780 0.145336 0.137531 3 225 0.596572 226 0.276525 207 0.126903
UV2
  227 8.068911 10.377195 41.769402 0.249983 -0.431171 -0.866948 0.259391 0.147356 2 227 0.758952 226 0.241048
  227 7.288294 9.467955 42.433105 0.005591 -0.699939 -0.714181 0.220321 0.148197 3 227 0.502251 226 0.496442 207 0.001307
  227 6.767451 9.720634 42.172535 0.010526 -0.710477 -0.703642 0.220321 0.136198 3 227 0.508371 226 0.490323 207 0.001306
UV2
  227 8.068911 10.377195 41.769402 0.249983 -0.431171 -0.866948 0.259391 0.147356 2 227 0.758952 226 0.241048
  227 6.767451 9.720634 42.172535 0.010526 -0.710477 -0.703642 0.220321 0.136198 3 227 0.508371 226 0.490323 207 0.001306
  227 7.574456 10.617113 41.506508 0.243468 -0.443441 -0.862602 0.259391 0.135022 2 227 0.767093 226 0.232907
UV2
  225 3.635851 5.783617 46.434395 -0.015804 -0.664491 -0.747129 0.145336 0.149014 3 225 0.597176 226 0.275680 207 0.127144
  207 2.082092 3.645786 48.344437 0.249810 -0.861441 -0.442171 0.106351 0.150005 3 207 0.487349 225 0.449783 226 0.062868
  207 1.767599 3.705433 48.142536 0.167315 -0.825622 -0.538845 0.106351 0.138730 3 207 0.496147 225 0.440659 226 0.063194
UV2
  207 2.082092 3.645786 48.344437 0.249810 -0.861441 -0.442171 0.106351 0.150005 3 207 0.487349 225 0.449783 226 0.062868
  207 0.731628 2.989138 49.416199 0.331957 -0.917345 -0.219733 0.067281 0.138911 3 207 0.913260 225 0.077283 226 0.009457
  207 1.767599 3.705433 48.142536 0.167315 -0.825622 -0.538845 0.106351 0.138730 3 207 0.496147 225 0.440659 226 0.063194
UV2
  227 8.214613 10.628979 41.779762 0.514199 0.130950 -0.847615 0.270235 0.147214 2 227 0.857106 226 0.142894
  227 8.068911 10.377195 41.769402 0.249983 -0.431171 -0.866948 0.259391 0.147356 2 227 0.758952 226 0.241048
  227 7.574456 10.617113 41.506508 0.243468 -0.443441 -0.862602 0.259391 0.135022 2 227 0.767093 226 0.232907
UV2
  227 8.214613 10.628979 41.779762 0.514199 0.130950 -0.847615 0.270235 0.147214 2 227 0.857106 226 0.142894
  227 7.574456 10.617113 41.506508 0.243468 -0.443441 -0.862602 0.259391 0.135022 2 227 0.767093 226 0.232907
  227 7.726937 10.865610 41.520462 0.506061 0.104867 -0.856099 0.270235 0.134822 2 227 0.865269 226 0.134731
UV2
  207 2.082092 3.645786 48.344437 0.249810 -0.861441 -0.442171 0.106351 0.150005 3 207 0.487349 225 0.449783 226 0.062868
  207 0.927070 3.010264 49.654034 0.345281 -0.920004 -0.185402 0.067281 0.150135 3 207 0.914419 225 0.076138 226 0.009443
  207 0.731628 2.989138 49.416199 0.331957 -0.917345 -0.219733 0.067281 0.138911 3 207 0.913260 225 0.077283 226 0.009457
UV2
  207 0.927070 3.010264 49.654034 0.345281 -0.920004 -0.185402 0.067281 0.150135 3 207 0.914419 225 0.076138 226 0.009443
  207 0.507284 2.802453 49.755638 -0.018921 -0.986224 -0.164329 0.037834 0.138273 1 207 1.000000
  207 0.731628 2.989138 49.416199 0.331957 -0.917345 -0.219733 0.067281 0.138911 3 207 0.913260 225 0.077283 226 0.009457
UV2
  227 8.241455 10.761833 41.885605 0.583091 0.591437 -0.556962 0.274374 0.147639 2 227 0.874732 226 0.125268
  227 8.214613 10.628979 41.779762 0.514199 0.130950 -0.847615 0.270235 0.147214 2 227 0.857106 226 0.142894
  227 7.726937 10.865610 41.520462 0.506061 0.104867 -0.856099 0.270235 0.134822 2 227 0.865269 226 0.134731
UV2
  227 8.241455 10.761833 41.885605 0.583091 0.591437 -0.556962 0.274374 0.147639 2 227 0.874732 226 0.125268
  227 7.726937 10.865610 41.520462 0.506061 0.104867 -0.856099 0.270235 0.134822 2 227 0.865269 226 0.134731
  227 7.760480 10.995204 41.629883 0.582886 0.595297 -0.553051 0.274374 0.135418 2 227 0.881285 226 0.118715
UV2
  207 0.927070 3.010264 49.654034 0.345281 -0.920004 -0.185402 0.067281 0.150135 3 207 0.914419 225 0.076138 226 0.009443
  207 0.520785 2.760159 50.035706 -0.164759 -0.975860 -0.143356 0.037834 0.149679 1 207 1.000000
  207 0.507284 2.802453 49.755638 -0.018921 -0.986224 -0.164329 0.037834 0.138273 1 207 1.000000
UV2
  207 0.520785 2.760159 50.035706 -0.164759 -0.975860 -0.143356 0.037834 0.149679 1 207 1.000000
  207 0.420207 2.879410 49.769062 -0.985089 -0.170672 0.021701 0.032645 0.138273 1 207 1.000000
  207 0.507284 2.802453 49.755638 -0.018921 -0.986224 -0.164329 0.037834 0.138273 1 207 1.000000
UV2
  227 8.170130 10.908318 42.050632 0.494379 0.856522 -0.148187 0.270235 0.147214 2 227 0.845463 226 0.154537
  227 8.241455 10.761833 41.885605 0.583091 0.591437 -0.556962 0.274374 0.147639 2 227 0.874732 226 0.125268
  227 7.760480 10.995204 41.629883 0.582886 0.595297 -0.553051 0.274374 0.135418 2 227 0.881285 226 0.118715
UV2
  227 8.170130 10.908318 42.050632 0.494379 0.856522 -0.148187 0.270235 0.147214 2 227 0.845463 226 0.154537
  227 7.760480 10.995204 41.629883 0.582886 0.595297 -0.553051 0.274374 0.135418 2 227 0.881285 226 0.118715
  227 7.682461 11.144949 41.791340 0.481677 0.869056 -0.112823 0.270235 0.134822 2 227 0.852024 226 0.147976
UV2
  207 0.520785 2.760159 50.035706 -0.164759 -0.975860 -0.143356 0.037834 0.149679 1 207 1.000000
  207 0.433703 2.837116 50.049133 -0.983341 -0.180655 0.020113 0.032645 0.149679 1 207 1.000000
  207 0.420207 2.879410 49.769062 -0.985089 -0.170672 0.021701 0.032645 0.138273 1 207 1.000000
UV2
  207 0.433703 2.837116 50.049133 -0.983341 -0.180655 0.020113 0.032645 0.149679 1 207 1.000000
  207 0.476494 2.985750 49.779839 -0.737265 0.661881 0.135478 0.037834 0.138273 1 207 1.000000
  207 0.420207 2.879410 49.769062 -0.985089 -0.170672 0.021701 0.032645 0.138273 1 207 1.000000
UV2
  227 7.988280 10.951032 42.316124 0.254650 0.903496 0.344743 0.259391 0.147356 2 227 0.740905 226 0.259095
  227 8.170130 10.908318 42.050632 0.494379 0.856522 -0.148187 0.270235 0.147214 2 227 0.845463 226 0.154537
  227 7.682461 11.144949 41.791340 0.481677 0.869056 -0.112823 0.270235 0.134822 2 227 0.852024 226 0.147976
UV2
  227 7.988280 10.951032 42.316124 0.254650 0.903496 0.344743 0.259391 0.147356 2 227 0.740905 226 0.259095
  227 7.682461 11.144949 41.791340 0.481677 0.869056 -0.112823 0.270235 0.134822 2 227 0.852024 226 0.147976
  227 7.493824 11.190950 42.053234 0.222181 0.906850 0.358132 0.259391 0.135022 2 227 0.746701 226 0.253299
UV2
  207 0.433703 2.837116 50.049133 -0.983341 -0.180655 0.020113 0.032645 0.149679 1 207 1.000000
  207 0.489992 2.943456 50.059921 -0.723454 0.674893 0.145377 0.037834 0.149679 1 207 1.000000
  207 0.476494 2.985750 49.779839 -0.737265 0.661881 0.135478 0.037834 0.138273 1 207 1.000000
UV2
  207 0.489992 2.943456 50.059921 -0.723454 0.674893 0.145377 0.037834 0.149679 1 207 1.000000
  207 0.712285 3.235699 49.455826 -0.448628 0.853125 0.266289 0.067281 0.138911 3 207 0.898441 225 0.092467 226 0.009092
  207 0.476494 2.985750 49.779839 -0.737265 0.661881 0.135478 0.037834 0.138273 1 207 1.000000
UV2
  226 7.175993 10.388727 43.319450 0.010669 0.819768 0.572597 0.220321 0.148197 3 226 0.509699 227 0.489022 207 0.001279
  227 7.988280 10.951032 42.316124 0.254650 0.903496 0.344743 0.259391 0.147356 2 227 0.740905 226 0.259095
  227 7.493824 11.190950 42.053234 0.222181 0.906850 0.358132 0.259391 0.135022 2 227 0.746701 226 0.253299
UV2
  226 7.175993 10.388727 43.319450 0.010669 0.819768 0.572597 0.220321 0.148197 3 226 0.509699 227 0.489022 207 0.001279
  227 7.493824 11.190950 42.053234 0.222181 0.906850 0.358132 0.259391 0.135022 2 227 0.746701 226 0.253299
  226 6.684679 10.581575 42.960239 -0.063994 0.836964 0.543504 0.220321 0.136198 3 226 0.505054 227 0.493602 207 0.001344
UV2
  207 0.489992 2.943456 50.059921 -0.723454 0.674893 0.145377 0.037834 0.149679 1 207 1.000000
  207 0.907726 3.256825 49.693657 -0.445100 0.857237 0.258902 0.067281 0.150135 3 207 0.899118 225 0.091781 226 0.009101
  207 0.712285 3.235699 49.455826 -0.448628 0.853125 0.266289 0.067281 0.138911 3 207 0.898441 225 0.092467 226 0.009092
UV2
  207 0.907726 3.256825 49.693657 -0.445100 0.857237 0.258902 0.067281 0.150135 3 207 0.899118 225 0.091781 226 0.009101
  207 1.682853 4.083345 48.417007 -0.569650 0.762865 0.305837 0.106351 0.138730 3 207 0.505055 225 0.433325 226 0.061620
  207 0.712285 3.235699 49.455826 -0.448628 0.853125 0.266289 0.067281 0.138911 3 207 0.898441 225 0.092467 226 0.009092
UV2
  226 7.175993 10.388727 43.319450 0.010669 0.819768 0.572597 0.220321 0.148197 3 226 0.509699 227 0.489022 207 0.001279
  226 6.684679 10.581575 42.960239 -0.063994 0.836964 0.543504 0.220321 0.136198 3 226 0.505054 227 0.493602 207 0.001344
  226 5.568590 8.962166 45.171795 -0.067850 0.736302 0.673242 0.183858 0.148566 3 226 0.778473 227 0.159374 225 0.062153
UV2
  226 5.141585 9.235445 44.762932 -0.417320 0.812431 0.407186 0.183824 0.136199 3 226 0.798205 227 0.160619 225 0.041176
  226 5.568590 8.962166 45.171795 -0.067850 0.736302 0.673242 0.183858 0.148566 3 226 0.778473 227 0.159374 225 0.062153
  226 6.684679 10.581575 42.960239 -0.063994 0.836964 0.543504 0.220321 0.136198 3 226 0.505054 227 0.493602 207 0.001344
UV2
  207 0.907726 3.256825 49.693657 -0.445100 0.857237 0.258902 0.067281 0.150135 3 207 0.899118 225 0.091781 226 0.009101
  207 2.003753 4.228343 48.663303 -0.509946 0.765224 0.392922 0.106351 0.150005 3 207 0.488047 225 0.451419 226 0.060535
  207 1.682853 4.083345 48.417007 -0.569650 0.762865 0.305837 0.106351 0.138730 3 207 0.505055 225 0.433325 226 0.061620
UV2
  207 2.003753 4.228343 48.663303 -0.509946 0.765224 0.392922 0.106351 0.150005 3 207 0.488047 225 0.451419 226 0.060535
  225 3.186441 6.596405 46.761055 -0.304573 0.696175 0.650058 0.145336 0.137531 3 225 0.600802 226 0.269498 207 0.129700
  207 1.682853 4.083345 48.417007 -0.569650 0.762865 0.305837 0.106351 0.138730 3 207 0.505055 225 0.433325 226 0.061620
UV2
  225 3.575459 6.412846 47.127003 -0.226459 0.687754 0.689718 0.145336 0.149014 3 225 0.608515 226 0.267008 207 0.124477
  226 5.141585 9.235445 44.762932 -0.417320 0.812431 0.407186 0.183824 0.136199 3 226 0.798205 227 0.160619 225 0.041176
  225 3.186441 6.596405 46.761055 -0.304573 0.696175 0.650058 0.145336 0.137531 3 225 0.600802 226 0.269498 207 0.129700
UV2
  207 2.003753 4.228343 48.663303 -0.509946 0.765224 0.392922 0.106351 0.150005 3 207 0.488047 225 0.451419 226 0.060535
  225 3.575459 6.412846 47.127003 -0.226459 0.687754 0.689718 0.145336 0.149014 3 225 0.608515 226 0.267008 207 0.124477
  225 3.186441 6.596405 46.761055 -0.304573 0.696175 0.650058 0.145336 0.137531 3 225 0.600802 226 0.269498 207 0.129700
UV2
  225 3.575459 6.412846 47.127003 -0.226459 0.687754 0.689718 0.145336 0.149014 3 225 0.608515 226 0.267008 207 0.124477
  226 5.568590 8.962166 45.171795 -0.067850 0.736302 0.673242 0.183858 0.148566 3 226 0.778473 227 0.159374 225 0.062153
  226 5.141585 9.235445 44.762932 -0.417320 0.812431 0.407186 0.183824 0.136199 3 226 0.798205 227 0.160619 225 0.041176
UV2
  207 1.101623 3.280371 49.954395 -0.401235 0.869993 0.286569 0.067281 0.161358 3 207 0.903824 225 0.087256 226 0.008920
  207 2.003753 4.228343 48.663303 -0.509946 0.765224 0.392922 0.106351 0.150005 3 207 0.488047 225 0.451419 226 0.060535
  207 0.907726 3.256825 49.693657 -0.445100 0.857237 0.258902 0.067281 0.150135 3 207 0.899118 225 0.091781 226 0.009101
UV2
  207 2.323366 4.266857 48.914810 -0.335546 0.789220 0.514335 0.106351 0.161280 3 207 0.478725 225 0.462405 226 0.058870
  225 3.575459 6.412846 47.127003 -0.226459 0.687754 0.689718 0.145336 0.149014 3 225 0.608515 226 0.267008 207 0.124477
  207 2.003753 4.228343 48.663303 -0.509946 0.765224 0.392922 0.106351 0.150005 3 207 0.488047 225 0.451419 226 0.060535
UV2
  207 1.101623 3.280371 49.954395 -0.401235 0.869993 0.286569 0.067281 0.161358 3 207 0.903824 225 0.087256 226 0.008920
  207 2.323366 4.266857 48.914810 -0.335546 0.789220 0.514335 0.106351 0.161280 3 207 0.478725 225 0.462405 226 0.058870
  207 2.003753 4.228343 48.663303 -0.509946 0.765224 0.392922 0.106351 0.150005 3 207 0.488047 225 0.451419 226 0.060535
UV2
  225 3.960398 6.181993 47.421410 -0.145908 0.684952 0.713829 0.145336 0.160686 3 225 0.617152 226 0.261102 207 0.121746
  226 5.568590 8.962166 45.171795 -0.067850 0.736302 0.673242 0.183858 0.148566 3 226 0.778473 227 0.159374 225 0.062153
  225 3.575459 6.412846 47.127003 -0.226459 0.687754 0.689718 0.145336 0.149014 3 225 0.608515 226 0.267008 207 0.124477
UV2
  207 2.323366 4.266857 48.914810 -0.335546 0.789220 0.514335 0.106351 0.161280 3 207 0.478725 225 0.462405 226 0.058870
  225 3.960398 6.181993 47.421410 -0.145908 0.684952 0.713829 0.145336 0.160686 3 225 0.617152 226 0.261102 207 0.121746
  225 3.575459 6.412846 47.127003 -0.226459 0.687754 0.689718 0.145336 0.149014 3 225 0.608515 226 0.267008 207 0.124477
UV2
  207 0.503492 2.901162 50.339989 -0.703753 0.695722 0.143886 0.037834 0.161085 1 207 1.000000
  207 1.101623 3.280371 49.954395 -0.401235 0.869993 0.286569 0.067281 0.161358 3 207 0.903824 225 0.087256 226 0.008920
  207 0.907726 3.256825 49.693657 -0.445100 0.857237 0.258902 0.067281 0.150135 3 207 0.899118 225 0.091781 226 0.009101
UV2
  207 0.503492 2.901162 50.339989 -0.703753 0.695722 0.143886 0.037834 0.161085 1 207 1.000000
  207 0.907726 3.256825 49.693657 -0.445100 0.857237 0.258902 0.067281 0.150135 3 207 0.899118 225 0.091781 226 0.009101
  207 0.489992 2.943456 50.059921 -0.723454 0.674893 0.145377 0.037834 0.149679 1 207 1.000000
UV2
  207 1.307152 3.270370 50.208160 -0.294129 0.886564 0.357060 0.067281 0.172582 3 207 0.909652 225 0.081760 226 0.008588
  207 2.323366 4.266857 48.914810 -0.335546 0.789220 0.514335 0.106351 0.161280 3 207 0.478725 225 0.462405 226 0.058870
  207 1.101623 3.280371 49.954395 -0.401235 0.869993 0.286569 0.067281 0.161358 3 207 0.903824 225 0.087256 226 0.008920
UV2
  207 0.447203 2.794822 50.329201 -0.983341 -0.180653 0.020118 0.032645 0.161085 1 207 1.000000
  207 0.503492 2.901162 50.339989 -0.703753 0.695722 0.143886 0.037834 0.161085 1 207 1.000000
  207 0.489992 2.943456 50.059921 -0.723454 0.674893 0.145377 0.037834 0.149679 1 207 1.000000
UV2
  207 0.447203 2.794822 50.329201 -0.983341 -0.180653 0.020118 0.032645 0.161085 1 207 1.000000
  207 0.489992 2.943456 50.059921 -0.723454 0.674893 0.145377 0.037834 0.149679 1 207 1.000000
  207 0.433703 2.837116 50.049133 -0.983341 -0.180655 0.020113 0.032645 0.149679 1 207 1.000000
UV2
  207 0.516992 2.858861 50.620064 -0.679532 0.718320 0.149174 0.037834 0.172491 1 207 1.000000
  207 1.101623 3.280371 49.954395 -0.401235 0.869993 0.286569 0.067281 0.161358 3 207 0.903824 225 0.087256 226 0.008920
  207 0.503492 2.901162 50.339989 -0.703753 0.695722 0.143886 0.037834 0.161085 1 207 1.000000
UV2
  207 0.516992 2.858861 50.620064 -0.679532 0.718320 0.149174 0.037834 0.172491 1 207 1.000000
  207 1.307152 3.270370 50.208160 -0.294129 0.886564 0.357060 0.067281 0.172582 3 207 0.909652 225 0.081760 226 0.008588
  207 1.101623 3.280371 49.954395 -0.401235 0.869993 0.286569 0.067281 0.161358 3 207 0.903824 225 0.087256 226 0.008920
UV2
  207 0.460705 2.752528 50.609268 -0.983343 -0.180645 0.020114 0.032645 0.172491 1 207 1.000000
  207 0.503492 2.901162 50.339989 -0.703753 0.695722 0.143886 0.037834 0.161085 1 207 1.000000
  207 0.447203 2.794822 50.329201 -0.983341 -0.180653 0.020118 0.032645 0.161085 1 207 1.000000
UV2
  207 0.460705 2.752528 50.609268 -0.983343 -0.180645 0.020114 0.032645 0.172491 1 207 1.000000
  207 0.516992 2.858861 50.620064 -0.679532 0.718320 0.149174 0.037834 0.172491 1 207 1.000000
  207 0.503492 2.901162 50.339989 -0.703753 0.695722 0.143886 0.037834 0.161085 1 207 1.000000
UV2
  207 0.534283 2.717865 50.315777 -0.188446 -0.971064 -0.146710 0.037834 0.161085 1 207 1.000000
  207 0.447203 2.794822 50.329201 -0.983341 -0.180653 0.020118 0.032645 0.161085 1 207 1.000000
  207 0.433703 2.837116 50.049133 -0.983341 -0.180655 0.020113 0.032645 0.149679 1 207 1.000000
UV2
  207 0.534283 2.717865 50.315777 -0.188446 -0.971064 -0.146710 0.037834 0.161085 1 207 1.000000
  207 0.433703 2.837116 50.049133 -0.983341 -0.180655 0.020113 0.032645 0.149679 1 207 1.000000
  207 0.520785 2.760159 50.035706 -0.164759 -0.975860 -0.143356 0.037834 0.149679 1 207 1.000000
UV2
  207 0.547782 2.675571 50.595860 -0.221621 -0.963992 -0.146983 0.037834 0.172491 1 207 1.000000
  207 0.460705 2.752528 50.609268 -0.983343 -0.180645 0.020114 0.032645 0.172491 1 207 1.000000
  207 0.447203 2.794822 50.329201 -0.983341 -0.180653 0.020118 0.032645 0.161085 1 207 1.000000
UV2
  207 0.547782 2.675571 50.595860 -0.221621 -0.963992 -0.146983 0.037834 0.172491 1 207 1.000000
  207 0.447203 2.794822 50.329201 -0.983341 -0.180653 0.020118 0.032645 0.161085 1 207 1.000000
  207 0.534283 2.717865 50.315777 -0.188446 -0.971064 -0.146710 0.037834 0.161085 1 207 1.000000
UV2
  207 1.120965 3.033803 49.914768 0.284524 -0.935210 -0.210780 0.067281 0.161358 3 207 0.919672 225 0.071136 226 0.009192
  207 0.534283 2.717865 50.315777 -0.188446 -0.971064 -0.146710 0.037834 0.161085 1 207 1.000000
  207 0.520785 2.760159 50.035706 -0.164759 -0.975860 -0.143356 0.037834 0.149679 1 207 1.000000
UV2
  207 1.120965 3.033803 49.914768 0.284524 -0.935210 -0.210780 0.067281 0.161358 3 207 0.919672 225 0.071136 226 0.009192
  207 0.520785 2.760159 50.035706 -0.164759 -0.975860 -0.143356 0.037834 0.149679 1 207 1.000000
  207 0.927070 3.010264 49.654034 0.345281 -0.920004 -0.185402 0.067281 0.150135 3 207 0.914419 225 0.076138 226 0.009443
UV2
  207 1.326495 3.023803 50.168518 0.183674 -0.943249 -0.276669 0.067281 0.172582 3 207 0.925483 225 0.065554 226 0.008963
  207 0.547782 2.675571 50.595860 -0.221621 -0.963992 -0.146983 0.037834 0.172491 1 207 1.000000
  207 0.534283 2.717865 50.315777 -0.188446 -0.971064 -0.146710 0.037834 0.161085 1 207 1.000000
UV2
  207 1.326495 3.023803 50.168518 0.183674 -0.943249 -0.276669 0.067281 0.172582 3 207 0.925483 225 0.065554 226 0.008963
  207 0.534283 2.717865 50.315777 -0.188446 -0.971064 -0.146710 0.037834 0.161085 1 207 1.000000
  207 1.120965 3.033803 49.914768 0.284524 -0.935210 -0.210780 0.067281 0.161358 3 207 0.919672 225 0.071136 226 0.009192
UV2
  207 2.404275 3.665217 48.585529 0.197800 -0.871049 -0.449609 0.106351 0.161280 3 207 0.477951 225 0.460691 226 0.061358
  207 1.120965 3.033803 49.914768 0.284524 -0.935210 -0.210780 0.067281 0.161358 3 207 0.919672 225 0.071136 226 0.009192
  207 0.927070 3.010264 49.654034 0.345281 -0.920004 -0.185402 0.067281 0.150135 3 207 0.914419 225 0.076138 226 0.009443
UV2
  207 2.404275 3.665217 48.585529 0.197800 -0.871049 -0.449609 0.106351 0.161280 3 207 0.477951 225 0.460691 226 0.061358
  207 0.927070 3.010264 49.654034 0.345281 -0.920004 -0.185402 0.067281 0.150135 3 207 0.914419 225 0.076138 226 0.009443
  207 2.082092 3.645786 48.344437 0.249810 -0.861441 -0.442171 0.106351 0.150005 3 207 0.487349 225 0.449783 226 0.062868
UV2
  207 2.726984 3.549056 48.824436 0.078383 -0.868294 -0.489819 0.106351 0.172556 3 207 0.476161 225 0.463764 226 0.060075
  207 1.326495 3.023803 50.168518 0.183674 -0.943249 -0.276669 0.067281 0.172582 3 207 0.925483 225 0.065554 226 0.008963
  207 1.120965 3.033803 49.914768 0.284524 -0.935210 -0.210780 0.067281 0.161358 3 207 0.919672 225 0.071136 226 0.009192
UV2
  207 2.726984 3.549056 48.824436 0.078383 -0.868294 -0.489819 0.106351 0.172556 3 207 0.476161 225 0.463764 226 0.060075
  207 1.120965 3.033803 49.914768 0.284524 -0.935210 -0.210780 0.067281 0.161358 3 207 0.919672 225 0.071136 226 0.009192
  207 2.404275 3.665217 48.585529 0.197800 -0.871049 -0.449609 0.106351 0.161280 3 207 0.477951 225 0.460691 226 0.061358
UV2
  225 4.022767 5.532146 46.706108 0.032062 -0.710885 -0.702577 0.145336 0.160686 3 225 0.603577 226 0.271704 207 0.124719
  207 2.404275 3.665217 48.585529 0.197800 -0.871049 -0.449609 0.106351 0.161280 3 207 0.477951 225 0.460691 226 0.061358
  207 2.082092 3.645786 48.344437 0.249810 -0.861441 -0.442171 0.106351 0.150005 3 207 0.487349 225 0.449783 226 0.062868
UV2
  225 4.022767 5.532146 46.706108 0.032062 -0.710885 -0.702577 0.145336 0.160686 3 225 0.603577 226 0.271704 207 0.124719
  207 2.082092 3.645786 48.344437 0.249810 -0.861441 -0.442171 0.106351 0.150005 3 207 0.487349 225 0.449783 226 0.062868
  225 3.635851 5.783617 46.434395 -0.015804 -0.664491 -0.747129 0.145336 0.149014 3 225 0.597176 226 0.275680 207 0.127144
UV2
  225 4.410085 5.276461 46.973152 0.019582 -0.729636 -0.683555 0.145336 0.172358 3 225 0.610386 226 0.267796 207 0.121818
  207 2.726984 3.549056 48.824436 0.078383 -0.868294 -0.489819 0.106351 0.172556 3 207 0.476161 225 0.463764 226 0.060075
  207 2.404275 3.665217 48.585529 0.197800 -0.871049 -0.449609 0.106351 0.161280 3 207 0.477951 225 0.460691 226 0.061358
UV2
  225 4.410085 5.276461 46.973152 0.019582 -0.729636 -0.683555 0.145336 0.172358 3 225 0.610386 226 0.267796 207 0.121818
  207 2.404275 3.665217 48.585529 0.197800 -0.871049 -0.449609 0.106351 0.161280 3 207 0.477951 225 0.460691 226 0.061358
  225 4.022767 5.532146 46.706108 0.032062 -0.710885 -0.702577 0.145336 0.160686 3 225 0.603577 226 0.271704 207 0.124719
UV2
  225 4.022767 5.532146 46.706108 0.032062 -0.710885 -0.702577 0.145336 0.160686 3 225 0.603577 226 0.271704 207 0.124719
  225 3.635851 5.783617 46.434395 -0.015804 -0.664491 -0.747129 0.145336 0.149014 3 225 0.597176 226 0.275680 207 0.127144
  226 6.086922 7.704136 44.562096 -0.076920 -0.697391 -0.712551 0.179003 0.160463 3 226 0.787336 227 0.161124 225 0.051540
UV2
  226 5.654289 8.047678 44.271919 -0.071288 -0.707323 -0.703287 0.179326 0.148637 3 226 0.798319 227 0.163027 225 0.038654
  226 6.086922 7.704136 44.562096 -0.076920 -0.697391 -0.712551 0.179003 0.160463 3 226 0.787336 227 0.161124 225 0.051540
  225 3.635851 5.783617 46.434395 -0.015804 -0.664491 -0.747129 0.145336 0.149014 3 225 0.597176 226 0.275680 207 0.127144
UV2
  225 4.410085 5.276461 46.973152 0.019582 -0.729636 -0.683555 0.145336 0.172358 3 225 0.610386 226 0.267796 207 0.121818
  225 4.022767 5.532146 46.706108 0.032062 -0.710885 -0.702577 0.145336 0.160686 3 225 0.603577 226 0.271704 207 0.124719
  226 6.517741 7.355507 44.848518 -0.066949 -0.702980 -0.708052 0.178647 0.172284 3 226 0.775831 227 0.159341 225 0.064828
UV2
  226 6.086922 7.704136 44.562096 -0.076920 -0.697391 -0.712551 0.179003 0.160463 3 226 0.787336 227 0.161124 225 0.051540
  226 6.517741 7.355507 44.848518 -0.066949 -0.702980 -0.708052 0.178647 0.172284 3 226 0.775831 227 0.159341 225 0.064828
  225 4.022767 5.532146 46.706108 0.032062 -0.710885 -0.702577 0.145336 0.160686 3 225 0.603577 226 0.271704 207 0.124719
UV2
  226 7.811564 9.206995 42.683311 0.003953 -0.683814 -0.729646 0.220321 0.160196 3 226 0.500754 227 0.497939 207 0.001307
  226 6.086922 7.704136 44.562096 -0.076920 -0.697391 -0.712551 0.179003 0.160463 3 226 0.787336 227 0.161124 225 0.051540
  226 5.654289 8.047678 44.271919 -0.071288 -0.707323 -0.703287 0.179326 0.148637 3 226 0.798319 227 0.163027 225 0.038654
UV2
  226 7.811564 9.206995 42.683311 0.003953 -0.683814 -0.729646 0.220321 0.160196 3 226 0.500754 227 0.497939 207 0.001307
  226 5.654289 8.047678 44.271919 -0.071288 -0.707323 -0.703287 0.179326 0.148637 3 226 0.798319 227 0.163027 225 0.038654
  227 7.288294 9.467955 42.433105 0.005591 -0.699939 -0.714181 0.220321 0.148197 3 227 0.502251 226 0.496442 207 0.001307
UV2
  226 8.335843 8.942635 42.929291 0.020442 -0.677680 -0.735072 0.220321 0.172194 3 226 0.504726 227 0.493966 207 0.001308
  226 6.517741 7.355507 44.848518 -0.066949 -0.702980 -0.708052 0.178647 0.172284 3 226 0.775831 227 0.159341 225 0.064828
  226 6.086922 7.704136 44.562096 -0.076920 -0.697391 -0.712551 0.179003 0.160463 3 226 0.787336 227 0.161124 225 0.051540
UV2
  226 8.335843 8.942635 42.929291 0.020442 -0.677680 -0.735072 0.220321 0.172194 3 226 0.504726 227 0.493966 207 0.001308
  226 6.086922 7.704136 44.562096 -0.076920 -0.697391 -0.712551 0.179003 0.160463 3 226 0.787336 227 0.161124 225 0.051540
  226 7.811564 9.206995 42.683311 0.003953 -0.683814 -0.729646 0.220321 0.160196 3 226 0.500754 227 0.497939 207 0.001307
UV2
  227 8.563372 10.137267 42.032291 0.252696 -0.424393 -0.869503 0.259391 0.159691 2 227 0.750599 226 0.249401
  226 7.811564 9.206995 42.683311 0.003953 -0.683814 -0.729646 0.220321 0.160196 3 226 0.500754 227 0.497939 207 0.001307
  227 7.288294 9.467955 42.433105 0.005591 -0.699939 -0.714181 0.220321 0.148197 3 227 0.502251 226 0.496442 207 0.001307
UV2
  227 8.563372 10.137267 42.032291 0.252696 -0.424393 -0.869503 0.259391 0.159691 2 227 0.750599 226 0.249401
  227 7.288294 9.467955 42.433105 0.005591 -0.699939 -0.714181 0.220321 0.148197 3 227 0.502251 226 0.496442 207 0.001307
  227 8.068911 10.377195 41.769402 0.249983 -0.431171 -0.866948 0.259391 0.147356 2 227 0.758952 226 0.241048
UV2
  227 9.057819 9.897358 42.295174 0.257765 -0.415373 -0.872366 0.259391 0.172026 2 227 0.742317 226 0.257683
  226 8.335843 8.942635 42.929291 0.020442 -0.677680 -0.735072 0.220321 0.172194 3 226 0.504726 227 0.493966 207 0.001308
  226 7.811564 9.206995 42.683311 0.003953 -0.683814 -0.729646 0.220321 0.160196 3 226 0.500754 227 0.497939 207 0.001307
UV2
  227 9.057819 9.897358 42.295174 0.257765 -0.415373 -0.872366 0.259391 0.172026 2 227 0.742317 226 0.257683
  226 7.811564 9.206995 42.683311 0.003953 -0.683814 -0.729646 0.220321 0.160196 3 226 0.500754 227 0.497939 207 0.001307
  227 8.563372 10.137267 42.032291 0.252696 -0.424393 -0.869503 0.259391 0.159691 2 227 0.750599 226 0.249401
UV2
  227 8.702273 10.392357 42.039028 0.514195 0.130962 -0.847616 0.270235 0.159606 2 227 0.847878 226 0.152122
  227 8.563372 10.137267 42.032291 0.252696 -0.424393 -0.869503 0.259391 0.159691 2 227 0.750599 226 0.249401
  227 8.068911 10.377195 41.769402 0.249983 -0.431171 -0.866948 0.259391 0.147356 2 227 0.758952 226 0.241048
UV2
  227 8.702273 10.392357 42.039028 0.514195 0.130962 -0.847616 0.270235 0.159606 2 227 0.847878 226 0.152122
  227 8.068911 10.377195 41.769402 0.249983 -0.431171 -0.866948 0.259391 0.147356 2 227 0.758952 226 0.241048
  227 8.214613 10.628979 41.779762 0.514199 0.130950 -0.847615 0.270235 0.147214 2 227 0.857106 226 0.142894
UV2
  227 9.189941 10.155733 42.298298 0.514208 0.131002 -0.847602 0.270235 0.171998 2 227 0.838544 226 0.161456
  227 9.057819 9.897358 42.295174 0.257765 -0.415373 -0.872366 0.259391 0.172026 2 227 0.742317 226 0.257683
  227 8.563372 10.137267 42.032291 0.252696 -0.424393 -0.869503 0.259391 0.159691 2 227 0.750599 226 0.249401
UV2
  227 9.189941 10.155733 42.298298 0.514208 0.131002 -0.847602 0.270235 0.171998 2 227 0.838544 226 0.161456
  227 8.563372 10.137267 42.032291 0.252696 -0.424393 -0.869503 0.259391 0.159691 2 227 0.750599 226 0.249401
  227 8.702273 10.392357 42.039028 0.514195 0.130962 -0.847616 0.270235 0.159606 2 227 0.847878 226 0.152122
UV2
  227 8.722425 10.528456 42.141327 0.583105 0.591421 -0.556965 0.274374 0.159861 2 227 0.865796 226 0.134204
  227 8.702273 10.392357 42.039028 0.514195 0.130962 -0.847616 0.270235 0.159606 2 227 0.847878 226 0.152122
  227 8.214613 10.628979 41.779762 0.514199 0.130950 -0.847615 0.270235 0.147214 2 227 0.857106 226 0.142894
UV2
  227 8.722425 10.528456 42.141327 0.583105 0.591421 -0.556965 0.274374 0.159861 2 227 0.865796 226 0.134204
  227 8.214613 10.628979 41.779762 0.514199 0.130950 -0.847615 0.270235 0.147214 2 227 0.857106 226 0.142894
  227 8.241455 10.761833 41.885605 0.583091 0.591437 -0.556962 0.274374 0.147639 2 227 0.874732 226 0.125268
UV2
  227 9.203405 10.295071 42.397060 0.583096 0.591463 -0.556929 0.274374 0.172083 2 227 0.856436 226 0.143564
  227 9.189941 10.155733 42.298298 0.514208 0.131002 -0.847602 0.270235 0.171998 2 227 0.838544 226 0.161456
  227 8.702273 10.392357 42.039028 0.514195 0.130962 -0.847616 0.270235 0.159606 2 227 0.847878 226 0.152122
UV2
  227 9.203405 10.295071 42.397060 0.583096 0.591463 -0.556929 0.274374 0.172083 2 227 0.856436 226 0.143564
  227 8.702273 10.392357 42.039028 0.514195 0.130962 -0.847616 0.270235 0.159606 2 227 0.847878 226 0.152122
  227 8.722425 10.528456 42.141327 0.583105 0.591421 -0.556965 0.274374 0.159861 2 227 0.865796 226 0.134204
UV2
  227 8.657797 10.671701 42.309906 0.494390 0.856516 -0.148187 0.270235 0.159606 2 227 0.836564 226 0.163436
  227 8.722425 10.528456 42.141327 0.583105 0.591421 -0.556965 0.274374 0.159861 2 227 0.865796 226 0.134204
  227 8.241455 10.761833 41.885605 0.583091 0.591437 -0.556962 0.274374 0.147639 2 227 0.874732 226 0.125268
UV2
  227 8.657797 10.671701 42.309906 0.494390 0.856516 -0.148187 0.270235 0.159606 2 227 0.836564 226 0.163436
  227 8.241455 10.761833 41.885605 0.583091 0.591437 -0.556962 0.274374 0.147639 2 227 0.874732 226 0.125268
  227 8.170130 10.908318 42.050632 0.494379 0.856522 -0.148187 0.270235 0.147214 2 227 0.845463 226 0.154537
UV2
  227 9.145463 10.435062 42.569191 0.494391 0.856515 -0.148188 0.270235 0.171998 2 227 0.827286 226 0.172714
  227 9.203405 10.295071 42.397060 0.583096 0.591463 -0.556929 0.274374 0.172083 2 227 0.856436 226 0.143564
  227 8.722425 10.528456 42.141327 0.583105 0.591421 -0.556965 0.274374 0.159861 2 227 0.865796 226 0.134204
UV2
  227 9.145463 10.435062 42.569191 0.494391 0.856515 -0.148188 0.270235 0.171998 2 227 0.827286 226 0.172714
  227 8.722425 10.528456 42.141327 0.583105 0.591421 -0.556965 0.274374 0.159861 2 227 0.865796 226 0.134204
  227 8.657797 10.671701 42.309906 0.494390 0.856516 -0.148187 0.270235 0.159606 2 227 0.836564 226 0.163436
UV2
  227 8.482735 10.711113 42.579018 0.255152 0.904020 0.342994 0.259391 0.159691 2 227 0.732621 226 0.267379
  227 8.657797 10.671701 42.309906 0.494390 0.856516 -0.148187 0.270235 0.159606 2 227 0.836564 226 0.163436
  227 8.170130 10.908318 42.050632 0.494379 0.856522 -0.148187 0.270235 0.147214 2 227 0.845463 226 0.154537
UV2
  227 8.482735 10.711113 42.579018 0.255152 0.904020 0.342994 0.259391 0.159691 2 227 0.732621 226 0.267379
  227 8.170130 10.908318 42.050632 0.494379 0.856522 -0.148187 0.270235 0.147214 2 227 0.845463 226 0.154537
  227 7.988280 10.951032 42.316124 0.254650 0.903496 0.344743 0.259391 0.147356 2 227 0.740905 226 0.259095
UV2
  227 8.977179 10.471194 42.841888 0.257136 0.903411 0.343117 0.259391 0.172026 2 227 0.724165 226 0.275835
  227 9.145463 10.435062 42.569191 0.494391 0.856515 -0.148188 0.270235 0.171998 2 227 0.827286 226 0.172714
  227 8.657797 10.671701 42.309906 0.494390 0.856516 -0.148187 0.270235 0.159606 2 227 0.836564 226 0.163436
UV2
  227 8.977179 10.471194 42.841888 0.257136 0.903411 0.343117 0.259391 0.172026 2 227 0.724165 226 0.275835
  227 8.657797 10.671701 42.309906 0.494390 0.856516 -0.148187 0.270235 0.159606 2 227 0.836564 226 0.163436
  227 8.482735 10.711113 42.579018 0.255152 0.904020 0.342994 0.259391 0.159691 2 227 0.732621 226 0.267379
UV2
  226 7.694383 10.144353 43.590359 0.065005 0.802054 0.593704 0.220321 0.160196 3 226 0.514155 227 0.484599 207 0.001247
  227 8.482735 10.711113 42.579018 0.255152 0.904020 0.342994 0.259391 0.159691 2 227 0.732621 226 0.267379
  227 7.988280 10.951032 42.316124 0.254650 0.903496 0.344743 0.259391 0.147356 2 227 0.740905 226 0.259095
UV2
  226 7.694383 10.144353 43.590359 0.065005 0.802054 0.593704 0.220321 0.160196 3 226 0.514155 227 0.484599 207 0.001247
  227 7.988280 10.951032 42.316124 0.254650 0.903496 0.344743 0.259391 0.147356 2 227 0.740905 226 0.259095
  226 7.175993 10.388727 43.319450 0.010669 0.819768 0.572597 0.220321 0.148197 3 226 0.509699 227 0.489022 207 0.001279
UV2
  226 8.211790 9.903366 43.865524 0.072221 0.796704 0.600039 0.220321 0.172194 3 226 0.519189 227 0.479572 207 0.001239
  227 8.977179 10.471194 42.841888 0.257136 0.903411 0.343117 0.259391 0.172026 2 227 0.724165 226 0.275835
  227 8.482735 10.711113 42.579018 0.255152 0.904020 0.342994 0.259391 0.159691 2 227 0.732621 226 0.267379
UV2
  226 8.211790 9.903366 43.865524 0.072221 0.796704 0.600039 0.220321 0.172194 3 226 0.519189 227 0.479572 207 0.001239
  227 8.482735 10.711113 42.579018 0.255152 0.904020 0.342994 0.259391 0.159691 2 227 0.732621 226 0.267379
  226 7.694383 10.144353 43.590359 0.065005 0.802054 0.593704 0.220321 0.160196 3 226 0.514155 227 0.484599 207 0.001247
UV2
  226 7.694383 10.144353 43.590359 0.065005 0.802054 0.593704 0.220321 0.160196 3 226 0.514155 227 0.484599 207 0.001247
  226 7.175993 10.388727 43.319450 0.010669 0.819768 0.572597 0.220321 0.148197 3 226 0.509699 227 0.489022 207 0.001279
  226 6.002793 8.643048 45.491280 -0.006266 0.711315 0.702845 0.183701 0.160418 3 226 0.767323 227 0.156492 225 0.076186
UV2
  226 5.568590 8.962166 45.171795 -0.067850 0.736302 0.673242 0.183858 0.148566 3 226 0.778473 227 0.159374 225 0.062153
  226 6.002793 8.643048 45.491280 -0.006266 0.711315 0.702845 0.183701 0.160418 3 226 0.767323 227 0.156492 225 0.076186
  226 7.175993 10.388727 43.319450 0.010669 0.819768 0.572597 0.220321 0.148197 3 226 0.509699 227 0.489022 207 0.001279
UV2
  225 3.960398 6.181993 47.421410 -0.145908 0.684952 0.713829 0.145336 0.160686 3 225 0.617152 226 0.261102 207 0.121746
  226 6.002793 8.643048 45.491280 -0.006266 0.711315 0.702845 0.183701 0.160418 3 226 0.767323 227 0.156492 225 0.076186
  226 5.568590 8.962166 45.171795 -0.067850 0.736302 0.673242 0.183858 0.148566 3 226 0.778473 227 0.159374 225 0.062153
UV2
  226 6.002793 8.643048 45.491280 -0.006266 0.711315 0.702845 0.183701 0.160418 3 226 0.767323 227 0.156492 225 0.076186
  226 6.438290 8.329210 45.814220 0.004612 0.706897 0.707301 0.183574 0.172269 3 226 0.756096 227 0.154422 225 0.089482
  226 7.694383 10.144353 43.590359 0.065005 0.802054 0.593704 0.220321 0.160196 3 226 0.514155 227 0.484599 207 0.001247
UV2
  226 8.211790 9.903366 43.865524 0.072221 0.796704 0.600039 0.220321 0.172194 3 226 0.519189 227 0.479572 207 0.001239
  226 7.694383 10.144353 43.590359 0.065005 0.802054 0.593704 0.220321 0.160196 3 226 0.514155 227 0.484599 207 0.001247
  226 6.438290 8.329210 45.814220 0.004612 0.706897 0.707301 0.183574 0.172269 3 226 0.756096 227 0.154422 225 0.089482
UV2
  225 4.344926 5.955363 47.720459 -0.120709 0.691525 0.712196 0.145336 0.172358 3 225 0.622466 226 0.256390 207 0.121145
  226 6.002793 8.643048 45.491280 -0.006266 0.711315 0.702845 0.183701 0.160418 3 226 0.767323 227 0.156492 225 0.076186
  225 3.960398 6.181993 47.421410 -0.145908 0.684952 0.713829 0.145336 0.160686 3 225 0.617152 226 0.261102 207 0.121746
UV2
  225 4.344926 5.955363 47.720459 -0.120709 0.691525 0.712196 0.145336 0.172358 3 225 0.622466 226 0.256390 207 0.121145
  226 6.438290 8.329210 45.814220 0.004612 0.706897 0.707301 0.183574 0.172269 3 226 0.756096 227 0.154422 225 0.089482
  226 6.002793 8.643048 45.491280 -0.006266 0.711315 0.702845 0.183701 0.160418 3 226 0.767323 227 0.156492 225 0.076186
UV2
  207 2.642461 4.177599 49.168461 -0.207693 0.793293 0.572320 0.106351 0.172556 3 207 0.477907 225 0.464945 226 0.057148
  225 4.344926 5.955363 47.720459 -0.120709 0.691525 0.712196 0.145336 0.172358 3 225 0.622466 226 0.256390 207 0.121145
  225 3.960398 6.181993 47.421410 -0.145908 0.684952 0.713829 0.145336 0.160686 3 225 0.617152 226 0.261102 207 0.121746
UV2
  207 2.642461 4.177599 49.168461 -0.207693 0.793293 0.572320 0.106351 0.172556 3 207 0.477907 225 0.464945 226 0.057148
  225 3.960398 6.181993 47.421410 -0.145908 0.684952 0.713829 0.145336 0.160686 3 225 0.617152 226 0.261102 207 0.121746
  207 2.323366 4.266857 48.914810 -0.335546 0.789220 0.514335 0.106351 0.161280 3 207 0.478725 225 0.462405 226 0.058870
UV2
  207 1.307152 3.270370 50.208160 -0.294129 0.886564 0.357060 0.067281 0.172582 3 207 0.909652 225 0.081760 226 0.008588
  207 2.642461 4.177599 49.168461 -0.207693 0.793293 0.572320 0.106351 0.172556 3 207 0.477907 225 0.464945 226 0.057148
  207 2.323366 4.266857 48.914810 -0.335546 0.789220 0.514335 0.106351 0.161280 3 207 0.478725 225 0.462405 226 0.058870
UV2
  225 4.730863 5.714199 48.003517 -0.074402 0.688035 0.721853 0.145336 0.184030 3 225 0.627615 226 0.251827 207 0.120558
  226 6.438290 8.329210 45.814220 0.004612 0.706897 0.707301 0.183574 0.172269 3 226 0.756096 227 0.154422 225 0.089482
  225 4.344926 5.955363 47.720459 -0.120709 0.691525 0.712196 0.145336 0.172358 3 225 0.622466 226 0.256390 207 0.121145
UV2
  207 2.963363 4.074891 49.414745 -0.161716 0.800384 0.577264 0.106351 0.183831 3 207 0.477007 225 0.467398 226 0.055596
  225 4.344926 5.955363 47.720459 -0.120709 0.691525 0.712196 0.145336 0.172358 3 225 0.622466 226 0.256390 207 0.121145
  207 2.642461 4.177599 49.168461 -0.207693 0.793293 0.572320 0.106351 0.172556 3 207 0.477907 225 0.464945 226 0.057148
UV2
  207 2.963363 4.074891 49.414745 -0.161716 0.800384 0.577264 0.106351 0.183831 3 207 0.477007 225 0.467398 226 0.055596
  225 4.730863 5.714199 48.003517 -0.074402 0.688035 0.721853 0.145336 0.184030 3 225 0.627615 226 0.251827 207 0.120558
  225 4.344926 5.955363 47.720459 -0.120709 0.691525 0.712196 0.145336 0.172358 3 225 0.622466 226 0.256390 207 0.121145
UV2
  207 1.496270 3.217250 50.445503 -0.221133 0.900064 0.375479 0.067281 0.183806 3 207 0.920102 225 0.071588 226 0.008310
  207 2.642461 4.177599 49.168461 -0.207693 0.793293 0.572320 0.106351 0.172556 3 207 0.477907 225 0.464945 226 0.057148
  207 1.307152 3.270370 50.208160 -0.294129 0.886564 0.357060 0.067281 0.172582 3 207 0.909652 225 0.081760 226 0.008588
UV2
  207 1.496270 3.217250 50.445503 -0.221133 0.900064 0.375479 0.067281 0.183806 3 207 0.920102 225 0.071588 226 0.008310
  207 2.963363 4.074891 49.414745 -0.161716 0.800384 0.577264 0.106351 0.183831 3 207 0.477007 225 0.467398 226 0.055596
  207 2.642461 4.177599 49.168461 -0.207693 0.793293 0.572320 0.106351 0.172556 3 207 0.477907 225 0.464945 226 0.057148
UV2
  207 0.530486 2.816567 50.900139 -0.650499 0.743764 0.153839 0.037834 0.183897 1 207 1.000000
  207 1.496270 3.217250 50.445503 -0.221133 0.900064 0.375479 0.067281 0.183806 3 207 0.920102 225 0.071588 226 0.008310
  207 1.307152 3.270370 50.208160 -0.294129 0.886564 0.357060 0.067281 0.172582 3 207 0.909652 225 0.081760 226 0.008588
UV2
  207 0.530486 2.816567 50.900139 -0.650499 0.743764 0.153839 0.037834 0.183897 1 207 1.000000
  207 1.307152 3.270370 50.208160 -0.294129 0.886564 0.357060 0.067281 0.172582 3 207 0.909652 225 0.081760 226 0.008588
  207 0.516992 2.858861 50.620064 -0.679532 0.718320 0.149174 0.037834 0.172491 1 207 1.000000
UV2
  207 1.685386 3.164137 50.682831 -0.188026 0.915462 0.355774 0.067281 0.195029 3 207 0.930652 225 0.061300 226 0.008048
  207 2.963363 4.074891 49.414745 -0.161716 0.800384 0.577264 0.106351 0.183831 3 207 0.477007 225 0.467398 226 0.055596
  207 1.496270 3.217250 50.445503 -0.221133 0.900064 0.375479 0.067281 0.183806 3 207 0.920102 225 0.071588 226 0.008310
UV2
  207 0.474201 2.710235 50.889370 -0.983345 -0.180629 0.020117 0.032645 0.183897 1 207 1.000000
  207 0.530486 2.816567 50.900139 -0.650499 0.743764 0.153839 0.037834 0.183897 1 207 1.000000
  207 0.516992 2.858861 50.620064 -0.679532 0.718320 0.149174 0.037834 0.172491 1 207 1.000000
UV2
  207 0.474201 2.710235 50.889370 -0.983345 -0.180629 0.020117 0.032645 0.183897 1 207 1.000000
  207 0.516992 2.858861 50.620064 -0.679532 0.718320 0.149174 0.037834 0.172491 1 207 1.000000
  207 0.460705 2.752528 50.609268 -0.983343 -0.180645 0.020114 0.032645 0.172491 1 207 1.000000
UV2
  207 0.543986 2.774273 51.180222 -0.626608 0.764059 0.153546 0.037834 0.195303 1 207 1.000000
  207 1.496270 3.217250 50.445503 -0.221133 0.900064 0.375479 0.067281 0.183806 3 207 0.920102 225 0.071588 226 0.008310
  207 0.530486 2.816567 50.900139 -0.650499 0.743764 0.153839 0.037834 0.183897 1 207 1.000000
UV2
  207 0.543986 2.774273 51.180222 -0.626608 0.764059 0.153546 0.037834 0.195303 1 207 1.000000
  207 1.685386 3.164137 50.682831 -0.188026 0.915462 0.355774 0.067281 0.195029 3 207 0.930652 225 0.061300 226 0.008048
  207 1.496270 3.217250 50.445503 -0.221133 0.900064 0.375479 0.067281 0.183806 3 207 0.920102 225 0.071588 226 0.008310
UV2
  207 0.487701 2.667941 51.169437 -0.983344 -0.180634 0.020125 0.032645 0.195303 1 207 1.000000
  207 0.530486 2.816567 50.900139 -0.650499 0.743764 0.153839 0.037834 0.183897 1 207 1.000000
  207 0.474201 2.710235 50.889370 -0.983345 -0.180629 0.020117 0.032645 0.183897 1 207 1.000000
UV2
  207 0.487701 2.667941 51.169437 -0.983344 -0.180634 0.020125 0.032645 0.195303 1 207 1.000000
  207 0.543986 2.774273 51.180222 -0.626608 0.764059 0.153546 0.037834 0.195303 1 207 1.000000
  207 0.530486 2.816567 50.900139 -0.650499 0.743764 0.153839 0.037834 0.183897 1 207 1.000000
UV2
  207 0.561280 2.633277 50.875931 -0.249843 -0.957922 -0.141296 0.037834 0.183897 1 207 1.000000
  207 0.474201 2.710235 50.889370 -0.983345 -0.180629 0.020117 0.032645 0.183897 1 207 1.000000
  207 0.460705 2.752528 50.609268 -0.983343 -0.180645 0.020114 0.032645 0.172491 1 207 1.000000
UV2
  207 0.561280 2.633277 50.875931 -0.249843 -0.957922 -0.141296 0.037834 0.183897 1 207 1.000000
  207 0.460705 2.752528 50.609268 -0.983343 -0.180645 0.020114 0.032645 0.172491 1 207 1.000000
  207 0.547782 2.675571 50.595860 -0.221621 -0.963992 -0.146983 0.037834 0.172491 1 207 1.000000
UV2
  207 0.574779 2.590983 51.156013 -0.270672 -0.952823 -0.137349 0.037834 0.195303 1 207 1.000000
  207 0.487701 2.667941 51.169437 -0.983344 -0.180634 0.020125 0.032645 0.195303 1 207 1.000000
  207 0.474201 2.710235 50.889370 -0.983345 -0.180629 0.020117 0.032645 0.183897 1 207 1.000000
UV2
  207 0.574779 2.590983 51.156013 -0.270672 -0.952823 -0.137349 0.037834 0.195303 1 207 1.000000
  207 0.474201 2.710235 50.889370 -0.983345 -0.180629 0.020117 0.032645 0.183897 1 207 1.000000
  207 0.561280 2.633277 50.875931 -0.249843 -0.957922 -0.141296 0.037834 0.183897 1 207 1.000000
UV2
  207 1.515614 2.970690 50.405884 0.121004 -0.945862 -0.301170 0.067281 0.183806 3 207 0.936085 225 0.055195 226 0.008720
  207 0.561280 2.633277 50.875931 -0.249843 -0.957922 -0.141296 0.037834 0.183897 1 207 1.000000
  207 0.547782 2.675571 50.595860 -0.221621 -0.963992 -0.146983 0.037834 0.172491 1 207 1.000000
UV2
  207 1.515614 2.970690 50.405884 0.121004 -0.945862 -0.301170 0.067281 0.183806 3 207 0.936085 225 0.055195 226 0.008720
  207 0.547782 2.675571 50.595860 -0.221621 -0.963992 -0.146983 0.037834 0.172491 1 207 1.000000
  207 1.326495 3.023803 50.168518 0.183674 -0.943249 -0.276669 0.067281 0.172582 3 207 0.925483 225 0.065554 226 0.008963
UV2
  207 1.704729 2.917570 50.643211 0.094292 -0.954009 -0.284562 0.067281 0.195029 3 207 0.946814 225 0.044721 226 0.008465
  207 0.574779 2.590983 51.156013 -0.270672 -0.952823 -0.137349 0.037834 0.195303 1 207 1.000000
  207 0.561280 2.633277 50.875931 -0.249843 -0.957922 -0.141296 0.037834 0.183897 1 207 1.000000
UV2
  207 1.704729 2.917570 50.643211 0.094292 -0.954009 -0.284562 0.067281 0.195029 3 207 0.946814 225 0.044721 226 0.008465
  207 0.561280 2.633277 50.875931 -0.249843 -0.957922 -0.141296 0.037834 0.183897 1 207 1.000000
  207 1.515614 2.970690 50.405884 0.121004 -0.945862 -0.301170 0.067281 0.183806 3 207 0.936085 225 0.055195 226 0.008720
UV2
  207 3.047887 3.446347 49.070724 0.081416 -0.890052 -0.448530 0.106351 0.183831 3 207 0.475235 225 0.466125 226 0.058640
  207 1.515614 2.970690 50.405884 0.121004 -0.945862 -0.301170 0.067281 0.183806 3 207 0.936085 225 0.055195 226 0.008720
  207 1.326495 3.023803 50.168518 0.183674 -0.943249 -0.276669 0.067281 0.172582 3 207 0.925483 225 0.065554 226 0.008963
UV2
  207 3.047887 3.446347 49.070724 0.081416 -0.890052 -0.448530 0.106351 0.183831 3 207 0.475235 225 0.466125 226 0.058640
  207 1.326495 3.023803 50.168518 0.183674 -0.943249 -0.276669 0.067281 0.172582 3 207 0.925483 225 0.065554 226 0.008963
  207 2.726984 3.549056 48.824436 0.078383 -0.868294 -0.489819 0.106351 0.172556 3 207 0.476161 225 0.463764 226 0.060075
UV2
  207 3.366982 3.357090 49.324379 0.073139 -0.902278 -0.424906 0.106351 0.195107 3 207 0.474388 225 0.468445 226 0.057168
  207 1.704729 2.917570 50.643211 0.094292 -0.954009 -0.284562 0.067281 0.195029 3 207 0.946814 225 0.044721 226 0.008465
  207 1.515614 2.970690 50.405884 0.121004 -0.945862 -0.301170 0.067281 0.183806 3 207 0.936085 225 0.055195 226 0.008720
UV2
  207 3.366982 3.357090 49.324379 0.073139 -0.902278 -0.424906 0.106351 0.195107 3 207 0.474388 225 0.468445 226 0.057168
  207 1.515614 2.970690 50.405884 0.121004 -0.945862 -0.301170 0.067281 0.183806 3 207 0.936085 225 0.055195 226 0.008720
  207 3.047887 3.446347 49.070724 0.081416 -0.890052 -0.448530 0.106351 0.183831 3 207 0.475235 225 0.466125 226 0.058640
UV2
  225 4.796025 5.035288 47.256226 0.037553 -0.755516 -0.654053 0.145336 0.184030 3 225 0.615390 226 0.263522 207 0.121088
  207 3.047887 3.446347 49.070724 0.081416 -0.890052 -0.448530 0.106351 0.183831 3 207 0.475235 225 0.466125 226 0.058640
  207 2.726984 3.549056 48.824436 0.078383 -0.868294 -0.489819 0.106351 0.172556 3 207 0.476161 225 0.463764 226 0.060075
UV2
  225 4.796025 5.035288 47.256226 0.037553 -0.755516 -0.654053 0.145336 0.184030 3 225 0.615390 226 0.263522 207 0.121088
  207 2.726984 3.549056 48.824436 0.078383 -0.868294 -0.489819 0.106351 0.172556 3 207 0.476161 225 0.463764 226 0.060075
  225 4.410085 5.276461 46.973152 0.019582 -0.729636 -0.683555 0.145336 0.172358 3 225 0.610386 226 0.267796 207 0.121818
UV2
  225 5.180560 4.808659 47.555283 0.033923 -0.771358 -0.635497 0.145336 0.195701 3 225 0.620265 226 0.259300 207 0.120435
  207 3.366982 3.357090 49.324379 0.073139 -0.902278 -0.424906 0.106351 0.195107 3 207 0.474388 225 0.468445 226 0.057168
  207 3.047887 3.446347 49.070724 0.081416 -0.890052 -0.448530 0.106351 0.183831 3 207 0.475235 225 0.466125 226 0.058640
UV2
  225 5.180560 4.808659 47.555283 0.033923 -0.771358 -0.635497 0.145336 0.195701 3 225 0.620265 226 0.259300 207 0.120435
  207 3.047887 3.446347 49.070724 0.081416 -0.890052 -0.448530 0.106351 0.183831 3 207 0.475235 225 0.466125 226 0.058640
  225 4.796025 5.035288 47.256226 0.037553 -0.755516 -0.654053 0.145336 0.184030 3 225 0.615390 226 0.263522 207 0.121088
UV2
  225 4.796025 5.035288 47.256226 0.037553 -0.755516 -0.654053 0.145336 0.184030 3 225 0.615390 226 0.263522 207 0.121088
  225 4.410085 5.276461 46.973152 0.019582 -0.729636 -0.683555 0.145336 0.172358 3 225 0.610386 226 0.267796 207 0.121818
  226 6.953790 7.025429 45.147305 -0.039044 -0.719628 -0.693261 0.178398 0.184102 3 226 0.765786 227 0.157487 225 0.076727
UV2
  226 6.517741 7.355507 44.848518 -0.066949 -0.702980 -0.708052 0.178647 0.172284 3 226 0.775831 227 0.159341 225 0.064828
  226 6.953790 7.025429 45.147305 -0.039044 -0.719628 -0.693261 0.178398 0.184102 3 226 0.765786 227 0.157487 225 0.076727
  225 4.410085 5.276461 46.973152 0.019582 -0.729636 -0.683555 0.145336 0.172358 3 225 0.610386 226 0.267796 207 0.121818
UV2
  225 5.180560 4.808659 47.555283 0.033923 -0.771358 -0.635497 0.145336 0.195701 3 225 0.620265 226 0.259300 207 0.120435
  225 4.796025 5.035288 47.256226 0.037553 -0.755516 -0.654053 0.145336 0.184030 3 225 0.615390 226 0.263522 207 0.121088
  226 7.395181 6.713854 45.458542 -0.030435 -0.726337 -0.686665 0.178255 0.195917 3 226 0.757321 227 0.155452 225 0.087228
UV2
  226 6.953790 7.025429 45.147305 -0.039044 -0.719628 -0.693261 0.178398 0.184102 3 226 0.765786 227 0.157487 225 0.076727
  226 7.395181 6.713854 45.458542 -0.030435 -0.726337 -0.686665 0.178255 0.195917 3 226 0.757321 227 0.155452 225 0.087228
  225 4.796025 5.035288 47.256226 0.037553 -0.755516 -0.654053 0.145336 0.184030 3 225 0.615390 226 0.263522 207 0.121088
UV2
  226 8.856683 8.689959 43.189842 0.048160 -0.683668 -0.728202 0.220321 0.184193 3 226 0.509184 227 0.489537 207 0.001279
  226 6.953790 7.025429 45.147305 -0.039044 -0.719628 -0.693261 0.178398 0.184102 3 226 0.765786 227 0.157487 225 0.076727
  226 6.517741 7.355507 44.848518 -0.066949 -0.702980 -0.708052 0.178647 0.172284 3 226 0.775831 227 0.159341 225 0.064828
UV2
  226 8.856683 8.689959 43.189842 0.048160 -0.683668 -0.728202 0.220321 0.184193 3 226 0.509184 227 0.489537 207 0.001279
  226 6.517741 7.355507 44.848518 -0.066949 -0.702980 -0.708052 0.178647 0.172284 3 226 0.775831 227 0.159341 225 0.064828
  226 8.335843 8.942635 42.929291 0.020442 -0.677680 -0.735072 0.220321 0.172194 3 226 0.504726 227 0.493966 207 0.001308
UV2
  226 9.374084 8.448987 43.464996 0.059121 -0.685705 -0.725475 0.220321 0.196192 3 226 0.514406 227 0.484350 207 0.001244
  226 7.395181 6.713854 45.458542 -0.030435 -0.726337 -0.686665 0.178255 0.195917 3 226 0.757321 227 0.155452 225 0.087228
  226 6.953790 7.025429 45.147305 -0.039044 -0.719628 -0.693261 0.178398 0.184102 3 226 0.765786 227 0.157487 225 0.076727
UV2
  226 9.374084 8.448987 43.464996 0.059121 -0.685705 -0.725475 0.220321 0.196192 3 226 0.514406 227 0.484350 207 0.001244
  226 6.953790 7.025429 45.147305 -0.039044 -0.719628 -0.693261 0.178398 0.184102 3 226 0.765786 227 0.157487 225 0.076727
  226 8.856683 8.689959 43.189842 0.048160 -0.683668 -0.728202 0.220321 0.184193 3 226 0.509184 227 0.489537 207 0.001279
UV2
  227 9.552274 9.657432 42.558075 0.263367 -0.410186 -0.873146 0.259391 0.184361 2 227 0.733812 226 0.266188
  226 8.856683 8.689959 43.189842 0.048160 -0.683668 -0.728202 0.220321 0.184193 3 226 0.509184 227 0.489537 207 0.001279
  226 8.335843 8.942635 42.929291 0.020442 -0.677680 -0.735072 0.220321 0.172194 3 226 0.504726 227 0.493966 207 0.001308
UV2
  227 9.552274 9.657432 42.558075 0.263367 -0.410186 -0.873146 0.259391 0.184361 2 227 0.733812 226 0.266188
  226 8.335843 8.942635 42.929291 0.020442 -0.677680 -0.735072 0.220321 0.172194 3 226 0.504726 227 0.493966 207 0.001308
  227 9.057819 9.897358 42.295174 0.257765 -0.415373 -0.872366 0.259391 0.172026 2 227 0.742317 226 0.257683
UV2
  227 10.046730 9.417519 42.820950 0.265463 -0.410569 -0.872332 0.259391 0.196696 2 227 0.725040 226 0.274960
  226 9.374084 8.448987 43.464996 0.059121 -0.685705 -0.725475 0.220321 0.196192 3 226 0.514406 227 0.484350 207 0.001244
  226 8.856683 8.689959 43.189842 0.048160 -0.683668 -0.728202 0.220321 0.184193 3 226 0.509184 227 0.489537 207 0.001279
UV2
  227 10.046730 9.417519 42.820950 0.265463 -0.410569 -0.872332 0.259391 0.196696 2 227 0.725040 226 0.274960
  226 8.856683 8.689959 43.189842 0.048160 -0.683668 -0.728202 0.220321 0.184193 3 226 0.509184 227 0.489537 207 0.001279
  227 9.552274 9.657432 42.558075 0.263367 -0.410186 -0.873146 0.259391 0.184361 2 227 0.733812 226 0.266188
UV2
  227 9.677615 9.919102 42.557583 0.514220 0.130987 -0.847596 0.270235 0.184389 2 227 0.829160 226 0.170840
  227 9.552274 9.657432 42.558075 0.263367 -0.410186 -0.873146 0.259391 0.184361 2 227 0.733812 226 0.266188
  227 9.057819 9.897358 42.295174 0.257765 -0.415373 -0.872366 0.259391 0.172026 2 227 0.742317 226 0.257683
UV2
  227 9.677615 9.919102 42.557583 0.514220 0.130987 -0.847596 0.270235 0.184389 2 227 0.829160 226 0.170840
  227 9.057819 9.897358 42.295174 0.257765 -0.415373 -0.872366 0.259391 0.172026 2 227 0.742317 226 0.257683
  227 9.189941 10.155733 42.298298 0.514208 0.131002 -0.847602 0.270235 0.171998 2 227 0.838544 226 0.161456
UV2
  227 10.165289 9.682470 42.816891 0.514209 0.130976 -0.847605 0.270235 0.196781 2 227 0.819730 226 0.180270
  227 10.046730 9.417519 42.820950 0.265463 -0.410569 -0.872332 0.259391 0.196696 2 227 0.725040 226 0.274960
  227 9.552274 9.657432 42.558075 0.263367 -0.410186 -0.873146 0.259391 0.184361 2 227 0.733812 226 0.266188
UV2
  227 10.165289 9.682470 42.816891 0.514209 0.130976 -0.847605 0.270235 0.196781 2 227 0.819730 226 0.180270
  227 9.552274 9.657432 42.558075 0.263367 -0.410186 -0.873146 0.259391 0.184361 2 227 0.733812 226 0.266188
  227 9.677615 9.919102 42.557583 0.514220 0.130987 -0.847596 0.270235 0.184389 2 227 0.829160 226 0.170840
UV2
  227 9.684395 10.061678 42.652798 0.583096 0.591456 -0.556937 0.274374 0.184305 2 227 0.847032 226 0.152968
  227 9.677615 9.919102 42.557583 0.514220 0.130987 -0.847596 0.270235 0.184389 2 227 0.829160 226 0.170840
  227 9.189941 10.155733 42.298298 0.514208 0.131002 -0.847602 0.270235 0.171998 2 227 0.838544 226 0.161456
UV2
  227 9.684395 10.061678 42.652798 0.583096 0.591456 -0.556937 0.274374 0.184305 2 227 0.847032 226 0.152968
  227 9.189941 10.155733 42.298298 0.514208 0.131002 -0.847602 0.270235 0.171998 2 227 0.838544 226 0.161456
  227 9.203405 10.295071 42.397060 0.583096 0.591463 -0.556929 0.274374 0.172083 2 227 0.856436 226 0.143564
UV2
  227 10.165371 9.828301 42.908512 0.583103 0.591421 -0.556967 0.274374 0.196526 2 227 0.837660 226 0.162340
  227 10.165289 9.682470 42.816891 0.514209 0.130976 -0.847605 0.270235 0.196781 2 227 0.819730 226 0.180270
  227 9.677615 9.919102 42.557583 0.514220 0.130987 -0.847596 0.270235 0.184389 2 227 0.829160 226 0.170840
UV2
  227 10.165371 9.828301 42.908512 0.583103 0.591421 -0.556967 0.274374 0.196526 2 227 0.837660 226 0.162340
  227 9.677615 9.919102 42.557583 0.514220 0.130987 -0.847596 0.270235 0.184389 2 227 0.829160 226 0.170840
  227 9.684395 10.061678 42.652798 0.583096 0.591456 -0.556937 0.274374 0.184305 2 227 0.847032 226 0.152968
UV2
  227 9.633140 10.198440 42.828468 0.494397 0.856507 -0.148214 0.270235 0.184389 2 227 0.817954 226 0.182046
  227 9.684395 10.061678 42.652798 0.583096 0.591456 -0.556937 0.274374 0.184305 2 227 0.847032 226 0.152968
  227 9.203405 10.295071 42.397060 0.583096 0.591463 -0.556929 0.274374 0.172083 2 227 0.856436 226 0.143564
UV2
  227 9.633140 10.198440 42.828468 0.494397 0.856507 -0.148214 0.270235 0.184389 2 227 0.817954 226 0.182046
  227 9.203405 10.295071 42.397060 0.583096 0.591463 -0.556929 0.274374 0.172083 2 227 0.856436 226 0.143564
  227 9.145463 10.435062 42.569191 0.494391 0.856515 -0.148188 0.270235 0.171998 2 227 0.827286 226 0.172714
UV2
  227 10.120812 9.961809 43.087753 0.494398 0.856509 -0.148199 0.270235 0.196781 2 227 0.808587 226 0.191413
  227 10.165371 9.828301 42.908512 0.583103 0.591421 -0.556967 0.274374 0.196526 2 227 0.837660 226 0.162340
  227 9.684395 10.061678 42.652798 0.583096 0.591456 -0.556937 0.274374 0.184305 2 227 0.847032 226 0.152968
UV2
  227 10.120812 9.961809 43.087753 0.494398 0.856509 -0.148199 0.270235 0.196781 2 227 0.808587 226 0.191413
  227 9.684395 10.061678 42.652798 0.583096 0.591456 -0.556937 0.274374 0.184305 2 227 0.847032 226 0.152968
  227 9.633140 10.198440 42.828468 0.494397 0.856507 -0.148214 0.270235 0.184389 2 227 0.817954 226 0.182046
UV2
  227 9.471643 10.231274 43.104790 0.255905 0.901750 0.348367 0.259391 0.184361 2 227 0.715917 226 0.284083
  227 9.633140 10.198440 42.828468 0.494397 0.856507 -0.148214 0.270235 0.184389 2 227 0.817954 226 0.182046
  227 9.145463 10.435062 42.569191 0.494391 0.856515 -0.148188 0.270235 0.171998 2 227 0.827286 226 0.172714
UV2
  227 9.471643 10.231274 43.104790 0.255905 0.901750 0.348367 0.259391 0.184361 2 227 0.715917 226 0.284083
  227 9.145463 10.435062 42.569191 0.494391 0.856515 -0.148188 0.270235 0.171998 2 227 0.827286 226 0.172714
  227 8.977179 10.471194 42.841888 0.257136 0.903411 0.343117 0.259391 0.172026 2 227 0.724165 226 0.275835
UV2
  227 9.966094 9.991348 43.367683 0.250756 0.900368 0.355610 0.259391 0.196696 2 227 0.707586 226 0.292414
  227 10.120812 9.961809 43.087753 0.494398 0.856509 -0.148199 0.270235 0.196781 2 227 0.808587 226 0.191413
  227 9.633140 10.198440 42.828468 0.494397 0.856507 -0.148214 0.270235 0.184389 2 227 0.817954 226 0.182046
UV2
  227 9.966094 9.991348 43.367683 0.250756 0.900368 0.355610 0.259391 0.196696 2 227 0.707586 226 0.292414
  227 9.633140 10.198440 42.828468 0.494397 0.856507 -0.148214 0.270235 0.184389 2 227 0.817954 226 0.182046
  227 9.471643 10.231274 43.104790 0.255905 0.901750 0.348367 0.259391 0.184361 2 227 0.715917 226 0.284083
UV2
  226 8.732636 9.650683 44.126091 0.090669 0.783453 0.614801 0.220321 0.184193 3 226 0.523634 227 0.475137 207 0.001230
  227 9.471643 10.231274 43.104790 0.255905 0.901750 0.348367 0.259391 0.184361 2 227 0.715917 226 0.284083
  227 8.977179 10.471194 42.841888 0.257136 0.903411 0.343117 0.259391 0.172026 2 227 0.724165 226 0.275835
UV2
  226 8.732636 9.650683 44.126091 0.090669 0.783453 0.614801 0.220321 0.184193 3 226 0.523634 227 0.475137 207 0.001230
  227 8.977179 10.471194 42.841888 0.257136 0.903411 0.343117 0.259391 0.172026 2 227 0.724165 226 0.275835
  226 8.211790 9.903366 43.865524 0.072221 0.796704 0.600039 0.220321 0.172194 3 226 0.519189 227 0.479572 207 0.001239
UV2
  226 9.256906 9.386329 44.372055 0.090477 0.774815 0.625680 0.220321 0.196192 3 226 0.527414 227 0.471365 207 0.001222
  227 9.966094 9.991348 43.367683 0.250756 0.900368 0.355610 0.259391 0.196696 2 227 0.707586 226 0.292414
  227 9.471643 10.231274 43.104790 0.255905 0.901750 0.348367 0.259391 0.184361 2 227 0.715917 226 0.284083
UV2
  226 9.256906 9.386329 44.372055 0.090477 0.774815 0.625680 0.220321 0.196192 3 226 0.527414 227 0.471365 207 0.001222
  227 9.471643 10.231274 43.104790 0.255905 0.901750 0.348367 0.259391 0.184361 2 227 0.715917 226 0.284083
  226 8.732636 9.650683 44.126091 0.090669 0.783453 0.614801 0.220321 0.184193 3 226 0.523634 227 0.475137 207 0.001230
UV2
  226 8.732636 9.650683 44.126091 0.090669 0.783453 0.614801 0.220321 0.184193 3 226 0.523634 227 0.475137 207 0.001230
  226 8.211790 9.903366 43.865524 0.072221 0.796704 0.600039 0.220321 0.172194 3 226 0.519189 227 0.479572 207 0.001239
  226 6.868930 7.997819 46.125126 0.032742 0.692529 0.720647 0.183342 0.184118 3 226 0.743814 227 0.152180 225 0.104006
UV2
  226 6.438290 8.329210 45.814220 0.004612 0.706897 0.707301 0.183574 0.172269 3 226 0.756096 227 0.154422 225 0.089482
  226 6.868930 7.997819 46.125126 0.032742 0.692529 0.720647 0.183342 0.184118 3 226 0.743814 227 0.152180 225 0.104006
  226 8.211790 9.903366 43.865524 0.072221 0.796704 0.600039 0.220321 0.172194 3 226 0.519189 227 0.479572 207 0.001239
UV2
  225 4.730863 5.714199 48.003517 -0.074402 0.688035 0.721853 0.145336 0.184030 3 225 0.627615 226 0.251827 207 0.120558
  226 6.868930 7.997819 46.125126 0.032742 0.692529 0.720647 0.183342 0.184118 3 226 0.743814 227 0.152180 225 0.104006
  226 6.438290 8.329210 45.814220 0.004612 0.706897 0.707301 0.183574 0.172269 3 226 0.756096 227 0.154422 225 0.089482
UV2
  226 6.868930 7.997819 46.125126 0.032742 0.692529 0.720647 0.183342 0.184118 3 226 0.743814 227 0.152180 225 0.104006
  226 7.294554 7.648977 46.423908 0.042194 0.687184 0.725257 0.183006 0.195962 3 226 0.730141 227 0.150127 225 0.119732
  226 8.732636 9.650683 44.126091 0.090669 0.783453 0.614801 0.220321 0.184193 3 226 0.523634 227 0.475137 207 0.001230
UV2
  226 9.256906 9.386329 44.372055 0.090477 0.774815 0.625680 0.220321 0.196192 3 226 0.527414 227 0.471365 207 0.001222
  226 8.732636 9.650683 44.126091 0.090669 0.783453 0.614801 0.220321 0.184193 3 226 0.523634 227 0.475137 207 0.001230
  226 7.294554 7.648977 46.423908 0.042194 0.687184 0.725257 0.183006 0.195962 3 226 0.730141 227 0.150127 225 0.119732
UV2
  225 5.118187 5.458506 48.270569 -0.049273 0.694042 0.718246 0.145336 0.195701 3 225 0.632801 226 0.247212 207 0.119988
  226 6.868930 7.997819 46.125126 0.032742 0.692529 0.720647 0.183342 0.184118 3 226 0.743814 227 0.152180 225 0.104006
  225 4.730863 5.714199 48.003517 -0.074402 0.688035 0.721853 0.145336 0.184030 3 225 0.627615 226 0.251827 207 0.120558
UV2
  225 5.118187 5.458506 48.270569 -0.049273 0.694042 0.718246 0.145336 0.195701 3 225 0.632801 226 0.247212 207 0.119988
  226 7.294554 7.648977 46.423908 0.042194 0.687184 0.725257 0.183006 0.195962 3 226 0.730141 227 0.150127 225 0.119732
  226 6.868930 7.997819 46.125126 0.032742 0.692529 0.720647 0.183342 0.184118 3 226 0.743814 227 0.152180 225 0.104006
UV2
  207 3.286075 3.958728 49.653679 -0.131544 0.813965 0.565824 0.106351 0.195107 3 207 0.476073 225 0.469795 226 0.054132
  225 5.118187 5.458506 48.270569 -0.049273 0.694042 0.718246 0.145336 0.195701 3 225 0.632801 226 0.247212 207 0.119988
  225 4.730863 5.714199 48.003517 -0.074402 0.688035 0.721853 0.145336 0.184030 3 225 0.627615 226 0.251827 207 0.120558
UV2
  207 3.286075 3.958728 49.653679 -0.131544 0.813965 0.565824 0.106351 0.195107 3 207 0.476073 225 0.469795 226 0.054132
  225 4.730863 5.714199 48.003517 -0.074402 0.688035 0.721853 0.145336 0.184030 3 225 0.627615 226 0.251827 207 0.120558
  207 2.963363 4.074891 49.414745 -0.161716 0.800384 0.577264 0.106351 0.183831 3 207 0.477007 225 0.467398 226 0.055596
UV2
  207 1.685386 3.164137 50.682831 -0.188026 0.915462 0.355774 0.067281 0.195029 3 207 0.930652 225 0.061300 226 0.008048
  207 3.286075 3.958728 49.653679 -0.131544 0.813965 0.565824 0.106351 0.195107 3 207 0.476073 225 0.469795 226 0.054132
  207 2.963363 4.074891 49.414745 -0.161716 0.800384 0.577264 0.106351 0.183831 3 207 0.477007 225 0.467398 226 0.055596
UV2
  225 5.505107 5.207036 48.542278 -0.050192 0.714388 0.697947 0.145336 0.207373 3 225 0.638319 226 0.242244 207 0.119437
  226 7.294554 7.648977 46.423908 0.042194 0.687184 0.725257 0.183006 0.195962 3 226 0.730141 227 0.150127 225 0.119732
  225 5.118187 5.458506 48.270569 -0.049273 0.694042 0.718246 0.145336 0.195701 3 225 0.632801 226 0.247212 207 0.119988
UV2
  207 3.608263 3.846480 49.894753 -0.123370 0.836074 0.534566 0.106351 0.206382 3 207 0.475133 225 0.472127 226 0.052740
  225 5.118187 5.458506 48.270569 -0.049273 0.694042 0.718246 0.145336 0.195701 3 225 0.632801 226 0.247212 207 0.119988
  207 3.286075 3.958728 49.653679 -0.131544 0.813965 0.565824 0.106351 0.195107 3 207 0.476073 225 0.469795 226 0.054132
UV2
  207 3.608263 3.846480 49.894753 -0.123370 0.836074 0.534566 0.106351 0.206382 3 207 0.475133 225 0.472127 226 0.052740
  225 5.505107 5.207036 48.542278 -0.050192 0.714388 0.697947 0.145336 0.207373 3 225 0.638319 226 0.242244 207 0.119437
  225 5.118187 5.458506 48.270569 -0.049273 0.694042 0.718246 0.145336 0.195701 3 225 0.632801 226 0.247212 207 0.119988
UV2
  207 1.874505 3.111018 50.920174 -0.159735 0.928005 0.336587 0.067281 0.206253 3 207 0.941289 225 0.050890 226 0.007821
  207 3.286075 3.958728 49.653679 -0.131544 0.813965 0.565824 0.106351 0.195107 3 207 0.476073 225 0.469795 226 0.054132
  207 1.685386 3.164137 50.682831 -0.188026 0.915462 0.355774 0.067281 0.195029 3 207 0.930652 225 0.061300 226 0.008048
UV2
  207 1.874505 3.111018 50.920174 -0.159735 0.928005 0.336587 0.067281 0.206253 3 207 0.941289 225 0.050890 226 0.007821
  207 3.608263 3.846480 49.894753 -0.123370 0.836074 0.534566 0.106351 0.206382 3 207 0.475133 225 0.472127 226 0.052740
  207 3.286075 3.958728 49.653679 -0.131544 0.813965 0.565824 0.106351 0.195107 3 207 0.476073 225 0.469795 226 0.054132
UV2
  207 0.557487 2.731972 51.460308 -0.608101 0.778922 0.153277 0.037834 0.206709 1 207 1.000000
  207 1.874505 3.111018 50.920174 -0.159735 0.928005 0.336587 0.067281 0.206253 3 207 0.941289 225 0.050890 226 0.007821
  207 1.685386 3.164137 50.682831 -0.188026 0.915462 0.355774 0.067281 0.195029 3 207 0.930652 225 0.061300 226 0.008048
UV2
  207 0.557487 2.731972 51.460308 -0.608101 0.778922 0.153277 0.037834 0.206709 1 207 1.000000
  207 1.685386 3.164137 50.682831 -0.188026 0.915462 0.355774 0.067281 0.195029 3 207 0.930652 225 0.061300 226 0.008048
  207 0.543986 2.774273 51.180222 -0.626608 0.764059 0.153546 0.037834 0.195303 1 207 1.000000
UV2
  207 2.063624 3.057897 51.157524 -0.146025 0.929971 0.337388 0.067281 0.217477 3 207 0.951614 225 0.040505 226 0.007881
  207 3.608263 3.846480 49.894753 -0.123370 0.836074 0.534566 0.106351 0.206382 3 207 0.475133 225 0.472127 226 0.052740
  207 1.874505 3.111018 50.920174 -0.159735 0.928005 0.336587 0.067281 0.206253 3 207 0.941289 225 0.050890 226 0.007821
UV2
  207 2.063624 3.057897 51.157524 -0.146025 0.929971 0.337388 0.067281 0.217477 3 207 0.951614 225 0.040505 226 0.007881
  225 3.929167 3.743771 50.141041 -0.122334 0.838670 0.530723 0.106351 0.217658 3 225 0.476053 207 0.472582 226 0.051365
  207 3.608263 3.846480 49.894753 -0.123370 0.836074 0.534566 0.106351 0.206382 3 207 0.475133 225 0.472127 226 0.052740
UV2
  225 3.929167 3.743771 50.141041 -0.122334 0.838670 0.530723 0.106351 0.217658 3 225 0.476053 207 0.472582 226 0.051365
  225 5.505107 5.207036 48.542278 -0.050192 0.714388 0.697947 0.145336 0.207373 3 225 0.638319 226 0.242244 207 0.119437
  207 3.608263 3.846480 49.894753 -0.123370 0.836074 0.534566 0.106351 0.206382 3 207 0.475133 225 0.472127 226 0.052740
UV2
  207 0.570984 2.689678 51.740376 -0.646480 0.746942 0.155377 0.037834 0.218115 1 207 1.000000
  207 2.063624 3.057897 51.157524 -0.146025 0.929971 0.337388 0.067281 0.217477 3 207 0.951614 225 0.040505 226 0.007881
  207 1.874505 3.111018 50.920174 -0.159735 0.928005 0.336587 0.067281 0.206253 3 207 0.941289 225 0.050890 226 0.007821
UV2
  207 0.570984 2.689678 51.740376 -0.646480 0.746942 0.155377 0.037834 0.218115 1 207 1.000000
  207 1.874505 3.111018 50.920174 -0.159735 0.928005 0.336587 0.067281 0.206253 3 207 0.941289 225 0.050890 226 0.007821
  207 0.557487 2.731972 51.460308 -0.608101 0.778922 0.153277 0.037834 0.206709 1 207 1.000000
UV2
  225 3.929167 3.743771 50.141041 -0.122334 0.838670 0.530723 0.106351 0.217658 3 225 0.476053 207 0.472582 226 0.051365
  225 5.884830 4.969750 48.820797 -0.047442 0.723235 0.688970 0.145336 0.218857 3 225 0.643929 226 0.237410 207 0.118661
  225 5.505107 5.207036 48.542278 -0.050192 0.714388 0.697947 0.145336 0.207373 3 225 0.638319 226 0.242244 207 0.119437
UV2
  207 0.514698 2.583339 51.729576 -0.981489 -0.190623 0.018510 0.032645 0.218115 1 207 1.000000
  207 0.570984 2.689678 51.740376 -0.646480 0.746942 0.155377 0.037834 0.218115 1 207 1.000000
  207 0.557487 2.731972 51.460308 -0.608101 0.778922 0.153277 0.037834 0.206709 1 207 1.000000
UV2
  225 5.884830 4.969750 48.820797 -0.047442 0.723235 0.688970 0.145336 0.218857 3 225 0.643929 226 0.237410 207 0.118661
  226 7.721371 7.305501 46.726032 0.028978 0.695389 0.718049 0.182698 0.207803 3 226 0.716579 227 0.148374 225 0.135047
  225 5.505107 5.207036 48.542278 -0.050192 0.714388 0.697947 0.145336 0.207373 3 225 0.638319 226 0.242244 207 0.119437
UV2
  225 5.505107 5.207036 48.542278 -0.050192 0.714388 0.697947 0.145336 0.207373 3 225 0.638319 226 0.242244 207 0.119437
  226 7.721371 7.305501 46.726032 0.028978 0.695389 0.718049 0.182698 0.207803 3 226 0.716579 227 0.148374 225 0.135047
  226 7.294554 7.648977 46.423908 0.042194 0.687184 0.725257 0.183006 0.195962 3 226 0.730141 227 0.150127 225 0.119732
UV2
  226 7.294554 7.648977 46.423908 0.042194 0.687184 0.725257 0.183006 0.195962 3 226 0.730141 227 0.150127 225 0.119732
  226 7.721371 7.305501 46.726032 0.028978 0.695389 0.718049 0.182698 0.207803 3 226 0.716579 227 0.148374 225 0.135047
  226 9.256906 9.386329 44.372055 0.090477 0.774815 0.625680 0.220321 0.196192 3 226 0.527414 227 0.471365 207 0.001222
UV2
  225 5.884830 4.969750 48.820797 -0.047442 0.723235 0.688970 0.145336 0.218857 3 225 0.643929 226 0.237410 207 0.118661
  226 8.148237 6.977207 47.034298 0.398747 0.389555 0.830209 0.182465 0.219552 3 226 0.704492 225 0.149030 227 0.146478
  226 7.721371 7.305501 46.726032 0.028978 0.695389 0.718049 0.182698 0.207803 3 226 0.716579 227 0.148374 225 0.135047
UV2
  226 9.780186 9.125371 44.622280 0.071859 0.774501 0.628478 0.220321 0.208191 3 226 0.531426 227 0.467361 207 0.001213
  226 9.256906 9.386329 44.372055 0.090477 0.774815 0.625680 0.220321 0.196192 3 226 0.527414 227 0.471365 207 0.001222
  226 7.721371 7.305501 46.726032 0.028978 0.695389 0.718049 0.182698 0.207803 3 226 0.716579 227 0.148374 225 0.135047
UV2
  226 7.721371 7.305501 46.726032 0.028978 0.695389 0.718049 0.182698 0.207803 3 226 0.716579 227 0.148374 225 0.135047
  226 8.148237 6.977207 47.034298 0.398747 0.389555 0.830209 0.182465 0.219552 3 226 0.704492 225 0.149030 227 0.146478
  226 9.780186 9.125371 44.622280 0.071859 0.774501 0.628478 0.220321 0.208191 3 226 0.531426 227 0.467361 207 0.001213
UV2
  226 9.780186 9.125371 44.622280 0.071859 0.774501 0.628478 0.220321 0.208191 3 226 0.531426 227 0.467361 207 0.001213
  227 9.966094 9.991348 43.367683 0.250756 0.900368 0.355610 0.259391 0.196696 2 227 0.707586 226 0.292414
  226 9.256906 9.386329 44.372055 0.090477 0.774815 0.625680 0.220321 0.196192 3 226 0.527414 227 0.471365 207 0.001222
UV2
  207 0.514698 2.583339 51.729576 -0.981489 -0.190623 0.018510 0.032645 0.218115 1 207 1.000000
  207 0.557487 2.731972 51.460308 -0.608101 0.778922 0.153277 0.037834 0.206709 1 207 1.000000
  207 0.501203 2.625633 51.449505 -0.983333 -0.180702 0.020094 0.032645 0.206709 1 207 1.000000
UV2
  207 0.501203 2.625633 51.449505 -0.983333 -0.180702 0.020094 0.032645 0.206709 1 207 1.000000
  207 0.557487 2.731972 51.460308 -0.608101 0.778922 0.153277 0.037834 0.206709 1 207 1.000000
  207 0.543986 2.774273 51.180222 -0.626608 0.764059 0.153546 0.037834 0.195303 1 207 1.000000
UV2
  207 0.601776 2.506388 51.716164 -0.344417 -0.930599 -0.123946 0.037834 0.218115 1 207 1.000000
  207 0.514698 2.583339 51.729576 -0.981489 -0.190623 0.018510 0.032645 0.218115 1 207 1.000000
  207 0.501203 2.625633 51.449505 -0.983333 -0.180702 0.020094 0.032645 0.206709 1 207 1.000000
UV2
  207 0.501203 2.625633 51.449505 -0.983333 -0.180702 0.020094 0.032645 0.206709 1 207 1.000000
  207 0.543986 2.774273 51.180222 -0.626608 0.764059 0.153546 0.037834 0.195303 1 207 1.000000
  207 0.487701 2.667941 51.169437 -0.983344 -0.180634 0.020125 0.032645 0.195303 1 207 1.000000
UV2
  207 0.601776 2.506388 51.716164 -0.344417 -0.930599 -0.123946 0.037834 0.218115 1 207 1.000000
  207 0.501203 2.625633 51.449505 -0.983333 -0.180702 0.020094 0.032645 0.206709 1 207 1.000000
  207 0.588278 2.548689 51.436081 -0.286573 -0.948571 -0.134494 0.037834 0.206709 1 207 1.000000
UV2
  207 0.588278 2.548689 51.436081 -0.286573 -0.948571 -0.134494 0.037834 0.206709 1 207 1.000000
  207 0.501203 2.625633 51.449505 -0.983333 -0.180702 0.020094 0.032645 0.206709 1 207 1.000000
  207 0.487701 2.667941 51.169437 -0.983344 -0.180634 0.020125 0.032645 0.195303 1 207 1.000000
UV2
  207 2.082969 2.811337 51.117901 0.074528 -0.961557 -0.264300 0.067281 0.217477 3 207 0.968294 225 0.023521 226 0.008185
  207 0.601776 2.506388 51.716164 -0.344417 -0.930599 -0.123946 0.037834 0.218115 1 207 1.000000
  207 0.588278 2.548689 51.436081 -0.286573 -0.948571 -0.134494 0.037834 0.206709 1 207 1.000000
UV2
  207 0.588278 2.548689 51.436081 -0.286573 -0.948571 -0.134494 0.037834 0.206709 1 207 1.000000
  207 0.487701 2.667941 51.169437 -0.983344 -0.180634 0.020125 0.032645 0.195303 1 207 1.000000
  207 0.574779 2.590983 51.156013 -0.270672 -0.952823 -0.137349 0.037834 0.195303 1 207 1.000000
UV2
  207 2.082969 2.811337 51.117901 0.074528 -0.961557 -0.264300 0.067281 0.217477 3 207 0.968294 225 0.023521 226 0.008185
  207 0.588278 2.548689 51.436081 -0.286573 -0.948571 -0.134494 0.037834 0.206709 1 207 1.000000
  207 1.893847 2.864450 50.880550 0.080554 -0.959403 -0.270289 0.067281 0.206253 3 207 0.957559 225 0.034205 226 0.008236
UV2
  207 1.893847 2.864450 50.880550 0.080554 -0.959403 -0.270289 0.067281 0.206253 3 207 0.957559 225 0.034205 226 0.008236
  207 0.588278 2.548689 51.436081 -0.286573 -0.948571 -0.134494 0.037834 0.206709 1 207 1.000000
  207 0.574779 2.590983 51.156013 -0.270672 -0.952823 -0.137349 0.037834 0.195303 1 207 1.000000
UV2
  225 4.009977 3.241725 49.829956 0.162254 -0.942048 -0.293632 0.106351 0.217658 3 225 0.476467 207 0.468354 226 0.055179
  207 2.082969 2.811337 51.117901 0.074528 -0.961557 -0.264300 0.067281 0.217477 3 207 0.968294 225 0.023521 226 0.008185
  207 1.893847 2.864450 50.880550 0.080554 -0.959403 -0.270289 0.067281 0.206253 3 207 0.957559 225 0.034205 226 0.008236
UV2
  207 1.893847 2.864450 50.880550 0.080554 -0.959403 -0.270289 0.067281 0.206253 3 207 0.957559 225 0.034205 226 0.008236
  207 0.574779 2.590983 51.156013 -0.270672 -0.952823 -0.137349 0.037834 0.195303 1 207 1.000000
  207 1.704729 2.917570 50.643211 0.094292 -0.954009 -0.284562 0.067281 0.195029 3 207 0.946814 225 0.044721 226 0.008465
UV2
  225 4.009977 3.241725 49.829956 0.162254 -0.942048 -0.293632 0.106351 0.217658 3 225 0.476467 207 0.468354 226 0.055179
  207 1.893847 2.864450 50.880550 0.080554 -0.959403 -0.270289 0.067281 0.206253 3 207 0.957559 225 0.034205 226 0.008236
  207 3.686599 3.263932 49.575901 0.106692 -0.931458 -0.347855 0.106351 0.206382 3 207 0.473553 225 0.470732 226 0.055714
UV2
  207 3.686599 3.263932 49.575901 0.106692 -0.931458 -0.347855 0.106351 0.206382 3 207 0.473553 225 0.470732 226 0.055714
  207 1.893847 2.864450 50.880550 0.080554 -0.959403 -0.270289 0.067281 0.206253 3 207 0.957559 225 0.034205 226 0.008236
  207 1.704729 2.917570 50.643211 0.094292 -0.954009 -0.284562 0.067281 0.195029 3 207 0.946814 225 0.044721 226 0.008465
UV2
  225 5.957494 4.395223 48.150040 0.072575 -0.818162 -0.570390 0.145336 0.218857 3 225 0.627223 226 0.253491 207 0.119287
  225 4.009977 3.241725 49.829956 0.162254 -0.942048 -0.293632 0.106351 0.217658 3 225 0.476467 207 0.468354 226 0.055179
  207 3.686599 3.263932 49.575901 0.106692 -0.931458 -0.347855 0.106351 0.206382 3 207 0.473553 225 0.470732 226 0.055714
UV2
  207 3.686599 3.263932 49.575901 0.106692 -0.931458 -0.347855 0.106351 0.206382 3 207 0.473553 225 0.470732 226 0.055714
  207 1.704729 2.917570 50.643211 0.094292 -0.954009 -0.284562 0.067281 0.195029 3 207 0.946814 225 0.044721 226 0.008465
  207 3.366982 3.357090 49.324379 0.073139 -0.902278 -0.424906 0.106351 0.195107 3 207 0.474388 225 0.468445 226 0.057168
UV2
  225 5.957494 4.395223 48.150040 0.072575 -0.818162 -0.570390 0.145336 0.218857 3 225 0.627223 226 0.253491 207 0.119287
  207 3.686599 3.263932 49.575901 0.106692 -0.931458 -0.347855 0.106351 0.206382 3 207 0.473553 225 0.470732 226 0.055714
  225 5.565501 4.577800 47.849682 0.043795 -0.794945 -0.605099 0.145336 0.207373 3 225 0.625137 226 0.255053 207 0.119810
UV2
  225 5.565501 4.577800 47.849682 0.043795 -0.794945 -0.605099 0.145336 0.207373 3 225 0.625137 226 0.255053 207 0.119810
  207 3.686599 3.263932 49.575901 0.106692 -0.931458 -0.347855 0.106351 0.206382 3 207 0.473553 225 0.470732 226 0.055714
  207 3.366982 3.357090 49.324379 0.073139 -0.902278 -0.424906 0.106351 0.195107 3 207 0.474388 225 0.468445 226 0.057168
UV2
  225 5.565501 4.577800 47.849682 0.043795 -0.794945 -0.605099 0.145336 0.207373 3 225 0.625137 226 0.255053 207 0.119810
  207 3.366982 3.357090 49.324379 0.073139 -0.902278 -0.424906 0.106351 0.195107 3 207 0.474388 225 0.468445 226 0.057168
  225 5.180560 4.808659 47.555283 0.033923 -0.771358 -0.635497 0.145336 0.195701 3 225 0.620265 226 0.259300 207 0.120435
UV2
  225 5.957494 4.395223 48.150040 0.072575 -0.818162 -0.570390 0.145336 0.218857 3 225 0.627223 226 0.253491 207 0.119287
  225 5.565501 4.577800 47.849682 0.043795 -0.794945 -0.605099 0.145336 0.207373 3 225 0.625137 226 0.255053 207 0.119810
  226 8.274370 6.124658 46.090778 0.327561 -0.858069 -0.395501 0.177844 0.219434 3 226 0.742088 227 0.152132 225 0.105780
UV2
  225 5.565501 4.577800 47.849682 0.043795 -0.794945 -0.605099 0.145336 0.207373 3 225 0.625137 226 0.255053 207 0.119810
  225 5.180560 4.808659 47.555283 0.033923 -0.771358 -0.635497 0.145336 0.195701 3 225 0.620265 226 0.259300 207 0.120435
  226 7.834870 6.397099 45.766109 -0.008637 -0.741343 -0.671070 0.178080 0.207731 3 226 0.748560 227 0.153362 225 0.098079
UV2
  226 7.834870 6.397099 45.766109 -0.008637 -0.741343 -0.671070 0.178080 0.207731 3 226 0.748560 227 0.153362 225 0.098079
  226 8.274370 6.124658 46.090778 0.327561 -0.858069 -0.395501 0.177844 0.219434 3 226 0.742088 227 0.152132 225 0.105780
  225 5.565501 4.577800 47.849682 0.043795 -0.794945 -0.605099 0.145336 0.207373 3 225 0.625137 226 0.255053 207 0.119810
UV2
  226 7.395181 6.713854 45.458542 -0.030435 -0.726337 -0.686665 0.178255 0.195917 3 226 0.757321 227 0.155452 225 0.087228
  226 7.834870 6.397099 45.766109 -0.008637 -0.741343 -0.671070 0.178080 0.207731 3 226 0.748560 227 0.153362 225 0.098079
  225 5.180560 4.808659 47.555283 0.033923 -0.771358 -0.635497 0.145336 0.195701 3 225 0.620265 226 0.259300 207 0.120435
UV2
  226 10.420961 8.000082 44.016243 0.097092 -0.705550 -0.701978 0.220321 0.220189 3 226 0.523192 227 0.475581 207 0.001227
  226 8.274370 6.124658 46.090778 0.327561 -0.858069 -0.395501 0.177844 0.219434 3 226 0.742088 227 0.152132 225 0.105780
  226 7.834870 6.397099 45.766109 -0.008637 -0.741343 -0.671070 0.178080 0.207731 3 226 0.748560 227 0.153362 225 0.098079
UV2
  226 9.892489 8.204604 43.735920 0.074969 -0.693888 -0.716169 0.220321 0.208190 3 226 0.519727 227 0.479037 207 0.001236
  226 7.834870 6.397099 45.766109 -0.008637 -0.741343 -0.671070 0.178080 0.207731 3 226 0.748560 227 0.153362 225 0.098079
  226 7.395181 6.713854 45.458542 -0.030435 -0.726337 -0.686665 0.178255 0.195917 3 226 0.757321 227 0.155452 225 0.087228
UV2
  226 10.420961 8.000082 44.016243 0.097092 -0.705550 -0.701978 0.220321 0.220189 3 226 0.523192 227 0.475581 207 0.001227
  226 7.834870 6.397099 45.766109 -0.008637 -0.741343 -0.671070 0.178080 0.207731 3 226 0.748560 227 0.153362 225 0.098079
  226 9.892489 8.204604 43.735920 0.074969 -0.693888 -0.716169 0.220321 0.208190 3 226 0.519727 227 0.479037 207 0.001236
UV2
  226 9.892489 8.204604 43.735920 0.074969 -0.693888 -0.716169 0.220321 0.208190 3 226 0.519727 227 0.479037 207 0.001236
  226 7.395181 6.713854 45.458542 -0.030435 -0.726337 -0.686665 0.178255 0.195917 3 226 0.757321 227 0.155452 225 0.087228
  226 9.374084 8.448987 43.464996 0.059121 -0.685705 -0.725475 0.220321 0.196192 3 226 0.514406 227 0.484350 207 0.001244
UV2
  227 11.035641 8.937666 43.346745 0.259728 -0.430930 -0.864199 0.259391 0.221365 2 227 0.708239 226 0.291761
  226 10.420961 8.000082 44.016243 0.097092 -0.705550 -0.701978 0.220321 0.220189 3 226 0.523192 227 0.475581 207 0.001227
  226 9.892489 8.204604 43.735920 0.074969 -0.693888 -0.716169 0.220321 0.208190 3 226 0.519727 227 0.479037 207 0.001236
UV2
  227 10.541185 9.177593 43.083836 0.264381 -0.411205 -0.872361 0.259391 0.209031 2 227 0.716291 226 0.283709
  226 9.892489 8.204604 43.735920 0.074969 -0.693888 -0.716169 0.220321 0.208190 3 226 0.519727 227 0.479037 207 0.001236
  226 9.374084 8.448987 43.464996 0.059121 -0.685705 -0.725475 0.220321 0.196192 3 226 0.514406 227 0.484350 207 0.001244
UV2
  227 11.035641 8.937666 43.346745 0.259728 -0.430930 -0.864199 0.259391 0.221365 2 227 0.708239 226 0.291761
  226 9.892489 8.204604 43.735920 0.074969 -0.693888 -0.716169 0.220321 0.208190 3 226 0.519727 227 0.479037 207 0.001236
  227 10.541185 9.177593 43.083836 0.264381 -0.411205 -0.872361 0.259391 0.209031 2 227 0.716291 226 0.283709
UV2
  227 10.541185 9.177593 43.083836 0.264381 -0.411205 -0.872361 0.259391 0.209031 2 227 0.716291 226 0.283709
  226 9.374084 8.448987 43.464996 0.059121 -0.685705 -0.725475 0.220321 0.196192 3 226 0.514406 227 0.484350 207 0.001244
  227 10.046730 9.417519 42.820950 0.265463 -0.410569 -0.872332 0.259391 0.196696 2 227 0.725040 226 0.274960
UV2
  227 11.140619 9.209216 43.335449 0.504319 0.099432 -0.857773 0.270235 0.221565 2 227 0.800614 226 0.199386
  227 11.035641 8.937666 43.346745 0.259728 -0.430930 -0.864199 0.259391 0.221365 2 227 0.708239 226 0.291761
  227 10.541185 9.177593 43.083836 0.264381 -0.411205 -0.872361 0.259391 0.209031 2 227 0.716291 226 0.283709
UV2
  227 10.652952 9.445841 43.076180 0.514204 0.130970 -0.847609 0.270235 0.209173 2 227 0.810346 226 0.189654
  227 10.541185 9.177593 43.083836 0.264381 -0.411205 -0.872361 0.259391 0.209031 2 227 0.716291 226 0.283709
  227 10.046730 9.417519 42.820950 0.265463 -0.410569 -0.872332 0.259391 0.196696 2 227 0.725040 226 0.274960
UV2
  227 11.140619 9.209216 43.335449 0.504319 0.099432 -0.857773 0.270235 0.221565 2 227 0.800614 226 0.199386
  227 10.541185 9.177593 43.083836 0.264381 -0.411205 -0.872361 0.259391 0.209031 2 227 0.716291 226 0.283709
  227 10.652952 9.445841 43.076180 0.514204 0.130970 -0.847609 0.270235 0.209173 2 227 0.810346 226 0.189654
UV2
  227 10.652952 9.445841 43.076180 0.514204 0.130970 -0.847609 0.270235 0.209173 2 227 0.810346 226 0.189654
  227 10.046730 9.417519 42.820950 0.265463 -0.410569 -0.872332 0.259391 0.196696 2 227 0.725040 226 0.274960
  227 10.165289 9.682470 42.816891 0.514209 0.130976 -0.847605 0.270235 0.196781 2 227 0.819730 226 0.180270
UV2
  227 11.127335 9.361530 43.419964 0.583464 0.583678 -0.564703 0.274374 0.220970 2 227 0.822190 226 0.177810
  227 11.140619 9.209216 43.335449 0.504319 0.099432 -0.857773 0.270235 0.221565 2 227 0.800614 226 0.199386
  227 10.652952 9.445841 43.076180 0.514204 0.130970 -0.847609 0.270235 0.209173 2 227 0.810346 226 0.189654
UV2
  227 10.646343 9.594922 43.164227 0.583105 0.591409 -0.556977 0.274374 0.208748 2 227 0.828722 226 0.171278
  227 10.652952 9.445841 43.076180 0.514204 0.130970 -0.847609 0.270235 0.209173 2 227 0.810346 226 0.189654
  227 10.165289 9.682470 42.816891 0.514209 0.130976 -0.847605 0.270235 0.196781 2 227 0.819730 226 0.180270
UV2
  227 11.127335 9.361530 43.419964 0.583464 0.583678 -0.564703 0.274374 0.220970 2 227 0.822190 226 0.177810
  227 10.652952 9.445841 43.076180 0.514204 0.130970 -0.847609 0.270235 0.209173 2 227 0.810346 226 0.189654
  227 10.646343 9.594922 43.164227 0.583105 0.591409 -0.556977 0.274374 0.208748 2 227 0.828722 226 0.171278
UV2
  227 10.646343 9.594922 43.164227 0.583105 0.591409 -0.556977 0.274374 0.208748 2 227 0.828722 226 0.171278
  227 10.165289 9.682470 42.816891 0.514209 0.130976 -0.847605 0.270235 0.196781 2 227 0.819730 226 0.180270
  227 10.165371 9.828301 42.908512 0.583103 0.591421 -0.556967 0.274374 0.196526 2 227 0.837660 226 0.162340
UV2
  227 11.096144 9.488546 43.606335 0.493691 0.857267 -0.146162 0.270235 0.221565 2 227 0.792979 226 0.207021
  227 11.127335 9.361530 43.419964 0.583464 0.583678 -0.564703 0.274374 0.220970 2 227 0.822190 226 0.177810
  227 10.646343 9.594922 43.164227 0.583105 0.591409 -0.556977 0.274374 0.208748 2 227 0.828722 226 0.171278
UV2
  227 10.608479 9.725179 43.347050 0.494392 0.856516 -0.148178 0.270235 0.209173 2 227 0.799563 226 0.200437
  227 10.646343 9.594922 43.164227 0.583105 0.591409 -0.556977 0.274374 0.208748 2 227 0.828722 226 0.171278
  227 10.165371 9.828301 42.908512 0.583103 0.591421 -0.556967 0.274374 0.196526 2 227 0.837660 226 0.162340
UV2
  227 11.096144 9.488546 43.606335 0.493691 0.857267 -0.146162 0.270235 0.221565 2 227 0.792979 226 0.207021
  227 10.646343 9.594922 43.164227 0.583105 0.591409 -0.556977 0.274374 0.208748 2 227 0.828722 226 0.171278
  227 10.608479 9.725179 43.347050 0.494392 0.856516 -0.148178 0.270235 0.209173 2 227 0.799563 226 0.200437
UV2
  227 10.608479 9.725179 43.347050 0.494392 0.856516 -0.148178 0.270235 0.209173 2 227 0.799563 226 0.200437
  227 10.165371 9.828301 42.908512 0.583103 0.591421 -0.556967 0.274374 0.196526 2 227 0.837660 226 0.162340
  227 10.120812 9.961809 43.087753 0.494398 0.856509 -0.148199 0.270235 0.196781 2 227 0.808587 226 0.191413
UV2
  227 10.955006 9.511503 43.893456 0.238800 0.897737 0.370192 0.259391 0.221365 2 227 0.692405 226 0.307595
  227 11.096144 9.488546 43.606335 0.493691 0.857267 -0.146162 0.270235 0.221565 2 227 0.792979 226 0.207021
  227 10.608479 9.725179 43.347050 0.494392 0.856516 -0.148178 0.270235 0.209173 2 227 0.799563 226 0.200437
UV2
  227 10.460549 9.751429 43.630577 0.246217 0.899711 0.360413 0.259391 0.209031 2 227 0.699074 226 0.300926
  227 10.608479 9.725179 43.347050 0.494392 0.856516 -0.148178 0.270235 0.209173 2 227 0.799563 226 0.200437
  227 10.120812 9.961809 43.087753 0.494398 0.856509 -0.148199 0.270235 0.196781 2 227 0.808587 226 0.191413
UV2
  227 10.955006 9.511503 43.893456 0.238800 0.897737 0.370192 0.259391 0.221365 2 227 0.692405 226 0.307595
  227 10.608479 9.725179 43.347050 0.494392 0.856516 -0.148178 0.270235 0.209173 2 227 0.799563 226 0.200437
  227 10.460549 9.751429 43.630577 0.246217 0.899711 0.360413 0.259391 0.209031 2 227 0.699074 226 0.300926
UV2
  227 10.460549 9.751429 43.630577 0.246217 0.899711 0.360413 0.259391 0.209031 2 227 0.699074 226 0.300926
  227 10.120812 9.961809 43.087753 0.494398 0.856509 -0.148199 0.270235 0.196781 2 227 0.808587 226 0.191413
  227 9.966094 9.991348 43.367683 0.250756 0.900368 0.355610 0.259391 0.196696 2 227 0.707586 226 0.292414
UV2
  226 10.301022 8.872696 44.882854 0.059006 0.775228 0.628919 0.220321 0.220189 3 226 0.535851 227 0.462946 207 0.001203
  227 10.955006 9.511503 43.893456 0.238800 0.897737 0.370192 0.259391 0.221365 2 227 0.692405 226 0.307595
  227 10.460549 9.751429 43.630577 0.246217 0.899711 0.360413 0.259391 0.209031 2 227 0.699074 226 0.300926
UV2
  226 9.780186 9.125371 44.622280 0.071859 0.774501 0.628478 0.220321 0.208191 3 226 0.531426 227 0.467361 207 0.001213
  227 10.460549 9.751429 43.630577 0.246217 0.899711 0.360413 0.259391 0.209031 2 227 0.699074 226 0.300926
  227 9.966094 9.991348 43.367683 0.250756 0.900368 0.355610 0.259391 0.196696 2 227 0.707586 226 0.292414
UV2
  226 10.301022 8.872696 44.882854 0.059006 0.775228 0.628919 0.220321 0.220189 3 226 0.535851 227 0.462946 207 0.001203
  227 10.460549 9.751429 43.630577 0.246217 0.899711 0.360413 0.259391 0.209031 2 227 0.699074 226 0.300926
  226 9.780186 9.125371 44.622280 0.071859 0.774501 0.628478 0.220321 0.208191 3 226 0.531426 227 0.467361 207 0.001213
UV2
  226 10.301022 8.872696 44.882854 0.059006 0.775228 0.628919 0.220321 0.220189 3 226 0.535851 227 0.462946 207 0.001203
  226 9.780186 9.125371 44.622280 0.071859 0.774501 0.628478 0.220321 0.208191 3 226 0.531426 227 0.467361 207 0.001213
  226 8.148237 6.977207 47.034298 0.398747 0.389555 0.830209 0.182465 0.219552 3 226 0.704492 225 0.149030 227 0.146478
UV2
  225 5.936291 4.865821 48.769112 0.690400 -0.674020 0.262762 0.145336 0.220192 3 225 0.639737 226 0.241802 207 0.118462
  226 8.148237 6.977207 47.034298 0.398747 0.389555 0.830209 0.182465 0.219552 3 226 0.704492 225 0.149030 227 0.146478
  225 5.884830 4.969750 48.820797 0.623192 -0.078367 0.778133 0.145336 0.218857 3 225 0.643929 226 0.237410 207 0.118661
UV2
  225 5.884830 4.969750 48.820797 0.623192 -0.078367 0.778133 0.145336 0.218857 3 225 0.643929 226 0.237410 207 0.118661
  225 3.929167 3.743771 50.141041 0.473798 0.120896 0.872295 0.106351 0.217658 3 225 0.476053 207 0.472582 226 0.051365
  225 5.936291 4.865821 48.769112 0.690400 -0.674020 0.262762 0.145336 0.220192 3 225 0.639737 226 0.241802 207 0.118462
UV2
  225 5.936291 4.865821 48.769112 0.690400 -0.674020 0.262762 0.145336 0.220192 3 225 0.639737 226 0.241802 207 0.118462
  226 8.170012 6.862895 47.010990 0.756855 -0.598529 0.262549 0.181990 0.220772 3 226 0.701033 225 0.154756 227 0.144211
  226 8.148237 6.977207 47.034298 0.398747 0.389555 0.830209 0.182465 0.219552 3 226 0.704492 225 0.149030 227 0.146478
UV2
  225 3.929167 3.743771 50.141041 0.473798 0.120896 0.872295 0.106351 0.217658 3 225 0.476053 207 0.472582 226 0.051365
  225 3.980831 3.650443 50.126381 0.627545 -0.595632 0.501409 0.106383 0.219057 3 225 0.474783 207 0.471169 226 0.054047
  225 5.936291 4.865821 48.769112 0.690400 -0.674020 0.262762 0.145336 0.220192 3 225 0.639737 226 0.241802 207 0.118462
UV2
  225 3.929167 3.743771 50.141041 0.473798 0.120896 0.872295 0.106351 0.217658 3 225 0.476053 207 0.472582 226 0.051365
  207 2.063624 3.057897 51.157524 0.287945 0.402578 0.868918 0.067281 0.217477 3 207 0.951614 225 0.040505 226 0.007881
  225 3.980831 3.650443 50.126381 0.627545 -0.595632 0.501409 0.106383 0.219057 3 225 0.474783 207 0.471169 226 0.054047
UV2
  226 8.170012 6.862895 47.010990 0.756855 -0.598529 0.262549 0.181990 0.220772 3 226 0.701033 225 0.154756 227 0.144211
  226 10.367290 8.808757 44.849983 0.841475 -0.427684 0.330161 0.220433 0.221326 3 226 0.537576 227 0.461213 207 0.001211
  226 8.148237 6.977207 47.034298 0.398747 0.389555 0.830209 0.182465 0.219552 3 226 0.704492 225 0.149030 227 0.146478
UV2
  226 10.301022 8.872696 44.882854 0.624986 0.269465 0.732653 0.220321 0.220189 3 226 0.535851 227 0.462946 207 0.001203
  226 8.148237 6.977207 47.034298 0.398747 0.389555 0.830209 0.182465 0.219552 3 226 0.704492 225 0.149030 227 0.146478
  226 10.367290 8.808757 44.849983 0.841475 -0.427684 0.330161 0.220433 0.221326 3 226 0.537576 227 0.461213 207 0.001211
UV2
  226 8.170012 6.862895 47.010990 0.756855 -0.598529 0.262549 0.181990 0.220772 3 226 0.701033 225 0.154756 227 0.144211
  225 5.936291 4.865821 48.769112 0.690400 -0.674020 0.262762 0.145336 0.220192 3 225 0.639737 226 0.241802 207 0.118462
  226 7.640554 7.005208 46.214146 0.785496 -0.483097 0.386797 0.180663 0.204509 3 226 0.733066 227 0.151389 225 0.115545
UV2
  226 10.367290 8.808757 44.849983 0.841475 -0.427684 0.330161 0.220433 0.221326 3 226 0.537576 227 0.461213 207 0.001211
  226 8.170012 6.862895 47.010990 0.756855 -0.598529 0.262549 0.181990 0.220772 3 226 0.701033 225 0.154756 227 0.144211
  226 7.640554 7.005208 46.214146 0.785496 -0.483097 0.386797 0.180663 0.204509 3 226 0.733066 227 0.151389 225 0.115545
UV2
  225 5.403351 4.974874 48.099197 0.800763 -0.352166 0.484519 0.145336 0.203382 3 225 0.629747 226 0.250856 207 0.119397
  225 5.936291 4.865821 48.769112 0.690400 -0.674020 0.262762 0.145336 0.220192 3 225 0.639737 226 0.241802 207 0.118462
  225 3.980831 3.650443 50.126381 0.627545 -0.595632 0.501409 0.106383 0.219057 3 225 0.474783 207 0.471169 226 0.054047
UV2
  225 5.403351 4.974874 48.099197 0.800763 -0.352166 0.484519 0.145336 0.203382 3 225 0.629747 226 0.250856 207 0.119397
  226 7.640554 7.005208 46.214146 0.785496 -0.483097 0.386797 0.180663 0.204509 3 226 0.733066 227 0.151389 225 0.115545
  225 5.936291 4.865821 48.769112 0.690400 -0.674020 0.262762 0.145336 0.220192 3 225 0.639737 226 0.241802 207 0.118462
UV2
  207 2.063624 3.057897 51.157524 0.287945 0.402578 0.868918 0.067281 0.217477 3 207 0.951614 225 0.040505 226 0.007881
  207 2.084642 3.017668 51.169460 0.493331 -0.485939 0.721448 0.067354 0.218385 3 207 0.954140 225 0.037969 226 0.007891
  225 3.980831 3.650443 50.126381 0.627545 -0.595632 0.501409 0.106383 0.219057 3 225 0.474783 207 0.471169 226 0.054047
UV2
  207 2.063624 3.057897 51.157524 0.287945 0.402578 0.868918 0.067281 0.217477 3 207 0.951614 225 0.040505 226 0.007881
  207 0.570984 2.689678 51.740376 0.474378 -0.456203 0.752891 0.037834 0.218115 1 207 1.000000
  207 2.084642 3.017668 51.169460 0.493331 -0.485939 0.721448 0.067354 0.218385 3 207 0.954140 225 0.037969 226 0.007891
UV2
  207 3.607976 3.570851 49.699532 0.685830 -0.160397 0.709867 0.106463 0.204879 3 207 0.475840 225 0.470133 226 0.054027
  225 5.403351 4.974874 48.099197 0.800763 -0.352166 0.484519 0.145336 0.203382 3 225 0.629747 226 0.250856 207 0.119397
  225 3.980831 3.650443 50.126381 0.627545 -0.595632 0.501409 0.106383 0.219057 3 225 0.474783 207 0.471169 226 0.054047
UV2
  207 3.607976 3.570851 49.699532 0.685830 -0.160397 0.709867 0.106463 0.204879 3 207 0.475840 225 0.470133 226 0.054027
  225 3.980831 3.650443 50.126381 0.627545 -0.595632 0.501409 0.106383 0.219057 3 225 0.474783 207 0.471169 226 0.054047
  207 2.084642 3.017668 51.169460 0.493331 -0.485939 0.721448 0.067354 0.218385 3 207 0.954140 225 0.037969 226 0.007891
UV2
  207 0.570984 2.689678 51.740376 0.474378 -0.456203 0.752891 0.037834 0.218115 1 207 1.000000
  207 0.572312 2.602130 51.685081 0.490257 -0.040498 0.870637 0.036967 0.216347 1 207 1.000000
  207 2.084642 3.017668 51.169460 0.493331 -0.485939 0.721448 0.067354 0.218385 3 207 0.954140 225 0.037969 226 0.007891
UV2
  207 0.514698 2.583339 51.729576 0.609085 0.010194 0.793040 0.032645 0.218115 1 207 1.000000
  207 0.572312 2.602130 51.685081 0.490257 -0.040498 0.870637 0.036967 0.216347 1 207 1.000000
  207 0.570984 2.689678 51.740376 0.474378 -0.456203 0.752891 0.037834 0.218115 1 207 1.000000
UV2
  207 0.514698 2.583339 51.729576 0.609085 0.010194 0.793040 0.032645 0.218115 1 207 1.000000
  207 0.601776 2.506388 51.716164 0.329367 0.370801 0.868345 0.037834 0.218115 1 207 1.000000
  207 0.572312 2.602130 51.685081 0.490257 -0.040498 0.870637 0.036967 0.216347 1 207 1.000000
UV2
  207 1.911299 2.985067 50.917721 0.568473 -0.166003 0.805780 0.067526 0.207294 3 207 0.948028 225 0.044113 226 0.007859
  207 2.084642 3.017668 51.169460 0.493331 -0.485939 0.721448 0.067354 0.218385 3 207 0.954140 225 0.037969 226 0.007891
  207 0.572312 2.602130 51.685081 0.490257 -0.040498 0.870637 0.036967 0.216347 1 207 1.000000
UV2
  207 1.911299 2.985067 50.917721 0.568473 -0.166003 0.805780 0.067526 0.207294 3 207 0.948028 225 0.044113 226 0.007859
  207 3.607976 3.570851 49.699532 0.685830 -0.160397 0.709867 0.106463 0.204879 3 207 0.475840 225 0.470133 226 0.054027
  207 2.084642 3.017668 51.169460 0.493331 -0.485939 0.721448 0.067354 0.218385 3 207 0.954140 225 0.037969 226 0.007891
UV2
  207 0.601776 2.506388 51.716164 0.329367 0.370801 0.868345 0.037834 0.218115 1 207 1.000000
  207 2.098966 2.850143 51.143242 0.414291 0.188876 0.890331 0.067366 0.218428 3 207 0.965422 225 0.026500 226 0.008078
  207 0.572312 2.602130 51.685081 0.490257 -0.040498 0.870637 0.036967 0.216347 1 207 1.000000
UV2
  207 1.911299 2.985067 50.917721 0.568473 -0.166003 0.805780 0.067526 0.207294 3 207 0.948028 225 0.044113 226 0.007859
  207 0.572312 2.602130 51.685081 0.490257 -0.040498 0.870637 0.036967 0.216347 1 207 1.000000
  207 2.098966 2.850143 51.143242 0.414291 0.188876 0.890331 0.067366 0.218428 3 207 0.965422 225 0.026500 226 0.008078
UV2
  207 1.911299 2.985067 50.917721 0.568473 -0.166003 0.805780 0.067526 0.207294 3 207 0.948028 225 0.044113 226 0.007859
  207 2.098966 2.850143 51.143242 0.414291 0.188876 0.890331 0.067366 0.218428 3 207 0.965422 225 0.026500 226 0.008078
  207 3.607976 3.570851 49.699532 0.685830 -0.160397 0.709867 0.106463 0.204879 3 207 0.475840 225 0.470133 226 0.054027
UV2
  207 2.082969 2.811337 51.117901 0.456972 -0.612332 0.645156 0.067281 0.217477 3 207 0.968294 225 0.023521 226 0.008185
  207 2.098966 2.850143 51.143242 0.414291 0.188876 0.890331 0.067366 0.218428 3 207 0.965422 225 0.026500 226 0.008078
  207 0.601776 2.506388 51.716164 0.329367 0.370801 0.868345 0.037834 0.218115 1 207 1.000000
UV2
  207 3.607976 3.570851 49.699532 0.685830 -0.160397 0.709867 0.106463 0.204879 3 207 0.475840 225 0.470133 226 0.054027
  207 2.098966 2.850143 51.143242 0.414291 0.188876 0.890331 0.067366 0.218428 3 207 0.965422 225 0.026500 226 0.008078
  225 4.039743 3.314682 49.906651 0.570566 -0.015986 0.821096 0.106384 0.219072 3 225 0.477041 207 0.468104 226 0.054854
UV2
  207 2.082969 2.811337 51.117901 0.456972 -0.612332 0.645156 0.067281 0.217477 3 207 0.968294 225 0.023521 226 0.008185
  225 4.039743 3.314682 49.906651 0.570566 -0.015986 0.821096 0.106384 0.219072 3 225 0.477041 207 0.468104 226 0.054854
  207 2.098966 2.850143 51.143242 0.414291 0.188876 0.890331 0.067366 0.218428 3 207 0.965422 225 0.026500 226 0.008078
UV2
  207 3.607976 3.570851 49.699532 0.685830 -0.160397 0.709867 0.106463 0.204879 3 207 0.475840 225 0.470133 226 0.054027
  225 4.039743 3.314682 49.906651 0.570566 -0.015986 0.821096 0.106384 0.219072 3 225 0.477041 207 0.468104 226 0.054854
  225 5.403351 4.974874 48.099197 0.800763 -0.352166 0.484519 0.145336 0.203382 3 225 0.629747 226 0.250856 207 0.119397
UV2
  225 4.009977 3.241725 49.829956 0.584381 -0.691483 0.424675 0.106351 0.217658 3 225 0.476467 207 0.468354 226 0.055179
  225 4.039743 3.314682 49.906651 0.570566 -0.015986 0.821096 0.106384 0.219072 3 225 0.477041 207 0.468104 226 0.054854
  207 2.082969 2.811337 51.117901 0.456972 -0.612332 0.645156 0.067281 0.217477 3 207 0.968294 225 0.023521 226 0.008185
UV2
  225 4.009977 3.241725 49.829956 0.584381 -0.691483 0.424675 0.106351 0.217658 3 225 0.476467 207 0.468354 226 0.055179
  225 5.995224 4.434362 48.255852 0.715614 -0.207427 0.666987 0.145336 0.220192 3 225 0.629224 226 0.253498 207 0.117278
  225 4.039743 3.314682 49.906651 0.570566 -0.015986 0.821096 0.106384 0.219072 3 225 0.477041 207 0.468104 226 0.054854
UV2
  225 5.403351 4.974874 48.099197 0.800763 -0.352166 0.484519 0.145336 0.203382 3 225 0.629747 226 0.250856 207 0.119397
  225 4.039743 3.314682 49.906651 0.570566 -0.015986 0.821096 0.106384 0.219072 3 225 0.477041 207 0.468104 226 0.054854
  225 5.995224 4.434362 48.255852 0.715614 -0.207427 0.666987 0.145336 0.220192 3 225 0.629224 226 0.253498 207 0.117278
UV2
  225 5.957494 4.395223 48.150040 0.603949 -0.793190 0.078073 0.145336 0.218857 3 225 0.627223 226 0.253491 207 0.119287
  225 5.995224 4.434362 48.255852 0.715614 -0.207427 0.666987 0.145336 0.220192 3 225 0.629224 226 0.253498 207 0.117278
  225 4.009977 3.241725 49.829956 0.584381 -0.691483 0.424675 0.106351 0.217658 3 225 0.476467 207 0.468354 226 0.055179
UV2
  225 5.957494 4.395223 48.150040 0.603949 -0.793190 0.078073 0.145336 0.218857 3 225 0.627223 226 0.253491 207 0.119287
  226 8.274370 6.124658 46.090778 0.327561 -0.858069 -0.395501 0.177844 0.219434 3 226 0.742088 227 0.152132 225 0.105780
  225 5.995224 4.434362 48.255852 0.715614 -0.207427 0.666987 0.145336 0.220192 3 225 0.629224 226 0.253498 207 0.117278
UV2
  225 5.995224 4.434362 48.255852 0.715614 -0.207427 0.666987 0.145336 0.220192 3 225 0.629224 226 0.253498 207 0.117278
  226 8.343898 6.165401 46.174873 0.762792 -0.345740 0.546454 0.178295 0.220693 3 226 0.745796 227 0.152619 225 0.101584
  225 5.403351 4.974874 48.099197 0.800763 -0.352166 0.484519 0.145336 0.203382 3 225 0.629747 226 0.250856 207 0.119397
UV2
  225 5.995224 4.434362 48.255852 0.715614 -0.207427 0.666987 0.145336 0.220192 3 225 0.629224 226 0.253498 207 0.117278
  226 8.274370 6.124658 46.090778 0.327561 -0.858069 -0.395501 0.177844 0.219434 3 226 0.742088 227 0.152132 225 0.105780
  226 8.343898 6.165401 46.174873 0.762792 -0.345740 0.546454 0.178295 0.220693 3 226 0.745796 227 0.152619 225 0.101584
UV2
  226 7.640554 7.005208 46.214146 0.785496 -0.483097 0.386797 0.180663 0.204509 3 226 0.733066 227 0.151389 225 0.115545
  225 5.403351 4.974874 48.099197 0.800763 -0.352166 0.484519 0.145336 0.203382 3 225 0.629747 226 0.250856 207 0.119397
  226 8.343898 6.165401 46.174873 0.762792 -0.345740 0.546454 0.178295 0.220693 3 226 0.745796 227 0.152619 225 0.101584
UV2
  226 8.274370 6.124658 46.090778 0.327561 -0.858069 -0.395501 0.177844 0.219434 3 226 0.742088 227 0.152132 225 0.105780
  226 10.420961 8.000082 44.016243 0.667988 -0.722833 -0.176931 0.220321 0.220189 3 226 0.523192 227 0.475581 207 0.001227
  226 8.343898 6.165401 46.174873 0.762792 -0.345740 0.546454 0.178295 0.220693 3 226 0.745796 227 0.152619 225 0.101584
UV2
  226 10.462213 8.020211 44.089111 0.842578 -0.295192 0.450471 0.220423 0.221330 3 226 0.525118 227 0.473672 207 0.001211
  226 7.640554 7.005208 46.214146 0.785496 -0.483097 0.386797 0.180663 0.204509 3 226 0.733066 227 0.151389 225 0.115545
  226 8.343898 6.165401 46.174873 0.762792 -0.345740 0.546454 0.178295 0.220693 3 226 0.745796 227 0.152619 225 0.101584
UV2
  226 10.462213 8.020211 44.089111 0.842578 -0.295192 0.450471 0.220423 0.221330 3 226 0.525118 227 0.473672 207 0.001211
  226 8.343898 6.165401 46.174873 0.762792 -0.345740 0.546454 0.178295 0.220693 3 226 0.745796 227 0.152619 225 0.101584
  226 10.420961 8.000082 44.016243 0.667988 -0.722833 -0.176931 0.220321 0.220189 3 226 0.523192 227 0.475581 207 0.001227
UV2
  226 9.739990 8.767837 44.153225 0.799537 -0.420145 0.429206 0.220965 0.205723 3 226 0.526683 227 0.472107 207 0.001210
  226 7.640554 7.005208 46.214146 0.785496 -0.483097 0.386797 0.180663 0.204509 3 226 0.733066 227 0.151389 225 0.115545
  226 10.462213 8.020211 44.089111 0.842578 -0.295192 0.450471 0.220423 0.221330 3 226 0.525118 227 0.473672 207 0.001211
UV2
  226 10.367290 8.808757 44.849983 0.841475 -0.427684 0.330161 0.220433 0.221326 3 226 0.537576 227 0.461213 207 0.001211
  226 7.640554 7.005208 46.214146 0.785496 -0.483097 0.386797 0.180663 0.204509 3 226 0.733066 227 0.151389 225 0.115545
  226 9.739990 8.767837 44.153225 0.799537 -0.420145 0.429206 0.220965 0.205723 3 226 0.526683 227 0.472107 207 0.001210
UV2
  226 10.420961 8.000082 44.016243 0.667988 -0.722833 -0.176931 0.220321 0.220189 3 226 0.523192 227 0.475581 207 0.001227
  227 11.069900 8.959076 43.414459 0.868939 -0.222491 0.442089 0.259844 0.222425 2 227 0.706150 226 0.293850
  226 10.462213 8.020211 44.089111 0.842578 -0.295192 0.450471 0.220423 0.221330 3 226 0.525118 227 0.473672 207 0.001211
UV2
  227 11.035641 8.937666 43.346745 0.819658 -0.514449 -0.251998 0.259391 0.221365 2 227 0.708239 226 0.291761
  227 11.069900 8.959076 43.414459 0.868939 -0.222491 0.442089 0.259844 0.222425 2 227 0.706150 226 0.293850
  226 10.420961 8.000082 44.016243 0.667988 -0.722833 -0.176931 0.220321 0.220189 3 226 0.523192 227 0.475581 207 0.001227
UV2
  227 11.035641 8.937666 43.346745 0.819658 -0.514449 -0.251998 0.259391 0.221365 2 227 0.708239 226 0.291761
  227 11.140619 9.209216 43.335449 0.990392 -0.130779 -0.044955 0.270235 0.221565 2 227 0.800614 226 0.199386
  227 11.069900 8.959076 43.414459 0.868939 -0.222491 0.442089 0.259844 0.222425 2 227 0.706150 226 0.293850
UV2
  226 9.739990 8.767837 44.153225 0.799537 -0.420145 0.429206 0.220965 0.205723 3 226 0.526683 227 0.472107 207 0.001210
  226 10.462213 8.020211 44.089111 0.842578 -0.295192 0.450471 0.220423 0.221330 3 226 0.525118 227 0.473672 207 0.001211
  227 10.494448 9.454275 43.373016 0.454962 -0.603674 0.654666 0.261301 0.209018 2 227 0.697828 226 0.302172
UV2
  227 10.494448 9.454275 43.373016 0.454962 -0.603674 0.654666 0.261301 0.209018 2 227 0.697828 226 0.302172
  226 10.462213 8.020211 44.089111 0.842578 -0.295192 0.450471 0.220423 0.221330 3 226 0.525118 227 0.473672 207 0.001211
  227 11.069900 8.959076 43.414459 0.868939 -0.222491 0.442089 0.259844 0.222425 2 227 0.706150 226 0.293850
UV2
  226 9.739990 8.767837 44.153225 0.799537 -0.420145 0.429206 0.220965 0.205723 3 226 0.526683 227 0.472107 207 0.001210
  227 10.494448 9.454275 43.373016 0.454962 -0.603674 0.654666 0.261301 0.209018 2 227 0.697828 226 0.302172
  226 10.367290 8.808757 44.849983 0.841475 -0.427684 0.330161 0.220433 0.221326 3 226 0.537576 227 0.461213 207 0.001211
UV2
  227 11.140619 9.209216 43.335449 0.990392 -0.130779 -0.044955 0.270235 0.221565 2 227 0.800614 226 0.199386
  227 11.138557 9.193778 43.399391 0.759233 -0.235931 0.606549 0.267928 0.222353 2 227 0.790977 226 0.209023
  227 11.069900 8.959076 43.414459 0.868939 -0.222491 0.442089 0.259844 0.222425 2 227 0.706150 226 0.293850
UV2
  227 10.494448 9.454275 43.373016 0.454962 -0.603674 0.654666 0.261301 0.209018 2 227 0.697828 226 0.302172
  227 11.069900 8.959076 43.414459 0.868939 -0.222491 0.442089 0.259844 0.222425 2 227 0.706150 226 0.293850
  227 11.138557 9.193778 43.399391 0.759233 -0.235931 0.606549 0.267928 0.222353 2 227 0.790977 226 0.209023
UV2
  227 11.140619 9.209216 43.335449 0.990392 -0.130779 -0.044955 0.270235 0.221565 2 227 0.800614 226 0.199386
  227 11.135254 9.301698 43.466835 0.689161 -0.399903 0.604264 0.270884 0.222108 2 227 0.794996 226 0.205004
  227 11.138557 9.193778 43.399391 0.759233 -0.235931 0.606549 0.267928 0.222353 2 227 0.790977 226 0.209023
UV2
  227 10.494448 9.454275 43.373016 0.454962 -0.603674 0.654666 0.261301 0.209018 2 227 0.697828 226 0.302172
  227 11.138557 9.193778 43.399391 0.759233 -0.235931 0.606549 0.267928 0.222353 2 227 0.790977 226 0.209023
  227 11.135254 9.301698 43.466835 0.689161 -0.399903 0.604264 0.270884 0.222108 2 227 0.794996 226 0.205004
UV2
  227 11.127335 9.361530 43.419964 0.989835 0.141581 0.013478 0.274374 0.220970 2 227 0.822190 226 0.177810
  227 11.135254 9.301698 43.466835 0.689161 -0.399903 0.604264 0.270884 0.222108 2 227 0.794996 226 0.205004
  227 11.140619 9.209216 43.335449 0.990392 -0.130779 -0.044955 0.270235 0.221565 2 227 0.800614 226 0.199386
UV2
  227 11.127335 9.361530 43.419964 0.989835 0.141581 0.013478 0.274374 0.220970 2 227 0.822190 226 0.177810
  227 11.096144 9.488546 43.606335 0.943982 0.253426 0.211360 0.270235 0.221565 2 227 0.792979 226 0.207021
  227 11.135254 9.301698 43.466835 0.689161 -0.399903 0.604264 0.270884 0.222108 2 227 0.794996 226 0.205004
UV2
  227 10.494448 9.454275 43.373016 0.454962 -0.603674 0.654666 0.261301 0.209018 2 227 0.697828 226 0.302172
  227 11.135254 9.301698 43.466835 0.689161 -0.399903 0.604264 0.270884 0.222108 2 227 0.794996 226 0.205004
  227 11.111433 9.423683 43.606133 0.794601 -0.482455 0.368572 0.267928 0.222353 2 227 0.783949 226 0.216051
UV2
  227 11.096144 9.488546 43.606335 0.943982 0.253426 0.211360 0.270235 0.221565 2 227 0.792979 226 0.207021
  227 11.111433 9.423683 43.606133 0.794601 -0.482455 0.368572 0.267928 0.222353 2 227 0.783949 226 0.216051
  227 11.135254 9.301698 43.466835 0.689161 -0.399903 0.604264 0.270884 0.222108 2 227 0.794996 226 0.205004
UV2
  227 10.494448 9.454275 43.373016 0.454962 -0.603674 0.654666 0.261301 0.209018 2 227 0.697828 226 0.302172
  227 11.111433 9.423683 43.606133 0.794601 -0.482455 0.368572 0.267928 0.222353 2 227 0.783949 226 0.216051
  227 11.017565 9.453151 43.854492 0.904304 -0.296965 0.306669 0.259931 0.222396 2 227 0.692149 226 0.307851
UV2
  227 11.096144 9.488546 43.606335 0.943982 0.253426 0.211360 0.270235 0.221565 2 227 0.792979 226 0.207021
  227 11.017565 9.453151 43.854492 0.904304 -0.296965 0.306669 0.259931 0.222396 2 227 0.692149 226 0.307851
  227 11.111433 9.423683 43.606133 0.794601 -0.482455 0.368572 0.267928 0.222353 2 227 0.783949 226 0.216051
UV2
  227 10.494448 9.454275 43.373016 0.454962 -0.603674 0.654666 0.261301 0.209018 2 227 0.697828 226 0.302172
  227 11.017565 9.453151 43.854492 0.904304 -0.296965 0.306669 0.259931 0.222396 2 227 0.692149 226 0.307851
  226 10.367290 8.808757 44.849983 0.841475 -0.427684 0.330161 0.220433 0.221326 3 226 0.537576 227 0.461213 207 0.001211
UV2
  227 10.955006 9.511503 43.893456 0.721984 0.394574 0.568376 0.259391 0.221365 2 227 0.692405 226 0.307595
  227 11.017565 9.453151 43.854492 0.904304 -0.296965 0.306669 0.259931 0.222396 2 227 0.692149 226 0.307851
  227 11.096144 9.488546 43.606335 0.943982 0.253426 0.211360 0.270235 0.221565 2 227 0.792979 226 0.207021
UV2
  226 10.301022 8.872696 44.882854 0.624986 0.269465 0.732653 0.220321 0.220189 3 226 0.535851 227 0.462946 207 0.001203
  226 10.367290 8.808757 44.849983 0.841475 -0.427684 0.330161 0.220433 0.221326 3 226 0.537576 227 0.461213 207 0.001211
  227 11.017565 9.453151 43.854492 0.904304 -0.296965 0.306669 0.259931 0.222396 2 227 0.692149 226 0.307851
UV2
  227 10.955006 9.511503 43.893456 0.721984 0.394574 0.568376 0.259391 0.221365 2 227 0.692405 226 0.307595
  226 10.301022 8.872696 44.882854 0.624986 0.269465 0.732653 0.220321 0.220189 3 226 0.535851 227 0.462946 207 0.001203
  227 11.017565 9.453151 43.854492 0.904304 -0.296965 0.306669 0.259931 0.222396 2 227 0.692149 226 0.307851
UV2
  207 0.585987 2.859758 51.994282 0.487907 0.596973 0.636844 0.077446 0.582406 1 207 1.000000
  207 0.456875 2.668838 52.171566 0.149675 0.215856 0.964885 0.072879 0.592268 1 207 1.000000
  207 0.572649 2.655883 52.120392 0.411757 0.215012 0.885565 0.076974 0.590863 1 207 1.000000
UV2
  207 0.467517 2.907455 52.043102 0.221599 0.661774 0.716204 0.073256 0.583747 1 207 1.000000
  207 0.456875 2.668838 52.171566 0.149675 0.215856 0.964885 0.072879 0.592268 1 207 1.000000
  207 0.585987 2.859758 51.994282 0.487907 0.596973 0.636844 0.077446 0.582406 1 207 1.000000
UV2
  207 0.610785 3.013083 51.729561 0.423695 0.853678 0.302846 0.078323 0.573308 1 207 1.000000
  207 0.467517 2.907455 52.043102 0.221599 0.661774 0.716204 0.073256 0.583747 1 207 1.000000
  207 0.585987 2.859758 51.994282 0.487907 0.596973 0.636844 0.077446 0.582406 1 207 1.000000
UV2
  207 0.456875 2.668838 52.171566 0.149675 0.215856 0.964885 0.072879 0.592268 1 207 1.000000
  207 0.467517 2.392617 52.151493 0.119160 -0.425330 0.897160 0.073256 0.583747 1 207 1.000000
  207 0.572649 2.655883 52.120392 0.411757 0.215012 0.885565 0.076974 0.590863 1 207 1.000000
UV2
  207 0.572649 2.655883 52.120392 0.411757 0.215012 0.885565 0.076974 0.590863 1 207 1.000000
  207 0.467517 2.392617 52.151493 0.119160 -0.425330 0.897160 0.073256 0.583747 1 207 1.000000
  207 0.585987 2.380261 52.102680 0.276387 -0.511737 0.813472 0.077446 0.582406 1 207 1.000000
UV2
  207 0.487301 3.058779 51.770500 0.235547 0.907649 0.347406 0.073956 0.574432 1 207 1.000000
  207 0.467517 2.907455 52.043102 0.221599 0.661774 0.716204 0.073256 0.583747 1 207 1.000000
  207 0.610785 3.013083 51.729561 0.423695 0.853678 0.302846 0.078323 0.573308 1 207 1.000000
UV2
  207 0.626451 3.173226 50.850056 0.274095 0.959704 0.061969 0.078877 0.538990 1 207 1.000000
  207 0.487301 3.058779 51.770500 0.235547 0.907649 0.347406 0.073956 0.574432 1 207 1.000000
  207 0.610785 3.013083 51.729561 0.423695 0.853678 0.302846 0.078323 0.573308 1 207 1.000000
UV2
  207 0.467517 2.392617 52.151493 0.119160 -0.425330 0.897160 0.073256 0.583747 1 207 1.000000
  207 0.487302 2.216224 51.926670 0.047819 -0.876549 0.478931 0.073956 0.574433 1 207 1.000000
  207 0.585987 2.380261 52.102680 0.276387 -0.511737 0.813472 0.077446 0.582406 1 207 1.000000
UV2
  207 0.585987 2.380261 52.102680 0.276387 -0.511737 0.813472 0.077446 0.582406 1 207 1.000000
  207 0.487302 2.216224 51.926670 0.047819 -0.876549 0.478931 0.073956 0.574433 1 207 1.000000
  207 0.610785 2.205868 51.885735 0.079832 -0.914342 0.396995 0.078323 0.573308 1 207 1.000000
UV2
  207 0.499800 3.208566 50.850056 0.182753 0.981560 0.056046 0.074398 0.538990 1 207 1.000000
  207 0.487301 3.058779 51.770500 0.235547 0.907649 0.347406 0.073956 0.574432 1 207 1.000000
  207 0.626451 3.173226 50.850056 0.274095 0.959704 0.061969 0.078877 0.538990 1 207 1.000000
UV2
  207 0.610782 3.134668 49.779175 0.142149 0.947020 -0.288004 0.078323 0.504673 1 207 1.000000
  207 0.499800 3.208566 50.850056 0.182753 0.981560 0.056046 0.074398 0.538990 1 207 1.000000
  207 0.626451 3.173226 50.850056 0.274095 0.959704 0.061969 0.078877 0.538990 1 207 1.000000
UV2
  207 0.487302 2.216224 51.926670 0.047819 -0.876549 0.478931 0.073956 0.574433 1 207 1.000000
  207 0.499795 1.940224 50.814327 0.394123 -0.919044 -0.004946 0.074398 0.538990 1 207 1.000000
  207 0.610785 2.205868 51.885735 0.079832 -0.914342 0.396995 0.078323 0.573308 1 207 1.000000
UV2
  207 0.610785 2.205868 51.885735 0.079832 -0.914342 0.396995 0.078323 0.573308 1 207 1.000000
  207 0.499795 1.940224 50.814327 0.394123 -0.919044 -0.004946 0.074398 0.538990 1 207 1.000000
  207 0.626446 2.021730 50.814327 0.526413 -0.850192 -0.007890 0.078877 0.538990 1 207 1.000000
UV2
  207 0.487299 3.139338 49.737370 0.120731 0.917823 -0.378186 0.073956 0.503548 1 207 1.000000
  207 0.499800 3.208566 50.850056 0.182753 0.981560 0.056046 0.074398 0.538990 1 207 1.000000
  207 0.610782 3.134668 49.779175 0.142149 0.947020 -0.288004 0.078323 0.504673 1 207 1.000000
UV2
  207 0.585985 2.941620 49.522881 0.336923 0.562588 -0.754969 0.077446 0.495575 1 207 1.000000
  207 0.487299 3.139338 49.737370 0.120731 0.917823 -0.378186 0.073956 0.503548 1 207 1.000000
  207 0.610782 3.134668 49.779175 0.142149 0.947020 -0.288004 0.078323 0.504673 1 207 1.000000
UV2
  207 0.499795 1.940224 50.814327 0.394123 -0.919044 -0.004946 0.074398 0.538990 1 207 1.000000
  207 0.487300 2.166478 49.669975 0.045868 -0.926353 -0.373854 0.073956 0.503548 1 207 1.000000
  207 0.626446 2.021730 50.814327 0.526413 -0.850192 -0.007890 0.078877 0.538990 1 207 1.000000
UV2
  207 0.626446 2.021730 50.814327 0.526413 -0.850192 -0.007890 0.078877 0.538990 1 207 1.000000
  207 0.487300 2.166478 49.669975 0.045868 -0.926353 -0.373854 0.073956 0.503548 1 207 1.000000
  207 0.610783 2.161809 49.711784 0.064776 -0.955975 -0.286210 0.078323 0.504673 1 207 1.000000
UV2
  207 0.467515 2.947179 49.473015 0.138812 0.532469 -0.834990 0.073256 0.494234 1 207 1.000000
  207 0.487299 3.139338 49.737370 0.120731 0.917823 -0.378186 0.073956 0.503548 1 207 1.000000
  207 0.585985 2.941620 49.522881 0.336923 0.562588 -0.754969 0.077446 0.495575 1 207 1.000000
UV2
  207 0.572647 2.588634 49.426025 0.410517 0.043145 -0.910831 0.076974 0.486291 1 207 1.000000
  207 0.467515 2.947179 49.473015 0.138812 0.532469 -0.834990 0.073256 0.494234 1 207 1.000000
  207 0.585985 2.941620 49.522881 0.336923 0.562588 -0.754969 0.077446 0.495575 1 207 1.000000
UV2
  207 0.487300 2.166478 49.669975 0.045868 -0.926353 -0.373854 0.073956 0.503548 1 207 1.000000
  207 0.467515 2.314478 49.426235 0.114117 -0.527967 -0.841563 0.073256 0.494234 1 207 1.000000
  207 0.610783 2.161809 49.711784 0.064776 -0.955975 -0.286210 0.078323 0.504673 1 207 1.000000
UV2
  207 0.610783 2.161809 49.711784 0.064776 -0.955975 -0.286210 0.078323 0.504673 1 207 1.000000
  207 0.467515 2.314478 49.426235 0.114117 -0.527967 -0.841563 0.073256 0.494234 1 207 1.000000
  207 0.585986 2.308912 49.476101 0.290768 -0.595038 -0.749255 0.077446 0.495575 1 207 1.000000
UV2
  207 0.585986 2.308912 49.476101 0.290768 -0.595038 -0.749255 0.077446 0.495575 1 207 1.000000
  207 0.456873 2.594471 49.373753 0.142938 0.047622 -0.988585 0.072879 0.484885 1 207 1.000000
  207 0.572647 2.588634 49.426025 0.410517 0.043145 -0.910831 0.076974 0.486291 1 207 1.000000
UV2
  207 0.467515 2.314478 49.426235 0.114117 -0.527967 -0.841563 0.073256 0.494234 1 207 1.000000
  207 0.456873 2.594471 49.373753 0.142938 0.047622 -0.988585 0.072879 0.484885 1 207 1.000000
  207 0.585986 2.308912 49.476101 0.290768 -0.595038 -0.749255 0.077446 0.495575 1 207 1.000000
UV2
  207 0.456873 2.594471 49.373753 0.142938 0.047622 -0.988585 0.072879 0.484885 1 207 1.000000
  207 0.467515 2.947179 49.473015 0.138812 0.532469 -0.834990 0.073256 0.494234 1 207 1.000000
  207 0.572647 2.588634 49.426025 0.410517 0.043145 -0.910831 0.076974 0.486291 1 207 1.000000
UV2
  207 0.487300 2.166478 49.669975 0.045868 -0.926353 -0.373854 0.073956 0.503548 1 207 1.000000
  207 0.233759 2.311674 49.451366 -0.063006 -0.568977 -0.819936 0.064988 0.494910 1 207 1.000000
  207 0.467515 2.314478 49.426235 0.114117 -0.527967 -0.841563 0.073256 0.494234 1 207 1.000000
UV2
  207 0.467515 2.314478 49.426235 0.114117 -0.527967 -0.841563 0.073256 0.494234 1 207 1.000000
  207 0.228438 2.591524 49.400112 -0.088940 0.042970 -0.995110 0.064800 0.485594 1 207 1.000000
  207 0.456873 2.594471 49.373753 0.142938 0.047622 -0.988585 0.072879 0.484885 1 207 1.000000
UV2
  207 0.233759 2.311674 49.451366 -0.063006 -0.568977 -0.819936 0.064988 0.494910 1 207 1.000000
  207 0.228438 2.591524 49.400112 -0.088940 0.042970 -0.995110 0.064800 0.485594 1 207 1.000000
  207 0.467515 2.314478 49.426235 0.114117 -0.527967 -0.841563 0.073256 0.494234 1 207 1.000000
UV2
  207 0.456873 2.594471 49.373753 0.142938 0.047622 -0.988585 0.072879 0.484885 1 207 1.000000
  207 0.233759 2.944382 49.498131 -0.075414 0.541570 -0.837266 0.064988 0.494910 1 207 1.000000
  207 0.467515 2.947179 49.473015 0.138812 0.532469 -0.834990 0.073256 0.494234 1 207 1.000000
UV2
  207 0.228438 2.591524 49.400112 -0.088940 0.042970 -0.995110 0.064800 0.485594 1 207 1.000000
  207 0.233759 2.944382 49.498131 -0.075414 0.541570 -0.837266 0.064988 0.494910 1 207 1.000000
  207 0.456873 2.594471 49.373753 0.142938 0.047622 -0.988585 0.072879 0.484885 1 207 1.000000
UV2
  207 0.243651 2.164129 49.691048 -0.008528 -0.925087 -0.379660 0.065338 0.504115 1 207 1.000000
  207 0.233759 2.311674 49.451366 -0.063006 -0.568977 -0.819936 0.064988 0.494910 1 207 1.000000
  207 0.487300 2.166478 49.669975 0.045868 -0.926353 -0.373854 0.073956 0.503548 1 207 1.000000
UV2
  207 0.499795 1.940224 50.814327 0.394123 -0.919044 -0.004946 0.074398 0.538990 1 207 1.000000
  207 0.243651 2.164129 49.691048 -0.008528 -0.925087 -0.379660 0.065338 0.504115 1 207 1.000000
  207 0.487300 2.166478 49.669975 0.045868 -0.926353 -0.373854 0.073956 0.503548 1 207 1.000000
UV2
  207 0.233759 2.311674 49.451366 -0.063006 -0.568977 -0.819936 0.064988 0.494910 1 207 1.000000
  207 0.000002 2.589872 49.414967 0.000076 0.044468 -0.999011 0.056720 0.485993 1 207 1.000000
  207 0.228438 2.591524 49.400112 -0.088940 0.042970 -0.995110 0.064800 0.485594 1 207 1.000000
UV2
  207 0.249897 1.865566 50.814327 0.036838 -0.999144 0.018816 0.065559 0.538990 1 207 1.000000
  207 0.243651 2.164129 49.691048 -0.008528 -0.925087 -0.379660 0.065338 0.504115 1 207 1.000000
  207 0.499795 1.940224 50.814327 0.394123 -0.919044 -0.004946 0.074398 0.538990 1 207 1.000000
UV2
  207 0.487302 2.216224 51.926670 0.047819 -0.876549 0.478931 0.073956 0.574433 1 207 1.000000
  207 0.249897 1.865566 50.814327 0.036838 -0.999144 0.018816 0.065559 0.538990 1 207 1.000000
  207 0.499795 1.940224 50.814327 0.394123 -0.919044 -0.004946 0.074398 0.538990 1 207 1.000000
UV2
  207 0.243651 2.164129 49.691048 -0.008528 -0.925087 -0.379660 0.065338 0.504115 1 207 1.000000
  207 0.000002 2.310087 49.465549 0.001158 -0.571810 -0.820385 0.056720 0.495291 1 207 1.000000
  207 0.233759 2.311674 49.451366 -0.063006 -0.568977 -0.819936 0.064988 0.494910 1 207 1.000000
UV2
  207 0.000002 2.310087 49.465549 0.001158 -0.571810 -0.820385 0.056720 0.495291 1 207 1.000000
  207 0.000002 2.589872 49.414967 0.000076 0.044468 -0.999011 0.056720 0.485993 1 207 1.000000
  207 0.233759 2.311674 49.451366 -0.063006 -0.568977 -0.819936 0.064988 0.494910 1 207 1.000000
UV2
  207 0.249897 1.865566 50.814327 0.036838 -0.999144 0.018816 0.065559 0.538990 1 207 1.000000
  207 0.000002 2.162798 49.702938 -0.006934 -0.924944 -0.380039 0.056720 0.504435 1 207 1.000000
  207 0.243651 2.164129 49.691048 -0.008528 -0.925087 -0.379660 0.065338 0.504115 1 207 1.000000
UV2
  207 0.000002 2.162798 49.702938 -0.006934 -0.924944 -0.380039 0.056720 0.504435 1 207 1.000000
  207 0.000002 2.310087 49.465549 0.001158 -0.571810 -0.820385 0.056720 0.495291 1 207 1.000000
  207 0.243651 2.164129 49.691048 -0.008528 -0.925087 -0.379660 0.065338 0.504115 1 207 1.000000
UV2
  207 0.243653 2.211000 51.906040 -0.023545 -0.888673 0.457937 0.065338 0.573866 1 207 1.000000
  207 0.249897 1.865566 50.814327 0.036838 -0.999144 0.018816 0.065559 0.538990 1 207 1.000000
  207 0.487302 2.216224 51.926670 0.047819 -0.876549 0.478931 0.073956 0.574433 1 207 1.000000
UV2
  207 0.467517 2.392617 52.151493 0.119160 -0.425330 0.897160 0.073256 0.583747 1 207 1.000000
  207 0.243653 2.211000 51.906040 -0.023545 -0.888673 0.457937 0.065338 0.573866 1 207 1.000000
  207 0.487302 2.216224 51.926670 0.047819 -0.876549 0.478931 0.073956 0.574433 1 207 1.000000
UV2
  207 -0.000002 1.918764 50.814327 0.000292 -0.999716 0.023819 0.056720 0.538990 1 207 1.000000
  207 0.000002 2.162798 49.702938 -0.006934 -0.924944 -0.380039 0.056720 0.504435 1 207 1.000000
  207 0.249897 1.865566 50.814327 0.036838 -0.999144 0.018816 0.065559 0.538990 1 207 1.000000
UV2
  207 0.243653 2.211000 51.906040 -0.023545 -0.888673 0.457937 0.065338 0.573866 1 207 1.000000
  207 -0.000002 1.918764 50.814327 0.000292 -0.999716 0.023819 0.056720 0.538990 1 207 1.000000
  207 0.249897 1.865566 50.814327 0.036838 -0.999144 0.018816 0.065559 0.538990 1 207 1.000000
UV2
  207 0.233761 2.386389 52.126892 -0.062984 -0.469967 0.880434 0.064988 0.583071 1 207 1.000000
  207 0.243653 2.211000 51.906040 -0.023545 -0.888673 0.457937 0.065338 0.573866 1 207 1.000000
  207 0.467517 2.392617 52.151493 0.119160 -0.425330 0.897160 0.073256 0.583747 1 207 1.000000
UV2
  207 0.456875 2.668838 52.171566 0.149675 0.215856 0.964885 0.072879 0.592268 1 207 1.000000
  207 0.233761 2.386389 52.126892 -0.062984 -0.469967 0.880434 0.064988 0.583071 1 207 1.000000
  207 0.467517 2.392617 52.151493 0.119160 -0.425330 0.897160 0.073256 0.583747 1 207 1.000000
UV2
  207 0.000004 2.208060 51.894405 0.007202 -0.890956 0.454033 0.056720 0.573546 1 207 1.000000
  207 -0.000002 1.918764 50.814327 0.000292 -0.999716 0.023819 0.056720 0.538990 1 207 1.000000
  207 0.243653 2.211000 51.906040 -0.023545 -0.888673 0.457937 0.065338 0.573866 1 207 1.000000
UV2
  207 0.233761 2.386389 52.126892 -0.062984 -0.469967 0.880434 0.064988 0.583071 1 207 1.000000
  207 0.000004 2.208060 51.894405 0.007202 -0.890956 0.454033 0.056720 0.573546 1 207 1.000000
  207 0.243653 2.211000 51.906040 -0.023545 -0.888673 0.457937 0.065338 0.573866 1 207 1.000000
UV2
  207 0.228440 2.662303 52.145767 -0.084469 0.196936 0.976771 0.064800 0.591560 1 207 1.000000
  207 0.233761 2.386389 52.126892 -0.062984 -0.469967 0.880434 0.064988 0.583071 1 207 1.000000
  207 0.456875 2.668838 52.171566 0.149675 0.215856 0.964885 0.072879 0.592268 1 207 1.000000
UV2
  207 0.467517 2.907455 52.043102 0.221599 0.661774 0.716204 0.073256 0.583747 1 207 1.000000
  207 0.228440 2.662303 52.145767 -0.084469 0.196936 0.976771 0.064800 0.591560 1 207 1.000000
  207 0.456875 2.668838 52.171566 0.149675 0.215856 0.964885 0.072879 0.592268 1 207 1.000000
UV2
  207 0.000004 2.382873 52.113018 -0.001150 -0.473111 0.881002 0.056720 0.582690 1 207 1.000000
  207 0.000004 2.208060 51.894405 0.007202 -0.890956 0.454033 0.056720 0.573546 1 207 1.000000
  207 0.233761 2.386389 52.126892 -0.062984 -0.469967 0.880434 0.064988 0.583071 1 207 1.000000
UV2
  207 0.228440 2.662303 52.145767 -0.084469 0.196936 0.976771 0.064800 0.591560 1 207 1.000000
  207 0.000004 2.382873 52.113018 -0.001150 -0.473111 0.881002 0.056720 0.582690 1 207 1.000000
  207 0.233761 2.386389 52.126892 -0.062984 -0.469967 0.880434 0.064988 0.583071 1 207 1.000000
UV2
  207 0.233761 2.922971 52.018486 -0.038361 0.688234 0.724474 0.064988 0.583071 1 207 1.000000
  207 0.228440 2.662303 52.145767 -0.084469 0.196936 0.976771 0.064800 0.591560 1 207 1.000000
  207 0.467517 2.907455 52.043102 0.221599 0.661774 0.716204 0.073256 0.583747 1 207 1.000000
UV2
  207 0.487301 3.058779 51.770500 0.235547 0.907649 0.347406 0.073956 0.574432 1 207 1.000000
  207 0.233761 2.922971 52.018486 -0.038361 0.688234 0.724474 0.064988 0.583071 1 207 1.000000
  207 0.467517 2.907455 52.043102 0.221599 0.661774 0.716204 0.073256 0.583747 1 207 1.000000
UV2
  207 0.000004 2.658623 52.131218 -0.000019 0.191219 0.981547 0.056720 0.591160 1 207 1.000000
  207 0.000004 2.382873 52.113018 -0.001150 -0.473111 0.881002 0.056720 0.582690 1 207 1.000000
  207 0.228440 2.662303 52.145767 -0.084469 0.196936 0.976771 0.064800 0.591560 1 207 1.000000
UV2
  207 0.233761 2.922971 52.018486 -0.038361 0.688234 0.724474 0.064988 0.583071 1 207 1.000000
  207 0.000004 2.658623 52.131218 -0.000019 0.191219 0.981547 0.056720 0.591160 1 207 1.000000
  207 0.228440 2.662303 52.145767 -0.084469 0.196936 0.976771 0.064800 0.591560 1 207 1.000000
UV2
  207 0.243652 3.080488 51.749866 0.014839 0.940742 0.338798 0.065338 0.573866 1 207 1.000000
  207 0.233761 2.922971 52.018486 -0.038361 0.688234 0.724474 0.064988 0.583071 1 207 1.000000
  207 0.487301 3.058779 51.770500 0.235547 0.907649 0.347406 0.073956 0.574432 1 207 1.000000
UV2
  207 0.499800 3.208566 50.850056 0.182753 0.981560 0.056046 0.074398 0.538990 1 207 1.000000
  207 0.243652 3.080488 51.749866 0.014839 0.940742 0.338798 0.065338 0.573866 1 207 1.000000
  207 0.487301 3.058779 51.770500 0.235547 0.907649 0.347406 0.073956 0.574432 1 207 1.000000
UV2
  207 0.000004 2.919455 52.004608 0.001458 0.681950 0.731397 0.056720 0.582690 1 207 1.000000
  207 0.000004 2.658623 52.131218 -0.000019 0.191219 0.981547 0.056720 0.591160 1 207 1.000000
  207 0.233761 2.922971 52.018486 -0.038361 0.688234 0.724474 0.064988 0.583071 1 207 1.000000
UV2
  207 0.243652 3.080488 51.749866 0.014839 0.940742 0.338798 0.065338 0.573866 1 207 1.000000
  207 0.000004 2.919455 52.004608 0.001458 0.681950 0.731397 0.056720 0.582690 1 207 1.000000
  207 0.233761 2.922971 52.018486 -0.038361 0.688234 0.724474 0.064988 0.583071 1 207 1.000000
UV2
  207 0.249901 3.235492 50.850056 0.052297 0.997171 0.053987 0.065559 0.538990 1 207 1.000000
  207 0.243652 3.080488 51.749866 0.014839 0.940742 0.338798 0.065338 0.573866 1 207 1.000000
  207 0.499800 3.208566 50.850056 0.182753 0.981560 0.056046 0.074398 0.538990 1 207 1.000000
UV2
  207 0.487299 3.139338 49.737370 0.120731 0.917823 -0.378186 0.073956 0.503548 1 207 1.000000
  207 0.249901 3.235492 50.850056 0.052297 0.997171 0.053987 0.065559 0.538990 1 207 1.000000
  207 0.499800 3.208566 50.850056 0.182753 0.981560 0.056046 0.074398 0.538990 1 207 1.000000
UV2
  207 0.000004 3.077541 51.738224 0.001764 0.939693 0.342015 0.056720 0.573546 1 207 1.000000
  207 0.000004 2.919455 52.004608 0.001458 0.681950 0.731397 0.056720 0.582690 1 207 1.000000
  207 0.243652 3.080488 51.749866 0.014839 0.940742 0.338798 0.065338 0.573866 1 207 1.000000
UV2
  207 0.249901 3.235492 50.850056 0.052297 0.997171 0.053987 0.065559 0.538990 1 207 1.000000
  207 0.000004 3.077541 51.738224 0.001764 0.939693 0.342015 0.056720 0.573546 1 207 1.000000
  207 0.243652 3.080488 51.749866 0.014839 0.940742 0.338798 0.065338 0.573866 1 207 1.000000
UV2
  207 0.243650 3.163916 49.758442 0.011830 0.933664 -0.357955 0.065338 0.504115 1 207 1.000000
  207 0.249901 3.235492 50.850056 0.052297 0.997171 0.053987 0.065559 0.538990 1 207 1.000000
  207 0.487299 3.139338 49.737370 0.120731 0.917823 -0.378186 0.073956 0.503548 1 207 1.000000
UV2
  207 0.467515 2.947179 49.473015 0.138812 0.532469 -0.834990 0.073256 0.494234 1 207 1.000000
  207 0.243650 3.163916 49.758442 0.011830 0.933664 -0.357955 0.065338 0.504115 1 207 1.000000
  207 0.487299 3.139338 49.737370 0.120731 0.917823 -0.378186 0.073956 0.503548 1 207 1.000000
UV2
  207 0.233759 2.944382 49.498131 -0.075414 0.541570 -0.837266 0.064988 0.494910 1 207 1.000000
  207 0.243650 3.163916 49.758442 0.011830 0.933664 -0.357955 0.065338 0.504115 1 207 1.000000
  207 0.467515 2.947179 49.473015 0.138812 0.532469 -0.834990 0.073256 0.494234 1 207 1.000000
UV2
  207 0.243650 3.163916 49.758442 0.011830 0.933664 -0.357955 0.065338 0.504115 1 207 1.000000
  207 0.000003 3.235492 50.850056 0.000540 0.998565 0.053553 0.056720 0.538990 1 207 1.000000
  207 0.249901 3.235492 50.850056 0.052297 0.997171 0.053987 0.065559 0.538990 1 207 1.000000
UV2
  207 0.000003 3.235492 50.850056 0.000540 0.998565 0.053553 0.056720 0.538990 1 207 1.000000
  207 0.000004 3.077541 51.738224 0.001764 0.939693 0.342015 0.056720 0.573546 1 207 1.000000
  207 0.249901 3.235492 50.850056 0.052297 0.997171 0.053987 0.065559 0.538990 1 207 1.000000
UV2
  207 0.233759 2.944382 49.498131 -0.075414 0.541570 -0.837266 0.064988 0.494910 1 207 1.000000
  207 0.000002 3.162585 49.770332 -0.001183 0.929959 -0.367660 0.056720 0.504435 1 207 1.000000
  207 0.243650 3.163916 49.758442 0.011830 0.933664 -0.357955 0.065338 0.504115 1 207 1.000000
UV2
  207 0.000002 3.162585 49.770332 -0.001183 0.929959 -0.367660 0.056720 0.504435 1 207 1.000000
  207 0.000003 3.235492 50.850056 0.000540 0.998565 0.053553 0.056720 0.538990 1 207 1.000000
  207 0.243650 3.163916 49.758442 0.011830 0.933664 -0.357955 0.065338 0.504115 1 207 1.000000
UV2
  207 0.000002 2.942794 49.512321 -0.001345 0.542732 -0.839905 0.056720 0.495291 1 207 1.000000
  207 0.000002 3.162585 49.770332 -0.001183 0.929959 -0.367660 0.056720 0.504435 1 207 1.000000
  207 0.233759 2.944382 49.498131 -0.075414 0.541570 -0.837266 0.064988 0.494910 1 207 1.000000
UV2
  207 0.228438 2.591524 49.400112 -0.088940 0.042970 -0.995110 0.064800 0.485594 1 207 1.000000
  207 0.000002 2.942794 49.512321 -0.001345 0.542732 -0.839905 0.056720 0.495291 1 207 1.000000
  207 0.233759 2.944382 49.498131 -0.075414 0.541570 -0.837266 0.064988 0.494910 1 207 1.000000
UV2
  207 0.000002 2.589872 49.414967 0.000076 0.044468 -0.999011 0.056720 0.485993 1 207 1.000000
  207 0.000002 2.942794 49.512321 -0.001345 0.542732 -0.839905 0.056720 0.495291 1 207 1.000000
  207 0.228438 2.591524 49.400112 -0.088940 0.042970 -0.995110 0.064800 0.485594 1 207 1.000000
UV2
  207 0.000002 3.162585 49.770332 -0.001183 0.929959 -0.367660 0.056720 0.504435 1 207 1.000000
  207 -0.249896 3.235492 50.850056 -0.051950 0.997392 0.050096 0.047881 0.538990 1 207 1.000000
  207 0.000003 3.235492 50.850056 0.000540 0.998565 0.053553 0.056720 0.538990 1 207 1.000000
UV2
  207 0.000002 2.942794 49.512321 -0.001345 0.542732 -0.839905 0.056720 0.495291 1 207 1.000000
  207 -0.243647 3.163916 49.758442 -0.019698 0.929874 -0.367350 0.048102 0.504115 1 207 1.000000
  207 0.000002 3.162585 49.770332 -0.001183 0.929959 -0.367660 0.056720 0.504435 1 207 1.000000
UV2
  207 -0.243647 3.163916 49.758442 -0.019698 0.929874 -0.367350 0.048102 0.504115 1 207 1.000000
  207 -0.249896 3.235492 50.850056 -0.051950 0.997392 0.050096 0.047881 0.538990 1 207 1.000000
  207 0.000002 3.162585 49.770332 -0.001183 0.929959 -0.367660 0.056720 0.504435 1 207 1.000000
UV2
  207 0.000002 2.589872 49.414967 0.000076 0.044468 -0.999011 0.056720 0.485993 1 207 1.000000
  207 -0.233755 2.944381 49.498131 0.064523 0.551089 -0.831948 0.048452 0.494910 1 207 1.000000
  207 0.000002 2.942794 49.512321 -0.001345 0.542732 -0.839905 0.056720 0.495291 1 207 1.000000
UV2
  207 -0.233755 2.944381 49.498131 0.064523 0.551089 -0.831948 0.048452 0.494910 1 207 1.000000
  207 -0.243647 3.163916 49.758442 -0.019698 0.929874 -0.367350 0.048102 0.504115 1 207 1.000000
  207 0.000002 2.942794 49.512321 -0.001345 0.542732 -0.839905 0.056720 0.495291 1 207 1.000000
UV2
  207 -0.228434 2.591524 49.400112 0.089003 0.045569 -0.994988 0.048640 0.485594 1 207 1.000000
  207 -0.233755 2.944381 49.498131 0.064523 0.551089 -0.831948 0.048452 0.494910 1 207 1.000000
  207 0.000002 2.589872 49.414967 0.000076 0.044468 -0.999011 0.056720 0.485993 1 207 1.000000
UV2
  207 0.000002 2.310087 49.465549 0.001158 -0.571810 -0.820385 0.056720 0.495291 1 207 1.000000
  207 -0.228434 2.591524 49.400112 0.089003 0.045569 -0.994988 0.048640 0.485594 1 207 1.000000
  207 0.000002 2.589872 49.414967 0.000076 0.044468 -0.999011 0.056720 0.485993 1 207 1.000000
UV2
  207 -0.233755 2.944381 49.498131 0.064523 0.551089 -0.831948 0.048452 0.494910 1 207 1.000000
  207 -0.487296 3.139338 49.737370 -0.106097 0.918961 -0.379808 0.039484 0.503548 1 207 1.000000
  207 -0.243647 3.163916 49.758442 -0.019698 0.929874 -0.367350 0.048102 0.504115 1 207 1.000000
UV2
  207 -0.233755 2.311673 49.451366 0.063930 -0.568671 -0.820077 0.048452 0.494910 1 207 1.000000
  207 -0.228434 2.591524 49.400112 0.089003 0.045569 -0.994988 0.048640 0.485594 1 207 1.000000
  207 0.000002 2.310087 49.465549 0.001158 -0.571810 -0.820385 0.056720 0.495291 1 207 1.000000
UV2
  207 0.000002 2.162798 49.702938 -0.006934 -0.924944 -0.380039 0.056720 0.504435 1 207 1.000000
  207 -0.233755 2.311673 49.451366 0.063930 -0.568671 -0.820077 0.048452 0.494910 1 207 1.000000
  207 0.000002 2.310087 49.465549 0.001158 -0.571810 -0.820385 0.056720 0.495291 1 207 1.000000
UV2
  207 -0.228434 2.591524 49.400112 0.089003 0.045569 -0.994988 0.048640 0.485594 1 207 1.000000
  207 -0.467511 2.947178 49.473015 -0.124502 0.542176 -0.830990 0.040184 0.494234 1 207 1.000000
  207 -0.233755 2.944381 49.498131 0.064523 0.551089 -0.831948 0.048452 0.494910 1 207 1.000000
UV2
  207 -0.467511 2.947178 49.473015 -0.124502 0.542176 -0.830990 0.040184 0.494234 1 207 1.000000
  207 -0.487296 3.139338 49.737370 -0.106097 0.918961 -0.379808 0.039484 0.503548 1 207 1.000000
  207 -0.233755 2.944381 49.498131 0.064523 0.551089 -0.831948 0.048452 0.494910 1 207 1.000000
UV2
  207 -0.233755 2.311673 49.451366 0.063930 -0.568671 -0.820077 0.048452 0.494910 1 207 1.000000
  207 -0.456869 2.594471 49.373753 -0.143190 0.046017 -0.988625 0.040561 0.484885 1 207 1.000000
  207 -0.228434 2.591524 49.400112 0.089003 0.045569 -0.994988 0.048640 0.485594 1 207 1.000000
UV2
  207 -0.456869 2.594471 49.373753 -0.143190 0.046017 -0.988625 0.040561 0.484885 1 207 1.000000
  207 -0.467511 2.947178 49.473015 -0.124502 0.542176 -0.830990 0.040184 0.494234 1 207 1.000000
  207 -0.228434 2.591524 49.400112 0.089003 0.045569 -0.994988 0.048640 0.485594 1 207 1.000000
UV2
  207 -0.243647 2.164129 49.691048 0.026908 -0.923275 -0.383197 0.048102 0.504115 1 207 1.000000
  207 -0.233755 2.311673 49.451366 0.063930 -0.568671 -0.820077 0.048452 0.494910 1 207 1.000000
  207 0.000002 2.162798 49.702938 -0.006934 -0.924944 -0.380039 0.056720 0.504435 1 207 1.000000
UV2
  207 -0.000002 1.918764 50.814327 0.000292 -0.999716 0.023819 0.056720 0.538990 1 207 1.000000
  207 -0.243647 2.164129 49.691048 0.026908 -0.923275 -0.383197 0.048102 0.504115 1 207 1.000000
  207 0.000002 2.162798 49.702938 -0.006934 -0.924944 -0.380039 0.056720 0.504435 1 207 1.000000
UV2
  207 -0.467511 2.314477 49.426235 -0.119904 -0.527130 -0.841283 0.040184 0.494234 1 207 1.000000
  207 -0.456869 2.594471 49.373753 -0.143190 0.046017 -0.988625 0.040561 0.484885 1 207 1.000000
  207 -0.233755 2.311673 49.451366 0.063930 -0.568671 -0.820077 0.048452 0.494910 1 207 1.000000
UV2
  207 -0.243647 2.164129 49.691048 0.026908 -0.923275 -0.383197 0.048102 0.504115 1 207 1.000000
  207 -0.467511 2.314477 49.426235 -0.119904 -0.527130 -0.841283 0.040184 0.494234 1 207 1.000000
  207 -0.233755 2.311673 49.451366 0.063930 -0.568671 -0.820077 0.048452 0.494910 1 207 1.000000
UV2
  207 -0.456869 2.594471 49.373753 -0.143190 0.046017 -0.988625 0.040561 0.484885 1 207 1.000000
  207 -0.585981 2.941619 49.522881 -0.347216 0.554116 -0.756569 0.035994 0.495575 1 207 1.000000
  207 -0.467511 2.947178 49.473015 -0.124502 0.542176 -0.830990 0.040184 0.494234 1 207 1.000000
UV2
  207 -0.572643 2.588634 49.426025 -0.409624 0.034578 -0.911599 0.036466 0.486291 1 207 1.000000
  207 -0.585981 2.941619 49.522881 -0.347216 0.554116 -0.756569 0.035994 0.495575 1 207 1.000000
  207 -0.456869 2.594471 49.373753 -0.143190 0.046017 -0.988625 0.040561 0.484885 1 207 1.000000
UV2
  207 -0.467511 2.314477 49.426235 -0.119904 -0.527130 -0.841283 0.040184 0.494234 1 207 1.000000
  207 -0.572643 2.588634 49.426025 -0.409624 0.034578 -0.911599 0.036466 0.486291 1 207 1.000000
  207 -0.456869 2.594471 49.373753 -0.143190 0.046017 -0.988625 0.040561 0.484885 1 207 1.000000
UV2
  207 -0.585981 2.941619 49.522881 -0.347216 0.554116 -0.756569 0.035994 0.495575 1 207 1.000000
  207 -0.610779 3.134667 49.779175 -0.132640 0.954261 -0.267939 0.035117 0.504673 1 207 1.000000
  207 -0.467511 2.947178 49.473015 -0.124502 0.542176 -0.830990 0.040184 0.494234 1 207 1.000000
UV2
  207 -0.467511 2.947178 49.473015 -0.124502 0.542176 -0.830990 0.040184 0.494234 1 207 1.000000
  207 -0.610779 3.134667 49.779175 -0.132640 0.954261 -0.267939 0.035117 0.504673 1 207 1.000000
  207 -0.487296 3.139338 49.737370 -0.106097 0.918961 -0.379808 0.039484 0.503548 1 207 1.000000
UV2
  207 -0.585981 2.308912 49.476101 -0.281199 -0.600640 -0.748438 0.035994 0.495575 1 207 1.000000
  207 -0.572643 2.588634 49.426025 -0.409624 0.034578 -0.911599 0.036466 0.486291 1 207 1.000000
  207 -0.467511 2.314477 49.426235 -0.119904 -0.527130 -0.841283 0.040184 0.494234 1 207 1.000000
UV2
  207 -0.610779 3.134667 49.779175 -0.132640 0.954261 -0.267939 0.035117 0.504673 1 207 1.000000
  207 -0.626446 3.173226 50.850056 -0.260880 0.963512 0.059877 0.034563 0.538990 1 207 1.000000
  207 -0.487296 3.139338 49.737370 -0.106097 0.918961 -0.379808 0.039484 0.503548 1 207 1.000000
UV2
  207 -0.487295 2.166477 49.669975 -0.053124 -0.915018 -0.399900 0.039484 0.503548 1 207 1.000000
  207 -0.585981 2.308912 49.476101 -0.281199 -0.600640 -0.748438 0.035994 0.495575 1 207 1.000000
  207 -0.467511 2.314477 49.426235 -0.119904 -0.527130 -0.841283 0.040184 0.494234 1 207 1.000000
UV2
  207 -0.487295 2.166477 49.669975 -0.053124 -0.915018 -0.399900 0.039484 0.503548 1 207 1.000000
  207 -0.467511 2.314477 49.426235 -0.119904 -0.527130 -0.841283 0.040184 0.494234 1 207 1.000000
  207 -0.243647 2.164129 49.691048 0.026908 -0.923275 -0.383197 0.048102 0.504115 1 207 1.000000
UV2
  207 -0.610779 2.161808 49.711784 -0.098762 -0.939500 -0.328002 0.035117 0.504673 1 207 1.000000
  207 -0.585981 2.308912 49.476101 -0.281199 -0.600640 -0.748438 0.035994 0.495575 1 207 1.000000
  207 -0.487295 2.166477 49.669975 -0.053124 -0.915018 -0.399900 0.039484 0.503548 1 207 1.000000
UV2
  207 -0.487296 3.139338 49.737370 -0.106097 0.918961 -0.379808 0.039484 0.503548 1 207 1.000000
  207 -0.626446 3.173226 50.850056 -0.260880 0.963512 0.059877 0.034563 0.538990 1 207 1.000000
  207 -0.499795 3.208566 50.850056 -0.190408 0.980313 0.052253 0.039042 0.538990 1 207 1.000000
UV2
  207 -0.487296 3.139338 49.737370 -0.106097 0.918961 -0.379808 0.039484 0.503548 1 207 1.000000
  207 -0.499795 3.208566 50.850056 -0.190408 0.980313 0.052253 0.039042 0.538990 1 207 1.000000
  207 -0.243647 3.163916 49.758442 -0.019698 0.929874 -0.367350 0.048102 0.504115 1 207 1.000000
UV2
  207 -0.626446 3.173226 50.850056 -0.260880 0.963512 0.059877 0.034563 0.538990 1 207 1.000000
  207 -0.610777 3.013083 51.729561 -0.411678 0.859832 0.302011 0.035117 0.573308 1 207 1.000000
  207 -0.499795 3.208566 50.850056 -0.190408 0.980313 0.052253 0.039042 0.538990 1 207 1.000000
UV2
  207 -0.243647 3.163916 49.758442 -0.019698 0.929874 -0.367350 0.048102 0.504115 1 207 1.000000
  207 -0.499795 3.208566 50.850056 -0.190408 0.980313 0.052253 0.039042 0.538990 1 207 1.000000
  207 -0.249896 3.235492 50.850056 -0.051950 0.997392 0.050096 0.047881 0.538990 1 207 1.000000
UV2
  207 -0.499795 3.208566 50.850056 -0.190408 0.980313 0.052253 0.039042 0.538990 1 207 1.000000
  207 -0.610777 3.013083 51.729561 -0.411678 0.859832 0.302011 0.035117 0.573308 1 207 1.000000
  207 -0.487294 3.058779 51.770500 -0.246759 0.905022 0.346475 0.039484 0.574432 1 207 1.000000
UV2
  207 -0.499795 3.208566 50.850056 -0.190408 0.980313 0.052253 0.039042 0.538990 1 207 1.000000
  207 -0.487294 3.058779 51.770500 -0.246759 0.905022 0.346475 0.039484 0.574432 1 207 1.000000
  207 -0.249896 3.235492 50.850056 -0.051950 0.997392 0.050096 0.047881 0.538990 1 207 1.000000
UV2
  207 -0.610777 3.013083 51.729561 -0.411678 0.859832 0.302011 0.035117 0.573308 1 207 1.000000
  207 -0.585979 2.859758 51.994282 -0.492786 0.614857 0.615721 0.035994 0.582406 1 207 1.000000
  207 -0.487294 3.058779 51.770500 -0.246759 0.905022 0.346475 0.039484 0.574432 1 207 1.000000
UV2
  207 -0.249896 3.235492 50.850056 -0.051950 0.997392 0.050096 0.047881 0.538990 1 207 1.000000
  207 -0.487294 3.058779 51.770500 -0.246759 0.905022 0.346475 0.039484 0.574432 1 207 1.000000
  207 -0.243645 3.080488 51.749866 -0.012331 0.941129 0.337824 0.048102 0.573866 1 207 1.000000
UV2
  207 -0.249896 3.235492 50.850056 -0.051950 0.997392 0.050096 0.047881 0.538990 1 207 1.000000
  207 -0.243645 3.080488 51.749866 -0.012331 0.941129 0.337824 0.048102 0.573866 1 207 1.000000
  207 0.000003 3.235492 50.850056 0.000540 0.998565 0.053553 0.056720 0.538990 1 207 1.000000
UV2
  207 0.000003 3.235492 50.850056 0.000540 0.998565 0.053553 0.056720 0.538990 1 207 1.000000
  207 -0.243645 3.080488 51.749866 -0.012331 0.941129 0.337824 0.048102 0.573866 1 207 1.000000
  207 0.000004 3.077541 51.738224 0.001764 0.939693 0.342015 0.056720 0.573546 1 207 1.000000
UV2
  207 -0.487294 3.058779 51.770500 -0.246759 0.905022 0.346475 0.039484 0.574432 1 207 1.000000
  207 -0.585979 2.859758 51.994282 -0.492786 0.614857 0.615721 0.035994 0.582406 1 207 1.000000
  207 -0.467509 2.907455 52.043102 -0.227833 0.670557 0.706007 0.040184 0.583747 1 207 1.000000
UV2
  207 -0.487294 3.058779 51.770500 -0.246759 0.905022 0.346475 0.039484 0.574432 1 207 1.000000
  207 -0.467509 2.907455 52.043102 -0.227833 0.670557 0.706007 0.040184 0.583747 1 207 1.000000
  207 -0.243645 3.080488 51.749866 -0.012331 0.941129 0.337824 0.048102 0.573866 1 207 1.000000
UV2
  207 -0.585979 2.859758 51.994282 -0.492786 0.614857 0.615721 0.035994 0.582406 1 207 1.000000
  207 -0.572641 2.655883 52.120392 -0.427498 0.198602 0.881931 0.036466 0.590863 1 207 1.000000
  207 -0.467509 2.907455 52.043102 -0.227833 0.670557 0.706007 0.040184 0.583747 1 207 1.000000
UV2
  207 -0.243645 3.080488 51.749866 -0.012331 0.941129 0.337824 0.048102 0.573866 1 207 1.000000
  207 -0.233753 2.922971 52.018486 0.045569 0.689137 0.723197 0.048452 0.583071 1 207 1.000000
  207 0.000004 3.077541 51.738224 0.001764 0.939693 0.342015 0.056720 0.573546 1 207 1.000000
UV2
  207 -0.243645 3.080488 51.749866 -0.012331 0.941129 0.337824 0.048102 0.573866 1 207 1.000000
  207 -0.467509 2.907455 52.043102 -0.227833 0.670557 0.706007 0.040184 0.583747 1 207 1.000000
  207 -0.233753 2.922971 52.018486 0.045569 0.689137 0.723197 0.048452 0.583071 1 207 1.000000
UV2
  207 0.000004 3.077541 51.738224 0.001764 0.939693 0.342015 0.056720 0.573546 1 207 1.000000
  207 -0.233753 2.922971 52.018486 0.045569 0.689137 0.723197 0.048452 0.583071 1 207 1.000000
  207 0.000004 2.919455 52.004608 0.001458 0.681950 0.731397 0.056720 0.582690 1 207 1.000000
UV2
  207 -0.467509 2.907455 52.043102 -0.227833 0.670557 0.706007 0.040184 0.583747 1 207 1.000000
  207 -0.572641 2.655883 52.120392 -0.427498 0.198602 0.881931 0.036466 0.590863 1 207 1.000000
  207 -0.456867 2.668837 52.171566 -0.146295 0.203615 0.968059 0.040561 0.592268 1 207 1.000000
UV2
  207 -0.467509 2.907455 52.043102 -0.227833 0.670557 0.706007 0.040184 0.583747 1 207 1.000000
  207 -0.456867 2.668837 52.171566 -0.146295 0.203615 0.968059 0.040561 0.592268 1 207 1.000000
  207 -0.233753 2.922971 52.018486 0.045569 0.689137 0.723197 0.048452 0.583071 1 207 1.000000
UV2
  207 -0.572641 2.655883 52.120392 -0.427498 0.198602 0.881931 0.036466 0.590863 1 207 1.000000
  207 -0.585979 2.380261 52.102680 -0.285787 -0.506400 0.813563 0.035994 0.582406 1 207 1.000000
  207 -0.456867 2.668837 52.171566 -0.146295 0.203615 0.968059 0.040561 0.592268 1 207 1.000000
UV2
  207 -0.233753 2.922971 52.018486 0.045569 0.689137 0.723197 0.048452 0.583071 1 207 1.000000
  207 -0.228432 2.662303 52.145767 0.089236 0.189376 0.977841 0.048640 0.591560 1 207 1.000000
  207 0.000004 2.919455 52.004608 0.001458 0.681950 0.731397 0.056720 0.582690 1 207 1.000000
UV2
  207 -0.233753 2.922971 52.018486 0.045569 0.689137 0.723197 0.048452 0.583071 1 207 1.000000
  207 -0.456867 2.668837 52.171566 -0.146295 0.203615 0.968059 0.040561 0.592268 1 207 1.000000
  207 -0.228432 2.662303 52.145767 0.089236 0.189376 0.977841 0.048640 0.591560 1 207 1.000000
UV2
  207 0.000004 2.919455 52.004608 0.001458 0.681950 0.731397 0.056720 0.582690 1 207 1.000000
  207 -0.228432 2.662303 52.145767 0.089236 0.189376 0.977841 0.048640 0.591560 1 207 1.000000
  207 0.000004 2.658623 52.131218 -0.000019 0.191219 0.981547 0.056720 0.591160 1 207 1.000000
UV2
  207 -0.456867 2.668837 52.171566 -0.146295 0.203615 0.968059 0.040561 0.592268 1 207 1.000000
  207 -0.585979 2.380261 52.102680 -0.285787 -0.506400 0.813563 0.035994 0.582406 1 207 1.000000
  207 -0.467509 2.392617 52.151493 -0.113358 -0.426206 0.897496 0.040184 0.583747 1 207 1.000000
UV2
  207 -0.456867 2.668837 52.171566 -0.146295 0.203615 0.968059 0.040561 0.592268 1 207 1.000000
  207 -0.467509 2.392617 52.151493 -0.113358 -0.426206 0.897496 0.040184 0.583747 1 207 1.000000
  207 -0.228432 2.662303 52.145767 0.089236 0.189376 0.977841 0.048640 0.591560 1 207 1.000000
UV2
  207 -0.585979 2.380261 52.102680 -0.285787 -0.506400 0.813563 0.035994 0.582406 1 207 1.000000
  207 -0.610777 2.205868 51.885735 -0.042949 -0.934228 0.354080 0.035117 0.573308 1 207 1.000000
  207 -0.467509 2.392617 52.151493 -0.113358 -0.426206 0.897496 0.040184 0.583747 1 207 1.000000
UV2
  207 -0.228432 2.662303 52.145767 0.089236 0.189376 0.977841 0.048640 0.591560 1 207 1.000000
  207 -0.233753 2.386389 52.126892 0.062096 -0.470217 0.880364 0.048452 0.583071 1 207 1.000000
  207 0.000004 2.658623 52.131218 -0.000019 0.191219 0.981547 0.056720 0.591160 1 207 1.000000
UV2
  207 -0.228432 2.662303 52.145767 0.089236 0.189376 0.977841 0.048640 0.591560 1 207 1.000000
  207 -0.467509 2.392617 52.151493 -0.113358 -0.426206 0.897496 0.040184 0.583747 1 207 1.000000
  207 -0.233753 2.386389 52.126892 0.062096 -0.470217 0.880364 0.048452 0.583071 1 207 1.000000
UV2
  207 0.000004 2.658623 52.131218 -0.000019 0.191219 0.981547 0.056720 0.591160 1 207 1.000000
  207 -0.233753 2.386389 52.126892 0.062096 -0.470217 0.880364 0.048452 0.583071 1 207 1.000000
  207 0.000004 2.382873 52.113018 -0.001150 -0.473111 0.881002 0.056720 0.582690 1 207 1.000000
UV2
  207 -0.467509 2.392617 52.151493 -0.113358 -0.426206 0.897496 0.040184 0.583747 1 207 1.000000
  207 -0.610777 2.205868 51.885735 -0.042949 -0.934228 0.354080 0.035117 0.573308 1 207 1.000000
  207 -0.487293 2.216224 51.926670 -0.041295 -0.890193 0.453707 0.039484 0.574433 1 207 1.000000
UV2
  207 -0.467509 2.392617 52.151493 -0.113358 -0.426206 0.897496 0.040184 0.583747 1 207 1.000000
  207 -0.487293 2.216224 51.926670 -0.041295 -0.890193 0.453707 0.039484 0.574433 1 207 1.000000
  207 -0.233753 2.386389 52.126892 0.062096 -0.470217 0.880364 0.048452 0.583071 1 207 1.000000
UV2
  207 -0.610777 2.205868 51.885735 -0.042949 -0.934228 0.354080 0.035117 0.573308 1 207 1.000000
  207 -0.626450 2.021730 50.814327 -0.524812 -0.849766 0.049697 0.034563 0.538990 1 207 1.000000
  207 -0.487293 2.216224 51.926670 -0.041295 -0.890193 0.453707 0.039484 0.574433 1 207 1.000000
UV2
  207 -0.233753 2.386389 52.126892 0.062096 -0.470217 0.880364 0.048452 0.583071 1 207 1.000000
  207 -0.243644 2.211000 51.906040 0.005144 -0.890480 0.454993 0.048102 0.573866 1 207 1.000000
  207 0.000004 2.382873 52.113018 -0.001150 -0.473111 0.881002 0.056720 0.582690 1 207 1.000000
UV2
  207 -0.233753 2.386389 52.126892 0.062096 -0.470217 0.880364 0.048452 0.583071 1 207 1.000000
  207 -0.487293 2.216224 51.926670 -0.041295 -0.890193 0.453707 0.039484 0.574433 1 207 1.000000
  207 -0.243644 2.211000 51.906040 0.005144 -0.890480 0.454993 0.048102 0.573866 1 207 1.000000
UV2
  207 0.000004 2.382873 52.113018 -0.001150 -0.473111 0.881002 0.056720 0.582690 1 207 1.000000
  207 -0.243644 2.211000 51.906040 0.005144 -0.890480 0.454993 0.048102 0.573866 1 207 1.000000
  207 0.000004 2.208060 51.894405 0.007202 -0.890956 0.454033 0.056720 0.573546 1 207 1.000000
UV2
  207 -0.487293 2.216224 51.926670 -0.041295 -0.890193 0.453707 0.039484 0.574433 1 207 1.000000
  207 -0.626450 2.021730 50.814327 -0.524812 -0.849766 0.049697 0.034563 0.538990 1 207 1.000000
  207 -0.499799 1.940217 50.814327 -0.394331 -0.917712 0.048033 0.039042 0.538990 1 207 1.000000
UV2
  207 -0.487293 2.216224 51.926670 -0.041295 -0.890193 0.453707 0.039484 0.574433 1 207 1.000000
  207 -0.499799 1.940217 50.814327 -0.394331 -0.917712 0.048033 0.039042 0.538990 1 207 1.000000
  207 -0.243644 2.211000 51.906040 0.005144 -0.890480 0.454993 0.048102 0.573866 1 207 1.000000
UV2
  207 -0.626450 2.021730 50.814327 -0.524812 -0.849766 0.049697 0.034563 0.538990 1 207 1.000000
  207 -0.610779 2.161808 49.711784 -0.098762 -0.939500 -0.328002 0.035117 0.504673 1 207 1.000000
  207 -0.499799 1.940217 50.814327 -0.394331 -0.917712 0.048033 0.039042 0.538990 1 207 1.000000
UV2
  207 -0.499799 1.940217 50.814327 -0.394331 -0.917712 0.048033 0.039042 0.538990 1 207 1.000000
  207 -0.610779 2.161808 49.711784 -0.098762 -0.939500 -0.328002 0.035117 0.504673 1 207 1.000000
  207 -0.487295 2.166477 49.669975 -0.053124 -0.915018 -0.399900 0.039484 0.503548 1 207 1.000000
UV2
  207 -0.243644 2.211000 51.906040 0.005144 -0.890480 0.454993 0.048102 0.573866 1 207 1.000000
  207 -0.249901 1.865566 50.814327 -0.036515 -0.998991 0.026160 0.047881 0.538990 1 207 1.000000
  207 0.000004 2.208060 51.894405 0.007202 -0.890956 0.454033 0.056720 0.573546 1 207 1.000000
UV2
  207 -0.243644 2.211000 51.906040 0.005144 -0.890480 0.454993 0.048102 0.573866 1 207 1.000000
  207 -0.499799 1.940217 50.814327 -0.394331 -0.917712 0.048033 0.039042 0.538990 1 207 1.000000
  207 -0.249901 1.865566 50.814327 -0.036515 -0.998991 0.026160 0.047881 0.538990 1 207 1.000000
UV2
  207 -0.499799 1.940217 50.814327 -0.394331 -0.917712 0.048033 0.039042 0.538990 1 207 1.000000
  207 -0.487295 2.166477 49.669975 -0.053124 -0.915018 -0.399900 0.039484 0.503548 1 207 1.000000
  207 -0.249901 1.865566 50.814327 -0.036515 -0.998991 0.026160 0.047881 0.538990 1 207 1.000000
UV2
  207 0.000004 2.208060 51.894405 0.007202 -0.890956 0.454033 0.056720 0.573546 1 207 1.000000
  207 -0.249901 1.865566 50.814327 -0.036515 -0.998991 0.026160 0.047881 0.538990 1 207 1.000000
  207 -0.000002 1.918764 50.814327 0.000292 -0.999716 0.023819 0.056720 0.538990 1 207 1.000000
UV2
  207 -0.249901 1.865566 50.814327 -0.036515 -0.998991 0.026160 0.047881 0.538990 1 207 1.000000
  207 -0.487295 2.166477 49.669975 -0.053124 -0.915018 -0.399900 0.039484 0.503548 1 207 1.000000
  207 -0.243647 2.164129 49.691048 0.026908 -0.923275 -0.383197 0.048102 0.504115 1 207 1.000000
UV2
  207 -0.249901 1.865566 50.814327 -0.036515 -0.998991 0.026160 0.047881 0.538990 1 207 1.000000
  207 -0.243647 2.164129 49.691048 0.026908 -0.923275 -0.383197 0.048102 0.504115 1 207 1.000000
  207 -0.000002 1.918764 50.814327 0.000292 -0.999716 0.023819 0.056720 0.538990 1 207 1.000000
UV2
  207 -0.585979 2.859758 51.994282 -0.988542 -0.140401 -0.055423 0.035994 0.582406 1 207 1.000000
  207 -0.464390 2.473255 50.804665 -0.997740 0.066781 -0.007449 0.027229 0.538990 1 207 1.000000
  207 -0.572641 2.655883 52.120392 -0.996660 -0.019576 -0.079283 0.036466 0.590863 1 207 1.000000
UV2
  207 -0.610777 3.013083 51.729561 -0.976210 -0.214864 -0.029101 0.035117 0.573308 1 207 1.000000
  207 -0.464390 2.473255 50.804665 -0.997740 0.066781 -0.007449 0.027229 0.538990 1 207 1.000000
  207 -0.585979 2.859758 51.994282 -0.988542 -0.140401 -0.055423 0.035994 0.582406 1 207 1.000000
UV2
  207 -0.572641 2.655883 52.120392 -0.996660 -0.019576 -0.079283 0.036466 0.590863 1 207 1.000000
  207 -0.464390 2.473255 50.804665 -0.997740 0.066781 -0.007449 0.027229 0.538990 1 207 1.000000
  207 -0.585979 2.380261 52.102680 -0.990023 0.112630 -0.084669 0.035994 0.582406 1 207 1.000000
UV2
  207 -0.626446 3.173226 50.850056 -0.974335 -0.224620 -0.014749 0.034563 0.538990 1 207 1.000000
  207 -0.464390 2.473255 50.804665 -0.997740 0.066781 -0.007449 0.027229 0.538990 1 207 1.000000
  207 -0.610777 3.013083 51.729561 -0.976210 -0.214864 -0.029101 0.035117 0.573308 1 207 1.000000
UV2
  207 -0.585979 2.380261 52.102680 -0.990023 0.112630 -0.084669 0.035994 0.582406 1 207 1.000000
  207 -0.464390 2.473255 50.804665 -0.997740 0.066781 -0.007449 0.027229 0.538990 1 207 1.000000
  207 -0.610777 2.205868 51.885735 -0.966195 0.248291 -0.069420 0.035117 0.573308 1 207 1.000000
UV2
  207 -0.610779 3.134667 49.779175 -0.982913 -0.182693 0.022479 0.035117 0.504673 1 207 1.000000
  207 -0.464390 2.473255 50.804665 -0.997740 0.066781 -0.007449 0.027229 0.538990 1 207 1.000000
  207 -0.626446 3.173226 50.850056 -0.974335 -0.224620 -0.014749 0.034563 0.538990 1 207 1.000000
UV2
  207 -0.610777 2.205868 51.885735 -0.966195 0.248291 -0.069420 0.035117 0.573308 1 207 1.000000
  207 -0.464390 2.473255 50.804665 -0.997740 0.066781 -0.007449 0.027229 0.538990 1 207 1.000000
  207 -0.626450 2.021730 50.814327 -0.941236 0.337673 -0.007239 0.034563 0.538990 1 207 1.000000
UV2
  207 -0.585981 2.941619 49.522881 -0.993087 -0.102809 0.056639 0.035994 0.495575 1 207 1.000000
  207 -0.464390 2.473255 50.804665 -0.997740 0.066781 -0.007449 0.027229 0.538990 1 207 1.000000
  207 -0.610779 3.134667 49.779175 -0.982913 -0.182693 0.022479 0.035117 0.504673 1 207 1.000000
UV2
  207 -0.626450 2.021730 50.814327 -0.941236 0.337673 -0.007239 0.034563 0.538990 1 207 1.000000
  207 -0.464390 2.473255 50.804665 -0.997740 0.066781 -0.007449 0.027229 0.538990 1 207 1.000000
  207 -0.610779 2.161808 49.711784 -0.962134 0.267441 0.052660 0.035117 0.504673 1 207 1.000000
UV2
  207 -0.572643 2.588634 49.426025 -0.996927 0.000631 0.078334 0.036466 0.486291 1 207 1.000000
  207 -0.464390 2.473255 50.804665 -0.997740 0.066781 -0.007449 0.027229 0.538990 1 207 1.000000
  207 -0.585981 2.941619 49.522881 -0.993087 -0.102809 0.056639 0.035994 0.495575 1 207 1.000000
UV2
  207 -0.610779 2.161808 49.711784 -0.962134 0.267441 0.052660 0.035117 0.504673 1 207 1.000000
  207 -0.464390 2.473255 50.804665 -0.997740 0.066781 -0.007449 0.027229 0.538990 1 207 1.000000
  207 -0.585981 2.308912 49.476101 -0.989785 0.120850 0.075637 0.035994 0.495575 1 207 1.000000
UV2
  207 -0.585981 2.308912 49.476101 -0.989785 0.120850 0.075637 0.035994 0.495575 1 207 1.000000
  207 -0.464390 2.473255 50.804665 -0.997740 0.066781 -0.007449 0.027229 0.538990 1 207 1.000000
  207 -0.572643 2.588634 49.426025 -0.996927 0.000631 0.078334 0.036466 0.486291 1 207 1.000000
UV2
  207 -0.454861 2.270562 50.038967 0.062015 -0.084221 -0.994515 0.034971 0.244420 1 207 1.000000
  207 -0.472235 2.172770 50.002289 0.588494 0.161980 -0.792109 0.035509 0.242653 1 207 1.000000
  207 -0.691166 2.162092 49.699070 0.548027 0.281069 -0.787824 0.053846 0.242344 1 207 1.000000
UV2
  207 -0.454861 2.270562 50.038967 0.062015 -0.084221 -0.994515 0.034971 0.244420 1 207 1.000000
  207 -0.368251 2.266526 49.993965 -0.462511 -0.078346 -0.883145 0.032287 0.242653 1 207 1.000000
  207 -0.472235 2.172770 50.002289 0.588494 0.161980 -0.792109 0.035509 0.242653 1 207 1.000000
UV2
  207 -0.472235 2.172770 50.002289 0.588494 0.161980 -0.792109 0.035509 0.242653 1 207 1.000000
  207 -0.696257 2.117293 49.730476 0.601090 -0.506661 -0.618049 0.053793 0.243291 1 207 1.000000
  207 -0.691166 2.162092 49.699070 0.548027 0.281069 -0.787824 0.053846 0.242344 1 207 1.000000
UV2
  207 -0.472235 2.360281 49.985645 0.591745 -0.301800 -0.747499 0.035509 0.242653 1 207 1.000000
  207 -0.368251 2.266526 49.993965 -0.462511 -0.078346 -0.883145 0.032287 0.242653 1 207 1.000000
  207 -0.454861 2.270562 50.038967 0.062015 -0.084221 -0.994515 0.034971 0.244420 1 207 1.000000
UV2
  207 -0.691166 2.162092 49.699070 0.548027 0.281069 -0.787824 0.053846 0.242344 1 207 1.000000
  207 -0.696257 2.117293 49.730476 0.601090 -0.506661 -0.618049 0.053793 0.243291 1 207 1.000000
  207 -1.459619 2.105455 49.306374 0.419695 0.226753 -0.878885 0.081178 0.241700 2 207 0.672791 208 0.327209
UV2
  207 -0.696257 2.117293 49.730476 0.601090 -0.506661 -0.618049 0.053793 0.243291 1 207 1.000000
  207 -1.468080 2.055283 49.356102 0.362175 -0.686521 -0.630490 0.081158 0.243110 2 207 0.675706 208 0.324294
  207 -1.459619 2.105455 49.306374 0.419695 0.226753 -0.878885 0.081178 0.241700 2 207 0.672791 208 0.327209
UV2
  207 -0.689229 2.347368 49.682571 0.543399 -0.396943 -0.739698 0.053839 0.242387 1 207 1.000000
  207 -0.472235 2.360281 49.985645 0.591745 -0.301800 -0.747499 0.035509 0.242653 1 207 1.000000
  207 -0.454861 2.270562 50.038967 0.062015 -0.084221 -0.994515 0.034971 0.244420 1 207 1.000000
UV2
  207 -0.689229 2.347368 49.682571 0.543399 -0.396943 -0.739698 0.053839 0.242387 1 207 1.000000
  207 -0.693323 2.389991 49.704330 0.617793 0.406671 -0.673016 0.053793 0.243291 1 207 1.000000
  207 -0.472235 2.360281 49.985645 0.591745 -0.301800 -0.747499 0.035509 0.242653 1 207 1.000000
UV2
  207 -0.691166 2.162092 49.699070 0.548027 0.281069 -0.787824 0.053846 0.242344 1 207 1.000000
  207 -0.766826 2.277686 50.002396 0.220900 -0.077357 -0.972224 0.053946 0.253474 1 207 1.000000
  207 -0.454861 2.270562 50.038967 0.062015 -0.084221 -0.994515 0.034971 0.244420 1 207 1.000000
UV2
  207 -0.454861 2.270562 50.038967 0.062015 -0.084221 -0.994515 0.034971 0.244420 1 207 1.000000
  207 -0.766826 2.277686 50.002396 0.220900 -0.077357 -0.972224 0.053946 0.253474 1 207 1.000000
  207 -0.689229 2.347368 49.682571 0.543399 -0.396943 -0.739698 0.053839 0.242387 1 207 1.000000
UV2
  207 -1.545116 2.269599 49.736656 0.319930 -0.074147 -0.944535 0.081227 0.255889 2 207 0.690052 208 0.309948
  207 -0.766826 2.277686 50.002396 0.220900 -0.077357 -0.972224 0.053946 0.253474 1 207 1.000000
  207 -0.691166 2.162092 49.699070 0.548027 0.281069 -0.787824 0.053846 0.242344 1 207 1.000000
UV2
  207 -0.689229 2.347368 49.682571 0.543399 -0.396943 -0.739698 0.053839 0.242387 1 207 1.000000
  207 -0.766826 2.277686 50.002396 0.220900 -0.077357 -0.972224 0.053946 0.253474 1 207 1.000000
  207 -1.545116 2.269599 49.736656 0.319930 -0.074147 -0.944535 0.081227 0.255889 2 207 0.690052 208 0.309948
UV2
  207 -1.459619 2.105455 49.306374 0.419695 0.226753 -0.878885 0.081178 0.241700 2 207 0.672791 208 0.327209
  207 -1.545116 2.269599 49.736656 0.319930 -0.074147 -0.944535 0.081227 0.255889 2 207 0.690052 208 0.309948
  207 -0.691166 2.162092 49.699070 0.548027 0.281069 -0.787824 0.053846 0.242344 1 207 1.000000
UV2
  207 -1.456654 2.367149 49.279877 0.413792 -0.371755 -0.831008 0.081177 0.241715 2 207 0.670016 208 0.329984
  207 -0.693323 2.389991 49.704330 0.617793 0.406671 -0.673016 0.053793 0.243291 1 207 1.000000
  207 -0.689229 2.347368 49.682571 0.543399 -0.396943 -0.739698 0.053839 0.242387 1 207 1.000000
UV2
  207 -0.689229 2.347368 49.682571 0.543399 -0.396943 -0.739698 0.053839 0.242387 1 207 1.000000
  207 -1.545116 2.269599 49.736656 0.319930 -0.074147 -0.944535 0.081227 0.255889 2 207 0.690052 208 0.309948
  207 -1.456654 2.367149 49.279877 0.413792 -0.371755 -0.831008 0.081177 0.241715 2 207 0.670016 208 0.329984
UV2
  207 -1.456654 2.367149 49.279877 0.413792 -0.371755 -0.831008 0.081177 0.241715 2 207 0.670016 208 0.329984
  207 -1.463849 2.421564 49.318367 0.388382 0.564603 -0.728274 0.081158 0.243110 2 207 0.671769 208 0.328231
  207 -0.693323 2.389991 49.704330 0.617793 0.406671 -0.673016 0.053793 0.243291 1 207 1.000000
UV2
  208 -2.619471 2.260360 49.374344 0.341794 -0.076283 -0.936674 0.113436 0.257385 3 208 0.531413 207 0.268318 209 0.200269
  207 -1.545116 2.269599 49.736656 0.319930 -0.074147 -0.944535 0.081227 0.255889 2 207 0.690052 208 0.309948
  207 -1.459619 2.105455 49.306374 0.419695 0.226753 -0.878885 0.081178 0.241700 2 207 0.672791 208 0.327209
UV2
  207 -1.456654 2.367149 49.279877 0.413792 -0.371755 -0.831008 0.081177 0.241715 2 207 0.670016 208 0.329984
  207 -1.545116 2.269599 49.736656 0.319930 -0.074147 -0.944535 0.081227 0.255889 2 207 0.690052 208 0.309948
  208 -2.619471 2.260360 49.374344 0.341794 -0.076283 -0.936674 0.113436 0.257385 3 208 0.531413 207 0.268318 209 0.200269
UV2
  208 -2.473201 2.415100 48.774498 0.425043 -0.394273 -0.814792 0.113436 0.240580 3 208 0.539551 207 0.261320 209 0.199129
  207 -1.463849 2.421564 49.318367 0.388382 0.564603 -0.728274 0.081158 0.243110 2 207 0.671769 208 0.328231
  207 -1.456654 2.367149 49.279877 0.413792 -0.371755 -0.831008 0.081177 0.241715 2 207 0.670016 208 0.329984
UV2
  207 -1.456654 2.367149 49.279877 0.413792 -0.371755 -0.831008 0.081177 0.241715 2 207 0.670016 208 0.329984
  208 -2.619471 2.260360 49.374344 0.341794 -0.076283 -0.936674 0.113436 0.257385 3 208 0.531413 207 0.268318 209 0.200269
  208 -2.473201 2.415100 48.774498 0.425043 -0.394273 -0.814792 0.113436 0.240580 3 208 0.539551 207 0.261320 209 0.199129
UV2
  208 -2.473201 2.415100 48.774498 0.425043 -0.394273 -0.814792 0.113436 0.240580 3 208 0.539551 207 0.261320 209 0.199129
  208 -2.483124 2.481751 48.813362 0.428139 0.501971 -0.751480 0.113436 0.241910 3 208 0.535361 207 0.266593 209 0.198046
  207 -1.463849 2.421564 49.318367 0.388382 0.564603 -0.728274 0.081158 0.243110 2 207 0.671769 208 0.328231
UV2
  209 -3.676119 2.527491 48.116180 0.398088 0.536407 -0.744173 0.145714 0.240578 3 209 0.492998 210 0.267667 208 0.239335
  208 -2.483124 2.481751 48.813362 0.428139 0.501971 -0.751480 0.113436 0.241910 3 208 0.535361 207 0.266593 209 0.198046
  208 -2.473201 2.415100 48.774498 0.425043 -0.394273 -0.814792 0.113436 0.240580 3 208 0.539551 207 0.261320 209 0.199129
UV2
  209 -3.667725 2.469111 48.078529 0.438149 -0.314357 -0.842143 0.145784 0.239446 3 209 0.494766 210 0.267649 208 0.237584
  209 -3.676119 2.527491 48.116180 0.398088 0.536407 -0.744173 0.145714 0.240578 3 209 0.492998 210 0.267667 208 0.239335
  208 -2.473201 2.415100 48.774498 0.425043 -0.394273 -0.814792 0.113436 0.240580 3 208 0.539551 207 0.261320 209 0.199129
UV2
  208 -2.473201 2.415100 48.774498 0.425043 -0.394273 -0.814792 0.113436 0.240580 3 208 0.539551 207 0.261320 209 0.199129
  208 -2.619471 2.260360 49.374344 0.341794 -0.076283 -0.936674 0.113436 0.257385 3 208 0.531413 207 0.268318 209 0.200269
  209 -3.667725 2.469111 48.078529 0.438149 -0.314357 -0.842143 0.145784 0.239446 3 209 0.494766 210 0.267649 208 0.237584
UV2
  210 -4.977175 2.535420 47.541229 0.258588 0.309760 -0.914976 0.173079 0.239401 3 210 0.528897 209 0.451808 207 0.019295
  209 -3.676119 2.527491 48.116180 0.398088 0.536407 -0.744173 0.145714 0.240578 3 209 0.492998 210 0.267667 208 0.239335
  209 -3.667725 2.469111 48.078529 0.438149 -0.314357 -0.842143 0.145784 0.239446 3 209 0.494766 210 0.267649 208 0.237584
UV2
  208 -2.481639 2.012233 48.818405 0.445353 0.188912 -0.875199 0.113436 0.240580 3 208 0.538898 207 0.262494 209 0.198608
  208 -2.619471 2.260360 49.374344 0.341794 -0.076283 -0.936674 0.113436 0.257385 3 208 0.531413 207 0.268318 209 0.200269
  207 -1.459619 2.105455 49.306374 0.419695 0.226753 -0.878885 0.081178 0.241700 2 207 0.672791 208 0.327209
UV2
  207 -1.459619 2.105455 49.306374 0.419695 0.226753 -0.878885 0.081178 0.241700 2 207 0.672791 208 0.327209
  207 -1.468080 2.055283 49.356102 0.362175 -0.686521 -0.630490 0.081158 0.243110 2 207 0.675706 208 0.324294
  208 -2.481639 2.012233 48.818405 0.445353 0.188912 -0.875199 0.113436 0.240580 3 208 0.538898 207 0.262494 209 0.198608
UV2
  207 -1.468080 2.055283 49.356102 0.362175 -0.686521 -0.630490 0.081158 0.243110 2 207 0.675706 208 0.324294
  208 -2.494045 1.960323 48.870193 0.369105 -0.699134 -0.612350 0.113436 0.241910 3 208 0.538523 207 0.262592 209 0.198886
  208 -2.481639 2.012233 48.818405 0.445353 0.188912 -0.875199 0.113436 0.240580 3 208 0.538898 207 0.262494 209 0.198608
UV2
  208 -2.481639 2.012233 48.818405 0.445353 0.188912 -0.875199 0.113436 0.240580 3 208 0.538898 207 0.262494 209 0.198608
  208 -2.494045 1.960323 48.870193 0.369105 -0.699134 -0.612350 0.113436 0.241910 3 208 0.538523 207 0.262592 209 0.198886
  209 -3.692907 1.892440 48.190956 0.335609 -0.720330 -0.607035 0.145714 0.240578 3 209 0.491035 210 0.266630 208 0.242335
UV2
  208 -2.481639 2.012233 48.818405 0.445353 0.188912 -0.875199 0.113436 0.240580 3 208 0.538898 207 0.262494 209 0.198608
  209 -3.692907 1.892440 48.190956 0.335609 -0.720330 -0.607035 0.145714 0.240578 3 209 0.491035 210 0.266630 208 0.242335
  209 -3.681484 1.940058 48.140720 0.449590 0.127323 -0.884114 0.145778 0.239442 3 209 0.493263 210 0.266871 208 0.239866
UV2
  209 -3.681484 1.940058 48.140720 0.449590 0.127323 -0.884114 0.145778 0.239442 3 209 0.493263 210 0.266871 208 0.239866
  208 -2.619471 2.260360 49.374344 0.341794 -0.076283 -0.936674 0.113436 0.257385 3 208 0.531413 207 0.268318 209 0.200269
  208 -2.481639 2.012233 48.818405 0.445353 0.188912 -0.875199 0.113436 0.240580 3 208 0.538898 207 0.262494 209 0.198608
UV2
  209 -3.681484 1.940058 48.140720 0.449590 0.127323 -0.884114 0.145778 0.239442 3 209 0.493263 210 0.266871 208 0.239866
  209 -3.692907 1.892440 48.190956 0.335609 -0.720330 -0.607035 0.145714 0.240578 3 209 0.491035 210 0.266630 208 0.242335
  210 -4.995241 1.872169 47.620777 0.200904 -0.574839 -0.793219 0.173079 0.239401 3 210 0.529029 209 0.452507 207 0.018464
UV2
  209 -3.681484 1.940058 48.140720 0.449590 0.127323 -0.884114 0.145778 0.239442 3 209 0.493263 210 0.266871 208 0.239866
  209 -3.850437 2.247961 48.705574 0.456758 -0.078038 -0.886161 0.146115 0.255044 3 209 0.498205 210 0.272672 208 0.229123
  208 -2.619471 2.260360 49.374344 0.341794 -0.076283 -0.936674 0.113436 0.257385 3 208 0.531413 207 0.268318 209 0.200269
UV2
  208 -2.619471 2.260360 49.374344 0.341794 -0.076283 -0.936674 0.113436 0.257385 3 208 0.531413 207 0.268318 209 0.200269
  209 -3.850437 2.247961 48.705574 0.456758 -0.078038 -0.886161 0.146115 0.255044 3 209 0.498205 210 0.272672 208 0.229123
  209 -3.667725 2.469111 48.078529 0.438149 -0.314357 -0.842143 0.145784 0.239446 3 209 0.494766 210 0.267649 208 0.237584
UV2
  209 -3.681484 1.940058 48.140720 0.449590 0.127323 -0.884114 0.145778 0.239442 3 209 0.493263 210 0.266871 208 0.239866
  210 -4.995241 1.872169 47.620777 0.200904 -0.574839 -0.793219 0.173079 0.239401 3 210 0.529029 209 0.452507 207 0.018464
  210 -4.991188 1.948024 47.566959 0.361450 0.074770 -0.929389 0.173360 0.238346 3 210 0.515638 209 0.465871 207 0.018492
UV2
  210 -4.991188 1.948024 47.566959 0.361450 0.074770 -0.929389 0.173360 0.238346 3 210 0.515638 209 0.465871 207 0.018492
  209 -3.850437 2.247961 48.705574 0.456758 -0.078038 -0.886161 0.146115 0.255044 3 209 0.498205 210 0.272672 208 0.229123
  209 -3.681484 1.940058 48.140720 0.449590 0.127323 -0.884114 0.145778 0.239442 3 209 0.493263 210 0.266871 208 0.239866
UV2
  210 -4.991188 1.948024 47.566959 0.361450 0.074770 -0.929389 0.173360 0.238346 3 210 0.515638 209 0.465871 207 0.018492
  210 -4.995241 1.872169 47.620777 0.200904 -0.574839 -0.793219 0.173079 0.239401 3 210 0.529029 209 0.452507 207 0.018464
  210 -5.143089 2.049581 47.504353 0.361463 0.049502 -0.931071 0.178379 0.238176 3 210 0.653509 209 0.343484 207 0.003007
UV2
  210 -4.995241 1.872169 47.620777 0.200904 -0.574839 -0.793219 0.173079 0.239401 3 210 0.529029 209 0.452507 207 0.018464
  210 -5.199545 1.999550 47.539021 -0.169277 -0.418935 -0.892098 0.179812 0.239202 3 210 0.688015 209 0.309247 207 0.002738
  210 -5.143089 2.049581 47.504353 0.361463 0.049502 -0.931071 0.178379 0.238176 3 210 0.653509 209 0.343484 207 0.003007
UV2
  210 -4.991188 1.948024 47.566959 0.361450 0.074770 -0.929389 0.173360 0.238346 3 210 0.515638 209 0.465871 207 0.018492
  210 -5.148112 2.236515 48.061630 0.718552 -0.074990 -0.691418 0.174264 0.251749 3 210 0.535659 209 0.445886 207 0.018455
  209 -3.850437 2.247961 48.705574 0.456758 -0.078038 -0.886161 0.146115 0.255044 3 209 0.498205 210 0.272672 208 0.229123
UV2
  210 -5.143089 2.049581 47.504353 0.361463 0.049502 -0.931071 0.178379 0.238176 3 210 0.653509 209 0.343484 207 0.003007
  210 -5.148112 2.236515 48.061630 0.718552 -0.074990 -0.691418 0.174264 0.251749 3 210 0.535659 209 0.445886 207 0.018455
  210 -4.991188 1.948024 47.566959 0.361450 0.074770 -0.929389 0.173360 0.238346 3 210 0.515638 209 0.465871 207 0.018492
UV2
  209 -3.667725 2.469111 48.078529 0.438149 -0.314357 -0.842143 0.145784 0.239446 3 209 0.494766 210 0.267649 208 0.237584
  209 -3.850437 2.247961 48.705574 0.456758 -0.078038 -0.886161 0.146115 0.255044 3 209 0.498205 210 0.272672 208 0.229123
  210 -4.979797 2.438853 47.508778 0.351212 -0.327725 -0.877067 0.173414 0.238375 3 210 0.516876 209 0.464621 207 0.018503
UV2
  209 -3.850437 2.247961 48.705574 0.456758 -0.078038 -0.886161 0.146115 0.255044 3 209 0.498205 210 0.272672 208 0.229123
  210 -5.148112 2.236515 48.061630 0.718552 -0.074990 -0.691418 0.174264 0.251749 3 210 0.535659 209 0.445886 207 0.018455
  210 -4.979797 2.438853 47.508778 0.351212 -0.327725 -0.877067 0.173414 0.238375 3 210 0.516876 209 0.464621 207 0.018503
UV2
  210 -4.979797 2.438853 47.508778 0.351212 -0.327725 -0.877067 0.173414 0.238375 3 210 0.516876 209 0.464621 207 0.018503
  210 -4.977175 2.535420 47.541229 0.258588 0.309760 -0.914976 0.173079 0.239401 3 210 0.528897 209 0.451808 207 0.019295
  209 -3.667725 2.469111 48.078529 0.438149 -0.314357 -0.842143 0.145784 0.239446 3 209 0.494766 210 0.267649 208 0.237584
UV2
  210 -5.143089 2.049581 47.504353 0.361463 0.049502 -0.931071 0.178379 0.238176 3 210 0.653509 209 0.343484 207 0.003007
  210 -5.199545 1.999550 47.539021 -0.169277 -0.418935 -0.892098 0.179812 0.239202 3 210 0.688015 209 0.309247 207 0.002738
  210 -5.201126 2.201325 47.489742 0.380978 -0.122274 -0.916463 0.180215 0.238663 3 210 0.693772 209 0.303491 207 0.002737
UV2
  210 -5.201126 2.201325 47.489742 0.380978 -0.122274 -0.916463 0.180215 0.238663 3 210 0.693772 209 0.303491 207 0.002737
  210 -5.148112 2.236515 48.061630 0.718552 -0.074990 -0.691418 0.174264 0.251749 3 210 0.535659 209 0.445886 207 0.018455
  210 -5.143089 2.049581 47.504353 0.361463 0.049502 -0.931071 0.178379 0.238176 3 210 0.653509 209 0.343484 207 0.003007
UV2
  210 -5.199545 1.999550 47.539021 -0.169277 -0.418935 -0.892098 0.179812 0.239202 3 210 0.688015 209 0.309247 207 0.002738
  210 -5.280107 2.204186 47.516018 -0.317299 -0.106476 -0.942329 0.182382 0.239797 3 210 0.767564 209 0.232331 207 0.000105
  210 -5.201126 2.201325 47.489742 0.380978 -0.122274 -0.916463 0.180215 0.238663 3 210 0.693772 209 0.303491 207 0.002737
UV2
  210 -5.201126 2.201325 47.489742 0.380978 -0.122274 -0.916463 0.180215 0.238663 3 210 0.693772 209 0.303491 207 0.002737
  210 -5.280107 2.204186 47.516018 -0.317299 -0.106476 -0.942329 0.182382 0.239797 3 210 0.767564 209 0.232331 207 0.000105
  210 -5.188474 2.406019 47.490276 -0.147224 0.200820 -0.968502 0.179812 0.239202 3 210 0.687729 209 0.309276 207 0.002995
UV2
  210 -4.979797 2.438853 47.508778 0.351212 -0.327725 -0.877067 0.173414 0.238375 3 210 0.516876 209 0.464621 207 0.018503
  210 -5.148112 2.236515 48.061630 0.718552 -0.074990 -0.691418 0.174264 0.251749 3 210 0.535659 209 0.445886 207 0.018455
  210 -5.135538 2.351354 47.470798 0.320824 -0.269719 -0.907923 0.178379 0.238242 3 210 0.654359 209 0.342504 207 0.003137
UV2
  210 -5.135538 2.351354 47.470798 0.320824 -0.269719 -0.907923 0.178379 0.238242 3 210 0.654359 209 0.342504 207 0.003137
  210 -5.148112 2.236515 48.061630 0.718552 -0.074990 -0.691418 0.174264 0.251749 3 210 0.535659 209 0.445886 207 0.018455
  210 -5.201126 2.201325 47.489742 0.380978 -0.122274 -0.916463 0.180215 0.238663 3 210 0.693772 209 0.303491 207 0.002737
UV2
  210 -5.135538 2.351354 47.470798 0.320824 -0.269719 -0.907923 0.178379 0.238242 3 210 0.654359 209 0.342504 207 0.003137
  210 -4.977175 2.535420 47.541229 0.258588 0.309760 -0.914976 0.173079 0.239401 3 210 0.528897 209 0.451808 207 0.019295
  210 -4.979797 2.438853 47.508778 0.351212 -0.327725 -0.877067 0.173414 0.238375 3 210 0.516876 209 0.464621 207 0.018503
UV2
  210 -5.201126 2.201325 47.489742 0.380978 -0.122274 -0.916463 0.180215 0.238663 3 210 0.693772 209 0.303491 207 0.002737
  210 -5.188474 2.406019 47.490276 -0.147224 0.200820 -0.968502 0.179812 0.239202 3 210 0.687729 209 0.309276 207 0.002995
  210 -5.135538 2.351354 47.470798 0.320824 -0.269719 -0.907923 0.178379 0.238242 3 210 0.654359 209 0.342504 207 0.003137
UV2
  210 -5.135538 2.351354 47.470798 0.320824 -0.269719 -0.907923 0.178379 0.238242 3 210 0.654359 209 0.342504 207 0.003137
  210 -5.188474 2.406019 47.490276 -0.147224 0.200820 -0.968502 0.179812 0.239202 3 210 0.687729 209 0.309276 207 0.002995
  210 -4.977175 2.535420 47.541229 0.258588 0.309760 -0.914976 0.173079 0.239401 3 210 0.528897 209 0.451808 207 0.019295
UV2
  207 -0.472235 2.172770 50.002289 0.318037 -0.942837 0.099555 0.035509 0.242653 1 207 1.000000
  207 -0.770187 2.158093 50.044250 0.035815 -0.991610 0.124203 0.053793 0.254514 1 207 1.000000
  207 -0.696257 2.117293 49.730476 0.032749 -0.990053 0.136831 0.053793 0.243291 1 207 1.000000
UV2
  207 -0.472234 2.198814 50.292759 0.377174 -0.921971 0.087802 0.035509 0.254059 1 207 1.000000
  207 -0.770187 2.158093 50.044250 0.035815 -0.991610 0.124203 0.053793 0.254514 1 207 1.000000
  207 -0.472235 2.172770 50.002289 0.318037 -0.942837 0.099555 0.035509 0.242653 1 207 1.000000
UV2
  207 -0.368251 2.266526 49.993965 1.000000 -0.000396 0.000034 0.032287 0.242653 1 207 1.000000
  207 -0.472234 2.198814 50.292759 0.377174 -0.921971 0.087802 0.035509 0.254059 1 207 1.000000
  207 -0.472235 2.172770 50.002289 0.318037 -0.942837 0.099555 0.035509 0.242653 1 207 1.000000
UV2
  207 -0.770187 2.158093 50.044250 0.035815 -0.991610 0.124203 0.053793 0.254514 1 207 1.000000
  207 -1.535748 2.101968 49.706890 0.020626 -0.991500 0.128458 0.081158 0.254385 2 207 0.691079 208 0.308921
  207 -0.696257 2.117293 49.730476 0.032749 -0.990053 0.136831 0.053793 0.243291 1 207 1.000000
UV2
  207 -0.696257 2.117293 49.730476 0.032749 -0.990053 0.136831 0.053793 0.243291 1 207 1.000000
  207 -1.535748 2.101968 49.706890 0.020626 -0.991500 0.128458 0.081158 0.254385 2 207 0.691079 208 0.308921
  207 -1.468080 2.055283 49.356102 0.019040 -0.990408 0.136855 0.081158 0.243110 2 207 0.675706 208 0.324294
UV2
  207 -0.368250 2.292570 50.284435 1.000000 -0.000005 -0.000003 0.032287 0.254059 1 207 1.000000
  207 -0.472234 2.198814 50.292759 0.377174 -0.921971 0.087802 0.035509 0.254059 1 207 1.000000
  207 -0.368251 2.266526 49.993965 1.000000 -0.000396 0.000034 0.032287 0.242653 1 207 1.000000
UV2
  207 -0.472235 2.360281 49.985645 0.420499 0.903667 -0.081029 0.035509 0.242653 1 207 1.000000
  207 -0.368250 2.292570 50.284435 1.000000 -0.000005 -0.000003 0.032287 0.254059 1 207 1.000000
  207 -0.368251 2.266526 49.993965 1.000000 -0.000396 0.000034 0.032287 0.242653 1 207 1.000000
UV2
  207 -1.535748 2.101968 49.706890 0.020626 -0.991500 0.128458 0.081158 0.254385 2 207 0.691079 208 0.308921
  208 -2.590606 2.016781 49.262444 0.004333 -0.991175 0.132490 0.113436 0.253394 3 208 0.532510 207 0.268542 209 0.198948
  207 -1.468080 2.055283 49.356102 0.019040 -0.990408 0.136855 0.081158 0.243110 2 207 0.675706 208 0.324294
UV2
  207 -1.468080 2.055283 49.356102 0.019040 -0.990408 0.136855 0.081158 0.243110 2 207 0.675706 208 0.324294
  208 -2.590606 2.016781 49.262444 0.004333 -0.991175 0.132490 0.113436 0.253394 3 208 0.532510 207 0.268542 209 0.198948
  208 -2.494045 1.960323 48.870193 -0.002734 -0.989933 0.141506 0.113436 0.241910 3 208 0.538523 207 0.262592 209 0.198886
UV2
  207 -0.472235 2.386325 50.276100 0.421655 0.903609 -0.075488 0.035509 0.254059 1 207 1.000000
  207 -0.368250 2.292570 50.284435 1.000000 -0.000005 -0.000003 0.032287 0.254059 1 207 1.000000
  207 -0.472235 2.360281 49.985645 0.420499 0.903667 -0.081029 0.035509 0.242653 1 207 1.000000
UV2
  207 -0.693323 2.389991 49.704330 0.079271 0.996340 -0.031976 0.053793 0.243291 1 207 1.000000
  207 -0.472235 2.386325 50.276100 0.421655 0.903609 -0.075488 0.035509 0.254059 1 207 1.000000
  207 -0.472235 2.360281 49.985645 0.420499 0.903667 -0.081029 0.035509 0.242653 1 207 1.000000
UV2
  208 -2.590606 2.016781 49.262444 0.004333 -0.991175 0.132490 0.113436 0.253394 3 208 0.532510 207 0.268542 209 0.198948
  209 -3.819375 1.957227 48.648052 -0.025976 -0.992027 0.123317 0.145714 0.252577 3 209 0.493756 210 0.265806 208 0.240439
  208 -2.494045 1.960323 48.870193 -0.002734 -0.989933 0.141506 0.113436 0.241910 3 208 0.538523 207 0.262592 209 0.198886
UV2
  208 -2.494045 1.960323 48.870193 -0.002734 -0.989933 0.141506 0.113436 0.241910 3 208 0.538523 207 0.262592 209 0.198886
  209 -3.819375 1.957227 48.648052 -0.025976 -0.992027 0.123317 0.145714 0.252577 3 209 0.493756 210 0.265806 208 0.240439
  209 -3.692907 1.892440 48.190956 -0.031630 -0.990819 0.131440 0.145714 0.240578 3 209 0.491035 210 0.266630 208 0.242335
UV2
  207 -0.767560 2.402255 50.020832 0.062439 0.997503 -0.033012 0.053793 0.254514 1 207 1.000000
  207 -0.472235 2.386325 50.276100 0.421655 0.903609 -0.075488 0.035509 0.254059 1 207 1.000000
  207 -0.693323 2.389991 49.704330 0.079271 0.996340 -0.031976 0.053793 0.243291 1 207 1.000000
UV2
  207 -1.463849 2.421564 49.318367 0.056741 0.998291 -0.013959 0.081158 0.243110 2 207 0.671769 208 0.328231
  207 -0.767560 2.402255 50.020832 0.062439 0.997503 -0.033012 0.053793 0.254514 1 207 1.000000
  207 -0.693323 2.389991 49.704330 0.079271 0.996340 -0.031976 0.053793 0.243291 1 207 1.000000
UV2
  209 -3.819375 1.957227 48.648052 -0.025976 -0.992027 0.123317 0.145714 0.252577 3 209 0.493756 210 0.265806 208 0.240439
  210 -5.119118 1.939639 48.107025 -0.264459 -0.962914 0.053461 0.173079 0.251736 3 210 0.526307 209 0.455182 207 0.018512
  209 -3.692907 1.892440 48.190956 -0.031630 -0.990819 0.131440 0.145714 0.240578 3 209 0.491035 210 0.266630 208 0.242335
UV2
  209 -3.692907 1.892440 48.190956 -0.031630 -0.990819 0.131440 0.145714 0.240578 3 209 0.491035 210 0.266630 208 0.242335
  210 -5.119118 1.939639 48.107025 -0.264459 -0.962914 0.053461 0.173079 0.251736 3 210 0.526307 209 0.455182 207 0.018512
  210 -4.995241 1.872169 47.620777 -0.300588 -0.952639 0.046105 0.173079 0.239401 3 210 0.529029 209 0.452507 207 0.018464
UV2
  207 -1.531959 2.429920 49.673092 0.053432 0.998364 -0.020355 0.081158 0.254385 2 207 0.687552 208 0.312448
  207 -0.767560 2.402255 50.020832 0.062439 0.997503 -0.033012 0.053793 0.254514 1 207 1.000000
  207 -1.463849 2.421564 49.318367 0.056741 0.998291 -0.013959 0.081158 0.243110 2 207 0.671769 208 0.328231
UV2
  208 -2.483124 2.481751 48.813362 0.042447 0.999092 0.003764 0.113436 0.241910 3 208 0.535361 207 0.266593 209 0.198046
  207 -1.531959 2.429920 49.673092 0.053432 0.998364 -0.020355 0.081158 0.254385 2 207 0.687552 208 0.312448
  207 -1.463849 2.421564 49.318367 0.056741 0.998291 -0.013959 0.081158 0.243110 2 207 0.671769 208 0.328231
UV2
  210 -5.119118 1.939639 48.107025 -0.264459 -0.962914 0.053461 0.173079 0.251736 3 210 0.526307 209 0.455182 207 0.018512
  210 -5.324366 2.053737 48.029160 -0.724734 -0.679984 -0.111277 0.179812 0.251594 3 210 0.684951 209 0.312306 207 0.002743
  210 -4.995241 1.872169 47.620777 -0.300588 -0.952639 0.046105 0.173079 0.239401 3 210 0.529029 209 0.452507 207 0.018464
UV2
  210 -4.995241 1.872169 47.620777 -0.300588 -0.952639 0.046105 0.173079 0.239401 3 210 0.529029 209 0.452507 207 0.018464
  210 -5.324366 2.053737 48.029160 -0.724734 -0.679984 -0.111277 0.179812 0.251594 3 210 0.684951 209 0.312306 207 0.002743
  210 -5.199545 1.999550 47.539021 -0.744518 -0.656078 -0.123512 0.179812 0.239202 3 210 0.688015 209 0.309247 207 0.002738
UV2
  208 -2.580827 2.483645 49.211552 0.044575 0.998996 -0.004446 0.113436 0.253394 3 208 0.529804 207 0.272276 209 0.197920
  207 -1.531959 2.429920 49.673092 0.053432 0.998364 -0.020355 0.081158 0.254385 2 207 0.687552 208 0.312448
  208 -2.483124 2.481751 48.813362 0.042447 0.999092 0.003764 0.113436 0.241910 3 208 0.535361 207 0.266593 209 0.198046
UV2
  209 -3.676119 2.527491 48.116180 0.015268 0.999859 0.006995 0.145714 0.240578 3 209 0.492998 210 0.267667 208 0.239335
  208 -2.580827 2.483645 49.211552 0.044575 0.998996 -0.004446 0.113436 0.253394 3 208 0.529804 207 0.272276 209 0.197920
  208 -2.483124 2.481751 48.813362 0.042447 0.999092 0.003764 0.113436 0.241910 3 208 0.535361 207 0.266593 209 0.198046
UV2
  210 -5.324366 2.053737 48.029160 -0.724734 -0.679984 -0.111277 0.179812 0.251594 3 210 0.684951 209 0.312306 207 0.002743
  210 -5.403788 2.236658 48.001926 -0.970613 0.002506 -0.240631 0.182382 0.252019 3 210 0.765404 209 0.234486 207 0.000110
  210 -5.199545 1.999550 47.539021 -0.744518 -0.656078 -0.123512 0.179812 0.239202 3 210 0.688015 209 0.309247 207 0.002738
UV2
  210 -5.199545 1.999550 47.539021 -0.744518 -0.656078 -0.123512 0.179812 0.239202 3 210 0.688015 209 0.309247 207 0.002738
  210 -5.403788 2.236658 48.001926 -0.970613 0.002506 -0.240631 0.182382 0.252019 3 210 0.765404 209 0.234486 207 0.000110
  210 -5.280107 2.204186 47.516018 -0.970381 0.016249 -0.241032 0.182382 0.239797 3 210 0.767564 209 0.232331 207 0.000105
UV2
  209 -3.804343 2.525826 48.581097 0.020021 0.999799 -0.001178 0.145714 0.252577 3 209 0.494523 210 0.268198 208 0.237280
  208 -2.580827 2.483645 49.211552 0.044575 0.998996 -0.004446 0.113436 0.253394 3 208 0.529804 207 0.272276 209 0.197920
  209 -3.676119 2.527491 48.116180 0.015268 0.999859 0.006995 0.145714 0.240578 3 209 0.492998 210 0.267667 208 0.239335
UV2
  210 -4.977175 2.535420 47.541229 -0.269197 0.960907 -0.064734 0.173079 0.239401 3 210 0.528897 209 0.451808 207 0.019295
  209 -3.804343 2.525826 48.581097 0.020021 0.999799 -0.001178 0.145714 0.252577 3 209 0.494523 210 0.268198 208 0.237280
  209 -3.676119 2.527491 48.116180 0.015268 0.999859 0.006995 0.145714 0.240578 3 209 0.492998 210 0.267667 208 0.239335
UV2
  210 -5.403788 2.236658 48.001926 -0.970613 0.002506 -0.240631 0.182382 0.252019 3 210 0.765404 209 0.234486 207 0.000110
  210 -5.314452 2.417677 47.985485 -0.703056 0.682549 -0.199597 0.179812 0.251594 3 210 0.685680 209 0.311201 207 0.003119
  210 -5.280107 2.204186 47.516018 -0.970381 0.016249 -0.241032 0.182382 0.239797 3 210 0.767564 209 0.232331 207 0.000105
UV2
  210 -5.280107 2.204186 47.516018 -0.970381 0.016249 -0.241032 0.182382 0.239797 3 210 0.767564 209 0.232331 207 0.000105
  210 -5.314452 2.417677 47.985485 -0.703056 0.682549 -0.199597 0.179812 0.251594 3 210 0.685680 209 0.311201 207 0.003119
  210 -5.188474 2.406019 47.490276 -0.714738 0.673600 -0.188182 0.179812 0.239202 3 210 0.687729 209 0.309276 207 0.002995
UV2
  210 -5.188474 2.406019 47.490276 -0.714738 0.673600 -0.188182 0.179812 0.239202 3 210 0.687729 209 0.309276 207 0.002995
  210 -5.102943 2.533491 48.035797 -0.233266 0.969948 -0.069193 0.173079 0.251736 3 210 0.527392 209 0.452622 207 0.019986
  210 -4.977175 2.535420 47.541229 -0.269197 0.960907 -0.064734 0.173079 0.239401 3 210 0.528897 209 0.451808 207 0.019295
UV2
  210 -5.314452 2.417677 47.985485 -0.703056 0.682549 -0.199597 0.179812 0.251594 3 210 0.685680 209 0.311201 207 0.003119
  210 -5.102943 2.533491 48.035797 -0.233266 0.969948 -0.069193 0.173079 0.251736 3 210 0.527392 209 0.452622 207 0.019986
  210 -5.188474 2.406019 47.490276 -0.714738 0.673600 -0.188182 0.179812 0.239202 3 210 0.687729 209 0.309276 207 0.002995
UV2
  210 -5.102943 2.533491 48.035797 -0.233266 0.969948 -0.069193 0.173079 0.251736 3 210 0.527392 209 0.452622 207 0.019986
  209 -3.804343 2.525826 48.581097 0.020021 0.999799 -0.001178 0.145714 0.252577 3 209 0.494523 210 0.268198 208 0.237280
  210 -4.977175 2.535420 47.541229 -0.269197 0.960907 -0.064734 0.173079 0.239401 3 210 0.528897 209 0.451808 207 0.019295
UV2
  210 -5.403788 2.236658 48.001926 -0.970613 0.002506 -0.240631 0.182382 0.252019 3 210 0.765404 209 0.234486 207 0.000110
  210 -5.440260 2.435358 48.479969 -0.677637 0.707447 -0.200817 0.179812 0.263986 3 210 0.682402 209 0.314358 207 0.003240
  210 -5.314452 2.417677 47.985485 -0.703056 0.682549 -0.199597 0.179812 0.251594 3 210 0.685680 209 0.311201 207 0.003119
UV2
  210 -5.314452 2.417677 47.985485 -0.703056 0.682549 -0.199597 0.179812 0.251594 3 210 0.685680 209 0.311201 207 0.003119
  210 -5.228441 2.541385 48.529160 -0.210914 0.974359 -0.078361 0.173079 0.264071 3 210 0.524419 209 0.454908 207 0.020673
  210 -5.102943 2.533491 48.035797 -0.233266 0.969948 -0.069193 0.173079 0.251736 3 210 0.527392 209 0.452622 207 0.019986
UV2
  210 -5.440260 2.435358 48.479969 -0.677637 0.707447 -0.200817 0.179812 0.263986 3 210 0.682402 209 0.314358 207 0.003240
  210 -5.228441 2.541385 48.529160 -0.210914 0.974359 -0.078361 0.173079 0.264071 3 210 0.524419 209 0.454908 207 0.020673
  210 -5.314452 2.417677 47.985485 -0.703056 0.682549 -0.199597 0.179812 0.251594 3 210 0.685680 209 0.311201 207 0.003119
UV2
  210 -5.102943 2.533491 48.035797 -0.233266 0.969948 -0.069193 0.173079 0.251736 3 210 0.527392 209 0.452622 207 0.019986
  209 -3.932312 2.533569 49.044903 0.025291 0.999547 -0.016319 0.145714 0.264575 3 209 0.496830 210 0.267692 208 0.235478
  209 -3.804343 2.525826 48.581097 0.020021 0.999799 -0.001178 0.145714 0.252577 3 209 0.494523 210 0.268198 208 0.237280
UV2
  210 -5.228441 2.541385 48.529160 -0.210914 0.974359 -0.078361 0.173079 0.264071 3 210 0.524419 209 0.454908 207 0.020673
  209 -3.932312 2.533569 49.044903 0.025291 0.999547 -0.016319 0.145714 0.264575 3 209 0.496830 210 0.267692 208 0.235478
  210 -5.102943 2.533491 48.035797 -0.233266 0.969948 -0.069193 0.173079 0.251736 3 210 0.527392 209 0.452622 207 0.019986
UV2
  210 -5.527462 2.269129 48.487823 -0.970353 0.001503 -0.241689 0.182382 0.264241 3 210 0.762024 209 0.237862 207 0.000114
  210 -5.440260 2.435358 48.479969 -0.677637 0.707447 -0.200817 0.179812 0.263986 3 210 0.682402 209 0.314358 207 0.003240
  210 -5.403788 2.236658 48.001926 -0.970613 0.002506 -0.240631 0.182382 0.252019 3 210 0.765404 209 0.234486 207 0.000110
UV2
  210 -5.324366 2.053737 48.029160 -0.724734 -0.679984 -0.111277 0.179812 0.251594 3 210 0.684951 209 0.312306 207 0.002743
  210 -5.527462 2.269129 48.487823 -0.970353 0.001503 -0.241689 0.182382 0.264241 3 210 0.762024 209 0.237862 207 0.000114
  210 -5.403788 2.236658 48.001926 -0.970613 0.002506 -0.240631 0.182382 0.252019 3 210 0.765404 209 0.234486 207 0.000110
UV2
  210 -5.440260 2.435358 48.479969 -0.677637 0.707447 -0.200817 0.179812 0.263986 3 210 0.682402 209 0.314358 207 0.003240
  210 -5.353775 2.555414 49.021835 -0.189570 0.976638 -0.101198 0.173079 0.276406 3 210 0.520991 209 0.457662 207 0.021347
  210 -5.228441 2.541385 48.529160 -0.210914 0.974359 -0.078361 0.173079 0.264071 3 210 0.524419 209 0.454908 207 0.020673
UV2
  210 -5.449345 2.101903 48.519970 -0.699325 -0.706276 -0.110087 0.179812 0.263986 3 210 0.681309 209 0.315824 207 0.002867
  210 -5.527462 2.269129 48.487823 -0.970353 0.001503 -0.241689 0.182382 0.264241 3 210 0.762024 209 0.237862 207 0.000114
  210 -5.324366 2.053737 48.029160 -0.724734 -0.679984 -0.111277 0.179812 0.251594 3 210 0.684951 209 0.312306 207 0.002743
UV2
  210 -5.119118 1.939639 48.107025 -0.264459 -0.962914 0.053461 0.173079 0.251736 3 210 0.526307 209 0.455182 207 0.018512
  210 -5.449345 2.101903 48.519970 -0.699325 -0.706276 -0.110087 0.179812 0.263986 3 210 0.681309 209 0.315824 207 0.002867
  210 -5.324366 2.053737 48.029160 -0.724734 -0.679984 -0.111277 0.179812 0.251594 3 210 0.684951 209 0.312306 207 0.002743
UV2
  210 -5.527462 2.269129 48.487823 -0.970353 0.001503 -0.241689 0.182382 0.264241 3 210 0.762024 209 0.237862 207 0.000114
  210 -5.565977 2.456797 48.974030 -0.656621 0.723805 -0.212026 0.179812 0.276377 3 210 0.678714 209 0.317926 207 0.003360
  210 -5.440260 2.435358 48.479969 -0.677637 0.707447 -0.200817 0.179812 0.263986 3 210 0.682402 209 0.314358 207 0.003240
UV2
  210 -5.565977 2.456797 48.974030 -0.656621 0.723805 -0.212026 0.179812 0.276377 3 210 0.678714 209 0.317926 207 0.003360
  210 -5.353775 2.555414 49.021835 -0.189570 0.976638 -0.101198 0.173079 0.276406 3 210 0.520991 209 0.457662 207 0.021347
  210 -5.440260 2.435358 48.479969 -0.677637 0.707447 -0.200817 0.179812 0.263986 3 210 0.682402 209 0.314358 207 0.003240
UV2
  210 -5.449345 2.101903 48.519970 -0.699325 -0.706276 -0.110087 0.179812 0.263986 3 210 0.681309 209 0.315824 207 0.002867
  210 -5.651141 2.301601 48.973728 -0.969559 -0.001225 -0.244855 0.182382 0.276462 3 210 0.758240 209 0.241643 207 0.000117
  210 -5.527462 2.269129 48.487823 -0.970353 0.001503 -0.241689 0.182382 0.264241 3 210 0.762024 209 0.237862 207 0.000114
UV2
  210 -5.651141 2.301601 48.973728 -0.969559 -0.001225 -0.244855 0.182382 0.276462 3 210 0.758240 209 0.241643 207 0.000117
  210 -5.565977 2.456797 48.974030 -0.656621 0.723805 -0.212026 0.179812 0.276377 3 210 0.678714 209 0.317926 207 0.003360
  210 -5.527462 2.269129 48.487823 -0.970353 0.001503 -0.241689 0.182382 0.264241 3 210 0.762024 209 0.237862 207 0.000114
UV2
  210 -5.243262 1.997286 48.594425 -0.242927 -0.969034 0.044273 0.173079 0.264071 3 210 0.522838 209 0.457958 207 0.019204
  210 -5.449345 2.101903 48.519970 -0.699325 -0.706276 -0.110087 0.179812 0.263986 3 210 0.681309 209 0.315824 207 0.002867
  210 -5.119118 1.939639 48.107025 -0.264459 -0.962914 0.053461 0.173079 0.251736 3 210 0.526307 209 0.455182 207 0.018512
UV2
  209 -3.819375 1.957227 48.648052 -0.025976 -0.992027 0.123317 0.145714 0.252577 3 209 0.493756 210 0.265806 208 0.240439
  210 -5.243262 1.997286 48.594425 -0.242927 -0.969034 0.044273 0.173079 0.264071 3 210 0.522838 209 0.457958 207 0.019204
  210 -5.119118 1.939639 48.107025 -0.264459 -0.962914 0.053461 0.173079 0.251736 3 210 0.526307 209 0.455182 207 0.018512
UV2
  210 -5.574434 2.146319 49.011257 -0.679046 -0.725086 -0.114659 0.179812 0.276377 3 210 0.677570 209 0.319438 207 0.002992
  210 -5.651141 2.301601 48.973728 -0.969559 -0.001225 -0.244855 0.182382 0.276462 3 210 0.758240 209 0.241643 207 0.000117
  210 -5.449345 2.101903 48.519970 -0.699325 -0.706276 -0.110087 0.179812 0.263986 3 210 0.681309 209 0.315824 207 0.002867
UV2
  210 -5.243262 1.997286 48.594425 -0.242927 -0.969034 0.044273 0.173079 0.264071 3 210 0.522838 209 0.457958 207 0.019204
  210 -5.574434 2.146319 49.011257 -0.679046 -0.725086 -0.114659 0.179812 0.276377 3 210 0.677570 209 0.319438 207 0.002992
  210 -5.449345 2.101903 48.519970 -0.699325 -0.706276 -0.110087 0.179812 0.263986 3 210 0.681309 209 0.315824 207 0.002867
UV2
  209 -3.946085 2.012604 49.106255 -0.018609 -0.993908 0.108631 0.145714 0.264575 3 209 0.496536 210 0.264836 208 0.238627
  210 -5.243262 1.997286 48.594425 -0.242927 -0.969034 0.044273 0.173079 0.264071 3 210 0.522838 209 0.457958 207 0.019204
  209 -3.819375 1.957227 48.648052 -0.025976 -0.992027 0.123317 0.145714 0.252577 3 209 0.493756 210 0.265806 208 0.240439
UV2
  208 -2.590606 2.016781 49.262444 0.004333 -0.991175 0.132490 0.113436 0.253394 3 208 0.532510 207 0.268542 209 0.198948
  209 -3.946085 2.012604 49.106255 -0.018609 -0.993908 0.108631 0.145714 0.264575 3 209 0.496536 210 0.264836 208 0.238627
  209 -3.819375 1.957227 48.648052 -0.025976 -0.992027 0.123317 0.145714 0.252577 3 209 0.493756 210 0.265806 208 0.240439
UV2
  210 -5.367573 2.048805 49.082584 -0.224301 -0.974239 0.023387 0.173079 0.276406 3 210 0.519358 209 0.460745 207 0.019897
  210 -5.574434 2.146319 49.011257 -0.679046 -0.725086 -0.114659 0.179812 0.276377 3 210 0.677570 209 0.319438 207 0.002992
  210 -5.243262 1.997286 48.594425 -0.242927 -0.969034 0.044273 0.173079 0.264071 3 210 0.522838 209 0.457958 207 0.019204
UV2
  209 -3.946085 2.012604 49.106255 -0.018609 -0.993908 0.108631 0.145714 0.264575 3 209 0.496536 210 0.264836 208 0.238627
  210 -5.367573 2.048805 49.082584 -0.224301 -0.974239 0.023387 0.173079 0.276406 3 210 0.519358 209 0.460745 207 0.019897
  210 -5.243262 1.997286 48.594425 -0.242927 -0.969034 0.044273 0.173079 0.264071 3 210 0.522838 209 0.457958 207 0.019204
UV2
  208 -2.688917 2.066001 49.661972 0.009727 -0.992968 0.117983 0.113436 0.265066 3 208 0.526496 207 0.274511 209 0.198993
  209 -3.946085 2.012604 49.106255 -0.018609 -0.993908 0.108631 0.145714 0.264575 3 209 0.496536 210 0.264836 208 0.238627
  208 -2.590606 2.016781 49.262444 0.004333 -0.991175 0.132490 0.113436 0.253394 3 208 0.532510 207 0.268542 209 0.198948
UV2
  207 -1.535748 2.101968 49.706890 0.020626 -0.991500 0.128458 0.081158 0.254385 2 207 0.691079 208 0.308921
  208 -2.688917 2.066001 49.661972 0.009727 -0.992968 0.117983 0.113436 0.265066 3 208 0.526496 207 0.274511 209 0.198993
  208 -2.590606 2.016781 49.262444 0.004333 -0.991175 0.132490 0.113436 0.253394 3 208 0.532510 207 0.268542 209 0.198948
UV2
  209 -4.072954 2.062101 49.565136 -0.007123 -0.996677 0.081140 0.145714 0.276574 3 209 0.499295 210 0.263862 208 0.236843
  210 -5.367573 2.048805 49.082584 -0.224301 -0.974239 0.023387 0.173079 0.276406 3 210 0.519358 209 0.460745 207 0.019897
  209 -3.946085 2.012604 49.106255 -0.018609 -0.993908 0.108631 0.145714 0.264575 3 209 0.496536 210 0.264836 208 0.238627
UV2
  208 -2.688917 2.066001 49.661972 0.009727 -0.992968 0.117983 0.113436 0.265066 3 208 0.526496 207 0.274511 209 0.198993
  209 -4.072954 2.062101 49.565136 -0.007123 -0.996677 0.081140 0.145714 0.276574 3 209 0.499295 210 0.263862 208 0.236843
  209 -3.946085 2.012604 49.106255 -0.018609 -0.993908 0.108631 0.145714 0.264575 3 209 0.496536 210 0.264836 208 0.238627
UV2
  207 -1.603476 2.143223 50.058224 0.024260 -0.992863 0.116762 0.081158 0.265660 2 207 0.706509 208 0.293491
  208 -2.688917 2.066001 49.661972 0.009727 -0.992968 0.117983 0.113436 0.265066 3 208 0.526496 207 0.274511 209 0.198993
  207 -1.535748 2.101968 49.706890 0.020626 -0.991500 0.128458 0.081158 0.254385 2 207 0.691079 208 0.308921
UV2
  207 -0.770187 2.158093 50.044250 0.035815 -0.991610 0.124203 0.053793 0.254514 1 207 1.000000
  207 -1.603476 2.143223 50.058224 0.024260 -0.992863 0.116762 0.081158 0.265660 2 207 0.706509 208 0.293491
  207 -1.535748 2.101968 49.706890 0.020626 -0.991500 0.128458 0.081158 0.254385 2 207 0.691079 208 0.308921
UV2
  208 -2.787329 2.110388 50.062038 0.019369 -0.995655 0.091077 0.113436 0.276737 3 208 0.520535 207 0.280463 209 0.199002
  209 -4.072954 2.062101 49.565136 -0.007123 -0.996677 0.081140 0.145714 0.276574 3 209 0.499295 210 0.263862 208 0.236843
  208 -2.688917 2.066001 49.661972 0.009727 -0.992968 0.117983 0.113436 0.265066 3 208 0.526496 207 0.274511 209 0.198993
UV2
  207 -1.603476 2.143223 50.058224 0.024260 -0.992863 0.116762 0.081158 0.265660 2 207 0.706509 208 0.293491
  208 -2.787329 2.110388 50.062038 0.019369 -0.995655 0.091077 0.113436 0.276737 3 208 0.520535 207 0.280463 209 0.199002
  208 -2.688917 2.066001 49.661972 0.009727 -0.992968 0.117983 0.113436 0.265066 3 208 0.526496 207 0.274511 209 0.198993
UV2
  207 -0.844160 2.194849 50.358414 0.022546 -0.993258 0.113712 0.053793 0.265738 1 207 1.000000
  207 -1.603476 2.143223 50.058224 0.024260 -0.992863 0.116762 0.081158 0.265660 2 207 0.706509 208 0.293491
  207 -0.770187 2.158093 50.044250 0.035815 -0.991610 0.124203 0.053793 0.254514 1 207 1.000000
UV2
  207 -0.472234 2.198814 50.292759 0.377174 -0.921971 0.087802 0.035509 0.254059 1 207 1.000000
  207 -0.844160 2.194849 50.358414 0.022546 -0.993258 0.113712 0.053793 0.265738 1 207 1.000000
  207 -0.770187 2.158093 50.044250 0.035815 -0.991610 0.124203 0.053793 0.254514 1 207 1.000000
UV2
  207 -1.671246 2.181097 50.409908 0.031930 -0.994972 0.094925 0.081158 0.276936 2 207 0.721974 208 0.278026
  208 -2.787329 2.110388 50.062038 0.019369 -0.995655 0.091077 0.113436 0.276737 3 208 0.520535 207 0.280463 209 0.199002
  207 -1.603476 2.143223 50.058224 0.024260 -0.992863 0.116762 0.081158 0.265660 2 207 0.706509 208 0.293491
UV2
  207 -0.844160 2.194849 50.358414 0.022546 -0.993258 0.113712 0.053793 0.265738 1 207 1.000000
  207 -1.671246 2.181097 50.409908 0.031930 -0.994972 0.094925 0.081158 0.276936 2 207 0.721974 208 0.278026
  207 -1.603476 2.143223 50.058224 0.024260 -0.992863 0.116762 0.081158 0.265660 2 207 0.706509 208 0.293491
UV2
  207 -0.472234 2.224858 50.583229 0.366765 -0.926343 0.085857 0.035509 0.265464 1 207 1.000000
  207 -0.844160 2.194849 50.358414 0.022546 -0.993258 0.113712 0.053793 0.265738 1 207 1.000000
  207 -0.472234 2.198814 50.292759 0.377174 -0.921971 0.087802 0.035509 0.254059 1 207 1.000000
UV2
  207 -0.368250 2.292570 50.284435 1.000000 -0.000005 -0.000003 0.032287 0.254059 1 207 1.000000
  207 -0.472234 2.224858 50.583229 0.366765 -0.926343 0.085857 0.035509 0.265464 1 207 1.000000
  207 -0.472234 2.198814 50.292759 0.377174 -0.921971 0.087802 0.035509 0.254059 1 207 1.000000
UV2
  207 -0.918159 2.229079 50.672810 0.021356 -0.995184 0.095670 0.053793 0.276962 1 207 1.000000
  207 -1.671246 2.181097 50.409908 0.031930 -0.994972 0.094925 0.081158 0.276936 2 207 0.721974 208 0.278026
  207 -0.844160 2.194849 50.358414 0.022546 -0.993258 0.113712 0.053793 0.265738 1 207 1.000000
UV2
  207 -0.472234 2.224858 50.583229 0.366765 -0.926343 0.085857 0.035509 0.265464 1 207 1.000000
  207 -0.918159 2.229079 50.672810 0.021356 -0.995184 0.095670 0.053793 0.276962 1 207 1.000000
  207 -0.844160 2.194849 50.358414 0.022546 -0.993258 0.113712 0.053793 0.265738 1 207 1.000000
UV2
  207 -0.368250 2.318614 50.574890 1.000000 0.000009 0.000000 0.032287 0.265464 1 207 1.000000
  207 -0.472234 2.224858 50.583229 0.366765 -0.926343 0.085857 0.035509 0.265464 1 207 1.000000
  207 -0.368250 2.292570 50.284435 1.000000 -0.000005 -0.000003 0.032287 0.254059 1 207 1.000000
UV2
  207 -0.472235 2.386325 50.276100 0.421655 0.903609 -0.075488 0.035509 0.254059 1 207 1.000000
  207 -0.368250 2.318614 50.574890 1.000000 0.000009 0.000000 0.032287 0.265464 1 207 1.000000
  207 -0.368250 2.292570 50.284435 1.000000 -0.000005 -0.000003 0.032287 0.254059 1 207 1.000000
UV2
  207 -0.472234 2.250895 50.873684 0.365105 -0.927330 0.082197 0.035509 0.276870 1 207 1.000000
  207 -0.918159 2.229079 50.672810 0.021356 -0.995184 0.095670 0.053793 0.276962 1 207 1.000000
  207 -0.472234 2.224858 50.583229 0.366765 -0.926343 0.085857 0.035509 0.265464 1 207 1.000000
UV2
  207 -0.368250 2.318614 50.574890 1.000000 0.000009 0.000000 0.032287 0.265464 1 207 1.000000
  207 -0.472234 2.250895 50.873684 0.365105 -0.927330 0.082197 0.035509 0.276870 1 207 1.000000
  207 -0.472234 2.224858 50.583229 0.366765 -0.926343 0.085857 0.035509 0.265464 1 207 1.000000
UV2
  207 -0.472234 2.412369 50.566566 0.394992 0.915378 -0.077877 0.035509 0.265464 1 207 1.000000
  207 -0.368250 2.318614 50.574890 1.000000 0.000009 0.000000 0.032287 0.265464 1 207 1.000000
  207 -0.472235 2.386325 50.276100 0.421655 0.903609 -0.075488 0.035509 0.254059 1 207 1.000000
UV2
  207 -0.767560 2.402255 50.020832 0.062439 0.997503 -0.033012 0.053793 0.254514 1 207 1.000000
  207 -0.472234 2.412369 50.566566 0.394992 0.915378 -0.077877 0.035509 0.265464 1 207 1.000000
  207 -0.472235 2.386325 50.276100 0.421655 0.903609 -0.075488 0.035509 0.254059 1 207 1.000000
UV2
  207 -0.368250 2.344651 50.865360 1.000000 -0.000030 -0.000003 0.032287 0.276870 1 207 1.000000
  207 -0.472234 2.250895 50.873684 0.365105 -0.927330 0.082197 0.035509 0.276870 1 207 1.000000
  207 -0.368250 2.318614 50.574890 1.000000 0.000009 0.000000 0.032287 0.265464 1 207 1.000000
UV2
  207 -0.472234 2.412369 50.566566 0.394992 0.915378 -0.077877 0.035509 0.265464 1 207 1.000000
  207 -0.368250 2.344651 50.865360 1.000000 -0.000030 -0.000003 0.032287 0.276870 1 207 1.000000
  207 -0.368250 2.318614 50.574890 1.000000 0.000009 0.000000 0.032287 0.265464 1 207 1.000000
UV2
  207 -0.841753 2.418554 50.336952 0.046431 0.997831 -0.046665 0.053793 0.265738 1 207 1.000000
  207 -0.472234 2.412369 50.566566 0.394992 0.915378 -0.077877 0.035509 0.265464 1 207 1.000000
  207 -0.767560 2.402255 50.020832 0.062439 0.997503 -0.033012 0.053793 0.254514 1 207 1.000000
UV2
  207 -1.531959 2.429920 49.673092 0.053432 0.998364 -0.020355 0.081158 0.254385 2 207 0.687552 208 0.312448
  207 -0.841753 2.418554 50.336952 0.046431 0.997831 -0.046665 0.053793 0.265738 1 207 1.000000
  207 -0.767560 2.402255 50.020832 0.062439 0.997503 -0.033012 0.053793 0.254514 1 207 1.000000
UV2
  207 -0.472234 2.438413 50.857029 0.379416 0.921802 -0.079532 0.035509 0.276870 1 207 1.000000
  207 -0.368250 2.344651 50.865360 1.000000 -0.000030 -0.000003 0.032287 0.276870 1 207 1.000000
  207 -0.472234 2.412369 50.566566 0.394992 0.915378 -0.077877 0.035509 0.265464 1 207 1.000000
UV2
  207 -0.841753 2.418554 50.336952 0.046431 0.997831 -0.046665 0.053793 0.265738 1 207 1.000000
  207 -0.472234 2.438413 50.857029 0.379416 0.921802 -0.079532 0.035509 0.276870 1 207 1.000000
  207 -0.472234 2.412369 50.566566 0.394992 0.915378 -0.077877 0.035509 0.265464 1 207 1.000000
UV2
  207 -1.600006 2.443701 50.027271 0.053210 0.998038 -0.032992 0.081158 0.265660 2 207 0.703279 208 0.296721
  207 -0.841753 2.418554 50.336952 0.046431 0.997831 -0.046665 0.053793 0.265738 1 207 1.000000
  207 -1.531959 2.429920 49.673092 0.053432 0.998364 -0.020355 0.081158 0.254385 2 207 0.687552 208 0.312448
UV2
  208 -2.580827 2.483645 49.211552 0.044575 0.998996 -0.004446 0.113436 0.253394 3 208 0.529804 207 0.272276 209 0.197920
  207 -1.600006 2.443701 50.027271 0.053210 0.998038 -0.032992 0.081158 0.265660 2 207 0.703279 208 0.296721
  207 -1.531959 2.429920 49.673092 0.053432 0.998364 -0.020355 0.081158 0.254385 2 207 0.687552 208 0.312448
UV2
  207 -0.915919 2.437374 50.652828 0.041117 0.997062 -0.064629 0.053793 0.276962 1 207 1.000000
  207 -0.472234 2.438413 50.857029 0.379416 0.921802 -0.079532 0.035509 0.276870 1 207 1.000000
  207 -0.841753 2.418554 50.336952 0.046431 0.997831 -0.046665 0.053793 0.265738 1 207 1.000000
UV2
  207 -1.600006 2.443701 50.027271 0.053210 0.998038 -0.032992 0.081158 0.265660 2 207 0.703279 208 0.296721
  207 -0.915919 2.437374 50.652828 0.041117 0.997062 -0.064629 0.053793 0.276962 1 207 1.000000
  207 -0.841753 2.418554 50.336952 0.046431 0.997831 -0.046665 0.053793 0.265738 1 207 1.000000
UV2
  208 -2.679958 2.493752 49.615349 0.047040 0.998698 -0.019733 0.113436 0.265066 3 208 0.523735 207 0.278378 209 0.197888
  207 -1.600006 2.443701 50.027271 0.053210 0.998038 -0.032992 0.081158 0.265660 2 207 0.703279 208 0.296721
  208 -2.580827 2.483645 49.211552 0.044575 0.998996 -0.004446 0.113436 0.253394 3 208 0.529804 207 0.272276 209 0.197920
UV2
  209 -3.804343 2.525826 48.581097 0.020021 0.999799 -0.001178 0.145714 0.252577 3 209 0.494523 210 0.268198 208 0.237280
  208 -2.679958 2.493752 49.615349 0.047040 0.998698 -0.019733 0.113436 0.265066 3 208 0.523735 207 0.278378 209 0.197888
  208 -2.580827 2.483645 49.211552 0.044575 0.998996 -0.004446 0.113436 0.253394 3 208 0.529804 207 0.272276 209 0.197920
UV2
  209 -3.932312 2.533569 49.044903 0.025291 0.999547 -0.016319 0.145714 0.264575 3 209 0.496830 210 0.267692 208 0.235478
  208 -2.679958 2.493752 49.615349 0.047040 0.998698 -0.019733 0.113436 0.265066 3 208 0.523735 207 0.278378 209 0.197888
  209 -3.804343 2.525826 48.581097 0.020021 0.999799 -0.001178 0.145714 0.252577 3 209 0.494523 210 0.268198 208 0.237280
UV2
  208 -2.679958 2.493752 49.615349 0.047040 0.998698 -0.019733 0.113436 0.265066 3 208 0.523735 207 0.278378 209 0.197888
  207 -1.668015 2.460869 50.381084 0.056718 0.996872 -0.055044 0.081158 0.276936 2 207 0.718966 208 0.281034
  207 -1.600006 2.443701 50.027271 0.053210 0.998038 -0.032992 0.081158 0.265660 2 207 0.703279 208 0.296721
UV2
  207 -1.668015 2.460869 50.381084 0.056718 0.996872 -0.055044 0.081158 0.276936 2 207 0.718966 208 0.281034
  207 -0.915919 2.437374 50.652828 0.041117 0.997062 -0.064629 0.053793 0.276962 1 207 1.000000
  207 -1.600006 2.443701 50.027271 0.053210 0.998038 -0.032992 0.081158 0.265660 2 207 0.703279 208 0.296721
UV2
  209 -3.932312 2.533569 49.044903 0.025291 0.999547 -0.016319 0.145714 0.264575 3 209 0.496830 210 0.267692 208 0.235478
  208 -2.778989 2.508671 50.018639 0.053755 0.997449 -0.046965 0.113436 0.276737 3 208 0.517741 207 0.284362 209 0.197897
  208 -2.679958 2.493752 49.615349 0.047040 0.998698 -0.019733 0.113436 0.265066 3 208 0.523735 207 0.278378 209 0.197888
UV2
  208 -2.778989 2.508671 50.018639 0.053755 0.997449 -0.046965 0.113436 0.276737 3 208 0.517741 207 0.284362 209 0.197897
  207 -1.668015 2.460869 50.381084 0.056718 0.996872 -0.055044 0.081158 0.276936 2 207 0.718966 208 0.281034
  208 -2.679958 2.493752 49.615349 0.047040 0.998698 -0.019733 0.113436 0.265066 3 208 0.523735 207 0.278378 209 0.197888
UV2
  209 -4.060132 2.547179 49.508018 0.034917 0.998412 -0.044210 0.145714 0.276574 3 209 0.499462 210 0.266752 208 0.233787
  208 -2.778989 2.508671 50.018639 0.053755 0.997449 -0.046965 0.113436 0.276737 3 208 0.517741 207 0.284362 209 0.197897
  209 -3.932312 2.533569 49.044903 0.025291 0.999547 -0.016319 0.145714 0.264575 3 209 0.496830 210 0.267692 208 0.235478
UV2
  210 -5.228441 2.541385 48.529160 -0.210914 0.974359 -0.078361 0.173079 0.264071 3 210 0.524419 209 0.454908 207 0.020673
  209 -4.060132 2.547179 49.508018 0.034917 0.998412 -0.044210 0.145714 0.276574 3 209 0.499462 210 0.266752 208 0.233787
  209 -3.932312 2.533569 49.044903 0.025291 0.999547 -0.016319 0.145714 0.264575 3 209 0.496830 210 0.267692 208 0.235478
UV2
  210 -5.353775 2.555414 49.021835 -0.189570 0.976638 -0.101198 0.173079 0.276406 3 210 0.520991 209 0.457662 207 0.021347
  209 -4.060132 2.547179 49.508018 0.034917 0.998412 -0.044210 0.145714 0.276574 3 209 0.499462 210 0.266752 208 0.233787
  210 -5.228441 2.541385 48.529160 -0.210914 0.974359 -0.078361 0.173079 0.264071 3 210 0.524419 209 0.454908 207 0.020673
UV2
  208 -2.778989 2.508671 50.018639 0.053755 0.997449 -0.046965 0.113436 0.276737 3 208 0.517741 207 0.284362 209 0.197897
  207 -1.735875 2.490992 50.733582 0.068364 0.992934 -0.096997 0.081158 0.288211 2 207 0.734518 208 0.265482
  207 -1.668015 2.460869 50.381084 0.056718 0.996872 -0.055044 0.081158 0.276936 2 207 0.718966 208 0.281034
UV2
  209 -4.060132 2.547179 49.508018 0.034917 0.998412 -0.044210 0.145714 0.276574 3 209 0.499462 210 0.266752 208 0.233787
  208 -2.877632 2.542032 50.419899 0.069227 0.992722 -0.098539 0.113436 0.288409 3 208 0.511843 207 0.290209 209 0.197948
  208 -2.778989 2.508671 50.018639 0.053755 0.997449 -0.046965 0.113436 0.276737 3 208 0.517741 207 0.284362 209 0.197897
UV2
  208 -2.877632 2.542032 50.419899 0.069227 0.992722 -0.098539 0.113436 0.288409 3 208 0.511843 207 0.290209 209 0.197948
  207 -1.735875 2.490992 50.733582 0.068364 0.992934 -0.096997 0.081158 0.288211 2 207 0.734518 208 0.265482
  208 -2.778989 2.508671 50.018639 0.053755 0.997449 -0.046965 0.113436 0.276737 3 208 0.517741 207 0.284362 209 0.197897
UV2
  210 -5.353775 2.555414 49.021835 -0.189570 0.976638 -0.101198 0.173079 0.276406 3 210 0.520991 209 0.457662 207 0.021347
  209 -4.187358 2.583244 49.968502 0.053609 0.993712 -0.098301 0.145714 0.288573 3 209 0.502274 210 0.265715 208 0.232010
  209 -4.060132 2.547179 49.508018 0.034917 0.998412 -0.044210 0.145714 0.276574 3 209 0.499462 210 0.266752 208 0.233787
UV2
  209 -4.187358 2.583244 49.968502 0.053609 0.993712 -0.098301 0.145714 0.288573 3 209 0.502274 210 0.265715 208 0.232010
  208 -2.877632 2.542032 50.419899 0.069227 0.992722 -0.098539 0.113436 0.288409 3 208 0.511843 207 0.290209 209 0.197948
  209 -4.060132 2.547179 49.508018 0.034917 0.998412 -0.044210 0.145714 0.276574 3 209 0.499462 210 0.266752 208 0.233787
UV2
  210 -5.478469 2.592897 49.511662 -0.175572 0.972749 -0.151437 0.173079 0.288741 3 210 0.517468 209 0.460519 207 0.022013
  209 -4.187358 2.583244 49.968502 0.053609 0.993712 -0.098301 0.145714 0.288573 3 209 0.502274 210 0.265715 208 0.232010
  210 -5.353775 2.555414 49.021835 -0.189570 0.976638 -0.101198 0.173079 0.276406 3 210 0.520991 209 0.457662 207 0.021347
UV2
  210 -5.565977 2.456797 48.974030 -0.656621 0.723805 -0.212026 0.179812 0.276377 3 210 0.678714 209 0.317926 207 0.003360
  210 -5.478469 2.592897 49.511662 -0.175572 0.972749 -0.151437 0.173079 0.288741 3 210 0.517468 209 0.460519 207 0.022013
  210 -5.353775 2.555414 49.021835 -0.189570 0.976638 -0.101198 0.173079 0.276406 3 210 0.520991 209 0.457662 207 0.021347
UV2
  209 -4.187358 2.583244 49.968502 0.053609 0.993712 -0.098301 0.145714 0.288573 3 209 0.502274 210 0.265715 208 0.232010
  208 -2.975725 2.601743 50.818298 0.079438 0.988144 -0.131383 0.113436 0.300081 3 208 0.505986 207 0.295974 209 0.198040
  208 -2.877632 2.542032 50.419899 0.069227 0.992722 -0.098539 0.113436 0.288409 3 208 0.511843 207 0.290209 209 0.197948
UV2
  210 -5.691294 2.492599 49.466328 -0.656990 0.715029 -0.238951 0.179812 0.288769 3 210 0.674994 209 0.321578 207 0.003428
  210 -5.478469 2.592897 49.511662 -0.175572 0.972749 -0.151437 0.173079 0.288741 3 210 0.517468 209 0.460519 207 0.022013
  210 -5.565977 2.456797 48.974030 -0.656621 0.723805 -0.212026 0.179812 0.276377 3 210 0.678714 209 0.317926 207 0.003360
UV2
  210 -5.651141 2.301601 48.973728 -0.969559 -0.001225 -0.244855 0.182382 0.276462 3 210 0.758240 209 0.241643 207 0.000117
  210 -5.691294 2.492599 49.466328 -0.656990 0.715029 -0.238951 0.179812 0.288769 3 210 0.674994 209 0.321578 207 0.003428
  210 -5.565977 2.456797 48.974030 -0.656621 0.723805 -0.212026 0.179812 0.276377 3 210 0.678714 209 0.317926 207 0.003360
UV2
  210 -5.478469 2.592897 49.511662 -0.175572 0.972749 -0.151437 0.173079 0.288741 3 210 0.517468 209 0.460519 207 0.022013
  209 -4.313735 2.651404 50.425194 0.064854 0.988963 -0.133212 0.145714 0.300572 3 209 0.505311 210 0.264651 208 0.230037
  209 -4.187358 2.583244 49.968502 0.053609 0.993712 -0.098301 0.145714 0.288573 3 209 0.502274 210 0.265715 208 0.232010
UV2
  209 -4.313735 2.651404 50.425194 0.064854 0.988963 -0.133212 0.145714 0.300572 3 209 0.505311 210 0.264651 208 0.230037
  208 -2.975725 2.601743 50.818298 0.079438 0.988144 -0.131383 0.113436 0.300081 3 208 0.505986 207 0.295974 209 0.198040
  209 -4.187358 2.583244 49.968502 0.053609 0.993712 -0.098301 0.145714 0.288573 3 209 0.502274 210 0.265715 208 0.232010
UV2
  210 -5.691294 2.492599 49.466328 -0.656990 0.715029 -0.238951 0.179812 0.288769 3 210 0.674994 209 0.321578 207 0.003428
  210 -5.602251 2.663897 49.997467 -0.188656 0.964013 -0.187319 0.173079 0.301076 3 210 0.514099 209 0.463566 207 0.022335
  210 -5.478469 2.592897 49.511662 -0.175572 0.972749 -0.151437 0.173079 0.288741 3 210 0.517468 209 0.460519 207 0.022013
UV2
  210 -5.602251 2.663897 49.997467 -0.188656 0.964013 -0.187319 0.173079 0.301076 3 210 0.514099 209 0.463566 207 0.022335
  209 -4.313735 2.651404 50.425194 0.064854 0.988963 -0.133212 0.145714 0.300572 3 209 0.505311 210 0.264651 208 0.230037
  210 -5.478469 2.592897 49.511662 -0.175572 0.972749 -0.151437 0.173079 0.288741 3 210 0.517468 209 0.460519 207 0.022013
UV2
  210 -5.774822 2.334073 49.459633 -0.967865 -0.006810 -0.251378 0.182382 0.288684 3 210 0.754385 209 0.245488 207 0.000127
  210 -5.691294 2.492599 49.466328 -0.656990 0.715029 -0.238951 0.179812 0.288769 3 210 0.674994 209 0.321578 207 0.003428
  210 -5.651141 2.301601 48.973728 -0.969559 -0.001225 -0.244855 0.182382 0.276462 3 210 0.758240 209 0.241643 207 0.000117
UV2
  210 -5.574434 2.146319 49.011257 -0.679046 -0.725086 -0.114659 0.179812 0.276377 3 210 0.677570 209 0.319438 207 0.002992
  210 -5.774822 2.334073 49.459633 -0.967865 -0.006810 -0.251378 0.182382 0.288684 3 210 0.754385 209 0.245488 207 0.000127
  210 -5.651141 2.301601 48.973728 -0.969559 -0.001225 -0.244855 0.182382 0.276462 3 210 0.758240 209 0.241643 207 0.000117
UV2
  210 -5.816055 2.548952 49.956188 -0.688633 0.678274 -0.256376 0.179812 0.301161 3 210 0.671202 209 0.325160 207 0.003638
  210 -5.602251 2.663897 49.997467 -0.188656 0.964013 -0.187319 0.173079 0.301076 3 210 0.514099 209 0.463566 207 0.022335
  210 -5.691294 2.492599 49.466328 -0.656990 0.715029 -0.238951 0.179812 0.288769 3 210 0.674994 209 0.321578 207 0.003428
UV2
  210 -5.774822 2.334073 49.459633 -0.967865 -0.006810 -0.251378 0.182382 0.288684 3 210 0.754385 209 0.245488 207 0.000127
  210 -5.816055 2.548952 49.956188 -0.688633 0.678274 -0.256376 0.179812 0.301161 3 210 0.671202 209 0.325160 207 0.003638
  210 -5.691294 2.492599 49.466328 -0.656990 0.715029 -0.238951 0.179812 0.288769 3 210 0.674994 209 0.321578 207 0.003428
UV2
  210 -5.699911 2.176349 49.504265 -0.678335 -0.721381 -0.139540 0.179812 0.288769 3 210 0.673801 209 0.323081 207 0.003118
  210 -5.774822 2.334073 49.459633 -0.967865 -0.006810 -0.251378 0.182382 0.288684 3 210 0.754385 209 0.245488 207 0.000127
  210 -5.574434 2.146319 49.011257 -0.679046 -0.725086 -0.114659 0.179812 0.276377 3 210 0.677570 209 0.319438 207 0.002992
UV2
  210 -5.367573 2.048805 49.082584 -0.224301 -0.974239 0.023387 0.173079 0.276406 3 210 0.519358 209 0.460745 207 0.019897
  210 -5.699911 2.176349 49.504265 -0.678335 -0.721381 -0.139540 0.179812 0.288769 3 210 0.673801 209 0.323081 207 0.003118
  210 -5.574434 2.146319 49.011257 -0.679046 -0.725086 -0.114659 0.179812 0.276377 3 210 0.677570 209 0.319438 207 0.002992
UV2
  210 -5.898498 2.366544 49.945530 -0.967038 -0.009890 -0.254440 0.182382 0.300906 3 210 0.750577 209 0.249296 207 0.000127
  210 -5.816055 2.548952 49.956188 -0.688633 0.678274 -0.256376 0.179812 0.301161 3 210 0.671202 209 0.325160 207 0.003638
  210 -5.774822 2.334073 49.459633 -0.967865 -0.006810 -0.251378 0.182382 0.288684 3 210 0.754385 209 0.245488 207 0.000127
UV2
  210 -5.699911 2.176349 49.504265 -0.678335 -0.721381 -0.139540 0.179812 0.288769 3 210 0.673801 209 0.323081 207 0.003118
  210 -5.898498 2.366544 49.945530 -0.967038 -0.009890 -0.254440 0.182382 0.300906 3 210 0.750577 209 0.249296 207 0.000127
  210 -5.774822 2.334073 49.459633 -0.967865 -0.006810 -0.251378 0.182382 0.288684 3 210 0.754385 209 0.245488 207 0.000127
UV2
  210 -5.492525 2.076864 49.573547 -0.215027 -0.976250 -0.026427 0.173079 0.288741 3 210 0.515861 209 0.463540 207 0.020599
  210 -5.699911 2.176349 49.504265 -0.678335 -0.721381 -0.139540 0.179812 0.288769 3 210 0.673801 209 0.323081 207 0.003118
  210 -5.367573 2.048805 49.082584 -0.224301 -0.974239 0.023387 0.173079 0.276406 3 210 0.519358 209 0.460745 207 0.019897
UV2
  209 -4.072954 2.062101 49.565136 -0.007123 -0.996677 0.081140 0.145714 0.276574 3 209 0.499295 210 0.263862 208 0.236843
  210 -5.492525 2.076864 49.573547 -0.215027 -0.976250 -0.026427 0.173079 0.288741 3 210 0.515861 209 0.463540 207 0.020599
  210 -5.367573 2.048805 49.082584 -0.224301 -0.974239 0.023387 0.173079 0.276406 3 210 0.519358 209 0.460745 207 0.019897
UV2
  210 -5.825946 2.185852 49.999737 -0.705426 -0.688510 -0.168308 0.179812 0.301161 3 210 0.669997 209 0.326756 207 0.003247
  210 -5.898498 2.366544 49.945530 -0.967038 -0.009890 -0.254440 0.182382 0.300906 3 210 0.750577 209 0.249296 207 0.000127
  210 -5.699911 2.176349 49.504265 -0.678335 -0.721381 -0.139540 0.179812 0.288769 3 210 0.673801 209 0.323081 207 0.003118
UV2
  210 -5.492525 2.076864 49.573547 -0.215027 -0.976250 -0.026427 0.173079 0.288741 3 210 0.515861 209 0.463540 207 0.020599
  210 -5.825946 2.185852 49.999737 -0.705426 -0.688510 -0.168308 0.179812 0.301161 3 210 0.669997 209 0.326756 207 0.003247
  210 -5.699911 2.176349 49.504265 -0.678335 -0.721381 -0.139540 0.179812 0.288769 3 210 0.673801 209 0.323081 207 0.003118
UV2
  209 -4.200419 2.089156 50.026684 0.013017 -0.999537 0.027504 0.145714 0.288573 3 209 0.501977 210 0.262864 208 0.235160
  210 -5.492525 2.076864 49.573547 -0.215027 -0.976250 -0.026427 0.173079 0.288741 3 210 0.515861 209 0.463540 207 0.020599
  209 -4.072954 2.062101 49.565136 -0.007123 -0.996677 0.081140 0.145714 0.276574 3 209 0.499295 210 0.263862 208 0.236843
UV2
  208 -2.787329 2.110388 50.062038 0.019369 -0.995655 0.091077 0.113436 0.276737 3 208 0.520535 207 0.280463 209 0.199002
  209 -4.200419 2.089156 50.026684 0.013017 -0.999537 0.027504 0.145714 0.288573 3 209 0.501977 210 0.262864 208 0.235160
  209 -4.072954 2.062101 49.565136 -0.007123 -0.996677 0.081140 0.145714 0.276574 3 209 0.499295 210 0.263862 208 0.236843
UV2
  210 -5.618389 2.071412 50.068542 -0.229132 -0.971112 -0.066628 0.173079 0.301076 3 210 0.512332 209 0.466354 207 0.021314
  210 -5.825946 2.185852 49.999737 -0.705426 -0.688510 -0.168308 0.179812 0.301161 3 210 0.669997 209 0.326756 207 0.003247
  210 -5.492525 2.076864 49.573547 -0.215027 -0.976250 -0.026427 0.173079 0.288741 3 210 0.515861 209 0.463540 207 0.020599
UV2
  209 -4.200419 2.089156 50.026684 0.013017 -0.999537 0.027504 0.145714 0.288573 3 209 0.501977 210 0.262864 208 0.235160
  210 -5.618389 2.071412 50.068542 -0.229132 -0.971112 -0.066628 0.173079 0.301076 3 210 0.512332 209 0.466354 207 0.021314
  210 -5.492525 2.076864 49.573547 -0.215027 -0.976250 -0.026427 0.173079 0.288741 3 210 0.515861 209 0.463540 207 0.020599
UV2
  208 -2.886130 2.136339 50.464119 0.037006 -0.998521 0.039821 0.113436 0.288409 3 208 0.514587 207 0.286447 209 0.198967
  209 -4.200419 2.089156 50.026684 0.013017 -0.999537 0.027504 0.145714 0.288573 3 209 0.501977 210 0.262864 208 0.235160
  208 -2.787329 2.110388 50.062038 0.019369 -0.995655 0.091077 0.113436 0.276737 3 208 0.520535 207 0.280463 209 0.199002
UV2
  207 -1.671246 2.181097 50.409908 0.031930 -0.994972 0.094925 0.081158 0.276936 2 207 0.721974 208 0.278026
  208 -2.886130 2.136339 50.464119 0.037006 -0.998521 0.039821 0.113436 0.288409 3 208 0.514587 207 0.286447 209 0.198967
  208 -2.787329 2.110388 50.062038 0.019369 -0.995655 0.091077 0.113436 0.276737 3 208 0.520535 207 0.280463 209 0.199002
UV2
  209 -4.328732 2.084109 50.491985 0.025853 -0.999643 -0.006777 0.145714 0.300572 3 209 0.504561 210 0.261827 208 0.233612
  210 -5.618389 2.071412 50.068542 -0.229132 -0.971112 -0.066628 0.173079 0.301076 3 210 0.512332 209 0.466354 207 0.021314
  209 -4.200419 2.089156 50.026684 0.013017 -0.999537 0.027504 0.145714 0.288573 3 209 0.501977 210 0.262864 208 0.235160
UV2
  208 -2.886130 2.136339 50.464119 0.037006 -0.998521 0.039821 0.113436 0.288409 3 208 0.514587 207 0.286447 209 0.198967
  209 -4.328732 2.084109 50.491985 0.025853 -0.999643 -0.006777 0.145714 0.300572 3 209 0.504561 210 0.261827 208 0.233612
  209 -4.200419 2.089156 50.026684 0.013017 -0.999537 0.027504 0.145714 0.288573 3 209 0.501977 210 0.262864 208 0.235160
UV2
  207 -1.739167 2.206009 50.762936 0.047473 -0.997448 0.053324 0.081158 0.288211 2 207 0.737581 208 0.262419
  208 -2.886130 2.136339 50.464119 0.037006 -0.998521 0.039821 0.113436 0.288409 3 208 0.514587 207 0.286447 209 0.198967
  207 -1.671246 2.181097 50.409908 0.031930 -0.994972 0.094925 0.081158 0.276936 2 207 0.721974 208 0.278026
UV2
  207 -0.918159 2.229079 50.672810 0.021356 -0.995184 0.095670 0.053793 0.276962 1 207 1.000000
  207 -1.739167 2.206009 50.762936 0.047473 -0.997448 0.053324 0.081158 0.288211 2 207 0.737581 208 0.262419
  207 -1.671246 2.181097 50.409908 0.031930 -0.994972 0.094925 0.081158 0.276936 2 207 0.721974 208 0.278026
UV2
  208 -2.985481 2.135948 50.869072 0.049485 -0.998742 0.008149 0.113436 0.300081 3 208 0.508623 207 0.292494 209 0.198884
  209 -4.328732 2.084109 50.491985 0.025853 -0.999643 -0.006777 0.145714 0.300572 3 209 0.504561 210 0.261827 208 0.233612
  208 -2.886130 2.136339 50.464119 0.037006 -0.998521 0.039821 0.113436 0.288409 3 208 0.514587 207 0.286447 209 0.198967
UV2
  207 -1.739167 2.206009 50.762936 0.047473 -0.997448 0.053324 0.081158 0.288211 2 207 0.737581 208 0.262419
  208 -2.985481 2.135948 50.869072 0.049485 -0.998742 0.008149 0.113436 0.300081 3 208 0.508623 207 0.292494 209 0.198884
  208 -2.886130 2.136339 50.464119 0.037006 -0.998521 0.039821 0.113436 0.288409 3 208 0.514587 207 0.286447 209 0.198967
UV2
  207 -0.992265 2.253671 50.988140 0.034557 -0.997375 0.063623 0.053793 0.288185 1 207 1.000000
  207 -1.739167 2.206009 50.762936 0.047473 -0.997448 0.053324 0.081158 0.288211 2 207 0.737581 208 0.262419
  207 -0.918159 2.229079 50.672810 0.021356 -0.995184 0.095670 0.053793 0.276962 1 207 1.000000
UV2
  207 -0.472234 2.250895 50.873684 0.365105 -0.927330 0.082197 0.035509 0.276870 1 207 1.000000
  207 -0.992265 2.253671 50.988140 0.034557 -0.997375 0.063623 0.053793 0.288185 1 207 1.000000
  207 -0.918159 2.229079 50.672810 0.021356 -0.995184 0.095670 0.053793 0.276962 1 207 1.000000
UV2
  207 -1.807299 2.212416 51.117874 0.060671 -0.997781 0.027426 0.081158 0.299487 2 207 0.753386 208 0.246614
  208 -2.985481 2.135948 50.869072 0.049485 -0.998742 0.008149 0.113436 0.300081 3 208 0.508623 207 0.292494 209 0.198884
  207 -1.739167 2.206009 50.762936 0.047473 -0.997448 0.053324 0.081158 0.288211 2 207 0.737581 208 0.262419
UV2
  207 -0.992265 2.253671 50.988140 0.034557 -0.997375 0.063623 0.053793 0.288185 1 207 1.000000
  207 -1.807299 2.212416 51.117874 0.060671 -0.997781 0.027426 0.081158 0.299487 2 207 0.753386 208 0.246614
  207 -1.739167 2.206009 50.762936 0.047473 -0.997448 0.053324 0.081158 0.288211 2 207 0.737581 208 0.262419
UV2
  207 -0.472234 2.276946 51.164150 0.373130 -0.924468 0.078313 0.035509 0.288277 1 207 1.000000
  207 -0.992265 2.253671 50.988140 0.034557 -0.997375 0.063623 0.053793 0.288185 1 207 1.000000
  207 -0.472234 2.250895 50.873684 0.365105 -0.927330 0.082197 0.035509 0.276870 1 207 1.000000
UV2
  207 -0.368250 2.344651 50.865360 1.000000 -0.000030 -0.000003 0.032287 0.276870 1 207 1.000000
  207 -0.472234 2.276946 51.164150 0.373130 -0.924468 0.078313 0.035509 0.288277 1 207 1.000000
  207 -0.472234 2.250895 50.873684 0.365105 -0.927330 0.082197 0.035509 0.276870 1 207 1.000000
UV2
  207 -1.066517 2.264476 51.304783 0.053207 -0.997503 0.046443 0.053793 0.299409 1 207 1.000000
  207 -1.807299 2.212416 51.117874 0.060671 -0.997781 0.027426 0.081158 0.299487 2 207 0.753386 208 0.246614
  207 -0.992265 2.253671 50.988140 0.034557 -0.997375 0.063623 0.053793 0.288185 1 207 1.000000
UV2
  207 -0.472234 2.276946 51.164150 0.373130 -0.924468 0.078313 0.035509 0.288277 1 207 1.000000
  207 -1.066517 2.264476 51.304783 0.053207 -0.997503 0.046443 0.053793 0.299409 1 207 1.000000
  207 -0.992265 2.253671 50.988140 0.034557 -0.997375 0.063623 0.053793 0.288185 1 207 1.000000
UV2
  207 -0.368250 2.370702 51.155830 1.000000 0.000008 0.000003 0.032287 0.288277 1 207 1.000000
  207 -0.472234 2.276946 51.164150 0.373130 -0.924468 0.078313 0.035509 0.288277 1 207 1.000000
  207 -0.368250 2.344651 50.865360 1.000000 -0.000030 -0.000003 0.032287 0.276870 1 207 1.000000
UV2
  207 -0.472234 2.438413 50.857029 0.379416 0.921802 -0.079532 0.035509 0.276870 1 207 1.000000
  207 -0.368250 2.370702 51.155830 1.000000 0.000008 0.000003 0.032287 0.288277 1 207 1.000000
  207 -0.368250 2.344651 50.865360 1.000000 -0.000030 -0.000003 0.032287 0.276870 1 207 1.000000
UV2
  207 -0.472233 2.302983 51.454620 0.384589 -0.919739 0.078552 0.035509 0.299682 1 207 1.000000
  207 -1.066517 2.264476 51.304783 0.053207 -0.997503 0.046443 0.053793 0.299409 1 207 1.000000
  207 -0.472234 2.276946 51.164150 0.373130 -0.924468 0.078313 0.035509 0.288277 1 207 1.000000
UV2
  207 -0.368250 2.370702 51.155830 1.000000 0.000008 0.000003 0.032287 0.288277 1 207 1.000000
  207 -0.472233 2.302983 51.454620 0.384589 -0.919739 0.078552 0.035509 0.299682 1 207 1.000000
  207 -0.472234 2.276946 51.164150 0.373130 -0.924468 0.078313 0.035509 0.288277 1 207 1.000000
UV2
  207 -0.472234 2.464457 51.147495 0.375609 0.923127 -0.082186 0.035509 0.288277 1 207 1.000000
  207 -0.368250 2.370702 51.155830 1.000000 0.000008 0.000003 0.032287 0.288277 1 207 1.000000
  207 -0.472234 2.438413 50.857029 0.379416 0.921802 -0.079532 0.035509 0.276870 1 207 1.000000
UV2
  207 -0.915919 2.437374 50.652828 0.041117 0.997062 -0.064629 0.053793 0.276962 1 207 1.000000
  207 -0.472234 2.464457 51.147495 0.375609 0.923127 -0.082186 0.035509 0.288277 1 207 1.000000
  207 -0.472234 2.438413 50.857029 0.379416 0.921802 -0.079532 0.035509 0.276870 1 207 1.000000
UV2
  207 -0.368249 2.396739 51.446285 1.000000 0.000001 -0.000001 0.032287 0.299682 1 207 1.000000
  207 -0.472233 2.302983 51.454620 0.384589 -0.919739 0.078552 0.035509 0.299682 1 207 1.000000
  207 -0.368250 2.370702 51.155830 1.000000 0.000008 0.000003 0.032287 0.288277 1 207 1.000000
UV2
  207 -0.472234 2.464457 51.147495 0.375609 0.923127 -0.082186 0.035509 0.288277 1 207 1.000000
  207 -0.368249 2.396739 51.446285 1.000000 0.000001 -0.000001 0.032287 0.299682 1 207 1.000000
  207 -0.368250 2.370702 51.155830 1.000000 0.000008 0.000003 0.032287 0.288277 1 207 1.000000
UV2
  207 -0.989983 2.465838 50.967785 0.053042 0.993915 -0.096538 0.053793 0.288185 1 207 1.000000
  207 -0.472234 2.464457 51.147495 0.375609 0.923127 -0.082186 0.035509 0.288277 1 207 1.000000
  207 -0.915919 2.437374 50.652828 0.041117 0.997062 -0.064629 0.053793 0.276962 1 207 1.000000
UV2
  207 -1.668015 2.460869 50.381084 0.056718 0.996872 -0.055044 0.081158 0.276936 2 207 0.718966 208 0.281034
  207 -0.989983 2.465838 50.967785 0.053042 0.993915 -0.096538 0.053793 0.288185 1 207 1.000000
  207 -0.915919 2.437374 50.652828 0.041117 0.997062 -0.064629 0.053793 0.276962 1 207 1.000000
UV2
  207 -1.735875 2.490992 50.733582 0.068364 0.992934 -0.096997 0.081158 0.288211 2 207 0.734518 208 0.265482
  207 -0.989983 2.465838 50.967785 0.053042 0.993915 -0.096538 0.053793 0.288185 1 207 1.000000
  207 -1.668015 2.460869 50.381084 0.056718 0.996872 -0.055044 0.081158 0.276936 2 207 0.718966 208 0.281034
UV2
  207 -0.989983 2.465838 50.967785 0.053042 0.993915 -0.096538 0.053793 0.288185 1 207 1.000000
  207 -0.472233 2.490494 51.437962 0.382445 0.920063 -0.084966 0.035509 0.299682 1 207 1.000000
  207 -0.472234 2.464457 51.147495 0.375609 0.923127 -0.082186 0.035509 0.288277 1 207 1.000000
UV2
  207 -0.472233 2.490494 51.437962 0.382445 0.920063 -0.084966 0.035509 0.299682 1 207 1.000000
  207 -0.368249 2.396739 51.446285 1.000000 0.000001 -0.000001 0.032287 0.299682 1 207 1.000000
  207 -0.472234 2.464457 51.147495 0.375609 0.923127 -0.082186 0.035509 0.288277 1 207 1.000000
UV2
  207 -1.735875 2.490992 50.733582 0.068364 0.992934 -0.096997 0.081158 0.288211 2 207 0.734518 208 0.265482
  207 -1.063897 2.508082 51.281425 0.069268 0.990653 -0.117506 0.053793 0.299409 1 207 1.000000
  207 -0.989983 2.465838 50.967785 0.053042 0.993915 -0.096538 0.053793 0.288185 1 207 1.000000
UV2
  207 -1.063897 2.508082 51.281425 0.069268 0.990653 -0.117506 0.053793 0.299409 1 207 1.000000
  207 -0.472233 2.490494 51.437962 0.382445 0.920063 -0.084966 0.035509 0.299682 1 207 1.000000
  207 -0.989983 2.465838 50.967785 0.053042 0.993915 -0.096538 0.053793 0.288185 1 207 1.000000
UV2
  207 -1.803520 2.539620 51.084167 0.078188 0.989127 -0.124557 0.081158 0.299487 2 207 0.749869 208 0.250131
  207 -1.063897 2.508082 51.281425 0.069268 0.990653 -0.117506 0.053793 0.299409 1 207 1.000000
  207 -1.735875 2.490992 50.733582 0.068364 0.992934 -0.096997 0.081158 0.288211 2 207 0.734518 208 0.265482
UV2
  208 -2.877632 2.542032 50.419899 0.069227 0.992722 -0.098539 0.113436 0.288409 3 208 0.511843 207 0.290209 209 0.197948
  207 -1.803520 2.539620 51.084167 0.078188 0.989127 -0.124557 0.081158 0.299487 2 207 0.749869 208 0.250131
  207 -1.735875 2.490992 50.733582 0.068364 0.992934 -0.096997 0.081158 0.288211 2 207 0.734518 208 0.265482
UV2
  208 -2.975725 2.601743 50.818298 0.079438 0.988144 -0.131383 0.113436 0.300081 3 208 0.505986 207 0.295974 209 0.198040
  207 -1.803520 2.539620 51.084167 0.078188 0.989127 -0.124557 0.081158 0.299487 2 207 0.749869 208 0.250131
  208 -2.877632 2.542032 50.419899 0.069227 0.992722 -0.098539 0.113436 0.288409 3 208 0.511843 207 0.290209 209 0.197948
UV2
  207 -1.063897 2.508082 51.281425 0.069268 0.990653 -0.117506 0.053793 0.299409 1 207 1.000000
  207 -0.472233 2.516545 51.728432 0.390286 0.916801 -0.084569 0.035509 0.311088 1 207 1.000000
  207 -0.472233 2.490494 51.437962 0.382445 0.920063 -0.084966 0.035509 0.299682 1 207 1.000000
UV2
  207 -1.803520 2.539620 51.084167 0.078188 0.989127 -0.124557 0.081158 0.299487 2 207 0.749869 208 0.250131
  207 -1.137797 2.551693 51.594929 0.084349 0.987544 -0.132822 0.053793 0.310633 1 207 1.000000
  207 -1.063897 2.508082 51.281425 0.069268 0.990653 -0.117506 0.053793 0.299409 1 207 1.000000
UV2
  207 -1.137797 2.551693 51.594929 0.084349 0.987544 -0.132822 0.053793 0.310633 1 207 1.000000
  207 -0.472233 2.516545 51.728432 0.390286 0.916801 -0.084569 0.035509 0.311088 1 207 1.000000
  207 -1.063897 2.508082 51.281425 0.069268 0.990653 -0.117506 0.053793 0.299409 1 207 1.000000
UV2
  208 -2.975725 2.601743 50.818298 0.079438 0.988144 -0.131383 0.113436 0.300081 3 208 0.505986 207 0.295974 209 0.198040
  207 -1.871144 2.590086 51.434547 0.086220 0.985380 -0.146944 0.081158 0.310762 2 207 0.765199 208 0.234801
  207 -1.803520 2.539620 51.084167 0.078188 0.989127 -0.124557 0.081158 0.299487 2 207 0.749869 208 0.250131
UV2
  207 -1.871144 2.590086 51.434547 0.086220 0.985380 -0.146944 0.081158 0.310762 2 207 0.765199 208 0.234801
  207 -1.137797 2.551693 51.594929 0.084349 0.987544 -0.132822 0.053793 0.310633 1 207 1.000000
  207 -1.803520 2.539620 51.084167 0.078188 0.989127 -0.124557 0.081158 0.299487 2 207 0.749869 208 0.250131
UV2
  208 -3.073761 2.664067 51.216393 0.087260 0.983038 -0.161312 0.113436 0.311753 3 208 0.500114 207 0.301606 209 0.198281
  207 -1.871144 2.590086 51.434547 0.086220 0.985380 -0.146944 0.081158 0.310762 2 207 0.765199 208 0.234801
  208 -2.975725 2.601743 50.818298 0.079438 0.988144 -0.131383 0.113436 0.300081 3 208 0.505986 207 0.295974 209 0.198040
UV2
  209 -4.313735 2.651404 50.425194 0.064854 0.988963 -0.133212 0.145714 0.300572 3 209 0.505311 210 0.264651 208 0.230037
  208 -3.073761 2.664067 51.216393 0.087260 0.983038 -0.161312 0.113436 0.311753 3 208 0.500114 207 0.301606 209 0.198281
  208 -2.975725 2.601743 50.818298 0.079438 0.988144 -0.131383 0.113436 0.300081 3 208 0.505986 207 0.295974 209 0.198040
UV2
  207 -1.871144 2.590086 51.434547 0.086220 0.985380 -0.146944 0.081158 0.310762 2 207 0.765199 208 0.234801
  207 -1.211570 2.607084 51.907288 0.097601 0.983276 -0.153759 0.053793 0.321856 1 207 1.000000
  207 -1.137797 2.551693 51.594929 0.084349 0.987544 -0.132822 0.053793 0.310633 1 207 1.000000
UV2
  207 -1.938586 2.656367 51.783325 0.093966 0.980888 -0.170377 0.081158 0.322038 2 207 0.780362 208 0.219638
  207 -1.211570 2.607084 51.907288 0.097601 0.983276 -0.153759 0.053793 0.321856 1 207 1.000000
  207 -1.871144 2.590086 51.434547 0.086220 0.985380 -0.146944 0.081158 0.310762 2 207 0.765199 208 0.234801
UV2
  208 -3.073761 2.664067 51.216393 0.087260 0.983038 -0.161312 0.113436 0.311753 3 208 0.500114 207 0.301606 209 0.198281
  207 -1.938586 2.656367 51.783325 0.093966 0.980888 -0.170377 0.081158 0.322038 2 207 0.780362 208 0.219638
  207 -1.871144 2.590086 51.434547 0.086220 0.985380 -0.146944 0.081158 0.310762 2 207 0.765199 208 0.234801
UV2
  207 -1.211570 2.607084 51.907288 0.097601 0.983276 -0.153759 0.053793 0.321856 1 207 1.000000
  207 -0.472233 2.542582 52.018890 0.411903 0.906741 -0.090315 0.035509 0.322495 1 207 1.000000
  207 -1.137797 2.551693 51.594929 0.084349 0.987544 -0.132822 0.053793 0.310633 1 207 1.000000
UV2
  207 -1.137797 2.551693 51.594929 0.084349 0.987544 -0.132822 0.053793 0.310633 1 207 1.000000
  207 -0.472233 2.542582 52.018890 0.411903 0.906741 -0.090315 0.035509 0.322495 1 207 1.000000
  207 -0.472233 2.516545 51.728432 0.390286 0.916801 -0.084569 0.035509 0.311088 1 207 1.000000
UV2
  208 -3.169740 2.748427 51.605614 0.093941 0.977560 -0.188553 0.113436 0.323237 3 208 0.498552 207 0.302330 209 0.199119
  207 -1.938586 2.656367 51.783325 0.093966 0.980888 -0.170377 0.081158 0.322038 2 207 0.780362 208 0.219638
  208 -3.073761 2.664067 51.216393 0.087260 0.983038 -0.161312 0.113436 0.311753 3 208 0.500114 207 0.301606 209 0.198281
UV2
  207 -0.472233 2.542582 52.018890 0.411903 0.906741 -0.090315 0.035509 0.322495 1 207 1.000000
  207 -0.368249 2.448827 52.027222 1.000000 0.000331 -0.000022 0.032287 0.322495 1 207 1.000000
  207 -0.472233 2.516545 51.728432 0.390286 0.916801 -0.084569 0.035509 0.311088 1 207 1.000000
UV2
  209 -4.440025 2.722746 50.881508 0.072792 0.983709 -0.164372 0.145714 0.312570 3 209 0.508318 210 0.263542 208 0.228140
  208 -3.169740 2.748427 51.605614 0.093941 0.977560 -0.188553 0.113436 0.323237 3 208 0.498552 207 0.302330 209 0.199119
  208 -3.073761 2.664067 51.216393 0.087260 0.983038 -0.161312 0.113436 0.311753 3 208 0.500114 207 0.301606 209 0.198281
UV2
  209 -4.440025 2.722746 50.881508 0.072792 0.983709 -0.164372 0.145714 0.312570 3 209 0.508318 210 0.263542 208 0.228140
  208 -3.073761 2.664067 51.216393 0.087260 0.983038 -0.161312 0.113436 0.311753 3 208 0.500114 207 0.301606 209 0.198281
  209 -4.313735 2.651404 50.425194 0.064854 0.988963 -0.133212 0.145714 0.300572 3 209 0.505311 210 0.264651 208 0.230037
UV2
  209 -4.565595 2.821512 51.334602 0.078023 0.978851 -0.189110 0.145714 0.324569 3 209 0.510885 210 0.262630 208 0.226485
  208 -3.169740 2.748427 51.605614 0.093941 0.977560 -0.188553 0.113436 0.323237 3 208 0.498552 207 0.302330 209 0.199119
  209 -4.440025 2.722746 50.881508 0.072792 0.983709 -0.164372 0.145714 0.312570 3 209 0.508318 210 0.263542 208 0.228140
UV2
  210 -5.602251 2.663897 49.997467 -0.188656 0.964013 -0.187319 0.173079 0.301076 3 210 0.514099 209 0.463566 207 0.022335
  209 -4.440025 2.722746 50.881508 0.072792 0.983709 -0.164372 0.145714 0.312570 3 209 0.508318 210 0.263542 208 0.228140
  209 -4.313735 2.651404 50.425194 0.064854 0.988963 -0.133212 0.145714 0.300572 3 209 0.505311 210 0.264651 208 0.230037
UV2
  210 -5.725939 2.738214 50.482883 -0.211605 0.953422 -0.214962 0.173079 0.313410 3 210 0.510773 209 0.466539 207 0.022688
  209 -4.565595 2.821512 51.334602 0.078023 0.978851 -0.189110 0.145714 0.324569 3 209 0.510885 210 0.262630 208 0.226485
  209 -4.440025 2.722746 50.881508 0.072792 0.983709 -0.164372 0.145714 0.312570 3 209 0.508318 210 0.263542 208 0.228140
UV2
  210 -5.725939 2.738214 50.482883 -0.211605 0.953422 -0.214962 0.173079 0.313410 3 210 0.510773 209 0.466539 207 0.022688
  209 -4.440025 2.722746 50.881508 0.072792 0.983709 -0.164372 0.145714 0.312570 3 209 0.508318 210 0.263542 208 0.228140
  210 -5.602251 2.663897 49.997467 -0.188656 0.964013 -0.187319 0.173079 0.301076 3 210 0.514099 209 0.463566 207 0.022335
UV2
  210 -5.849103 2.831891 50.965984 -0.228421 0.945909 -0.230389 0.173079 0.325745 3 210 0.508419 209 0.468893 207 0.022688
  209 -4.565595 2.821512 51.334602 0.078023 0.978851 -0.189110 0.145714 0.324569 3 209 0.510885 210 0.262630 208 0.226485
  210 -5.725939 2.738214 50.482883 -0.211605 0.953422 -0.214962 0.173079 0.313410 3 210 0.510773 209 0.466539 207 0.022688
UV2
  210 -5.816055 2.548952 49.956188 -0.688633 0.678274 -0.256376 0.179812 0.301161 3 210 0.671202 209 0.325160 207 0.003638
  210 -5.725939 2.738214 50.482883 -0.211605 0.953422 -0.214962 0.173079 0.313410 3 210 0.510773 209 0.466539 207 0.022688
  210 -5.602251 2.663897 49.997467 -0.188656 0.964013 -0.187319 0.173079 0.301076 3 210 0.514099 209 0.463566 207 0.022335
UV2
  210 -5.940760 2.607338 50.445789 -0.721567 0.636019 -0.273532 0.179812 0.313553 3 210 0.667781 209 0.328581 207 0.003638
  210 -5.849103 2.831891 50.965984 -0.228421 0.945909 -0.230389 0.173079 0.325745 3 210 0.508419 209 0.468893 207 0.022688
  210 -5.725939 2.738214 50.482883 -0.211605 0.953422 -0.214962 0.173079 0.313410 3 210 0.510773 209 0.466539 207 0.022688
UV2
  210 -5.940760 2.607338 50.445789 -0.721567 0.636019 -0.273532 0.179812 0.313553 3 210 0.667781 209 0.328581 207 0.003638
  210 -5.725939 2.738214 50.482883 -0.211605 0.953422 -0.214962 0.173079 0.313410 3 210 0.510773 209 0.466539 207 0.022688
  210 -5.816055 2.548952 49.956188 -0.688633 0.678274 -0.256376 0.179812 0.301161 3 210 0.671202 209 0.325160 207 0.003638
UV2
  210 -6.064987 2.683286 50.933304 -0.743243 0.610227 -0.274249 0.179812 0.325945 3 210 0.665633 209 0.330729 207 0.003638
  210 -5.849103 2.831891 50.965984 -0.228421 0.945909 -0.230389 0.173079 0.325745 3 210 0.508419 209 0.468893 207 0.022688
  210 -5.940760 2.607338 50.445789 -0.721567 0.636019 -0.273532 0.179812 0.313553 3 210 0.667781 209 0.328581 207 0.003638
UV2
  210 -5.898498 2.366544 49.945530 -0.967038 -0.009890 -0.254440 0.182382 0.300906 3 210 0.750577 209 0.249296 207 0.000127
  210 -5.940760 2.607338 50.445789 -0.721567 0.636019 -0.273532 0.179812 0.313553 3 210 0.667781 209 0.328581 207 0.003638
  210 -5.816055 2.548952 49.956188 -0.688633 0.678274 -0.256376 0.179812 0.301161 3 210 0.671202 209 0.325160 207 0.003638
UV2
  210 -6.022176 2.399016 50.431431 -0.966709 -0.011404 -0.255623 0.182382 0.313128 3 210 0.747200 209 0.252673 207 0.000127
  210 -6.064987 2.683286 50.933304 -0.743243 0.610227 -0.274249 0.179812 0.325945 3 210 0.665633 209 0.330729 207 0.003638
  210 -5.940760 2.607338 50.445789 -0.721567 0.636019 -0.273532 0.179812 0.313553 3 210 0.667781 209 0.328581 207 0.003638
UV2
  210 -6.022176 2.399016 50.431431 -0.966709 -0.011404 -0.255623 0.182382 0.313128 3 210 0.747200 209 0.252673 207 0.000127
  210 -5.940760 2.607338 50.445789 -0.721567 0.636019 -0.273532 0.179812 0.313553 3 210 0.667781 209 0.328581 207 0.003638
  210 -5.898498 2.366544 49.945530 -0.967038 -0.009890 -0.254440 0.182382 0.300906 3 210 0.750577 209 0.249296 207 0.000127
UV2
  210 -6.145852 2.431487 50.917339 -0.966479 -0.023936 -0.255628 0.182382 0.325350 3 210 0.743835 209 0.256035 207 0.000130
  210 -6.064987 2.683286 50.933304 -0.743243 0.610227 -0.274249 0.179812 0.325945 3 210 0.665633 209 0.330729 207 0.003638
  210 -6.022176 2.399016 50.431431 -0.966709 -0.011404 -0.255623 0.182382 0.313128 3 210 0.747200 209 0.252673 207 0.000127
UV2
  210 -5.825946 2.185852 49.999737 -0.705426 -0.688510 -0.168308 0.179812 0.301161 3 210 0.669997 209 0.326756 207 0.003247
  210 -6.022176 2.399016 50.431431 -0.966709 -0.011404 -0.255623 0.182382 0.313128 3 210 0.747200 209 0.252673 207 0.000127
  210 -5.898498 2.366544 49.945530 -0.967038 -0.009890 -0.254440 0.182382 0.300906 3 210 0.750577 209 0.249296 207 0.000127
UV2
  210 -5.952036 2.193310 50.495438 -0.738315 -0.647695 -0.188102 0.179812 0.313553 3 210 0.666299 209 0.330325 207 0.003376
  210 -6.145852 2.431487 50.917339 -0.966479 -0.023936 -0.255628 0.182382 0.325350 3 210 0.743835 209 0.256035 207 0.000130
  210 -6.022176 2.399016 50.431431 -0.966709 -0.011404 -0.255623 0.182382 0.313128 3 210 0.747200 209 0.252673 207 0.000127
UV2
  210 -5.952036 2.193310 50.495438 -0.738315 -0.647695 -0.188102 0.179812 0.313553 3 210 0.666299 209 0.330325 207 0.003376
  210 -6.022176 2.399016 50.431431 -0.966709 -0.011404 -0.255623 0.182382 0.313128 3 210 0.747200 209 0.252673 207 0.000127
  210 -5.825946 2.185852 49.999737 -0.705426 -0.688510 -0.168308 0.179812 0.301161 3 210 0.669997 209 0.326756 207 0.003247
UV2
  210 -6.078607 2.183211 50.993267 -0.738610 -0.639548 -0.213152 0.179812 0.325945 3 210 0.662602 209 0.333697 207 0.003701
  210 -6.145852 2.431487 50.917339 -0.966479 -0.023936 -0.255628 0.182382 0.325350 3 210 0.743835 209 0.256035 207 0.000130
  210 -5.952036 2.193310 50.495438 -0.738315 -0.647695 -0.188102 0.179812 0.313553 3 210 0.666299 209 0.330325 207 0.003376
UV2
  210 -5.618389 2.071412 50.068542 -0.229132 -0.971112 -0.066628 0.173079 0.301076 3 210 0.512332 209 0.466354 207 0.021314
  210 -5.952036 2.193310 50.495438 -0.738315 -0.647695 -0.188102 0.179812 0.313553 3 210 0.666299 209 0.330325 207 0.003376
  210 -5.825946 2.185852 49.999737 -0.705426 -0.688510 -0.168308 0.179812 0.301161 3 210 0.669997 209 0.326756 207 0.003247
UV2
  210 -5.744342 2.062628 50.563923 -0.250343 -0.963633 -0.093484 0.173079 0.313410 3 210 0.508854 209 0.469112 207 0.022035
  210 -6.078607 2.183211 50.993267 -0.738610 -0.639548 -0.213152 0.179812 0.325945 3 210 0.662602 209 0.333697 207 0.003701
  210 -5.952036 2.193310 50.495438 -0.738315 -0.647695 -0.188102 0.179812 0.313553 3 210 0.666299 209 0.330325 207 0.003376
UV2
  210 -5.744342 2.062628 50.563923 -0.250343 -0.963633 -0.093484 0.173079 0.313410 3 210 0.508854 209 0.469112 207 0.022035
  210 -5.952036 2.193310 50.495438 -0.738315 -0.647695 -0.188102 0.179812 0.313553 3 210 0.666299 209 0.330325 207 0.003376
  210 -5.618389 2.071412 50.068542 -0.229132 -0.971112 -0.066628 0.173079 0.301076 3 210 0.512332 209 0.466354 207 0.021314
UV2
  210 -5.870823 2.034492 51.061619 -0.254538 -0.959439 -0.121187 0.173079 0.325745 3 210 0.505612 209 0.471389 207 0.022999
  210 -6.078607 2.183211 50.993267 -0.738610 -0.639548 -0.213152 0.179812 0.325945 3 210 0.662602 209 0.333697 207 0.003701
  210 -5.744342 2.062628 50.563923 -0.250343 -0.963633 -0.093484 0.173079 0.313410 3 210 0.508854 209 0.469112 207 0.022035
UV2
  209 -4.328732 2.084109 50.491985 0.025853 -0.999643 -0.006777 0.145714 0.300572 3 209 0.504561 210 0.261827 208 0.233612
  210 -5.744342 2.062628 50.563923 -0.250343 -0.963633 -0.093484 0.173079 0.313410 3 210 0.508854 209 0.469112 207 0.022035
  210 -5.618389 2.071412 50.068542 -0.229132 -0.971112 -0.066628 0.173079 0.301076 3 210 0.512332 209 0.466354 207 0.021314
UV2
  209 -4.457126 2.075888 50.957684 0.033874 -0.998757 -0.036552 0.145714 0.312570 3 209 0.506926 210 0.260871 208 0.232202
  210 -5.870823 2.034492 51.061619 -0.254538 -0.959439 -0.121187 0.173079 0.325745 3 210 0.505612 209 0.471389 207 0.022999
  210 -5.744342 2.062628 50.563923 -0.250343 -0.963633 -0.093484 0.173079 0.313410 3 210 0.508854 209 0.469112 207 0.022035
UV2
  209 -4.457126 2.075888 50.957684 0.033874 -0.998757 -0.036552 0.145714 0.312570 3 209 0.506926 210 0.260871 208 0.232202
  210 -5.744342 2.062628 50.563923 -0.250343 -0.963633 -0.093484 0.173079 0.313410 3 210 0.508854 209 0.469112 207 0.022035
  209 -4.328732 2.084109 50.491985 0.025853 -0.999643 -0.006777 0.145714 0.300572 3 209 0.504561 210 0.261827 208 0.233612
UV2
  209 -4.586246 2.040236 51.426598 0.039402 -0.997165 -0.064104 0.145714 0.324569 3 209 0.508509 210 0.260951 208 0.230540
  210 -5.870823 2.034492 51.061619 -0.254538 -0.959439 -0.121187 0.173079 0.325745 3 210 0.505612 209 0.471389 207 0.022999
  209 -4.457126 2.075888 50.957684 0.033874 -0.998757 -0.036552 0.145714 0.312570 3 209 0.506926 210 0.260871 208 0.232202
UV2
  208 -2.985481 2.135948 50.869072 0.049485 -0.998742 0.008149 0.113436 0.300081 3 208 0.508623 207 0.292494 209 0.198884
  209 -4.457126 2.075888 50.957684 0.033874 -0.998757 -0.036552 0.145714 0.312570 3 209 0.506926 210 0.260871 208 0.232202
  209 -4.328732 2.084109 50.491985 0.025853 -0.999643 -0.006777 0.145714 0.300572 3 209 0.504561 210 0.261827 208 0.233612
UV2
  208 -3.084886 2.132944 51.274284 0.059507 -0.997991 -0.021754 0.113436 0.311753 3 208 0.502897 207 0.298566 209 0.198537
  209 -4.586246 2.040236 51.426598 0.039402 -0.997165 -0.064104 0.145714 0.324569 3 209 0.508509 210 0.260951 208 0.230540
  209 -4.457126 2.075888 50.957684 0.033874 -0.998757 -0.036552 0.145714 0.312570 3 209 0.506926 210 0.260871 208 0.232202
UV2
  208 -3.084886 2.132944 51.274284 0.059507 -0.997991 -0.021754 0.113436 0.311753 3 208 0.502897 207 0.298566 209 0.198537
  209 -4.457126 2.075888 50.957684 0.033874 -0.998757 -0.036552 0.145714 0.312570 3 209 0.506926 210 0.260871 208 0.232202
  208 -2.985481 2.135948 50.869072 0.049485 -0.998742 0.008149 0.113436 0.300081 3 208 0.508623 207 0.292494 209 0.198884
UV2
  208 -3.183176 2.106936 51.675529 0.066387 -0.996744 -0.045765 0.113436 0.323237 3 208 0.497223 207 0.304736 209 0.198041
  209 -4.586246 2.040236 51.426598 0.039402 -0.997165 -0.064104 0.145714 0.324569 3 209 0.508509 210 0.260951 208 0.230540
  208 -3.084886 2.132944 51.274284 0.059507 -0.997991 -0.021754 0.113436 0.311753 3 208 0.502897 207 0.298566 209 0.198537
UV2
  207 -1.807299 2.212416 51.117874 0.060671 -0.997781 0.027426 0.081158 0.299487 2 207 0.753386 208 0.246614
  208 -3.084886 2.132944 51.274284 0.059507 -0.997991 -0.021754 0.113436 0.311753 3 208 0.502897 207 0.298566 209 0.198537
  208 -2.985481 2.135948 50.869072 0.049485 -0.998742 0.008149 0.113436 0.300081 3 208 0.508623 207 0.292494 209 0.198884
UV2
  207 -1.875454 2.216999 51.472992 0.072670 -0.997345 0.004727 0.081158 0.310762 2 207 0.769211 208 0.230789
  208 -3.183176 2.106936 51.675529 0.066387 -0.996744 -0.045765 0.113436 0.323237 3 208 0.497223 207 0.304736 209 0.198041
  208 -3.084886 2.132944 51.274284 0.059507 -0.997991 -0.021754 0.113436 0.311753 3 208 0.502897 207 0.298566 209 0.198537
UV2
  207 -1.875454 2.216999 51.472992 0.072670 -0.997345 0.004727 0.081158 0.310762 2 207 0.769211 208 0.230789
  208 -3.084886 2.132944 51.274284 0.059507 -0.997991 -0.021754 0.113436 0.311753 3 208 0.502897 207 0.298566 209 0.198537
  207 -1.807299 2.212416 51.117874 0.060671 -0.997781 0.027426 0.081158 0.299487 2 207 0.753386 208 0.246614
UV2
  207 -1.943792 2.205753 51.829750 0.081922 -0.996564 -0.012193 0.081158 0.322038 2 207 0.785207 208 0.214793
  208 -3.183176 2.106936 51.675529 0.066387 -0.996744 -0.045765 0.113436 0.323237 3 208 0.497223 207 0.304736 209 0.198041
  207 -1.875454 2.216999 51.472992 0.072670 -0.997345 0.004727 0.081158 0.310762 2 207 0.769211 208 0.230789
UV2
  207 -1.066517 2.264476 51.304783 0.053207 -0.997503 0.046443 0.053793 0.299409 1 207 1.000000
  207 -1.875454 2.216999 51.472992 0.072670 -0.997345 0.004727 0.081158 0.310762 2 207 0.769211 208 0.230789
  207 -1.807299 2.212416 51.117874 0.060671 -0.997781 0.027426 0.081158 0.299487 2 207 0.753386 208 0.246614
UV2
  207 -1.140785 2.273928 51.621555 0.072857 -0.996914 0.029209 0.053793 0.310633 1 207 1.000000
  207 -1.943792 2.205753 51.829750 0.081922 -0.996564 -0.012193 0.081158 0.322038 2 207 0.785207 208 0.214793
  207 -1.875454 2.216999 51.472992 0.072670 -0.997345 0.004727 0.081158 0.310762 2 207 0.769211 208 0.230789
UV2
  207 -1.140785 2.273928 51.621555 0.072857 -0.996914 0.029209 0.053793 0.310633 1 207 1.000000
  207 -1.875454 2.216999 51.472992 0.072670 -0.997345 0.004727 0.081158 0.310762 2 207 0.769211 208 0.230789
  207 -1.066517 2.264476 51.304783 0.053207 -0.997503 0.046443 0.053793 0.299409 1 207 1.000000
UV2
  207 -1.215179 2.271594 51.939472 0.086723 -0.995991 0.021946 0.053793 0.321856 1 207 1.000000
  207 -1.943792 2.205753 51.829750 0.081922 -0.996564 -0.012193 0.081158 0.322038 2 207 0.785207 208 0.214793
  207 -1.140785 2.273928 51.621555 0.072857 -0.996914 0.029209 0.053793 0.310633 1 207 1.000000
UV2
  207 -0.472233 2.302983 51.454620 0.384589 -0.919739 0.078552 0.035509 0.299682 1 207 1.000000
  207 -1.140785 2.273928 51.621555 0.072857 -0.996914 0.029209 0.053793 0.310633 1 207 1.000000
  207 -1.066517 2.264476 51.304783 0.053207 -0.997503 0.046443 0.053793 0.299409 1 207 1.000000
UV2
  207 -0.472233 2.329027 51.745090 0.397604 -0.914383 0.076256 0.035509 0.311088 1 207 1.000000
  207 -1.215179 2.271594 51.939472 0.086723 -0.995991 0.021946 0.053793 0.321856 1 207 1.000000
  207 -1.140785 2.273928 51.621555 0.072857 -0.996914 0.029209 0.053793 0.310633 1 207 1.000000
UV2
  207 -0.472233 2.329027 51.745090 0.397604 -0.914383 0.076256 0.035509 0.311088 1 207 1.000000
  207 -1.140785 2.273928 51.621555 0.072857 -0.996914 0.029209 0.053793 0.310633 1 207 1.000000
  207 -0.472233 2.302983 51.454620 0.384589 -0.919739 0.078552 0.035509 0.299682 1 207 1.000000
UV2
  207 -0.472233 2.355071 52.035561 0.419526 -0.904116 0.081065 0.035509 0.322495 1 207 1.000000
  207 -1.215179 2.271594 51.939472 0.086723 -0.995991 0.021946 0.053793 0.321856 1 207 1.000000
  207 -0.472233 2.329027 51.745090 0.397604 -0.914383 0.076256 0.035509 0.311088 1 207 1.000000
UV2
  207 -0.368249 2.396739 51.446285 1.000000 0.000001 -0.000001 0.032287 0.299682 1 207 1.000000
  207 -0.472233 2.329027 51.745090 0.397604 -0.914383 0.076256 0.035509 0.311088 1 207 1.000000
  207 -0.472233 2.302983 51.454620 0.384589 -0.919739 0.078552 0.035509 0.299682 1 207 1.000000
UV2
  207 -0.368249 2.422782 51.736752 1.000000 -0.000012 -0.000005 0.032287 0.311088 1 207 1.000000
  207 -0.472233 2.355071 52.035561 0.419526 -0.904116 0.081065 0.035509 0.322495 1 207 1.000000
  207 -0.472233 2.329027 51.745090 0.397604 -0.914383 0.076256 0.035509 0.311088 1 207 1.000000
UV2
  207 -0.368249 2.422782 51.736752 1.000000 -0.000012 -0.000005 0.032287 0.311088 1 207 1.000000
  207 -0.472233 2.329027 51.745090 0.397604 -0.914383 0.076256 0.035509 0.311088 1 207 1.000000
  207 -0.368249 2.396739 51.446285 1.000000 0.000001 -0.000001 0.032287 0.299682 1 207 1.000000
UV2
  207 -0.368249 2.448827 52.027222 1.000000 0.000331 -0.000022 0.032287 0.322495 1 207 1.000000
  207 -0.472233 2.355071 52.035561 0.419526 -0.904116 0.081065 0.035509 0.322495 1 207 1.000000
  207 -0.368249 2.422782 51.736752 1.000000 -0.000012 -0.000005 0.032287 0.311088 1 207 1.000000
UV2
  207 -0.472233 2.490494 51.437962 0.382445 0.920063 -0.084966 0.035509 0.299682 1 207 1.000000
  207 -0.368249 2.422782 51.736752 1.000000 -0.000012 -0.000005 0.032287 0.311088 1 207 1.000000
  207 -0.368249 2.396739 51.446285 1.000000 0.000001 -0.000001 0.032287 0.299682 1 207 1.000000
UV2
  207 -0.472233 2.516545 51.728432 0.390286 0.916801 -0.084569 0.035509 0.311088 1 207 1.000000
  207 -0.368249 2.448827 52.027222 1.000000 0.000331 -0.000022 0.032287 0.322495 1 207 1.000000
  207 -0.368249 2.422782 51.736752 1.000000 -0.000012 -0.000005 0.032287 0.311088 1 207 1.000000
UV2
  207 -0.472233 2.516545 51.728432 0.390286 0.916801 -0.084569 0.035509 0.311088 1 207 1.000000
  207 -0.368249 2.422782 51.736752 1.000000 -0.000012 -0.000005 0.032287 0.311088 1 207 1.000000
  207 -0.472233 2.490494 51.437962 0.382445 0.920063 -0.084966 0.035509 0.299682 1 207 1.000000
UV2
  207 -0.454856 2.444791 51.982212 -0.316763 0.085390 0.944653 0.034971 0.320727 1 207 1.000000
  207 -0.368249 2.448827 52.027222 -0.462589 0.078461 0.883094 0.032287 0.322495 1 207 1.000000
  207 -0.472233 2.542582 52.018890 -0.203789 -0.352507 0.913350 0.035509 0.322495 1 207 1.000000
UV2
  207 -0.472233 2.355071 52.035561 -0.198512 0.506518 0.839066 0.035509 0.322495 1 207 1.000000
  207 -0.368249 2.448827 52.027222 -0.462589 0.078461 0.883094 0.032287 0.322495 1 207 1.000000
  207 -0.454856 2.444791 51.982212 -0.316763 0.085390 0.944653 0.034971 0.320727 1 207 1.000000
UV2
  207 -0.454856 2.444791 51.982212 -0.316763 0.085390 0.944653 0.034971 0.320727 1 207 1.000000
  207 -0.472233 2.542582 52.018890 -0.203789 -0.352507 0.913350 0.035509 0.322495 1 207 1.000000
  207 -1.219533 2.559409 51.937305 -0.163389 -0.268729 0.949257 0.053839 0.322764 1 207 1.000000
UV2
  207 -0.472233 2.542582 52.018890 -0.203789 -0.352507 0.913350 0.035509 0.322495 1 207 1.000000
  207 -1.211570 2.607084 51.907288 -0.085050 0.544898 0.834178 0.053793 0.321856 1 207 1.000000
  207 -1.219533 2.559409 51.937305 -0.163389 -0.268729 0.949257 0.053839 0.322764 1 207 1.000000
UV2
  207 -1.222501 2.331710 51.960308 -0.154394 0.463187 0.872708 0.053846 0.322808 1 207 1.000000
  207 -0.472233 2.355071 52.035561 -0.198512 0.506518 0.839066 0.035509 0.322495 1 207 1.000000
  207 -0.454856 2.444791 51.982212 -0.316763 0.085390 0.944653 0.034971 0.320727 1 207 1.000000
UV2
  207 -1.222501 2.331710 51.960308 -0.154394 0.463187 0.872708 0.053846 0.322808 1 207 1.000000
  207 -1.215179 2.271594 51.939472 -0.088597 -0.340889 0.935920 0.053793 0.321856 1 207 1.000000
  207 -0.472233 2.355071 52.035561 -0.198512 0.506518 0.839066 0.035509 0.322495 1 207 1.000000
UV2
  207 -1.219533 2.559409 51.937305 -0.163389 -0.268729 0.949257 0.053839 0.322764 1 207 1.000000
  207 -1.150987 2.415238 51.636539 -0.370882 0.092827 0.924029 0.053946 0.311673 1 207 1.000000
  207 -0.454856 2.444791 51.982212 -0.316763 0.085390 0.944653 0.034971 0.320727 1 207 1.000000
UV2
  207 -0.454856 2.444791 51.982212 -0.316763 0.085390 0.944653 0.034971 0.320727 1 207 1.000000
  207 -1.150987 2.415238 51.636539 -0.370882 0.092827 0.924029 0.053946 0.311673 1 207 1.000000
  207 -1.222501 2.331710 51.960308 -0.154394 0.463187 0.872708 0.053846 0.322808 1 207 1.000000
UV2
  207 -1.219533 2.559409 51.937305 -0.163389 -0.268729 0.949257 0.053839 0.322764 1 207 1.000000
  207 -1.211570 2.607084 51.907288 -0.085050 0.544898 0.834178 0.053793 0.321856 1 207 1.000000
  207 -1.948352 2.597025 51.833450 -0.147134 -0.218159 0.964758 0.081177 0.323437 2 207 0.782595 208 0.217405
UV2
  207 -1.211570 2.607084 51.907288 -0.085050 0.544898 0.834178 0.053793 0.321856 1 207 1.000000
  207 -1.938586 2.656367 51.783325 -0.075099 0.649407 0.756724 0.081158 0.322038 2 207 0.780362 208 0.219638
  207 -1.948352 2.597025 51.833450 -0.147134 -0.218159 0.964758 0.081177 0.323437 2 207 0.782595 208 0.217405
UV2
  207 -1.866454 2.399855 51.406334 -0.275351 0.084837 0.957593 0.081227 0.309258 2 207 0.763785 208 0.236215
  207 -1.150987 2.415238 51.636539 -0.370882 0.092827 0.924029 0.053946 0.311673 1 207 1.000000
  207 -1.219533 2.559409 51.937305 -0.163389 -0.268729 0.949257 0.053839 0.322764 1 207 1.000000
UV2
  207 -1.222501 2.331710 51.960308 -0.154394 0.463187 0.872708 0.053846 0.322808 1 207 1.000000
  207 -1.150987 2.415238 51.636539 -0.370882 0.092827 0.924029 0.053946 0.311673 1 207 1.000000
  207 -1.866454 2.399855 51.406334 -0.275351 0.084837 0.957593 0.081227 0.309258 2 207 0.763785 208 0.236215
UV2
  207 -1.948352 2.597025 51.833450 -0.147134 -0.218159 0.964758 0.081177 0.323437 2 207 0.782595 208 0.217405
  207 -1.866454 2.399855 51.406334 -0.275351 0.084837 0.957593 0.081227 0.309258 2 207 0.763785 208 0.236215
  207 -1.219533 2.559409 51.937305 -0.163389 -0.268729 0.949257 0.053839 0.322764 1 207 1.000000
UV2
  207 -1.952192 2.275152 51.867092 -0.140075 0.392340 0.909092 0.081178 0.323452 2 207 0.786059 208 0.213941
  207 -1.215179 2.271594 51.939472 -0.088597 -0.340889 0.935920 0.053793 0.321856 1 207 1.000000
  207 -1.222501 2.331710 51.960308 -0.154394 0.463187 0.872708 0.053846 0.322808 1 207 1.000000
UV2
  207 -1.222501 2.331710 51.960308 -0.154394 0.463187 0.872708 0.053846 0.322808 1 207 1.000000
  207 -1.866454 2.399855 51.406334 -0.275351 0.084837 0.957593 0.081227 0.309258 2 207 0.763785 208 0.236215
  207 -1.952192 2.275152 51.867092 -0.140075 0.392340 0.909092 0.081178 0.323452 2 207 0.786059 208 0.213941
UV2
  207 -1.952192 2.275152 51.867092 -0.140075 0.392340 0.909092 0.081178 0.323452 2 207 0.786059 208 0.213941
  207 -1.943792 2.205753 51.829750 -0.079095 -0.479760 0.873827 0.081158 0.322038 2 207 0.785207 208 0.214793
  207 -1.215179 2.271594 51.939472 -0.088597 -0.340889 0.935920 0.053793 0.321856 1 207 1.000000
UV2
  208 -3.045571 2.388366 51.108025 -0.279542 0.074350 0.957250 0.113436 0.307762 3 208 0.497380 207 0.303397 209 0.199223
  207 -1.866454 2.399855 51.406334 -0.275351 0.084837 0.957593 0.081227 0.309258 2 207 0.763785 208 0.236215
  207 -1.948352 2.597025 51.833450 -0.147134 -0.218159 0.964758 0.081177 0.323437 2 207 0.782595 208 0.217405
UV2
  207 -1.952192 2.275152 51.867092 -0.140075 0.392340 0.909092 0.081178 0.323452 2 207 0.786059 208 0.213941
  207 -1.866454 2.399855 51.406334 -0.275351 0.084837 0.957593 0.081227 0.309258 2 207 0.763785 208 0.236215
  208 -3.045571 2.388366 51.108025 -0.279542 0.074350 0.957250 0.113436 0.307762 3 208 0.497380 207 0.303397 209 0.199223
UV2
  207 -1.948352 2.597025 51.833450 -0.147134 -0.218159 0.964758 0.081177 0.323437 2 207 0.782595 208 0.217405
  207 -1.938586 2.656367 51.783325 -0.075099 0.649407 0.756724 0.081158 0.322038 2 207 0.780362 208 0.219638
  208 -3.182658 2.673989 51.660011 -0.174514 -0.225740 0.958429 0.113436 0.324571 3 208 0.497481 207 0.303378 209 0.199141
UV2
  208 -3.182658 2.673989 51.660011 -0.174514 -0.225740 0.958429 0.113436 0.324571 3 208 0.497481 207 0.303378 209 0.199141
  208 -3.045571 2.388366 51.108025 -0.279542 0.074350 0.957250 0.113436 0.307762 3 208 0.497380 207 0.303397 209 0.199223
  207 -1.948352 2.597025 51.833450 -0.147134 -0.218159 0.964758 0.081177 0.323437 2 207 0.782595 208 0.217405
UV2
  207 -1.938586 2.656367 51.783325 -0.075099 0.649407 0.756724 0.081158 0.322038 2 207 0.780362 208 0.219638
  208 -3.169740 2.748427 51.605614 -0.096718 0.598140 0.795534 0.113436 0.323237 3 208 0.498552 207 0.302330 209 0.199119
  208 -3.182658 2.673989 51.660011 -0.174514 -0.225740 0.958429 0.113436 0.324571 3 208 0.497481 207 0.303378 209 0.199141
UV2
  208 -3.182658 2.673989 51.660011 -0.174514 -0.225740 0.958429 0.113436 0.324571 3 208 0.497481 207 0.303378 209 0.199141
  208 -3.169740 2.748427 51.605614 -0.096718 0.598140 0.795534 0.113436 0.323237 3 208 0.498552 207 0.302330 209 0.199119
  209 -4.565595 2.821512 51.334602 -0.169510 0.628446 0.759158 0.145714 0.324569 3 209 0.510885 210 0.262630 208 0.226485
UV2
  208 -3.193039 2.178349 51.714031 -0.162157 0.353355 0.921328 0.113436 0.324571 3 208 0.496688 207 0.305164 209 0.198148
  207 -1.943792 2.205753 51.829750 -0.079095 -0.479760 0.873827 0.081158 0.322038 2 207 0.785207 208 0.214793
  207 -1.952192 2.275152 51.867092 -0.140075 0.392340 0.909092 0.081178 0.323452 2 207 0.786059 208 0.213941
UV2
  207 -1.952192 2.275152 51.867092 -0.140075 0.392340 0.909092 0.081178 0.323452 2 207 0.786059 208 0.213941
  208 -3.045571 2.388366 51.108025 -0.279542 0.074350 0.957250 0.113436 0.307762 3 208 0.497380 207 0.303397 209 0.199223
  208 -3.193039 2.178349 51.714031 -0.162157 0.353355 0.921328 0.113436 0.324571 3 208 0.496688 207 0.305164 209 0.198148
UV2
  208 -3.193039 2.178349 51.714031 -0.162157 0.353355 0.921328 0.113436 0.324571 3 208 0.496688 207 0.305164 209 0.198148
  208 -3.183176 2.106936 51.675529 -0.100589 -0.482922 0.869867 0.113436 0.323237 3 208 0.497223 207 0.304736 209 0.198041
  207 -1.943792 2.205753 51.829750 -0.079095 -0.479760 0.873827 0.081158 0.322038 2 207 0.785207 208 0.214793
UV2
  209 -4.586246 2.040236 51.426598 -0.186636 -0.496845 0.847533 0.145714 0.324569 3 209 0.508509 210 0.260951 208 0.230540
  208 -3.183176 2.106936 51.675529 -0.100589 -0.482922 0.869867 0.113436 0.323237 3 208 0.497223 207 0.304736 209 0.198041
  208 -3.193039 2.178349 51.714031 -0.162157 0.353355 0.921328 0.113436 0.324571 3 208 0.496688 207 0.305164 209 0.198148
UV2
  208 -3.182658 2.673989 51.660011 -0.174514 -0.225740 0.958429 0.113436 0.324571 3 208 0.497481 207 0.303378 209 0.199141
  209 -4.565595 2.821512 51.334602 -0.169510 0.628446 0.759158 0.145714 0.324569 3 209 0.510885 210 0.262630 208 0.226485
  209 -4.581627 2.756349 51.385643 -0.223093 -0.147163 0.963625 0.145784 0.325706 3 209 0.510033 210 0.266540 208 0.223427
UV2
  209 -4.581627 2.756349 51.385643 -0.223093 -0.147163 0.963625 0.145784 0.325706 3 209 0.510033 210 0.266540 208 0.223427
  208 -3.045571 2.388366 51.108025 -0.279542 0.074350 0.957250 0.113436 0.307762 3 208 0.497380 207 0.303397 209 0.199223
  208 -3.182658 2.673989 51.660011 -0.174514 -0.225740 0.958429 0.113436 0.324571 3 208 0.497481 207 0.303378 209 0.199141
UV2
  209 -4.598686 2.105491 51.462494 -0.210222 0.295717 0.931857 0.145778 0.325710 3 209 0.507860 210 0.266182 208 0.225958
  209 -4.586246 2.040236 51.426598 -0.186636 -0.496845 0.847533 0.145714 0.324569 3 209 0.508509 210 0.260951 208 0.230540
  208 -3.193039 2.178349 51.714031 -0.162157 0.353355 0.921328 0.113436 0.324571 3 208 0.496688 207 0.305164 209 0.198148
UV2
  208 -3.193039 2.178349 51.714031 -0.162157 0.353355 0.921328 0.113436 0.324571 3 208 0.496688 207 0.305164 209 0.198148
  208 -3.045571 2.388366 51.108025 -0.279542 0.074350 0.957250 0.113436 0.307762 3 208 0.497380 207 0.303397 209 0.199223
  209 -4.598686 2.105491 51.462494 -0.210222 0.295717 0.931857 0.145778 0.325710 3 209 0.507860 210 0.266182 208 0.225958
UV2
  209 -4.581627 2.756349 51.385643 -0.223093 -0.147163 0.963625 0.145784 0.325706 3 209 0.510033 210 0.266540 208 0.223427
  209 -4.434789 2.392779 50.821007 -0.212386 0.074964 0.974306 0.146115 0.310103 3 209 0.511639 210 0.266819 208 0.221543
  208 -3.045571 2.388366 51.108025 -0.279542 0.074350 0.957250 0.113436 0.307762 3 208 0.497380 207 0.303397 209 0.199223
UV2
  208 -3.045571 2.388366 51.108025 -0.279542 0.074350 0.957250 0.113436 0.307762 3 208 0.497380 207 0.303397 209 0.199223
  209 -4.434789 2.392779 50.821007 -0.212386 0.074964 0.974306 0.146115 0.310103 3 209 0.511639 210 0.266819 208 0.221543
  209 -4.598686 2.105491 51.462494 -0.210222 0.295717 0.931857 0.145778 0.325710 3 209 0.507860 210 0.266182 208 0.225958
UV2
  209 -4.581627 2.756349 51.385643 -0.223093 -0.147163 0.963625 0.145784 0.325706 3 209 0.510033 210 0.266540 208 0.223427
  209 -4.565595 2.821512 51.334602 -0.169510 0.628446 0.759158 0.145714 0.324569 3 209 0.510885 210 0.262630 208 0.226485
  210 -5.872881 2.728484 51.016792 -0.225404 -0.128193 0.965795 0.173414 0.326776 3 210 0.508297 209 0.469015 207 0.022688
UV2
  209 -4.565595 2.821512 51.334602 -0.169510 0.628446 0.759158 0.145714 0.324569 3 209 0.510885 210 0.262630 208 0.226485
  210 -5.849103 2.831891 50.965984 -0.314376 0.475901 0.821393 0.173079 0.325745 3 210 0.508419 209 0.468893 207 0.022688
  210 -5.872881 2.728484 51.016792 -0.225404 -0.128193 0.965795 0.173414 0.326776 3 210 0.508297 209 0.469015 207 0.022688
UV2
  210 -5.872881 2.728484 51.016792 -0.225404 -0.128193 0.965795 0.173414 0.326776 3 210 0.508297 209 0.469015 207 0.022688
  210 -5.849103 2.831891 50.965984 -0.314376 0.475901 0.821393 0.173079 0.325745 3 210 0.508419 209 0.468893 207 0.022688
  210 -6.064987 2.683286 50.933304 -0.552929 0.345242 0.758338 0.179812 0.325945 3 210 0.665633 209 0.330729 207 0.003638
UV2
  210 -5.771971 2.400311 50.512615 0.208343 0.060352 0.976192 0.174264 0.313398 3 210 0.515054 209 0.462053 207 0.022893
  209 -4.434789 2.392779 50.821007 -0.212386 0.074964 0.974306 0.146115 0.310103 3 209 0.511639 210 0.266819 208 0.221543
  209 -4.581627 2.756349 51.385643 -0.223093 -0.147163 0.963625 0.145784 0.325706 3 209 0.510033 210 0.266540 208 0.223427
UV2
  210 -5.872881 2.728484 51.016792 -0.225404 -0.128193 0.965795 0.173414 0.326776 3 210 0.508297 209 0.469015 207 0.022688
  210 -5.771971 2.400311 50.512615 0.208343 0.060352 0.976192 0.174264 0.313398 3 210 0.515054 209 0.462053 207 0.022893
  209 -4.581627 2.756349 51.385643 -0.223093 -0.147163 0.963625 0.145784 0.325706 3 209 0.510033 210 0.266540 208 0.223427
UV2
  209 -4.598686 2.105491 51.462494 -0.210222 0.295717 0.931857 0.145778 0.325710 3 209 0.507860 210 0.266182 208 0.225958
  209 -4.434789 2.392779 50.821007 -0.212386 0.074964 0.974306 0.146115 0.310103 3 209 0.511639 210 0.266819 208 0.221543
  210 -5.771971 2.400311 50.512615 0.208343 0.060352 0.976192 0.174264 0.313398 3 210 0.515054 209 0.462053 207 0.022893
UV2
  210 -5.872881 2.728484 51.016792 -0.225404 -0.128193 0.965795 0.173414 0.326776 3 210 0.508297 209 0.469015 207 0.022688
  210 -6.064987 2.683286 50.933304 -0.552929 0.345242 0.758338 0.179812 0.325945 3 210 0.665633 209 0.330729 207 0.003638
  210 -6.030074 2.621233 50.984768 -0.114623 -0.089363 0.989381 0.178379 0.326733 3 210 0.633390 209 0.362515 207 0.004095
UV2
  210 -6.030074 2.621233 50.984768 -0.114623 -0.089363 0.989381 0.178379 0.326733 3 210 0.633390 209 0.362515 207 0.004095
  210 -5.771971 2.400311 50.512615 0.208343 0.060352 0.976192 0.174264 0.313398 3 210 0.515054 209 0.462053 207 0.022893
  210 -5.872881 2.728484 51.016792 -0.225404 -0.128193 0.965795 0.173414 0.326776 3 210 0.508297 209 0.469015 207 0.022688
UV2
  210 -6.030074 2.621233 50.984768 -0.114623 -0.089363 0.989381 0.178379 0.326733 3 210 0.633390 209 0.362515 207 0.004095
  210 -6.064987 2.683286 50.933304 -0.552929 0.345242 0.758338 0.179812 0.325945 3 210 0.665633 209 0.330729 207 0.003638
  210 -6.089859 2.434662 50.981392 -0.082072 0.125183 0.988733 0.180215 0.326488 3 210 0.670148 209 0.326167 207 0.003685
UV2
  210 -6.089859 2.434662 50.981392 -0.082072 0.125183 0.988733 0.180215 0.326488 3 210 0.670148 209 0.326167 207 0.003685
  210 -5.771971 2.400311 50.512615 0.208343 0.060352 0.976192 0.174264 0.313398 3 210 0.515054 209 0.462053 207 0.022893
  210 -6.030074 2.621233 50.984768 -0.114623 -0.089363 0.989381 0.178379 0.326733 3 210 0.633390 209 0.362515 207 0.004095
UV2
  210 -6.064987 2.683286 50.933304 -0.552929 0.345242 0.758338 0.179812 0.325945 3 210 0.665633 209 0.330729 207 0.003638
  210 -6.145852 2.431487 50.917339 -0.751535 0.100833 0.651941 0.182382 0.325350 3 210 0.743835 209 0.256035 207 0.000130
  210 -6.089859 2.434662 50.981392 -0.082072 0.125183 0.988733 0.180215 0.326488 3 210 0.670148 209 0.326167 207 0.003685
UV2
  210 -6.089859 2.434662 50.981392 -0.082072 0.125183 0.988733 0.180215 0.326488 3 210 0.670148 209 0.326167 207 0.003685
  210 -6.145852 2.431487 50.917339 -0.751535 0.100833 0.651941 0.182382 0.325350 3 210 0.743835 209 0.256035 207 0.000130
  210 -6.078607 2.183211 50.993267 -0.589973 -0.130782 0.796761 0.179812 0.325945 3 210 0.662602 209 0.333697 207 0.003701
UV2
  210 -6.040182 2.250197 51.029278 -0.111683 0.316520 0.941988 0.178379 0.326733 3 210 0.632312 209 0.363570 207 0.004118
  210 -5.771971 2.400311 50.512615 0.208343 0.060352 0.976192 0.174264 0.313398 3 210 0.515054 209 0.462053 207 0.022893
  210 -6.089859 2.434662 50.981392 -0.082072 0.125183 0.988733 0.180215 0.326488 3 210 0.670148 209 0.326167 207 0.003685
UV2
  210 -6.089859 2.434662 50.981392 -0.082072 0.125183 0.988733 0.180215 0.326488 3 210 0.670148 209 0.326167 207 0.003685
  210 -6.078607 2.183211 50.993267 -0.589973 -0.130782 0.796761 0.179812 0.325945 3 210 0.662602 209 0.333697 207 0.003701
  210 -6.040182 2.250197 51.029278 -0.111683 0.316520 0.941988 0.178379 0.326733 3 210 0.632312 209 0.363570 207 0.004118
UV2
  209 -4.598686 2.105491 51.462494 -0.210222 0.295717 0.931857 0.145778 0.325710 3 209 0.507860 210 0.266182 208 0.225958
  210 -5.771971 2.400311 50.512615 0.208343 0.060352 0.976192 0.174264 0.313398 3 210 0.515054 209 0.462053 207 0.022893
  210 -5.887935 2.124802 51.090832 -0.249751 0.253015 0.934670 0.173360 0.326805 3 210 0.506636 209 0.470366 207 0.022999
UV2
  210 -5.887935 2.124802 51.090832 -0.249751 0.253015 0.934670 0.173360 0.326805 3 210 0.506636 209 0.470366 207 0.022999
  210 -5.771971 2.400311 50.512615 0.208343 0.060352 0.976192 0.174264 0.313398 3 210 0.515054 209 0.462053 207 0.022893
  210 -6.040182 2.250197 51.029278 -0.111683 0.316520 0.941988 0.178379 0.326733 3 210 0.632312 209 0.363570 207 0.004118
UV2
  210 -6.040182 2.250197 51.029278 -0.111683 0.316520 0.941988 0.178379 0.326733 3 210 0.632312 209 0.363570 207 0.004118
  210 -6.078607 2.183211 50.993267 -0.589973 -0.130782 0.796761 0.179812 0.325945 3 210 0.662602 209 0.333697 207 0.003701
  210 -5.887935 2.124802 51.090832 -0.249751 0.253015 0.934670 0.173360 0.326805 3 210 0.506636 209 0.470366 207 0.022999
UV2
  210 -5.887935 2.124802 51.090832 -0.249751 0.253015 0.934670 0.173360 0.326805 3 210 0.506636 209 0.470366 207 0.022999
  209 -4.586246 2.040236 51.426598 -0.186636 -0.496845 0.847533 0.145714 0.324569 3 209 0.508509 210 0.260951 208 0.230540
  209 -4.598686 2.105491 51.462494 -0.210222 0.295717 0.931857 0.145778 0.325710 3 209 0.507860 210 0.266182 208 0.225958
UV2
  210 -6.078607 2.183211 50.993267 -0.589973 -0.130782 0.796761 0.179812 0.325945 3 210 0.662602 209 0.333697 207 0.003701
  210 -5.870823 2.034492 51.061619 -0.350909 -0.347731 0.869452 0.173079 0.325745 3 210 0.505612 209 0.471389 207 0.022999
  210 -5.887935 2.124802 51.090832 -0.249751 0.253015 0.934670 0.173360 0.326805 3 210 0.506636 209 0.470366 207 0.022999
UV2
  210 -5.887935 2.124802 51.090832 -0.249751 0.253015 0.934670 0.173360 0.326805 3 210 0.506636 209 0.470366 207 0.022999
  210 -5.870823 2.034492 51.061619 -0.350909 -0.347731 0.869452 0.173079 0.325745 3 210 0.505612 209 0.471389 207 0.022999
  209 -4.586246 2.040236 51.426598 -0.186636 -0.496845 0.847533 0.145714 0.324569 3 209 0.508509 210 0.260951 208 0.230540
UV2
  207 0.472239 2.172770 50.002289 -0.588490 0.161980 -0.792112 0.035509 0.242653 1 207 1.000000
  207 0.454865 2.270562 50.038967 -0.062025 -0.084223 -0.994515 0.034971 0.244420 1 207 1.000000
  207 0.691170 2.162093 49.699070 -0.548029 0.281068 -0.787823 0.053846 0.242344 1 207 1.000000
UV2
  207 0.368255 2.266526 49.993965 0.462495 -0.078351 -0.883153 0.032287 0.242653 1 207 1.000000
  207 0.454865 2.270562 50.038967 -0.062025 -0.084223 -0.994515 0.034971 0.244420 1 207 1.000000
  207 0.472239 2.172770 50.002289 -0.588490 0.161980 -0.792112 0.035509 0.242653 1 207 1.000000
UV2
  207 0.696261 2.117294 49.730476 -0.601092 -0.506661 -0.618047 0.053793 0.243291 1 207 1.000000
  207 0.472239 2.172770 50.002289 -0.588490 0.161980 -0.792112 0.035509 0.242653 1 207 1.000000
  207 0.691170 2.162093 49.699070 -0.548029 0.281068 -0.787823 0.053846 0.242344 1 207 1.000000
UV2
  207 0.368255 2.266526 49.993965 0.462495 -0.078351 -0.883153 0.032287 0.242653 1 207 1.000000
  207 0.472239 2.360281 49.985645 -0.591745 -0.301801 -0.747498 0.035509 0.242653 1 207 1.000000
  207 0.454865 2.270562 50.038967 -0.062025 -0.084223 -0.994515 0.034971 0.244420 1 207 1.000000
UV2
  207 0.696261 2.117294 49.730476 -0.601092 -0.506661 -0.618047 0.053793 0.243291 1 207 1.000000
  207 0.691170 2.162093 49.699070 -0.548029 0.281068 -0.787823 0.053846 0.242344 1 207 1.000000
  207 1.459624 2.105457 49.306374 -0.419695 0.226753 -0.878885 0.081178 0.241700 2 207 0.672791 218 0.327209
UV2
  207 1.468084 2.055284 49.356098 -0.362174 -0.686522 -0.630489 0.081158 0.243110 2 207 0.675706 218 0.324294
  207 0.696261 2.117294 49.730476 -0.601092 -0.506661 -0.618047 0.053793 0.243291 1 207 1.000000
  207 1.459624 2.105457 49.306374 -0.419695 0.226753 -0.878885 0.081178 0.241700 2 207 0.672791 218 0.327209
UV2
  207 0.766830 2.277686 50.002396 -0.220901 -0.077356 -0.972224 0.053946 0.253474 1 207 1.000000
  207 0.691170 2.162093 49.699070 -0.548029 0.281068 -0.787823 0.053846 0.242344 1 207 1.000000
  207 0.454865 2.270562 50.038967 -0.062025 -0.084223 -0.994515 0.034971 0.244420 1 207 1.000000
UV2
  207 0.472239 2.360281 49.985645 -0.591745 -0.301801 -0.747498 0.035509 0.242653 1 207 1.000000
  207 0.689233 2.347369 49.682571 -0.543396 -0.396945 -0.739699 0.053839 0.242387 1 207 1.000000
  207 0.454865 2.270562 50.038967 -0.062025 -0.084223 -0.994515 0.034971 0.244420 1 207 1.000000
UV2
  207 0.766830 2.277686 50.002396 -0.220901 -0.077356 -0.972224 0.053946 0.253474 1 207 1.000000
  207 0.454865 2.270562 50.038967 -0.062025 -0.084223 -0.994515 0.034971 0.244420 1 207 1.000000
  207 0.689233 2.347369 49.682571 -0.543396 -0.396945 -0.739699 0.053839 0.242387 1 207 1.000000
UV2
  207 0.693327 2.389991 49.704330 -0.617792 0.406670 -0.673017 0.053793 0.243291 1 207 1.000000
  207 0.689233 2.347369 49.682571 -0.543396 -0.396945 -0.739699 0.053839 0.242387 1 207 1.000000
  207 0.472239 2.360281 49.985645 -0.591745 -0.301801 -0.747498 0.035509 0.242653 1 207 1.000000
UV2
  207 0.766830 2.277686 50.002396 -0.220901 -0.077356 -0.972224 0.053946 0.253474 1 207 1.000000
  207 1.545120 2.269601 49.736656 -0.319927 -0.074148 -0.944536 0.081227 0.255889 2 207 0.690052 218 0.309948
  207 0.691170 2.162093 49.699070 -0.548029 0.281068 -0.787823 0.053846 0.242344 1 207 1.000000
UV2
  207 0.766830 2.277686 50.002396 -0.220901 -0.077356 -0.972224 0.053946 0.253474 1 207 1.000000
  207 0.689233 2.347369 49.682571 -0.543396 -0.396945 -0.739699 0.053839 0.242387 1 207 1.000000
  207 1.545120 2.269601 49.736656 -0.319927 -0.074148 -0.944536 0.081227 0.255889 2 207 0.690052 218 0.309948
UV2
  207 1.545120 2.269601 49.736656 -0.319927 -0.074148 -0.944536 0.081227 0.255889 2 207 0.690052 218 0.309948
  207 1.459624 2.105457 49.306374 -0.419695 0.226753 -0.878885 0.081178 0.241700 2 207 0.672791 218 0.327209
  207 0.691170 2.162093 49.699070 -0.548029 0.281068 -0.787823 0.053846 0.242344 1 207 1.000000
UV2
  207 0.693327 2.389991 49.704330 -0.617792 0.406670 -0.673017 0.053793 0.243291 1 207 1.000000
  207 1.456658 2.367150 49.279877 -0.413788 -0.371756 -0.831010 0.081177 0.241715 2 207 0.670016 218 0.329984
  207 0.689233 2.347369 49.682571 -0.543396 -0.396945 -0.739699 0.053839 0.242387 1 207 1.000000
UV2
  207 1.545120 2.269601 49.736656 -0.319927 -0.074148 -0.944536 0.081227 0.255889 2 207 0.690052 218 0.309948
  207 0.689233 2.347369 49.682571 -0.543396 -0.396945 -0.739699 0.053839 0.242387 1 207 1.000000
  207 1.456658 2.367150 49.279877 -0.413788 -0.371756 -0.831010 0.081177 0.241715 2 207 0.670016 218 0.329984
UV2
  207 1.463853 2.421566 49.318367 -0.388381 0.564603 -0.728275 0.081158 0.243110 2 207 0.671769 218 0.328231
  207 1.456658 2.367150 49.279877 -0.413788 -0.371756 -0.831010 0.081177 0.241715 2 207 0.670016 218 0.329984
  207 0.693327 2.389991 49.704330 -0.617792 0.406670 -0.673017 0.053793 0.243291 1 207 1.000000
UV2
  207 1.545120 2.269601 49.736656 -0.319927 -0.074148 -0.944536 0.081227 0.255889 2 207 0.690052 218 0.309948
  218 2.619476 2.260362 49.374344 -0.341796 -0.076282 -0.936673 0.113436 0.257385 3 218 0.531413 207 0.268318 219 0.200269
  207 1.459624 2.105457 49.306374 -0.419695 0.226753 -0.878885 0.081178 0.241700 2 207 0.672791 218 0.327209
UV2
  207 1.545120 2.269601 49.736656 -0.319927 -0.074148 -0.944536 0.081227 0.255889 2 207 0.690052 218 0.309948
  207 1.456658 2.367150 49.279877 -0.413788 -0.371756 -0.831010 0.081177 0.241715 2 207 0.670016 218 0.329984
  218 2.619476 2.260362 49.374344 -0.341796 -0.076282 -0.936673 0.113436 0.257385 3 218 0.531413 207 0.268318 219 0.200269
UV2
  207 1.463853 2.421566 49.318367 -0.388381 0.564603 -0.728275 0.081158 0.243110 2 207 0.671769 218 0.328231
  218 2.473203 2.415103 48.774498 -0.425050 -0.394254 -0.814798 0.113436 0.240580 3 218 0.539551 207 0.261320 219 0.199129
  207 1.456658 2.367150 49.279877 -0.413788 -0.371756 -0.831010 0.081177 0.241715 2 207 0.670016 218 0.329984
UV2
  218 2.619476 2.260362 49.374344 -0.341796 -0.076282 -0.936673 0.113436 0.257385 3 218 0.531413 207 0.268318 219 0.200269
  207 1.456658 2.367150 49.279877 -0.413788 -0.371756 -0.831010 0.081177 0.241715 2 207 0.670016 218 0.329984
  218 2.473203 2.415103 48.774498 -0.425050 -0.394254 -0.814798 0.113436 0.240580 3 218 0.539551 207 0.261320 219 0.199129
UV2
  218 2.483126 2.481754 48.813370 -0.428130 0.502006 -0.751461 0.113436 0.241910 3 218 0.535361 207 0.266593 219 0.198046
  218 2.473203 2.415103 48.774498 -0.425050 -0.394254 -0.814798 0.113436 0.240580 3 218 0.539551 207 0.261320 219 0.199129
  207 1.463853 2.421566 49.318367 -0.388381 0.564603 -0.728275 0.081158 0.243110 2 207 0.671769 218 0.328231
UV2
  218 2.483126 2.481754 48.813370 -0.428130 0.502006 -0.751461 0.113436 0.241910 3 218 0.535361 207 0.266593 219 0.198046
  219 3.676118 2.527492 48.116165 -0.398092 0.536407 -0.744171 0.145714 0.240578 3 219 0.492998 220 0.267667 218 0.239335
  218 2.473203 2.415103 48.774498 -0.425050 -0.394254 -0.814798 0.113436 0.240580 3 218 0.539551 207 0.261320 219 0.199129
UV2
  219 3.676118 2.527492 48.116165 -0.398092 0.536407 -0.744171 0.145714 0.240578 3 219 0.492998 220 0.267667 218 0.239335
  219 3.667724 2.469111 48.078518 -0.438154 -0.314358 -0.842140 0.145784 0.239446 3 219 0.494766 220 0.267649 218 0.237584
  218 2.473203 2.415103 48.774498 -0.425050 -0.394254 -0.814798 0.113436 0.240580 3 218 0.539551 207 0.261320 219 0.199129
UV2
  218 2.619476 2.260362 49.374344 -0.341796 -0.076282 -0.936673 0.113436 0.257385 3 218 0.531413 207 0.268318 219 0.200269
  218 2.473203 2.415103 48.774498 -0.425050 -0.394254 -0.814798 0.113436 0.240580 3 218 0.539551 207 0.261320 219 0.199129
  219 3.667724 2.469111 48.078518 -0.438154 -0.314358 -0.842140 0.145784 0.239446 3 219 0.494766 220 0.267649 218 0.237584
UV2
  219 3.676118 2.527492 48.116165 -0.398092 0.536407 -0.744171 0.145714 0.240578 3 219 0.492998 220 0.267667 218 0.239335
  220 4.977172 2.535422 47.541218 -0.258577 0.309787 -0.914970 0.173079 0.239401 3 220 0.528897 219 0.451808 207 0.019295
  219 3.667724 2.469111 48.078518 -0.438154 -0.314358 -0.842140 0.145784 0.239446 3 219 0.494766 220 0.267649 218 0.237584
UV2
  218 2.619476 2.260362 49.374344 -0.341796 -0.076282 -0.936673 0.113436 0.257385 3 218 0.531413 207 0.268318 219 0.200269
  218 2.481641 2.012236 48.818398 -0.509280 0.238885 -0.826782 0.113436 0.240580 3 218 0.538898 207 0.262494 219 0.198608
  207 1.459624 2.105457 49.306374 -0.419695 0.226753 -0.878885 0.081178 0.241700 2 207 0.672791 218 0.327209
UV2
  207 1.468084 2.055284 49.356098 -0.362174 -0.686522 -0.630489 0.081158 0.243110 2 207 0.675706 218 0.324294
  207 1.459624 2.105457 49.306374 -0.419695 0.226753 -0.878885 0.081178 0.241700 2 207 0.672791 218 0.327209
  218 2.481641 2.012236 48.818398 -0.509280 0.238885 -0.826782 0.113436 0.240580 3 218 0.538898 207 0.262494 219 0.198608
UV2
  218 2.494047 1.960326 48.870193 -0.464663 -0.678602 -0.568847 0.113436 0.241910 3 218 0.538523 207 0.262592 219 0.198886
  207 1.468084 2.055284 49.356098 -0.362174 -0.686522 -0.630489 0.081158 0.243110 2 207 0.675706 218 0.324294
  218 2.481641 2.012236 48.818398 -0.509280 0.238885 -0.826782 0.113436 0.240580 3 218 0.538898 207 0.262494 219 0.198608
UV2
  218 2.494047 1.960326 48.870193 -0.464663 -0.678602 -0.568847 0.113436 0.241910 3 218 0.538523 207 0.262592 219 0.198886
  218 2.481641 2.012236 48.818398 -0.509280 0.238885 -0.826782 0.113436 0.240580 3 218 0.538898 207 0.262494 219 0.198608
  219 3.692907 1.444955 48.190945 -0.445632 -0.110827 -0.888330 0.145714 0.240578 3 219 0.491035 220 0.266630 218 0.242335
UV2
  219 3.692907 1.444955 48.190945 -0.445632 -0.110827 -0.888330 0.145714 0.240578 3 219 0.491035 220 0.266630 218 0.242335
  218 2.481641 2.012236 48.818398 -0.509280 0.238885 -0.826782 0.113436 0.240580 3 218 0.538898 207 0.262494 219 0.198608
  219 3.681483 1.940060 48.140713 -0.295308 0.501180 -0.813395 0.145778 0.239442 3 219 0.493263 220 0.266871 218 0.239866
UV2
  218 2.619476 2.260362 49.374344 -0.341796 -0.076282 -0.936673 0.113436 0.257385 3 218 0.531413 207 0.268318 219 0.200269
  219 3.681483 1.940060 48.140713 -0.295308 0.501180 -0.813395 0.145778 0.239442 3 219 0.493263 220 0.266871 218 0.239866
  218 2.481641 2.012236 48.818398 -0.509280 0.238885 -0.826782 0.113436 0.240580 3 218 0.538898 207 0.262494 219 0.198608
UV2
  219 3.692907 1.444955 48.190945 -0.445632 -0.110827 -0.888330 0.145714 0.240578 3 219 0.491035 220 0.266630 218 0.242335
  219 3.681483 1.940060 48.140713 -0.295308 0.501180 -0.813395 0.145778 0.239442 3 219 0.493263 220 0.266871 218 0.239866
  220 4.995238 1.424684 47.620762 -0.252024 -0.393420 -0.884140 0.173079 0.239401 3 220 0.529029 219 0.452507 207 0.018464
UV2
  219 3.850439 2.247962 48.705563 -0.368766 -0.116011 -0.922254 0.146115 0.255044 3 219 0.498205 220 0.272672 218 0.229123
  219 3.681483 1.940060 48.140713 -0.295308 0.501180 -0.813395 0.145778 0.239442 3 219 0.493263 220 0.266871 218 0.239866
  218 2.619476 2.260362 49.374344 -0.341796 -0.076282 -0.936673 0.113436 0.257385 3 218 0.531413 207 0.268318 219 0.200269
UV2
  219 3.850439 2.247962 48.705563 -0.368766 -0.116011 -0.922254 0.146115 0.255044 3 219 0.498205 220 0.272672 218 0.229123
  218 2.619476 2.260362 49.374344 -0.341796 -0.076282 -0.936673 0.113436 0.257385 3 218 0.531413 207 0.268318 219 0.200269
  219 3.667724 2.469111 48.078518 -0.438154 -0.314358 -0.842140 0.145784 0.239446 3 219 0.494766 220 0.267649 218 0.237584
UV2
  220 4.995238 1.424684 47.620762 -0.252024 -0.393420 -0.884140 0.173079 0.239401 3 220 0.529029 219 0.452507 207 0.018464
  219 3.681483 1.940060 48.140713 -0.295308 0.501180 -0.813395 0.145778 0.239442 3 219 0.493263 220 0.266871 218 0.239866
  220 4.991185 1.500538 47.566940 0.112202 -0.161315 -0.980504 0.173360 0.238346 3 220 0.515638 219 0.465871 207 0.018492
UV2
  219 3.850439 2.247962 48.705563 -0.368766 -0.116011 -0.922254 0.146115 0.255044 3 219 0.498205 220 0.272672 218 0.229123
  220 4.991185 1.500538 47.566940 0.112202 -0.161315 -0.980504 0.173360 0.238346 3 220 0.515638 219 0.465871 207 0.018492
  219 3.681483 1.940060 48.140713 -0.295308 0.501180 -0.813395 0.145778 0.239442 3 219 0.493263 220 0.266871 218 0.239866
UV2
  220 4.995238 1.424684 47.620762 -0.252024 -0.393420 -0.884140 0.173079 0.239401 3 220 0.529029 219 0.452507 207 0.018464
  220 4.991185 1.500538 47.566940 0.112202 -0.161315 -0.980504 0.173360 0.238346 3 220 0.515638 219 0.465871 207 0.018492
  220 5.143085 2.049582 47.504341 -0.683219 0.143967 -0.715881 0.178379 0.238176 3 220 0.653509 219 0.343484 207 0.003007
UV2
  220 5.199541 1.552064 47.539009 -0.268730 -0.099698 -0.958042 0.179812 0.239202 3 220 0.688015 219 0.309247 207 0.002738
  220 4.995238 1.424684 47.620762 -0.252024 -0.393420 -0.884140 0.173079 0.239401 3 220 0.529029 219 0.452507 207 0.018464
  220 5.143085 2.049582 47.504341 -0.683219 0.143967 -0.715881 0.178379 0.238176 3 220 0.653509 219 0.343484 207 0.003007
UV2
  220 5.148110 2.236517 48.061623 -0.731844 -0.257181 -0.631080 0.174264 0.251749 3 220 0.535659 219 0.445886 207 0.018455
  220 4.991185 1.500538 47.566940 0.112202 -0.161315 -0.980504 0.173360 0.238346 3 220 0.515638 219 0.465871 207 0.018492
  219 3.850439 2.247962 48.705563 -0.368766 -0.116011 -0.922254 0.146115 0.255044 3 219 0.498205 220 0.272672 218 0.229123
UV2
  220 5.148110 2.236517 48.061623 -0.731844 -0.257181 -0.631080 0.174264 0.251749 3 220 0.535659 219 0.445886 207 0.018455
  220 5.143085 2.049582 47.504341 -0.683219 0.143967 -0.715881 0.178379 0.238176 3 220 0.653509 219 0.343484 207 0.003007
  220 4.991185 1.500538 47.566940 0.112202 -0.161315 -0.980504 0.173360 0.238346 3 220 0.515638 219 0.465871 207 0.018492
UV2
  219 3.850439 2.247962 48.705563 -0.368766 -0.116011 -0.922254 0.146115 0.255044 3 219 0.498205 220 0.272672 218 0.229123
  219 3.667724 2.469111 48.078518 -0.438154 -0.314358 -0.842140 0.145784 0.239446 3 219 0.494766 220 0.267649 218 0.237584
  220 4.979794 2.438854 47.508759 -0.351160 -0.327713 -0.877092 0.173414 0.238375 3 220 0.516876 219 0.464621 207 0.018503
UV2
  220 5.148110 2.236517 48.061623 -0.731844 -0.257181 -0.631080 0.174264 0.251749 3 220 0.535659 219 0.445886 207 0.018455
  219 3.850439 2.247962 48.705563 -0.368766 -0.116011 -0.922254 0.146115 0.255044 3 219 0.498205 220 0.272672 218 0.229123
  220 4.979794 2.438854 47.508759 -0.351160 -0.327713 -0.877092 0.173414 0.238375 3 220 0.516876 219 0.464621 207 0.018503
UV2
  220 4.977172 2.535422 47.541218 -0.258577 0.309787 -0.914970 0.173079 0.239401 3 220 0.528897 219 0.451808 207 0.019295
  220 4.979794 2.438854 47.508759 -0.351160 -0.327713 -0.877092 0.173414 0.238375 3 220 0.516876 219 0.464621 207 0.018503
  219 3.667724 2.469111 48.078518 -0.438154 -0.314358 -0.842140 0.145784 0.239446 3 219 0.494766 220 0.267649 218 0.237584
UV2
  220 5.199541 1.552064 47.539009 -0.268730 -0.099698 -0.958042 0.179812 0.239202 3 220 0.688015 219 0.309247 207 0.002738
  220 5.143085 2.049582 47.504341 -0.683219 0.143967 -0.715881 0.178379 0.238176 3 220 0.653509 219 0.343484 207 0.003007
  220 5.201120 2.201327 47.489731 -0.402530 -0.051641 -0.913949 0.180215 0.238663 3 220 0.693772 219 0.303491 207 0.002737
UV2
  220 5.148110 2.236517 48.061623 -0.731844 -0.257181 -0.631080 0.174264 0.251749 3 220 0.535659 219 0.445886 207 0.018455
  220 5.201120 2.201327 47.489731 -0.402530 -0.051641 -0.913949 0.180215 0.238663 3 220 0.693772 219 0.303491 207 0.002737
  220 5.143085 2.049582 47.504341 -0.683219 0.143967 -0.715881 0.178379 0.238176 3 220 0.653509 219 0.343484 207 0.003007
UV2
  220 5.280102 2.204189 47.516006 0.316506 -0.030195 -0.948110 0.182382 0.239797 3 220 0.767564 219 0.232331 207 0.000105
  220 5.199541 1.552064 47.539009 -0.268730 -0.099698 -0.958042 0.179812 0.239202 3 220 0.688015 219 0.309247 207 0.002738
  220 5.201120 2.201327 47.489731 -0.402530 -0.051641 -0.913949 0.180215 0.238663 3 220 0.693772 219 0.303491 207 0.002737
UV2
  220 5.280102 2.204189 47.516006 0.316506 -0.030195 -0.948110 0.182382 0.239797 3 220 0.767564 219 0.232331 207 0.000105
  220 5.201120 2.201327 47.489731 -0.402530 -0.051641 -0.913949 0.180215 0.238663 3 220 0.693772 219 0.303491 207 0.002737
  220 5.188468 2.406020 47.490257 0.147125 0.200815 -0.968518 0.179812 0.239202 3 220 0.687729 219 0.309276 207 0.002995
UV2
  220 5.148110 2.236517 48.061623 -0.731844 -0.257181 -0.631080 0.174264 0.251749 3 220 0.535659 219 0.445886 207 0.018455
  220 4.979794 2.438854 47.508759 -0.351160 -0.327713 -0.877092 0.173414 0.238375 3 220 0.516876 219 0.464621 207 0.018503
  220 5.135532 2.351356 47.470783 -0.320890 -0.269719 -0.907899 0.178379 0.238242 3 220 0.654359 219 0.342504 207 0.003137
UV2
  220 5.148110 2.236517 48.061623 -0.731844 -0.257181 -0.631080 0.174264 0.251749 3 220 0.535659 219 0.445886 207 0.018455
  220 5.135532 2.351356 47.470783 -0.320890 -0.269719 -0.907899 0.178379 0.238242 3 220 0.654359 219 0.342504 207 0.003137
  220 5.201120 2.201327 47.489731 -0.402530 -0.051641 -0.913949 0.180215 0.238663 3 220 0.693772 219 0.303491 207 0.002737
UV2
  220 4.977172 2.535422 47.541218 -0.258577 0.309787 -0.914970 0.173079 0.239401 3 220 0.528897 219 0.451808 207 0.019295
  220 5.135532 2.351356 47.470783 -0.320890 -0.269719 -0.907899 0.178379 0.238242 3 220 0.654359 219 0.342504 207 0.003137
  220 4.979794 2.438854 47.508759 -0.351160 -0.327713 -0.877092 0.173414 0.238375 3 220 0.516876 219 0.464621 207 0.018503
UV2
  220 5.188468 2.406020 47.490257 0.147125 0.200815 -0.968518 0.179812 0.239202 3 220 0.687729 219 0.309276 207 0.002995
  220 5.201120 2.201327 47.489731 -0.402530 -0.051641 -0.913949 0.180215 0.238663 3 220 0.693772 219 0.303491 207 0.002737
  220 5.135532 2.351356 47.470783 -0.320890 -0.269719 -0.907899 0.178379 0.238242 3 220 0.654359 219 0.342504 207 0.003137
UV2
  220 5.188468 2.406020 47.490257 0.147125 0.200815 -0.968518 0.179812 0.239202 3 220 0.687729 219 0.309276 207 0.002995
  220 5.135532 2.351356 47.470783 -0.320890 -0.269719 -0.907899 0.178379 0.238242 3 220 0.654359 219 0.342504 207 0.003137
  220 4.977172 2.535422 47.541218 -0.258577 0.309787 -0.914970 0.173079 0.239401 3 220 0.528897 219 0.451808 207 0.019295
UV2
  207 0.770191 2.158093 50.044250 -0.035815 -0.991610 0.124204 0.053793 0.254514 1 207 1.000000
  207 0.472239 2.172770 50.002289 -0.318036 -0.942837 0.099556 0.035509 0.242653 1 207 1.000000
  207 0.696261 2.117294 49.730476 -0.032747 -0.990053 0.136831 0.053793 0.243291 1 207 1.000000
UV2
  207 0.770191 2.158093 50.044250 -0.035815 -0.991610 0.124204 0.053793 0.254514 1 207 1.000000
  207 0.472240 2.198814 50.292759 -0.377174 -0.921971 0.087803 0.035509 0.254059 1 207 1.000000
  207 0.472239 2.172770 50.002289 -0.318036 -0.942837 0.099556 0.035509 0.242653 1 207 1.000000
UV2
  207 0.472240 2.198814 50.292759 -0.377174 -0.921971 0.087803 0.035509 0.254059 1 207 1.000000
  207 0.368255 2.266526 49.993965 -1.000000 -0.000399 0.000036 0.032287 0.242653 1 207 1.000000
  207 0.472239 2.172770 50.002289 -0.318036 -0.942837 0.099556 0.035509 0.242653 1 207 1.000000
UV2
  207 1.535752 2.101970 49.706886 -0.020624 -0.991500 0.128458 0.081158 0.254385 2 207 0.691079 218 0.308921
  207 0.770191 2.158093 50.044250 -0.035815 -0.991610 0.124204 0.053793 0.254514 1 207 1.000000
  207 0.696261 2.117294 49.730476 -0.032747 -0.990053 0.136831 0.053793 0.243291 1 207 1.000000
UV2
  207 1.535752 2.101970 49.706886 -0.020624 -0.991500 0.128458 0.081158 0.254385 2 207 0.691079 218 0.308921
  207 0.696261 2.117294 49.730476 -0.032747 -0.990053 0.136831 0.053793 0.243291 1 207 1.000000
  207 1.468084 2.055284 49.356098 -0.019037 -0.990408 0.136855 0.081158 0.243110 2 207 0.675706 218 0.324294
UV2
  207 0.472240 2.198814 50.292759 -0.377174 -0.921971 0.087803 0.035509 0.254059 1 207 1.000000
  207 0.368256 2.292570 50.284435 -1.000000 -0.000006 -0.000001 0.032287 0.254059 1 207 1.000000
  207 0.368255 2.266526 49.993965 -1.000000 -0.000399 0.000036 0.032287 0.242653 1 207 1.000000
UV2
  207 0.368256 2.292570 50.284435 -1.000000 -0.000006 -0.000001 0.032287 0.254059 1 207 1.000000
  207 0.472239 2.360281 49.985645 -0.420500 0.903667 -0.081028 0.035509 0.242653 1 207 1.000000
  207 0.368255 2.266526 49.993965 -1.000000 -0.000399 0.000036 0.032287 0.242653 1 207 1.000000
UV2
  218 2.590611 2.016784 49.262444 -0.004332 -0.991175 0.132490 0.113436 0.253394 3 218 0.532510 207 0.268542 219 0.198948
  207 1.535752 2.101970 49.706886 -0.020624 -0.991500 0.128458 0.081158 0.254385 2 207 0.691079 218 0.308921
  207 1.468084 2.055284 49.356098 -0.019037 -0.990408 0.136855 0.081158 0.243110 2 207 0.675706 218 0.324294
UV2
  218 2.590611 2.016784 49.262444 -0.004332 -0.991175 0.132490 0.113436 0.253394 3 218 0.532510 207 0.268542 219 0.198948
  207 1.468084 2.055284 49.356098 -0.019037 -0.990408 0.136855 0.081158 0.243110 2 207 0.675706 218 0.324294
  218 2.494047 1.960326 48.870193 0.018705 -0.971813 0.235007 0.113436 0.241910 3 218 0.538523 207 0.262592 219 0.198886
UV2
  207 0.368256 2.292570 50.284435 -1.000000 -0.000006 -0.000001 0.032287 0.254059 1 207 1.000000
  207 0.472239 2.386325 50.276100 -0.421656 0.903608 -0.075486 0.035509 0.254059 1 207 1.000000
  207 0.472239 2.360281 49.985645 -0.420500 0.903667 -0.081028 0.035509 0.242653 1 207 1.000000
UV2
  207 0.472239 2.386325 50.276100 -0.421656 0.903608 -0.075486 0.035509 0.254059 1 207 1.000000
  207 0.693327 2.389991 49.704330 -0.079273 0.996340 -0.031976 0.053793 0.243291 1 207 1.000000
  207 0.472239 2.360281 49.985645 -0.420500 0.903667 -0.081028 0.035509 0.242653 1 207 1.000000
UV2
  219 3.819375 1.957228 48.648041 -0.029879 -0.896863 0.441298 0.145714 0.252577 3 219 0.493756 220 0.265806 218 0.240439
  218 2.590611 2.016784 49.262444 -0.004332 -0.991175 0.132490 0.113436 0.253394 3 218 0.532510 207 0.268542 219 0.198948
  218 2.494047 1.960326 48.870193 0.018705 -0.971813 0.235007 0.113436 0.241910 3 218 0.538523 207 0.262592 219 0.198886
UV2
  219 3.819375 1.957228 48.648041 -0.029879 -0.896863 0.441298 0.145714 0.252577 3 219 0.493756 220 0.265806 218 0.240439
  218 2.494047 1.960326 48.870193 0.018705 -0.971813 0.235007 0.113436 0.241910 3 218 0.538523 207 0.262592 219 0.198886
  219 3.692907 1.444955 48.190945 0.086222 -0.732851 0.674904 0.145714 0.240578 3 219 0.491035 220 0.266630 218 0.242335
UV2
  207 0.472239 2.386325 50.276100 -0.421656 0.903608 -0.075486 0.035509 0.254059 1 207 1.000000
  207 0.767564 2.402255 50.020832 -0.062439 0.997503 -0.033012 0.053793 0.254514 1 207 1.000000
  207 0.693327 2.389991 49.704330 -0.079273 0.996340 -0.031976 0.053793 0.243291 1 207 1.000000
UV2
  207 0.767564 2.402255 50.020832 -0.062439 0.997503 -0.033012 0.053793 0.254514 1 207 1.000000
  207 1.463853 2.421566 49.318367 -0.056743 0.998291 -0.013959 0.081158 0.243110 2 207 0.671769 218 0.328231
  207 0.693327 2.389991 49.704330 -0.079273 0.996340 -0.031976 0.053793 0.243291 1 207 1.000000
UV2
  220 5.119115 1.492154 48.107010 0.530392 -0.846879 0.038478 0.173079 0.251736 3 220 0.526307 219 0.455182 207 0.018512
  219 3.819375 1.957228 48.648041 -0.029879 -0.896863 0.441298 0.145714 0.252577 3 219 0.493756 220 0.265806 218 0.240439
  219 3.692907 1.444955 48.190945 0.086222 -0.732851 0.674904 0.145714 0.240578 3 219 0.491035 220 0.266630 218 0.242335
UV2
  220 5.119115 1.492154 48.107010 0.530392 -0.846879 0.038478 0.173079 0.251736 3 220 0.526307 219 0.455182 207 0.018512
  219 3.692907 1.444955 48.190945 0.086222 -0.732851 0.674904 0.145714 0.240578 3 219 0.491035 220 0.266630 218 0.242335
  220 4.995238 1.424684 47.620762 0.507273 -0.840831 0.188885 0.173079 0.239401 3 220 0.529029 219 0.452507 207 0.018464
UV2
  207 0.767564 2.402255 50.020832 -0.062439 0.997503 -0.033012 0.053793 0.254514 1 207 1.000000
  207 1.531964 2.429922 49.673088 -0.053433 0.998364 -0.020355 0.081158 0.254385 2 207 0.687552 218 0.312448
  207 1.463853 2.421566 49.318367 -0.056743 0.998291 -0.013959 0.081158 0.243110 2 207 0.671769 218 0.328231
UV2
  207 1.531964 2.429922 49.673088 -0.053433 0.998364 -0.020355 0.081158 0.254385 2 207 0.687552 218 0.312448
  218 2.483126 2.481754 48.813370 -0.042447 0.999092 0.003764 0.113436 0.241910 3 218 0.535361 207 0.266593 219 0.198046
  207 1.463853 2.421566 49.318367 -0.056743 0.998291 -0.013959 0.081158 0.243110 2 207 0.671769 218 0.328231
UV2
  220 5.324363 2.053739 48.029144 0.914251 -0.403167 -0.040012 0.179812 0.251594 3 220 0.684951 219 0.312306 207 0.002743
  220 5.119115 1.492154 48.107010 0.530392 -0.846879 0.038478 0.173079 0.251736 3 220 0.526307 219 0.455182 207 0.018512
  220 4.995238 1.424684 47.620762 0.507273 -0.840831 0.188885 0.173079 0.239401 3 220 0.529029 219 0.452507 207 0.018464
UV2
  220 5.324363 2.053739 48.029144 0.914251 -0.403167 -0.040012 0.179812 0.251594 3 220 0.684951 219 0.312306 207 0.002743
  220 4.995238 1.424684 47.620762 0.507273 -0.840831 0.188885 0.173079 0.239401 3 220 0.529029 219 0.452507 207 0.018464
  220 5.199541 1.552064 47.539009 0.772373 -0.543761 0.328273 0.179812 0.239202 3 220 0.688015 219 0.309247 207 0.002738
UV2
  207 1.531964 2.429922 49.673088 -0.053433 0.998364 -0.020355 0.081158 0.254385 2 207 0.687552 218 0.312448
  218 2.580831 2.483647 49.211548 -0.044574 0.998996 -0.004446 0.113436 0.253394 3 218 0.529804 207 0.272276 219 0.197920
  218 2.483126 2.481754 48.813370 -0.042447 0.999092 0.003764 0.113436 0.241910 3 218 0.535361 207 0.266593 219 0.198046
UV2
  218 2.580831 2.483647 49.211548 -0.044574 0.998996 -0.004446 0.113436 0.253394 3 218 0.529804 207 0.272276 219 0.197920
  219 3.676118 2.527492 48.116165 -0.015267 0.999859 0.006995 0.145714 0.240578 3 219 0.492998 220 0.267667 218 0.239335
  218 2.483126 2.481754 48.813370 -0.042447 0.999092 0.003764 0.113436 0.241910 3 218 0.535361 207 0.266593 219 0.198046
UV2
  220 5.403784 2.236660 48.001907 0.977859 0.044512 -0.204474 0.182382 0.252019 3 220 0.765404 219 0.234486 207 0.000110
  220 5.324363 2.053739 48.029144 0.914251 -0.403167 -0.040012 0.179812 0.251594 3 220 0.684951 219 0.312306 207 0.002743
  220 5.199541 1.552064 47.539009 0.772373 -0.543761 0.328273 0.179812 0.239202 3 220 0.688015 219 0.309247 207 0.002738
UV2
  220 5.403784 2.236660 48.001907 0.977859 0.044512 -0.204474 0.182382 0.252019 3 220 0.765404 219 0.234486 207 0.000110
  220 5.199541 1.552064 47.539009 0.772373 -0.543761 0.328273 0.179812 0.239202 3 220 0.688015 219 0.309247 207 0.002738
  220 5.280102 2.204189 47.516006 0.958857 0.140423 -0.246728 0.182382 0.239797 3 220 0.767564 219 0.232331 207 0.000105
UV2
  218 2.580831 2.483647 49.211548 -0.044574 0.998996 -0.004446 0.113436 0.253394 3 218 0.529804 207 0.272276 219 0.197920
  219 3.804345 2.525826 48.581089 -0.020021 0.999799 -0.001178 0.145714 0.252577 3 219 0.494523 220 0.268198 218 0.237280
  219 3.676118 2.527492 48.116165 -0.015267 0.999859 0.006995 0.145714 0.240578 3 219 0.492998 220 0.267667 218 0.239335
UV2
  219 3.804345 2.525826 48.581089 -0.020021 0.999799 -0.001178 0.145714 0.252577 3 219 0.494523 220 0.268198 218 0.237280
  220 4.977172 2.535422 47.541218 0.269199 0.960907 -0.064735 0.173079 0.239401 3 220 0.528897 219 0.451808 207 0.019295
  219 3.676118 2.527492 48.116165 -0.015267 0.999859 0.006995 0.145714 0.240578 3 219 0.492998 220 0.267667 218 0.239335
UV2
  220 5.314447 2.417679 47.985474 0.703051 0.682553 -0.199600 0.179812 0.251594 3 220 0.685680 219 0.311201 207 0.003119
  220 5.403784 2.236660 48.001907 0.977859 0.044512 -0.204474 0.182382 0.252019 3 220 0.765404 219 0.234486 207 0.000110
  220 5.280102 2.204189 47.516006 0.958857 0.140423 -0.246728 0.182382 0.239797 3 220 0.767564 219 0.232331 207 0.000105
UV2
  220 5.314447 2.417679 47.985474 0.703051 0.682553 -0.199600 0.179812 0.251594 3 220 0.685680 219 0.311201 207 0.003119
  220 5.280102 2.204189 47.516006 0.958857 0.140423 -0.246728 0.182382 0.239797 3 220 0.767564 219 0.232331 207 0.000105
  220 5.188468 2.406020 47.490257 0.714738 0.673599 -0.188184 0.179812 0.239202 3 220 0.687729 219 0.309276 207 0.002995
UV2
  220 5.102941 2.533493 48.035789 0.233267 0.969948 -0.069193 0.173079 0.251736 3 220 0.527392 219 0.452622 207 0.019986
  220 5.188468 2.406020 47.490257 0.714738 0.673599 -0.188184 0.179812 0.239202 3 220 0.687729 219 0.309276 207 0.002995
  220 4.977172 2.535422 47.541218 0.269199 0.960907 -0.064735 0.173079 0.239401 3 220 0.528897 219 0.451808 207 0.019295
UV2
  220 5.102941 2.533493 48.035789 0.233267 0.969948 -0.069193 0.173079 0.251736 3 220 0.527392 219 0.452622 207 0.019986
  220 5.314447 2.417679 47.985474 0.703051 0.682553 -0.199600 0.179812 0.251594 3 220 0.685680 219 0.311201 207 0.003119
  220 5.188468 2.406020 47.490257 0.714738 0.673599 -0.188184 0.179812 0.239202 3 220 0.687729 219 0.309276 207 0.002995
UV2
  219 3.804345 2.525826 48.581089 -0.020021 0.999799 -0.001178 0.145714 0.252577 3 219 0.494523 220 0.268198 218 0.237280
  220 5.102941 2.533493 48.035789 0.233267 0.969948 -0.069193 0.173079 0.251736 3 220 0.527392 219 0.452622 207 0.019986
  220 4.977172 2.535422 47.541218 0.269199 0.960907 -0.064735 0.173079 0.239401 3 220 0.528897 219 0.451808 207 0.019295
UV2
  220 5.440259 2.435360 48.479954 0.677637 0.707446 -0.200819 0.179812 0.263986 3 220 0.682402 219 0.314358 207 0.003240
  220 5.403784 2.236660 48.001907 0.977859 0.044512 -0.204474 0.182382 0.252019 3 220 0.765404 219 0.234486 207 0.000110
  220 5.314447 2.417679 47.985474 0.703051 0.682553 -0.199600 0.179812 0.251594 3 220 0.685680 219 0.311201 207 0.003119
UV2
  220 5.228439 2.541387 48.529152 0.210912 0.974359 -0.078362 0.173079 0.264071 3 220 0.524419 219 0.454908 207 0.020673
  220 5.314447 2.417679 47.985474 0.703051 0.682553 -0.199600 0.179812 0.251594 3 220 0.685680 219 0.311201 207 0.003119
  220 5.102941 2.533493 48.035789 0.233267 0.969948 -0.069193 0.173079 0.251736 3 220 0.527392 219 0.452622 207 0.019986
UV2
  220 5.228439 2.541387 48.529152 0.210912 0.974359 -0.078362 0.173079 0.264071 3 220 0.524419 219 0.454908 207 0.020673
  220 5.440259 2.435360 48.479954 0.677637 0.707446 -0.200819 0.179812 0.263986 3 220 0.682402 219 0.314358 207 0.003240
  220 5.314447 2.417679 47.985474 0.703051 0.682553 -0.199600 0.179812 0.251594 3 220 0.685680 219 0.311201 207 0.003119
UV2
  219 3.932315 2.533571 49.044895 -0.025291 0.999547 -0.016319 0.145714 0.264575 3 219 0.496830 220 0.267692 218 0.235478
  220 5.102941 2.533493 48.035789 0.233267 0.969948 -0.069193 0.173079 0.251736 3 220 0.527392 219 0.452622 207 0.019986
  219 3.804345 2.525826 48.581089 -0.020021 0.999799 -0.001178 0.145714 0.252577 3 219 0.494523 220 0.268198 218 0.237280
UV2
  219 3.932315 2.533571 49.044895 -0.025291 0.999547 -0.016319 0.145714 0.264575 3 219 0.496830 220 0.267692 218 0.235478
  220 5.228439 2.541387 48.529152 0.210912 0.974359 -0.078362 0.173079 0.264071 3 220 0.524419 219 0.454908 207 0.020673
  220 5.102941 2.533493 48.035789 0.233267 0.969948 -0.069193 0.173079 0.251736 3 220 0.527392 219 0.452622 207 0.019986
UV2
  218 2.679962 2.493754 49.615349 -0.047040 0.998698 -0.019733 0.113436 0.265066 3 218 0.523735 207 0.278378 219 0.197888
  219 3.804345 2.525826 48.581089 -0.020021 0.999799 -0.001178 0.145714 0.252577 3 219 0.494523 220 0.268198 218 0.237280
  218 2.580831 2.483647 49.211548 -0.044574 0.998996 -0.004446 0.113436 0.253394 3 218 0.529804 207 0.272276 219 0.197920
UV2
  218 2.679962 2.493754 49.615349 -0.047040 0.998698 -0.019733 0.113436 0.265066 3 218 0.523735 207 0.278378 219 0.197888
  219 3.932315 2.533571 49.044895 -0.025291 0.999547 -0.016319 0.145714 0.264575 3 219 0.496830 220 0.267692 218 0.235478
  219 3.804345 2.525826 48.581089 -0.020021 0.999799 -0.001178 0.145714 0.252577 3 219 0.494523 220 0.268198 218 0.237280
UV2
  207 1.600010 2.443702 50.027267 -0.053212 0.998038 -0.032992 0.081158 0.265660 2 207 0.703279 218 0.296721
  218 2.679962 2.493754 49.615349 -0.047040 0.998698 -0.019733 0.113436 0.265066 3 218 0.523735 207 0.278378 219 0.197888
  218 2.580831 2.483647 49.211548 -0.044574 0.998996 -0.004446 0.113436 0.253394 3 218 0.529804 207 0.272276 219 0.197920
UV2
  207 1.600010 2.443702 50.027267 -0.053212 0.998038 -0.032992 0.081158 0.265660 2 207 0.703279 218 0.296721
  218 2.580831 2.483647 49.211548 -0.044574 0.998996 -0.004446 0.113436 0.253394 3 218 0.529804 207 0.272276 219 0.197920
  207 1.531964 2.429922 49.673088 -0.053433 0.998364 -0.020355 0.081158 0.254385 2 207 0.687552 218 0.312448
UV2
  218 2.778993 2.508674 50.018635 -0.053754 0.997449 -0.046965 0.113436 0.276737 3 218 0.517741 207 0.284362 219 0.197897
  219 3.932315 2.533571 49.044895 -0.025291 0.999547 -0.016319 0.145714 0.264575 3 219 0.496830 220 0.267692 218 0.235478
  218 2.679962 2.493754 49.615349 -0.047040 0.998698 -0.019733 0.113436 0.265066 3 218 0.523735 207 0.278378 219 0.197888
UV2
  207 0.841758 2.418554 50.336952 -0.046432 0.997831 -0.046664 0.053793 0.265738 1 207 1.000000
  207 1.600010 2.443702 50.027267 -0.053212 0.998038 -0.032992 0.081158 0.265660 2 207 0.703279 218 0.296721
  207 1.531964 2.429922 49.673088 -0.053433 0.998364 -0.020355 0.081158 0.254385 2 207 0.687552 218 0.312448
UV2
  207 0.841758 2.418554 50.336952 -0.046432 0.997831 -0.046664 0.053793 0.265738 1 207 1.000000
  207 1.531964 2.429922 49.673088 -0.053433 0.998364 -0.020355 0.081158 0.254385 2 207 0.687552 218 0.312448
  207 0.767564 2.402255 50.020832 -0.062439 0.997503 -0.033012 0.053793 0.254514 1 207 1.000000
UV2
  207 1.668021 2.460870 50.381084 -0.056719 0.996872 -0.055042 0.081158 0.276936 2 207 0.718966 218 0.281034
  218 2.679962 2.493754 49.615349 -0.047040 0.998698 -0.019733 0.113436 0.265066 3 218 0.523735 207 0.278378 219 0.197888
  207 1.600010 2.443702 50.027267 -0.053212 0.998038 -0.032992 0.081158 0.265660 2 207 0.703279 218 0.296721
UV2
  207 1.668021 2.460870 50.381084 -0.056719 0.996872 -0.055042 0.081158 0.276936 2 207 0.718966 218 0.281034
  218 2.778993 2.508674 50.018635 -0.053754 0.997449 -0.046965 0.113436 0.276737 3 218 0.517741 207 0.284362 219 0.197897
  218 2.679962 2.493754 49.615349 -0.047040 0.998698 -0.019733 0.113436 0.265066 3 218 0.523735 207 0.278378 219 0.197888
UV2
  207 0.915925 2.437374 50.652828 -0.041118 0.997062 -0.064629 0.053793 0.276962 1 207 1.000000
  207 1.600010 2.443702 50.027267 -0.053212 0.998038 -0.032992 0.081158 0.265660 2 207 0.703279 218 0.296721
  207 0.841758 2.418554 50.336952 -0.046432 0.997831 -0.046664 0.053793 0.265738 1 207 1.000000
UV2
  207 0.915925 2.437374 50.652828 -0.041118 0.997062 -0.064629 0.053793 0.276962 1 207 1.000000
  207 1.668021 2.460870 50.381084 -0.056719 0.996872 -0.055042 0.081158 0.276936 2 207 0.718966 218 0.281034
  207 1.600010 2.443702 50.027267 -0.053212 0.998038 -0.032992 0.081158 0.265660 2 207 0.703279 218 0.296721
UV2
  207 0.472240 2.412369 50.566566 -0.394992 0.915378 -0.077876 0.035509 0.265464 1 207 1.000000
  207 0.841758 2.418554 50.336952 -0.046432 0.997831 -0.046664 0.053793 0.265738 1 207 1.000000
  207 0.767564 2.402255 50.020832 -0.062439 0.997503 -0.033012 0.053793 0.254514 1 207 1.000000
UV2
  207 0.472240 2.412369 50.566566 -0.394992 0.915378 -0.077876 0.035509 0.265464 1 207 1.000000
  207 0.767564 2.402255 50.020832 -0.062439 0.997503 -0.033012 0.053793 0.254514 1 207 1.000000
  207 0.472239 2.386325 50.276100 -0.421656 0.903608 -0.075486 0.035509 0.254059 1 207 1.000000
UV2
  207 0.472240 2.438413 50.857029 -0.379416 0.921802 -0.079531 0.035509 0.276870 1 207 1.000000
  207 0.915925 2.437374 50.652828 -0.041118 0.997062 -0.064629 0.053793 0.276962 1 207 1.000000
  207 0.841758 2.418554 50.336952 -0.046432 0.997831 -0.046664 0.053793 0.265738 1 207 1.000000
UV2
  207 0.472240 2.438413 50.857029 -0.379416 0.921802 -0.079531 0.035509 0.276870 1 207 1.000000
  207 0.841758 2.418554 50.336952 -0.046432 0.997831 -0.046664 0.053793 0.265738 1 207 1.000000
  207 0.472240 2.412369 50.566566 -0.394992 0.915378 -0.077876 0.035509 0.265464 1 207 1.000000
UV2
  207 0.368256 2.318614 50.574890 -1.000000 0.000010 0.000002 0.032287 0.265464 1 207 1.000000
  207 0.472240 2.412369 50.566566 -0.394992 0.915378 -0.077876 0.035509 0.265464 1 207 1.000000
  207 0.472239 2.386325 50.276100 -0.421656 0.903608 -0.075486 0.035509 0.254059 1 207 1.000000
UV2
  207 0.368256 2.318614 50.574890 -1.000000 0.000010 0.000002 0.032287 0.265464 1 207 1.000000
  207 0.472239 2.386325 50.276100 -0.421656 0.903608 -0.075486 0.035509 0.254059 1 207 1.000000
  207 0.368256 2.292570 50.284435 -1.000000 -0.000006 -0.000001 0.032287 0.254059 1 207 1.000000
UV2
  207 0.368256 2.344651 50.865360 -1.000000 -0.000031 -0.000001 0.032287 0.276870 1 207 1.000000
  207 0.472240 2.438413 50.857029 -0.379416 0.921802 -0.079531 0.035509 0.276870 1 207 1.000000
  207 0.472240 2.412369 50.566566 -0.394992 0.915378 -0.077876 0.035509 0.265464 1 207 1.000000
UV2
  207 0.368256 2.344651 50.865360 -1.000000 -0.000031 -0.000001 0.032287 0.276870 1 207 1.000000
  207 0.472240 2.412369 50.566566 -0.394992 0.915378 -0.077876 0.035509 0.265464 1 207 1.000000
  207 0.368256 2.318614 50.574890 -1.000000 0.000010 0.000002 0.032287 0.265464 1 207 1.000000
UV2
  207 0.472240 2.224858 50.583229 -0.366766 -0.926343 0.085858 0.035509 0.265464 1 207 1.000000
  207 0.368256 2.318614 50.574890 -1.000000 0.000010 0.000002 0.032287 0.265464 1 207 1.000000
  207 0.368256 2.292570 50.284435 -1.000000 -0.000006 -0.000001 0.032287 0.254059 1 207 1.000000
UV2
  207 0.472240 2.224858 50.583229 -0.366766 -0.926343 0.085858 0.035509 0.265464 1 207 1.000000
  207 0.368256 2.292570 50.284435 -1.000000 -0.000006 -0.000001 0.032287 0.254059 1 207 1.000000
  207 0.472240 2.198814 50.292759 -0.377174 -0.921971 0.087803 0.035509 0.254059 1 207 1.000000
UV2
  207 0.472240 2.250895 50.873684 -0.365105 -0.927331 0.082198 0.035509 0.276870 1 207 1.000000
  207 0.368256 2.344651 50.865360 -1.000000 -0.000031 -0.000001 0.032287 0.276870 1 207 1.000000
  207 0.368256 2.318614 50.574890 -1.000000 0.000010 0.000002 0.032287 0.265464 1 207 1.000000
UV2
  207 0.472240 2.250895 50.873684 -0.365105 -0.927331 0.082198 0.035509 0.276870 1 207 1.000000
  207 0.368256 2.318614 50.574890 -1.000000 0.000010 0.000002 0.032287 0.265464 1 207 1.000000
  207 0.472240 2.224858 50.583229 -0.366766 -0.926343 0.085858 0.035509 0.265464 1 207 1.000000
UV2
  207 0.844166 2.194849 50.358414 -0.022546 -0.993258 0.113712 0.053793 0.265738 1 207 1.000000
  207 0.472240 2.224858 50.583229 -0.366766 -0.926343 0.085858 0.035509 0.265464 1 207 1.000000
  207 0.472240 2.198814 50.292759 -0.377174 -0.921971 0.087803 0.035509 0.254059 1 207 1.000000
UV2
  207 0.844166 2.194849 50.358414 -0.022546 -0.993258 0.113712 0.053793 0.265738 1 207 1.000000
  207 0.472240 2.198814 50.292759 -0.377174 -0.921971 0.087803 0.035509 0.254059 1 207 1.000000
  207 0.770191 2.158093 50.044250 -0.035815 -0.991610 0.124204 0.053793 0.254514 1 207 1.000000
UV2
  207 0.918165 2.229079 50.672810 -0.021356 -0.995184 0.095670 0.053793 0.276962 1 207 1.000000
  207 0.472240 2.250895 50.873684 -0.365105 -0.927331 0.082198 0.035509 0.276870 1 207 1.000000
  207 0.472240 2.224858 50.583229 -0.366766 -0.926343 0.085858 0.035509 0.265464 1 207 1.000000
UV2
  207 0.918165 2.229079 50.672810 -0.021356 -0.995184 0.095670 0.053793 0.276962 1 207 1.000000
  207 0.472240 2.224858 50.583229 -0.366766 -0.926343 0.085858 0.035509 0.265464 1 207 1.000000
  207 0.844166 2.194849 50.358414 -0.022546 -0.993258 0.113712 0.053793 0.265738 1 207 1.000000
UV2
  207 1.603481 2.143224 50.058224 -0.024259 -0.992864 0.116761 0.081158 0.265660 2 207 0.706509 218 0.293491
  207 0.844166 2.194849 50.358414 -0.022546 -0.993258 0.113712 0.053793 0.265738 1 207 1.000000
  207 0.770191 2.158093 50.044250 -0.035815 -0.991610 0.124204 0.053793 0.254514 1 207 1.000000
UV2
  207 1.603481 2.143224 50.058224 -0.024259 -0.992864 0.116761 0.081158 0.265660 2 207 0.706509 218 0.293491
  207 0.770191 2.158093 50.044250 -0.035815 -0.991610 0.124204 0.053793 0.254514 1 207 1.000000
  207 1.535752 2.101970 49.706886 -0.020624 -0.991500 0.128458 0.081158 0.254385 2 207 0.691079 218 0.308921
UV2
  207 1.671252 2.181098 50.409904 -0.031929 -0.994972 0.094924 0.081158 0.276936 2 207 0.721974 218 0.278026
  207 0.918165 2.229079 50.672810 -0.021356 -0.995184 0.095670 0.053793 0.276962 1 207 1.000000
  207 0.844166 2.194849 50.358414 -0.022546 -0.993258 0.113712 0.053793 0.265738 1 207 1.000000
UV2
  207 1.671252 2.181098 50.409904 -0.031929 -0.994972 0.094924 0.081158 0.276936 2 207 0.721974 218 0.278026
  207 0.844166 2.194849 50.358414 -0.022546 -0.993258 0.113712 0.053793 0.265738 1 207 1.000000
  207 1.603481 2.143224 50.058224 -0.024259 -0.992864 0.116761 0.081158 0.265660 2 207 0.706509 218 0.293491
UV2
  218 2.688921 2.066003 49.661968 -0.009727 -0.992968 0.117983 0.113436 0.265066 3 218 0.526496 207 0.274511 219 0.198993
  207 1.603481 2.143224 50.058224 -0.024259 -0.992864 0.116761 0.081158 0.265660 2 207 0.706509 218 0.293491
  207 1.535752 2.101970 49.706886 -0.020624 -0.991500 0.128458 0.081158 0.254385 2 207 0.691079 218 0.308921
UV2
  218 2.688921 2.066003 49.661968 -0.009727 -0.992968 0.117983 0.113436 0.265066 3 218 0.526496 207 0.274511 219 0.198993
  207 1.535752 2.101970 49.706886 -0.020624 -0.991500 0.128458 0.081158 0.254385 2 207 0.691079 218 0.308921
  218 2.590611 2.016784 49.262444 -0.004332 -0.991175 0.132490 0.113436 0.253394 3 218 0.532510 207 0.268542 219 0.198948
UV2
  218 2.787336 2.110391 50.062031 -0.019369 -0.995655 0.091077 0.113436 0.276737 3 218 0.520535 207 0.280463 219 0.199002
  207 1.671252 2.181098 50.409904 -0.031929 -0.994972 0.094924 0.081158 0.276936 2 207 0.721974 218 0.278026
  207 1.603481 2.143224 50.058224 -0.024259 -0.992864 0.116761 0.081158 0.265660 2 207 0.706509 218 0.293491
UV2
  218 2.787336 2.110391 50.062031 -0.019369 -0.995655 0.091077 0.113436 0.276737 3 218 0.520535 207 0.280463 219 0.199002
  207 1.603481 2.143224 50.058224 -0.024259 -0.992864 0.116761 0.081158 0.265660 2 207 0.706509 218 0.293491
  218 2.688921 2.066003 49.661968 -0.009727 -0.992968 0.117983 0.113436 0.265066 3 218 0.526496 207 0.274511 219 0.198993
UV2
  219 3.946087 2.012605 49.106239 -0.048602 -0.983021 0.176939 0.145714 0.264575 3 219 0.496536 220 0.264836 218 0.238627
  218 2.688921 2.066003 49.661968 -0.009727 -0.992968 0.117983 0.113436 0.265066 3 218 0.526496 207 0.274511 219 0.198993
  218 2.590611 2.016784 49.262444 -0.004332 -0.991175 0.132490 0.113436 0.253394 3 218 0.532510 207 0.268542 219 0.198948
UV2
  219 3.946087 2.012605 49.106239 -0.048602 -0.983021 0.176939 0.145714 0.264575 3 219 0.496536 220 0.264836 218 0.238627
  218 2.590611 2.016784 49.262444 -0.004332 -0.991175 0.132490 0.113436 0.253394 3 218 0.532510 207 0.268542 219 0.198948
  219 3.819375 1.957228 48.648041 -0.029879 -0.896863 0.441298 0.145714 0.252577 3 219 0.493756 220 0.265806 218 0.240439
UV2
  219 4.072957 2.062103 49.565121 0.007123 -0.996677 0.081140 0.145714 0.276574 3 219 0.499295 220 0.263862 218 0.236843
  218 2.787336 2.110391 50.062031 -0.019369 -0.995655 0.091077 0.113436 0.276737 3 218 0.520535 207 0.280463 219 0.199002
  218 2.688921 2.066003 49.661968 -0.009727 -0.992968 0.117983 0.113436 0.265066 3 218 0.526496 207 0.274511 219 0.198993
UV2
  219 4.072957 2.062103 49.565121 0.007123 -0.996677 0.081140 0.145714 0.276574 3 219 0.499295 220 0.263862 218 0.236843
  218 2.688921 2.066003 49.661968 -0.009727 -0.992968 0.117983 0.113436 0.265066 3 218 0.526496 207 0.274511 219 0.198993
  219 3.946087 2.012605 49.106239 -0.048602 -0.983021 0.176939 0.145714 0.264575 3 219 0.496536 220 0.264836 218 0.238627
UV2
  220 5.243260 1.549801 48.594410 0.448972 -0.865053 0.223847 0.173079 0.264071 3 220 0.522838 219 0.457958 207 0.019204
  219 3.946087 2.012605 49.106239 -0.048602 -0.983021 0.176939 0.145714 0.264575 3 219 0.496536 220 0.264836 218 0.238627
  219 3.819375 1.957228 48.648041 -0.029879 -0.896863 0.441298 0.145714 0.252577 3 219 0.493756 220 0.265806 218 0.240439
UV2
  220 5.243260 1.549801 48.594410 0.448972 -0.865053 0.223847 0.173079 0.264071 3 220 0.522838 219 0.457958 207 0.019204
  219 3.819375 1.957228 48.648041 -0.029879 -0.896863 0.441298 0.145714 0.252577 3 219 0.493756 220 0.265806 218 0.240439
  220 5.119115 1.492154 48.107010 0.530392 -0.846879 0.038478 0.173079 0.251736 3 220 0.526307 219 0.455182 207 0.018512
UV2
  220 5.367573 2.048807 49.082561 0.272396 -0.902590 0.333364 0.173079 0.276406 3 220 0.519358 219 0.460745 207 0.019897
  219 4.072957 2.062103 49.565121 0.007123 -0.996677 0.081140 0.145714 0.276574 3 219 0.499295 220 0.263862 218 0.236843
  219 3.946087 2.012605 49.106239 -0.048602 -0.983021 0.176939 0.145714 0.264575 3 219 0.496536 220 0.264836 218 0.238627
UV2
  220 5.367573 2.048807 49.082561 0.272396 -0.902590 0.333364 0.173079 0.276406 3 220 0.519358 219 0.460745 207 0.019897
  219 3.946087 2.012605 49.106239 -0.048602 -0.983021 0.176939 0.145714 0.264575 3 219 0.496536 220 0.264836 218 0.238627
  220 5.243260 1.549801 48.594410 0.448972 -0.865053 0.223847 0.173079 0.264071 3 220 0.522838 219 0.457958 207 0.019204
UV2
  220 5.449343 2.101906 48.519958 0.893540 -0.406590 -0.190451 0.179812 0.263986 3 220 0.681309 219 0.315824 207 0.002867
  220 5.243260 1.549801 48.594410 0.448972 -0.865053 0.223847 0.173079 0.264071 3 220 0.522838 219 0.457958 207 0.019204
  220 5.119115 1.492154 48.107010 0.530392 -0.846879 0.038478 0.173079 0.251736 3 220 0.526307 219 0.455182 207 0.018512
UV2
  220 5.449343 2.101906 48.519958 0.893540 -0.406590 -0.190451 0.179812 0.263986 3 220 0.681309 219 0.315824 207 0.002867
  220 5.119115 1.492154 48.107010 0.530392 -0.846879 0.038478 0.173079 0.251736 3 220 0.526307 219 0.455182 207 0.018512
  220 5.324363 2.053739 48.029144 0.914251 -0.403167 -0.040012 0.179812 0.251594 3 220 0.684951 219 0.312306 207 0.002743
UV2
  220 5.574433 2.146322 49.011246 0.767730 -0.639462 -0.040967 0.179812 0.276377 3 220 0.677570 219 0.319438 207 0.002992
  220 5.367573 2.048807 49.082561 0.272396 -0.902590 0.333364 0.173079 0.276406 3 220 0.519358 219 0.460745 207 0.019897
  220 5.243260 1.549801 48.594410 0.448972 -0.865053 0.223847 0.173079 0.264071 3 220 0.522838 219 0.457958 207 0.019204
UV2
  220 5.574433 2.146322 49.011246 0.767730 -0.639462 -0.040967 0.179812 0.276377 3 220 0.677570 219 0.319438 207 0.002992
  220 5.243260 1.549801 48.594410 0.448972 -0.865053 0.223847 0.173079 0.264071 3 220 0.522838 219 0.457958 207 0.019204
  220 5.449343 2.101906 48.519958 0.893540 -0.406590 -0.190451 0.179812 0.263986 3 220 0.681309 219 0.315824 207 0.002867
UV2
  220 5.527460 2.269132 48.487808 0.970352 0.001497 -0.241690 0.182382 0.264241 3 220 0.762024 219 0.237862 207 0.000114
  220 5.449343 2.101906 48.519958 0.893540 -0.406590 -0.190451 0.179812 0.263986 3 220 0.681309 219 0.315824 207 0.002867
  220 5.324363 2.053739 48.029144 0.914251 -0.403167 -0.040012 0.179812 0.251594 3 220 0.684951 219 0.312306 207 0.002743
UV2
  220 5.527460 2.269132 48.487808 0.970352 0.001497 -0.241690 0.182382 0.264241 3 220 0.762024 219 0.237862 207 0.000114
  220 5.324363 2.053739 48.029144 0.914251 -0.403167 -0.040012 0.179812 0.251594 3 220 0.684951 219 0.312306 207 0.002743
  220 5.403784 2.236660 48.001907 0.977859 0.044512 -0.204474 0.182382 0.252019 3 220 0.765404 219 0.234486 207 0.000110
UV2
  220 5.440259 2.435360 48.479954 0.677637 0.707446 -0.200819 0.179812 0.263986 3 220 0.682402 219 0.314358 207 0.003240
  220 5.527460 2.269132 48.487808 0.970352 0.001497 -0.241690 0.182382 0.264241 3 220 0.762024 219 0.237862 207 0.000114
  220 5.403784 2.236660 48.001907 0.977859 0.044512 -0.204474 0.182382 0.252019 3 220 0.765404 219 0.234486 207 0.000110
UV2
  220 5.651138 2.301604 48.973709 0.969558 -0.001221 -0.244858 0.182382 0.276462 3 220 0.758240 219 0.241643 207 0.000117
  220 5.449343 2.101906 48.519958 0.893540 -0.406590 -0.190451 0.179812 0.263986 3 220 0.681309 219 0.315824 207 0.002867
  220 5.527460 2.269132 48.487808 0.970352 0.001497 -0.241690 0.182382 0.264241 3 220 0.762024 219 0.237862 207 0.000114
UV2
  220 5.651138 2.301604 48.973709 0.969558 -0.001221 -0.244858 0.182382 0.276462 3 220 0.758240 219 0.241643 207 0.000117
  220 5.574433 2.146322 49.011246 0.767730 -0.639462 -0.040967 0.179812 0.276377 3 220 0.677570 219 0.319438 207 0.002992
  220 5.449343 2.101906 48.519958 0.893540 -0.406590 -0.190451 0.179812 0.263986 3 220 0.681309 219 0.315824 207 0.002867
UV2
  220 5.565977 2.456800 48.974018 0.656618 0.723807 -0.212028 0.179812 0.276377 3 220 0.678714 219 0.317926 207 0.003360
  220 5.527460 2.269132 48.487808 0.970352 0.001497 -0.241690 0.182382 0.264241 3 220 0.762024 219 0.237862 207 0.000114
  220 5.440259 2.435360 48.479954 0.677637 0.707446 -0.200819 0.179812 0.263986 3 220 0.682402 219 0.314358 207 0.003240
UV2
  220 5.565977 2.456800 48.974018 0.656618 0.723807 -0.212028 0.179812 0.276377 3 220 0.678714 219 0.317926 207 0.003360
  220 5.651138 2.301604 48.973709 0.969558 -0.001221 -0.244858 0.182382 0.276462 3 220 0.758240 219 0.241643 207 0.000117
  220 5.527460 2.269132 48.487808 0.970352 0.001497 -0.241690 0.182382 0.264241 3 220 0.762024 219 0.237862 207 0.000114
UV2
  220 5.353775 2.555416 49.021820 0.189570 0.976638 -0.101199 0.173079 0.276406 3 220 0.520991 219 0.457662 207 0.021347
  220 5.565977 2.456800 48.974018 0.656618 0.723807 -0.212028 0.179812 0.276377 3 220 0.678714 219 0.317926 207 0.003360
  220 5.440259 2.435360 48.479954 0.677637 0.707446 -0.200819 0.179812 0.263986 3 220 0.682402 219 0.314358 207 0.003240
UV2
  220 5.353775 2.555416 49.021820 0.189570 0.976638 -0.101199 0.173079 0.276406 3 220 0.520991 219 0.457662 207 0.021347
  220 5.440259 2.435360 48.479954 0.677637 0.707446 -0.200819 0.179812 0.263986 3 220 0.682402 219 0.314358 207 0.003240
  220 5.228439 2.541387 48.529152 0.210912 0.974359 -0.078362 0.173079 0.264071 3 220 0.524419 219 0.454908 207 0.020673
UV2
  220 5.691294 2.492602 49.466312 0.656993 0.715026 -0.238952 0.179812 0.288769 3 220 0.674994 219 0.321578 207 0.003428
  220 5.651138 2.301604 48.973709 0.969558 -0.001221 -0.244858 0.182382 0.276462 3 220 0.758240 219 0.241643 207 0.000117
  220 5.565977 2.456800 48.974018 0.656618 0.723807 -0.212028 0.179812 0.276377 3 220 0.678714 219 0.317926 207 0.003360
UV2
  219 4.060135 2.547180 49.508003 -0.034917 0.998412 -0.044210 0.145714 0.276574 3 219 0.499462 220 0.266752 218 0.233787
  220 5.353775 2.555416 49.021820 0.189570 0.976638 -0.101199 0.173079 0.276406 3 220 0.520991 219 0.457662 207 0.021347
  220 5.228439 2.541387 48.529152 0.210912 0.974359 -0.078362 0.173079 0.264071 3 220 0.524419 219 0.454908 207 0.020673
UV2
  219 4.060135 2.547180 49.508003 -0.034917 0.998412 -0.044210 0.145714 0.276574 3 219 0.499462 220 0.266752 218 0.233787
  220 5.228439 2.541387 48.529152 0.210912 0.974359 -0.078362 0.173079 0.264071 3 220 0.524419 219 0.454908 207 0.020673
  219 3.932315 2.533571 49.044895 -0.025291 0.999547 -0.016319 0.145714 0.264575 3 219 0.496830 220 0.267692 218 0.235478
UV2
  218 2.778993 2.508674 50.018635 -0.053754 0.997449 -0.046965 0.113436 0.276737 3 218 0.517741 207 0.284362 219 0.197897
  219 4.060135 2.547180 49.508003 -0.034917 0.998412 -0.044210 0.145714 0.276574 3 219 0.499462 220 0.266752 218 0.233787
  219 3.932315 2.533571 49.044895 -0.025291 0.999547 -0.016319 0.145714 0.264575 3 219 0.496830 220 0.267692 218 0.235478
UV2
  220 5.478471 2.592899 49.511646 0.175569 0.972750 -0.151439 0.173079 0.288741 3 220 0.517468 219 0.460519 207 0.022013
  220 5.565977 2.456800 48.974018 0.656618 0.723807 -0.212028 0.179812 0.276377 3 220 0.678714 219 0.317926 207 0.003360
  220 5.353775 2.555416 49.021820 0.189570 0.976638 -0.101199 0.173079 0.276406 3 220 0.520991 219 0.457662 207 0.021347
UV2
  220 5.478471 2.592899 49.511646 0.175569 0.972750 -0.151439 0.173079 0.288741 3 220 0.517468 219 0.460519 207 0.022013
  220 5.691294 2.492602 49.466312 0.656993 0.715026 -0.238952 0.179812 0.288769 3 220 0.674994 219 0.321578 207 0.003428
  220 5.565977 2.456800 48.974018 0.656618 0.723807 -0.212028 0.179812 0.276377 3 220 0.678714 219 0.317926 207 0.003360
UV2
  219 4.187363 2.583246 49.968487 -0.053609 0.993712 -0.098301 0.145714 0.288573 3 219 0.502274 220 0.265715 218 0.232010
  220 5.353775 2.555416 49.021820 0.189570 0.976638 -0.101199 0.173079 0.276406 3 220 0.520991 219 0.457662 207 0.021347
  219 4.060135 2.547180 49.508003 -0.034917 0.998412 -0.044210 0.145714 0.276574 3 219 0.499462 220 0.266752 218 0.233787
UV2
  219 4.187363 2.583246 49.968487 -0.053609 0.993712 -0.098301 0.145714 0.288573 3 219 0.502274 220 0.265715 218 0.232010
  220 5.478471 2.592899 49.511646 0.175569 0.972750 -0.151439 0.173079 0.288741 3 220 0.517468 219 0.460519 207 0.022013
  220 5.353775 2.555416 49.021820 0.189570 0.976638 -0.101199 0.173079 0.276406 3 220 0.520991 219 0.457662 207 0.021347
UV2
  218 2.877638 2.542036 50.419895 -0.069228 0.992722 -0.098539 0.113436 0.288409 3 218 0.511843 207 0.290209 219 0.197948
  219 4.060135 2.547180 49.508003 -0.034917 0.998412 -0.044210 0.145714 0.276574 3 219 0.499462 220 0.266752 218 0.233787
  218 2.778993 2.508674 50.018635 -0.053754 0.997449 -0.046965 0.113436 0.276737 3 218 0.517741 207 0.284362 219 0.197897
UV2
  218 2.877638 2.542036 50.419895 -0.069228 0.992722 -0.098539 0.113436 0.288409 3 218 0.511843 207 0.290209 219 0.197948
  219 4.187363 2.583246 49.968487 -0.053609 0.993712 -0.098301 0.145714 0.288573 3 219 0.502274 220 0.265715 218 0.232010
  219 4.060135 2.547180 49.508003 -0.034917 0.998412 -0.044210 0.145714 0.276574 3 219 0.499462 220 0.266752 218 0.233787
UV2
  207 1.735881 2.490993 50.733582 -0.068365 0.992934 -0.096996 0.081158 0.288211 2 207 0.734518 218 0.265482
  218 2.877638 2.542036 50.419895 -0.069228 0.992722 -0.098539 0.113436 0.288409 3 218 0.511843 207 0.290209 219 0.197948
  218 2.778993 2.508674 50.018635 -0.053754 0.997449 -0.046965 0.113436 0.276737 3 218 0.517741 207 0.284362 219 0.197897
UV2
  207 1.735881 2.490993 50.733582 -0.068365 0.992934 -0.096996 0.081158 0.288211 2 207 0.734518 218 0.265482
  218 2.778993 2.508674 50.018635 -0.053754 0.997449 -0.046965 0.113436 0.276737 3 218 0.517741 207 0.284362 219 0.197897
  207 1.668021 2.460870 50.381084 -0.056719 0.996872 -0.055042 0.081158 0.276936 2 207 0.718966 218 0.281034
UV2
  218 2.975732 2.601747 50.818298 -0.079438 0.988144 -0.131382 0.113436 0.300081 3 218 0.505986 207 0.295974 219 0.198040
  219 4.187363 2.583246 49.968487 -0.053609 0.993712 -0.098301 0.145714 0.288573 3 219 0.502274 220 0.265715 218 0.232010
  218 2.877638 2.542036 50.419895 -0.069228 0.992722 -0.098539 0.113436 0.288409 3 218 0.511843 207 0.290209 219 0.197948
UV2
  207 0.989989 2.465838 50.967785 -0.053042 0.993915 -0.096538 0.053793 0.288185 1 207 1.000000
  207 1.735881 2.490993 50.733582 -0.068365 0.992934 -0.096996 0.081158 0.288211 2 207 0.734518 218 0.265482
  207 1.668021 2.460870 50.381084 -0.056719 0.996872 -0.055042 0.081158 0.276936 2 207 0.718966 218 0.281034
UV2
  207 0.989989 2.465838 50.967785 -0.053042 0.993915 -0.096538 0.053793 0.288185 1 207 1.000000
  207 1.668021 2.460870 50.381084 -0.056719 0.996872 -0.055042 0.081158 0.276936 2 207 0.718966 218 0.281034
  207 0.915925 2.437374 50.652828 -0.041118 0.997062 -0.064629 0.053793 0.276962 1 207 1.000000
UV2
  207 1.803526 2.539621 51.084164 -0.078188 0.989127 -0.124557 0.081158 0.299487 2 207 0.749869 218 0.250131
  218 2.877638 2.542036 50.419895 -0.069228 0.992722 -0.098539 0.113436 0.288409 3 218 0.511843 207 0.290209 219 0.197948
  207 1.735881 2.490993 50.733582 -0.068365 0.992934 -0.096996 0.081158 0.288211 2 207 0.734518 218 0.265482
UV2
  207 1.803526 2.539621 51.084164 -0.078188 0.989127 -0.124557 0.081158 0.299487 2 207 0.749869 218 0.250131
  218 2.975732 2.601747 50.818298 -0.079438 0.988144 -0.131382 0.113436 0.300081 3 218 0.505986 207 0.295974 219 0.198040
  218 2.877638 2.542036 50.419895 -0.069228 0.992722 -0.098539 0.113436 0.288409 3 218 0.511843 207 0.290209 219 0.197948
UV2
  207 1.063903 2.508082 51.281425 -0.069268 0.990653 -0.117506 0.053793 0.299409 1 207 1.000000
  207 1.735881 2.490993 50.733582 -0.068365 0.992934 -0.096996 0.081158 0.288211 2 207 0.734518 218 0.265482
  207 0.989989 2.465838 50.967785 -0.053042 0.993915 -0.096538 0.053793 0.288185 1 207 1.000000
UV2
  207 1.063903 2.508082 51.281425 -0.069268 0.990653 -0.117506 0.053793 0.299409 1 207 1.000000
  207 1.803526 2.539621 51.084164 -0.078188 0.989127 -0.124557 0.081158 0.299487 2 207 0.749869 218 0.250131
  207 1.735881 2.490993 50.733582 -0.068365 0.992934 -0.096996 0.081158 0.288211 2 207 0.734518 218 0.265482
UV2
  207 0.472240 2.464457 51.147495 -0.375607 0.923128 -0.082185 0.035509 0.288277 1 207 1.000000
  207 0.989989 2.465838 50.967785 -0.053042 0.993915 -0.096538 0.053793 0.288185 1 207 1.000000
  207 0.915925 2.437374 50.652828 -0.041118 0.997062 -0.064629 0.053793 0.276962 1 207 1.000000
UV2
  207 0.472240 2.464457 51.147495 -0.375607 0.923128 -0.082185 0.035509 0.288277 1 207 1.000000
  207 0.915925 2.437374 50.652828 -0.041118 0.997062 -0.064629 0.053793 0.276962 1 207 1.000000
  207 0.472240 2.438413 50.857029 -0.379416 0.921802 -0.079531 0.035509 0.276870 1 207 1.000000
UV2
  207 0.472241 2.490494 51.437962 -0.382447 0.920062 -0.084965 0.035509 0.299682 1 207 1.000000
  207 1.063903 2.508082 51.281425 -0.069268 0.990653 -0.117506 0.053793 0.299409 1 207 1.000000
  207 0.989989 2.465838 50.967785 -0.053042 0.993915 -0.096538 0.053793 0.288185 1 207 1.000000
UV2
  207 0.472241 2.490494 51.437962 -0.382447 0.920062 -0.084965 0.035509 0.299682 1 207 1.000000
  207 0.989989 2.465838 50.967785 -0.053042 0.993915 -0.096538 0.053793 0.288185 1 207 1.000000
  207 0.472240 2.464457 51.147495 -0.375607 0.923128 -0.082185 0.035509 0.288277 1 207 1.000000
UV2
  207 0.368256 2.370702 51.155830 -1.000000 0.000011 0.000005 0.032287 0.288277 1 207 1.000000
  207 0.472240 2.464457 51.147495 -0.375607 0.923128 -0.082185 0.035509 0.288277 1 207 1.000000
  207 0.472240 2.438413 50.857029 -0.379416 0.921802 -0.079531 0.035509 0.276870 1 207 1.000000
UV2
  207 0.368256 2.370702 51.155830 -1.000000 0.000011 0.000005 0.032287 0.288277 1 207 1.000000
  207 0.472240 2.438413 50.857029 -0.379416 0.921802 -0.079531 0.035509 0.276870 1 207 1.000000
  207 0.368256 2.344651 50.865360 -1.000000 -0.000031 -0.000001 0.032287 0.276870 1 207 1.000000
UV2
  207 0.368257 2.396739 51.446285 -1.000000 0.000000 0.000001 0.032287 0.299682 1 207 1.000000
  207 0.472241 2.490494 51.437962 -0.382447 0.920062 -0.084965 0.035509 0.299682 1 207 1.000000
  207 0.472240 2.464457 51.147495 -0.375607 0.923128 -0.082185 0.035509 0.288277 1 207 1.000000
UV2
  207 0.368257 2.396739 51.446285 -1.000000 0.000000 0.000001 0.032287 0.299682 1 207 1.000000
  207 0.472240 2.464457 51.147495 -0.375607 0.923128 -0.082185 0.035509 0.288277 1 207 1.000000
  207 0.368256 2.370702 51.155830 -1.000000 0.000011 0.000005 0.032287 0.288277 1 207 1.000000
UV2
  207 0.472240 2.276946 51.164150 -0.373130 -0.924468 0.078314 0.035509 0.288277 1 207 1.000000
  207 0.368256 2.370702 51.155830 -1.000000 0.000011 0.000005 0.032287 0.288277 1 207 1.000000
  207 0.368256 2.344651 50.865360 -1.000000 -0.000031 -0.000001 0.032287 0.276870 1 207 1.000000
UV2
  207 0.472240 2.276946 51.164150 -0.373130 -0.924468 0.078314 0.035509 0.288277 1 207 1.000000
  207 0.368256 2.344651 50.865360 -1.000000 -0.000031 -0.000001 0.032287 0.276870 1 207 1.000000
  207 0.472240 2.250895 50.873684 -0.365105 -0.927331 0.082198 0.035509 0.276870 1 207 1.000000
UV2
  207 0.472241 2.302983 51.454620 -0.384590 -0.919739 0.078553 0.035509 0.299682 1 207 1.000000
  207 0.368257 2.396739 51.446285 -1.000000 0.000000 0.000001 0.032287 0.299682 1 207 1.000000
  207 0.368256 2.370702 51.155830 -1.000000 0.000011 0.000005 0.032287 0.288277 1 207 1.000000
UV2
  207 0.472241 2.302983 51.454620 -0.384590 -0.919739 0.078553 0.035509 0.299682 1 207 1.000000
  207 0.368256 2.370702 51.155830 -1.000000 0.000011 0.000005 0.032287 0.288277 1 207 1.000000
  207 0.472240 2.276946 51.164150 -0.373130 -0.924468 0.078314 0.035509 0.288277 1 207 1.000000
UV2
  207 0.992271 2.253671 50.988140 -0.034557 -0.997375 0.063623 0.053793 0.288185 1 207 1.000000
  207 0.472240 2.276946 51.164150 -0.373130 -0.924468 0.078314 0.035509 0.288277 1 207 1.000000
  207 0.472240 2.250895 50.873684 -0.365105 -0.927331 0.082198 0.035509 0.276870 1 207 1.000000
UV2
  207 0.992271 2.253671 50.988140 -0.034557 -0.997375 0.063623 0.053793 0.288185 1 207 1.000000
  207 0.472240 2.250895 50.873684 -0.365105 -0.927331 0.082198 0.035509 0.276870 1 207 1.000000
  207 0.918165 2.229079 50.672810 -0.021356 -0.995184 0.095670 0.053793 0.276962 1 207 1.000000
UV2
  207 1.066523 2.264476 51.304783 -0.053207 -0.997503 0.046442 0.053793 0.299409 1 207 1.000000
  207 0.472241 2.302983 51.454620 -0.384590 -0.919739 0.078553 0.035509 0.299682 1 207 1.000000
  207 0.472240 2.276946 51.164150 -0.373130 -0.924468 0.078314 0.035509 0.288277 1 207 1.000000
UV2
  207 1.066523 2.264476 51.304783 -0.053207 -0.997503 0.046442 0.053793 0.299409 1 207 1.000000
  207 0.472240 2.276946 51.164150 -0.373130 -0.924468 0.078314 0.035509 0.288277 1 207 1.000000
  207 0.992271 2.253671 50.988140 -0.034557 -0.997375 0.063623 0.053793 0.288185 1 207 1.000000
UV2
  207 1.739173 2.206011 50.762936 -0.047471 -0.997448 0.053324 0.081158 0.288211 2 207 0.737581 218 0.262419
  207 0.992271 2.253671 50.988140 -0.034557 -0.997375 0.063623 0.053793 0.288185 1 207 1.000000
  207 0.918165 2.229079 50.672810 -0.021356 -0.995184 0.095670 0.053793 0.276962 1 207 1.000000
UV2
  207 1.739173 2.206011 50.762936 -0.047471 -0.997448 0.053324 0.081158 0.288211 2 207 0.737581 218 0.262419
  207 0.918165 2.229079 50.672810 -0.021356 -0.995184 0.095670 0.053793 0.276962 1 207 1.000000
  207 1.671252 2.181098 50.409904 -0.031929 -0.994972 0.094924 0.081158 0.276936 2 207 0.721974 218 0.278026
UV2
  207 1.807306 2.212417 51.117874 -0.060670 -0.997781 0.027426 0.081158 0.299487 2 207 0.753386 218 0.246614
  207 1.066523 2.264476 51.304783 -0.053207 -0.997503 0.046442 0.053793 0.299409 1 207 1.000000
  207 0.992271 2.253671 50.988140 -0.034557 -0.997375 0.063623 0.053793 0.288185 1 207 1.000000
UV2
  207 1.807306 2.212417 51.117874 -0.060670 -0.997781 0.027426 0.081158 0.299487 2 207 0.753386 218 0.246614
  207 0.992271 2.253671 50.988140 -0.034557 -0.997375 0.063623 0.053793 0.288185 1 207 1.000000
  207 1.739173 2.206011 50.762936 -0.047471 -0.997448 0.053324 0.081158 0.288211 2 207 0.737581 218 0.262419
UV2
  218 2.886136 2.136343 50.464115 -0.037005 -0.998521 0.039821 0.113436 0.288409 3 218 0.514587 207 0.286447 219 0.198967
  207 1.739173 2.206011 50.762936 -0.047471 -0.997448 0.053324 0.081158 0.288211 2 207 0.737581 218 0.262419
  207 1.671252 2.181098 50.409904 -0.031929 -0.994972 0.094924 0.081158 0.276936 2 207 0.721974 218 0.278026
UV2
  218 2.886136 2.136343 50.464115 -0.037005 -0.998521 0.039821 0.113436 0.288409 3 218 0.514587 207 0.286447 219 0.198967
  207 1.671252 2.181098 50.409904 -0.031929 -0.994972 0.094924 0.081158 0.276936 2 207 0.721974 218 0.278026
  218 2.787336 2.110391 50.062031 -0.019369 -0.995655 0.091077 0.113436 0.276737 3 218 0.520535 207 0.280463 219 0.199002
UV2
  218 2.985488 2.135951 50.869068 -0.049485 -0.998742 0.008149 0.113436 0.300081 3 218 0.508623 207 0.292494 219 0.198884
  207 1.807306 2.212417 51.117874 -0.060670 -0.997781 0.027426 0.081158 0.299487 2 207 0.753386 218 0.246614
  207 1.739173 2.206011 50.762936 -0.047471 -0.997448 0.053324 0.081158 0.288211 2 207 0.737581 218 0.262419
UV2
  218 2.985488 2.135951 50.869068 -0.049485 -0.998742 0.008149 0.113436 0.300081 3 218 0.508623 207 0.292494 219 0.198884
  207 1.739173 2.206011 50.762936 -0.047471 -0.997448 0.053324 0.081158 0.288211 2 207 0.737581 218 0.262419
  218 2.886136 2.136343 50.464115 -0.037005 -0.998521 0.039821 0.113436 0.288409 3 218 0.514587 207 0.286447 219 0.198967
UV2
  219 4.200423 2.089157 50.026669 -0.013017 -0.999537 0.027504 0.145714 0.288573 3 219 0.501977 220 0.262864 218 0.235160
  218 2.886136 2.136343 50.464115 -0.037005 -0.998521 0.039821 0.113436 0.288409 3 218 0.514587 207 0.286447 219 0.198967
  218 2.787336 2.110391 50.062031 -0.019369 -0.995655 0.091077 0.113436 0.276737 3 218 0.520535 207 0.280463 219 0.199002
UV2
  219 4.200423 2.089157 50.026669 -0.013017 -0.999537 0.027504 0.145714 0.288573 3 219 0.501977 220 0.262864 218 0.235160
  218 2.787336 2.110391 50.062031 -0.019369 -0.995655 0.091077 0.113436 0.276737 3 218 0.520535 207 0.280463 219 0.199002
  219 4.072957 2.062103 49.565121 0.007123 -0.996677 0.081140 0.145714 0.276574 3 219 0.499295 220 0.263862 218 0.236843
UV2
  219 4.328737 2.084112 50.491974 -0.102637 -0.994026 -0.037117 0.145714 0.300572 3 219 0.504561 220 0.261827 218 0.233612
  218 2.985488 2.135951 50.869068 -0.049485 -0.998742 0.008149 0.113436 0.300081 3 218 0.508623 207 0.292494 219 0.198884
  218 2.886136 2.136343 50.464115 -0.037005 -0.998521 0.039821 0.113436 0.288409 3 218 0.514587 207 0.286447 219 0.198967
UV2
  219 4.328737 2.084112 50.491974 -0.102637 -0.994026 -0.037117 0.145714 0.300572 3 219 0.504561 220 0.261827 218 0.233612
  218 2.886136 2.136343 50.464115 -0.037005 -0.998521 0.039821 0.113436 0.288409 3 218 0.514587 207 0.286447 219 0.198967
  219 4.200423 2.089157 50.026669 -0.013017 -0.999537 0.027504 0.145714 0.288573 3 219 0.501977 220 0.262864 218 0.235160
UV2
  220 5.492527 2.076866 49.573532 0.215027 -0.976250 -0.026427 0.173079 0.288741 3 220 0.515861 219 0.463540 207 0.020599
  219 4.200423 2.089157 50.026669 -0.013017 -0.999537 0.027504 0.145714 0.288573 3 219 0.501977 220 0.262864 218 0.235160
  219 4.072957 2.062103 49.565121 0.007123 -0.996677 0.081140 0.145714 0.276574 3 219 0.499295 220 0.263862 218 0.236843
UV2
  220 5.492527 2.076866 49.573532 0.215027 -0.976250 -0.026427 0.173079 0.288741 3 220 0.515861 219 0.463540 207 0.020599
  219 4.072957 2.062103 49.565121 0.007123 -0.996677 0.081140 0.145714 0.276574 3 219 0.499295 220 0.263862 218 0.236843
  220 5.367573 2.048807 49.082561 0.272396 -0.902590 0.333364 0.173079 0.276406 3 220 0.519358 219 0.460745 207 0.019897
UV2
  220 5.618391 2.071414 50.068523 0.275740 -0.912940 -0.300846 0.173079 0.301076 3 220 0.512332 219 0.466354 207 0.021314
  219 4.328737 2.084112 50.491974 -0.102637 -0.994026 -0.037117 0.145714 0.300572 3 219 0.504561 220 0.261827 218 0.233612
  219 4.200423 2.089157 50.026669 -0.013017 -0.999537 0.027504 0.145714 0.288573 3 219 0.501977 220 0.262864 218 0.235160
UV2
  220 5.618391 2.071414 50.068523 0.275740 -0.912940 -0.300846 0.173079 0.301076 3 220 0.512332 219 0.466354 207 0.021314
  219 4.200423 2.089157 50.026669 -0.013017 -0.999537 0.027504 0.145714 0.288573 3 219 0.501977 220 0.262864 218 0.235160
  220 5.492527 2.076866 49.573532 0.215027 -0.976250 -0.026427 0.173079 0.288741 3 220 0.515861 219 0.463540 207 0.020599
UV2
  220 5.699912 2.176352 49.504246 0.678338 -0.721378 -0.139542 0.179812 0.288769 3 220 0.673801 219 0.323081 207 0.003118
  220 5.492527 2.076866 49.573532 0.215027 -0.976250 -0.026427 0.173079 0.288741 3 220 0.515861 219 0.463540 207 0.020599
  220 5.367573 2.048807 49.082561 0.272396 -0.902590 0.333364 0.173079 0.276406 3 220 0.519358 219 0.460745 207 0.019897
UV2
  220 5.699912 2.176352 49.504246 0.678338 -0.721378 -0.139542 0.179812 0.288769 3 220 0.673801 219 0.323081 207 0.003118
  220 5.367573 2.048807 49.082561 0.272396 -0.902590 0.333364 0.173079 0.276406 3 220 0.519358 219 0.460745 207 0.019897
  220 5.574433 2.146322 49.011246 0.767730 -0.639462 -0.040967 0.179812 0.276377 3 220 0.677570 219 0.319438 207 0.002992
UV2
  220 5.825948 2.185853 49.999722 0.705432 -0.688504 -0.168310 0.179812 0.301161 3 220 0.669997 219 0.326756 207 0.003247
  220 5.618391 2.071414 50.068523 0.275740 -0.912940 -0.300846 0.173079 0.301076 3 220 0.512332 219 0.466354 207 0.021314
  220 5.492527 2.076866 49.573532 0.215027 -0.976250 -0.026427 0.173079 0.288741 3 220 0.515861 219 0.463540 207 0.020599
UV2
  220 5.825948 2.185853 49.999722 0.705432 -0.688504 -0.168310 0.179812 0.301161 3 220 0.669997 219 0.326756 207 0.003247
  220 5.492527 2.076866 49.573532 0.215027 -0.976250 -0.026427 0.173079 0.288741 3 220 0.515861 219 0.463540 207 0.020599
  220 5.699912 2.176352 49.504246 0.678338 -0.721378 -0.139542 0.179812 0.288769 3 220 0.673801 219 0.323081 207 0.003118
UV2
  220 5.774820 2.334075 49.459621 0.967865 -0.006812 -0.251378 0.182382 0.288684 3 220 0.754385 219 0.245488 207 0.000127
  220 5.699912 2.176352 49.504246 0.678338 -0.721378 -0.139542 0.179812 0.288769 3 220 0.673801 219 0.323081 207 0.003118
  220 5.574433 2.146322 49.011246 0.767730 -0.639462 -0.040967 0.179812 0.276377 3 220 0.677570 219 0.319438 207 0.002992
UV2
  220 5.774820 2.334075 49.459621 0.967865 -0.006812 -0.251378 0.182382 0.288684 3 220 0.754385 219 0.245488 207 0.000127
  220 5.574433 2.146322 49.011246 0.767730 -0.639462 -0.040967 0.179812 0.276377 3 220 0.677570 219 0.319438 207 0.002992
  220 5.651138 2.301604 48.973709 0.969558 -0.001221 -0.244858 0.182382 0.276462 3 220 0.758240 219 0.241643 207 0.000117
UV2
  220 5.691294 2.492602 49.466312 0.656993 0.715026 -0.238952 0.179812 0.288769 3 220 0.674994 219 0.321578 207 0.003428
  220 5.774820 2.334075 49.459621 0.967865 -0.006812 -0.251378 0.182382 0.288684 3 220 0.754385 219 0.245488 207 0.000127
  220 5.651138 2.301604 48.973709 0.969558 -0.001221 -0.244858 0.182382 0.276462 3 220 0.758240 219 0.241643 207 0.000117
UV2
  220 5.898498 2.366547 49.945515 0.967037 -0.009881 -0.254445 0.182382 0.300906 3 220 0.750577 219 0.249296 207 0.000127
  220 5.699912 2.176352 49.504246 0.678338 -0.721378 -0.139542 0.179812 0.288769 3 220 0.673801 219 0.323081 207 0.003118
  220 5.774820 2.334075 49.459621 0.967865 -0.006812 -0.251378 0.182382 0.288684 3 220 0.754385 219 0.245488 207 0.000127
UV2
  220 5.898498 2.366547 49.945515 0.967037 -0.009881 -0.254445 0.182382 0.300906 3 220 0.750577 219 0.249296 207 0.000127
  220 5.825948 2.185853 49.999722 0.705432 -0.688504 -0.168310 0.179812 0.301161 3 220 0.669997 219 0.326756 207 0.003247
  220 5.699912 2.176352 49.504246 0.678338 -0.721378 -0.139542 0.179812 0.288769 3 220 0.673801 219 0.323081 207 0.003118
UV2
  220 5.816055 2.548954 49.956173 0.688632 0.678274 -0.256379 0.179812 0.301161 3 220 0.671202 219 0.325160 207 0.003638
  220 5.774820 2.334075 49.459621 0.967865 -0.006812 -0.251378 0.182382 0.288684 3 220 0.754385 219 0.245488 207 0.000127
  220 5.691294 2.492602 49.466312 0.656993 0.715026 -0.238952 0.179812 0.288769 3 220 0.674994 219 0.321578 207 0.003428
UV2
  220 5.816055 2.548954 49.956173 0.688632 0.678274 -0.256379 0.179812 0.301161 3 220 0.671202 219 0.325160 207 0.003638
  220 5.898498 2.366547 49.945515 0.967037 -0.009881 -0.254445 0.182382 0.300906 3 220 0.750577 219 0.249296 207 0.000127
  220 5.774820 2.334075 49.459621 0.967865 -0.006812 -0.251378 0.182382 0.288684 3 220 0.754385 219 0.245488 207 0.000127
UV2
  220 5.602253 2.663899 49.997444 0.188659 0.964012 -0.187320 0.173079 0.301076 3 220 0.514099 219 0.463566 207 0.022335
  220 5.816055 2.548954 49.956173 0.688632 0.678274 -0.256379 0.179812 0.301161 3 220 0.671202 219 0.325160 207 0.003638
  220 5.691294 2.492602 49.466312 0.656993 0.715026 -0.238952 0.179812 0.288769 3 220 0.674994 219 0.321578 207 0.003428
UV2
  220 5.602253 2.663899 49.997444 0.188659 0.964012 -0.187320 0.173079 0.301076 3 220 0.514099 219 0.463566 207 0.022335
  220 5.691294 2.492602 49.466312 0.656993 0.715026 -0.238952 0.179812 0.288769 3 220 0.674994 219 0.321578 207 0.003428
  220 5.478471 2.592899 49.511646 0.175569 0.972750 -0.151439 0.173079 0.288741 3 220 0.517468 219 0.460519 207 0.022013
UV2
  220 5.940763 2.607342 50.445774 0.721569 0.636017 -0.273534 0.179812 0.313553 3 220 0.667781 219 0.328581 207 0.003638
  220 5.898498 2.366547 49.945515 0.967037 -0.009881 -0.254445 0.182382 0.300906 3 220 0.750577 219 0.249296 207 0.000127
  220 5.816055 2.548954 49.956173 0.688632 0.678274 -0.256379 0.179812 0.301161 3 220 0.671202 219 0.325160 207 0.003638
UV2
  219 4.313740 2.651407 50.425186 -0.064854 0.988963 -0.133211 0.145714 0.300572 3 219 0.505311 220 0.264651 218 0.230037
  220 5.602253 2.663899 49.997444 0.188659 0.964012 -0.187320 0.173079 0.301076 3 220 0.514099 219 0.463566 207 0.022335
  220 5.478471 2.592899 49.511646 0.175569 0.972750 -0.151439 0.173079 0.288741 3 220 0.517468 219 0.460519 207 0.022013
UV2
  219 4.313740 2.651407 50.425186 -0.064854 0.988963 -0.133211 0.145714 0.300572 3 219 0.505311 220 0.264651 218 0.230037
  220 5.478471 2.592899 49.511646 0.175569 0.972750 -0.151439 0.173079 0.288741 3 220 0.517468 219 0.460519 207 0.022013
  219 4.187363 2.583246 49.968487 -0.053609 0.993712 -0.098301 0.145714 0.288573 3 219 0.502274 220 0.265715 218 0.232010
UV2
  218 2.975732 2.601747 50.818298 -0.079438 0.988144 -0.131382 0.113436 0.300081 3 218 0.505986 207 0.295974 219 0.198040
  219 4.313740 2.651407 50.425186 -0.064854 0.988963 -0.133211 0.145714 0.300572 3 219 0.505311 220 0.264651 218 0.230037
  219 4.187363 2.583246 49.968487 -0.053609 0.993712 -0.098301 0.145714 0.288573 3 219 0.502274 220 0.265715 218 0.232010
UV2
  220 5.725942 2.738217 50.482864 0.211602 0.953423 -0.214963 0.173079 0.313410 3 220 0.510773 219 0.466539 207 0.022688
  220 5.816055 2.548954 49.956173 0.688632 0.678274 -0.256379 0.179812 0.301161 3 220 0.671202 219 0.325160 207 0.003638
  220 5.602253 2.663899 49.997444 0.188659 0.964012 -0.187320 0.173079 0.301076 3 220 0.514099 219 0.463566 207 0.022335
UV2
  220 5.725942 2.738217 50.482864 0.211602 0.953423 -0.214963 0.173079 0.313410 3 220 0.510773 219 0.466539 207 0.022688
  220 5.940763 2.607342 50.445774 0.721569 0.636017 -0.273534 0.179812 0.313553 3 220 0.667781 219 0.328581 207 0.003638
  220 5.816055 2.548954 49.956173 0.688632 0.678274 -0.256379 0.179812 0.301161 3 220 0.671202 219 0.325160 207 0.003638
UV2
  219 4.440031 2.722749 50.881496 -0.072792 0.983709 -0.164372 0.145714 0.312570 3 219 0.508318 220 0.263542 218 0.228140
  220 5.602253 2.663899 49.997444 0.188659 0.964012 -0.187320 0.173079 0.301076 3 220 0.514099 219 0.463566 207 0.022335
  219 4.313740 2.651407 50.425186 -0.064854 0.988963 -0.133211 0.145714 0.300572 3 219 0.505311 220 0.264651 218 0.230037
UV2
  219 4.440031 2.722749 50.881496 -0.072792 0.983709 -0.164372 0.145714 0.312570 3 219 0.508318 220 0.263542 218 0.228140
  220 5.725942 2.738217 50.482864 0.211602 0.953423 -0.214963 0.173079 0.313410 3 220 0.510773 219 0.466539 207 0.022688
  220 5.602253 2.663899 49.997444 0.188659 0.964012 -0.187320 0.173079 0.301076 3 220 0.514099 219 0.463566 207 0.022335
UV2
  218 3.073768 2.664070 51.216389 -0.087260 0.983038 -0.161311 0.113436 0.311753 3 218 0.500114 207 0.301606 219 0.198281
  219 4.313740 2.651407 50.425186 -0.064854 0.988963 -0.133211 0.145714 0.300572 3 219 0.505311 220 0.264651 218 0.230037
  218 2.975732 2.601747 50.818298 -0.079438 0.988144 -0.131382 0.113436 0.300081 3 218 0.505986 207 0.295974 219 0.198040
UV2
  218 3.073768 2.664070 51.216389 -0.087260 0.983038 -0.161311 0.113436 0.311753 3 218 0.500114 207 0.301606 219 0.198281
  219 4.440031 2.722749 50.881496 -0.072792 0.983709 -0.164372 0.145714 0.312570 3 219 0.508318 220 0.263542 218 0.228140
  219 4.313740 2.651407 50.425186 -0.064854 0.988963 -0.133211 0.145714 0.300572 3 219 0.505311 220 0.264651 218 0.230037
UV2
  219 4.565601 2.821515 51.334587 -0.078024 0.978851 -0.189111 0.145714 0.324569 3 219 0.510885 220 0.262630 218 0.226485
  220 5.725942 2.738217 50.482864 0.211602 0.953423 -0.214963 0.173079 0.313410 3 220 0.510773 219 0.466539 207 0.022688
  219 4.440031 2.722749 50.881496 -0.072792 0.983709 -0.164372 0.145714 0.312570 3 219 0.508318 220 0.263542 218 0.228140
UV2
  219 4.565601 2.821515 51.334587 -0.078024 0.978851 -0.189111 0.145714 0.324569 3 219 0.510885 220 0.262630 218 0.226485
  220 5.849108 2.831894 50.965965 0.228425 0.945908 -0.230390 0.173079 0.325745 3 220 0.508419 219 0.468893 207 0.022688
  220 5.725942 2.738217 50.482864 0.211602 0.953423 -0.214963 0.173079 0.313410 3 220 0.510773 219 0.466539 207 0.022688
UV2
  220 5.849108 2.831894 50.965965 0.228425 0.945908 -0.230390 0.173079 0.325745 3 220 0.508419 219 0.468893 207 0.022688
  220 5.940763 2.607342 50.445774 0.721569 0.636017 -0.273534 0.179812 0.313553 3 220 0.667781 219 0.328581 207 0.003638
  220 5.725942 2.738217 50.482864 0.211602 0.953423 -0.214963 0.173079 0.313410 3 220 0.510773 219 0.466539 207 0.022688
UV2
  218 3.169748 2.748430 51.605610 -0.093942 0.977559 -0.188553 0.113436 0.323237 3 218 0.498552 207 0.302330 219 0.199119
  219 4.565601 2.821515 51.334587 -0.078024 0.978851 -0.189111 0.145714 0.324569 3 219 0.510885 220 0.262630 218 0.226485
  219 4.440031 2.722749 50.881496 -0.072792 0.983709 -0.164372 0.145714 0.312570 3 219 0.508318 220 0.263542 218 0.228140
UV2
  218 3.169748 2.748430 51.605610 -0.093942 0.977559 -0.188553 0.113436 0.323237 3 218 0.498552 207 0.302330 219 0.199119
  219 4.440031 2.722749 50.881496 -0.072792 0.983709 -0.164372 0.145714 0.312570 3 219 0.508318 220 0.263542 218 0.228140
  218 3.073768 2.664070 51.216389 -0.087260 0.983038 -0.161311 0.113436 0.311753 3 218 0.500114 207 0.301606 219 0.198281
UV2
  220 5.849108 2.831894 50.965965 0.228425 0.945908 -0.230390 0.173079 0.325745 3 220 0.508419 219 0.468893 207 0.022688
  220 6.064990 2.683289 50.933289 0.743255 0.610214 -0.274246 0.179812 0.325945 3 220 0.665633 219 0.330729 207 0.003638
  220 5.940763 2.607342 50.445774 0.721569 0.636017 -0.273534 0.179812 0.313553 3 220 0.667781 219 0.328581 207 0.003638
UV2
  207 1.938594 2.656369 51.783325 -0.093967 0.980888 -0.170377 0.081158 0.322038 2 207 0.780362 218 0.219638
  218 3.169748 2.748430 51.605610 -0.093942 0.977559 -0.188553 0.113436 0.323237 3 218 0.498552 207 0.302330 219 0.199119
  218 3.073768 2.664070 51.216389 -0.087260 0.983038 -0.161311 0.113436 0.311753 3 218 0.500114 207 0.301606 219 0.198281
UV2
  220 6.064990 2.683289 50.933289 0.743255 0.610214 -0.274246 0.179812 0.325945 3 220 0.665633 219 0.330729 207 0.003638
  220 6.022176 2.399019 50.431412 0.966709 -0.011409 -0.255623 0.182382 0.313128 3 220 0.747200 219 0.252673 207 0.000127
  220 5.940763 2.607342 50.445774 0.721569 0.636017 -0.273534 0.179812 0.313553 3 220 0.667781 219 0.328581 207 0.003638
UV2
  220 5.940763 2.607342 50.445774 0.721569 0.636017 -0.273534 0.179812 0.313553 3 220 0.667781 219 0.328581 207 0.003638
  220 6.022176 2.399019 50.431412 0.966709 -0.011409 -0.255623 0.182382 0.313128 3 220 0.747200 219 0.252673 207 0.000127
  220 5.898498 2.366547 49.945515 0.967037 -0.009881 -0.254445 0.182382 0.300906 3 220 0.750577 219 0.249296 207 0.000127
UV2
  220 6.022176 2.399019 50.431412 0.966709 -0.011409 -0.255623 0.182382 0.313128 3 220 0.747200 219 0.252673 207 0.000127
  220 5.825948 2.185853 49.999722 0.705432 -0.688504 -0.168310 0.179812 0.301161 3 220 0.669997 219 0.326756 207 0.003247
  220 5.898498 2.366547 49.945515 0.967037 -0.009881 -0.254445 0.182382 0.300906 3 220 0.750577 219 0.249296 207 0.000127
UV2
  220 6.064990 2.683289 50.933289 0.743255 0.610214 -0.274246 0.179812 0.325945 3 220 0.665633 219 0.330729 207 0.003638
  220 6.145855 2.431490 50.917328 0.966479 -0.023939 -0.255628 0.182382 0.325350 3 220 0.743835 219 0.256035 207 0.000130
  220 6.022176 2.399019 50.431412 0.966709 -0.011409 -0.255623 0.182382 0.313128 3 220 0.747200 219 0.252673 207 0.000127
UV2
  220 6.022176 2.399019 50.431412 0.966709 -0.011409 -0.255623 0.182382 0.313128 3 220 0.747200 219 0.252673 207 0.000127
  220 5.952039 2.193314 50.495426 0.870387 -0.405508 -0.279266 0.179812 0.313553 3 220 0.666299 219 0.330325 207 0.003376
  220 5.825948 2.185853 49.999722 0.705432 -0.688504 -0.168310 0.179812 0.301161 3 220 0.669997 219 0.326756 207 0.003247
UV2
  220 6.145855 2.431490 50.917328 0.966479 -0.023939 -0.255628 0.182382 0.325350 3 220 0.743835 219 0.256035 207 0.000130
  220 5.952039 2.193314 50.495426 0.870387 -0.405508 -0.279266 0.179812 0.313553 3 220 0.666299 219 0.330325 207 0.003376
  220 6.022176 2.399019 50.431412 0.966709 -0.011409 -0.255623 0.182382 0.313128 3 220 0.747200 219 0.252673 207 0.000127
UV2
  220 5.952039 2.193314 50.495426 0.870387 -0.405508 -0.279266 0.179812 0.313553 3 220 0.666299 219 0.330325 207 0.003376
  220 5.618391 2.071414 50.068523 0.275740 -0.912940 -0.300846 0.173079 0.301076 3 220 0.512332 219 0.466354 207 0.021314
  220 5.825948 2.185853 49.999722 0.705432 -0.688504 -0.168310 0.179812 0.301161 3 220 0.669997 219 0.326756 207 0.003247
UV2
  220 6.145855 2.431490 50.917328 0.966479 -0.023939 -0.255628 0.182382 0.325350 3 220 0.743835 219 0.256035 207 0.000130
  220 6.078612 2.183214 50.993252 0.910221 -0.336610 -0.241229 0.179812 0.325945 3 220 0.662602 219 0.333697 207 0.003701
  220 5.952039 2.193314 50.495426 0.870387 -0.405508 -0.279266 0.179812 0.313553 3 220 0.666299 219 0.330325 207 0.003376
UV2
  220 5.952039 2.193314 50.495426 0.870387 -0.405508 -0.279266 0.179812 0.313553 3 220 0.666299 219 0.330325 207 0.003376
  220 5.744345 1.615143 50.563904 0.328371 -0.867540 -0.373560 0.173079 0.313410 3 220 0.508854 219 0.469112 207 0.022035
  220 5.618391 2.071414 50.068523 0.275740 -0.912940 -0.300846 0.173079 0.301076 3 220 0.512332 219 0.466354 207 0.021314
UV2
  220 6.078612 2.183214 50.993252 0.910221 -0.336610 -0.241229 0.179812 0.325945 3 220 0.662602 219 0.333697 207 0.003701
  220 5.744345 1.615143 50.563904 0.328371 -0.867540 -0.373560 0.173079 0.313410 3 220 0.508854 219 0.469112 207 0.022035
  220 5.952039 2.193314 50.495426 0.870387 -0.405508 -0.279266 0.179812 0.313553 3 220 0.666299 219 0.330325 207 0.003376
UV2
  220 5.744345 1.615143 50.563904 0.328371 -0.867540 -0.373560 0.173079 0.313410 3 220 0.508854 219 0.469112 207 0.022035
  219 4.328737 2.084112 50.491974 -0.102637 -0.994026 -0.037117 0.145714 0.300572 3 219 0.504561 220 0.261827 218 0.233612
  220 5.618391 2.071414 50.068523 0.275740 -0.912940 -0.300846 0.173079 0.301076 3 220 0.512332 219 0.466354 207 0.021314
UV2
  220 6.078612 2.183214 50.993252 0.910221 -0.336610 -0.241229 0.179812 0.325945 3 220 0.662602 219 0.333697 207 0.003701
  220 5.870828 1.587007 51.061600 0.379962 -0.912777 -0.149890 0.173079 0.325745 3 220 0.505612 219 0.471389 207 0.022999
  220 5.744345 1.615143 50.563904 0.328371 -0.867540 -0.373560 0.173079 0.313410 3 220 0.508854 219 0.469112 207 0.022035
UV2
  220 5.744345 1.615143 50.563904 0.328371 -0.867540 -0.373560 0.173079 0.313410 3 220 0.508854 219 0.469112 207 0.022035
  219 4.457132 2.075890 50.957672 -0.186984 -0.982344 0.006077 0.145714 0.312570 3 219 0.506926 220 0.260871 218 0.232202
  219 4.328737 2.084112 50.491974 -0.102637 -0.994026 -0.037117 0.145714 0.300572 3 219 0.504561 220 0.261827 218 0.233612
UV2
  220 5.870828 1.587007 51.061600 0.379962 -0.912777 -0.149890 0.173079 0.325745 3 220 0.505612 219 0.471389 207 0.022999
  219 4.457132 2.075890 50.957672 -0.186984 -0.982344 0.006077 0.145714 0.312570 3 219 0.506926 220 0.260871 218 0.232202
  220 5.744345 1.615143 50.563904 0.328371 -0.867540 -0.373560 0.173079 0.313410 3 220 0.508854 219 0.469112 207 0.022035
UV2
  219 4.457132 2.075890 50.957672 -0.186984 -0.982344 0.006077 0.145714 0.312570 3 219 0.506926 220 0.260871 218 0.232202
  218 2.985488 2.135951 50.869068 -0.049485 -0.998742 0.008149 0.113436 0.300081 3 218 0.508623 207 0.292494 219 0.198884
  219 4.328737 2.084112 50.491974 -0.102637 -0.994026 -0.037117 0.145714 0.300572 3 219 0.504561 220 0.261827 218 0.233612
UV2
  220 5.870828 1.587007 51.061600 0.379962 -0.912777 -0.149890 0.173079 0.325745 3 220 0.505612 219 0.471389 207 0.022999
  219 4.586254 2.040238 51.426594 -0.198843 -0.979849 -0.018881 0.145714 0.324569 3 219 0.508509 220 0.260951 218 0.230540
  219 4.457132 2.075890 50.957672 -0.186984 -0.982344 0.006077 0.145714 0.312570 3 219 0.506926 220 0.260871 218 0.232202
UV2
  219 4.457132 2.075890 50.957672 -0.186984 -0.982344 0.006077 0.145714 0.312570 3 219 0.506926 220 0.260871 218 0.232202
  218 3.084894 2.132947 51.274277 -0.059506 -0.997991 -0.021754 0.113436 0.311753 3 218 0.502897 207 0.298566 219 0.198537
  218 2.985488 2.135951 50.869068 -0.049485 -0.998742 0.008149 0.113436 0.300081 3 218 0.508623 207 0.292494 219 0.198884
UV2
  219 4.586254 2.040238 51.426594 -0.198843 -0.979849 -0.018881 0.145714 0.324569 3 219 0.508509 220 0.260951 218 0.230540
  218 3.084894 2.132947 51.274277 -0.059506 -0.997991 -0.021754 0.113436 0.311753 3 218 0.502897 207 0.298566 219 0.198537
  219 4.457132 2.075890 50.957672 -0.186984 -0.982344 0.006077 0.145714 0.312570 3 219 0.506926 220 0.260871 218 0.232202
UV2
  218 3.084894 2.132947 51.274277 -0.059506 -0.997991 -0.021754 0.113436 0.311753 3 218 0.502897 207 0.298566 219 0.198537
  207 1.807306 2.212417 51.117874 -0.060670 -0.997781 0.027426 0.081158 0.299487 2 207 0.753386 218 0.246614
  218 2.985488 2.135951 50.869068 -0.049485 -0.998742 0.008149 0.113436 0.300081 3 218 0.508623 207 0.292494 219 0.198884
UV2
  219 4.586254 2.040238 51.426594 -0.198843 -0.979849 -0.018881 0.145714 0.324569 3 219 0.508509 220 0.260951 218 0.230540
  218 3.183186 2.106939 51.675526 -0.066385 -0.996744 -0.045764 0.113436 0.323237 3 218 0.497223 207 0.304736 219 0.198041
  218 3.084894 2.132947 51.274277 -0.059506 -0.997991 -0.021754 0.113436 0.311753 3 218 0.502897 207 0.298566 219 0.198537
UV2
  218 3.084894 2.132947 51.274277 -0.059506 -0.997991 -0.021754 0.113436 0.311753 3 218 0.502897 207 0.298566 219 0.198537
  207 1.875462 2.217000 51.472992 -0.072670 -0.997345 0.004727 0.081158 0.310762 2 207 0.769211 218 0.230789
  207 1.807306 2.212417 51.117874 -0.060670 -0.997781 0.027426 0.081158 0.299487 2 207 0.753386 218 0.246614
UV2
  218 3.183186 2.106939 51.675526 -0.066385 -0.996744 -0.045764 0.113436 0.323237 3 218 0.497223 207 0.304736 219 0.198041
  207 1.875462 2.217000 51.472992 -0.072670 -0.997345 0.004727 0.081158 0.310762 2 207 0.769211 218 0.230789
  218 3.084894 2.132947 51.274277 -0.059506 -0.997991 -0.021754 0.113436 0.311753 3 218 0.502897 207 0.298566 219 0.198537
UV2
  207 1.875462 2.217000 51.472992 -0.072670 -0.997345 0.004727 0.081158 0.310762 2 207 0.769211 218 0.230789
  207 1.066523 2.264476 51.304783 -0.053207 -0.997503 0.046442 0.053793 0.299409 1 207 1.000000
  207 1.807306 2.212417 51.117874 -0.060670 -0.997781 0.027426 0.081158 0.299487 2 207 0.753386 218 0.246614
UV2
  218 3.183186 2.106939 51.675526 -0.066385 -0.996744 -0.045764 0.113436 0.323237 3 218 0.497223 207 0.304736 219 0.198041
  207 1.943801 2.205755 51.829750 -0.081922 -0.996564 -0.012194 0.081158 0.322038 2 207 0.785207 218 0.214793
  207 1.875462 2.217000 51.472992 -0.072670 -0.997345 0.004727 0.081158 0.310762 2 207 0.769211 218 0.230789
UV2
  207 1.875462 2.217000 51.472992 -0.072670 -0.997345 0.004727 0.081158 0.310762 2 207 0.769211 218 0.230789
  207 1.140793 2.273928 51.621555 -0.072857 -0.996915 0.029209 0.053793 0.310633 1 207 1.000000
  207 1.066523 2.264476 51.304783 -0.053207 -0.997503 0.046442 0.053793 0.299409 1 207 1.000000
UV2
  207 1.943801 2.205755 51.829750 -0.081922 -0.996564 -0.012194 0.081158 0.322038 2 207 0.785207 218 0.214793
  207 1.140793 2.273928 51.621555 -0.072857 -0.996915 0.029209 0.053793 0.310633 1 207 1.000000
  207 1.875462 2.217000 51.472992 -0.072670 -0.997345 0.004727 0.081158 0.310762 2 207 0.769211 218 0.230789
UV2
  207 1.140793 2.273928 51.621555 -0.072857 -0.996915 0.029209 0.053793 0.310633 1 207 1.000000
  207 0.472241 2.302983 51.454620 -0.384590 -0.919739 0.078553 0.035509 0.299682 1 207 1.000000
  207 1.066523 2.264476 51.304783 -0.053207 -0.997503 0.046442 0.053793 0.299409 1 207 1.000000
UV2
  207 1.943801 2.205755 51.829750 -0.081922 -0.996564 -0.012194 0.081158 0.322038 2 207 0.785207 218 0.214793
  207 1.215187 2.271595 51.939472 -0.086723 -0.995991 0.021945 0.053793 0.321856 1 207 1.000000
  207 1.140793 2.273928 51.621555 -0.072857 -0.996915 0.029209 0.053793 0.310633 1 207 1.000000
UV2
  207 1.140793 2.273928 51.621555 -0.072857 -0.996915 0.029209 0.053793 0.310633 1 207 1.000000
  207 0.472241 2.329027 51.745090 -0.397605 -0.914382 0.076257 0.035509 0.311088 1 207 1.000000
  207 0.472241 2.302983 51.454620 -0.384590 -0.919739 0.078553 0.035509 0.299682 1 207 1.000000
UV2
  207 1.215187 2.271595 51.939472 -0.086723 -0.995991 0.021945 0.053793 0.321856 1 207 1.000000
  207 0.472241 2.329027 51.745090 -0.397605 -0.914382 0.076257 0.035509 0.311088 1 207 1.000000
  207 1.140793 2.273928 51.621555 -0.072857 -0.996915 0.029209 0.053793 0.310633 1 207 1.000000
UV2
  207 0.472241 2.329027 51.745090 -0.397605 -0.914382 0.076257 0.035509 0.311088 1 207 1.000000
  207 0.368257 2.396739 51.446285 -1.000000 0.000000 0.000001 0.032287 0.299682 1 207 1.000000
  207 0.472241 2.302983 51.454620 -0.384590 -0.919739 0.078553 0.035509 0.299682 1 207 1.000000
UV2
  207 1.215187 2.271595 51.939472 -0.086723 -0.995991 0.021945 0.053793 0.321856 1 207 1.000000
  207 0.472241 2.355072 52.035561 -0.419527 -0.904116 0.081066 0.035509 0.322495 1 207 1.000000
  207 0.472241 2.329027 51.745090 -0.397605 -0.914382 0.076257 0.035509 0.311088 1 207 1.000000
UV2
  207 0.472241 2.329027 51.745090 -0.397605 -0.914382 0.076257 0.035509 0.311088 1 207 1.000000
  207 0.368257 2.422782 51.736752 -1.000000 -0.000012 -0.000003 0.032287 0.311088 1 207 1.000000
  207 0.368257 2.396739 51.446285 -1.000000 0.000000 0.000001 0.032287 0.299682 1 207 1.000000
UV2
  207 0.472241 2.355072 52.035561 -0.419527 -0.904116 0.081066 0.035509 0.322495 1 207 1.000000
  207 0.368257 2.422782 51.736752 -1.000000 -0.000012 -0.000003 0.032287 0.311088 1 207 1.000000
  207 0.472241 2.329027 51.745090 -0.397605 -0.914382 0.076257 0.035509 0.311088 1 207 1.000000
UV2
  207 0.368257 2.422782 51.736752 -1.000000 -0.000012 -0.000003 0.032287 0.311088 1 207 1.000000
  207 0.472241 2.490494 51.437962 -0.382447 0.920062 -0.084965 0.035509 0.299682 1 207 1.000000
  207 0.368257 2.396739 51.446285 -1.000000 0.000000 0.000001 0.032287 0.299682 1 207 1.000000
UV2
  207 0.472241 2.355072 52.035561 -0.419527 -0.904116 0.081066 0.035509 0.322495 1 207 1.000000
  207 0.368257 2.448828 52.027222 -1.000000 0.000331 -0.000020 0.032287 0.322495 1 207 1.000000
  207 0.368257 2.422782 51.736752 -1.000000 -0.000012 -0.000003 0.032287 0.311088 1 207 1.000000
UV2
  207 0.368257 2.422782 51.736752 -1.000000 -0.000012 -0.000003 0.032287 0.311088 1 207 1.000000
  207 0.472241 2.516545 51.728432 -0.390287 0.916801 -0.084568 0.035509 0.311088 1 207 1.000000
  207 0.472241 2.490494 51.437962 -0.382447 0.920062 -0.084965 0.035509 0.299682 1 207 1.000000
UV2
  207 0.368257 2.448828 52.027222 -1.000000 0.000331 -0.000020 0.032287 0.322495 1 207 1.000000
  207 0.472241 2.516545 51.728432 -0.390287 0.916801 -0.084568 0.035509 0.311088 1 207 1.000000
  207 0.368257 2.422782 51.736752 -1.000000 -0.000012 -0.000003 0.032287 0.311088 1 207 1.000000
UV2
  207 0.472241 2.516545 51.728432 -0.390287 0.916801 -0.084568 0.035509 0.311088 1 207 1.000000
  207 1.063903 2.508082 51.281425 -0.069268 0.990653 -0.117506 0.053793 0.299409 1 207 1.000000
  207 0.472241 2.490494 51.437962 -0.382447 0.920062 -0.084965 0.035509 0.299682 1 207 1.000000
UV2
  207 0.368257 2.448828 52.027222 -1.000000 0.000331 -0.000020 0.032287 0.322495 1 207 1.000000
  207 0.472241 2.542583 52.018890 -0.411904 0.906740 -0.090314 0.035509 0.322495 1 207 1.000000
  207 0.472241 2.516545 51.728432 -0.390287 0.916801 -0.084568 0.035509 0.311088 1 207 1.000000
UV2
  207 0.472241 2.516545 51.728432 -0.390287 0.916801 -0.084568 0.035509 0.311088 1 207 1.000000
  207 1.137805 2.551693 51.594929 -0.084349 0.987544 -0.132821 0.053793 0.310633 1 207 1.000000
  207 1.063903 2.508082 51.281425 -0.069268 0.990653 -0.117506 0.053793 0.299409 1 207 1.000000
UV2
  207 0.472241 2.542583 52.018890 -0.411904 0.906740 -0.090314 0.035509 0.322495 1 207 1.000000
  207 1.137805 2.551693 51.594929 -0.084349 0.987544 -0.132821 0.053793 0.310633 1 207 1.000000
  207 0.472241 2.516545 51.728432 -0.390287 0.916801 -0.084568 0.035509 0.311088 1 207 1.000000
UV2
  207 1.137805 2.551693 51.594929 -0.084349 0.987544 -0.132821 0.053793 0.310633 1 207 1.000000
  207 1.803526 2.539621 51.084164 -0.078188 0.989127 -0.124557 0.081158 0.299487 2 207 0.749869 218 0.250131
  207 1.063903 2.508082 51.281425 -0.069268 0.990653 -0.117506 0.053793 0.299409 1 207 1.000000
UV2
  207 0.472241 2.542583 52.018890 -0.411904 0.906740 -0.090314 0.035509 0.322495 1 207 1.000000
  207 1.211578 2.607085 51.907288 -0.097601 0.983276 -0.153759 0.053793 0.321856 1 207 1.000000
  207 1.137805 2.551693 51.594929 -0.084349 0.987544 -0.132821 0.053793 0.310633 1 207 1.000000
UV2
  207 1.137805 2.551693 51.594929 -0.084349 0.987544 -0.132821 0.053793 0.310633 1 207 1.000000
  207 1.871152 2.590087 51.434547 -0.086220 0.985380 -0.146944 0.081158 0.310762 2 207 0.765199 218 0.234801
  207 1.803526 2.539621 51.084164 -0.078188 0.989127 -0.124557 0.081158 0.299487 2 207 0.749869 218 0.250131
UV2
  207 1.211578 2.607085 51.907288 -0.097601 0.983276 -0.153759 0.053793 0.321856 1 207 1.000000
  207 1.871152 2.590087 51.434547 -0.086220 0.985380 -0.146944 0.081158 0.310762 2 207 0.765199 218 0.234801
  207 1.137805 2.551693 51.594929 -0.084349 0.987544 -0.132821 0.053793 0.310633 1 207 1.000000
UV2
  207 1.871152 2.590087 51.434547 -0.086220 0.985380 -0.146944 0.081158 0.310762 2 207 0.765199 218 0.234801
  218 2.975732 2.601747 50.818298 -0.079438 0.988144 -0.131382 0.113436 0.300081 3 218 0.505986 207 0.295974 219 0.198040
  207 1.803526 2.539621 51.084164 -0.078188 0.989127 -0.124557 0.081158 0.299487 2 207 0.749869 218 0.250131
UV2
  207 1.211578 2.607085 51.907288 -0.097601 0.983276 -0.153759 0.053793 0.321856 1 207 1.000000
  207 1.938594 2.656369 51.783325 -0.093967 0.980888 -0.170377 0.081158 0.322038 2 207 0.780362 218 0.219638
  207 1.871152 2.590087 51.434547 -0.086220 0.985380 -0.146944 0.081158 0.310762 2 207 0.765199 218 0.234801
UV2
  207 1.871152 2.590087 51.434547 -0.086220 0.985380 -0.146944 0.081158 0.310762 2 207 0.765199 218 0.234801
  218 3.073768 2.664070 51.216389 -0.087260 0.983038 -0.161311 0.113436 0.311753 3 218 0.500114 207 0.301606 219 0.198281
  218 2.975732 2.601747 50.818298 -0.079438 0.988144 -0.131382 0.113436 0.300081 3 218 0.505986 207 0.295974 219 0.198040
UV2
  207 1.938594 2.656369 51.783325 -0.093967 0.980888 -0.170377 0.081158 0.322038 2 207 0.780362 218 0.219638
  218 3.073768 2.664070 51.216389 -0.087260 0.983038 -0.161311 0.113436 0.311753 3 218 0.500114 207 0.301606 219 0.198281
  207 1.871152 2.590087 51.434547 -0.086220 0.985380 -0.146944 0.081158 0.310762 2 207 0.765199 218 0.234801
UV2
  207 0.368257 2.448828 52.027222 0.462586 0.078462 0.883096 0.032287 0.322495 1 207 1.000000
  207 0.454864 2.444791 51.982212 0.316763 0.085390 0.944653 0.034971 0.320727 1 207 1.000000
  207 0.472241 2.542583 52.018890 0.203791 -0.352507 0.913350 0.035509 0.322495 1 207 1.000000
UV2
  207 0.368257 2.448828 52.027222 0.462586 0.078462 0.883096 0.032287 0.322495 1 207 1.000000
  207 0.472241 2.355072 52.035561 0.198511 0.506518 0.839067 0.035509 0.322495 1 207 1.000000
  207 0.454864 2.444791 51.982212 0.316763 0.085390 0.944653 0.034971 0.320727 1 207 1.000000
UV2
  207 0.472241 2.542583 52.018890 0.203791 -0.352507 0.913350 0.035509 0.322495 1 207 1.000000
  207 0.454864 2.444791 51.982212 0.316763 0.085390 0.944653 0.034971 0.320727 1 207 1.000000
  207 1.219541 2.559409 51.937305 0.163392 -0.268729 0.949256 0.053839 0.322764 1 207 1.000000
UV2
  207 1.211578 2.607085 51.907288 0.085050 0.544897 0.834178 0.053793 0.321856 1 207 1.000000
  207 0.472241 2.542583 52.018890 0.203791 -0.352507 0.913350 0.035509 0.322495 1 207 1.000000
  207 1.219541 2.559409 51.937305 0.163392 -0.268729 0.949256 0.053839 0.322764 1 207 1.000000
UV2
  207 0.472241 2.355072 52.035561 0.198511 0.506518 0.839067 0.035509 0.322495 1 207 1.000000
  207 1.222509 2.331710 51.960308 0.154398 0.463186 0.872708 0.053846 0.322808 1 207 1.000000
  207 0.454864 2.444791 51.982212 0.316763 0.085390 0.944653 0.034971 0.320727 1 207 1.000000
UV2
  207 1.215187 2.271595 51.939472 0.088601 -0.340889 0.935919 0.053793 0.321856 1 207 1.000000
  207 1.222509 2.331710 51.960308 0.154398 0.463186 0.872708 0.053846 0.322808 1 207 1.000000
  207 0.472241 2.355072 52.035561 0.198511 0.506518 0.839067 0.035509 0.322495 1 207 1.000000
UV2
  207 1.150995 2.415238 51.636539 0.370891 0.092829 0.924025 0.053946 0.311673 1 207 1.000000
  207 1.219541 2.559409 51.937305 0.163392 -0.268729 0.949256 0.053839 0.322764 1 207 1.000000
  207 0.454864 2.444791 51.982212 0.316763 0.085390 0.944653 0.034971 0.320727 1 207 1.000000
UV2
  207 1.150995 2.415238 51.636539 0.370891 0.092829 0.924025 0.053946 0.311673 1 207 1.000000
  207 0.454864 2.444791 51.982212 0.316763 0.085390 0.944653 0.034971 0.320727 1 207 1.000000
  207 1.222509 2.331710 51.960308 0.154398 0.463186 0.872708 0.053846 0.322808 1 207 1.000000
UV2
  207 1.211578 2.607085 51.907288 0.085050 0.544897 0.834178 0.053793 0.321856 1 207 1.000000
  207 1.219541 2.559409 51.937305 0.163392 -0.268729 0.949256 0.053839 0.322764 1 207 1.000000
  207 1.948360 2.597027 51.833450 0.147133 -0.218159 0.964758 0.081177 0.323437 2 207 0.782595 218 0.217405
UV2
  207 1.938594 2.656369 51.783325 0.075098 0.649409 0.756722 0.081158 0.322038 2 207 0.780362 218 0.219638
  207 1.211578 2.607085 51.907288 0.085050 0.544897 0.834178 0.053793 0.321856 1 207 1.000000
  207 1.948360 2.597027 51.833450 0.147133 -0.218159 0.964758 0.081177 0.323437 2 207 0.782595 218 0.217405
UV2
  207 1.150995 2.415238 51.636539 0.370891 0.092829 0.924025 0.053946 0.311673 1 207 1.000000
  207 1.866462 2.399858 51.406334 0.275350 0.084835 0.957594 0.081227 0.309258 2 207 0.763785 218 0.236215
  207 1.219541 2.559409 51.937305 0.163392 -0.268729 0.949256 0.053839 0.322764 1 207 1.000000
UV2
  207 1.150995 2.415238 51.636539 0.370891 0.092829 0.924025 0.053946 0.311673 1 207 1.000000
  207 1.222509 2.331710 51.960308 0.154398 0.463186 0.872708 0.053846 0.322808 1 207 1.000000
  207 1.866462 2.399858 51.406334 0.275350 0.084835 0.957594 0.081227 0.309258 2 207 0.763785 218 0.236215
UV2
  207 1.866462 2.399858 51.406334 0.275350 0.084835 0.957594 0.081227 0.309258 2 207 0.763785 218 0.236215
  207 1.948360 2.597027 51.833450 0.147133 -0.218159 0.964758 0.081177 0.323437 2 207 0.782595 218 0.217405
  207 1.219541 2.559409 51.937305 0.163392 -0.268729 0.949256 0.053839 0.322764 1 207 1.000000
UV2
  207 1.215187 2.271595 51.939472 0.088601 -0.340889 0.935919 0.053793 0.321856 1 207 1.000000
  207 1.952200 2.275153 51.867092 0.140076 0.392338 0.909093 0.081178 0.323452 2 207 0.786059 218 0.213941
  207 1.222509 2.331710 51.960308 0.154398 0.463186 0.872708 0.053846 0.322808 1 207 1.000000
UV2
  207 1.866462 2.399858 51.406334 0.275350 0.084835 0.957594 0.081227 0.309258 2 207 0.763785 218 0.236215
  207 1.222509 2.331710 51.960308 0.154398 0.463186 0.872708 0.053846 0.322808 1 207 1.000000
  207 1.952200 2.275153 51.867092 0.140076 0.392338 0.909093 0.081178 0.323452 2 207 0.786059 218 0.213941
UV2
  207 1.943801 2.205755 51.829750 0.079096 -0.479762 0.873826 0.081158 0.322038 2 207 0.785207 218 0.214793
  207 1.952200 2.275153 51.867092 0.140076 0.392338 0.909093 0.081178 0.323452 2 207 0.786059 218 0.213941
  207 1.215187 2.271595 51.939472 0.088601 -0.340889 0.935919 0.053793 0.321856 1 207 1.000000
UV2
  207 1.866462 2.399858 51.406334 0.275350 0.084835 0.957594 0.081227 0.309258 2 207 0.763785 218 0.236215
  218 3.045578 2.388369 51.108021 0.279544 0.074350 0.957250 0.113436 0.307762 3 218 0.497380 207 0.303397 219 0.199223
  207 1.948360 2.597027 51.833450 0.147133 -0.218159 0.964758 0.081177 0.323437 2 207 0.782595 218 0.217405
UV2
  207 1.866462 2.399858 51.406334 0.275350 0.084835 0.957594 0.081227 0.309258 2 207 0.763785 218 0.236215
  207 1.952200 2.275153 51.867092 0.140076 0.392338 0.909093 0.081178 0.323452 2 207 0.786059 218 0.213941
  218 3.045578 2.388369 51.108021 0.279544 0.074350 0.957250 0.113436 0.307762 3 218 0.497380 207 0.303397 219 0.199223
UV2
  207 1.938594 2.656369 51.783325 0.075098 0.649409 0.756722 0.081158 0.322038 2 207 0.780362 218 0.219638
  207 1.948360 2.597027 51.833450 0.147133 -0.218159 0.964758 0.081177 0.323437 2 207 0.782595 218 0.217405
  218 3.182666 2.673992 51.660004 0.174511 -0.225738 0.958430 0.113436 0.324571 3 218 0.497481 207 0.303378 219 0.199141
UV2
  218 3.045578 2.388369 51.108021 0.279544 0.074350 0.957250 0.113436 0.307762 3 218 0.497380 207 0.303397 219 0.199223
  218 3.182666 2.673992 51.660004 0.174511 -0.225738 0.958430 0.113436 0.324571 3 218 0.497481 207 0.303378 219 0.199141
  207 1.948360 2.597027 51.833450 0.147133 -0.218159 0.964758 0.081177 0.323437 2 207 0.782595 218 0.217405
UV2
  218 3.169748 2.748430 51.605610 0.096713 0.598141 0.795533 0.113436 0.323237 3 218 0.498552 207 0.302330 219 0.199119
  207 1.938594 2.656369 51.783325 0.075098 0.649409 0.756722 0.081158 0.322038 2 207 0.780362 218 0.219638
  218 3.182666 2.673992 51.660004 0.174511 -0.225738 0.958430 0.113436 0.324571 3 218 0.497481 207 0.303378 219 0.199141
UV2
  218 3.169748 2.748430 51.605610 0.096713 0.598141 0.795533 0.113436 0.323237 3 218 0.498552 207 0.302330 219 0.199119
  218 3.182666 2.673992 51.660004 0.174511 -0.225738 0.958430 0.113436 0.324571 3 218 0.497481 207 0.303378 219 0.199141
  219 4.565601 2.821515 51.334587 0.169519 0.628471 0.759136 0.145714 0.324569 3 219 0.510885 220 0.262630 218 0.226485
UV2
  207 1.943801 2.205755 51.829750 0.079096 -0.479762 0.873826 0.081158 0.322038 2 207 0.785207 218 0.214793
  218 3.193048 2.178352 51.714027 0.162154 0.353354 0.921329 0.113436 0.324571 3 218 0.496688 207 0.305164 219 0.198148
  207 1.952200 2.275153 51.867092 0.140076 0.392338 0.909093 0.081178 0.323452 2 207 0.786059 218 0.213941
UV2
  218 3.045578 2.388369 51.108021 0.279544 0.074350 0.957250 0.113436 0.307762 3 218 0.497380 207 0.303397 219 0.199223
  207 1.952200 2.275153 51.867092 0.140076 0.392338 0.909093 0.081178 0.323452 2 207 0.786059 218 0.213941
  218 3.193048 2.178352 51.714027 0.162154 0.353354 0.921329 0.113436 0.324571 3 218 0.496688 207 0.305164 219 0.198148
UV2
  218 3.183186 2.106939 51.675526 0.100585 -0.482922 0.869867 0.113436 0.323237 3 218 0.497223 207 0.304736 219 0.198041
  218 3.193048 2.178352 51.714027 0.162154 0.353354 0.921329 0.113436 0.324571 3 218 0.496688 207 0.305164 219 0.198148
  207 1.943801 2.205755 51.829750 0.079096 -0.479762 0.873826 0.081158 0.322038 2 207 0.785207 218 0.214793
UV2
  218 3.183186 2.106939 51.675526 0.100585 -0.482922 0.869867 0.113436 0.323237 3 218 0.497223 207 0.304736 219 0.198041
  219 4.586254 2.040238 51.426594 0.194700 -0.455606 0.868628 0.145714 0.324569 3 219 0.508509 220 0.260951 218 0.230540
  218 3.193048 2.178352 51.714027 0.162154 0.353354 0.921329 0.113436 0.324571 3 218 0.496688 207 0.305164 219 0.198148
UV2
  219 4.565601 2.821515 51.334587 0.169519 0.628471 0.759136 0.145714 0.324569 3 219 0.510885 220 0.262630 218 0.226485
  218 3.182666 2.673992 51.660004 0.174511 -0.225738 0.958430 0.113436 0.324571 3 218 0.497481 207 0.303378 219 0.199141
  219 4.581634 2.756352 51.385635 0.223105 -0.147146 0.963624 0.145784 0.325706 3 219 0.510033 220 0.266540 218 0.223427
UV2
  218 3.045578 2.388369 51.108021 0.279544 0.074350 0.957250 0.113436 0.307762 3 218 0.497380 207 0.303397 219 0.199223
  219 4.581634 2.756352 51.385635 0.223105 -0.147146 0.963624 0.145784 0.325706 3 219 0.510033 220 0.266540 218 0.223427
  218 3.182666 2.673992 51.660004 0.174511 -0.225738 0.958430 0.113436 0.324571 3 218 0.497481 207 0.303378 219 0.199141
UV2
  219 4.586254 2.040238 51.426594 0.194700 -0.455606 0.868628 0.145714 0.324569 3 219 0.508509 220 0.260951 218 0.230540
  219 4.598693 2.105493 51.462486 0.210218 0.295721 0.931857 0.145778 0.325710 3 219 0.507860 220 0.266182 218 0.225958
  218 3.193048 2.178352 51.714027 0.162154 0.353354 0.921329 0.113436 0.324571 3 218 0.496688 207 0.305164 219 0.198148
UV2
  218 3.045578 2.388369 51.108021 0.279544 0.074350 0.957250 0.113436 0.307762 3 218 0.497380 207 0.303397 219 0.199223
  218 3.193048 2.178352 51.714027 0.162154 0.353354 0.921329 0.113436 0.324571 3 218 0.496688 207 0.305164 219 0.198148
  219 4.598693 2.105493 51.462486 0.210218 0.295721 0.931857 0.145778 0.325710 3 219 0.507860 220 0.266182 218 0.225958
UV2
  219 4.434795 2.392782 50.820999 0.212392 0.074964 0.974305 0.146115 0.310103 3 219 0.511639 220 0.266819 218 0.221543
  219 4.581634 2.756352 51.385635 0.223105 -0.147146 0.963624 0.145784 0.325706 3 219 0.510033 220 0.266540 218 0.223427
  218 3.045578 2.388369 51.108021 0.279544 0.074350 0.957250 0.113436 0.307762 3 218 0.497380 207 0.303397 219 0.199223
UV2
  219 4.434795 2.392782 50.820999 0.212392 0.074964 0.974305 0.146115 0.310103 3 219 0.511639 220 0.266819 218 0.221543
  218 3.045578 2.388369 51.108021 0.279544 0.074350 0.957250 0.113436 0.307762 3 218 0.497380 207 0.303397 219 0.199223
  219 4.598693 2.105493 51.462486 0.210218 0.295721 0.931857 0.145778 0.325710 3 219 0.507860 220 0.266182 218 0.225958
UV2
  219 4.565601 2.821515 51.334587 0.169519 0.628471 0.759136 0.145714 0.324569 3 219 0.510885 220 0.262630 218 0.226485
  219 4.581634 2.756352 51.385635 0.223105 -0.147146 0.963624 0.145784 0.325706 3 219 0.510033 220 0.266540 218 0.223427
  220 5.872886 2.728486 51.016769 0.225380 -0.128201 0.965799 0.173414 0.326776 3 220 0.508297 219 0.469015 207 0.022688
UV2
  220 5.849108 2.831894 50.965965 0.314357 0.475876 0.821414 0.173079 0.325745 3 220 0.508419 219 0.468893 207 0.022688
  219 4.565601 2.821515 51.334587 0.169519 0.628471 0.759136 0.145714 0.324569 3 219 0.510885 220 0.262630 218 0.226485
  220 5.872886 2.728486 51.016769 0.225380 -0.128201 0.965799 0.173414 0.326776 3 220 0.508297 219 0.469015 207 0.022688
UV2
  220 5.849108 2.831894 50.965965 0.314357 0.475876 0.821414 0.173079 0.325745 3 220 0.508419 219 0.468893 207 0.022688
  220 5.872886 2.728486 51.016769 0.225380 -0.128201 0.965799 0.173414 0.326776 3 220 0.508297 219 0.469015 207 0.022688
  220 6.064990 2.683289 50.933289 0.552893 0.345267 0.758354 0.179812 0.325945 3 220 0.665633 219 0.330729 207 0.003638
UV2
  219 4.434795 2.392782 50.820999 0.212392 0.074964 0.974305 0.146115 0.310103 3 219 0.511639 220 0.266819 218 0.221543
  220 5.771974 2.400313 50.512600 -0.208342 0.060349 0.976192 0.174264 0.313398 3 220 0.515054 219 0.462053 207 0.022893
  219 4.581634 2.756352 51.385635 0.223105 -0.147146 0.963624 0.145784 0.325706 3 219 0.510033 220 0.266540 218 0.223427
UV2
  220 5.771974 2.400313 50.512600 -0.208342 0.060349 0.976192 0.174264 0.313398 3 220 0.515054 219 0.462053 207 0.022893
  220 5.872886 2.728486 51.016769 0.225380 -0.128201 0.965799 0.173414 0.326776 3 220 0.508297 219 0.469015 207 0.022688
  219 4.581634 2.756352 51.385635 0.223105 -0.147146 0.963624 0.145784 0.325706 3 219 0.510033 220 0.266540 218 0.223427
UV2
  219 4.434795 2.392782 50.820999 0.212392 0.074964 0.974305 0.146115 0.310103 3 219 0.511639 220 0.266819 218 0.221543
  219 4.598693 2.105493 51.462486 0.210218 0.295721 0.931857 0.145778 0.325710 3 219 0.507860 220 0.266182 218 0.225958
  220 5.771974 2.400313 50.512600 -0.208342 0.060349 0.976192 0.174264 0.313398 3 220 0.515054 219 0.462053 207 0.022893
UV2
  220 6.064990 2.683289 50.933289 0.552893 0.345267 0.758354 0.179812 0.325945 3 220 0.665633 219 0.330729 207 0.003638
  220 5.872886 2.728486 51.016769 0.225380 -0.128201 0.965799 0.173414 0.326776 3 220 0.508297 219 0.469015 207 0.022688
  220 6.030078 2.621235 50.984753 0.114588 -0.089334 0.989388 0.178379 0.326733 3 220 0.633390 219 0.362515 207 0.004095
UV2
  220 5.771974 2.400313 50.512600 -0.208342 0.060349 0.976192 0.174264 0.313398 3 220 0.515054 219 0.462053 207 0.022893
  220 6.030078 2.621235 50.984753 0.114588 -0.089334 0.989388 0.178379 0.326733 3 220 0.633390 219 0.362515 207 0.004095
  220 5.872886 2.728486 51.016769 0.225380 -0.128201 0.965799 0.173414 0.326776 3 220 0.508297 219 0.469015 207 0.022688
UV2
  220 6.064990 2.683289 50.933289 0.552893 0.345267 0.758354 0.179812 0.325945 3 220 0.665633 219 0.330729 207 0.003638
  220 6.030078 2.621235 50.984753 0.114588 -0.089334 0.989388 0.178379 0.326733 3 220 0.633390 219 0.362515 207 0.004095
  220 6.089864 2.434664 50.981380 0.082063 0.125175 0.988735 0.180215 0.326488 3 220 0.670148 219 0.326167 207 0.003685
UV2
  220 5.771974 2.400313 50.512600 -0.208342 0.060349 0.976192 0.174264 0.313398 3 220 0.515054 219 0.462053 207 0.022893
  220 6.089864 2.434664 50.981380 0.082063 0.125175 0.988735 0.180215 0.326488 3 220 0.670148 219 0.326167 207 0.003685
  220 6.030078 2.621235 50.984753 0.114588 -0.089334 0.989388 0.178379 0.326733 3 220 0.633390 219 0.362515 207 0.004095
UV2
  220 6.145855 2.431490 50.917328 0.751527 0.100830 0.651951 0.182382 0.325350 3 220 0.743835 219 0.256035 207 0.000130
  220 6.064990 2.683289 50.933289 0.552893 0.345267 0.758354 0.179812 0.325945 3 220 0.665633 219 0.330729 207 0.003638
  220 6.089864 2.434664 50.981380 0.082063 0.125175 0.988735 0.180215 0.326488 3 220 0.670148 219 0.326167 207 0.003685
UV2
  220 6.145855 2.431490 50.917328 0.751527 0.100830 0.651951 0.182382 0.325350 3 220 0.743835 219 0.256035 207 0.000130
  220 6.089864 2.434664 50.981380 0.082063 0.125175 0.988735 0.180215 0.326488 3 220 0.670148 219 0.326167 207 0.003685
  220 6.078612 2.183214 50.993252 0.562251 -0.085213 0.822564 0.179812 0.325945 3 220 0.662602 219 0.333697 207 0.003701
UV2
  220 5.771974 2.400313 50.512600 -0.208342 0.060349 0.976192 0.174264 0.313398 3 220 0.515054 219 0.462053 207 0.022893
  220 6.040187 2.250199 51.029266 0.111726 0.316509 0.941987 0.178379 0.326733 3 220 0.632312 219 0.363570 207 0.004118
  220 6.089864 2.434664 50.981380 0.082063 0.125175 0.988735 0.180215 0.326488 3 220 0.670148 219 0.326167 207 0.003685
UV2
  220 6.078612 2.183214 50.993252 0.562251 -0.085213 0.822564 0.179812 0.325945 3 220 0.662602 219 0.333697 207 0.003701
  220 6.089864 2.434664 50.981380 0.082063 0.125175 0.988735 0.180215 0.326488 3 220 0.670148 219 0.326167 207 0.003685
  220 6.040187 2.250199 51.029266 0.111726 0.316509 0.941987 0.178379 0.326733 3 220 0.632312 219 0.363570 207 0.004118
UV2
  220 5.771974 2.400313 50.512600 -0.208342 0.060349 0.976192 0.174264 0.313398 3 220 0.515054 219 0.462053 207 0.022893
  220 5.887939 2.124805 51.090809 0.210184 0.400769 0.891744 0.173360 0.326805 3 220 0.506636 219 0.470366 207 0.022999
  220 6.040187 2.250199 51.029266 0.111726 0.316509 0.941987 0.178379 0.326733 3 220 0.632312 219 0.363570 207 0.004118
UV2
  220 6.078612 2.183214 50.993252 0.562251 -0.085213 0.822564 0.179812 0.325945 3 220 0.662602 219 0.333697 207 0.003701
  220 6.040187 2.250199 51.029266 0.111726 0.316509 0.941987 0.178379 0.326733 3 220 0.632312 219 0.363570 207 0.004118
  220 5.887939 2.124805 51.090809 0.210184 0.400769 0.891744 0.173360 0.326805 3 220 0.506636 219 0.470366 207 0.022999
UV2
  220 5.771974 2.400313 50.512600 -0.208342 0.060349 0.976192 0.174264 0.313398 3 220 0.515054 219 0.462053 207 0.022893
  219 4.598693 2.105493 51.462486 0.210218 0.295721 0.931857 0.145778 0.325710 3 219 0.507860 220 0.266182 218 0.225958
  220 5.887939 2.124805 51.090809 0.210184 0.400769 0.891744 0.173360 0.326805 3 220 0.506636 219 0.470366 207 0.022999
UV2
  219 4.586254 2.040238 51.426594 0.194700 -0.455606 0.868628 0.145714 0.324569 3 219 0.508509 220 0.260951 218 0.230540
  220 5.887939 2.124805 51.090809 0.210184 0.400769 0.891744 0.173360 0.326805 3 220 0.506636 219 0.470366 207 0.022999
  219 4.598693 2.105493 51.462486 0.210218 0.295721 0.931857 0.145778 0.325710 3 219 0.507860 220 0.266182 218 0.225958
UV2
  220 5.870828 1.587007 51.061600 0.300829 -0.061268 0.951708 0.173079 0.325745 3 220 0.505612 219 0.471389 207 0.022999
  220 6.078612 2.183214 50.993252 0.562251 -0.085213 0.822564 0.179812 0.325945 3 220 0.662602 219 0.333697 207 0.003701
  220 5.887939 2.124805 51.090809 0.210184 0.400769 0.891744 0.173360 0.326805 3 220 0.506636 219 0.470366 207 0.022999
UV2
  220 5.870828 1.587007 51.061600 0.300829 -0.061268 0.951708 0.173079 0.325745 3 220 0.505612 219 0.471389 207 0.022999
  220 5.887939 2.124805 51.090809 0.210184 0.400769 0.891744 0.173360 0.326805 3 220 0.506636 219 0.470366 207 0.022999
  219 4.586254 2.040238 51.426594 0.194700 -0.455606 0.868628 0.145714 0.324569 3 219 0.508509 220 0.260951 218 0.230540
UV2
  207 -0.393559 2.598706 49.632847 -0.080622 0.077462 -0.993730 0.036204 0.029084 1 207 1.000000
  207 -0.331772 2.601943 49.584457 -0.617329 0.038630 -0.785756 0.029101 0.027120 1 207 1.000000
  207 -0.404471 2.507862 49.577969 0.375441 0.403706 -0.834305 0.037628 0.027120 1 207 1.000000
UV2
  207 -0.404923 2.695807 49.587856 0.345615 -0.335432 -0.876376 0.037628 0.027120 1 207 1.000000
  207 -0.331772 2.601943 49.584457 -0.617329 0.038630 -0.785756 0.029101 0.027120 1 207 1.000000
  207 -0.393559 2.598706 49.632847 -0.080622 0.077462 -0.993730 0.036204 0.029084 1 207 1.000000
UV2
  207 -0.393559 2.598706 49.632847 -0.080622 0.077462 -0.993730 0.036204 0.029084 1 207 1.000000
  207 -0.404471 2.507862 49.577969 0.375441 0.403706 -0.834305 0.037628 0.027120 1 207 1.000000
  207 -0.715346 2.575993 49.329651 0.806068 0.366753 -0.464486 0.086155 0.026777 2 207 0.894698 211 0.105302
UV2
  207 -0.404471 2.507862 49.577969 0.375441 0.403706 -0.834305 0.037628 0.027120 1 207 1.000000
  207 -0.729427 2.520444 49.350918 0.656386 -0.409743 -0.633458 0.086016 0.027829 2 207 0.901243 211 0.098757
  207 -0.715346 2.575993 49.329651 0.806068 0.366753 -0.464486 0.086155 0.026777 2 207 0.894698 211 0.105302
UV2
  207 -0.715846 2.796416 49.327564 0.621385 -0.455557 -0.637454 0.086136 0.026826 2 207 0.877117 211 0.122883
  207 -0.404923 2.695807 49.587856 0.345615 -0.335432 -0.876376 0.037628 0.027120 1 207 1.000000
  207 -0.393559 2.598706 49.632847 -0.080622 0.077462 -0.993730 0.036204 0.029084 1 207 1.000000
UV2
  207 -0.715846 2.796416 49.327564 0.621385 -0.455557 -0.637454 0.086136 0.026826 2 207 0.877117 211 0.122883
  207 -0.729379 2.845031 49.346363 0.848732 0.385491 -0.362009 0.086016 0.027829 2 207 0.875175 211 0.124825
  207 -0.404923 2.695807 49.587856 0.345615 -0.335432 -0.876376 0.037628 0.027120 1 207 1.000000
UV2
  207 -0.715346 2.575993 49.329651 0.806068 0.366753 -0.464486 0.086155 0.026777 2 207 0.894698 211 0.105302
  207 -0.897072 2.687399 49.560749 0.609363 0.020289 -0.792631 0.086419 0.039144 2 207 0.906789 211 0.093211
  207 -0.393559 2.598706 49.632847 -0.080622 0.077462 -0.993730 0.036204 0.029084 1 207 1.000000
UV2
  207 -0.393559 2.598706 49.632847 -0.080622 0.077462 -0.993730 0.036204 0.029084 1 207 1.000000
  207 -0.897072 2.687399 49.560749 0.609363 0.020289 -0.792631 0.086419 0.039144 2 207 0.906789 211 0.093211
  207 -0.715846 2.796416 49.327564 0.621385 -0.455557 -0.637454 0.086136 0.026826 2 207 0.877117 211 0.122883
UV2
  207 -0.715346 2.575993 49.329651 0.806068 0.366753 -0.464486 0.086155 0.026777 2 207 0.894698 211 0.105302
  207 -0.729427 2.520444 49.350918 0.656386 -0.409743 -0.633458 0.086016 0.027829 2 207 0.901243 211 0.098757
  211 -1.197869 3.362023 47.462524 0.944860 0.312104 -0.099152 0.138487 0.026062 3 211 0.485004 207 0.412494 212 0.102502
UV2
  207 -0.729427 2.520444 49.350918 0.656386 -0.409743 -0.633458 0.086016 0.027829 2 207 0.901243 211 0.098757
  211 -1.220632 3.300938 47.482330 0.772167 -0.434132 -0.463991 0.138433 0.027628 3 211 0.481837 207 0.415394 212 0.102769
  211 -1.197869 3.362023 47.462524 0.944860 0.312104 -0.099152 0.138487 0.026062 3 211 0.485004 207 0.412494 212 0.102502
UV2
  211 -1.672852 3.225034 47.838566 0.929023 0.341647 -0.142102 0.138617 0.041827 3 211 0.478047 207 0.429637 212 0.092315
  207 -0.897072 2.687399 49.560749 0.609363 0.020289 -0.792631 0.086419 0.039144 2 207 0.906789 211 0.093211
  207 -0.715346 2.575993 49.329651 0.806068 0.366753 -0.464486 0.086155 0.026777 2 207 0.894698 211 0.105302
UV2
  207 -0.715846 2.796416 49.327564 0.621385 -0.455557 -0.637454 0.086136 0.026826 2 207 0.877117 211 0.122883
  207 -0.897072 2.687399 49.560749 0.609363 0.020289 -0.792631 0.086419 0.039144 2 207 0.906789 211 0.093211
  211 -1.672852 3.225034 47.838566 0.929023 0.341647 -0.142102 0.138617 0.041827 3 211 0.478047 207 0.429637 212 0.092315
UV2
  211 -1.197869 3.362023 47.462524 0.944860 0.312104 -0.099152 0.138487 0.026062 3 211 0.485004 207 0.412494 212 0.102502
  211 -1.672852 3.225034 47.838566 0.929023 0.341647 -0.142102 0.138617 0.041827 3 211 0.478047 207 0.429637 212 0.092315
  207 -0.715346 2.575993 49.329651 0.806068 0.366753 -0.464486 0.086155 0.026777 2 207 0.894698 211 0.105302
UV2
  211 -1.293832 3.631090 47.534435 0.865669 -0.123905 -0.485042 0.138485 0.026078 3 211 0.505580 207 0.400747 212 0.093673
  207 -0.729379 2.845031 49.346363 0.848732 0.385491 -0.362009 0.086016 0.027829 2 207 0.875175 211 0.124825
  207 -0.715846 2.796416 49.327564 0.621385 -0.455557 -0.637454 0.086136 0.026826 2 207 0.877117 211 0.122883
UV2
  207 -0.715846 2.796416 49.327564 0.621385 -0.455557 -0.637454 0.086136 0.026826 2 207 0.877117 211 0.122883
  211 -1.672852 3.225034 47.838566 0.929023 0.341647 -0.142102 0.138617 0.041827 3 211 0.478047 207 0.429637 212 0.092315
  211 -1.293832 3.631090 47.534435 0.865669 -0.123905 -0.485042 0.138485 0.026078 3 211 0.505580 207 0.400747 212 0.093673
UV2
  211 -1.293832 3.631090 47.534435 0.865669 -0.123905 -0.485042 0.138485 0.026078 3 211 0.505580 207 0.400747 212 0.093673
  211 -1.354352 3.677682 47.582455 0.712942 0.648540 0.266663 0.138433 0.027628 3 211 0.503353 207 0.403314 212 0.093333
  207 -0.729379 2.845031 49.346363 0.848732 0.385491 -0.362009 0.086016 0.027829 2 207 0.875175 211 0.124825
UV2
  211 -2.984884 5.917567 45.290375 0.930143 0.315444 -0.187958 0.197855 0.043490 3 211 0.529027 212 0.352291 207 0.118682
  211 -1.672852 3.225034 47.838566 0.929023 0.341647 -0.142102 0.138617 0.041827 3 211 0.478047 207 0.429637 212 0.092315
  211 -1.197869 3.362023 47.462524 0.944860 0.312104 -0.099152 0.138487 0.026062 3 211 0.485004 207 0.412494 212 0.102502
UV2
  211 -1.293832 3.631090 47.534435 0.865669 -0.123905 -0.485042 0.138485 0.026078 3 211 0.505580 207 0.400747 212 0.093673
  211 -1.672852 3.225034 47.838566 0.929023 0.341647 -0.142102 0.138617 0.041827 3 211 0.478047 207 0.429637 212 0.092315
  211 -2.984884 5.917567 45.290375 0.930143 0.315444 -0.187958 0.197855 0.043490 3 211 0.529027 212 0.352291 207 0.118682
UV2
  211 -1.197869 3.362023 47.462524 0.944860 0.312104 -0.099152 0.138487 0.026062 3 211 0.485004 207 0.412494 212 0.102502
  211 -1.220632 3.300938 47.482330 0.772167 -0.434132 -0.463991 0.138433 0.027628 3 211 0.481837 207 0.415394 212 0.102769
  211 -2.207808 6.132125 44.604725 0.878171 0.457894 0.138380 0.197855 0.024818 3 211 0.498421 212 0.385221 207 0.116358
UV2
  211 -2.207808 6.132125 44.604725 0.878171 0.457894 0.138380 0.197855 0.024818 3 211 0.498421 212 0.385221 207 0.116358
  211 -2.984884 5.917567 45.290375 0.930143 0.315444 -0.187958 0.197855 0.043490 3 211 0.529027 212 0.352291 207 0.118682
  211 -1.197869 3.362023 47.462524 0.944860 0.312104 -0.099152 0.138487 0.026062 3 211 0.485004 207 0.412494 212 0.102502
UV2
  211 -1.220632 3.300938 47.482330 0.772167 -0.434132 -0.463991 0.138433 0.027628 3 211 0.481837 207 0.415394 212 0.102769
  211 -2.249576 6.036918 44.531414 0.911284 -0.093047 -0.401128 0.197855 0.026295 3 211 0.501207 212 0.381954 207 0.116839
  211 -2.207808 6.132125 44.604725 0.878171 0.457894 0.138380 0.197855 0.024818 3 211 0.498421 212 0.385221 207 0.116358
UV2
  211 -2.318916 6.572539 45.323109 0.949539 0.050956 -0.309483 0.197855 0.024818 3 211 0.533056 212 0.355638 207 0.111306
  211 -1.354352 3.677682 47.582455 0.712942 0.648540 0.266663 0.138433 0.027628 3 211 0.503353 207 0.403314 212 0.093333
  211 -1.293832 3.631090 47.534435 0.865669 -0.123905 -0.485042 0.138485 0.026078 3 211 0.505580 207 0.400747 212 0.093673
UV2
  211 -1.293832 3.631090 47.534435 0.865669 -0.123905 -0.485042 0.138485 0.026078 3 211 0.505580 207 0.400747 212 0.093673
  211 -2.984884 5.917567 45.290375 0.930143 0.315444 -0.187958 0.197855 0.043490 3 211 0.529027 212 0.352291 207 0.118682
  211 -2.318916 6.572539 45.323109 0.949539 0.050956 -0.309483 0.197855 0.024818 3 211 0.533056 212 0.355638 207 0.111306
UV2
  211 -2.318916 6.572539 45.323109 0.949539 0.050956 -0.309483 0.197855 0.024818 3 211 0.533056 212 0.355638 207 0.111306
  211 -2.393381 6.606946 45.461216 0.802865 0.512032 0.305336 0.197855 0.026295 3 211 0.535922 212 0.346801 207 0.117277
  211 -1.354352 3.677682 47.582455 0.712942 0.648540 0.266663 0.138433 0.027628 3 211 0.503353 207 0.403314 212 0.093333
UV2
  212 -3.370270 9.772964 42.628635 0.308189 0.754448 0.579506 0.257454 0.024817 3 212 0.629802 213 0.344023 214 0.026176
  211 -2.393381 6.606946 45.461216 0.802865 0.512032 0.305336 0.197855 0.026295 3 211 0.535922 212 0.346801 207 0.117277
  211 -2.318916 6.572539 45.323109 0.949539 0.050956 -0.309483 0.197855 0.024818 3 211 0.533056 212 0.355638 207 0.111306
UV2
  212 -3.259770 9.675000 42.586544 0.971224 0.132103 -0.198173 0.257461 0.024323 3 212 0.636663 213 0.337132 214 0.026205
  211 -2.318916 6.572539 45.323109 0.949539 0.050956 -0.309483 0.197855 0.024818 3 211 0.533056 212 0.355638 207 0.111306
  211 -2.984884 5.917567 45.290375 0.930143 0.315444 -0.187958 0.197855 0.043490 3 211 0.529027 212 0.352291 207 0.118682
UV2
  212 -3.370270 9.772964 42.628635 0.308189 0.754448 0.579506 0.257454 0.024817 3 212 0.629802 213 0.344023 214 0.026176
  211 -2.318916 6.572539 45.323109 0.949539 0.050956 -0.309483 0.197855 0.024818 3 211 0.533056 212 0.355638 207 0.111306
  212 -3.259770 9.675000 42.586544 0.971224 0.132103 -0.198173 0.257461 0.024323 3 212 0.636663 213 0.337132 214 0.026205
UV2
  212 -4.108155 8.576284 42.651146 0.947643 0.257415 -0.188973 0.256319 0.042513 3 212 0.661999 213 0.311223 214 0.026778
  211 -2.984884 5.917567 45.290375 0.930143 0.315444 -0.187958 0.197855 0.043490 3 211 0.529027 212 0.352291 207 0.118682
  211 -2.207808 6.132125 44.604725 0.878171 0.457894 0.138380 0.197855 0.024818 3 211 0.498421 212 0.385221 207 0.116358
UV2
  211 -2.984884 5.917567 45.290375 0.930143 0.315444 -0.187958 0.197855 0.043490 3 211 0.529027 212 0.352291 207 0.118682
  212 -4.108155 8.576284 42.651146 0.947643 0.257415 -0.188973 0.256319 0.042513 3 212 0.661999 213 0.311223 214 0.026778
  212 -3.259770 9.675000 42.586544 0.971224 0.132103 -0.198173 0.257461 0.024323 3 212 0.636663 213 0.337132 214 0.026205
UV2
  212 -3.149173 8.535109 41.889141 0.912597 0.408769 0.008678 0.253992 0.024817 3 212 0.636363 213 0.336816 214 0.026821
  211 -2.207808 6.132125 44.604725 0.878171 0.457894 0.138380 0.197855 0.024818 3 211 0.498421 212 0.385221 207 0.116358
  211 -2.249576 6.036918 44.531414 0.911284 -0.093047 -0.401128 0.197855 0.026295 3 211 0.501207 212 0.381954 207 0.116839
UV2
  211 -2.207808 6.132125 44.604725 0.878171 0.457894 0.138380 0.197855 0.024818 3 211 0.498421 212 0.385221 207 0.116358
  212 -3.149173 8.535109 41.889141 0.912597 0.408769 0.008678 0.253992 0.024817 3 212 0.636363 213 0.336816 214 0.026821
  212 -4.108155 8.576284 42.651146 0.947643 0.257415 -0.188973 0.256319 0.042513 3 212 0.661999 213 0.311223 214 0.026778
UV2
  211 -2.249576 6.036918 44.531414 0.911284 -0.093047 -0.401128 0.197855 0.026295 3 211 0.501207 212 0.381954 207 0.116839
  212 -3.179907 8.362161 41.905945 0.564176 -0.501490 -0.655906 0.253647 0.025779 3 212 0.647310 213 0.325867 214 0.026823
  212 -3.149173 8.535109 41.889141 0.912597 0.408769 0.008678 0.253992 0.024817 3 212 0.636363 213 0.336816 214 0.026821
UV2
  213 -4.447825 12.137531 39.620941 0.949253 0.240032 -0.203233 0.307978 0.023932 3 213 0.624853 212 0.211996 214 0.163151
  212 -3.259770 9.675000 42.586544 0.971224 0.132103 -0.198173 0.257461 0.024323 3 212 0.636663 213 0.337132 214 0.026205
  212 -4.108155 8.576284 42.651146 0.947643 0.257415 -0.188973 0.256319 0.042513 3 212 0.661999 213 0.311223 214 0.026778
UV2
  213 -5.359604 11.137383 39.497169 0.938998 0.334500 -0.079950 0.307128 0.040417 3 213 0.622277 212 0.211280 214 0.166443
  212 -4.108155 8.576284 42.651146 0.947643 0.257415 -0.188973 0.256319 0.042513 3 212 0.661999 213 0.311223 214 0.026778
  212 -3.149173 8.535109 41.889141 0.912597 0.408769 0.008678 0.253992 0.024817 3 212 0.636363 213 0.336816 214 0.026821
UV2
  212 -4.108155 8.576284 42.651146 0.947643 0.257415 -0.188973 0.256319 0.042513 3 212 0.661999 213 0.311223 214 0.026778
  213 -5.359604 11.137383 39.497169 0.938998 0.334500 -0.079950 0.307128 0.040417 3 213 0.622277 212 0.211280 214 0.166443
  213 -4.447825 12.137531 39.620941 0.949253 0.240032 -0.203233 0.307978 0.023932 3 213 0.624853 212 0.211996 214 0.163151
UV2
  213 -4.566805 12.206467 39.669243 0.153240 0.850048 0.503920 0.307992 0.024575 3 213 0.630483 212 0.206956 214 0.162562
  212 -3.259770 9.675000 42.586544 0.971224 0.132103 -0.198173 0.257461 0.024323 3 212 0.636663 213 0.337132 214 0.026205
  213 -4.447825 12.137531 39.620941 0.949253 0.240032 -0.203233 0.307978 0.023932 3 213 0.624853 212 0.211996 214 0.163151
UV2
  213 -4.566805 12.206467 39.669243 0.153240 0.850048 0.503920 0.307992 0.024575 3 213 0.630483 212 0.206956 214 0.162562
  212 -3.370270 9.772964 42.628635 0.308189 0.754448 0.579506 0.257454 0.024817 3 212 0.629802 213 0.344023 214 0.026176
  212 -3.259770 9.675000 42.586544 0.971224 0.132103 -0.198173 0.257461 0.024323 3 212 0.636663 213 0.337132 214 0.026205
UV2
  212 -3.149173 8.535109 41.889141 0.912597 0.408769 0.008678 0.253992 0.024817 3 212 0.636363 213 0.336816 214 0.026821
  213 -4.208498 11.260833 38.966030 0.831688 0.545648 0.102774 0.305242 0.023970 3 213 0.632668 212 0.200891 214 0.166441
  213 -5.359604 11.137383 39.497169 0.938998 0.334500 -0.079950 0.307128 0.040417 3 213 0.622277 212 0.211280 214 0.166443
UV2
  212 -4.013187 9.355028 42.898762 -0.152313 0.688959 0.708615 0.257951 0.038693 3 212 0.650771 213 0.323101 214 0.026128
  212 -3.370270 9.772964 42.628635 0.308189 0.754448 0.579506 0.257454 0.024817 3 212 0.629802 213 0.344023 214 0.026176
  213 -4.566805 12.206467 39.669243 0.153240 0.850048 0.503920 0.307992 0.024575 3 213 0.630483 212 0.206956 214 0.162562
UV2
  212 -3.149173 8.535109 41.889141 0.912597 0.408769 0.008678 0.253992 0.024817 3 212 0.636363 213 0.336816 214 0.026821
  213 -4.241875 11.110114 38.956490 0.649815 -0.469162 -0.598020 0.304829 0.025308 3 213 0.621030 212 0.212291 214 0.166679
  213 -4.208498 11.260833 38.966030 0.831688 0.545648 0.102774 0.305242 0.023970 3 213 0.632668 212 0.200891 214 0.166441
UV2
  213 -4.241875 11.110114 38.956490 0.649815 -0.469162 -0.598020 0.304829 0.025308 3 213 0.621030 212 0.212291 214 0.166679
  212 -3.149173 8.535109 41.889141 0.912597 0.408769 0.008678 0.253992 0.024817 3 212 0.636363 213 0.336816 214 0.026821
  212 -3.179907 8.362161 41.905945 0.564176 -0.501490 -0.655906 0.253647 0.025779 3 212 0.647310 213 0.325867 214 0.026823
UV2
  213 -4.208498 11.260833 38.966030 0.831688 0.545648 0.102774 0.305242 0.023970 3 213 0.632668 212 0.200891 214 0.166441
  214 -5.390693 13.170687 35.922363 0.840745 0.538076 0.060182 0.359445 0.023553 3 214 0.573866 213 0.388685 212 0.037449
  213 -5.359604 11.137383 39.497169 0.938998 0.334500 -0.079950 0.307128 0.040417 3 213 0.622277 212 0.211280 214 0.166443
UV2
  213 -4.241875 11.110114 38.956490 0.649815 -0.469162 -0.598020 0.304829 0.025308 3 213 0.621030 212 0.212291 214 0.166679
  214 -5.390693 13.170687 35.922363 0.840745 0.538076 0.060182 0.359445 0.023553 3 214 0.573866 213 0.388685 212 0.037449
  213 -4.208498 11.260833 38.966030 0.831688 0.545648 0.102774 0.305242 0.023970 3 213 0.632668 212 0.200891 214 0.166441
UV2
  213 -5.359604 11.137383 39.497169 0.938998 0.334500 -0.079950 0.307128 0.040417 3 213 0.622277 212 0.211280 214 0.166443
  214 -5.725488 13.892580 36.550827 0.950278 0.258197 -0.174086 0.359461 0.023557 3 214 0.561890 213 0.400656 212 0.037454
  213 -4.447825 12.137531 39.620941 0.949253 0.240032 -0.203233 0.307978 0.023932 3 213 0.624853 212 0.211996 214 0.163151
UV2
  214 -5.835217 13.923713 36.627743 0.044158 0.872051 0.487418 0.359277 0.024815 3 214 0.559227 213 0.402836 212 0.037937
  213 -4.566805 12.206467 39.669243 0.153240 0.850048 0.503920 0.307992 0.024575 3 213 0.630483 212 0.206956 214 0.162562
  213 -4.447825 12.137531 39.620941 0.949253 0.240032 -0.203233 0.307978 0.023932 3 213 0.624853 212 0.211996 214 0.163151
UV2
  213 -4.447825 12.137531 39.620941 0.949253 0.240032 -0.203233 0.307978 0.023932 3 213 0.624853 212 0.211996 214 0.163151
  214 -5.725488 13.892580 36.550827 0.950278 0.258197 -0.174086 0.359461 0.023557 3 214 0.561890 213 0.400656 212 0.037454
  214 -5.835217 13.923713 36.627743 0.044158 0.872051 0.487418 0.359277 0.024815 3 214 0.559227 213 0.402836 212 0.037937
UV2
  213 -5.309091 11.748713 39.850079 -0.301048 0.731886 0.611321 0.308479 0.038906 3 213 0.622110 212 0.214960 214 0.162929
  213 -4.566805 12.206467 39.669243 0.153240 0.850048 0.503920 0.307992 0.024575 3 213 0.630483 212 0.206956 214 0.162562
  214 -5.835217 13.923713 36.627743 0.044158 0.872051 0.487418 0.359277 0.024815 3 214 0.559227 213 0.402836 212 0.037937
UV2
  213 -4.566805 12.206467 39.669243 0.153240 0.850048 0.503920 0.307992 0.024575 3 213 0.630483 212 0.206956 214 0.162562
  213 -5.309091 11.748713 39.850079 -0.301048 0.731886 0.611321 0.308479 0.038906 3 213 0.622110 212 0.214960 214 0.162929
  212 -4.013187 9.355028 42.898762 -0.152313 0.688959 0.708615 0.257951 0.038693 3 212 0.650771 213 0.323101 214 0.026128
UV2
  213 -5.359604 11.137383 39.497169 0.938998 0.334500 -0.079950 0.307128 0.040417 3 213 0.622277 212 0.211280 214 0.166443
  214 -6.608495 12.945614 36.362019 0.910103 0.410061 0.059690 0.360336 0.040889 3 214 0.573150 213 0.389485 212 0.037365
  214 -5.725488 13.892580 36.550827 0.950278 0.258197 -0.174086 0.359461 0.023557 3 214 0.561890 213 0.400656 212 0.037454
UV2
  213 -5.359604 11.137383 39.497169 0.938998 0.334500 -0.079950 0.307128 0.040417 3 213 0.622277 212 0.211280 214 0.166443
  214 -5.390693 13.170687 35.922363 0.840745 0.538076 0.060182 0.359445 0.023553 3 214 0.573866 213 0.388685 212 0.037449
  214 -6.608495 12.945614 36.362019 0.910103 0.410061 0.059690 0.360336 0.040889 3 214 0.573150 213 0.389485 212 0.037365
UV2
  214 -6.107663 14.480130 35.690311 0.029545 0.952687 0.302513 0.382694 0.023508 3 214 0.819683 213 0.176593 212 0.003724
  214 -5.835217 13.923713 36.627743 0.044158 0.872051 0.487418 0.359277 0.024815 3 214 0.559227 213 0.402836 212 0.037937
  214 -5.725488 13.892580 36.550827 0.950278 0.258197 -0.174086 0.359461 0.023557 3 214 0.561890 213 0.400656 212 0.037454
UV2
  214 -5.725488 13.892580 36.550827 0.950278 0.258197 -0.174086 0.359461 0.023557 3 214 0.561890 213 0.400656 212 0.037454
  214 -6.608495 12.945614 36.362019 0.910103 0.410061 0.059690 0.360336 0.040889 3 214 0.573150 213 0.389485 212 0.037365
  214 -6.002694 14.439658 35.595947 0.930232 0.307006 -0.201037 0.383581 0.022367 3 214 0.820457 213 0.176135 212 0.003408
UV2
  214 -6.002694 14.439658 35.595947 0.930232 0.307006 -0.201037 0.383581 0.022367 3 214 0.820457 213 0.176135 212 0.003408
  214 -6.107663 14.480130 35.690311 0.029545 0.952687 0.302513 0.382694 0.023508 3 214 0.819683 213 0.176593 212 0.003724
  214 -5.725488 13.892580 36.550827 0.950278 0.258197 -0.174086 0.359461 0.023557 3 214 0.561890 213 0.400656 212 0.037454
UV2
  214 -5.783197 13.990273 35.181454 0.807009 0.590308 -0.016537 0.383439 0.022335 3 214 0.832051 213 0.164539 212 0.003410
  214 -6.608495 12.945614 36.362019 0.910103 0.410061 0.059690 0.360336 0.040889 3 214 0.573150 213 0.389485 212 0.037365
  214 -5.390693 13.170687 35.922363 0.840745 0.538076 0.060182 0.359445 0.023553 3 214 0.573866 213 0.388685 212 0.037449
UV2
  214 -6.608495 12.945614 36.362019 0.910103 0.410061 0.059690 0.360336 0.040889 3 214 0.573150 213 0.389485 212 0.037365
  214 -6.837331 13.774094 35.413837 0.927854 0.054669 0.368915 0.385832 0.037228 3 214 0.839778 213 0.156820 212 0.003402
  214 -6.002694 14.439658 35.595947 0.930232 0.307006 -0.201037 0.383581 0.022367 3 214 0.820457 213 0.176135 212 0.003408
UV2
  214 -5.783197 13.990273 35.181454 0.807009 0.590308 -0.016537 0.383439 0.022335 3 214 0.832051 213 0.164539 212 0.003410
  214 -6.837331 13.774094 35.413837 0.927854 0.054669 0.368915 0.385832 0.037228 3 214 0.839778 213 0.156820 212 0.003402
  214 -6.608495 12.945614 36.362019 0.910103 0.410061 0.059690 0.360336 0.040889 3 214 0.573150 213 0.389485 212 0.037365
UV2
  214 -6.002694 14.439658 35.595947 0.930232 0.307006 -0.201037 0.383581 0.022367 3 214 0.820457 213 0.176135 212 0.003408
  214 -6.837331 13.774094 35.413837 0.927854 0.054669 0.368915 0.385832 0.037228 3 214 0.839778 213 0.156820 212 0.003402
  214 -6.036450 14.455772 35.407940 0.896020 0.354261 -0.267670 0.390722 0.022219 2 214 0.910298 213 0.089702
UV2
  214 -6.036450 14.455772 35.407940 0.896020 0.354261 -0.267670 0.390722 0.022219 2 214 0.910298 213 0.089702
  214 -6.107663 14.480130 35.690311 0.029545 0.952687 0.302513 0.382694 0.023508 3 214 0.819683 213 0.176593 212 0.003724
  214 -6.002694 14.439658 35.595947 0.930232 0.307006 -0.201037 0.383581 0.022367 3 214 0.820457 213 0.176135 212 0.003408
UV2
  214 -5.898860 14.182056 35.152096 0.775300 0.629696 0.048905 0.390722 0.022146 2 214 0.919459 213 0.080541
  214 -6.837331 13.774094 35.413837 0.927854 0.054669 0.368915 0.385832 0.037228 3 214 0.839778 213 0.156820 212 0.003402
  214 -5.783197 13.990273 35.181454 0.807009 0.590308 -0.016537 0.383439 0.022335 3 214 0.832051 213 0.164539 212 0.003410
UV2
  214 -6.036450 14.455772 35.407940 0.896020 0.354261 -0.267670 0.390722 0.022219 2 214 0.910298 213 0.089702
  214 -6.837331 13.774094 35.413837 0.927854 0.054669 0.368915 0.385832 0.037228 3 214 0.839778 213 0.156820 212 0.003402
  214 -6.028099 14.334754 35.241055 0.898597 0.437923 -0.027343 0.395580 0.022688 2 214 0.928699 213 0.071301
UV2
  214 -6.028099 14.334754 35.241055 0.898597 0.437923 -0.027343 0.395580 0.022688 2 214 0.928699 213 0.071301
  214 -6.837331 13.774094 35.413837 0.927854 0.054669 0.368915 0.385832 0.037228 3 214 0.839778 213 0.156820 212 0.003402
  214 -5.898860 14.182056 35.152096 0.775300 0.629696 0.048905 0.390722 0.022146 2 214 0.919459 213 0.080541
UV2
  214 -6.036450 14.455772 35.407940 0.896020 0.354261 -0.267670 0.390722 0.022219 2 214 0.910298 213 0.089702
  214 -6.147489 14.492905 35.426167 -0.104178 0.963550 -0.246410 0.394513 0.023286 2 214 0.917867 213 0.082133
  214 -6.107663 14.480130 35.690311 0.029545 0.952687 0.302513 0.382694 0.023508 3 214 0.819683 213 0.176593 212 0.003724
UV2
  214 -6.028099 14.334754 35.241055 0.898597 0.437923 -0.027343 0.395580 0.022688 2 214 0.928699 213 0.071301
  214 -6.147489 14.492905 35.426167 -0.104178 0.963550 -0.246410 0.394513 0.023286 2 214 0.917867 213 0.082133
  214 -6.036450 14.455772 35.407940 0.896020 0.354261 -0.267670 0.390722 0.022219 2 214 0.910298 213 0.089702
UV2
  214 -5.783197 13.990273 35.181454 0.807009 0.590308 -0.016537 0.383439 0.022335 3 214 0.832051 213 0.164539 212 0.003410
  214 -5.814862 13.872613 35.128742 0.511735 -0.189428 -0.838000 0.382694 0.023508 3 214 0.840714 213 0.155147 212 0.004139
  214 -5.898860 14.182056 35.152096 0.775300 0.629696 0.048905 0.390722 0.022146 2 214 0.919459 213 0.080541
UV2
  214 -5.390693 13.170687 35.922363 0.840745 0.538076 0.060182 0.359445 0.023553 3 214 0.573866 213 0.388685 212 0.037449
  214 -5.814862 13.872613 35.128742 0.511735 -0.189428 -0.838000 0.382694 0.023508 3 214 0.840714 213 0.155147 212 0.004139
  214 -5.783197 13.990273 35.181454 0.807009 0.590308 -0.016537 0.383439 0.022335 3 214 0.832051 213 0.164539 212 0.003410
UV2
  214 -5.898860 14.182056 35.152096 0.775300 0.629696 0.048905 0.390722 0.022146 2 214 0.919459 213 0.080541
  214 -5.968047 14.120587 35.082008 0.193727 0.252897 -0.947899 0.394513 0.023286 2 214 0.933787 213 0.066213
  214 -6.028099 14.334754 35.241055 0.898597 0.437923 -0.027343 0.395580 0.022688 2 214 0.928699 213 0.071301
UV2
  214 -5.814862 13.872613 35.128742 0.511735 -0.189428 -0.838000 0.382694 0.023508 3 214 0.840714 213 0.155147 212 0.004139
  214 -5.968047 14.120587 35.082008 0.193727 0.252897 -0.947899 0.394513 0.023286 2 214 0.933787 213 0.066213
  214 -5.898860 14.182056 35.152096 0.775300 0.629696 0.048905 0.390722 0.022146 2 214 0.919459 213 0.080541
UV2
  214 -6.028099 14.334754 35.241055 0.898597 0.437923 -0.027343 0.395580 0.022688 2 214 0.928699 213 0.071301
  214 -6.139741 14.330777 35.199520 -0.092254 0.657862 -0.747467 0.401313 0.023948 2 214 0.952078 213 0.047922
  214 -6.147489 14.492905 35.426167 -0.104178 0.963550 -0.246410 0.394513 0.023286 2 214 0.917867 213 0.082133
UV2
  214 -5.968047 14.120587 35.082008 0.193727 0.252897 -0.947899 0.394513 0.023286 2 214 0.933787 213 0.066213
  214 -6.139741 14.330777 35.199520 -0.092254 0.657862 -0.747467 0.401313 0.023948 2 214 0.952078 213 0.047922
  214 -6.028099 14.334754 35.241055 0.898597 0.437923 -0.027343 0.395580 0.022688 2 214 0.928699 213 0.071301
UV2
  214 -5.390693 13.170687 35.922363 0.840745 0.538076 0.060182 0.359445 0.023553 3 214 0.573866 213 0.388685 212 0.037449
  214 -5.433743 13.057129 35.873203 0.621174 -0.443391 -0.646179 0.359277 0.024815 3 214 0.574766 213 0.386161 212 0.039073
  214 -5.814862 13.872613 35.128742 0.511735 -0.189428 -0.838000 0.382694 0.023508 3 214 0.840714 213 0.155147 212 0.004139
UV2
  213 -4.241875 11.110114 38.956490 0.649815 -0.469162 -0.598020 0.304829 0.025308 3 213 0.621030 212 0.212291 214 0.166679
  214 -5.433743 13.057129 35.873203 0.621174 -0.443391 -0.646179 0.359277 0.024815 3 214 0.574766 213 0.386161 212 0.039073
  214 -5.390693 13.170687 35.922363 0.840745 0.538076 0.060182 0.359445 0.023553 3 214 0.573866 213 0.388685 212 0.037449
UV2
  214 -5.968047 14.120587 35.082008 0.193727 0.252897 -0.947899 0.394513 0.023286 2 214 0.933787 213 0.066213
  214 -6.987960 13.911721 35.230057 -0.264570 0.589825 -0.762961 0.401313 0.037528 2 214 0.969080 213 0.030920
  214 -6.139741 14.330777 35.199520 -0.092254 0.657862 -0.747467 0.401313 0.023948 2 214 0.952078 213 0.047922
UV2
  214 -5.433743 13.057129 35.873203 0.621174 -0.443391 -0.646179 0.359277 0.024815 3 214 0.574766 213 0.386161 212 0.039073
  213 -4.241875 11.110114 38.956490 0.649815 -0.469162 -0.598020 0.304829 0.025308 3 213 0.621030 212 0.212291 214 0.166679
  213 -4.978565 10.654333 39.135738 0.283655 -0.712908 -0.641328 0.305299 0.039084 3 213 0.612083 212 0.220738 214 0.167179
UV2
  214 -6.139741 14.330777 35.199520 -0.092254 0.657862 -0.747467 0.401313 0.023948 2 214 0.952078 213 0.047922
  214 -7.007151 14.067340 35.457912 -0.406112 0.884251 -0.230592 0.394513 0.037055 3 214 0.933797 213 0.066099 212 0.000104
  214 -6.147489 14.492905 35.426167 -0.104178 0.963550 -0.246410 0.394513 0.023286 2 214 0.917867 213 0.082133
UV2
  214 -6.987960 13.911721 35.230057 -0.264570 0.589825 -0.762961 0.401313 0.037528 2 214 0.969080 213 0.030920
  214 -7.007151 14.067340 35.457912 -0.406112 0.884251 -0.230592 0.394513 0.037055 3 214 0.933797 213 0.066099 212 0.000104
  214 -6.139741 14.330777 35.199520 -0.092254 0.657862 -0.747467 0.401313 0.023948 2 214 0.952078 213 0.047922
UV2
  214 -7.007151 14.067340 35.457912 -0.406112 0.884251 -0.230592 0.394513 0.037055 3 214 0.933797 213 0.066099 212 0.000104
  214 -6.963497 14.056744 35.721638 -0.387565 0.856186 0.341670 0.382694 0.037213 3 214 0.831321 213 0.164843 212 0.003836
  214 -6.147489 14.492905 35.426167 -0.104178 0.963550 -0.246410 0.394513 0.023286 2 214 0.917867 213 0.082133
UV2
  214 -6.147489 14.492905 35.426167 -0.104178 0.963550 -0.246410 0.394513 0.023286 2 214 0.917867 213 0.082133
  214 -6.963497 14.056744 35.721638 -0.387565 0.856186 0.341670 0.382694 0.037213 3 214 0.831321 213 0.164843 212 0.003836
  214 -6.107663 14.480130 35.690311 0.029545 0.952687 0.302513 0.382694 0.023508 3 214 0.819683 213 0.176593 212 0.003724
UV2
  214 -6.987960 13.911721 35.230057 -0.264570 0.589825 -0.762961 0.401313 0.037528 2 214 0.969080 213 0.030920
  214 -7.912163 13.685627 35.428326 -0.363143 0.900930 -0.237596 0.394513 0.050824 3 214 0.959685 213 0.040151 212 0.000164
  214 -7.007151 14.067340 35.457912 -0.406112 0.884251 -0.230592 0.394513 0.037055 3 214 0.933797 213 0.066099 212 0.000104
UV2
  214 -6.963497 14.056744 35.721638 -0.387565 0.856186 0.341670 0.382694 0.037213 3 214 0.831321 213 0.164843 212 0.003836
  214 -6.638024 13.465933 36.728016 -0.328561 0.762199 0.557764 0.359277 0.038147 3 214 0.562311 213 0.397418 212 0.040271
  214 -6.107663 14.480130 35.690311 0.029545 0.952687 0.302513 0.382694 0.023508 3 214 0.819683 213 0.176593 212 0.003724
UV2
  214 -6.107663 14.480130 35.690311 0.029545 0.952687 0.302513 0.382694 0.023508 3 214 0.819683 213 0.176593 212 0.003724
  214 -6.638024 13.465933 36.728016 -0.328561 0.762199 0.557764 0.359277 0.038147 3 214 0.562311 213 0.397418 212 0.040271
  214 -5.835217 13.923713 36.627743 0.044158 0.872051 0.487418 0.359277 0.024815 3 214 0.559227 213 0.402836 212 0.037937
UV2
  214 -5.835217 13.923713 36.627743 0.044158 0.872051 0.487418 0.359277 0.024815 3 214 0.559227 213 0.402836 212 0.037937
  214 -6.638024 13.465933 36.728016 -0.328561 0.762199 0.557764 0.359277 0.038147 3 214 0.562311 213 0.397418 212 0.040271
  213 -5.309091 11.748713 39.850079 -0.301048 0.731886 0.611321 0.308479 0.038906 3 213 0.622110 212 0.214960 214 0.162929
UV2
  214 -7.007151 14.067340 35.457912 -0.406112 0.884251 -0.230592 0.394513 0.037055 3 214 0.933797 213 0.066099 212 0.000104
  214 -7.864697 13.677216 35.691662 -0.365189 0.876566 0.313480 0.382694 0.050919 3 214 0.853653 213 0.141864 212 0.004483
  214 -6.963497 14.056744 35.721638 -0.387565 0.856186 0.341670 0.382694 0.037213 3 214 0.831321 213 0.164843 212 0.003836
UV2
  214 -7.912163 13.685627 35.428326 -0.363143 0.900930 -0.237596 0.394513 0.050824 3 214 0.959685 213 0.040151 212 0.000164
  214 -7.864697 13.677216 35.691662 -0.365189 0.876566 0.313480 0.382694 0.050919 3 214 0.853653 213 0.141864 212 0.004483
  214 -7.007151 14.067340 35.457912 -0.406112 0.884251 -0.230592 0.394513 0.037055 3 214 0.933797 213 0.066099 212 0.000104
UV2
  214 -6.963497 14.056744 35.721638 -0.387565 0.856186 0.341670 0.382694 0.037213 3 214 0.831321 213 0.164843 212 0.003836
  214 -7.471698 13.058131 36.845936 -0.273955 0.795681 0.540223 0.359277 0.051479 3 214 0.571851 213 0.386584 212 0.041565
  214 -6.638024 13.465933 36.728016 -0.328561 0.762199 0.557764 0.359277 0.038147 3 214 0.562311 213 0.397418 212 0.040271
UV2
  214 -7.864697 13.677216 35.691662 -0.365189 0.876566 0.313480 0.382694 0.050919 3 214 0.853653 213 0.141864 212 0.004483
  214 -7.471698 13.058131 36.845936 -0.273955 0.795681 0.540223 0.359277 0.051479 3 214 0.571851 213 0.386584 212 0.041565
  214 -6.963497 14.056744 35.721638 -0.387565 0.856186 0.341670 0.382694 0.037213 3 214 0.831321 213 0.164843 212 0.003836
UV2
  213 -6.054748 11.288842 40.031734 -0.219777 0.767757 0.601870 0.310848 0.052074 3 213 0.610502 212 0.224851 214 0.164647
  213 -5.309091 11.748713 39.850079 -0.301048 0.731886 0.611321 0.308479 0.038906 3 213 0.622110 212 0.214960 214 0.162929
  214 -6.638024 13.465933 36.728016 -0.328561 0.762199 0.557764 0.359277 0.038147 3 214 0.562311 213 0.397418 212 0.040271
UV2
  214 -6.638024 13.465933 36.728016 -0.328561 0.762199 0.557764 0.359277 0.038147 3 214 0.562311 213 0.397418 212 0.040271
  214 -7.471698 13.058131 36.845936 -0.273955 0.795681 0.540223 0.359277 0.051479 3 214 0.571851 213 0.386584 212 0.041565
  213 -6.054748 11.288842 40.031734 -0.219777 0.767757 0.601870 0.310848 0.052074 3 213 0.610502 212 0.224851 214 0.164647
UV2
  213 -5.309091 11.748713 39.850079 -0.301048 0.731886 0.611321 0.308479 0.038906 3 213 0.622110 212 0.214960 214 0.162929
  213 -6.054748 11.288842 40.031734 -0.219777 0.767757 0.601870 0.310848 0.052074 3 213 0.610502 212 0.224851 214 0.164647
  212 -4.662130 8.933085 43.171402 -0.159379 0.692955 0.703144 0.258030 0.051806 3 212 0.673003 213 0.300756 214 0.026241
UV2
  212 -4.662130 8.933085 43.171402 -0.159379 0.692955 0.703144 0.258030 0.051806 3 212 0.673003 213 0.300756 214 0.026241
  212 -4.013187 9.355028 42.898762 -0.152313 0.688959 0.708615 0.257951 0.038693 3 212 0.650771 213 0.323101 214 0.026128
  213 -5.309091 11.748713 39.850079 -0.301048 0.731886 0.611321 0.308479 0.038906 3 213 0.622110 212 0.214960 214 0.162929
UV2
  213 -6.936278 10.993265 40.240986 -0.219530 0.771370 0.597323 0.308342 0.065046 3 213 0.600743 212 0.232172 214 0.167085
  213 -6.054748 11.288842 40.031734 -0.219777 0.767757 0.601870 0.310848 0.052074 3 213 0.610502 212 0.224851 214 0.164647
  214 -7.471698 13.058131 36.845936 -0.273955 0.795681 0.540223 0.359277 0.051479 3 214 0.571851 213 0.386584 212 0.041565
UV2
  212 -5.311297 8.511078 43.444149 -0.148475 0.692592 0.705883 0.258106 0.064920 3 212 0.695534 213 0.277947 214 0.026520
  212 -4.662130 8.933085 43.171402 -0.159379 0.692955 0.703144 0.258030 0.051806 3 212 0.673003 213 0.300756 214 0.026241
  213 -6.054748 11.288842 40.031734 -0.219777 0.767757 0.601870 0.310848 0.052074 3 213 0.610502 212 0.224851 214 0.164647
UV2
  213 -6.054748 11.288842 40.031734 -0.219777 0.767757 0.601870 0.310848 0.052074 3 213 0.610502 212 0.224851 214 0.164647
  213 -6.936278 10.993265 40.240986 -0.219530 0.771370 0.597323 0.308342 0.065046 3 213 0.600743 212 0.232172 214 0.167085
  212 -5.311297 8.511078 43.444149 -0.148475 0.692592 0.705883 0.258106 0.064920 3 212 0.695534 213 0.277947 214 0.026520
UV2
  214 -7.864697 13.677216 35.691662 -0.365189 0.876566 0.313480 0.382694 0.050919 3 214 0.853653 213 0.141864 212 0.004483
  214 -8.379170 12.695892 36.979923 -0.323189 0.793429 0.515770 0.359277 0.064811 3 214 0.581662 213 0.372173 212 0.046165
  214 -7.471698 13.058131 36.845936 -0.273955 0.795681 0.540223 0.359277 0.051479 3 214 0.571851 213 0.386584 212 0.041565
UV2
  214 -7.471698 13.058131 36.845936 -0.273955 0.795681 0.540223 0.359277 0.051479 3 214 0.571851 213 0.386584 212 0.041565
  214 -8.379170 12.695892 36.979923 -0.323189 0.793429 0.515770 0.359277 0.064811 3 214 0.581662 213 0.372173 212 0.046165
  213 -6.936278 10.993265 40.240986 -0.219530 0.771370 0.597323 0.308342 0.065046 3 213 0.600743 212 0.232172 214 0.167085
UV2
  214 -8.799937 13.296712 35.644653 -0.410148 0.866236 0.285332 0.382694 0.064624 3 214 0.875215 213 0.118696 212 0.006089
  214 -8.379170 12.695892 36.979923 -0.323189 0.793429 0.515770 0.359277 0.064811 3 214 0.581662 213 0.372173 212 0.046165
  214 -7.864697 13.677216 35.691662 -0.365189 0.876566 0.313480 0.382694 0.050919 3 214 0.853653 213 0.141864 212 0.004483
UV2
  214 -7.912163 13.685627 35.428326 -0.363143 0.900930 -0.237596 0.394513 0.050824 3 214 0.959685 213 0.040151 212 0.000164
  214 -8.799937 13.296712 35.644653 -0.410148 0.866236 0.285332 0.382694 0.064624 3 214 0.875215 213 0.118696 212 0.006089
  214 -7.864697 13.677216 35.691662 -0.365189 0.876566 0.313480 0.382694 0.050919 3 214 0.853653 213 0.141864 212 0.004483
UV2
  213 -7.682549 10.533187 40.422817 -0.394776 0.690614 0.605974 0.308441 0.078288 3 213 0.586743 212 0.246046 214 0.167211
  213 -6.936278 10.993265 40.240986 -0.219530 0.771370 0.597323 0.308342 0.065046 3 213 0.600743 212 0.232172 214 0.167085
  214 -8.379170 12.695892 36.979923 -0.323189 0.793429 0.515770 0.359277 0.064811 3 214 0.581662 213 0.372173 212 0.046165
UV2
  214 -8.799937 13.296712 35.644653 -0.410148 0.866236 0.285332 0.382694 0.064624 3 214 0.875215 213 0.118696 212 0.006089
  214 -9.181975 12.238110 37.080204 -0.445718 0.729558 0.518730 0.359277 0.078143 3 214 0.579608 213 0.366413 212 0.053979
  214 -8.379170 12.695892 36.979923 -0.323189 0.793429 0.515770 0.359277 0.064811 3 214 0.581662 213 0.372173 212 0.046165
UV2
  214 -8.379170 12.695892 36.979923 -0.323189 0.793429 0.515770 0.359277 0.064811 3 214 0.581662 213 0.372173 212 0.046165
  214 -9.181975 12.238110 37.080204 -0.445718 0.729558 0.518730 0.359277 0.078143 3 214 0.579608 213 0.366413 212 0.053979
  213 -7.682549 10.533187 40.422817 -0.394776 0.690614 0.605974 0.308441 0.078288 3 213 0.586743 212 0.246046 214 0.167211
UV2
  214 -8.851253 13.302930 35.381729 -0.428973 0.871238 -0.238592 0.394513 0.064592 3 214 0.977133 213 0.022681 212 0.000186
  214 -8.799937 13.296712 35.644653 -0.410148 0.866236 0.285332 0.382694 0.064624 3 214 0.875215 213 0.118696 212 0.006089
  214 -7.912163 13.685627 35.428326 -0.363143 0.900930 -0.237596 0.394513 0.050824 3 214 0.959685 213 0.040151 212 0.000164
UV2
  213 -6.936278 10.993265 40.240986 -0.219530 0.771370 0.597323 0.308342 0.065046 3 213 0.600743 212 0.232172 214 0.167085
  213 -7.682549 10.533187 40.422817 -0.394776 0.690614 0.605974 0.308441 0.078288 3 213 0.586743 212 0.246046 214 0.167211
  212 -5.960678 8.088998 43.716972 -0.155450 0.694303 0.702694 0.258181 0.078034 3 212 0.716441 213 0.257079 214 0.026480
UV2
  212 -5.960678 8.088998 43.716972 -0.155450 0.694303 0.702694 0.258181 0.078034 3 212 0.716441 213 0.257079 214 0.026480
  212 -5.311297 8.511078 43.444149 -0.148475 0.692592 0.705883 0.258106 0.064920 3 212 0.695534 213 0.277947 214 0.026520
  213 -6.936278 10.993265 40.240986 -0.219530 0.771370 0.597323 0.308342 0.065046 3 213 0.600743 212 0.232172 214 0.167085
UV2
  214 -7.881538 13.536534 35.199253 -0.219305 0.610672 -0.760910 0.401313 0.051107 2 214 0.986339 213 0.013661
  214 -8.851253 13.302930 35.381729 -0.428973 0.871238 -0.238592 0.394513 0.064592 3 214 0.977133 213 0.022681 212 0.000186
  214 -7.912163 13.685627 35.428326 -0.363143 0.900930 -0.237596 0.394513 0.050824 3 214 0.959685 213 0.040151 212 0.000164
UV2
  214 -7.881538 13.536534 35.199253 -0.219305 0.610672 -0.760910 0.401313 0.051107 2 214 0.986339 213 0.013661
  214 -7.912163 13.685627 35.428326 -0.363143 0.900930 -0.237596 0.394513 0.050824 3 214 0.959685 213 0.040151 212 0.000164
  214 -6.987960 13.911721 35.230057 -0.264570 0.589825 -0.762961 0.401313 0.037528 2 214 0.969080 213 0.030920
UV2
  214 -8.851253 13.302930 35.381729 -0.428973 0.871238 -0.238592 0.394513 0.064592 3 214 0.977133 213 0.022681 212 0.000186
  214 -9.629745 12.823812 35.731998 -0.521395 0.799661 0.297808 0.382694 0.078329 3 214 0.875138 213 0.118138 212 0.006724
  214 -8.799937 13.296712 35.644653 -0.410148 0.866236 0.285332 0.382694 0.064624 3 214 0.875215 213 0.118696 212 0.006089
UV2
  214 -9.629745 12.823812 35.731998 -0.521395 0.799661 0.297808 0.382694 0.078329 3 214 0.875138 213 0.118138 212 0.006724
  214 -9.181975 12.238110 37.080204 -0.445718 0.729558 0.518730 0.359277 0.078143 3 214 0.579608 213 0.366413 212 0.053979
  214 -8.799937 13.296712 35.644653 -0.410148 0.866236 0.285332 0.382694 0.064624 3 214 0.875215 213 0.118696 212 0.006089
UV2
  214 -6.827706 13.695014 35.113747 -0.053013 0.110253 -0.992489 0.394513 0.037055 3 214 0.946523 213 0.053362 212 0.000115
  214 -7.881538 13.536534 35.199253 -0.219305 0.610672 -0.760910 0.401313 0.051107 2 214 0.986339 213 0.013661
  214 -6.987960 13.911721 35.230057 -0.264570 0.589825 -0.762961 0.401313 0.037528 2 214 0.969080 213 0.030920
UV2
  214 -6.827706 13.695014 35.113747 -0.053013 0.110253 -0.992489 0.394513 0.037055 3 214 0.946523 213 0.053362 212 0.000115
  214 -6.987960 13.911721 35.230057 -0.264570 0.589825 -0.762961 0.401313 0.037528 2 214 0.969080 213 0.030920
  214 -5.968047 14.120587 35.082008 0.193727 0.252897 -0.947899 0.394513 0.023286 2 214 0.933787 213 0.066213
UV2
  214 -5.814862 13.872613 35.128742 0.511735 -0.189428 -0.838000 0.382694 0.023508 3 214 0.840714 213 0.155147 212 0.004139
  214 -6.827706 13.695014 35.113747 -0.053013 0.110253 -0.992489 0.394513 0.037055 3 214 0.946523 213 0.053362 212 0.000115
  214 -5.968047 14.120587 35.082008 0.193727 0.252897 -0.947899 0.394513 0.023286 2 214 0.933787 213 0.066213
UV2
  214 -8.809201 13.160346 35.151470 -0.302213 0.573302 -0.761572 0.401313 0.064687 2 214 0.993386 213 0.006614
  214 -8.851253 13.302930 35.381729 -0.428973 0.871238 -0.238592 0.394513 0.064592 3 214 0.977133 213 0.022681 212 0.000186
  214 -7.881538 13.536534 35.199253 -0.219305 0.610672 -0.760910 0.401313 0.051107 2 214 0.986339 213 0.013661
UV2
  214 -7.732719 13.313316 35.084164 -0.015239 0.136287 -0.990552 0.394513 0.050824 3 214 0.964630 213 0.035215 212 0.000155
  214 -7.881538 13.536534 35.199253 -0.219305 0.610672 -0.760910 0.401313 0.051107 2 214 0.986339 213 0.013661
  214 -6.827706 13.695014 35.113747 -0.053013 0.110253 -0.992489 0.394513 0.037055 3 214 0.946523 213 0.053362 212 0.000115
UV2
  214 -7.732719 13.313316 35.084164 -0.015239 0.136287 -0.990552 0.394513 0.050824 3 214 0.964630 213 0.035215 212 0.000155
  214 -8.809201 13.160346 35.151470 -0.302213 0.573302 -0.761572 0.401313 0.064687 2 214 0.993386 213 0.006614
  214 -7.881538 13.536534 35.199253 -0.219305 0.610672 -0.760910 0.401313 0.051107 2 214 0.986339 213 0.013661
UV2
  214 -6.670696 13.449224 35.160072 0.173710 -0.391980 -0.903425 0.382694 0.037213 3 214 0.854508 213 0.140649 212 0.004843
  214 -6.827706 13.695014 35.113747 -0.053013 0.110253 -0.992489 0.394513 0.037055 3 214 0.946523 213 0.053362 212 0.000115
  214 -5.814862 13.872613 35.128742 0.511735 -0.189428 -0.838000 0.382694 0.023508 3 214 0.840714 213 0.155147 212 0.004139
UV2
  214 -6.670696 13.449224 35.160072 0.173710 -0.391980 -0.903425 0.382694 0.037213 3 214 0.854508 213 0.140649 212 0.004843
  214 -7.732719 13.313316 35.084164 -0.015239 0.136287 -0.990552 0.394513 0.050824 3 214 0.964630 213 0.035215 212 0.000155
  214 -6.827706 13.695014 35.113747 -0.053013 0.110253 -0.992489 0.394513 0.037055 3 214 0.946523 213 0.053362 212 0.000115
UV2
  214 -6.236548 12.599354 35.973473 0.298727 -0.670524 -0.679087 0.359277 0.038147 3 214 0.577184 213 0.379454 212 0.043362
  214 -6.670696 13.449224 35.160072 0.173710 -0.391980 -0.903425 0.382694 0.037213 3 214 0.854508 213 0.140649 212 0.004843
  214 -5.814862 13.872613 35.128742 0.511735 -0.189428 -0.838000 0.382694 0.023508 3 214 0.840714 213 0.155147 212 0.004139
UV2
  214 -5.814862 13.872613 35.128742 0.511735 -0.189428 -0.838000 0.382694 0.023508 3 214 0.840714 213 0.155147 212 0.004139
  214 -5.433743 13.057129 35.873203 0.621174 -0.443391 -0.646179 0.359277 0.024815 3 214 0.574766 213 0.386161 212 0.039073
  214 -6.236548 12.599354 35.973473 0.298727 -0.670524 -0.679087 0.359277 0.038147 3 214 0.577184 213 0.379454 212 0.043362
UV2
  213 -4.978565 10.654333 39.135738 0.283655 -0.712908 -0.641328 0.305299 0.039084 3 213 0.612083 212 0.220738 214 0.167179
  214 -6.236548 12.599354 35.973473 0.298727 -0.670524 -0.679087 0.359277 0.038147 3 214 0.577184 213 0.379454 212 0.043362
  214 -5.433743 13.057129 35.873203 0.621174 -0.443391 -0.646179 0.359277 0.024815 3 214 0.574766 213 0.386161 212 0.039073
UV2
  214 -7.571891 13.069695 35.130081 0.193126 -0.383517 -0.903115 0.382694 0.050918 3 214 0.870513 213 0.123672 212 0.005815
  214 -7.732719 13.313316 35.084164 -0.015239 0.136287 -0.990552 0.394513 0.050824 3 214 0.964630 213 0.035215 212 0.000155
  214 -6.670696 13.449224 35.160072 0.173710 -0.391980 -0.903425 0.382694 0.037213 3 214 0.854508 213 0.140649 212 0.004843
UV2
  214 -6.670696 13.449224 35.160072 0.173710 -0.391980 -0.903425 0.382694 0.037213 3 214 0.854508 213 0.140649 212 0.004843
  214 -6.236548 12.599354 35.973473 0.298727 -0.670524 -0.679087 0.359277 0.038147 3 214 0.577184 213 0.379454 212 0.043362
  214 -7.039328 12.141587 36.073730 0.304149 -0.676971 -0.670227 0.359277 0.051479 3 214 0.583274 213 0.368262 212 0.048464
UV2
  214 -7.039328 12.141587 36.073730 0.304149 -0.676971 -0.670227 0.359277 0.051479 3 214 0.583274 213 0.368262 212 0.048464
  214 -7.571891 13.069695 35.130081 0.193126 -0.383517 -0.903115 0.382694 0.050918 3 214 0.870513 213 0.123672 212 0.005815
  214 -6.670696 13.449224 35.160072 0.173710 -0.391980 -0.903425 0.382694 0.037213 3 214 0.854508 213 0.140649 212 0.004843
UV2
  214 -6.236548 12.599354 35.973473 0.298727 -0.670524 -0.679087 0.359277 0.038147 3 214 0.577184 213 0.379454 212 0.043362
  213 -4.978565 10.654333 39.135738 0.283655 -0.712908 -0.641328 0.305299 0.039084 3 213 0.612083 212 0.220738 214 0.167179
  213 -5.719156 10.196132 39.315948 0.288849 -0.718138 -0.633123 0.307499 0.051796 3 213 0.596593 212 0.235224 214 0.168184
UV2
  213 -5.719156 10.196132 39.315948 0.288849 -0.718138 -0.633123 0.307499 0.051796 3 213 0.596593 212 0.235224 214 0.168184
  214 -7.039328 12.141587 36.073730 0.304149 -0.676971 -0.670227 0.359277 0.051479 3 214 0.583274 213 0.368262 212 0.048464
  214 -6.236548 12.599354 35.973473 0.298727 -0.670524 -0.679087 0.359277 0.038147 3 214 0.577184 213 0.379454 212 0.043362
UV2
  214 -7.571891 13.069695 35.130081 0.193126 -0.383517 -0.903115 0.382694 0.050918 3 214 0.870513 213 0.123672 212 0.005815
  214 -8.671807 12.930605 35.037560 -0.076876 0.107759 -0.991200 0.394513 0.064592 3 214 0.974318 213 0.025509 212 0.000173
  214 -7.732719 13.313316 35.084164 -0.015239 0.136287 -0.990552 0.394513 0.050824 3 214 0.964630 213 0.035215 212 0.000155
UV2
  214 -8.671807 12.930605 35.037560 -0.076876 0.107759 -0.991200 0.394513 0.064592 3 214 0.974318 213 0.025509 212 0.000173
  214 -8.809201 13.160346 35.151470 -0.302213 0.573302 -0.761572 0.401313 0.064687 2 214 0.993386 213 0.006614
  214 -7.732719 13.313316 35.084164 -0.015239 0.136287 -0.990552 0.394513 0.050824 3 214 0.964630 213 0.035215 212 0.000155
UV2
  214 -7.571891 13.069695 35.130081 0.193126 -0.383517 -0.903115 0.382694 0.050918 3 214 0.870513 213 0.123672 212 0.005815
  214 -7.039328 12.141587 36.073730 0.304149 -0.676971 -0.670227 0.359277 0.051479 3 214 0.583274 213 0.368262 212 0.048464
  214 -7.842136 11.683805 36.174015 0.308820 -0.683372 -0.661538 0.359277 0.064811 3 214 0.591247 213 0.356263 212 0.052490
UV2
  214 -8.507129 12.689186 35.083080 0.167653 -0.387175 -0.906635 0.382694 0.064624 3 214 0.887203 213 0.106486 212 0.006311
  214 -8.671807 12.930605 35.037560 -0.076876 0.107759 -0.991200 0.394513 0.064592 3 214 0.974318 213 0.025509 212 0.000173
  214 -7.571891 13.069695 35.130081 0.193126 -0.383517 -0.903115 0.382694 0.050918 3 214 0.870513 213 0.123672 212 0.005815
UV2
  214 -7.842136 11.683805 36.174015 0.308820 -0.683372 -0.661538 0.359277 0.064811 3 214 0.591247 213 0.356263 212 0.052490
  214 -8.507129 12.689186 35.083080 0.167653 -0.387175 -0.906635 0.382694 0.064624 3 214 0.887203 213 0.106486 212 0.006311
  214 -7.571891 13.069695 35.130081 0.193126 -0.383517 -0.903115 0.382694 0.050918 3 214 0.870513 213 0.123672 212 0.005815
UV2
  214 -7.039328 12.141587 36.073730 0.304149 -0.676971 -0.670227 0.359277 0.051479 3 214 0.583274 213 0.368262 212 0.048464
  213 -5.719156 10.196132 39.315948 0.288849 -0.718138 -0.633123 0.307499 0.051796 3 213 0.596593 212 0.235224 214 0.168184
  213 -6.460181 9.737781 39.496284 0.293745 -0.723084 -0.625191 0.305031 0.064754 3 213 0.579113 212 0.251122 214 0.169765
UV2
  213 -6.460181 9.737781 39.496284 0.293745 -0.723084 -0.625191 0.305031 0.064754 3 213 0.579113 212 0.251122 214 0.169765
  214 -7.842136 11.683805 36.174015 0.308820 -0.683372 -0.661538 0.359277 0.064811 3 214 0.591247 213 0.356263 212 0.052490
  214 -7.039328 12.141587 36.073730 0.304149 -0.676971 -0.670227 0.359277 0.051479 3 214 0.583274 213 0.368262 212 0.048464
UV2
  212 -4.459630 7.526031 42.443707 0.180448 -0.710846 -0.679806 0.253896 0.051832 3 212 0.689860 213 0.283346 214 0.026794
  213 -5.719156 10.196132 39.315948 0.288849 -0.718138 -0.633123 0.307499 0.051796 3 213 0.596593 212 0.235224 214 0.168184
  213 -4.978565 10.654333 39.135738 0.283655 -0.712908 -0.641328 0.305299 0.039084 3 213 0.612083 212 0.220738 214 0.167179
UV2
  212 -5.103165 7.105683 42.714130 0.187353 -0.716643 -0.671804 0.254019 0.064928 3 212 0.714455 213 0.258664 214 0.026881
  213 -6.460181 9.737781 39.496284 0.293745 -0.723084 -0.625191 0.305031 0.064754 3 213 0.579113 212 0.251122 214 0.169765
  213 -5.719156 10.196132 39.315948 0.288849 -0.718138 -0.633123 0.307499 0.051796 3 213 0.596593 212 0.235224 214 0.168184
UV2
  213 -5.719156 10.196132 39.315948 0.288849 -0.718138 -0.633123 0.307499 0.051796 3 213 0.596593 212 0.235224 214 0.168184
  212 -4.459630 7.526031 42.443707 0.180448 -0.710846 -0.679806 0.253896 0.051832 3 212 0.689860 213 0.283346 214 0.026794
  212 -5.103165 7.105683 42.714130 0.187353 -0.716643 -0.671804 0.254019 0.064928 3 212 0.714455 213 0.258664 214 0.026881
UV2
  214 -7.842136 11.683805 36.174015 0.308820 -0.683372 -0.661538 0.359277 0.064811 3 214 0.591247 213 0.356263 212 0.052490
  213 -6.460181 9.737781 39.496284 0.293745 -0.723084 -0.625191 0.305031 0.064754 3 213 0.579113 212 0.251122 214 0.169765
  213 -7.201599 9.279287 39.676723 0.298406 -0.727750 -0.617522 0.305167 0.077983 3 213 0.567528 212 0.261180 214 0.171292
UV2
  213 -4.978565 10.654333 39.135738 0.283655 -0.712908 -0.641328 0.305299 0.039084 3 213 0.612083 212 0.220738 214 0.167179
  212 -3.816447 7.946280 42.173424 0.173222 -0.704775 -0.687958 0.253770 0.038737 3 212 0.667826 213 0.305389 214 0.026786
  212 -4.459630 7.526031 42.443707 0.180448 -0.710846 -0.679806 0.253896 0.051832 3 212 0.689860 213 0.283346 214 0.026794
UV2
  212 -3.816447 7.946280 42.173424 0.173222 -0.704775 -0.687958 0.253770 0.038737 3 212 0.667826 213 0.305389 214 0.026786
  213 -4.978565 10.654333 39.135738 0.283655 -0.712908 -0.641328 0.305299 0.039084 3 213 0.612083 212 0.220738 214 0.167179
  213 -4.241875 11.110114 38.956490 0.649815 -0.469162 -0.598020 0.304829 0.025308 3 213 0.621030 212 0.212291 214 0.166679
UV2
  213 -4.241875 11.110114 38.956490 0.649815 -0.469162 -0.598020 0.304829 0.025308 3 213 0.621030 212 0.212291 214 0.166679
  212 -3.179907 8.362161 41.905945 0.564176 -0.501490 -0.655906 0.253647 0.025779 3 212 0.647310 213 0.325867 214 0.026823
  212 -3.816447 7.946280 42.173424 0.173222 -0.704775 -0.687958 0.253770 0.038737 3 212 0.667826 213 0.305389 214 0.026786
UV2
  211 -2.741896 5.736838 44.749630 0.130668 -0.715043 -0.686760 0.197855 0.039055 3 211 0.506981 212 0.371231 207 0.121789
  212 -3.816447 7.946280 42.173424 0.173222 -0.704775 -0.687958 0.253770 0.038737 3 212 0.667826 213 0.305389 214 0.026786
  212 -3.179907 8.362161 41.905945 0.564176 -0.501490 -0.655906 0.253647 0.025779 3 212 0.647310 213 0.325867 214 0.026823
UV2
  212 -3.179907 8.362161 41.905945 0.564176 -0.501490 -0.655906 0.253647 0.025779 3 212 0.647310 213 0.325867 214 0.026823
  211 -2.249576 6.036918 44.531414 0.129618 -0.713428 -0.688636 0.197855 0.026295 3 211 0.501207 212 0.381954 207 0.116839
  211 -2.741896 5.736838 44.749630 0.130668 -0.715043 -0.686760 0.197855 0.039055 3 211 0.506981 212 0.371231 207 0.121789
UV2
  211 -1.220632 3.300938 47.482330 0.119117 -0.786414 -0.606106 0.138433 0.027628 3 211 0.481837 207 0.415394 212 0.102769
  211 -2.741896 5.736838 44.749630 0.130668 -0.715043 -0.686760 0.197855 0.039055 3 211 0.506981 212 0.371231 207 0.121789
  211 -2.249576 6.036918 44.531414 0.129618 -0.713428 -0.688636 0.197855 0.026295 3 211 0.501207 212 0.381954 207 0.116839
UV2
  211 -3.242265 5.431847 44.971416 0.136683 -0.722501 -0.677724 0.197855 0.052024 3 211 0.513497 212 0.361251 207 0.125252
  212 -4.459630 7.526031 42.443707 0.180448 -0.710846 -0.679806 0.253896 0.051832 3 212 0.689860 213 0.283346 214 0.026794
  212 -3.816447 7.946280 42.173424 0.173222 -0.704775 -0.687958 0.253770 0.038737 3 212 0.667826 213 0.305389 214 0.026786
UV2
  212 -3.816447 7.946280 42.173424 0.173222 -0.704775 -0.687958 0.253770 0.038737 3 212 0.667826 213 0.305389 214 0.026786
  211 -2.741896 5.736838 44.749630 0.130668 -0.715043 -0.686760 0.197855 0.039055 3 211 0.506981 212 0.371231 207 0.121789
  211 -3.242265 5.431847 44.971416 0.136683 -0.722501 -0.677724 0.197855 0.052024 3 211 0.513497 212 0.361251 207 0.125252
UV2
  211 -1.560277 3.042975 47.753979 0.107603 -0.844667 -0.524365 0.138433 0.040156 3 211 0.464259 207 0.436753 212 0.098989
  211 -2.741896 5.736838 44.749630 0.130668 -0.715043 -0.686760 0.197855 0.039055 3 211 0.506981 212 0.371231 207 0.121789
  211 -1.220632 3.300938 47.482330 0.119117 -0.786414 -0.606106 0.138433 0.027628 3 211 0.481837 207 0.415394 212 0.102769
UV2
  211 -1.560277 3.042975 47.753979 0.107603 -0.844667 -0.524365 0.138433 0.040156 3 211 0.464259 207 0.436753 212 0.098989
  211 -3.242265 5.431847 44.971416 0.136683 -0.722501 -0.677724 0.197855 0.052024 3 211 0.513497 212 0.361251 207 0.125252
  211 -2.741896 5.736838 44.749630 0.130668 -0.715043 -0.686760 0.197855 0.039055 3 211 0.506981 212 0.371231 207 0.121789
UV2
  207 -0.729427 2.520444 49.350918 -0.132410 -0.983609 -0.122396 0.086016 0.027829 2 207 0.901243 211 0.098757
  211 -1.560277 3.042975 47.753979 0.107603 -0.844667 -0.524365 0.138433 0.040156 3 211 0.464259 207 0.436753 212 0.098989
  211 -1.220632 3.300938 47.482330 0.119117 -0.786414 -0.606106 0.138433 0.027628 3 211 0.481837 207 0.415394 212 0.102769
UV2
  212 -4.459630 7.526031 42.443707 0.180448 -0.710846 -0.679806 0.253896 0.051832 3 212 0.689860 213 0.283346 214 0.026794
  211 -3.242265 5.431847 44.971416 0.136683 -0.722501 -0.677724 0.197855 0.052024 3 211 0.513497 212 0.361251 207 0.125252
  211 -3.742634 5.126843 45.193222 0.146717 -0.734931 -0.662080 0.197855 0.064992 3 211 0.520478 212 0.352803 207 0.126719
UV2
  211 -3.742634 5.126843 45.193222 0.146717 -0.734931 -0.662080 0.197855 0.064992 3 211 0.520478 212 0.352803 207 0.126719
  212 -5.103165 7.105683 42.714130 0.187353 -0.716643 -0.671804 0.254019 0.064928 3 212 0.714455 213 0.258664 214 0.026881
  212 -4.459630 7.526031 42.443707 0.180448 -0.710846 -0.679806 0.253896 0.051832 3 212 0.689860 213 0.283346 214 0.026794
UV2
  207 -1.899910 2.865258 48.025620 -0.034409 -0.910085 -0.412990 0.138433 0.052684 3 207 0.454784 211 0.449573 212 0.095643
  211 -3.242265 5.431847 44.971416 0.136683 -0.722501 -0.677724 0.197855 0.052024 3 211 0.513497 212 0.361251 207 0.125252
  211 -1.560277 3.042975 47.753979 0.107603 -0.844667 -0.524365 0.138433 0.040156 3 211 0.464259 207 0.436753 212 0.098989
UV2
  207 -1.899910 2.865258 48.025620 -0.034409 -0.910085 -0.412990 0.138433 0.052684 3 207 0.454784 211 0.449573 212 0.095643
  211 -3.742634 5.126843 45.193222 0.146717 -0.734931 -0.662080 0.197855 0.064992 3 211 0.520478 212 0.352803 207 0.126719
  211 -3.242265 5.431847 44.971416 0.136683 -0.722501 -0.677724 0.197855 0.052024 3 211 0.513497 212 0.361251 207 0.125252
UV2
  207 -0.910422 2.525627 49.586582 -0.109921 -0.990106 -0.087224 0.086016 0.040300 2 207 0.922522 211 0.077478
  211 -1.560277 3.042975 47.753979 0.107603 -0.844667 -0.524365 0.138433 0.040156 3 211 0.464259 207 0.436753 212 0.098989
  207 -0.729427 2.520444 49.350918 -0.132410 -0.983609 -0.122396 0.086016 0.027829 2 207 0.901243 211 0.098757
UV2
  207 -0.910422 2.525627 49.586582 -0.109921 -0.990106 -0.087224 0.086016 0.040300 2 207 0.922522 211 0.077478
  207 -1.899910 2.865258 48.025620 -0.034409 -0.910085 -0.412990 0.138433 0.052684 3 207 0.454784 211 0.449573 212 0.095643
  211 -1.560277 3.042975 47.753979 0.107603 -0.844667 -0.524365 0.138433 0.040156 3 211 0.464259 207 0.436753 212 0.098989
UV2
  207 -0.404471 2.507862 49.577969 0.351518 -0.935295 -0.040731 0.037628 0.027120 1 207 1.000000
  207 -0.910422 2.525627 49.586582 -0.109921 -0.990106 -0.087224 0.086016 0.040300 2 207 0.922522 211 0.077478
  207 -0.729427 2.520444 49.350918 -0.132410 -0.983609 -0.122396 0.086016 0.027829 2 207 0.901243 211 0.098757
UV2
  207 -2.239553 2.817832 48.297287 -0.134154 -0.938481 -0.318208 0.138433 0.065213 3 207 0.467151 211 0.440628 212 0.092221
  211 -3.742634 5.126843 45.193222 0.146717 -0.734931 -0.662080 0.197855 0.064992 3 211 0.520478 212 0.352803 207 0.126719
  207 -1.899910 2.865258 48.025620 -0.034409 -0.910085 -0.412990 0.138433 0.052684 3 207 0.454784 211 0.449573 212 0.095643
UV2
  207 -0.411232 2.487562 49.898594 0.418523 -0.907069 -0.045425 0.037628 0.039794 1 207 1.000000
  207 -0.910422 2.525627 49.586582 -0.109921 -0.990106 -0.087224 0.086016 0.040300 2 207 0.922522 211 0.077478
  207 -0.404471 2.507862 49.577969 0.351518 -0.935295 -0.040731 0.037628 0.027120 1 207 1.000000
UV2
  207 -0.331772 2.601943 49.584457 0.999755 0.005528 0.021435 0.029101 0.027120 1 207 1.000000
  207 -0.411232 2.487562 49.898594 0.418523 -0.907069 -0.045425 0.037628 0.039794 1 207 1.000000
  207 -0.404471 2.507862 49.577969 0.351518 -0.935295 -0.040731 0.037628 0.027120 1 207 1.000000
UV2
  207 -1.091421 2.530808 49.822266 -0.102778 -0.992453 -0.066883 0.086016 0.052771 2 207 0.943802 211 0.056198
  207 -1.899910 2.865258 48.025620 -0.034409 -0.910085 -0.412990 0.138433 0.052684 3 207 0.454784 211 0.449573 212 0.095643
  207 -0.910422 2.525627 49.586582 -0.109921 -0.990106 -0.087224 0.086016 0.040300 2 207 0.922522 211 0.077478
UV2
  207 -0.411232 2.487562 49.898594 0.418523 -0.907069 -0.045425 0.037628 0.039794 1 207 1.000000
  207 -1.091421 2.530808 49.822266 -0.102778 -0.992453 -0.066883 0.086016 0.052771 2 207 0.943802 211 0.056198
  207 -0.910422 2.525627 49.586582 -0.109921 -0.990106 -0.087224 0.086016 0.040300 2 207 0.922522 211 0.077478
UV2
  207 -1.091421 2.530808 49.822266 -0.102778 -0.992453 -0.066883 0.086016 0.052771 2 207 0.943802 211 0.056198
  207 -2.239553 2.817832 48.297287 -0.134154 -0.938481 -0.318208 0.138433 0.065213 3 207 0.467151 211 0.440628 212 0.092221
  207 -1.899910 2.865258 48.025620 -0.034409 -0.910085 -0.412990 0.138433 0.052684 3 207 0.454784 211 0.449573 212 0.095643
UV2
  207 -0.338535 2.581645 49.905083 0.999775 0.001394 0.021179 0.029101 0.039794 1 207 1.000000
  207 -0.411232 2.487562 49.898594 0.418523 -0.907069 -0.045425 0.037628 0.039794 1 207 1.000000
  207 -0.331772 2.601943 49.584457 0.999755 0.005528 0.021435 0.029101 0.027120 1 207 1.000000
UV2
  207 -0.404923 2.695807 49.587856 0.567219 0.821080 0.063960 0.037628 0.027120 1 207 1.000000
  207 -0.338535 2.581645 49.905083 0.999775 0.001394 0.021179 0.029101 0.039794 1 207 1.000000
  207 -0.331772 2.601943 49.584457 0.999755 0.005528 0.021435 0.029101 0.027120 1 207 1.000000
UV2
  207 -0.417996 2.467255 50.219212 0.411969 -0.909981 -0.047075 0.037628 0.052467 1 207 1.000000
  207 -1.091421 2.530808 49.822266 -0.102778 -0.992453 -0.066883 0.086016 0.052771 2 207 0.943802 211 0.056198
  207 -0.411232 2.487562 49.898594 0.418523 -0.907069 -0.045425 0.037628 0.039794 1 207 1.000000
UV2
  207 -0.338535 2.581645 49.905083 0.999775 0.001394 0.021179 0.029101 0.039794 1 207 1.000000
  207 -0.417996 2.467255 50.219212 0.411969 -0.909981 -0.047075 0.037628 0.052467 1 207 1.000000
  207 -0.411232 2.487562 49.898594 0.418523 -0.907069 -0.045425 0.037628 0.039794 1 207 1.000000
UV2
  207 -0.411683 2.675500 49.908485 0.569153 0.819165 0.070941 0.037628 0.039794 1 207 1.000000
  207 -0.338535 2.581645 49.905083 0.999775 0.001394 0.021179 0.029101 0.039794 1 207 1.000000
  207 -0.404923 2.695807 49.587856 0.567219 0.821080 0.063960 0.037628 0.027120 1 207 1.000000
UV2
  207 -0.729379 2.845031 49.346363 0.338068 0.915770 0.216968 0.086016 0.027829 2 207 0.875175 211 0.124825
  207 -0.411683 2.675500 49.908485 0.569153 0.819165 0.070941 0.037628 0.039794 1 207 1.000000
  207 -0.404923 2.695807 49.587856 0.567219 0.821080 0.063960 0.037628 0.027120 1 207 1.000000
UV2
  207 -0.345299 2.561338 50.225704 0.999775 0.001370 0.021173 0.029101 0.052467 1 207 1.000000
  207 -0.417996 2.467255 50.219212 0.411969 -0.909981 -0.047075 0.037628 0.052467 1 207 1.000000
  207 -0.338535 2.581645 49.905083 0.999775 0.001394 0.021179 0.029101 0.039794 1 207 1.000000
UV2
  207 -0.411683 2.675500 49.908485 0.569153 0.819165 0.070941 0.037628 0.039794 1 207 1.000000
  207 -0.345299 2.561338 50.225704 0.999775 0.001370 0.021173 0.029101 0.052467 1 207 1.000000
  207 -0.338535 2.581645 49.905083 0.999775 0.001394 0.021179 0.029101 0.039794 1 207 1.000000
UV2
  207 -0.417996 2.467255 50.219212 0.411969 -0.909981 -0.047075 0.037628 0.052467 1 207 1.000000
  207 -1.272418 2.535997 50.057949 -0.096751 -0.993532 -0.059443 0.086016 0.065242 2 207 0.965082 211 0.034918
  207 -1.091421 2.530808 49.822266 -0.102778 -0.992453 -0.066883 0.086016 0.052771 2 207 0.943802 211 0.056198
UV2
  207 -1.272418 2.535997 50.057949 -0.096751 -0.993532 -0.059443 0.086016 0.065242 2 207 0.965082 211 0.034918
  207 -2.239553 2.817832 48.297287 -0.134154 -0.938481 -0.318208 0.138433 0.065213 3 207 0.467151 211 0.440628 212 0.092221
  207 -1.091421 2.530808 49.822266 -0.102778 -0.992453 -0.066883 0.086016 0.052771 2 207 0.943802 211 0.056198
UV2
  207 -0.910375 2.850213 49.582039 0.249497 0.950175 0.186865 0.086016 0.040300 2 207 0.896456 211 0.103544
  207 -0.411683 2.675500 49.908485 0.569153 0.819165 0.070941 0.037628 0.039794 1 207 1.000000
  207 -0.729379 2.845031 49.346363 0.338068 0.915770 0.216968 0.086016 0.027829 2 207 0.875175 211 0.124825
UV2
  211 -1.354352 3.677682 47.582455 0.018814 0.733119 0.679840 0.138433 0.027628 3 211 0.503353 207 0.403314 212 0.093333
  207 -0.910375 2.850213 49.582039 0.249497 0.950175 0.186865 0.086016 0.040300 2 207 0.896456 211 0.103544
  207 -0.729379 2.845031 49.346363 0.338068 0.915770 0.216968 0.086016 0.027829 2 207 0.875175 211 0.124825
UV2
  207 -0.910375 2.850213 49.582039 0.249497 0.950175 0.186865 0.086016 0.040300 2 207 0.896456 211 0.103544
  207 -0.418447 2.655200 50.229099 0.549293 0.832809 0.068606 0.037628 0.052467 1 207 1.000000
  207 -0.411683 2.675500 49.908485 0.569153 0.819165 0.070941 0.037628 0.039794 1 207 1.000000
UV2
  207 -0.418447 2.655200 50.229099 0.549293 0.832809 0.068606 0.037628 0.052467 1 207 1.000000
  207 -0.345299 2.561338 50.225704 0.999775 0.001370 0.021173 0.029101 0.052467 1 207 1.000000
  207 -0.411683 2.675500 49.908485 0.569153 0.819165 0.070941 0.037628 0.039794 1 207 1.000000
UV2
  211 -1.693997 3.419720 47.854118 -0.032742 0.805665 0.591465 0.138433 0.040156 3 211 0.484781 207 0.423747 212 0.091473
  207 -0.910375 2.850213 49.582039 0.249497 0.950175 0.186865 0.086016 0.040300 2 207 0.896456 211 0.103544
  211 -1.354352 3.677682 47.582455 0.018814 0.733119 0.679840 0.138433 0.027628 3 211 0.503353 207 0.403314 212 0.093333
UV2
  211 -2.393381 6.606946 45.461216 -0.038733 0.634845 0.771668 0.197855 0.026295 3 211 0.535922 212 0.346801 207 0.117277
  211 -1.693997 3.419720 47.854118 -0.032742 0.805665 0.591465 0.138433 0.040156 3 211 0.484781 207 0.423747 212 0.091473
  211 -1.354352 3.677682 47.582455 0.018814 0.733119 0.679840 0.138433 0.027628 3 211 0.503353 207 0.403314 212 0.093333
UV2
  207 -1.091373 2.855402 49.817722 0.193445 0.970999 0.140502 0.086016 0.052771 2 207 0.917736 211 0.082264
  207 -0.418447 2.655200 50.229099 0.549293 0.832809 0.068606 0.037628 0.052467 1 207 1.000000
  207 -0.910375 2.850213 49.582039 0.249497 0.950175 0.186865 0.086016 0.040300 2 207 0.896456 211 0.103544
UV2
  211 -1.693997 3.419720 47.854118 -0.032742 0.805665 0.591465 0.138433 0.040156 3 211 0.484781 207 0.423747 212 0.091473
  207 -1.091373 2.855402 49.817722 0.193445 0.970999 0.140502 0.086016 0.052771 2 207 0.917736 211 0.082264
  207 -0.910375 2.850213 49.582039 0.249497 0.950175 0.186865 0.086016 0.040300 2 207 0.896456 211 0.103544
UV2
  211 -2.885701 6.306860 45.679436 -0.038953 0.633101 0.773088 0.197855 0.039055 3 211 0.540722 212 0.338108 207 0.121170
  211 -1.693997 3.419720 47.854118 -0.032742 0.805665 0.591465 0.138433 0.040156 3 211 0.484781 207 0.423747 212 0.091473
  211 -2.393381 6.606946 45.461216 -0.038733 0.634845 0.771668 0.197855 0.026295 3 211 0.535922 212 0.346801 207 0.117277
UV2
  212 -3.370270 9.772964 42.628635 0.308189 0.754448 0.579506 0.257454 0.024817 3 212 0.629802 213 0.344023 214 0.026176
  211 -2.885701 6.306860 45.679436 -0.038953 0.633101 0.773088 0.197855 0.039055 3 211 0.540722 212 0.338108 207 0.121170
  211 -2.393381 6.606946 45.461216 -0.038733 0.634845 0.771668 0.197855 0.026295 3 211 0.535922 212 0.346801 207 0.117277
UV2
  212 -4.013187 9.355028 42.898762 -0.152313 0.688959 0.708615 0.257951 0.038693 3 212 0.650771 213 0.323101 214 0.026128
  211 -2.885701 6.306860 45.679436 -0.038953 0.633101 0.773088 0.197855 0.039055 3 211 0.540722 212 0.338108 207 0.121170
  212 -3.370270 9.772964 42.628635 0.308189 0.754448 0.579506 0.257454 0.024817 3 212 0.629802 213 0.344023 214 0.026176
UV2
  211 -2.885701 6.306860 45.679436 -0.038953 0.633101 0.773088 0.197855 0.039055 3 211 0.540722 212 0.338108 207 0.121170
  211 -2.033629 3.242002 48.125759 0.102432 0.867456 0.486855 0.138433 0.052684 3 211 0.470455 207 0.441612 212 0.087933
  211 -1.693997 3.419720 47.854118 -0.032742 0.805665 0.591465 0.138433 0.040156 3 211 0.484781 207 0.423747 212 0.091473
UV2
  211 -2.033629 3.242002 48.125759 0.102432 0.867456 0.486855 0.138433 0.052684 3 211 0.470455 207 0.441612 212 0.087933
  207 -1.091373 2.855402 49.817722 0.193445 0.970999 0.140502 0.086016 0.052771 2 207 0.917736 211 0.082264
  211 -1.693997 3.419720 47.854118 -0.032742 0.805665 0.591465 0.138433 0.040156 3 211 0.484781 207 0.423747 212 0.091473
UV2
  212 -4.013187 9.355028 42.898762 -0.152313 0.688959 0.708615 0.257951 0.038693 3 212 0.650771 213 0.323101 214 0.026128
  211 -3.386070 6.001870 45.901237 -0.094124 0.636273 0.765700 0.197855 0.052024 3 211 0.547330 212 0.329930 207 0.122741
  211 -2.885701 6.306860 45.679436 -0.038953 0.633101 0.773088 0.197855 0.039055 3 211 0.540722 212 0.338108 207 0.121170
UV2
  211 -3.386070 6.001870 45.901237 -0.094124 0.636273 0.765700 0.197855 0.052024 3 211 0.547330 212 0.329930 207 0.122741
  211 -2.033629 3.242002 48.125759 0.102432 0.867456 0.486855 0.138433 0.052684 3 211 0.470455 207 0.441612 212 0.087933
  211 -2.885701 6.306860 45.679436 -0.038953 0.633101 0.773088 0.197855 0.039055 3 211 0.540722 212 0.338108 207 0.121170
UV2
  212 -4.662130 8.933085 43.171402 -0.159379 0.692955 0.703144 0.258030 0.051806 3 212 0.673003 213 0.300756 214 0.026241
  211 -3.386070 6.001870 45.901237 -0.094124 0.636273 0.765700 0.197855 0.052024 3 211 0.547330 212 0.329930 207 0.122741
  212 -4.013187 9.355028 42.898762 -0.152313 0.688959 0.708615 0.257951 0.038693 3 212 0.650771 213 0.323101 214 0.026128
UV2
  211 -2.033629 3.242002 48.125759 0.102432 0.867456 0.486855 0.138433 0.052684 3 211 0.470455 207 0.441612 212 0.087933
  207 -1.272370 2.860590 50.053406 0.169733 0.979064 0.112357 0.086016 0.065242 2 207 0.939016 211 0.060984
  207 -1.091373 2.855402 49.817722 0.193445 0.970999 0.140502 0.086016 0.052771 2 207 0.917736 211 0.082264
UV2
  212 -4.662130 8.933085 43.171402 -0.159379 0.692955 0.703144 0.258030 0.051806 3 212 0.673003 213 0.300756 214 0.026241
  211 -3.834956 5.639417 46.109276 -0.109040 0.655068 0.747660 0.197855 0.064992 3 211 0.557375 212 0.318677 207 0.123948
  211 -3.386070 6.001870 45.901237 -0.094124 0.636273 0.765700 0.197855 0.052024 3 211 0.547330 212 0.329930 207 0.122741
UV2
  212 -5.311297 8.511078 43.444149 -0.148475 0.692592 0.705883 0.258106 0.064920 3 212 0.695534 213 0.277947 214 0.026520
  211 -3.834956 5.639417 46.109276 -0.109040 0.655068 0.747660 0.197855 0.064992 3 211 0.557375 212 0.318677 207 0.123948
  212 -4.662130 8.933085 43.171402 -0.159379 0.692955 0.703144 0.258030 0.051806 3 212 0.673003 213 0.300756 214 0.026241
UV2
  211 -3.386070 6.001870 45.901237 -0.094124 0.636273 0.765700 0.197855 0.052024 3 211 0.547330 212 0.329930 207 0.122741
  211 -2.373270 3.194570 48.397404 0.201703 0.894108 0.399858 0.138433 0.065213 3 211 0.461613 207 0.453821 212 0.084566
  211 -2.033629 3.242002 48.125759 0.102432 0.867456 0.486855 0.138433 0.052684 3 211 0.470455 207 0.441612 212 0.087933
UV2
  211 -3.834956 5.639417 46.109276 -0.109040 0.655068 0.747660 0.197855 0.064992 3 211 0.557375 212 0.318677 207 0.123948
  211 -2.373270 3.194570 48.397404 0.201703 0.894108 0.399858 0.138433 0.065213 3 211 0.461613 207 0.453821 212 0.084566
  211 -3.386070 6.001870 45.901237 -0.094124 0.636273 0.765700 0.197855 0.052024 3 211 0.547330 212 0.329930 207 0.122741
UV2
  211 -2.373270 3.194570 48.397404 0.201703 0.894108 0.399858 0.138433 0.065213 3 211 0.461613 207 0.453821 212 0.084566
  207 -1.272370 2.860590 50.053406 0.169733 0.979064 0.112357 0.086016 0.065242 2 207 0.939016 211 0.060984
  211 -2.033629 3.242002 48.125759 0.102432 0.867456 0.486855 0.138433 0.052684 3 211 0.470455 207 0.441612 212 0.087933
UV2
  212 -5.311297 8.511078 43.444149 -0.148475 0.692592 0.705883 0.258106 0.064920 3 212 0.695534 213 0.277947 214 0.026520
  211 -4.335341 5.334413 46.331081 -0.050178 0.702630 0.709784 0.197855 0.077961 3 211 0.563781 212 0.311669 207 0.124551
  211 -3.834956 5.639417 46.109276 -0.109040 0.655068 0.747660 0.197855 0.064992 3 211 0.557375 212 0.318677 207 0.123948
UV2
  212 -5.960678 8.088998 43.716972 -0.155450 0.694303 0.702694 0.258181 0.078034 3 212 0.716441 213 0.257079 214 0.026480
  211 -4.335341 5.334413 46.331081 -0.050178 0.702630 0.709784 0.197855 0.077961 3 211 0.563781 212 0.311669 207 0.124551
  212 -5.311297 8.511078 43.444149 -0.148475 0.692592 0.705883 0.258106 0.064920 3 212 0.695534 213 0.277947 214 0.026520
UV2
  211 -3.834956 5.639417 46.109276 -0.109040 0.655068 0.747660 0.197855 0.064992 3 211 0.557375 212 0.318677 207 0.123948
  207 -2.712918 3.162027 48.669064 0.226241 0.916640 0.329524 0.138433 0.077741 3 207 0.465938 211 0.454148 212 0.079913
  211 -2.373270 3.194570 48.397404 0.201703 0.894108 0.399858 0.138433 0.065213 3 211 0.461613 207 0.453821 212 0.084566
UV2
  211 -4.335341 5.334413 46.331081 -0.050178 0.702630 0.709784 0.197855 0.077961 3 211 0.563781 212 0.311669 207 0.124551
  207 -2.712918 3.162027 48.669064 0.226241 0.916640 0.329524 0.138433 0.077741 3 207 0.465938 211 0.454148 212 0.079913
  211 -3.834956 5.639417 46.109276 -0.109040 0.655068 0.747660 0.197855 0.064992 3 211 0.557375 212 0.318677 207 0.123948
UV2
  211 -2.373270 3.194570 48.397404 0.201703 0.894108 0.399858 0.138433 0.065213 3 211 0.461613 207 0.453821 212 0.084566
  207 -1.453367 2.865772 50.289082 0.153038 0.983272 0.098769 0.086016 0.077712 2 207 0.960297 211 0.039703
  207 -1.272370 2.860590 50.053406 0.169733 0.979064 0.112357 0.086016 0.065242 2 207 0.939016 211 0.060984
UV2
  207 -2.712918 3.162027 48.669064 0.226241 0.916640 0.329524 0.138433 0.077741 3 207 0.465938 211 0.454148 212 0.079913
  207 -1.453367 2.865772 50.289082 0.153038 0.983272 0.098769 0.086016 0.077712 2 207 0.960297 211 0.039703
  211 -2.373270 3.194570 48.397404 0.201703 0.894108 0.399858 0.138433 0.065213 3 211 0.461613 207 0.453821 212 0.084566
UV2
  207 -1.272370 2.860590 50.053406 0.169733 0.979064 0.112357 0.086016 0.065242 2 207 0.939016 211 0.060984
  207 -0.425209 2.634893 50.549732 0.537205 0.840753 0.067419 0.037628 0.065140 1 207 1.000000
  207 -1.091373 2.855402 49.817722 0.193445 0.970999 0.140502 0.086016 0.052771 2 207 0.917736 211 0.082264
UV2
  207 -1.091373 2.855402 49.817722 0.193445 0.970999 0.140502 0.086016 0.052771 2 207 0.917736 211 0.082264
  207 -0.425209 2.634893 50.549732 0.537205 0.840753 0.067419 0.037628 0.065140 1 207 1.000000
  207 -0.418447 2.655200 50.229099 0.549293 0.832809 0.068606 0.037628 0.052467 1 207 1.000000
UV2
  207 -1.453367 2.865772 50.289082 0.153038 0.983272 0.098769 0.086016 0.077712 2 207 0.960297 211 0.039703
  207 -0.431972 2.614586 50.870361 0.529111 0.845924 0.066742 0.037628 0.077814 1 207 1.000000
  207 -1.272370 2.860590 50.053406 0.169733 0.979064 0.112357 0.086016 0.065242 2 207 0.939016 211 0.060984
UV2
  207 -1.272370 2.860590 50.053406 0.169733 0.979064 0.112357 0.086016 0.065242 2 207 0.939016 211 0.060984
  207 -0.431972 2.614586 50.870361 0.529111 0.845924 0.066742 0.037628 0.077814 1 207 1.000000
  207 -0.425209 2.634893 50.549732 0.537205 0.840753 0.067419 0.037628 0.065140 1 207 1.000000
UV2
  207 -0.425209 2.634893 50.549732 0.537205 0.840753 0.067419 0.037628 0.065140 1 207 1.000000
  207 -0.352061 2.541030 50.546329 0.999775 0.001372 0.021174 0.029101 0.065140 1 207 1.000000
  207 -0.418447 2.655200 50.229099 0.549293 0.832809 0.068606 0.037628 0.052467 1 207 1.000000
UV2
  207 -0.418447 2.655200 50.229099 0.549293 0.832809 0.068606 0.037628 0.052467 1 207 1.000000
  207 -0.352061 2.541030 50.546329 0.999775 0.001372 0.021174 0.029101 0.065140 1 207 1.000000
  207 -0.345299 2.561338 50.225704 0.999775 0.001370 0.021173 0.029101 0.052467 1 207 1.000000
UV2
  207 -0.431972 2.614586 50.870361 0.529111 0.845924 0.066742 0.037628 0.077814 1 207 1.000000
  207 -0.358823 2.520731 50.866943 0.999775 0.001386 0.021171 0.029101 0.077814 1 207 1.000000
  207 -0.425209 2.634893 50.549732 0.537205 0.840753 0.067419 0.037628 0.065140 1 207 1.000000
UV2
  207 -0.425209 2.634893 50.549732 0.537205 0.840753 0.067419 0.037628 0.065140 1 207 1.000000
  207 -0.358823 2.520731 50.866943 0.999775 0.001386 0.021171 0.029101 0.077814 1 207 1.000000
  207 -0.352061 2.541030 50.546329 0.999775 0.001372 0.021174 0.029101 0.065140 1 207 1.000000
UV2
  207 -0.352061 2.541030 50.546329 0.999775 0.001372 0.021174 0.029101 0.065140 1 207 1.000000
  207 -0.424758 2.446948 50.539837 0.407870 -0.911782 -0.047911 0.037628 0.065140 1 207 1.000000
  207 -0.345299 2.561338 50.225704 0.999775 0.001370 0.021173 0.029101 0.052467 1 207 1.000000
UV2
  207 -0.345299 2.561338 50.225704 0.999775 0.001370 0.021173 0.029101 0.052467 1 207 1.000000
  207 -0.424758 2.446948 50.539837 0.407870 -0.911782 -0.047911 0.037628 0.065140 1 207 1.000000
  207 -0.417996 2.467255 50.219212 0.411969 -0.909981 -0.047075 0.037628 0.052467 1 207 1.000000
UV2
  207 -0.424758 2.446948 50.539837 0.407870 -0.911782 -0.047911 0.037628 0.065140 1 207 1.000000
  207 -1.272418 2.535997 50.057949 -0.096751 -0.993532 -0.059443 0.086016 0.065242 2 207 0.965082 211 0.034918
  207 -0.417996 2.467255 50.219212 0.411969 -0.909981 -0.047075 0.037628 0.052467 1 207 1.000000
UV2
  207 -0.352061 2.541030 50.546329 0.999775 0.001372 0.021174 0.029101 0.065140 1 207 1.000000
  207 -0.431521 2.426647 50.860466 0.405059 -0.913007 -0.048421 0.037628 0.077814 1 207 1.000000
  207 -0.424758 2.446948 50.539837 0.407870 -0.911782 -0.047911 0.037628 0.065140 1 207 1.000000
UV2
  207 -0.358823 2.520731 50.866943 0.999775 0.001386 0.021171 0.029101 0.077814 1 207 1.000000
  207 -0.431521 2.426647 50.860466 0.405059 -0.913007 -0.048421 0.037628 0.077814 1 207 1.000000
  207 -0.352061 2.541030 50.546329 0.999775 0.001372 0.021174 0.029101 0.065140 1 207 1.000000
UV2
  207 -0.424758 2.446948 50.539837 0.407870 -0.911782 -0.047911 0.037628 0.065140 1 207 1.000000
  207 -1.453413 2.541179 50.293625 -0.098136 -0.993641 -0.055201 0.086016 0.077712 2 207 0.986363 211 0.013637
  207 -1.272418 2.535997 50.057949 -0.096751 -0.993532 -0.059443 0.086016 0.065242 2 207 0.965082 211 0.034918
UV2
  207 -0.431521 2.426647 50.860466 0.405059 -0.913007 -0.048421 0.037628 0.077814 1 207 1.000000
  207 -1.453413 2.541179 50.293625 -0.098136 -0.993641 -0.055201 0.086016 0.077712 2 207 0.986363 211 0.013637
  207 -0.424758 2.446948 50.539837 0.407870 -0.911782 -0.047911 0.037628 0.065140 1 207 1.000000
UV2
  207 -1.453413 2.541179 50.293625 -0.098136 -0.993641 -0.055201 0.086016 0.077712 2 207 0.986363 211 0.013637
  207 -2.579200 2.785282 48.568954 -0.161700 -0.955415 -0.247053 0.138433 0.077741 3 207 0.478923 211 0.432292 212 0.088785
  207 -1.272418 2.535997 50.057949 -0.096751 -0.993532 -0.059443 0.086016 0.065242 2 207 0.965082 211 0.034918
UV2
  207 -1.272418 2.535997 50.057949 -0.096751 -0.993532 -0.059443 0.086016 0.065242 2 207 0.965082 211 0.034918
  207 -2.579200 2.785282 48.568954 -0.161700 -0.955415 -0.247053 0.138433 0.077741 3 207 0.478923 211 0.432292 212 0.088785
  207 -2.239553 2.817832 48.297287 -0.134154 -0.938481 -0.318208 0.138433 0.065213 3 207 0.467151 211 0.440628 212 0.092221
UV2
  207 -0.431521 2.426647 50.860466 0.405059 -0.913007 -0.048421 0.037628 0.077814 1 207 1.000000
  207 -1.634409 2.546368 50.529297 -0.097851 -0.993647 -0.055601 0.086016 0.090183 1 207 1.000000
  207 -1.453413 2.541179 50.293625 -0.098136 -0.993641 -0.055201 0.086016 0.077712 2 207 0.986363 211 0.013637
UV2
  207 -2.579200 2.785282 48.568954 -0.161700 -0.955415 -0.247053 0.138433 0.077741 3 207 0.478923 211 0.432292 212 0.088785
  211 -4.243018 4.821838 45.415039 0.163887 -0.749297 -0.641635 0.197855 0.077961 3 211 0.527550 212 0.344449 207 0.128001
  207 -2.239553 2.817832 48.297287 -0.134154 -0.938481 -0.318208 0.138433 0.065213 3 207 0.467151 211 0.440628 212 0.092221
UV2
  207 -2.239553 2.817832 48.297287 -0.134154 -0.938481 -0.318208 0.138433 0.065213 3 207 0.467151 211 0.440628 212 0.092221
  211 -4.243018 4.821838 45.415039 0.163887 -0.749297 -0.641635 0.197855 0.077961 3 211 0.527550 212 0.344449 207 0.128001
  211 -3.742634 5.126843 45.193222 0.146717 -0.734931 -0.662080 0.197855 0.064992 3 211 0.520478 212 0.352803 207 0.126719
UV2
  212 -5.103165 7.105683 42.714130 0.187353 -0.716643 -0.671804 0.254019 0.064928 3 212 0.714455 213 0.258664 214 0.026881
  211 -3.742634 5.126843 45.193222 0.146717 -0.734931 -0.662080 0.197855 0.064992 3 211 0.520478 212 0.352803 207 0.126719
  211 -4.243018 4.821838 45.415039 0.163887 -0.749297 -0.641635 0.197855 0.077961 3 211 0.527550 212 0.344449 207 0.128001
UV2
  207 -1.453413 2.541179 50.293625 -0.098136 -0.993641 -0.055201 0.086016 0.077712 2 207 0.986363 211 0.013637
  207 -2.918838 2.801098 48.840591 -0.167225 -0.966543 -0.194500 0.138433 0.090269 3 207 0.487662 211 0.427781 212 0.084557
  207 -2.579200 2.785282 48.568954 -0.161700 -0.955415 -0.247053 0.138433 0.077741 3 207 0.478923 211 0.432292 212 0.088785
UV2
  207 -1.634409 2.546368 50.529297 -0.097851 -0.993647 -0.055601 0.086016 0.090183 1 207 1.000000
  207 -2.918838 2.801098 48.840591 -0.167225 -0.966543 -0.194500 0.138433 0.090269 3 207 0.487662 211 0.427781 212 0.084557
  207 -1.453413 2.541179 50.293625 -0.098136 -0.993641 -0.055201 0.086016 0.077712 2 207 0.986363 211 0.013637
UV2
  207 -2.579200 2.785282 48.568954 -0.161700 -0.955415 -0.247053 0.138433 0.077741 3 207 0.478923 211 0.432292 212 0.088785
  211 -4.743384 4.516849 45.636833 0.181763 -0.764721 -0.618194 0.197855 0.090930 3 211 0.540643 212 0.331663 207 0.127694
  211 -4.243018 4.821838 45.415039 0.163887 -0.749297 -0.641635 0.197855 0.077961 3 211 0.527550 212 0.344449 207 0.128001
UV2
  207 -2.918838 2.801098 48.840591 -0.167225 -0.966543 -0.194500 0.138433 0.090269 3 207 0.487662 211 0.427781 212 0.084557
  211 -4.743384 4.516849 45.636833 0.181763 -0.764721 -0.618194 0.197855 0.090930 3 211 0.540643 212 0.331663 207 0.127694
  207 -2.579200 2.785282 48.568954 -0.161700 -0.955415 -0.247053 0.138433 0.077741 3 207 0.478923 211 0.432292 212 0.088785
UV2
  211 -4.243018 4.821838 45.415039 0.163887 -0.749297 -0.641635 0.197855 0.077961 3 211 0.527550 212 0.344449 207 0.128001
  212 -5.747036 6.685219 42.984684 0.194004 -0.722163 -0.663960 0.254140 0.078026 3 212 0.736563 213 0.236363 214 0.027074
  212 -5.103165 7.105683 42.714130 0.187353 -0.716643 -0.671804 0.254019 0.064928 3 212 0.714455 213 0.258664 214 0.026881
UV2
  212 -5.747036 6.685219 42.984684 0.194004 -0.722163 -0.663960 0.254140 0.078026 3 212 0.736563 213 0.236363 214 0.027074
  211 -4.243018 4.821838 45.415039 0.163887 -0.749297 -0.641635 0.197855 0.077961 3 211 0.527550 212 0.344449 207 0.128001
  211 -4.743384 4.516849 45.636833 0.181763 -0.764721 -0.618194 0.197855 0.090930 3 211 0.540643 212 0.331663 207 0.127694
UV2
  213 -6.460181 9.737781 39.496284 0.293745 -0.723084 -0.625191 0.305031 0.064754 3 213 0.579113 212 0.251122 214 0.169765
  212 -5.103165 7.105683 42.714130 0.187353 -0.716643 -0.671804 0.254019 0.064928 3 212 0.714455 213 0.258664 214 0.026881
  212 -5.747036 6.685219 42.984684 0.194004 -0.722163 -0.663960 0.254140 0.078026 3 212 0.736563 213 0.236363 214 0.027074
UV2
  212 -5.747036 6.685219 42.984684 0.194004 -0.722163 -0.663960 0.254140 0.078026 3 212 0.736563 213 0.236363 214 0.027074
  213 -7.201599 9.279287 39.676723 0.298406 -0.727750 -0.617522 0.305167 0.077983 3 213 0.567528 212 0.261180 214 0.171292
  213 -6.460181 9.737781 39.496284 0.293745 -0.723084 -0.625191 0.305031 0.064754 3 213 0.579113 212 0.251122 214 0.169765
UV2
  211 -4.743384 4.516849 45.636833 0.181763 -0.764721 -0.618194 0.197855 0.090930 3 211 0.540643 212 0.331663 207 0.127694
  212 -6.391206 6.264686 43.255379 0.200423 -0.727420 -0.656270 0.254257 0.091124 3 212 0.719980 213 0.214973 211 0.065047
  212 -5.747036 6.685219 42.984684 0.194004 -0.722163 -0.663960 0.254140 0.078026 3 212 0.736563 213 0.236363 214 0.027074
UV2
  213 -7.201599 9.279287 39.676723 0.298406 -0.727750 -0.617522 0.305167 0.077983 3 213 0.567528 212 0.261180 214 0.171292
  212 -5.747036 6.685219 42.984684 0.194004 -0.722163 -0.663960 0.254140 0.078026 3 212 0.736563 213 0.236363 214 0.027074
  212 -6.391206 6.264686 43.255379 0.200423 -0.727420 -0.656270 0.254257 0.091124 3 212 0.719980 213 0.214973 211 0.065047
UV2
  207 -2.918838 2.801098 48.840591 -0.167225 -0.966543 -0.194500 0.138433 0.090269 3 207 0.487662 211 0.427781 212 0.084557
  211 -5.243758 4.211857 45.858627 0.202147 -0.779260 -0.593203 0.197855 0.103898 3 211 0.558852 212 0.312031 207 0.129118
  211 -4.743384 4.516849 45.636833 0.181763 -0.764721 -0.618194 0.197855 0.090930 3 211 0.540643 212 0.331663 207 0.127694
UV2
  212 -6.391206 6.264686 43.255379 0.200423 -0.727420 -0.656270 0.254257 0.091124 3 212 0.719980 213 0.214973 211 0.065047
  211 -4.743384 4.516849 45.636833 0.181763 -0.764721 -0.618194 0.197855 0.090930 3 211 0.540643 212 0.331663 207 0.127694
  211 -5.243758 4.211857 45.858627 0.202147 -0.779260 -0.593203 0.197855 0.103898 3 211 0.558852 212 0.312031 207 0.129118
UV2
  207 -3.258481 2.805852 49.112232 -0.123171 -0.977113 -0.173432 0.138433 0.102798 3 207 0.495414 211 0.425249 212 0.079337
  211 -5.243758 4.211857 45.858627 0.202147 -0.779260 -0.593203 0.197855 0.103898 3 211 0.558852 212 0.312031 207 0.129118
  207 -2.918838 2.801098 48.840591 -0.167225 -0.966543 -0.194500 0.138433 0.090269 3 207 0.487662 211 0.427781 212 0.084557
UV2
  207 -1.634409 2.546368 50.529297 -0.097851 -0.993647 -0.055601 0.086016 0.090183 1 207 1.000000
  207 -3.258481 2.805852 49.112232 -0.123171 -0.977113 -0.173432 0.138433 0.102798 3 207 0.495414 211 0.425249 212 0.079337
  207 -2.918838 2.801098 48.840591 -0.167225 -0.966543 -0.194500 0.138433 0.090269 3 207 0.487662 211 0.427781 212 0.084557
UV2
  211 -5.243758 4.211857 45.858627 0.202147 -0.779260 -0.593203 0.197855 0.103898 3 211 0.558852 212 0.312031 207 0.129118
  212 -7.035698 5.844053 43.526199 0.206579 -0.732431 -0.648745 0.254373 0.104223 3 212 0.688605 213 0.210579 211 0.100817
  212 -6.391206 6.264686 43.255379 0.200423 -0.727420 -0.656270 0.254257 0.091124 3 212 0.719980 213 0.214973 211 0.065047
UV2
  212 -6.391206 6.264686 43.255379 0.200423 -0.727420 -0.656270 0.254257 0.091124 3 212 0.719980 213 0.214973 211 0.065047
  213 -7.943386 8.820687 39.857277 0.302847 -0.732157 -0.610106 0.305300 0.091213 3 213 0.564826 212 0.262371 214 0.172803
  213 -7.201599 9.279287 39.676723 0.298406 -0.727750 -0.617522 0.305167 0.077983 3 213 0.567528 212 0.261180 214 0.171292
UV2
  213 -7.943386 8.820687 39.857277 0.302847 -0.732157 -0.610106 0.305300 0.091213 3 213 0.564826 212 0.262371 214 0.172803
  212 -6.391206 6.264686 43.255379 0.200423 -0.727420 -0.656270 0.254257 0.091124 3 212 0.719980 213 0.214973 211 0.065047
  212 -7.035698 5.844053 43.526199 0.206579 -0.732431 -0.648745 0.254373 0.104223 3 212 0.688605 213 0.210579 211 0.100817
UV2
  214 -8.644941 11.226025 36.274281 0.310796 -0.688292 -0.655485 0.359277 0.078143 3 214 0.592585 213 0.352646 212 0.054769
  213 -7.201599 9.279287 39.676723 0.298406 -0.727750 -0.617522 0.305167 0.077983 3 213 0.567528 212 0.261180 214 0.171292
  213 -7.943386 8.820687 39.857277 0.302847 -0.732157 -0.610106 0.305300 0.091213 3 213 0.564826 212 0.262371 214 0.172803
UV2
  213 -7.201599 9.279287 39.676723 0.298406 -0.727750 -0.617522 0.305167 0.077983 3 213 0.567528 212 0.261180 214 0.171292
  214 -8.644941 11.226025 36.274281 0.310796 -0.688292 -0.655485 0.359277 0.078143 3 214 0.592585 213 0.352646 212 0.054769
  214 -7.842136 11.683805 36.174015 0.308820 -0.683372 -0.661538 0.359277 0.064811 3 214 0.591247 213 0.356263 212 0.052490
UV2
  214 -8.507129 12.689186 35.083080 0.167653 -0.387175 -0.906635 0.382694 0.064624 3 214 0.887203 213 0.106486 212 0.006311
  214 -7.842136 11.683805 36.174015 0.308820 -0.683372 -0.661538 0.359277 0.064811 3 214 0.591247 213 0.356263 212 0.052490
  214 -8.644941 11.226025 36.274281 0.310796 -0.688292 -0.655485 0.359277 0.078143 3 214 0.592585 213 0.352646 212 0.054769
UV2
  212 -7.035698 5.844053 43.526199 0.206579 -0.732431 -0.648745 0.254373 0.104223 3 212 0.688605 213 0.210579 211 0.100817
  211 -5.243758 4.211857 45.858627 0.202147 -0.779260 -0.593203 0.197855 0.103898 3 211 0.558852 212 0.312031 207 0.129118
  211 -5.736084 3.911757 46.076862 -0.134858 -0.916295 -0.377115 0.197855 0.116658 3 211 0.576381 212 0.293606 207 0.130013
UV2
  207 -3.258481 2.805852 49.112232 -0.123171 -0.977113 -0.173432 0.138433 0.102798 3 207 0.495414 211 0.425249 212 0.079337
  211 -5.736084 3.911757 46.076862 -0.134858 -0.916295 -0.377115 0.197855 0.116658 3 211 0.576381 212 0.293606 207 0.130013
  211 -5.243758 4.211857 45.858627 0.202147 -0.779260 -0.593203 0.197855 0.103898 3 211 0.558852 212 0.312031 207 0.129118
UV2
  214 -8.644941 11.226025 36.274281 0.310796 -0.688292 -0.655485 0.359277 0.078143 3 214 0.592585 213 0.352646 212 0.054769
  214 -9.336939 12.216301 35.170403 0.082275 -0.431873 -0.898174 0.382694 0.078329 3 214 0.887856 213 0.105293 212 0.006851
  214 -8.507129 12.689186 35.083080 0.167653 -0.387175 -0.906635 0.382694 0.064624 3 214 0.887203 213 0.106486 212 0.006311
UV2
  207 -3.599055 2.806323 49.353584 -0.328561 -0.943898 0.033224 0.138433 0.115326 3 207 0.499989 211 0.426001 212 0.074011
  211 -5.736084 3.911757 46.076862 -0.134858 -0.916295 -0.377115 0.197855 0.116658 3 211 0.576381 212 0.293606 207 0.130013
  207 -3.258481 2.805852 49.112232 -0.123171 -0.977113 -0.173432 0.138433 0.102798 3 207 0.495414 211 0.425249 212 0.079337
UV2
  213 -7.943386 8.820687 39.857277 0.302847 -0.732157 -0.610106 0.305300 0.091213 3 213 0.564826 212 0.262371 214 0.172803
  214 -9.447735 10.768256 36.374538 0.311604 -0.690945 -0.652302 0.359277 0.091475 3 214 0.592399 213 0.350354 212 0.057247
  214 -8.644941 11.226025 36.274281 0.310796 -0.688292 -0.655485 0.359277 0.078143 3 214 0.592585 213 0.352646 212 0.054769
UV2
  214 -9.336939 12.216301 35.170403 0.082275 -0.431873 -0.898174 0.382694 0.078329 3 214 0.887856 213 0.105293 212 0.006851
  214 -8.644941 11.226025 36.274281 0.310796 -0.688292 -0.655485 0.359277 0.078143 3 214 0.592585 213 0.352646 212 0.054769
  214 -9.447735 10.768256 36.374538 0.311604 -0.690945 -0.652302 0.359277 0.091475 3 214 0.592399 213 0.350354 212 0.057247
UV2
  212 -7.035698 5.844053 43.526199 0.206579 -0.732431 -0.648745 0.254373 0.104223 3 212 0.688605 213 0.210579 211 0.100817
  213 -8.685555 8.361960 40.037926 0.307041 -0.736330 -0.602946 0.305430 0.104444 3 213 0.562326 212 0.263550 214 0.174125
  213 -7.943386 8.820687 39.857277 0.302847 -0.732157 -0.610106 0.305300 0.091213 3 213 0.564826 212 0.262371 214 0.172803
UV2
  214 -9.447735 10.768256 36.374538 0.311604 -0.690945 -0.652302 0.359277 0.091475 3 214 0.592399 213 0.350354 212 0.057247
  213 -7.943386 8.820687 39.857277 0.302847 -0.732157 -0.610106 0.305300 0.091213 3 213 0.564826 212 0.262371 214 0.172803
  213 -8.685555 8.361960 40.037926 0.307041 -0.736330 -0.602946 0.305430 0.104444 3 213 0.562326 212 0.263550 214 0.174125
UV2
  211 -5.736084 3.911757 46.076862 -0.134858 -0.916295 -0.377115 0.197855 0.116658 3 211 0.576381 212 0.293606 207 0.130013
  212 -7.674247 5.427539 43.794510 -0.259447 -0.875077 -0.408567 0.254482 0.117189 3 212 0.658723 213 0.206181 211 0.135096
  212 -7.035698 5.844053 43.526199 0.206579 -0.732431 -0.648745 0.254373 0.104223 3 212 0.688605 213 0.210579 211 0.100817
UV2
  213 -8.685555 8.361960 40.037926 0.307041 -0.736330 -0.602946 0.305430 0.104444 3 213 0.562326 212 0.263550 214 0.174125
  212 -7.035698 5.844053 43.526199 0.206579 -0.732431 -0.648745 0.254373 0.104223 3 212 0.688605 213 0.210579 211 0.100817
  212 -7.674247 5.427539 43.794510 -0.259447 -0.875077 -0.408567 0.254482 0.117189 3 212 0.658723 213 0.206181 211 0.135096
UV2
  212 -7.674247 5.427539 43.794510 -0.259447 -0.875077 -0.408567 0.254482 0.117189 3 212 0.658723 213 0.206181 211 0.135096
  211 -5.736084 3.911757 46.076862 -0.134858 -0.916295 -0.377115 0.197855 0.116658 3 211 0.576381 212 0.293606 207 0.130013
  211 -5.808545 3.937338 46.200813 -0.812106 -0.364437 0.455707 0.197855 0.118141 3 211 0.583835 212 0.286159 207 0.130007
UV2
  211 -5.808545 3.937338 46.200813 -0.812106 -0.364437 0.455707 0.197855 0.118141 3 211 0.583835 212 0.286159 207 0.130007
  211 -5.736084 3.911757 46.076862 -0.134858 -0.916295 -0.377115 0.197855 0.116658 3 211 0.576381 212 0.293606 207 0.130013
  207 -3.599055 2.806323 49.353584 -0.328561 -0.943898 0.033224 0.138433 0.115326 3 207 0.499989 211 0.426001 212 0.074011
UV2
  212 -7.674247 5.427539 43.794510 -0.259447 -0.875077 -0.408567 0.254482 0.117189 3 212 0.658723 213 0.206181 211 0.135096
  213 -9.424677 7.905346 40.217869 -0.109229 -0.867325 -0.485609 0.305750 0.117662 3 213 0.558416 212 0.268757 214 0.172828
  213 -8.685555 8.361960 40.037926 0.307041 -0.736330 -0.602946 0.305430 0.104444 3 213 0.562326 212 0.263550 214 0.174125
UV2
  212 -7.674247 5.427539 43.794510 -0.259447 -0.875077 -0.408567 0.254482 0.117189 3 212 0.658723 213 0.206181 211 0.135096
  211 -5.808545 3.937338 46.200813 -0.812106 -0.364437 0.455707 0.197855 0.118141 3 211 0.583835 212 0.286159 207 0.130007
  212 -7.784686 5.509004 43.837013 -0.881678 -0.265323 0.390190 0.254961 0.118601 3 212 0.674629 213 0.202617 211 0.122754
UV2
  213 -9.424677 7.905346 40.217869 -0.109229 -0.867325 -0.485609 0.305750 0.117662 3 213 0.558416 212 0.268757 214 0.172828
  212 -7.674247 5.427539 43.794510 -0.259447 -0.875077 -0.408567 0.254482 0.117189 3 212 0.658723 213 0.206181 211 0.135096
  212 -7.784686 5.509004 43.837013 -0.881678 -0.265323 0.390190 0.254961 0.118601 3 212 0.674629 213 0.202617 211 0.122754
UV2
  213 -8.685555 8.361960 40.037926 0.307041 -0.736330 -0.602946 0.305430 0.104444 3 213 0.562326 212 0.263550 214 0.174125
  214 -10.250532 10.310485 36.474823 0.314035 -0.692982 -0.648967 0.359277 0.104806 3 214 0.578644 213 0.361055 212 0.060301
  214 -9.447735 10.768256 36.374538 0.311604 -0.690945 -0.652302 0.359277 0.091475 3 214 0.592399 213 0.350354 212 0.057247
UV2
  214 -10.250532 10.310485 36.474823 0.314035 -0.692982 -0.648967 0.359277 0.104806 3 214 0.578644 213 0.361055 212 0.060301
  213 -8.685555 8.361960 40.037926 0.307041 -0.736330 -0.602946 0.305430 0.104444 3 213 0.562326 212 0.263550 214 0.174125
  213 -9.424677 7.905346 40.217869 -0.109229 -0.867325 -0.485609 0.305750 0.117662 3 213 0.558416 212 0.268757 214 0.172828
UV2
  214 -10.065563 11.510999 35.509724 0.099972 -0.473879 -0.874897 0.382694 0.092035 3 214 0.854149 213 0.138410 212 0.007441
  214 -9.447735 10.768256 36.374538 0.311604 -0.690945 -0.652302 0.359277 0.091475 3 214 0.592399 213 0.350354 212 0.057247
  214 -10.250532 10.310485 36.474823 0.314035 -0.692982 -0.648967 0.359277 0.104806 3 214 0.578644 213 0.361055 212 0.060301
UV2
  214 -9.447735 10.768256 36.374538 0.311604 -0.690945 -0.652302 0.359277 0.091475 3 214 0.592399 213 0.350354 212 0.057247
  214 -10.065563 11.510999 35.509724 0.099972 -0.473879 -0.874897 0.382694 0.092035 3 214 0.854149 213 0.138410 212 0.007441
  214 -9.336939 12.216301 35.170403 0.082275 -0.431873 -0.898174 0.382694 0.078329 3 214 0.887856 213 0.105293 212 0.006851
UV2
  213 -9.424677 7.905346 40.217869 -0.109229 -0.867325 -0.485609 0.305750 0.117662 3 213 0.558416 212 0.268757 214 0.172828
  214 -11.053343 9.852694 36.575092 -0.031654 -0.842732 -0.537402 0.359277 0.118138 3 214 0.574467 213 0.363950 212 0.061583
  214 -10.250532 10.310485 36.474823 0.314035 -0.692982 -0.648967 0.359277 0.104806 3 214 0.578644 213 0.361055 212 0.060301
UV2
  214 -10.250532 10.310485 36.474823 0.314035 -0.692982 -0.648967 0.359277 0.104806 3 214 0.578644 213 0.361055 212 0.060301
  214 -10.847748 10.975887 35.675266 0.135651 -0.443201 -0.886099 0.382694 0.105740 3 214 0.839343 213 0.153133 212 0.007524
  214 -10.065563 11.510999 35.509724 0.099972 -0.473879 -0.874897 0.382694 0.092035 3 214 0.854149 213 0.138410 212 0.007441
UV2
  214 -10.847748 10.975887 35.675266 0.135651 -0.443201 -0.886099 0.382694 0.105740 3 214 0.839343 213 0.153133 212 0.007524
  214 -10.250532 10.310485 36.474823 0.314035 -0.692982 -0.648967 0.359277 0.104806 3 214 0.578644 213 0.361055 212 0.060301
  214 -11.053343 9.852694 36.575092 -0.031654 -0.842732 -0.537402 0.359277 0.118138 3 214 0.574467 213 0.363950 212 0.061583
UV2
  214 -10.065563 11.510999 35.509724 0.099972 -0.473879 -0.874897 0.382694 0.092035 3 214 0.854149 213 0.138410 212 0.007441
  214 -10.237895 11.748063 35.465015 -0.277169 -0.042634 -0.959875 0.394513 0.092130 3 214 0.954640 213 0.045147 212 0.000213
  214 -9.336939 12.216301 35.170403 0.082275 -0.431873 -0.898174 0.382694 0.078329 3 214 0.887856 213 0.105293 212 0.006851
UV2
  214 -10.847748 10.975887 35.675266 0.135651 -0.443201 -0.886099 0.382694 0.105740 3 214 0.839343 213 0.153133 212 0.007524
  214 -11.023912 11.210768 35.630966 -0.171154 0.031832 -0.984730 0.394513 0.105898 3 214 0.934095 213 0.065691 212 0.000214
  214 -10.065563 11.510999 35.509724 0.099972 -0.473879 -0.874897 0.382694 0.092035 3 214 0.854149 213 0.138410 212 0.007441
UV2
  214 -10.065563 11.510999 35.509724 0.099972 -0.473879 -0.874897 0.382694 0.092035 3 214 0.854149 213 0.138410 212 0.007441
  214 -11.023912 11.210768 35.630966 -0.171154 0.031832 -0.984730 0.394513 0.105898 3 214 0.934095 213 0.065691 212 0.000214
  214 -10.237895 11.748063 35.465015 -0.277169 -0.042634 -0.959875 0.394513 0.092130 3 214 0.954640 213 0.045147 212 0.000213
UV2
  214 -11.053343 9.852694 36.575092 -0.031654 -0.842732 -0.537402 0.359277 0.118138 3 214 0.574467 213 0.363950 212 0.061583
  214 -11.677552 10.502988 35.762615 -0.180792 -0.633128 -0.752637 0.382694 0.119445 3 214 0.839752 213 0.152724 212 0.007524
  214 -10.847748 10.975887 35.675266 0.135651 -0.443201 -0.886099 0.382694 0.105740 3 214 0.839343 213 0.153133 212 0.007524
UV2
  214 -9.336939 12.216301 35.170403 0.082275 -0.431873 -0.898174 0.382694 0.078329 3 214 0.887856 213 0.105293 212 0.006851
  214 -10.237895 11.748063 35.465015 -0.277169 -0.042634 -0.959875 0.394513 0.092130 3 214 0.954640 213 0.045147 212 0.000213
  214 -9.505433 12.455551 35.125305 -0.259112 0.001950 -0.965845 0.394513 0.078361 3 214 0.979301 213 0.020507 212 0.000192
UV2
  214 -9.336939 12.216301 35.170403 0.082275 -0.431873 -0.898174 0.382694 0.078329 3 214 0.887856 213 0.105293 212 0.006851
  214 -9.505433 12.455551 35.125305 -0.259112 0.001950 -0.965845 0.394513 0.078361 3 214 0.979301 213 0.020507 212 0.000192
  214 -8.507129 12.689186 35.083080 0.167653 -0.387175 -0.906635 0.382694 0.064624 3 214 0.887203 213 0.106486 212 0.006311
UV2
  214 -8.507129 12.689186 35.083080 0.167653 -0.387175 -0.906635 0.382694 0.064624 3 214 0.887203 213 0.106486 212 0.006311
  214 -9.505433 12.455551 35.125305 -0.259112 0.001950 -0.965845 0.394513 0.078361 3 214 0.979301 213 0.020507 212 0.000192
  214 -8.671807 12.930605 35.037560 -0.076876 0.107759 -0.991200 0.394513 0.064592 3 214 0.974318 213 0.025509 212 0.000173
UV2
  214 -11.677552 10.502988 35.762615 -0.180792 -0.633128 -0.752637 0.382694 0.119445 3 214 0.839752 213 0.152724 212 0.007524
  214 -11.857546 10.735696 35.718712 -0.488392 -0.169458 -0.856012 0.394513 0.119667 3 214 0.932418 213 0.067368 212 0.000214
  214 -10.847748 10.975887 35.675266 0.135651 -0.443201 -0.886099 0.382694 0.105740 3 214 0.839343 213 0.153133 212 0.007524
UV2
  214 -10.847748 10.975887 35.675266 0.135651 -0.443201 -0.886099 0.382694 0.105740 3 214 0.839343 213 0.153133 212 0.007524
  214 -11.857546 10.735696 35.718712 -0.488392 -0.169458 -0.856012 0.394513 0.119667 3 214 0.932418 213 0.067368 212 0.000214
  214 -11.023912 11.210768 35.630966 -0.171154 0.031832 -0.984730 0.394513 0.105898 3 214 0.934095 213 0.065691 212 0.000214
UV2
  214 -9.505433 12.455551 35.125305 -0.259112 0.001950 -0.965845 0.394513 0.078361 3 214 0.979301 213 0.020507 212 0.000192
  214 -9.631393 12.691805 35.237999 -0.517962 0.442989 -0.731762 0.401313 0.078267 2 214 0.984624 213 0.015376
  214 -8.671807 12.930605 35.037560 -0.076876 0.107759 -0.991200 0.394513 0.064592 3 214 0.974318 213 0.025509 212 0.000173
UV2
  214 -8.671807 12.930605 35.037560 -0.076876 0.107759 -0.991200 0.394513 0.064592 3 214 0.974318 213 0.025509 212 0.000173
  214 -9.631393 12.691805 35.237999 -0.517962 0.442989 -0.731762 0.401313 0.078267 2 214 0.984624 213 0.015376
  214 -8.809201 13.160346 35.151470 -0.302213 0.573302 -0.761572 0.401313 0.064687 2 214 0.993386 213 0.006614
UV2
  214 -10.237895 11.748063 35.465015 -0.277169 -0.042634 -0.959875 0.394513 0.092130 3 214 0.954640 213 0.045147 212 0.000213
  214 -10.352403 11.990837 35.576515 -0.570326 0.397561 -0.718800 0.401313 0.091846 2 214 0.969803 213 0.030197
  214 -9.505433 12.455551 35.125305 -0.259112 0.001950 -0.965845 0.394513 0.078361 3 214 0.979301 213 0.020507 212 0.000192
UV2
  214 -9.505433 12.455551 35.125305 -0.259112 0.001950 -0.965845 0.394513 0.078361 3 214 0.979301 213 0.020507 212 0.000192
  214 -10.352403 11.990837 35.576515 -0.570326 0.397561 -0.718800 0.401313 0.091846 2 214 0.969803 213 0.030197
  214 -9.631393 12.691805 35.237999 -0.517962 0.442989 -0.731762 0.401313 0.078267 2 214 0.984624 213 0.015376
UV2
  214 -11.023912 11.210768 35.630966 -0.171154 0.031832 -0.984730 0.394513 0.105898 3 214 0.934095 213 0.065691 212 0.000214
  214 -11.126980 11.460060 35.741261 -0.433675 0.497208 -0.751472 0.401313 0.105426 2 214 0.956504 213 0.043496
  214 -10.237895 11.748063 35.465015 -0.277169 -0.042634 -0.959875 0.394513 0.092130 3 214 0.954640 213 0.045147 212 0.000213
UV2
  214 -10.237895 11.748063 35.465015 -0.277169 -0.042634 -0.959875 0.394513 0.092130 3 214 0.954640 213 0.045147 212 0.000213
  214 -11.126980 11.460060 35.741261 -0.433675 0.497208 -0.751472 0.401313 0.105426 2 214 0.956504 213 0.043496
  214 -10.352403 11.990837 35.576515 -0.570326 0.397561 -0.718800 0.401313 0.091846 2 214 0.969803 213 0.030197
UV2
  214 -9.631393 12.691805 35.237999 -0.517962 0.442989 -0.731762 0.401313 0.078267 2 214 0.984624 213 0.015376
  214 -9.684875 12.827868 35.469467 -0.619705 0.755019 -0.214271 0.394513 0.078361 3 214 0.964504 213 0.035291 212 0.000205
  214 -8.809201 13.160346 35.151470 -0.302213 0.573302 -0.761572 0.401313 0.064687 2 214 0.993386 213 0.006614
UV2
  214 -8.809201 13.160346 35.151470 -0.302213 0.573302 -0.761572 0.401313 0.064687 2 214 0.993386 213 0.006614
  214 -9.684875 12.827868 35.469467 -0.619705 0.755019 -0.214271 0.394513 0.078361 3 214 0.964504 213 0.035291 212 0.000205
  214 -8.851253 13.302930 35.381729 -0.428973 0.871238 -0.238592 0.394513 0.064592 3 214 0.977133 213 0.022681 212 0.000186
UV2
  214 -9.684875 12.827868 35.469467 -0.619705 0.755019 -0.214271 0.394513 0.078361 3 214 0.964504 213 0.035291 212 0.000205
  214 -9.629745 12.823812 35.731998 -0.521395 0.799661 0.297808 0.382694 0.078329 3 214 0.875138 213 0.118138 212 0.006724
  214 -8.851253 13.302930 35.381729 -0.428973 0.871238 -0.238592 0.394513 0.064592 3 214 0.977133 213 0.022681 212 0.000186
UV2
  214 -10.352403 11.990837 35.576515 -0.570326 0.397561 -0.718800 0.401313 0.091846 2 214 0.969803 213 0.030197
  214 -10.417340 12.120378 35.809181 -0.654642 0.734148 -0.180194 0.394513 0.092130 3 214 0.940204 213 0.059591 212 0.000205
  214 -9.631393 12.691805 35.237999 -0.517962 0.442989 -0.731762 0.401313 0.078267 2 214 0.984624 213 0.015376
UV2
  214 -9.631393 12.691805 35.237999 -0.517962 0.442989 -0.731762 0.401313 0.078267 2 214 0.984624 213 0.015376
  214 -10.417340 12.120378 35.809181 -0.654642 0.734148 -0.180194 0.394513 0.092130 3 214 0.940204 213 0.059591 212 0.000205
  214 -9.684875 12.827868 35.469467 -0.619705 0.755019 -0.214271 0.394513 0.078361 3 214 0.964504 213 0.035291 212 0.000205
UV2
  214 -9.684875 12.827868 35.469467 -0.619705 0.755019 -0.214271 0.394513 0.078361 3 214 0.964504 213 0.035291 212 0.000205
  214 -10.358364 12.118514 36.071301 -0.524867 0.779603 0.341663 0.382694 0.092035 3 214 0.845514 213 0.147213 212 0.007273
  214 -9.629745 12.823812 35.731998 -0.521395 0.799661 0.297808 0.382694 0.078329 3 214 0.875138 213 0.118138 212 0.006724
UV2
  214 -10.417340 12.120378 35.809181 -0.654642 0.734148 -0.180194 0.394513 0.092130 3 214 0.940204 213 0.059591 212 0.000205
  214 -10.358364 12.118514 36.071301 -0.524867 0.779603 0.341663 0.382694 0.092035 3 214 0.845514 213 0.147213 212 0.007273
  214 -9.684875 12.827868 35.469467 -0.619705 0.755019 -0.214271 0.394513 0.078361 3 214 0.964504 213 0.035291 212 0.000205
UV2
  214 -10.352403 11.990837 35.576515 -0.570326 0.397561 -0.718800 0.401313 0.091846 2 214 0.969803 213 0.030197
  214 -11.203359 11.583085 35.975132 -0.539423 0.816100 -0.207371 0.394513 0.105898 3 214 0.927086 213 0.072709 212 0.000205
  214 -10.417340 12.120378 35.809181 -0.654642 0.734148 -0.180194 0.394513 0.092130 3 214 0.940204 213 0.059591 212 0.000205
UV2
  214 -11.126980 11.460060 35.741261 -0.433675 0.497208 -0.751472 0.401313 0.105426 2 214 0.956504 213 0.043496
  214 -11.203359 11.583085 35.975132 -0.539423 0.816100 -0.207371 0.394513 0.105898 3 214 0.927086 213 0.072709 212 0.000205
  214 -10.352403 11.990837 35.576515 -0.570326 0.397561 -0.718800 0.401313 0.091846 2 214 0.969803 213 0.030197
UV2
  214 -10.417340 12.120378 35.809181 -0.654642 0.734148 -0.180194 0.394513 0.092130 3 214 0.940204 213 0.059591 212 0.000205
  214 -11.140553 11.583399 36.236851 -0.462920 0.823714 0.327414 0.382694 0.105740 3 214 0.828131 213 0.164585 212 0.007284
  214 -10.358364 12.118514 36.071301 -0.524867 0.779603 0.341663 0.382694 0.092035 3 214 0.845514 213 0.147213 212 0.007273
UV2
  214 -11.203359 11.583085 35.975132 -0.539423 0.816100 -0.207371 0.394513 0.105898 3 214 0.927086 213 0.072709 212 0.000205
  214 -11.140553 11.583399 36.236851 -0.462920 0.823714 0.327414 0.382694 0.105740 3 214 0.828131 213 0.164585 212 0.007284
  214 -10.417340 12.120378 35.809181 -0.654642 0.734148 -0.180194 0.394513 0.092130 3 214 0.940204 213 0.059591 212 0.000205
UV2
  214 -10.358364 12.118514 36.071301 -0.524867 0.779603 0.341663 0.382694 0.092035 3 214 0.845514 213 0.147213 212 0.007273
  214 -9.866812 11.681741 37.145668 -0.456335 0.716452 0.527688 0.359277 0.091475 3 214 0.578399 213 0.363908 212 0.057693
  214 -9.629745 12.823812 35.731998 -0.521395 0.799661 0.297808 0.382694 0.078329 3 214 0.875138 213 0.118138 212 0.006724
UV2
  214 -9.629745 12.823812 35.731998 -0.521395 0.799661 0.297808 0.382694 0.078329 3 214 0.875138 213 0.118138 212 0.006724
  214 -9.866812 11.681741 37.145668 -0.456335 0.716452 0.527688 0.359277 0.091475 3 214 0.578399 213 0.363908 212 0.057693
  214 -9.181975 12.238110 37.080204 -0.445718 0.729558 0.518730 0.359277 0.078143 3 214 0.579608 213 0.366413 212 0.053979
UV2
  214 -11.140553 11.583399 36.236851 -0.462920 0.823714 0.327414 0.382694 0.105740 3 214 0.828131 213 0.164585 212 0.007284
  214 -10.652006 11.177069 37.229351 -0.394579 0.755641 0.522794 0.359277 0.104806 3 214 0.565068 213 0.374601 212 0.060331
  214 -10.358364 12.118514 36.071301 -0.524867 0.779603 0.341663 0.382694 0.092035 3 214 0.845514 213 0.147213 212 0.007273
UV2
  214 -10.358364 12.118514 36.071301 -0.524867 0.779603 0.341663 0.382694 0.092035 3 214 0.845514 213 0.147213 212 0.007273
  214 -10.652006 11.177069 37.229351 -0.394579 0.755641 0.522794 0.359277 0.104806 3 214 0.565068 213 0.374601 212 0.060331
  214 -9.866812 11.681741 37.145668 -0.456335 0.716452 0.527688 0.359277 0.091475 3 214 0.578399 213 0.363908 212 0.057693
UV2
  214 -11.203359 11.583085 35.975132 -0.539423 0.816100 -0.207371 0.394513 0.105898 3 214 0.927086 213 0.072709 212 0.000205
  214 -11.970355 11.110514 36.324196 -0.771335 0.507831 0.383602 0.382694 0.119445 3 214 0.824181 213 0.168535 212 0.007284
  214 -11.140553 11.583399 36.236851 -0.462920 0.823714 0.327414 0.382694 0.105740 3 214 0.828131 213 0.164585 212 0.007284
UV2
  214 -9.181975 12.238110 37.080204 -0.445718 0.729558 0.518730 0.359277 0.078143 3 214 0.579608 213 0.366413 212 0.053979
  214 -9.866812 11.681741 37.145668 -0.456335 0.716452 0.527688 0.359277 0.091475 3 214 0.578399 213 0.363908 212 0.057693
  213 -8.293514 9.908622 40.577141 -0.405783 0.693477 0.595340 0.308539 0.091530 3 213 0.567094 212 0.264877 214 0.168029
UV2
  213 -8.293514 9.908622 40.577141 -0.405783 0.693477 0.595340 0.308539 0.091530 3 213 0.567094 212 0.264877 214 0.168029
  213 -7.682549 10.533187 40.422817 -0.394776 0.690614 0.605974 0.308441 0.078288 3 213 0.586743 212 0.246046 214 0.167211
  214 -9.181975 12.238110 37.080204 -0.445718 0.729558 0.518730 0.359277 0.078143 3 214 0.579608 213 0.366413 212 0.053979
UV2
  214 -9.866812 11.681741 37.145668 -0.456335 0.716452 0.527688 0.359277 0.091475 3 214 0.578399 213 0.363908 212 0.057693
  214 -10.652006 11.177069 37.229351 -0.394579 0.755641 0.522794 0.359277 0.104806 3 214 0.565068 213 0.374601 212 0.060331
  213 -9.040328 9.448365 40.759125 -0.323544 0.750968 0.575644 0.308634 0.104773 3 213 0.558348 212 0.273751 214 0.167901
UV2
  213 -9.040328 9.448365 40.759125 -0.323544 0.750968 0.575644 0.308634 0.104773 3 213 0.558348 212 0.273751 214 0.167901
  213 -8.293514 9.908622 40.577141 -0.405783 0.693477 0.595340 0.308539 0.091530 3 213 0.567094 212 0.264877 214 0.168029
  214 -9.866812 11.681741 37.145668 -0.456335 0.716452 0.527688 0.359277 0.091475 3 214 0.578399 213 0.363908 212 0.057693
UV2
  214 -11.140553 11.583399 36.236851 -0.462920 0.823714 0.327414 0.382694 0.105740 3 214 0.828131 213 0.164585 212 0.007284
  214 -11.454815 10.719278 37.329624 -0.689769 0.481225 0.540963 0.359277 0.118138 3 214 0.561460 213 0.378137 212 0.060403
  214 -10.652006 11.177069 37.229351 -0.394579 0.755641 0.522794 0.359277 0.104806 3 214 0.565068 213 0.374601 212 0.060331
UV2
  214 -11.970355 11.110514 36.324196 -0.771335 0.507831 0.383602 0.382694 0.119445 3 214 0.824181 213 0.168535 212 0.007284
  214 -11.454815 10.719278 37.329624 -0.689769 0.481225 0.540963 0.359277 0.118138 3 214 0.561460 213 0.378137 212 0.060403
  214 -11.140553 11.583399 36.236851 -0.462920 0.823714 0.327414 0.382694 0.105740 3 214 0.828131 213 0.164585 212 0.007284
UV2
  213 -9.784375 8.989999 40.940441 -0.658749 0.478218 0.580825 0.309049 0.117709 3 213 0.557125 212 0.276009 214 0.166866
  213 -9.040328 9.448365 40.759125 -0.323544 0.750968 0.575644 0.308634 0.104773 3 213 0.558348 212 0.273751 214 0.167901
  214 -10.652006 11.177069 37.229351 -0.394579 0.755641 0.522794 0.359277 0.104806 3 214 0.565068 213 0.374601 212 0.060331
UV2
  214 -10.652006 11.177069 37.229351 -0.394579 0.755641 0.522794 0.359277 0.104806 3 214 0.565068 213 0.374601 212 0.060331
  214 -11.454815 10.719278 37.329624 -0.689769 0.481225 0.540963 0.359277 0.118138 3 214 0.561460 213 0.378137 212 0.060403
  213 -9.784375 8.989999 40.940441 -0.658749 0.478218 0.580825 0.309049 0.117709 3 213 0.557125 212 0.276009 214 0.166866
UV2
  214 -12.036989 11.108007 36.062881 -0.839569 0.527301 -0.130678 0.394513 0.119667 3 214 0.923145 213 0.076638 212 0.000217
  214 -11.970355 11.110514 36.324196 -0.771335 0.507831 0.383602 0.382694 0.119445 3 214 0.824181 213 0.168535 212 0.007284
  214 -11.203359 11.583085 35.975132 -0.539423 0.816100 -0.207371 0.394513 0.105898 3 214 0.927086 213 0.072709 212 0.000205
UV2
  214 -11.126980 11.460060 35.741261 -0.433675 0.497208 -0.751472 0.401313 0.105426 2 214 0.956504 213 0.043496
  214 -12.036989 11.108007 36.062881 -0.839569 0.527301 -0.130678 0.394513 0.119667 3 214 0.923145 213 0.076638 212 0.000217
  214 -11.203359 11.583085 35.975132 -0.539423 0.816100 -0.207371 0.394513 0.105898 3 214 0.927086 213 0.072709 212 0.000205
UV2
  214 -11.454815 10.719278 37.329624 -0.689769 0.481225 0.540963 0.359277 0.118138 3 214 0.561460 213 0.378137 212 0.060403
  214 -11.970355 11.110514 36.324196 -0.771335 0.507831 0.383602 0.382694 0.119445 3 214 0.824181 213 0.168535 212 0.007284
  214 -12.003767 10.991183 36.244366 -0.700895 -0.709770 0.070512 0.383582 0.120591 3 214 0.825276 213 0.167106 212 0.007618
UV2
  214 -12.003767 10.991183 36.244366 -0.700895 -0.709770 0.070512 0.383582 0.120591 3 214 0.825276 213 0.167106 212 0.007618
  214 -11.970355 11.110514 36.324196 -0.771335 0.507831 0.383602 0.382694 0.119445 3 214 0.824181 213 0.168535 212 0.007284
  214 -12.036989 11.108007 36.062881 -0.839569 0.527301 -0.130678 0.394513 0.119667 3 214 0.923145 213 0.076638 212 0.000217
UV2
  214 -11.949181 10.991510 35.827789 -0.628380 0.352904 -0.693251 0.401313 0.119006 2 214 0.952569 213 0.047431
  214 -12.036989 11.108007 36.062881 -0.839569 0.527301 -0.130678 0.394513 0.119667 3 214 0.923145 213 0.076638 212 0.000217
  214 -11.126980 11.460060 35.741261 -0.433675 0.497208 -0.751472 0.401313 0.105426 2 214 0.956504 213 0.043496
UV2
  214 -11.023912 11.210768 35.630966 -0.171154 0.031832 -0.984730 0.394513 0.105898 3 214 0.934095 213 0.065691 212 0.000214
  214 -11.949181 10.991510 35.827789 -0.628380 0.352904 -0.693251 0.401313 0.119006 2 214 0.952569 213 0.047431
  214 -11.126980 11.460060 35.741261 -0.433675 0.497208 -0.751472 0.401313 0.105426 2 214 0.956504 213 0.043496
UV2
  214 -11.857546 10.735696 35.718712 -0.488392 -0.169458 -0.856012 0.394513 0.119667 3 214 0.932418 213 0.067368 212 0.000214
  214 -11.949181 10.991510 35.827789 -0.628380 0.352904 -0.693251 0.401313 0.119006 2 214 0.952569 213 0.047431
  214 -11.023912 11.210768 35.630966 -0.171154 0.031832 -0.984730 0.394513 0.105898 3 214 0.934095 213 0.065691 212 0.000214
UV2
  214 -12.036989 11.108007 36.062881 -0.839569 0.527301 -0.130678 0.394513 0.119667 3 214 0.923145 213 0.076638 212 0.000217
  214 -11.949181 10.991510 35.827789 -0.628380 0.352904 -0.693251 0.401313 0.119006 2 214 0.952569 213 0.047431
  214 -11.990417 10.908360 35.885410 -0.813545 -0.560159 0.156096 0.395580 0.120271 3 214 0.929442 213 0.070341 212 0.000217
UV2
  214 -11.990417 10.908360 35.885410 -0.813545 -0.560159 0.156096 0.395580 0.120271 3 214 0.929442 213 0.070341 212 0.000217
  214 -11.949181 10.991510 35.827789 -0.628380 0.352904 -0.693251 0.401313 0.119006 2 214 0.952569 213 0.047431
  214 -11.857546 10.735696 35.718712 -0.488392 -0.169458 -0.856012 0.394513 0.119667 3 214 0.932418 213 0.067368 212 0.000214
UV2
  214 -12.003767 10.991183 36.244366 -0.700895 -0.709770 0.070512 0.383582 0.120591 3 214 0.825276 213 0.167106 212 0.007618
  214 -12.036989 11.108007 36.062881 -0.839569 0.527301 -0.130678 0.394513 0.119667 3 214 0.923145 213 0.076638 212 0.000217
  214 -12.043581 11.003847 36.056992 -0.764917 -0.642379 0.047458 0.390722 0.120543 3 214 0.916127 213 0.083656 212 0.000217
UV2
  214 -12.043581 11.003847 36.056992 -0.764917 -0.642379 0.047458 0.390722 0.120543 3 214 0.916127 213 0.083656 212 0.000217
  214 -12.036989 11.108007 36.062881 -0.839569 0.527301 -0.130678 0.394513 0.119667 3 214 0.923145 213 0.076638 212 0.000217
  214 -11.990417 10.908360 35.885410 -0.813545 -0.560159 0.156096 0.395580 0.120271 3 214 0.929442 213 0.070341 212 0.000217
UV2
  214 -11.496960 10.601543 37.271683 -0.729800 -0.683388 0.019313 0.359461 0.119402 3 214 0.559959 213 0.377890 212 0.062151
  214 -11.454815 10.719278 37.329624 -0.689769 0.481225 0.540963 0.359277 0.118138 3 214 0.561460 213 0.378137 212 0.060403
  214 -12.003767 10.991183 36.244366 -0.700895 -0.709770 0.070512 0.383582 0.120591 3 214 0.825276 213 0.167106 212 0.007618
UV2
  213 -9.784375 8.989999 40.940441 -0.658749 0.478218 0.580825 0.309049 0.117709 3 213 0.557125 212 0.276009 214 0.166866
  214 -11.454815 10.719278 37.329624 -0.689769 0.481225 0.540963 0.359277 0.118138 3 214 0.561460 213 0.378137 212 0.060403
  214 -11.496960 10.601543 37.271683 -0.729800 -0.683388 0.019313 0.359461 0.119402 3 214 0.559959 213 0.377890 212 0.062151
UV2
  214 -12.043581 11.003847 36.056992 -0.764917 -0.642379 0.047458 0.390722 0.120543 3 214 0.916127 213 0.083656 212 0.000217
  214 -11.012678 11.301733 35.928848 -0.441830 -0.706367 0.553021 0.385832 0.105726 3 214 0.831918 213 0.160464 212 0.007618
  214 -12.003767 10.991183 36.244366 -0.700895 -0.709770 0.070512 0.383582 0.120591 3 214 0.825276 213 0.167106 212 0.007618
UV2
  214 -11.990417 10.908360 35.885410 -0.813545 -0.560159 0.156096 0.395580 0.120271 3 214 0.929442 213 0.070341 212 0.000217
  214 -11.012678 11.301733 35.928848 -0.441830 -0.706367 0.553021 0.385832 0.105726 3 214 0.831918 213 0.160464 212 0.007618
  214 -12.043581 11.003847 36.056992 -0.764917 -0.642379 0.047458 0.390722 0.120543 3 214 0.916127 213 0.083656 212 0.000217
UV2
  214 -12.003767 10.991183 36.244366 -0.700895 -0.709770 0.070512 0.383582 0.120591 3 214 0.825276 213 0.167106 212 0.007618
  214 -11.012678 11.301733 35.928848 -0.441830 -0.706367 0.553021 0.385832 0.105726 3 214 0.831918 213 0.160464 212 0.007618
  214 -11.496960 10.601543 37.271683 -0.729800 -0.683388 0.019313 0.359461 0.119402 3 214 0.559959 213 0.377890 212 0.062151
UV2
  214 -11.990417 10.908360 35.885410 -0.813545 -0.560159 0.156096 0.395580 0.120271 3 214 0.929442 213 0.070341 212 0.000217
  214 -11.857546 10.735696 35.718712 -0.488392 -0.169458 -0.856012 0.394513 0.119667 3 214 0.932418 213 0.067368 212 0.000214
  214 -11.910442 10.727596 35.801643 -0.848725 -0.440499 0.292620 0.390722 0.120543 3 214 0.923113 213 0.076670 212 0.000217
UV2
  214 -11.910442 10.727596 35.801643 -0.848725 -0.440499 0.292620 0.390722 0.120543 3 214 0.923113 213 0.076670 212 0.000217
  214 -11.012678 11.301733 35.928848 -0.441830 -0.706367 0.553021 0.385832 0.105726 3 214 0.831918 213 0.160464 212 0.007618
  214 -11.990417 10.908360 35.885410 -0.813545 -0.560159 0.156096 0.395580 0.120271 3 214 0.929442 213 0.070341 212 0.000217
UV2
  214 -11.910442 10.727596 35.801643 -0.848725 -0.440499 0.292620 0.390722 0.120543 3 214 0.923113 213 0.076670 212 0.000217
  214 -11.857546 10.735696 35.718712 -0.488392 -0.169458 -0.856012 0.394513 0.119667 3 214 0.932418 213 0.067368 212 0.000214
  214 -11.788199 10.539559 35.830276 -0.854670 -0.470621 0.219213 0.383439 0.120623 3 214 0.838241 213 0.154236 212 0.007523
UV2
  214 -11.788199 10.539559 35.830276 -0.854670 -0.470621 0.219213 0.383439 0.120623 3 214 0.838241 213 0.154236 212 0.007523
  214 -11.012678 11.301733 35.928848 -0.441830 -0.706367 0.553021 0.385832 0.105726 3 214 0.831918 213 0.160464 212 0.007618
  214 -11.910442 10.727596 35.801643 -0.848725 -0.440499 0.292620 0.390722 0.120543 3 214 0.923113 213 0.076670 212 0.000217
UV2
  214 -11.857546 10.735696 35.718712 -0.488392 -0.169458 -0.856012 0.394513 0.119667 3 214 0.932418 213 0.067368 212 0.000214
  214 -11.677552 10.502988 35.762615 -0.180792 -0.633128 -0.752637 0.382694 0.119445 3 214 0.839752 213 0.152724 212 0.007524
  214 -11.788199 10.539559 35.830276 -0.854670 -0.470621 0.219213 0.383439 0.120623 3 214 0.838241 213 0.154236 212 0.007523
UV2
  214 -11.788199 10.539559 35.830276 -0.854670 -0.470621 0.219213 0.383439 0.120623 3 214 0.838241 213 0.154236 212 0.007523
  214 -11.677552 10.502988 35.762615 -0.180792 -0.633128 -0.752637 0.382694 0.119445 3 214 0.839752 213 0.152724 212 0.007524
  214 -11.053343 9.852694 36.575092 -0.031654 -0.842732 -0.537402 0.359277 0.118138 3 214 0.574467 213 0.363950 212 0.061583
UV2
  214 -11.162661 9.879366 36.643280 -0.887829 -0.387963 0.247476 0.359445 0.119406 3 214 0.569608 213 0.369227 212 0.061165
  214 -11.012678 11.301733 35.928848 -0.441830 -0.706367 0.553021 0.385832 0.105726 3 214 0.831918 213 0.160464 212 0.007618
  214 -11.788199 10.539559 35.830276 -0.854670 -0.470621 0.219213 0.383439 0.120623 3 214 0.838241 213 0.154236 212 0.007523
UV2
  214 -11.788199 10.539559 35.830276 -0.854670 -0.470621 0.219213 0.383439 0.120623 3 214 0.838241 213 0.154236 212 0.007523
  214 -11.053343 9.852694 36.575092 -0.031654 -0.842732 -0.537402 0.359277 0.118138 3 214 0.574467 213 0.363950 212 0.061583
  214 -11.162661 9.879366 36.643280 -0.887829 -0.387963 0.247476 0.359445 0.119406 3 214 0.569608 213 0.369227 212 0.061165
UV2
  214 -11.162661 9.879366 36.643280 -0.887829 -0.387963 0.247476 0.359445 0.119406 3 214 0.569608 213 0.369227 212 0.061165
  214 -10.292341 10.845001 36.822128 -0.817091 -0.532445 0.221054 0.360336 0.102065 3 214 0.569698 213 0.375707 212 0.054595
  214 -11.012678 11.301733 35.928848 -0.441830 -0.706367 0.553021 0.385832 0.105726 3 214 0.831918 213 0.160464 212 0.007618
UV2
  214 -11.012678 11.301733 35.928848 -0.441830 -0.706367 0.553021 0.385832 0.105726 3 214 0.831918 213 0.160464 212 0.007618
  214 -10.292341 10.845001 36.822128 -0.817091 -0.532445 0.221054 0.360336 0.102065 3 214 0.569698 213 0.375707 212 0.054595
  214 -11.496960 10.601543 37.271683 -0.729800 -0.683388 0.019313 0.359461 0.119402 3 214 0.559959 213 0.377890 212 0.062151
UV2
  213 -9.543402 7.962223 40.264469 -0.923341 -0.266687 0.276260 0.306172 0.119003 3 213 0.551584 212 0.278507 214 0.169909
  214 -11.162661 9.879366 36.643280 -0.887829 -0.387963 0.247476 0.359445 0.119406 3 214 0.569608 213 0.369227 212 0.061165
  214 -11.053343 9.852694 36.575092 -0.031654 -0.842732 -0.537402 0.359277 0.118138 3 214 0.574467 213 0.363950 212 0.061583
UV2
  213 -9.543402 7.962223 40.264469 -0.923341 -0.266687 0.276260 0.306172 0.119003 3 213 0.551584 212 0.278507 214 0.169909
  214 -11.053343 9.852694 36.575092 -0.031654 -0.842732 -0.537402 0.359277 0.118138 3 214 0.574467 213 0.363950 212 0.061583
  213 -9.424677 7.905346 40.217869 -0.109229 -0.867325 -0.485609 0.305750 0.117662 3 213 0.558416 212 0.268757 214 0.172828
UV2
  212 -7.784686 5.509004 43.837013 -0.881678 -0.265323 0.390190 0.254961 0.118601 3 212 0.674629 213 0.202617 211 0.122754
  213 -9.543402 7.962223 40.264469 -0.923341 -0.266687 0.276260 0.306172 0.119003 3 213 0.551584 212 0.278507 214 0.169909
  213 -9.424677 7.905346 40.217869 -0.109229 -0.867325 -0.485609 0.305750 0.117662 3 213 0.558416 212 0.268757 214 0.172828
UV2
  213 -8.717322 9.066224 40.315060 -0.845552 -0.514944 0.140976 0.308166 0.116457 3 213 0.567360 212 0.263771 214 0.168869
  214 -10.292341 10.845001 36.822128 -0.817091 -0.532445 0.221054 0.360336 0.102065 3 214 0.569698 213 0.375707 212 0.054595
  214 -11.162661 9.879366 36.643280 -0.887829 -0.387963 0.247476 0.359445 0.119406 3 214 0.569608 213 0.369227 212 0.061165
UV2
  213 -8.717322 9.066224 40.315060 -0.845552 -0.514944 0.140976 0.308166 0.116457 3 213 0.567360 212 0.263771 214 0.168869
  214 -11.162661 9.879366 36.643280 -0.887829 -0.387963 0.247476 0.359445 0.119406 3 214 0.569608 213 0.369227 212 0.061165
  213 -9.543402 7.962223 40.264469 -0.923341 -0.266687 0.276260 0.306172 0.119003 3 213 0.551584 212 0.278507 214 0.169909
UV2
  213 -8.717322 9.066224 40.315060 -0.845552 -0.514944 0.140976 0.308166 0.116457 3 213 0.567360 212 0.263771 214 0.168869
  214 -11.496960 10.601543 37.271683 -0.729800 -0.683388 0.019313 0.359461 0.119402 3 214 0.559959 213 0.377890 212 0.062151
  214 -10.292341 10.845001 36.822128 -0.817091 -0.532445 0.221054 0.360336 0.102065 3 214 0.569698 213 0.375707 212 0.054595
UV2
  213 -9.543402 7.962223 40.264469 -0.923341 -0.266687 0.276260 0.306172 0.119003 3 213 0.551584 212 0.278507 214 0.169909
  212 -7.784686 5.509004 43.837013 -0.881678 -0.265323 0.390190 0.254961 0.118601 3 212 0.674629 213 0.202617 211 0.122754
  212 -6.972971 6.712538 43.854790 -0.873729 -0.455274 0.171238 0.256697 0.100452 3 212 0.727457 213 0.215045 211 0.057498
UV2
  212 -6.972971 6.712538 43.854790 -0.873729 -0.455274 0.171238 0.256697 0.100452 3 212 0.727457 213 0.215045 211 0.057498
  213 -8.717322 9.066224 40.315060 -0.845552 -0.514944 0.140976 0.308166 0.116457 3 213 0.567360 212 0.263771 214 0.168869
  213 -9.543402 7.962223 40.264469 -0.923341 -0.266687 0.276260 0.306172 0.119003 3 213 0.551584 212 0.278507 214 0.169909
UV2
  213 -9.810535 8.830667 40.927353 -0.774628 -0.631154 0.039960 0.308704 0.119037 3 213 0.554129 212 0.279939 214 0.165933
  214 -11.496960 10.601543 37.271683 -0.729800 -0.683388 0.019313 0.359461 0.119402 3 214 0.559959 213 0.377890 212 0.062151
  213 -8.717322 9.066224 40.315060 -0.845552 -0.514944 0.140976 0.308166 0.116457 3 213 0.567360 212 0.263771 214 0.168869
UV2
  213 -9.784375 8.989999 40.940441 -0.658749 0.478218 0.580825 0.309049 0.117709 3 213 0.557125 212 0.276009 214 0.166866
  214 -11.496960 10.601543 37.271683 -0.729800 -0.683388 0.019313 0.359461 0.119402 3 214 0.559959 213 0.377890 212 0.062151
  213 -9.810535 8.830667 40.927353 -0.774628 -0.631154 0.039960 0.308704 0.119037 3 213 0.554129 212 0.279939 214 0.165933
UV2
  213 -8.717322 9.066224 40.315060 -0.845552 -0.514944 0.140976 0.308166 0.116457 3 213 0.567360 212 0.263771 214 0.168869
  212 -6.972971 6.712538 43.854790 -0.873729 -0.455274 0.171238 0.256697 0.100452 3 212 0.727457 213 0.215045 211 0.057498
  212 -7.926307 6.640584 44.547134 -0.831706 -0.526005 0.177720 0.258041 0.118645 3 212 0.697350 213 0.211832 211 0.090819
UV2
  212 -7.926307 6.640584 44.547134 -0.831706 -0.526005 0.177720 0.258041 0.118645 3 212 0.697350 213 0.211832 211 0.090819
  213 -9.810535 8.830667 40.927353 -0.774628 -0.631154 0.039960 0.308704 0.119037 3 213 0.554129 212 0.279939 214 0.165933
  213 -8.717322 9.066224 40.315060 -0.845552 -0.514944 0.140976 0.308166 0.116457 3 213 0.567360 212 0.263771 214 0.168869
UV2
  212 -7.904153 6.826365 44.533478 -0.540628 0.470064 0.697683 0.258394 0.117257 3 212 0.720291 213 0.209597 211 0.070112
  213 -9.784375 8.989999 40.940441 -0.658749 0.478218 0.580825 0.309049 0.117709 3 213 0.557125 212 0.276009 214 0.166866
  213 -9.810535 8.830667 40.927353 -0.774628 -0.631154 0.039960 0.308704 0.119037 3 213 0.554129 212 0.279939 214 0.165933
UV2
  213 -9.810535 8.830667 40.927353 -0.774628 -0.631154 0.039960 0.308704 0.119037 3 213 0.554129 212 0.279939 214 0.165933
  212 -7.926307 6.640584 44.547134 -0.831706 -0.526005 0.177720 0.258041 0.118645 3 212 0.697350 213 0.211832 211 0.090819
  212 -7.904153 6.826365 44.533478 -0.540628 0.470064 0.697683 0.258394 0.117257 3 212 0.720291 213 0.209597 211 0.070112
UV2
  213 -9.040328 9.448365 40.759125 -0.323544 0.750968 0.575644 0.308634 0.104773 3 213 0.558348 212 0.273751 214 0.167901
  213 -9.784375 8.989999 40.940441 -0.658749 0.478218 0.580825 0.309049 0.117709 3 213 0.557125 212 0.276009 214 0.166866
  212 -7.904153 6.826365 44.533478 -0.540628 0.470064 0.697683 0.258394 0.117257 3 212 0.720291 213 0.209597 211 0.070112
UV2
  211 -5.919652 4.377746 46.919216 -0.669348 -0.741309 0.049335 0.197855 0.118141 3 211 0.593286 212 0.281296 207 0.125418
  212 -7.926307 6.640584 44.547134 -0.831706 -0.526005 0.177720 0.258041 0.118645 3 212 0.697350 213 0.211832 211 0.090819
  212 -6.972971 6.712538 43.854790 -0.873729 -0.455274 0.171238 0.256697 0.100452 3 212 0.727457 213 0.215045 211 0.057498
UV2
  212 -7.926307 6.640584 44.547134 -0.831706 -0.526005 0.177720 0.258041 0.118645 3 212 0.697350 213 0.211832 211 0.090819
  211 -5.919652 4.377746 46.919216 -0.669348 -0.741309 0.049335 0.197855 0.118141 3 211 0.593286 212 0.281296 207 0.125418
  212 -7.904153 6.826365 44.533478 -0.540628 0.470064 0.697683 0.258394 0.117257 3 212 0.720291 213 0.209597 211 0.070112
UV2
  211 -5.144573 4.601144 46.247704 -0.886468 -0.380052 0.264073 0.197855 0.099464 3 211 0.565923 212 0.305213 207 0.128864
  212 -6.972971 6.712538 43.854790 -0.873729 -0.455274 0.171238 0.256697 0.100452 3 212 0.727457 213 0.215045 211 0.057498
  212 -7.784686 5.509004 43.837013 -0.881678 -0.265323 0.390190 0.254961 0.118601 3 212 0.674629 213 0.202617 211 0.122754
UV2
  212 -6.972971 6.712538 43.854790 -0.873729 -0.455274 0.171238 0.256697 0.100452 3 212 0.727457 213 0.215045 211 0.057498
  211 -5.144573 4.601144 46.247704 -0.886468 -0.380052 0.264073 0.197855 0.099464 3 211 0.565923 212 0.305213 207 0.128864
  211 -5.919652 4.377746 46.919216 -0.669348 -0.741309 0.049335 0.197855 0.118141 3 211 0.593286 212 0.281296 207 0.125418
UV2
  212 -7.784686 5.509004 43.837013 -0.881678 -0.265323 0.390190 0.254961 0.118601 3 212 0.674629 213 0.202617 211 0.122754
  211 -5.808545 3.937338 46.200813 -0.812106 -0.364437 0.455707 0.197855 0.118141 3 211 0.583835 212 0.286159 207 0.130007
  211 -5.144573 4.601144 46.247704 -0.886468 -0.380052 0.264073 0.197855 0.099464 3 211 0.565923 212 0.305213 207 0.128864
UV2
  212 -7.904153 6.826365 44.533478 -0.540628 0.470064 0.697683 0.258394 0.117257 3 212 0.720291 213 0.209597 211 0.070112
  212 -7.260001 7.244694 44.262863 -0.182806 0.715303 0.674480 0.258327 0.104265 3 212 0.749283 213 0.216578 211 0.034139
  213 -9.040328 9.448365 40.759125 -0.323544 0.750968 0.575644 0.308634 0.104773 3 213 0.558348 212 0.273751 214 0.167901
UV2
  213 -8.293514 9.908622 40.577141 -0.405783 0.693477 0.595340 0.308539 0.091530 3 213 0.567094 212 0.264877 214 0.168029
  213 -9.040328 9.448365 40.759125 -0.323544 0.750968 0.575644 0.308634 0.104773 3 213 0.558348 212 0.273751 214 0.167901
  212 -7.260001 7.244694 44.262863 -0.182806 0.715303 0.674480 0.258327 0.104265 3 212 0.749283 213 0.216578 211 0.034139
UV2
  212 -7.904153 6.826365 44.533478 -0.540628 0.470064 0.697683 0.258394 0.117257 3 212 0.720291 213 0.209597 211 0.070112
  211 -5.919652 4.377746 46.919216 -0.669348 -0.741309 0.049335 0.197855 0.118141 3 211 0.593286 212 0.281296 207 0.125418
  211 -5.879884 4.481786 47.006668 -0.602106 0.304396 0.738114 0.197855 0.116658 3 211 0.591168 212 0.284462 207 0.124370
UV2
  212 -7.904153 6.826365 44.533478 -0.540628 0.470064 0.697683 0.258394 0.117257 3 212 0.720291 213 0.209597 211 0.070112
  211 -5.879884 4.481786 47.006668 -0.602106 0.304396 0.738114 0.197855 0.116658 3 211 0.591168 212 0.284462 207 0.124370
  212 -7.260001 7.244694 44.262863 -0.182806 0.715303 0.674480 0.258327 0.104265 3 212 0.749283 213 0.216578 211 0.034139
UV2
  207 -3.731842 3.135179 49.484020 -0.556001 0.448907 0.699532 0.138433 0.115326 3 207 0.490298 211 0.438945 212 0.070757
  211 -5.879884 4.481786 47.006668 -0.602106 0.304396 0.738114 0.197855 0.116658 3 211 0.591168 212 0.284462 207 0.124370
  211 -5.919652 4.377746 46.919216 -0.669348 -0.741309 0.049335 0.197855 0.118141 3 211 0.593286 212 0.281296 207 0.125418
UV2
  212 -7.260001 7.244694 44.262863 -0.182806 0.715303 0.674480 0.258327 0.104265 3 212 0.749283 213 0.216578 211 0.034139
  212 -6.610236 7.666878 43.989849 -0.178130 0.704596 0.686887 0.258255 0.091149 3 212 0.734059 213 0.239349 214 0.026592
  213 -8.293514 9.908622 40.577141 -0.405783 0.693477 0.595340 0.308539 0.091530 3 213 0.567094 212 0.264877 214 0.168029
UV2
  213 -7.682549 10.533187 40.422817 -0.394776 0.690614 0.605974 0.308441 0.078288 3 213 0.586743 212 0.246046 214 0.167211
  213 -8.293514 9.908622 40.577141 -0.405783 0.693477 0.595340 0.308539 0.091530 3 213 0.567094 212 0.264877 214 0.168029
  212 -6.610236 7.666878 43.989849 -0.178130 0.704596 0.686887 0.258255 0.091149 3 212 0.734059 213 0.239349 214 0.026592
UV2
  212 -6.610236 7.666878 43.989849 -0.178130 0.704596 0.686887 0.258255 0.091149 3 212 0.734059 213 0.239349 214 0.026592
  212 -5.960678 8.088998 43.716972 -0.155450 0.694303 0.702694 0.258181 0.078034 3 212 0.716441 213 0.257079 214 0.026480
  213 -7.682549 10.533187 40.422817 -0.394776 0.690614 0.605974 0.308441 0.078288 3 213 0.586743 212 0.246046 214 0.167211
UV2
  212 -7.260001 7.244694 44.262863 -0.182806 0.715303 0.674480 0.258327 0.104265 3 212 0.749283 213 0.216578 211 0.034139
  211 -5.879884 4.481786 47.006668 -0.602106 0.304396 0.738114 0.197855 0.116658 3 211 0.591168 212 0.284462 207 0.124370
  211 -5.387563 4.781878 46.788441 -0.133239 0.725526 0.675173 0.197855 0.103898 3 211 0.578502 212 0.295965 207 0.125532
UV2
  212 -7.260001 7.244694 44.262863 -0.182806 0.715303 0.674480 0.258327 0.104265 3 212 0.749283 213 0.216578 211 0.034139
  211 -5.387563 4.781878 46.788441 -0.133239 0.725526 0.675173 0.197855 0.103898 3 211 0.578502 212 0.295965 207 0.125532
  212 -6.610236 7.666878 43.989849 -0.178130 0.704596 0.686887 0.258255 0.091149 3 212 0.734059 213 0.239349 214 0.026592
UV2
  211 -5.879884 4.481786 47.006668 -0.602106 0.304396 0.738114 0.197855 0.116658 3 211 0.591168 212 0.284462 207 0.124370
  207 -3.731842 3.135179 49.484020 0.086338 0.944962 0.315582 0.138433 0.115326 3 207 0.490298 211 0.438945 212 0.070757
  211 -5.387563 4.781878 46.788441 -0.133239 0.725526 0.675173 0.197855 0.103898 3 211 0.578502 212 0.295965 207 0.125532
UV2
  212 -6.610236 7.666878 43.989849 -0.178130 0.704596 0.686887 0.258255 0.091149 3 212 0.734059 213 0.239349 214 0.026592
  211 -4.887187 5.086877 46.566639 -0.074547 0.721072 0.688838 0.197855 0.090930 3 211 0.567643 212 0.307223 207 0.125134
  212 -5.960678 8.088998 43.716972 -0.155450 0.694303 0.702694 0.258181 0.078034 3 212 0.716441 213 0.257079 214 0.026480
UV2
  212 -6.610236 7.666878 43.989849 -0.178130 0.704596 0.686887 0.258255 0.091149 3 212 0.734059 213 0.239349 214 0.026592
  211 -5.387563 4.781878 46.788441 -0.133239 0.725526 0.675173 0.197855 0.103898 3 211 0.578502 212 0.295965 207 0.125532
  211 -4.887187 5.086877 46.566639 -0.074547 0.721072 0.688838 0.197855 0.090930 3 211 0.567643 212 0.307223 207 0.125134
UV2
  212 -5.960678 8.088998 43.716972 -0.155450 0.694303 0.702694 0.258181 0.078034 3 212 0.716441 213 0.257079 214 0.026480
  211 -4.887187 5.086877 46.566639 -0.074547 0.721072 0.688838 0.197855 0.090930 3 211 0.567643 212 0.307223 207 0.125134
  211 -4.335341 5.334413 46.331081 -0.050178 0.702630 0.709784 0.197855 0.077961 3 211 0.563781 212 0.311669 207 0.124551
UV2
  211 -5.387563 4.781878 46.788441 -0.133239 0.725526 0.675173 0.197855 0.103898 3 211 0.578502 212 0.295965 207 0.125532
  207 -3.731842 3.135179 49.484020 0.086338 0.944962 0.315582 0.138433 0.115326 3 207 0.490298 211 0.438945 212 0.070757
  207 -3.392198 3.182597 49.212341 0.152338 0.945269 0.288547 0.138433 0.102798 3 207 0.480879 211 0.444422 212 0.074699
UV2
  211 -5.387563 4.781878 46.788441 -0.133239 0.725526 0.675173 0.197855 0.103898 3 211 0.578502 212 0.295965 207 0.125532
  207 -3.392198 3.182597 49.212341 0.152338 0.945269 0.288547 0.138433 0.102798 3 207 0.480879 211 0.444422 212 0.074699
  211 -4.887187 5.086877 46.566639 -0.074547 0.721072 0.688838 0.197855 0.090930 3 211 0.567643 212 0.307223 207 0.125134
UV2
  207 -3.731842 3.135179 49.484020 0.086338 0.944962 0.315582 0.138433 0.115326 3 207 0.490298 211 0.438945 212 0.070757
  207 -1.996358 2.881325 50.996124 0.130196 0.987325 0.090762 0.086016 0.115124 1 207 1.000000
  207 -3.392198 3.182597 49.212341 0.152338 0.945269 0.288547 0.138433 0.102798 3 207 0.480879 211 0.444422 212 0.074699
UV2
  211 -4.887187 5.086877 46.566639 -0.074547 0.721072 0.688838 0.197855 0.090930 3 211 0.567643 212 0.307223 207 0.125134
  207 -3.052555 3.177843 48.940716 0.234347 0.931055 0.279674 0.138433 0.090269 3 207 0.474900 211 0.448459 212 0.076642
  211 -4.335341 5.334413 46.331081 -0.050178 0.702630 0.709784 0.197855 0.077961 3 211 0.563781 212 0.311669 207 0.124551
UV2
  211 -4.887187 5.086877 46.566639 -0.074547 0.721072 0.688838 0.197855 0.090930 3 211 0.567643 212 0.307223 207 0.125134
  207 -3.392198 3.182597 49.212341 0.152338 0.945269 0.288547 0.138433 0.102798 3 207 0.480879 211 0.444422 212 0.074699
  207 -3.052555 3.177843 48.940716 0.234347 0.931055 0.279674 0.138433 0.090269 3 207 0.474900 211 0.448459 212 0.076642
UV2
  211 -4.335341 5.334413 46.331081 -0.050178 0.702630 0.709784 0.197855 0.077961 3 211 0.563781 212 0.311669 207 0.124551
  207 -3.052555 3.177843 48.940716 0.234347 0.931055 0.279674 0.138433 0.090269 3 207 0.474900 211 0.448459 212 0.076642
  207 -2.712918 3.162027 48.669064 0.226241 0.916640 0.329524 0.138433 0.077741 3 207 0.465938 211 0.454148 212 0.079913
UV2
  207 -3.392198 3.182597 49.212341 0.152338 0.945269 0.288547 0.138433 0.102798 3 207 0.480879 211 0.444422 212 0.074699
  207 -1.996358 2.881325 50.996124 0.130196 0.987325 0.090762 0.086016 0.115124 1 207 1.000000
  207 -1.815359 2.876136 50.760445 0.140975 0.986200 0.086808 0.086016 0.102654 1 207 1.000000
UV2
  207 -3.392198 3.182597 49.212341 0.152338 0.945269 0.288547 0.138433 0.102798 3 207 0.480879 211 0.444422 212 0.074699
  207 -1.815359 2.876136 50.760445 0.140975 0.986200 0.086808 0.086016 0.102654 1 207 1.000000
  207 -3.052555 3.177843 48.940716 0.234347 0.931055 0.279674 0.138433 0.090269 3 207 0.474900 211 0.448459 212 0.076642
UV2
  207 -1.996358 2.881325 50.996124 0.130196 0.987325 0.090762 0.086016 0.115124 1 207 1.000000
  207 -0.452260 2.553672 51.832230 0.574956 0.815523 0.065938 0.037628 0.115834 1 207 1.000000
  207 -1.815359 2.876136 50.760445 0.140975 0.986200 0.086808 0.086016 0.102654 1 207 1.000000
UV2
  207 -3.052555 3.177843 48.940716 0.234347 0.931055 0.279674 0.138433 0.090269 3 207 0.474900 211 0.448459 212 0.076642
  207 -1.634361 2.870954 50.524765 0.146970 0.985021 0.090182 0.086016 0.090183 2 207 0.981578 211 0.018422
  207 -2.712918 3.162027 48.669064 0.226241 0.916640 0.329524 0.138433 0.077741 3 207 0.465938 211 0.454148 212 0.079913
UV2
  207 -3.052555 3.177843 48.940716 0.234347 0.931055 0.279674 0.138433 0.090269 3 207 0.474900 211 0.448459 212 0.076642
  207 -1.815359 2.876136 50.760445 0.140975 0.986200 0.086808 0.086016 0.102654 1 207 1.000000
  207 -1.634361 2.870954 50.524765 0.146970 0.985021 0.090182 0.086016 0.090183 2 207 0.981578 211 0.018422
UV2
  207 -2.712918 3.162027 48.669064 0.226241 0.916640 0.329524 0.138433 0.077741 3 207 0.465938 211 0.454148 212 0.079913
  207 -1.634361 2.870954 50.524765 0.146970 0.985021 0.090182 0.086016 0.090183 2 207 0.981578 211 0.018422
  207 -1.453367 2.865772 50.289082 0.153038 0.983272 0.098769 0.086016 0.077712 2 207 0.960297 211 0.039703
UV2
  207 -1.815359 2.876136 50.760445 0.140975 0.986200 0.086808 0.086016 0.102654 1 207 1.000000
  207 -0.452260 2.553672 51.832230 0.574956 0.815523 0.065938 0.037628 0.115834 1 207 1.000000
  207 -0.445497 2.573979 51.511604 0.518978 0.852230 0.066080 0.037628 0.103160 1 207 1.000000
UV2
  207 -1.815359 2.876136 50.760445 0.140975 0.986200 0.086808 0.086016 0.102654 1 207 1.000000
  207 -0.445497 2.573979 51.511604 0.518978 0.852230 0.066080 0.037628 0.103160 1 207 1.000000
  207 -1.634361 2.870954 50.524765 0.146970 0.985021 0.090182 0.086016 0.090183 2 207 0.981578 211 0.018422
UV2
  207 -0.452260 2.553672 51.832230 0.574956 0.815523 0.065938 0.037628 0.115834 1 207 1.000000
  207 -0.379109 2.459817 51.828831 0.999777 -0.002736 0.020921 0.029101 0.115834 1 207 1.000000
  207 -0.445497 2.573979 51.511604 0.518978 0.852230 0.066080 0.037628 0.103160 1 207 1.000000
UV2
  207 -1.634361 2.870954 50.524765 0.146970 0.985021 0.090182 0.086016 0.090183 2 207 0.981578 211 0.018422
  207 -0.438735 2.594286 51.190990 0.523318 0.849551 0.066339 0.037628 0.090487 1 207 1.000000
  207 -1.453367 2.865772 50.289082 0.153038 0.983272 0.098769 0.086016 0.077712 2 207 0.960297 211 0.039703
UV2
  207 -1.634361 2.870954 50.524765 0.146970 0.985021 0.090182 0.086016 0.090183 2 207 0.981578 211 0.018422
  207 -0.445497 2.573979 51.511604 0.518978 0.852230 0.066080 0.037628 0.103160 1 207 1.000000
  207 -0.438735 2.594286 51.190990 0.523318 0.849551 0.066339 0.037628 0.090487 1 207 1.000000
UV2
  207 -1.453367 2.865772 50.289082 0.153038 0.983272 0.098769 0.086016 0.077712 2 207 0.960297 211 0.039703
  207 -0.438735 2.594286 51.190990 0.523318 0.849551 0.066339 0.037628 0.090487 1 207 1.000000
  207 -0.431972 2.614586 50.870361 0.529111 0.845924 0.066742 0.037628 0.077814 1 207 1.000000
UV2
  207 -0.445497 2.573979 51.511604 0.518978 0.852230 0.066080 0.037628 0.103160 1 207 1.000000
  207 -0.379109 2.459817 51.828831 0.999777 -0.002736 0.020921 0.029101 0.115834 1 207 1.000000
  207 -0.372346 2.480116 51.508217 0.999775 0.001373 0.021174 0.029101 0.103160 1 207 1.000000
UV2
  207 -0.445497 2.573979 51.511604 0.518978 0.852230 0.066080 0.037628 0.103160 1 207 1.000000
  207 -0.372346 2.480116 51.508217 0.999775 0.001373 0.021174 0.029101 0.103160 1 207 1.000000
  207 -0.438735 2.594286 51.190990 0.523318 0.849551 0.066339 0.037628 0.090487 1 207 1.000000
UV2
  207 -0.379109 2.459817 51.828831 0.999777 -0.002736 0.020921 0.029101 0.115834 1 207 1.000000
  207 -0.451806 2.365733 51.822338 0.486181 -0.872698 -0.045000 0.037628 0.115834 1 207 1.000000
  207 -0.372346 2.480116 51.508217 0.999775 0.001373 0.021174 0.029101 0.103160 1 207 1.000000
UV2
  207 -0.438735 2.594286 51.190990 0.523318 0.849551 0.066339 0.037628 0.090487 1 207 1.000000
  207 -0.365584 2.500423 51.187588 0.999775 0.001393 0.021173 0.029101 0.090487 1 207 1.000000
  207 -0.431972 2.614586 50.870361 0.529111 0.845924 0.066742 0.037628 0.077814 1 207 1.000000
UV2
  207 -0.438735 2.594286 51.190990 0.523318 0.849551 0.066339 0.037628 0.090487 1 207 1.000000
  207 -0.372346 2.480116 51.508217 0.999775 0.001373 0.021174 0.029101 0.103160 1 207 1.000000
  207 -0.365584 2.500423 51.187588 0.999775 0.001393 0.021173 0.029101 0.090487 1 207 1.000000
UV2
  207 -0.431972 2.614586 50.870361 0.529111 0.845924 0.066742 0.037628 0.077814 1 207 1.000000
  207 -0.365584 2.500423 51.187588 0.999775 0.001393 0.021173 0.029101 0.090487 1 207 1.000000
  207 -0.358823 2.520731 50.866943 0.999775 0.001386 0.021171 0.029101 0.077814 1 207 1.000000
UV2
  207 -0.372346 2.480116 51.508217 0.999775 0.001373 0.021174 0.029101 0.103160 1 207 1.000000
  207 -0.451806 2.365733 51.822338 0.486181 -0.872698 -0.045000 0.037628 0.115834 1 207 1.000000
  207 -0.445046 2.386034 51.501709 0.401418 -0.914586 -0.048950 0.037628 0.103160 1 207 1.000000
UV2
  207 -0.372346 2.480116 51.508217 0.999775 0.001373 0.021174 0.029101 0.103160 1 207 1.000000
  207 -0.445046 2.386034 51.501709 0.401418 -0.914586 -0.048950 0.037628 0.103160 1 207 1.000000
  207 -0.365584 2.500423 51.187588 0.999775 0.001393 0.021173 0.029101 0.090487 1 207 1.000000
UV2
  207 -0.451806 2.365733 51.822338 0.486181 -0.872698 -0.045000 0.037628 0.115834 1 207 1.000000
  207 -1.996406 2.556731 51.000668 -0.095902 -0.993981 -0.052958 0.086016 0.115124 1 207 1.000000
  207 -0.445046 2.386034 51.501709 0.401418 -0.914586 -0.048950 0.037628 0.103160 1 207 1.000000
UV2
  207 -0.365584 2.500423 51.187588 0.999775 0.001393 0.021173 0.029101 0.090487 1 207 1.000000
  207 -0.438284 2.406333 51.181095 0.403006 -0.913899 -0.048737 0.037628 0.090487 1 207 1.000000
  207 -0.358823 2.520731 50.866943 0.999775 0.001386 0.021171 0.029101 0.077814 1 207 1.000000
UV2
  207 -0.365584 2.500423 51.187588 0.999775 0.001393 0.021173 0.029101 0.090487 1 207 1.000000
  207 -0.445046 2.386034 51.501709 0.401418 -0.914586 -0.048950 0.037628 0.103160 1 207 1.000000
  207 -0.438284 2.406333 51.181095 0.403006 -0.913899 -0.048737 0.037628 0.090487 1 207 1.000000
UV2
  207 -0.358823 2.520731 50.866943 0.999775 0.001386 0.021171 0.029101 0.077814 1 207 1.000000
  207 -0.438284 2.406333 51.181095 0.403006 -0.913899 -0.048737 0.037628 0.090487 1 207 1.000000
  207 -0.431521 2.426647 50.860466 0.405059 -0.913007 -0.048421 0.037628 0.077814 1 207 1.000000
UV2
  207 -0.438284 2.406333 51.181095 0.403006 -0.913899 -0.048737 0.037628 0.090487 1 207 1.000000
  207 -1.634409 2.546368 50.529297 -0.097851 -0.993647 -0.055601 0.086016 0.090183 1 207 1.000000
  207 -0.431521 2.426647 50.860466 0.405059 -0.913007 -0.048421 0.037628 0.077814 1 207 1.000000
UV2
  207 -0.445046 2.386034 51.501709 0.401418 -0.914586 -0.048950 0.037628 0.103160 1 207 1.000000
  207 -1.996406 2.556731 51.000668 -0.095902 -0.993981 -0.052958 0.086016 0.115124 1 207 1.000000
  207 -1.815407 2.551549 50.764992 -0.096084 -0.993883 -0.054448 0.086016 0.102654 1 207 1.000000
UV2
  207 -0.445046 2.386034 51.501709 0.401418 -0.914586 -0.048950 0.037628 0.103160 1 207 1.000000
  207 -1.815407 2.551549 50.764992 -0.096084 -0.993883 -0.054448 0.086016 0.102654 1 207 1.000000
  207 -0.438284 2.406333 51.181095 0.403006 -0.913899 -0.048737 0.037628 0.090487 1 207 1.000000
UV2
  207 -0.438284 2.406333 51.181095 0.403006 -0.913899 -0.048737 0.037628 0.090487 1 207 1.000000
  207 -1.815407 2.551549 50.764992 -0.096084 -0.993883 -0.054448 0.086016 0.102654 1 207 1.000000
  207 -1.634409 2.546368 50.529297 -0.097851 -0.993647 -0.055601 0.086016 0.090183 1 207 1.000000
UV2
  207 -1.815407 2.551549 50.764992 -0.096084 -0.993883 -0.054448 0.086016 0.102654 1 207 1.000000
  207 -3.258481 2.805852 49.112232 -0.123171 -0.977113 -0.173432 0.138433 0.102798 3 207 0.495414 211 0.425249 212 0.079337
  207 -1.634409 2.546368 50.529297 -0.097851 -0.993647 -0.055601 0.086016 0.090183 1 207 1.000000
UV2
  207 -1.996406 2.556731 51.000668 -0.095902 -0.993981 -0.052958 0.086016 0.115124 1 207 1.000000
  207 -3.599055 2.806323 49.353584 -0.328561 -0.943898 0.033224 0.138433 0.115326 3 207 0.499989 211 0.426001 212 0.074011
  207 -1.815407 2.551549 50.764992 -0.096084 -0.993883 -0.054448 0.086016 0.102654 1 207 1.000000
UV2
  207 -1.815407 2.551549 50.764992 -0.096084 -0.993883 -0.054448 0.086016 0.102654 1 207 1.000000
  207 -3.599055 2.806323 49.353584 -0.328561 -0.943898 0.033224 0.138433 0.115326 3 207 0.499989 211 0.426001 212 0.074011
  207 -3.258481 2.805852 49.112232 -0.123171 -0.977113 -0.173432 0.138433 0.102798 3 207 0.495414 211 0.425249 212 0.079337
UV2
  211 -5.808545 3.937338 46.200813 -0.812106 -0.364437 0.455707 0.197855 0.118141 3 211 0.583835 212 0.286159 207 0.130007
  207 -3.599055 2.806323 49.353584 -0.328561 -0.943898 0.033224 0.138433 0.115326 3 207 0.499989 211 0.426001 212 0.074011
  207 -3.661351 2.855521 49.401814 -0.730873 0.030117 0.681848 0.138487 0.116897 3 207 0.497338 211 0.426273 212 0.076389
UV2
  207 -3.661351 2.855521 49.401814 -0.730873 0.030117 0.681848 0.138487 0.116897 3 207 0.497338 211 0.426273 212 0.076389
  207 -3.599055 2.806323 49.353584 -0.328561 -0.943898 0.033224 0.138433 0.115326 3 207 0.499989 211 0.426001 212 0.074011
  207 -1.996406 2.556731 51.000668 -0.565087 -0.409122 0.716447 0.086016 0.115124 1 207 1.000000
UV2
  207 -3.661351 2.855521 49.401814 -0.730873 0.030117 0.681848 0.138487 0.116897 3 207 0.497338 211 0.426273 212 0.076389
  211 -5.144573 4.601144 46.247704 -0.886468 -0.380052 0.264073 0.197855 0.099464 3 211 0.565923 212 0.305213 207 0.128864
  211 -5.808545 3.937338 46.200813 -0.812106 -0.364437 0.455707 0.197855 0.118141 3 211 0.583835 212 0.286159 207 0.130007
UV2
  207 -3.661351 2.855521 49.401814 -0.730873 0.030117 0.681848 0.138487 0.116897 3 207 0.497338 211 0.426273 212 0.076389
  207 -1.996406 2.556731 51.000668 -0.565087 -0.409122 0.716447 0.086016 0.115124 1 207 1.000000
  207 -2.012932 2.613162 51.019260 -0.522679 0.375885 0.765190 0.086155 0.116181 1 207 1.000000
UV2
  207 -2.012932 2.613162 51.019260 -0.522679 0.375885 0.765190 0.086155 0.116181 1 207 1.000000
  207 -1.996406 2.556731 51.000668 -0.565087 -0.409122 0.716447 0.086016 0.115124 1 207 1.000000
  207 -0.451806 2.365733 51.822338 -0.441069 0.410819 0.797926 0.037628 0.115834 1 207 1.000000
UV2
  207 -3.661351 2.855521 49.401814 -0.730873 0.030117 0.681848 0.138487 0.116897 3 207 0.497338 211 0.426273 212 0.076389
  207 -3.280458 3.000567 49.124352 -0.755403 0.008962 0.655199 0.138618 0.101126 3 207 0.487498 211 0.436492 212 0.076010
  211 -5.144573 4.601144 46.247704 -0.886468 -0.380052 0.264073 0.197855 0.099464 3 211 0.565923 212 0.305213 207 0.128864
UV2
  207 -2.012932 2.613162 51.019260 -0.522679 0.375885 0.765190 0.086155 0.116181 1 207 1.000000
  207 -3.280458 3.000567 49.124352 -0.755403 0.008962 0.655199 0.138618 0.101126 3 207 0.487498 211 0.436492 212 0.076010
  207 -3.661351 2.855521 49.401814 -0.730873 0.030117 0.681848 0.138487 0.116897 3 207 0.497338 211 0.426273 212 0.076389
UV2
  207 -2.012932 2.613162 51.019260 -0.522679 0.375885 0.765190 0.086155 0.116181 1 207 1.000000
  207 -0.451806 2.365733 51.822338 -0.441069 0.410819 0.797926 0.037628 0.115834 1 207 1.000000
  207 -0.438798 2.462863 51.777874 -0.554907 -0.023232 0.831588 0.036204 0.113870 1 207 1.000000
UV2
  207 -0.451806 2.365733 51.822338 -0.441069 0.410819 0.797926 0.037628 0.115834 1 207 1.000000
  207 -0.379109 2.459817 51.828831 -0.649916 -0.040459 0.758928 0.029101 0.115834 1 207 1.000000
  207 -0.438798 2.462863 51.777874 -0.554907 -0.023232 0.831588 0.036204 0.113870 1 207 1.000000
UV2
  207 -0.438798 2.462863 51.777874 -0.554907 -0.023232 0.831588 0.036204 0.113870 1 207 1.000000
  207 -0.379109 2.459817 51.828831 -0.649916 -0.040459 0.758928 0.029101 0.115834 1 207 1.000000
  207 -0.452260 2.553672 51.832230 -0.507066 -0.487598 0.710726 0.037628 0.115834 1 207 1.000000
UV2
  207 -0.438798 2.462863 51.777874 -0.554907 -0.023232 0.831588 0.036204 0.113870 1 207 1.000000
  207 -1.835628 2.714292 50.782852 -0.672635 0.037931 0.739002 0.086420 0.103810 1 207 1.000000
  207 -2.012932 2.613162 51.019260 -0.522679 0.375885 0.765190 0.086155 0.116181 1 207 1.000000
UV2
  207 -2.012932 2.613162 51.019260 -0.522679 0.375885 0.765190 0.086155 0.116181 1 207 1.000000
  207 -1.835628 2.714292 50.782852 -0.672635 0.037931 0.739002 0.086420 0.103810 1 207 1.000000
  207 -3.280458 3.000567 49.124352 -0.755403 0.008962 0.655199 0.138618 0.101126 3 207 0.487498 211 0.436492 212 0.076010
UV2
  207 -0.438798 2.462863 51.777874 -0.554907 -0.023232 0.831588 0.036204 0.113870 1 207 1.000000
  207 -0.452260 2.553672 51.832230 -0.507066 -0.487598 0.710726 0.037628 0.115834 1 207 1.000000
  207 -2.012035 2.833543 51.015354 -0.593116 -0.321723 0.738043 0.086136 0.116133 1 207 1.000000
UV2
  207 -2.012035 2.833543 51.015354 -0.593116 -0.321723 0.738043 0.086136 0.116133 1 207 1.000000
  207 -1.835628 2.714292 50.782852 -0.672635 0.037931 0.739002 0.086420 0.103810 1 207 1.000000
  207 -0.438798 2.462863 51.777874 -0.554907 -0.023232 0.831588 0.036204 0.113870 1 207 1.000000
UV2
  207 -3.280458 3.000567 49.124352 -0.755403 0.008962 0.655199 0.138618 0.101126 3 207 0.487498 211 0.436492 212 0.076010
  207 -1.835628 2.714292 50.782852 -0.672635 0.037931 0.739002 0.086420 0.103810 1 207 1.000000
  207 -2.012035 2.833543 51.015354 -0.593116 -0.321723 0.738043 0.086136 0.116133 1 207 1.000000
UV2
  207 -0.452260 2.553672 51.832230 -0.507066 -0.487598 0.710726 0.037628 0.115834 1 207 1.000000
  207 -1.996358 2.881325 50.996124 -0.456270 0.456922 0.763570 0.086016 0.115124 1 207 1.000000
  207 -2.012035 2.833543 51.015354 -0.593116 -0.321723 0.738043 0.086136 0.116133 1 207 1.000000
UV2
  207 -3.755488 3.076827 49.503300 -0.722920 -0.493024 0.484060 0.138485 0.116881 3 207 0.491238 211 0.432567 212 0.076196
  207 -3.280458 3.000567 49.124352 -0.755403 0.008962 0.655199 0.138618 0.101126 3 207 0.487498 211 0.436492 212 0.076010
  207 -2.012035 2.833543 51.015354 -0.593116 -0.321723 0.738043 0.086136 0.116133 1 207 1.000000
UV2
  207 -2.012035 2.833543 51.015354 -0.593116 -0.321723 0.738043 0.086136 0.116133 1 207 1.000000
  207 -1.996358 2.881325 50.996124 -0.456270 0.456922 0.763570 0.086016 0.115124 1 207 1.000000
  207 -3.755488 3.076827 49.503300 -0.722920 -0.493024 0.484060 0.138485 0.116881 3 207 0.491238 211 0.432567 212 0.076196
UV2
  211 -5.144573 4.601144 46.247704 -0.886468 -0.380052 0.264073 0.197855 0.099464 3 211 0.565923 212 0.305213 207 0.128864
  207 -3.280458 3.000567 49.124352 -0.755403 0.008962 0.655199 0.138618 0.101126 3 207 0.487498 211 0.436492 212 0.076010
  207 -3.755488 3.076827 49.503300 -0.722920 -0.493024 0.484060 0.138485 0.116881 3 207 0.491238 211 0.432567 212 0.076196
UV2
  207 -1.996358 2.881325 50.996124 -0.456270 0.456922 0.763570 0.086016 0.115124 1 207 1.000000
  207 -3.731842 3.135179 49.484020 -0.556001 0.448907 0.699532 0.138433 0.115326 3 207 0.490298 211 0.438945 212 0.070757
  207 -3.755488 3.076827 49.503300 -0.722920 -0.493024 0.484060 0.138485 0.116881 3 207 0.491238 211 0.432567 212 0.076196
UV2
  211 -5.919652 4.377746 46.919216 -0.669348 -0.741309 0.049335 0.197855 0.118141 3 211 0.593286 212 0.281296 207 0.125418
  211 -5.144573 4.601144 46.247704 -0.886468 -0.380052 0.264073 0.197855 0.099464 3 211 0.565923 212 0.305213 207 0.128864
  207 -3.755488 3.076827 49.503300 -0.722920 -0.493024 0.484060 0.138485 0.116881 3 207 0.491238 211 0.432567 212 0.076196
UV2
  207 -3.755488 3.076827 49.503300 -0.722920 -0.493024 0.484060 0.138485 0.116881 3 207 0.491238 211 0.432567 212 0.076196
  207 -3.731842 3.135179 49.484020 -0.556001 0.448907 0.699532 0.138433 0.115326 3 207 0.490298 211 0.438945 212 0.070757
  211 -5.919652 4.377746 46.919216 -0.669348 -0.741309 0.049335 0.197855 0.118141 3 211 0.593286 212 0.281296 207 0.125418
UV2
  207 0.331776 2.601944 49.584457 0.617333 0.038632 -0.785752 0.029101 0.027120 1 207 1.000000
  207 0.393563 2.598706 49.632847 0.080624 0.077464 -0.993730 0.036204 0.029084 1 207 1.000000
  207 0.404475 2.507862 49.577969 -0.375447 0.403706 -0.834303 0.037628 0.027120 1 207 1.000000
UV2
  207 0.331776 2.601944 49.584457 0.617333 0.038632 -0.785752 0.029101 0.027120 1 207 1.000000
  207 0.404927 2.695807 49.587856 -0.345615 -0.335431 -0.876377 0.037628 0.027120 1 207 1.000000
  207 0.393563 2.598706 49.632847 0.080624 0.077464 -0.993730 0.036204 0.029084 1 207 1.000000
UV2
  207 0.404475 2.507862 49.577969 -0.375447 0.403706 -0.834303 0.037628 0.027120 1 207 1.000000
  207 0.393563 2.598706 49.632847 0.080624 0.077464 -0.993730 0.036204 0.029084 1 207 1.000000
  207 0.715350 2.575994 49.329651 -0.806072 0.366762 -0.464471 0.086155 0.026777 2 207 0.894698 221 0.105302
UV2
  207 0.729431 2.520446 49.350918 -0.656395 -0.409736 -0.633452 0.086016 0.027829 2 207 0.901243 221 0.098757
  207 0.404475 2.507862 49.577969 -0.375447 0.403706 -0.834303 0.037628 0.027120 1 207 1.000000
  207 0.715350 2.575994 49.329651 -0.806072 0.366762 -0.464471 0.086155 0.026777 2 207 0.894698 221 0.105302
UV2
  207 0.404927 2.695807 49.587856 -0.345615 -0.335431 -0.876377 0.037628 0.027120 1 207 1.000000
  207 0.715849 2.796418 49.327564 -0.621395 -0.455557 -0.637444 0.086136 0.026826 2 207 0.877117 221 0.122883
  207 0.393563 2.598706 49.632847 0.080624 0.077464 -0.993730 0.036204 0.029084 1 207 1.000000
UV2
  207 0.729383 2.845032 49.346363 -0.848739 0.385488 -0.361995 0.086016 0.027829 2 207 0.875175 221 0.124825
  207 0.715849 2.796418 49.327564 -0.621395 -0.455557 -0.637444 0.086136 0.026826 2 207 0.877117 221 0.122883
  207 0.404927 2.695807 49.587856 -0.345615 -0.335431 -0.876377 0.037628 0.027120 1 207 1.000000
UV2
  207 0.897076 2.687402 49.560749 -0.609366 0.020288 -0.792629 0.086419 0.039144 2 207 0.906789 221 0.093211
  207 0.715350 2.575994 49.329651 -0.806072 0.366762 -0.464471 0.086155 0.026777 2 207 0.894698 221 0.105302
  207 0.393563 2.598706 49.632847 0.080624 0.077464 -0.993730 0.036204 0.029084 1 207 1.000000
UV2
  207 0.897076 2.687402 49.560749 -0.609366 0.020288 -0.792629 0.086419 0.039144 2 207 0.906789 221 0.093211
  207 0.393563 2.598706 49.632847 0.080624 0.077464 -0.993730 0.036204 0.029084 1 207 1.000000
  207 0.715849 2.796418 49.327564 -0.621395 -0.455557 -0.637444 0.086136 0.026826 2 207 0.877117 221 0.122883
UV2
  207 0.729431 2.520446 49.350918 -0.656395 -0.409736 -0.633452 0.086016 0.027829 2 207 0.901243 221 0.098757
  207 0.715350 2.575994 49.329651 -0.806072 0.366762 -0.464471 0.086155 0.026777 2 207 0.894698 221 0.105302
  221 1.197867 3.362029 47.462521 -0.944859 0.312107 -0.099153 0.138487 0.026062 3 221 0.485004 207 0.412494 222 0.102502
UV2
  221 1.220630 3.300944 47.482330 -0.772167 -0.434132 -0.463990 0.138433 0.027628 3 221 0.481837 207 0.415394 222 0.102769
  207 0.729431 2.520446 49.350918 -0.656395 -0.409736 -0.633452 0.086016 0.027829 2 207 0.901243 221 0.098757
  221 1.197867 3.362029 47.462521 -0.944859 0.312107 -0.099153 0.138487 0.026062 3 221 0.485004 207 0.412494 222 0.102502
UV2
  207 0.897076 2.687402 49.560749 -0.609366 0.020288 -0.792629 0.086419 0.039144 2 207 0.906789 221 0.093211
  221 1.672852 3.225039 47.838566 -0.929023 0.341648 -0.142100 0.138617 0.041827 3 221 0.478047 207 0.429637 222 0.092315
  207 0.715350 2.575994 49.329651 -0.806072 0.366762 -0.464471 0.086155 0.026777 2 207 0.894698 221 0.105302
UV2
  207 0.897076 2.687402 49.560749 -0.609366 0.020288 -0.792629 0.086419 0.039144 2 207 0.906789 221 0.093211
  207 0.715849 2.796418 49.327564 -0.621395 -0.455557 -0.637444 0.086136 0.026826 2 207 0.877117 221 0.122883
  221 1.672852 3.225039 47.838566 -0.929023 0.341648 -0.142100 0.138617 0.041827 3 221 0.478047 207 0.429637 222 0.092315
UV2
  221 1.672852 3.225039 47.838566 -0.929023 0.341648 -0.142100 0.138617 0.041827 3 221 0.478047 207 0.429637 222 0.092315
  221 1.197867 3.362029 47.462521 -0.944859 0.312107 -0.099153 0.138487 0.026062 3 221 0.485004 207 0.412494 222 0.102502
  207 0.715350 2.575994 49.329651 -0.806072 0.366762 -0.464471 0.086155 0.026777 2 207 0.894698 221 0.105302
UV2
  207 0.729383 2.845032 49.346363 -0.848739 0.385488 -0.361995 0.086016 0.027829 2 207 0.875175 221 0.124825
  221 1.293830 3.631095 47.534431 -0.865669 -0.123914 -0.485038 0.138485 0.026078 3 221 0.505580 207 0.400747 222 0.093673
  207 0.715849 2.796418 49.327564 -0.621395 -0.455557 -0.637444 0.086136 0.026826 2 207 0.877117 221 0.122883
UV2
  221 1.672852 3.225039 47.838566 -0.929023 0.341648 -0.142100 0.138617 0.041827 3 221 0.478047 207 0.429637 222 0.092315
  207 0.715849 2.796418 49.327564 -0.621395 -0.455557 -0.637444 0.086136 0.026826 2 207 0.877117 221 0.122883
  221 1.293830 3.631095 47.534431 -0.865669 -0.123914 -0.485038 0.138485 0.026078 3 221 0.505580 207 0.400747 222 0.093673
UV2
  221 1.354350 3.677688 47.582458 -0.712950 0.648534 0.266657 0.138433 0.027628 3 221 0.503353 207 0.403314 222 0.093333
  221 1.293830 3.631095 47.534431 -0.865669 -0.123914 -0.485038 0.138485 0.026078 3 221 0.505580 207 0.400747 222 0.093673
  207 0.729383 2.845032 49.346363 -0.848739 0.385488 -0.361995 0.086016 0.027829 2 207 0.875175 221 0.124825
UV2
  221 1.672852 3.225039 47.838566 -0.929023 0.341648 -0.142100 0.138617 0.041827 3 221 0.478047 207 0.429637 222 0.092315
  221 2.984877 5.917573 45.290371 -0.930144 0.315443 -0.187957 0.197855 0.043490 3 221 0.529027 222 0.352291 207 0.118682
  221 1.197867 3.362029 47.462521 -0.944859 0.312107 -0.099153 0.138487 0.026062 3 221 0.485004 207 0.412494 222 0.102502
UV2
  221 1.672852 3.225039 47.838566 -0.929023 0.341648 -0.142100 0.138617 0.041827 3 221 0.478047 207 0.429637 222 0.092315
  221 1.293830 3.631095 47.534431 -0.865669 -0.123914 -0.485038 0.138485 0.026078 3 221 0.505580 207 0.400747 222 0.093673
  221 2.984877 5.917573 45.290371 -0.930144 0.315443 -0.187957 0.197855 0.043490 3 221 0.529027 222 0.352291 207 0.118682
UV2
  221 1.220630 3.300944 47.482330 -0.772167 -0.434132 -0.463990 0.138433 0.027628 3 221 0.481837 207 0.415394 222 0.102769
  221 1.197867 3.362029 47.462521 -0.944859 0.312107 -0.099153 0.138487 0.026062 3 221 0.485004 207 0.412494 222 0.102502
  221 2.207798 6.132131 44.604725 -0.878172 0.457893 0.138377 0.197855 0.024818 3 221 0.498421 222 0.385221 207 0.116358
UV2
  221 2.984877 5.917573 45.290371 -0.930144 0.315443 -0.187957 0.197855 0.043490 3 221 0.529027 222 0.352291 207 0.118682
  221 2.207798 6.132131 44.604725 -0.878172 0.457893 0.138377 0.197855 0.024818 3 221 0.498421 222 0.385221 207 0.116358
  221 1.197867 3.362029 47.462521 -0.944859 0.312107 -0.099153 0.138487 0.026062 3 221 0.485004 207 0.412494 222 0.102502
UV2
  221 2.249568 6.036923 44.531414 -0.911280 -0.093054 -0.401135 0.197855 0.026295 3 221 0.501207 222 0.381954 207 0.116839
  221 1.220630 3.300944 47.482330 -0.772167 -0.434132 -0.463990 0.138433 0.027628 3 221 0.481837 207 0.415394 222 0.102769
  221 2.207798 6.132131 44.604725 -0.878172 0.457893 0.138377 0.197855 0.024818 3 221 0.498421 222 0.385221 207 0.116358
UV2
  221 1.354350 3.677688 47.582458 -0.712950 0.648534 0.266657 0.138433 0.027628 3 221 0.503353 207 0.403314 222 0.093333
  221 2.318908 6.572545 45.323109 -0.949537 0.050940 -0.309491 0.197855 0.024818 3 221 0.533056 222 0.355638 207 0.111306
  221 1.293830 3.631095 47.534431 -0.865669 -0.123914 -0.485038 0.138485 0.026078 3 221 0.505580 207 0.400747 222 0.093673
UV2
  221 2.984877 5.917573 45.290371 -0.930144 0.315443 -0.187957 0.197855 0.043490 3 221 0.529027 222 0.352291 207 0.118682
  221 1.293830 3.631095 47.534431 -0.865669 -0.123914 -0.485038 0.138485 0.026078 3 221 0.505580 207 0.400747 222 0.093673
  221 2.318908 6.572545 45.323109 -0.949537 0.050940 -0.309491 0.197855 0.024818 3 221 0.533056 222 0.355638 207 0.111306
UV2
  221 2.393374 6.606952 45.461220 -0.802884 0.512014 0.305319 0.197855 0.026295 3 221 0.535922 222 0.346801 207 0.117277
  221 2.318908 6.572545 45.323109 -0.949537 0.050940 -0.309491 0.197855 0.024818 3 221 0.533056 222 0.355638 207 0.111306
  221 1.354350 3.677688 47.582458 -0.712950 0.648534 0.266657 0.138433 0.027628 3 221 0.503353 207 0.403314 222 0.093333
UV2
  221 2.393374 6.606952 45.461220 -0.802884 0.512014 0.305319 0.197855 0.026295 3 221 0.535922 222 0.346801 207 0.117277
  222 3.370255 9.772964 42.628635 -0.308190 0.754450 0.579503 0.257454 0.024817 3 222 0.629802 223 0.344023 224 0.026176
  221 2.318908 6.572545 45.323109 -0.949537 0.050940 -0.309491 0.197855 0.024818 3 221 0.533056 222 0.355638 207 0.111306
UV2
  221 2.318908 6.572545 45.323109 -0.949537 0.050940 -0.309491 0.197855 0.024818 3 221 0.533056 222 0.355638 207 0.111306
  222 3.259755 9.675000 42.586540 -0.971223 0.132098 -0.198182 0.257461 0.024323 3 222 0.636663 223 0.337132 224 0.026205
  221 2.984877 5.917573 45.290371 -0.930144 0.315443 -0.187957 0.197855 0.043490 3 221 0.529027 222 0.352291 207 0.118682
UV2
  221 2.318908 6.572545 45.323109 -0.949537 0.050940 -0.309491 0.197855 0.024818 3 221 0.533056 222 0.355638 207 0.111306
  222 3.370255 9.772964 42.628635 -0.308190 0.754450 0.579503 0.257454 0.024817 3 222 0.629802 223 0.344023 224 0.026176
  222 3.259755 9.675000 42.586540 -0.971223 0.132098 -0.198182 0.257461 0.024323 3 222 0.636663 223 0.337132 224 0.026205
UV2
  221 2.984877 5.917573 45.290371 -0.930144 0.315443 -0.187957 0.197855 0.043490 3 221 0.529027 222 0.352291 207 0.118682
  222 4.108141 8.576284 42.651131 -0.947643 0.257415 -0.188970 0.256319 0.042513 3 222 0.661999 223 0.311223 224 0.026778
  221 2.207798 6.132131 44.604725 -0.878172 0.457893 0.138377 0.197855 0.024818 3 221 0.498421 222 0.385221 207 0.116358
UV2
  222 4.108141 8.576284 42.651131 -0.947643 0.257415 -0.188970 0.256319 0.042513 3 222 0.661999 223 0.311223 224 0.026778
  221 2.984877 5.917573 45.290371 -0.930144 0.315443 -0.187957 0.197855 0.043490 3 221 0.529027 222 0.352291 207 0.118682
  222 3.259755 9.675000 42.586540 -0.971223 0.132098 -0.198182 0.257461 0.024323 3 222 0.636663 223 0.337132 224 0.026205
UV2
  221 2.207798 6.132131 44.604725 -0.878172 0.457893 0.138377 0.197855 0.024818 3 221 0.498421 222 0.385221 207 0.116358
  222 3.149157 8.535108 41.889137 -0.912595 0.408772 0.008689 0.253992 0.024817 3 222 0.636363 223 0.336816 224 0.026821
  221 2.249568 6.036923 44.531414 -0.911280 -0.093054 -0.401135 0.197855 0.026295 3 221 0.501207 222 0.381954 207 0.116839
UV2
  222 3.149157 8.535108 41.889137 -0.912595 0.408772 0.008689 0.253992 0.024817 3 222 0.636363 223 0.336816 224 0.026821
  221 2.207798 6.132131 44.604725 -0.878172 0.457893 0.138377 0.197855 0.024818 3 221 0.498421 222 0.385221 207 0.116358
  222 4.108141 8.576284 42.651131 -0.947643 0.257415 -0.188970 0.256319 0.042513 3 222 0.661999 223 0.311223 224 0.026778
UV2
  222 3.179891 8.362160 41.905937 -0.564181 -0.501489 -0.655902 0.253647 0.025779 3 222 0.647310 223 0.325867 224 0.026823
  221 2.249568 6.036923 44.531414 -0.911280 -0.093054 -0.401135 0.197855 0.026295 3 221 0.501207 222 0.381954 207 0.116839
  222 3.149157 8.535108 41.889137 -0.912595 0.408772 0.008689 0.253992 0.024817 3 222 0.636363 223 0.336816 224 0.026821
UV2
  222 3.259755 9.675000 42.586540 -0.971223 0.132098 -0.198182 0.257461 0.024323 3 222 0.636663 223 0.337132 224 0.026205
  223 4.447803 12.137530 39.620941 -0.949253 0.240040 -0.203225 0.307978 0.023932 3 223 0.624853 222 0.211996 224 0.163151
  222 4.108141 8.576284 42.651131 -0.947643 0.257415 -0.188970 0.256319 0.042513 3 222 0.661999 223 0.311223 224 0.026778
UV2
  222 4.108141 8.576284 42.651131 -0.947643 0.257415 -0.188970 0.256319 0.042513 3 222 0.661999 223 0.311223 224 0.026778
  223 5.359581 11.137380 39.497158 -0.938999 0.334499 -0.079945 0.307128 0.040417 3 223 0.622277 222 0.211280 224 0.166443
  222 3.149157 8.535108 41.889137 -0.912595 0.408772 0.008689 0.253992 0.024817 3 222 0.636363 223 0.336816 224 0.026821
UV2
  223 5.359581 11.137380 39.497158 -0.938999 0.334499 -0.079945 0.307128 0.040417 3 223 0.622277 222 0.211280 224 0.166443
  222 4.108141 8.576284 42.651131 -0.947643 0.257415 -0.188970 0.256319 0.042513 3 222 0.661999 223 0.311223 224 0.026778
  223 4.447803 12.137530 39.620941 -0.949253 0.240040 -0.203225 0.307978 0.023932 3 223 0.624853 222 0.211996 224 0.163151
UV2
  222 3.259755 9.675000 42.586540 -0.971223 0.132098 -0.198182 0.257461 0.024323 3 222 0.636663 223 0.337132 224 0.026205
  223 4.566782 12.206466 39.669239 -0.153233 0.850049 0.503921 0.307992 0.024575 3 223 0.630483 222 0.206956 224 0.162562
  223 4.447803 12.137530 39.620941 -0.949253 0.240040 -0.203225 0.307978 0.023932 3 223 0.624853 222 0.211996 224 0.163151
UV2
  222 3.370255 9.772964 42.628635 -0.308190 0.754450 0.579503 0.257454 0.024817 3 222 0.629802 223 0.344023 224 0.026176
  223 4.566782 12.206466 39.669239 -0.153233 0.850049 0.503921 0.307992 0.024575 3 223 0.630483 222 0.206956 224 0.162562
  222 3.259755 9.675000 42.586540 -0.971223 0.132098 -0.198182 0.257461 0.024323 3 222 0.636663 223 0.337132 224 0.026205
UV2
  223 4.208476 11.260830 38.966030 -0.831684 0.545656 0.102768 0.305242 0.023970 3 223 0.632668 222 0.200891 224 0.166441
  222 3.149157 8.535108 41.889137 -0.912595 0.408772 0.008689 0.253992 0.024817 3 222 0.636363 223 0.336816 224 0.026821
  223 5.359581 11.137380 39.497158 -0.938999 0.334499 -0.079945 0.307128 0.040417 3 223 0.622277 222 0.211280 224 0.166443
UV2
  222 3.370255 9.772964 42.628635 -0.308190 0.754450 0.579503 0.257454 0.024817 3 222 0.629802 223 0.344023 224 0.026176
  222 4.013172 9.355028 42.898762 0.152315 0.688960 0.708615 0.257951 0.038693 3 222 0.650771 223 0.323101 224 0.026128
  223 4.566782 12.206466 39.669239 -0.153233 0.850049 0.503921 0.307992 0.024575 3 223 0.630483 222 0.206956 224 0.162562
UV2
  223 4.241852 11.110110 38.956482 -0.649814 -0.469157 -0.598024 0.304829 0.025308 3 223 0.621030 222 0.212291 224 0.166679
  222 3.149157 8.535108 41.889137 -0.912595 0.408772 0.008689 0.253992 0.024817 3 222 0.636363 223 0.336816 224 0.026821
  223 4.208476 11.260830 38.966030 -0.831684 0.545656 0.102768 0.305242 0.023970 3 223 0.632668 222 0.200891 224 0.166441
UV2
  222 3.149157 8.535108 41.889137 -0.912595 0.408772 0.008689 0.253992 0.024817 3 222 0.636363 223 0.336816 224 0.026821
  223 4.241852 11.110110 38.956482 -0.649814 -0.469157 -0.598024 0.304829 0.025308 3 223 0.621030 222 0.212291 224 0.166679
  222 3.179891 8.362160 41.905937 -0.564181 -0.501489 -0.655902 0.253647 0.025779 3 222 0.647310 223 0.325867 224 0.026823
UV2
  224 5.390661 13.170683 35.922352 -0.840747 0.538073 0.060176 0.359445 0.023553 3 224 0.573866 223 0.388685 222 0.037449
  223 4.208476 11.260830 38.966030 -0.831684 0.545656 0.102768 0.305242 0.023970 3 223 0.632668 222 0.200891 224 0.166441
  223 5.359581 11.137380 39.497158 -0.938999 0.334499 -0.079945 0.307128 0.040417 3 223 0.622277 222 0.211280 224 0.166443
UV2
  224 5.390661 13.170683 35.922352 -0.840747 0.538073 0.060176 0.359445 0.023553 3 224 0.573866 223 0.388685 222 0.037449
  223 4.241852 11.110110 38.956482 -0.649814 -0.469157 -0.598024 0.304829 0.025308 3 223 0.621030 222 0.212291 224 0.166679
  223 4.208476 11.260830 38.966030 -0.831684 0.545656 0.102768 0.305242 0.023970 3 223 0.632668 222 0.200891 224 0.166441
UV2
  224 5.725457 13.892576 36.550816 -0.950276 0.258201 -0.174088 0.359461 0.023557 3 224 0.561890 223 0.400656 222 0.037454
  223 5.359581 11.137380 39.497158 -0.938999 0.334499 -0.079945 0.307128 0.040417 3 223 0.622277 222 0.211280 224 0.166443
  223 4.447803 12.137530 39.620941 -0.949253 0.240040 -0.203225 0.307978 0.023932 3 223 0.624853 222 0.211996 224 0.163151
UV2
  224 5.390661 13.170683 35.922352 -0.840747 0.538073 0.060176 0.359445 0.023553 3 224 0.573866 223 0.388685 222 0.037449
  223 5.359581 11.137380 39.497158 -0.938999 0.334499 -0.079945 0.307128 0.040417 3 223 0.622277 222 0.211280 224 0.166443
  224 6.608465 12.945611 36.362003 -0.910102 0.410062 0.059694 0.360336 0.040889 3 224 0.573150 223 0.389485 222 0.037365
UV2
  224 6.608465 12.945611 36.362003 -0.910102 0.410062 0.059694 0.360336 0.040889 3 224 0.573150 223 0.389485 222 0.037365
  223 5.359581 11.137380 39.497158 -0.938999 0.334499 -0.079945 0.307128 0.040417 3 223 0.622277 222 0.211280 224 0.166443
  224 5.725457 13.892576 36.550816 -0.950276 0.258201 -0.174088 0.359461 0.023557 3 224 0.561890 223 0.400656 222 0.037454
UV2
  223 4.566782 12.206466 39.669239 -0.153233 0.850049 0.503921 0.307992 0.024575 3 223 0.630483 222 0.206956 224 0.162562
  224 5.835188 13.923711 36.627731 -0.044151 0.872053 0.487416 0.359277 0.024815 3 224 0.559227 223 0.402836 222 0.037937
  223 4.447803 12.137530 39.620941 -0.949253 0.240040 -0.203225 0.307978 0.023932 3 223 0.624853 222 0.211996 224 0.163151
UV2
  224 5.725457 13.892576 36.550816 -0.950276 0.258201 -0.174088 0.359461 0.023557 3 224 0.561890 223 0.400656 222 0.037454
  223 4.447803 12.137530 39.620941 -0.949253 0.240040 -0.203225 0.307978 0.023932 3 223 0.624853 222 0.211996 224 0.163151
  224 5.835188 13.923711 36.627731 -0.044151 0.872053 0.487416 0.359277 0.024815 3 224 0.559227 223 0.402836 222 0.037937
UV2
  223 4.566782 12.206466 39.669239 -0.153233 0.850049 0.503921 0.307992 0.024575 3 223 0.630483 222 0.206956 224 0.162562
  223 5.309069 11.748713 39.850079 0.301045 0.731887 0.611320 0.308479 0.038906 3 223 0.622110 222 0.214960 224 0.162929
  224 5.835188 13.923711 36.627731 -0.044151 0.872053 0.487416 0.359277 0.024815 3 224 0.559227 223 0.402836 222 0.037937
UV2
  223 5.309069 11.748713 39.850079 0.301045 0.731887 0.611320 0.308479 0.038906 3 223 0.622110 222 0.214960 224 0.162929
  223 4.566782 12.206466 39.669239 -0.153233 0.850049 0.503921 0.307992 0.024575 3 223 0.630483 222 0.206956 224 0.162562
  222 4.013172 9.355028 42.898762 0.152315 0.688960 0.708615 0.257951 0.038693 3 222 0.650771 223 0.323101 224 0.026128
UV2
  224 5.835188 13.923711 36.627731 -0.044151 0.872053 0.487416 0.359277 0.024815 3 224 0.559227 223 0.402836 222 0.037937
  224 6.107632 14.480128 35.690300 -0.029549 0.952687 0.302513 0.382694 0.023508 3 224 0.819683 223 0.176593 222 0.003724
  224 5.725457 13.892576 36.550816 -0.950276 0.258201 -0.174088 0.359461 0.023557 3 224 0.561890 223 0.400656 222 0.037454
UV2
  224 6.637995 13.465930 36.728004 0.328560 0.762199 0.557763 0.359277 0.038147 3 224 0.562311 223 0.397418 222 0.040271
  224 5.835188 13.923711 36.627731 -0.044151 0.872053 0.487416 0.359277 0.024815 3 224 0.559227 223 0.402836 222 0.037937
  223 5.309069 11.748713 39.850079 0.301045 0.731887 0.611320 0.308479 0.038906 3 223 0.622110 222 0.214960 224 0.162929
UV2
  224 6.637995 13.465930 36.728004 0.328560 0.762199 0.557763 0.359277 0.038147 3 224 0.562311 223 0.397418 222 0.040271
  224 6.107632 14.480128 35.690300 -0.029549 0.952687 0.302513 0.382694 0.023508 3 224 0.819683 223 0.176593 222 0.003724
  224 5.835188 13.923711 36.627731 -0.044151 0.872053 0.487416 0.359277 0.024815 3 224 0.559227 223 0.402836 222 0.037937
UV2
  224 6.608465 12.945611 36.362003 -0.910102 0.410062 0.059694 0.360336 0.040889 3 224 0.573150 223 0.389485 222 0.037365
  224 5.725457 13.892576 36.550816 -0.950276 0.258201 -0.174088 0.359461 0.023557 3 224 0.561890 223 0.400656 222 0.037454
  224 6.002663 14.439656 35.595936 -0.930234 0.306999 -0.201035 0.383581 0.022367 3 224 0.820457 223 0.176135 222 0.003408
UV2
  224 6.107632 14.480128 35.690300 -0.029549 0.952687 0.302513 0.382694 0.023508 3 224 0.819683 223 0.176593 222 0.003724
  224 6.002663 14.439656 35.595936 -0.930234 0.306999 -0.201035 0.383581 0.022367 3 224 0.820457 223 0.176135 222 0.003408
  224 5.725457 13.892576 36.550816 -0.950276 0.258201 -0.174088 0.359461 0.023557 3 224 0.561890 223 0.400656 222 0.037454
UV2
  224 6.837300 13.774092 35.413826 -0.927855 0.054667 0.368912 0.385832 0.037228 3 224 0.839778 223 0.156820 222 0.003402
  224 6.608465 12.945611 36.362003 -0.910102 0.410062 0.059694 0.360336 0.040889 3 224 0.573150 223 0.389485 222 0.037365
  224 6.002663 14.439656 35.595936 -0.930234 0.306999 -0.201035 0.383581 0.022367 3 224 0.820457 223 0.176135 222 0.003408
UV2
  224 6.107632 14.480128 35.690300 -0.029549 0.952687 0.302513 0.382694 0.023508 3 224 0.819683 223 0.176593 222 0.003724
  224 6.036419 14.455771 35.407928 -0.896011 0.354275 -0.267681 0.390722 0.022219 2 224 0.910298 223 0.089702
  224 6.002663 14.439656 35.595936 -0.930234 0.306999 -0.201035 0.383581 0.022367 3 224 0.820457 223 0.176135 222 0.003408
UV2
  224 6.837300 13.774092 35.413826 -0.927855 0.054667 0.368912 0.385832 0.037228 3 224 0.839778 223 0.156820 222 0.003402
  224 6.002663 14.439656 35.595936 -0.930234 0.306999 -0.201035 0.383581 0.022367 3 224 0.820457 223 0.176135 222 0.003408
  224 6.036419 14.455771 35.407928 -0.896011 0.354275 -0.267681 0.390722 0.022219 2 224 0.910298 223 0.089702
UV2
  224 6.837300 13.774092 35.413826 -0.927855 0.054667 0.368912 0.385832 0.037228 3 224 0.839778 223 0.156820 222 0.003402
  224 5.783165 13.990268 35.181442 -0.807032 0.590277 -0.016489 0.383439 0.022335 3 224 0.832051 223 0.164539 222 0.003410
  224 6.608465 12.945611 36.362003 -0.910102 0.410062 0.059694 0.360336 0.040889 3 224 0.573150 223 0.389485 222 0.037365
UV2
  224 6.608465 12.945611 36.362003 -0.910102 0.410062 0.059694 0.360336 0.040889 3 224 0.573150 223 0.389485 222 0.037365
  224 5.783165 13.990268 35.181442 -0.807032 0.590277 -0.016489 0.383439 0.022335 3 224 0.832051 223 0.164539 222 0.003410
  224 5.390661 13.170683 35.922352 -0.840747 0.538073 0.060176 0.359445 0.023553 3 224 0.573866 223 0.388685 222 0.037449
UV2
  224 6.837300 13.774092 35.413826 -0.927855 0.054667 0.368912 0.385832 0.037228 3 224 0.839778 223 0.156820 222 0.003402
  224 6.036419 14.455771 35.407928 -0.896011 0.354275 -0.267681 0.390722 0.022219 2 224 0.910298 223 0.089702
  224 6.028068 14.334753 35.241043 -0.898598 0.437921 -0.027344 0.395580 0.022688 2 224 0.928699 223 0.071301
UV2
  224 6.837300 13.774092 35.413826 -0.927855 0.054667 0.368912 0.385832 0.037228 3 224 0.839778 223 0.156820 222 0.003402
  224 5.898828 14.182055 35.152084 -0.775308 0.629686 0.048911 0.390722 0.022146 2 224 0.919459 223 0.080541
  224 5.783165 13.990268 35.181442 -0.807032 0.590277 -0.016489 0.383439 0.022335 3 224 0.832051 223 0.164539 222 0.003410
UV2
  224 6.837300 13.774092 35.413826 -0.927855 0.054667 0.368912 0.385832 0.037228 3 224 0.839778 223 0.156820 222 0.003402
  224 6.028068 14.334753 35.241043 -0.898598 0.437921 -0.027344 0.395580 0.022688 2 224 0.928699 223 0.071301
  224 5.898828 14.182055 35.152084 -0.775308 0.629686 0.048911 0.390722 0.022146 2 224 0.919459 223 0.080541
UV2
  224 5.814830 13.872612 35.128731 -0.511748 -0.189425 -0.837993 0.382694 0.023508 3 224 0.840714 223 0.155147 222 0.004139
  224 5.390661 13.170683 35.922352 -0.840747 0.538073 0.060176 0.359445 0.023553 3 224 0.573866 223 0.388685 222 0.037449
  224 5.783165 13.990268 35.181442 -0.807032 0.590277 -0.016489 0.383439 0.022335 3 224 0.832051 223 0.164539 222 0.003410
UV2
  224 5.814830 13.872612 35.128731 -0.511748 -0.189425 -0.837993 0.382694 0.023508 3 224 0.840714 223 0.155147 222 0.004139
  224 5.783165 13.990268 35.181442 -0.807032 0.590277 -0.016489 0.383439 0.022335 3 224 0.832051 223 0.164539 222 0.003410
  224 5.898828 14.182055 35.152084 -0.775308 0.629686 0.048911 0.390722 0.022146 2 224 0.919459 223 0.080541
UV2
  224 6.147458 14.492903 35.426155 0.104180 0.963551 -0.246408 0.394513 0.023286 2 224 0.917867 223 0.082133
  224 6.028068 14.334753 35.241043 -0.898598 0.437921 -0.027344 0.395580 0.022688 2 224 0.928699 223 0.071301
  224 6.036419 14.455771 35.407928 -0.896011 0.354275 -0.267681 0.390722 0.022219 2 224 0.910298 223 0.089702
UV2
  224 6.147458 14.492903 35.426155 0.104180 0.963551 -0.246408 0.394513 0.023286 2 224 0.917867 223 0.082133
  224 6.036419 14.455771 35.407928 -0.896011 0.354275 -0.267681 0.390722 0.022219 2 224 0.910298 223 0.089702
  224 6.107632 14.480128 35.690300 -0.029549 0.952687 0.302513 0.382694 0.023508 3 224 0.819683 223 0.176593 222 0.003724
UV2
  224 5.968016 14.120586 35.082001 -0.193723 0.252897 -0.947900 0.394513 0.023286 2 224 0.933787 223 0.066213
  224 5.898828 14.182055 35.152084 -0.775308 0.629686 0.048911 0.390722 0.022146 2 224 0.919459 223 0.080541
  224 6.028068 14.334753 35.241043 -0.898598 0.437921 -0.027344 0.395580 0.022688 2 224 0.928699 223 0.071301
UV2
  224 5.968016 14.120586 35.082001 -0.193723 0.252897 -0.947900 0.394513 0.023286 2 224 0.933787 223 0.066213
  224 5.814830 13.872612 35.128731 -0.511748 -0.189425 -0.837993 0.382694 0.023508 3 224 0.840714 223 0.155147 222 0.004139
  224 5.898828 14.182055 35.152084 -0.775308 0.629686 0.048911 0.390722 0.022146 2 224 0.919459 223 0.080541
UV2
  224 6.139709 14.330776 35.199509 0.092251 0.657862 -0.747467 0.401313 0.023948 2 224 0.952078 223 0.047922
  224 6.028068 14.334753 35.241043 -0.898598 0.437921 -0.027344 0.395580 0.022688 2 224 0.928699 223 0.071301
  224 6.147458 14.492903 35.426155 0.104180 0.963551 -0.246408 0.394513 0.023286 2 224 0.917867 223 0.082133
UV2
  224 6.139709 14.330776 35.199509 0.092251 0.657862 -0.747467 0.401313 0.023948 2 224 0.952078 223 0.047922
  224 5.968016 14.120586 35.082001 -0.193723 0.252897 -0.947900 0.394513 0.023286 2 224 0.933787 223 0.066213
  224 6.028068 14.334753 35.241043 -0.898598 0.437921 -0.027344 0.395580 0.022688 2 224 0.928699 223 0.071301
UV2
  224 6.963466 14.056743 35.721626 0.387565 0.856186 0.341671 0.382694 0.037213 3 224 0.831321 223 0.164843 222 0.003836
  224 6.147458 14.492903 35.426155 0.104180 0.963551 -0.246408 0.394513 0.023286 2 224 0.917867 223 0.082133
  224 6.107632 14.480128 35.690300 -0.029549 0.952687 0.302513 0.382694 0.023508 3 224 0.819683 223 0.176593 222 0.003724
UV2
  224 6.637995 13.465930 36.728004 0.328560 0.762199 0.557763 0.359277 0.038147 3 224 0.562311 223 0.397418 222 0.040271
  224 6.963466 14.056743 35.721626 0.387565 0.856186 0.341671 0.382694 0.037213 3 224 0.831321 223 0.164843 222 0.003836
  224 6.107632 14.480128 35.690300 -0.029549 0.952687 0.302513 0.382694 0.023508 3 224 0.819683 223 0.176593 222 0.003724
UV2
  224 7.007119 14.067339 35.457901 0.406121 0.884247 -0.230591 0.394513 0.037055 3 224 0.933797 223 0.066099 222 0.000104
  224 6.139709 14.330776 35.199509 0.092251 0.657862 -0.747467 0.401313 0.023948 2 224 0.952078 223 0.047922
  224 6.147458 14.492903 35.426155 0.104180 0.963551 -0.246408 0.394513 0.023286 2 224 0.917867 223 0.082133
UV2
  224 6.963466 14.056743 35.721626 0.387565 0.856186 0.341671 0.382694 0.037213 3 224 0.831321 223 0.164843 222 0.003836
  224 7.007119 14.067339 35.457901 0.406121 0.884247 -0.230591 0.394513 0.037055 3 224 0.933797 223 0.066099 222 0.000104
  224 6.147458 14.492903 35.426155 0.104180 0.963551 -0.246408 0.394513 0.023286 2 224 0.917867 223 0.082133
UV2
  224 6.987929 13.911722 35.230049 0.264574 0.589823 -0.762961 0.401313 0.037528 2 224 0.969080 223 0.030920
  224 5.968016 14.120586 35.082001 -0.193723 0.252897 -0.947900 0.394513 0.023286 2 224 0.933787 223 0.066213
  224 6.139709 14.330776 35.199509 0.092251 0.657862 -0.747467 0.401313 0.023948 2 224 0.952078 223 0.047922
UV2
  224 7.007119 14.067339 35.457901 0.406121 0.884247 -0.230591 0.394513 0.037055 3 224 0.933797 223 0.066099 222 0.000104
  224 6.987929 13.911722 35.230049 0.264574 0.589823 -0.762961 0.401313 0.037528 2 224 0.969080 223 0.030920
  224 6.139709 14.330776 35.199509 0.092251 0.657862 -0.747467 0.401313 0.023948 2 224 0.952078 223 0.047922
UV2
  224 6.987929 13.911722 35.230049 0.264574 0.589823 -0.762961 0.401313 0.037528 2 224 0.969080 223 0.030920
  224 6.827675 13.695013 35.113735 0.053009 0.110259 -0.992488 0.394513 0.037055 3 224 0.946523 223 0.053362 222 0.000115
  224 5.968016 14.120586 35.082001 -0.193723 0.252897 -0.947900 0.394513 0.023286 2 224 0.933787 223 0.066213
UV2
  224 6.827675 13.695013 35.113735 0.053009 0.110259 -0.992488 0.394513 0.037055 3 224 0.946523 223 0.053362 222 0.000115
  224 5.814830 13.872612 35.128731 -0.511748 -0.189425 -0.837993 0.382694 0.023508 3 224 0.840714 223 0.155147 222 0.004139
  224 5.968016 14.120586 35.082001 -0.193723 0.252897 -0.947900 0.394513 0.023286 2 224 0.933787 223 0.066213
UV2
  224 7.912132 13.685625 35.428307 0.363139 0.900932 -0.237595 0.394513 0.050824 3 224 0.959685 223 0.040151 222 0.000164
  224 6.987929 13.911722 35.230049 0.264574 0.589823 -0.762961 0.401313 0.037528 2 224 0.969080 223 0.030920
  224 7.007119 14.067339 35.457901 0.406121 0.884247 -0.230591 0.394513 0.037055 3 224 0.933797 223 0.066099 222 0.000104
UV2
  224 7.881506 13.536534 35.199234 0.219301 0.610673 -0.760911 0.401313 0.051107 2 224 0.986339 223 0.013661
  224 6.827675 13.695013 35.113735 0.053009 0.110259 -0.992488 0.394513 0.037055 3 224 0.946523 223 0.053362 222 0.000115
  224 6.987929 13.911722 35.230049 0.264574 0.589823 -0.762961 0.401313 0.037528 2 224 0.969080 223 0.030920
UV2
  224 7.912132 13.685625 35.428307 0.363139 0.900932 -0.237595 0.394513 0.050824 3 224 0.959685 223 0.040151 222 0.000164
  224 7.881506 13.536534 35.199234 0.219301 0.610673 -0.760911 0.401313 0.051107 2 224 0.986339 223 0.013661
  224 6.987929 13.911722 35.230049 0.264574 0.589823 -0.762961 0.401313 0.037528 2 224 0.969080 223 0.030920
UV2
  224 7.864665 13.677214 35.691647 0.365185 0.876566 0.313482 0.382694 0.050919 3 224 0.853653 223 0.141864 222 0.004483
  224 7.007119 14.067339 35.457901 0.406121 0.884247 -0.230591 0.394513 0.037055 3 224 0.933797 223 0.066099 222 0.000104
  224 6.963466 14.056743 35.721626 0.387565 0.856186 0.341671 0.382694 0.037213 3 224 0.831321 223 0.164843 222 0.003836
UV2
  224 7.864665 13.677214 35.691647 0.365185 0.876566 0.313482 0.382694 0.050919 3 224 0.853653 223 0.141864 222 0.004483
  224 7.912132 13.685625 35.428307 0.363139 0.900932 -0.237595 0.394513 0.050824 3 224 0.959685 223 0.040151 222 0.000164
  224 7.007119 14.067339 35.457901 0.406121 0.884247 -0.230591 0.394513 0.037055 3 224 0.933797 223 0.066099 222 0.000104
UV2
  224 7.471668 13.058130 36.845924 0.273953 0.795681 0.540223 0.359277 0.051479 3 224 0.571851 223 0.386584 222 0.041565
  224 6.963466 14.056743 35.721626 0.387565 0.856186 0.341671 0.382694 0.037213 3 224 0.831321 223 0.164843 222 0.003836
  224 6.637995 13.465930 36.728004 0.328560 0.762199 0.557763 0.359277 0.038147 3 224 0.562311 223 0.397418 222 0.040271
UV2
  224 7.471668 13.058130 36.845924 0.273953 0.795681 0.540223 0.359277 0.051479 3 224 0.571851 223 0.386584 222 0.041565
  224 7.864665 13.677214 35.691647 0.365185 0.876566 0.313482 0.382694 0.050919 3 224 0.853653 223 0.141864 222 0.004483
  224 6.963466 14.056743 35.721626 0.387565 0.856186 0.341671 0.382694 0.037213 3 224 0.831321 223 0.164843 222 0.003836
UV2
  224 7.471668 13.058130 36.845924 0.273953 0.795681 0.540223 0.359277 0.051479 3 224 0.571851 223 0.386584 222 0.041565
  224 6.637995 13.465930 36.728004 0.328560 0.762199 0.557763 0.359277 0.038147 3 224 0.562311 223 0.397418 222 0.040271
  223 6.054726 11.288842 40.031723 0.219776 0.767757 0.601870 0.310848 0.052074 3 223 0.610502 222 0.224851 224 0.164647
UV2
  223 5.309069 11.748713 39.850079 0.301045 0.731887 0.611320 0.308479 0.038906 3 223 0.622110 222 0.214960 224 0.162929
  223 6.054726 11.288842 40.031723 0.219776 0.767757 0.601870 0.310848 0.052074 3 223 0.610502 222 0.224851 224 0.164647
  224 6.637995 13.465930 36.728004 0.328560 0.762199 0.557763 0.359277 0.038147 3 224 0.562311 223 0.397418 222 0.040271
UV2
  224 8.379143 12.695890 36.979904 0.323189 0.793429 0.515770 0.359277 0.064811 3 224 0.581662 223 0.372173 222 0.046165
  224 7.864665 13.677214 35.691647 0.365185 0.876566 0.313482 0.382694 0.050919 3 224 0.853653 223 0.141864 222 0.004483
  224 7.471668 13.058130 36.845924 0.273953 0.795681 0.540223 0.359277 0.051479 3 224 0.571851 223 0.386584 222 0.041565
UV2
  223 6.054726 11.288842 40.031723 0.219776 0.767757 0.601870 0.310848 0.052074 3 223 0.610502 222 0.224851 224 0.164647
  223 5.309069 11.748713 39.850079 0.301045 0.731887 0.611320 0.308479 0.038906 3 223 0.622110 222 0.214960 224 0.162929
  222 4.662117 8.933084 43.171398 0.159382 0.692955 0.703143 0.258030 0.051806 3 222 0.673003 223 0.300756 224 0.026241
UV2
  222 4.013172 9.355028 42.898762 0.152315 0.688960 0.708615 0.257951 0.038693 3 222 0.650771 223 0.323101 224 0.026128
  222 4.662117 8.933084 43.171398 0.159382 0.692955 0.703143 0.258030 0.051806 3 222 0.673003 223 0.300756 224 0.026241
  223 5.309069 11.748713 39.850079 0.301045 0.731887 0.611320 0.308479 0.038906 3 223 0.622110 222 0.214960 224 0.162929
UV2
  223 6.054726 11.288842 40.031723 0.219776 0.767757 0.601870 0.310848 0.052074 3 223 0.610502 222 0.224851 224 0.164647
  223 6.936257 10.993265 40.240974 0.219532 0.771370 0.597322 0.308342 0.065046 3 223 0.600743 222 0.232172 224 0.167085
  224 7.471668 13.058130 36.845924 0.273953 0.795681 0.540223 0.359277 0.051479 3 224 0.571851 223 0.386584 222 0.041565
UV2
  224 8.379143 12.695890 36.979904 0.323189 0.793429 0.515770 0.359277 0.064811 3 224 0.581662 223 0.372173 222 0.046165
  224 7.471668 13.058130 36.845924 0.273953 0.795681 0.540223 0.359277 0.051479 3 224 0.571851 223 0.386584 222 0.041565
  223 6.936257 10.993265 40.240974 0.219532 0.771370 0.597322 0.308342 0.065046 3 223 0.600743 222 0.232172 224 0.167085
UV2
  222 4.662117 8.933084 43.171398 0.159382 0.692955 0.703143 0.258030 0.051806 3 222 0.673003 223 0.300756 224 0.026241
  222 5.311284 8.511080 43.444145 0.148475 0.692593 0.705882 0.258106 0.064920 3 222 0.695534 223 0.277947 224 0.026520
  223 6.054726 11.288842 40.031723 0.219776 0.767757 0.601870 0.310848 0.052074 3 223 0.610502 222 0.224851 224 0.164647
UV2
  223 6.936257 10.993265 40.240974 0.219532 0.771370 0.597322 0.308342 0.065046 3 223 0.600743 222 0.232172 224 0.167085
  223 6.054726 11.288842 40.031723 0.219776 0.767757 0.601870 0.310848 0.052074 3 223 0.610502 222 0.224851 224 0.164647
  222 5.311284 8.511080 43.444145 0.148475 0.692593 0.705882 0.258106 0.064920 3 222 0.695534 223 0.277947 224 0.026520
UV2
  221 3.386064 6.001877 45.901234 0.094122 0.636273 0.765701 0.197855 0.052024 3 221 0.547330 222 0.329930 207 0.122741
  222 4.662117 8.933084 43.171398 0.159382 0.692955 0.703143 0.258030 0.051806 3 222 0.673003 223 0.300756 224 0.026241
  222 4.013172 9.355028 42.898762 0.152315 0.688960 0.708615 0.257951 0.038693 3 222 0.650771 223 0.323101 224 0.026128
UV2
  221 3.834950 5.639423 46.109272 0.109043 0.655068 0.747660 0.197855 0.064992 3 221 0.557375 222 0.318677 207 0.123948
  222 5.311284 8.511080 43.444145 0.148475 0.692593 0.705882 0.258106 0.064920 3 222 0.695534 223 0.277947 224 0.026520
  222 4.662117 8.933084 43.171398 0.159382 0.692955 0.703143 0.258030 0.051806 3 222 0.673003 223 0.300756 224 0.026241
UV2
  221 3.834950 5.639423 46.109272 0.109043 0.655068 0.747660 0.197855 0.064992 3 221 0.557375 222 0.318677 207 0.123948
  222 4.662117 8.933084 43.171398 0.159382 0.692955 0.703143 0.258030 0.051806 3 222 0.673003 223 0.300756 224 0.026241
  221 3.386064 6.001877 45.901234 0.094122 0.636273 0.765701 0.197855 0.052024 3 221 0.547330 222 0.329930 207 0.122741
UV2
  222 5.311284 8.511080 43.444145 0.148475 0.692593 0.705882 0.258106 0.064920 3 222 0.695534 223 0.277947 224 0.026520
  222 5.960666 8.089001 43.716969 0.155447 0.694304 0.702693 0.258181 0.078034 3 222 0.716441 223 0.257079 224 0.026480
  223 6.936257 10.993265 40.240974 0.219532 0.771370 0.597322 0.308342 0.065046 3 223 0.600743 222 0.232172 224 0.167085
UV2
  221 3.386064 6.001877 45.901234 0.094122 0.636273 0.765701 0.197855 0.052024 3 221 0.547330 222 0.329930 207 0.122741
  222 4.013172 9.355028 42.898762 0.152315 0.688960 0.708615 0.257951 0.038693 3 222 0.650771 223 0.323101 224 0.026128
  221 2.885694 6.306868 45.679432 0.038960 0.633100 0.773089 0.197855 0.039055 3 221 0.540722 222 0.338108 207 0.121170
UV2
  221 2.885694 6.306868 45.679432 0.038960 0.633100 0.773089 0.197855 0.039055 3 221 0.540722 222 0.338108 207 0.121170
  222 4.013172 9.355028 42.898762 0.152315 0.688960 0.708615 0.257951 0.038693 3 222 0.650771 223 0.323101 224 0.026128
  222 3.370255 9.772964 42.628635 -0.308190 0.754450 0.579503 0.257454 0.024817 3 222 0.629802 223 0.344023 224 0.026176
UV2
  221 2.885694 6.306868 45.679432 0.038960 0.633100 0.773089 0.197855 0.039055 3 221 0.540722 222 0.338108 207 0.121170
  222 3.370255 9.772964 42.628635 -0.308190 0.754450 0.579503 0.257454 0.024817 3 222 0.629802 223 0.344023 224 0.026176
  221 2.393374 6.606952 45.461220 0.038749 0.634843 0.771669 0.197855 0.026295 3 221 0.535922 222 0.346801 207 0.117277
UV2
  221 1.693996 3.419725 47.854115 0.032742 0.805665 0.591466 0.138433 0.040156 3 221 0.484781 207 0.423747 222 0.091473
  221 2.885694 6.306868 45.679432 0.038960 0.633100 0.773089 0.197855 0.039055 3 221 0.540722 222 0.338108 207 0.121170
  221 2.393374 6.606952 45.461220 0.038749 0.634843 0.771669 0.197855 0.026295 3 221 0.535922 222 0.346801 207 0.117277
UV2
  221 1.693996 3.419725 47.854115 0.032742 0.805665 0.591466 0.138433 0.040156 3 221 0.484781 207 0.423747 222 0.091473
  221 2.393374 6.606952 45.461220 0.038749 0.634843 0.771669 0.197855 0.026295 3 221 0.535922 222 0.346801 207 0.117277
  221 1.354350 3.677688 47.582458 -0.018801 0.733117 0.679843 0.138433 0.027628 3 221 0.503353 207 0.403314 222 0.093333
UV2
  221 2.033629 3.242009 48.125763 -0.102434 0.867457 0.486853 0.138433 0.052684 3 221 0.470455 207 0.441612 222 0.087933
  221 3.386064 6.001877 45.901234 0.094122 0.636273 0.765701 0.197855 0.052024 3 221 0.547330 222 0.329930 207 0.122741
  221 2.885694 6.306868 45.679432 0.038960 0.633100 0.773089 0.197855 0.039055 3 221 0.540722 222 0.338108 207 0.121170
UV2
  221 2.033629 3.242009 48.125763 -0.102434 0.867457 0.486853 0.138433 0.052684 3 221 0.470455 207 0.441612 222 0.087933
  221 2.885694 6.306868 45.679432 0.038960 0.633100 0.773089 0.197855 0.039055 3 221 0.540722 222 0.338108 207 0.121170
  221 1.693996 3.419725 47.854115 0.032742 0.805665 0.591466 0.138433 0.040156 3 221 0.484781 207 0.423747 222 0.091473
UV2
  207 0.910378 2.850214 49.582039 -0.249497 0.950175 0.186866 0.086016 0.040300 2 207 0.896456 221 0.103544
  221 1.693996 3.419725 47.854115 0.032742 0.805665 0.591466 0.138433 0.040156 3 221 0.484781 207 0.423747 222 0.091473
  221 1.354350 3.677688 47.582458 -0.018801 0.733117 0.679843 0.138433 0.027628 3 221 0.503353 207 0.403314 222 0.093333
UV2
  207 0.910378 2.850214 49.582039 -0.249497 0.950175 0.186866 0.086016 0.040300 2 207 0.896456 221 0.103544
  221 1.354350 3.677688 47.582458 -0.018801 0.733117 0.679843 0.138433 0.027628 3 221 0.503353 207 0.403314 222 0.093333
  207 0.729383 2.845032 49.346363 -0.338076 0.915767 0.216969 0.086016 0.027829 2 207 0.875175 221 0.124825
UV2
  207 1.091377 2.855403 49.817722 -0.193446 0.970998 0.140503 0.086016 0.052771 2 207 0.917736 221 0.082264
  221 2.033629 3.242009 48.125763 -0.102434 0.867457 0.486853 0.138433 0.052684 3 221 0.470455 207 0.441612 222 0.087933
  221 1.693996 3.419725 47.854115 0.032742 0.805665 0.591466 0.138433 0.040156 3 221 0.484781 207 0.423747 222 0.091473
UV2
  207 1.091377 2.855403 49.817722 -0.193446 0.970998 0.140503 0.086016 0.052771 2 207 0.917736 221 0.082264
  221 1.693996 3.419725 47.854115 0.032742 0.805665 0.591466 0.138433 0.040156 3 221 0.484781 207 0.423747 222 0.091473
  207 0.910378 2.850214 49.582039 -0.249497 0.950175 0.186866 0.086016 0.040300 2 207 0.896456 221 0.103544
UV2
  221 2.373271 3.194576 48.397400 -0.201705 0.894107 0.399860 0.138433 0.065213 3 221 0.461613 207 0.453821 222 0.084566
  221 3.386064 6.001877 45.901234 0.094122 0.636273 0.765701 0.197855 0.052024 3 221 0.547330 222 0.329930 207 0.122741
  221 2.033629 3.242009 48.125763 -0.102434 0.867457 0.486853 0.138433 0.052684 3 221 0.470455 207 0.441612 222 0.087933
UV2
  221 2.373271 3.194576 48.397400 -0.201705 0.894107 0.399860 0.138433 0.065213 3 221 0.461613 207 0.453821 222 0.084566
  221 3.834950 5.639423 46.109272 0.109043 0.655068 0.747660 0.197855 0.064992 3 221 0.557375 222 0.318677 207 0.123948
  221 3.386064 6.001877 45.901234 0.094122 0.636273 0.765701 0.197855 0.052024 3 221 0.547330 222 0.329930 207 0.122741
UV2
  207 1.272374 2.860592 50.053406 -0.169733 0.979064 0.112358 0.086016 0.065242 2 207 0.939016 221 0.060984
  221 2.033629 3.242009 48.125763 -0.102434 0.867457 0.486853 0.138433 0.052684 3 221 0.470455 207 0.441612 222 0.087933
  207 1.091377 2.855403 49.817722 -0.193446 0.970998 0.140503 0.086016 0.052771 2 207 0.917736 221 0.082264
UV2
  207 1.272374 2.860592 50.053406 -0.169733 0.979064 0.112358 0.086016 0.065242 2 207 0.939016 221 0.060984
  221 2.373271 3.194576 48.397400 -0.201705 0.894107 0.399860 0.138433 0.065213 3 221 0.461613 207 0.453821 222 0.084566
  221 2.033629 3.242009 48.125763 -0.102434 0.867457 0.486853 0.138433 0.052684 3 221 0.470455 207 0.441612 222 0.087933
UV2
  207 0.411687 2.675500 49.908485 -0.569155 0.819164 0.070942 0.037628 0.039794 1 207 1.000000
  207 0.910378 2.850214 49.582039 -0.249497 0.950175 0.186866 0.086016 0.040300 2 207 0.896456 221 0.103544
  207 0.729383 2.845032 49.346363 -0.338076 0.915767 0.216969 0.086016 0.027829 2 207 0.875175 221 0.124825
UV2
  207 0.411687 2.675500 49.908485 -0.569155 0.819164 0.070942 0.037628 0.039794 1 207 1.000000
  207 0.729383 2.845032 49.346363 -0.338076 0.915767 0.216969 0.086016 0.027829 2 207 0.875175 221 0.124825
  207 0.404927 2.695807 49.587856 -0.567221 0.821078 0.063961 0.037628 0.027120 1 207 1.000000
UV2
  207 0.418451 2.655200 50.229099 -0.549294 0.832808 0.068607 0.037628 0.052467 1 207 1.000000
  207 1.091377 2.855403 49.817722 -0.193446 0.970998 0.140503 0.086016 0.052771 2 207 0.917736 221 0.082264
  207 0.910378 2.850214 49.582039 -0.249497 0.950175 0.186866 0.086016 0.040300 2 207 0.896456 221 0.103544
UV2
  207 0.418451 2.655200 50.229099 -0.549294 0.832808 0.068607 0.037628 0.052467 1 207 1.000000
  207 0.910378 2.850214 49.582039 -0.249497 0.950175 0.186866 0.086016 0.040300 2 207 0.896456 221 0.103544
  207 0.411687 2.675500 49.908485 -0.569155 0.819164 0.070942 0.037628 0.039794 1 207 1.000000
UV2
  207 0.338539 2.581645 49.905083 -0.999775 0.001396 0.021180 0.029101 0.039794 1 207 1.000000
  207 0.411687 2.675500 49.908485 -0.569155 0.819164 0.070942 0.037628 0.039794 1 207 1.000000
  207 0.404927 2.695807 49.587856 -0.567221 0.821078 0.063961 0.037628 0.027120 1 207 1.000000
UV2
  207 0.338539 2.581645 49.905083 -0.999775 0.001396 0.021180 0.029101 0.039794 1 207 1.000000
  207 0.404927 2.695807 49.587856 -0.567221 0.821078 0.063961 0.037628 0.027120 1 207 1.000000
  207 0.331776 2.601944 49.584457 -0.999755 0.005526 0.021437 0.029101 0.027120 1 207 1.000000
UV2
  207 0.345303 2.561338 50.225704 -0.999775 0.001368 0.021175 0.029101 0.052467 1 207 1.000000
  207 0.418451 2.655200 50.229099 -0.549294 0.832808 0.068607 0.037628 0.052467 1 207 1.000000
  207 0.411687 2.675500 49.908485 -0.569155 0.819164 0.070942 0.037628 0.039794 1 207 1.000000
UV2
  207 0.345303 2.561338 50.225704 -0.999775 0.001368 0.021175 0.029101 0.052467 1 207 1.000000
  207 0.411687 2.675500 49.908485 -0.569155 0.819164 0.070942 0.037628 0.039794 1 207 1.000000
  207 0.338539 2.581645 49.905083 -0.999775 0.001396 0.021180 0.029101 0.039794 1 207 1.000000
UV2
  207 0.425215 2.634893 50.549732 -0.537206 0.840752 0.067420 0.037628 0.065140 1 207 1.000000
  207 1.091377 2.855403 49.817722 -0.193446 0.970998 0.140503 0.086016 0.052771 2 207 0.917736 221 0.082264
  207 0.418451 2.655200 50.229099 -0.549294 0.832808 0.068607 0.037628 0.052467 1 207 1.000000
UV2
  207 0.425215 2.634893 50.549732 -0.537206 0.840752 0.067420 0.037628 0.065140 1 207 1.000000
  207 1.272374 2.860592 50.053406 -0.169733 0.979064 0.112358 0.086016 0.065242 2 207 0.939016 221 0.060984
  207 1.091377 2.855403 49.817722 -0.193446 0.970998 0.140503 0.086016 0.052771 2 207 0.917736 221 0.082264
UV2
  207 0.352067 2.541030 50.546329 -0.999775 0.001372 0.021176 0.029101 0.065140 1 207 1.000000
  207 0.418451 2.655200 50.229099 -0.549294 0.832808 0.068607 0.037628 0.052467 1 207 1.000000
  207 0.345303 2.561338 50.225704 -0.999775 0.001368 0.021175 0.029101 0.052467 1 207 1.000000
UV2
  207 0.352067 2.541030 50.546329 -0.999775 0.001372 0.021176 0.029101 0.065140 1 207 1.000000
  207 0.425215 2.634893 50.549732 -0.537206 0.840752 0.067420 0.037628 0.065140 1 207 1.000000
  207 0.418451 2.655200 50.229099 -0.549294 0.832808 0.068607 0.037628 0.052467 1 207 1.000000
UV2
  207 0.411236 2.487562 49.898594 -0.418524 -0.907069 -0.045424 0.037628 0.039794 1 207 1.000000
  207 0.338539 2.581645 49.905083 -0.999775 0.001396 0.021180 0.029101 0.039794 1 207 1.000000
  207 0.331776 2.601944 49.584457 -0.999755 0.005526 0.021437 0.029101 0.027120 1 207 1.000000
UV2
  207 0.411236 2.487562 49.898594 -0.418524 -0.907069 -0.045424 0.037628 0.039794 1 207 1.000000
  207 0.331776 2.601944 49.584457 -0.999755 0.005526 0.021437 0.029101 0.027120 1 207 1.000000
  207 0.404475 2.507862 49.577969 -0.351517 -0.935295 -0.040731 0.037628 0.027120 1 207 1.000000
UV2
  207 0.418000 2.467255 50.219212 -0.411968 -0.909982 -0.047074 0.037628 0.052467 1 207 1.000000
  207 0.345303 2.561338 50.225704 -0.999775 0.001368 0.021175 0.029101 0.052467 1 207 1.000000
  207 0.338539 2.581645 49.905083 -0.999775 0.001396 0.021180 0.029101 0.039794 1 207 1.000000
UV2
  207 0.418000 2.467255 50.219212 -0.411968 -0.909982 -0.047074 0.037628 0.052467 1 207 1.000000
  207 0.338539 2.581645 49.905083 -0.999775 0.001396 0.021180 0.029101 0.039794 1 207 1.000000
  207 0.411236 2.487562 49.898594 -0.418524 -0.907069 -0.045424 0.037628 0.039794 1 207 1.000000
UV2
  207 0.910426 2.525628 49.586582 0.109920 -0.990106 -0.087225 0.086016 0.040300 2 207 0.922522 221 0.077478
  207 0.411236 2.487562 49.898594 -0.418524 -0.907069 -0.045424 0.037628 0.039794 1 207 1.000000
  207 0.404475 2.507862 49.577969 -0.351517 -0.935295 -0.040731 0.037628 0.027120 1 207 1.000000
UV2
  207 0.910426 2.525628 49.586582 0.109920 -0.990106 -0.087225 0.086016 0.040300 2 207 0.922522 221 0.077478
  207 0.404475 2.507862 49.577969 -0.351517 -0.935295 -0.040731 0.037628 0.027120 1 207 1.000000
  207 0.729431 2.520446 49.350918 0.132405 -0.983609 -0.122398 0.086016 0.027829 2 207 0.901243 221 0.098757
UV2
  207 1.091425 2.530810 49.822266 0.102778 -0.992453 -0.066885 0.086016 0.052771 2 207 0.943802 221 0.056198
  207 0.418000 2.467255 50.219212 -0.411968 -0.909982 -0.047074 0.037628 0.052467 1 207 1.000000
  207 0.411236 2.487562 49.898594 -0.418524 -0.907069 -0.045424 0.037628 0.039794 1 207 1.000000
UV2
  207 1.091425 2.530810 49.822266 0.102778 -0.992453 -0.066885 0.086016 0.052771 2 207 0.943802 221 0.056198
  207 0.411236 2.487562 49.898594 -0.418524 -0.907069 -0.045424 0.037628 0.039794 1 207 1.000000
  207 0.910426 2.525628 49.586582 0.109920 -0.990106 -0.087225 0.086016 0.040300 2 207 0.922522 221 0.077478
UV2
  207 0.424764 2.446948 50.539837 -0.407870 -0.911782 -0.047909 0.037628 0.065140 1 207 1.000000
  207 0.345303 2.561338 50.225704 -0.999775 0.001368 0.021175 0.029101 0.052467 1 207 1.000000
  207 0.418000 2.467255 50.219212 -0.411968 -0.909982 -0.047074 0.037628 0.052467 1 207 1.000000
UV2
  207 0.424764 2.446948 50.539837 -0.407870 -0.911782 -0.047909 0.037628 0.065140 1 207 1.000000
  207 0.352067 2.541030 50.546329 -0.999775 0.001372 0.021176 0.029101 0.065140 1 207 1.000000
  207 0.345303 2.561338 50.225704 -0.999775 0.001368 0.021175 0.029101 0.052467 1 207 1.000000
UV2
  207 1.272422 2.535998 50.057949 0.096751 -0.993532 -0.059446 0.086016 0.065242 2 207 0.965082 221 0.034918
  207 0.418000 2.467255 50.219212 -0.411968 -0.909982 -0.047074 0.037628 0.052467 1 207 1.000000
  207 1.091425 2.530810 49.822266 0.102778 -0.992453 -0.066885 0.086016 0.052771 2 207 0.943802 221 0.056198
UV2
  207 1.272422 2.535998 50.057949 0.096751 -0.993532 -0.059446 0.086016 0.065242 2 207 0.965082 221 0.034918
  207 0.424764 2.446948 50.539837 -0.407870 -0.911782 -0.047909 0.037628 0.065140 1 207 1.000000
  207 0.418000 2.467255 50.219212 -0.411968 -0.909982 -0.047074 0.037628 0.052467 1 207 1.000000
UV2
  221 1.560277 3.042980 47.753983 -0.107606 -0.844667 -0.524365 0.138433 0.040156 3 221 0.464259 207 0.436753 222 0.098989
  207 0.910426 2.525628 49.586582 0.109920 -0.990106 -0.087225 0.086016 0.040300 2 207 0.922522 221 0.077478
  207 0.729431 2.520446 49.350918 0.132405 -0.983609 -0.122398 0.086016 0.027829 2 207 0.901243 221 0.098757
UV2
  221 1.560277 3.042980 47.753983 -0.107606 -0.844667 -0.524365 0.138433 0.040156 3 221 0.464259 207 0.436753 222 0.098989
  207 0.729431 2.520446 49.350918 0.132405 -0.983609 -0.122398 0.086016 0.027829 2 207 0.901243 221 0.098757
  221 1.220630 3.300944 47.482330 -0.119104 -0.786417 -0.606104 0.138433 0.027628 3 221 0.481837 207 0.415394 222 0.102769
UV2
  207 1.899910 2.865264 48.025620 0.034409 -0.910084 -0.412992 0.138433 0.052684 3 207 0.454784 221 0.449573 222 0.095643
  207 1.091425 2.530810 49.822266 0.102778 -0.992453 -0.066885 0.086016 0.052771 2 207 0.943802 221 0.056198
  207 0.910426 2.525628 49.586582 0.109920 -0.990106 -0.087225 0.086016 0.040300 2 207 0.922522 221 0.077478
UV2
  207 1.899910 2.865264 48.025620 0.034409 -0.910084 -0.412992 0.138433 0.052684 3 207 0.454784 221 0.449573 222 0.095643
  207 0.910426 2.525628 49.586582 0.109920 -0.990106 -0.087225 0.086016 0.040300 2 207 0.922522 221 0.077478
  221 1.560277 3.042980 47.753983 -0.107606 -0.844667 -0.524365 0.138433 0.040156 3 221 0.464259 207 0.436753 222 0.098989
UV2
  221 2.741888 5.736844 44.749622 -0.130667 -0.715043 -0.686760 0.197855 0.039055 3 221 0.506981 222 0.371231 207 0.121789
  221 1.560277 3.042980 47.753983 -0.107606 -0.844667 -0.524365 0.138433 0.040156 3 221 0.464259 207 0.436753 222 0.098989
  221 1.220630 3.300944 47.482330 -0.119104 -0.786417 -0.606104 0.138433 0.027628 3 221 0.481837 207 0.415394 222 0.102769
UV2
  221 2.741888 5.736844 44.749622 -0.130667 -0.715043 -0.686760 0.197855 0.039055 3 221 0.506981 222 0.371231 207 0.121789
  221 1.220630 3.300944 47.482330 -0.119104 -0.786417 -0.606104 0.138433 0.027628 3 221 0.481837 207 0.415394 222 0.102769
  221 2.249568 6.036923 44.531414 -0.129617 -0.713428 -0.688636 0.197855 0.026295 3 221 0.501207 222 0.381954 207 0.116839
UV2
  221 2.249568 6.036923 44.531414 -0.129617 -0.713428 -0.688636 0.197855 0.026295 3 221 0.501207 222 0.381954 207 0.116839
  222 3.179891 8.362160 41.905937 -0.564181 -0.501489 -0.655902 0.253647 0.025779 3 222 0.647310 223 0.325867 224 0.026823
  221 2.741888 5.736844 44.749622 -0.130667 -0.715043 -0.686760 0.197855 0.039055 3 221 0.506981 222 0.371231 207 0.121789
UV2
  221 3.242256 5.431854 44.971413 -0.136680 -0.722503 -0.677722 0.197855 0.052024 3 221 0.513497 222 0.361251 207 0.125252
  221 1.560277 3.042980 47.753983 -0.107606 -0.844667 -0.524365 0.138433 0.040156 3 221 0.464259 207 0.436753 222 0.098989
  221 2.741888 5.736844 44.749622 -0.130667 -0.715043 -0.686760 0.197855 0.039055 3 221 0.506981 222 0.371231 207 0.121789
UV2
  221 3.242256 5.431854 44.971413 -0.136680 -0.722503 -0.677722 0.197855 0.052024 3 221 0.513497 222 0.361251 207 0.125252
  207 1.899910 2.865264 48.025620 0.034409 -0.910084 -0.412992 0.138433 0.052684 3 207 0.454784 221 0.449573 222 0.095643
  221 1.560277 3.042980 47.753983 -0.107606 -0.844667 -0.524365 0.138433 0.040156 3 221 0.464259 207 0.436753 222 0.098989
UV2
  222 3.816432 7.946279 42.173424 -0.173221 -0.704777 -0.687957 0.253770 0.038737 3 222 0.667826 223 0.305389 224 0.026786
  221 2.741888 5.736844 44.749622 -0.130667 -0.715043 -0.686760 0.197855 0.039055 3 221 0.506981 222 0.371231 207 0.121789
  222 3.179891 8.362160 41.905937 -0.564181 -0.501489 -0.655902 0.253647 0.025779 3 222 0.647310 223 0.325867 224 0.026823
UV2
  221 2.741888 5.736844 44.749622 -0.130667 -0.715043 -0.686760 0.197855 0.039055 3 221 0.506981 222 0.371231 207 0.121789
  222 3.816432 7.946279 42.173424 -0.173221 -0.704777 -0.687957 0.253770 0.038737 3 222 0.667826 223 0.305389 224 0.026786
  221 3.242256 5.431854 44.971413 -0.136680 -0.722503 -0.677722 0.197855 0.052024 3 221 0.513497 222 0.361251 207 0.125252
UV2
  222 3.179891 8.362160 41.905937 -0.564181 -0.501489 -0.655902 0.253647 0.025779 3 222 0.647310 223 0.325867 224 0.026823
  223 4.241852 11.110110 38.956482 -0.649814 -0.469157 -0.598024 0.304829 0.025308 3 223 0.621030 222 0.212291 224 0.166679
  222 3.816432 7.946279 42.173424 -0.173221 -0.704777 -0.687957 0.253770 0.038737 3 222 0.667826 223 0.305389 224 0.026786
UV2
  221 3.742627 5.126850 45.193218 -0.146717 -0.734932 -0.662079 0.197855 0.064992 3 221 0.520478 222 0.352803 207 0.126719
  207 1.899910 2.865264 48.025620 0.034409 -0.910084 -0.412992 0.138433 0.052684 3 207 0.454784 221 0.449573 222 0.095643
  221 3.242256 5.431854 44.971413 -0.136680 -0.722503 -0.677722 0.197855 0.052024 3 221 0.513497 222 0.361251 207 0.125252
UV2
  222 4.459614 7.526031 42.443703 -0.180451 -0.710846 -0.679805 0.253896 0.051832 3 222 0.689860 223 0.283346 224 0.026794
  221 3.242256 5.431854 44.971413 -0.136680 -0.722503 -0.677722 0.197855 0.052024 3 221 0.513497 222 0.361251 207 0.125252
  222 3.816432 7.946279 42.173424 -0.173221 -0.704777 -0.687957 0.253770 0.038737 3 222 0.667826 223 0.305389 224 0.026786
UV2
  221 3.242256 5.431854 44.971413 -0.136680 -0.722503 -0.677722 0.197855 0.052024 3 221 0.513497 222 0.361251 207 0.125252
  222 4.459614 7.526031 42.443703 -0.180451 -0.710846 -0.679805 0.253896 0.051832 3 222 0.689860 223 0.283346 224 0.026794
  221 3.742627 5.126850 45.193218 -0.146717 -0.734932 -0.662079 0.197855 0.064992 3 221 0.520478 222 0.352803 207 0.126719
UV2
  223 4.978541 10.654330 39.135738 -0.283656 -0.712909 -0.641326 0.305299 0.039084 3 223 0.612083 222 0.220738 224 0.167179
  222 3.816432 7.946279 42.173424 -0.173221 -0.704777 -0.687957 0.253770 0.038737 3 222 0.667826 223 0.305389 224 0.026786
  223 4.241852 11.110110 38.956482 -0.649814 -0.469157 -0.598024 0.304829 0.025308 3 223 0.621030 222 0.212291 224 0.166679
UV2
  222 3.816432 7.946279 42.173424 -0.173221 -0.704777 -0.687957 0.253770 0.038737 3 222 0.667826 223 0.305389 224 0.026786
  223 4.978541 10.654330 39.135738 -0.283656 -0.712909 -0.641326 0.305299 0.039084 3 223 0.612083 222 0.220738 224 0.167179
  222 4.459614 7.526031 42.443703 -0.180451 -0.710846 -0.679805 0.253896 0.051832 3 222 0.689860 223 0.283346 224 0.026794
UV2
  223 4.241852 11.110110 38.956482 -0.649814 -0.469157 -0.598024 0.304829 0.025308 3 223 0.621030 222 0.212291 224 0.166679
  224 5.433711 13.057126 35.873196 -0.621171 -0.443393 -0.646180 0.359277 0.024815 3 224 0.574766 223 0.386161 222 0.039073
  223 4.978541 10.654330 39.135738 -0.283656 -0.712909 -0.641326 0.305299 0.039084 3 223 0.612083 222 0.220738 224 0.167179
UV2
  224 5.433711 13.057126 35.873196 -0.621171 -0.443393 -0.646180 0.359277 0.024815 3 224 0.574766 223 0.386161 222 0.039073
  223 4.241852 11.110110 38.956482 -0.649814 -0.469157 -0.598024 0.304829 0.025308 3 223 0.621030 222 0.212291 224 0.166679
  224 5.390661 13.170683 35.922352 -0.840747 0.538073 0.060176 0.359445 0.023553 3 224 0.573866 223 0.388685 222 0.037449
UV2
  224 5.433711 13.057126 35.873196 -0.621171 -0.443393 -0.646180 0.359277 0.024815 3 224 0.574766 223 0.386161 222 0.039073
  224 5.390661 13.170683 35.922352 -0.840747 0.538073 0.060176 0.359445 0.023553 3 224 0.573866 223 0.388685 222 0.037449
  224 5.814830 13.872612 35.128731 -0.511748 -0.189425 -0.837993 0.382694 0.023508 3 224 0.840714 223 0.155147 222 0.004139
UV2
  224 6.236518 12.599351 35.973461 -0.298721 -0.670526 -0.679089 0.359277 0.038147 3 224 0.577184 223 0.379454 222 0.043362
  223 4.978541 10.654330 39.135738 -0.283656 -0.712909 -0.641326 0.305299 0.039084 3 223 0.612083 222 0.220738 224 0.167179
  224 5.433711 13.057126 35.873196 -0.621171 -0.443393 -0.646180 0.359277 0.024815 3 224 0.574766 223 0.386161 222 0.039073
UV2
  224 5.433711 13.057126 35.873196 -0.621171 -0.443393 -0.646180 0.359277 0.024815 3 224 0.574766 223 0.386161 222 0.039073
  224 5.814830 13.872612 35.128731 -0.511748 -0.189425 -0.837993 0.382694 0.023508 3 224 0.840714 223 0.155147 222 0.004139
  224 6.236518 12.599351 35.973461 -0.298721 -0.670526 -0.679089 0.359277 0.038147 3 224 0.577184 223 0.379454 222 0.043362
UV2
  223 5.719133 10.196129 39.315941 -0.288850 -0.718138 -0.633121 0.307499 0.051796 3 223 0.596593 222 0.235224 224 0.168184
  222 4.459614 7.526031 42.443703 -0.180451 -0.710846 -0.679805 0.253896 0.051832 3 222 0.689860 223 0.283346 224 0.026794
  223 4.978541 10.654330 39.135738 -0.283656 -0.712909 -0.641326 0.305299 0.039084 3 223 0.612083 222 0.220738 224 0.167179
UV2
  223 4.978541 10.654330 39.135738 -0.283656 -0.712909 -0.641326 0.305299 0.039084 3 223 0.612083 222 0.220738 224 0.167179
  224 6.236518 12.599351 35.973461 -0.298721 -0.670526 -0.679089 0.359277 0.038147 3 224 0.577184 223 0.379454 222 0.043362
  223 5.719133 10.196129 39.315941 -0.288850 -0.718138 -0.633121 0.307499 0.051796 3 223 0.596593 222 0.235224 224 0.168184
UV2
  224 6.670664 13.449222 35.160057 -0.173716 -0.391973 -0.903427 0.382694 0.037213 3 224 0.854508 223 0.140649 222 0.004843
  224 6.236518 12.599351 35.973461 -0.298721 -0.670526 -0.679089 0.359277 0.038147 3 224 0.577184 223 0.379454 222 0.043362
  224 5.814830 13.872612 35.128731 -0.511748 -0.189425 -0.837993 0.382694 0.023508 3 224 0.840714 223 0.155147 222 0.004139
UV2
  224 6.827675 13.695013 35.113735 0.053009 0.110259 -0.992488 0.394513 0.037055 3 224 0.946523 223 0.053362 222 0.000115
  224 6.670664 13.449222 35.160057 -0.173716 -0.391973 -0.903427 0.382694 0.037213 3 224 0.854508 223 0.140649 222 0.004843
  224 5.814830 13.872612 35.128731 -0.511748 -0.189425 -0.837993 0.382694 0.023508 3 224 0.840714 223 0.155147 222 0.004139
UV2
  224 7.039299 12.141585 36.073719 -0.304145 -0.676973 -0.670226 0.359277 0.051479 3 224 0.583274 223 0.368262 222 0.048464
  223 5.719133 10.196129 39.315941 -0.288850 -0.718138 -0.633121 0.307499 0.051796 3 223 0.596593 222 0.235224 224 0.168184
  224 6.236518 12.599351 35.973461 -0.298721 -0.670526 -0.679089 0.359277 0.038147 3 224 0.577184 223 0.379454 222 0.043362
UV2
  224 6.236518 12.599351 35.973461 -0.298721 -0.670526 -0.679089 0.359277 0.038147 3 224 0.577184 223 0.379454 222 0.043362
  224 6.670664 13.449222 35.160057 -0.173716 -0.391973 -0.903427 0.382694 0.037213 3 224 0.854508 223 0.140649 222 0.004843
  224 7.039299 12.141585 36.073719 -0.304145 -0.676973 -0.670226 0.359277 0.051479 3 224 0.583274 223 0.368262 222 0.048464
UV2
  222 4.459614 7.526031 42.443703 -0.180451 -0.710846 -0.679805 0.253896 0.051832 3 222 0.689860 223 0.283346 224 0.026794
  223 5.719133 10.196129 39.315941 -0.288850 -0.718138 -0.633121 0.307499 0.051796 3 223 0.596593 222 0.235224 224 0.168184
  222 5.103152 7.105684 42.714127 -0.187356 -0.716644 -0.671802 0.254019 0.064928 3 222 0.714455 223 0.258664 224 0.026881
UV2
  222 5.103152 7.105684 42.714127 -0.187356 -0.716644 -0.671802 0.254019 0.064928 3 222 0.714455 223 0.258664 224 0.026881
  221 3.742627 5.126850 45.193218 -0.146717 -0.734932 -0.662079 0.197855 0.064992 3 221 0.520478 222 0.352803 207 0.126719
  222 4.459614 7.526031 42.443703 -0.180451 -0.710846 -0.679805 0.253896 0.051832 3 222 0.689860 223 0.283346 224 0.026794
UV2
  223 5.719133 10.196129 39.315941 -0.288850 -0.718138 -0.633121 0.307499 0.051796 3 223 0.596593 222 0.235224 224 0.168184
  224 7.039299 12.141585 36.073719 -0.304145 -0.676973 -0.670226 0.359277 0.051479 3 224 0.583274 223 0.368262 222 0.048464
  223 6.460158 9.737780 39.496277 -0.293748 -0.723083 -0.625190 0.305031 0.064754 3 223 0.579113 222 0.251122 224 0.169765
UV2
  223 6.460158 9.737780 39.496277 -0.293748 -0.723083 -0.625190 0.305031 0.064754 3 223 0.579113 222 0.251122 224 0.169765
  222 5.103152 7.105684 42.714127 -0.187356 -0.716644 -0.671802 0.254019 0.064928 3 222 0.714455 223 0.258664 224 0.026881
  223 5.719133 10.196129 39.315941 -0.288850 -0.718138 -0.633121 0.307499 0.051796 3 223 0.596593 222 0.235224 224 0.168184
UV2
  224 7.732687 13.313314 35.084148 0.015238 0.136286 -0.990552 0.394513 0.050824 3 224 0.964630 223 0.035215 222 0.000155
  224 6.670664 13.449222 35.160057 -0.173716 -0.391973 -0.903427 0.382694 0.037213 3 224 0.854508 223 0.140649 222 0.004843
  224 6.827675 13.695013 35.113735 0.053009 0.110259 -0.992488 0.394513 0.037055 3 224 0.946523 223 0.053362 222 0.000115
UV2
  224 7.881506 13.536534 35.199234 0.219301 0.610673 -0.760911 0.401313 0.051107 2 224 0.986339 223 0.013661
  224 7.732687 13.313314 35.084148 0.015238 0.136286 -0.990552 0.394513 0.050824 3 224 0.964630 223 0.035215 222 0.000155
  224 6.827675 13.695013 35.113735 0.053009 0.110259 -0.992488 0.394513 0.037055 3 224 0.946523 223 0.053362 222 0.000115
UV2
  224 7.571859 13.069693 35.130066 -0.193128 -0.383516 -0.903115 0.382694 0.050918 3 224 0.870513 223 0.123672 222 0.005815
  224 7.039299 12.141585 36.073719 -0.304145 -0.676973 -0.670226 0.359277 0.051479 3 224 0.583274 223 0.368262 222 0.048464
  224 6.670664 13.449222 35.160057 -0.173716 -0.391973 -0.903427 0.382694 0.037213 3 224 0.854508 223 0.140649 222 0.004843
UV2
  224 7.732687 13.313314 35.084148 0.015238 0.136286 -0.990552 0.394513 0.050824 3 224 0.964630 223 0.035215 222 0.000155
  224 7.571859 13.069693 35.130066 -0.193128 -0.383516 -0.903115 0.382694 0.050918 3 224 0.870513 223 0.123672 222 0.005815
  224 6.670664 13.449222 35.160057 -0.173716 -0.391973 -0.903427 0.382694 0.037213 3 224 0.854508 223 0.140649 222 0.004843
UV2
  224 7.842107 11.683805 36.174004 -0.308821 -0.683372 -0.661537 0.359277 0.064811 3 224 0.591247 223 0.356263 222 0.052490
  223 6.460158 9.737780 39.496277 -0.293748 -0.723083 -0.625190 0.305031 0.064754 3 223 0.579113 222 0.251122 224 0.169765
  224 7.039299 12.141585 36.073719 -0.304145 -0.676973 -0.670226 0.359277 0.051479 3 224 0.583274 223 0.368262 222 0.048464
UV2
  224 7.039299 12.141585 36.073719 -0.304145 -0.676973 -0.670226 0.359277 0.051479 3 224 0.583274 223 0.368262 222 0.048464
  224 7.571859 13.069693 35.130066 -0.193128 -0.383516 -0.903115 0.382694 0.050918 3 224 0.870513 223 0.123672 222 0.005815
  224 7.842107 11.683805 36.174004 -0.308821 -0.683372 -0.661537 0.359277 0.064811 3 224 0.591247 223 0.356263 222 0.052490
UV2
  224 8.809172 13.160347 35.151451 0.302205 0.573301 -0.761576 0.401313 0.064687 2 224 0.993386 223 0.006614
  224 7.732687 13.313314 35.084148 0.015238 0.136286 -0.990552 0.394513 0.050824 3 224 0.964630 223 0.035215 222 0.000155
  224 7.881506 13.536534 35.199234 0.219301 0.610673 -0.760911 0.401313 0.051107 2 224 0.986339 223 0.013661
UV2
  224 8.671776 12.930607 35.037544 0.076868 0.107761 -0.991201 0.394513 0.064592 3 224 0.974318 223 0.025509 222 0.000173
  224 7.571859 13.069693 35.130066 -0.193128 -0.383516 -0.903115 0.382694 0.050918 3 224 0.870513 223 0.123672 222 0.005815
  224 7.732687 13.313314 35.084148 0.015238 0.136286 -0.990552 0.394513 0.050824 3 224 0.964630 223 0.035215 222 0.000155
UV2
  224 8.809172 13.160347 35.151451 0.302205 0.573301 -0.761576 0.401313 0.064687 2 224 0.993386 223 0.006614
  224 8.671776 12.930607 35.037544 0.076868 0.107761 -0.991201 0.394513 0.064592 3 224 0.974318 223 0.025509 222 0.000173
  224 7.732687 13.313314 35.084148 0.015238 0.136286 -0.990552 0.394513 0.050824 3 224 0.964630 223 0.035215 222 0.000155
UV2
  224 8.507098 12.689184 35.083065 -0.167654 -0.387170 -0.906637 0.382694 0.064624 3 224 0.887203 223 0.106486 222 0.006311
  224 7.842107 11.683805 36.174004 -0.308821 -0.683372 -0.661537 0.359277 0.064811 3 224 0.591247 223 0.356263 222 0.052490
  224 7.571859 13.069693 35.130066 -0.193128 -0.383516 -0.903115 0.382694 0.050918 3 224 0.870513 223 0.123672 222 0.005815
UV2
  224 8.671776 12.930607 35.037544 0.076868 0.107761 -0.991201 0.394513 0.064592 3 224 0.974318 223 0.025509 222 0.000173
  224 8.507098 12.689184 35.083065 -0.167654 -0.387170 -0.906637 0.382694 0.064624 3 224 0.887203 223 0.106486 222 0.006311
  224 7.571859 13.069693 35.130066 -0.193128 -0.383516 -0.903115 0.382694 0.050918 3 224 0.870513 223 0.123672 222 0.005815
UV2
  224 8.851222 13.302931 35.381714 0.428974 0.871239 -0.238588 0.394513 0.064592 3 224 0.977133 223 0.022681 222 0.000186
  224 8.809172 13.160347 35.151451 0.302205 0.573301 -0.761576 0.401313 0.064687 2 224 0.993386 223 0.006614
  224 7.881506 13.536534 35.199234 0.219301 0.610673 -0.760911 0.401313 0.051107 2 224 0.986339 223 0.013661
UV2
  224 8.851222 13.302931 35.381714 0.428974 0.871239 -0.238588 0.394513 0.064592 3 224 0.977133 223 0.022681 222 0.000186
  224 7.881506 13.536534 35.199234 0.219301 0.610673 -0.760911 0.401313 0.051107 2 224 0.986339 223 0.013661
  224 7.912132 13.685625 35.428307 0.363139 0.900932 -0.237595 0.394513 0.050824 3 224 0.959685 223 0.040151 222 0.000164
UV2
  224 9.631364 12.691806 35.237980 0.517968 0.442991 -0.731757 0.401313 0.078267 2 224 0.984624 223 0.015376
  224 8.671776 12.930607 35.037544 0.076868 0.107761 -0.991201 0.394513 0.064592 3 224 0.974318 223 0.025509 222 0.000173
  224 8.809172 13.160347 35.151451 0.302205 0.573301 -0.761576 0.401313 0.064687 2 224 0.993386 223 0.006614
UV2
  224 8.799907 13.296711 35.644638 0.410150 0.866234 0.285335 0.382694 0.064624 3 224 0.875215 223 0.118696 222 0.006089
  224 8.851222 13.302931 35.381714 0.428974 0.871239 -0.238588 0.394513 0.064592 3 224 0.977133 223 0.022681 222 0.000186
  224 7.912132 13.685625 35.428307 0.363139 0.900932 -0.237595 0.394513 0.050824 3 224 0.959685 223 0.040151 222 0.000164
UV2
  224 8.799907 13.296711 35.644638 0.410150 0.866234 0.285335 0.382694 0.064624 3 224 0.875215 223 0.118696 222 0.006089
  224 7.912132 13.685625 35.428307 0.363139 0.900932 -0.237595 0.394513 0.050824 3 224 0.959685 223 0.040151 222 0.000164
  224 7.864665 13.677214 35.691647 0.365185 0.876566 0.313482 0.382694 0.050919 3 224 0.853653 223 0.141864 222 0.004483
UV2
  224 8.379143 12.695890 36.979904 0.323189 0.793429 0.515770 0.359277 0.064811 3 224 0.581662 223 0.372173 222 0.046165
  224 8.799907 13.296711 35.644638 0.410150 0.866234 0.285335 0.382694 0.064624 3 224 0.875215 223 0.118696 222 0.006089
  224 7.864665 13.677214 35.691647 0.365185 0.876566 0.313482 0.382694 0.050919 3 224 0.853653 223 0.141864 222 0.004483
UV2
  224 9.684842 12.827868 35.469448 0.619705 0.755020 -0.214267 0.394513 0.078361 3 224 0.964504 223 0.035291 222 0.000205
  224 8.809172 13.160347 35.151451 0.302205 0.573301 -0.761576 0.401313 0.064687 2 224 0.993386 223 0.006614
  224 8.851222 13.302931 35.381714 0.428974 0.871239 -0.238588 0.394513 0.064592 3 224 0.977133 223 0.022681 222 0.000186
UV2
  224 9.684842 12.827868 35.469448 0.619705 0.755020 -0.214267 0.394513 0.078361 3 224 0.964504 223 0.035291 222 0.000205
  224 9.631364 12.691806 35.237980 0.517968 0.442991 -0.731757 0.401313 0.078267 2 224 0.984624 223 0.015376
  224 8.809172 13.160347 35.151451 0.302205 0.573301 -0.761576 0.401313 0.064687 2 224 0.993386 223 0.006614
UV2
  224 9.629717 12.823811 35.731979 0.521397 0.799659 0.297810 0.382694 0.078329 3 224 0.875138 223 0.118138 222 0.006724
  224 8.851222 13.302931 35.381714 0.428974 0.871239 -0.238588 0.394513 0.064592 3 224 0.977133 223 0.022681 222 0.000186
  224 8.799907 13.296711 35.644638 0.410150 0.866234 0.285335 0.382694 0.064624 3 224 0.875215 223 0.118696 222 0.006089
UV2
  224 9.629717 12.823811 35.731979 0.521397 0.799659 0.297810 0.382694 0.078329 3 224 0.875138 223 0.118138 222 0.006724
  224 9.684842 12.827868 35.469448 0.619705 0.755020 -0.214267 0.394513 0.078361 3 224 0.964504 223 0.035291 222 0.000205
  224 8.851222 13.302931 35.381714 0.428974 0.871239 -0.238588 0.394513 0.064592 3 224 0.977133 223 0.022681 222 0.000186
UV2
  224 9.181947 12.238110 37.080185 0.445718 0.729557 0.518730 0.359277 0.078143 3 224 0.579608 223 0.366413 222 0.053979
  224 8.799907 13.296711 35.644638 0.410150 0.866234 0.285335 0.382694 0.064624 3 224 0.875215 223 0.118696 222 0.006089
  224 8.379143 12.695890 36.979904 0.323189 0.793429 0.515770 0.359277 0.064811 3 224 0.581662 223 0.372173 222 0.046165
UV2
  224 9.181947 12.238110 37.080185 0.445718 0.729557 0.518730 0.359277 0.078143 3 224 0.579608 223 0.366413 222 0.053979
  224 9.629717 12.823811 35.731979 0.521397 0.799659 0.297810 0.382694 0.078329 3 224 0.875138 223 0.118138 222 0.006724
  224 8.799907 13.296711 35.644638 0.410150 0.866234 0.285335 0.382694 0.064624 3 224 0.875215 223 0.118696 222 0.006089
UV2
  224 9.181947 12.238110 37.080185 0.445718 0.729557 0.518730 0.359277 0.078143 3 224 0.579608 223 0.366413 222 0.053979
  224 8.379143 12.695890 36.979904 0.323189 0.793429 0.515770 0.359277 0.064811 3 224 0.581662 223 0.372173 222 0.046165
  223 7.682527 10.533186 40.422806 0.394777 0.690614 0.605972 0.308441 0.078288 3 223 0.586743 222 0.246046 224 0.167211
UV2
  223 6.936257 10.993265 40.240974 0.219532 0.771370 0.597322 0.308342 0.065046 3 223 0.600743 222 0.232172 224 0.167085
  223 7.682527 10.533186 40.422806 0.394777 0.690614 0.605972 0.308441 0.078288 3 223 0.586743 222 0.246046 224 0.167211
  224 8.379143 12.695890 36.979904 0.323189 0.793429 0.515770 0.359277 0.064811 3 224 0.581662 223 0.372173 222 0.046165
UV2
  223 7.682527 10.533186 40.422806 0.394777 0.690614 0.605972 0.308441 0.078288 3 223 0.586743 222 0.246046 224 0.167211
  223 6.936257 10.993265 40.240974 0.219532 0.771370 0.597322 0.308342 0.065046 3 223 0.600743 222 0.232172 224 0.167085
  222 5.960666 8.089001 43.716969 0.155447 0.694304 0.702693 0.258181 0.078034 3 222 0.716441 223 0.257079 224 0.026480
UV2
  224 9.866783 11.681741 37.145645 0.456338 0.716452 0.527686 0.359277 0.091475 3 224 0.578399 223 0.363908 222 0.057693
  224 9.629717 12.823811 35.731979 0.521397 0.799659 0.297810 0.382694 0.078329 3 224 0.875138 223 0.118138 222 0.006724
  224 9.181947 12.238110 37.080185 0.445718 0.729557 0.518730 0.359277 0.078143 3 224 0.579608 223 0.366413 222 0.053979
UV2
  223 7.682527 10.533186 40.422806 0.394777 0.690614 0.605972 0.308441 0.078288 3 223 0.586743 222 0.246046 224 0.167211
  223 8.293495 9.908623 40.577137 0.405780 0.693478 0.595340 0.308539 0.091530 3 223 0.567094 222 0.264877 224 0.168029
  224 9.181947 12.238110 37.080185 0.445718 0.729557 0.518730 0.359277 0.078143 3 224 0.579608 223 0.366413 222 0.053979
UV2
  224 9.866783 11.681741 37.145645 0.456338 0.716452 0.527686 0.359277 0.091475 3 224 0.578399 223 0.363908 222 0.057693
  224 9.181947 12.238110 37.080185 0.445718 0.729557 0.518730 0.359277 0.078143 3 224 0.579608 223 0.366413 222 0.053979
  223 8.293495 9.908623 40.577137 0.405780 0.693478 0.595340 0.308539 0.091530 3 223 0.567094 222 0.264877 224 0.168029
UV2
  222 5.960666 8.089001 43.716969 0.155447 0.694304 0.702693 0.258181 0.078034 3 222 0.716441 223 0.257079 224 0.026480
  222 6.610224 7.666881 43.989849 0.178134 0.704594 0.686888 0.258255 0.091149 3 222 0.734059 223 0.239349 224 0.026592
  223 7.682527 10.533186 40.422806 0.394777 0.690614 0.605972 0.308441 0.078288 3 223 0.586743 222 0.246046 224 0.167211
UV2
  223 8.293495 9.908623 40.577137 0.405780 0.693478 0.595340 0.308539 0.091530 3 223 0.567094 222 0.264877 224 0.168029
  223 7.682527 10.533186 40.422806 0.394777 0.690614 0.605972 0.308441 0.078288 3 223 0.586743 222 0.246046 224 0.167211
  222 6.610224 7.666881 43.989849 0.178134 0.704594 0.686888 0.258255 0.091149 3 222 0.734059 223 0.239349 224 0.026592
UV2
  224 9.866783 11.681741 37.145645 0.456338 0.716452 0.527686 0.359277 0.091475 3 224 0.578399 223 0.363908 222 0.057693
  224 10.358335 12.118516 36.071278 0.524862 0.779606 0.341663 0.382694 0.092035 3 224 0.845514 223 0.147213 222 0.007273
  224 9.629717 12.823811 35.731979 0.521397 0.799659 0.297810 0.382694 0.078329 3 224 0.875138 223 0.118138 222 0.006724
UV2
  224 10.358335 12.118516 36.071278 0.524862 0.779606 0.341663 0.382694 0.092035 3 224 0.845514 223 0.147213 222 0.007273
  224 9.684842 12.827868 35.469448 0.619705 0.755020 -0.214267 0.394513 0.078361 3 224 0.964504 223 0.035291 222 0.000205
  224 9.629717 12.823811 35.731979 0.521397 0.799659 0.297810 0.382694 0.078329 3 224 0.875138 223 0.118138 222 0.006724
UV2
  223 8.293495 9.908623 40.577137 0.405780 0.693478 0.595340 0.308539 0.091530 3 223 0.567094 222 0.264877 224 0.168029
  223 9.040308 9.448366 40.759113 0.323541 0.750968 0.575645 0.308634 0.104773 3 223 0.558348 222 0.273751 224 0.167901
  224 9.866783 11.681741 37.145645 0.456338 0.716452 0.527686 0.359277 0.091475 3 224 0.578399 223 0.363908 222 0.057693
UV2
  224 10.358335 12.118516 36.071278 0.524862 0.779606 0.341663 0.382694 0.092035 3 224 0.845514 223 0.147213 222 0.007273
  224 10.417311 12.120380 35.809162 0.654638 0.734151 -0.180199 0.394513 0.092130 3 224 0.940204 223 0.059591 222 0.000205
  224 9.684842 12.827868 35.469448 0.619705 0.755020 -0.214267 0.394513 0.078361 3 224 0.964504 223 0.035291 222 0.000205
UV2
  224 10.417311 12.120380 35.809162 0.654638 0.734151 -0.180199 0.394513 0.092130 3 224 0.940204 223 0.059591 222 0.000205
  224 9.631364 12.691806 35.237980 0.517968 0.442991 -0.731757 0.401313 0.078267 2 224 0.984624 223 0.015376
  224 9.684842 12.827868 35.469448 0.619705 0.755020 -0.214267 0.394513 0.078361 3 224 0.964504 223 0.035291 222 0.000205
UV2
  224 10.651979 11.177070 37.229332 0.394581 0.755641 0.522793 0.359277 0.104806 3 224 0.565068 223 0.374601 222 0.060331
  224 10.358335 12.118516 36.071278 0.524862 0.779606 0.341663 0.382694 0.092035 3 224 0.845514 223 0.147213 222 0.007273
  224 9.866783 11.681741 37.145645 0.456338 0.716452 0.527686 0.359277 0.091475 3 224 0.578399 223 0.363908 222 0.057693
UV2
  224 10.651979 11.177070 37.229332 0.394581 0.755641 0.522793 0.359277 0.104806 3 224 0.565068 223 0.374601 222 0.060331
  224 9.866783 11.681741 37.145645 0.456338 0.716452 0.527686 0.359277 0.091475 3 224 0.578399 223 0.363908 222 0.057693
  223 9.040308 9.448366 40.759113 0.323541 0.750968 0.575645 0.308634 0.104773 3 223 0.558348 222 0.273751 224 0.167901
UV2
  224 11.140525 11.583403 36.236828 0.462913 0.823717 0.327417 0.382694 0.105740 3 224 0.828131 223 0.164585 222 0.007284
  224 10.417311 12.120380 35.809162 0.654638 0.734151 -0.180199 0.394513 0.092130 3 224 0.940204 223 0.059591 222 0.000205
  224 10.358335 12.118516 36.071278 0.524862 0.779606 0.341663 0.382694 0.092035 3 224 0.845514 223 0.147213 222 0.007273
UV2
  224 10.651979 11.177070 37.229332 0.394581 0.755641 0.522793 0.359277 0.104806 3 224 0.565068 223 0.374601 222 0.060331
  224 11.140525 11.583403 36.236828 0.462913 0.823717 0.327417 0.382694 0.105740 3 224 0.828131 223 0.164585 222 0.007284
  224 10.358335 12.118516 36.071278 0.524862 0.779606 0.341663 0.382694 0.092035 3 224 0.845514 223 0.147213 222 0.007273
UV2
  223 9.040308 9.448366 40.759113 0.323541 0.750968 0.575645 0.308634 0.104773 3 223 0.558348 222 0.273751 224 0.167901
  223 8.293495 9.908623 40.577137 0.405780 0.693478 0.595340 0.308539 0.091530 3 223 0.567094 222 0.264877 224 0.168029
  222 7.259991 7.244697 44.262844 0.182816 0.715300 0.674480 0.258327 0.104265 3 222 0.749283 223 0.216578 221 0.034139
UV2
  222 6.610224 7.666881 43.989849 0.178134 0.704594 0.686888 0.258255 0.091149 3 222 0.734059 223 0.239349 224 0.026592
  222 7.259991 7.244697 44.262844 0.182816 0.715300 0.674480 0.258327 0.104265 3 222 0.749283 223 0.216578 221 0.034139
  223 8.293495 9.908623 40.577137 0.405780 0.693478 0.595340 0.308539 0.091530 3 223 0.567094 222 0.264877 224 0.168029
UV2
  223 9.040308 9.448366 40.759113 0.323541 0.750968 0.575645 0.308634 0.104773 3 223 0.558348 222 0.273751 224 0.167901
  223 9.784354 8.990000 40.940430 0.658748 0.478218 0.580825 0.309049 0.117709 3 223 0.557125 222 0.276009 224 0.166866
  224 10.651979 11.177070 37.229332 0.394581 0.755641 0.522793 0.359277 0.104806 3 224 0.565068 223 0.374601 222 0.060331
UV2
  221 5.387560 4.781889 46.788425 0.133238 0.725527 0.675173 0.197855 0.103898 3 221 0.578502 222 0.295965 207 0.125532
  222 7.259991 7.244697 44.262844 0.182816 0.715300 0.674480 0.258327 0.104265 3 222 0.749283 223 0.216578 221 0.034139
  222 6.610224 7.666881 43.989849 0.178134 0.704594 0.686888 0.258255 0.091149 3 222 0.734059 223 0.239349 224 0.026592
UV2
  222 7.259991 7.244697 44.262844 0.182816 0.715300 0.674480 0.258327 0.104265 3 222 0.749283 223 0.216578 221 0.034139
  222 7.904143 6.826370 44.533459 0.540624 0.470067 0.697683 0.258394 0.117257 3 222 0.720291 223 0.209597 221 0.070112
  223 9.040308 9.448366 40.759113 0.323541 0.750968 0.575645 0.308634 0.104773 3 223 0.558348 222 0.273751 224 0.167901
UV2
  223 9.784354 8.990000 40.940430 0.658748 0.478218 0.580825 0.309049 0.117709 3 223 0.557125 222 0.276009 224 0.166866
  223 9.040308 9.448366 40.759113 0.323541 0.750968 0.575645 0.308634 0.104773 3 223 0.558348 222 0.273751 224 0.167901
  222 7.904143 6.826370 44.533459 0.540624 0.470067 0.697683 0.258394 0.117257 3 222 0.720291 223 0.209597 221 0.070112
UV2
  221 5.879880 4.481794 47.006657 0.602111 0.304399 0.738108 0.197855 0.116658 3 221 0.591168 222 0.284462 207 0.124370
  222 7.259991 7.244697 44.262844 0.182816 0.715300 0.674480 0.258327 0.104265 3 222 0.749283 223 0.216578 221 0.034139
  221 5.387560 4.781889 46.788425 0.133238 0.725527 0.675173 0.197855 0.103898 3 221 0.578502 222 0.295965 207 0.125532
UV2
  221 5.879880 4.481794 47.006657 0.602111 0.304399 0.738108 0.197855 0.116658 3 221 0.591168 222 0.284462 207 0.124370
  222 7.904143 6.826370 44.533459 0.540624 0.470067 0.697683 0.258394 0.117257 3 222 0.720291 223 0.209597 221 0.070112
  222 7.259991 7.244697 44.262844 0.182816 0.715300 0.674480 0.258327 0.104265 3 222 0.749283 223 0.216578 221 0.034139
UV2
  221 5.387560 4.781889 46.788425 0.133238 0.725527 0.675173 0.197855 0.103898 3 221 0.578502 222 0.295965 207 0.125532
  222 6.610224 7.666881 43.989849 0.178134 0.704594 0.686888 0.258255 0.091149 3 222 0.734059 223 0.239349 224 0.026592
  221 4.887182 5.086885 46.566628 0.074548 0.721073 0.688837 0.197855 0.090930 3 221 0.567643 222 0.307223 207 0.125134
UV2
  221 4.887182 5.086885 46.566628 0.074548 0.721073 0.688837 0.197855 0.090930 3 221 0.567643 222 0.307223 207 0.125134
  222 6.610224 7.666881 43.989849 0.178134 0.704594 0.686888 0.258255 0.091149 3 222 0.734059 223 0.239349 224 0.026592
  222 5.960666 8.089001 43.716969 0.155447 0.694304 0.702693 0.258181 0.078034 3 222 0.716441 223 0.257079 224 0.026480
UV2
  207 3.731845 3.135186 49.484013 -0.086340 0.944962 0.315582 0.138433 0.115326 3 207 0.490298 221 0.438945 222 0.070757
  221 5.879880 4.481794 47.006657 0.602111 0.304399 0.738108 0.197855 0.116658 3 221 0.591168 222 0.284462 207 0.124370
  221 5.387560 4.781889 46.788425 0.133238 0.725527 0.675173 0.197855 0.103898 3 221 0.578502 222 0.295965 207 0.125532
UV2
  221 4.887182 5.086885 46.566628 0.074548 0.721073 0.688837 0.197855 0.090930 3 221 0.567643 222 0.307223 207 0.125134
  222 5.960666 8.089001 43.716969 0.155447 0.694304 0.702693 0.258181 0.078034 3 222 0.716441 223 0.257079 224 0.026480
  221 4.335336 5.334419 46.331074 0.050183 0.702631 0.709783 0.197855 0.077961 3 221 0.563781 222 0.311669 207 0.124551
UV2
  221 4.335336 5.334419 46.331074 0.050183 0.702631 0.709783 0.197855 0.077961 3 221 0.563781 222 0.311669 207 0.124551
  222 5.960666 8.089001 43.716969 0.155447 0.694304 0.702693 0.258181 0.078034 3 222 0.716441 223 0.257079 224 0.026480
  222 5.311284 8.511080 43.444145 0.148475 0.692593 0.705882 0.258106 0.064920 3 222 0.695534 223 0.277947 224 0.026520
UV2
  221 4.335336 5.334419 46.331074 0.050183 0.702631 0.709783 0.197855 0.077961 3 221 0.563781 222 0.311669 207 0.124551
  222 5.311284 8.511080 43.444145 0.148475 0.692593 0.705882 0.258106 0.064920 3 222 0.695534 223 0.277947 224 0.026520
  221 3.834950 5.639423 46.109272 0.109043 0.655068 0.747660 0.197855 0.064992 3 221 0.557375 222 0.318677 207 0.123948
UV2
  207 3.731845 3.135186 49.484013 -0.086340 0.944962 0.315582 0.138433 0.115326 3 207 0.490298 221 0.438945 222 0.070757
  221 5.387560 4.781889 46.788425 0.133238 0.725527 0.675173 0.197855 0.103898 3 221 0.578502 222 0.295965 207 0.125532
  207 3.392200 3.182604 49.212341 -0.152335 0.945269 0.288550 0.138433 0.102798 3 207 0.480879 221 0.444422 222 0.074699
UV2
  207 3.392200 3.182604 49.212341 -0.152335 0.945269 0.288550 0.138433 0.102798 3 207 0.480879 221 0.444422 222 0.074699
  221 5.387560 4.781889 46.788425 0.133238 0.725527 0.675173 0.197855 0.103898 3 221 0.578502 222 0.295965 207 0.125532
  221 4.887182 5.086885 46.566628 0.074548 0.721073 0.688837 0.197855 0.090930 3 221 0.567643 222 0.307223 207 0.125134
UV2
  207 1.996364 2.881325 50.996120 -0.130199 0.987325 0.090763 0.086016 0.115124 1 207 1.000000
  207 3.731845 3.135186 49.484013 -0.086340 0.944962 0.315582 0.138433 0.115326 3 207 0.490298 221 0.438945 222 0.070757
  207 3.392200 3.182604 49.212341 -0.152335 0.945269 0.288550 0.138433 0.102798 3 207 0.480879 221 0.444422 222 0.074699
UV2
  207 3.052556 3.177849 48.940716 -0.234345 0.931055 0.279675 0.138433 0.090269 3 207 0.474900 221 0.448459 222 0.076642
  221 4.887182 5.086885 46.566628 0.074548 0.721073 0.688837 0.197855 0.090930 3 221 0.567643 222 0.307223 207 0.125134
  221 4.335336 5.334419 46.331074 0.050183 0.702631 0.709783 0.197855 0.077961 3 221 0.563781 222 0.311669 207 0.124551
UV2
  207 3.392200 3.182604 49.212341 -0.152335 0.945269 0.288550 0.138433 0.102798 3 207 0.480879 221 0.444422 222 0.074699
  221 4.887182 5.086885 46.566628 0.074548 0.721073 0.688837 0.197855 0.090930 3 221 0.567643 222 0.307223 207 0.125134
  207 3.052556 3.177849 48.940716 -0.234345 0.931055 0.279675 0.138433 0.090269 3 207 0.474900 221 0.448459 222 0.076642
UV2
  207 2.712919 3.162034 48.669056 -0.226245 0.916639 0.329525 0.138433 0.077741 3 207 0.465938 221 0.454148 222 0.079913
  221 4.335336 5.334419 46.331074 0.050183 0.702631 0.709783 0.197855 0.077961 3 221 0.563781 222 0.311669 207 0.124551
  221 3.834950 5.639423 46.109272 0.109043 0.655068 0.747660 0.197855 0.064992 3 221 0.557375 222 0.318677 207 0.123948
UV2
  207 3.052556 3.177849 48.940716 -0.234345 0.931055 0.279675 0.138433 0.090269 3 207 0.474900 221 0.448459 222 0.076642
  221 4.335336 5.334419 46.331074 0.050183 0.702631 0.709783 0.197855 0.077961 3 221 0.563781 222 0.311669 207 0.124551
  207 2.712919 3.162034 48.669056 -0.226245 0.916639 0.329525 0.138433 0.077741 3 207 0.465938 221 0.454148 222 0.079913
UV2
  207 2.712919 3.162034 48.669056 -0.226245 0.916639 0.329525 0.138433 0.077741 3 207 0.465938 221 0.454148 222 0.079913
  221 3.834950 5.639423 46.109272 0.109043 0.655068 0.747660 0.197855 0.064992 3 221 0.557375 222 0.318677 207 0.123948
  221 2.373271 3.194576 48.397400 -0.201705 0.894107 0.399860 0.138433 0.065213 3 221 0.461613 207 0.453821 222 0.084566
UV2
  207 1.996364 2.881325 50.996120 -0.130199 0.987325 0.090763 0.086016 0.115124 1 207 1.000000
  207 3.392200 3.182604 49.212341 -0.152335 0.945269 0.288550 0.138433 0.102798 3 207 0.480879 221 0.444422 222 0.074699
  207 1.815365 2.876137 50.760445 -0.140978 0.986199 0.086809 0.086016 0.102654 1 207 1.000000
UV2
  207 1.815365 2.876137 50.760445 -0.140978 0.986199 0.086809 0.086016 0.102654 1 207 1.000000
  207 3.392200 3.182604 49.212341 -0.152335 0.945269 0.288550 0.138433 0.102798 3 207 0.480879 221 0.444422 222 0.074699
  207 3.052556 3.177849 48.940716 -0.234345 0.931055 0.279675 0.138433 0.090269 3 207 0.474900 221 0.448459 222 0.076642
UV2
  207 0.452268 2.553672 51.832230 -0.574956 0.815523 0.065939 0.037628 0.115834 1 207 1.000000
  207 1.996364 2.881325 50.996120 -0.130199 0.987325 0.090763 0.086016 0.115124 1 207 1.000000
  207 1.815365 2.876137 50.760445 -0.140978 0.986199 0.086809 0.086016 0.102654 1 207 1.000000
UV2
  207 1.634367 2.870955 50.524765 -0.146971 0.985021 0.090183 0.086016 0.090183 2 207 0.981578 221 0.018422
  207 3.052556 3.177849 48.940716 -0.234345 0.931055 0.279675 0.138433 0.090269 3 207 0.474900 221 0.448459 222 0.076642
  207 2.712919 3.162034 48.669056 -0.226245 0.916639 0.329525 0.138433 0.077741 3 207 0.465938 221 0.454148 222 0.079913
UV2
  207 1.815365 2.876137 50.760445 -0.140978 0.986199 0.086809 0.086016 0.102654 1 207 1.000000
  207 3.052556 3.177849 48.940716 -0.234345 0.931055 0.279675 0.138433 0.090269 3 207 0.474900 221 0.448459 222 0.076642
  207 1.634367 2.870955 50.524765 -0.146971 0.985021 0.090183 0.086016 0.090183 2 207 0.981578 221 0.018422
UV2
  207 1.453372 2.865773 50.289082 -0.153037 0.983272 0.098770 0.086016 0.077712 2 207 0.960297 221 0.039703
  207 2.712919 3.162034 48.669056 -0.226245 0.916639 0.329525 0.138433 0.077741 3 207 0.465938 221 0.454148 222 0.079913
  221 2.373271 3.194576 48.397400 -0.201705 0.894107 0.399860 0.138433 0.065213 3 221 0.461613 207 0.453821 222 0.084566
UV2
  207 1.634367 2.870955 50.524765 -0.146971 0.985021 0.090183 0.086016 0.090183 2 207 0.981578 221 0.018422
  207 2.712919 3.162034 48.669056 -0.226245 0.916639 0.329525 0.138433 0.077741 3 207 0.465938 221 0.454148 222 0.079913
  207 1.453372 2.865773 50.289082 -0.153037 0.983272 0.098770 0.086016 0.077712 2 207 0.960297 221 0.039703
UV2
  207 1.453372 2.865773 50.289082 -0.153037 0.983272 0.098770 0.086016 0.077712 2 207 0.960297 221 0.039703
  221 2.373271 3.194576 48.397400 -0.201705 0.894107 0.399860 0.138433 0.065213 3 221 0.461613 207 0.453821 222 0.084566
  207 1.272374 2.860592 50.053406 -0.169733 0.979064 0.112358 0.086016 0.065242 2 207 0.939016 221 0.060984
UV2
  207 0.452268 2.553672 51.832230 -0.574956 0.815523 0.065939 0.037628 0.115834 1 207 1.000000
  207 1.815365 2.876137 50.760445 -0.140978 0.986199 0.086809 0.086016 0.102654 1 207 1.000000
  207 0.445505 2.573979 51.511604 -0.518979 0.852229 0.066081 0.037628 0.103160 1 207 1.000000
UV2
  207 0.445505 2.573979 51.511604 -0.518979 0.852229 0.066081 0.037628 0.103160 1 207 1.000000
  207 1.815365 2.876137 50.760445 -0.140978 0.986199 0.086809 0.086016 0.102654 1 207 1.000000
  207 1.634367 2.870955 50.524765 -0.146971 0.985021 0.090183 0.086016 0.090183 2 207 0.981578 221 0.018422
UV2
  207 0.379117 2.459817 51.828831 -0.999777 -0.002739 0.020923 0.029101 0.115834 1 207 1.000000
  207 0.452268 2.553672 51.832230 -0.574956 0.815523 0.065939 0.037628 0.115834 1 207 1.000000
  207 0.445505 2.573979 51.511604 -0.518979 0.852229 0.066081 0.037628 0.103160 1 207 1.000000
UV2
  207 0.438741 2.594286 51.190990 -0.523319 0.849550 0.066340 0.037628 0.090487 1 207 1.000000
  207 1.634367 2.870955 50.524765 -0.146971 0.985021 0.090183 0.086016 0.090183 2 207 0.981578 221 0.018422
  207 1.453372 2.865773 50.289082 -0.153037 0.983272 0.098770 0.086016 0.077712 2 207 0.960297 221 0.039703
UV2
  207 0.445505 2.573979 51.511604 -0.518979 0.852229 0.066081 0.037628 0.103160 1 207 1.000000
  207 1.634367 2.870955 50.524765 -0.146971 0.985021 0.090183 0.086016 0.090183 2 207 0.981578 221 0.018422
  207 0.438741 2.594286 51.190990 -0.523319 0.849550 0.066340 0.037628 0.090487 1 207 1.000000
UV2
  207 0.431978 2.614586 50.870361 -0.529112 0.845923 0.066742 0.037628 0.077814 1 207 1.000000
  207 1.453372 2.865773 50.289082 -0.153037 0.983272 0.098770 0.086016 0.077712 2 207 0.960297 221 0.039703
  207 1.272374 2.860592 50.053406 -0.169733 0.979064 0.112358 0.086016 0.065242 2 207 0.939016 221 0.060984
UV2
  207 0.438741 2.594286 51.190990 -0.523319 0.849550 0.066340 0.037628 0.090487 1 207 1.000000
  207 1.453372 2.865773 50.289082 -0.153037 0.983272 0.098770 0.086016 0.077712 2 207 0.960297 221 0.039703
  207 0.431978 2.614586 50.870361 -0.529112 0.845923 0.066742 0.037628 0.077814 1 207 1.000000
UV2
  207 0.431978 2.614586 50.870361 -0.529112 0.845923 0.066742 0.037628 0.077814 1 207 1.000000
  207 1.272374 2.860592 50.053406 -0.169733 0.979064 0.112358 0.086016 0.065242 2 207 0.939016 221 0.060984
  207 0.425215 2.634893 50.549732 -0.537206 0.840752 0.067420 0.037628 0.065140 1 207 1.000000
UV2
  207 0.379117 2.459817 51.828831 -0.999777 -0.002739 0.020923 0.029101 0.115834 1 207 1.000000
  207 0.445505 2.573979 51.511604 -0.518979 0.852229 0.066081 0.037628 0.103160 1 207 1.000000
  207 0.372354 2.480116 51.508217 -0.999775 0.001374 0.021176 0.029101 0.103160 1 207 1.000000
UV2
  207 0.372354 2.480116 51.508217 -0.999775 0.001374 0.021176 0.029101 0.103160 1 207 1.000000
  207 0.445505 2.573979 51.511604 -0.518979 0.852229 0.066081 0.037628 0.103160 1 207 1.000000
  207 0.438741 2.594286 51.190990 -0.523319 0.849550 0.066340 0.037628 0.090487 1 207 1.000000
UV2
  207 0.451814 2.365733 51.822338 -0.486179 -0.872700 -0.044999 0.037628 0.115834 1 207 1.000000
  207 0.379117 2.459817 51.828831 -0.999777 -0.002739 0.020923 0.029101 0.115834 1 207 1.000000
  207 0.372354 2.480116 51.508217 -0.999775 0.001374 0.021176 0.029101 0.103160 1 207 1.000000
UV2
  207 0.365590 2.500423 51.187588 -0.999775 0.001393 0.021175 0.029101 0.090487 1 207 1.000000
  207 0.438741 2.594286 51.190990 -0.523319 0.849550 0.066340 0.037628 0.090487 1 207 1.000000
  207 0.431978 2.614586 50.870361 -0.529112 0.845923 0.066742 0.037628 0.077814 1 207 1.000000
UV2
  207 0.372354 2.480116 51.508217 -0.999775 0.001374 0.021176 0.029101 0.103160 1 207 1.000000
  207 0.438741 2.594286 51.190990 -0.523319 0.849550 0.066340 0.037628 0.090487 1 207 1.000000
  207 0.365590 2.500423 51.187588 -0.999775 0.001393 0.021175 0.029101 0.090487 1 207 1.000000
UV2
  207 0.358829 2.520731 50.866943 -0.999775 0.001383 0.021173 0.029101 0.077814 1 207 1.000000
  207 0.431978 2.614586 50.870361 -0.529112 0.845923 0.066742 0.037628 0.077814 1 207 1.000000
  207 0.425215 2.634893 50.549732 -0.537206 0.840752 0.067420 0.037628 0.065140 1 207 1.000000
UV2
  207 0.365590 2.500423 51.187588 -0.999775 0.001393 0.021175 0.029101 0.090487 1 207 1.000000
  207 0.431978 2.614586 50.870361 -0.529112 0.845923 0.066742 0.037628 0.077814 1 207 1.000000
  207 0.358829 2.520731 50.866943 -0.999775 0.001383 0.021173 0.029101 0.077814 1 207 1.000000
UV2
  207 0.358829 2.520731 50.866943 -0.999775 0.001383 0.021173 0.029101 0.077814 1 207 1.000000
  207 0.425215 2.634893 50.549732 -0.537206 0.840752 0.067420 0.037628 0.065140 1 207 1.000000
  207 0.352067 2.541030 50.546329 -0.999775 0.001372 0.021176 0.029101 0.065140 1 207 1.000000
UV2
  207 0.451814 2.365733 51.822338 -0.486179 -0.872700 -0.044999 0.037628 0.115834 1 207 1.000000
  207 0.372354 2.480116 51.508217 -0.999775 0.001374 0.021176 0.029101 0.103160 1 207 1.000000
  207 0.445054 2.386034 51.501709 -0.401419 -0.914585 -0.048949 0.037628 0.103160 1 207 1.000000
UV2
  207 0.445054 2.386034 51.501709 -0.401419 -0.914585 -0.048949 0.037628 0.103160 1 207 1.000000
  207 0.372354 2.480116 51.508217 -0.999775 0.001374 0.021176 0.029101 0.103160 1 207 1.000000
  207 0.365590 2.500423 51.187588 -0.999775 0.001393 0.021175 0.029101 0.090487 1 207 1.000000
UV2
  207 1.996412 2.556732 51.000664 0.095903 -0.993981 -0.052959 0.086016 0.115124 1 207 1.000000
  207 0.451814 2.365733 51.822338 -0.486179 -0.872700 -0.044999 0.037628 0.115834 1 207 1.000000
  207 0.445054 2.386034 51.501709 -0.401419 -0.914585 -0.048949 0.037628 0.103160 1 207 1.000000
UV2
  207 0.438290 2.406333 51.181095 -0.403007 -0.913898 -0.048736 0.037628 0.090487 1 207 1.000000
  207 0.365590 2.500423 51.187588 -0.999775 0.001393 0.021175 0.029101 0.090487 1 207 1.000000
  207 0.358829 2.520731 50.866943 -0.999775 0.001383 0.021173 0.029101 0.077814 1 207 1.000000
UV2
  207 0.445054 2.386034 51.501709 -0.401419 -0.914585 -0.048949 0.037628 0.103160 1 207 1.000000
  207 0.365590 2.500423 51.187588 -0.999775 0.001393 0.021175 0.029101 0.090487 1 207 1.000000
  207 0.438290 2.406333 51.181095 -0.403007 -0.913898 -0.048736 0.037628 0.090487 1 207 1.000000
UV2
  207 0.431527 2.426647 50.860466 -0.405057 -0.913008 -0.048420 0.037628 0.077814 1 207 1.000000
  207 0.358829 2.520731 50.866943 -0.999775 0.001383 0.021173 0.029101 0.077814 1 207 1.000000
  207 0.352067 2.541030 50.546329 -0.999775 0.001372 0.021176 0.029101 0.065140 1 207 1.000000
UV2
  207 0.438290 2.406333 51.181095 -0.403007 -0.913898 -0.048736 0.037628 0.090487 1 207 1.000000
  207 0.358829 2.520731 50.866943 -0.999775 0.001383 0.021173 0.029101 0.077814 1 207 1.000000
  207 0.431527 2.426647 50.860466 -0.405057 -0.913008 -0.048420 0.037628 0.077814 1 207 1.000000
UV2
  207 0.431527 2.426647 50.860466 -0.405057 -0.913008 -0.048420 0.037628 0.077814 1 207 1.000000
  207 0.352067 2.541030 50.546329 -0.999775 0.001372 0.021176 0.029101 0.065140 1 207 1.000000
  207 0.424764 2.446948 50.539837 -0.407870 -0.911782 -0.047909 0.037628 0.065140 1 207 1.000000
UV2
  207 1.996412 2.556732 51.000664 0.095903 -0.993981 -0.052959 0.086016 0.115124 1 207 1.000000
  207 0.445054 2.386034 51.501709 -0.401419 -0.914585 -0.048949 0.037628 0.103160 1 207 1.000000
  207 1.815413 2.551550 50.764992 0.096084 -0.993883 -0.054449 0.086016 0.102654 1 207 1.000000
UV2
  207 1.815413 2.551550 50.764992 0.096084 -0.993883 -0.054449 0.086016 0.102654 1 207 1.000000
  207 0.445054 2.386034 51.501709 -0.401419 -0.914585 -0.048949 0.037628 0.103160 1 207 1.000000
  207 0.438290 2.406333 51.181095 -0.403007 -0.913898 -0.048736 0.037628 0.090487 1 207 1.000000
UV2
  207 3.599056 2.806329 49.353577 0.328557 -0.943900 0.033218 0.138433 0.115326 3 207 0.499989 221 0.426001 222 0.074011
  207 1.996412 2.556732 51.000664 0.095903 -0.993981 -0.052959 0.086016 0.115124 1 207 1.000000
  207 1.815413 2.551550 50.764992 0.096084 -0.993883 -0.054449 0.086016 0.102654 1 207 1.000000
UV2
  207 1.634415 2.546369 50.529297 0.097851 -0.993647 -0.055602 0.086016 0.090183 1 207 1.000000
  207 0.438290 2.406333 51.181095 -0.403007 -0.913898 -0.048736 0.037628 0.090487 1 207 1.000000
  207 0.431527 2.426647 50.860466 -0.405057 -0.913008 -0.048420 0.037628 0.077814 1 207 1.000000
UV2
  207 1.815413 2.551550 50.764992 0.096084 -0.993883 -0.054449 0.086016 0.102654 1 207 1.000000
  207 0.438290 2.406333 51.181095 -0.403007 -0.913898 -0.048736 0.037628 0.090487 1 207 1.000000
  207 1.634415 2.546369 50.529297 0.097851 -0.993647 -0.055602 0.086016 0.090183 1 207 1.000000
UV2
  207 1.453418 2.541180 50.293625 0.098137 -0.993641 -0.055203 0.086016 0.077712 2 207 0.986363 221 0.013637
  207 0.431527 2.426647 50.860466 -0.405057 -0.913008 -0.048420 0.037628 0.077814 1 207 1.000000
  207 0.424764 2.446948 50.539837 -0.407870 -0.911782 -0.047909 0.037628 0.065140 1 207 1.000000
UV2
  207 1.634415 2.546369 50.529297 0.097851 -0.993647 -0.055602 0.086016 0.090183 1 207 1.000000
  207 0.431527 2.426647 50.860466 -0.405057 -0.913008 -0.048420 0.037628 0.077814 1 207 1.000000
  207 1.453418 2.541180 50.293625 0.098137 -0.993641 -0.055203 0.086016 0.077712 2 207 0.986363 221 0.013637
UV2
  207 1.453418 2.541180 50.293625 0.098137 -0.993641 -0.055203 0.086016 0.077712 2 207 0.986363 221 0.013637
  207 0.424764 2.446948 50.539837 -0.407870 -0.911782 -0.047909 0.037628 0.065140 1 207 1.000000
  207 1.272422 2.535998 50.057949 0.096751 -0.993532 -0.059446 0.086016 0.065242 2 207 0.965082 221 0.034918
UV2
  207 3.258482 2.805860 49.112232 0.123172 -0.977113 -0.173433 0.138433 0.102798 3 207 0.495414 221 0.425249 222 0.079337
  207 1.815413 2.551550 50.764992 0.096084 -0.993883 -0.054449 0.086016 0.102654 1 207 1.000000
  207 1.634415 2.546369 50.529297 0.097851 -0.993647 -0.055602 0.086016 0.090183 1 207 1.000000
UV2
  207 3.599056 2.806329 49.353577 0.328557 -0.943900 0.033218 0.138433 0.115326 3 207 0.499989 221 0.426001 222 0.074011
  207 1.815413 2.551550 50.764992 0.096084 -0.993883 -0.054449 0.086016 0.102654 1 207 1.000000
  207 3.258482 2.805860 49.112232 0.123172 -0.977113 -0.173433 0.138433 0.102798 3 207 0.495414 221 0.425249 222 0.079337
UV2
  207 2.918839 2.801105 48.840584 0.167229 -0.966542 -0.194499 0.138433 0.090269 3 207 0.487662 221 0.427781 222 0.084557
  207 1.634415 2.546369 50.529297 0.097851 -0.993647 -0.055602 0.086016 0.090183 1 207 1.000000
  207 1.453418 2.541180 50.293625 0.098137 -0.993641 -0.055203 0.086016 0.077712 2 207 0.986363 221 0.013637
UV2
  207 3.258482 2.805860 49.112232 0.123172 -0.977113 -0.173433 0.138433 0.102798 3 207 0.495414 221 0.425249 222 0.079337
  207 1.634415 2.546369 50.529297 0.097851 -0.993647 -0.055602 0.086016 0.090183 1 207 1.000000
  207 2.918839 2.801105 48.840584 0.167229 -0.966542 -0.194499 0.138433 0.090269 3 207 0.487662 221 0.427781 222 0.084557
UV2
  207 2.579202 2.785289 48.568951 0.161699 -0.955415 -0.247054 0.138433 0.077741 3 207 0.478923 221 0.432292 222 0.088785
  207 1.453418 2.541180 50.293625 0.098137 -0.993641 -0.055203 0.086016 0.077712 2 207 0.986363 221 0.013637
  207 1.272422 2.535998 50.057949 0.096751 -0.993532 -0.059446 0.086016 0.065242 2 207 0.965082 221 0.034918
UV2
  207 2.918839 2.801105 48.840584 0.167229 -0.966542 -0.194499 0.138433 0.090269 3 207 0.487662 221 0.427781 222 0.084557
  207 1.453418 2.541180 50.293625 0.098137 -0.993641 -0.055203 0.086016 0.077712 2 207 0.986363 221 0.013637
  207 2.579202 2.785289 48.568951 0.161699 -0.955415 -0.247054 0.138433 0.077741 3 207 0.478923 221 0.432292 222 0.088785
UV2
  207 2.579202 2.785289 48.568951 0.161699 -0.955415 -0.247054 0.138433 0.077741 3 207 0.478923 221 0.432292 222 0.088785
  207 1.272422 2.535998 50.057949 0.096751 -0.993532 -0.059446 0.086016 0.065242 2 207 0.965082 221 0.034918
  207 2.239554 2.817838 48.297279 0.134156 -0.938481 -0.318208 0.138433 0.065213 3 207 0.467151 221 0.440628 222 0.092221
UV2
  207 2.239554 2.817838 48.297279 0.134156 -0.938481 -0.318208 0.138433 0.065213 3 207 0.467151 221 0.440628 222 0.092221
  207 1.272422 2.535998 50.057949 0.096751 -0.993532 -0.059446 0.086016 0.065242 2 207 0.965082 221 0.034918
  207 1.091425 2.530810 49.822266 0.102778 -0.992453 -0.066885 0.086016 0.052771 2 207 0.943802 221 0.056198
UV2
  207 2.239554 2.817838 48.297279 0.134156 -0.938481 -0.318208 0.138433 0.065213 3 207 0.467151 221 0.440628 222 0.092221
  207 1.091425 2.530810 49.822266 0.102778 -0.992453 -0.066885 0.086016 0.052771 2 207 0.943802 221 0.056198
  207 1.899910 2.865264 48.025620 0.034409 -0.910084 -0.412992 0.138433 0.052684 3 207 0.454784 221 0.449573 222 0.095643
UV2
  221 3.742627 5.126850 45.193218 -0.146717 -0.734932 -0.662079 0.197855 0.064992 3 221 0.520478 222 0.352803 207 0.126719
  207 2.239554 2.817838 48.297279 0.134156 -0.938481 -0.318208 0.138433 0.065213 3 207 0.467151 221 0.440628 222 0.092221
  207 1.899910 2.865264 48.025620 0.034409 -0.910084 -0.412992 0.138433 0.052684 3 207 0.454784 221 0.449573 222 0.095643
UV2
  221 4.243010 4.821846 45.415031 -0.163889 -0.749296 -0.641635 0.197855 0.077961 3 221 0.527550 222 0.344449 207 0.128001
  207 2.239554 2.817838 48.297279 0.134156 -0.938481 -0.318208 0.138433 0.065213 3 207 0.467151 221 0.440628 222 0.092221
  221 3.742627 5.126850 45.193218 -0.146717 -0.734932 -0.662079 0.197855 0.064992 3 221 0.520478 222 0.352803 207 0.126719
UV2
  221 4.243010 4.821846 45.415031 -0.163889 -0.749296 -0.641635 0.197855 0.077961 3 221 0.527550 222 0.344449 207 0.128001
  207 2.579202 2.785289 48.568951 0.161699 -0.955415 -0.247054 0.138433 0.077741 3 207 0.478923 221 0.432292 222 0.088785
  207 2.239554 2.817838 48.297279 0.134156 -0.938481 -0.318208 0.138433 0.065213 3 207 0.467151 221 0.440628 222 0.092221
UV2
  221 3.742627 5.126850 45.193218 -0.146717 -0.734932 -0.662079 0.197855 0.064992 3 221 0.520478 222 0.352803 207 0.126719
  222 5.103152 7.105684 42.714127 -0.187356 -0.716644 -0.671802 0.254019 0.064928 3 222 0.714455 223 0.258664 224 0.026881
  221 4.243010 4.821846 45.415031 -0.163889 -0.749296 -0.641635 0.197855 0.077961 3 221 0.527550 222 0.344449 207 0.128001
UV2
  221 4.743376 4.516856 45.636822 -0.181765 -0.764721 -0.618193 0.197855 0.090930 3 221 0.540643 222 0.331663 207 0.127694
  207 2.918839 2.801105 48.840584 0.167229 -0.966542 -0.194499 0.138433 0.090269 3 207 0.487662 221 0.427781 222 0.084557
  207 2.579202 2.785289 48.568951 0.161699 -0.955415 -0.247054 0.138433 0.077741 3 207 0.478923 221 0.432292 222 0.088785
UV2
  221 4.743376 4.516856 45.636822 -0.181765 -0.764721 -0.618193 0.197855 0.090930 3 221 0.540643 222 0.331663 207 0.127694
  207 2.579202 2.785289 48.568951 0.161699 -0.955415 -0.247054 0.138433 0.077741 3 207 0.478923 221 0.432292 222 0.088785
  221 4.243010 4.821846 45.415031 -0.163889 -0.749296 -0.641635 0.197855 0.077961 3 221 0.527550 222 0.344449 207 0.128001
UV2
  222 5.747022 6.685222 42.984676 -0.194011 -0.722162 -0.663959 0.254140 0.078026 3 222 0.736563 223 0.236363 224 0.027074
  221 4.243010 4.821846 45.415031 -0.163889 -0.749296 -0.641635 0.197855 0.077961 3 221 0.527550 222 0.344449 207 0.128001
  222 5.103152 7.105684 42.714127 -0.187356 -0.716644 -0.671802 0.254019 0.064928 3 222 0.714455 223 0.258664 224 0.026881
UV2
  221 4.243010 4.821846 45.415031 -0.163889 -0.749296 -0.641635 0.197855 0.077961 3 221 0.527550 222 0.344449 207 0.128001
  222 5.747022 6.685222 42.984676 -0.194011 -0.722162 -0.663959 0.254140 0.078026 3 222 0.736563 223 0.236363 224 0.027074
  221 4.743376 4.516856 45.636822 -0.181765 -0.764721 -0.618193 0.197855 0.090930 3 221 0.540643 222 0.331663 207 0.127694
UV2
  222 5.103152 7.105684 42.714127 -0.187356 -0.716644 -0.671802 0.254019 0.064928 3 222 0.714455 223 0.258664 224 0.026881
  223 6.460158 9.737780 39.496277 -0.293748 -0.723083 -0.625190 0.305031 0.064754 3 223 0.579113 222 0.251122 224 0.169765
  222 5.747022 6.685222 42.984676 -0.194011 -0.722162 -0.663959 0.254140 0.078026 3 222 0.736563 223 0.236363 224 0.027074
UV2
  221 5.243752 4.211866 45.858616 -0.202152 -0.779260 -0.593201 0.197855 0.103898 3 221 0.558852 222 0.312031 207 0.129118
  207 2.918839 2.801105 48.840584 0.167229 -0.966542 -0.194499 0.138433 0.090269 3 207 0.487662 221 0.427781 222 0.084557
  221 4.743376 4.516856 45.636822 -0.181765 -0.764721 -0.618193 0.197855 0.090930 3 221 0.540643 222 0.331663 207 0.127694
UV2
  221 5.243752 4.211866 45.858616 -0.202152 -0.779260 -0.593201 0.197855 0.103898 3 221 0.558852 222 0.312031 207 0.129118
  207 3.258482 2.805860 49.112232 0.123172 -0.977113 -0.173433 0.138433 0.102798 3 207 0.495414 221 0.425249 222 0.079337
  207 2.918839 2.801105 48.840584 0.167229 -0.966542 -0.194499 0.138433 0.090269 3 207 0.487662 221 0.427781 222 0.084557
UV2
  222 6.391194 6.264688 43.255360 -0.200425 -0.727419 -0.656270 0.254257 0.091124 3 222 0.719980 223 0.214973 221 0.065047
  221 4.743376 4.516856 45.636822 -0.181765 -0.764721 -0.618193 0.197855 0.090930 3 221 0.540643 222 0.331663 207 0.127694
  222 5.747022 6.685222 42.984676 -0.194011 -0.722162 -0.663959 0.254140 0.078026 3 222 0.736563 223 0.236363 224 0.027074
UV2
  221 4.743376 4.516856 45.636822 -0.181765 -0.764721 -0.618193 0.197855 0.090930 3 221 0.540643 222 0.331663 207 0.127694
  222 6.391194 6.264688 43.255360 -0.200425 -0.727419 -0.656270 0.254257 0.091124 3 222 0.719980 223 0.214973 221 0.065047
  221 5.243752 4.211866 45.858616 -0.202152 -0.779260 -0.593201 0.197855 0.103898 3 221 0.558852 222 0.312031 207 0.129118
UV2
  223 7.201577 9.279287 39.676716 -0.298406 -0.727751 -0.617522 0.305167 0.077983 3 223 0.567528 222 0.261180 224 0.171292
  222 5.747022 6.685222 42.984676 -0.194011 -0.722162 -0.663959 0.254140 0.078026 3 222 0.736563 223 0.236363 224 0.027074
  223 6.460158 9.737780 39.496277 -0.293748 -0.723083 -0.625190 0.305031 0.064754 3 223 0.579113 222 0.251122 224 0.169765
UV2
  222 5.747022 6.685222 42.984676 -0.194011 -0.722162 -0.663959 0.254140 0.078026 3 222 0.736563 223 0.236363 224 0.027074
  223 7.201577 9.279287 39.676716 -0.298406 -0.727751 -0.617522 0.305167 0.077983 3 223 0.567528 222 0.261180 224 0.171292
  222 6.391194 6.264688 43.255360 -0.200425 -0.727419 -0.656270 0.254257 0.091124 3 222 0.719980 223 0.214973 221 0.065047
UV2
  223 6.460158 9.737780 39.496277 -0.293748 -0.723083 -0.625190 0.305031 0.064754 3 223 0.579113 222 0.251122 224 0.169765
  224 7.842107 11.683805 36.174004 -0.308821 -0.683372 -0.661537 0.359277 0.064811 3 224 0.591247 223 0.356263 222 0.052490
  223 7.201577 9.279287 39.676716 -0.298406 -0.727751 -0.617522 0.305167 0.077983 3 223 0.567528 222 0.261180 224 0.171292
UV2
  221 5.736076 3.911766 46.076851 0.134838 -0.916299 -0.377114 0.197855 0.116658 3 221 0.576381 222 0.293606 207 0.130013
  207 3.258482 2.805860 49.112232 0.123172 -0.977113 -0.173433 0.138433 0.102798 3 207 0.495414 221 0.425249 222 0.079337
  221 5.243752 4.211866 45.858616 -0.202152 -0.779260 -0.593201 0.197855 0.103898 3 221 0.558852 222 0.312031 207 0.129118
UV2
  221 5.736076 3.911766 46.076851 0.134838 -0.916299 -0.377114 0.197855 0.116658 3 221 0.576381 222 0.293606 207 0.130013
  207 3.599056 2.806329 49.353577 0.328557 -0.943900 0.033218 0.138433 0.115326 3 207 0.499989 221 0.426001 222 0.074011
  207 3.258482 2.805860 49.112232 0.123172 -0.977113 -0.173433 0.138433 0.102798 3 207 0.495414 221 0.425249 222 0.079337
UV2
  222 7.035686 5.844057 43.526180 -0.206577 -0.732433 -0.648744 0.254373 0.104223 3 222 0.688605 223 0.210579 221 0.100817
  221 5.243752 4.211866 45.858616 -0.202152 -0.779260 -0.593201 0.197855 0.103898 3 221 0.558852 222 0.312031 207 0.129118
  222 6.391194 6.264688 43.255360 -0.200425 -0.727419 -0.656270 0.254257 0.091124 3 222 0.719980 223 0.214973 221 0.065047
UV2
  221 5.243752 4.211866 45.858616 -0.202152 -0.779260 -0.593201 0.197855 0.103898 3 221 0.558852 222 0.312031 207 0.129118
  222 7.035686 5.844057 43.526180 -0.206577 -0.732433 -0.648744 0.254373 0.104223 3 222 0.688605 223 0.210579 221 0.100817
  221 5.736076 3.911766 46.076851 0.134838 -0.916299 -0.377114 0.197855 0.116658 3 221 0.576381 222 0.293606 207 0.130013
UV2
  223 7.943365 8.820688 39.857269 -0.302844 -0.732158 -0.610106 0.305300 0.091213 3 223 0.564826 222 0.262371 224 0.172803
  222 6.391194 6.264688 43.255360 -0.200425 -0.727419 -0.656270 0.254257 0.091124 3 222 0.719980 223 0.214973 221 0.065047
  223 7.201577 9.279287 39.676716 -0.298406 -0.727751 -0.617522 0.305167 0.077983 3 223 0.567528 222 0.261180 224 0.171292
UV2
  222 6.391194 6.264688 43.255360 -0.200425 -0.727419 -0.656270 0.254257 0.091124 3 222 0.719980 223 0.214973 221 0.065047
  223 7.943365 8.820688 39.857269 -0.302844 -0.732158 -0.610106 0.305300 0.091213 3 223 0.564826 222 0.262371 224 0.172803
  222 7.035686 5.844057 43.526180 -0.206577 -0.732433 -0.648744 0.254373 0.104223 3 222 0.688605 223 0.210579 221 0.100817
UV2
  224 8.644913 11.226023 36.274269 -0.310802 -0.688290 -0.655483 0.359277 0.078143 3 224 0.592585 223 0.352646 222 0.054769
  223 7.201577 9.279287 39.676716 -0.298406 -0.727751 -0.617522 0.305167 0.077983 3 223 0.567528 222 0.261180 224 0.171292
  224 7.842107 11.683805 36.174004 -0.308821 -0.683372 -0.661537 0.359277 0.064811 3 224 0.591247 223 0.356263 222 0.052490
UV2
  223 7.201577 9.279287 39.676716 -0.298406 -0.727751 -0.617522 0.305167 0.077983 3 223 0.567528 222 0.261180 224 0.171292
  224 8.644913 11.226023 36.274269 -0.310802 -0.688290 -0.655483 0.359277 0.078143 3 224 0.592585 223 0.352646 222 0.054769
  223 7.943365 8.820688 39.857269 -0.302844 -0.732158 -0.610106 0.305300 0.091213 3 223 0.564826 222 0.262371 224 0.172803
UV2
  224 7.842107 11.683805 36.174004 -0.308821 -0.683372 -0.661537 0.359277 0.064811 3 224 0.591247 223 0.356263 222 0.052490
  224 8.507098 12.689184 35.083065 -0.167654 -0.387170 -0.906637 0.382694 0.064624 3 224 0.887203 223 0.106486 222 0.006311
  224 8.644913 11.226023 36.274269 -0.310802 -0.688290 -0.655483 0.359277 0.078143 3 224 0.592585 223 0.352646 222 0.054769
UV2
  223 8.685534 8.361961 40.037918 -0.307038 -0.736331 -0.602946 0.305430 0.104444 3 223 0.562326 222 0.263550 224 0.174125
  222 7.035686 5.844057 43.526180 -0.206577 -0.732433 -0.648744 0.254373 0.104223 3 222 0.688605 223 0.210579 221 0.100817
  223 7.943365 8.820688 39.857269 -0.302844 -0.732158 -0.610106 0.305300 0.091213 3 223 0.564826 222 0.262371 224 0.172803
UV2
  224 9.447705 10.768257 36.374512 -0.311607 -0.690943 -0.652302 0.359277 0.091475 3 224 0.592399 223 0.350354 222 0.057247
  223 7.943365 8.820688 39.857269 -0.302844 -0.732158 -0.610106 0.305300 0.091213 3 223 0.564826 222 0.262371 224 0.172803
  224 8.644913 11.226023 36.274269 -0.310802 -0.688290 -0.655483 0.359277 0.078143 3 224 0.592585 223 0.352646 222 0.054769
UV2
  223 7.943365 8.820688 39.857269 -0.302844 -0.732158 -0.610106 0.305300 0.091213 3 223 0.564826 222 0.262371 224 0.172803
  224 9.447705 10.768257 36.374512 -0.311607 -0.690943 -0.652302 0.359277 0.091475 3 224 0.592399 223 0.350354 222 0.057247
  223 8.685534 8.361961 40.037918 -0.307038 -0.736331 -0.602946 0.305430 0.104444 3 223 0.562326 222 0.263550 224 0.174125
UV2
  224 9.336909 12.216301 35.170387 -0.082276 -0.431877 -0.898172 0.382694 0.078329 3 224 0.887856 223 0.105293 222 0.006851
  224 8.644913 11.226023 36.274269 -0.310802 -0.688290 -0.655483 0.359277 0.078143 3 224 0.592585 223 0.352646 222 0.054769
  224 8.507098 12.689184 35.083065 -0.167654 -0.387170 -0.906637 0.382694 0.064624 3 224 0.887203 223 0.106486 222 0.006311
UV2
  224 8.644913 11.226023 36.274269 -0.310802 -0.688290 -0.655483 0.359277 0.078143 3 224 0.592585 223 0.352646 222 0.054769
  224 9.336909 12.216301 35.170387 -0.082276 -0.431877 -0.898172 0.382694 0.078329 3 224 0.887856 223 0.105293 222 0.006851
  224 9.447705 10.768257 36.374512 -0.311607 -0.690943 -0.652302 0.359277 0.091475 3 224 0.592399 223 0.350354 222 0.057247
UV2
  224 9.505402 12.455551 35.125286 0.259118 0.001945 -0.965844 0.394513 0.078361 3 224 0.979301 223 0.020507 222 0.000192
  224 9.336909 12.216301 35.170387 -0.082276 -0.431877 -0.898172 0.382694 0.078329 3 224 0.887856 223 0.105293 222 0.006851
  224 8.507098 12.689184 35.083065 -0.167654 -0.387170 -0.906637 0.382694 0.064624 3 224 0.887203 223 0.106486 222 0.006311
UV2
  224 9.505402 12.455551 35.125286 0.259118 0.001945 -0.965844 0.394513 0.078361 3 224 0.979301 223 0.020507 222 0.000192
  224 8.507098 12.689184 35.083065 -0.167654 -0.387170 -0.906637 0.382694 0.064624 3 224 0.887203 223 0.106486 222 0.006311
  224 8.671776 12.930607 35.037544 0.076868 0.107761 -0.991201 0.394513 0.064592 3 224 0.974318 223 0.025509 222 0.000173
UV2
  224 9.631364 12.691806 35.237980 0.517968 0.442991 -0.731757 0.401313 0.078267 2 224 0.984624 223 0.015376
  224 9.505402 12.455551 35.125286 0.259118 0.001945 -0.965844 0.394513 0.078361 3 224 0.979301 223 0.020507 222 0.000192
  224 8.671776 12.930607 35.037544 0.076868 0.107761 -0.991201 0.394513 0.064592 3 224 0.974318 223 0.025509 222 0.000173
UV2
  224 10.065534 11.511001 35.509705 -0.099968 -0.473878 -0.874898 0.382694 0.092035 3 224 0.854149 223 0.138410 222 0.007441
  224 9.447705 10.768257 36.374512 -0.311607 -0.690943 -0.652302 0.359277 0.091475 3 224 0.592399 223 0.350354 222 0.057247
  224 9.336909 12.216301 35.170387 -0.082276 -0.431877 -0.898172 0.382694 0.078329 3 224 0.887856 223 0.105293 222 0.006851
UV2
  224 10.352373 11.990838 35.576496 0.570323 0.397561 -0.718802 0.401313 0.091846 2 224 0.969803 223 0.030197
  224 9.505402 12.455551 35.125286 0.259118 0.001945 -0.965844 0.394513 0.078361 3 224 0.979301 223 0.020507 222 0.000192
  224 9.631364 12.691806 35.237980 0.517968 0.442991 -0.731757 0.401313 0.078267 2 224 0.984624 223 0.015376
UV2
  224 10.417311 12.120380 35.809162 0.654638 0.734151 -0.180199 0.394513 0.092130 3 224 0.940204 223 0.059591 222 0.000205
  224 10.352373 11.990838 35.576496 0.570323 0.397561 -0.718802 0.401313 0.091846 2 224 0.969803 223 0.030197
  224 9.631364 12.691806 35.237980 0.517968 0.442991 -0.731757 0.401313 0.078267 2 224 0.984624 223 0.015376
UV2
  224 10.237865 11.748064 35.464996 0.277169 -0.042634 -0.959875 0.394513 0.092130 3 224 0.954640 223 0.045147 222 0.000213
  224 9.336909 12.216301 35.170387 -0.082276 -0.431877 -0.898172 0.382694 0.078329 3 224 0.887856 223 0.105293 222 0.006851
  224 9.505402 12.455551 35.125286 0.259118 0.001945 -0.965844 0.394513 0.078361 3 224 0.979301 223 0.020507 222 0.000192
UV2
  224 10.352373 11.990838 35.576496 0.570323 0.397561 -0.718802 0.401313 0.091846 2 224 0.969803 223 0.030197
  224 10.237865 11.748064 35.464996 0.277169 -0.042634 -0.959875 0.394513 0.092130 3 224 0.954640 223 0.045147 222 0.000213
  224 9.505402 12.455551 35.125286 0.259118 0.001945 -0.965844 0.394513 0.078361 3 224 0.979301 223 0.020507 222 0.000192
UV2
  224 10.237865 11.748064 35.464996 0.277169 -0.042634 -0.959875 0.394513 0.092130 3 224 0.954640 223 0.045147 222 0.000213
  224 10.065534 11.511001 35.509705 -0.099968 -0.473878 -0.874898 0.382694 0.092035 3 224 0.854149 223 0.138410 222 0.007441
  224 9.336909 12.216301 35.170387 -0.082276 -0.431877 -0.898172 0.382694 0.078329 3 224 0.887856 223 0.105293 222 0.006851
UV2
  224 11.203332 11.583089 35.975117 0.539418 0.816106 -0.207362 0.394513 0.105898 3 224 0.927086 223 0.072709 222 0.000205
  224 10.352373 11.990838 35.576496 0.570323 0.397561 -0.718802 0.401313 0.091846 2 224 0.969803 223 0.030197
  224 10.417311 12.120380 35.809162 0.654638 0.734151 -0.180199 0.394513 0.092130 3 224 0.940204 223 0.059591 222 0.000205
UV2
  224 11.140525 11.583403 36.236828 0.462913 0.823717 0.327417 0.382694 0.105740 3 224 0.828131 223 0.164585 222 0.007284
  224 11.203332 11.583089 35.975117 0.539418 0.816106 -0.207362 0.394513 0.105898 3 224 0.927086 223 0.072709 222 0.000205
  224 10.417311 12.120380 35.809162 0.654638 0.734151 -0.180199 0.394513 0.092130 3 224 0.940204 223 0.059591 222 0.000205
UV2
  224 11.126951 11.460064 35.741238 0.433680 0.497206 -0.751470 0.401313 0.105426 2 224 0.956504 223 0.043496
  224 10.237865 11.748064 35.464996 0.277169 -0.042634 -0.959875 0.394513 0.092130 3 224 0.954640 223 0.045147 222 0.000213
  224 10.352373 11.990838 35.576496 0.570323 0.397561 -0.718802 0.401313 0.091846 2 224 0.969803 223 0.030197
UV2
  224 11.203332 11.583089 35.975117 0.539418 0.816106 -0.207362 0.394513 0.105898 3 224 0.927086 223 0.072709 222 0.000205
  224 11.126951 11.460064 35.741238 0.433680 0.497206 -0.751470 0.401313 0.105426 2 224 0.956504 223 0.043496
  224 10.352373 11.990838 35.576496 0.570323 0.397561 -0.718802 0.401313 0.091846 2 224 0.969803 223 0.030197
UV2
  224 11.023884 11.210773 35.630951 0.171156 0.031832 -0.984730 0.394513 0.105898 3 224 0.934095 223 0.065691 222 0.000214
  224 10.065534 11.511001 35.509705 -0.099968 -0.473878 -0.874898 0.382694 0.092035 3 224 0.854149 223 0.138410 222 0.007441
  224 10.237865 11.748064 35.464996 0.277169 -0.042634 -0.959875 0.394513 0.092130 3 224 0.954640 223 0.045147 222 0.000213
UV2
  224 11.126951 11.460064 35.741238 0.433680 0.497206 -0.751470 0.401313 0.105426 2 224 0.956504 223 0.043496
  224 11.023884 11.210773 35.630951 0.171156 0.031832 -0.984730 0.394513 0.105898 3 224 0.934095 223 0.065691 222 0.000214
  224 10.237865 11.748064 35.464996 0.277169 -0.042634 -0.959875 0.394513 0.092130 3 224 0.954640 223 0.045147 222 0.000213
UV2
  224 9.447705 10.768257 36.374512 -0.311607 -0.690943 -0.652302 0.359277 0.091475 3 224 0.592399 223 0.350354 222 0.057247
  224 10.065534 11.511001 35.509705 -0.099968 -0.473878 -0.874898 0.382694 0.092035 3 224 0.854149 223 0.138410 222 0.007441
  224 10.250503 10.310484 36.474804 -0.314035 -0.692982 -0.648966 0.359277 0.104806 3 224 0.578644 223 0.361055 222 0.060301
UV2
  224 10.250503 10.310484 36.474804 -0.314035 -0.692982 -0.648966 0.359277 0.104806 3 224 0.578644 223 0.361055 222 0.060301
  223 8.685534 8.361961 40.037918 -0.307038 -0.736331 -0.602946 0.305430 0.104444 3 223 0.562326 222 0.263550 224 0.174125
  224 9.447705 10.768257 36.374512 -0.311607 -0.690943 -0.652302 0.359277 0.091475 3 224 0.592399 223 0.350354 222 0.057247
UV2
  224 11.023884 11.210773 35.630951 0.171156 0.031832 -0.984730 0.394513 0.105898 3 224 0.934095 223 0.065691 222 0.000214
  224 10.847721 10.975891 35.675243 -0.135651 -0.443196 -0.886101 0.382694 0.105740 3 224 0.839343 223 0.153133 222 0.007524
  224 10.065534 11.511001 35.509705 -0.099968 -0.473878 -0.874898 0.382694 0.092035 3 224 0.854149 223 0.138410 222 0.007441
UV2
  224 10.847721 10.975891 35.675243 -0.135651 -0.443196 -0.886101 0.382694 0.105740 3 224 0.839343 223 0.153133 222 0.007524
  224 10.250503 10.310484 36.474804 -0.314035 -0.692982 -0.648966 0.359277 0.104806 3 224 0.578644 223 0.361055 222 0.060301
  224 10.065534 11.511001 35.509705 -0.099968 -0.473878 -0.874898 0.382694 0.092035 3 224 0.854149 223 0.138410 222 0.007441
UV2
  224 11.949152 10.991514 35.827770 0.628361 0.352902 -0.693269 0.401313 0.119006 2 224 0.952569 223 0.047431
  224 11.023884 11.210773 35.630951 0.171156 0.031832 -0.984730 0.394513 0.105898 3 224 0.934095 223 0.065691 222 0.000214
  224 11.126951 11.460064 35.741238 0.433680 0.497206 -0.751470 0.401313 0.105426 2 224 0.956504 223 0.043496
UV2
  224 11.857518 10.735701 35.718685 0.488384 -0.169463 -0.856016 0.394513 0.119667 3 224 0.932418 223 0.067368 222 0.000214
  224 10.847721 10.975891 35.675243 -0.135651 -0.443196 -0.886101 0.382694 0.105740 3 224 0.839343 223 0.153133 222 0.007524
  224 11.023884 11.210773 35.630951 0.171156 0.031832 -0.984730 0.394513 0.105898 3 224 0.934095 223 0.065691 222 0.000214
UV2
  224 11.949152 10.991514 35.827770 0.628361 0.352902 -0.693269 0.401313 0.119006 2 224 0.952569 223 0.047431
  224 11.857518 10.735701 35.718685 0.488384 -0.169463 -0.856016 0.394513 0.119667 3 224 0.932418 223 0.067368 222 0.000214
  224 11.023884 11.210773 35.630951 0.171156 0.031832 -0.984730 0.394513 0.105898 3 224 0.934095 223 0.065691 222 0.000214
UV2
  224 12.036961 11.108011 36.062862 0.839565 0.527308 -0.130678 0.394513 0.119667 3 224 0.923145 223 0.076638 222 0.000217
  224 11.949152 10.991514 35.827770 0.628361 0.352902 -0.693269 0.401313 0.119006 2 224 0.952569 223 0.047431
  224 11.126951 11.460064 35.741238 0.433680 0.497206 -0.751470 0.401313 0.105426 2 224 0.956504 223 0.043496
UV2
  224 12.036961 11.108011 36.062862 0.839565 0.527308 -0.130678 0.394513 0.119667 3 224 0.923145 223 0.076638 222 0.000217
  224 11.126951 11.460064 35.741238 0.433680 0.497206 -0.751470 0.401313 0.105426 2 224 0.956504 223 0.043496
  224 11.203332 11.583089 35.975117 0.539418 0.816106 -0.207362 0.394513 0.105898 3 224 0.927086 223 0.072709 222 0.000205
UV2
  224 11.949152 10.991514 35.827770 0.628361 0.352902 -0.693269 0.401313 0.119006 2 224 0.952569 223 0.047431
  224 11.990391 10.908365 35.885387 0.813542 -0.560176 0.156049 0.395580 0.120271 3 224 0.929442 223 0.070341 222 0.000217
  224 11.857518 10.735701 35.718685 0.488384 -0.169463 -0.856016 0.394513 0.119667 3 224 0.932418 223 0.067368 222 0.000214
UV2
  224 11.949152 10.991514 35.827770 0.628361 0.352902 -0.693269 0.401313 0.119006 2 224 0.952569 223 0.047431
  224 12.036961 11.108011 36.062862 0.839565 0.527308 -0.130678 0.394513 0.119667 3 224 0.923145 223 0.076638 222 0.000217
  224 11.990391 10.908365 35.885387 0.813542 -0.560176 0.156049 0.395580 0.120271 3 224 0.929442 223 0.070341 222 0.000217
UV2
  224 11.970327 11.110518 36.324177 0.771337 0.507824 0.383605 0.382694 0.119445 3 224 0.824181 223 0.168535 222 0.007284
  224 12.036961 11.108011 36.062862 0.839565 0.527308 -0.130678 0.394513 0.119667 3 224 0.923145 223 0.076638 222 0.000217
  224 11.203332 11.583089 35.975117 0.539418 0.816106 -0.207362 0.394513 0.105898 3 224 0.927086 223 0.072709 222 0.000205
UV2
  224 11.970327 11.110518 36.324177 0.771337 0.507824 0.383605 0.382694 0.119445 3 224 0.824181 223 0.168535 222 0.007284
  224 11.203332 11.583089 35.975117 0.539418 0.816106 -0.207362 0.394513 0.105898 3 224 0.927086 223 0.072709 222 0.000205
  224 11.140525 11.583403 36.236828 0.462913 0.823717 0.327417 0.382694 0.105740 3 224 0.828131 223 0.164585 222 0.007284
UV2
  224 12.036961 11.108011 36.062862 0.839565 0.527308 -0.130678 0.394513 0.119667 3 224 0.923145 223 0.076638 222 0.000217
  224 12.043552 11.003850 36.056976 0.764921 -0.642369 0.047504 0.390722 0.120543 3 224 0.916127 223 0.083656 222 0.000217
  224 11.990391 10.908365 35.885387 0.813542 -0.560176 0.156049 0.395580 0.120271 3 224 0.929442 223 0.070341 222 0.000217
UV2
  224 11.454789 10.719280 37.329605 0.689773 0.481222 0.540961 0.359277 0.118138 3 224 0.561460 223 0.378137 222 0.060403
  224 11.970327 11.110518 36.324177 0.771337 0.507824 0.383605 0.382694 0.119445 3 224 0.824181 223 0.168535 222 0.007284
  224 11.140525 11.583403 36.236828 0.462913 0.823717 0.327417 0.382694 0.105740 3 224 0.828131 223 0.164585 222 0.007284
UV2
  224 11.454789 10.719280 37.329605 0.689773 0.481222 0.540961 0.359277 0.118138 3 224 0.561460 223 0.378137 222 0.060403
  224 11.140525 11.583403 36.236828 0.462913 0.823717 0.327417 0.382694 0.105740 3 224 0.828131 223 0.164585 222 0.007284
  224 10.651979 11.177070 37.229332 0.394581 0.755641 0.522793 0.359277 0.104806 3 224 0.565068 223 0.374601 222 0.060331
UV2
  224 11.970327 11.110518 36.324177 0.771337 0.507824 0.383605 0.382694 0.119445 3 224 0.824181 223 0.168535 222 0.007284
  224 12.003740 10.991187 36.244343 0.700898 -0.709767 0.070518 0.383582 0.120591 3 224 0.825276 223 0.167106 222 0.007618
  224 12.036961 11.108011 36.062862 0.839565 0.527308 -0.130678 0.394513 0.119667 3 224 0.923145 223 0.076638 222 0.000217
UV2
  224 11.970327 11.110518 36.324177 0.771337 0.507824 0.383605 0.382694 0.119445 3 224 0.824181 223 0.168535 222 0.007284
  224 11.454789 10.719280 37.329605 0.689773 0.481222 0.540961 0.359277 0.118138 3 224 0.561460 223 0.378137 222 0.060403
  224 12.003740 10.991187 36.244343 0.700898 -0.709767 0.070518 0.383582 0.120591 3 224 0.825276 223 0.167106 222 0.007618
UV2
  224 12.036961 11.108011 36.062862 0.839565 0.527308 -0.130678 0.394513 0.119667 3 224 0.923145 223 0.076638 222 0.000217
  224 12.003740 10.991187 36.244343 0.700898 -0.709767 0.070518 0.383582 0.120591 3 224 0.825276 223 0.167106 222 0.007618
  224 12.043552 11.003850 36.056976 0.764921 -0.642369 0.047504 0.390722 0.120543 3 224 0.916127 223 0.083656 222 0.000217
UV2
  224 11.454789 10.719280 37.329605 0.689773 0.481222 0.540961 0.359277 0.118138 3 224 0.561460 223 0.378137 222 0.060403
  224 10.651979 11.177070 37.229332 0.394581 0.755641 0.522793 0.359277 0.104806 3 224 0.565068 223 0.374601 222 0.060331
  223 9.784354 8.990000 40.940430 0.658748 0.478218 0.580825 0.309049 0.117709 3 223 0.557125 222 0.276009 224 0.166866
UV2
  224 11.012650 11.301737 35.928829 0.441830 -0.706368 0.553019 0.385832 0.105726 3 224 0.831918 223 0.160464 222 0.007618
  224 12.043552 11.003850 36.056976 0.764921 -0.642369 0.047504 0.390722 0.120543 3 224 0.916127 223 0.083656 222 0.000217
  224 12.003740 10.991187 36.244343 0.700898 -0.709767 0.070518 0.383582 0.120591 3 224 0.825276 223 0.167106 222 0.007618
UV2
  224 11.012650 11.301737 35.928829 0.441830 -0.706368 0.553019 0.385832 0.105726 3 224 0.831918 223 0.160464 222 0.007618
  224 11.990391 10.908365 35.885387 0.813542 -0.560176 0.156049 0.395580 0.120271 3 224 0.929442 223 0.070341 222 0.000217
  224 12.043552 11.003850 36.056976 0.764921 -0.642369 0.047504 0.390722 0.120543 3 224 0.916127 223 0.083656 222 0.000217
UV2
  224 11.454789 10.719280 37.329605 0.689773 0.481222 0.540961 0.359277 0.118138 3 224 0.561460 223 0.378137 222 0.060403
  224 11.496933 10.601547 37.271660 0.729799 -0.683389 0.019308 0.359461 0.119402 3 224 0.559959 223 0.377890 222 0.062151
  224 12.003740 10.991187 36.244343 0.700898 -0.709767 0.070518 0.383582 0.120591 3 224 0.825276 223 0.167106 222 0.007618
UV2
  224 11.454789 10.719280 37.329605 0.689773 0.481222 0.540961 0.359277 0.118138 3 224 0.561460 223 0.378137 222 0.060403
  223 9.784354 8.990000 40.940430 0.658748 0.478218 0.580825 0.309049 0.117709 3 223 0.557125 222 0.276009 224 0.166866
  224 11.496933 10.601547 37.271660 0.729799 -0.683389 0.019308 0.359461 0.119402 3 224 0.559959 223 0.377890 222 0.062151
UV2
  224 11.012650 11.301737 35.928829 0.441830 -0.706368 0.553019 0.385832 0.105726 3 224 0.831918 223 0.160464 222 0.007618
  224 12.003740 10.991187 36.244343 0.700898 -0.709767 0.070518 0.383582 0.120591 3 224 0.825276 223 0.167106 222 0.007618
  224 11.496933 10.601547 37.271660 0.729799 -0.683389 0.019308 0.359461 0.119402 3 224 0.559959 223 0.377890 222 0.062151
UV2
  224 11.496933 10.601547 37.271660 0.729799 -0.683389 0.019308 0.359461 0.119402 3 224 0.559959 223 0.377890 222 0.062151
  223 9.784354 8.990000 40.940430 0.658748 0.478218 0.580825 0.309049 0.117709 3 223 0.557125 222 0.276009 224 0.166866
  223 9.810516 8.830667 40.927338 0.774630 -0.631151 0.039958 0.308704 0.119037 3 223 0.554129 222 0.279939 224 0.165933
UV2
  223 9.784354 8.990000 40.940430 0.658748 0.478218 0.580825 0.309049 0.117709 3 223 0.557125 222 0.276009 224 0.166866
  222 7.904143 6.826370 44.533459 0.540624 0.470067 0.697683 0.258394 0.117257 3 222 0.720291 223 0.209597 221 0.070112
  223 9.810516 8.830667 40.927338 0.774630 -0.631151 0.039958 0.308704 0.119037 3 223 0.554129 222 0.279939 224 0.165933
UV2
  224 11.012650 11.301737 35.928829 0.441830 -0.706368 0.553019 0.385832 0.105726 3 224 0.831918 223 0.160464 222 0.007618
  224 11.910411 10.727600 35.801624 0.848721 -0.440522 0.292597 0.390722 0.120543 3 224 0.923113 223 0.076670 222 0.000217
  224 11.990391 10.908365 35.885387 0.813542 -0.560176 0.156049 0.395580 0.120271 3 224 0.929442 223 0.070341 222 0.000217
UV2
  224 11.857518 10.735701 35.718685 0.488384 -0.169463 -0.856016 0.394513 0.119667 3 224 0.932418 223 0.067368 222 0.000214
  224 11.990391 10.908365 35.885387 0.813542 -0.560176 0.156049 0.395580 0.120271 3 224 0.929442 223 0.070341 222 0.000217
  224 11.910411 10.727600 35.801624 0.848721 -0.440522 0.292597 0.390722 0.120543 3 224 0.923113 223 0.076670 222 0.000217
UV2
  224 11.012650 11.301737 35.928829 0.441830 -0.706368 0.553019 0.385832 0.105726 3 224 0.831918 223 0.160464 222 0.007618
  224 11.788174 10.539564 35.830261 0.854682 -0.470595 0.219221 0.383439 0.120623 3 224 0.838241 223 0.154236 222 0.007523
  224 11.910411 10.727600 35.801624 0.848721 -0.440522 0.292597 0.390722 0.120543 3 224 0.923113 223 0.076670 222 0.000217
UV2
  224 11.857518 10.735701 35.718685 0.488384 -0.169463 -0.856016 0.394513 0.119667 3 224 0.932418 223 0.067368 222 0.000214
  224 11.910411 10.727600 35.801624 0.848721 -0.440522 0.292597 0.390722 0.120543 3 224 0.923113 223 0.076670 222 0.000217
  224 11.788174 10.539564 35.830261 0.854682 -0.470595 0.219221 0.383439 0.120623 3 224 0.838241 223 0.154236 222 0.007523
UV2
  224 10.292313 10.845002 36.822105 0.817092 -0.532444 0.221051 0.360336 0.102065 3 224 0.569698 223 0.375707 222 0.054595
  224 11.012650 11.301737 35.928829 0.441830 -0.706368 0.553019 0.385832 0.105726 3 224 0.831918 223 0.160464 222 0.007618
  224 11.496933 10.601547 37.271660 0.729799 -0.683389 0.019308 0.359461 0.119402 3 224 0.559959 223 0.377890 222 0.062151
UV2
  224 11.677523 10.502992 35.762592 0.180804 -0.633123 -0.752639 0.382694 0.119445 3 224 0.839752 223 0.152724 222 0.007524
  224 11.857518 10.735701 35.718685 0.488384 -0.169463 -0.856016 0.394513 0.119667 3 224 0.932418 223 0.067368 222 0.000214
  224 11.788174 10.539564 35.830261 0.854682 -0.470595 0.219221 0.383439 0.120623 3 224 0.838241 223 0.154236 222 0.007523
UV2
  224 11.857518 10.735701 35.718685 0.488384 -0.169463 -0.856016 0.394513 0.119667 3 224 0.932418 223 0.067368 222 0.000214
  224 11.677523 10.502992 35.762592 0.180804 -0.633123 -0.752639 0.382694 0.119445 3 224 0.839752 223 0.152724 222 0.007524
  224 10.847721 10.975891 35.675243 -0.135651 -0.443196 -0.886101 0.382694 0.105740 3 224 0.839343 223 0.153133 222 0.007524
UV2
  224 11.012650 11.301737 35.928829 0.441830 -0.706368 0.553019 0.385832 0.105726 3 224 0.831918 223 0.160464 222 0.007618
  224 11.162632 9.879369 36.643253 0.887835 -0.387949 0.247476 0.359445 0.119406 3 224 0.569608 223 0.369227 222 0.061165
  224 11.788174 10.539564 35.830261 0.854682 -0.470595 0.219221 0.383439 0.120623 3 224 0.838241 223 0.154236 222 0.007523
UV2
  224 10.292313 10.845002 36.822105 0.817092 -0.532444 0.221051 0.360336 0.102065 3 224 0.569698 223 0.375707 222 0.054595
  224 11.162632 9.879369 36.643253 0.887835 -0.387949 0.247476 0.359445 0.119406 3 224 0.569608 223 0.369227 222 0.061165
  224 11.012650 11.301737 35.928829 0.441830 -0.706368 0.553019 0.385832 0.105726 3 224 0.831918 223 0.160464 222 0.007618
UV2
  224 11.677523 10.502992 35.762592 0.180804 -0.633123 -0.752639 0.382694 0.119445 3 224 0.839752 223 0.152724 222 0.007524
  224 11.788174 10.539564 35.830261 0.854682 -0.470595 0.219221 0.383439 0.120623 3 224 0.838241 223 0.154236 222 0.007523
  224 11.053314 9.852696 36.575066 0.031663 -0.842732 -0.537402 0.359277 0.118138 3 224 0.574467 223 0.363950 222 0.061583
UV2
  224 11.677523 10.502992 35.762592 0.180804 -0.633123 -0.752639 0.382694 0.119445 3 224 0.839752 223 0.152724 222 0.007524
  224 11.053314 9.852696 36.575066 0.031663 -0.842732 -0.537402 0.359277 0.118138 3 224 0.574467 223 0.363950 222 0.061583
  224 10.847721 10.975891 35.675243 -0.135651 -0.443196 -0.886101 0.382694 0.105740 3 224 0.839343 223 0.153133 222 0.007524
UV2
  224 11.053314 9.852696 36.575066 0.031663 -0.842732 -0.537402 0.359277 0.118138 3 224 0.574467 223 0.363950 222 0.061583
  224 11.788174 10.539564 35.830261 0.854682 -0.470595 0.219221 0.383439 0.120623 3 224 0.838241 223 0.154236 222 0.007523
  224 11.162632 9.879369 36.643253 0.887835 -0.387949 0.247476 0.359445 0.119406 3 224 0.569608 223 0.369227 222 0.061165
UV2
  224 10.250503 10.310484 36.474804 -0.314035 -0.692982 -0.648966 0.359277 0.104806 3 224 0.578644 223 0.361055 222 0.060301
  224 10.847721 10.975891 35.675243 -0.135651 -0.443196 -0.886101 0.382694 0.105740 3 224 0.839343 223 0.153133 222 0.007524
  224 11.053314 9.852696 36.575066 0.031663 -0.842732 -0.537402 0.359277 0.118138 3 224 0.574467 223 0.363950 222 0.061583
UV2
  224 10.292313 10.845002 36.822105 0.817092 -0.532444 0.221051 0.360336 0.102065 3 224 0.569698 223 0.375707 222 0.054595
  223 8.717302 9.066224 40.315048 0.845554 -0.514942 0.140975 0.308166 0.116457 3 223 0.567360 222 0.263771 224 0.168869
  224 11.162632 9.879369 36.643253 0.887835 -0.387949 0.247476 0.359445 0.119406 3 224 0.569608 223 0.369227 222 0.061165
UV2
  224 11.496933 10.601547 37.271660 0.729799 -0.683389 0.019308 0.359461 0.119402 3 224 0.559959 223 0.377890 222 0.062151
  223 8.717302 9.066224 40.315048 0.845554 -0.514942 0.140975 0.308166 0.116457 3 223 0.567360 222 0.263771 224 0.168869
  224 10.292313 10.845002 36.822105 0.817092 -0.532444 0.221051 0.360336 0.102065 3 224 0.569698 223 0.375707 222 0.054595
UV2
  224 11.496933 10.601547 37.271660 0.729799 -0.683389 0.019308 0.359461 0.119402 3 224 0.559959 223 0.377890 222 0.062151
  223 9.810516 8.830667 40.927338 0.774630 -0.631151 0.039958 0.308704 0.119037 3 223 0.554129 222 0.279939 224 0.165933
  223 8.717302 9.066224 40.315048 0.845554 -0.514942 0.140975 0.308166 0.116457 3 223 0.567360 222 0.263771 224 0.168869
UV2
  224 11.162632 9.879369 36.643253 0.887835 -0.387949 0.247476 0.359445 0.119406 3 224 0.569608 223 0.369227 222 0.061165
  223 9.543382 7.962224 40.264458 0.923343 -0.266681 0.276260 0.306172 0.119003 3 223 0.551584 222 0.278507 224 0.169909
  224 11.053314 9.852696 36.575066 0.031663 -0.842732 -0.537402 0.359277 0.118138 3 224 0.574467 223 0.363950 222 0.061583
UV2
  224 11.162632 9.879369 36.643253 0.887835 -0.387949 0.247476 0.359445 0.119406 3 224 0.569608 223 0.369227 222 0.061165
  223 8.717302 9.066224 40.315048 0.845554 -0.514942 0.140975 0.308166 0.116457 3 223 0.567360 222 0.263771 224 0.168869
  223 9.543382 7.962224 40.264458 0.923343 -0.266681 0.276260 0.306172 0.119003 3 223 0.551584 222 0.278507 224 0.169909
UV2
  224 11.053314 9.852696 36.575066 0.031663 -0.842732 -0.537402 0.359277 0.118138 3 224 0.574467 223 0.363950 222 0.061583
  223 9.424657 7.905345 40.217854 0.109235 -0.867324 -0.485610 0.305750 0.117662 3 223 0.558416 222 0.268757 224 0.172828
  224 10.250503 10.310484 36.474804 -0.314035 -0.692982 -0.648966 0.359277 0.104806 3 224 0.578644 223 0.361055 222 0.060301
UV2
  224 11.053314 9.852696 36.575066 0.031663 -0.842732 -0.537402 0.359277 0.118138 3 224 0.574467 223 0.363950 222 0.061583
  223 9.543382 7.962224 40.264458 0.923343 -0.266681 0.276260 0.306172 0.119003 3 223 0.551584 222 0.278507 224 0.169909
  223 9.424657 7.905345 40.217854 0.109235 -0.867324 -0.485610 0.305750 0.117662 3 223 0.558416 222 0.268757 224 0.172828
UV2
  223 8.685534 8.361961 40.037918 -0.307038 -0.736331 -0.602946 0.305430 0.104444 3 223 0.562326 222 0.263550 224 0.174125
  224 10.250503 10.310484 36.474804 -0.314035 -0.692982 -0.648966 0.359277 0.104806 3 224 0.578644 223 0.361055 222 0.060301
  223 9.424657 7.905345 40.217854 0.109235 -0.867324 -0.485610 0.305750 0.117662 3 223 0.558416 222 0.268757 224 0.172828
UV2
  223 9.810516 8.830667 40.927338 0.774630 -0.631151 0.039958 0.308704 0.119037 3 223 0.554129 222 0.279939 224 0.165933
  222 7.926297 6.640587 44.547115 0.831701 -0.526006 0.177741 0.258041 0.118645 3 222 0.697350 223 0.211832 221 0.090819
  223 8.717302 9.066224 40.315048 0.845554 -0.514942 0.140975 0.308166 0.116457 3 223 0.567360 222 0.263771 224 0.168869
UV2
  222 7.926297 6.640587 44.547115 0.831701 -0.526006 0.177741 0.258041 0.118645 3 222 0.697350 223 0.211832 221 0.090819
  223 9.810516 8.830667 40.927338 0.774630 -0.631151 0.039958 0.308704 0.119037 3 223 0.554129 222 0.279939 224 0.165933
  222 7.904143 6.826370 44.533459 0.540624 0.470067 0.697683 0.258394 0.117257 3 222 0.720291 223 0.209597 221 0.070112
UV2
  223 9.424657 7.905345 40.217854 0.109235 -0.867324 -0.485610 0.305750 0.117662 3 223 0.558416 222 0.268757 224 0.172828
  222 7.674237 5.427546 43.794491 0.259448 -0.875077 -0.408567 0.254482 0.117189 3 222 0.658723 223 0.206181 221 0.135096
  223 8.685534 8.361961 40.037918 -0.307038 -0.736331 -0.602946 0.305430 0.104444 3 223 0.562326 222 0.263550 224 0.174125
UV2
  222 7.035686 5.844057 43.526180 -0.206577 -0.732433 -0.648744 0.254373 0.104223 3 222 0.688605 223 0.210579 221 0.100817
  223 8.685534 8.361961 40.037918 -0.307038 -0.736331 -0.602946 0.305430 0.104444 3 223 0.562326 222 0.263550 224 0.174125
  222 7.674237 5.427546 43.794491 0.259448 -0.875077 -0.408567 0.254482 0.117189 3 222 0.658723 223 0.206181 221 0.135096
UV2
  222 7.674237 5.427546 43.794491 0.259448 -0.875077 -0.408567 0.254482 0.117189 3 222 0.658723 223 0.206181 221 0.135096
  221 5.736076 3.911766 46.076851 0.134838 -0.916299 -0.377114 0.197855 0.116658 3 221 0.576381 222 0.293606 207 0.130013
  222 7.035686 5.844057 43.526180 -0.206577 -0.732433 -0.648744 0.254373 0.104223 3 222 0.688605 223 0.210579 221 0.100817
UV2
  222 7.674237 5.427546 43.794491 0.259448 -0.875077 -0.408567 0.254482 0.117189 3 222 0.658723 223 0.206181 221 0.135096
  223 9.424657 7.905345 40.217854 0.109235 -0.867324 -0.485610 0.305750 0.117662 3 223 0.558416 222 0.268757 224 0.172828
  222 7.784674 5.509008 43.836994 0.881681 -0.265318 0.390186 0.254961 0.118601 3 222 0.674629 223 0.202617 221 0.122754
UV2
  223 9.543382 7.962224 40.264458 0.923343 -0.266681 0.276260 0.306172 0.119003 3 223 0.551584 222 0.278507 224 0.169909
  222 7.784674 5.509008 43.836994 0.881681 -0.265318 0.390186 0.254961 0.118601 3 222 0.674629 223 0.202617 221 0.122754
  223 9.424657 7.905345 40.217854 0.109235 -0.867324 -0.485610 0.305750 0.117662 3 223 0.558416 222 0.268757 224 0.172828
UV2
  221 5.736076 3.911766 46.076851 0.134838 -0.916299 -0.377114 0.197855 0.116658 3 221 0.576381 222 0.293606 207 0.130013
  222 7.674237 5.427546 43.794491 0.259448 -0.875077 -0.408567 0.254482 0.117189 3 222 0.658723 223 0.206181 221 0.135096
  221 5.808538 3.937347 46.200798 0.812099 -0.364451 0.455708 0.197855 0.118141 3 221 0.583835 222 0.286159 207 0.130007
UV2
  221 5.808538 3.937347 46.200798 0.812099 -0.364451 0.455708 0.197855 0.118141 3 221 0.583835 222 0.286159 207 0.130007
  222 7.674237 5.427546 43.794491 0.259448 -0.875077 -0.408567 0.254482 0.117189 3 222 0.658723 223 0.206181 221 0.135096
  222 7.784674 5.509008 43.836994 0.881681 -0.265318 0.390186 0.254961 0.118601 3 222 0.674629 223 0.202617 221 0.122754
UV2
  221 5.736076 3.911766 46.076851 0.134838 -0.916299 -0.377114 0.197855 0.116658 3 221 0.576381 222 0.293606 207 0.130013
  221 5.808538 3.937347 46.200798 0.812099 -0.364451 0.455708 0.197855 0.118141 3 221 0.583835 222 0.286159 207 0.130007
  207 3.599056 2.806329 49.353577 0.328557 -0.943900 0.033218 0.138433 0.115326 3 207 0.499989 221 0.426001 222 0.074011
UV2
  222 7.784674 5.509008 43.836994 0.881681 -0.265318 0.390186 0.254961 0.118601 3 222 0.674629 223 0.202617 221 0.122754
  223 9.543382 7.962224 40.264458 0.923343 -0.266681 0.276260 0.306172 0.119003 3 223 0.551584 222 0.278507 224 0.169909
  222 6.972960 6.712542 43.854774 0.873729 -0.455274 0.171238 0.256697 0.100452 3 222 0.727457 223 0.215045 221 0.057498
UV2
  223 8.717302 9.066224 40.315048 0.845554 -0.514942 0.140975 0.308166 0.116457 3 223 0.567360 222 0.263771 224 0.168869
  222 6.972960 6.712542 43.854774 0.873729 -0.455274 0.171238 0.256697 0.100452 3 222 0.727457 223 0.215045 221 0.057498
  223 9.543382 7.962224 40.264458 0.923343 -0.266681 0.276260 0.306172 0.119003 3 223 0.551584 222 0.278507 224 0.169909
UV2
  222 6.972960 6.712542 43.854774 0.873729 -0.455274 0.171238 0.256697 0.100452 3 222 0.727457 223 0.215045 221 0.057498
  223 8.717302 9.066224 40.315048 0.845554 -0.514942 0.140975 0.308166 0.116457 3 223 0.567360 222 0.263771 224 0.168869
  222 7.926297 6.640587 44.547115 0.831701 -0.526006 0.177741 0.258041 0.118645 3 222 0.697350 223 0.211832 221 0.090819
UV2
  221 5.808538 3.937347 46.200798 0.812099 -0.364451 0.455708 0.197855 0.118141 3 221 0.583835 222 0.286159 207 0.130007
  222 7.784674 5.509008 43.836994 0.881681 -0.265318 0.390186 0.254961 0.118601 3 222 0.674629 223 0.202617 221 0.122754
  221 5.144567 4.601153 46.247696 0.886470 -0.380050 0.264069 0.197855 0.099464 3 221 0.565923 222 0.305213 207 0.128864
UV2
  222 6.972960 6.712542 43.854774 0.873729 -0.455274 0.171238 0.256697 0.100452 3 222 0.727457 223 0.215045 221 0.057498
  221 5.144567 4.601153 46.247696 0.886470 -0.380050 0.264069 0.197855 0.099464 3 221 0.565923 222 0.305213 207 0.128864
  222 7.784674 5.509008 43.836994 0.881681 -0.265318 0.390186 0.254961 0.118601 3 222 0.674629 223 0.202617 221 0.122754
UV2
  207 3.599056 2.806329 49.353577 0.328557 -0.943900 0.033218 0.138433 0.115326 3 207 0.499989 221 0.426001 222 0.074011
  221 5.808538 3.937347 46.200798 0.812099 -0.364451 0.455708 0.197855 0.118141 3 221 0.583835 222 0.286159 207 0.130007
  207 3.661353 2.855527 49.401810 0.730871 0.030117 0.681850 0.138487 0.116897 3 207 0.497338 221 0.426273 222 0.076389
UV2
  221 5.144567 4.601153 46.247696 0.886470 -0.380050 0.264069 0.197855 0.099464 3 221 0.565923 222 0.305213 207 0.128864
  207 3.661353 2.855527 49.401810 0.730871 0.030117 0.681850 0.138487 0.116897 3 207 0.497338 221 0.426273 222 0.076389
  221 5.808538 3.937347 46.200798 0.812099 -0.364451 0.455708 0.197855 0.118141 3 221 0.583835 222 0.286159 207 0.130007
UV2
  207 3.599056 2.806329 49.353577 0.328557 -0.943900 0.033218 0.138433 0.115326 3 207 0.499989 221 0.426001 222 0.074011
  207 3.661353 2.855527 49.401810 0.730871 0.030117 0.681850 0.138487 0.116897 3 207 0.497338 221 0.426273 222 0.076389
  207 1.996412 2.556732 51.000664 0.565096 -0.409122 0.716440 0.086016 0.115124 1 207 1.000000
UV2
  222 7.926297 6.640587 44.547115 0.831701 -0.526006 0.177741 0.258041 0.118645 3 222 0.697350 223 0.211832 221 0.090819
  221 5.919647 4.377755 46.919209 0.669353 -0.741305 0.049326 0.197855 0.118141 3 221 0.593286 222 0.281296 207 0.125418
  222 6.972960 6.712542 43.854774 0.873729 -0.455274 0.171238 0.256697 0.100452 3 222 0.727457 223 0.215045 221 0.057498
UV2
  221 5.144567 4.601153 46.247696 0.886470 -0.380050 0.264069 0.197855 0.099464 3 221 0.565923 222 0.305213 207 0.128864
  222 6.972960 6.712542 43.854774 0.873729 -0.455274 0.171238 0.256697 0.100452 3 222 0.727457 223 0.215045 221 0.057498
  221 5.919647 4.377755 46.919209 0.669353 -0.741305 0.049326 0.197855 0.118141 3 221 0.593286 222 0.281296 207 0.125418
UV2
  221 5.919647 4.377755 46.919209 0.669353 -0.741305 0.049326 0.197855 0.118141 3 221 0.593286 222 0.281296 207 0.125418
  222 7.926297 6.640587 44.547115 0.831701 -0.526006 0.177741 0.258041 0.118645 3 222 0.697350 223 0.211832 221 0.090819
  222 7.904143 6.826370 44.533459 0.540624 0.470067 0.697683 0.258394 0.117257 3 222 0.720291 223 0.209597 221 0.070112
UV2
  221 5.919647 4.377755 46.919209 0.669353 -0.741305 0.049326 0.197855 0.118141 3 221 0.593286 222 0.281296 207 0.125418
  222 7.904143 6.826370 44.533459 0.540624 0.470067 0.697683 0.258394 0.117257 3 222 0.720291 223 0.209597 221 0.070112
  221 5.879880 4.481794 47.006657 0.602111 0.304399 0.738108 0.197855 0.116658 3 221 0.591168 222 0.284462 207 0.124370
UV2
  221 5.879880 4.481794 47.006657 0.602111 0.304399 0.738108 0.197855 0.116658 3 221 0.591168 222 0.284462 207 0.124370
  207 3.731845 3.135186 49.484013 0.555985 0.448910 0.699544 0.138433 0.115326 3 207 0.490298 221 0.438945 222 0.070757
  221 5.919647 4.377755 46.919209 0.669353 -0.741305 0.049326 0.197855 0.118141 3 221 0.593286 222 0.281296 207 0.125418
UV2
  207 3.731845 3.135186 49.484013 0.555985 0.448910 0.699544 0.138433 0.115326 3 207 0.490298 221 0.438945 222 0.070757
  207 3.755490 3.076833 49.503292 0.722912 -0.493025 0.484070 0.138485 0.116881 3 207 0.491238 221 0.432567 222 0.076196
  221 5.919647 4.377755 46.919209 0.669353 -0.741305 0.049326 0.197855 0.118141 3 221 0.593286 222 0.281296 207 0.125418
UV2
  221 5.144567 4.601153 46.247696 0.886470 -0.380050 0.264069 0.197855 0.099464 3 221 0.565923 222 0.305213 207 0.128864
  221 5.919647 4.377755 46.919209 0.669353 -0.741305 0.049326 0.197855 0.118141 3 221 0.593286 222 0.281296 207 0.125418
  207 3.755490 3.076833 49.503292 0.722912 -0.493025 0.484070 0.138485 0.116881 3 207 0.491238 221 0.432567 222 0.076196
UV2
  207 3.731845 3.135186 49.484013 0.555985 0.448910 0.699544 0.138433 0.115326 3 207 0.490298 221 0.438945 222 0.070757
  207 1.996364 2.881325 50.996120 0.456268 0.456922 0.763571 0.086016 0.115124 1 207 1.000000
  207 3.755490 3.076833 49.503292 0.722912 -0.493025 0.484070 0.138485 0.116881 3 207 0.491238 221 0.432567 222 0.076196
UV2
  207 3.280460 3.000574 49.124348 0.755406 0.008964 0.655196 0.138618 0.101126 3 207 0.487498 221 0.436492 222 0.076010
  221 5.144567 4.601153 46.247696 0.886470 -0.380050 0.264069 0.197855 0.099464 3 221 0.565923 222 0.305213 207 0.128864
  207 3.755490 3.076833 49.503292 0.722912 -0.493025 0.484070 0.138485 0.116881 3 207 0.491238 221 0.432567 222 0.076196
UV2
  207 3.280460 3.000574 49.124348 0.755406 0.008964 0.655196 0.138618 0.101126 3 207 0.487498 221 0.436492 222 0.076010
  207 3.661353 2.855527 49.401810 0.730871 0.030117 0.681850 0.138487 0.116897 3 207 0.497338 221 0.426273 222 0.076389
  221 5.144567 4.601153 46.247696 0.886470 -0.380050 0.264069 0.197855 0.099464 3 221 0.565923 222 0.305213 207 0.128864
UV2
  207 1.996364 2.881325 50.996120 0.456268 0.456922 0.763571 0.086016 0.115124 1 207 1.000000
  207 2.012041 2.833544 51.015350 0.593115 -0.321724 0.738043 0.086136 0.116133 1 207 1.000000
  207 3.755490 3.076833 49.503292 0.722912 -0.493025 0.484070 0.138485 0.116881 3 207 0.491238 221 0.432567 222 0.076196
UV2
  207 3.280460 3.000574 49.124348 0.755406 0.008964 0.655196 0.138618 0.101126 3 207 0.487498 221 0.436492 222 0.076010
  207 3.755490 3.076833 49.503292 0.722912 -0.493025 0.484070 0.138485 0.116881 3 207 0.491238 221 0.432567 222 0.076196
  207 2.012041 2.833544 51.015350 0.593115 -0.321724 0.738043 0.086136 0.116133 1 207 1.000000
UV2
  207 1.996364 2.881325 50.996120 0.456268 0.456922 0.763571 0.086016 0.115124 1 207 1.000000
  207 0.452268 2.553672 51.832230 0.507068 -0.487598 0.710725 0.037628 0.115834 1 207 1.000000
  207 2.012041 2.833544 51.015350 0.593115 -0.321724 0.738043 0.086136 0.116133 1 207 1.000000
UV2
  207 3.280460 3.000574 49.124348 0.755406 0.008964 0.655196 0.138618 0.101126 3 207 0.487498 221 0.436492 222 0.076010
  207 2.012938 2.613163 51.019257 0.522687 0.375886 0.765185 0.086155 0.116181 1 207 1.000000
  207 3.661353 2.855527 49.401810 0.730871 0.030117 0.681850 0.138487 0.116897 3 207 0.497338 221 0.426273 222 0.076389
UV2
  207 1.996412 2.556732 51.000664 0.565096 -0.409122 0.716440 0.086016 0.115124 1 207 1.000000
  207 3.661353 2.855527 49.401810 0.730871 0.030117 0.681850 0.138487 0.116897 3 207 0.497338 221 0.426273 222 0.076389
  207 2.012938 2.613163 51.019257 0.522687 0.375886 0.765185 0.086155 0.116181 1 207 1.000000
UV2
  207 1.996412 2.556732 51.000664 0.565096 -0.409122 0.716440 0.086016 0.115124 1 207 1.000000
  207 2.012938 2.613163 51.019257 0.522687 0.375886 0.765185 0.086155 0.116181 1 207 1.000000
  207 0.451814 2.365733 51.822338 0.441078 0.410816 0.797922 0.037628 0.115834 1 207 1.000000
UV2
  207 1.835634 2.714293 50.782852 0.672635 0.037931 0.739002 0.086420 0.103810 1 207 1.000000
  207 3.280460 3.000574 49.124348 0.755406 0.008964 0.655196 0.138618 0.101126 3 207 0.487498 221 0.436492 222 0.076010
  207 2.012041 2.833544 51.015350 0.593115 -0.321724 0.738043 0.086136 0.116133 1 207 1.000000
UV2
  207 1.835634 2.714293 50.782852 0.672635 0.037931 0.739002 0.086420 0.103810 1 207 1.000000
  207 2.012938 2.613163 51.019257 0.522687 0.375886 0.765185 0.086155 0.116181 1 207 1.000000
  207 3.280460 3.000574 49.124348 0.755406 0.008964 0.655196 0.138618 0.101126 3 207 0.487498 221 0.436492 222 0.076010
UV2
  207 0.452268 2.553672 51.832230 0.507068 -0.487598 0.710725 0.037628 0.115834 1 207 1.000000
  207 0.438806 2.462863 51.777874 0.554914 -0.023234 0.831583 0.036204 0.113870 1 207 1.000000
  207 2.012041 2.833544 51.015350 0.593115 -0.321724 0.738043 0.086136 0.116133 1 207 1.000000
UV2
  207 1.835634 2.714293 50.782852 0.672635 0.037931 0.739002 0.086420 0.103810 1 207 1.000000
  207 2.012041 2.833544 51.015350 0.593115 -0.321724 0.738043 0.086136 0.116133 1 207 1.000000
  207 0.438806 2.462863 51.777874 0.554914 -0.023234 0.831583 0.036204 0.113870 1 207 1.000000
UV2
  207 1.835634 2.714293 50.782852 0.672635 0.037931 0.739002 0.086420 0.103810 1 207 1.000000
  207 0.438806 2.462863 51.777874 0.554914 -0.023234 0.831583 0.036204 0.113870 1 207 1.000000
  207 2.012938 2.613163 51.019257 0.522687 0.375886 0.765185 0.086155 0.116181 1 207 1.000000
UV2
  207 0.451814 2.365733 51.822338 0.441078 0.410816 0.797922 0.037628 0.115834 1 207 1.000000
  207 2.012938 2.613163 51.019257 0.522687 0.375886 0.765185 0.086155 0.116181 1 207 1.000000
  207 0.438806 2.462863 51.777874 0.554914 -0.023234 0.831583 0.036204 0.113870 1 207 1.000000
UV2
  207 0.379117 2.459817 51.828831 0.649928 -0.040463 0.758918 0.029101 0.115834 1 207 1.000000
  207 0.438806 2.462863 51.777874 0.554914 -0.023234 0.831583 0.036204 0.113870 1 207 1.000000
  207 0.452268 2.553672 51.832230 0.507068 -0.487598 0.710725 0.037628 0.115834 1 207 1.000000
UV2
  207 0.379117 2.459817 51.828831 0.649928 -0.040463 0.758918 0.029101 0.115834 1 207 1.000000
  207 0.451814 2.365733 51.822338 0.441078 0.410816 0.797922 0.037628 0.115834 1 207 1.000000
  207 0.438806 2.462863 51.777874 0.554914 -0.023234 0.831583 0.036204 0.113870 1 207 1.000000
end
