// Created by Crowbar++ 0.74
version 1
nodes
  0 "ValveBiped.Bip01_Pelvis" -1
  1 "ValveBiped.Bip01_Spine" 0
  2 "ValveBiped.Bip01_Spine1" 1
  3 "ValveBiped.Bip01_Spine2" 2
  4 "ValveBiped.Bip01_Spine4" 3
  5 "ValveBiped.Bip01_Neck1" 4
  6 "ValveBiped.Bip01_Head1" 5
  7 "ValveBiped.forward" 6
  8 "ValveBiped.Bip01_L_Clavicle" 4
  9 "ValveBiped.Bip01_L_UpperArm" 8
  10 "ValveBiped.Bip01_L_Forearm" 9
  11 "ValveBiped.Bip01_L_Hand" 10
  12 "ValveBiped.Anim_Attachment_LH" 11
  13 "ValveBiped.Bip01_L_Finger4" 11
  14 "ValveBiped.Bip01_L_Finger41" 13
  15 "ValveBiped.Bip01_L_Finger42" 14
  16 "ValveBiped.Bip01_L_Finger3" 11
  17 "ValveBiped.Bip01_L_Finger31" 16
  18 "ValveBiped.Bip01_L_Finger32" 17
  19 "ValveBiped.Bip01_L_Finger2" 11
  20 "ValveBiped.Bip01_L_Finger21" 19
  21 "ValveBiped.Bip01_L_Finger22" 20
  22 "ValveBiped.Bip01_L_Finger1" 11
  23 "ValveBiped.Bip01_L_Finger11" 22
  24 "ValveBiped.Bip01_L_Finger12" 23
  25 "ValveBiped.Bip01_L_Finger0" 11
  26 "ValveBiped.Bip01_L_Finger01" 25
  27 "ValveBiped.Bip01_L_Finger02" 26
  28 "ValveBiped.Bip01_R_Clavicle" 4
  29 "ValveBiped.Bip01_R_UpperArm" 28
  30 "ValveBiped.Bip01_R_Forearm" 29
  31 "ValveBiped.Bip01_R_Hand" 30
  32 "ValveBiped.Anim_Attachment_RH" 31
  33 "ValveBiped.Bip01_R_Finger4" 31
  34 "ValveBiped.Bip01_R_Finger41" 33
  35 "ValveBiped.Bip01_R_Finger42" 34
  36 "ValveBiped.Bip01_R_Finger3" 31
  37 "ValveBiped.Bip01_R_Finger31" 36
  38 "ValveBiped.Bip01_R_Finger32" 37
  39 "ValveBiped.Bip01_R_Finger2" 31
  40 "ValveBiped.Bip01_R_Finger21" 39
  41 "ValveBiped.Bip01_R_Finger22" 40
  42 "ValveBiped.Bip01_R_Finger1" 31
  43 "ValveBiped.Bip01_R_Finger11" 42
  44 "ValveBiped.Bip01_R_Finger12" 43
  45 "ValveBiped.Bip01_R_Finger0" 31
  46 "ValveBiped.Bip01_R_Finger01" 45
  47 "ValveBiped.Bip01_R_Finger02" 46
  48 "ValveBiped.Bip01_L_Thigh" 0
  49 "ValveBiped.Bip01_L_Calf" 48
  50 "ValveBiped.Bip01_L_Foot" 49
  51 "ValveBiped.Bip01_L_Toe0" 50
  52 "ValveBiped.Bip01_R_Thigh" 0
  53 "ValveBiped.Bip01_R_Calf" 52
  54 "ValveBiped.Bip01_R_Foot" 53
  55 "ValveBiped.Bip01_R_Toe0" 54
  56 "ValveBiped.Bip2" 0
  57 "ValveBiped.Bip3" 0
  58 "ValveBiped.Bip4" 0
  59 "ValveBiped.Bip5" 0
  60 "ValveBiped.Bip8" 0
  61 "ValveBiped.Bip9" 0
  62 "ValveBiped.Bip10" 0
  63 "ValveBiped.Bip11" 0
  64 "ValveBiped.Bip12" 0
  65 "ValveBiped.Bip1" 64
  66 "ValveBiped.Bip7" 0
  67 "ValveBiped.Bip6" 66
  68 "ValveBiped.Bip14" 0
  69 "ValveBiped.Bip13" 68
  70 "pd.103" 4
  71 "pd.104" 4
  72 "pd.128" 56
  73 "pd.129" 72
  74 "pd.130" 73
  75 "pd.131" 74
  76 "pd.132" 57
  77 "pd.133" 76
  78 "pd.134" 77
  79 "pd.135" 78
  80 "pd.136" 58
  81 "pd.137" 80
  82 "pd.138" 81
  83 "pd.139" 82
  84 "pd.140" 59
  85 "pd.141" 84
  86 "pd.142" 85
  87 "pd.143" 86
  88 "pd.144" 60
  89 "pd.145" 88
  90 "pd.146" 89
  91 "pd.147" 90
  92 "pd.148" 61
  93 "pd.149" 92
  94 "pd.150" 93
  95 "pd.151" 94
  96 "pd.152" 62
  97 "pd.153" 96
  98 "pd.154" 97
  99 "pd.155" 98
  100 "pd.156" 63
  101 "pd.157" 100
  102 "pd.158" 101
  103 "pd.159" 102
  104 "pd.160" 65
  105 "pd.161" 104
  106 "pd.162" 105
  107 "pd.163" 106
  108 "pd.164" 67
  109 "pd.165" 108
  110 "pd.166" 109
  111 "pd.167" 110
  112 "pd" 6
  113 "pd.001" 6
  114 "pd.002" 6
  115 "pd.003" 6
  116 "pd.004" 6
  117 "pd.005" 6
  118 "pd.006" 6
  119 "pd.007" 6
  120 "pd.008" 6
  121 "pd.015" 6
  122 "pd.016" 121
  123 "pd.017" 122
  124 "pd.018" 123
  125 "pd.019" 124
  126 "pd.020" 125
  127 "pd.021" 126
  128 "pd.022" 127
  129 "pd.023" 128
  130 "pd.024" 129
  131 "pd.025" 130
  132 "pd.026" 131
  133 "pd.027" 132
  134 "pd.028" 133
  135 "pd.029" 134
  136 "pd.030" 135
  137 "pd.031" 136
  138 "pd.032" 137
  139 "pd.033" 138
  140 "pd.034" 128
  141 "pd.035" 140
  142 "pd.036" 141
  143 "pd.037" 142
  144 "pd.038" 143
  145 "pd.039" 144
  146 "pd.040" 145
  147 "pd.041" 146
  148 "pd.042" 147
  149 "pd.043" 148
  150 "pd.044" 149
  151 "pd.045" 150
  152 "pd.046" 151
  153 "pd.047" 128
  154 "pd.048" 153
  155 "pd.049" 154
  156 "pd.050" 155
  157 "pd.051" 156
  158 "pd.052" 157
  159 "pd.053" 158
  160 "pd.054" 159
  161 "pd.055" 160
  162 "pd.056" 161
  163 "pd.057" 162
  164 "pd.058" 6
  165 "pd.059" 164
  166 "pd.060" 165
  167 "pd.061" 166
  168 "pd.062" 167
  169 "pd.063" 168
  170 "pd.064" 169
  171 "pd.065" 170
  172 "pd.066" 171
  173 "pd.067" 172
  174 "pd.068" 173
  175 "pd.069" 174
  176 "pd.070" 175
  177 "pd.071" 176
  178 "pd.072" 177
  179 "pd.073" 178
  180 "pd.074" 179
  181 "pd.075" 180
  182 "pd.076" 181
  183 "pd.077" 171
  184 "pd.078" 183
  185 "pd.079" 184
  186 "pd.080" 185
  187 "pd.081" 186
  188 "pd.082" 187
  189 "pd.083" 188
  190 "pd.084" 189
  191 "pd.085" 190
  192 "pd.086" 191
  193 "pd.087" 192
  194 "pd.088" 193
  195 "pd.089" 194
  196 "pd.090" 171
  197 "pd.091" 196
  198 "pd.092" 197
  199 "pd.093" 198
  200 "pd.094" 199
  201 "pd.095" 200
  202 "pd.096" 201
  203 "pd.097" 202
  204 "pd.098" 203
  205 "pd.099" 204
  206 "pd.100" 205
  207 "pd.107" 1
  208 "pd.108" 207
  209 "pd.109" 208
  210 "pd.110" 209
  211 "pd.111" 207
  212 "pd.112" 211
  213 "pd.113" 212
  214 "pd.114" 213
  215 "pd.115" 207
  216 "pd.116" 215
  217 "pd.117" 216
  218 "pd.118" 207
  219 "pd.119" 218
  220 "pd.120" 219
  221 "pd.121" 207
  222 "pd.122" 221
  223 "pd.123" 222
  224 "pd.124" 223
  225 "pd.125" 207
  226 "pd.126" 225
  227 "pd.127" 226
  228 "pd.009" 6
  229 "pd.010" 228
  230 "pd.011" 228
  231 "pd.012" 6
  232 "pd.013" 231
  233 "pd.014" 231
  234 "pd.101" 6
  235 "pd.102" 6
  236 "pd.105" 4
  237 "pd.106" 4
  238 "pd.168" 69
  239 "pd.169" 238
  240 "pd.170" 239
  241 "pd.171" 240
  242 "pd.172" 241
  243 "pd.173" 242
  244 "pd.174" 243
end
skeleton
  time 0
    0 0.000000 -0.967105 44.122166 1.570796 0.000000 0.000000
    1 0.000000 3.523758 0.029950 1.570796 -0.027985 1.570796
    2 0.000000 0.000000 0.000000 0.000000 0.000000 -0.112621
    3 3.710045 0.150944 -0.000002 0.000000 0.000000 -0.012638
    4 0.000004 -0.000001 0.000000 0.000000 0.000000 0.155823
    5 8.192108 -2.246392 -0.000003 3.141589 0.000000 0.224089
    6 2.810970 0.786394 0.000004 0.000000 0.000000 0.109869
    7 0.000000 0.000000 0.000000 -1.570795 0.000000 -1.326470
    8 7.248871 -2.063121 0.799392 1.638345 -1.334142 2.900122
    9 3.406890 -0.117195 -0.331688 -1.453546 0.015826 0.236135
    10 8.927933 0.000001 -0.000004 0.000000 0.000000 0.000000
    11 8.244890 0.000000 -0.000004 1.570796 0.000000 0.000000
    12 2.676094 -1.712418 -0.000012 1.570821 -0.000023 1.570619
    13 2.602129 0.043274 -1.213689 0.000000 0.000000 0.000000
    14 0.978357 0.000000 0.000000 0.000000 0.000000 0.000000
    15 0.578138 0.000000 0.000000 0.000000 0.000000 0.000000
    16 2.666882 0.187336 -0.542830 0.000000 0.000000 0.000000
    17 1.355406 0.000000 0.000000 0.000000 0.000000 0.000000
    18 0.832703 0.000000 0.000000 0.000000 0.000000 0.000000
    19 2.710474 0.161205 0.196588 0.000000 0.000000 0.000000
    20 1.473167 0.000000 0.000000 0.000000 0.000000 0.000000
    21 0.846321 0.000000 0.000000 0.000000 0.000000 0.000000
    22 2.591167 0.126434 0.967711 0.000000 0.000000 0.000000
    23 1.352854 0.000000 0.000000 0.000000 0.000000 0.000000
    24 0.781221 0.000000 0.000000 0.000000 0.000000 0.000000
    25 0.584726 -0.519913 0.370771 -1.301623 -0.446182 -0.627531
    26 1.518351 -0.367496 0.544430 0.000854 0.001836 0.392753
    27 0.979181 -0.236278 0.537338 0.004490 0.012339 0.062293
    28 7.248871 -2.063119 -0.799398 -1.710090 1.334149 2.900126
    29 3.406892 -0.140697 0.322426 1.523337 -0.032557 0.234439
    30 8.927931 -0.000001 0.000004 0.000000 0.000000 0.000000
    31 8.244888 -0.000001 0.000004 -1.570796 0.000000 0.000000
    32 2.676144 -1.712357 0.000080 -1.570742 -0.000010 -1.571256
    33 2.602133 0.043266 1.213689 0.000000 0.000000 0.000000
    34 0.978361 -0.000004 0.000000 0.000000 0.000000 0.000000
    35 0.578136 0.000000 0.000000 0.000000 0.000000 0.000000
    36 2.666882 0.187328 0.542829 0.000000 0.000000 0.000000
    37 1.355406 0.000000 0.000000 0.000000 0.000000 0.000000
    38 0.832703 -0.000004 0.000000 0.000000 0.000000 0.000000
    39 2.710476 0.161201 -0.196589 0.000000 0.000000 0.000000
    40 1.473166 0.000000 0.000000 0.000000 0.000000 0.000000
    41 0.846323 -0.000004 0.000000 0.000000 0.000000 0.000000
    42 2.591166 0.126427 -0.967711 0.000000 0.000000 0.000000
    43 1.352856 0.000000 0.000000 0.000000 0.000000 0.000000
    44 0.781223 -0.000004 0.000000 0.000000 0.000000 0.000000
    45 0.584728 -0.519913 -0.370771 1.301648 0.446144 -0.627495
    46 1.518348 -0.367567 -0.544395 -0.000880 -0.001832 0.392738
    47 0.979185 -0.236300 -0.537319 -0.004467 -0.012334 0.062301
    48 3.050961 -1.782368 -1.228622 -1.570796 0.000000 -1.570796
    49 16.332626 -0.000004 -0.000009 0.000000 0.000000 0.000000
    50 20.043091 -0.000004 -0.000011 0.014671 -0.023907 -1.075671
    51 6.307809 1.971855 -0.164771 -0.011148 0.000933 -0.500514
    52 -3.050961 -1.782368 -1.228622 -1.570796 0.000000 -1.570796
    53 16.332621 -0.000004 -0.000005 0.000000 0.000000 0.000000
    54 20.043093 -0.000004 -0.000006 -0.010594 0.011412 -1.078506
    55 6.303392 1.991225 0.078041 -0.078652 -0.006186 -0.498944
    56 2.711403 5.259277 3.132617 1.371211 -0.247101 0.301329
    57 4.387142 5.259281 1.076985 1.499231 -0.393673 0.422072
    58 4.387142 5.259281 -1.463916 1.706652 -0.391307 0.342493
    59 2.711402 5.259277 -3.519549 1.901471 -0.238775 0.170884
    60 -2.711403 5.259277 -3.519548 1.901471 0.237171 -0.169732
    61 -4.387142 5.259281 -1.463915 1.706652 0.388846 -0.340325
    62 -4.387142 5.259281 1.076986 1.499232 0.391200 -0.419431
    63 -2.711403 5.259277 3.132617 1.371210 0.245443 -0.299324
    64 0.000000 5.259277 3.917799 1.323785 0.000000 0.000000
    65 0.000000 0.000000 0.000004 0.000000 0.000000 0.000000
    66 0.000000 5.259281 -4.304729 1.970281 0.000000 0.000000
    67 0.000000 -0.000004 0.000004 0.000000 0.000000 0.000000
    68 0.000000 3.365860 -2.270664 -3.016978 0.000000 0.000000
    69 0.000000 0.000004 0.000000 0.000000 0.000000 0.000000
    70 3.894241 1.243716 -2.273654 1.965025 -0.040515 3.131485
    71 3.894238 1.243715 2.273654 -1.176566 -0.040514 -0.010107
    72 -0.021326 -0.017084 3.075672 0.022751 -0.028101 -0.026980
    73 -0.073547 -0.051170 4.743092 0.032584 -0.044850 -0.044624
    74 -0.077495 -0.047066 5.165989 0.026438 -0.041664 -0.042026
    75 -0.074110 -0.038752 5.888031 0.018344 -0.034146 -0.034681
    76 -0.032290 -0.011740 3.170059 0.014622 -0.041277 -0.035567
    77 -0.107449 -0.020611 4.862347 0.013008 -0.064785 -0.059688
    78 -0.111515 -0.002520 5.261139 0.002053 -0.060101 -0.057736
    79 -0.106655 0.014372 5.961823 -0.006441 -0.049617 -0.049160
    80 -0.026825 0.001395 3.190907 -0.002934 -0.034445 -0.029117
    81 -0.089855 0.025994 4.906704 -0.016522 -0.055039 -0.049700
    82 -0.095390 0.049047 5.307724 -0.026490 -0.052409 -0.049634
    83 -0.093845 0.065496 6.001842 -0.030397 -0.044484 -0.043642
    84 -0.011630 0.020613 3.179478 -0.027449 -0.015638 -0.015519
    85 -0.042721 0.080910 4.884434 -0.050135 -0.027670 -0.027213
    86 -0.049829 0.096235 5.281723 -0.052275 -0.028571 -0.028122
    87 -0.052511 0.100945 5.976290 -0.046859 -0.025621 -0.025339
    88 0.015903 0.021338 3.177238 -0.028113 0.020374 0.018820
    89 0.047289 0.081381 4.877136 -0.050187 0.028997 0.027920
    90 0.043223 0.094965 5.276382 -0.051666 0.023554 0.024140
    91 0.035468 0.098776 5.977041 -0.046042 0.016383 0.018087
    92 0.033083 0.003553 3.185020 -0.004793 0.041400 0.035424
    93 0.096363 0.027191 4.887688 -0.016423 0.056944 0.051228
    94 0.084818 0.045254 5.293816 -0.024684 0.044623 0.042711
    95 0.067105 0.059410 6.003803 -0.028195 0.030099 0.031089
    96 0.038330 -0.009118 3.164131 0.012460 0.047969 0.043268
    97 0.113415 -0.019338 4.843170 0.013353 0.066404 0.061570
    98 0.100536 -0.007123 5.247093 0.004238 0.052229 0.049703
    99 0.079924 0.007468 5.963799 -0.004057 0.035424 0.035002
    100 0.025406 -0.015861 3.073360 0.021744 0.032580 0.032742
    101 0.077185 -0.050655 4.735600 0.032812 0.045605 0.045842
    102 0.069947 -0.049222 5.160545 0.027450 0.036395 0.036073
    103 0.056913 -0.041794 5.888805 0.019348 0.025229 0.024706
    104 0.000001 -0.022074 3.017406 0.029728 -0.000001 0.000000
    105 0.000007 -0.072325 4.674877 0.045213 0.000001 0.000000
    106 0.000004 -0.072306 5.116188 0.039499 -0.000001 0.000000
    107 0.000008 -0.065177 5.851667 0.030159 -0.000003 0.000000
    108 0.000000 0.027422 3.170170 -0.036187 0.000000 0.000000
    109 0.000002 0.099876 4.862431 -0.061972 0.000000 0.000000
    110 0.000003 0.111992 5.256622 -0.061199 0.000001 0.000000
    111 -0.000001 0.112280 5.953030 -0.052385 -0.000003 0.000000
    112 3.761497 -0.484362 -3.660547 -0.900179 1.161913 2.643719
    113 3.752853 -1.560328 -3.605245 -0.789065 0.912032 2.532620
    114 4.474640 -3.523696 -2.361130 2.675599 0.700163 -0.932028
    115 7.239937 -2.863720 -1.353375 2.392258 1.211417 -0.648675
    116 5.828751 -3.266319 -0.422032 2.581944 0.323357 -0.838376
    117 6.404037 -2.955704 0.813580 2.356718 1.046823 -0.613147
    118 3.398285 -0.913291 3.507390 2.329320 1.057333 -0.585752
    119 3.304718 -2.181828 3.297226 2.389322 1.112993 -0.645736
    120 5.089508 -2.145199 2.833681 2.371626 1.510808 -0.628243
    121 3.309242 3.021448 2.807659 0.145870 0.352522 1.597699
    122 -0.000002 1.299175 0.000000 2.863876 -1.026024 0.140310
    123 1.483128 0.889118 -0.760393 -1.723425 -0.954308 -2.931849
    124 0.000001 0.000006 1.098301 -0.011182 0.114293 0.088735
    125 -0.031181 -0.045309 2.776104 0.072845 -0.059048 -0.048706
    126 -0.063147 -0.055231 3.387466 0.053852 -0.069808 -0.055545
    127 -0.073409 -0.021782 3.800297 0.017832 -0.053762 -0.039335
    128 0.000000 0.000000 1.901588 -0.191357 0.059709 0.055031
    129 0.508658 0.249132 2.020947 0.152654 -0.080674 -0.091023
    130 -0.021115 -0.005932 3.975941 0.018894 -0.028664 -0.023641
    131 -0.068426 0.014626 3.999939 -0.000226 -0.062980 -0.043719
    132 -0.007289 0.005527 4.039022 0.012551 0.027198 0.016563
    133 -0.000628 -0.025537 3.672590 0.024792 0.003099 -0.002792
    134 -0.135418 -0.087128 4.137640 0.062914 0.003334 -0.010280
    135 0.098037 -0.014038 3.938133 0.050502 0.075713 0.040403
    136 0.000000 0.000000 1.657495 0.041547 0.036246 0.016576
    137 0.152488 -0.043791 3.310966 0.069626 0.165611 0.093920
    138 0.319344 -0.179604 4.414724 0.182635 0.192651 0.123485
    139 0.315797 -0.299946 4.960559 -0.172145 0.156200 0.030440
    140 -1.403287 -1.245106 1.653469 0.359794 -0.150586 -0.212232
    141 -0.036385 -0.040253 4.010429 0.027873 -0.013964 -0.014459
    142 0.039886 -0.009483 4.181780 0.011456 0.007395 0.001500
    143 -0.012575 0.024719 4.669813 -0.037712 -0.000559 0.008144
    144 0.003522 0.076195 4.128000 -0.144606 0.004083 0.033468
    145 0.057060 0.140339 3.777660 -0.156636 0.079873 0.079571
    146 -0.000002 0.000002 1.827112 -0.096845 0.068789 0.065894
    147 0.000005 0.000008 1.819405 -0.025411 0.082010 0.074106
    148 -0.000027 0.000006 1.796610 -0.053664 0.068113 0.061034
    149 0.143147 0.090977 3.417555 -0.078907 0.233384 0.206127
    150 0.299864 0.076643 3.734957 0.073279 0.346200 0.399053
    151 0.205663 -0.102530 3.289310 0.188572 0.187720 0.357340
    152 0.187447 -0.369926 3.245319 0.063889 -0.263370 -0.208770
    153 2.697930 0.437963 2.522320 0.120394 0.014650 0.003640
    154 -0.107486 -0.161879 4.179699 0.166631 -0.086351 -0.087082
    155 -0.105448 -0.232380 4.477386 0.197241 -0.070590 -0.081981
    156 -0.054009 -0.142471 4.558023 0.126629 -0.045738 -0.050372
    157 -0.032272 -0.069145 3.613425 0.064674 -0.047010 -0.035167
    158 -0.037061 0.026768 3.770075 -0.065050 -0.050752 -0.000997
    159 -0.069773 0.200871 3.797598 -0.258059 -0.065538 0.050786
    160 -0.097511 0.349506 3.709995 -0.367298 -0.091252 0.075873
    161 -0.030209 0.308874 3.588842 -0.337832 0.077508 0.172665
    162 0.153002 0.295004 3.523855 -0.288480 0.299089 0.389546
    163 0.192851 0.188094 2.468798 0.033129 0.438087 0.812831
    164 3.309235 3.021465 -2.807641 -2.995720 0.352528 -1.543893
    165 0.000000 1.299175 0.000000 2.863876 1.026010 -0.140306
    166 -1.483133 0.889126 -0.760418 -1.723435 0.954314 2.931837
    167 -0.000006 -0.000002 1.098301 -0.011182 -0.114298 -0.088737
    168 0.031177 -0.045311 2.776096 0.072845 0.059047 0.048706
    169 0.063149 -0.055231 3.387466 0.053852 0.069808 0.055545
    170 0.073413 -0.021780 3.800289 0.017832 0.053764 0.039335
    171 0.000002 -0.000002 1.901588 -0.191357 -0.059713 -0.055024
    172 -0.508654 0.249136 2.020947 0.152655 0.080680 0.091018
    173 0.021119 -0.005928 3.975933 0.018894 0.028663 0.023643
    174 0.068434 0.014627 3.999947 -0.000226 0.062982 0.043718
    175 0.007291 0.005524 4.039026 0.012551 -0.027196 -0.016564
    176 0.000624 -0.025537 3.672588 0.024791 -0.003099 0.002793
    177 0.135412 -0.087130 4.137642 0.062914 -0.003335 0.010281
    178 -0.098038 -0.014040 3.938129 0.050502 -0.075712 -0.040404
    179 0.000000 0.000000 1.657490 0.041547 -0.036248 -0.016575
    180 -0.152492 -0.043795 3.310970 0.069626 -0.165611 -0.093922
    181 -0.319357 -0.179602 4.414725 0.182634 -0.192652 -0.123486
    182 -0.315814 -0.299955 4.960563 -0.172145 -0.156203 -0.030440
    183 1.403308 -1.245113 1.653461 0.359794 0.150591 0.212228
    184 0.036398 -0.040260 4.010426 0.027874 0.013967 0.014459
    185 -0.039887 -0.009483 4.181797 0.011455 -0.007395 -0.001500
    186 0.012575 0.024708 4.669821 -0.037712 0.000559 -0.008144
    187 -0.003523 0.076199 4.128008 -0.144605 -0.004083 -0.033468
    188 -0.057062 0.140339 3.777658 -0.156635 -0.079873 -0.079572
    189 0.000000 0.000006 1.827118 -0.096844 -0.068790 -0.065895
    190 -0.000009 0.000010 1.819410 -0.025411 -0.082011 -0.074107
    191 0.000027 0.000004 1.796608 -0.053664 -0.068114 -0.061034
    192 -0.143153 0.090969 3.417557 -0.078908 -0.233386 -0.206128
    193 -0.299873 0.076631 3.734959 0.073278 -0.346198 -0.399055
    194 -0.205668 -0.102563 3.289330 0.188570 -0.187718 -0.357339
    195 -0.187449 -0.369966 3.245340 0.063889 0.263368 0.208768
    196 -2.697953 0.437979 2.522327 0.120394 -0.014646 -0.003645
    197 0.107490 -0.161877 4.179699 0.166631 0.086351 0.087082
    198 0.105456 -0.232386 4.477375 0.197240 0.070591 0.081982
    199 0.054015 -0.142471 4.558029 0.126629 0.045739 0.050372
    200 0.032275 -0.069153 3.613431 0.064673 0.047011 0.035167
    201 0.037062 0.026764 3.770080 -0.065051 0.050752 0.000997
    202 0.069780 0.200867 3.797603 -0.258059 0.065538 -0.050786
    203 0.097515 0.349510 3.710004 -0.367299 0.091254 -0.075876
    204 0.030205 0.308855 3.588852 -0.337830 -0.077508 -0.172666
    205 -0.153004 0.295002 3.523855 -0.288478 -0.299090 -0.389552
    206 -0.192861 0.188094 2.468803 0.033133 -0.438087 -0.812839
    207 3.038773 -3.186367 -0.000004 0.000000 -1.570796 -1.598781
    208 -1.259778 -0.110737 0.228234 1.581472 1.308281 -1.297982
    209 -0.000001 0.000000 1.663316 0.000004 -0.000002 -0.000002
    210 0.000000 0.000000 1.663315 -0.000002 0.000000 0.000000
    211 -1.301082 -0.448425 -0.122918 2.040421 0.526409 -0.327875
    212 0.000001 0.000004 4.296974 0.216396 0.205320 0.064361
    213 0.000000 0.000000 5.293940 -0.136099 0.001000 0.029709
    214 0.000002 0.000004 4.673290 -0.052714 0.003415 0.013170
    215 -1.181794 -0.334217 -0.513912 2.246439 0.707787 -0.351069
    216 0.000001 -0.000008 4.514694 0.102094 0.071610 -0.013054
    217 0.000005 0.000004 4.566620 -0.095016 0.147985 0.081109
    218 1.259783 -0.110741 0.228234 1.581473 -1.308280 1.297974
    219 0.000001 0.000000 1.663319 0.000004 0.000002 0.000003
    220 -0.000003 0.000004 1.663315 -0.000001 -0.000001 0.000001
    221 1.301088 -0.448425 -0.122919 2.040421 -0.526409 0.327874
    222 0.000000 0.000000 4.296982 0.216396 -0.205320 -0.064361
    223 0.000000 -0.000004 5.293945 -0.136099 -0.001000 -0.029708
    224 -0.000002 0.000004 4.673294 -0.052713 -0.003415 -0.013171
    225 1.181799 -0.334221 -0.513912 2.246439 -0.707787 0.351070
    226 0.000000 0.000004 4.514696 0.102093 -0.071611 0.013055
    227 0.000000 0.000000 4.566618 -0.095016 -0.147985 -0.081109
    228 6.151886 0.783840 1.728969 0.536693 0.361792 1.206873
    229 0.000000 0.000011 2.411968 0.020495 0.016009 -0.025840
    230 -0.631569 -0.002724 1.030853 -0.105429 0.014364 0.078393
    231 6.151878 0.783848 -1.729018 -2.604900 0.361798 -1.934721
    232 0.000004 0.000008 2.411964 0.020495 -0.016009 0.025840
    233 0.631573 -0.002724 1.030849 -0.105429 -0.014364 -0.078393
    234 1.230007 -0.544867 -2.682516 2.356555 1.563104 -0.612323
    235 1.230003 -0.544881 2.682512 -0.785755 1.563102 2.528558
    236 7.641582 1.695580 0.170169 -0.854575 -0.689729 0.657673
    237 7.641582 1.695581 -0.170173 2.287016 -0.689729 -2.483919
    238 0.000000 0.000004 2.319757 -0.210121 0.000000 0.000000
    239 0.000000 -0.000011 2.593413 -0.089771 0.000000 0.000000
    240 0.000001 -0.000019 2.777902 -0.004359 0.000000 0.000000
    241 0.000000 -0.000019 2.801039 0.078065 0.000000 0.000000
    242 0.000001 -0.000011 2.659531 0.187856 0.000000 0.000000
    243 0.000000 -0.000004 2.413889 0.343753 0.000000 0.000000
    244 0.000000 0.000023 2.236877 0.463603 0.000000 0.000000
end
triangles
blank
  6 0.000012 -1.993819 71.267868 -0.036525 -0.966915 -0.252469 0.680413 0.645440 1 6 1.000000
  6 -0.453534 -1.979696 71.279396 -0.113555 -0.959598 -0.257442 0.664949 0.646330 1 6 1.000000
  6 0.000011 -1.929836 71.022820 -0.041343 -0.914737 -0.401930 0.680413 0.630607 1 6 1.000000
blank
  6 0.000011 -1.929836 71.022820 -0.041343 -0.914737 -0.401930 0.680413 0.630607 1 6 1.000000
  6 -0.453534 -1.979696 71.279396 -0.113555 -0.959598 -0.257442 0.664949 0.646330 1 6 1.000000
  6 -0.440213 -1.916465 71.038300 -0.113207 -0.909648 -0.399656 0.665721 0.631733 1 6 1.000000
blank
  6 -0.748598 -1.929921 71.303902 -0.452121 -0.844671 -0.286561 0.649036 0.647493 1 6 1.000000
  6 -0.440213 -1.916465 71.038300 -0.113207 -0.909648 -0.399656 0.665721 0.631733 1 6 1.000000
  6 -0.453534 -1.979696 71.279396 -0.113555 -0.959598 -0.257442 0.664949 0.646330 1 6 1.000000
blank
  6 0.000011 -1.929836 71.022820 -0.041343 -0.914737 -0.401930 0.680413 0.630607 1 6 1.000000
  6 -0.440213 -1.916465 71.038300 -0.113207 -0.909648 -0.399656 0.665721 0.631733 1 6 1.000000
  6 0.000011 -1.784614 70.795082 0.020895 -0.743581 -0.668319 0.680413 0.616160 1 6 1.000000
blank
  6 -0.440213 -1.916465 71.038300 -0.113207 -0.909648 -0.399656 0.665721 0.631733 1 6 1.000000
  6 -0.748598 -1.929921 71.303902 -0.452121 -0.844671 -0.286561 0.649036 0.647493 1 6 1.000000
  6 -0.707031 -1.863212 71.044548 -0.410217 -0.808616 -0.421735 0.651446 0.631801 1 6 1.000000
blank
  6 -0.914616 -1.794125 71.338226 -0.943512 -0.259110 -0.206513 0.635304 0.648954 1 6 1.000000
  6 -0.707031 -1.863212 71.044548 -0.410217 -0.808616 -0.421735 0.651446 0.631801 1 6 1.000000
  6 -0.748598 -1.929921 71.303902 -0.452121 -0.844671 -0.286561 0.649036 0.647493 1 6 1.000000
blank
  6 0.000011 -1.784614 70.795082 0.020895 -0.743581 -0.668319 0.680413 0.616160 1 6 1.000000
  6 -0.440213 -1.916465 71.038300 -0.113207 -0.909648 -0.399656 0.665721 0.631733 1 6 1.000000
  6 -0.408520 -1.769510 70.801430 -0.110583 -0.793404 -0.598566 0.667558 0.616738 1 6 1.000000
blank
  6 -0.707031 -1.863212 71.044548 -0.410217 -0.808616 -0.421735 0.651446 0.631801 1 6 1.000000
  6 -0.408520 -1.769510 70.801430 -0.110583 -0.793404 -0.598566 0.667558 0.616738 1 6 1.000000
  6 -0.440213 -1.916465 71.038300 -0.113207 -0.909648 -0.399656 0.665721 0.631733 1 6 1.000000
blank
  6 -0.408520 -1.769510 70.801430 -0.110583 -0.793404 -0.598566 0.667558 0.616738 1 6 1.000000
  6 -0.394801 -1.596298 70.603607 -0.045054 -0.549186 -0.834485 0.668353 0.603826 1 6 1.000000
  6 0.000011 -1.784614 70.795082 0.020895 -0.743581 -0.668319 0.680413 0.616160 1 6 1.000000
blank
  6 0.000012 -1.514137 70.625267 0.113854 -0.438658 -0.891412 0.680413 0.604137 1 6 1.000000
  6 0.000011 -1.784614 70.795082 0.020895 -0.743581 -0.668319 0.680413 0.616160 1 6 1.000000
  6 -0.394801 -1.596298 70.603607 -0.045054 -0.549186 -0.834485 0.668353 0.603826 1 6 1.000000
blank
  6 -0.408520 -1.769510 70.801430 -0.110583 -0.793404 -0.598566 0.667558 0.616738 1 6 1.000000
  6 -0.707031 -1.863212 71.044548 -0.410217 -0.808616 -0.421735 0.651446 0.631801 1 6 1.000000
  6 -0.629905 -1.715107 70.801598 -0.386119 -0.678854 -0.624555 0.653170 0.616329 1 6 1.000000
blank
  6 -0.629905 -1.715107 70.801598 -0.386119 -0.678854 -0.624555 0.653170 0.616329 1 6 1.000000
  6 -0.394801 -1.596298 70.603607 -0.045054 -0.549186 -0.834485 0.668353 0.603826 1 6 1.000000
  6 -0.408520 -1.769510 70.801430 -0.110583 -0.793404 -0.598566 0.667558 0.616738 1 6 1.000000
blank
  6 -0.874377 -1.723993 71.060982 -0.907741 -0.243561 -0.341590 0.637637 0.632189 1 6 1.000000
  6 -0.707031 -1.863212 71.044548 -0.410217 -0.808616 -0.421735 0.651446 0.631801 1 6 1.000000
  6 -0.914616 -1.794125 71.338226 -0.943512 -0.259110 -0.206513 0.635304 0.648954 1 6 1.000000
blank
  6 -0.874377 -1.723993 71.060982 -0.907741 -0.243561 -0.341590 0.637637 0.632189 1 6 1.000000
  6 -0.629905 -1.715107 70.801598 -0.386119 -0.678854 -0.624555 0.653170 0.616329 1 6 1.000000
  6 -0.707031 -1.863212 71.044548 -0.410217 -0.808616 -0.421735 0.651446 0.631801 1 6 1.000000
blank
  6 -0.914616 -1.794125 71.338226 -0.943512 -0.259110 -0.206513 0.635304 0.648954 1 6 1.000000
  6 -0.859737 -1.544563 71.412346 -0.867903 0.494271 -0.049400 0.623435 0.650046 1 6 1.000000
  6 -0.874377 -1.723993 71.060982 -0.907741 -0.243561 -0.341590 0.637637 0.632189 1 6 1.000000
blank
  6 -0.394801 -1.596298 70.603607 -0.045054 -0.549186 -0.834485 0.668353 0.603826 1 6 1.000000
  6 -0.629905 -1.715107 70.801598 -0.386119 -0.678854 -0.624555 0.653170 0.616329 1 6 1.000000
  6 -0.544607 -1.541682 70.602554 -0.343251 -0.458934 -0.819487 0.658115 0.603344 1 6 1.000000
blank
  6 -0.810873 -1.491459 71.162430 -0.867925 0.490655 -0.077223 0.626485 0.633437 1 6 1.000000
  6 -0.874377 -1.723993 71.060982 -0.907741 -0.243561 -0.341590 0.637637 0.632189 1 6 1.000000
  6 -0.859737 -1.544563 71.412346 -0.867903 0.494271 -0.049400 0.623435 0.650046 1 6 1.000000
blank
  6 -0.859737 -1.544563 71.412346 -0.867903 0.494271 -0.049400 0.623435 0.650046 1 6 1.000000
  6 -0.660104 -1.323586 71.538834 -0.992524 -0.000644 -0.122046 0.614758 0.655631 1 6 1.000000
  6 -0.810873 -1.491459 71.162430 -0.867925 0.490655 -0.077223 0.626485 0.633437 1 6 1.000000
blank
  6 -0.763885 -1.571524 70.795273 -0.840798 -0.168403 -0.514488 0.641295 0.615780 1 6 1.000000
  6 -0.629905 -1.715107 70.801598 -0.386119 -0.678854 -0.624555 0.653170 0.616329 1 6 1.000000
  6 -0.874377 -1.723993 71.060982 -0.907741 -0.243561 -0.341590 0.637637 0.632189 1 6 1.000000
blank
  6 -0.874377 -1.723993 71.060982 -0.907741 -0.243561 -0.341590 0.637637 0.632189 1 6 1.000000
  6 -0.810873 -1.491459 71.162430 -0.867925 0.490655 -0.077223 0.626485 0.633437 1 6 1.000000
  6 -0.763885 -1.571524 70.795273 -0.840798 -0.168403 -0.514488 0.641295 0.615780 1 6 1.000000
blank
  6 -0.763885 -1.571524 70.795273 -0.840798 -0.168403 -0.514488 0.641295 0.615780 1 6 1.000000
  6 -0.544607 -1.541682 70.602554 -0.343251 -0.458934 -0.819487 0.658115 0.603344 1 6 1.000000
  6 -0.629905 -1.715107 70.801598 -0.386119 -0.678854 -0.624555 0.653170 0.616329 1 6 1.000000
blank
  6 -0.614093 -1.264492 71.151741 -0.988294 0.094405 -0.119842 0.617425 0.632809 1 6 1.000000
  6 -0.810873 -1.491459 71.162430 -0.867925 0.490655 -0.077223 0.626485 0.633437 1 6 1.000000
  6 -0.660104 -1.323586 71.538834 -0.992524 -0.000644 -0.122046 0.614758 0.655631 1 6 1.000000
blank
  6 -0.660104 -1.323586 71.538834 -0.992524 -0.000644 -0.122046 0.614758 0.655631 1 6 1.000000
  6 -0.834484 -1.058292 71.659409 -0.560045 -0.817234 -0.135934 0.604650 0.660643 1 6 1.000000
  6 -0.614093 -1.264492 71.151741 -0.988294 0.094405 -0.119842 0.617425 0.632809 1 6 1.000000
blank
  6 -0.748125 -1.425068 70.858276 -0.886344 0.432958 -0.164135 0.632304 0.615555 1 6 1.000000
  6 -0.763885 -1.571524 70.795273 -0.840798 -0.168403 -0.514488 0.641295 0.615780 1 6 1.000000
  6 -0.810873 -1.491459 71.162430 -0.867925 0.490655 -0.077223 0.626485 0.633437 1 6 1.000000
blank
  6 -0.810873 -1.491459 71.162430 -0.867925 0.490655 -0.077223 0.626485 0.633437 1 6 1.000000
  6 -0.614093 -1.264492 71.151741 -0.988294 0.094405 -0.119842 0.617425 0.632809 1 6 1.000000
  6 -0.748125 -1.425068 70.858276 -0.886344 0.432958 -0.164135 0.632304 0.615555 1 6 1.000000
blank
  6 -0.639107 -1.399810 70.605133 -0.702852 -0.106392 -0.703334 0.643074 0.602614 1 6 1.000000
  6 -0.544607 -1.541682 70.602554 -0.343251 -0.458934 -0.819487 0.658115 0.603344 1 6 1.000000
  6 -0.763885 -1.571524 70.795273 -0.840798 -0.168403 -0.514488 0.641295 0.615780 1 6 1.000000
blank
  6 -0.763885 -1.571524 70.795273 -0.840798 -0.168403 -0.514488 0.641295 0.615780 1 6 1.000000
  6 -0.748125 -1.425068 70.858276 -0.886344 0.432958 -0.164135 0.632304 0.615555 1 6 1.000000
  6 -0.639107 -1.399810 70.605133 -0.702852 -0.106392 -0.703334 0.643074 0.602614 1 6 1.000000
blank
  6 -0.394801 -1.596298 70.603607 -0.045054 -0.549186 -0.834485 0.668353 0.603826 1 6 1.000000
  6 -0.544607 -1.541682 70.602554 -0.343251 -0.458934 -0.819487 0.658115 0.603344 1 6 1.000000
  6 -0.432208 -1.151315 70.446472 -0.449984 -0.533390 -0.716247 0.655361 0.590878 1 6 1.000000
blank
  6 -0.639107 -1.399810 70.605133 -0.702852 -0.106392 -0.703334 0.643074 0.602614 1 6 1.000000
  6 -0.432208 -1.151315 70.446472 -0.449984 -0.533390 -0.716247 0.655361 0.590878 1 6 1.000000
  6 -0.544607 -1.541682 70.602554 -0.343251 -0.458934 -0.819487 0.658115 0.603344 1 6 1.000000
blank
  6 0.000012 -1.514137 70.625267 0.113854 -0.438658 -0.891412 0.680413 0.604137 1 6 1.000000
  6 -0.394801 -1.596298 70.603607 -0.045054 -0.549186 -0.834485 0.668353 0.603826 1 6 1.000000
  6 -0.432208 -1.151315 70.446472 -0.449984 -0.533390 -0.716247 0.655361 0.590878 1 6 1.000000
blank
  6 -0.432208 -1.151315 70.446472 -0.449984 -0.533390 -0.716247 0.655361 0.590878 1 6 1.000000
  6 0.000012 -1.154670 70.464088 0.034010 -0.408901 -0.911945 0.680413 0.591934 1 6 1.000000
  6 0.000012 -1.514137 70.625267 0.113854 -0.438658 -0.891412 0.680413 0.604137 1 6 1.000000
blank
  6 -0.638061 -1.331650 70.613487 -0.826399 0.377706 -0.417616 0.643134 0.602577 1 6 1.000000
  6 -0.639107 -1.399810 70.605133 -0.702852 -0.106392 -0.703334 0.643074 0.602614 1 6 1.000000
  6 -0.748125 -1.425068 70.858276 -0.886344 0.432958 -0.164135 0.632304 0.615555 1 6 1.000000
blank
  6 -0.639107 -1.399810 70.605133 -0.702852 -0.106392 -0.703334 0.643074 0.602614 1 6 1.000000
  6 -0.638061 -1.331650 70.613487 -0.826399 0.377706 -0.417616 0.643134 0.602577 1 6 1.000000
  6 -0.432208 -1.151315 70.446472 -0.449984 -0.533390 -0.716247 0.655361 0.590878 1 6 1.000000
blank
  6 -0.748125 -1.425068 70.858276 -0.886344 0.432958 -0.164135 0.632304 0.615555 1 6 1.000000
  6 -0.567085 -1.222571 70.862549 -0.972134 0.128283 -0.196211 0.623858 0.615276 1 6 1.000000
  6 -0.638061 -1.331650 70.613487 -0.826399 0.377706 -0.417616 0.643134 0.602577 1 6 1.000000
blank
  6 -0.567085 -1.222571 70.862549 -0.972134 0.128283 -0.196211 0.623858 0.615276 1 6 1.000000
  6 -0.748125 -1.425068 70.858276 -0.886344 0.432958 -0.164135 0.632304 0.615555 1 6 1.000000
  6 -0.614093 -1.264492 71.151741 -0.988294 0.094405 -0.119842 0.617425 0.632809 1 6 1.000000
blank
  6 -0.505791 -1.190622 70.632683 -0.963450 0.071015 -0.258302 0.632024 0.602125 1 6 1.000000
  6 -0.432208 -1.151315 70.446472 -0.449984 -0.533390 -0.716247 0.655361 0.590878 1 6 1.000000
  6 -0.638061 -1.331650 70.613487 -0.826399 0.377706 -0.417616 0.643134 0.602577 1 6 1.000000
blank
  6 -0.505791 -1.190622 70.632683 -0.963450 0.071015 -0.258302 0.632024 0.602125 1 6 1.000000
  6 -0.638061 -1.331650 70.613487 -0.826399 0.377706 -0.417616 0.643134 0.602577 1 6 1.000000
  6 -0.567085 -1.222571 70.862549 -0.972134 0.128283 -0.196211 0.623858 0.615276 1 6 1.000000
blank
  6 -0.614093 -1.264492 71.151741 -0.988294 0.094405 -0.119842 0.617425 0.632809 1 6 1.000000
  6 -0.760927 -1.030976 71.174767 -0.623871 -0.760302 -0.180902 0.608913 0.632071 1 6 1.000000
  6 -0.567085 -1.222571 70.862549 -0.972134 0.128283 -0.196211 0.623858 0.615276 1 6 1.000000
blank
  6 -0.760927 -1.030976 71.174767 -0.623871 -0.760302 -0.180902 0.608913 0.632071 1 6 1.000000
  6 -0.614093 -1.264492 71.151741 -0.988294 0.094405 -0.119842 0.617425 0.632809 1 6 1.000000
  6 -0.834484 -1.058292 71.659409 -0.560045 -0.817234 -0.135934 0.604650 0.660643 1 6 1.000000
blank
  6 -0.834484 -1.058292 71.659409 -0.560045 -0.817234 -0.135934 0.604650 0.660643 1 6 1.000000
  6 -1.304082 -0.915225 71.621872 -0.015837 -0.998136 -0.058929 0.583334 0.659280 1 6 1.000000
  6 -0.760927 -1.030976 71.174767 -0.623871 -0.760302 -0.180902 0.608913 0.632071 1 6 1.000000
blank
  6 -0.567085 -1.222571 70.862549 -0.972134 0.128283 -0.196211 0.623858 0.615276 1 6 1.000000
  6 -0.679432 -1.010480 70.861992 -0.619249 -0.775638 -0.122132 0.613637 0.613609 1 6 1.000000
  6 -0.505791 -1.190622 70.632683 -0.963450 0.071015 -0.258302 0.632024 0.602125 1 6 1.000000
blank
  6 -0.679432 -1.010480 70.861992 -0.619249 -0.775638 -0.122132 0.613637 0.613609 1 6 1.000000
  6 -0.567085 -1.222571 70.862549 -0.972134 0.128283 -0.196211 0.623858 0.615276 1 6 1.000000
  6 -0.760927 -1.030976 71.174767 -0.623871 -0.760302 -0.180902 0.608913 0.632071 1 6 1.000000
blank
  6 -0.505791 -1.190622 70.632683 -0.963450 0.071015 -0.258302 0.632024 0.602125 1 6 1.000000
  6 -0.610669 -1.058577 70.590530 -0.488580 -0.870659 0.056945 0.617623 0.598093 1 6 1.000000
  6 -0.432208 -1.151315 70.446472 -0.449984 -0.533390 -0.716247 0.655361 0.590878 1 6 1.000000
blank
  6 -0.610669 -1.058577 70.590530 -0.488580 -0.870659 0.056945 0.617623 0.598093 1 6 1.000000
  6 -0.505791 -1.190622 70.632683 -0.963450 0.071015 -0.258302 0.632024 0.602125 1 6 1.000000
  6 -0.679432 -1.010480 70.861992 -0.619249 -0.775638 -0.122132 0.613637 0.613609 1 6 1.000000
blank
  6 -0.610669 -1.058577 70.590530 -0.488580 -0.870659 0.056945 0.617623 0.598093 1 6 1.000000
  6 -0.928648 -0.994820 70.503761 -0.139181 -0.868357 0.476008 0.605096 0.594461 1 6 1.000000
  6 -0.432208 -1.151315 70.446472 -0.449984 -0.533390 -0.716247 0.655361 0.590878 1 6 1.000000
blank
  6 -0.760927 -1.030976 71.174767 -0.623871 -0.760302 -0.180902 0.608913 0.632071 1 6 1.000000
  6 -1.135570 -0.872163 71.120155 -0.051754 -0.997522 -0.047652 0.593102 0.629587 1 6 1.000000
  6 -0.679432 -1.010480 70.861992 -0.619249 -0.775638 -0.122132 0.613637 0.613609 1 6 1.000000
blank
  6 -1.135570 -0.872163 71.120155 -0.051754 -0.997522 -0.047652 0.593102 0.629587 1 6 1.000000
  6 -0.760927 -1.030976 71.174767 -0.623871 -0.760302 -0.180902 0.608913 0.632071 1 6 1.000000
  6 -1.304082 -0.915225 71.621872 -0.015837 -0.998136 -0.058929 0.583334 0.659280 1 6 1.000000
blank
  6 -0.679432 -1.010480 70.861992 -0.619249 -0.775638 -0.122132 0.613637 0.613609 1 6 1.000000
  6 -1.030893 -0.893277 70.799889 -0.083757 -0.987391 0.134327 0.599170 0.611008 1 6 1.000000
  6 -0.610669 -1.058577 70.590530 -0.488580 -0.870659 0.056945 0.617623 0.598093 1 6 1.000000
blank
  6 -1.030893 -0.893277 70.799889 -0.083757 -0.987391 0.134327 0.599170 0.611008 1 6 1.000000
  6 -0.679432 -1.010480 70.861992 -0.619249 -0.775638 -0.122132 0.613637 0.613609 1 6 1.000000
  6 -1.135570 -0.872163 71.120155 -0.051754 -0.997522 -0.047652 0.593102 0.629587 1 6 1.000000
blank
  6 -0.928648 -0.994820 70.503761 -0.139181 -0.868357 0.476008 0.605096 0.594461 1 6 1.000000
  6 -0.610669 -1.058577 70.590530 -0.488580 -0.870659 0.056945 0.617623 0.598093 1 6 1.000000
  6 -1.030893 -0.893277 70.799889 -0.083757 -0.987391 0.134327 0.599170 0.611008 1 6 1.000000
blank
  6 -1.307251 -1.131763 70.299347 0.617295 -0.755356 0.219966 0.577247 0.581617 1 6 1.000000
  6 -0.432208 -1.151315 70.446472 -0.449984 -0.533390 -0.716247 0.655361 0.590878 1 6 1.000000
  6 -0.928648 -0.994820 70.503761 -0.139181 -0.868357 0.476008 0.605096 0.594461 1 6 1.000000
blank
  6 -0.928648 -0.994820 70.503761 -0.139181 -0.868357 0.476008 0.605096 0.594461 1 6 1.000000
  6 -1.030893 -0.893277 70.799889 -0.083757 -0.987391 0.134327 0.599170 0.611008 1 6 1.000000
  6 -1.294642 -1.021174 70.444267 0.270100 -0.847683 0.456596 0.592432 0.593490 1 6 1.000000
blank
  6 -0.928648 -0.994820 70.503761 -0.139181 -0.868357 0.476008 0.605096 0.594461 1 6 1.000000
  6 -1.294642 -1.021174 70.444267 0.270100 -0.847683 0.456596 0.592432 0.593490 1 6 1.000000
  6 -1.307251 -1.131763 70.299347 0.617295 -0.755356 0.219966 0.577247 0.581617 1 6 1.000000
blank
  6 -1.030893 -0.893277 70.799889 -0.083757 -0.987391 0.134327 0.599170 0.611008 1 6 1.000000
  6 -1.135570 -0.872163 71.120155 -0.051754 -0.997522 -0.047652 0.593102 0.629587 1 6 1.000000
  6 -1.417447 -0.984168 70.694679 0.504444 -0.825935 0.251731 0.585314 0.607677 1 6 1.000000
blank
  6 -1.030893 -0.893277 70.799889 -0.083757 -0.987391 0.134327 0.599170 0.611008 1 6 1.000000
  6 -1.417447 -0.984168 70.694679 0.504444 -0.825935 0.251731 0.585314 0.607677 1 6 1.000000
  6 -1.294642 -1.021174 70.444267 0.270100 -0.847683 0.456596 0.592432 0.593490 1 6 1.000000
blank
  6 -1.135570 -0.872163 71.120155 -0.051754 -0.997522 -0.047652 0.593102 0.629587 1 6 1.000000
  6 -1.304082 -0.915225 71.621872 -0.015837 -0.998136 -0.058929 0.583334 0.659280 1 6 1.000000
  6 -1.528919 -0.988176 70.997314 0.539683 -0.824561 0.169829 0.578298 0.624509 1 6 1.000000
blank
  6 -1.135570 -0.872163 71.120155 -0.051754 -0.997522 -0.047652 0.593102 0.629587 1 6 1.000000
  6 -1.528919 -0.988176 70.997314 0.539683 -0.824561 0.169829 0.578298 0.624509 1 6 1.000000
  6 -1.417447 -0.984168 70.694679 0.504444 -0.825935 0.251731 0.585314 0.607677 1 6 1.000000
blank
  6 -1.304082 -0.915225 71.621872 -0.015837 -0.998136 -0.058929 0.583334 0.659280 1 6 1.000000
  6 -1.705880 -1.017471 71.453941 0.471891 -0.869330 0.146917 0.568041 0.651456 1 6 1.000000
  6 -1.528919 -0.988176 70.997314 0.539683 -0.824561 0.169829 0.578298 0.624509 1 6 1.000000
blank
  6 -1.414532 -1.152890 70.398911 0.774581 -0.013805 0.632323 0.584619 0.594177 1 6 1.000000
  6 -1.294642 -1.021174 70.444267 0.270100 -0.847683 0.456596 0.592432 0.593490 1 6 1.000000
  6 -1.417447 -0.984168 70.694679 0.504444 -0.825935 0.251731 0.585314 0.607677 1 6 1.000000
blank
  6 -1.414532 -1.152890 70.398911 0.774581 -0.013805 0.632323 0.584619 0.594177 1 6 1.000000
  6 -1.307251 -1.131763 70.299347 0.617295 -0.755356 0.219966 0.577247 0.581617 1 6 1.000000
  6 -1.294642 -1.021174 70.444267 0.270100 -0.847683 0.456596 0.592432 0.593490 1 6 1.000000
blank
  6 -1.514979 -1.177065 70.584206 0.886661 0.033515 0.461204 0.579134 0.606690 1 6 1.000000
  6 -1.417447 -0.984168 70.694679 0.504444 -0.825935 0.251731 0.585314 0.607677 1 6 1.000000
  6 -1.528919 -0.988176 70.997314 0.539683 -0.824561 0.169829 0.578298 0.624509 1 6 1.000000
blank
  6 -1.514979 -1.177065 70.584206 0.886661 0.033515 0.461204 0.579134 0.606690 1 6 1.000000
  6 -1.414532 -1.152890 70.398911 0.774581 -0.013805 0.632323 0.584619 0.594177 1 6 1.000000
  6 -1.417447 -0.984168 70.694679 0.504444 -0.825935 0.251731 0.585314 0.607677 1 6 1.000000
blank
  6 -1.667198 -1.220806 70.878418 0.882792 0.016292 0.469481 0.572474 0.621864 1 6 1.000000
  6 -1.528919 -0.988176 70.997314 0.539683 -0.824561 0.169829 0.578298 0.624509 1 6 1.000000
  6 -1.705880 -1.017471 71.453941 0.471891 -0.869330 0.146917 0.568041 0.651456 1 6 1.000000
blank
  6 -1.667198 -1.220806 70.878418 0.882792 0.016292 0.469481 0.572474 0.621864 1 6 1.000000
  6 -1.514979 -1.177065 70.584206 0.886661 0.033515 0.461204 0.579134 0.606690 1 6 1.000000
  6 -1.528919 -0.988176 70.997314 0.539683 -0.824561 0.169829 0.578298 0.624509 1 6 1.000000
blank
  6 -1.884713 -1.278567 71.253593 0.856826 -0.222026 0.465352 0.560421 0.644447 1 6 1.000000
  6 -1.667198 -1.220806 70.878418 0.882792 0.016292 0.469481 0.572474 0.621864 1 6 1.000000
  6 -1.705880 -1.017471 71.453941 0.471891 -0.869330 0.146917 0.568041 0.651456 1 6 1.000000
blank
  6 -1.335176 -1.307246 70.494492 0.997731 -0.018343 0.064784 0.573493 0.591292 1 6 1.000000
  6 -1.414532 -1.152890 70.398911 0.774581 -0.013805 0.632323 0.584619 0.594177 1 6 1.000000
  6 -1.514979 -1.177065 70.584206 0.886661 0.033515 0.461204 0.579134 0.606690 1 6 1.000000
blank
  6 -1.414532 -1.152890 70.398911 0.774581 -0.013805 0.632323 0.584619 0.594177 1 6 1.000000
  6 -1.335176 -1.307246 70.494492 0.997731 -0.018343 0.064784 0.573493 0.591292 1 6 1.000000
  6 -1.307251 -1.131763 70.299347 0.617295 -0.755356 0.219966 0.577247 0.581617 1 6 1.000000
blank
  6 -1.514979 -1.177065 70.584206 0.886661 0.033515 0.461204 0.579134 0.606690 1 6 1.000000
  6 -1.667198 -1.220806 70.878418 0.882792 0.016292 0.469481 0.572474 0.621864 1 6 1.000000
  6 -1.404958 -1.342874 70.668457 0.778975 0.466042 0.419526 0.571147 0.604846 1 6 1.000000
blank
  6 -1.514979 -1.177065 70.584206 0.886661 0.033515 0.461204 0.579134 0.606690 1 6 1.000000
  6 -1.404958 -1.342874 70.668457 0.778975 0.466042 0.419526 0.571147 0.604846 1 6 1.000000
  6 -1.335176 -1.307246 70.494492 0.997731 -0.018343 0.064784 0.573493 0.591292 1 6 1.000000
blank
  6 -1.667198 -1.220806 70.878418 0.882792 0.016292 0.469481 0.572474 0.621864 1 6 1.000000
  6 -1.884713 -1.278567 71.253593 0.856826 -0.222026 0.465352 0.560421 0.644447 1 6 1.000000
  6 -1.493404 -1.411578 70.905647 0.775577 0.449485 0.443219 0.566457 0.619255 1 6 1.000000
blank
  6 -1.667198 -1.220806 70.878418 0.882792 0.016292 0.469481 0.572474 0.621864 1 6 1.000000
  6 -1.493404 -1.411578 70.905647 0.775577 0.449485 0.443219 0.566457 0.619255 1 6 1.000000
  6 -1.404958 -1.342874 70.668457 0.778975 0.466042 0.419526 0.571147 0.604846 1 6 1.000000
blank
  6 -1.884713 -1.278567 71.253593 0.856826 -0.222026 0.465352 0.560421 0.644447 1 6 1.000000
  6 -1.596221 -1.515354 71.180191 0.780780 0.406654 0.474358 0.557580 0.634996 1 6 1.000000
  6 -1.493404 -1.411578 70.905647 0.775577 0.449485 0.443219 0.566457 0.619255 1 6 1.000000
blank
  6 -1.394505 -1.513107 70.754852 0.983423 -0.142139 0.112586 0.564579 0.602759 1 6 1.000000
  6 -1.335176 -1.307246 70.494492 0.997731 -0.018343 0.064784 0.573493 0.591292 1 6 1.000000
  6 -1.404958 -1.342874 70.668457 0.778975 0.466042 0.419526 0.571147 0.604846 1 6 1.000000
blank
  6 -1.394505 -1.513107 70.754852 0.983423 -0.142139 0.112586 0.564579 0.602759 1 6 1.000000
  6 -1.404958 -1.342874 70.668457 0.778975 0.466042 0.419526 0.571147 0.604846 1 6 1.000000
  6 -1.493404 -1.411578 70.905647 0.775577 0.449485 0.443219 0.566457 0.619255 1 6 1.000000
blank
  6 -1.442842 -1.654594 70.927338 0.956960 -0.246022 0.153947 0.559375 0.615734 1 6 1.000000
  6 -1.493404 -1.411578 70.905647 0.775577 0.449485 0.443219 0.566457 0.619255 1 6 1.000000
  6 -1.596221 -1.515354 71.180191 0.780780 0.406654 0.474358 0.557580 0.634996 1 6 1.000000
blank
  6 -1.442842 -1.654594 70.927338 0.956960 -0.246022 0.153947 0.559375 0.615734 1 6 1.000000
  6 -1.394505 -1.513107 70.754852 0.983423 -0.142139 0.112586 0.564579 0.602759 1 6 1.000000
  6 -1.493404 -1.411578 70.905647 0.775577 0.449485 0.443219 0.566457 0.619255 1 6 1.000000
blank
  6 -1.540661 -1.824690 71.149292 0.895568 -0.435866 0.089323 0.551989 0.631385 1 6 1.000000
  6 -1.442842 -1.654594 70.927338 0.956960 -0.246022 0.153947 0.559375 0.615734 1 6 1.000000
  6 -1.596221 -1.515354 71.180191 0.780780 0.406654 0.474358 0.557580 0.634996 1 6 1.000000
blank
  6 -1.335176 -1.307246 70.494492 0.997731 -0.018343 0.064784 0.573493 0.591292 1 6 1.000000
  6 -1.394505 -1.513107 70.754852 0.983423 -0.142139 0.112586 0.564579 0.602759 1 6 1.000000
  6 -1.395104 -1.352301 70.447372 0.653034 -0.594710 -0.468899 0.562556 0.586398 1 6 1.000000
blank
  6 -1.335176 -1.307246 70.494492 0.997731 -0.018343 0.064784 0.573493 0.591292 1 6 1.000000
  6 -1.395104 -1.352301 70.447372 0.653034 -0.594710 -0.468899 0.562556 0.586398 1 6 1.000000
  6 -1.307251 -1.131763 70.299347 0.617295 -0.755356 0.219966 0.577247 0.581617 1 6 1.000000
blank
  6 -1.394505 -1.513107 70.754852 0.983423 -0.142139 0.112586 0.564579 0.602759 1 6 1.000000
  6 -1.442842 -1.654594 70.927338 0.956960 -0.246022 0.153947 0.559375 0.615734 1 6 1.000000
  6 -1.487257 -1.630642 70.650261 0.675319 -0.635118 -0.374925 0.557214 0.599415 1 6 1.000000
blank
  6 -1.394505 -1.513107 70.754852 0.983423 -0.142139 0.112586 0.564579 0.602759 1 6 1.000000
  6 -1.487257 -1.630642 70.650261 0.675319 -0.635118 -0.374925 0.557214 0.599415 1 6 1.000000
  6 -1.395104 -1.352301 70.447372 0.653034 -0.594710 -0.468899 0.562556 0.586398 1 6 1.000000
blank
  6 -1.442842 -1.654594 70.927338 0.956960 -0.246022 0.153947 0.559375 0.615734 1 6 1.000000
  6 -1.540661 -1.824690 71.149292 0.895568 -0.435866 0.089323 0.551989 0.631385 1 6 1.000000
  6 -1.562887 -1.775158 70.837639 0.601687 -0.743092 -0.292894 0.552830 0.612496 1 6 1.000000
blank
  6 -1.442842 -1.654594 70.927338 0.956960 -0.246022 0.153947 0.559375 0.615734 1 6 1.000000
  6 -1.562887 -1.775158 70.837639 0.601687 -0.743092 -0.292894 0.552830 0.612496 1 6 1.000000
  6 -1.487257 -1.630642 70.650261 0.675319 -0.635118 -0.374925 0.557214 0.599415 1 6 1.000000
blank
  6 -1.540661 -1.824690 71.149292 0.895568 -0.435866 0.089323 0.551989 0.631385 1 6 1.000000
  6 -1.679111 -1.947584 71.072662 0.549699 -0.780372 -0.298078 0.546094 0.627580 1 6 1.000000
  6 -1.562887 -1.775158 70.837639 0.601687 -0.743092 -0.292894 0.552830 0.612496 1 6 1.000000
blank
  6 -1.395104 -1.352301 70.447372 0.653034 -0.594710 -0.468899 0.562556 0.586398 1 6 1.000000
  6 -1.487257 -1.630642 70.650261 0.675319 -0.635118 -0.374925 0.557214 0.599415 1 6 1.000000
  6 -1.568177 -1.400046 70.334755 0.457797 -0.580872 -0.673060 0.556451 0.582036 1 6 1.000000
blank
  6 -1.395104 -1.352301 70.447372 0.653034 -0.594710 -0.468899 0.562556 0.586398 1 6 1.000000
  6 -1.568177 -1.400046 70.334755 0.457797 -0.580872 -0.673060 0.556451 0.582036 1 6 1.000000
  6 -1.307251 -1.131763 70.299347 0.617295 -0.755356 0.219966 0.577247 0.581617 1 6 1.000000
blank
  6 -1.487257 -1.630642 70.650261 0.675319 -0.635118 -0.374925 0.557214 0.599415 1 6 1.000000
  6 -1.562887 -1.775158 70.837639 0.601687 -0.743092 -0.292894 0.552830 0.612496 1 6 1.000000
  6 -1.683987 -1.672659 70.518059 0.455154 -0.709573 -0.537904 0.549738 0.594865 1 6 1.000000
blank
  6 -1.487257 -1.630642 70.650261 0.675319 -0.635118 -0.374925 0.557214 0.599415 1 6 1.000000
  6 -1.683987 -1.672659 70.518059 0.455154 -0.709573 -0.537904 0.549738 0.594865 1 6 1.000000
  6 -1.568177 -1.400046 70.334755 0.457797 -0.580872 -0.673060 0.556451 0.582036 1 6 1.000000
blank
  6 -1.562887 -1.775158 70.837639 0.601687 -0.743092 -0.292894 0.552830 0.612496 1 6 1.000000
  6 -1.679111 -1.947584 71.072662 0.549699 -0.780372 -0.298078 0.546094 0.627580 1 6 1.000000
  6 -1.777831 -1.816319 70.700867 0.387333 -0.820751 -0.419930 0.544299 0.606670 1 6 1.000000
blank
  6 -1.562887 -1.775158 70.837639 0.601687 -0.743092 -0.292894 0.552830 0.612496 1 6 1.000000
  6 -1.777831 -1.816319 70.700867 0.387333 -0.820751 -0.419930 0.544299 0.606670 1 6 1.000000
  6 -1.683987 -1.672659 70.518059 0.455154 -0.709573 -0.537904 0.549738 0.594865 1 6 1.000000
blank
  6 -1.679111 -1.947584 71.072662 0.549699 -0.780372 -0.298078 0.546094 0.627580 1 6 1.000000
  6 -1.902543 -1.987765 70.930153 0.379603 -0.826669 -0.415355 0.537070 0.621410 1 6 1.000000
  6 -1.777831 -1.816319 70.700867 0.387333 -0.820751 -0.419930 0.544299 0.606670 1 6 1.000000
blank
  6 -1.773412 -1.385075 70.211906 0.382782 -0.533843 -0.753982 0.550227 0.578453 1 6 1.000000
  6 -1.307251 -1.131763 70.299347 0.617295 -0.755356 0.219966 0.577247 0.581617 1 6 1.000000
  6 -1.568177 -1.400046 70.334755 0.457797 -0.580872 -0.673060 0.556451 0.582036 1 6 1.000000
blank
  6 -1.773412 -1.385075 70.211906 0.382782 -0.533843 -0.753982 0.550227 0.578453 1 6 1.000000
  6 -1.568177 -1.400046 70.334755 0.457797 -0.580872 -0.673060 0.556451 0.582036 1 6 1.000000
  6 -1.683987 -1.672659 70.518059 0.455154 -0.709573 -0.537904 0.549738 0.594865 1 6 1.000000
blank
  6 -2.020560 -1.071955 69.899712 -0.209130 -0.662089 -0.719655 0.535902 0.557770 1 6 1.000000
  6 -1.307251 -1.131763 70.299347 0.617295 -0.755356 0.219966 0.577247 0.581617 1 6 1.000000
  6 -1.773412 -1.385075 70.211906 0.382782 -0.533843 -0.753982 0.550227 0.578453 1 6 1.000000
blank
  6 -1.920841 -1.706555 70.369698 0.317223 -0.699446 -0.640425 0.541682 0.590166 1 6 1.000000
  6 -1.683987 -1.672659 70.518059 0.455154 -0.709573 -0.537904 0.549738 0.594865 1 6 1.000000
  6 -1.777831 -1.816319 70.700867 0.387333 -0.820751 -0.419930 0.544299 0.606670 1 6 1.000000
blank
  6 -1.920841 -1.706555 70.369698 0.317223 -0.699446 -0.640425 0.541682 0.590166 1 6 1.000000
  6 -1.773412 -1.385075 70.211906 0.382782 -0.533843 -0.753982 0.550227 0.578453 1 6 1.000000
  6 -1.683987 -1.672659 70.518059 0.455154 -0.709573 -0.537904 0.549738 0.594865 1 6 1.000000
blank
  6 -2.046154 -1.849337 70.546349 0.247690 -0.828912 -0.501551 0.534418 0.601604 1 6 1.000000
  6 -1.777831 -1.816319 70.700867 0.387333 -0.820751 -0.419930 0.544299 0.606670 1 6 1.000000
  6 -1.902543 -1.987765 70.930153 0.379603 -0.826669 -0.415355 0.537070 0.621410 1 6 1.000000
blank
  6 -2.046154 -1.849337 70.546349 0.247690 -0.828912 -0.501551 0.534418 0.601604 1 6 1.000000
  6 -1.920841 -1.706555 70.369698 0.317223 -0.699446 -0.640425 0.541682 0.590166 1 6 1.000000
  6 -1.777831 -1.816319 70.700867 0.387333 -0.820751 -0.419930 0.544299 0.606670 1 6 1.000000
blank
  6 -2.177253 -2.017389 70.755836 0.254852 -0.825850 -0.503012 0.526819 0.615160 1 6 1.000000
  6 -2.046154 -1.849337 70.546349 0.247690 -0.828912 -0.501551 0.534418 0.601604 1 6 1.000000
  6 -1.902543 -1.987765 70.930153 0.379603 -0.826669 -0.415355 0.537070 0.621410 1 6 1.000000
blank
  6 -2.177253 -2.017389 70.755836 0.254852 -0.825850 -0.503012 0.526819 0.615160 1 6 1.000000
  6 -2.530618 -1.959845 70.581490 0.033677 -0.761517 -0.647269 0.517559 0.610733 1 6 1.000000
  6 -2.046154 -1.849337 70.546349 0.247690 -0.828912 -0.501551 0.534418 0.601604 1 6 1.000000
blank
  6 -2.326494 -1.796661 70.400650 0.049255 -0.752026 -0.657291 0.527069 0.597242 1 6 1.000000
  6 -2.046154 -1.849337 70.546349 0.247690 -0.828912 -0.501551 0.534418 0.601604 1 6 1.000000
  6 -2.530618 -1.959845 70.581490 0.033677 -0.761517 -0.647269 0.517559 0.610733 1 6 1.000000
blank
  6 -2.046154 -1.849337 70.546349 0.247690 -0.828912 -0.501551 0.534418 0.601604 1 6 1.000000
  6 -2.326494 -1.796661 70.400650 0.049255 -0.752026 -0.657291 0.527069 0.597242 1 6 1.000000
  6 -1.920841 -1.706555 70.369698 0.317223 -0.699446 -0.640425 0.541682 0.590166 1 6 1.000000
blank
  6 -2.530618 -1.959845 70.581490 0.033677 -0.761517 -0.647269 0.517559 0.610733 1 6 1.000000
  6 -2.747272 -1.846141 70.483345 -0.202309 -0.576626 -0.791564 0.508461 0.606029 1 6 1.000000
  6 -2.326494 -1.796661 70.400650 0.049255 -0.752026 -0.657291 0.527069 0.597242 1 6 1.000000
blank
  6 -2.169054 -1.636234 70.245049 0.110543 -0.637499 -0.762479 0.536195 0.586899 1 6 1.000000
  6 -1.920841 -1.706555 70.369698 0.317223 -0.699446 -0.640425 0.541682 0.590166 1 6 1.000000
  6 -2.326494 -1.796661 70.400650 0.049255 -0.752026 -0.657291 0.527069 0.597242 1 6 1.000000
blank
  6 -1.920841 -1.706555 70.369698 0.317223 -0.699446 -0.640425 0.541682 0.590166 1 6 1.000000
  6 -2.169054 -1.636234 70.245049 0.110543 -0.637499 -0.762479 0.536195 0.586899 1 6 1.000000
  6 -1.773412 -1.385075 70.211906 0.382782 -0.533843 -0.753982 0.550227 0.578453 1 6 1.000000
blank
  6 -2.531854 -1.708189 70.328026 -0.143176 -0.621435 -0.770272 0.519425 0.594079 1 6 1.000000
  6 -2.326494 -1.796661 70.400650 0.049255 -0.752026 -0.657291 0.527069 0.597242 1 6 1.000000
  6 -2.747272 -1.846141 70.483345 -0.202309 -0.576626 -0.791564 0.508461 0.606029 1 6 1.000000
blank
  6 -2.326494 -1.796661 70.400650 0.049255 -0.752026 -0.657291 0.527069 0.597242 1 6 1.000000
  6 -2.531854 -1.708189 70.328026 -0.143176 -0.621435 -0.770272 0.519425 0.594079 1 6 1.000000
  6 -2.169054 -1.636234 70.245049 0.110543 -0.637499 -0.762479 0.536195 0.586899 1 6 1.000000
blank
  6 -2.747272 -1.846141 70.483345 -0.202309 -0.576626 -0.791564 0.508461 0.606029 1 6 1.000000
  6 -2.842521 -1.709434 70.450203 -0.647537 -0.071005 -0.758718 0.502040 0.603082 1 6 1.000000
  6 -2.531854 -1.708189 70.328026 -0.143176 -0.621435 -0.770272 0.519425 0.594079 1 6 1.000000
blank
  6 -2.008035 -1.366794 70.089897 0.282405 -0.562112 -0.777353 0.545528 0.575743 1 6 1.000000
  6 -1.773412 -1.385075 70.211906 0.382782 -0.533843 -0.753982 0.550227 0.578453 1 6 1.000000
  6 -2.169054 -1.636234 70.245049 0.110543 -0.637499 -0.762479 0.536195 0.586899 1 6 1.000000
blank
  6 -1.773412 -1.385075 70.211906 0.382782 -0.533843 -0.753982 0.550227 0.578453 1 6 1.000000
  6 -2.008035 -1.366794 70.089897 0.282405 -0.562112 -0.777353 0.545528 0.575743 1 6 1.000000
  6 -2.020560 -1.071955 69.899712 -0.209130 -0.662089 -0.719655 0.535902 0.557770 1 6 1.000000
blank
  6 -2.318757 -1.549412 70.178207 -0.082393 -0.543956 -0.835059 0.529646 0.583588 1 6 1.000000
  6 -2.169054 -1.636234 70.245049 0.110543 -0.637499 -0.762479 0.536195 0.586899 1 6 1.000000
  6 -2.531854 -1.708189 70.328026 -0.143176 -0.621435 -0.770272 0.519425 0.594079 1 6 1.000000
blank
  6 -2.169054 -1.636234 70.245049 0.110543 -0.637499 -0.762479 0.536195 0.586899 1 6 1.000000
  6 -2.318757 -1.549412 70.178207 -0.082393 -0.543956 -0.835059 0.529646 0.583588 1 6 1.000000
  6 -2.008035 -1.366794 70.089897 0.282405 -0.562112 -0.777353 0.545528 0.575743 1 6 1.000000
blank
  6 -2.697923 -1.601667 70.299164 -0.619392 -0.096458 -0.779133 0.513128 0.592121 1 6 1.000000
  6 -2.531854 -1.708189 70.328026 -0.143176 -0.621435 -0.770272 0.519425 0.594079 1 6 1.000000
  6 -2.842521 -1.709434 70.450203 -0.647537 -0.071005 -0.758718 0.502040 0.603082 1 6 1.000000
blank
  6 -2.531854 -1.708189 70.328026 -0.143176 -0.621435 -0.770272 0.519425 0.594079 1 6 1.000000
  6 -2.697923 -1.601667 70.299164 -0.619392 -0.096458 -0.779133 0.513128 0.592121 1 6 1.000000
  6 -2.318757 -1.549412 70.178207 -0.082393 -0.543956 -0.835059 0.529646 0.583588 1 6 1.000000
blank
  6 -2.842521 -1.709434 70.450203 -0.647537 -0.071005 -0.758718 0.502040 0.603082 1 6 1.000000
  6 -2.824762 -1.554667 70.573532 -0.717879 0.642968 -0.266912 0.493840 0.603104 1 6 1.000000
  6 -2.697923 -1.601667 70.299164 -0.619392 -0.096458 -0.779133 0.513128 0.592121 1 6 1.000000
blank
  6 -2.132524 -1.335586 70.032936 0.020969 -0.511958 -0.858754 0.540441 0.573438 1 6 1.000000
  6 -2.008035 -1.366794 70.089897 0.282405 -0.562112 -0.777353 0.545528 0.575743 1 6 1.000000
  6 -2.318757 -1.549412 70.178207 -0.082393 -0.543956 -0.835059 0.529646 0.583588 1 6 1.000000
blank
  6 -2.132524 -1.335586 70.032936 0.020969 -0.511958 -0.858754 0.540441 0.573438 1 6 1.000000
  6 -2.020560 -1.071955 69.899712 -0.209130 -0.662089 -0.719655 0.535902 0.557770 1 6 1.000000
  6 -2.008035 -1.366794 70.089897 0.282405 -0.562112 -0.777353 0.545528 0.575743 1 6 1.000000
blank
  6 -2.451101 -1.410069 70.137756 -0.520788 -0.058627 -0.851670 0.523498 0.581037 1 6 1.000000
  6 -2.318757 -1.549412 70.178207 -0.082393 -0.543956 -0.835059 0.529646 0.583588 1 6 1.000000
  6 -2.697923 -1.601667 70.299164 -0.619392 -0.096458 -0.779133 0.513128 0.592121 1 6 1.000000
blank
  6 -2.318757 -1.549412 70.178207 -0.082393 -0.543956 -0.835059 0.529646 0.583588 1 6 1.000000
  6 -2.451101 -1.410069 70.137756 -0.520788 -0.058627 -0.851670 0.523498 0.581037 1 6 1.000000
  6 -2.132524 -1.335586 70.032936 0.020969 -0.511958 -0.858754 0.540441 0.573438 1 6 1.000000
blank
  6 -2.615863 -1.419994 70.337929 -0.709233 0.626886 -0.322495 0.506440 0.589892 1 6 1.000000
  6 -2.697923 -1.601667 70.299164 -0.619392 -0.096458 -0.779133 0.513128 0.592121 1 6 1.000000
  6 -2.824762 -1.554667 70.573532 -0.717879 0.642968 -0.266912 0.493840 0.603104 1 6 1.000000
blank
  6 -2.697923 -1.601667 70.299164 -0.619392 -0.096458 -0.779133 0.513128 0.592121 1 6 1.000000
  6 -2.615863 -1.419994 70.337929 -0.709233 0.626886 -0.322495 0.506440 0.589892 1 6 1.000000
  6 -2.451101 -1.410069 70.137756 -0.520788 -0.058627 -0.851670 0.523498 0.581037 1 6 1.000000
blank
  6 -2.824762 -1.554667 70.573532 -0.717879 0.642968 -0.266912 0.493840 0.603104 1 6 1.000000
  6 -2.602580 -1.367149 70.820168 -0.385411 -0.796221 -0.466357 0.483525 0.601946 1 6 1.000000
  6 -2.615863 -1.419994 70.337929 -0.709233 0.626886 -0.322495 0.506440 0.589892 1 6 1.000000
blank
  6 -2.228642 -1.216153 70.004883 -0.480112 -0.014182 -0.877093 0.536393 0.571766 1 6 1.000000
  6 -2.132524 -1.335586 70.032936 0.020969 -0.511958 -0.858754 0.540441 0.573438 1 6 1.000000
  6 -2.451101 -1.410069 70.137756 -0.520788 -0.058627 -0.851670 0.523498 0.581037 1 6 1.000000
blank
  6 -2.228642 -1.216153 70.004883 -0.480112 -0.014182 -0.877093 0.536393 0.571766 1 6 1.000000
  6 -2.020560 -1.071955 69.899712 -0.209130 -0.662089 -0.719655 0.535902 0.557770 1 6 1.000000
  6 -2.132524 -1.335586 70.032936 0.020969 -0.511958 -0.858754 0.540441 0.573438 1 6 1.000000
blank
  6 -2.422559 -1.282649 70.171738 -0.705887 0.592165 -0.388669 0.517891 0.577977 1 6 1.000000
  6 -2.451101 -1.410069 70.137756 -0.520788 -0.058627 -0.851670 0.523498 0.581037 1 6 1.000000
  6 -2.615863 -1.419994 70.337929 -0.709233 0.626886 -0.322495 0.506440 0.589892 1 6 1.000000
blank
  6 -2.451101 -1.410069 70.137756 -0.520788 -0.058627 -0.851670 0.523498 0.581037 1 6 1.000000
  6 -2.422559 -1.282649 70.171738 -0.705887 0.592165 -0.388669 0.517891 0.577977 1 6 1.000000
  6 -2.228642 -1.216153 70.004883 -0.480112 -0.014182 -0.877093 0.536393 0.571766 1 6 1.000000
blank
  6 -2.459856 -1.279461 70.535309 -0.717858 -0.402368 -0.568137 0.499178 0.586375 1 6 1.000000
  6 -2.615863 -1.419994 70.337929 -0.709233 0.626886 -0.322495 0.506440 0.589892 1 6 1.000000
  6 -2.602580 -1.367149 70.820168 -0.385411 -0.796221 -0.466357 0.483525 0.601946 1 6 1.000000
blank
  6 -2.615863 -1.419994 70.337929 -0.709233 0.626886 -0.322495 0.506440 0.589892 1 6 1.000000
  6 -2.459856 -1.279461 70.535309 -0.717858 -0.402368 -0.568137 0.499178 0.586375 1 6 1.000000
  6 -2.422559 -1.282649 70.171738 -0.705887 0.592165 -0.388669 0.517891 0.577977 1 6 1.000000
blank
  6 -2.602580 -1.367149 70.820168 -0.385411 -0.796221 -0.466357 0.483525 0.601946 1 6 1.000000
  6 -2.848327 -1.459654 70.697487 0.441940 -0.895632 -0.050325 0.476456 0.596611 1 6 1.000000
  6 -2.459856 -1.279461 70.535309 -0.717858 -0.402368 -0.568137 0.499178 0.586375 1 6 1.000000
blank
  6 -2.225849 -1.145961 70.036324 -0.616182 0.671424 -0.411716 0.529047 0.568031 1 6 1.000000
  6 -2.228642 -1.216153 70.004883 -0.480112 -0.014182 -0.877093 0.536393 0.571766 1 6 1.000000
  6 -2.422559 -1.282649 70.171738 -0.705887 0.592165 -0.388669 0.517891 0.577977 1 6 1.000000
blank
  6 -2.228642 -1.216153 70.004883 -0.480112 -0.014182 -0.877093 0.536393 0.571766 1 6 1.000000
  6 -2.225849 -1.145961 70.036324 -0.616182 0.671424 -0.411716 0.529047 0.568031 1 6 1.000000
  6 -2.020560 -1.071955 69.899712 -0.209130 -0.662089 -0.719655 0.535902 0.557770 1 6 1.000000
blank
  6 -2.283156 -1.166262 70.262314 -0.612496 -0.208412 -0.762504 0.511634 0.573400 1 6 1.000000
  6 -2.422559 -1.282649 70.171738 -0.705887 0.592165 -0.388669 0.517891 0.577977 1 6 1.000000
  6 -2.459856 -1.279461 70.535309 -0.717858 -0.402368 -0.568137 0.499178 0.586375 1 6 1.000000
blank
  6 -2.225849 -1.145961 70.036324 -0.616182 0.671424 -0.411716 0.529047 0.568031 1 6 1.000000
  6 -2.422559 -1.282649 70.171738 -0.705887 0.592165 -0.388669 0.517891 0.577977 1 6 1.000000
  6 -2.283156 -1.166262 70.262314 -0.612496 -0.208412 -0.762504 0.511634 0.573400 1 6 1.000000
blank
  6 -2.459856 -1.279461 70.535309 -0.717858 -0.402368 -0.568137 0.499178 0.586375 1 6 1.000000
  6 -2.848327 -1.459654 70.697487 0.441940 -0.895632 -0.050325 0.476456 0.596611 1 6 1.000000
  6 -2.621001 -1.329092 70.400238 0.453537 -0.887771 -0.078534 0.492585 0.580791 1 6 1.000000
blank
  6 -2.459856 -1.279461 70.535309 -0.717858 -0.402368 -0.568137 0.499178 0.586375 1 6 1.000000
  6 -2.621001 -1.329092 70.400238 0.453537 -0.887771 -0.078534 0.492585 0.580791 1 6 1.000000
  6 -2.283156 -1.166262 70.262314 -0.612496 -0.208412 -0.762504 0.511634 0.573400 1 6 1.000000
blank
  6 -3.102321 -1.598325 70.425873 0.371866 -0.914898 -0.157089 0.470739 0.589391 1 6 1.000000
  6 -2.621001 -1.329092 70.400238 0.453537 -0.887771 -0.078534 0.492585 0.580791 1 6 1.000000
  6 -2.848327 -1.459654 70.697487 0.441940 -0.895632 -0.050325 0.476456 0.596611 1 6 1.000000
blank
  6 -2.283156 -1.166262 70.262314 -0.612496 -0.208412 -0.762504 0.511634 0.573400 1 6 1.000000
  6 -2.145652 -1.102333 70.065071 -0.804562 0.094567 -0.586290 0.523294 0.563785 1 6 1.000000
  6 -2.225849 -1.145961 70.036324 -0.616182 0.671424 -0.411716 0.529047 0.568031 1 6 1.000000
blank
  6 -2.145652 -1.102333 70.065071 -0.804562 0.094567 -0.586290 0.523294 0.563785 1 6 1.000000
  6 -2.020560 -1.071955 69.899712 -0.209130 -0.662089 -0.719655 0.535902 0.557770 1 6 1.000000
  6 -2.225849 -1.145961 70.036324 -0.616182 0.671424 -0.411716 0.529047 0.568031 1 6 1.000000
blank
  6 -2.199507 -1.018483 69.983398 -0.137494 -0.893942 -0.426572 0.517016 0.556909 1 6 1.000000
  6 -2.145652 -1.102333 70.065071 -0.804562 0.094567 -0.586290 0.523294 0.563785 1 6 1.000000
  6 -2.283156 -1.166262 70.262314 -0.612496 -0.208412 -0.762504 0.511634 0.573400 1 6 1.000000
blank
  6 -2.145652 -1.102333 70.065071 -0.804562 0.094567 -0.586290 0.523294 0.563785 1 6 1.000000
  6 -2.199507 -1.018483 69.983398 -0.137494 -0.893942 -0.426572 0.517016 0.556909 1 6 1.000000
  6 -2.020560 -1.071955 69.899712 -0.209130 -0.662089 -0.719655 0.535902 0.557770 1 6 1.000000
blank
  6 -2.283156 -1.166262 70.262314 -0.612496 -0.208412 -0.762504 0.511634 0.573400 1 6 1.000000
  6 -2.621001 -1.329092 70.400238 0.453537 -0.887771 -0.078534 0.492585 0.580791 1 6 1.000000
  6 -2.402136 -1.168303 70.161354 0.401196 -0.865287 -0.300534 0.506009 0.566379 1 6 1.000000
blank
  6 -2.283156 -1.166262 70.262314 -0.612496 -0.208412 -0.762504 0.511634 0.573400 1 6 1.000000
  6 -2.402136 -1.168303 70.161354 0.401196 -0.865287 -0.300534 0.506009 0.566379 1 6 1.000000
  6 -2.199507 -1.018483 69.983398 -0.137494 -0.893942 -0.426572 0.517016 0.556909 1 6 1.000000
blank
  6 -2.798605 -1.437826 70.161728 0.422631 -0.878006 -0.224697 0.488344 0.572696 1 6 1.000000
  6 -2.621001 -1.329092 70.400238 0.453537 -0.887771 -0.078534 0.492585 0.580791 1 6 1.000000
  6 -3.102321 -1.598325 70.425873 0.371866 -0.914898 -0.157089 0.470739 0.589391 1 6 1.000000
blank
  6 -2.798605 -1.437826 70.161728 0.422631 -0.878006 -0.224697 0.488344 0.572696 1 6 1.000000
  6 -2.402136 -1.168303 70.161354 0.401196 -0.865287 -0.300534 0.506009 0.566379 1 6 1.000000
  6 -2.621001 -1.329092 70.400238 0.453537 -0.887771 -0.078534 0.492585 0.580791 1 6 1.000000
blank
  6 -2.548074 -1.170799 69.954193 0.498050 -0.745153 -0.443501 0.501143 0.558815 1 6 1.000000
  6 -2.199507 -1.018483 69.983398 -0.137494 -0.893942 -0.426572 0.517016 0.556909 1 6 1.000000
  6 -2.402136 -1.168303 70.161354 0.401196 -0.865287 -0.300534 0.506009 0.566379 1 6 1.000000
blank
  6 -2.548074 -1.170799 69.954193 0.498050 -0.745153 -0.443501 0.501143 0.558815 1 6 1.000000
  6 -2.402136 -1.168303 70.161354 0.401196 -0.865287 -0.300534 0.506009 0.566379 1 6 1.000000
  6 -2.798605 -1.437826 70.161728 0.422631 -0.878006 -0.224697 0.488344 0.572696 1 6 1.000000
blank
  6 -2.387263 -0.915862 69.803558 0.040097 -0.943362 -0.329333 0.511449 0.549003 1 6 1.000000
  6 -2.020560 -1.071955 69.899712 -0.209130 -0.662089 -0.719655 0.535902 0.557770 1 6 1.000000
  6 -2.199507 -1.018483 69.983398 -0.137494 -0.893942 -0.426572 0.517016 0.556909 1 6 1.000000
blank
  6 -2.387263 -0.915862 69.803558 0.040097 -0.943362 -0.329333 0.511449 0.549003 1 6 1.000000
  6 -2.199507 -1.018483 69.983398 -0.137494 -0.893942 -0.426572 0.517016 0.556909 1 6 1.000000
  6 -2.548074 -1.170799 69.954193 0.498050 -0.745153 -0.443501 0.501143 0.558815 1 6 1.000000
blank
  6 -2.387263 -0.915862 69.803558 0.040097 -0.943362 -0.329333 0.511449 0.549003 1 6 1.000000
  6 -2.611647 -0.856592 69.503906 0.244114 -0.923915 0.294601 0.506091 0.539294 1 6 1.000000
  6 -2.020560 -1.071955 69.899712 -0.209130 -0.662089 -0.719655 0.535902 0.557770 1 6 1.000000
blank
  6 -2.387263 -0.915862 69.803558 0.040097 -0.943362 -0.329333 0.511449 0.549003 1 6 1.000000
  6 -2.548074 -1.170799 69.954193 0.498050 -0.745153 -0.443501 0.501143 0.558815 1 6 1.000000
  6 -2.611647 -0.856592 69.503906 0.244114 -0.923915 0.294601 0.506091 0.539294 1 6 1.000000
blank
  6 -2.650725 -0.994967 69.374138 0.738310 -0.674411 -0.008275 0.499375 0.526419 1 6 1.000000
  6 -2.020560 -1.071955 69.899712 -0.209130 -0.662089 -0.719655 0.535902 0.557770 1 6 1.000000
  6 -2.611647 -0.856592 69.503906 0.244114 -0.923915 0.294601 0.506091 0.539294 1 6 1.000000
blank
  6 -2.548074 -1.170799 69.954193 0.498050 -0.745153 -0.443501 0.501143 0.558815 1 6 1.000000
  6 -2.742006 -1.164809 69.700867 0.503359 -0.756493 -0.417550 0.496987 0.551800 1 6 1.000000
  6 -2.611647 -0.856592 69.503906 0.244114 -0.923915 0.294601 0.506091 0.539294 1 6 1.000000
blank
  6 -2.548074 -1.170799 69.954193 0.498050 -0.745153 -0.443501 0.501143 0.558815 1 6 1.000000
  6 -2.798605 -1.437826 70.161728 0.422631 -0.878006 -0.224697 0.488344 0.572696 1 6 1.000000
  6 -2.742006 -1.164809 69.700867 0.503359 -0.756493 -0.417550 0.496987 0.551800 1 6 1.000000
blank
  6 -2.650725 -0.994967 69.374138 0.738310 -0.674411 -0.008275 0.499375 0.526419 1 6 1.000000
  6 -2.611647 -0.856592 69.503906 0.244114 -0.923915 0.294601 0.506091 0.539294 1 6 1.000000
  6 -2.742006 -1.164809 69.700867 0.503359 -0.756493 -0.417550 0.496987 0.551800 1 6 1.000000
blank
  6 -2.798605 -1.437826 70.161728 0.422631 -0.878006 -0.224697 0.488344 0.572696 1 6 1.000000
  6 -3.102321 -1.598325 70.425873 0.371866 -0.914898 -0.157089 0.470739 0.589391 1 6 1.000000
  6 -2.985585 -1.402411 69.942566 0.155232 -0.846620 -0.509055 0.482675 0.567015 1 6 1.000000
blank
  6 -2.798605 -1.437826 70.161728 0.422631 -0.878006 -0.224697 0.488344 0.572696 1 6 1.000000
  6 -2.985585 -1.402411 69.942566 0.155232 -0.846620 -0.509055 0.482675 0.567015 1 6 1.000000
  6 -2.742006 -1.164809 69.700867 0.503359 -0.756493 -0.417550 0.496987 0.551800 1 6 1.000000
blank
  6 -3.102321 -1.598325 70.425873 0.371866 -0.914898 -0.157089 0.470739 0.589391 1 6 1.000000
  6 -3.274915 -1.564174 70.175308 0.248430 -0.899485 -0.359457 0.465711 0.581882 1 6 1.000000
  6 -2.985585 -1.402411 69.942566 0.155232 -0.846620 -0.509055 0.482675 0.567015 1 6 1.000000
blank
  6 -2.804300 -1.171972 69.668396 0.686158 -0.723240 -0.078175 0.490474 0.545004 1 6 1.000000
  6 -2.742006 -1.164809 69.700867 0.503359 -0.756493 -0.417550 0.496987 0.551800 1 6 1.000000
  6 -2.985585 -1.402411 69.942566 0.155232 -0.846620 -0.509055 0.482675 0.567015 1 6 1.000000
blank
  6 -2.804300 -1.171972 69.668396 0.686158 -0.723240 -0.078175 0.490474 0.545004 1 6 1.000000
  6 -2.650725 -0.994967 69.374138 0.738310 -0.674411 -0.008275 0.499375 0.526419 1 6 1.000000
  6 -2.742006 -1.164809 69.700867 0.503359 -0.756493 -0.417550 0.496987 0.551800 1 6 1.000000
blank
  6 -3.050670 -1.372560 69.908859 0.542538 -0.838636 -0.048395 0.476193 0.560623 1 6 1.000000
  6 -2.985585 -1.402411 69.942566 0.155232 -0.846620 -0.509055 0.482675 0.567015 1 6 1.000000
  6 -3.274915 -1.564174 70.175308 0.248430 -0.899485 -0.359457 0.465711 0.581882 1 6 1.000000
blank
  6 -3.050670 -1.372560 69.908859 0.542538 -0.838636 -0.048395 0.476193 0.560623 1 6 1.000000
  6 -2.804300 -1.171972 69.668396 0.686158 -0.723240 -0.078175 0.490474 0.545004 1 6 1.000000
  6 -2.985585 -1.402411 69.942566 0.155232 -0.846620 -0.509055 0.482675 0.567015 1 6 1.000000
blank
  6 -3.308313 -1.520882 70.056076 0.572870 -0.794287 0.202307 0.461259 0.570382 1 6 1.000000
  6 -3.050670 -1.372560 69.908859 0.542538 -0.838636 -0.048395 0.476193 0.560623 1 6 1.000000
  6 -3.274915 -1.564174 70.175308 0.248430 -0.899485 -0.359457 0.465711 0.581882 1 6 1.000000
blank
  6 -3.050670 -1.372560 69.908859 0.542538 -0.838636 -0.048395 0.476193 0.560623 1 6 1.000000
  6 -3.308313 -1.520882 70.056076 0.572870 -0.794287 0.202307 0.461259 0.570382 1 6 1.000000
  6 -3.244340 -1.612786 70.021606 0.634954 -0.432813 0.639927 0.461924 0.560086 1 6 1.000000
blank
  6 -2.863768 -1.349742 69.657150 0.823920 -0.463250 0.326427 0.485048 0.539426 1 6 1.000000
  6 -2.804300 -1.171972 69.668396 0.686158 -0.723240 -0.078175 0.490474 0.545004 1 6 1.000000
  6 -3.050670 -1.372560 69.908859 0.542538 -0.838636 -0.048395 0.476193 0.560623 1 6 1.000000
blank
  6 -2.804300 -1.171972 69.668396 0.686158 -0.723240 -0.078175 0.490474 0.545004 1 6 1.000000
  6 -2.863768 -1.349742 69.657150 0.823920 -0.463250 0.326427 0.485048 0.539426 1 6 1.000000
  6 -2.650725 -0.994967 69.374138 0.738310 -0.674411 -0.008275 0.499375 0.526419 1 6 1.000000
blank
  6 -3.244340 -1.612786 70.021606 0.634954 -0.432813 0.639927 0.461924 0.560086 1 6 1.000000
  6 -3.095906 -1.505338 69.891151 0.753780 -0.474269 0.454845 0.471593 0.551224 1 6 1.000000
  6 -3.050670 -1.372560 69.908859 0.542538 -0.838636 -0.048395 0.476193 0.560623 1 6 1.000000
blank
  6 -3.050670 -1.372560 69.908859 0.542538 -0.838636 -0.048395 0.476193 0.560623 1 6 1.000000
  6 -3.095906 -1.505338 69.891151 0.753780 -0.474269 0.454845 0.471593 0.551224 1 6 1.000000
  6 -2.863768 -1.349742 69.657150 0.823920 -0.463250 0.326427 0.485048 0.539426 1 6 1.000000
blank
  6 -3.095906 -1.505338 69.891151 0.753780 -0.474269 0.454845 0.471593 0.551224 1 6 1.000000
  6 -3.244340 -1.612786 70.021606 0.634954 -0.432813 0.639927 0.461924 0.560086 1 6 1.000000
  6 -3.117750 -1.577989 69.803596 0.607007 -0.780021 0.152020 0.468435 0.542971 1 6 1.000000
blank
  6 -2.863768 -1.349742 69.657150 0.823920 -0.463250 0.326427 0.485048 0.539426 1 6 1.000000
  6 -3.095906 -1.505338 69.891151 0.753780 -0.474269 0.454845 0.471593 0.551224 1 6 1.000000
  6 -3.117750 -1.577989 69.803596 0.607007 -0.780021 0.152020 0.468435 0.542971 1 6 1.000000
blank
  6 -3.244340 -1.612786 70.021606 0.634954 -0.432813 0.639927 0.461924 0.560086 1 6 1.000000
  6 -3.267909 -1.636463 69.927254 0.358033 -0.930618 0.075912 0.459151 0.550911 1 6 1.000000
  6 -3.117750 -1.577989 69.803596 0.607007 -0.780021 0.152020 0.468435 0.542971 1 6 1.000000
blank
  6 -2.863768 -1.349742 69.657150 0.823920 -0.463250 0.326427 0.485048 0.539426 1 6 1.000000
  6 -2.872761 -1.381350 69.587181 0.765468 -0.643454 -0.005054 0.482249 0.532726 1 6 1.000000
  6 -2.650725 -0.994967 69.374138 0.738310 -0.674411 -0.008275 0.499375 0.526419 1 6 1.000000
blank
  6 -3.117750 -1.577989 69.803596 0.607007 -0.780021 0.152020 0.468435 0.542971 1 6 1.000000
  6 -2.872761 -1.381350 69.587181 0.765468 -0.643454 -0.005054 0.482249 0.532726 1 6 1.000000
  6 -2.863768 -1.349742 69.657150 0.823920 -0.463250 0.326427 0.485048 0.539426 1 6 1.000000
blank
  6 -2.872761 -1.381350 69.587181 0.765468 -0.643454 -0.005054 0.482249 0.532726 1 6 1.000000
  6 -2.953227 -1.428271 69.425369 0.603997 -0.726096 -0.328591 0.478165 0.523872 1 6 1.000000
  6 -2.650725 -0.994967 69.374138 0.738310 -0.674411 -0.008275 0.499375 0.526419 1 6 1.000000
blank
  6 -2.872761 -1.381350 69.587181 0.765468 -0.643454 -0.005054 0.482249 0.532726 1 6 1.000000
  6 -3.117750 -1.577989 69.803596 0.607007 -0.780021 0.152020 0.468435 0.542971 1 6 1.000000
  6 -2.953227 -1.428271 69.425369 0.603997 -0.726096 -0.328591 0.478165 0.523872 1 6 1.000000
blank
  6 -3.117750 -1.577989 69.803596 0.607007 -0.780021 0.152020 0.468435 0.542971 1 6 1.000000
  6 -3.267909 -1.636463 69.927254 0.358033 -0.930618 0.075912 0.459151 0.550911 1 6 1.000000
  6 -3.191129 -1.624520 69.598015 0.287737 -0.943844 -0.162378 0.464376 0.535488 1 6 1.000000
blank
  6 -3.117750 -1.577989 69.803596 0.607007 -0.780021 0.152020 0.468435 0.542971 1 6 1.000000
  6 -3.191129 -1.624520 69.598015 0.287737 -0.943844 -0.162378 0.464376 0.535488 1 6 1.000000
  6 -2.953227 -1.428271 69.425369 0.603997 -0.726096 -0.328591 0.478165 0.523872 1 6 1.000000
blank
  6 -3.267909 -1.636463 69.927254 0.358033 -0.930618 0.075912 0.459151 0.550911 1 6 1.000000
  6 -3.347414 -1.630066 69.721138 -0.045497 -0.994324 -0.096178 0.455317 0.542736 1 6 1.000000
  6 -3.191129 -1.624520 69.598015 0.287737 -0.943844 -0.162378 0.464376 0.535488 1 6 1.000000
blank
  6 -3.085740 -1.335766 69.148537 0.505662 -0.649298 -0.568083 0.474161 0.515844 1 6 1.000000
  6 -2.650725 -0.994967 69.374138 0.738310 -0.674411 -0.008275 0.499375 0.526419 1 6 1.000000
  6 -2.953227 -1.428271 69.425369 0.603997 -0.726096 -0.328591 0.478165 0.523872 1 6 1.000000
blank
  6 -3.085740 -1.335766 69.148537 0.505662 -0.649298 -0.568083 0.474161 0.515844 1 6 1.000000
  6 -2.953227 -1.428271 69.425369 0.603997 -0.726096 -0.328591 0.478165 0.523872 1 6 1.000000
  6 -3.191129 -1.624520 69.598015 0.287737 -0.943844 -0.162378 0.464376 0.535488 1 6 1.000000
blank
  6 -3.127325 -0.912681 68.786758 0.033290 -0.614111 -0.788517 0.471750 0.491411 1 6 1.000000
  6 -2.650725 -0.994967 69.374138 0.738310 -0.674411 -0.008275 0.499375 0.526419 1 6 1.000000
  6 -3.085740 -1.335766 69.148537 0.505662 -0.649298 -0.568083 0.474161 0.515844 1 6 1.000000
blank
  6 -3.333730 -1.549997 69.280266 0.107701 -0.897446 -0.427774 0.459786 0.525205 1 6 1.000000
  6 -3.191129 -1.624520 69.598015 0.287737 -0.943844 -0.162378 0.464376 0.535488 1 6 1.000000
  6 -3.347414 -1.630066 69.721138 -0.045497 -0.994324 -0.096178 0.455317 0.542736 1 6 1.000000
blank
  6 -3.333730 -1.549997 69.280266 0.107701 -0.897446 -0.427774 0.459786 0.525205 1 6 1.000000
  6 -3.085740 -1.335766 69.148537 0.505662 -0.649298 -0.568083 0.474161 0.515844 1 6 1.000000
  6 -3.191129 -1.624520 69.598015 0.287737 -0.943844 -0.162378 0.464376 0.535488 1 6 1.000000
blank
  6 -3.504452 -1.545731 69.391640 -0.200109 -0.941637 -0.270696 0.449891 0.531689 1 6 1.000000
  6 -3.333730 -1.549997 69.280266 0.107701 -0.897446 -0.427774 0.459786 0.525205 1 6 1.000000
  6 -3.347414 -1.630066 69.721138 -0.045497 -0.994324 -0.096178 0.455317 0.542736 1 6 1.000000
blank
  6 -3.504452 -1.545731 69.391640 -0.200109 -0.941637 -0.270696 0.449891 0.531689 1 6 1.000000
  6 -3.687602 -1.371280 69.094315 -0.205408 -0.866885 -0.454223 0.444036 0.521175 1 6 1.000000
  6 -3.333730 -1.549997 69.280266 0.107701 -0.897446 -0.427774 0.459786 0.525205 1 6 1.000000
blank
  6 -3.510689 -1.359376 68.998993 0.006078 -0.792429 -0.609934 0.454116 0.515843 1 6 1.000000
  6 -3.333730 -1.549997 69.280266 0.107701 -0.897446 -0.427774 0.459786 0.525205 1 6 1.000000
  6 -3.687602 -1.371280 69.094315 -0.205408 -0.866885 -0.454223 0.444036 0.521175 1 6 1.000000
blank
  6 -3.333730 -1.549997 69.280266 0.107701 -0.897446 -0.427774 0.459786 0.525205 1 6 1.000000
  6 -3.510689 -1.359376 68.998993 0.006078 -0.792429 -0.609934 0.454116 0.515843 1 6 1.000000
  6 -3.085740 -1.335766 69.148537 0.505662 -0.649298 -0.568083 0.474161 0.515844 1 6 1.000000
blank
  6 -3.687602 -1.371280 69.094315 -0.205408 -0.866885 -0.454223 0.444036 0.521175 1 6 1.000000
  6 -3.786927 -1.263802 68.940742 -0.212506 -0.620624 -0.754763 0.438784 0.513417 1 6 1.000000
  6 -3.510689 -1.359376 68.998993 0.006078 -0.792429 -0.609934 0.454116 0.515843 1 6 1.000000
blank
  6 -3.242082 -1.191382 68.885559 0.414697 -0.648364 -0.638475 0.470836 0.509372 1 6 1.000000
  6 -3.085740 -1.335766 69.148537 0.505662 -0.649298 -0.568083 0.474161 0.515844 1 6 1.000000
  6 -3.510689 -1.359376 68.998993 0.006078 -0.792429 -0.609934 0.454116 0.515843 1 6 1.000000
blank
  6 -3.085740 -1.335766 69.148537 0.505662 -0.649298 -0.568083 0.474161 0.515844 1 6 1.000000
  6 -3.242082 -1.191382 68.885559 0.414697 -0.648364 -0.638475 0.470836 0.509372 1 6 1.000000
  6 -3.127325 -0.912681 68.786758 0.033290 -0.614111 -0.788517 0.471750 0.491411 1 6 1.000000
blank
  6 -3.613470 -1.240072 68.880516 -0.103226 -0.613216 -0.783142 0.450901 0.509461 1 6 1.000000
  6 -3.510689 -1.359376 68.998993 0.006078 -0.792429 -0.609934 0.454116 0.515843 1 6 1.000000
  6 -3.786927 -1.263802 68.940742 -0.212506 -0.620624 -0.754763 0.438784 0.513417 1 6 1.000000
blank
  6 -3.510689 -1.359376 68.998993 0.006078 -0.792429 -0.609934 0.454116 0.515843 1 6 1.000000
  6 -3.613470 -1.240072 68.880516 -0.103226 -0.613216 -0.783142 0.450901 0.509461 1 6 1.000000
  6 -3.242082 -1.191382 68.885559 0.414697 -0.648364 -0.638475 0.470836 0.509372 1 6 1.000000
blank
  6 -3.786927 -1.263802 68.940742 -0.212506 -0.620624 -0.754763 0.438784 0.513417 1 6 1.000000
  6 -3.847041 -1.158293 68.904205 -0.382631 0.277193 -0.881338 0.428716 0.508581 1 6 1.000000
  6 -3.613470 -1.240072 68.880516 -0.103226 -0.613216 -0.783142 0.450901 0.509461 1 6 1.000000
blank
  6 -3.314531 -1.153265 68.798347 0.210443 -0.590162 -0.779373 0.466286 0.503526 1 6 1.000000
  6 -3.242082 -1.191382 68.885559 0.414697 -0.648364 -0.638475 0.470836 0.509372 1 6 1.000000
  6 -3.613470 -1.240072 68.880516 -0.103226 -0.613216 -0.783142 0.450901 0.509461 1 6 1.000000
blank
  6 -3.314531 -1.153265 68.798347 0.210443 -0.590162 -0.779373 0.466286 0.503526 1 6 1.000000
  6 -3.127325 -0.912681 68.786758 0.033290 -0.614111 -0.788517 0.471750 0.491411 1 6 1.000000
  6 -3.242082 -1.191382 68.885559 0.414697 -0.648364 -0.638475 0.470836 0.509372 1 6 1.000000
blank
  6 -3.648240 -1.125832 68.826202 -0.310448 0.158180 -0.937337 0.448259 0.503374 1 6 1.000000
  6 -3.613470 -1.240072 68.880516 -0.103226 -0.613216 -0.783142 0.450901 0.509461 1 6 1.000000
  6 -3.847041 -1.158293 68.904205 -0.382631 0.277193 -0.881338 0.428716 0.508581 1 6 1.000000
blank
  6 -3.613470 -1.240072 68.880516 -0.103226 -0.613216 -0.783142 0.450901 0.509461 1 6 1.000000
  6 -3.648240 -1.125832 68.826202 -0.310448 0.158180 -0.937337 0.448259 0.503374 1 6 1.000000
  6 -3.314531 -1.153265 68.798347 0.210443 -0.590162 -0.779373 0.466286 0.503526 1 6 1.000000
blank
  6 -3.847041 -1.158293 68.904205 -0.382631 0.277193 -0.881338 0.428716 0.508581 1 6 1.000000
  6 -3.892612 -0.953096 69.171249 -0.409473 -0.087162 -0.908149 0.420697 0.501343 1 6 1.000000
  6 -3.648240 -1.125832 68.826202 -0.310448 0.158180 -0.937337 0.448259 0.503374 1 6 1.000000
blank
  6 -3.339092 -1.062352 68.763237 -0.107658 0.156186 -0.981843 0.463186 0.497236 1 6 1.000000
  6 -3.314531 -1.153265 68.798347 0.210443 -0.590162 -0.779373 0.466286 0.503526 1 6 1.000000
  6 -3.648240 -1.125832 68.826202 -0.310448 0.158180 -0.937337 0.448259 0.503374 1 6 1.000000
blank
  6 -3.339092 -1.062352 68.763237 -0.107658 0.156186 -0.981843 0.463186 0.497236 1 6 1.000000
  6 -3.127325 -0.912681 68.786758 0.033290 -0.614111 -0.788517 0.471750 0.491411 1 6 1.000000
  6 -3.314531 -1.153265 68.798347 0.210443 -0.590162 -0.779373 0.466286 0.503526 1 6 1.000000
blank
  6 -3.502281 -0.927900 68.996460 -0.415010 0.049332 -0.908479 0.445468 0.495554 1 6 1.000000
  6 -3.648240 -1.125832 68.826202 -0.310448 0.158180 -0.937337 0.448259 0.503374 1 6 1.000000
  6 -3.892612 -0.953096 69.171249 -0.409473 -0.087162 -0.908149 0.420697 0.501343 1 6 1.000000
blank
  6 -3.648240 -1.125832 68.826202 -0.310448 0.158180 -0.937337 0.448259 0.503374 1 6 1.000000
  6 -3.502281 -0.927900 68.996460 -0.415010 0.049332 -0.908479 0.445468 0.495554 1 6 1.000000
  6 -3.339092 -1.062352 68.763237 -0.107658 0.156186 -0.981843 0.463186 0.497236 1 6 1.000000
blank
  6 -3.892612 -0.953096 69.171249 -0.409473 -0.087162 -0.908149 0.420697 0.501343 1 6 1.000000
  6 -3.981107 -0.745582 69.022362 -0.214222 -0.843157 -0.493149 0.416423 0.494158 1 6 1.000000
  6 -3.502281 -0.927900 68.996460 -0.415010 0.049332 -0.908479 0.445468 0.495554 1 6 1.000000
blank
  6 -3.264518 -0.913330 68.881622 -0.527273 -0.063723 -0.847303 0.459728 0.490842 1 6 1.000000
  6 -3.339092 -1.062352 68.763237 -0.107658 0.156186 -0.981843 0.463186 0.497236 1 6 1.000000
  6 -3.502281 -0.927900 68.996460 -0.415010 0.049332 -0.908479 0.445468 0.495554 1 6 1.000000
blank
  6 -3.339092 -1.062352 68.763237 -0.107658 0.156186 -0.981843 0.463186 0.497236 1 6 1.000000
  6 -3.264518 -0.913330 68.881622 -0.527273 -0.063723 -0.847303 0.459728 0.490842 1 6 1.000000
  6 -3.127325 -0.912681 68.786758 0.033290 -0.614111 -0.788517 0.471750 0.491411 1 6 1.000000
blank
  6 -3.563766 -0.762333 68.865326 -0.261590 -0.850145 -0.456972 0.441387 0.487878 1 6 1.000000
  6 -3.502281 -0.927900 68.996460 -0.415010 0.049332 -0.908479 0.445468 0.495554 1 6 1.000000
  6 -3.981107 -0.745582 69.022362 -0.214222 -0.843157 -0.493149 0.416423 0.494158 1 6 1.000000
blank
  6 -3.502281 -0.927900 68.996460 -0.415010 0.049332 -0.908479 0.445468 0.495554 1 6 1.000000
  6 -3.563766 -0.762333 68.865326 -0.261590 -0.850145 -0.456972 0.441387 0.487878 1 6 1.000000
  6 -3.264518 -0.913330 68.881622 -0.527273 -0.063723 -0.847303 0.459728 0.490842 1 6 1.000000
blank
  6 -3.981107 -0.745582 69.022362 -0.214222 -0.843157 -0.493149 0.416423 0.494158 1 6 1.000000
  6 -4.080555 -0.660515 68.756508 -0.103735 -0.987164 -0.121429 0.414950 0.485412 1 6 1.000000
  6 -3.563766 -0.762333 68.865326 -0.261590 -0.850145 -0.456972 0.441387 0.487878 1 6 1.000000
blank
  6 -3.264518 -0.913330 68.881622 -0.527273 -0.063723 -0.847303 0.459728 0.490842 1 6 1.000000
  6 -3.330106 -0.802867 68.756462 -0.396876 -0.890100 -0.224076 0.456525 0.484237 1 6 1.000000
  6 -3.127325 -0.912681 68.786758 0.033290 -0.614111 -0.788517 0.471750 0.491411 1 6 1.000000
blank
  6 -3.330106 -0.802867 68.756462 -0.396876 -0.890100 -0.224076 0.456525 0.484237 1 6 1.000000
  6 -3.264518 -0.913330 68.881622 -0.527273 -0.063723 -0.847303 0.459728 0.490842 1 6 1.000000
  6 -3.563766 -0.762333 68.865326 -0.261590 -0.850145 -0.456972 0.441387 0.487878 1 6 1.000000
blank
  6 -3.438713 -0.755110 68.531395 -0.382183 -0.923697 0.026826 0.453701 0.477284 1 6 1.000000
  6 -3.127325 -0.912681 68.786758 0.033290 -0.614111 -0.788517 0.471750 0.491411 1 6 1.000000
  6 -3.330106 -0.802867 68.756462 -0.396876 -0.890100 -0.224076 0.456525 0.484237 1 6 1.000000
blank
  6 -3.563766 -0.762333 68.865326 -0.261590 -0.850145 -0.456972 0.441387 0.487878 1 6 1.000000
  6 -3.691265 -0.682381 68.630203 -0.162658 -0.983896 -0.074106 0.439062 0.480474 1 6 1.000000
  6 -3.330106 -0.802867 68.756462 -0.396876 -0.890100 -0.224076 0.456525 0.484237 1 6 1.000000
blank
  6 -3.438713 -0.755110 68.531395 -0.382183 -0.923697 0.026826 0.453701 0.477284 1 6 1.000000
  6 -3.330106 -0.802867 68.756462 -0.396876 -0.890100 -0.224076 0.456525 0.484237 1 6 1.000000
  6 -3.691265 -0.682381 68.630203 -0.162658 -0.983896 -0.074106 0.439062 0.480474 1 6 1.000000
blank
  6 -3.691265 -0.682381 68.630203 -0.162658 -0.983896 -0.074106 0.439062 0.480474 1 6 1.000000
  6 -3.563766 -0.762333 68.865326 -0.261590 -0.850145 -0.456972 0.441387 0.487878 1 6 1.000000
  6 -4.080555 -0.660515 68.756508 -0.103735 -0.987164 -0.121429 0.414950 0.485412 1 6 1.000000
blank
  6 -3.428185 -0.793658 68.164803 0.278554 -0.912300 0.300194 0.454311 0.454097 1 6 1.000000
  6 -3.127325 -0.912681 68.786758 0.033290 -0.614111 -0.788517 0.471750 0.491411 1 6 1.000000
  6 -3.438713 -0.755110 68.531395 -0.382183 -0.923697 0.026826 0.453701 0.477284 1 6 1.000000
blank
  6 -3.691265 -0.682381 68.630203 -0.162658 -0.983896 -0.074106 0.439062 0.480474 1 6 1.000000
  6 -4.080555 -0.660515 68.756508 -0.103735 -0.987164 -0.121429 0.414950 0.485412 1 6 1.000000
  6 -3.749600 -0.693012 68.365295 -0.067603 -0.957181 0.281485 0.437507 0.471144 1 6 1.000000
blank
  6 -4.080555 -0.660515 68.756508 -0.103735 -0.987164 -0.121429 0.414950 0.485412 1 6 1.000000
  6 -4.125861 -0.660102 68.427971 -0.010745 -0.958372 0.285319 0.415698 0.474559 1 6 1.000000
  6 -3.749600 -0.693012 68.365295 -0.067603 -0.957181 0.281485 0.437507 0.471144 1 6 1.000000
blank
  6 -3.438713 -0.755110 68.531395 -0.382183 -0.923697 0.026826 0.453701 0.477284 1 6 1.000000
  6 -3.691265 -0.682381 68.630203 -0.162658 -0.983896 -0.074106 0.439062 0.480474 1 6 1.000000
  6 -3.522109 -0.736717 68.356178 -0.237987 -0.957299 0.164134 0.449339 0.469170 1 6 1.000000
blank
  6 -3.691265 -0.682381 68.630203 -0.162658 -0.983896 -0.074106 0.439062 0.480474 1 6 1.000000
  6 -3.749600 -0.693012 68.365295 -0.067603 -0.957181 0.281485 0.437507 0.471144 1 6 1.000000
  6 -3.522109 -0.736717 68.356178 -0.237987 -0.957299 0.164134 0.449339 0.469170 1 6 1.000000
blank
  6 -3.438713 -0.755110 68.531395 -0.382183 -0.923697 0.026826 0.453701 0.477284 1 6 1.000000
  6 -3.522109 -0.736717 68.356178 -0.237987 -0.957299 0.164134 0.449339 0.469170 1 6 1.000000
  6 -3.428185 -0.793658 68.164803 0.278554 -0.912300 0.300194 0.454311 0.454097 1 6 1.000000
blank
  6 -3.760873 -0.820164 68.161049 0.123178 -0.227055 0.966061 0.436191 0.463243 1 6 1.000000
  6 -3.749600 -0.693012 68.365295 -0.067603 -0.957181 0.281485 0.437507 0.471144 1 6 1.000000
  6 -4.125861 -0.660102 68.427971 -0.010745 -0.958372 0.285319 0.415698 0.474559 1 6 1.000000
blank
  6 -4.097880 -0.830527 68.217506 0.127904 -0.350764 0.927688 0.418979 0.465104 1 6 1.000000
  6 -3.760873 -0.820164 68.161049 0.123178 -0.227055 0.966061 0.436191 0.463243 1 6 1.000000
  6 -4.125861 -0.660102 68.427971 -0.010745 -0.958372 0.285319 0.415698 0.474559 1 6 1.000000
blank
  6 -3.620888 -0.808368 68.136314 -0.006552 -0.248594 0.968586 0.446240 0.461959 1 6 1.000000
  6 -3.522109 -0.736717 68.356178 -0.237987 -0.957299 0.164134 0.449339 0.469170 1 6 1.000000
  6 -3.749600 -0.693012 68.365295 -0.067603 -0.957181 0.281485 0.437507 0.471144 1 6 1.000000
blank
  6 -3.760873 -0.820164 68.161049 0.123178 -0.227055 0.966061 0.436191 0.463243 1 6 1.000000
  6 -3.620888 -0.808368 68.136314 -0.006552 -0.248594 0.968586 0.446240 0.461959 1 6 1.000000
  6 -3.749600 -0.693012 68.365295 -0.067603 -0.957181 0.281485 0.437507 0.471144 1 6 1.000000
blank
  6 -3.620888 -0.808368 68.136314 -0.006552 -0.248594 0.968586 0.446240 0.461959 1 6 1.000000
  6 -3.428185 -0.793658 68.164803 0.278554 -0.912300 0.300194 0.454311 0.454097 1 6 1.000000
  6 -3.522109 -0.736717 68.356178 -0.237987 -0.957299 0.164134 0.449339 0.469170 1 6 1.000000
blank
  6 -3.751061 -1.081049 68.287506 0.465794 -0.311852 0.828121 0.436357 0.455805 1 6 1.000000
  6 -3.760873 -0.820164 68.161049 0.123178 -0.227055 0.966061 0.436191 0.463243 1 6 1.000000
  6 -4.097880 -0.830527 68.217506 0.127904 -0.350764 0.927688 0.418979 0.465104 1 6 1.000000
blank
  6 -4.097880 -0.830527 68.217506 0.127904 -0.350764 0.927688 0.418979 0.465104 1 6 1.000000
  6 -3.959084 -1.211794 68.319786 0.397681 -0.413912 0.818857 0.424300 0.457178 1 6 1.000000
  6 -3.751061 -1.081049 68.287506 0.465794 -0.311852 0.828121 0.436357 0.455805 1 6 1.000000
blank
  6 -3.581645 -0.953918 68.241318 0.546414 -0.241056 0.802075 0.445416 0.454817 1 6 1.000000
  6 -3.620888 -0.808368 68.136314 -0.006552 -0.248594 0.968586 0.446240 0.461959 1 6 1.000000
  6 -3.760873 -0.820164 68.161049 0.123178 -0.227055 0.966061 0.436191 0.463243 1 6 1.000000
blank
  6 -3.760873 -0.820164 68.161049 0.123178 -0.227055 0.966061 0.436191 0.463243 1 6 1.000000
  6 -3.751061 -1.081049 68.287506 0.465794 -0.311852 0.828121 0.436357 0.455805 1 6 1.000000
  6 -3.581645 -0.953918 68.241318 0.546414 -0.241056 0.802075 0.445416 0.454817 1 6 1.000000
blank
  6 -3.620888 -0.808368 68.136314 -0.006552 -0.248594 0.968586 0.446240 0.461959 1 6 1.000000
  6 -3.581645 -0.953918 68.241318 0.546414 -0.241056 0.802075 0.445416 0.454817 1 6 1.000000
  6 -3.428185 -0.793658 68.164803 0.278554 -0.912300 0.300194 0.454311 0.454097 1 6 1.000000
blank
  6 -3.751061 -1.081049 68.287506 0.465794 -0.311852 0.828121 0.436357 0.455805 1 6 1.000000
  6 -3.959084 -1.211794 68.319786 0.397681 -0.413912 0.818857 0.424300 0.457178 1 6 1.000000
  6 -3.728971 -1.104647 68.137619 0.648307 -0.759381 0.055124 0.437264 0.445204 1 6 1.000000
blank
  6 -3.938876 -1.244864 68.161919 0.571738 -0.813459 0.106770 0.426258 0.445168 1 6 1.000000
  6 -3.728971 -1.104647 68.137619 0.648307 -0.759381 0.055124 0.437264 0.445204 1 6 1.000000
  6 -3.959084 -1.211794 68.319786 0.397681 -0.413912 0.818857 0.424300 0.457178 1 6 1.000000
blank
  6 -3.581645 -0.953918 68.241318 0.546414 -0.241056 0.802075 0.445416 0.454817 1 6 1.000000
  6 -3.751061 -1.081049 68.287506 0.465794 -0.311852 0.828121 0.436357 0.455805 1 6 1.000000
  6 -3.571820 -0.950477 68.079414 0.696793 -0.702376 -0.145422 0.445529 0.444517 1 6 1.000000
blank
  6 -3.581645 -0.953918 68.241318 0.546414 -0.241056 0.802075 0.445416 0.454817 1 6 1.000000
  6 -3.571820 -0.950477 68.079414 0.696793 -0.702376 -0.145422 0.445529 0.444517 1 6 1.000000
  6 -3.428185 -0.793658 68.164803 0.278554 -0.912300 0.300194 0.454311 0.454097 1 6 1.000000
blank
  6 -3.728971 -1.104647 68.137619 0.648307 -0.759381 0.055124 0.437264 0.445204 1 6 1.000000
  6 -3.571820 -0.950477 68.079414 0.696793 -0.702376 -0.145422 0.445529 0.444517 1 6 1.000000
  6 -3.751061 -1.081049 68.287506 0.465794 -0.311852 0.828121 0.436357 0.455805 1 6 1.000000
blank
  6 -3.558528 -0.839733 67.846725 0.772659 -0.604753 -0.193057 0.446756 0.435838 1 6 1.000000
  6 -3.428185 -0.793658 68.164803 0.278554 -0.912300 0.300194 0.454311 0.454097 1 6 1.000000
  6 -3.571820 -0.950477 68.079414 0.696793 -0.702376 -0.145422 0.445529 0.444517 1 6 1.000000
blank
  6 -3.571820 -0.950477 68.079414 0.696793 -0.702376 -0.145422 0.445529 0.444517 1 6 1.000000
  6 -3.728971 -1.104647 68.137619 0.648307 -0.759381 0.055124 0.437264 0.445204 1 6 1.000000
  6 -3.558528 -0.839733 67.846725 0.772659 -0.604753 -0.193057 0.446756 0.435838 1 6 1.000000
blank
  6 -3.545554 -0.718415 67.540092 0.492605 -0.698089 -0.519626 0.447508 0.416958 1 6 1.000000
  6 -3.428185 -0.793658 68.164803 0.278554 -0.912300 0.300194 0.454311 0.454097 1 6 1.000000
  6 -3.558528 -0.839733 67.846725 0.772659 -0.604753 -0.193057 0.446756 0.435838 1 6 1.000000
blank
  6 -3.728971 -1.104647 68.137619 0.648307 -0.759381 0.055124 0.437264 0.445204 1 6 1.000000
  6 -3.938876 -1.244864 68.161919 0.571738 -0.813459 0.106770 0.426258 0.445168 1 6 1.000000
  6 -3.707488 -1.056781 67.848915 0.717346 -0.684189 -0.131529 0.437686 0.436494 1 6 1.000000
blank
  6 -3.707488 -1.056781 67.848915 0.717346 -0.684189 -0.131529 0.437686 0.436494 1 6 1.000000
  6 -3.558528 -0.839733 67.846725 0.772659 -0.604753 -0.193057 0.446756 0.435838 1 6 1.000000
  6 -3.728971 -1.104647 68.137619 0.648307 -0.759381 0.055124 0.437264 0.445204 1 6 1.000000
blank
  6 -3.889366 -1.195812 67.824608 0.613068 -0.779101 -0.130958 0.427362 0.436000 1 6 1.000000
  6 -3.707488 -1.056781 67.848915 0.717346 -0.684189 -0.131529 0.437686 0.436494 1 6 1.000000
  6 -3.938876 -1.244864 68.161919 0.571738 -0.813459 0.106770 0.426258 0.445168 1 6 1.000000
blank
  6 -3.889366 -1.195812 67.824608 0.613068 -0.779101 -0.130958 0.427362 0.436000 1 6 1.000000
  6 -3.870468 -1.072386 67.503883 0.607921 -0.706098 -0.363121 0.427901 0.426454 1 6 1.000000
  6 -3.707488 -1.056781 67.848915 0.717346 -0.684189 -0.131529 0.437686 0.436494 1 6 1.000000
blank
  6 -3.707488 -1.056781 67.848915 0.717346 -0.684189 -0.131529 0.437686 0.436494 1 6 1.000000
  6 -3.870468 -1.072386 67.503883 0.607921 -0.706098 -0.363121 0.427901 0.426454 1 6 1.000000
  6 -3.712307 -0.963378 67.556084 0.698399 -0.641115 -0.318135 0.437456 0.427273 1 6 1.000000
blank
  6 -3.707488 -1.056781 67.848915 0.717346 -0.684189 -0.131529 0.437686 0.436494 1 6 1.000000
  6 -3.712307 -0.963378 67.556084 0.698399 -0.641115 -0.318135 0.437456 0.427273 1 6 1.000000
  6 -3.558528 -0.839733 67.846725 0.772659 -0.604753 -0.193057 0.446756 0.435838 1 6 1.000000
blank
  6 -3.875997 -0.968661 67.355782 0.492793 -0.314702 -0.811244 0.428814 0.419046 1 6 1.000000
  6 -3.712307 -0.963378 67.556084 0.698399 -0.641115 -0.318135 0.437456 0.427273 1 6 1.000000
  6 -3.870468 -1.072386 67.503883 0.607921 -0.706098 -0.363121 0.427901 0.426454 1 6 1.000000
blank
  6 -3.558528 -0.839733 67.846725 0.772659 -0.604753 -0.193057 0.446756 0.435838 1 6 1.000000
  6 -3.712307 -0.963378 67.556084 0.698399 -0.641115 -0.318135 0.437456 0.427273 1 6 1.000000
  6 -3.608614 -0.845656 67.616882 0.796420 -0.561006 -0.225803 0.445014 0.428653 1 6 1.000000
blank
  6 -3.558528 -0.839733 67.846725 0.772659 -0.604753 -0.193057 0.446756 0.435838 1 6 1.000000
  6 -3.608614 -0.845656 67.616882 0.796420 -0.561006 -0.225803 0.445014 0.428653 1 6 1.000000
  6 -3.545554 -0.718415 67.540092 0.492605 -0.698089 -0.519626 0.447508 0.416958 1 6 1.000000
blank
  6 -3.716874 -0.861054 67.397217 0.373050 0.098773 -0.922539 0.437122 0.419681 1 6 1.000000
  6 -3.608614 -0.845656 67.616882 0.796420 -0.561006 -0.225803 0.445014 0.428653 1 6 1.000000
  6 -3.712307 -0.963378 67.556084 0.698399 -0.641115 -0.318135 0.437456 0.427273 1 6 1.000000
blank
  6 -3.716874 -0.861054 67.397217 0.373050 0.098773 -0.922539 0.437122 0.419681 1 6 1.000000
  6 -3.712307 -0.963378 67.556084 0.698399 -0.641115 -0.318135 0.437456 0.427273 1 6 1.000000
  6 -3.875997 -0.968661 67.355782 0.492793 -0.314702 -0.811244 0.428814 0.419046 1 6 1.000000
blank
  6 -3.716874 -0.861054 67.397217 0.373050 0.098773 -0.922539 0.437122 0.419681 1 6 1.000000
  6 -3.545554 -0.718415 67.540092 0.492605 -0.698089 -0.519626 0.447508 0.416958 1 6 1.000000
  6 -3.608614 -0.845656 67.616882 0.796420 -0.561006 -0.225803 0.445014 0.428653 1 6 1.000000
blank
  6 -3.723799 -0.749775 67.531075 0.030365 -0.078393 -0.996460 0.437296 0.415573 1 6 1.000000
  6 -3.716874 -0.861054 67.397217 0.373050 0.098773 -0.922539 0.437122 0.419681 1 6 1.000000
  6 -3.875997 -0.968661 67.355782 0.492793 -0.314702 -0.811244 0.428814 0.419046 1 6 1.000000
blank
  6 -3.716874 -0.861054 67.397217 0.373050 0.098773 -0.922539 0.437122 0.419681 1 6 1.000000
  6 -3.723799 -0.749775 67.531075 0.030365 -0.078393 -0.996460 0.437296 0.415573 1 6 1.000000
  6 -3.545554 -0.718415 67.540092 0.492605 -0.698089 -0.519626 0.447508 0.416958 1 6 1.000000
blank
  6 -3.875997 -0.968661 67.355782 0.492793 -0.314702 -0.811244 0.428814 0.419046 1 6 1.000000
  6 -3.842686 -0.779594 67.506615 0.176473 0.099637 -0.979250 0.429244 0.414117 1 6 1.000000
  6 -3.723799 -0.749775 67.531075 0.030365 -0.078393 -0.996460 0.437296 0.415573 1 6 1.000000
blank
  6 -3.842686 -0.779594 67.506615 0.176473 0.099637 -0.979250 0.429244 0.414117 1 6 1.000000
  6 -3.849068 -0.661656 67.399834 0.018197 -0.870323 -0.492146 0.429916 0.408313 1 6 1.000000
  6 -3.723799 -0.749775 67.531075 0.030365 -0.078393 -0.996460 0.437296 0.415573 1 6 1.000000
blank
  6 -3.723799 -0.749775 67.531075 0.030365 -0.078393 -0.996460 0.437296 0.415573 1 6 1.000000
  6 -3.849068 -0.661656 67.399834 0.018197 -0.870323 -0.492146 0.429916 0.408313 1 6 1.000000
  6 -3.697974 -0.673288 67.402519 0.020982 -0.906381 -0.421939 0.437900 0.410590 1 6 1.000000
blank
  6 -3.723799 -0.749775 67.531075 0.030365 -0.078393 -0.996460 0.437296 0.415573 1 6 1.000000
  6 -3.697974 -0.673288 67.402519 0.020982 -0.906381 -0.421939 0.437900 0.410590 1 6 1.000000
  6 -3.545554 -0.718415 67.540092 0.492605 -0.698089 -0.519626 0.447508 0.416958 1 6 1.000000
blank
  6 -3.836329 -0.585939 67.197922 -0.083627 -0.979201 -0.184856 0.430654 0.395913 1 6 1.000000
  6 -3.697974 -0.673288 67.402519 0.020982 -0.906381 -0.421939 0.437900 0.410590 1 6 1.000000
  6 -3.849068 -0.661656 67.399834 0.018197 -0.870323 -0.492146 0.429916 0.408313 1 6 1.000000
blank
  6 -3.652586 -0.608805 67.245567 -0.221663 -0.954646 -0.198789 0.441304 0.398877 1 6 1.000000
  6 -3.545554 -0.718415 67.540092 0.492605 -0.698089 -0.519626 0.447508 0.416958 1 6 1.000000
  6 -3.697974 -0.673288 67.402519 0.020982 -0.906381 -0.421939 0.437900 0.410590 1 6 1.000000
blank
  6 -3.652586 -0.608805 67.245567 -0.221663 -0.954646 -0.198789 0.441304 0.398877 1 6 1.000000
  6 -3.697974 -0.673288 67.402519 0.020982 -0.906381 -0.421939 0.437900 0.410590 1 6 1.000000
  6 -3.836329 -0.585939 67.197922 -0.083627 -0.979201 -0.184856 0.430654 0.395913 1 6 1.000000
blank
  6 -3.652586 -0.608805 67.245567 -0.221663 -0.954646 -0.198789 0.441304 0.398877 1 6 1.000000
  6 -3.593672 -0.614324 67.085831 -0.387718 -0.921735 -0.008860 0.444719 0.389572 1 6 1.000000
  6 -3.545554 -0.718415 67.540092 0.492605 -0.698089 -0.519626 0.447508 0.416958 1 6 1.000000
blank
  6 -3.652586 -0.608805 67.245567 -0.221663 -0.954646 -0.198789 0.441304 0.398877 1 6 1.000000
  6 -3.836329 -0.585939 67.197922 -0.083627 -0.979201 -0.184856 0.430654 0.395913 1 6 1.000000
  6 -3.593672 -0.614324 67.085831 -0.387718 -0.921735 -0.008860 0.444719 0.389572 1 6 1.000000
blank
  6 -3.774844 -0.591029 67.012070 -0.150259 -0.983161 0.104004 0.434218 0.385076 1 6 1.000000
  6 -3.593672 -0.614324 67.085831 -0.387718 -0.921735 -0.008860 0.444719 0.389572 1 6 1.000000
  6 -3.836329 -0.585939 67.197922 -0.083627 -0.979201 -0.184856 0.430654 0.395913 1 6 1.000000
blank
  6 -3.510828 -0.661110 66.923592 0.086420 -0.847829 0.523181 0.449521 0.380438 1 6 1.000000
  6 -3.545554 -0.718415 67.540092 0.492605 -0.698089 -0.519626 0.447508 0.416958 1 6 1.000000
  6 -3.593672 -0.614324 67.085831 -0.387718 -0.921735 -0.008860 0.444719 0.389572 1 6 1.000000
blank
  6 -3.593672 -0.614324 67.085831 -0.387718 -0.921735 -0.008860 0.444719 0.389572 1 6 1.000000
  6 -3.774844 -0.591029 67.012070 -0.150259 -0.983161 0.104004 0.434218 0.385076 1 6 1.000000
  6 -3.510828 -0.661110 66.923592 0.086420 -0.847829 0.523181 0.449521 0.380438 1 6 1.000000
blank
  6 -3.652075 -0.674631 66.796661 -0.585078 -0.417137 0.695471 0.441334 0.373115 1 6 1.000000
  6 -3.510828 -0.661110 66.923592 0.086420 -0.847829 0.523181 0.449521 0.380438 1 6 1.000000
  6 -3.774844 -0.591029 67.012070 -0.150259 -0.983161 0.104004 0.434218 0.385076 1 6 1.000000
blank
  6 -3.652075 -0.674631 66.796661 -0.585078 -0.417137 0.695471 0.441334 0.373115 1 6 1.000000
  6 -3.652074 -0.843500 66.962891 0.228356 0.032801 0.973025 0.446945 0.372084 1 6 1.000000
  6 -3.510828 -0.661110 66.923592 0.086420 -0.847829 0.523181 0.449521 0.380438 1 6 1.000000
blank
  6 -3.652074 -0.843500 66.962891 0.228356 0.032801 0.973025 0.446945 0.372084 1 6 1.000000
  6 -3.276488 -0.608408 66.356262 0.788033 -0.551149 0.274296 0.463104 0.346832 1 6 1.000000
  6 -3.510828 -0.661110 66.923592 0.086420 -0.847829 0.523181 0.449521 0.380438 1 6 1.000000
blank
  6 0.000012 -0.806676 70.351204 0.011676 -0.048786 -0.998741 0.689030 0.712089 1 6 1.000000
  6 -0.403732 -0.806775 70.346596 0.094179 -0.049233 -0.994337 0.669508 0.712089 1 6 1.000000
  6 -0.432199 0.139169 70.297073 -0.139898 0.927349 -0.347061 0.668132 0.658854 1 6 1.000000
blank
  6 -0.432199 0.139169 70.297073 -0.139898 0.927349 -0.347061 0.668132 0.658854 1 6 1.000000
  6 0.000014 0.216647 70.307274 -0.158563 0.934089 -0.319900 0.689030 0.653977 1 6 1.000000
  6 0.000012 -0.806676 70.351204 0.011676 -0.048786 -0.998741 0.689030 0.712089 1 6 1.000000
blank
  6 -0.432199 0.139169 70.297073 -0.139898 0.927349 -0.347061 0.668132 0.658854 1 6 1.000000
  6 -0.480226 -0.067064 70.465805 -0.174913 0.449592 0.875941 0.665810 0.666058 1 6 1.000000
  6 0.000014 0.216647 70.307274 -0.158563 0.934089 -0.319900 0.689030 0.653977 1 6 1.000000
blank
  6 -0.480226 -0.067064 70.465805 -0.174913 0.449592 0.875941 0.665810 0.666058 1 6 1.000000
  6 0.000014 0.004123 70.489082 -0.110684 0.458378 0.881838 0.689030 0.661415 1 6 1.000000
  6 0.000014 0.216647 70.307274 -0.158563 0.934089 -0.319900 0.689030 0.653977 1 6 1.000000
blank
  6 0.000013 -0.845022 70.677162 -0.039536 -0.183794 0.982169 0.689030 0.712089 1 6 1.000000
  6 0.000014 0.004123 70.489082 -0.110684 0.458378 0.881838 0.689030 0.661415 1 6 1.000000
  6 -0.480226 -0.067064 70.465805 -0.174913 0.449592 0.875941 0.665810 0.666058 1 6 1.000000
blank
  6 -1.233367 -1.275200 70.219849 0.048519 -0.984319 -0.169594 0.629393 0.736497 1 6 1.000000
  6 -0.432199 0.139169 70.297073 -0.139898 0.927349 -0.347061 0.668132 0.658854 1 6 1.000000
  6 -0.403732 -0.806775 70.346596 0.094179 -0.049233 -0.994337 0.669508 0.712089 1 6 1.000000
blank
  6 -0.480226 -0.067064 70.465805 -0.174913 0.449592 0.875941 0.665810 0.666058 1 6 1.000000
  6 -0.447565 -0.845252 70.666412 -0.132492 -0.188482 0.973098 0.667389 0.712089 1 6 1.000000
  6 0.000013 -0.845022 70.677162 -0.039536 -0.183794 0.982169 0.689030 0.712089 1 6 1.000000
blank
  6 -0.403732 -0.806775 70.346596 0.094179 -0.049233 -0.994337 0.669508 0.712089 1 6 1.000000
  6 -0.388990 -1.296605 70.372253 -0.007149 -0.984631 -0.174502 0.670221 0.736497 1 6 1.000000
  6 -1.233367 -1.275200 70.219849 0.048519 -0.984319 -0.169594 0.629393 0.736497 1 6 1.000000
blank
  6 0.000012 -0.806676 70.351204 0.011676 -0.048786 -0.998741 0.689030 0.712089 1 6 1.000000
  6 -0.388990 -1.296605 70.372253 -0.007149 -0.984631 -0.174502 0.670221 0.736497 1 6 1.000000
  6 -0.403732 -0.806775 70.346596 0.094179 -0.049233 -0.994337 0.669508 0.712089 1 6 1.000000
blank
  6 -0.447565 -0.845252 70.666412 -0.132492 -0.188482 0.973098 0.667389 0.712089 1 6 1.000000
  6 -0.432208 -1.151315 70.446472 -0.113296 -0.522666 0.844976 0.668131 0.729523 1 6 1.000000
  6 0.000013 -0.845022 70.677162 -0.039536 -0.183794 0.982169 0.689030 0.712089 1 6 1.000000
blank
  6 0.000013 -0.845022 70.677162 -0.039536 -0.183794 0.982169 0.689030 0.712089 1 6 1.000000
  6 -0.432208 -1.151315 70.446472 -0.113296 -0.522666 0.844976 0.668131 0.729523 1 6 1.000000
  6 0.000012 -1.154670 70.464088 -0.024174 -0.545456 0.837791 0.689030 0.729523 1 6 1.000000
blank
  6 -0.432208 -1.151315 70.446472 -0.113296 -0.522666 0.844976 0.668131 0.729523 1 6 1.000000
  6 -0.388990 -1.296605 70.372253 -0.007149 -0.984631 -0.174502 0.670221 0.736497 1 6 1.000000
  6 0.000012 -1.154670 70.464088 -0.024174 -0.545456 0.837791 0.689030 0.729523 1 6 1.000000
blank
  6 -0.388990 -1.296605 70.372253 -0.007149 -0.984631 -0.174502 0.670221 0.736497 1 6 1.000000
  6 0.000012 -1.296606 70.372253 -0.000002 -0.964917 -0.262556 0.689030 0.736497 1 6 1.000000
  6 0.000012 -1.154670 70.464088 -0.024174 -0.545456 0.837791 0.689030 0.729523 1 6 1.000000
blank
  6 0.000012 -0.806676 70.351204 0.011676 -0.048786 -0.998741 0.689030 0.712089 1 6 1.000000
  6 0.000012 -1.296606 70.372253 -0.000002 -0.964917 -0.262556 0.689030 0.736497 1 6 1.000000
  6 -0.388990 -1.296605 70.372253 -0.007149 -0.984631 -0.174502 0.670221 0.736497 1 6 1.000000
blank
  6 -0.432208 -1.151315 70.446472 -0.113296 -0.522666 0.844976 0.668131 0.729523 1 6 1.000000
  6 -1.233367 -1.275200 70.219849 0.048519 -0.984319 -0.169594 0.629393 0.736497 1 6 1.000000
  6 -0.388990 -1.296605 70.372253 -0.007149 -0.984631 -0.174502 0.670221 0.736497 1 6 1.000000
blank
  6 0.000012 -1.296606 70.372253 -0.000002 -0.964917 -0.262556 0.689030 0.736497 1 6 1.000000
  6 0.000012 -0.806676 70.351204 0.011676 -0.048786 -0.998741 0.689030 0.712089 1 6 1.000000
  6 0.389014 -1.296606 70.372253 0.007146 -0.984631 -0.174501 0.670221 0.736497 1 6 1.000000
blank
  6 0.000012 -1.296606 70.372253 -0.000002 -0.964917 -0.262556 0.689030 0.736497 1 6 1.000000
  6 0.389014 -1.296606 70.372253 0.007146 -0.984631 -0.174501 0.670221 0.736497 1 6 1.000000
  6 0.000012 -1.154670 70.464088 0.024179 -0.545456 0.837790 0.689030 0.729523 1 6 1.000000
blank
  6 -0.962619 -0.818548 70.537560 -0.258513 -0.132334 0.956900 0.642485 0.712089 1 6 1.000000
  6 -0.432208 -1.151315 70.446472 -0.113296 -0.522666 0.844976 0.668131 0.729523 1 6 1.000000
  6 -0.447565 -0.845252 70.666412 -0.132492 -0.188482 0.973098 0.667389 0.712089 1 6 1.000000
blank
  6 -0.447565 -0.845252 70.666412 -0.132492 -0.188482 0.973098 0.667389 0.712089 1 6 1.000000
  6 -0.480226 -0.067064 70.465805 -0.174913 0.449592 0.875941 0.665810 0.666058 1 6 1.000000
  6 -0.962619 -0.818548 70.537560 -0.258513 -0.132334 0.956900 0.642485 0.712089 1 6 1.000000
blank
  6 -0.962619 -0.818548 70.537560 -0.258513 -0.132334 0.956900 0.642485 0.712089 1 6 1.000000
  6 -1.307251 -1.131763 70.299347 -0.362562 -0.451141 0.815488 0.625821 0.729523 1 6 1.000000
  6 -0.432208 -1.151315 70.446472 -0.113296 -0.522666 0.844976 0.668131 0.729523 1 6 1.000000
blank
  6 -0.432208 -1.151315 70.446472 -0.113296 -0.522666 0.844976 0.668131 0.729523 1 6 1.000000
  6 -1.307251 -1.131763 70.299347 -0.362562 -0.451141 0.815488 0.625821 0.729523 1 6 1.000000
  6 -1.233367 -1.275200 70.219849 0.048519 -0.984319 -0.169594 0.629393 0.736497 1 6 1.000000
blank
  6 -0.962619 -0.818548 70.537560 -0.258513 -0.132334 0.956900 0.642485 0.712089 1 6 1.000000
  6 -0.480226 -0.067064 70.465805 -0.174913 0.449592 0.875941 0.665810 0.666058 1 6 1.000000
  6 -1.352855 -0.224278 70.301018 -0.369262 0.381229 0.847532 0.623616 0.676164 1 6 1.000000
blank
  6 -0.432199 0.139169 70.297073 -0.139898 0.927349 -0.347061 0.668132 0.658854 1 6 1.000000
  6 -1.352855 -0.224278 70.301018 -0.369262 0.381229 0.847532 0.623616 0.676164 1 6 1.000000
  6 -0.480226 -0.067064 70.465805 -0.174913 0.449592 0.875941 0.665810 0.666058 1 6 1.000000
blank
  6 -1.325471 -0.786577 70.391357 -0.444261 -0.062263 0.893731 0.624940 0.712089 1 6 1.000000
  6 -1.307251 -1.131763 70.299347 -0.362562 -0.451141 0.815488 0.625821 0.729523 1 6 1.000000
  6 -0.962619 -0.818548 70.537560 -0.258513 -0.132334 0.956900 0.642485 0.712089 1 6 1.000000
blank
  6 -0.962619 -0.818548 70.537560 -0.258513 -0.132334 0.956900 0.642485 0.712089 1 6 1.000000
  6 -1.352855 -0.224278 70.301018 -0.369262 0.381229 0.847532 0.623616 0.676164 1 6 1.000000
  6 -1.325471 -0.786577 70.391357 -0.444261 -0.062263 0.893731 0.624940 0.712089 1 6 1.000000
blank
  6 -1.321093 -0.021630 70.144890 -0.028900 0.961181 -0.274402 0.625152 0.669033 1 6 1.000000
  6 -0.432199 0.139169 70.297073 -0.139898 0.927349 -0.347061 0.668132 0.658854 1 6 1.000000
  6 -1.233367 -1.275200 70.219849 0.048519 -0.984319 -0.169594 0.629393 0.736497 1 6 1.000000
blank
  6 -0.432199 0.139169 70.297073 -0.139898 0.927349 -0.347061 0.668132 0.658854 1 6 1.000000
  6 -1.321093 -0.021630 70.144890 -0.028900 0.961181 -0.274402 0.625152 0.669033 1 6 1.000000
  6 -1.352855 -0.224278 70.301018 -0.369262 0.381229 0.847532 0.623616 0.676164 1 6 1.000000
blank
  6 -1.307251 -1.131763 70.299347 -0.362562 -0.451141 0.815488 0.625821 0.729523 1 6 1.000000
  6 -1.904801 -1.213840 69.820641 0.129400 -0.945095 -0.300086 0.596928 0.736497 1 6 1.000000
  6 -1.233367 -1.275200 70.219849 0.048519 -0.984319 -0.169594 0.629393 0.736497 1 6 1.000000
blank
  6 -1.233367 -1.275200 70.219849 0.048519 -0.984319 -0.169594 0.629393 0.736497 1 6 1.000000
  6 -1.904801 -1.213840 69.820641 0.129400 -0.945095 -0.300086 0.596928 0.736497 1 6 1.000000
  6 -1.321093 -0.021630 70.144890 -0.028900 0.961181 -0.274402 0.625152 0.669033 1 6 1.000000
blank
  6 -2.020560 -1.071955 69.899712 -0.568727 -0.405695 0.715515 0.591331 0.729523 1 6 1.000000
  6 -1.307251 -1.131763 70.299347 -0.362562 -0.451141 0.815488 0.625821 0.729523 1 6 1.000000
  6 -1.325471 -0.786577 70.391357 -0.444261 -0.062263 0.893731 0.624940 0.712089 1 6 1.000000
blank
  6 -1.307251 -1.131763 70.299347 -0.362562 -0.451141 0.815488 0.625821 0.729523 1 6 1.000000
  6 -2.020560 -1.071955 69.899712 -0.568727 -0.405695 0.715515 0.591331 0.729523 1 6 1.000000
  6 -1.904801 -1.213840 69.820641 0.129400 -0.945095 -0.300086 0.596928 0.736497 1 6 1.000000
blank
  6 -1.325471 -0.786577 70.391357 -0.444261 -0.062263 0.893731 0.624940 0.712089 1 6 1.000000
  6 -1.352855 -0.224278 70.301018 -0.369262 0.381229 0.847532 0.623616 0.676164 1 6 1.000000
  6 -2.096887 -0.279309 69.889610 -0.570399 0.294595 0.766719 0.587640 0.684354 1 6 1.000000
blank
  6 -1.321093 -0.021630 70.144890 -0.028900 0.961181 -0.274402 0.625152 0.669033 1 6 1.000000
  6 -2.096887 -0.279309 69.889610 -0.570399 0.294595 0.766719 0.587640 0.684354 1 6 1.000000
  6 -1.352855 -0.224278 70.301018 -0.369262 0.381229 0.847532 0.623616 0.676164 1 6 1.000000
blank
  6 -2.096887 -0.279309 69.889610 -0.570399 0.294595 0.766719 0.587640 0.684354 1 6 1.000000
  6 -2.020560 -1.071955 69.899712 -0.568727 -0.405695 0.715515 0.591331 0.729523 1 6 1.000000
  6 -1.325471 -0.786577 70.391357 -0.444261 -0.062263 0.893731 0.624940 0.712089 1 6 1.000000
blank
  6 -2.020553 -0.084649 69.765579 0.104538 0.966567 -0.234135 0.591331 0.677338 1 6 1.000000
  6 -1.321093 -0.021630 70.144890 -0.028900 0.961181 -0.274402 0.625152 0.669033 1 6 1.000000
  6 -1.904801 -1.213840 69.820641 0.129400 -0.945095 -0.300086 0.596928 0.736497 1 6 1.000000
blank
  6 -1.321093 -0.021630 70.144890 -0.028900 0.961181 -0.274402 0.625152 0.669033 1 6 1.000000
  6 -2.020553 -0.084649 69.765579 0.104538 0.966567 -0.234135 0.591331 0.677338 1 6 1.000000
  6 -2.096887 -0.279309 69.889610 -0.570399 0.294595 0.766719 0.587640 0.684354 1 6 1.000000
blank
  6 -2.020560 -1.071955 69.899712 -0.568727 -0.405695 0.715515 0.591331 0.729523 1 6 1.000000
  6 -2.501756 -1.133637 69.290321 0.233526 -0.901515 -0.364329 0.568064 0.736497 1 6 1.000000
  6 -1.904801 -1.213840 69.820641 0.129400 -0.945095 -0.300086 0.596928 0.736497 1 6 1.000000
blank
  6 -1.904801 -1.213840 69.820641 0.129400 -0.945095 -0.300086 0.596928 0.736497 1 6 1.000000
  6 -2.501756 -1.133637 69.290321 0.233526 -0.901515 -0.364329 0.568064 0.736497 1 6 1.000000
  6 -2.020553 -0.084649 69.765579 0.104538 0.966567 -0.234135 0.591331 0.677338 1 6 1.000000
blank
  6 -2.096887 -0.279309 69.889610 -0.570399 0.294595 0.766719 0.587640 0.684354 1 6 1.000000
  6 -2.650725 -0.994967 69.374138 -0.670043 -0.435188 0.601377 0.560861 0.729523 1 6 1.000000
  6 -2.020560 -1.071955 69.899712 -0.568727 -0.405695 0.715515 0.591331 0.729523 1 6 1.000000
blank
  6 -2.020560 -1.071955 69.899712 -0.568727 -0.405695 0.715515 0.591331 0.729523 1 6 1.000000
  6 -2.650725 -0.994967 69.374138 -0.670043 -0.435188 0.601377 0.560861 0.729523 1 6 1.000000
  6 -2.501756 -1.133637 69.290321 0.233526 -0.901515 -0.364329 0.568064 0.736497 1 6 1.000000
blank
  6 -2.020553 -0.084649 69.765579 0.104538 0.966567 -0.234135 0.591331 0.677338 1 6 1.000000
  6 -2.718237 -0.269223 69.338531 -0.688929 0.238395 0.684503 0.557597 0.690178 1 6 1.000000
  6 -2.096887 -0.279309 69.889610 -0.570399 0.294595 0.766719 0.587640 0.684354 1 6 1.000000
blank
  6 -2.096887 -0.279309 69.889610 -0.570399 0.294595 0.766719 0.587640 0.684354 1 6 1.000000
  6 -2.718237 -0.269223 69.338531 -0.688929 0.238395 0.684503 0.557597 0.690178 1 6 1.000000
  6 -2.650725 -0.994967 69.374138 -0.670043 -0.435188 0.601377 0.560861 0.729523 1 6 1.000000
blank
  6 -2.626464 -0.100498 69.291489 0.132909 0.986249 -0.098222 0.562034 0.683855 1 6 1.000000
  6 -2.020553 -0.084649 69.765579 0.104538 0.966567 -0.234135 0.591331 0.677338 1 6 1.000000
  6 -2.501756 -1.133637 69.290321 0.233526 -0.901515 -0.364329 0.568064 0.736497 1 6 1.000000
blank
  6 -2.020553 -0.084649 69.765579 0.104538 0.966567 -0.234135 0.591331 0.677338 1 6 1.000000
  6 -2.626464 -0.100498 69.291489 0.132909 0.986249 -0.098222 0.562034 0.683855 1 6 1.000000
  6 -2.718237 -0.269223 69.338531 -0.688929 0.238395 0.684503 0.557597 0.690178 1 6 1.000000
blank
  6 -2.650725 -0.994967 69.374138 -0.670043 -0.435188 0.601377 0.560861 0.729523 1 6 1.000000
  6 -2.999181 -1.051702 68.715530 0.209948 -0.916198 -0.341324 0.544012 0.736497 1 6 1.000000
  6 -2.501756 -1.133637 69.290321 0.233526 -0.901515 -0.364329 0.568064 0.736497 1 6 1.000000
blank
  6 -2.501756 -1.133637 69.290321 0.233526 -0.901515 -0.364329 0.568064 0.736497 1 6 1.000000
  6 -2.999181 -1.051702 68.715530 0.209948 -0.916198 -0.341324 0.544012 0.736497 1 6 1.000000
  6 -2.626464 -0.100498 69.291489 0.132909 0.986249 -0.098222 0.562034 0.683855 1 6 1.000000
blank
  6 -2.718237 -0.269223 69.338531 -0.688929 0.238395 0.684503 0.557597 0.690178 1 6 1.000000
  6 -3.127325 -0.912681 68.786758 -0.795572 -0.432526 0.424248 0.537816 0.729523 1 6 1.000000
  6 -2.650725 -0.994967 69.374138 -0.670043 -0.435188 0.601377 0.560861 0.729523 1 6 1.000000
blank
  6 -2.650725 -0.994967 69.374138 -0.670043 -0.435188 0.601377 0.560861 0.729523 1 6 1.000000
  6 -3.127325 -0.912681 68.786758 -0.795572 -0.432526 0.424248 0.537816 0.729523 1 6 1.000000
  6 -2.999181 -1.051702 68.715530 0.209948 -0.916198 -0.341324 0.544012 0.736497 1 6 1.000000
blank
  6 -2.626464 -0.100498 69.291489 0.132909 0.986249 -0.098222 0.562034 0.683855 1 6 1.000000
  6 -3.187537 -0.238163 68.795219 -0.813733 0.185553 0.550826 0.534905 0.694624 1 6 1.000000
  6 -2.718237 -0.269223 69.338531 -0.688929 0.238395 0.684503 0.557597 0.690178 1 6 1.000000
blank
  6 -2.718237 -0.269223 69.338531 -0.688929 0.238395 0.684503 0.557597 0.690178 1 6 1.000000
  6 -3.187537 -0.238163 68.795219 -0.813733 0.185553 0.550826 0.534905 0.694624 1 6 1.000000
  6 -3.127325 -0.912681 68.786758 -0.795572 -0.432526 0.424248 0.537816 0.729523 1 6 1.000000
blank
  6 -3.086118 -0.062584 68.783875 0.146512 0.986835 0.068490 0.539809 0.687462 1 6 1.000000
  6 -2.626464 -0.100498 69.291489 0.132909 0.986249 -0.098222 0.562034 0.683855 1 6 1.000000
  6 -2.999181 -1.051702 68.715530 0.209948 -0.916198 -0.341324 0.544012 0.736497 1 6 1.000000
blank
  6 -2.626464 -0.100498 69.291489 0.132909 0.986249 -0.098222 0.562034 0.683855 1 6 1.000000
  6 -3.086118 -0.062584 68.783875 0.146512 0.986835 0.068490 0.539809 0.687462 1 6 1.000000
  6 -3.187537 -0.238163 68.795219 -0.813733 0.185553 0.550826 0.534905 0.694624 1 6 1.000000
blank
  6 -3.127325 -0.912681 68.786758 -0.795572 -0.432526 0.424248 0.537816 0.729523 1 6 1.000000
  6 -3.256499 -0.902369 68.119423 0.440899 -0.853678 -0.277202 0.511261 0.736497 1 6 1.000000
  6 -2.999181 -1.051702 68.715530 0.209948 -0.916198 -0.341324 0.544012 0.736497 1 6 1.000000
blank
  6 -2.999181 -1.051702 68.715530 0.209948 -0.916198 -0.341324 0.544012 0.736497 1 6 1.000000
  6 -3.256499 -0.902369 68.119423 0.440899 -0.853678 -0.277202 0.511261 0.736497 1 6 1.000000
  6 -3.086118 -0.062584 68.783875 0.146512 0.986835 0.068490 0.539809 0.687462 1 6 1.000000
blank
  6 -3.187537 -0.238163 68.795219 -0.813733 0.185553 0.550826 0.534905 0.694624 1 6 1.000000
  6 -3.428185 -0.793658 68.164803 -0.831499 -0.516650 0.204161 0.502959 0.729523 1 6 1.000000
  6 -3.127325 -0.912681 68.786758 -0.795572 -0.432526 0.424248 0.537816 0.729523 1 6 1.000000
blank
  6 -3.127325 -0.912681 68.786758 -0.795572 -0.432526 0.424248 0.537816 0.729523 1 6 1.000000
  6 -3.428185 -0.793658 68.164803 -0.831499 -0.516650 0.204161 0.502959 0.729523 1 6 1.000000
  6 -3.256499 -0.902369 68.119423 0.440899 -0.853678 -0.277202 0.511261 0.736497 1 6 1.000000
blank
  6 -3.086118 -0.062584 68.783875 0.146512 0.986835 0.068490 0.539809 0.687462 1 6 1.000000
  6 -3.498075 -0.188118 68.192482 -0.922113 0.227017 0.313322 0.499580 0.700655 1 6 1.000000
  6 -3.187537 -0.238163 68.795219 -0.813733 0.185553 0.550826 0.534905 0.694624 1 6 1.000000
blank
  6 -3.187537 -0.238163 68.795219 -0.813733 0.185553 0.550826 0.534905 0.694624 1 6 1.000000
  6 -3.498075 -0.188118 68.192482 -0.922113 0.227017 0.313322 0.499580 0.700655 1 6 1.000000
  6 -3.428185 -0.793658 68.164803 -0.831499 -0.516650 0.204161 0.502959 0.729523 1 6 1.000000
blank
  6 -3.355891 -0.004126 68.215057 0.175307 0.983490 0.044886 0.506455 0.692580 1 6 1.000000
  6 -3.086118 -0.062584 68.783875 0.146512 0.986835 0.068490 0.539809 0.687462 1 6 1.000000
  6 -3.256499 -0.902369 68.119423 0.440899 -0.853678 -0.277202 0.511261 0.736497 1 6 1.000000
blank
  6 -3.086118 -0.062584 68.783875 0.146512 0.986835 0.068490 0.539809 0.687462 1 6 1.000000
  6 -3.355891 -0.004126 68.215057 0.175307 0.983490 0.044886 0.506455 0.692580 1 6 1.000000
  6 -3.498075 -0.188118 68.192482 -0.922113 0.227017 0.313322 0.499580 0.700655 1 6 1.000000
blank
  6 -3.428185 -0.793658 68.164803 -0.831499 -0.516650 0.204161 0.502959 0.729523 1 6 1.000000
  6 -3.377584 -0.819915 67.513199 0.483640 -0.861223 -0.156164 0.479183 0.736497 1 6 1.000000
  6 -3.256499 -0.902369 68.119423 0.440899 -0.853678 -0.277202 0.511261 0.736497 1 6 1.000000
blank
  6 -3.256499 -0.902369 68.119423 0.440899 -0.853678 -0.277202 0.511261 0.736497 1 6 1.000000
  6 -3.377584 -0.819915 67.513199 0.483640 -0.861223 -0.156164 0.479183 0.736497 1 6 1.000000
  6 -3.355891 -0.004126 68.215057 0.175307 0.983490 0.044886 0.506455 0.692580 1 6 1.000000
blank
  6 -3.498075 -0.188118 68.192482 -0.922113 0.227017 0.313322 0.499580 0.700655 1 6 1.000000
  6 -3.545554 -0.718415 67.540092 -0.854266 -0.519825 -0.003410 0.471061 0.729523 1 6 1.000000
  6 -3.428185 -0.793658 68.164803 -0.831499 -0.516650 0.204161 0.502959 0.729523 1 6 1.000000
blank
  6 -3.428185 -0.793658 68.164803 -0.831499 -0.516650 0.204161 0.502959 0.729523 1 6 1.000000
  6 -3.545554 -0.718415 67.540092 -0.854266 -0.519825 -0.003410 0.471061 0.729523 1 6 1.000000
  6 -3.377584 -0.819915 67.513199 0.483640 -0.861223 -0.156164 0.479183 0.736497 1 6 1.000000
blank
  6 -3.355891 -0.004126 68.215057 0.175307 0.983490 0.044886 0.506455 0.692580 1 6 1.000000
  6 -3.605587 -0.138669 67.572296 -0.976036 0.208733 0.061510 0.468159 0.705128 1 6 1.000000
  6 -3.498075 -0.188118 68.192482 -0.922113 0.227017 0.313322 0.499580 0.700655 1 6 1.000000
blank
  6 -3.498075 -0.188118 68.192482 -0.922113 0.227017 0.313322 0.499580 0.700655 1 6 1.000000
  6 -3.605587 -0.138669 67.572296 -0.976036 0.208733 0.061510 0.468159 0.705128 1 6 1.000000
  6 -3.545554 -0.718415 67.540092 -0.854266 -0.519825 -0.003410 0.471061 0.729523 1 6 1.000000
blank
  6 -3.491598 0.059982 67.601273 0.102485 0.992125 0.072008 0.472302 0.698130 1 6 1.000000
  6 -3.355891 -0.004126 68.215057 0.175307 0.983490 0.044886 0.506455 0.692580 1 6 1.000000
  6 -3.377584 -0.819915 67.513199 0.483640 -0.861223 -0.156164 0.479183 0.736497 1 6 1.000000
blank
  6 -3.355891 -0.004126 68.215057 0.175307 0.983490 0.044886 0.506455 0.692580 1 6 1.000000
  6 -3.491598 0.059982 67.601273 0.102485 0.992125 0.072008 0.472302 0.698130 1 6 1.000000
  6 -3.605587 -0.138669 67.572296 -0.976036 0.208733 0.061510 0.468159 0.705128 1 6 1.000000
blank
  6 -3.545554 -0.718415 67.540092 -0.854266 -0.519825 -0.003410 0.471061 0.729523 1 6 1.000000
  6 -3.351990 -0.748902 66.960892 0.495224 -0.868645 -0.014451 0.449814 0.736497 1 6 1.000000
  6 -3.377584 -0.819915 67.513199 0.483640 -0.861223 -0.156164 0.479183 0.736497 1 6 1.000000
blank
  6 -3.377584 -0.819915 67.513199 0.483640 -0.861223 -0.156164 0.479183 0.736497 1 6 1.000000
  6 -3.351990 -0.748902 66.960892 0.495224 -0.868645 -0.014451 0.449814 0.736497 1 6 1.000000
  6 -3.491598 0.059982 67.601273 0.102485 0.992125 0.072008 0.472302 0.698130 1 6 1.000000
blank
  6 -3.605587 -0.138669 67.572296 -0.976036 0.208733 0.061510 0.468159 0.705128 1 6 1.000000
  6 -3.510828 -0.661110 66.923592 -0.815456 -0.519299 -0.255656 0.442134 0.729523 1 6 1.000000
  6 -3.545554 -0.718415 67.540092 -0.854266 -0.519825 -0.003410 0.471061 0.729523 1 6 1.000000
blank
  6 -3.545554 -0.718415 67.540092 -0.854266 -0.519825 -0.003410 0.471061 0.729523 1 6 1.000000
  6 -3.510828 -0.661110 66.923592 -0.815456 -0.519299 -0.255656 0.442134 0.729523 1 6 1.000000
  6 -3.351990 -0.748902 66.960892 0.495224 -0.868645 -0.014451 0.449814 0.736497 1 6 1.000000
blank
  6 -3.491598 0.059982 67.601273 0.102485 0.992125 0.072008 0.472302 0.698130 1 6 1.000000
  6 -3.542781 -0.094131 66.952713 -0.957328 0.206421 -0.202268 0.440589 0.707324 1 6 1.000000
  6 -3.605587 -0.138669 67.572296 -0.976036 0.208733 0.061510 0.468159 0.705128 1 6 1.000000
blank
  6 -3.605587 -0.138669 67.572296 -0.976036 0.208733 0.061510 0.468159 0.705128 1 6 1.000000
  6 -3.542781 -0.094131 66.952713 -0.957328 0.206421 -0.202268 0.440589 0.707324 1 6 1.000000
  6 -3.510828 -0.661110 66.923592 -0.815456 -0.519299 -0.255656 0.442134 0.729523 1 6 1.000000
blank
  6 -3.445189 0.105003 66.983330 0.089573 0.992896 0.078325 0.444395 0.700961 1 6 1.000000
  6 -3.491598 0.059982 67.601273 0.102485 0.992125 0.072008 0.472302 0.698130 1 6 1.000000
  6 -3.351990 -0.748902 66.960892 0.495224 -0.868645 -0.014451 0.449814 0.736497 1 6 1.000000
blank
  6 -3.491598 0.059982 67.601273 0.102485 0.992125 0.072008 0.472302 0.698130 1 6 1.000000
  6 -3.445189 0.105003 66.983330 0.089573 0.992896 0.078325 0.444395 0.700961 1 6 1.000000
  6 -3.542781 -0.094131 66.952713 -0.957328 0.206421 -0.202268 0.440589 0.707324 1 6 1.000000
blank
  6 -3.510828 -0.661110 66.923592 -0.815456 -0.519299 -0.255656 0.442134 0.729523 1 6 1.000000
  6 -3.150395 -0.653832 66.456573 0.665681 -0.742824 0.071287 0.420992 0.736497 1 6 1.000000
  6 -3.351990 -0.748902 66.960892 0.495224 -0.868645 -0.014451 0.449814 0.736497 1 6 1.000000
blank
  6 -3.351990 -0.748902 66.960892 0.495224 -0.868645 -0.014451 0.449814 0.736497 1 6 1.000000
  6 -3.150395 -0.653832 66.456573 0.665681 -0.742824 0.071287 0.420992 0.736497 1 6 1.000000
  6 -3.445189 0.105003 66.983330 0.089573 0.992896 0.078325 0.444395 0.700961 1 6 1.000000
blank
  6 -3.542781 -0.094131 66.952713 -0.957328 0.206421 -0.202268 0.440589 0.707324 1 6 1.000000
  6 -3.276488 -0.608408 66.356262 -0.600356 -0.637504 -0.482867 0.414895 0.729523 1 6 1.000000
  6 -3.510828 -0.661110 66.923592 -0.815456 -0.519299 -0.255656 0.442134 0.729523 1 6 1.000000
blank
  6 -3.510828 -0.661110 66.923592 -0.815456 -0.519299 -0.255656 0.442134 0.729523 1 6 1.000000
  6 -3.276488 -0.608408 66.356262 -0.600356 -0.637504 -0.482867 0.414895 0.729523 1 6 1.000000
  6 -3.150395 -0.653832 66.456573 0.665681 -0.742824 0.071287 0.420992 0.736497 1 6 1.000000
blank
  6 -3.445189 0.105003 66.983330 0.089573 0.992896 0.078325 0.444395 0.700961 1 6 1.000000
  6 -3.333315 -0.057349 66.356552 -0.873674 0.181365 -0.451442 0.412147 0.710979 1 6 1.000000
  6 -3.542781 -0.094131 66.952713 -0.957328 0.206421 -0.202268 0.440589 0.707324 1 6 1.000000
blank
  6 -3.542781 -0.094131 66.952713 -0.957328 0.206421 -0.202268 0.440589 0.707324 1 6 1.000000
  6 -3.333315 -0.057349 66.356552 -0.873674 0.181365 -0.451442 0.412147 0.710979 1 6 1.000000
  6 -3.276488 -0.608408 66.356262 -0.600356 -0.637504 -0.482867 0.414895 0.729523 1 6 1.000000
blank
  6 -3.270721 0.101564 66.409470 0.124001 0.989843 -0.069525 0.414718 0.705229 1 6 1.000000
  6 -3.445189 0.105003 66.983330 0.089573 0.992896 0.078325 0.444395 0.700961 1 6 1.000000
  6 -3.150395 -0.653832 66.456573 0.665681 -0.742824 0.071287 0.420992 0.736497 1 6 1.000000
blank
  6 -3.445189 0.105003 66.983330 0.089573 0.992896 0.078325 0.444395 0.700961 1 6 1.000000
  6 -3.270721 0.101564 66.409470 0.124001 0.989843 -0.069525 0.414718 0.705229 1 6 1.000000
  6 -3.333315 -0.057349 66.356552 -0.873674 0.181365 -0.451442 0.412147 0.710979 1 6 1.000000
blank
  6 -3.276488 -0.608408 66.356262 -0.600356 -0.637504 -0.482867 0.414895 0.729523 1 6 1.000000
  6 -2.938488 -0.413748 65.893471 0.533499 -0.246341 -0.809132 0.399103 0.729633 1 6 1.000000
  6 -3.150395 -0.653832 66.456573 0.665681 -0.742824 0.071287 0.420992 0.736497 1 6 1.000000
blank
  6 -3.333315 -0.057349 66.356552 -0.873674 0.181365 -0.451442 0.412147 0.710979 1 6 1.000000
  6 -2.938488 -0.413748 65.893471 0.533499 -0.246341 -0.809132 0.399103 0.729633 1 6 1.000000
  6 -3.276488 -0.608408 66.356262 -0.600356 -0.637504 -0.482867 0.414895 0.729523 1 6 1.000000
blank
  6 -3.270721 0.101564 66.409470 0.124001 0.989843 -0.069525 0.414718 0.705229 1 6 1.000000
  6 -3.150395 -0.653832 66.456573 0.665681 -0.742824 0.071287 0.420992 0.736497 1 6 1.000000
  6 -3.018061 -0.054880 65.906647 0.347024 0.503002 -0.791558 0.398850 0.711239 1 6 1.000000
blank
  6 -3.270721 0.101564 66.409470 0.124001 0.989843 -0.069525 0.414718 0.705229 1 6 1.000000
  6 -3.018061 -0.054880 65.906647 0.347024 0.503002 -0.791558 0.398850 0.711239 1 6 1.000000
  6 -3.333315 -0.057349 66.356552 -0.873674 0.181365 -0.451442 0.412147 0.710979 1 6 1.000000
blank
  6 -2.938488 -0.413748 65.893471 0.533499 -0.246341 -0.809132 0.399103 0.729633 1 6 1.000000
  6 -3.018061 -0.054880 65.906647 0.347024 0.503002 -0.791558 0.398850 0.711239 1 6 1.000000
  6 -3.150395 -0.653832 66.456573 0.665681 -0.742824 0.071287 0.420992 0.736497 1 6 1.000000
blank
  6 -3.333315 -0.057349 66.356552 -0.873674 0.181365 -0.451442 0.412147 0.710979 1 6 1.000000
  6 -3.018061 -0.054880 65.906647 0.347024 0.503002 -0.791558 0.398850 0.711239 1 6 1.000000
  6 -2.938488 -0.413748 65.893471 0.533499 -0.246341 -0.809132 0.399103 0.729633 1 6 1.000000
blank
  6 0.389014 -1.296606 70.372253 0.007146 -0.984631 -0.174501 0.670221 0.736497 1 6 1.000000
  6 0.432232 -1.151316 70.446472 0.113295 -0.522667 0.844976 0.668131 0.729523 1 6 1.000000
  6 0.000012 -1.154670 70.464088 0.024179 -0.545456 0.837790 0.689030 0.729523 1 6 1.000000
blank
  6 0.432232 -1.151316 70.446472 0.113295 -0.522667 0.844976 0.668131 0.729523 1 6 1.000000
  6 0.000013 -0.845022 70.677162 0.039536 -0.183794 0.982169 0.689030 0.712089 1 6 1.000000
  6 0.000012 -1.154670 70.464088 0.024179 -0.545456 0.837790 0.689030 0.729523 1 6 1.000000
blank
  6 1.233391 -1.275203 70.219849 -0.048515 -0.984319 -0.169595 0.629393 0.736497 1 6 1.000000
  6 0.432232 -1.151316 70.446472 0.113295 -0.522667 0.844976 0.668131 0.729523 1 6 1.000000
  6 0.389014 -1.296606 70.372253 0.007146 -0.984631 -0.174501 0.670221 0.736497 1 6 1.000000
blank
  6 0.432232 -1.151316 70.446472 0.113295 -0.522667 0.844976 0.668131 0.729523 1 6 1.000000
  6 0.447591 -0.845253 70.666412 0.132489 -0.188481 0.973099 0.667389 0.712089 1 6 1.000000
  6 0.000013 -0.845022 70.677162 0.039536 -0.183794 0.982169 0.689030 0.712089 1 6 1.000000
blank
  6 0.389014 -1.296606 70.372253 0.007146 -0.984631 -0.174501 0.670221 0.736497 1 6 1.000000
  6 0.403756 -0.806776 70.346596 -0.094174 -0.049233 -0.994338 0.669508 0.712089 1 6 1.000000
  6 1.233391 -1.275203 70.219849 -0.048515 -0.984319 -0.169595 0.629393 0.736497 1 6 1.000000
blank
  6 0.389014 -1.296606 70.372253 0.007146 -0.984631 -0.174501 0.670221 0.736497 1 6 1.000000
  6 0.000012 -0.806676 70.351204 0.011676 -0.048786 -0.998741 0.689030 0.712089 1 6 1.000000
  6 0.403756 -0.806776 70.346596 -0.094174 -0.049233 -0.994338 0.669508 0.712089 1 6 1.000000
blank
  6 0.403756 -0.806776 70.346596 -0.094174 -0.049233 -0.994338 0.669508 0.712089 1 6 1.000000
  6 0.000012 -0.806676 70.351204 0.011676 -0.048786 -0.998741 0.689030 0.712089 1 6 1.000000
  6 0.432227 0.139168 70.297073 0.139893 0.927350 -0.347061 0.668132 0.658854 1 6 1.000000
blank
  6 0.432227 0.139168 70.297073 0.139893 0.927350 -0.347061 0.668132 0.658854 1 6 1.000000
  6 1.233391 -1.275203 70.219849 -0.048515 -0.984319 -0.169595 0.629393 0.736497 1 6 1.000000
  6 0.403756 -0.806776 70.346596 -0.094174 -0.049233 -0.994338 0.669508 0.712089 1 6 1.000000
blank
  6 0.000014 0.216647 70.307274 0.158557 0.934090 -0.319899 0.689030 0.653977 1 6 1.000000
  6 0.432227 0.139168 70.297073 0.139893 0.927350 -0.347061 0.668132 0.658854 1 6 1.000000
  6 0.000012 -0.806676 70.351204 0.011676 -0.048786 -0.998741 0.689030 0.712089 1 6 1.000000
blank
  6 0.447591 -0.845253 70.666412 0.132489 -0.188481 0.973099 0.667389 0.712089 1 6 1.000000
  6 0.480254 -0.067065 70.465805 0.174911 0.449591 0.875942 0.665810 0.666058 1 6 1.000000
  6 0.000013 -0.845022 70.677162 0.039536 -0.183794 0.982169 0.689030 0.712089 1 6 1.000000
blank
  6 0.480254 -0.067065 70.465805 0.174911 0.449591 0.875942 0.665810 0.666058 1 6 1.000000
  6 0.432227 0.139168 70.297073 0.139893 0.927350 -0.347061 0.668132 0.658854 1 6 1.000000
  6 0.000014 0.216647 70.307274 0.158557 0.934090 -0.319899 0.689030 0.653977 1 6 1.000000
blank
  6 0.000014 0.004123 70.489082 0.110684 0.458378 0.881838 0.689030 0.661415 1 6 1.000000
  6 0.000013 -0.845022 70.677162 0.039536 -0.183794 0.982169 0.689030 0.712089 1 6 1.000000
  6 0.480254 -0.067065 70.465805 0.174911 0.449591 0.875942 0.665810 0.666058 1 6 1.000000
blank
  6 0.000014 0.004123 70.489082 0.110684 0.458378 0.881838 0.689030 0.661415 1 6 1.000000
  6 0.480254 -0.067065 70.465805 0.174911 0.449591 0.875942 0.665810 0.666058 1 6 1.000000
  6 0.000014 0.216647 70.307274 0.158557 0.934090 -0.319899 0.689030 0.653977 1 6 1.000000
blank
  6 0.480254 -0.067065 70.465805 0.174911 0.449591 0.875942 0.665810 0.666058 1 6 1.000000
  6 0.447591 -0.845253 70.666412 0.132489 -0.188481 0.973099 0.667389 0.712089 1 6 1.000000
  6 0.962645 -0.818551 70.537560 0.258512 -0.132335 0.956901 0.642485 0.712089 1 6 1.000000
blank
  6 0.432232 -1.151316 70.446472 0.113295 -0.522667 0.844976 0.668131 0.729523 1 6 1.000000
  6 0.962645 -0.818551 70.537560 0.258512 -0.132335 0.956901 0.642485 0.712089 1 6 1.000000
  6 0.447591 -0.845253 70.666412 0.132489 -0.188481 0.973099 0.667389 0.712089 1 6 1.000000
blank
  6 1.352881 -0.224281 70.301018 0.369265 0.381228 0.847531 0.623616 0.676164 1 6 1.000000
  6 0.432227 0.139168 70.297073 0.139893 0.927350 -0.347061 0.668132 0.658854 1 6 1.000000
  6 0.480254 -0.067065 70.465805 0.174911 0.449591 0.875942 0.665810 0.666058 1 6 1.000000
blank
  6 0.480254 -0.067065 70.465805 0.174911 0.449591 0.875942 0.665810 0.666058 1 6 1.000000
  6 0.962645 -0.818551 70.537560 0.258512 -0.132335 0.956901 0.642485 0.712089 1 6 1.000000
  6 1.352881 -0.224281 70.301018 0.369265 0.381228 0.847531 0.623616 0.676164 1 6 1.000000
blank
  6 1.307275 -1.131767 70.299347 0.362562 -0.451142 0.815487 0.625821 0.729523 1 6 1.000000
  6 0.962645 -0.818551 70.537560 0.258512 -0.132335 0.956901 0.642485 0.712089 1 6 1.000000
  6 0.432232 -1.151316 70.446472 0.113295 -0.522667 0.844976 0.668131 0.729523 1 6 1.000000
blank
  6 1.307275 -1.131767 70.299347 0.362562 -0.451142 0.815487 0.625821 0.729523 1 6 1.000000
  6 0.432232 -1.151316 70.446472 0.113295 -0.522667 0.844976 0.668131 0.729523 1 6 1.000000
  6 1.233391 -1.275203 70.219849 -0.048515 -0.984319 -0.169595 0.629393 0.736497 1 6 1.000000
blank
  6 1.352881 -0.224281 70.301018 0.369265 0.381228 0.847531 0.623616 0.676164 1 6 1.000000
  6 0.962645 -0.818551 70.537560 0.258512 -0.132335 0.956901 0.642485 0.712089 1 6 1.000000
  6 1.325497 -0.786581 70.391357 0.444264 -0.062263 0.893730 0.624940 0.712089 1 6 1.000000
blank
  6 1.307275 -1.131767 70.299347 0.362562 -0.451142 0.815487 0.625821 0.729523 1 6 1.000000
  6 1.325497 -0.786581 70.391357 0.444264 -0.062263 0.893730 0.624940 0.712089 1 6 1.000000
  6 0.962645 -0.818551 70.537560 0.258512 -0.132335 0.956901 0.642485 0.712089 1 6 1.000000
blank
  6 1.321121 -0.021633 70.144890 0.028911 0.961180 -0.274403 0.625152 0.669033 1 6 1.000000
  6 0.432227 0.139168 70.297073 0.139893 0.927350 -0.347061 0.668132 0.658854 1 6 1.000000
  6 1.352881 -0.224281 70.301018 0.369265 0.381228 0.847531 0.623616 0.676164 1 6 1.000000
blank
  6 0.432227 0.139168 70.297073 0.139893 0.927350 -0.347061 0.668132 0.658854 1 6 1.000000
  6 1.321121 -0.021633 70.144890 0.028911 0.961180 -0.274403 0.625152 0.669033 1 6 1.000000
  6 1.233391 -1.275203 70.219849 -0.048515 -0.984319 -0.169595 0.629393 0.736497 1 6 1.000000
blank
  6 1.352881 -0.224281 70.301018 0.369265 0.381228 0.847531 0.623616 0.676164 1 6 1.000000
  6 1.325497 -0.786581 70.391357 0.444264 -0.062263 0.893730 0.624940 0.712089 1 6 1.000000
  6 2.096913 -0.279314 69.889603 0.570399 0.294593 0.766720 0.587640 0.684354 1 6 1.000000
blank
  6 2.096913 -0.279314 69.889603 0.570399 0.294593 0.766720 0.587640 0.684354 1 6 1.000000
  6 1.321121 -0.021633 70.144890 0.028911 0.961180 -0.274403 0.625152 0.669033 1 6 1.000000
  6 1.352881 -0.224281 70.301018 0.369265 0.381228 0.847531 0.623616 0.676164 1 6 1.000000
blank
  6 1.307275 -1.131767 70.299347 0.362562 -0.451142 0.815487 0.625821 0.729523 1 6 1.000000
  6 2.020584 -1.071960 69.899712 0.568723 -0.405698 0.715516 0.591331 0.729523 1 6 1.000000
  6 1.325497 -0.786581 70.391357 0.444264 -0.062263 0.893730 0.624940 0.712089 1 6 1.000000
blank
  6 2.020584 -1.071960 69.899712 0.568723 -0.405698 0.715516 0.591331 0.729523 1 6 1.000000
  6 2.096913 -0.279314 69.889603 0.570399 0.294593 0.766720 0.587640 0.684354 1 6 1.000000
  6 1.325497 -0.786581 70.391357 0.444264 -0.062263 0.893730 0.624940 0.712089 1 6 1.000000
blank
  6 1.904825 -1.213845 69.820633 -0.129416 -0.945095 -0.300079 0.596928 0.736497 1 6 1.000000
  6 1.307275 -1.131767 70.299347 0.362562 -0.451142 0.815487 0.625821 0.729523 1 6 1.000000
  6 1.233391 -1.275203 70.219849 -0.048515 -0.984319 -0.169595 0.629393 0.736497 1 6 1.000000
blank
  6 2.020584 -1.071960 69.899712 0.568723 -0.405698 0.715516 0.591331 0.729523 1 6 1.000000
  6 1.307275 -1.131767 70.299347 0.362562 -0.451142 0.815487 0.625821 0.729523 1 6 1.000000
  6 1.904825 -1.213845 69.820633 -0.129416 -0.945095 -0.300079 0.596928 0.736497 1 6 1.000000
blank
  6 1.904825 -1.213845 69.820633 -0.129416 -0.945095 -0.300079 0.596928 0.736497 1 6 1.000000
  6 1.233391 -1.275203 70.219849 -0.048515 -0.984319 -0.169595 0.629393 0.736497 1 6 1.000000
  6 1.321121 -0.021633 70.144890 0.028911 0.961180 -0.274403 0.625152 0.669033 1 6 1.000000
blank
  6 1.321121 -0.021633 70.144890 0.028911 0.961180 -0.274403 0.625152 0.669033 1 6 1.000000
  6 2.020579 -0.084654 69.765579 -0.104545 0.966568 -0.234129 0.591331 0.677338 1 6 1.000000
  6 1.904825 -1.213845 69.820633 -0.129416 -0.945095 -0.300079 0.596928 0.736497 1 6 1.000000
blank
  6 2.020579 -0.084654 69.765579 -0.104545 0.966568 -0.234129 0.591331 0.677338 1 6 1.000000
  6 1.321121 -0.021633 70.144890 0.028911 0.961180 -0.274403 0.625152 0.669033 1 6 1.000000
  6 2.096913 -0.279314 69.889603 0.570399 0.294593 0.766720 0.587640 0.684354 1 6 1.000000
blank
  6 2.501778 -1.133644 69.290314 -0.233537 -0.901515 -0.364323 0.568064 0.736497 1 6 1.000000
  6 2.020584 -1.071960 69.899712 0.568723 -0.405698 0.715516 0.591331 0.729523 1 6 1.000000
  6 1.904825 -1.213845 69.820633 -0.129416 -0.945095 -0.300079 0.596928 0.736497 1 6 1.000000
blank
  6 2.501778 -1.133644 69.290314 -0.233537 -0.901515 -0.364323 0.568064 0.736497 1 6 1.000000
  6 1.904825 -1.213845 69.820633 -0.129416 -0.945095 -0.300079 0.596928 0.736497 1 6 1.000000
  6 2.020579 -0.084654 69.765579 -0.104545 0.966568 -0.234129 0.591331 0.677338 1 6 1.000000
blank
  6 2.650748 -0.994975 69.374130 0.670042 -0.435190 0.601377 0.560861 0.729523 1 6 1.000000
  6 2.096913 -0.279314 69.889603 0.570399 0.294593 0.766720 0.587640 0.684354 1 6 1.000000
  6 2.020584 -1.071960 69.899712 0.568723 -0.405698 0.715516 0.591331 0.729523 1 6 1.000000
blank
  6 2.650748 -0.994975 69.374130 0.670042 -0.435190 0.601377 0.560861 0.729523 1 6 1.000000
  6 2.020584 -1.071960 69.899712 0.568723 -0.405698 0.715516 0.591331 0.729523 1 6 1.000000
  6 2.501778 -1.133644 69.290314 -0.233537 -0.901515 -0.364323 0.568064 0.736497 1 6 1.000000
blank
  6 2.718261 -0.269230 69.338524 0.688932 0.238393 0.684501 0.557597 0.690178 1 6 1.000000
  6 2.020579 -0.084654 69.765579 -0.104545 0.966568 -0.234129 0.591331 0.677338 1 6 1.000000
  6 2.096913 -0.279314 69.889603 0.570399 0.294593 0.766720 0.587640 0.684354 1 6 1.000000
blank
  6 2.718261 -0.269230 69.338524 0.688932 0.238393 0.684501 0.557597 0.690178 1 6 1.000000
  6 2.096913 -0.279314 69.889603 0.570399 0.294593 0.766720 0.587640 0.684354 1 6 1.000000
  6 2.650748 -0.994975 69.374130 0.670042 -0.435190 0.601377 0.560861 0.729523 1 6 1.000000
blank
  6 2.020579 -0.084654 69.765579 -0.104545 0.966568 -0.234129 0.591331 0.677338 1 6 1.000000
  6 2.626490 -0.100505 69.291481 -0.132912 0.986249 -0.098218 0.562034 0.683855 1 6 1.000000
  6 2.501778 -1.133644 69.290314 -0.233537 -0.901515 -0.364323 0.568064 0.736497 1 6 1.000000
blank
  6 2.626490 -0.100505 69.291481 -0.132912 0.986249 -0.098218 0.562034 0.683855 1 6 1.000000
  6 2.020579 -0.084654 69.765579 -0.104545 0.966568 -0.234129 0.591331 0.677338 1 6 1.000000
  6 2.718261 -0.269230 69.338524 0.688932 0.238393 0.684501 0.557597 0.690178 1 6 1.000000
blank
  6 2.999203 -1.051710 68.715523 -0.209957 -0.916199 -0.341317 0.544012 0.736497 1 6 1.000000
  6 2.650748 -0.994975 69.374130 0.670042 -0.435190 0.601377 0.560861 0.729523 1 6 1.000000
  6 2.501778 -1.133644 69.290314 -0.233537 -0.901515 -0.364323 0.568064 0.736497 1 6 1.000000
blank
  6 2.999203 -1.051710 68.715523 -0.209957 -0.916199 -0.341317 0.544012 0.736497 1 6 1.000000
  6 2.501778 -1.133644 69.290314 -0.233537 -0.901515 -0.364323 0.568064 0.736497 1 6 1.000000
  6 2.626490 -0.100505 69.291481 -0.132912 0.986249 -0.098218 0.562034 0.683855 1 6 1.000000
blank
  6 3.127347 -0.912689 68.786751 0.795572 -0.432528 0.424247 0.537816 0.729523 1 6 1.000000
  6 2.718261 -0.269230 69.338524 0.688932 0.238393 0.684501 0.557597 0.690178 1 6 1.000000
  6 2.650748 -0.994975 69.374130 0.670042 -0.435190 0.601377 0.560861 0.729523 1 6 1.000000
blank
  6 3.127347 -0.912689 68.786751 0.795572 -0.432528 0.424247 0.537816 0.729523 1 6 1.000000
  6 2.650748 -0.994975 69.374130 0.670042 -0.435190 0.601377 0.560861 0.729523 1 6 1.000000
  6 2.999203 -1.051710 68.715523 -0.209957 -0.916199 -0.341317 0.544012 0.736497 1 6 1.000000
blank
  6 3.187561 -0.238172 68.795212 0.813734 0.185551 0.550824 0.534905 0.694624 1 6 1.000000
  6 2.626490 -0.100505 69.291481 -0.132912 0.986249 -0.098218 0.562034 0.683855 1 6 1.000000
  6 2.718261 -0.269230 69.338524 0.688932 0.238393 0.684501 0.557597 0.690178 1 6 1.000000
blank
  6 3.187561 -0.238172 68.795212 0.813734 0.185551 0.550824 0.534905 0.694624 1 6 1.000000
  6 2.718261 -0.269230 69.338524 0.688932 0.238393 0.684501 0.557597 0.690178 1 6 1.000000
  6 3.127347 -0.912689 68.786751 0.795572 -0.432528 0.424247 0.537816 0.729523 1 6 1.000000
blank
  6 2.626490 -0.100505 69.291481 -0.132912 0.986249 -0.098218 0.562034 0.683855 1 6 1.000000
  6 3.086142 -0.062592 68.783867 -0.146518 0.986833 0.068500 0.539809 0.687462 1 6 1.000000
  6 2.999203 -1.051710 68.715523 -0.209957 -0.916199 -0.341317 0.544012 0.736497 1 6 1.000000
blank
  6 3.086142 -0.062592 68.783867 -0.146518 0.986833 0.068500 0.539809 0.687462 1 6 1.000000
  6 2.626490 -0.100505 69.291481 -0.132912 0.986249 -0.098218 0.562034 0.683855 1 6 1.000000
  6 3.187561 -0.238172 68.795212 0.813734 0.185551 0.550824 0.534905 0.694624 1 6 1.000000
blank
  6 3.256520 -0.902378 68.119415 -0.440902 -0.853677 -0.277200 0.511261 0.736497 1 6 1.000000
  6 3.127347 -0.912689 68.786751 0.795572 -0.432528 0.424247 0.537816 0.729523 1 6 1.000000
  6 2.999203 -1.051710 68.715523 -0.209957 -0.916199 -0.341317 0.544012 0.736497 1 6 1.000000
blank
  6 3.256520 -0.902378 68.119415 -0.440902 -0.853677 -0.277200 0.511261 0.736497 1 6 1.000000
  6 2.999203 -1.051710 68.715523 -0.209957 -0.916199 -0.341317 0.544012 0.736497 1 6 1.000000
  6 3.086142 -0.062592 68.783867 -0.146518 0.986833 0.068500 0.539809 0.687462 1 6 1.000000
blank
  6 3.428206 -0.793668 68.164795 0.831498 -0.516652 0.204159 0.502959 0.729523 1 6 1.000000
  6 3.187561 -0.238172 68.795212 0.813734 0.185551 0.550824 0.534905 0.694624 1 6 1.000000
  6 3.127347 -0.912689 68.786751 0.795572 -0.432528 0.424247 0.537816 0.729523 1 6 1.000000
blank
  6 3.428206 -0.793668 68.164795 0.831498 -0.516652 0.204159 0.502959 0.729523 1 6 1.000000
  6 3.127347 -0.912689 68.786751 0.795572 -0.432528 0.424247 0.537816 0.729523 1 6 1.000000
  6 3.256520 -0.902378 68.119415 -0.440902 -0.853677 -0.277200 0.511261 0.736497 1 6 1.000000
blank
  6 3.498097 -0.188128 68.192474 0.922114 0.227015 0.313320 0.499580 0.700655 1 6 1.000000
  6 3.086142 -0.062592 68.783867 -0.146518 0.986833 0.068500 0.539809 0.687462 1 6 1.000000
  6 3.187561 -0.238172 68.795212 0.813734 0.185551 0.550824 0.534905 0.694624 1 6 1.000000
blank
  6 3.498097 -0.188128 68.192474 0.922114 0.227015 0.313320 0.499580 0.700655 1 6 1.000000
  6 3.187561 -0.238172 68.795212 0.813734 0.185551 0.550824 0.534905 0.694624 1 6 1.000000
  6 3.428206 -0.793668 68.164795 0.831498 -0.516652 0.204159 0.502959 0.729523 1 6 1.000000
blank
  6 3.086142 -0.062592 68.783867 -0.146518 0.986833 0.068500 0.539809 0.687462 1 6 1.000000
  6 3.355915 -0.004135 68.215050 -0.175305 0.983490 0.044886 0.506455 0.692580 1 6 1.000000
  6 3.256520 -0.902378 68.119415 -0.440902 -0.853677 -0.277200 0.511261 0.736497 1 6 1.000000
blank
  6 3.355915 -0.004135 68.215050 -0.175305 0.983490 0.044886 0.506455 0.692580 1 6 1.000000
  6 3.086142 -0.062592 68.783867 -0.146518 0.986833 0.068500 0.539809 0.687462 1 6 1.000000
  6 3.498097 -0.188128 68.192474 0.922114 0.227015 0.313320 0.499580 0.700655 1 6 1.000000
blank
  6 3.377604 -0.819925 67.513191 -0.483642 -0.861222 -0.156163 0.479183 0.736497 1 6 1.000000
  6 3.428206 -0.793668 68.164795 0.831498 -0.516652 0.204159 0.502959 0.729523 1 6 1.000000
  6 3.256520 -0.902378 68.119415 -0.440902 -0.853677 -0.277200 0.511261 0.736497 1 6 1.000000
blank
  6 3.377604 -0.819925 67.513191 -0.483642 -0.861222 -0.156163 0.479183 0.736497 1 6 1.000000
  6 3.256520 -0.902378 68.119415 -0.440902 -0.853677 -0.277200 0.511261 0.736497 1 6 1.000000
  6 3.355915 -0.004135 68.215050 -0.175305 0.983490 0.044886 0.506455 0.692580 1 6 1.000000
blank
  6 3.545575 -0.718425 67.540085 0.854265 -0.519826 -0.003412 0.471061 0.729523 1 6 1.000000
  6 3.498097 -0.188128 68.192474 0.922114 0.227015 0.313320 0.499580 0.700655 1 6 1.000000
  6 3.428206 -0.793668 68.164795 0.831498 -0.516652 0.204159 0.502959 0.729523 1 6 1.000000
blank
  6 3.545575 -0.718425 67.540085 0.854265 -0.519826 -0.003412 0.471061 0.729523 1 6 1.000000
  6 3.428206 -0.793668 68.164795 0.831498 -0.516652 0.204159 0.502959 0.729523 1 6 1.000000
  6 3.377604 -0.819925 67.513191 -0.483642 -0.861222 -0.156163 0.479183 0.736497 1 6 1.000000
blank
  6 3.605609 -0.138679 67.572289 0.976037 0.208732 0.061508 0.468159 0.705128 1 6 1.000000
  6 3.355915 -0.004135 68.215050 -0.175305 0.983490 0.044886 0.506455 0.692580 1 6 1.000000
  6 3.498097 -0.188128 68.192474 0.922114 0.227015 0.313320 0.499580 0.700655 1 6 1.000000
blank
  6 3.605609 -0.138679 67.572289 0.976037 0.208732 0.061508 0.468159 0.705128 1 6 1.000000
  6 3.498097 -0.188128 68.192474 0.922114 0.227015 0.313320 0.499580 0.700655 1 6 1.000000
  6 3.545575 -0.718425 67.540085 0.854265 -0.519826 -0.003412 0.471061 0.729523 1 6 1.000000
blank
  6 3.355915 -0.004135 68.215050 -0.175305 0.983490 0.044886 0.506455 0.692580 1 6 1.000000
  6 3.491621 0.059972 67.601265 -0.102484 0.992125 0.072008 0.472302 0.698130 1 6 1.000000
  6 3.377604 -0.819925 67.513191 -0.483642 -0.861222 -0.156163 0.479183 0.736497 1 6 1.000000
blank
  6 3.491621 0.059972 67.601265 -0.102484 0.992125 0.072008 0.472302 0.698130 1 6 1.000000
  6 3.355915 -0.004135 68.215050 -0.175305 0.983490 0.044886 0.506455 0.692580 1 6 1.000000
  6 3.605609 -0.138679 67.572289 0.976037 0.208732 0.061508 0.468159 0.705128 1 6 1.000000
blank
  6 3.352010 -0.748911 66.960884 -0.495227 -0.868643 -0.014450 0.449814 0.736497 1 6 1.000000
  6 3.545575 -0.718425 67.540085 0.854265 -0.519826 -0.003412 0.471061 0.729523 1 6 1.000000
  6 3.377604 -0.819925 67.513191 -0.483642 -0.861222 -0.156163 0.479183 0.736497 1 6 1.000000
blank
  6 3.352010 -0.748911 66.960884 -0.495227 -0.868643 -0.014450 0.449814 0.736497 1 6 1.000000
  6 3.377604 -0.819925 67.513191 -0.483642 -0.861222 -0.156163 0.479183 0.736497 1 6 1.000000
  6 3.491621 0.059972 67.601265 -0.102484 0.992125 0.072008 0.472302 0.698130 1 6 1.000000
blank
  6 3.510848 -0.661120 66.923584 0.815453 -0.519302 -0.255659 0.442134 0.729523 1 6 1.000000
  6 3.605609 -0.138679 67.572289 0.976037 0.208732 0.061508 0.468159 0.705128 1 6 1.000000
  6 3.545575 -0.718425 67.540085 0.854265 -0.519826 -0.003412 0.471061 0.729523 1 6 1.000000
blank
  6 3.510848 -0.661120 66.923584 0.815453 -0.519302 -0.255659 0.442134 0.729523 1 6 1.000000
  6 3.545575 -0.718425 67.540085 0.854265 -0.519826 -0.003412 0.471061 0.729523 1 6 1.000000
  6 3.352010 -0.748911 66.960884 -0.495227 -0.868643 -0.014450 0.449814 0.736497 1 6 1.000000
blank
  6 3.542803 -0.094141 66.952705 0.957329 0.206419 -0.202270 0.440589 0.707324 1 6 1.000000
  6 3.491621 0.059972 67.601265 -0.102484 0.992125 0.072008 0.472302 0.698130 1 6 1.000000
  6 3.605609 -0.138679 67.572289 0.976037 0.208732 0.061508 0.468159 0.705128 1 6 1.000000
blank
  6 3.542803 -0.094141 66.952705 0.957329 0.206419 -0.202270 0.440589 0.707324 1 6 1.000000
  6 3.605609 -0.138679 67.572289 0.976037 0.208732 0.061508 0.468159 0.705128 1 6 1.000000
  6 3.510848 -0.661120 66.923584 0.815453 -0.519302 -0.255659 0.442134 0.729523 1 6 1.000000
blank
  6 3.491621 0.059972 67.601265 -0.102484 0.992125 0.072008 0.472302 0.698130 1 6 1.000000
  6 3.445211 0.104993 66.983322 -0.089571 0.992896 0.078325 0.444395 0.700961 1 6 1.000000
  6 3.352010 -0.748911 66.960884 -0.495227 -0.868643 -0.014450 0.449814 0.736497 1 6 1.000000
blank
  6 3.445211 0.104993 66.983322 -0.089571 0.992896 0.078325 0.444395 0.700961 1 6 1.000000
  6 3.491621 0.059972 67.601265 -0.102484 0.992125 0.072008 0.472302 0.698130 1 6 1.000000
  6 3.542803 -0.094141 66.952705 0.957329 0.206419 -0.202270 0.440589 0.707324 1 6 1.000000
blank
  6 3.150414 -0.653841 66.456566 -0.665682 -0.742823 0.071289 0.420992 0.736497 1 6 1.000000
  6 3.510848 -0.661120 66.923584 0.815453 -0.519302 -0.255659 0.442134 0.729523 1 6 1.000000
  6 3.352010 -0.748911 66.960884 -0.495227 -0.868643 -0.014450 0.449814 0.736497 1 6 1.000000
blank
  6 3.150414 -0.653841 66.456566 -0.665682 -0.742823 0.071289 0.420992 0.736497 1 6 1.000000
  6 3.352010 -0.748911 66.960884 -0.495227 -0.868643 -0.014450 0.449814 0.736497 1 6 1.000000
  6 3.445211 0.104993 66.983322 -0.089571 0.992896 0.078325 0.444395 0.700961 1 6 1.000000
blank
  6 3.276508 -0.608417 66.356255 0.600355 -0.637505 -0.482867 0.414895 0.729523 1 6 1.000000
  6 3.542803 -0.094141 66.952705 0.957329 0.206419 -0.202270 0.440589 0.707324 1 6 1.000000
  6 3.510848 -0.661120 66.923584 0.815453 -0.519302 -0.255659 0.442134 0.729523 1 6 1.000000
blank
  6 3.276508 -0.608417 66.356255 0.600355 -0.637505 -0.482867 0.414895 0.729523 1 6 1.000000
  6 3.510848 -0.661120 66.923584 0.815453 -0.519302 -0.255659 0.442134 0.729523 1 6 1.000000
  6 3.150414 -0.653841 66.456566 -0.665682 -0.742823 0.071289 0.420992 0.736497 1 6 1.000000
blank
  6 3.333335 -0.057358 66.356544 0.873674 0.181363 -0.451443 0.412147 0.710979 1 6 1.000000
  6 3.445211 0.104993 66.983322 -0.089571 0.992896 0.078325 0.444395 0.700961 1 6 1.000000
  6 3.542803 -0.094141 66.952705 0.957329 0.206419 -0.202270 0.440589 0.707324 1 6 1.000000
blank
  6 3.333335 -0.057358 66.356544 0.873674 0.181363 -0.451443 0.412147 0.710979 1 6 1.000000
  6 3.542803 -0.094141 66.952705 0.957329 0.206419 -0.202270 0.440589 0.707324 1 6 1.000000
  6 3.276508 -0.608417 66.356255 0.600355 -0.637505 -0.482867 0.414895 0.729523 1 6 1.000000
blank
  6 3.445211 0.104993 66.983322 -0.089571 0.992896 0.078325 0.444395 0.700961 1 6 1.000000
  6 3.270742 0.101555 66.409462 -0.124000 0.989843 -0.069526 0.414718 0.705229 1 6 1.000000
  6 3.150414 -0.653841 66.456566 -0.665682 -0.742823 0.071289 0.420992 0.736497 1 6 1.000000
blank
  6 3.270742 0.101555 66.409462 -0.124000 0.989843 -0.069526 0.414718 0.705229 1 6 1.000000
  6 3.445211 0.104993 66.983322 -0.089571 0.992896 0.078325 0.444395 0.700961 1 6 1.000000
  6 3.333335 -0.057358 66.356544 0.873674 0.181363 -0.451443 0.412147 0.710979 1 6 1.000000
blank
  6 2.938507 -0.413757 65.893463 -0.533500 -0.246338 -0.809132 0.399103 0.729633 1 6 1.000000
  6 3.276508 -0.608417 66.356255 0.600355 -0.637505 -0.482867 0.414895 0.729523 1 6 1.000000
  6 3.150414 -0.653841 66.456566 -0.665682 -0.742823 0.071289 0.420992 0.736497 1 6 1.000000
blank
  6 2.938507 -0.413757 65.893463 -0.533500 -0.246338 -0.809132 0.399103 0.729633 1 6 1.000000
  6 3.333335 -0.057358 66.356544 0.873674 0.181363 -0.451443 0.412147 0.710979 1 6 1.000000
  6 3.276508 -0.608417 66.356255 0.600355 -0.637505 -0.482867 0.414895 0.729523 1 6 1.000000
blank
  6 3.150414 -0.653841 66.456566 -0.665682 -0.742823 0.071289 0.420992 0.736497 1 6 1.000000
  6 3.270742 0.101555 66.409462 -0.124000 0.989843 -0.069526 0.414718 0.705229 1 6 1.000000
  6 3.018081 -0.054888 65.906639 -0.347020 0.503015 -0.791551 0.398850 0.711239 1 6 1.000000
blank
  6 3.018081 -0.054888 65.906639 -0.347020 0.503015 -0.791551 0.398850 0.711239 1 6 1.000000
  6 2.938507 -0.413757 65.893463 -0.533500 -0.246338 -0.809132 0.399103 0.729633 1 6 1.000000
  6 3.150414 -0.653841 66.456566 -0.665682 -0.742823 0.071289 0.420992 0.736497 1 6 1.000000
blank
  6 3.018081 -0.054888 65.906639 -0.347020 0.503015 -0.791551 0.398850 0.711239 1 6 1.000000
  6 3.270742 0.101555 66.409462 -0.124000 0.989843 -0.069526 0.414718 0.705229 1 6 1.000000
  6 3.333335 -0.057358 66.356544 0.873674 0.181363 -0.451443 0.412147 0.710979 1 6 1.000000
blank
  6 3.018081 -0.054888 65.906639 -0.347020 0.503015 -0.791551 0.398850 0.711239 1 6 1.000000
  6 3.333335 -0.057358 66.356544 0.873674 0.181363 -0.451443 0.412147 0.710979 1 6 1.000000
  6 2.938507 -0.413757 65.893463 -0.533500 -0.246338 -0.809132 0.399103 0.729633 1 6 1.000000
blank
  6 0.000012 -1.154670 70.464088 -0.034012 -0.408901 -0.911945 0.680413 0.591934 1 6 1.000000
  6 0.432232 -1.151316 70.446472 0.449985 -0.533388 -0.716248 0.655361 0.590878 1 6 1.000000
  6 0.000012 -1.514137 70.625267 -0.113853 -0.438658 -0.891413 0.680413 0.604137 1 6 1.000000
blank
  6 0.394825 -1.596299 70.603607 0.045051 -0.549187 -0.834484 0.668353 0.603826 1 6 1.000000
  6 0.000012 -1.514137 70.625267 -0.113853 -0.438658 -0.891413 0.680413 0.604137 1 6 1.000000
  6 0.432232 -1.151316 70.446472 0.449985 -0.533388 -0.716248 0.655361 0.590878 1 6 1.000000
blank
  6 0.000011 -1.784614 70.795082 -0.020896 -0.743581 -0.668319 0.680413 0.616160 1 6 1.000000
  6 0.000012 -1.514137 70.625267 -0.113853 -0.438658 -0.891413 0.680413 0.604137 1 6 1.000000
  6 0.394825 -1.596299 70.603607 0.045051 -0.549187 -0.834484 0.668353 0.603826 1 6 1.000000
blank
  6 0.394825 -1.596299 70.603607 0.045051 -0.549187 -0.834484 0.668353 0.603826 1 6 1.000000
  6 0.408542 -1.769511 70.801430 0.110580 -0.793404 -0.598566 0.667558 0.616738 1 6 1.000000
  6 0.000011 -1.784614 70.795082 -0.020896 -0.743581 -0.668319 0.680413 0.616160 1 6 1.000000
blank
  6 0.440235 -1.916466 71.038300 0.113201 -0.909649 -0.399656 0.665721 0.631733 1 6 1.000000
  6 0.000011 -1.784614 70.795082 -0.020896 -0.743581 -0.668319 0.680413 0.616160 1 6 1.000000
  6 0.408542 -1.769511 70.801430 0.110580 -0.793404 -0.598566 0.667558 0.616738 1 6 1.000000
blank
  6 0.440235 -1.916466 71.038300 0.113201 -0.909649 -0.399656 0.665721 0.631733 1 6 1.000000
  6 0.000011 -1.929836 71.022820 0.041338 -0.914737 -0.401930 0.680413 0.630607 1 6 1.000000
  6 0.000011 -1.784614 70.795082 -0.020896 -0.743581 -0.668319 0.680413 0.616160 1 6 1.000000
blank
  6 0.453557 -1.979697 71.279396 0.113550 -0.959599 -0.257442 0.664949 0.646330 1 6 1.000000
  6 0.000012 -1.993819 71.267868 0.036521 -0.966915 -0.252469 0.680413 0.645440 1 6 1.000000
  6 0.000011 -1.929836 71.022820 0.041338 -0.914737 -0.401930 0.680413 0.630607 1 6 1.000000
blank
  6 0.453557 -1.979697 71.279396 0.113550 -0.959599 -0.257442 0.664949 0.646330 1 6 1.000000
  6 0.000011 -1.929836 71.022820 0.041338 -0.914737 -0.401930 0.680413 0.630607 1 6 1.000000
  6 0.440235 -1.916466 71.038300 0.113201 -0.909649 -0.399656 0.665721 0.631733 1 6 1.000000
blank
  6 0.440235 -1.916466 71.038300 0.113201 -0.909649 -0.399656 0.665721 0.631733 1 6 1.000000
  6 0.748622 -1.929923 71.303902 0.452118 -0.844673 -0.286562 0.649036 0.647493 1 6 1.000000
  6 0.453557 -1.979697 71.279396 0.113550 -0.959599 -0.257442 0.664949 0.646330 1 6 1.000000
blank
  6 0.748622 -1.929923 71.303902 0.452118 -0.844673 -0.286562 0.649036 0.647493 1 6 1.000000
  6 0.440235 -1.916466 71.038300 0.113201 -0.909649 -0.399656 0.665721 0.631733 1 6 1.000000
  6 0.707055 -1.863214 71.044548 0.410212 -0.808619 -0.421736 0.651446 0.631801 1 6 1.000000
blank
  6 0.408542 -1.769511 70.801430 0.110580 -0.793404 -0.598566 0.667558 0.616738 1 6 1.000000
  6 0.707055 -1.863214 71.044548 0.410212 -0.808619 -0.421736 0.651446 0.631801 1 6 1.000000
  6 0.440235 -1.916466 71.038300 0.113201 -0.909649 -0.399656 0.665721 0.631733 1 6 1.000000
blank
  6 0.707055 -1.863214 71.044548 0.410212 -0.808619 -0.421736 0.651446 0.631801 1 6 1.000000
  6 0.914640 -1.794127 71.338226 0.943511 -0.259112 -0.206515 0.635304 0.648954 1 6 1.000000
  6 0.748622 -1.929923 71.303902 0.452118 -0.844673 -0.286562 0.649036 0.647493 1 6 1.000000
blank
  6 0.707055 -1.863214 71.044548 0.410212 -0.808619 -0.421736 0.651446 0.631801 1 6 1.000000
  6 0.408542 -1.769511 70.801430 0.110580 -0.793404 -0.598566 0.667558 0.616738 1 6 1.000000
  6 0.629929 -1.715108 70.801598 0.386106 -0.678858 -0.624559 0.653170 0.616329 1 6 1.000000
blank
  6 0.394825 -1.596299 70.603607 0.045051 -0.549187 -0.834484 0.668353 0.603826 1 6 1.000000
  6 0.629929 -1.715108 70.801598 0.386106 -0.678858 -0.624559 0.653170 0.616329 1 6 1.000000
  6 0.408542 -1.769511 70.801430 0.110580 -0.793404 -0.598566 0.667558 0.616738 1 6 1.000000
blank
  6 0.707055 -1.863214 71.044548 0.410212 -0.808619 -0.421736 0.651446 0.631801 1 6 1.000000
  6 0.874401 -1.723995 71.060982 0.907740 -0.243563 -0.341592 0.637637 0.632189 1 6 1.000000
  6 0.914640 -1.794127 71.338226 0.943511 -0.259112 -0.206515 0.635304 0.648954 1 6 1.000000
blank
  6 0.629929 -1.715108 70.801598 0.386106 -0.678858 -0.624559 0.653170 0.616329 1 6 1.000000
  6 0.874401 -1.723995 71.060982 0.907740 -0.243563 -0.341592 0.637637 0.632189 1 6 1.000000
  6 0.707055 -1.863214 71.044548 0.410212 -0.808619 -0.421736 0.651446 0.631801 1 6 1.000000
blank
  6 0.859761 -1.544565 71.412346 0.867904 0.494269 -0.049402 0.623435 0.650046 1 6 1.000000
  6 0.914640 -1.794127 71.338226 0.943511 -0.259112 -0.206515 0.635304 0.648954 1 6 1.000000
  6 0.874401 -1.723995 71.060982 0.907740 -0.243563 -0.341592 0.637637 0.632189 1 6 1.000000
blank
  6 0.629929 -1.715108 70.801598 0.386106 -0.678858 -0.624559 0.653170 0.616329 1 6 1.000000
  6 0.394825 -1.596299 70.603607 0.045051 -0.549187 -0.834484 0.668353 0.603826 1 6 1.000000
  6 0.544631 -1.541683 70.602554 0.343237 -0.458937 -0.819491 0.658115 0.603344 1 6 1.000000
blank
  6 0.544631 -1.541683 70.602554 0.343237 -0.458937 -0.819491 0.658115 0.603344 1 6 1.000000
  6 0.394825 -1.596299 70.603607 0.045051 -0.549187 -0.834484 0.668353 0.603826 1 6 1.000000
  6 0.432232 -1.151316 70.446472 0.449985 -0.533388 -0.716248 0.655361 0.590878 1 6 1.000000
blank
  6 0.629929 -1.715108 70.801598 0.386106 -0.678858 -0.624559 0.653170 0.616329 1 6 1.000000
  6 0.763909 -1.571527 70.795273 0.840793 -0.168409 -0.514495 0.641295 0.615780 1 6 1.000000
  6 0.874401 -1.723995 71.060982 0.907740 -0.243563 -0.341592 0.637637 0.632189 1 6 1.000000
blank
  6 0.544631 -1.541683 70.602554 0.343237 -0.458937 -0.819491 0.658115 0.603344 1 6 1.000000
  6 0.763909 -1.571527 70.795273 0.840793 -0.168409 -0.514495 0.641295 0.615780 1 6 1.000000
  6 0.629929 -1.715108 70.801598 0.386106 -0.678858 -0.624559 0.653170 0.616329 1 6 1.000000
blank
  6 0.874401 -1.723995 71.060982 0.907740 -0.243563 -0.341592 0.637637 0.632189 1 6 1.000000
  6 0.810897 -1.491462 71.162430 0.867926 0.490654 -0.077225 0.626485 0.633437 1 6 1.000000
  6 0.859761 -1.544565 71.412346 0.867904 0.494269 -0.049402 0.623435 0.650046 1 6 1.000000
blank
  6 0.810897 -1.491462 71.162430 0.867926 0.490654 -0.077225 0.626485 0.633437 1 6 1.000000
  6 0.874401 -1.723995 71.060982 0.907740 -0.243563 -0.341592 0.637637 0.632189 1 6 1.000000
  6 0.763909 -1.571527 70.795273 0.840793 -0.168409 -0.514495 0.641295 0.615780 1 6 1.000000
blank
  6 0.660130 -1.323587 71.538834 0.992524 -0.000646 -0.122049 0.614758 0.655631 1 6 1.000000
  6 0.859761 -1.544565 71.412346 0.867904 0.494269 -0.049402 0.623435 0.650046 1 6 1.000000
  6 0.810897 -1.491462 71.162430 0.867926 0.490654 -0.077225 0.626485 0.633437 1 6 1.000000
blank
  6 0.544631 -1.541683 70.602554 0.343237 -0.458937 -0.819491 0.658115 0.603344 1 6 1.000000
  6 0.639131 -1.399812 70.605133 0.702855 -0.106396 -0.703331 0.643074 0.602614 1 6 1.000000
  6 0.763909 -1.571527 70.795273 0.840793 -0.168409 -0.514495 0.641295 0.615780 1 6 1.000000
blank
  6 0.432232 -1.151316 70.446472 0.449985 -0.533388 -0.716248 0.655361 0.590878 1 6 1.000000
  6 0.639131 -1.399812 70.605133 0.702855 -0.106396 -0.703331 0.643074 0.602614 1 6 1.000000
  6 0.544631 -1.541683 70.602554 0.343237 -0.458937 -0.819491 0.658115 0.603344 1 6 1.000000
blank
  6 0.763909 -1.571527 70.795273 0.840793 -0.168409 -0.514495 0.641295 0.615780 1 6 1.000000
  6 0.748149 -1.425071 70.858276 0.886346 0.432956 -0.164137 0.632304 0.615555 1 6 1.000000
  6 0.810897 -1.491462 71.162430 0.867926 0.490654 -0.077225 0.626485 0.633437 1 6 1.000000
blank
  6 0.748149 -1.425071 70.858276 0.886346 0.432956 -0.164137 0.632304 0.615555 1 6 1.000000
  6 0.763909 -1.571527 70.795273 0.840793 -0.168409 -0.514495 0.641295 0.615780 1 6 1.000000
  6 0.639131 -1.399812 70.605133 0.702855 -0.106396 -0.703331 0.643074 0.602614 1 6 1.000000
blank
  6 0.810897 -1.491462 71.162430 0.867926 0.490654 -0.077225 0.626485 0.633437 1 6 1.000000
  6 0.614117 -1.264494 71.151741 0.988294 0.094404 -0.119844 0.617425 0.632809 1 6 1.000000
  6 0.660130 -1.323587 71.538834 0.992524 -0.000646 -0.122049 0.614758 0.655631 1 6 1.000000
blank
  6 0.614117 -1.264494 71.151741 0.988294 0.094404 -0.119844 0.617425 0.632809 1 6 1.000000
  6 0.810897 -1.491462 71.162430 0.867926 0.490654 -0.077225 0.626485 0.633437 1 6 1.000000
  6 0.748149 -1.425071 70.858276 0.886346 0.432956 -0.164137 0.632304 0.615555 1 6 1.000000
blank
  6 0.834510 -1.058295 71.659409 0.560042 -0.817236 -0.135935 0.604650 0.660643 1 6 1.000000
  6 0.660130 -1.323587 71.538834 0.992524 -0.000646 -0.122049 0.614758 0.655631 1 6 1.000000
  6 0.614117 -1.264494 71.151741 0.988294 0.094404 -0.119844 0.617425 0.632809 1 6 1.000000
blank
  6 0.639131 -1.399812 70.605133 0.702855 -0.106396 -0.703331 0.643074 0.602614 1 6 1.000000
  6 0.638085 -1.331652 70.613487 0.826410 0.377702 -0.417598 0.643134 0.602577 1 6 1.000000
  6 0.748149 -1.425071 70.858276 0.886346 0.432956 -0.164137 0.632304 0.615555 1 6 1.000000
blank
  6 0.638085 -1.331652 70.613487 0.826410 0.377702 -0.417598 0.643134 0.602577 1 6 1.000000
  6 0.639131 -1.399812 70.605133 0.702855 -0.106396 -0.703331 0.643074 0.602614 1 6 1.000000
  6 0.432232 -1.151316 70.446472 0.449985 -0.533388 -0.716248 0.655361 0.590878 1 6 1.000000
blank
  6 0.748149 -1.425071 70.858276 0.886346 0.432956 -0.164137 0.632304 0.615555 1 6 1.000000
  6 0.567109 -1.222573 70.862549 0.972134 0.128283 -0.196212 0.623858 0.615276 1 6 1.000000
  6 0.614117 -1.264494 71.151741 0.988294 0.094404 -0.119844 0.617425 0.632809 1 6 1.000000
blank
  6 0.567109 -1.222573 70.862549 0.972134 0.128283 -0.196212 0.623858 0.615276 1 6 1.000000
  6 0.748149 -1.425071 70.858276 0.886346 0.432956 -0.164137 0.632304 0.615555 1 6 1.000000
  6 0.638085 -1.331652 70.613487 0.826410 0.377702 -0.417598 0.643134 0.602577 1 6 1.000000
blank
  6 0.614117 -1.264494 71.151741 0.988294 0.094404 -0.119844 0.617425 0.632809 1 6 1.000000
  6 0.760953 -1.030978 71.174767 0.623869 -0.760304 -0.180903 0.608913 0.632071 1 6 1.000000
  6 0.834510 -1.058295 71.659409 0.560042 -0.817236 -0.135935 0.604650 0.660643 1 6 1.000000
blank
  6 0.760953 -1.030978 71.174767 0.623869 -0.760304 -0.180903 0.608913 0.632071 1 6 1.000000
  6 0.614117 -1.264494 71.151741 0.988294 0.094404 -0.119844 0.617425 0.632809 1 6 1.000000
  6 0.567109 -1.222573 70.862549 0.972134 0.128283 -0.196212 0.623858 0.615276 1 6 1.000000
blank
  6 1.304108 -0.915229 71.621872 0.015834 -0.998137 -0.058929 0.583334 0.659280 1 6 1.000000
  6 0.834510 -1.058295 71.659409 0.560042 -0.817236 -0.135935 0.604650 0.660643 1 6 1.000000
  6 0.760953 -1.030978 71.174767 0.623869 -0.760304 -0.180903 0.608913 0.632071 1 6 1.000000
blank
  6 0.638085 -1.331652 70.613487 0.826410 0.377702 -0.417598 0.643134 0.602577 1 6 1.000000
  6 0.505815 -1.190624 70.632683 0.963449 0.071025 -0.258306 0.632024 0.602125 1 6 1.000000
  6 0.567109 -1.222573 70.862549 0.972134 0.128283 -0.196212 0.623858 0.615276 1 6 1.000000
blank
  6 0.432232 -1.151316 70.446472 0.449985 -0.533388 -0.716248 0.655361 0.590878 1 6 1.000000
  6 0.505815 -1.190624 70.632683 0.963449 0.071025 -0.258306 0.632024 0.602125 1 6 1.000000
  6 0.638085 -1.331652 70.613487 0.826410 0.377702 -0.417598 0.643134 0.602577 1 6 1.000000
blank
  6 0.567109 -1.222573 70.862549 0.972134 0.128283 -0.196212 0.623858 0.615276 1 6 1.000000
  6 0.679458 -1.010482 70.861992 0.619246 -0.775640 -0.122133 0.613637 0.613609 1 6 1.000000
  6 0.760953 -1.030978 71.174767 0.623869 -0.760304 -0.180903 0.608913 0.632071 1 6 1.000000
blank
  6 0.679458 -1.010482 70.861992 0.619246 -0.775640 -0.122133 0.613637 0.613609 1 6 1.000000
  6 0.567109 -1.222573 70.862549 0.972134 0.128283 -0.196212 0.623858 0.615276 1 6 1.000000
  6 0.505815 -1.190624 70.632683 0.963449 0.071025 -0.258306 0.632024 0.602125 1 6 1.000000
blank
  6 0.760953 -1.030978 71.174767 0.623869 -0.760304 -0.180903 0.608913 0.632071 1 6 1.000000
  6 1.135596 -0.872166 71.120155 0.051751 -0.997522 -0.047652 0.593102 0.629587 1 6 1.000000
  6 1.304108 -0.915229 71.621872 0.015834 -0.998137 -0.058929 0.583334 0.659280 1 6 1.000000
blank
  6 1.135596 -0.872166 71.120155 0.051751 -0.997522 -0.047652 0.593102 0.629587 1 6 1.000000
  6 0.760953 -1.030978 71.174767 0.623869 -0.760304 -0.180903 0.608913 0.632071 1 6 1.000000
  6 0.679458 -1.010482 70.861992 0.619246 -0.775640 -0.122133 0.613637 0.613609 1 6 1.000000
blank
  6 0.610693 -1.058578 70.590530 0.488584 -0.870657 0.056944 0.617623 0.598093 1 6 1.000000
  6 0.505815 -1.190624 70.632683 0.963449 0.071025 -0.258306 0.632024 0.602125 1 6 1.000000
  6 0.432232 -1.151316 70.446472 0.449985 -0.533388 -0.716248 0.655361 0.590878 1 6 1.000000
blank
  6 0.505815 -1.190624 70.632683 0.963449 0.071025 -0.258306 0.632024 0.602125 1 6 1.000000
  6 0.610693 -1.058578 70.590530 0.488584 -0.870657 0.056944 0.617623 0.598093 1 6 1.000000
  6 0.679458 -1.010482 70.861992 0.619246 -0.775640 -0.122133 0.613637 0.613609 1 6 1.000000
blank
  6 0.928672 -0.994823 70.503761 0.139184 -0.868357 0.476008 0.605096 0.594461 1 6 1.000000
  6 0.610693 -1.058578 70.590530 0.488584 -0.870657 0.056944 0.617623 0.598093 1 6 1.000000
  6 0.432232 -1.151316 70.446472 0.449985 -0.533388 -0.716248 0.655361 0.590878 1 6 1.000000
blank
  6 1.030919 -0.893280 70.799889 0.083755 -0.987391 0.134326 0.599170 0.611008 1 6 1.000000
  6 0.679458 -1.010482 70.861992 0.619246 -0.775640 -0.122133 0.613637 0.613609 1 6 1.000000
  6 0.610693 -1.058578 70.590530 0.488584 -0.870657 0.056944 0.617623 0.598093 1 6 1.000000
blank
  6 0.610693 -1.058578 70.590530 0.488584 -0.870657 0.056944 0.617623 0.598093 1 6 1.000000
  6 0.928672 -0.994823 70.503761 0.139184 -0.868357 0.476008 0.605096 0.594461 1 6 1.000000
  6 1.030919 -0.893280 70.799889 0.083755 -0.987391 0.134326 0.599170 0.611008 1 6 1.000000
blank
  6 0.679458 -1.010482 70.861992 0.619246 -0.775640 -0.122133 0.613637 0.613609 1 6 1.000000
  6 1.030919 -0.893280 70.799889 0.083755 -0.987391 0.134326 0.599170 0.611008 1 6 1.000000
  6 1.135596 -0.872166 71.120155 0.051751 -0.997522 -0.047652 0.593102 0.629587 1 6 1.000000
blank
  6 0.432232 -1.151316 70.446472 0.449985 -0.533388 -0.716248 0.655361 0.590878 1 6 1.000000
  6 1.307275 -1.131767 70.299347 -0.617302 -0.755350 0.219966 0.577247 0.581617 1 6 1.000000
  6 0.928672 -0.994823 70.503761 0.139184 -0.868357 0.476008 0.605096 0.594461 1 6 1.000000
blank
  6 1.030919 -0.893280 70.799889 0.083755 -0.987391 0.134326 0.599170 0.611008 1 6 1.000000
  6 0.928672 -0.994823 70.503761 0.139184 -0.868357 0.476008 0.605096 0.594461 1 6 1.000000
  6 1.294666 -1.021178 70.444267 -0.270103 -0.847682 0.456596 0.592432 0.593490 1 6 1.000000
blank
  6 1.294666 -1.021178 70.444267 -0.270103 -0.847682 0.456596 0.592432 0.593490 1 6 1.000000
  6 0.928672 -0.994823 70.503761 0.139184 -0.868357 0.476008 0.605096 0.594461 1 6 1.000000
  6 1.307275 -1.131767 70.299347 -0.617302 -0.755350 0.219966 0.577247 0.581617 1 6 1.000000
blank
  6 1.135596 -0.872166 71.120155 0.051751 -0.997522 -0.047652 0.593102 0.629587 1 6 1.000000
  6 1.030919 -0.893280 70.799889 0.083755 -0.987391 0.134326 0.599170 0.611008 1 6 1.000000
  6 1.417472 -0.984171 70.694672 -0.504446 -0.825933 0.251731 0.585314 0.607677 1 6 1.000000
blank
  6 1.417472 -0.984171 70.694672 -0.504446 -0.825933 0.251731 0.585314 0.607677 1 6 1.000000
  6 1.030919 -0.893280 70.799889 0.083755 -0.987391 0.134326 0.599170 0.611008 1 6 1.000000
  6 1.294666 -1.021178 70.444267 -0.270103 -0.847682 0.456596 0.592432 0.593490 1 6 1.000000
blank
  6 1.304108 -0.915229 71.621872 0.015834 -0.998137 -0.058929 0.583334 0.659280 1 6 1.000000
  6 1.135596 -0.872166 71.120155 0.051751 -0.997522 -0.047652 0.593102 0.629587 1 6 1.000000
  6 1.528945 -0.988180 70.997314 -0.539687 -0.824558 0.169829 0.578298 0.624509 1 6 1.000000
blank
  6 1.528945 -0.988180 70.997314 -0.539687 -0.824558 0.169829 0.578298 0.624509 1 6 1.000000
  6 1.135596 -0.872166 71.120155 0.051751 -0.997522 -0.047652 0.593102 0.629587 1 6 1.000000
  6 1.417472 -0.984171 70.694672 -0.504446 -0.825933 0.251731 0.585314 0.607677 1 6 1.000000
blank
  6 1.705906 -1.017476 71.453941 -0.471896 -0.869327 0.146917 0.568041 0.651456 1 6 1.000000
  6 1.304108 -0.915229 71.621872 0.015834 -0.998137 -0.058929 0.583334 0.659280 1 6 1.000000
  6 1.528945 -0.988180 70.997314 -0.539687 -0.824558 0.169829 0.578298 0.624509 1 6 1.000000
blank
  6 1.294666 -1.021178 70.444267 -0.270103 -0.847682 0.456596 0.592432 0.593490 1 6 1.000000
  6 1.414556 -1.152894 70.398903 -0.774586 -0.013804 0.632317 0.584619 0.594177 1 6 1.000000
  6 1.417472 -0.984171 70.694672 -0.504446 -0.825933 0.251731 0.585314 0.607677 1 6 1.000000
blank
  6 1.307275 -1.131767 70.299347 -0.617302 -0.755350 0.219966 0.577247 0.581617 1 6 1.000000
  6 1.414556 -1.152894 70.398903 -0.774586 -0.013804 0.632317 0.584619 0.594177 1 6 1.000000
  6 1.294666 -1.021178 70.444267 -0.270103 -0.847682 0.456596 0.592432 0.593490 1 6 1.000000
blank
  6 1.417472 -0.984171 70.694672 -0.504446 -0.825933 0.251731 0.585314 0.607677 1 6 1.000000
  6 1.515003 -1.177070 70.584198 -0.886661 0.033518 0.461204 0.579134 0.606690 1 6 1.000000
  6 1.528945 -0.988180 70.997314 -0.539687 -0.824558 0.169829 0.578298 0.624509 1 6 1.000000
blank
  6 1.414556 -1.152894 70.398903 -0.774586 -0.013804 0.632317 0.584619 0.594177 1 6 1.000000
  6 1.515003 -1.177070 70.584198 -0.886661 0.033518 0.461204 0.579134 0.606690 1 6 1.000000
  6 1.417472 -0.984171 70.694672 -0.504446 -0.825933 0.251731 0.585314 0.607677 1 6 1.000000
blank
  6 1.528945 -0.988180 70.997314 -0.539687 -0.824558 0.169829 0.578298 0.624509 1 6 1.000000
  6 1.667222 -1.220811 70.878418 -0.882793 0.016298 0.469479 0.572474 0.621864 1 6 1.000000
  6 1.705906 -1.017476 71.453941 -0.471896 -0.869327 0.146917 0.568041 0.651456 1 6 1.000000
blank
  6 1.515003 -1.177070 70.584198 -0.886661 0.033518 0.461204 0.579134 0.606690 1 6 1.000000
  6 1.667222 -1.220811 70.878418 -0.882793 0.016298 0.469479 0.572474 0.621864 1 6 1.000000
  6 1.528945 -0.988180 70.997314 -0.539687 -0.824558 0.169829 0.578298 0.624509 1 6 1.000000
blank
  6 1.667222 -1.220811 70.878418 -0.882793 0.016298 0.469479 0.572474 0.621864 1 6 1.000000
  6 1.884739 -1.278572 71.253586 -0.856829 -0.222019 0.465350 0.560421 0.644447 1 6 1.000000
  6 1.705906 -1.017476 71.453941 -0.471896 -0.869327 0.146917 0.568041 0.651456 1 6 1.000000
blank
  6 1.414556 -1.152894 70.398903 -0.774586 -0.013804 0.632317 0.584619 0.594177 1 6 1.000000
  6 1.335200 -1.307250 70.494492 -0.997730 -0.018335 0.064790 0.573493 0.591292 1 6 1.000000
  6 1.515003 -1.177070 70.584198 -0.886661 0.033518 0.461204 0.579134 0.606690 1 6 1.000000
blank
  6 1.335200 -1.307250 70.494492 -0.997730 -0.018335 0.064790 0.573493 0.591292 1 6 1.000000
  6 1.414556 -1.152894 70.398903 -0.774586 -0.013804 0.632317 0.584619 0.594177 1 6 1.000000
  6 1.307275 -1.131767 70.299347 -0.617302 -0.755350 0.219966 0.577247 0.581617 1 6 1.000000
blank
  6 1.667222 -1.220811 70.878418 -0.882793 0.016298 0.469479 0.572474 0.621864 1 6 1.000000
  6 1.515003 -1.177070 70.584198 -0.886661 0.033518 0.461204 0.579134 0.606690 1 6 1.000000
  6 1.404982 -1.342877 70.668457 -0.778973 0.466044 0.419528 0.571147 0.604846 1 6 1.000000
blank
  6 1.404982 -1.342877 70.668457 -0.778973 0.466044 0.419528 0.571147 0.604846 1 6 1.000000
  6 1.515003 -1.177070 70.584198 -0.886661 0.033518 0.461204 0.579134 0.606690 1 6 1.000000
  6 1.335200 -1.307250 70.494492 -0.997730 -0.018335 0.064790 0.573493 0.591292 1 6 1.000000
blank
  6 1.884739 -1.278572 71.253586 -0.856829 -0.222019 0.465350 0.560421 0.644447 1 6 1.000000
  6 1.667222 -1.220811 70.878418 -0.882793 0.016298 0.469479 0.572474 0.621864 1 6 1.000000
  6 1.493428 -1.411583 70.905647 -0.775576 0.449486 0.443220 0.566457 0.619255 1 6 1.000000
blank
  6 1.493428 -1.411583 70.905647 -0.775576 0.449486 0.443220 0.566457 0.619255 1 6 1.000000
  6 1.667222 -1.220811 70.878418 -0.882793 0.016298 0.469479 0.572474 0.621864 1 6 1.000000
  6 1.404982 -1.342877 70.668457 -0.778973 0.466044 0.419528 0.571147 0.604846 1 6 1.000000
blank
  6 1.596245 -1.515359 71.180191 -0.780776 0.406656 0.474362 0.557580 0.634996 1 6 1.000000
  6 1.884739 -1.278572 71.253586 -0.856829 -0.222019 0.465350 0.560421 0.644447 1 6 1.000000
  6 1.493428 -1.411583 70.905647 -0.775576 0.449486 0.443220 0.566457 0.619255 1 6 1.000000
blank
  6 1.335200 -1.307250 70.494492 -0.997730 -0.018335 0.064790 0.573493 0.591292 1 6 1.000000
  6 1.394529 -1.513110 70.754852 -0.983423 -0.142136 0.112587 0.564579 0.602759 1 6 1.000000
  6 1.404982 -1.342877 70.668457 -0.778973 0.466044 0.419528 0.571147 0.604846 1 6 1.000000
blank
  6 1.404982 -1.342877 70.668457 -0.778973 0.466044 0.419528 0.571147 0.604846 1 6 1.000000
  6 1.394529 -1.513110 70.754852 -0.983423 -0.142136 0.112587 0.564579 0.602759 1 6 1.000000
  6 1.493428 -1.411583 70.905647 -0.775576 0.449486 0.443220 0.566457 0.619255 1 6 1.000000
blank
  6 1.493428 -1.411583 70.905647 -0.775576 0.449486 0.443220 0.566457 0.619255 1 6 1.000000
  6 1.442866 -1.654598 70.927338 -0.956960 -0.246022 0.153950 0.559375 0.615734 1 6 1.000000
  6 1.596245 -1.515359 71.180191 -0.780776 0.406656 0.474362 0.557580 0.634996 1 6 1.000000
blank
  6 1.394529 -1.513110 70.754852 -0.983423 -0.142136 0.112587 0.564579 0.602759 1 6 1.000000
  6 1.442866 -1.654598 70.927338 -0.956960 -0.246022 0.153950 0.559375 0.615734 1 6 1.000000
  6 1.493428 -1.411583 70.905647 -0.775576 0.449486 0.443220 0.566457 0.619255 1 6 1.000000
blank
  6 1.442866 -1.654598 70.927338 -0.956960 -0.246022 0.153950 0.559375 0.615734 1 6 1.000000
  6 1.540685 -1.824695 71.149292 -0.895569 -0.435863 0.089329 0.551989 0.631385 1 6 1.000000
  6 1.596245 -1.515359 71.180191 -0.780776 0.406656 0.474362 0.557580 0.634996 1 6 1.000000
blank
  6 1.394529 -1.513110 70.754852 -0.983423 -0.142136 0.112587 0.564579 0.602759 1 6 1.000000
  6 1.335200 -1.307250 70.494492 -0.997730 -0.018335 0.064790 0.573493 0.591292 1 6 1.000000
  6 1.395128 -1.352304 70.447372 -0.653042 -0.594704 -0.468895 0.562556 0.586398 1 6 1.000000
blank
  6 1.395128 -1.352304 70.447372 -0.653042 -0.594704 -0.468895 0.562556 0.586398 1 6 1.000000
  6 1.335200 -1.307250 70.494492 -0.997730 -0.018335 0.064790 0.573493 0.591292 1 6 1.000000
  6 1.307275 -1.131767 70.299347 -0.617302 -0.755350 0.219966 0.577247 0.581617 1 6 1.000000
blank
  6 1.442866 -1.654598 70.927338 -0.956960 -0.246022 0.153950 0.559375 0.615734 1 6 1.000000
  6 1.394529 -1.513110 70.754852 -0.983423 -0.142136 0.112587 0.564579 0.602759 1 6 1.000000
  6 1.487281 -1.630646 70.650261 -0.675323 -0.635115 -0.374923 0.557214 0.599415 1 6 1.000000
blank
  6 1.487281 -1.630646 70.650261 -0.675323 -0.635115 -0.374923 0.557214 0.599415 1 6 1.000000
  6 1.394529 -1.513110 70.754852 -0.983423 -0.142136 0.112587 0.564579 0.602759 1 6 1.000000
  6 1.395128 -1.352304 70.447372 -0.653042 -0.594704 -0.468895 0.562556 0.586398 1 6 1.000000
blank
  6 1.540685 -1.824695 71.149292 -0.895569 -0.435863 0.089329 0.551989 0.631385 1 6 1.000000
  6 1.442866 -1.654598 70.927338 -0.956960 -0.246022 0.153950 0.559375 0.615734 1 6 1.000000
  6 1.562911 -1.775163 70.837631 -0.601686 -0.743092 -0.292894 0.552830 0.612496 1 6 1.000000
blank
  6 1.562911 -1.775163 70.837631 -0.601686 -0.743092 -0.292894 0.552830 0.612496 1 6 1.000000
  6 1.442866 -1.654598 70.927338 -0.956960 -0.246022 0.153950 0.559375 0.615734 1 6 1.000000
  6 1.487281 -1.630646 70.650261 -0.675323 -0.635115 -0.374923 0.557214 0.599415 1 6 1.000000
blank
  6 1.679133 -1.947589 71.072662 -0.549701 -0.780370 -0.298077 0.546094 0.627580 1 6 1.000000
  6 1.540685 -1.824695 71.149292 -0.895569 -0.435863 0.089329 0.551989 0.631385 1 6 1.000000
  6 1.562911 -1.775163 70.837631 -0.601686 -0.743092 -0.292894 0.552830 0.612496 1 6 1.000000
blank
  6 1.487281 -1.630646 70.650261 -0.675323 -0.635115 -0.374923 0.557214 0.599415 1 6 1.000000
  6 1.395128 -1.352304 70.447372 -0.653042 -0.594704 -0.468895 0.562556 0.586398 1 6 1.000000
  6 1.568201 -1.400051 70.334755 -0.457797 -0.580871 -0.673060 0.556451 0.582036 1 6 1.000000
blank
  6 1.568201 -1.400051 70.334755 -0.457797 -0.580871 -0.673060 0.556451 0.582036 1 6 1.000000
  6 1.395128 -1.352304 70.447372 -0.653042 -0.594704 -0.468895 0.562556 0.586398 1 6 1.000000
  6 1.307275 -1.131767 70.299347 -0.617302 -0.755350 0.219966 0.577247 0.581617 1 6 1.000000
blank
  6 1.562911 -1.775163 70.837631 -0.601686 -0.743092 -0.292894 0.552830 0.612496 1 6 1.000000
  6 1.487281 -1.630646 70.650261 -0.675323 -0.635115 -0.374923 0.557214 0.599415 1 6 1.000000
  6 1.684011 -1.672664 70.518051 -0.455160 -0.709570 -0.537902 0.549738 0.594865 1 6 1.000000
blank
  6 1.684011 -1.672664 70.518051 -0.455160 -0.709570 -0.537902 0.549738 0.594865 1 6 1.000000
  6 1.487281 -1.630646 70.650261 -0.675323 -0.635115 -0.374923 0.557214 0.599415 1 6 1.000000
  6 1.568201 -1.400051 70.334755 -0.457797 -0.580871 -0.673060 0.556451 0.582036 1 6 1.000000
blank
  6 1.679133 -1.947589 71.072662 -0.549701 -0.780370 -0.298077 0.546094 0.627580 1 6 1.000000
  6 1.562911 -1.775163 70.837631 -0.601686 -0.743092 -0.292894 0.552830 0.612496 1 6 1.000000
  6 1.777853 -1.816324 70.700867 -0.387333 -0.820750 -0.419930 0.544299 0.606670 1 6 1.000000
blank
  6 1.777853 -1.816324 70.700867 -0.387333 -0.820750 -0.419930 0.544299 0.606670 1 6 1.000000
  6 1.562911 -1.775163 70.837631 -0.601686 -0.743092 -0.292894 0.552830 0.612496 1 6 1.000000
  6 1.684011 -1.672664 70.518051 -0.455160 -0.709570 -0.537902 0.549738 0.594865 1 6 1.000000
blank
  6 1.902565 -1.987770 70.930145 -0.379608 -0.826667 -0.415355 0.537070 0.621410 1 6 1.000000
  6 1.679133 -1.947589 71.072662 -0.549701 -0.780370 -0.298077 0.546094 0.627580 1 6 1.000000
  6 1.777853 -1.816324 70.700867 -0.387333 -0.820750 -0.419930 0.544299 0.606670 1 6 1.000000
blank
  6 1.307275 -1.131767 70.299347 -0.617302 -0.755350 0.219966 0.577247 0.581617 1 6 1.000000
  6 1.773436 -1.385080 70.211906 -0.382785 -0.533843 -0.753981 0.550227 0.578453 1 6 1.000000
  6 1.568201 -1.400051 70.334755 -0.457797 -0.580871 -0.673060 0.556451 0.582036 1 6 1.000000
blank
  6 1.568201 -1.400051 70.334755 -0.457797 -0.580871 -0.673060 0.556451 0.582036 1 6 1.000000
  6 1.773436 -1.385080 70.211906 -0.382785 -0.533843 -0.753981 0.550227 0.578453 1 6 1.000000
  6 1.684011 -1.672664 70.518051 -0.455160 -0.709570 -0.537902 0.549738 0.594865 1 6 1.000000
blank
  6 1.307275 -1.131767 70.299347 -0.617302 -0.755350 0.219966 0.577247 0.581617 1 6 1.000000
  6 2.020584 -1.071960 69.899712 0.209134 -0.662089 -0.719653 0.535902 0.557770 1 6 1.000000
  6 1.773436 -1.385080 70.211906 -0.382785 -0.533843 -0.753981 0.550227 0.578453 1 6 1.000000
blank
  6 1.684011 -1.672664 70.518051 -0.455160 -0.709570 -0.537902 0.549738 0.594865 1 6 1.000000
  6 1.920863 -1.706560 70.369690 -0.317233 -0.699444 -0.640423 0.541682 0.590166 1 6 1.000000
  6 1.777853 -1.816324 70.700867 -0.387333 -0.820750 -0.419930 0.544299 0.606670 1 6 1.000000
blank
  6 1.773436 -1.385080 70.211906 -0.382785 -0.533843 -0.753981 0.550227 0.578453 1 6 1.000000
  6 1.920863 -1.706560 70.369690 -0.317233 -0.699444 -0.640423 0.541682 0.590166 1 6 1.000000
  6 1.684011 -1.672664 70.518051 -0.455160 -0.709570 -0.537902 0.549738 0.594865 1 6 1.000000
blank
  6 1.777853 -1.816324 70.700867 -0.387333 -0.820750 -0.419930 0.544299 0.606670 1 6 1.000000
  6 2.046176 -1.849342 70.546349 -0.247694 -0.828912 -0.501551 0.534418 0.601604 1 6 1.000000
  6 1.902565 -1.987770 70.930145 -0.379608 -0.826667 -0.415355 0.537070 0.621410 1 6 1.000000
blank
  6 1.920863 -1.706560 70.369690 -0.317233 -0.699444 -0.640423 0.541682 0.590166 1 6 1.000000
  6 2.046176 -1.849342 70.546349 -0.247694 -0.828912 -0.501551 0.534418 0.601604 1 6 1.000000
  6 1.777853 -1.816324 70.700867 -0.387333 -0.820750 -0.419930 0.544299 0.606670 1 6 1.000000
blank
  6 2.046176 -1.849342 70.546349 -0.247694 -0.828912 -0.501551 0.534418 0.601604 1 6 1.000000
  6 2.177275 -2.017395 70.755829 -0.254855 -0.825850 -0.503012 0.526819 0.615160 1 6 1.000000
  6 1.902565 -1.987770 70.930145 -0.379608 -0.826667 -0.415355 0.537070 0.621410 1 6 1.000000
blank
  6 2.530640 -1.959852 70.581482 -0.033675 -0.761517 -0.647270 0.517559 0.610733 1 6 1.000000
  6 2.177275 -2.017395 70.755829 -0.254855 -0.825850 -0.503012 0.526819 0.615160 1 6 1.000000
  6 2.046176 -1.849342 70.546349 -0.247694 -0.828912 -0.501551 0.534418 0.601604 1 6 1.000000
blank
  6 2.046176 -1.849342 70.546349 -0.247694 -0.828912 -0.501551 0.534418 0.601604 1 6 1.000000
  6 2.326516 -1.796668 70.400642 -0.049262 -0.752026 -0.657290 0.527069 0.597242 1 6 1.000000
  6 2.530640 -1.959852 70.581482 -0.033675 -0.761517 -0.647270 0.517559 0.610733 1 6 1.000000
blank
  6 2.326516 -1.796668 70.400642 -0.049262 -0.752026 -0.657290 0.527069 0.597242 1 6 1.000000
  6 2.046176 -1.849342 70.546349 -0.247694 -0.828912 -0.501551 0.534418 0.601604 1 6 1.000000
  6 1.920863 -1.706560 70.369690 -0.317233 -0.699444 -0.640423 0.541682 0.590166 1 6 1.000000
blank
  6 2.747294 -1.846148 70.483345 0.202311 -0.576625 -0.791564 0.508461 0.606029 1 6 1.000000
  6 2.530640 -1.959852 70.581482 -0.033675 -0.761517 -0.647270 0.517559 0.610733 1 6 1.000000
  6 2.326516 -1.796668 70.400642 -0.049262 -0.752026 -0.657290 0.527069 0.597242 1 6 1.000000
blank
  6 2.169076 -1.636240 70.245041 -0.110555 -0.637499 -0.762478 0.536195 0.586899 1 6 1.000000
  6 1.920863 -1.706560 70.369690 -0.317233 -0.699444 -0.640423 0.541682 0.590166 1 6 1.000000
  6 1.773436 -1.385080 70.211906 -0.382785 -0.533843 -0.753981 0.550227 0.578453 1 6 1.000000
blank
  6 1.920863 -1.706560 70.369690 -0.317233 -0.699444 -0.640423 0.541682 0.590166 1 6 1.000000
  6 2.169076 -1.636240 70.245041 -0.110555 -0.637499 -0.762478 0.536195 0.586899 1 6 1.000000
  6 2.326516 -1.796668 70.400642 -0.049262 -0.752026 -0.657290 0.527069 0.597242 1 6 1.000000
blank
  6 2.326516 -1.796668 70.400642 -0.049262 -0.752026 -0.657290 0.527069 0.597242 1 6 1.000000
  6 2.531876 -1.708196 70.328018 0.143171 -0.621435 -0.770273 0.519425 0.594079 1 6 1.000000
  6 2.747294 -1.846148 70.483345 0.202311 -0.576625 -0.791564 0.508461 0.606029 1 6 1.000000
blank
  6 2.531876 -1.708196 70.328018 0.143171 -0.621435 -0.770273 0.519425 0.594079 1 6 1.000000
  6 2.326516 -1.796668 70.400642 -0.049262 -0.752026 -0.657290 0.527069 0.597242 1 6 1.000000
  6 2.169076 -1.636240 70.245041 -0.110555 -0.637499 -0.762478 0.536195 0.586899 1 6 1.000000
blank
  6 2.842543 -1.709442 70.450195 0.647538 -0.071008 -0.758717 0.502040 0.603082 1 6 1.000000
  6 2.747294 -1.846148 70.483345 0.202311 -0.576625 -0.791564 0.508461 0.606029 1 6 1.000000
  6 2.531876 -1.708196 70.328018 0.143171 -0.621435 -0.770273 0.519425 0.594079 1 6 1.000000
blank
  6 1.773436 -1.385080 70.211906 -0.382785 -0.533843 -0.753981 0.550227 0.578453 1 6 1.000000
  6 2.008057 -1.366800 70.089890 -0.282402 -0.562112 -0.777354 0.545528 0.575743 1 6 1.000000
  6 2.169076 -1.636240 70.245041 -0.110555 -0.637499 -0.762478 0.536195 0.586899 1 6 1.000000
blank
  6 2.008057 -1.366800 70.089890 -0.282402 -0.562112 -0.777354 0.545528 0.575743 1 6 1.000000
  6 1.773436 -1.385080 70.211906 -0.382785 -0.533843 -0.753981 0.550227 0.578453 1 6 1.000000
  6 2.020584 -1.071960 69.899712 0.209134 -0.662089 -0.719653 0.535902 0.557770 1 6 1.000000
blank
  6 2.169076 -1.636240 70.245041 -0.110555 -0.637499 -0.762478 0.536195 0.586899 1 6 1.000000
  6 2.318779 -1.549419 70.178200 0.082384 -0.543956 -0.835059 0.529646 0.583588 1 6 1.000000
  6 2.531876 -1.708196 70.328018 0.143171 -0.621435 -0.770273 0.519425 0.594079 1 6 1.000000
blank
  6 2.318779 -1.549419 70.178200 0.082384 -0.543956 -0.835059 0.529646 0.583588 1 6 1.000000
  6 2.169076 -1.636240 70.245041 -0.110555 -0.637499 -0.762478 0.536195 0.586899 1 6 1.000000
  6 2.008057 -1.366800 70.089890 -0.282402 -0.562112 -0.777354 0.545528 0.575743 1 6 1.000000
blank
  6 2.531876 -1.708196 70.328018 0.143171 -0.621435 -0.770273 0.519425 0.594079 1 6 1.000000
  6 2.697945 -1.601674 70.299156 0.619389 -0.096459 -0.779136 0.513128 0.592121 1 6 1.000000
  6 2.842543 -1.709442 70.450195 0.647538 -0.071008 -0.758717 0.502040 0.603082 1 6 1.000000
blank
  6 2.697945 -1.601674 70.299156 0.619389 -0.096459 -0.779136 0.513128 0.592121 1 6 1.000000
  6 2.531876 -1.708196 70.328018 0.143171 -0.621435 -0.770273 0.519425 0.594079 1 6 1.000000
  6 2.318779 -1.549419 70.178200 0.082384 -0.543956 -0.835059 0.529646 0.583588 1 6 1.000000
blank
  6 2.824785 -1.554674 70.573524 0.717880 0.642967 -0.266913 0.493840 0.603104 1 6 1.000000
  6 2.842543 -1.709442 70.450195 0.647538 -0.071008 -0.758717 0.502040 0.603082 1 6 1.000000
  6 2.697945 -1.601674 70.299156 0.619389 -0.096459 -0.779136 0.513128 0.592121 1 6 1.000000
blank
  6 2.008057 -1.366800 70.089890 -0.282402 -0.562112 -0.777354 0.545528 0.575743 1 6 1.000000
  6 2.132547 -1.335592 70.032928 -0.020960 -0.511958 -0.858755 0.540441 0.573438 1 6 1.000000
  6 2.318779 -1.549419 70.178200 0.082384 -0.543956 -0.835059 0.529646 0.583588 1 6 1.000000
blank
  6 2.020584 -1.071960 69.899712 0.209134 -0.662089 -0.719653 0.535902 0.557770 1 6 1.000000
  6 2.132547 -1.335592 70.032928 -0.020960 -0.511958 -0.858755 0.540441 0.573438 1 6 1.000000
  6 2.008057 -1.366800 70.089890 -0.282402 -0.562112 -0.777354 0.545528 0.575743 1 6 1.000000
blank
  6 2.318779 -1.549419 70.178200 0.082384 -0.543956 -0.835059 0.529646 0.583588 1 6 1.000000
  6 2.451123 -1.410076 70.137756 0.520788 -0.058630 -0.851670 0.523498 0.581037 1 6 1.000000
  6 2.697945 -1.601674 70.299156 0.619389 -0.096459 -0.779136 0.513128 0.592121 1 6 1.000000
blank
  6 2.451123 -1.410076 70.137756 0.520788 -0.058630 -0.851670 0.523498 0.581037 1 6 1.000000
  6 2.318779 -1.549419 70.178200 0.082384 -0.543956 -0.835059 0.529646 0.583588 1 6 1.000000
  6 2.132547 -1.335592 70.032928 -0.020960 -0.511958 -0.858755 0.540441 0.573438 1 6 1.000000
blank
  6 2.697945 -1.601674 70.299156 0.619389 -0.096459 -0.779136 0.513128 0.592121 1 6 1.000000
  6 2.615885 -1.420001 70.337921 0.709234 0.626884 -0.322495 0.506440 0.589892 1 6 1.000000
  6 2.824785 -1.554674 70.573524 0.717880 0.642967 -0.266913 0.493840 0.603104 1 6 1.000000
blank
  6 2.615885 -1.420001 70.337921 0.709234 0.626884 -0.322495 0.506440 0.589892 1 6 1.000000
  6 2.697945 -1.601674 70.299156 0.619389 -0.096459 -0.779136 0.513128 0.592121 1 6 1.000000
  6 2.451123 -1.410076 70.137756 0.520788 -0.058630 -0.851670 0.523498 0.581037 1 6 1.000000
blank
  6 2.602604 -1.367156 70.820160 0.385409 -0.796223 -0.466357 0.483525 0.601946 1 6 1.000000
  6 2.824785 -1.554674 70.573524 0.717880 0.642967 -0.266913 0.493840 0.603104 1 6 1.000000
  6 2.615885 -1.420001 70.337921 0.709234 0.626884 -0.322495 0.506440 0.589892 1 6 1.000000
blank
  6 2.132547 -1.335592 70.032928 -0.020960 -0.511958 -0.858755 0.540441 0.573438 1 6 1.000000
  6 2.228665 -1.216160 70.004875 0.480103 -0.014181 -0.877097 0.536393 0.571766 1 6 1.000000
  6 2.451123 -1.410076 70.137756 0.520788 -0.058630 -0.851670 0.523498 0.581037 1 6 1.000000
blank
  6 2.020584 -1.071960 69.899712 0.209134 -0.662089 -0.719653 0.535902 0.557770 1 6 1.000000
  6 2.228665 -1.216160 70.004875 0.480103 -0.014181 -0.877097 0.536393 0.571766 1 6 1.000000
  6 2.132547 -1.335592 70.032928 -0.020960 -0.511958 -0.858755 0.540441 0.573438 1 6 1.000000
blank
  6 2.451123 -1.410076 70.137756 0.520788 -0.058630 -0.851670 0.523498 0.581037 1 6 1.000000
  6 2.422581 -1.282656 70.171738 0.705891 0.592161 -0.388668 0.517891 0.577977 1 6 1.000000
  6 2.615885 -1.420001 70.337921 0.709234 0.626884 -0.322495 0.506440 0.589892 1 6 1.000000
blank
  6 2.422581 -1.282656 70.171738 0.705891 0.592161 -0.388668 0.517891 0.577977 1 6 1.000000
  6 2.451123 -1.410076 70.137756 0.520788 -0.058630 -0.851670 0.523498 0.581037 1 6 1.000000
  6 2.228665 -1.216160 70.004875 0.480103 -0.014181 -0.877097 0.536393 0.571766 1 6 1.000000
blank
  6 2.615885 -1.420001 70.337921 0.709234 0.626884 -0.322495 0.506440 0.589892 1 6 1.000000
  6 2.459880 -1.279468 70.535301 0.717861 -0.402373 -0.568130 0.499178 0.586375 1 6 1.000000
  6 2.602604 -1.367156 70.820160 0.385409 -0.796223 -0.466357 0.483525 0.601946 1 6 1.000000
blank
  6 2.459880 -1.279468 70.535301 0.717861 -0.402373 -0.568130 0.499178 0.586375 1 6 1.000000
  6 2.615885 -1.420001 70.337921 0.709234 0.626884 -0.322495 0.506440 0.589892 1 6 1.000000
  6 2.422581 -1.282656 70.171738 0.705891 0.592161 -0.388668 0.517891 0.577977 1 6 1.000000
blank
  6 2.848351 -1.459662 70.697479 -0.441940 -0.895632 -0.050324 0.476456 0.596611 1 6 1.000000
  6 2.602604 -1.367156 70.820160 0.385409 -0.796223 -0.466357 0.483525 0.601946 1 6 1.000000
  6 2.459880 -1.279468 70.535301 0.717861 -0.402373 -0.568130 0.499178 0.586375 1 6 1.000000
blank
  6 2.228665 -1.216160 70.004875 0.480103 -0.014181 -0.877097 0.536393 0.571766 1 6 1.000000
  6 2.225873 -1.145967 70.036316 0.616180 0.671422 -0.411721 0.529047 0.568031 1 6 1.000000
  6 2.422581 -1.282656 70.171738 0.705891 0.592161 -0.388668 0.517891 0.577977 1 6 1.000000
blank
  6 2.225873 -1.145967 70.036316 0.616180 0.671422 -0.411721 0.529047 0.568031 1 6 1.000000
  6 2.228665 -1.216160 70.004875 0.480103 -0.014181 -0.877097 0.536393 0.571766 1 6 1.000000
  6 2.020584 -1.071960 69.899712 0.209134 -0.662089 -0.719653 0.535902 0.557770 1 6 1.000000
blank
  6 2.848351 -1.459662 70.697479 -0.441940 -0.895632 -0.050324 0.476456 0.596611 1 6 1.000000
  6 2.459880 -1.279468 70.535301 0.717861 -0.402373 -0.568130 0.499178 0.586375 1 6 1.000000
  6 2.621025 -1.329099 70.400230 -0.453533 -0.887772 -0.078533 0.492585 0.580791 1 6 1.000000
blank
  6 2.621025 -1.329099 70.400230 -0.453533 -0.887772 -0.078533 0.492585 0.580791 1 6 1.000000
  6 3.102343 -1.598334 70.425873 -0.371867 -0.914898 -0.157089 0.470739 0.589391 1 6 1.000000
  6 2.848351 -1.459662 70.697479 -0.441940 -0.895632 -0.050324 0.476456 0.596611 1 6 1.000000
blank
  6 2.422581 -1.282656 70.171738 0.705891 0.592161 -0.388668 0.517891 0.577977 1 6 1.000000
  6 2.283180 -1.166269 70.262314 0.612493 -0.208412 -0.762507 0.511634 0.573400 1 6 1.000000
  6 2.459880 -1.279468 70.535301 0.717861 -0.402373 -0.568130 0.499178 0.586375 1 6 1.000000
blank
  6 2.422581 -1.282656 70.171738 0.705891 0.592161 -0.388668 0.517891 0.577977 1 6 1.000000
  6 2.225873 -1.145967 70.036316 0.616180 0.671422 -0.411721 0.529047 0.568031 1 6 1.000000
  6 2.283180 -1.166269 70.262314 0.612493 -0.208412 -0.762507 0.511634 0.573400 1 6 1.000000
blank
  6 2.621025 -1.329099 70.400230 -0.453533 -0.887772 -0.078533 0.492585 0.580791 1 6 1.000000
  6 2.459880 -1.279468 70.535301 0.717861 -0.402373 -0.568130 0.499178 0.586375 1 6 1.000000
  6 2.283180 -1.166269 70.262314 0.612493 -0.208412 -0.762507 0.511634 0.573400 1 6 1.000000
blank
  6 2.145676 -1.102339 70.065063 0.804567 0.094559 -0.586286 0.523294 0.563785 1 6 1.000000
  6 2.283180 -1.166269 70.262314 0.612493 -0.208412 -0.762507 0.511634 0.573400 1 6 1.000000
  6 2.225873 -1.145967 70.036316 0.616180 0.671422 -0.411721 0.529047 0.568031 1 6 1.000000
blank
  6 2.020584 -1.071960 69.899712 0.209134 -0.662089 -0.719653 0.535902 0.557770 1 6 1.000000
  6 2.145676 -1.102339 70.065063 0.804567 0.094559 -0.586286 0.523294 0.563785 1 6 1.000000
  6 2.225873 -1.145967 70.036316 0.616180 0.671422 -0.411721 0.529047 0.568031 1 6 1.000000
blank
  6 2.621025 -1.329099 70.400230 -0.453533 -0.887772 -0.078533 0.492585 0.580791 1 6 1.000000
  6 2.283180 -1.166269 70.262314 0.612493 -0.208412 -0.762507 0.511634 0.573400 1 6 1.000000
  6 2.402160 -1.168309 70.161346 -0.401198 -0.865286 -0.300534 0.506009 0.566379 1 6 1.000000
blank
  6 2.145676 -1.102339 70.065063 0.804567 0.094559 -0.586286 0.523294 0.563785 1 6 1.000000
  6 2.199531 -1.018490 69.983398 0.137489 -0.893942 -0.426572 0.517016 0.556909 1 6 1.000000
  6 2.283180 -1.166269 70.262314 0.612493 -0.208412 -0.762507 0.511634 0.573400 1 6 1.000000
blank
  6 2.402160 -1.168309 70.161346 -0.401198 -0.865286 -0.300534 0.506009 0.566379 1 6 1.000000
  6 2.283180 -1.166269 70.262314 0.612493 -0.208412 -0.762507 0.511634 0.573400 1 6 1.000000
  6 2.199531 -1.018490 69.983398 0.137489 -0.893942 -0.426572 0.517016 0.556909 1 6 1.000000
blank
  6 2.199531 -1.018490 69.983398 0.137489 -0.893942 -0.426572 0.517016 0.556909 1 6 1.000000
  6 2.145676 -1.102339 70.065063 0.804567 0.094559 -0.586286 0.523294 0.563785 1 6 1.000000
  6 2.020584 -1.071960 69.899712 0.209134 -0.662089 -0.719653 0.535902 0.557770 1 6 1.000000
blank
  6 2.402160 -1.168309 70.161346 -0.401198 -0.865286 -0.300534 0.506009 0.566379 1 6 1.000000
  6 2.798627 -1.437834 70.161720 -0.422631 -0.878006 -0.224697 0.488344 0.572696 1 6 1.000000
  6 2.621025 -1.329099 70.400230 -0.453533 -0.887772 -0.078533 0.492585 0.580791 1 6 1.000000
blank
  6 2.621025 -1.329099 70.400230 -0.453533 -0.887772 -0.078533 0.492585 0.580791 1 6 1.000000
  6 2.798627 -1.437834 70.161720 -0.422631 -0.878006 -0.224697 0.488344 0.572696 1 6 1.000000
  6 3.102343 -1.598334 70.425873 -0.371867 -0.914898 -0.157089 0.470739 0.589391 1 6 1.000000
blank
  6 2.199531 -1.018490 69.983398 0.137489 -0.893942 -0.426572 0.517016 0.556909 1 6 1.000000
  6 2.548096 -1.170806 69.954185 -0.498052 -0.745152 -0.443500 0.501143 0.558815 1 6 1.000000
  6 2.402160 -1.168309 70.161346 -0.401198 -0.865286 -0.300534 0.506009 0.566379 1 6 1.000000
blank
  6 2.402160 -1.168309 70.161346 -0.401198 -0.865286 -0.300534 0.506009 0.566379 1 6 1.000000
  6 2.548096 -1.170806 69.954185 -0.498052 -0.745152 -0.443500 0.501143 0.558815 1 6 1.000000
  6 2.798627 -1.437834 70.161720 -0.422631 -0.878006 -0.224697 0.488344 0.572696 1 6 1.000000
blank
  6 2.020584 -1.071960 69.899712 0.209134 -0.662089 -0.719653 0.535902 0.557770 1 6 1.000000
  6 2.387287 -0.915869 69.803551 -0.040101 -0.943362 -0.329333 0.511449 0.549003 1 6 1.000000
  6 2.199531 -1.018490 69.983398 0.137489 -0.893942 -0.426572 0.517016 0.556909 1 6 1.000000
blank
  6 2.199531 -1.018490 69.983398 0.137489 -0.893942 -0.426572 0.517016 0.556909 1 6 1.000000
  6 2.387287 -0.915869 69.803551 -0.040101 -0.943362 -0.329333 0.511449 0.549003 1 6 1.000000
  6 2.548096 -1.170806 69.954185 -0.498052 -0.745152 -0.443500 0.501143 0.558815 1 6 1.000000
blank
  6 2.611671 -0.856599 69.503899 -0.244114 -0.923915 0.294601 0.506091 0.539294 1 6 1.000000
  6 2.387287 -0.915869 69.803551 -0.040101 -0.943362 -0.329333 0.511449 0.549003 1 6 1.000000
  6 2.020584 -1.071960 69.899712 0.209134 -0.662089 -0.719653 0.535902 0.557770 1 6 1.000000
blank
  6 2.548096 -1.170806 69.954185 -0.498052 -0.745152 -0.443500 0.501143 0.558815 1 6 1.000000
  6 2.387287 -0.915869 69.803551 -0.040101 -0.943362 -0.329333 0.511449 0.549003 1 6 1.000000
  6 2.611671 -0.856599 69.503899 -0.244114 -0.923915 0.294601 0.506091 0.539294 1 6 1.000000
blank
  6 2.020584 -1.071960 69.899712 0.209134 -0.662089 -0.719653 0.535902 0.557770 1 6 1.000000
  6 2.650748 -0.994975 69.374130 -0.738310 -0.674411 -0.008274 0.499375 0.526419 1 6 1.000000
  6 2.611671 -0.856599 69.503899 -0.244114 -0.923915 0.294601 0.506091 0.539294 1 6 1.000000
blank
  6 2.742028 -1.164817 69.700859 -0.503354 -0.756496 -0.417551 0.496987 0.551800 1 6 1.000000
  6 2.548096 -1.170806 69.954185 -0.498052 -0.745152 -0.443500 0.501143 0.558815 1 6 1.000000
  6 2.611671 -0.856599 69.503899 -0.244114 -0.923915 0.294601 0.506091 0.539294 1 6 1.000000
blank
  6 2.798627 -1.437834 70.161720 -0.422631 -0.878006 -0.224697 0.488344 0.572696 1 6 1.000000
  6 2.548096 -1.170806 69.954185 -0.498052 -0.745152 -0.443500 0.501143 0.558815 1 6 1.000000
  6 2.742028 -1.164817 69.700859 -0.503354 -0.756496 -0.417551 0.496987 0.551800 1 6 1.000000
blank
  6 2.611671 -0.856599 69.503899 -0.244114 -0.923915 0.294601 0.506091 0.539294 1 6 1.000000
  6 2.650748 -0.994975 69.374130 -0.738310 -0.674411 -0.008274 0.499375 0.526419 1 6 1.000000
  6 2.742028 -1.164817 69.700859 -0.503354 -0.756496 -0.417551 0.496987 0.551800 1 6 1.000000
blank
  6 3.102343 -1.598334 70.425873 -0.371867 -0.914898 -0.157089 0.470739 0.589391 1 6 1.000000
  6 2.798627 -1.437834 70.161720 -0.422631 -0.878006 -0.224697 0.488344 0.572696 1 6 1.000000
  6 2.985607 -1.402419 69.942558 -0.155244 -0.846619 -0.509054 0.482675 0.567015 1 6 1.000000
blank
  6 2.985607 -1.402419 69.942558 -0.155244 -0.846619 -0.509054 0.482675 0.567015 1 6 1.000000
  6 2.798627 -1.437834 70.161720 -0.422631 -0.878006 -0.224697 0.488344 0.572696 1 6 1.000000
  6 2.742028 -1.164817 69.700859 -0.503354 -0.756496 -0.417551 0.496987 0.551800 1 6 1.000000
blank
  6 3.274937 -1.564183 70.175301 -0.248433 -0.899484 -0.359456 0.465711 0.581882 1 6 1.000000
  6 3.102343 -1.598334 70.425873 -0.371867 -0.914898 -0.157089 0.470739 0.589391 1 6 1.000000
  6 2.985607 -1.402419 69.942558 -0.155244 -0.846619 -0.509054 0.482675 0.567015 1 6 1.000000
blank
  6 2.742028 -1.164817 69.700859 -0.503354 -0.756496 -0.417551 0.496987 0.551800 1 6 1.000000
  6 2.804322 -1.171980 69.668388 -0.686158 -0.723240 -0.078177 0.490474 0.545004 1 6 1.000000
  6 2.985607 -1.402419 69.942558 -0.155244 -0.846619 -0.509054 0.482675 0.567015 1 6 1.000000
blank
  6 2.650748 -0.994975 69.374130 -0.738310 -0.674411 -0.008274 0.499375 0.526419 1 6 1.000000
  6 2.804322 -1.171980 69.668388 -0.686158 -0.723240 -0.078177 0.490474 0.545004 1 6 1.000000
  6 2.742028 -1.164817 69.700859 -0.503354 -0.756496 -0.417551 0.496987 0.551800 1 6 1.000000
blank
  6 2.985607 -1.402419 69.942558 -0.155244 -0.846619 -0.509054 0.482675 0.567015 1 6 1.000000
  6 3.050693 -1.372568 69.908852 -0.542551 -0.838627 -0.048398 0.476193 0.560623 1 6 1.000000
  6 3.274937 -1.564183 70.175301 -0.248433 -0.899484 -0.359456 0.465711 0.581882 1 6 1.000000
blank
  6 2.804322 -1.171980 69.668388 -0.686158 -0.723240 -0.078177 0.490474 0.545004 1 6 1.000000
  6 3.050693 -1.372568 69.908852 -0.542551 -0.838627 -0.048398 0.476193 0.560623 1 6 1.000000
  6 2.985607 -1.402419 69.942558 -0.155244 -0.846619 -0.509054 0.482675 0.567015 1 6 1.000000
blank
  6 3.050693 -1.372568 69.908852 -0.542551 -0.838627 -0.048398 0.476193 0.560623 1 6 1.000000
  6 3.308335 -1.520891 70.056068 -0.572890 -0.794276 0.202292 0.461259 0.570382 1 6 1.000000
  6 3.274937 -1.564183 70.175301 -0.248433 -0.899484 -0.359456 0.465711 0.581882 1 6 1.000000
blank
  6 3.308335 -1.520891 70.056068 -0.572890 -0.794276 0.202292 0.461259 0.570382 1 6 1.000000
  6 3.050693 -1.372568 69.908852 -0.542551 -0.838627 -0.048398 0.476193 0.560623 1 6 1.000000
  6 3.244362 -1.612795 70.021599 -0.634967 -0.432812 0.639915 0.461924 0.560086 1 6 1.000000
blank
  6 2.804322 -1.171980 69.668388 -0.686158 -0.723240 -0.078177 0.490474 0.545004 1 6 1.000000
  6 2.863790 -1.349750 69.657143 -0.823919 -0.463250 0.326430 0.485048 0.539426 1 6 1.000000
  6 3.050693 -1.372568 69.908852 -0.542551 -0.838627 -0.048398 0.476193 0.560623 1 6 1.000000
blank
  6 2.863790 -1.349750 69.657143 -0.823919 -0.463250 0.326430 0.485048 0.539426 1 6 1.000000
  6 2.804322 -1.171980 69.668388 -0.686158 -0.723240 -0.078177 0.490474 0.545004 1 6 1.000000
  6 2.650748 -0.994975 69.374130 -0.738310 -0.674411 -0.008274 0.499375 0.526419 1 6 1.000000
blank
  6 3.095928 -1.505347 69.891144 -0.753784 -0.474264 0.454845 0.471593 0.551224 1 6 1.000000
  6 3.244362 -1.612795 70.021599 -0.634967 -0.432812 0.639915 0.461924 0.560086 1 6 1.000000
  6 3.050693 -1.372568 69.908852 -0.542551 -0.838627 -0.048398 0.476193 0.560623 1 6 1.000000
blank
  6 3.095928 -1.505347 69.891144 -0.753784 -0.474264 0.454845 0.471593 0.551224 1 6 1.000000
  6 3.050693 -1.372568 69.908852 -0.542551 -0.838627 -0.048398 0.476193 0.560623 1 6 1.000000
  6 2.863790 -1.349750 69.657143 -0.823919 -0.463250 0.326430 0.485048 0.539426 1 6 1.000000
blank
  6 3.244362 -1.612795 70.021599 -0.634967 -0.432812 0.639915 0.461924 0.560086 1 6 1.000000
  6 3.095928 -1.505347 69.891144 -0.753784 -0.474264 0.454845 0.471593 0.551224 1 6 1.000000
  6 3.117772 -1.577997 69.803589 -0.607010 -0.780018 0.152021 0.468435 0.542971 1 6 1.000000
blank
  6 3.095928 -1.505347 69.891144 -0.753784 -0.474264 0.454845 0.471593 0.551224 1 6 1.000000
  6 2.863790 -1.349750 69.657143 -0.823919 -0.463250 0.326430 0.485048 0.539426 1 6 1.000000
  6 3.117772 -1.577997 69.803589 -0.607010 -0.780018 0.152021 0.468435 0.542971 1 6 1.000000
blank
  6 3.267931 -1.636472 69.927246 -0.358022 -0.930622 0.075912 0.459151 0.550911 1 6 1.000000
  6 3.244362 -1.612795 70.021599 -0.634967 -0.432812 0.639915 0.461924 0.560086 1 6 1.000000
  6 3.117772 -1.577997 69.803589 -0.607010 -0.780018 0.152021 0.468435 0.542971 1 6 1.000000
blank
  6 2.872783 -1.381358 69.587173 -0.765467 -0.643455 -0.005052 0.482249 0.532726 1 6 1.000000
  6 2.863790 -1.349750 69.657143 -0.823919 -0.463250 0.326430 0.485048 0.539426 1 6 1.000000
  6 2.650748 -0.994975 69.374130 -0.738310 -0.674411 -0.008274 0.499375 0.526419 1 6 1.000000
blank
  6 2.872783 -1.381358 69.587173 -0.765467 -0.643455 -0.005052 0.482249 0.532726 1 6 1.000000
  6 3.117772 -1.577997 69.803589 -0.607010 -0.780018 0.152021 0.468435 0.542971 1 6 1.000000
  6 2.863790 -1.349750 69.657143 -0.823919 -0.463250 0.326430 0.485048 0.539426 1 6 1.000000
blank
  6 2.953249 -1.428279 69.425362 -0.604003 -0.726092 -0.328588 0.478165 0.523872 1 6 1.000000
  6 2.872783 -1.381358 69.587173 -0.765467 -0.643455 -0.005052 0.482249 0.532726 1 6 1.000000
  6 2.650748 -0.994975 69.374130 -0.738310 -0.674411 -0.008274 0.499375 0.526419 1 6 1.000000
blank
  6 3.117772 -1.577997 69.803589 -0.607010 -0.780018 0.152021 0.468435 0.542971 1 6 1.000000
  6 2.872783 -1.381358 69.587173 -0.765467 -0.643455 -0.005052 0.482249 0.532726 1 6 1.000000
  6 2.953249 -1.428279 69.425362 -0.604003 -0.726092 -0.328588 0.478165 0.523872 1 6 1.000000
blank
  6 3.267931 -1.636472 69.927246 -0.358022 -0.930622 0.075912 0.459151 0.550911 1 6 1.000000
  6 3.117772 -1.577997 69.803589 -0.607010 -0.780018 0.152021 0.468435 0.542971 1 6 1.000000
  6 3.191151 -1.624528 69.598007 -0.287742 -0.943842 -0.162378 0.464376 0.535488 1 6 1.000000
blank
  6 3.191151 -1.624528 69.598007 -0.287742 -0.943842 -0.162378 0.464376 0.535488 1 6 1.000000
  6 3.117772 -1.577997 69.803589 -0.607010 -0.780018 0.152021 0.468435 0.542971 1 6 1.000000
  6 2.953249 -1.428279 69.425362 -0.604003 -0.726092 -0.328588 0.478165 0.523872 1 6 1.000000
blank
  6 3.347436 -1.630075 69.721130 0.045494 -0.994324 -0.096179 0.455317 0.542736 1 6 1.000000
  6 3.267931 -1.636472 69.927246 -0.358022 -0.930622 0.075912 0.459151 0.550911 1 6 1.000000
  6 3.191151 -1.624528 69.598007 -0.287742 -0.943842 -0.162378 0.464376 0.535488 1 6 1.000000
blank
  6 2.650748 -0.994975 69.374130 -0.738310 -0.674411 -0.008274 0.499375 0.526419 1 6 1.000000
  6 3.085761 -1.335774 69.148529 -0.505666 -0.649296 -0.568082 0.474161 0.515844 1 6 1.000000
  6 2.953249 -1.428279 69.425362 -0.604003 -0.726092 -0.328588 0.478165 0.523872 1 6 1.000000
blank
  6 2.953249 -1.428279 69.425362 -0.604003 -0.726092 -0.328588 0.478165 0.523872 1 6 1.000000
  6 3.085761 -1.335774 69.148529 -0.505666 -0.649296 -0.568082 0.474161 0.515844 1 6 1.000000
  6 3.191151 -1.624528 69.598007 -0.287742 -0.943842 -0.162378 0.464376 0.535488 1 6 1.000000
blank
  6 2.650748 -0.994975 69.374130 -0.738310 -0.674411 -0.008274 0.499375 0.526419 1 6 1.000000
  6 3.127347 -0.912689 68.786751 -0.033282 -0.614111 -0.788518 0.471750 0.491411 1 6 1.000000
  6 3.085761 -1.335774 69.148529 -0.505666 -0.649296 -0.568082 0.474161 0.515844 1 6 1.000000
blank
  6 3.191151 -1.624528 69.598007 -0.287742 -0.943842 -0.162378 0.464376 0.535488 1 6 1.000000
  6 3.333750 -1.550006 69.280258 -0.107705 -0.897446 -0.427774 0.459786 0.525205 1 6 1.000000
  6 3.347436 -1.630075 69.721130 0.045494 -0.994324 -0.096179 0.455317 0.542736 1 6 1.000000
blank
  6 3.085761 -1.335774 69.148529 -0.505666 -0.649296 -0.568082 0.474161 0.515844 1 6 1.000000
  6 3.333750 -1.550006 69.280258 -0.107705 -0.897446 -0.427774 0.459786 0.525205 1 6 1.000000
  6 3.191151 -1.624528 69.598007 -0.287742 -0.943842 -0.162378 0.464376 0.535488 1 6 1.000000
blank
  6 3.333750 -1.550006 69.280258 -0.107705 -0.897446 -0.427774 0.459786 0.525205 1 6 1.000000
  6 3.504472 -1.545741 69.391632 0.200101 -0.941638 -0.270696 0.449891 0.531689 1 6 1.000000
  6 3.347436 -1.630075 69.721130 0.045494 -0.994324 -0.096179 0.455317 0.542736 1 6 1.000000
blank
  6 3.687624 -1.371290 69.094307 0.205410 -0.866884 -0.454222 0.444036 0.521175 1 6 1.000000
  6 3.504472 -1.545741 69.391632 0.200101 -0.941638 -0.270696 0.449891 0.531689 1 6 1.000000
  6 3.333750 -1.550006 69.280258 -0.107705 -0.897446 -0.427774 0.459786 0.525205 1 6 1.000000
blank
  6 3.333750 -1.550006 69.280258 -0.107705 -0.897446 -0.427774 0.459786 0.525205 1 6 1.000000
  6 3.510710 -1.359386 68.998985 -0.006081 -0.792430 -0.609933 0.454116 0.515843 1 6 1.000000
  6 3.687624 -1.371290 69.094307 0.205410 -0.866884 -0.454222 0.444036 0.521175 1 6 1.000000
blank
  6 3.510710 -1.359386 68.998985 -0.006081 -0.792430 -0.609933 0.454116 0.515843 1 6 1.000000
  6 3.333750 -1.550006 69.280258 -0.107705 -0.897446 -0.427774 0.459786 0.525205 1 6 1.000000
  6 3.085761 -1.335774 69.148529 -0.505666 -0.649296 -0.568082 0.474161 0.515844 1 6 1.000000
blank
  6 3.786949 -1.263812 68.940735 0.212505 -0.620624 -0.754763 0.438784 0.513417 1 6 1.000000
  6 3.687624 -1.371290 69.094307 0.205410 -0.866884 -0.454222 0.444036 0.521175 1 6 1.000000
  6 3.510710 -1.359386 68.998985 -0.006081 -0.792430 -0.609933 0.454116 0.515843 1 6 1.000000
blank
  6 3.085761 -1.335774 69.148529 -0.505666 -0.649296 -0.568082 0.474161 0.515844 1 6 1.000000
  6 3.242104 -1.191391 68.885551 -0.414692 -0.648365 -0.638478 0.470836 0.509372 1 6 1.000000
  6 3.510710 -1.359386 68.998985 -0.006081 -0.792430 -0.609933 0.454116 0.515843 1 6 1.000000
blank
  6 3.242104 -1.191391 68.885551 -0.414692 -0.648365 -0.638478 0.470836 0.509372 1 6 1.000000
  6 3.085761 -1.335774 69.148529 -0.505666 -0.649296 -0.568082 0.474161 0.515844 1 6 1.000000
  6 3.127347 -0.912689 68.786751 -0.033282 -0.614111 -0.788518 0.471750 0.491411 1 6 1.000000
blank
  6 3.510710 -1.359386 68.998985 -0.006081 -0.792430 -0.609933 0.454116 0.515843 1 6 1.000000
  6 3.613492 -1.240082 68.880508 0.103224 -0.613216 -0.783142 0.450901 0.509461 1 6 1.000000
  6 3.786949 -1.263812 68.940735 0.212505 -0.620624 -0.754763 0.438784 0.513417 1 6 1.000000
blank
  6 3.613492 -1.240082 68.880508 0.103224 -0.613216 -0.783142 0.450901 0.509461 1 6 1.000000
  6 3.510710 -1.359386 68.998985 -0.006081 -0.792430 -0.609933 0.454116 0.515843 1 6 1.000000
  6 3.242104 -1.191391 68.885551 -0.414692 -0.648365 -0.638478 0.470836 0.509372 1 6 1.000000
blank
  6 3.847063 -1.158304 68.904198 0.382638 0.277191 -0.881336 0.428716 0.508581 1 6 1.000000
  6 3.786949 -1.263812 68.940735 0.212505 -0.620624 -0.754763 0.438784 0.513417 1 6 1.000000
  6 3.613492 -1.240082 68.880508 0.103224 -0.613216 -0.783142 0.450901 0.509461 1 6 1.000000
blank
  6 3.242104 -1.191391 68.885551 -0.414692 -0.648365 -0.638478 0.470836 0.509372 1 6 1.000000
  6 3.314553 -1.153274 68.798340 -0.210423 -0.590165 -0.779376 0.466286 0.503526 1 6 1.000000
  6 3.613492 -1.240082 68.880508 0.103224 -0.613216 -0.783142 0.450901 0.509461 1 6 1.000000
blank
  6 3.127347 -0.912689 68.786751 -0.033282 -0.614111 -0.788518 0.471750 0.491411 1 6 1.000000
  6 3.314553 -1.153274 68.798340 -0.210423 -0.590165 -0.779376 0.466286 0.503526 1 6 1.000000
  6 3.242104 -1.191391 68.885551 -0.414692 -0.648365 -0.638478 0.470836 0.509372 1 6 1.000000
blank
  6 3.613492 -1.240082 68.880508 0.103224 -0.613216 -0.783142 0.450901 0.509461 1 6 1.000000
  6 3.648262 -1.125842 68.826195 0.310457 0.158179 -0.937334 0.448259 0.503374 1 6 1.000000
  6 3.847063 -1.158304 68.904198 0.382638 0.277191 -0.881336 0.428716 0.508581 1 6 1.000000
blank
  6 3.648262 -1.125842 68.826195 0.310457 0.158179 -0.937334 0.448259 0.503374 1 6 1.000000
  6 3.613492 -1.240082 68.880508 0.103224 -0.613216 -0.783142 0.450901 0.509461 1 6 1.000000
  6 3.314553 -1.153274 68.798340 -0.210423 -0.590165 -0.779376 0.466286 0.503526 1 6 1.000000
blank
  6 3.892634 -0.953107 69.171242 0.409469 -0.087164 -0.908150 0.420697 0.501343 1 6 1.000000
  6 3.847063 -1.158304 68.904198 0.382638 0.277191 -0.881336 0.428716 0.508581 1 6 1.000000
  6 3.648262 -1.125842 68.826195 0.310457 0.158179 -0.937334 0.448259 0.503374 1 6 1.000000
blank
  6 3.314553 -1.153274 68.798340 -0.210423 -0.590165 -0.779376 0.466286 0.503526 1 6 1.000000
  6 3.339113 -1.062361 68.763229 0.107676 0.156183 -0.981842 0.463186 0.497236 1 6 1.000000
  6 3.648262 -1.125842 68.826195 0.310457 0.158179 -0.937334 0.448259 0.503374 1 6 1.000000
blank
  6 3.127347 -0.912689 68.786751 -0.033282 -0.614111 -0.788518 0.471750 0.491411 1 6 1.000000
  6 3.339113 -1.062361 68.763229 0.107676 0.156183 -0.981842 0.463186 0.497236 1 6 1.000000
  6 3.314553 -1.153274 68.798340 -0.210423 -0.590165 -0.779376 0.466286 0.503526 1 6 1.000000
blank
  6 3.648262 -1.125842 68.826195 0.310457 0.158179 -0.937334 0.448259 0.503374 1 6 1.000000
  6 3.502303 -0.927910 68.996452 0.415012 0.049331 -0.908477 0.445468 0.495554 1 6 1.000000
  6 3.892634 -0.953107 69.171242 0.409469 -0.087164 -0.908150 0.420697 0.501343 1 6 1.000000
blank
  6 3.502303 -0.927910 68.996452 0.415012 0.049331 -0.908477 0.445468 0.495554 1 6 1.000000
  6 3.648262 -1.125842 68.826195 0.310457 0.158179 -0.937334 0.448259 0.503374 1 6 1.000000
  6 3.339113 -1.062361 68.763229 0.107676 0.156183 -0.981842 0.463186 0.497236 1 6 1.000000
blank
  6 3.981129 -0.745593 69.022354 0.214221 -0.843157 -0.493149 0.416423 0.494158 1 6 1.000000
  6 3.892634 -0.953107 69.171242 0.409469 -0.087164 -0.908150 0.420697 0.501343 1 6 1.000000
  6 3.502303 -0.927910 68.996452 0.415012 0.049331 -0.908477 0.445468 0.495554 1 6 1.000000
blank
  6 3.339113 -1.062361 68.763229 0.107676 0.156183 -0.981842 0.463186 0.497236 1 6 1.000000
  6 3.264540 -0.913340 68.881615 0.527273 -0.063725 -0.847303 0.459728 0.490842 1 6 1.000000
  6 3.502303 -0.927910 68.996452 0.415012 0.049331 -0.908477 0.445468 0.495554 1 6 1.000000
blank
  6 3.264540 -0.913340 68.881615 0.527273 -0.063725 -0.847303 0.459728 0.490842 1 6 1.000000
  6 3.339113 -1.062361 68.763229 0.107676 0.156183 -0.981842 0.463186 0.497236 1 6 1.000000
  6 3.127347 -0.912689 68.786751 -0.033282 -0.614111 -0.788518 0.471750 0.491411 1 6 1.000000
blank
  6 3.502303 -0.927910 68.996452 0.415012 0.049331 -0.908477 0.445468 0.495554 1 6 1.000000
  6 3.563789 -0.762343 68.865318 0.261589 -0.850146 -0.456972 0.441387 0.487878 1 6 1.000000
  6 3.981129 -0.745593 69.022354 0.214221 -0.843157 -0.493149 0.416423 0.494158 1 6 1.000000
blank
  6 3.563789 -0.762343 68.865318 0.261589 -0.850146 -0.456972 0.441387 0.487878 1 6 1.000000
  6 3.502303 -0.927910 68.996452 0.415012 0.049331 -0.908477 0.445468 0.495554 1 6 1.000000
  6 3.264540 -0.913340 68.881615 0.527273 -0.063725 -0.847303 0.459728 0.490842 1 6 1.000000
blank
  6 4.080578 -0.660526 68.756500 0.103733 -0.987165 -0.121429 0.414950 0.485412 1 6 1.000000
  6 3.981129 -0.745593 69.022354 0.214221 -0.843157 -0.493149 0.416423 0.494158 1 6 1.000000
  6 3.563789 -0.762343 68.865318 0.261589 -0.850146 -0.456972 0.441387 0.487878 1 6 1.000000
blank
  6 3.330128 -0.802877 68.756454 0.396869 -0.890104 -0.224077 0.456525 0.484237 1 6 1.000000
  6 3.264540 -0.913340 68.881615 0.527273 -0.063725 -0.847303 0.459728 0.490842 1 6 1.000000
  6 3.127347 -0.912689 68.786751 -0.033282 -0.614111 -0.788518 0.471750 0.491411 1 6 1.000000
blank
  6 3.264540 -0.913340 68.881615 0.527273 -0.063725 -0.847303 0.459728 0.490842 1 6 1.000000
  6 3.330128 -0.802877 68.756454 0.396869 -0.890104 -0.224077 0.456525 0.484237 1 6 1.000000
  6 3.563789 -0.762343 68.865318 0.261589 -0.850146 -0.456972 0.441387 0.487878 1 6 1.000000
blank
  6 3.127347 -0.912689 68.786751 -0.033282 -0.614111 -0.788518 0.471750 0.491411 1 6 1.000000
  6 3.438735 -0.755120 68.531387 0.382176 -0.923700 0.026825 0.453701 0.477284 1 6 1.000000
  6 3.330128 -0.802877 68.756454 0.396869 -0.890104 -0.224077 0.456525 0.484237 1 6 1.000000
blank
  6 3.691287 -0.682391 68.630196 0.162655 -0.983896 -0.074106 0.439062 0.480474 1 6 1.000000
  6 3.563789 -0.762343 68.865318 0.261589 -0.850146 -0.456972 0.441387 0.487878 1 6 1.000000
  6 3.330128 -0.802877 68.756454 0.396869 -0.890104 -0.224077 0.456525 0.484237 1 6 1.000000
blank
  6 3.563789 -0.762343 68.865318 0.261589 -0.850146 -0.456972 0.441387 0.487878 1 6 1.000000
  6 3.691287 -0.682391 68.630196 0.162655 -0.983896 -0.074106 0.439062 0.480474 1 6 1.000000
  6 4.080578 -0.660526 68.756500 0.103733 -0.987165 -0.121429 0.414950 0.485412 1 6 1.000000
blank
  6 3.330128 -0.802877 68.756454 0.396869 -0.890104 -0.224077 0.456525 0.484237 1 6 1.000000
  6 3.438735 -0.755120 68.531387 0.382176 -0.923700 0.026825 0.453701 0.477284 1 6 1.000000
  6 3.691287 -0.682391 68.630196 0.162655 -0.983896 -0.074106 0.439062 0.480474 1 6 1.000000
blank
  6 3.127347 -0.912689 68.786751 -0.033282 -0.614111 -0.788518 0.471750 0.491411 1 6 1.000000
  6 3.428206 -0.793668 68.164795 -0.278555 -0.912299 0.300195 0.454311 0.454097 1 6 1.000000
  6 3.438735 -0.755120 68.531387 0.382176 -0.923700 0.026825 0.453701 0.477284 1 6 1.000000
blank
  6 4.080578 -0.660526 68.756500 0.103733 -0.987165 -0.121429 0.414950 0.485412 1 6 1.000000
  6 3.691287 -0.682391 68.630196 0.162655 -0.983896 -0.074106 0.439062 0.480474 1 6 1.000000
  6 3.749622 -0.693022 68.365288 0.067601 -0.957181 0.281485 0.437507 0.471144 1 6 1.000000
blank
  6 4.125884 -0.660114 68.427963 0.010744 -0.958372 0.285319 0.415698 0.474559 1 6 1.000000
  6 4.080578 -0.660526 68.756500 0.103733 -0.987165 -0.121429 0.414950 0.485412 1 6 1.000000
  6 3.749622 -0.693022 68.365288 0.067601 -0.957181 0.281485 0.437507 0.471144 1 6 1.000000
blank
  6 3.691287 -0.682391 68.630196 0.162655 -0.983896 -0.074106 0.439062 0.480474 1 6 1.000000
  6 3.438735 -0.755120 68.531387 0.382176 -0.923700 0.026825 0.453701 0.477284 1 6 1.000000
  6 3.522131 -0.736727 68.356171 0.237984 -0.957300 0.164134 0.449339 0.469170 1 6 1.000000
blank
  6 3.749622 -0.693022 68.365288 0.067601 -0.957181 0.281485 0.437507 0.471144 1 6 1.000000
  6 3.691287 -0.682391 68.630196 0.162655 -0.983896 -0.074106 0.439062 0.480474 1 6 1.000000
  6 3.522131 -0.736727 68.356171 0.237984 -0.957300 0.164134 0.449339 0.469170 1 6 1.000000
blank
  6 3.522131 -0.736727 68.356171 0.237984 -0.957300 0.164134 0.449339 0.469170 1 6 1.000000
  6 3.438735 -0.755120 68.531387 0.382176 -0.923700 0.026825 0.453701 0.477284 1 6 1.000000
  6 3.428206 -0.793668 68.164795 -0.278555 -0.912299 0.300195 0.454311 0.454097 1 6 1.000000
blank
  6 3.749622 -0.693022 68.365288 0.067601 -0.957181 0.281485 0.437507 0.471144 1 6 1.000000
  6 3.760894 -0.820174 68.161041 -0.123172 -0.227055 0.966061 0.436191 0.463243 1 6 1.000000
  6 4.125884 -0.660114 68.427963 0.010744 -0.958372 0.285319 0.415698 0.474559 1 6 1.000000
blank
  6 3.760894 -0.820174 68.161041 -0.123172 -0.227055 0.966061 0.436191 0.463243 1 6 1.000000
  6 4.097902 -0.830539 68.217499 -0.127900 -0.350763 0.927689 0.418979 0.465104 1 6 1.000000
  6 4.125884 -0.660114 68.427963 0.010744 -0.958372 0.285319 0.415698 0.474559 1 6 1.000000
blank
  6 3.522131 -0.736727 68.356171 0.237984 -0.957300 0.164134 0.449339 0.469170 1 6 1.000000
  6 3.620910 -0.808378 68.136307 0.006552 -0.248593 0.968586 0.446240 0.461959 1 6 1.000000
  6 3.749622 -0.693022 68.365288 0.067601 -0.957181 0.281485 0.437507 0.471144 1 6 1.000000
blank
  6 3.620910 -0.808378 68.136307 0.006552 -0.248593 0.968586 0.446240 0.461959 1 6 1.000000
  6 3.760894 -0.820174 68.161041 -0.123172 -0.227055 0.966061 0.436191 0.463243 1 6 1.000000
  6 3.749622 -0.693022 68.365288 0.067601 -0.957181 0.281485 0.437507 0.471144 1 6 1.000000
blank
  6 3.428206 -0.793668 68.164795 -0.278555 -0.912299 0.300195 0.454311 0.454097 1 6 1.000000
  6 3.620910 -0.808378 68.136307 0.006552 -0.248593 0.968586 0.446240 0.461959 1 6 1.000000
  6 3.522131 -0.736727 68.356171 0.237984 -0.957300 0.164134 0.449339 0.469170 1 6 1.000000
blank
  6 3.760894 -0.820174 68.161041 -0.123172 -0.227055 0.966061 0.436191 0.463243 1 6 1.000000
  6 3.751082 -1.081059 68.287498 -0.465786 -0.311856 0.828124 0.436357 0.455805 1 6 1.000000
  6 4.097902 -0.830539 68.217499 -0.127900 -0.350763 0.927689 0.418979 0.465104 1 6 1.000000
blank
  6 3.959104 -1.211806 68.319778 -0.397680 -0.413911 0.818858 0.424300 0.457178 1 6 1.000000
  6 4.097902 -0.830539 68.217499 -0.127900 -0.350763 0.927689 0.418979 0.465104 1 6 1.000000
  6 3.751082 -1.081059 68.287498 -0.465786 -0.311856 0.828124 0.436357 0.455805 1 6 1.000000
blank
  6 3.620910 -0.808378 68.136307 0.006552 -0.248593 0.968586 0.446240 0.461959 1 6 1.000000
  6 3.581666 -0.953928 68.241310 -0.546408 -0.241061 0.802077 0.445416 0.454817 1 6 1.000000
  6 3.760894 -0.820174 68.161041 -0.123172 -0.227055 0.966061 0.436191 0.463243 1 6 1.000000
blank
  6 3.751082 -1.081059 68.287498 -0.465786 -0.311856 0.828124 0.436357 0.455805 1 6 1.000000
  6 3.760894 -0.820174 68.161041 -0.123172 -0.227055 0.966061 0.436191 0.463243 1 6 1.000000
  6 3.581666 -0.953928 68.241310 -0.546408 -0.241061 0.802077 0.445416 0.454817 1 6 1.000000
blank
  6 3.581666 -0.953928 68.241310 -0.546408 -0.241061 0.802077 0.445416 0.454817 1 6 1.000000
  6 3.620910 -0.808378 68.136307 0.006552 -0.248593 0.968586 0.446240 0.461959 1 6 1.000000
  6 3.428206 -0.793668 68.164795 -0.278555 -0.912299 0.300195 0.454311 0.454097 1 6 1.000000
blank
  6 3.959104 -1.211806 68.319778 -0.397680 -0.413911 0.818858 0.424300 0.457178 1 6 1.000000
  6 3.751082 -1.081059 68.287498 -0.465786 -0.311856 0.828124 0.436357 0.455805 1 6 1.000000
  6 3.728991 -1.104657 68.137611 -0.648303 -0.759384 0.055126 0.437264 0.445204 1 6 1.000000
blank
  6 3.728991 -1.104657 68.137611 -0.648303 -0.759384 0.055126 0.437264 0.445204 1 6 1.000000
  6 3.938896 -1.244874 68.161911 -0.571738 -0.813459 0.106771 0.426258 0.445168 1 6 1.000000
  6 3.959104 -1.211806 68.319778 -0.397680 -0.413911 0.818858 0.424300 0.457178 1 6 1.000000
blank
  6 3.751082 -1.081059 68.287498 -0.465786 -0.311856 0.828124 0.436357 0.455805 1 6 1.000000
  6 3.581666 -0.953928 68.241310 -0.546408 -0.241061 0.802077 0.445416 0.454817 1 6 1.000000
  6 3.571841 -0.950487 68.079407 -0.696793 -0.702376 -0.145421 0.445529 0.444517 1 6 1.000000
blank
  6 3.571841 -0.950487 68.079407 -0.696793 -0.702376 -0.145421 0.445529 0.444517 1 6 1.000000
  6 3.581666 -0.953928 68.241310 -0.546408 -0.241061 0.802077 0.445416 0.454817 1 6 1.000000
  6 3.428206 -0.793668 68.164795 -0.278555 -0.912299 0.300195 0.454311 0.454097 1 6 1.000000
blank
  6 3.571841 -0.950487 68.079407 -0.696793 -0.702376 -0.145421 0.445529 0.444517 1 6 1.000000
  6 3.728991 -1.104657 68.137611 -0.648303 -0.759384 0.055126 0.437264 0.445204 1 6 1.000000
  6 3.751082 -1.081059 68.287498 -0.465786 -0.311856 0.828124 0.436357 0.455805 1 6 1.000000
blank
  6 3.428206 -0.793668 68.164795 -0.278555 -0.912299 0.300195 0.454311 0.454097 1 6 1.000000
  6 3.558549 -0.839743 67.846718 -0.772664 -0.604748 -0.193055 0.446756 0.435838 1 6 1.000000
  6 3.571841 -0.950487 68.079407 -0.696793 -0.702376 -0.145421 0.445529 0.444517 1 6 1.000000
blank
  6 3.728991 -1.104657 68.137611 -0.648303 -0.759384 0.055126 0.437264 0.445204 1 6 1.000000
  6 3.571841 -0.950487 68.079407 -0.696793 -0.702376 -0.145421 0.445529 0.444517 1 6 1.000000
  6 3.558549 -0.839743 67.846718 -0.772664 -0.604748 -0.193055 0.446756 0.435838 1 6 1.000000
blank
  6 3.428206 -0.793668 68.164795 -0.278555 -0.912299 0.300195 0.454311 0.454097 1 6 1.000000
  6 3.545575 -0.718425 67.540085 -0.492600 -0.698092 -0.519627 0.447508 0.416958 1 6 1.000000
  6 3.558549 -0.839743 67.846718 -0.772664 -0.604748 -0.193055 0.446756 0.435838 1 6 1.000000
blank
  6 3.938896 -1.244874 68.161911 -0.571738 -0.813459 0.106771 0.426258 0.445168 1 6 1.000000
  6 3.728991 -1.104657 68.137611 -0.648303 -0.759384 0.055126 0.437264 0.445204 1 6 1.000000
  6 3.707508 -1.056791 67.848907 -0.717348 -0.684187 -0.131528 0.437686 0.436494 1 6 1.000000
blank
  6 3.558549 -0.839743 67.846718 -0.772664 -0.604748 -0.193055 0.446756 0.435838 1 6 1.000000
  6 3.707508 -1.056791 67.848907 -0.717348 -0.684187 -0.131528 0.437686 0.436494 1 6 1.000000
  6 3.728991 -1.104657 68.137611 -0.648303 -0.759384 0.055126 0.437264 0.445204 1 6 1.000000
blank
  6 3.707508 -1.056791 67.848907 -0.717348 -0.684187 -0.131528 0.437686 0.436494 1 6 1.000000
  6 3.889386 -1.195822 67.824600 -0.613067 -0.779101 -0.130957 0.427362 0.436000 1 6 1.000000
  6 3.938896 -1.244874 68.161911 -0.571738 -0.813459 0.106771 0.426258 0.445168 1 6 1.000000
blank
  6 3.870488 -1.072397 67.503876 -0.607922 -0.706097 -0.363121 0.427901 0.426454 1 6 1.000000
  6 3.889386 -1.195822 67.824600 -0.613067 -0.779101 -0.130957 0.427362 0.436000 1 6 1.000000
  6 3.707508 -1.056791 67.848907 -0.717348 -0.684187 -0.131528 0.437686 0.436494 1 6 1.000000
blank
  6 3.870488 -1.072397 67.503876 -0.607922 -0.706097 -0.363121 0.427901 0.426454 1 6 1.000000
  6 3.707508 -1.056791 67.848907 -0.717348 -0.684187 -0.131528 0.437686 0.436494 1 6 1.000000
  6 3.712327 -0.963388 67.556076 -0.698401 -0.641113 -0.318134 0.437456 0.427273 1 6 1.000000
blank
  6 3.712327 -0.963388 67.556076 -0.698401 -0.641113 -0.318134 0.437456 0.427273 1 6 1.000000
  6 3.707508 -1.056791 67.848907 -0.717348 -0.684187 -0.131528 0.437686 0.436494 1 6 1.000000
  6 3.558549 -0.839743 67.846718 -0.772664 -0.604748 -0.193055 0.446756 0.435838 1 6 1.000000
blank
  6 3.712327 -0.963388 67.556076 -0.698401 -0.641113 -0.318134 0.437456 0.427273 1 6 1.000000
  6 3.876017 -0.968672 67.355774 -0.492801 -0.314698 -0.811241 0.428814 0.419046 1 6 1.000000
  6 3.870488 -1.072397 67.503876 -0.607922 -0.706097 -0.363121 0.427901 0.426454 1 6 1.000000
blank
  6 3.712327 -0.963388 67.556076 -0.698401 -0.641113 -0.318134 0.437456 0.427273 1 6 1.000000
  6 3.558549 -0.839743 67.846718 -0.772664 -0.604748 -0.193055 0.446756 0.435838 1 6 1.000000
  6 3.608634 -0.845666 67.616875 -0.796418 -0.561009 -0.225803 0.445014 0.428653 1 6 1.000000
blank
  6 3.608634 -0.845666 67.616875 -0.796418 -0.561009 -0.225803 0.445014 0.428653 1 6 1.000000
  6 3.558549 -0.839743 67.846718 -0.772664 -0.604748 -0.193055 0.446756 0.435838 1 6 1.000000
  6 3.545575 -0.718425 67.540085 -0.492600 -0.698092 -0.519627 0.447508 0.416958 1 6 1.000000
blank
  6 3.608634 -0.845666 67.616875 -0.796418 -0.561009 -0.225803 0.445014 0.428653 1 6 1.000000
  6 3.716894 -0.861064 67.397209 -0.373047 0.098775 -0.922540 0.437122 0.419681 1 6 1.000000
  6 3.712327 -0.963388 67.556076 -0.698401 -0.641113 -0.318134 0.437456 0.427273 1 6 1.000000
blank
  6 3.712327 -0.963388 67.556076 -0.698401 -0.641113 -0.318134 0.437456 0.427273 1 6 1.000000
  6 3.716894 -0.861064 67.397209 -0.373047 0.098775 -0.922540 0.437122 0.419681 1 6 1.000000
  6 3.876017 -0.968672 67.355774 -0.492801 -0.314698 -0.811241 0.428814 0.419046 1 6 1.000000
blank
  6 3.545575 -0.718425 67.540085 -0.492600 -0.698092 -0.519627 0.447508 0.416958 1 6 1.000000
  6 3.716894 -0.861064 67.397209 -0.373047 0.098775 -0.922540 0.437122 0.419681 1 6 1.000000
  6 3.608634 -0.845666 67.616875 -0.796418 -0.561009 -0.225803 0.445014 0.428653 1 6 1.000000
blank
  6 3.716894 -0.861064 67.397209 -0.373047 0.098775 -0.922540 0.437122 0.419681 1 6 1.000000
  6 3.723819 -0.749785 67.531067 -0.030360 -0.078393 -0.996460 0.437296 0.415573 1 6 1.000000
  6 3.876017 -0.968672 67.355774 -0.492801 -0.314698 -0.811241 0.428814 0.419046 1 6 1.000000
blank
  6 3.723819 -0.749785 67.531067 -0.030360 -0.078393 -0.996460 0.437296 0.415573 1 6 1.000000
  6 3.716894 -0.861064 67.397209 -0.373047 0.098775 -0.922540 0.437122 0.419681 1 6 1.000000
  6 3.545575 -0.718425 67.540085 -0.492600 -0.698092 -0.519627 0.447508 0.416958 1 6 1.000000
blank
  6 3.842706 -0.779604 67.506607 -0.176500 0.099639 -0.979245 0.429244 0.414117 1 6 1.000000
  6 3.876017 -0.968672 67.355774 -0.492801 -0.314698 -0.811241 0.428814 0.419046 1 6 1.000000
  6 3.723819 -0.749785 67.531067 -0.030360 -0.078393 -0.996460 0.437296 0.415573 1 6 1.000000
blank
  6 3.849088 -0.661666 67.399826 -0.018206 -0.870323 -0.492145 0.429916 0.408313 1 6 1.000000
  6 3.842706 -0.779604 67.506607 -0.176500 0.099639 -0.979245 0.429244 0.414117 1 6 1.000000
  6 3.723819 -0.749785 67.531067 -0.030360 -0.078393 -0.996460 0.437296 0.415573 1 6 1.000000
blank
  6 3.849088 -0.661666 67.399826 -0.018206 -0.870323 -0.492145 0.429916 0.408313 1 6 1.000000
  6 3.723819 -0.749785 67.531067 -0.030360 -0.078393 -0.996460 0.437296 0.415573 1 6 1.000000
  6 3.697994 -0.673298 67.402512 -0.020984 -0.906381 -0.421939 0.437900 0.410590 1 6 1.000000
blank
  6 3.697994 -0.673298 67.402512 -0.020984 -0.906381 -0.421939 0.437900 0.410590 1 6 1.000000
  6 3.723819 -0.749785 67.531067 -0.030360 -0.078393 -0.996460 0.437296 0.415573 1 6 1.000000
  6 3.545575 -0.718425 67.540085 -0.492600 -0.698092 -0.519627 0.447508 0.416958 1 6 1.000000
blank
  6 3.697994 -0.673298 67.402512 -0.020984 -0.906381 -0.421939 0.437900 0.410590 1 6 1.000000
  6 3.836349 -0.585949 67.197914 0.083623 -0.979201 -0.184856 0.430654 0.395913 1 6 1.000000
  6 3.849088 -0.661666 67.399826 -0.018206 -0.870323 -0.492145 0.429916 0.408313 1 6 1.000000
blank
  6 3.545575 -0.718425 67.540085 -0.492600 -0.698092 -0.519627 0.447508 0.416958 1 6 1.000000
  6 3.652606 -0.608815 67.245560 0.221661 -0.954646 -0.198789 0.441304 0.398877 1 6 1.000000
  6 3.697994 -0.673298 67.402512 -0.020984 -0.906381 -0.421939 0.437900 0.410590 1 6 1.000000
blank
  6 3.697994 -0.673298 67.402512 -0.020984 -0.906381 -0.421939 0.437900 0.410590 1 6 1.000000
  6 3.652606 -0.608815 67.245560 0.221661 -0.954646 -0.198789 0.441304 0.398877 1 6 1.000000
  6 3.836349 -0.585949 67.197914 0.083623 -0.979201 -0.184856 0.430654 0.395913 1 6 1.000000
blank
  6 3.593692 -0.614334 67.085823 0.387716 -0.921736 -0.008860 0.444719 0.389572 1 6 1.000000
  6 3.652606 -0.608815 67.245560 0.221661 -0.954646 -0.198789 0.441304 0.398877 1 6 1.000000
  6 3.545575 -0.718425 67.540085 -0.492600 -0.698092 -0.519627 0.447508 0.416958 1 6 1.000000
blank
  6 3.836349 -0.585949 67.197914 0.083623 -0.979201 -0.184856 0.430654 0.395913 1 6 1.000000
  6 3.652606 -0.608815 67.245560 0.221661 -0.954646 -0.198789 0.441304 0.398877 1 6 1.000000
  6 3.593692 -0.614334 67.085823 0.387716 -0.921736 -0.008860 0.444719 0.389572 1 6 1.000000
blank
  6 3.593692 -0.614334 67.085823 0.387716 -0.921736 -0.008860 0.444719 0.389572 1 6 1.000000
  6 3.774864 -0.591040 67.012062 0.150256 -0.983161 0.104004 0.434218 0.385076 1 6 1.000000
  6 3.836349 -0.585949 67.197914 0.083623 -0.979201 -0.184856 0.430654 0.395913 1 6 1.000000
blank
  6 3.545575 -0.718425 67.540085 -0.492600 -0.698092 -0.519627 0.447508 0.416958 1 6 1.000000
  6 3.510848 -0.661120 66.923584 -0.086419 -0.847829 0.523180 0.449521 0.380438 1 6 1.000000
  6 3.593692 -0.614334 67.085823 0.387716 -0.921736 -0.008860 0.444719 0.389572 1 6 1.000000
blank
  6 3.774864 -0.591040 67.012062 0.150256 -0.983161 0.104004 0.434218 0.385076 1 6 1.000000
  6 3.593692 -0.614334 67.085823 0.387716 -0.921736 -0.008860 0.444719 0.389572 1 6 1.000000
  6 3.510848 -0.661120 66.923584 -0.086419 -0.847829 0.523180 0.449521 0.380438 1 6 1.000000
blank
  6 3.510848 -0.661120 66.923584 -0.086419 -0.847829 0.523180 0.449521 0.380438 1 6 1.000000
  6 3.652094 -0.674641 66.796654 0.585081 -0.417140 0.695467 0.441334 0.373115 1 6 1.000000
  6 3.774864 -0.591040 67.012062 0.150256 -0.983161 0.104004 0.434218 0.385076 1 6 1.000000
blank
  6 3.652094 -0.843510 66.962883 -0.228349 0.032798 0.973027 0.446945 0.372084 1 6 1.000000
  6 3.652094 -0.674641 66.796654 0.585081 -0.417140 0.695467 0.441334 0.373115 1 6 1.000000
  6 3.510848 -0.661120 66.923584 -0.086419 -0.847829 0.523180 0.449521 0.380438 1 6 1.000000
blank
  6 3.276508 -0.608417 66.356255 -0.788034 -0.551147 0.274298 0.463104 0.346832 1 6 1.000000
  6 3.652094 -0.843510 66.962883 -0.228349 0.032798 0.973027 0.446945 0.372084 1 6 1.000000
  6 3.510848 -0.661120 66.923584 -0.086419 -0.847829 0.523180 0.449521 0.380438 1 6 1.000000
end
