// Created by Crowbar++ 0.74
version 1
nodes
  0 "ValveBiped.Bip01_Pelvis" -1
  1 "ValveBiped.Bip01_Spine" 0
  2 "ValveBiped.Bip01_Spine1" 1
  3 "ValveBiped.Bip01_Spine2" 2
  4 "ValveBiped.Bip01_Spine4" 3
  5 "ValveBiped.Bip01_Neck1" 4
  6 "ValveBiped.Bip01_Head1" 5
  7 "ValveBiped.forward" 6
  8 "ValveBiped.Bip01_L_Clavicle" 4
  9 "ValveBiped.Bip01_L_UpperArm" 8
  10 "ValveBiped.Bip01_L_Forearm" 9
  11 "ValveBiped.Bip01_L_Hand" 10
  12 "ValveBiped.Anim_Attachment_LH" 11
  13 "ValveBiped.Bip01_L_Finger4" 11
  14 "ValveBiped.Bip01_L_Finger41" 13
  15 "ValveBiped.Bip01_L_Finger42" 14
  16 "ValveBiped.Bip01_L_Finger3" 11
  17 "ValveBiped.Bip01_L_Finger31" 16
  18 "ValveBiped.Bip01_L_Finger32" 17
  19 "ValveBiped.Bip01_L_Finger2" 11
  20 "ValveBiped.Bip01_L_Finger21" 19
  21 "ValveBiped.Bip01_L_Finger22" 20
  22 "ValveBiped.Bip01_L_Finger1" 11
  23 "ValveBiped.Bip01_L_Finger11" 22
  24 "ValveBiped.Bip01_L_Finger12" 23
  25 "ValveBiped.Bip01_L_Finger0" 11
  26 "ValveBiped.Bip01_L_Finger01" 25
  27 "ValveBiped.Bip01_L_Finger02" 26
  28 "ValveBiped.Bip01_R_Clavicle" 4
  29 "ValveBiped.Bip01_R_UpperArm" 28
  30 "ValveBiped.Bip01_R_Forearm" 29
  31 "ValveBiped.Bip01_R_Hand" 30
  32 "ValveBiped.Anim_Attachment_RH" 31
  33 "ValveBiped.Bip01_R_Finger4" 31
  34 "ValveBiped.Bip01_R_Finger41" 33
  35 "ValveBiped.Bip01_R_Finger42" 34
  36 "ValveBiped.Bip01_R_Finger3" 31
  37 "ValveBiped.Bip01_R_Finger31" 36
  38 "ValveBiped.Bip01_R_Finger32" 37
  39 "ValveBiped.Bip01_R_Finger2" 31
  40 "ValveBiped.Bip01_R_Finger21" 39
  41 "ValveBiped.Bip01_R_Finger22" 40
  42 "ValveBiped.Bip01_R_Finger1" 31
  43 "ValveBiped.Bip01_R_Finger11" 42
  44 "ValveBiped.Bip01_R_Finger12" 43
  45 "ValveBiped.Bip01_R_Finger0" 31
  46 "ValveBiped.Bip01_R_Finger01" 45
  47 "ValveBiped.Bip01_R_Finger02" 46
  48 "ValveBiped.Bip01_L_Thigh" 0
  49 "ValveBiped.Bip01_L_Calf" 48
  50 "ValveBiped.Bip01_L_Foot" 49
  51 "ValveBiped.Bip01_L_Toe0" 50
  52 "ValveBiped.Bip01_R_Thigh" 0
  53 "ValveBiped.Bip01_R_Calf" 52
  54 "ValveBiped.Bip01_R_Foot" 53
  55 "ValveBiped.Bip01_R_Toe0" 54
  56 "ValveBiped.Bip2" 0
  57 "ValveBiped.Bip3" 0
  58 "ValveBiped.Bip4" 0
  59 "ValveBiped.Bip5" 0
  60 "ValveBiped.Bip8" 0
  61 "ValveBiped.Bip9" 0
  62 "ValveBiped.Bip10" 0
  63 "ValveBiped.Bip11" 0
  64 "ValveBiped.Bip12" 0
  65 "ValveBiped.Bip1" 64
  66 "ValveBiped.Bip7" 0
  67 "ValveBiped.Bip6" 66
  68 "ValveBiped.Bip14" 0
  69 "ValveBiped.Bip13" 68
  70 "pd.103" 4
  71 "pd.104" 4
  72 "pd.128" 56
  73 "pd.129" 72
  74 "pd.130" 73
  75 "pd.131" 74
  76 "pd.132" 57
  77 "pd.133" 76
  78 "pd.134" 77
  79 "pd.135" 78
  80 "pd.136" 58
  81 "pd.137" 80
  82 "pd.138" 81
  83 "pd.139" 82
  84 "pd.140" 59
  85 "pd.141" 84
  86 "pd.142" 85
  87 "pd.143" 86
  88 "pd.144" 60
  89 "pd.145" 88
  90 "pd.146" 89
  91 "pd.147" 90
  92 "pd.148" 61
  93 "pd.149" 92
  94 "pd.150" 93
  95 "pd.151" 94
  96 "pd.152" 62
  97 "pd.153" 96
  98 "pd.154" 97
  99 "pd.155" 98
  100 "pd.156" 63
  101 "pd.157" 100
  102 "pd.158" 101
  103 "pd.159" 102
  104 "pd.160" 65
  105 "pd.161" 104
  106 "pd.162" 105
  107 "pd.163" 106
  108 "pd.164" 67
  109 "pd.165" 108
  110 "pd.166" 109
  111 "pd.167" 110
  112 "pd" 6
  113 "pd.001" 6
  114 "pd.002" 6
  115 "pd.003" 6
  116 "pd.004" 6
  117 "pd.005" 6
  118 "pd.006" 6
  119 "pd.007" 6
  120 "pd.008" 6
  121 "pd.015" 6
  122 "pd.016" 121
  123 "pd.017" 122
  124 "pd.018" 123
  125 "pd.019" 124
  126 "pd.020" 125
  127 "pd.021" 126
  128 "pd.022" 127
  129 "pd.023" 128
  130 "pd.024" 129
  131 "pd.025" 130
  132 "pd.026" 131
  133 "pd.027" 132
  134 "pd.028" 133
  135 "pd.029" 134
  136 "pd.030" 135
  137 "pd.031" 136
  138 "pd.032" 137
  139 "pd.033" 138
  140 "pd.034" 128
  141 "pd.035" 140
  142 "pd.036" 141
  143 "pd.037" 142
  144 "pd.038" 143
  145 "pd.039" 144
  146 "pd.040" 145
  147 "pd.041" 146
  148 "pd.042" 147
  149 "pd.043" 148
  150 "pd.044" 149
  151 "pd.045" 150
  152 "pd.046" 151
  153 "pd.047" 128
  154 "pd.048" 153
  155 "pd.049" 154
  156 "pd.050" 155
  157 "pd.051" 156
  158 "pd.052" 157
  159 "pd.053" 158
  160 "pd.054" 159
  161 "pd.055" 160
  162 "pd.056" 161
  163 "pd.057" 162
  164 "pd.058" 6
  165 "pd.059" 164
  166 "pd.060" 165
  167 "pd.061" 166
  168 "pd.062" 167
  169 "pd.063" 168
  170 "pd.064" 169
  171 "pd.065" 170
  172 "pd.066" 171
  173 "pd.067" 172
  174 "pd.068" 173
  175 "pd.069" 174
  176 "pd.070" 175
  177 "pd.071" 176
  178 "pd.072" 177
  179 "pd.073" 178
  180 "pd.074" 179
  181 "pd.075" 180
  182 "pd.076" 181
  183 "pd.077" 171
  184 "pd.078" 183
  185 "pd.079" 184
  186 "pd.080" 185
  187 "pd.081" 186
  188 "pd.082" 187
  189 "pd.083" 188
  190 "pd.084" 189
  191 "pd.085" 190
  192 "pd.086" 191
  193 "pd.087" 192
  194 "pd.088" 193
  195 "pd.089" 194
  196 "pd.090" 171
  197 "pd.091" 196
  198 "pd.092" 197
  199 "pd.093" 198
  200 "pd.094" 199
  201 "pd.095" 200
  202 "pd.096" 201
  203 "pd.097" 202
  204 "pd.098" 203
  205 "pd.099" 204
  206 "pd.100" 205
  207 "pd.107" 1
  208 "pd.108" 207
  209 "pd.109" 208
  210 "pd.110" 209
  211 "pd.111" 207
  212 "pd.112" 211
  213 "pd.113" 212
  214 "pd.114" 213
  215 "pd.115" 207
  216 "pd.116" 215
  217 "pd.117" 216
  218 "pd.118" 207
  219 "pd.119" 218
  220 "pd.120" 219
  221 "pd.121" 207
  222 "pd.122" 221
  223 "pd.123" 222
  224 "pd.124" 223
  225 "pd.125" 207
  226 "pd.126" 225
  227 "pd.127" 226
  228 "pd.009" 6
  229 "pd.010" 228
  230 "pd.011" 228
  231 "pd.012" 6
  232 "pd.013" 231
  233 "pd.014" 231
  234 "pd.101" 6
  235 "pd.102" 6
  236 "pd.105" 4
  237 "pd.106" 4
  238 "pd.168" 69
  239 "pd.169" 238
  240 "pd.170" 239
  241 "pd.171" 240
  242 "pd.172" 241
  243 "pd.173" 242
  244 "pd.174" 243
end
skeleton
  time 0
    0 0.000000 -0.967105 44.122166 1.570796 0.000000 0.000000
    1 0.000000 3.523758 0.029950 1.570796 -0.027985 1.570796
    2 0.000000 0.000000 0.000000 0.000000 0.000000 -0.112621
    3 3.710045 0.150944 -0.000002 0.000000 0.000000 -0.012638
    4 0.000004 -0.000001 0.000000 0.000000 0.000000 0.155823
    5 8.192108 -2.246392 -0.000003 3.141589 0.000000 0.224089
    6 2.810970 0.786394 0.000004 0.000000 0.000000 0.109869
    7 0.000000 0.000000 0.000000 -1.570795 0.000000 -1.326470
    8 7.248871 -2.063121 0.799392 1.638345 -1.334142 2.900122
    9 3.406890 -0.117195 -0.331688 -1.453546 0.015826 0.236135
    10 8.927933 0.000001 -0.000004 0.000000 0.000000 0.000000
    11 8.244890 0.000000 -0.000004 1.570796 0.000000 0.000000
    12 2.676094 -1.712418 -0.000012 1.570821 -0.000023 1.570619
    13 2.602129 0.043274 -1.213689 0.000000 0.000000 0.000000
    14 0.978357 0.000000 0.000000 0.000000 0.000000 0.000000
    15 0.578138 0.000000 0.000000 0.000000 0.000000 0.000000
    16 2.666882 0.187336 -0.542830 0.000000 0.000000 0.000000
    17 1.355406 0.000000 0.000000 0.000000 0.000000 0.000000
    18 0.832703 0.000000 0.000000 0.000000 0.000000 0.000000
    19 2.710474 0.161205 0.196588 0.000000 0.000000 0.000000
    20 1.473167 0.000000 0.000000 0.000000 0.000000 0.000000
    21 0.846321 0.000000 0.000000 0.000000 0.000000 0.000000
    22 2.591167 0.126434 0.967711 0.000000 0.000000 0.000000
    23 1.352854 0.000000 0.000000 0.000000 0.000000 0.000000
    24 0.781221 0.000000 0.000000 0.000000 0.000000 0.000000
    25 0.584726 -0.519913 0.370771 -1.301623 -0.446182 -0.627531
    26 1.518351 -0.367496 0.544430 0.000854 0.001836 0.392753
    27 0.979181 -0.236278 0.537338 0.004490 0.012339 0.062293
    28 7.248871 -2.063119 -0.799398 -1.710090 1.334149 2.900126
    29 3.406892 -0.140697 0.322426 1.523337 -0.032557 0.234439
    30 8.927931 -0.000001 0.000004 0.000000 0.000000 0.000000
    31 8.244888 -0.000001 0.000004 -1.570796 0.000000 0.000000
    32 2.676144 -1.712357 0.000080 -1.570742 -0.000010 -1.571256
    33 2.602133 0.043266 1.213689 0.000000 0.000000 0.000000
    34 0.978361 -0.000004 0.000000 0.000000 0.000000 0.000000
    35 0.578136 0.000000 0.000000 0.000000 0.000000 0.000000
    36 2.666882 0.187328 0.542829 0.000000 0.000000 0.000000
    37 1.355406 0.000000 0.000000 0.000000 0.000000 0.000000
    38 0.832703 -0.000004 0.000000 0.000000 0.000000 0.000000
    39 2.710476 0.161201 -0.196589 0.000000 0.000000 0.000000
    40 1.473166 0.000000 0.000000 0.000000 0.000000 0.000000
    41 0.846323 -0.000004 0.000000 0.000000 0.000000 0.000000
    42 2.591166 0.126427 -0.967711 0.000000 0.000000 0.000000
    43 1.352856 0.000000 0.000000 0.000000 0.000000 0.000000
    44 0.781223 -0.000004 0.000000 0.000000 0.000000 0.000000
    45 0.584728 -0.519913 -0.370771 1.301648 0.446144 -0.627495
    46 1.518348 -0.367567 -0.544395 -0.000880 -0.001832 0.392738
    47 0.979185 -0.236300 -0.537319 -0.004467 -0.012334 0.062301
    48 3.050961 -1.782368 -1.228622 -1.570796 0.000000 -1.570796
    49 16.332626 -0.000004 -0.000009 0.000000 0.000000 0.000000
    50 20.043091 -0.000004 -0.000011 0.014671 -0.023907 -1.075671
    51 6.307809 1.971855 -0.164771 -0.011148 0.000933 -0.500514
    52 -3.050961 -1.782368 -1.228622 -1.570796 0.000000 -1.570796
    53 16.332621 -0.000004 -0.000005 0.000000 0.000000 0.000000
    54 20.043093 -0.000004 -0.000006 -0.010594 0.011412 -1.078506
    55 6.303392 1.991225 0.078041 -0.078652 -0.006186 -0.498944
    56 2.711403 5.259277 3.132617 1.371211 -0.247101 0.301329
    57 4.387142 5.259281 1.076985 1.499231 -0.393673 0.422072
    58 4.387142 5.259281 -1.463916 1.706652 -0.391307 0.342493
    59 2.711402 5.259277 -3.519549 1.901471 -0.238775 0.170884
    60 -2.711403 5.259277 -3.519548 1.901471 0.237171 -0.169732
    61 -4.387142 5.259281 -1.463915 1.706652 0.388846 -0.340325
    62 -4.387142 5.259281 1.076986 1.499232 0.391200 -0.419431
    63 -2.711403 5.259277 3.132617 1.371210 0.245443 -0.299324
    64 0.000000 5.259277 3.917799 1.323785 0.000000 0.000000
    65 0.000000 0.000000 0.000004 0.000000 0.000000 0.000000
    66 0.000000 5.259281 -4.304729 1.970281 0.000000 0.000000
    67 0.000000 -0.000004 0.000004 0.000000 0.000000 0.000000
    68 0.000000 3.365860 -2.270664 -3.016978 0.000000 0.000000
    69 0.000000 0.000004 0.000000 0.000000 0.000000 0.000000
    70 3.894241 1.243716 -2.273654 1.965025 -0.040515 3.131485
    71 3.894238 1.243715 2.273654 -1.176566 -0.040514 -0.010107
    72 -0.021326 -0.017084 3.075672 0.022751 -0.028101 -0.026980
    73 -0.073547 -0.051170 4.743092 0.032584 -0.044850 -0.044624
    74 -0.077495 -0.047066 5.165989 0.026438 -0.041664 -0.042026
    75 -0.074110 -0.038752 5.888031 0.018344 -0.034146 -0.034681
    76 -0.032290 -0.011740 3.170059 0.014622 -0.041277 -0.035567
    77 -0.107449 -0.020611 4.862347 0.013008 -0.064785 -0.059688
    78 -0.111515 -0.002520 5.261139 0.002053 -0.060101 -0.057736
    79 -0.106655 0.014372 5.961823 -0.006441 -0.049617 -0.049160
    80 -0.026825 0.001395 3.190907 -0.002934 -0.034445 -0.029117
    81 -0.089855 0.025994 4.906704 -0.016522 -0.055039 -0.049700
    82 -0.095390 0.049047 5.307724 -0.026490 -0.052409 -0.049634
    83 -0.093845 0.065496 6.001842 -0.030397 -0.044484 -0.043642
    84 -0.011630 0.020613 3.179478 -0.027449 -0.015638 -0.015519
    85 -0.042721 0.080910 4.884434 -0.050135 -0.027670 -0.027213
    86 -0.049829 0.096235 5.281723 -0.052275 -0.028571 -0.028122
    87 -0.052511 0.100945 5.976290 -0.046859 -0.025621 -0.025339
    88 0.015903 0.021338 3.177238 -0.028113 0.020374 0.018820
    89 0.047289 0.081381 4.877136 -0.050187 0.028997 0.027920
    90 0.043223 0.094965 5.276382 -0.051666 0.023554 0.024140
    91 0.035468 0.098776 5.977041 -0.046042 0.016383 0.018087
    92 0.033083 0.003553 3.185020 -0.004793 0.041400 0.035424
    93 0.096363 0.027191 4.887688 -0.016423 0.056944 0.051228
    94 0.084818 0.045254 5.293816 -0.024684 0.044623 0.042711
    95 0.067105 0.059410 6.003803 -0.028195 0.030099 0.031089
    96 0.038330 -0.009118 3.164131 0.012460 0.047969 0.043268
    97 0.113415 -0.019338 4.843170 0.013353 0.066404 0.061570
    98 0.100536 -0.007123 5.247093 0.004238 0.052229 0.049703
    99 0.079924 0.007468 5.963799 -0.004057 0.035424 0.035002
    100 0.025406 -0.015861 3.073360 0.021744 0.032580 0.032742
    101 0.077185 -0.050655 4.735600 0.032812 0.045605 0.045842
    102 0.069947 -0.049222 5.160545 0.027450 0.036395 0.036073
    103 0.056913 -0.041794 5.888805 0.019348 0.025229 0.024706
    104 0.000001 -0.022074 3.017406 0.029728 -0.000001 0.000000
    105 0.000007 -0.072325 4.674877 0.045213 0.000001 0.000000
    106 0.000004 -0.072306 5.116188 0.039499 -0.000001 0.000000
    107 0.000008 -0.065177 5.851667 0.030159 -0.000003 0.000000
    108 0.000000 0.027422 3.170170 -0.036187 0.000000 0.000000
    109 0.000002 0.099876 4.862431 -0.061972 0.000000 0.000000
    110 0.000003 0.111992 5.256622 -0.061199 0.000001 0.000000
    111 -0.000001 0.112280 5.953030 -0.052385 -0.000003 0.000000
    112 3.761497 -0.484362 -3.660547 -0.900179 1.161913 2.643719
    113 3.752853 -1.560328 -3.605245 -0.789065 0.912032 2.532620
    114 4.474640 -3.523696 -2.361130 2.675599 0.700163 -0.932028
    115 7.239937 -2.863720 -1.353375 2.392258 1.211417 -0.648675
    116 5.828751 -3.266319 -0.422032 2.581944 0.323357 -0.838376
    117 6.404037 -2.955704 0.813580 2.356718 1.046823 -0.613147
    118 3.398285 -0.913291 3.507390 2.329320 1.057333 -0.585752
    119 3.304718 -2.181828 3.297226 2.389322 1.112993 -0.645736
    120 5.089508 -2.145199 2.833681 2.371626 1.510808 -0.628243
    121 3.309242 3.021448 2.807659 0.145870 0.352522 1.597699
    122 -0.000002 1.299175 0.000000 2.863876 -1.026024 0.140310
    123 1.483128 0.889118 -0.760393 -1.723425 -0.954308 -2.931849
    124 0.000001 0.000006 1.098301 -0.011182 0.114293 0.088735
    125 -0.031181 -0.045309 2.776104 0.072845 -0.059048 -0.048706
    126 -0.063147 -0.055231 3.387466 0.053852 -0.069808 -0.055545
    127 -0.073409 -0.021782 3.800297 0.017832 -0.053762 -0.039335
    128 0.000000 0.000000 1.901588 -0.191357 0.059709 0.055031
    129 0.508658 0.249132 2.020947 0.152654 -0.080674 -0.091023
    130 -0.021115 -0.005932 3.975941 0.018894 -0.028664 -0.023641
    131 -0.068426 0.014626 3.999939 -0.000226 -0.062980 -0.043719
    132 -0.007289 0.005527 4.039022 0.012551 0.027198 0.016563
    133 -0.000628 -0.025537 3.672590 0.024792 0.003099 -0.002792
    134 -0.135418 -0.087128 4.137640 0.062914 0.003334 -0.010280
    135 0.098037 -0.014038 3.938133 0.050502 0.075713 0.040403
    136 0.000000 0.000000 1.657495 0.041547 0.036246 0.016576
    137 0.152488 -0.043791 3.310966 0.069626 0.165611 0.093920
    138 0.319344 -0.179604 4.414724 0.182635 0.192651 0.123485
    139 0.315797 -0.299946 4.960559 -0.172145 0.156200 0.030440
    140 -1.403287 -1.245106 1.653469 0.359794 -0.150586 -0.212232
    141 -0.036385 -0.040253 4.010429 0.027873 -0.013964 -0.014459
    142 0.039886 -0.009483 4.181780 0.011456 0.007395 0.001500
    143 -0.012575 0.024719 4.669813 -0.037712 -0.000559 0.008144
    144 0.003522 0.076195 4.128000 -0.144606 0.004083 0.033468
    145 0.057060 0.140339 3.777660 -0.156636 0.079873 0.079571
    146 -0.000002 0.000002 1.827112 -0.096845 0.068789 0.065894
    147 0.000005 0.000008 1.819405 -0.025411 0.082010 0.074106
    148 -0.000027 0.000006 1.796610 -0.053664 0.068113 0.061034
    149 0.143147 0.090977 3.417555 -0.078907 0.233384 0.206127
    150 0.299864 0.076643 3.734957 0.073279 0.346200 0.399053
    151 0.205663 -0.102530 3.289310 0.188572 0.187720 0.357340
    152 0.187447 -0.369926 3.245319 0.063889 -0.263370 -0.208770
    153 2.697930 0.437963 2.522320 0.120394 0.014650 0.003640
    154 -0.107486 -0.161879 4.179699 0.166631 -0.086351 -0.087082
    155 -0.105448 -0.232380 4.477386 0.197241 -0.070590 -0.081981
    156 -0.054009 -0.142471 4.558023 0.126629 -0.045738 -0.050372
    157 -0.032272 -0.069145 3.613425 0.064674 -0.047010 -0.035167
    158 -0.037061 0.026768 3.770075 -0.065050 -0.050752 -0.000997
    159 -0.069773 0.200871 3.797598 -0.258059 -0.065538 0.050786
    160 -0.097511 0.349506 3.709995 -0.367298 -0.091252 0.075873
    161 -0.030209 0.308874 3.588842 -0.337832 0.077508 0.172665
    162 0.153002 0.295004 3.523855 -0.288480 0.299089 0.389546
    163 0.192851 0.188094 2.468798 0.033129 0.438087 0.812831
    164 3.309235 3.021465 -2.807641 -2.995720 0.352528 -1.543893
    165 0.000000 1.299175 0.000000 2.863876 1.026010 -0.140306
    166 -1.483133 0.889126 -0.760418 -1.723435 0.954314 2.931837
    167 -0.000006 -0.000002 1.098301 -0.011182 -0.114298 -0.088737
    168 0.031177 -0.045311 2.776096 0.072845 0.059047 0.048706
    169 0.063149 -0.055231 3.387466 0.053852 0.069808 0.055545
    170 0.073413 -0.021780 3.800289 0.017832 0.053764 0.039335
    171 0.000002 -0.000002 1.901588 -0.191357 -0.059713 -0.055024
    172 -0.508654 0.249136 2.020947 0.152655 0.080680 0.091018
    173 0.021119 -0.005928 3.975933 0.018894 0.028663 0.023643
    174 0.068434 0.014627 3.999947 -0.000226 0.062982 0.043718
    175 0.007291 0.005524 4.039026 0.012551 -0.027196 -0.016564
    176 0.000624 -0.025537 3.672588 0.024791 -0.003099 0.002793
    177 0.135412 -0.087130 4.137642 0.062914 -0.003335 0.010281
    178 -0.098038 -0.014040 3.938129 0.050502 -0.075712 -0.040404
    179 0.000000 0.000000 1.657490 0.041547 -0.036248 -0.016575
    180 -0.152492 -0.043795 3.310970 0.069626 -0.165611 -0.093922
    181 -0.319357 -0.179602 4.414725 0.182634 -0.192652 -0.123486
    182 -0.315814 -0.299955 4.960563 -0.172145 -0.156203 -0.030440
    183 1.403308 -1.245113 1.653461 0.359794 0.150591 0.212228
    184 0.036398 -0.040260 4.010426 0.027874 0.013967 0.014459
    185 -0.039887 -0.009483 4.181797 0.011455 -0.007395 -0.001500
    186 0.012575 0.024708 4.669821 -0.037712 0.000559 -0.008144
    187 -0.003523 0.076199 4.128008 -0.144605 -0.004083 -0.033468
    188 -0.057062 0.140339 3.777658 -0.156635 -0.079873 -0.079572
    189 0.000000 0.000006 1.827118 -0.096844 -0.068790 -0.065895
    190 -0.000009 0.000010 1.819410 -0.025411 -0.082011 -0.074107
    191 0.000027 0.000004 1.796608 -0.053664 -0.068114 -0.061034
    192 -0.143153 0.090969 3.417557 -0.078908 -0.233386 -0.206128
    193 -0.299873 0.076631 3.734959 0.073278 -0.346198 -0.399055
    194 -0.205668 -0.102563 3.289330 0.188570 -0.187718 -0.357339
    195 -0.187449 -0.369966 3.245340 0.063889 0.263368 0.208768
    196 -2.697953 0.437979 2.522327 0.120394 -0.014646 -0.003645
    197 0.107490 -0.161877 4.179699 0.166631 0.086351 0.087082
    198 0.105456 -0.232386 4.477375 0.197240 0.070591 0.081982
    199 0.054015 -0.142471 4.558029 0.126629 0.045739 0.050372
    200 0.032275 -0.069153 3.613431 0.064673 0.047011 0.035167
    201 0.037062 0.026764 3.770080 -0.065051 0.050752 0.000997
    202 0.069780 0.200867 3.797603 -0.258059 0.065538 -0.050786
    203 0.097515 0.349510 3.710004 -0.367299 0.091254 -0.075876
    204 0.030205 0.308855 3.588852 -0.337830 -0.077508 -0.172666
    205 -0.153004 0.295002 3.523855 -0.288478 -0.299090 -0.389552
    206 -0.192861 0.188094 2.468803 0.033133 -0.438087 -0.812839
    207 3.038773 -3.186367 -0.000004 0.000000 -1.570796 -1.598781
    208 -1.259778 -0.110737 0.228234 1.581472 1.308281 -1.297982
    209 -0.000001 0.000000 1.663316 0.000004 -0.000002 -0.000002
    210 0.000000 0.000000 1.663315 -0.000002 0.000000 0.000000
    211 -1.301082 -0.448425 -0.122918 2.040421 0.526409 -0.327875
    212 0.000001 0.000004 4.296974 0.216396 0.205320 0.064361
    213 0.000000 0.000000 5.293940 -0.136099 0.001000 0.029709
    214 0.000002 0.000004 4.673290 -0.052714 0.003415 0.013170
    215 -1.181794 -0.334217 -0.513912 2.246439 0.707787 -0.351069
    216 0.000001 -0.000008 4.514694 0.102094 0.071610 -0.013054
    217 0.000005 0.000004 4.566620 -0.095016 0.147985 0.081109
    218 1.259783 -0.110741 0.228234 1.581473 -1.308280 1.297974
    219 0.000001 0.000000 1.663319 0.000004 0.000002 0.000003
    220 -0.000003 0.000004 1.663315 -0.000001 -0.000001 0.000001
    221 1.301088 -0.448425 -0.122919 2.040421 -0.526409 0.327874
    222 0.000000 0.000000 4.296982 0.216396 -0.205320 -0.064361
    223 0.000000 -0.000004 5.293945 -0.136099 -0.001000 -0.029708
    224 -0.000002 0.000004 4.673294 -0.052713 -0.003415 -0.013171
    225 1.181799 -0.334221 -0.513912 2.246439 -0.707787 0.351070
    226 0.000000 0.000004 4.514696 0.102093 -0.071611 0.013055
    227 0.000000 0.000000 4.566618 -0.095016 -0.147985 -0.081109
    228 6.151886 0.783840 1.728969 0.536693 0.361792 1.206873
    229 0.000000 0.000011 2.411968 0.020495 0.016009 -0.025840
    230 -0.631569 -0.002724 1.030853 -0.105429 0.014364 0.078393
    231 6.151878 0.783848 -1.729018 -2.604900 0.361798 -1.934721
    232 0.000004 0.000008 2.411964 0.020495 -0.016009 0.025840
    233 0.631573 -0.002724 1.030849 -0.105429 -0.014364 -0.078393
    234 1.230007 -0.544867 -2.682516 2.356555 1.563104 -0.612323
    235 1.230003 -0.544881 2.682512 -0.785755 1.563102 2.528558
    236 7.641582 1.695580 0.170169 -0.854575 -0.689729 0.657673
    237 7.641582 1.695581 -0.170173 2.287016 -0.689729 -2.483919
    238 0.000000 0.000004 2.319757 -0.210121 0.000000 0.000000
    239 0.000000 -0.000011 2.593413 -0.089771 0.000000 0.000000
    240 0.000001 -0.000019 2.777902 -0.004359 0.000000 0.000000
    241 0.000000 -0.000019 2.801039 0.078065 0.000000 0.000000
    242 0.000001 -0.000011 2.659531 0.187856 0.000000 0.000000
    243 0.000000 -0.000004 2.413889 0.343753 0.000000 0.000000
    244 0.000000 0.000023 2.236877 0.463603 0.000000 0.000000
end
triangles
lace
  6 -4.035790 0.025938 66.526756 -0.681624 -0.589625 -0.433278 0.131961 0.934078 1 6 1.000000
  6 -4.166492 0.178266 66.525093 -0.749441 -0.572461 -0.332605 0.153824 0.934078 1 6 1.000000
  6 -4.069184 0.137648 66.379326 -0.720429 -0.621509 -0.307748 0.153824 0.963110 1 6 1.000000
lace
  6 -4.166492 0.178266 66.525093 -0.749441 -0.572461 -0.332605 0.153824 0.934078 1 6 1.000000
  6 -4.035790 0.025938 66.526756 -0.681624 -0.589625 -0.433278 0.131961 0.934078 1 6 1.000000
  6 -4.024738 -0.116147 66.678818 -0.733184 -0.522402 -0.435358 0.110097 0.905045 1 6 1.000000
lace
  6 -4.024738 -0.116147 66.678818 -0.733184 -0.522402 -0.435358 0.110097 0.905045 1 6 1.000000
  6 -4.242307 0.213750 66.662773 -0.829401 -0.500769 -0.247638 0.153824 0.905045 1 6 1.000000
  6 -4.166492 0.178266 66.525093 -0.749441 -0.572461 -0.332605 0.153824 0.934078 1 6 1.000000
lace
  6 -4.242307 0.213750 66.662773 -0.829401 -0.500769 -0.247638 0.153824 0.905045 1 6 1.000000
  6 -4.024738 -0.116147 66.678818 -0.733184 -0.522402 -0.435358 0.110097 0.905045 1 6 1.000000
  6 -4.028355 -0.238978 66.823349 -0.809283 -0.457939 -0.367904 0.088234 0.876013 1 6 1.000000
lace
  6 -4.028355 -0.238978 66.823349 -0.809283 -0.457939 -0.367904 0.088234 0.876013 1 6 1.000000
  6 -4.309414 0.270281 66.842705 -0.907648 -0.418230 0.035488 0.153824 0.876013 1 6 1.000000
  6 -4.242307 0.213750 66.662773 -0.829401 -0.500769 -0.247638 0.153824 0.905045 1 6 1.000000
lace
  6 -4.309414 0.270281 66.842705 -0.907648 -0.418230 0.035488 0.153824 0.876013 1 6 1.000000
  6 -4.028355 -0.238978 66.823349 -0.809283 -0.457939 -0.367904 0.088234 0.876013 1 6 1.000000
  6 -4.029037 -0.356878 66.963692 -0.909551 -0.393189 -0.134611 0.066371 0.846981 1 6 1.000000
lace
  6 -4.029037 -0.356878 66.963692 -0.909551 -0.393189 -0.134611 0.066371 0.846981 1 6 1.000000
  6 -4.287698 0.331219 67.022308 -0.919433 -0.279708 0.276417 0.153824 0.846981 1 6 1.000000
  6 -4.309414 0.270281 66.842705 -0.907648 -0.418230 0.035488 0.153824 0.876013 1 6 1.000000
lace
  6 -4.083893 -0.238874 67.219078 -0.950536 -0.289124 0.113529 0.066371 0.817949 1 6 1.000000
  6 -4.287698 0.331219 67.022308 -0.919433 -0.279708 0.276417 0.153824 0.846981 1 6 1.000000
  6 -4.029037 -0.356878 66.963692 -0.909551 -0.393189 -0.134611 0.066371 0.846981 1 6 1.000000
lace
  6 -4.083893 -0.238874 67.219078 -0.950536 -0.289124 0.113529 0.066371 0.817949 1 6 1.000000
  6 -4.224245 0.399480 67.202385 -0.899375 -0.120861 0.420139 0.153824 0.817949 1 6 1.000000
  6 -4.287698 0.331219 67.022308 -0.919433 -0.279708 0.276417 0.153824 0.846981 1 6 1.000000
lace
  6 -4.044384 -0.004985 67.503403 -0.926288 -0.113145 0.359429 0.066371 0.788917 1 6 1.000000
  6 -4.224245 0.399480 67.202385 -0.899375 -0.120861 0.420139 0.153824 0.817949 1 6 1.000000
  6 -4.083893 -0.238874 67.219078 -0.950536 -0.289124 0.113529 0.066371 0.817949 1 6 1.000000
lace
  6 -4.044384 -0.004985 67.503403 -0.926288 -0.113145 0.359429 0.066371 0.788917 1 6 1.000000
  6 -4.118281 0.456204 67.378296 -0.861506 0.032184 0.506726 0.153824 0.788917 1 6 1.000000
  6 -4.224245 0.399480 67.202385 -0.899375 -0.120861 0.420139 0.153824 0.817949 1 6 1.000000
lace
  6 -3.983762 0.110691 67.661057 -0.915072 0.023753 0.402590 0.066371 0.759885 1 6 1.000000
  6 -4.118281 0.456204 67.378296 -0.861506 0.032184 0.506726 0.153824 0.788917 1 6 1.000000
  6 -4.044384 -0.004985 67.503403 -0.926288 -0.113145 0.359429 0.066371 0.788917 1 6 1.000000
lace
  6 -3.983762 0.110691 67.661057 -0.915072 0.023753 0.402590 0.066371 0.759885 1 6 1.000000
  6 -3.993454 0.467463 67.566429 -0.908751 0.033673 0.415978 0.153824 0.759884 1 6 1.000000
  6 -4.118281 0.456204 67.378296 -0.861506 0.032184 0.506726 0.153824 0.788917 1 6 1.000000
lace
  6 -3.920671 0.257504 67.799461 -0.968500 -0.064117 0.240616 0.066371 0.730853 1 6 1.000000
  6 -3.993454 0.467463 67.566429 -0.908751 0.033673 0.415978 0.153824 0.759884 1 6 1.000000
  6 -3.983762 0.110691 67.661057 -0.915072 0.023753 0.402590 0.066371 0.759885 1 6 1.000000
lace
  6 -3.920671 0.257504 67.799461 -0.968500 -0.064117 0.240616 0.066371 0.730853 1 6 1.000000
  6 -3.974505 0.467803 67.727478 -0.974055 -0.200423 0.105105 0.153824 0.730852 1 6 1.000000
  6 -3.993454 0.467463 67.566429 -0.908751 0.033673 0.415978 0.153824 0.759884 1 6 1.000000
lace
  6 -3.957506 0.471279 67.910355 -0.981201 -0.168324 0.094404 0.066371 0.701820 1 6 1.000000
  6 -3.974505 0.467803 67.727478 -0.974055 -0.200423 0.105105 0.153824 0.730852 1 6 1.000000
  6 -3.920671 0.257504 67.799461 -0.968500 -0.064117 0.240616 0.066371 0.730853 1 6 1.000000
lace
  6 -3.957506 0.471279 67.910355 -0.981201 -0.168324 0.094404 0.066371 0.701820 1 6 1.000000
  6 -3.970379 0.548969 67.876762 -0.985650 -0.156355 0.063615 0.153824 0.701820 1 6 1.000000
  6 -3.974505 0.467803 67.727478 -0.974055 -0.200423 0.105105 0.153824 0.730852 1 6 1.000000
lace
  6 -3.977103 0.591972 67.908867 -0.993575 -0.104434 0.043621 0.066371 0.701820 1 6 1.000000
  6 -3.986032 0.601153 67.727478 -0.995880 -0.053330 0.073344 0.153824 0.730852 1 6 1.000000
  6 -3.970379 0.548969 67.876762 -0.985650 -0.156355 0.063615 0.153824 0.701820 1 6 1.000000
lace
  6 -3.977103 0.591972 67.908867 -0.993575 -0.104434 0.043621 0.066371 0.701820 1 6 1.000000
  6 -3.990699 0.842538 67.795212 -0.980240 -0.121126 0.156392 0.066371 0.730853 1 6 1.000000
  6 -3.986032 0.601153 67.727478 -0.995880 -0.053330 0.073344 0.153824 0.730852 1 6 1.000000
lace
  6 -3.990699 0.842538 67.795212 -0.980240 -0.121126 0.156392 0.066371 0.730853 1 6 1.000000
  6 -4.004033 0.634250 67.565002 -0.895588 -0.191803 0.401416 0.153824 0.759884 1 6 1.000000
  6 -3.986032 0.601153 67.727478 -0.995880 -0.053330 0.073344 0.153824 0.730852 1 6 1.000000
lace
  6 -3.990699 0.842538 67.795212 -0.980240 -0.121126 0.156392 0.066371 0.730853 1 6 1.000000
  6 -4.051636 0.990319 67.658440 -0.918553 -0.136404 0.371018 0.066371 0.759885 1 6 1.000000
  6 -4.004033 0.634250 67.565002 -0.895588 -0.191803 0.401416 0.153824 0.759884 1 6 1.000000
lace
  6 -4.051636 0.990319 67.658440 -0.918553 -0.136404 0.371018 0.066371 0.759885 1 6 1.000000
  6 -4.139288 0.626030 67.389893 -0.796664 -0.158567 0.583253 0.153824 0.788917 1 6 1.000000
  6 -4.004033 0.634250 67.565002 -0.895588 -0.191803 0.401416 0.153824 0.759884 1 6 1.000000
lace
  6 -4.051636 0.990319 67.658440 -0.918553 -0.136404 0.371018 0.066371 0.759885 1 6 1.000000
  6 -4.119613 1.102913 67.512695 -0.889816 -0.035868 0.454908 0.066371 0.788917 1 6 1.000000
  6 -4.139288 0.626030 67.389893 -0.796664 -0.158567 0.583253 0.153824 0.788917 1 6 1.000000
lace
  6 -4.119613 1.102913 67.512695 -0.889816 -0.035868 0.454908 0.066371 0.788917 1 6 1.000000
  6 -4.276794 0.642583 67.219704 -0.881627 -0.036099 0.470564 0.153824 0.817949 1 6 1.000000
  6 -4.139288 0.626030 67.389893 -0.796664 -0.158567 0.583253 0.153824 0.788917 1 6 1.000000
lace
  6 -4.119613 1.102913 67.512695 -0.889816 -0.035868 0.454908 0.066371 0.788917 1 6 1.000000
  6 -4.252012 1.313998 67.258339 -0.969594 0.071942 0.233905 0.066371 0.817949 1 6 1.000000
  6 -4.276794 0.642583 67.219704 -0.881627 -0.036099 0.470564 0.153824 0.817949 1 6 1.000000
lace
  6 -4.341820 0.683268 67.047112 -0.957214 0.071331 0.280451 0.153824 0.846981 1 6 1.000000
  6 -4.276794 0.642583 67.219704 -0.881627 -0.036099 0.470564 0.153824 0.817949 1 6 1.000000
  6 -4.252012 1.313998 67.258339 -0.969594 0.071942 0.233905 0.066371 0.817949 1 6 1.000000
lace
  6 -4.341820 0.683268 67.047112 -0.957214 0.071331 0.280451 0.153824 0.846981 1 6 1.000000
  6 -4.252012 1.313998 67.258339 -0.969594 0.071942 0.233905 0.066371 0.817949 1 6 1.000000
  6 -4.254471 1.433112 67.022980 -0.987247 0.132625 0.088055 0.066371 0.846981 1 6 1.000000
lace
  6 -4.381432 0.725106 66.875969 -0.986322 0.146963 0.074634 0.153824 0.876013 1 6 1.000000
  6 -4.341820 0.683268 67.047112 -0.957214 0.071331 0.280451 0.153824 0.846981 1 6 1.000000
  6 -4.254471 1.433112 67.022980 -0.987247 0.132625 0.088055 0.066371 0.846981 1 6 1.000000
lace
  6 -4.254471 1.433112 67.022980 -0.987247 0.132625 0.088055 0.066371 0.846981 1 6 1.000000
  6 -4.282551 1.305176 66.898537 -0.986352 0.164041 0.014176 0.088234 0.876013 1 6 1.000000
  6 -4.381432 0.725106 66.875969 -0.986322 0.146963 0.074634 0.153824 0.876013 1 6 1.000000
lace
  6 -4.344791 0.785987 66.707481 -0.959255 0.172845 -0.223503 0.153824 0.905045 1 6 1.000000
  6 -4.381432 0.725106 66.875969 -0.986322 0.146963 0.074634 0.153824 0.876013 1 6 1.000000
  6 -4.282551 1.305176 66.898537 -0.986352 0.164041 0.014176 0.088234 0.876013 1 6 1.000000
lace
  6 -4.282551 1.305176 66.898537 -0.986352 0.164041 0.014176 0.088234 0.876013 1 6 1.000000
  6 -4.291835 1.174747 66.766182 -0.978747 0.155487 -0.133707 0.110097 0.905045 1 6 1.000000
  6 -4.344791 0.785987 66.707481 -0.959255 0.172845 -0.223503 0.153824 0.905045 1 6 1.000000
lace
  6 -4.289233 0.832203 66.576210 -0.916530 0.189473 -0.352240 0.153824 0.934078 1 6 1.000000
  6 -4.344791 0.785987 66.707481 -0.959255 0.172845 -0.223503 0.153824 0.905045 1 6 1.000000
  6 -4.291835 1.174747 66.766182 -0.978747 0.155487 -0.133707 0.110097 0.905045 1 6 1.000000
lace
  6 -4.291835 1.174747 66.766182 -0.978747 0.155487 -0.133707 0.110097 0.905045 1 6 1.000000
  6 -4.264071 1.020714 66.616692 -0.905312 0.201181 -0.374080 0.131961 0.934078 1 6 1.000000
  6 -4.289233 0.832203 66.576210 -0.916530 0.189473 -0.352240 0.153824 0.934078 1 6 1.000000
lace
  6 -4.264071 1.020714 66.616692 -0.905312 0.201181 -0.374080 0.131961 0.934078 1 6 1.000000
  6 -4.221206 0.890787 66.440880 -0.907405 0.200448 -0.369373 0.153824 0.963110 1 6 1.000000
  6 -4.289233 0.832203 66.576210 -0.916530 0.189473 -0.352240 0.153824 0.934078 1 6 1.000000
lace
  6 -4.015280 0.543475 67.925514 -0.933960 -0.093805 -0.344846 0.088234 0.963110 1 6 1.000000
  6 -4.014637 0.543554 67.961639 -0.994644 -0.101796 0.017939 0.066371 0.963110 1 6 1.000000
  6 -4.039041 0.582323 67.955437 -0.831630 -0.555049 0.017662 0.066371 0.905045 1 6 1.000000
lace
  6 -4.030773 0.499729 67.956024 -0.930579 0.364535 0.033726 0.066371 0.905045 1 6 1.000000
  6 -4.014637 0.543554 67.961639 -0.994644 -0.101796 0.017939 0.066371 0.963110 1 6 1.000000
  6 -4.015280 0.543475 67.925514 -0.933960 -0.093805 -0.344846 0.088234 0.963110 1 6 1.000000
lace
  6 -4.015280 0.543475 67.925514 -0.933960 -0.093805 -0.344846 0.088234 0.963110 1 6 1.000000
  6 -4.039041 0.582323 67.955437 -0.831630 -0.555049 0.017662 0.066371 0.905045 1 6 1.000000
  6 -4.037673 0.581411 67.921616 -0.757461 -0.531624 -0.378983 0.086868 0.905045 1 6 1.000000
lace
  6 -4.077621 0.633409 67.923180 -0.820226 -0.465239 -0.332839 0.086868 0.846980 1 6 1.000000
  6 -4.037673 0.581411 67.921616 -0.757461 -0.531624 -0.378983 0.086868 0.905045 1 6 1.000000
  6 -4.039041 0.582323 67.955437 -0.831630 -0.555049 0.017662 0.066371 0.905045 1 6 1.000000
lace
  6 -4.077621 0.633409 67.923180 -0.820226 -0.465239 -0.332839 0.086868 0.846980 1 6 1.000000
  6 -4.039041 0.582323 67.955437 -0.831630 -0.555049 0.017662 0.066371 0.905045 1 6 1.000000
  6 -4.069767 0.632002 67.967758 -0.837506 -0.529361 0.135499 0.066371 0.846981 1 6 1.000000
lace
  6 -4.020103 0.585825 67.902893 -0.825706 -0.505658 -0.250038 0.099166 0.905045 1 6 1.000000
  6 -4.015280 0.543475 67.925514 -0.933960 -0.093805 -0.344846 0.088234 0.963110 1 6 1.000000
  6 -4.037673 0.581411 67.921616 -0.757461 -0.531624 -0.378983 0.086868 0.905045 1 6 1.000000
lace
  6 -4.143587 0.752439 67.968895 -0.909508 -0.387677 -0.150009 0.086868 0.788917 1 6 1.000000
  6 -4.077621 0.633409 67.923180 -0.820226 -0.465239 -0.332839 0.086868 0.846980 1 6 1.000000
  6 -4.069767 0.632002 67.967758 -0.837506 -0.529361 0.135499 0.066371 0.846981 1 6 1.000000
lace
  6 -4.143587 0.752439 67.968895 -0.909508 -0.387677 -0.150009 0.086868 0.788917 1 6 1.000000
  6 -4.069767 0.632002 67.967758 -0.837506 -0.529361 0.135499 0.066371 0.846981 1 6 1.000000
  6 -4.125775 0.750982 68.058220 -0.873780 -0.463183 0.148223 0.066371 0.788917 1 6 1.000000
lace
  6 -4.052396 0.632592 67.899681 -0.832234 -0.516708 -0.200996 0.099166 0.846980 1 6 1.000000
  6 -4.037673 0.581411 67.921616 -0.757461 -0.531624 -0.378983 0.086868 0.905045 1 6 1.000000
  6 -4.077621 0.633409 67.923180 -0.820226 -0.465239 -0.332839 0.086868 0.846980 1 6 1.000000
lace
  6 -4.052396 0.632592 67.899681 -0.832234 -0.516708 -0.200996 0.099166 0.846980 1 6 1.000000
  6 -4.020103 0.585825 67.902893 -0.825706 -0.505658 -0.250038 0.099166 0.905045 1 6 1.000000
  6 -4.037673 0.581411 67.921616 -0.757461 -0.531624 -0.378983 0.086868 0.905045 1 6 1.000000
lace
  6 -4.115708 0.751293 67.918419 -0.911312 -0.389498 -0.133425 0.099166 0.788917 1 6 1.000000
  6 -4.077621 0.633409 67.923180 -0.820226 -0.465239 -0.332839 0.086868 0.846980 1 6 1.000000
  6 -4.143587 0.752439 67.968895 -0.909508 -0.387677 -0.150009 0.086868 0.788917 1 6 1.000000
lace
  6 -4.115708 0.751293 67.918419 -0.911312 -0.389498 -0.133425 0.099166 0.788917 1 6 1.000000
  6 -4.052396 0.632592 67.899681 -0.832234 -0.516708 -0.200996 0.099166 0.846980 1 6 1.000000
  6 -4.077621 0.633409 67.923180 -0.820226 -0.465239 -0.332839 0.086868 0.846980 1 6 1.000000
lace
  6 -4.204656 0.908708 68.047684 -0.931307 -0.361931 -0.040906 0.086868 0.730853 1 6 1.000000
  6 -4.143587 0.752439 67.968895 -0.909508 -0.387677 -0.150009 0.086868 0.788917 1 6 1.000000
  6 -4.125775 0.750982 68.058220 -0.873780 -0.463183 0.148223 0.066371 0.788917 1 6 1.000000
lace
  6 -4.204656 0.908708 68.047684 -0.931307 -0.361931 -0.040906 0.086868 0.730853 1 6 1.000000
  6 -4.125775 0.750982 68.058220 -0.873780 -0.463183 0.148223 0.066371 0.788917 1 6 1.000000
  6 -4.189157 0.904537 68.184052 -0.912105 -0.406324 0.054447 0.066371 0.730853 1 6 1.000000
lace
  6 -4.187764 0.915159 67.966370 -0.929754 -0.364917 -0.048911 0.099166 0.730853 1 6 1.000000
  6 -4.115708 0.751293 67.918419 -0.911312 -0.389498 -0.133425 0.099166 0.788917 1 6 1.000000
  6 -4.143587 0.752439 67.968895 -0.909508 -0.387677 -0.150009 0.086868 0.788917 1 6 1.000000
lace
  6 -4.187764 0.915159 67.966370 -0.929754 -0.364917 -0.048911 0.099166 0.730853 1 6 1.000000
  6 -4.143587 0.752439 67.968895 -0.909508 -0.387677 -0.150009 0.086868 0.788917 1 6 1.000000
  6 -4.204656 0.908708 68.047684 -0.931307 -0.361931 -0.040906 0.086868 0.730853 1 6 1.000000
lace
  6 -4.264948 1.078820 68.130348 -0.926436 -0.374819 -0.035019 0.086868 0.672788 1 6 1.000000
  6 -4.204656 0.908708 68.047684 -0.931307 -0.361931 -0.040906 0.086868 0.730853 1 6 1.000000
  6 -4.189157 0.904537 68.184052 -0.912105 -0.406324 0.054447 0.066371 0.730853 1 6 1.000000
lace
  6 -4.264948 1.078820 68.130348 -0.926436 -0.374819 -0.035019 0.086868 0.672788 1 6 1.000000
  6 -4.189157 0.904537 68.184052 -0.912105 -0.406324 0.054447 0.066371 0.730853 1 6 1.000000
  6 -4.267135 1.065131 68.283127 -0.920808 -0.387378 -0.045295 0.066371 0.672788 1 6 1.000000
lace
  6 -4.258987 1.085414 68.006866 -0.924805 -0.379129 0.031585 0.099166 0.672788 1 6 1.000000
  6 -4.187764 0.915159 67.966370 -0.929754 -0.364917 -0.048911 0.099166 0.730853 1 6 1.000000
  6 -4.204656 0.908708 68.047684 -0.931307 -0.361931 -0.040906 0.086868 0.730853 1 6 1.000000
lace
  6 -4.258987 1.085414 68.006866 -0.924805 -0.379129 0.031585 0.099166 0.672788 1 6 1.000000
  6 -4.204656 0.908708 68.047684 -0.931307 -0.361931 -0.040906 0.086868 0.730853 1 6 1.000000
  6 -4.264948 1.078820 68.130348 -0.926436 -0.374819 -0.035019 0.086868 0.672788 1 6 1.000000
lace
  6 -4.339703 1.255159 68.198639 -0.962569 -0.270960 -0.006389 0.086868 0.618354 1 6 1.000000
  6 -4.264948 1.078820 68.130348 -0.926436 -0.374819 -0.035019 0.086868 0.672788 1 6 1.000000
  6 -4.267135 1.065131 68.283127 -0.920808 -0.387378 -0.045295 0.066371 0.672788 1 6 1.000000
lace
  6 -4.339703 1.255159 68.198639 -0.962569 -0.270960 -0.006389 0.086868 0.618354 1 6 1.000000
  6 -4.267135 1.065131 68.283127 -0.920808 -0.387378 -0.045295 0.066371 0.672788 1 6 1.000000
  6 -4.332836 1.222605 68.354340 -0.969682 -0.244324 -0.004769 0.066371 0.614724 1 6 1.000000
lace
  6 -4.341955 1.269576 68.043259 -0.951532 -0.306684 0.023064 0.099166 0.618354 1 6 1.000000
  6 -4.258987 1.085414 68.006866 -0.924805 -0.379129 0.031585 0.099166 0.672788 1 6 1.000000
  6 -4.264948 1.078820 68.130348 -0.926436 -0.374819 -0.035019 0.086868 0.672788 1 6 1.000000
lace
  6 -4.341955 1.269576 68.043259 -0.951532 -0.306684 0.023064 0.099166 0.618354 1 6 1.000000
  6 -4.264948 1.078820 68.130348 -0.926436 -0.374819 -0.035019 0.086868 0.672788 1 6 1.000000
  6 -4.339703 1.255159 68.198639 -0.962569 -0.270960 -0.006389 0.086868 0.618354 1 6 1.000000
lace
  6 -4.353794 1.348647 68.238197 -0.969937 0.217031 0.110088 0.086868 0.585692 1 6 1.000000
  6 -4.339703 1.255159 68.198639 -0.962569 -0.270960 -0.006389 0.086868 0.618354 1 6 1.000000
  6 -4.332836 1.222605 68.354340 -0.969682 -0.244324 -0.004769 0.066371 0.614724 1 6 1.000000
lace
  6 -4.353794 1.348647 68.238197 -0.969937 0.217031 0.110088 0.086868 0.585692 1 6 1.000000
  6 -4.332836 1.222605 68.354340 -0.969682 -0.244324 -0.004769 0.066371 0.614724 1 6 1.000000
  6 -4.343621 1.304003 68.397934 -0.941612 0.295467 0.161447 0.066371 0.585692 1 6 1.000000
lace
  6 -4.364955 1.374599 68.059006 -0.983790 0.167964 0.062805 0.099166 0.585692 1 6 1.000000
  6 -4.341955 1.269576 68.043259 -0.951532 -0.306684 0.023064 0.099166 0.618354 1 6 1.000000
  6 -4.339703 1.255159 68.198639 -0.962569 -0.270960 -0.006389 0.086868 0.618354 1 6 1.000000
lace
  6 -4.364955 1.374599 68.059006 -0.983790 0.167964 0.062805 0.099166 0.585692 1 6 1.000000
  6 -4.339703 1.255159 68.198639 -0.962569 -0.270960 -0.006389 0.086868 0.618354 1 6 1.000000
  6 -4.353794 1.348647 68.238197 -0.969937 0.217031 0.110088 0.086868 0.585692 1 6 1.000000
lace
  6 -4.316623 1.397926 68.259514 -0.478436 0.848572 0.225887 0.086868 0.556659 1 6 1.000000
  6 -4.353794 1.348647 68.238197 -0.969937 0.217031 0.110088 0.086868 0.585692 1 6 1.000000
  6 -4.343621 1.304003 68.397934 -0.941612 0.295467 0.161447 0.066371 0.585692 1 6 1.000000
lace
  6 -4.316623 1.397926 68.259514 -0.478436 0.848572 0.225887 0.086868 0.556659 1 6 1.000000
  6 -4.343621 1.304003 68.397934 -0.941612 0.295467 0.161447 0.066371 0.585692 1 6 1.000000
  6 -4.302301 1.345945 68.424690 -0.402278 0.864030 0.302694 0.066371 0.556659 1 6 1.000000
lace
  6 -4.330707 1.433547 68.066032 -0.468274 0.877504 0.103474 0.099166 0.556659 1 6 1.000000
  6 -4.364955 1.374599 68.059006 -0.983790 0.167964 0.062805 0.099166 0.585692 1 6 1.000000
  6 -4.353794 1.348647 68.238197 -0.969937 0.217031 0.110088 0.086868 0.585692 1 6 1.000000
lace
  6 -4.330707 1.433547 68.066032 -0.468274 0.877504 0.103474 0.099166 0.556659 1 6 1.000000
  6 -4.353794 1.348647 68.238197 -0.969937 0.217031 0.110088 0.086868 0.585692 1 6 1.000000
  6 -4.316623 1.397926 68.259514 -0.478436 0.848572 0.225887 0.086868 0.556659 1 6 1.000000
lace
  6 -4.374507 1.374853 67.883873 -0.981737 0.161489 0.100563 0.110097 0.585692 1 6 1.000000
  6 -4.341955 1.269576 68.043259 -0.951532 -0.306684 0.023064 0.099166 0.618354 1 6 1.000000
  6 -4.364955 1.374599 68.059006 -0.983790 0.167964 0.062805 0.099166 0.585692 1 6 1.000000
lace
  6 -4.330707 1.433547 68.066032 -0.468274 0.877504 0.103474 0.099166 0.556659 1 6 1.000000
  6 -4.374507 1.374853 67.883873 -0.981737 0.161489 0.100563 0.110097 0.585692 1 6 1.000000
  6 -4.364955 1.374599 68.059006 -0.983790 0.167964 0.062805 0.099166 0.585692 1 6 1.000000
lace
  6 -4.251491 1.397516 68.281364 0.261048 0.944280 0.200473 0.086868 0.527628 1 6 1.000000
  6 -4.316623 1.397926 68.259514 -0.478436 0.848572 0.225887 0.086868 0.556659 1 6 1.000000
  6 -4.302301 1.345945 68.424690 -0.402278 0.864030 0.302694 0.066371 0.556659 1 6 1.000000
lace
  6 -4.251491 1.397516 68.281364 0.261048 0.944280 0.200473 0.086868 0.527628 1 6 1.000000
  6 -4.302301 1.345945 68.424690 -0.402278 0.864030 0.302694 0.066371 0.556659 1 6 1.000000
  6 -4.238482 1.346993 68.445877 0.289294 0.924932 0.246597 0.066371 0.527628 1 6 1.000000
lace
  6 -4.316623 1.397926 68.259514 -0.478436 0.848572 0.225887 0.086868 0.556659 1 6 1.000000
  6 -4.263933 1.429425 68.077835 0.345599 0.936027 0.066443 0.099166 0.527628 1 6 1.000000
  6 -4.330707 1.433547 68.066032 -0.468274 0.877504 0.103474 0.099166 0.556659 1 6 1.000000
lace
  6 -4.316623 1.397926 68.259514 -0.478436 0.848572 0.225887 0.086868 0.556659 1 6 1.000000
  6 -4.251491 1.397516 68.281364 0.261048 0.944280 0.200473 0.086868 0.527628 1 6 1.000000
  6 -4.263933 1.429425 68.077835 0.345599 0.936027 0.066443 0.099166 0.527628 1 6 1.000000
lace
  6 -4.238482 1.346993 68.445877 0.289294 0.924932 0.246597 0.066371 0.527628 1 6 1.000000
  6 -4.115787 1.305078 68.268967 0.774002 0.627826 0.082192 0.086868 0.469562 1 6 1.000000
  6 -4.251491 1.397516 68.281364 0.261048 0.944280 0.200473 0.086868 0.527628 1 6 1.000000
lace
  6 -4.238482 1.346993 68.445877 0.289294 0.924932 0.246597 0.066371 0.527628 1 6 1.000000
  6 -4.116580 1.272644 68.432205 0.769976 0.625112 0.127953 0.066371 0.469562 1 6 1.000000
  6 -4.115787 1.305078 68.268967 0.774002 0.627826 0.082192 0.086868 0.469562 1 6 1.000000
lace
  6 -4.115787 1.305078 68.268967 0.774002 0.627826 0.082192 0.086868 0.469562 1 6 1.000000
  6 -4.116580 1.272644 68.432205 0.769976 0.625112 0.127953 0.066371 0.469562 1 6 1.000000
  6 -4.084807 1.189523 68.409470 0.958609 0.275761 0.070887 0.066371 0.440532 1 6 1.000000
lace
  6 -4.251491 1.397516 68.281364 0.261048 0.944280 0.200473 0.086868 0.527628 1 6 1.000000
  6 -4.115787 1.305078 68.268967 0.774002 0.627826 0.082192 0.086868 0.469562 1 6 1.000000
  6 -4.117672 1.313157 68.079941 0.791586 0.610998 -0.008554 0.099166 0.469562 1 6 1.000000
lace
  6 -4.251491 1.397516 68.281364 0.261048 0.944280 0.200473 0.086868 0.527628 1 6 1.000000
  6 -4.117672 1.313157 68.079941 0.791586 0.610998 -0.008554 0.099166 0.469562 1 6 1.000000
  6 -4.263933 1.429425 68.077835 0.345599 0.936027 0.066443 0.099166 0.527628 1 6 1.000000
lace
  6 -4.115787 1.305078 68.268967 0.774002 0.627826 0.082192 0.086868 0.469562 1 6 1.000000
  6 -4.084807 1.189523 68.409470 0.958609 0.275761 0.070887 0.066371 0.440532 1 6 1.000000
  6 -4.078978 1.213570 68.248055 0.959182 0.279755 0.041307 0.086868 0.436902 1 6 1.000000
lace
  6 -4.078978 1.213570 68.248055 0.959182 0.279755 0.041307 0.086868 0.436902 1 6 1.000000
  6 -4.117672 1.313157 68.079941 0.791586 0.610998 -0.008554 0.099166 0.469562 1 6 1.000000
  6 -4.115787 1.305078 68.268967 0.774002 0.627826 0.082192 0.086868 0.469562 1 6 1.000000
lace
  6 -4.078978 1.213570 68.248055 0.959182 0.279755 0.041307 0.086868 0.436902 1 6 1.000000
  6 -4.084807 1.189523 68.409470 0.958609 0.275761 0.070887 0.066371 0.440532 1 6 1.000000
  6 -4.053648 1.045066 68.329857 0.985632 0.156848 0.062674 0.066371 0.382466 1 6 1.000000
lace
  6 -4.078978 1.213570 68.248055 0.959182 0.279755 0.041307 0.086868 0.436902 1 6 1.000000
  6 -4.053648 1.045066 68.329857 0.985632 0.156848 0.062674 0.066371 0.382466 1 6 1.000000
  6 -4.047114 1.054834 68.204689 0.987345 0.158278 0.009920 0.086868 0.382466 1 6 1.000000
lace
  6 -3.985208 0.621463 67.994530 0.957698 -0.111760 0.265185 0.066371 0.208273 1 6 1.000000
  6 -4.047114 1.054834 68.204689 0.987345 0.158278 0.009920 0.086868 0.382466 1 6 1.000000
  6 -4.053648 1.045066 68.329857 0.985632 0.156848 0.062674 0.066371 0.382466 1 6 1.000000
lace
  6 -4.078978 1.213570 68.248055 0.959182 0.279755 0.041307 0.086868 0.436902 1 6 1.000000
  6 -4.079273 1.220032 68.070419 0.964752 0.259397 -0.044343 0.099166 0.436902 1 6 1.000000
  6 -4.117672 1.313157 68.079941 0.791586 0.610998 -0.008554 0.099166 0.469562 1 6 1.000000
lace
  6 -4.047114 1.054834 68.204689 0.987345 0.158278 0.009920 0.086868 0.382466 1 6 1.000000
  6 -4.079273 1.220032 68.070419 0.964752 0.259397 -0.044343 0.099166 0.436902 1 6 1.000000
  6 -4.078978 1.213570 68.248055 0.959182 0.279755 0.041307 0.086868 0.436902 1 6 1.000000
lace
  6 -3.985208 0.621463 67.994530 0.957698 -0.111760 0.265185 0.066371 0.208273 1 6 1.000000
  6 -3.970803 0.623116 67.946053 0.998740 -0.050060 -0.003496 0.086868 0.208273 1 6 1.000000
  6 -4.047114 1.054834 68.204689 0.987345 0.158278 0.009920 0.086868 0.382466 1 6 1.000000
lace
  6 -3.970803 0.623116 67.946053 0.998740 -0.050060 -0.003496 0.086868 0.208273 1 6 1.000000
  6 -3.985208 0.621463 67.994530 0.957698 -0.111760 0.265185 0.066371 0.208273 1 6 1.000000
  6 -3.994705 0.575349 67.966293 0.888990 -0.409988 0.203976 0.066371 0.150210 1 6 1.000000
lace
  6 -4.047114 1.054834 68.204689 0.987345 0.158278 0.009920 0.086868 0.382466 1 6 1.000000
  6 -4.062017 1.059618 68.053619 0.980867 0.163839 -0.105151 0.099166 0.382466 1 6 1.000000
  6 -4.079273 1.220032 68.070419 0.964752 0.259397 -0.044343 0.099166 0.436902 1 6 1.000000
lace
  6 -3.970803 0.623116 67.946053 0.998740 -0.050060 -0.003496 0.086868 0.208273 1 6 1.000000
  6 -4.062017 1.059618 68.053619 0.980867 0.163839 -0.105151 0.099166 0.382466 1 6 1.000000
  6 -4.047114 1.054834 68.204689 0.987345 0.158278 0.009920 0.086868 0.382466 1 6 1.000000
lace
  6 -4.079273 1.220032 68.070419 0.964752 0.259397 -0.044343 0.099166 0.436902 1 6 1.000000
  6 -4.125202 1.304076 67.879555 0.827636 0.553394 -0.093671 0.110097 0.469562 1 6 1.000000
  6 -4.117672 1.313157 68.079941 0.791586 0.610998 -0.008554 0.099166 0.469562 1 6 1.000000
lace
  6 -4.263933 1.429425 68.077835 0.345599 0.936027 0.066443 0.099166 0.527628 1 6 1.000000
  6 -4.117672 1.313157 68.079941 0.791586 0.610998 -0.008554 0.099166 0.469562 1 6 1.000000
  6 -4.125202 1.304076 67.879555 0.827636 0.553394 -0.093671 0.110097 0.469562 1 6 1.000000
lace
  6 -4.062017 1.059618 68.053619 0.980867 0.163839 -0.105151 0.099166 0.382466 1 6 1.000000
  6 -4.094223 1.213434 67.886147 0.972581 0.195584 -0.125829 0.110097 0.436902 1 6 1.000000
  6 -4.079273 1.220032 68.070419 0.964752 0.259397 -0.044343 0.099166 0.436902 1 6 1.000000
lace
  6 -4.079273 1.220032 68.070419 0.964752 0.259397 -0.044343 0.099166 0.436902 1 6 1.000000
  6 -4.094223 1.213434 67.886147 0.972581 0.195584 -0.125829 0.110097 0.436902 1 6 1.000000
  6 -4.125202 1.304076 67.879555 0.827636 0.553394 -0.093671 0.110097 0.469562 1 6 1.000000
lace
  6 -3.970803 0.623116 67.946053 0.998740 -0.050060 -0.003496 0.086868 0.208273 1 6 1.000000
  6 -3.979725 0.619919 67.911942 0.983175 0.031156 -0.179989 0.099166 0.208273 1 6 1.000000
  6 -4.062017 1.059618 68.053619 0.980867 0.163839 -0.105151 0.099166 0.382466 1 6 1.000000
lace
  6 -4.263933 1.429425 68.077835 0.345599 0.936027 0.066443 0.099166 0.527628 1 6 1.000000
  6 -4.125202 1.304076 67.879555 0.827636 0.553394 -0.093671 0.110097 0.469562 1 6 1.000000
  6 -4.275688 1.433207 67.871971 0.376322 0.926207 -0.022864 0.110097 0.527628 1 6 1.000000
lace
  6 -4.330707 1.433547 68.066032 -0.468274 0.877504 0.103474 0.099166 0.556659 1 6 1.000000
  6 -4.263933 1.429425 68.077835 0.345599 0.936027 0.066443 0.099166 0.527628 1 6 1.000000
  6 -4.275688 1.433207 67.871971 0.376322 0.926207 -0.022864 0.110097 0.527628 1 6 1.000000
lace
  6 -3.970803 0.623116 67.946053 0.998740 -0.050060 -0.003496 0.086868 0.208273 1 6 1.000000
  6 -3.994705 0.575349 67.966293 0.888990 -0.409988 0.203976 0.066371 0.150210 1 6 1.000000
  6 -3.984342 0.576332 67.928093 0.929852 -0.364184 0.052387 0.086868 0.150210 1 6 1.000000
lace
  6 -3.984342 0.576332 67.928093 0.929852 -0.364184 0.052387 0.086868 0.150210 1 6 1.000000
  6 -3.979725 0.619919 67.911942 0.983175 0.031156 -0.179989 0.099166 0.208273 1 6 1.000000
  6 -3.970803 0.623116 67.946053 0.998740 -0.050060 -0.003496 0.086868 0.208273 1 6 1.000000
lace
  6 -4.330707 1.433547 68.066032 -0.468274 0.877504 0.103474 0.099166 0.556659 1 6 1.000000
  6 -4.275688 1.433207 67.871971 0.376322 0.926207 -0.022864 0.110097 0.527628 1 6 1.000000
  6 -4.341830 1.436520 67.876923 -0.479311 0.876455 0.045692 0.110097 0.556659 1 6 1.000000
lace
  6 -4.330707 1.433547 68.066032 -0.468274 0.877504 0.103474 0.099166 0.556659 1 6 1.000000
  6 -4.341830 1.436520 67.876923 -0.479311 0.876455 0.045692 0.110097 0.556659 1 6 1.000000
  6 -4.374507 1.374853 67.883873 -0.981737 0.161489 0.100563 0.110097 0.585692 1 6 1.000000
lace
  6 -4.005158 0.544737 67.927277 0.957891 0.108117 0.265997 0.088234 0.092145 1 6 1.000000
  6 -3.984342 0.576332 67.928093 0.929852 -0.364184 0.052387 0.086868 0.150210 1 6 1.000000
  6 -3.994705 0.575349 67.966293 0.888990 -0.409988 0.203976 0.066371 0.150210 1 6 1.000000
lace
  6 -4.005158 0.544737 67.927277 0.957891 0.108117 0.265997 0.088234 0.092145 1 6 1.000000
  6 -3.994705 0.575349 67.966293 0.888990 -0.409988 0.203976 0.066371 0.150210 1 6 1.000000
  6 -4.008679 0.544305 67.962448 0.988525 0.112919 0.100339 0.066371 0.092145 1 6 1.000000
lace
  6 -3.988560 0.517465 67.966705 0.773481 0.600367 0.203190 0.066371 0.150210 1 6 1.000000
  6 -4.005158 0.544737 67.927277 0.957891 0.108117 0.265997 0.088234 0.092145 1 6 1.000000
  6 -4.008679 0.544305 67.962448 0.988525 0.112919 0.100339 0.066371 0.092145 1 6 1.000000
lace
  6 -3.984342 0.576332 67.928093 0.929852 -0.364184 0.052387 0.086868 0.150210 1 6 1.000000
  6 -4.005158 0.544737 67.927277 0.957891 0.108117 0.265997 0.088234 0.092145 1 6 1.000000
  6 -3.998249 0.545566 67.909195 0.992337 0.105015 0.065101 0.099166 0.092145 1 6 1.000000
lace
  6 -3.988560 0.517465 67.966705 0.773481 0.600367 0.203190 0.066371 0.150210 1 6 1.000000
  6 -3.978419 0.519000 67.928505 0.826659 0.560742 0.046944 0.086868 0.150210 1 6 1.000000
  6 -4.005158 0.544737 67.927277 0.957891 0.108117 0.265997 0.088234 0.092145 1 6 1.000000
lace
  6 -3.978419 0.519000 67.928505 0.826659 0.560742 0.046944 0.086868 0.150210 1 6 1.000000
  6 -3.998249 0.545566 67.909195 0.992337 0.105015 0.065101 0.099166 0.092145 1 6 1.000000
  6 -4.005158 0.544737 67.927277 0.957891 0.108117 0.265997 0.088234 0.092145 1 6 1.000000
lace
  6 -3.988560 0.517465 67.966705 0.773481 0.600367 0.203190 0.066371 0.150210 1 6 1.000000
  6 -3.954653 0.476739 67.947113 0.963452 0.267673 -0.010578 0.086868 0.208273 1 6 1.000000
  6 -3.978419 0.519000 67.928505 0.826659 0.560742 0.046944 0.086868 0.150210 1 6 1.000000
lace
  6 -3.988560 0.517465 67.966705 0.773481 0.600367 0.203190 0.066371 0.150210 1 6 1.000000
  6 -3.968810 0.474885 67.995590 0.910713 0.317471 0.264224 0.066371 0.208273 1 6 1.000000
  6 -3.954653 0.476739 67.947113 0.963452 0.267673 -0.010578 0.086868 0.208273 1 6 1.000000
lace
  6 -3.984342 0.576332 67.928093 0.929852 -0.364184 0.052387 0.086868 0.150210 1 6 1.000000
  6 -3.998249 0.545566 67.909195 0.992337 0.105015 0.065101 0.099166 0.092145 1 6 1.000000
  6 -3.986364 0.578938 67.906479 0.967112 -0.234401 -0.098741 0.099166 0.150210 1 6 1.000000
lace
  6 -3.984342 0.576332 67.928093 0.929852 -0.364184 0.052387 0.086868 0.150210 1 6 1.000000
  6 -3.986364 0.578938 67.906479 0.967112 -0.234401 -0.098741 0.099166 0.150210 1 6 1.000000
  6 -3.979725 0.619919 67.911942 0.983175 0.031156 -0.179989 0.099166 0.208273 1 6 1.000000
lace
  6 -3.968810 0.474885 67.995590 0.910713 0.317471 0.264224 0.066371 0.208273 1 6 1.000000
  6 -3.937600 0.033290 68.212074 0.998276 0.056805 0.014790 0.086868 0.382466 1 6 1.000000
  6 -3.954653 0.476739 67.947113 0.963452 0.267673 -0.010578 0.086868 0.208273 1 6 1.000000
lace
  6 -3.968810 0.474885 67.995590 0.910713 0.317471 0.264224 0.066371 0.208273 1 6 1.000000
  6 -3.947884 0.039779 68.337166 0.994640 0.066677 0.079029 0.066371 0.382466 1 6 1.000000
  6 -3.937600 0.033290 68.212074 0.998276 0.056805 0.014790 0.086868 0.382466 1 6 1.000000
lace
  6 -3.978419 0.519000 67.928505 0.826659 0.560742 0.046944 0.086868 0.150210 1 6 1.000000
  6 -3.954653 0.476739 67.947113 0.963452 0.267673 -0.010578 0.086868 0.208273 1 6 1.000000
  6 -3.964541 0.477627 67.912987 0.967159 0.190594 -0.168158 0.099166 0.208273 1 6 1.000000
lace
  6 -3.947884 0.039779 68.337166 0.994640 0.066677 0.079029 0.066371 0.382466 1 6 1.000000
  6 -3.933332 -0.131921 68.257782 0.998291 -0.048017 0.033308 0.086868 0.436902 1 6 1.000000
  6 -3.937600 0.033290 68.212074 0.998276 0.056805 0.014790 0.086868 0.382466 1 6 1.000000
lace
  6 -3.947884 0.039779 68.337166 0.994640 0.066677 0.079029 0.066371 0.382466 1 6 1.000000
  6 -3.947495 -0.111330 68.418571 0.997963 -0.008722 0.063193 0.066371 0.440532 1 6 1.000000
  6 -3.933332 -0.131921 68.257782 0.998291 -0.048017 0.033308 0.086868 0.436902 1 6 1.000000
lace
  6 -3.954653 0.476739 67.947113 0.963452 0.267673 -0.010578 0.086868 0.208273 1 6 1.000000
  6 -3.937600 0.033290 68.212074 0.998276 0.056805 0.014790 0.086868 0.382466 1 6 1.000000
  6 -3.950284 0.025736 68.061096 0.997022 0.034630 -0.068904 0.099166 0.382466 1 6 1.000000
lace
  6 -3.954653 0.476739 67.947113 0.963452 0.267673 -0.010578 0.086868 0.208273 1 6 1.000000
  6 -3.950284 0.025736 68.061096 0.997022 0.034630 -0.068904 0.099166 0.382466 1 6 1.000000
  6 -3.964541 0.477627 67.912987 0.967159 0.190594 -0.168158 0.099166 0.208273 1 6 1.000000
lace
  6 -3.937600 0.033290 68.212074 0.998276 0.056805 0.014790 0.086868 0.382466 1 6 1.000000
  6 -3.933332 -0.131921 68.257782 0.998291 -0.048017 0.033308 0.086868 0.436902 1 6 1.000000
  6 -3.937813 -0.138120 68.080261 0.997701 -0.052204 -0.043205 0.099166 0.436902 1 6 1.000000
lace
  6 -3.937600 0.033290 68.212074 0.998276 0.056805 0.014790 0.086868 0.382466 1 6 1.000000
  6 -3.937813 -0.138120 68.080261 0.997701 -0.052204 -0.043205 0.099166 0.436902 1 6 1.000000
  6 -3.950284 0.025736 68.061096 0.997022 0.034630 -0.068904 0.099166 0.382466 1 6 1.000000
lace
  6 -3.947495 -0.111330 68.418571 0.997963 -0.008722 0.063193 0.066371 0.440532 1 6 1.000000
  6 -3.946231 -0.230379 68.278297 0.947782 -0.316841 0.036349 0.086868 0.469562 1 6 1.000000
  6 -3.933332 -0.131921 68.257782 0.998291 -0.048017 0.033308 0.086868 0.436902 1 6 1.000000
lace
  6 -3.947495 -0.111330 68.418571 0.997963 -0.008722 0.063193 0.066371 0.440532 1 6 1.000000
  6 -3.949448 -0.199131 68.440544 0.954323 -0.286274 0.085521 0.066371 0.469562 1 6 1.000000
  6 -3.946231 -0.230379 68.278297 0.947782 -0.316841 0.036349 0.086868 0.469562 1 6 1.000000
lace
  6 -3.933332 -0.131921 68.257782 0.998291 -0.048017 0.033308 0.086868 0.436902 1 6 1.000000
  6 -3.952990 -0.239018 68.089981 0.936365 -0.349099 -0.036730 0.099166 0.469562 1 6 1.000000
  6 -3.937813 -0.138120 68.080261 0.997701 -0.052204 -0.043205 0.099166 0.436902 1 6 1.000000
lace
  6 -3.933332 -0.131921 68.257782 0.998291 -0.048017 0.033308 0.086868 0.436902 1 6 1.000000
  6 -3.946231 -0.230379 68.278297 0.947782 -0.316841 0.036349 0.086868 0.469562 1 6 1.000000
  6 -3.952990 -0.239018 68.089981 0.936365 -0.349099 -0.036730 0.099166 0.469562 1 6 1.000000
lace
  6 -3.949448 -0.199131 68.440544 0.954323 -0.286274 0.085521 0.066371 0.469562 1 6 1.000000
  6 -3.986391 -0.299116 68.294022 0.767054 -0.634259 0.096665 0.086868 0.498595 1 6 1.000000
  6 -3.946231 -0.230379 68.278297 0.947782 -0.316841 0.036349 0.086868 0.469562 1 6 1.000000
lace
  6 -3.949448 -0.199131 68.440544 0.954323 -0.286274 0.085521 0.066371 0.469562 1 6 1.000000
  6 -3.988362 -0.256609 68.456955 0.733567 -0.655386 0.179855 0.066371 0.498596 1 6 1.000000
  6 -3.986391 -0.299116 68.294022 0.767054 -0.634259 0.096665 0.086868 0.498595 1 6 1.000000
lace
  6 -4.045399 -0.300865 68.453293 0.425077 -0.867763 0.257481 0.066371 0.527628 1 6 1.000000
  6 -3.986391 -0.299116 68.294022 0.767054 -0.634259 0.096665 0.086868 0.498595 1 6 1.000000
  6 -3.988362 -0.256609 68.456955 0.733567 -0.655386 0.179855 0.066371 0.498596 1 6 1.000000
lace
  6 -3.946231 -0.230379 68.278297 0.947782 -0.316841 0.036349 0.086868 0.469562 1 6 1.000000
  6 -3.986391 -0.299116 68.294022 0.767054 -0.634259 0.096665 0.086868 0.498595 1 6 1.000000
  6 -4.002892 -0.319808 68.094704 0.800546 -0.599048 -0.016370 0.099166 0.498595 1 6 1.000000
lace
  6 -3.946231 -0.230379 68.278297 0.947782 -0.316841 0.036349 0.086868 0.469562 1 6 1.000000
  6 -4.002892 -0.319808 68.094704 0.800546 -0.599048 -0.016370 0.099166 0.498595 1 6 1.000000
  6 -3.952990 -0.239018 68.089981 0.936365 -0.349099 -0.036730 0.099166 0.469562 1 6 1.000000
lace
  6 -4.045399 -0.300865 68.453293 0.425077 -0.867763 0.257481 0.066371 0.527628 1 6 1.000000
  6 -4.045001 -0.352397 68.289574 0.435753 -0.879879 0.189560 0.086868 0.527628 1 6 1.000000
  6 -3.986391 -0.299116 68.294022 0.767054 -0.634259 0.096665 0.086868 0.498595 1 6 1.000000
lace
  6 -4.045001 -0.352397 68.289574 0.435753 -0.879879 0.189560 0.086868 0.527628 1 6 1.000000
  6 -4.002892 -0.319808 68.094704 0.800546 -0.599048 -0.016370 0.099166 0.498595 1 6 1.000000
  6 -3.986391 -0.299116 68.294022 0.767054 -0.634259 0.096665 0.086868 0.498595 1 6 1.000000
lace
  6 -4.107522 -0.315300 68.432091 -0.338553 -0.894677 0.291436 0.066371 0.556659 1 6 1.000000
  6 -4.045001 -0.352397 68.289574 0.435753 -0.879879 0.189560 0.086868 0.527628 1 6 1.000000
  6 -4.045399 -0.300865 68.453293 0.425077 -0.867763 0.257481 0.066371 0.527628 1 6 1.000000
lace
  6 -4.107522 -0.315300 68.432091 -0.338553 -0.894677 0.291436 0.066371 0.556659 1 6 1.000000
  6 -4.109850 -0.368844 68.267570 -0.425411 -0.878019 0.219334 0.086868 0.556659 1 6 1.000000
  6 -4.045001 -0.352397 68.289574 0.435753 -0.879879 0.189560 0.086868 0.527628 1 6 1.000000
lace
  6 -4.180207 -0.203689 68.363083 -0.977571 -0.201190 0.062272 0.066371 0.614724 1 6 1.000000
  6 -4.109850 -0.368844 68.267570 -0.425411 -0.878019 0.219334 0.086868 0.556659 1 6 1.000000
  6 -4.107522 -0.315300 68.432091 -0.338553 -0.894677 0.291436 0.066371 0.556659 1 6 1.000000
lace
  6 -4.045001 -0.352397 68.289574 0.435753 -0.879879 0.189560 0.086868 0.527628 1 6 1.000000
  6 -4.061368 -0.387477 68.086578 0.535990 -0.842737 0.050093 0.099166 0.527628 1 6 1.000000
  6 -4.002892 -0.319808 68.094704 0.800546 -0.599048 -0.016370 0.099166 0.498595 1 6 1.000000
lace
  6 -4.109850 -0.368844 68.267570 -0.425411 -0.878019 0.219334 0.086868 0.556659 1 6 1.000000
  6 -4.061368 -0.387477 68.086578 0.535990 -0.842737 0.050093 0.099166 0.527628 1 6 1.000000
  6 -4.045001 -0.352397 68.289574 0.435753 -0.879879 0.189560 0.086868 0.527628 1 6 1.000000
lace
  6 -4.180207 -0.203689 68.363083 -0.977571 -0.201190 0.062272 0.066371 0.614724 1 6 1.000000
  6 -4.179970 -0.236556 68.208076 -0.988932 -0.139176 0.051421 0.086868 0.618354 1 6 1.000000
  6 -4.109850 -0.368844 68.267570 -0.425411 -0.878019 0.219334 0.086868 0.556659 1 6 1.000000
lace
  6 -4.149641 -0.031754 68.291061 -0.984414 0.174942 -0.017987 0.066371 0.672788 1 6 1.000000
  6 -4.179970 -0.236556 68.208076 -0.988932 -0.139176 0.051421 0.086868 0.618354 1 6 1.000000
  6 -4.180207 -0.203689 68.363083 -0.977571 -0.201190 0.062272 0.066371 0.614724 1 6 1.000000
lace
  6 -4.109850 -0.368844 68.267570 -0.425411 -0.878019 0.219334 0.086868 0.556659 1 6 1.000000
  6 -4.125055 -0.407792 68.074493 -0.416428 -0.901182 0.120242 0.099166 0.556659 1 6 1.000000
  6 -4.061368 -0.387477 68.086578 0.535990 -0.842737 0.050093 0.099166 0.527628 1 6 1.000000
lace
  6 -4.179970 -0.236556 68.208076 -0.988932 -0.139176 0.051421 0.086868 0.618354 1 6 1.000000
  6 -4.125055 -0.407792 68.074493 -0.416428 -0.901182 0.120242 0.099166 0.556659 1 6 1.000000
  6 -4.109850 -0.368844 68.267570 -0.425411 -0.878019 0.219334 0.086868 0.556659 1 6 1.000000
lace
  6 -4.061368 -0.387477 68.086578 0.535990 -0.842737 0.050093 0.099166 0.527628 1 6 1.000000
  6 -4.017529 -0.319446 67.883873 0.810053 -0.571040 -0.133143 0.110097 0.498595 1 6 1.000000
  6 -4.002892 -0.319808 68.094704 0.800546 -0.599048 -0.016370 0.099166 0.498595 1 6 1.000000
lace
  6 -3.952990 -0.239018 68.089981 0.936365 -0.349099 -0.036730 0.099166 0.469562 1 6 1.000000
  6 -4.002892 -0.319808 68.094704 0.800546 -0.599048 -0.016370 0.099166 0.498595 1 6 1.000000
  6 -4.017529 -0.319446 67.883873 0.810053 -0.571040 -0.133143 0.110097 0.498595 1 6 1.000000
lace
  6 -4.149641 -0.031754 68.291061 -0.984414 0.174942 -0.017987 0.066371 0.672788 1 6 1.000000
  6 -4.150099 -0.044402 68.138496 -0.983290 0.177084 -0.042208 0.086868 0.672788 1 6 1.000000
  6 -4.179970 -0.236556 68.208076 -0.988932 -0.139176 0.051421 0.086868 0.618354 1 6 1.000000
lace
  6 -4.110193 0.146363 68.189529 -0.977327 0.211482 0.010364 0.066371 0.730853 1 6 1.000000
  6 -4.150099 -0.044402 68.138496 -0.983290 0.177084 -0.042208 0.086868 0.672788 1 6 1.000000
  6 -4.149641 -0.031754 68.291061 -0.984414 0.174942 -0.017987 0.066371 0.672788 1 6 1.000000
lace
  6 -4.184404 -0.251524 68.053093 -0.995920 -0.076426 0.047985 0.099166 0.618354 1 6 1.000000
  6 -4.179970 -0.236556 68.208076 -0.988932 -0.139176 0.051421 0.086868 0.618354 1 6 1.000000
  6 -4.150099 -0.044402 68.138496 -0.983290 0.177084 -0.042208 0.086868 0.672788 1 6 1.000000
lace
  6 -4.179970 -0.236556 68.208076 -0.988932 -0.139176 0.051421 0.086868 0.618354 1 6 1.000000
  6 -4.184404 -0.251524 68.053093 -0.995920 -0.076426 0.047985 0.099166 0.618354 1 6 1.000000
  6 -4.125055 -0.407792 68.074493 -0.416428 -0.901182 0.120242 0.099166 0.556659 1 6 1.000000
lace
  6 -4.110193 0.146363 68.189529 -0.977327 0.211482 0.010364 0.066371 0.730853 1 6 1.000000
  6 -4.114136 0.140267 68.053261 -0.983852 0.162767 -0.074444 0.086868 0.730853 1 6 1.000000
  6 -4.150099 -0.044402 68.138496 -0.983290 0.177084 -0.042208 0.086868 0.672788 1 6 1.000000
lace
  6 -4.073067 0.314283 68.061371 -0.955442 0.250667 0.155874 0.066371 0.788917 1 6 1.000000
  6 -4.114136 0.140267 68.053261 -0.983852 0.162767 -0.074444 0.086868 0.730853 1 6 1.000000
  6 -4.110193 0.146363 68.189529 -0.977327 0.211482 0.010364 0.066371 0.730853 1 6 1.000000
lace
  6 -4.184404 -0.251524 68.053093 -0.995920 -0.076426 0.047985 0.099166 0.618354 1 6 1.000000
  6 -4.150099 -0.044402 68.138496 -0.983290 0.177084 -0.042208 0.086868 0.672788 1 6 1.000000
  6 -4.136855 -0.048271 68.015076 -0.978852 0.203358 -0.022218 0.099166 0.672788 1 6 1.000000
lace
  6 -4.136855 -0.048271 68.015076 -0.978852 0.203358 -0.022218 0.099166 0.672788 1 6 1.000000
  6 -4.150099 -0.044402 68.138496 -0.983290 0.177084 -0.042208 0.086868 0.672788 1 6 1.000000
  6 -4.114136 0.140267 68.053261 -0.983852 0.162767 -0.074444 0.086868 0.730853 1 6 1.000000
lace
  6 -4.073067 0.314283 68.061371 -0.955442 0.250667 0.155874 0.066371 0.788917 1 6 1.000000
  6 -4.092916 0.308259 67.972107 -0.978932 0.158911 -0.128212 0.086868 0.788917 1 6 1.000000
  6 -4.114136 0.140267 68.053261 -0.983852 0.162767 -0.074444 0.086868 0.730853 1 6 1.000000
lace
  6 -4.048935 0.443874 67.969124 -0.932357 0.320680 0.166958 0.066371 0.846981 1 6 1.000000
  6 -4.092916 0.308259 67.972107 -0.978932 0.158911 -0.128212 0.086868 0.788917 1 6 1.000000
  6 -4.073067 0.314283 68.061371 -0.955442 0.250667 0.155874 0.066371 0.788917 1 6 1.000000
lace
  6 -4.136855 -0.048271 68.015076 -0.978852 0.203358 -0.022218 0.099166 0.672788 1 6 1.000000
  6 -4.114136 0.140267 68.053261 -0.983852 0.162767 -0.074444 0.086868 0.730853 1 6 1.000000
  6 -4.096141 0.138292 67.971992 -0.988035 0.145673 -0.050660 0.099166 0.730853 1 6 1.000000
lace
  6 -4.096141 0.138292 67.971992 -0.988035 0.145673 -0.050660 0.099166 0.730853 1 6 1.000000
  6 -4.114136 0.140267 68.053261 -0.983852 0.162767 -0.074444 0.086868 0.730853 1 6 1.000000
  6 -4.092916 0.308259 67.972107 -0.978932 0.158911 -0.128212 0.086868 0.788917 1 6 1.000000
lace
  6 -4.048935 0.443874 67.969124 -0.932357 0.320680 0.166958 0.066371 0.846981 1 6 1.000000
  6 -4.057940 0.440359 67.924591 -0.913870 0.259926 -0.311897 0.086868 0.846980 1 6 1.000000
  6 -4.092916 0.308259 67.972107 -0.978932 0.158911 -0.128212 0.086868 0.788917 1 6 1.000000
lace
  6 -4.030773 0.499729 67.956024 -0.930579 0.364535 0.033726 0.066371 0.905045 1 6 1.000000
  6 -4.057940 0.440359 67.924591 -0.913870 0.259926 -0.311897 0.086868 0.846980 1 6 1.000000
  6 -4.048935 0.443874 67.969124 -0.932357 0.320680 0.166958 0.066371 0.846981 1 6 1.000000
lace
  6 -4.096141 0.138292 67.971992 -0.988035 0.145673 -0.050660 0.099166 0.730853 1 6 1.000000
  6 -4.092916 0.308259 67.972107 -0.978932 0.158911 -0.128212 0.086868 0.788917 1 6 1.000000
  6 -4.067376 0.316081 67.921593 -0.981111 0.155993 -0.114401 0.099166 0.788917 1 6 1.000000
lace
  6 -4.067376 0.316081 67.921593 -0.981111 0.155993 -0.114401 0.099166 0.788917 1 6 1.000000
  6 -4.092916 0.308259 67.972107 -0.978932 0.158911 -0.128212 0.086868 0.788917 1 6 1.000000
  6 -4.057940 0.440359 67.924591 -0.913870 0.259926 -0.311897 0.086868 0.846980 1 6 1.000000
lace
  6 -4.030773 0.499729 67.956024 -0.930579 0.364535 0.033726 0.066371 0.905045 1 6 1.000000
  6 -4.030260 0.500872 67.922203 -0.859173 0.359284 -0.364330 0.086868 0.905045 1 6 1.000000
  6 -4.057940 0.440359 67.924591 -0.913870 0.259926 -0.311897 0.086868 0.846980 1 6 1.000000
lace
  6 -4.030773 0.499729 67.956024 -0.930579 0.364535 0.033726 0.066371 0.905045 1 6 1.000000
  6 -4.015280 0.543475 67.925514 -0.933960 -0.093805 -0.344846 0.088234 0.963110 1 6 1.000000
  6 -4.030260 0.500872 67.922203 -0.859173 0.359284 -0.364330 0.086868 0.905045 1 6 1.000000
lace
  6 -4.067376 0.316081 67.921593 -0.981111 0.155993 -0.114401 0.099166 0.788917 1 6 1.000000
  6 -4.057940 0.440359 67.924591 -0.913870 0.259926 -0.311897 0.086868 0.846980 1 6 1.000000
  6 -4.034295 0.447234 67.901031 -0.933047 0.316949 -0.170193 0.099166 0.846980 1 6 1.000000
lace
  6 -4.034295 0.447234 67.901031 -0.933047 0.316949 -0.170193 0.099166 0.846980 1 6 1.000000
  6 -4.057940 0.440359 67.924591 -0.913870 0.259926 -0.311897 0.086868 0.846980 1 6 1.000000
  6 -4.030260 0.500872 67.922203 -0.859173 0.359284 -0.364330 0.086868 0.905045 1 6 1.000000
lace
  6 -4.012348 0.500835 67.903519 -0.913638 0.327650 -0.240647 0.099166 0.905045 1 6 1.000000
  6 -4.030260 0.500872 67.922203 -0.859173 0.359284 -0.364330 0.086868 0.905045 1 6 1.000000
  6 -4.015280 0.543475 67.925514 -0.933960 -0.093805 -0.344846 0.088234 0.963110 1 6 1.000000
lace
  6 -4.034295 0.447234 67.901031 -0.933047 0.316949 -0.170193 0.099166 0.846980 1 6 1.000000
  6 -4.030260 0.500872 67.922203 -0.859173 0.359284 -0.364330 0.086868 0.905045 1 6 1.000000
  6 -4.012348 0.500835 67.903519 -0.913638 0.327650 -0.240647 0.099166 0.905045 1 6 1.000000
lace
  6 -4.012348 0.500835 67.903519 -0.913638 0.327650 -0.240647 0.099166 0.905045 1 6 1.000000
  6 -4.015280 0.543475 67.925514 -0.933960 -0.093805 -0.344846 0.088234 0.963110 1 6 1.000000
  6 -4.003023 0.544980 67.908119 -0.945272 -0.092955 -0.312761 0.099166 0.963110 1 6 1.000000
lace
  6 -4.020103 0.585825 67.902893 -0.825706 -0.505658 -0.250038 0.099166 0.905045 1 6 1.000000
  6 -4.003023 0.544980 67.908119 -0.945272 -0.092955 -0.312761 0.099166 0.963110 1 6 1.000000
  6 -4.015280 0.543475 67.925514 -0.933960 -0.093805 -0.344846 0.088234 0.963110 1 6 1.000000
lace
  6 -4.002800 0.544988 67.893097 -0.994122 -0.092362 -0.056488 0.110097 0.963110 1 6 1.000000
  6 -4.012348 0.500835 67.903519 -0.913638 0.327650 -0.240647 0.099166 0.905045 1 6 1.000000
  6 -4.003023 0.544980 67.908119 -0.945272 -0.092955 -0.312761 0.099166 0.963110 1 6 1.000000
lace
  6 -4.002800 0.544988 67.893097 -0.994122 -0.092362 -0.056488 0.110097 0.963110 1 6 1.000000
  6 -4.003023 0.544980 67.908119 -0.945272 -0.092955 -0.312761 0.099166 0.963110 1 6 1.000000
  6 -4.020103 0.585825 67.902893 -0.825706 -0.505658 -0.250038 0.099166 0.905045 1 6 1.000000
lace
  6 -4.016324 0.500327 67.886520 -0.937277 0.348445 0.009868 0.110097 0.905045 1 6 1.000000
  6 -4.034295 0.447234 67.901031 -0.933047 0.316949 -0.170193 0.099166 0.846980 1 6 1.000000
  6 -4.012348 0.500835 67.903519 -0.913638 0.327650 -0.240647 0.099166 0.905045 1 6 1.000000
lace
  6 -4.002800 0.544988 67.893097 -0.994122 -0.092362 -0.056488 0.110097 0.963110 1 6 1.000000
  6 -4.016324 0.500327 67.886520 -0.937277 0.348445 0.009868 0.110097 0.905045 1 6 1.000000
  6 -4.012348 0.500835 67.903519 -0.913638 0.327650 -0.240647 0.099166 0.905045 1 6 1.000000
lace
  6 -4.002800 0.544988 67.893097 -0.994122 -0.092362 -0.056488 0.110097 0.963110 1 6 1.000000
  6 -4.020103 0.585825 67.902893 -0.825706 -0.505658 -0.250038 0.099166 0.905045 1 6 1.000000
  6 -4.023724 0.585361 67.885895 -0.850821 -0.525337 0.011170 0.110097 0.905045 1 6 1.000000
lace
  6 -4.023724 0.585361 67.885895 -0.850821 -0.525337 0.011170 0.110097 0.905045 1 6 1.000000
  6 -4.020103 0.585825 67.902893 -0.825706 -0.505658 -0.250038 0.099166 0.905045 1 6 1.000000
  6 -4.052396 0.632592 67.899681 -0.832234 -0.516708 -0.200996 0.099166 0.846980 1 6 1.000000
lace
  6 -4.000109 0.545318 67.877045 -0.988615 -0.094737 0.116897 0.121029 0.963110 1 6 1.000000
  6 -4.016324 0.500327 67.886520 -0.937277 0.348445 0.009868 0.110097 0.905045 1 6 1.000000
  6 -4.002800 0.544988 67.893097 -0.994122 -0.092362 -0.056488 0.110097 0.963110 1 6 1.000000
lace
  6 -4.000109 0.545318 67.877045 -0.988615 -0.094737 0.116897 0.121029 0.963110 1 6 1.000000
  6 -4.002800 0.544988 67.893097 -0.994122 -0.092362 -0.056488 0.110097 0.963110 1 6 1.000000
  6 -4.023724 0.585361 67.885895 -0.850821 -0.525337 0.011170 0.110097 0.905045 1 6 1.000000
lace
  6 -4.016324 0.500327 67.886520 -0.937277 0.348445 0.009868 0.110097 0.905045 1 6 1.000000
  6 -4.041941 0.447086 67.881462 -0.934873 0.347387 0.073037 0.110097 0.846980 1 6 1.000000
  6 -4.034295 0.447234 67.901031 -0.933047 0.316949 -0.170193 0.099166 0.846980 1 6 1.000000
lace
  6 -4.023724 0.585361 67.885895 -0.850821 -0.525337 0.011170 0.110097 0.905045 1 6 1.000000
  6 -4.052396 0.632592 67.899681 -0.832234 -0.516708 -0.200996 0.099166 0.846980 1 6 1.000000
  6 -4.058490 0.630996 67.880135 -0.816135 -0.473198 -0.331673 0.110097 0.846980 1 6 1.000000
lace
  6 -4.013680 0.497548 67.869560 -0.897777 0.333376 0.287847 0.121029 0.905045 1 6 1.000000
  6 -4.041941 0.447086 67.881462 -0.934873 0.347387 0.073037 0.110097 0.846980 1 6 1.000000
  6 -4.016324 0.500327 67.886520 -0.937277 0.348445 0.009868 0.110097 0.905045 1 6 1.000000
lace
  6 -4.000109 0.545318 67.877045 -0.988615 -0.094737 0.116897 0.121029 0.963110 1 6 1.000000
  6 -4.013680 0.497548 67.869560 -0.897777 0.333376 0.287847 0.121029 0.905045 1 6 1.000000
  6 -4.016324 0.500327 67.886520 -0.937277 0.348445 0.009868 0.110097 0.905045 1 6 1.000000
lace
  6 -4.076822 0.313783 67.886536 -0.964438 0.228967 0.132036 0.110097 0.788917 1 6 1.000000
  6 -4.034295 0.447234 67.901031 -0.933047 0.316949 -0.170193 0.099166 0.846980 1 6 1.000000
  6 -4.041941 0.447086 67.881462 -0.934873 0.347387 0.073037 0.110097 0.846980 1 6 1.000000
lace
  6 -4.076822 0.313783 67.886536 -0.964438 0.228967 0.132036 0.110097 0.788917 1 6 1.000000
  6 -4.067376 0.316081 67.921593 -0.981111 0.155993 -0.114401 0.099166 0.788917 1 6 1.000000
  6 -4.034295 0.447234 67.901031 -0.933047 0.316949 -0.170193 0.099166 0.846980 1 6 1.000000
lace
  6 -4.000109 0.545318 67.877045 -0.988615 -0.094737 0.116897 0.121029 0.963110 1 6 1.000000
  6 -4.023724 0.585361 67.885895 -0.850821 -0.525337 0.011170 0.110097 0.905045 1 6 1.000000
  6 -4.022147 0.588620 67.868896 -0.889650 -0.392317 0.233689 0.121029 0.905045 1 6 1.000000
lace
  6 -4.022147 0.588620 67.868896 -0.889650 -0.392317 0.233689 0.121029 0.905045 1 6 1.000000
  6 -4.023724 0.585361 67.885895 -0.850821 -0.525337 0.011170 0.110097 0.905045 1 6 1.000000
  6 -4.058490 0.630996 67.880135 -0.816135 -0.473198 -0.331673 0.110097 0.846980 1 6 1.000000
lace
  6 -4.108579 0.135319 67.900192 -0.969185 0.203420 0.138930 0.110097 0.730852 1 6 1.000000
  6 -4.067376 0.316081 67.921593 -0.981111 0.155993 -0.114401 0.099166 0.788917 1 6 1.000000
  6 -4.076822 0.313783 67.886536 -0.964438 0.228967 0.132036 0.110097 0.788917 1 6 1.000000
lace
  6 -4.108579 0.135319 67.900192 -0.969185 0.203420 0.138930 0.110097 0.730852 1 6 1.000000
  6 -4.096141 0.138292 67.971992 -0.988035 0.145673 -0.050660 0.099166 0.730853 1 6 1.000000
  6 -4.067376 0.316081 67.921593 -0.981111 0.155993 -0.114401 0.099166 0.788917 1 6 1.000000
lace
  6 -4.039786 0.442414 67.861221 -0.888434 0.277972 0.365262 0.121029 0.846981 1 6 1.000000
  6 -4.076822 0.313783 67.886536 -0.964438 0.228967 0.132036 0.110097 0.788917 1 6 1.000000
  6 -4.041941 0.447086 67.881462 -0.934873 0.347387 0.073037 0.110097 0.846980 1 6 1.000000
lace
  6 -4.013680 0.497548 67.869560 -0.897777 0.333376 0.287847 0.121029 0.905045 1 6 1.000000
  6 -4.039786 0.442414 67.861221 -0.888434 0.277972 0.365262 0.121029 0.846981 1 6 1.000000
  6 -4.041941 0.447086 67.881462 -0.934873 0.347387 0.073037 0.110097 0.846980 1 6 1.000000
lace
  6 -4.078310 0.312752 67.845703 -0.916830 0.169487 0.361519 0.121029 0.788917 1 6 1.000000
  6 -4.108579 0.135319 67.900192 -0.969185 0.203420 0.138930 0.110097 0.730852 1 6 1.000000
  6 -4.076822 0.313783 67.886536 -0.964438 0.228967 0.132036 0.110097 0.788917 1 6 1.000000
lace
  6 -4.039786 0.442414 67.861221 -0.888434 0.277972 0.365262 0.121029 0.846981 1 6 1.000000
  6 -4.078310 0.312752 67.845703 -0.916830 0.169487 0.361519 0.121029 0.788917 1 6 1.000000
  6 -4.076822 0.313783 67.886536 -0.964438 0.228967 0.132036 0.110097 0.788917 1 6 1.000000
lace
  6 -4.145921 -0.047359 67.912354 -0.971257 0.219878 0.091175 0.110097 0.672788 1 6 1.000000
  6 -4.096141 0.138292 67.971992 -0.988035 0.145673 -0.050660 0.099166 0.730853 1 6 1.000000
  6 -4.108579 0.135319 67.900192 -0.969185 0.203420 0.138930 0.110097 0.730852 1 6 1.000000
lace
  6 -4.145921 -0.047359 67.912354 -0.971257 0.219878 0.091175 0.110097 0.672788 1 6 1.000000
  6 -4.136855 -0.048271 68.015076 -0.978852 0.203358 -0.022218 0.099166 0.672788 1 6 1.000000
  6 -4.096141 0.138292 67.971992 -0.988035 0.145673 -0.050660 0.099166 0.730853 1 6 1.000000
lace
  6 -4.078310 0.312752 67.845703 -0.916830 0.169487 0.361519 0.121029 0.788917 1 6 1.000000
  6 -4.117698 0.134007 67.828331 -0.935660 0.161359 0.313854 0.121029 0.730852 1 6 1.000000
  6 -4.108579 0.135319 67.900192 -0.969185 0.203420 0.138930 0.110097 0.730852 1 6 1.000000
lace
  6 -4.117698 0.134007 67.828331 -0.935660 0.161359 0.313854 0.121029 0.730852 1 6 1.000000
  6 -4.145921 -0.047359 67.912354 -0.971257 0.219878 0.091175 0.110097 0.672788 1 6 1.000000
  6 -4.108579 0.135319 67.900192 -0.969185 0.203420 0.138930 0.110097 0.730852 1 6 1.000000
lace
  6 -4.195454 -0.252380 67.900841 -0.994213 -0.036693 0.100964 0.110097 0.618354 1 6 1.000000
  6 -4.136855 -0.048271 68.015076 -0.978852 0.203358 -0.022218 0.099166 0.672788 1 6 1.000000
  6 -4.145921 -0.047359 67.912354 -0.971257 0.219878 0.091175 0.110097 0.672788 1 6 1.000000
lace
  6 -4.195454 -0.252380 67.900841 -0.994213 -0.036693 0.100964 0.110097 0.618354 1 6 1.000000
  6 -4.184404 -0.251524 68.053093 -0.995920 -0.076426 0.047985 0.099166 0.618354 1 6 1.000000
  6 -4.136855 -0.048271 68.015076 -0.978852 0.203358 -0.022218 0.099166 0.672788 1 6 1.000000
lace
  6 -4.117698 0.134007 67.828331 -0.935660 0.161359 0.313854 0.121029 0.730852 1 6 1.000000
  6 -4.155251 -0.053808 67.817871 -0.940699 0.187098 0.282983 0.121029 0.672788 1 6 1.000000
  6 -4.145921 -0.047359 67.912354 -0.971257 0.219878 0.091175 0.110097 0.672788 1 6 1.000000
lace
  6 -4.155251 -0.053808 67.817871 -0.940699 0.187098 0.282983 0.121029 0.672788 1 6 1.000000
  6 -4.195454 -0.252380 67.900841 -0.994213 -0.036693 0.100964 0.110097 0.618354 1 6 1.000000
  6 -4.145921 -0.047359 67.912354 -0.971257 0.219878 0.091175 0.110097 0.672788 1 6 1.000000
lace
  6 -4.184404 -0.251524 68.053093 -0.995920 -0.076426 0.047985 0.099166 0.618354 1 6 1.000000
  6 -4.195454 -0.252380 67.900841 -0.994213 -0.036693 0.100964 0.110097 0.618354 1 6 1.000000
  6 -4.143407 -0.414384 67.885406 -0.431824 -0.899680 0.064063 0.110097 0.556659 1 6 1.000000
lace
  6 -4.184404 -0.251524 68.053093 -0.995920 -0.076426 0.047985 0.099166 0.618354 1 6 1.000000
  6 -4.143407 -0.414384 67.885406 -0.431824 -0.899680 0.064063 0.110097 0.556659 1 6 1.000000
  6 -4.125055 -0.407792 68.074493 -0.416428 -0.901182 0.120242 0.099166 0.556659 1 6 1.000000
lace
  6 -4.155251 -0.053808 67.817871 -0.940699 0.187098 0.282983 0.121029 0.672788 1 6 1.000000
  6 -4.211848 -0.255877 67.777512 -0.967297 -0.077507 0.241515 0.121029 0.618353 1 6 1.000000
  6 -4.195454 -0.252380 67.900841 -0.994213 -0.036693 0.100964 0.110097 0.618354 1 6 1.000000
lace
  6 -4.211848 -0.255877 67.777512 -0.967297 -0.077507 0.241515 0.121029 0.618353 1 6 1.000000
  6 -4.143407 -0.414384 67.885406 -0.431824 -0.899680 0.064063 0.110097 0.556659 1 6 1.000000
  6 -4.195454 -0.252380 67.900841 -0.994213 -0.036693 0.100964 0.110097 0.618354 1 6 1.000000
lace
  6 -4.125055 -0.407792 68.074493 -0.416428 -0.901182 0.120242 0.099166 0.556659 1 6 1.000000
  6 -4.143407 -0.414384 67.885406 -0.431824 -0.899680 0.064063 0.110097 0.556659 1 6 1.000000
  6 -4.080987 -0.395092 67.880722 0.558635 -0.825684 -0.078566 0.110097 0.527628 1 6 1.000000
lace
  6 -4.125055 -0.407792 68.074493 -0.416428 -0.901182 0.120242 0.099166 0.556659 1 6 1.000000
  6 -4.080987 -0.395092 67.880722 0.558635 -0.825684 -0.078566 0.110097 0.527628 1 6 1.000000
  6 -4.061368 -0.387477 68.086578 0.535990 -0.842737 0.050093 0.099166 0.527628 1 6 1.000000
lace
  6 -4.061368 -0.387477 68.086578 0.535990 -0.842737 0.050093 0.099166 0.527628 1 6 1.000000
  6 -4.080987 -0.395092 67.880722 0.558635 -0.825684 -0.078566 0.110097 0.527628 1 6 1.000000
  6 -4.017529 -0.319446 67.883873 0.810053 -0.571040 -0.133143 0.110097 0.498595 1 6 1.000000
lace
  6 -4.211848 -0.255877 67.777512 -0.967297 -0.077507 0.241515 0.121029 0.618353 1 6 1.000000
  6 -4.177903 -0.412680 67.725571 -0.482431 -0.874418 0.051516 0.121029 0.556659 1 6 1.000000
  6 -4.143407 -0.414384 67.885406 -0.431824 -0.899680 0.064063 0.110097 0.556659 1 6 1.000000
lace
  6 -4.080987 -0.395092 67.880722 0.558635 -0.825684 -0.078566 0.110097 0.527628 1 6 1.000000
  6 -4.143407 -0.414384 67.885406 -0.431824 -0.899680 0.064063 0.110097 0.556659 1 6 1.000000
  6 -4.177903 -0.412680 67.725571 -0.482431 -0.874418 0.051516 0.121029 0.556659 1 6 1.000000
lace
  6 -4.211908 -0.042504 67.713631 -0.901846 0.149354 0.405422 0.133327 0.672788 1 6 1.000000
  6 -4.211848 -0.255877 67.777512 -0.967297 -0.077507 0.241515 0.121029 0.618353 1 6 1.000000
  6 -4.155251 -0.053808 67.817871 -0.940699 0.187098 0.282983 0.121029 0.672788 1 6 1.000000
lace
  6 -4.080987 -0.395092 67.880722 0.558635 -0.825684 -0.078566 0.110097 0.527628 1 6 1.000000
  6 -4.177903 -0.412680 67.725571 -0.482431 -0.874418 0.051516 0.121029 0.556659 1 6 1.000000
  6 -4.126483 -0.401199 67.703156 0.472167 -0.853418 -0.220759 0.121029 0.527628 1 6 1.000000
lace
  6 -4.161437 0.134440 67.748619 -0.906581 0.190446 0.376617 0.133327 0.730852 1 6 1.000000
  6 -4.211908 -0.042504 67.713631 -0.901846 0.149354 0.405422 0.133327 0.672788 1 6 1.000000
  6 -4.155251 -0.053808 67.817871 -0.940699 0.187098 0.282983 0.121029 0.672788 1 6 1.000000
lace
  6 -4.161437 0.134440 67.748619 -0.906581 0.190446 0.376617 0.133327 0.730852 1 6 1.000000
  6 -4.155251 -0.053808 67.817871 -0.940699 0.187098 0.282983 0.121029 0.672788 1 6 1.000000
  6 -4.117698 0.134007 67.828331 -0.935660 0.161359 0.313854 0.121029 0.730852 1 6 1.000000
lace
  6 -4.255275 -0.225942 67.649094 -0.946915 -0.093094 0.307709 0.133327 0.618353 1 6 1.000000
  6 -4.177903 -0.412680 67.725571 -0.482431 -0.874418 0.051516 0.121029 0.556659 1 6 1.000000
  6 -4.211848 -0.255877 67.777512 -0.967297 -0.077507 0.241515 0.121029 0.618353 1 6 1.000000
lace
  6 -4.211908 -0.042504 67.713631 -0.901846 0.149354 0.405422 0.133327 0.672788 1 6 1.000000
  6 -4.255275 -0.225942 67.649094 -0.946915 -0.093094 0.307709 0.133327 0.618353 1 6 1.000000
  6 -4.211848 -0.255877 67.777512 -0.967297 -0.077507 0.241515 0.121029 0.618353 1 6 1.000000
lace
  6 -4.121377 0.303241 67.792732 -0.929885 0.238698 0.279888 0.133327 0.788917 1 6 1.000000
  6 -4.161437 0.134440 67.748619 -0.906581 0.190446 0.376617 0.133327 0.730852 1 6 1.000000
  6 -4.117698 0.134007 67.828331 -0.935660 0.161359 0.313854 0.121029 0.730852 1 6 1.000000
lace
  6 -4.121377 0.303241 67.792732 -0.929885 0.238698 0.279888 0.133327 0.788917 1 6 1.000000
  6 -4.117698 0.134007 67.828331 -0.935660 0.161359 0.313854 0.121029 0.730852 1 6 1.000000
  6 -4.078310 0.312752 67.845703 -0.916830 0.169487 0.361519 0.121029 0.788917 1 6 1.000000
lace
  6 -4.211908 -0.042504 67.713631 -0.901846 0.149354 0.405422 0.133327 0.672788 1 6 1.000000
  6 -4.161437 0.134440 67.748619 -0.906581 0.190446 0.376617 0.133327 0.730852 1 6 1.000000
  6 -4.202197 0.145883 67.624229 -0.909847 0.245977 0.334175 0.153824 0.730852 1 6 1.000000
lace
  6 -4.211908 -0.042504 67.713631 -0.901846 0.149354 0.405422 0.133327 0.672788 1 6 1.000000
  6 -4.202197 0.145883 67.624229 -0.909847 0.245977 0.334175 0.153824 0.730852 1 6 1.000000
  6 -4.265148 -0.013542 67.564079 -0.918769 0.151124 0.364725 0.153824 0.672788 1 6 1.000000
lace
  6 -4.255275 -0.225942 67.649094 -0.946915 -0.093094 0.307709 0.133327 0.618353 1 6 1.000000
  6 -4.211908 -0.042504 67.713631 -0.901846 0.149354 0.405422 0.133327 0.672788 1 6 1.000000
  6 -4.265148 -0.013542 67.564079 -0.918769 0.151124 0.364725 0.153824 0.672788 1 6 1.000000
lace
  6 -4.161437 0.134440 67.748619 -0.906581 0.190446 0.376617 0.133327 0.730852 1 6 1.000000
  6 -4.118505 0.301820 67.706421 -0.946792 0.318355 0.047272 0.153824 0.788917 1 6 1.000000
  6 -4.202197 0.145883 67.624229 -0.909847 0.245977 0.334175 0.153824 0.730852 1 6 1.000000
lace
  6 -4.161437 0.134440 67.748619 -0.906581 0.190446 0.376617 0.133327 0.730852 1 6 1.000000
  6 -4.121377 0.303241 67.792732 -0.929885 0.238698 0.279888 0.133327 0.788917 1 6 1.000000
  6 -4.118505 0.301820 67.706421 -0.946792 0.318355 0.047272 0.153824 0.788917 1 6 1.000000
lace
  6 -4.255275 -0.225942 67.649094 -0.946915 -0.093094 0.307709 0.133327 0.618353 1 6 1.000000
  6 -4.265148 -0.013542 67.564079 -0.918769 0.151124 0.364725 0.153824 0.672788 1 6 1.000000
  6 -4.311731 -0.170225 67.496452 -0.947572 -0.103611 0.302277 0.153824 0.614724 1 6 1.000000
lace
  6 -4.121377 0.303241 67.792732 -0.929885 0.238698 0.279888 0.133327 0.788917 1 6 1.000000
  6 -4.062764 0.432613 67.792763 -0.881334 0.439158 -0.174327 0.153824 0.846981 1 6 1.000000
  6 -4.118505 0.301820 67.706421 -0.946792 0.318355 0.047272 0.153824 0.788917 1 6 1.000000
lace
  6 -4.311731 -0.170225 67.496452 -0.947572 -0.103611 0.302277 0.153824 0.614724 1 6 1.000000
  6 -4.236760 -0.373513 67.561783 -0.635222 -0.772221 0.012930 0.133327 0.556659 1 6 1.000000
  6 -4.255275 -0.225942 67.649094 -0.946915 -0.093094 0.307709 0.133327 0.618353 1 6 1.000000
lace
  6 -4.255275 -0.225942 67.649094 -0.946915 -0.093094 0.307709 0.133327 0.618353 1 6 1.000000
  6 -4.236760 -0.373513 67.561783 -0.635222 -0.772221 0.012930 0.133327 0.556659 1 6 1.000000
  6 -4.177903 -0.412680 67.725571 -0.482431 -0.874418 0.051516 0.121029 0.556659 1 6 1.000000
lace
  6 -4.126483 -0.401199 67.703156 0.472167 -0.853418 -0.220759 0.121029 0.527628 1 6 1.000000
  6 -4.177903 -0.412680 67.725571 -0.482431 -0.874418 0.051516 0.121029 0.556659 1 6 1.000000
  6 -4.236760 -0.373513 67.561783 -0.635222 -0.772221 0.012930 0.133327 0.556659 1 6 1.000000
lace
  6 -4.311731 -0.170225 67.496452 -0.947572 -0.103611 0.302277 0.153824 0.614724 1 6 1.000000
  6 -4.292376 -0.307569 67.400726 -0.674556 -0.737572 -0.031008 0.153824 0.556659 1 6 1.000000
  6 -4.236760 -0.373513 67.561783 -0.635222 -0.772221 0.012930 0.133327 0.556659 1 6 1.000000
lace
  6 -4.121377 0.303241 67.792732 -0.929885 0.238698 0.279888 0.133327 0.788917 1 6 1.000000
  6 -4.072668 0.433074 67.836853 -0.879896 0.329784 0.342091 0.133327 0.846981 1 6 1.000000
  6 -4.062764 0.432613 67.792763 -0.881334 0.439158 -0.174327 0.153824 0.846981 1 6 1.000000
lace
  6 -4.072668 0.433074 67.836853 -0.879896 0.329784 0.342091 0.133327 0.846981 1 6 1.000000
  6 -4.121377 0.303241 67.792732 -0.929885 0.238698 0.279888 0.133327 0.788917 1 6 1.000000
  6 -4.078310 0.312752 67.845703 -0.916830 0.169487 0.361519 0.121029 0.788917 1 6 1.000000
lace
  6 -4.072668 0.433074 67.836853 -0.879896 0.329784 0.342091 0.133327 0.846981 1 6 1.000000
  6 -4.034006 0.493046 67.818283 -0.879139 0.467432 -0.092848 0.153824 0.905045 1 6 1.000000
  6 -4.062764 0.432613 67.792763 -0.881334 0.439158 -0.174327 0.153824 0.846981 1 6 1.000000
lace
  6 -4.072668 0.433074 67.836853 -0.879896 0.329784 0.342091 0.133327 0.846981 1 6 1.000000
  6 -4.078310 0.312752 67.845703 -0.916830 0.169487 0.361519 0.121029 0.788917 1 6 1.000000
  6 -4.039786 0.442414 67.861221 -0.888434 0.277972 0.365262 0.121029 0.846981 1 6 1.000000
lace
  6 -4.072668 0.433074 67.836853 -0.879896 0.329784 0.342091 0.133327 0.846981 1 6 1.000000
  6 -4.035311 0.495547 67.851814 -0.838545 0.365161 0.404351 0.133327 0.905045 1 6 1.000000
  6 -4.034006 0.493046 67.818283 -0.879139 0.467432 -0.092848 0.153824 0.905045 1 6 1.000000
lace
  6 -4.035311 0.495547 67.851814 -0.838545 0.365161 0.404351 0.133327 0.905045 1 6 1.000000
  6 -4.072668 0.433074 67.836853 -0.879896 0.329784 0.342091 0.133327 0.846981 1 6 1.000000
  6 -4.039786 0.442414 67.861221 -0.888434 0.277972 0.365262 0.121029 0.846981 1 6 1.000000
lace
  6 -4.035311 0.495547 67.851814 -0.838545 0.365161 0.404351 0.133327 0.905045 1 6 1.000000
  6 -4.012473 0.543704 67.825691 -0.996155 -0.081903 0.031094 0.153824 0.963110 1 6 1.000000
  6 -4.034006 0.493046 67.818283 -0.879139 0.467432 -0.092848 0.153824 0.905045 1 6 1.000000
lace
  6 -4.035311 0.495547 67.851814 -0.838545 0.365161 0.404351 0.133327 0.905045 1 6 1.000000
  6 -4.039786 0.442414 67.861221 -0.888434 0.277972 0.365262 0.121029 0.846981 1 6 1.000000
  6 -4.013680 0.497548 67.869560 -0.897777 0.333376 0.287847 0.121029 0.905045 1 6 1.000000
lace
  6 -4.009145 0.544170 67.859879 -0.916394 -0.078597 0.392485 0.131961 0.963110 1 6 1.000000
  6 -4.035311 0.495547 67.851814 -0.838545 0.365161 0.404351 0.133327 0.905045 1 6 1.000000
  6 -4.013680 0.497548 67.869560 -0.897777 0.333376 0.287847 0.121029 0.905045 1 6 1.000000
lace
  6 -4.035311 0.495547 67.851814 -0.838545 0.365161 0.404351 0.133327 0.905045 1 6 1.000000
  6 -4.009145 0.544170 67.859879 -0.916394 -0.078597 0.392485 0.131961 0.963110 1 6 1.000000
  6 -4.012473 0.543704 67.825691 -0.996155 -0.081903 0.031094 0.153824 0.963110 1 6 1.000000
lace
  6 -4.009145 0.544170 67.859879 -0.916394 -0.078597 0.392485 0.131961 0.963110 1 6 1.000000
  6 -4.013680 0.497548 67.869560 -0.897777 0.333376 0.287847 0.121029 0.905045 1 6 1.000000
  6 -4.000109 0.545318 67.877045 -0.988615 -0.094737 0.116897 0.121029 0.963110 1 6 1.000000
lace
  6 -4.009145 0.544170 67.859879 -0.916394 -0.078597 0.392485 0.131961 0.963110 1 6 1.000000
  6 -4.000109 0.545318 67.877045 -0.988615 -0.094737 0.116897 0.121029 0.963110 1 6 1.000000
  6 -4.022147 0.588620 67.868896 -0.889650 -0.392317 0.233689 0.121029 0.905045 1 6 1.000000
lace
  6 -4.012473 0.543704 67.825691 -0.996155 -0.081903 0.031094 0.153824 0.963110 1 6 1.000000
  6 -4.009145 0.544170 67.859879 -0.916394 -0.078597 0.392485 0.131961 0.963110 1 6 1.000000
  6 -4.041522 0.585470 67.851166 -0.791892 -0.410569 0.452040 0.133327 0.905045 1 6 1.000000
lace
  6 -4.009145 0.544170 67.859879 -0.916394 -0.078597 0.392485 0.131961 0.963110 1 6 1.000000
  6 -4.022147 0.588620 67.868896 -0.889650 -0.392317 0.233689 0.121029 0.905045 1 6 1.000000
  6 -4.041522 0.585470 67.851166 -0.791892 -0.410569 0.452040 0.133327 0.905045 1 6 1.000000
lace
  6 -4.012473 0.543704 67.825691 -0.996155 -0.081903 0.031094 0.153824 0.963110 1 6 1.000000
  6 -4.041522 0.585470 67.851166 -0.791892 -0.410569 0.452040 0.133327 0.905045 1 6 1.000000
  6 -4.039496 0.588284 67.817604 -0.777610 -0.618206 -0.114647 0.153824 0.905045 1 6 1.000000
lace
  6 -4.041522 0.585470 67.851166 -0.791892 -0.410569 0.452040 0.133327 0.905045 1 6 1.000000
  6 -4.022147 0.588620 67.868896 -0.889650 -0.392317 0.233689 0.121029 0.905045 1 6 1.000000
  6 -4.026220 0.639856 67.859802 -0.938698 -0.331264 0.095448 0.121029 0.846981 1 6 1.000000
lace
  6 -4.022147 0.588620 67.868896 -0.889650 -0.392317 0.233689 0.121029 0.905045 1 6 1.000000
  6 -4.058490 0.630996 67.880135 -0.816135 -0.473198 -0.331673 0.110097 0.846980 1 6 1.000000
  6 -4.026220 0.639856 67.859802 -0.938698 -0.331264 0.095448 0.121029 0.846981 1 6 1.000000
lace
  6 -4.039496 0.588284 67.817604 -0.777610 -0.618206 -0.114647 0.153824 0.905045 1 6 1.000000
  6 -4.041522 0.585470 67.851166 -0.791892 -0.410569 0.452040 0.133327 0.905045 1 6 1.000000
  6 -4.088276 0.637326 67.835365 -0.731356 -0.504299 0.459130 0.133327 0.846981 1 6 1.000000
lace
  6 -4.041522 0.585470 67.851166 -0.791892 -0.410569 0.452040 0.133327 0.905045 1 6 1.000000
  6 -4.026220 0.639856 67.859802 -0.938698 -0.331264 0.095448 0.121029 0.846981 1 6 1.000000
  6 -4.088276 0.637326 67.835365 -0.731356 -0.504299 0.459130 0.133327 0.846981 1 6 1.000000
lace
  6 -4.039496 0.588284 67.817604 -0.777610 -0.618206 -0.114647 0.153824 0.905045 1 6 1.000000
  6 -4.088276 0.637326 67.835365 -0.731356 -0.504299 0.459130 0.133327 0.846981 1 6 1.000000
  6 -4.079680 0.639963 67.791283 -0.751913 -0.640371 -0.156688 0.153824 0.846981 1 6 1.000000
lace
  6 -4.026220 0.639856 67.859802 -0.938698 -0.331264 0.095448 0.121029 0.846981 1 6 1.000000
  6 -4.058490 0.630996 67.880135 -0.816135 -0.473198 -0.331673 0.110097 0.846980 1 6 1.000000
  6 -4.124590 0.751263 67.883369 -0.862747 -0.498448 0.084959 0.110097 0.788917 1 6 1.000000
lace
  6 -4.124590 0.751263 67.883369 -0.862747 -0.498448 0.084959 0.110097 0.788917 1 6 1.000000
  6 -4.058490 0.630996 67.880135 -0.816135 -0.473198 -0.331673 0.110097 0.846980 1 6 1.000000
  6 -4.052396 0.632592 67.899681 -0.832234 -0.516708 -0.200996 0.099166 0.846980 1 6 1.000000
lace
  6 -4.124590 0.751263 67.883369 -0.862747 -0.498448 0.084959 0.110097 0.788917 1 6 1.000000
  6 -4.052396 0.632592 67.899681 -0.832234 -0.516708 -0.200996 0.099166 0.846980 1 6 1.000000
  6 -4.115708 0.751293 67.918419 -0.911312 -0.389498 -0.133425 0.099166 0.788917 1 6 1.000000
lace
  6 -4.088276 0.637326 67.835365 -0.731356 -0.504299 0.459130 0.133327 0.846981 1 6 1.000000
  6 -4.026220 0.639856 67.859802 -0.938698 -0.331264 0.095448 0.121029 0.846981 1 6 1.000000
  6 -4.125832 0.751862 67.842537 -0.817480 -0.430044 0.383131 0.121029 0.788917 1 6 1.000000
lace
  6 -4.026220 0.639856 67.859802 -0.938698 -0.331264 0.095448 0.121029 0.846981 1 6 1.000000
  6 -4.124590 0.751263 67.883369 -0.862747 -0.498448 0.084959 0.110097 0.788917 1 6 1.000000
  6 -4.125832 0.751862 67.842537 -0.817480 -0.430044 0.383131 0.121029 0.788917 1 6 1.000000
lace
  6 -4.079680 0.639963 67.791283 -0.751913 -0.640371 -0.156688 0.153824 0.846981 1 6 1.000000
  6 -4.088276 0.637326 67.835365 -0.731356 -0.504299 0.459130 0.133327 0.846981 1 6 1.000000
  6 -4.169858 0.750294 67.789497 -0.837794 -0.462291 0.290497 0.133327 0.788917 1 6 1.000000
lace
  6 -4.088276 0.637326 67.835365 -0.731356 -0.504299 0.459130 0.133327 0.846981 1 6 1.000000
  6 -4.125832 0.751862 67.842537 -0.817480 -0.430044 0.383131 0.121029 0.788917 1 6 1.000000
  6 -4.169858 0.750294 67.789497 -0.837794 -0.462291 0.290497 0.133327 0.788917 1 6 1.000000
lace
  6 -4.079680 0.639963 67.791283 -0.751913 -0.640371 -0.156688 0.153824 0.846981 1 6 1.000000
  6 -4.169858 0.750294 67.789497 -0.837794 -0.462291 0.290497 0.133327 0.788917 1 6 1.000000
  6 -4.169315 0.751749 67.703171 -0.846343 -0.532490 0.012561 0.153824 0.788917 1 6 1.000000
lace
  6 -4.199630 0.915091 67.894531 -0.893715 -0.429071 0.131044 0.110097 0.730852 1 6 1.000000
  6 -4.124590 0.751263 67.883369 -0.862747 -0.498448 0.084959 0.110097 0.788917 1 6 1.000000
  6 -4.115708 0.751293 67.918419 -0.911312 -0.389498 -0.133425 0.099166 0.788917 1 6 1.000000
lace
  6 -4.125832 0.751862 67.842537 -0.817480 -0.430044 0.383131 0.121029 0.788917 1 6 1.000000
  6 -4.124590 0.751263 67.883369 -0.862747 -0.498448 0.084959 0.110097 0.788917 1 6 1.000000
  6 -4.199630 0.915091 67.894531 -0.893715 -0.429071 0.131044 0.110097 0.730852 1 6 1.000000
lace
  6 -4.199630 0.915091 67.894531 -0.893715 -0.429071 0.131044 0.110097 0.730852 1 6 1.000000
  6 -4.115708 0.751293 67.918419 -0.911312 -0.389498 -0.133425 0.099166 0.788917 1 6 1.000000
  6 -4.187764 0.915159 67.966370 -0.929754 -0.364917 -0.048911 0.099166 0.730853 1 6 1.000000
lace
  6 -4.169858 0.750294 67.789497 -0.837794 -0.462291 0.290497 0.133327 0.788917 1 6 1.000000
  6 -4.125832 0.751862 67.842537 -0.817480 -0.430044 0.383131 0.121029 0.788917 1 6 1.000000
  6 -4.208434 0.914010 67.822670 -0.869560 -0.381381 0.313710 0.121029 0.730852 1 6 1.000000
lace
  6 -4.125832 0.751862 67.842537 -0.817480 -0.430044 0.383131 0.121029 0.788917 1 6 1.000000
  6 -4.199630 0.915091 67.894531 -0.893715 -0.429071 0.131044 0.110097 0.730852 1 6 1.000000
  6 -4.208434 0.914010 67.822670 -0.869560 -0.381381 0.313710 0.121029 0.730852 1 6 1.000000
lace
  6 -4.169315 0.751749 67.703171 -0.846343 -0.532490 0.012561 0.153824 0.788917 1 6 1.000000
  6 -4.169858 0.750294 67.789497 -0.837794 -0.462291 0.290497 0.133327 0.788917 1 6 1.000000
  6 -4.250461 0.902737 67.742981 -0.877247 -0.393728 0.274621 0.133327 0.730852 1 6 1.000000
lace
  6 -4.169858 0.750294 67.789497 -0.837794 -0.462291 0.290497 0.133327 0.788917 1 6 1.000000
  6 -4.208434 0.914010 67.822670 -0.869560 -0.381381 0.313710 0.121029 0.730852 1 6 1.000000
  6 -4.250461 0.902737 67.742981 -0.877247 -0.393728 0.274621 0.133327 0.730852 1 6 1.000000
lace
  6 -4.169315 0.751749 67.703171 -0.846343 -0.532490 0.012561 0.153824 0.788917 1 6 1.000000
  6 -4.250461 0.902737 67.742981 -0.877247 -0.393728 0.274621 0.133327 0.730852 1 6 1.000000
  6 -4.262591 0.897815 67.624908 -0.890017 -0.438086 0.126298 0.153824 0.730852 1 6 1.000000
lace
  6 -4.276759 1.081226 67.904167 -0.907744 -0.395092 0.141080 0.110097 0.672788 1 6 1.000000
  6 -4.199630 0.915091 67.894531 -0.893715 -0.429071 0.131044 0.110097 0.730852 1 6 1.000000
  6 -4.187764 0.915159 67.966370 -0.929754 -0.364917 -0.048911 0.099166 0.730853 1 6 1.000000
lace
  6 -4.208434 0.914010 67.822670 -0.869560 -0.381381 0.313710 0.121029 0.730852 1 6 1.000000
  6 -4.199630 0.915091 67.894531 -0.893715 -0.429071 0.131044 0.110097 0.730852 1 6 1.000000
  6 -4.276759 1.081226 67.904167 -0.907744 -0.395092 0.141080 0.110097 0.672788 1 6 1.000000
lace
  6 -4.276759 1.081226 67.904167 -0.907744 -0.395092 0.141080 0.110097 0.672788 1 6 1.000000
  6 -4.187764 0.915159 67.966370 -0.929754 -0.364917 -0.048911 0.099166 0.730853 1 6 1.000000
  6 -4.258987 1.085414 68.006866 -0.924805 -0.379129 0.031585 0.099166 0.672788 1 6 1.000000
lace
  6 -4.250461 0.902737 67.742981 -0.877247 -0.393728 0.274621 0.133327 0.730852 1 6 1.000000
  6 -4.208434 0.914010 67.822670 -0.869560 -0.381381 0.313710 0.121029 0.730852 1 6 1.000000
  6 -4.289567 1.084629 67.809631 -0.898392 -0.365869 0.242965 0.121029 0.672788 1 6 1.000000
lace
  6 -4.208434 0.914010 67.822670 -0.869560 -0.381381 0.313710 0.121029 0.730852 1 6 1.000000
  6 -4.276759 1.081226 67.904167 -0.907744 -0.395092 0.141080 0.110097 0.672788 1 6 1.000000
  6 -4.289567 1.084629 67.809631 -0.898392 -0.365869 0.242965 0.121029 0.672788 1 6 1.000000
lace
  6 -4.262591 0.897815 67.624908 -0.890017 -0.438086 0.126298 0.153824 0.730852 1 6 1.000000
  6 -4.250461 0.902737 67.742981 -0.877247 -0.393728 0.274621 0.133327 0.730852 1 6 1.000000
  6 -4.327111 1.067774 67.702133 -0.907070 -0.341147 0.246663 0.133327 0.672788 1 6 1.000000
lace
  6 -4.250461 0.902737 67.742981 -0.877247 -0.393728 0.274621 0.133327 0.730852 1 6 1.000000
  6 -4.289567 1.084629 67.809631 -0.898392 -0.365869 0.242965 0.121029 0.672788 1 6 1.000000
  6 -4.327111 1.067774 67.702133 -0.907070 -0.341147 0.246663 0.133327 0.672788 1 6 1.000000
lace
  6 -4.262591 0.897815 67.624908 -0.890017 -0.438086 0.126298 0.153824 0.730852 1 6 1.000000
  6 -4.327111 1.067774 67.702133 -0.907070 -0.341147 0.246663 0.133327 0.672788 1 6 1.000000
  6 -4.344266 1.046810 67.565765 -0.914193 -0.359219 0.187649 0.153824 0.672788 1 6 1.000000
lace
  6 -4.353969 1.267619 67.890945 -0.949357 -0.289734 0.121553 0.110097 0.618354 1 6 1.000000
  6 -4.276759 1.081226 67.904167 -0.907744 -0.395092 0.141080 0.110097 0.672788 1 6 1.000000
  6 -4.258987 1.085414 68.006866 -0.924805 -0.379129 0.031585 0.099166 0.672788 1 6 1.000000
lace
  6 -4.289567 1.084629 67.809631 -0.898392 -0.365869 0.242965 0.121029 0.672788 1 6 1.000000
  6 -4.276759 1.081226 67.904167 -0.907744 -0.395092 0.141080 0.110097 0.672788 1 6 1.000000
  6 -4.353969 1.267619 67.890945 -0.949357 -0.289734 0.121553 0.110097 0.618354 1 6 1.000000
lace
  6 -4.353969 1.267619 67.890945 -0.949357 -0.289734 0.121553 0.110097 0.618354 1 6 1.000000
  6 -4.258987 1.085414 68.006866 -0.924805 -0.379129 0.031585 0.099166 0.672788 1 6 1.000000
  6 -4.341955 1.269576 68.043259 -0.951532 -0.306684 0.023064 0.099166 0.618354 1 6 1.000000
lace
  6 -4.374507 1.374853 67.883873 -0.981737 0.161489 0.100563 0.110097 0.585692 1 6 1.000000
  6 -4.353969 1.267619 67.890945 -0.949357 -0.289734 0.121553 0.110097 0.618354 1 6 1.000000
  6 -4.341955 1.269576 68.043259 -0.951532 -0.306684 0.023064 0.099166 0.618354 1 6 1.000000
lace
  6 -4.289567 1.084629 67.809631 -0.898392 -0.365869 0.242965 0.121029 0.672788 1 6 1.000000
  6 -4.353969 1.267619 67.890945 -0.949357 -0.289734 0.121553 0.110097 0.618354 1 6 1.000000
  6 -4.374574 1.268328 67.766823 -0.953253 -0.237325 0.187043 0.121029 0.618353 1 6 1.000000
lace
  6 -4.374574 1.268328 67.766823 -0.953253 -0.237325 0.187043 0.121029 0.618353 1 6 1.000000
  6 -4.353969 1.267619 67.890945 -0.949357 -0.289734 0.121553 0.110097 0.618354 1 6 1.000000
  6 -4.374507 1.374853 67.883873 -0.981737 0.161489 0.100563 0.110097 0.585692 1 6 1.000000
lace
  6 -4.327111 1.067774 67.702133 -0.907070 -0.341147 0.246663 0.133327 0.672788 1 6 1.000000
  6 -4.289567 1.084629 67.809631 -0.898392 -0.365869 0.242965 0.121029 0.672788 1 6 1.000000
  6 -4.374574 1.268328 67.766823 -0.953253 -0.237325 0.187043 0.121029 0.618353 1 6 1.000000
lace
  6 -4.374574 1.268328 67.766823 -0.953253 -0.237325 0.187043 0.121029 0.618353 1 6 1.000000
  6 -4.374507 1.374853 67.883873 -0.981737 0.161489 0.100563 0.110097 0.585692 1 6 1.000000
  6 -4.393542 1.371436 67.739243 -0.971942 0.209198 0.107535 0.121029 0.585692 1 6 1.000000
lace
  6 -4.341830 1.436520 67.876923 -0.479311 0.876455 0.045692 0.110097 0.556659 1 6 1.000000
  6 -4.393542 1.371436 67.739243 -0.971942 0.209198 0.107535 0.121029 0.585692 1 6 1.000000
  6 -4.374507 1.374853 67.883873 -0.981737 0.161489 0.100563 0.110097 0.585692 1 6 1.000000
lace
  6 -4.327111 1.067774 67.702133 -0.907070 -0.341147 0.246663 0.133327 0.672788 1 6 1.000000
  6 -4.374574 1.268328 67.766823 -0.953253 -0.237325 0.187043 0.121029 0.618353 1 6 1.000000
  6 -4.395581 1.242475 67.639221 -0.959673 -0.206439 0.190814 0.133327 0.618353 1 6 1.000000
lace
  6 -4.344266 1.046810 67.565765 -0.914193 -0.359219 0.187649 0.153824 0.672788 1 6 1.000000
  6 -4.327111 1.067774 67.702133 -0.907070 -0.341147 0.246663 0.133327 0.672788 1 6 1.000000
  6 -4.395581 1.242475 67.639221 -0.959673 -0.206439 0.190814 0.133327 0.618353 1 6 1.000000
lace
  6 -4.395581 1.242475 67.639221 -0.959673 -0.206439 0.190814 0.133327 0.618353 1 6 1.000000
  6 -4.374574 1.268328 67.766823 -0.953253 -0.237325 0.187043 0.121029 0.618353 1 6 1.000000
  6 -4.393542 1.371436 67.739243 -0.971942 0.209198 0.107535 0.121029 0.585692 1 6 1.000000
lace
  6 -4.344266 1.046810 67.565765 -0.914193 -0.359219 0.187649 0.153824 0.672788 1 6 1.000000
  6 -4.395581 1.242475 67.639221 -0.959673 -0.206439 0.190814 0.133327 0.618353 1 6 1.000000
  6 -4.414647 1.194106 67.499527 -0.954277 -0.212091 0.210650 0.153824 0.614724 1 6 1.000000
lace
  6 -4.341830 1.436520 67.876923 -0.479311 0.876455 0.045692 0.110097 0.556659 1 6 1.000000
  6 -4.358826 1.434973 67.713783 -0.533548 0.845757 -0.004628 0.121029 0.556659 1 6 1.000000
  6 -4.393542 1.371436 67.739243 -0.971942 0.209198 0.107535 0.121029 0.585692 1 6 1.000000
lace
  6 -4.414647 1.194106 67.499527 -0.954277 -0.212091 0.210650 0.153824 0.614724 1 6 1.000000
  6 -4.395581 1.242475 67.639221 -0.959673 -0.206439 0.190814 0.133327 0.618353 1 6 1.000000
  6 -4.413916 1.337215 67.592964 -0.978558 0.187412 0.085445 0.133327 0.585692 1 6 1.000000
lace
  6 -4.395581 1.242475 67.639221 -0.959673 -0.206439 0.190814 0.133327 0.618353 1 6 1.000000
  6 -4.393542 1.371436 67.739243 -0.971942 0.209198 0.107535 0.121029 0.585692 1 6 1.000000
  6 -4.413916 1.337215 67.592964 -0.978558 0.187412 0.085445 0.133327 0.585692 1 6 1.000000
lace
  6 -4.413916 1.337215 67.592964 -0.978558 0.187412 0.085445 0.133327 0.585692 1 6 1.000000
  6 -4.393542 1.371436 67.739243 -0.971942 0.209198 0.107535 0.121029 0.585692 1 6 1.000000
  6 -4.358826 1.434973 67.713783 -0.533548 0.845757 -0.004628 0.121029 0.556659 1 6 1.000000
lace
  6 -4.414647 1.194106 67.499527 -0.954277 -0.212091 0.210650 0.153824 0.614724 1 6 1.000000
  6 -4.413916 1.337215 67.592964 -0.978558 0.187412 0.085445 0.133327 0.585692 1 6 1.000000
  6 -4.435556 1.278465 67.448044 -0.981815 0.161489 0.099799 0.153824 0.585692 1 6 1.000000
lace
  6 -4.275688 1.433207 67.871971 0.376322 0.926207 -0.022864 0.110097 0.527628 1 6 1.000000
  6 -4.358826 1.434973 67.713783 -0.533548 0.845757 -0.004628 0.121029 0.556659 1 6 1.000000
  6 -4.341830 1.436520 67.876923 -0.479311 0.876455 0.045692 0.110097 0.556659 1 6 1.000000
lace
  6 -4.435556 1.278465 67.448044 -0.981815 0.161489 0.099799 0.153824 0.585692 1 6 1.000000
  6 -4.413916 1.337215 67.592964 -0.978558 0.187412 0.085445 0.133327 0.585692 1 6 1.000000
  6 -4.382023 1.402604 67.557770 -0.667080 0.739897 -0.086925 0.133327 0.556659 1 6 1.000000
lace
  6 -4.413916 1.337215 67.592964 -0.978558 0.187412 0.085445 0.133327 0.585692 1 6 1.000000
  6 -4.358826 1.434973 67.713783 -0.533548 0.845757 -0.004628 0.121029 0.556659 1 6 1.000000
  6 -4.382023 1.402604 67.557770 -0.667080 0.739897 -0.086925 0.133327 0.556659 1 6 1.000000
lace
  6 -4.435556 1.278465 67.448044 -0.981815 0.161489 0.099799 0.153824 0.585692 1 6 1.000000
  6 -4.382023 1.402604 67.557770 -0.667080 0.739897 -0.086925 0.133327 0.556659 1 6 1.000000
  6 -4.411091 1.343597 67.408989 -0.733588 0.673005 -0.094412 0.153824 0.556659 1 6 1.000000
lace
  6 -4.275688 1.433207 67.871971 0.376322 0.926207 -0.022864 0.110097 0.527628 1 6 1.000000
  6 -4.299402 1.441016 67.689087 0.284498 0.952529 -0.108393 0.121029 0.527628 1 6 1.000000
  6 -4.358826 1.434973 67.713783 -0.533548 0.845757 -0.004628 0.121029 0.556659 1 6 1.000000
lace
  6 -4.299402 1.441016 67.689087 0.284498 0.952529 -0.108393 0.121029 0.527628 1 6 1.000000
  6 -4.382023 1.402604 67.557770 -0.667080 0.739897 -0.086925 0.133327 0.556659 1 6 1.000000
  6 -4.358826 1.434973 67.713783 -0.533548 0.845757 -0.004628 0.121029 0.556659 1 6 1.000000
lace
  6 -4.411091 1.343597 67.408989 -0.733588 0.673005 -0.094412 0.153824 0.556659 1 6 1.000000
  6 -4.382023 1.402604 67.557770 -0.667080 0.739897 -0.086925 0.133327 0.556659 1 6 1.000000
  6 -4.324846 1.420654 67.525009 0.130269 0.954105 -0.269653 0.133327 0.527628 1 6 1.000000
lace
  6 -4.299402 1.441016 67.689087 0.284498 0.952529 -0.108393 0.121029 0.527628 1 6 1.000000
  6 -4.324846 1.420654 67.525009 0.130269 0.954105 -0.269653 0.133327 0.527628 1 6 1.000000
  6 -4.382023 1.402604 67.557770 -0.667080 0.739897 -0.086925 0.133327 0.556659 1 6 1.000000
lace
  6 -4.411091 1.343597 67.408989 -0.733588 0.673005 -0.094412 0.153824 0.556659 1 6 1.000000
  6 -4.324846 1.420654 67.525009 0.130269 0.954105 -0.269653 0.133327 0.527628 1 6 1.000000
  6 -4.369448 1.363172 67.375832 0.100585 0.907218 -0.408459 0.153824 0.527628 1 6 1.000000
lace
  6 -4.275688 1.433207 67.871971 0.376322 0.926207 -0.022864 0.110097 0.527628 1 6 1.000000
  6 -4.157516 1.310984 67.696510 0.824555 0.547494 -0.142685 0.121029 0.469562 1 6 1.000000
  6 -4.299402 1.441016 67.689087 0.284498 0.952529 -0.108393 0.121029 0.527628 1 6 1.000000
lace
  6 -4.324846 1.420654 67.525009 0.130269 0.954105 -0.269653 0.133327 0.527628 1 6 1.000000
  6 -4.299402 1.441016 67.689087 0.284498 0.952529 -0.108393 0.121029 0.527628 1 6 1.000000
  6 -4.157516 1.310984 67.696510 0.824555 0.547494 -0.142685 0.121029 0.469562 1 6 1.000000
lace
  6 -4.275688 1.433207 67.871971 0.376322 0.926207 -0.022864 0.110097 0.527628 1 6 1.000000
  6 -4.125202 1.304076 67.879555 0.827636 0.553394 -0.093671 0.110097 0.469562 1 6 1.000000
  6 -4.157516 1.310984 67.696510 0.824555 0.547494 -0.142685 0.121029 0.469562 1 6 1.000000
lace
  6 -4.369448 1.363172 67.375832 0.100585 0.907218 -0.408459 0.153824 0.527628 1 6 1.000000
  6 -4.324846 1.420654 67.525009 0.130269 0.954105 -0.269653 0.133327 0.527628 1 6 1.000000
  6 -4.193826 1.315704 67.514435 0.780203 0.523597 -0.342242 0.133327 0.469562 1 6 1.000000
lace
  6 -4.324846 1.420654 67.525009 0.130269 0.954105 -0.269653 0.133327 0.527628 1 6 1.000000
  6 -4.157516 1.310984 67.696510 0.824555 0.547494 -0.142685 0.121029 0.469562 1 6 1.000000
  6 -4.193826 1.315704 67.514435 0.780203 0.523597 -0.342242 0.133327 0.469562 1 6 1.000000
lace
  6 -4.369448 1.363172 67.375832 0.100585 0.907218 -0.408459 0.153824 0.527628 1 6 1.000000
  6 -4.193826 1.315704 67.514435 0.780203 0.523597 -0.342242 0.133327 0.469562 1 6 1.000000
  6 -4.277883 1.269961 67.359383 0.735439 0.428316 -0.525047 0.153824 0.469562 1 6 1.000000
lace
  6 -4.246423 1.170643 67.382515 0.857897 0.079861 -0.507578 0.153824 0.440531 1 6 1.000000
  6 -4.277883 1.269961 67.359383 0.735439 0.428316 -0.525047 0.153824 0.469562 1 6 1.000000
  6 -4.193826 1.315704 67.514435 0.780203 0.523597 -0.342242 0.133327 0.469562 1 6 1.000000
lace
  6 -4.246423 1.170643 67.382515 0.857897 0.079861 -0.507578 0.153824 0.440531 1 6 1.000000
  6 -4.193826 1.315704 67.514435 0.780203 0.523597 -0.342242 0.133327 0.469562 1 6 1.000000
  6 -4.157056 1.214570 67.536972 0.916967 0.156694 -0.366904 0.133327 0.436902 1 6 1.000000
lace
  6 -4.157516 1.310984 67.696510 0.824555 0.547494 -0.142685 0.121029 0.469562 1 6 1.000000
  6 -4.157056 1.214570 67.536972 0.916967 0.156694 -0.366904 0.133327 0.436902 1 6 1.000000
  6 -4.193826 1.315704 67.514435 0.780203 0.523597 -0.342242 0.133327 0.469562 1 6 1.000000
lace
  6 -4.192696 1.011449 67.490128 0.836252 -0.024997 -0.547775 0.153824 0.382466 1 6 1.000000
  6 -4.246423 1.170643 67.382515 0.857897 0.079861 -0.507578 0.153824 0.440531 1 6 1.000000
  6 -4.157056 1.214570 67.536972 0.916967 0.156694 -0.366904 0.133327 0.436902 1 6 1.000000
lace
  6 -4.125202 1.304076 67.879555 0.827636 0.553394 -0.093671 0.110097 0.469562 1 6 1.000000
  6 -4.122701 1.214700 67.712250 0.964973 0.206036 -0.162407 0.121029 0.436902 1 6 1.000000
  6 -4.157516 1.310984 67.696510 0.824555 0.547494 -0.142685 0.121029 0.469562 1 6 1.000000
lace
  6 -4.157516 1.310984 67.696510 0.824555 0.547494 -0.142685 0.121029 0.469562 1 6 1.000000
  6 -4.122701 1.214700 67.712250 0.964973 0.206036 -0.162407 0.121029 0.436902 1 6 1.000000
  6 -4.157056 1.214570 67.536972 0.916967 0.156694 -0.366904 0.133327 0.436902 1 6 1.000000
lace
  6 -4.125202 1.304076 67.879555 0.827636 0.553394 -0.093671 0.110097 0.469562 1 6 1.000000
  6 -4.094223 1.213434 67.886147 0.972581 0.195584 -0.125829 0.110097 0.436902 1 6 1.000000
  6 -4.122701 1.214700 67.712250 0.964973 0.206036 -0.162407 0.121029 0.436902 1 6 1.000000
lace
  6 -4.192696 1.011449 67.490128 0.836252 -0.024997 -0.547775 0.153824 0.382466 1 6 1.000000
  6 -4.157056 1.214570 67.536972 0.916967 0.156694 -0.366904 0.133327 0.436902 1 6 1.000000
  6 -4.122455 1.050482 67.589676 0.921822 0.072539 -0.380766 0.133327 0.382466 1 6 1.000000
lace
  6 -4.122701 1.214700 67.712250 0.964973 0.206036 -0.162407 0.121029 0.436902 1 6 1.000000
  6 -4.122455 1.050482 67.589676 0.921822 0.072539 -0.380766 0.133327 0.382466 1 6 1.000000
  6 -4.157056 1.214570 67.536972 0.916967 0.156694 -0.366904 0.133327 0.436902 1 6 1.000000
lace
  6 -3.998084 0.632820 67.787384 0.912724 -0.014199 -0.408331 0.153824 0.208273 1 6 1.000000
  6 -4.192696 1.011449 67.490128 0.836252 -0.024997 -0.547775 0.153824 0.382466 1 6 1.000000
  6 -4.122455 1.050482 67.589676 0.921822 0.072539 -0.380766 0.133327 0.382466 1 6 1.000000
lace
  6 -4.094223 1.213434 67.886147 0.972581 0.195584 -0.125829 0.110097 0.436902 1 6 1.000000
  6 -4.104915 1.057533 67.747391 0.978117 0.162837 -0.129505 0.121029 0.382466 1 6 1.000000
  6 -4.122701 1.214700 67.712250 0.964973 0.206036 -0.162407 0.121029 0.436902 1 6 1.000000
lace
  6 -4.122701 1.214700 67.712250 0.964973 0.206036 -0.162407 0.121029 0.436902 1 6 1.000000
  6 -4.104915 1.057533 67.747391 0.978117 0.162837 -0.129505 0.121029 0.382466 1 6 1.000000
  6 -4.122455 1.050482 67.589676 0.921822 0.072539 -0.380766 0.133327 0.382466 1 6 1.000000
lace
  6 -3.998084 0.632820 67.787384 0.912724 -0.014199 -0.408331 0.153824 0.208273 1 6 1.000000
  6 -4.122455 1.050482 67.589676 0.921822 0.072539 -0.380766 0.133327 0.382466 1 6 1.000000
  6 -3.978043 0.630846 67.834030 0.995203 0.049997 -0.084085 0.133327 0.208273 1 6 1.000000
lace
  6 -3.978043 0.630846 67.834030 0.995203 0.049997 -0.084085 0.133327 0.208273 1 6 1.000000
  6 -4.122455 1.050482 67.589676 0.921822 0.072539 -0.380766 0.133327 0.382466 1 6 1.000000
  6 -4.104915 1.057533 67.747391 0.978117 0.162837 -0.129505 0.121029 0.382466 1 6 1.000000
lace
  6 -3.997395 0.582983 67.816704 0.899213 -0.260228 -0.351707 0.153824 0.150210 1 6 1.000000
  6 -3.998084 0.632820 67.787384 0.912724 -0.014199 -0.408331 0.153824 0.208273 1 6 1.000000
  6 -3.978043 0.630846 67.834030 0.995203 0.049997 -0.084085 0.133327 0.208273 1 6 1.000000
lace
  6 -4.094223 1.213434 67.886147 0.972581 0.195584 -0.125829 0.110097 0.436902 1 6 1.000000
  6 -4.081769 1.057560 67.903793 0.979833 0.146069 -0.136348 0.110097 0.382466 1 6 1.000000
  6 -4.104915 1.057533 67.747391 0.978117 0.162837 -0.129505 0.121029 0.382466 1 6 1.000000
lace
  6 -4.062017 1.059618 68.053619 0.980867 0.163839 -0.105151 0.099166 0.382466 1 6 1.000000
  6 -4.081769 1.057560 67.903793 0.979833 0.146069 -0.136348 0.110097 0.382466 1 6 1.000000
  6 -4.094223 1.213434 67.886147 0.972581 0.195584 -0.125829 0.110097 0.436902 1 6 1.000000
lace
  6 -3.979725 0.619919 67.911942 0.983175 0.031156 -0.179989 0.099166 0.208273 1 6 1.000000
  6 -4.081769 1.057560 67.903793 0.979833 0.146069 -0.136348 0.110097 0.382466 1 6 1.000000
  6 -4.062017 1.059618 68.053619 0.980867 0.163839 -0.105151 0.099166 0.382466 1 6 1.000000
lace
  6 -3.978043 0.630846 67.834030 0.995203 0.049997 -0.084085 0.133327 0.208273 1 6 1.000000
  6 -4.104915 1.057533 67.747391 0.978117 0.162837 -0.129505 0.121029 0.382466 1 6 1.000000
  6 -3.983530 0.624310 67.863335 0.992325 0.090448 0.084324 0.121029 0.208273 1 6 1.000000
lace
  6 -3.983530 0.624310 67.863335 0.992325 0.090448 0.084324 0.121029 0.208273 1 6 1.000000
  6 -4.104915 1.057533 67.747391 0.978117 0.162837 -0.129505 0.121029 0.382466 1 6 1.000000
  6 -4.081769 1.057560 67.903793 0.979833 0.146069 -0.136348 0.110097 0.382466 1 6 1.000000
lace
  6 -3.997395 0.582983 67.816704 0.899213 -0.260228 -0.351707 0.153824 0.150210 1 6 1.000000
  6 -3.978043 0.630846 67.834030 0.995203 0.049997 -0.084085 0.133327 0.208273 1 6 1.000000
  6 -3.984862 0.580144 67.852577 0.961680 -0.264768 -0.071204 0.133327 0.150210 1 6 1.000000
lace
  6 -3.983530 0.624310 67.863335 0.992325 0.090448 0.084324 0.121029 0.208273 1 6 1.000000
  6 -3.984862 0.580144 67.852577 0.961680 -0.264768 -0.071204 0.133327 0.150210 1 6 1.000000
  6 -3.978043 0.630846 67.834030 0.995203 0.049997 -0.084085 0.133327 0.208273 1 6 1.000000
lace
  6 -4.006953 0.544382 67.825928 0.958634 0.096865 -0.267651 0.153824 0.092145 1 6 1.000000
  6 -3.997395 0.582983 67.816704 0.899213 -0.260228 -0.351707 0.153824 0.150210 1 6 1.000000
  6 -3.984862 0.580144 67.852577 0.961680 -0.264768 -0.071204 0.133327 0.150210 1 6 1.000000
lace
  6 -3.979725 0.619919 67.911942 0.983175 0.031156 -0.179989 0.099166 0.208273 1 6 1.000000
  6 -3.983072 0.621282 67.886971 0.996601 0.053210 -0.062890 0.110097 0.208273 1 6 1.000000
  6 -4.081769 1.057560 67.903793 0.979833 0.146069 -0.136348 0.110097 0.382466 1 6 1.000000
lace
  6 -3.983530 0.624310 67.863335 0.992325 0.090448 0.084324 0.121029 0.208273 1 6 1.000000
  6 -4.081769 1.057560 67.903793 0.979833 0.146069 -0.136348 0.110097 0.382466 1 6 1.000000
  6 -3.983072 0.621282 67.886971 0.996601 0.053210 -0.062890 0.110097 0.208273 1 6 1.000000
lace
  6 -3.986364 0.578938 67.906479 0.967112 -0.234401 -0.098741 0.099166 0.150210 1 6 1.000000
  6 -3.983072 0.621282 67.886971 0.996601 0.053210 -0.062890 0.110097 0.208273 1 6 1.000000
  6 -3.979725 0.619919 67.911942 0.983175 0.031156 -0.179989 0.099166 0.208273 1 6 1.000000
lace
  6 -3.983530 0.624310 67.863335 0.992325 0.090448 0.084324 0.121029 0.208273 1 6 1.000000
  6 -3.987217 0.580009 67.872223 0.977960 -0.206640 0.029895 0.121029 0.150210 1 6 1.000000
  6 -3.984862 0.580144 67.852577 0.961680 -0.264768 -0.071204 0.133327 0.150210 1 6 1.000000
lace
  6 -3.983072 0.621282 67.886971 0.996601 0.053210 -0.062890 0.110097 0.208273 1 6 1.000000
  6 -3.987217 0.580009 67.872223 0.977960 -0.206640 0.029895 0.121029 0.150210 1 6 1.000000
  6 -3.983530 0.624310 67.863335 0.992325 0.090448 0.084324 0.121029 0.208273 1 6 1.000000
lace
  6 -4.006953 0.544382 67.825928 0.958634 0.096865 -0.267651 0.153824 0.092145 1 6 1.000000
  6 -3.984862 0.580144 67.852577 0.961680 -0.264768 -0.071204 0.133327 0.150210 1 6 1.000000
  6 -4.001375 0.545143 67.859802 0.982224 0.099850 -0.158950 0.131961 0.092145 1 6 1.000000
lace
  6 -3.987217 0.580009 67.872223 0.977960 -0.206640 0.029895 0.121029 0.150210 1 6 1.000000
  6 -4.001375 0.545143 67.859802 0.982224 0.099850 -0.158950 0.131961 0.092145 1 6 1.000000
  6 -3.984862 0.580144 67.852577 0.961680 -0.264768 -0.071204 0.133327 0.150210 1 6 1.000000
lace
  6 -3.986364 0.578938 67.906479 0.967112 -0.234401 -0.098741 0.099166 0.150210 1 6 1.000000
  6 -3.987381 0.579951 67.889030 0.979172 -0.202196 -0.018384 0.110097 0.150210 1 6 1.000000
  6 -3.983072 0.621282 67.886971 0.996601 0.053210 -0.062890 0.110097 0.208273 1 6 1.000000
lace
  6 -3.983072 0.621282 67.886971 0.996601 0.053210 -0.062890 0.110097 0.208273 1 6 1.000000
  6 -3.987381 0.579951 67.889030 0.979172 -0.202196 -0.018384 0.110097 0.150210 1 6 1.000000
  6 -3.987217 0.580009 67.872223 0.977960 -0.206640 0.029895 0.121029 0.150210 1 6 1.000000
lace
  6 -3.986364 0.578938 67.906479 0.967112 -0.234401 -0.098741 0.099166 0.150210 1 6 1.000000
  6 -3.999247 0.545444 67.894173 0.993971 0.103213 0.037005 0.110097 0.092145 1 6 1.000000
  6 -3.987381 0.579951 67.889030 0.979172 -0.202196 -0.018384 0.110097 0.150210 1 6 1.000000
lace
  6 -3.986364 0.578938 67.906479 0.967112 -0.234401 -0.098741 0.099166 0.150210 1 6 1.000000
  6 -3.998249 0.545566 67.909195 0.992337 0.105015 0.065101 0.099166 0.092145 1 6 1.000000
  6 -3.999247 0.545444 67.894173 0.993971 0.103213 0.037005 0.110097 0.092145 1 6 1.000000
lace
  6 -3.987381 0.579951 67.889030 0.979172 -0.202196 -0.018384 0.110097 0.150210 1 6 1.000000
  6 -3.996435 0.545769 67.877632 0.993446 0.098492 -0.058004 0.121029 0.092145 1 6 1.000000
  6 -3.987217 0.580009 67.872223 0.977960 -0.206640 0.029895 0.121029 0.150210 1 6 1.000000
lace
  6 -3.987381 0.579951 67.889030 0.979172 -0.202196 -0.018384 0.110097 0.150210 1 6 1.000000
  6 -3.999247 0.545444 67.894173 0.993971 0.103213 0.037005 0.110097 0.092145 1 6 1.000000
  6 -3.996435 0.545769 67.877632 0.993446 0.098492 -0.058004 0.121029 0.092145 1 6 1.000000
lace
  6 -3.987217 0.580009 67.872223 0.977960 -0.206640 0.029895 0.121029 0.150210 1 6 1.000000
  6 -3.996435 0.545769 67.877632 0.993446 0.098492 -0.058004 0.121029 0.092145 1 6 1.000000
  6 -4.001375 0.545143 67.859802 0.982224 0.099850 -0.158950 0.131961 0.092145 1 6 1.000000
lace
  6 -3.980034 0.515909 67.906921 0.892720 0.438119 -0.105372 0.099166 0.150210 1 6 1.000000
  6 -3.999247 0.545444 67.894173 0.993971 0.103213 0.037005 0.110097 0.092145 1 6 1.000000
  6 -3.998249 0.545566 67.909195 0.992337 0.105015 0.065101 0.099166 0.092145 1 6 1.000000
lace
  6 -3.978419 0.519000 67.928505 0.826659 0.560742 0.046944 0.086868 0.150210 1 6 1.000000
  6 -3.980034 0.515909 67.906921 0.892720 0.438119 -0.105372 0.099166 0.150210 1 6 1.000000
  6 -3.998249 0.545566 67.909195 0.992337 0.105015 0.065101 0.099166 0.092145 1 6 1.000000
lace
  6 -3.978419 0.519000 67.928505 0.826659 0.560742 0.046944 0.086868 0.150210 1 6 1.000000
  6 -3.964541 0.477627 67.912987 0.967159 0.190594 -0.168158 0.099166 0.208273 1 6 1.000000
  6 -3.980034 0.515909 67.906921 0.892720 0.438119 -0.105372 0.099166 0.150210 1 6 1.000000
lace
  6 -3.980992 0.514615 67.889496 0.909316 0.415256 -0.026593 0.110097 0.150210 1 6 1.000000
  6 -3.996435 0.545769 67.877632 0.993446 0.098492 -0.058004 0.121029 0.092145 1 6 1.000000
  6 -3.999247 0.545444 67.894173 0.993971 0.103213 0.037005 0.110097 0.092145 1 6 1.000000
lace
  6 -3.980034 0.515909 67.906921 0.892720 0.438119 -0.105372 0.099166 0.150210 1 6 1.000000
  6 -3.980992 0.514615 67.889496 0.909316 0.415256 -0.026593 0.110097 0.150210 1 6 1.000000
  6 -3.999247 0.545444 67.894173 0.993971 0.103213 0.037005 0.110097 0.092145 1 6 1.000000
lace
  6 -3.980917 0.514567 67.872696 0.908629 0.416884 0.024537 0.121029 0.150210 1 6 1.000000
  6 -4.001375 0.545143 67.859802 0.982224 0.099850 -0.158950 0.131961 0.092145 1 6 1.000000
  6 -3.996435 0.545769 67.877632 0.993446 0.098492 -0.058004 0.121029 0.092145 1 6 1.000000
lace
  6 -3.980992 0.514615 67.889496 0.909316 0.415256 -0.026593 0.110097 0.150210 1 6 1.000000
  6 -3.980917 0.514567 67.872696 0.908629 0.416884 0.024537 0.121029 0.150210 1 6 1.000000
  6 -3.996435 0.545769 67.877632 0.993446 0.098492 -0.058004 0.121029 0.092145 1 6 1.000000
lace
  6 -3.980034 0.515909 67.906921 0.892720 0.438119 -0.105372 0.099166 0.150210 1 6 1.000000
  6 -3.966690 0.475531 67.888008 0.980883 0.185364 -0.059235 0.110097 0.208273 1 6 1.000000
  6 -3.980992 0.514615 67.889496 0.909316 0.415256 -0.026593 0.110097 0.150210 1 6 1.000000
lace
  6 -3.966690 0.475531 67.888008 0.980883 0.185364 -0.059235 0.110097 0.208273 1 6 1.000000
  6 -3.980917 0.514567 67.872696 0.908629 0.416884 0.024537 0.121029 0.150210 1 6 1.000000
  6 -3.980992 0.514615 67.889496 0.909316 0.415256 -0.026593 0.110097 0.150210 1 6 1.000000
lace
  6 -3.980034 0.515909 67.906921 0.892720 0.438119 -0.105372 0.099166 0.150210 1 6 1.000000
  6 -3.964541 0.477627 67.912987 0.967159 0.190594 -0.168158 0.099166 0.208273 1 6 1.000000
  6 -3.966690 0.475531 67.888008 0.980883 0.185364 -0.059235 0.110097 0.208273 1 6 1.000000
lace
  6 -3.980917 0.514567 67.872696 0.908629 0.416884 0.024537 0.121029 0.150210 1 6 1.000000
  6 -3.978609 0.514946 67.853065 0.879637 0.469968 -0.073269 0.133327 0.150210 1 6 1.000000
  6 -4.001375 0.545143 67.859802 0.982224 0.099850 -0.158950 0.131961 0.092145 1 6 1.000000
lace
  6 -3.978609 0.514946 67.853065 0.879637 0.469968 -0.073269 0.133327 0.150210 1 6 1.000000
  6 -4.006953 0.544382 67.825928 0.958634 0.096865 -0.267651 0.153824 0.092145 1 6 1.000000
  6 -4.001375 0.545143 67.859802 0.982224 0.099850 -0.158950 0.131961 0.092145 1 6 1.000000
lace
  6 -3.978609 0.514946 67.853065 0.879637 0.469968 -0.073269 0.133327 0.150210 1 6 1.000000
  6 -3.990033 0.509032 67.817238 0.751408 0.296892 -0.589272 0.153824 0.150210 1 6 1.000000
  6 -4.006953 0.544382 67.825928 0.958634 0.096865 -0.267651 0.153824 0.092145 1 6 1.000000
lace
  6 -3.966690 0.475531 67.888008 0.980883 0.185364 -0.059235 0.110097 0.208273 1 6 1.000000
  6 -3.966834 0.472370 67.864449 0.987446 0.142452 0.068241 0.121029 0.208273 1 6 1.000000
  6 -3.980917 0.514567 67.872696 0.908629 0.416884 0.024537 0.121029 0.150210 1 6 1.000000
lace
  6 -3.966834 0.472370 67.864449 0.987446 0.142452 0.068241 0.121029 0.208273 1 6 1.000000
  6 -3.978609 0.514946 67.853065 0.879637 0.469968 -0.073269 0.133327 0.150210 1 6 1.000000
  6 -3.980917 0.514567 67.872696 0.908629 0.416884 0.024537 0.121029 0.150210 1 6 1.000000
lace
  6 -3.964541 0.477627 67.912987 0.967159 0.190594 -0.168158 0.099166 0.208273 1 6 1.000000
  6 -3.957376 0.024576 67.911293 0.987446 0.045606 -0.151230 0.110097 0.382466 1 6 1.000000
  6 -3.966690 0.475531 67.888008 0.980883 0.185364 -0.059235 0.110097 0.208273 1 6 1.000000
lace
  6 -3.966834 0.472370 67.864449 0.987446 0.142452 0.068241 0.121029 0.208273 1 6 1.000000
  6 -3.966690 0.475531 67.888008 0.980883 0.185364 -0.059235 0.110097 0.208273 1 6 1.000000
  6 -3.957376 0.024576 67.911293 0.987446 0.045606 -0.151230 0.110097 0.382466 1 6 1.000000
lace
  6 -3.964541 0.477627 67.912987 0.967159 0.190594 -0.168158 0.099166 0.208273 1 6 1.000000
  6 -3.950284 0.025736 68.061096 0.997022 0.034630 -0.068904 0.099166 0.382466 1 6 1.000000
  6 -3.957376 0.024576 67.911293 0.987446 0.045606 -0.151230 0.110097 0.382466 1 6 1.000000
lace
  6 -3.960120 0.467236 67.835228 0.939075 0.152634 -0.307964 0.133327 0.208273 1 6 1.000000
  6 -3.990033 0.509032 67.817238 0.751408 0.296892 -0.589272 0.153824 0.150210 1 6 1.000000
  6 -3.978609 0.514946 67.853065 0.879637 0.469968 -0.073269 0.133327 0.150210 1 6 1.000000
lace
  6 -3.966834 0.472370 67.864449 0.987446 0.142452 0.068241 0.121029 0.208273 1 6 1.000000
  6 -3.960120 0.467236 67.835228 0.939075 0.152634 -0.307964 0.133327 0.208273 1 6 1.000000
  6 -3.978609 0.514946 67.853065 0.879637 0.469968 -0.073269 0.133327 0.150210 1 6 1.000000
lace
  6 -3.960120 0.467236 67.835228 0.939075 0.152634 -0.307964 0.133327 0.208273 1 6 1.000000
  6 -4.048018 0.451797 67.788605 0.461851 0.300043 -0.834666 0.153824 0.208273 1 6 1.000000
  6 -3.990033 0.509032 67.817238 0.751408 0.296892 -0.589272 0.153824 0.150210 1 6 1.000000
lace
  6 -3.966834 0.472370 67.864449 0.987446 0.142452 0.068241 0.121029 0.208273 1 6 1.000000
  6 -3.957376 0.024576 67.911293 0.987446 0.045606 -0.151230 0.110097 0.382466 1 6 1.000000
  6 -3.999338 0.023955 67.759377 0.957357 0.040807 -0.286012 0.121029 0.382466 1 6 1.000000
lace
  6 -3.960120 0.467236 67.835228 0.939075 0.152634 -0.307964 0.133327 0.208273 1 6 1.000000
  6 -3.966834 0.472370 67.864449 0.987446 0.142452 0.068241 0.121029 0.208273 1 6 1.000000
  6 -3.999338 0.023955 67.759377 0.957357 0.040807 -0.286012 0.121029 0.382466 1 6 1.000000
lace
  6 -3.950284 0.025736 68.061096 0.997022 0.034630 -0.068904 0.099166 0.382466 1 6 1.000000
  6 -3.945933 -0.134142 67.895897 0.986739 -0.038096 -0.157780 0.110097 0.436902 1 6 1.000000
  6 -3.957376 0.024576 67.911293 0.987446 0.045606 -0.151230 0.110097 0.382466 1 6 1.000000
lace
  6 -3.945933 -0.134142 67.895897 0.986739 -0.038096 -0.157780 0.110097 0.436902 1 6 1.000000
  6 -3.999338 0.023955 67.759377 0.957357 0.040807 -0.286012 0.121029 0.382466 1 6 1.000000
  6 -3.957376 0.024576 67.911293 0.987446 0.045606 -0.151230 0.110097 0.382466 1 6 1.000000
lace
  6 -3.950284 0.025736 68.061096 0.997022 0.034630 -0.068904 0.099166 0.382466 1 6 1.000000
  6 -3.937813 -0.138120 68.080261 0.997701 -0.052204 -0.043205 0.099166 0.436902 1 6 1.000000
  6 -3.945933 -0.134142 67.895897 0.986739 -0.038096 -0.157780 0.110097 0.436902 1 6 1.000000
lace
  6 -4.048018 0.451797 67.788605 0.461851 0.300043 -0.834666 0.153824 0.208273 1 6 1.000000
  6 -3.960120 0.467236 67.835228 0.939075 0.152634 -0.307964 0.133327 0.208273 1 6 1.000000
  6 -4.057122 0.041233 67.587372 0.919688 0.086832 -0.382928 0.133327 0.382466 1 6 1.000000
lace
  6 -3.960120 0.467236 67.835228 0.939075 0.152634 -0.307964 0.133327 0.208273 1 6 1.000000
  6 -3.999338 0.023955 67.759377 0.957357 0.040807 -0.286012 0.121029 0.382466 1 6 1.000000
  6 -4.057122 0.041233 67.587372 0.919688 0.086832 -0.382928 0.133327 0.382466 1 6 1.000000
lace
  6 -4.048018 0.451797 67.788605 0.461851 0.300043 -0.834666 0.153824 0.208273 1 6 1.000000
  6 -4.057122 0.041233 67.587372 0.919688 0.086832 -0.382928 0.133327 0.382466 1 6 1.000000
  6 -4.111104 0.066440 67.468468 0.923230 0.104485 -0.369770 0.153824 0.382466 1 6 1.000000
lace
  6 -3.945933 -0.134142 67.895897 0.986739 -0.038096 -0.157780 0.110097 0.436902 1 6 1.000000
  6 -3.992667 -0.131839 67.727280 0.948583 -0.036092 -0.314464 0.121029 0.436902 1 6 1.000000
  6 -3.999338 0.023955 67.759377 0.957357 0.040807 -0.286012 0.121029 0.382466 1 6 1.000000
lace
  6 -3.992667 -0.131839 67.727280 0.948583 -0.036092 -0.314464 0.121029 0.436902 1 6 1.000000
  6 -4.057122 0.041233 67.587372 0.919688 0.086832 -0.382928 0.133327 0.382466 1 6 1.000000
  6 -3.999338 0.023955 67.759377 0.957357 0.040807 -0.286012 0.121029 0.382466 1 6 1.000000
lace
  6 -3.937813 -0.138120 68.080261 0.997701 -0.052204 -0.043205 0.099166 0.436902 1 6 1.000000
  6 -3.963184 -0.231999 67.889771 0.928139 -0.337645 -0.156695 0.110097 0.469562 1 6 1.000000
  6 -3.945933 -0.134142 67.895897 0.986739 -0.038096 -0.157780 0.110097 0.436902 1 6 1.000000
lace
  6 -3.963184 -0.231999 67.889771 0.928139 -0.337645 -0.156695 0.110097 0.469562 1 6 1.000000
  6 -3.992667 -0.131839 67.727280 0.948583 -0.036092 -0.314464 0.121029 0.436902 1 6 1.000000
  6 -3.945933 -0.134142 67.895897 0.986739 -0.038096 -0.157780 0.110097 0.436902 1 6 1.000000
lace
  6 -3.937813 -0.138120 68.080261 0.997701 -0.052204 -0.043205 0.099166 0.436902 1 6 1.000000
  6 -3.952990 -0.239018 68.089981 0.936365 -0.349099 -0.036730 0.099166 0.469562 1 6 1.000000
  6 -3.963184 -0.231999 67.889771 0.928139 -0.337645 -0.156695 0.110097 0.469562 1 6 1.000000
lace
  6 -3.952990 -0.239018 68.089981 0.936365 -0.349099 -0.036730 0.099166 0.469562 1 6 1.000000
  6 -4.017529 -0.319446 67.883873 0.810053 -0.571040 -0.133143 0.110097 0.498595 1 6 1.000000
  6 -3.963184 -0.231999 67.889771 0.928139 -0.337645 -0.156695 0.110097 0.469562 1 6 1.000000
lace
  6 -4.070815 -0.123829 67.534096 0.934376 -0.015060 -0.355970 0.133327 0.436902 1 6 1.000000
  6 -4.111104 0.066440 67.468468 0.923230 0.104485 -0.369770 0.153824 0.382466 1 6 1.000000
  6 -4.057122 0.041233 67.587372 0.919688 0.086832 -0.382928 0.133327 0.382466 1 6 1.000000
lace
  6 -3.992667 -0.131839 67.727280 0.948583 -0.036092 -0.314464 0.121029 0.436902 1 6 1.000000
  6 -4.070815 -0.123829 67.534096 0.934376 -0.015060 -0.355970 0.133327 0.436902 1 6 1.000000
  6 -4.057122 0.041233 67.587372 0.919688 0.086832 -0.382928 0.133327 0.382466 1 6 1.000000
lace
  6 -4.070815 -0.123829 67.534096 0.934376 -0.015060 -0.355970 0.133327 0.436902 1 6 1.000000
  6 -4.133727 -0.100490 67.357246 0.941859 -0.011133 -0.335825 0.153824 0.440531 1 6 1.000000
  6 -4.111104 0.066440 67.468468 0.923230 0.104485 -0.369770 0.153824 0.382466 1 6 1.000000
lace
  6 -3.963184 -0.231999 67.889771 0.928139 -0.337645 -0.156695 0.110097 0.469562 1 6 1.000000
  6 -4.015233 -0.235130 67.712196 0.902786 -0.309857 -0.298272 0.121029 0.469562 1 6 1.000000
  6 -3.992667 -0.131839 67.727280 0.948583 -0.036092 -0.314464 0.121029 0.436902 1 6 1.000000
lace
  6 -4.015233 -0.235130 67.712196 0.902786 -0.309857 -0.298272 0.121029 0.469562 1 6 1.000000
  6 -4.070815 -0.123829 67.534096 0.934376 -0.015060 -0.355970 0.133327 0.436902 1 6 1.000000
  6 -3.992667 -0.131839 67.727280 0.948583 -0.036092 -0.314464 0.121029 0.436902 1 6 1.000000
lace
  6 -4.017529 -0.319446 67.883873 0.810053 -0.571040 -0.133143 0.110097 0.498595 1 6 1.000000
  6 -4.015233 -0.235130 67.712196 0.902786 -0.309857 -0.298272 0.121029 0.469562 1 6 1.000000
  6 -3.963184 -0.231999 67.889771 0.928139 -0.337645 -0.156695 0.110097 0.469562 1 6 1.000000
lace
  6 -4.088368 -0.230843 67.510071 0.895691 -0.279780 -0.345632 0.133327 0.469562 1 6 1.000000
  6 -4.133727 -0.100490 67.357246 0.941859 -0.011133 -0.335825 0.153824 0.440531 1 6 1.000000
  6 -4.070815 -0.123829 67.534096 0.934376 -0.015060 -0.355970 0.133327 0.436902 1 6 1.000000
lace
  6 -4.015233 -0.235130 67.712196 0.902786 -0.309857 -0.298272 0.121029 0.469562 1 6 1.000000
  6 -4.088368 -0.230843 67.510071 0.895691 -0.279780 -0.345632 0.133327 0.469562 1 6 1.000000
  6 -4.070815 -0.123829 67.534096 0.934376 -0.015060 -0.355970 0.133327 0.436902 1 6 1.000000
lace
  6 -4.088368 -0.230843 67.510071 0.895691 -0.279780 -0.345632 0.133327 0.469562 1 6 1.000000
  6 -4.150493 -0.203840 67.333710 0.889161 -0.286215 -0.357034 0.153824 0.469562 1 6 1.000000
  6 -4.133727 -0.100490 67.357246 0.941859 -0.011133 -0.335825 0.153824 0.440531 1 6 1.000000
lace
  6 -4.088368 -0.230843 67.510071 0.895691 -0.279780 -0.345632 0.133327 0.469562 1 6 1.000000
  6 -4.194676 -0.277467 67.327362 0.665546 -0.655108 -0.357606 0.153824 0.498595 1 6 1.000000
  6 -4.150493 -0.203840 67.333710 0.889161 -0.286215 -0.357034 0.153824 0.469562 1 6 1.000000
lace
  6 -4.017529 -0.319446 67.883873 0.810053 -0.571040 -0.133143 0.110097 0.498595 1 6 1.000000
  6 -4.069950 -0.330741 67.702362 0.796964 -0.544600 -0.261265 0.121029 0.498595 1 6 1.000000
  6 -4.015233 -0.235130 67.712196 0.902786 -0.309857 -0.298272 0.121029 0.469562 1 6 1.000000
lace
  6 -4.069950 -0.330741 67.702362 0.796964 -0.544600 -0.261265 0.121029 0.498595 1 6 1.000000
  6 -4.088368 -0.230843 67.510071 0.895691 -0.279780 -0.345632 0.133327 0.469562 1 6 1.000000
  6 -4.015233 -0.235130 67.712196 0.902786 -0.309857 -0.298272 0.121029 0.469562 1 6 1.000000
lace
  6 -4.080987 -0.395092 67.880722 0.558635 -0.825684 -0.078566 0.110097 0.527628 1 6 1.000000
  6 -4.069950 -0.330741 67.702362 0.796964 -0.544600 -0.261265 0.121029 0.498595 1 6 1.000000
  6 -4.017529 -0.319446 67.883873 0.810053 -0.571040 -0.133143 0.110097 0.498595 1 6 1.000000
lace
  6 -4.080987 -0.395092 67.880722 0.558635 -0.825684 -0.078566 0.110097 0.527628 1 6 1.000000
  6 -4.126483 -0.401199 67.703156 0.472167 -0.853418 -0.220759 0.121029 0.527628 1 6 1.000000
  6 -4.069950 -0.330741 67.702362 0.796964 -0.544600 -0.261265 0.121029 0.498595 1 6 1.000000
lace
  6 -4.088368 -0.230843 67.510071 0.895691 -0.279780 -0.345632 0.133327 0.469562 1 6 1.000000
  6 -4.140532 -0.317714 67.501450 0.713737 -0.604213 -0.354268 0.133327 0.498595 1 6 1.000000
  6 -4.194676 -0.277467 67.327362 0.665546 -0.655108 -0.357606 0.153824 0.498595 1 6 1.000000
lace
  6 -4.069950 -0.330741 67.702362 0.796964 -0.544600 -0.261265 0.121029 0.498595 1 6 1.000000
  6 -4.140532 -0.317714 67.501450 0.713737 -0.604213 -0.354268 0.133327 0.498595 1 6 1.000000
  6 -4.088368 -0.230843 67.510071 0.895691 -0.279780 -0.345632 0.133327 0.469562 1 6 1.000000
lace
  6 -4.140532 -0.317714 67.501450 0.713737 -0.604213 -0.354268 0.133327 0.498595 1 6 1.000000
  6 -4.247973 -0.317042 67.360474 0.148354 -0.938112 -0.312947 0.153824 0.527628 1 6 1.000000
  6 -4.194676 -0.277467 67.327362 0.665546 -0.655108 -0.357606 0.153824 0.498595 1 6 1.000000
lace
  6 -4.069950 -0.330741 67.702362 0.796964 -0.544600 -0.261265 0.121029 0.498595 1 6 1.000000
  6 -4.126483 -0.401199 67.703156 0.472167 -0.853418 -0.220759 0.121029 0.527628 1 6 1.000000
  6 -4.188982 -0.372564 67.524925 0.247149 -0.914141 -0.321346 0.133327 0.527628 1 6 1.000000
lace
  6 -4.069950 -0.330741 67.702362 0.796964 -0.544600 -0.261265 0.121029 0.498595 1 6 1.000000
  6 -4.188982 -0.372564 67.524925 0.247149 -0.914141 -0.321346 0.133327 0.527628 1 6 1.000000
  6 -4.140532 -0.317714 67.501450 0.713737 -0.604213 -0.354268 0.133327 0.498595 1 6 1.000000
lace
  6 -4.140532 -0.317714 67.501450 0.713737 -0.604213 -0.354268 0.133327 0.498595 1 6 1.000000
  6 -4.188982 -0.372564 67.524925 0.247149 -0.914141 -0.321346 0.133327 0.527628 1 6 1.000000
  6 -4.247973 -0.317042 67.360474 0.148354 -0.938112 -0.312947 0.153824 0.527628 1 6 1.000000
lace
  6 -4.126483 -0.401199 67.703156 0.472167 -0.853418 -0.220759 0.121029 0.527628 1 6 1.000000
  6 -4.236760 -0.373513 67.561783 -0.635222 -0.772221 0.012930 0.133327 0.556659 1 6 1.000000
  6 -4.188982 -0.372564 67.524925 0.247149 -0.914141 -0.321346 0.133327 0.527628 1 6 1.000000
lace
  6 -4.188982 -0.372564 67.524925 0.247149 -0.914141 -0.321346 0.133327 0.527628 1 6 1.000000
  6 -4.292376 -0.307569 67.400726 -0.674556 -0.737572 -0.031008 0.153824 0.556659 1 6 1.000000
  6 -4.247973 -0.317042 67.360474 0.148354 -0.938112 -0.312947 0.153824 0.527628 1 6 1.000000
lace
  6 -4.188982 -0.372564 67.524925 0.247149 -0.914141 -0.321346 0.133327 0.527628 1 6 1.000000
  6 -4.236760 -0.373513 67.561783 -0.635222 -0.772221 0.012930 0.133327 0.556659 1 6 1.000000
  6 -4.292376 -0.307569 67.400726 -0.674556 -0.737572 -0.031008 0.153824 0.556659 1 6 1.000000
lace
  6 -4.087579 0.495319 67.783936 -0.949637 -0.238824 -0.202863 0.132065 0.598205 1 6 1.000000
  6 -4.079623 0.570900 67.761887 -0.984287 0.140103 -0.107472 0.154847 0.598205 1 6 1.000000
  6 -4.078586 0.564838 67.745308 -0.992810 0.078106 -0.090706 0.154847 0.577847 1 6 1.000000
lace
  6 -4.079623 0.570900 67.761887 -0.984287 0.140103 -0.107472 0.154847 0.598205 1 6 1.000000
  6 -4.087579 0.495319 67.783936 -0.949637 -0.238824 -0.202863 0.132065 0.598205 1 6 1.000000
  6 -4.094757 0.527044 67.812843 -0.987626 -0.109234 0.112533 0.132065 0.618562 1 6 1.000000
lace
  6 -4.079623 0.570900 67.761887 -0.984287 0.140103 -0.107472 0.154847 0.598205 1 6 1.000000
  6 -4.094757 0.527044 67.812843 -0.987626 -0.109234 0.112533 0.132065 0.618562 1 6 1.000000
  6 -4.076080 0.591042 67.807732 -0.978274 0.204795 -0.032237 0.154847 0.618562 1 6 1.000000
lace
  6 -4.072739 0.497218 67.822456 -0.890252 -0.445223 0.096059 0.109284 0.618562 1 6 1.000000
  6 -4.094757 0.527044 67.812843 -0.987626 -0.109234 0.112533 0.132065 0.618562 1 6 1.000000
  6 -4.087579 0.495319 67.783936 -0.949637 -0.238824 -0.202863 0.132065 0.598205 1 6 1.000000
lace
  6 -4.087579 0.495319 67.783936 -0.949637 -0.238824 -0.202863 0.132065 0.598205 1 6 1.000000
  6 -4.078586 0.564838 67.745308 -0.420981 -0.196853 -0.885451 0.132065 0.577847 1 6 1.000000
  6 -4.068797 0.503314 67.760788 -0.617219 -0.282844 -0.734193 0.109284 0.577847 1 6 1.000000
lace
  6 -4.078586 0.564838 67.745308 -0.420981 -0.196853 -0.885451 0.132065 0.577847 1 6 1.000000
  6 -4.040092 0.518253 67.739517 -0.327445 -0.182918 -0.926996 0.109284 0.557489 1 6 1.000000
  6 -4.068797 0.503314 67.760788 -0.617219 -0.282844 -0.734193 0.109284 0.577847 1 6 1.000000
lace
  6 -4.078586 0.564838 67.745308 -0.420981 -0.196853 -0.885451 0.132065 0.577847 1 6 1.000000
  6 -4.025043 0.572183 67.729454 -0.150180 -0.043575 -0.987698 0.132065 0.557489 1 6 1.000000
  6 -4.040092 0.518253 67.739517 -0.327445 -0.182918 -0.926996 0.109284 0.557489 1 6 1.000000
lace
  6 -4.025043 0.572183 67.729454 -0.150180 -0.043575 -0.987698 0.132065 0.557489 1 6 1.000000
  6 -3.978134 0.525629 67.725876 0.565442 0.027039 -0.824344 0.109284 0.537132 1 6 1.000000
  6 -4.040092 0.518253 67.739517 -0.327445 -0.182918 -0.926996 0.109284 0.557489 1 6 1.000000
lace
  6 -4.025043 0.572183 67.729454 -0.150180 -0.043575 -0.987698 0.132065 0.557489 1 6 1.000000
  6 -3.981482 0.590413 67.731728 0.749350 0.158978 -0.642806 0.132065 0.537132 1 6 1.000000
  6 -3.978134 0.525629 67.725876 0.565442 0.027039 -0.824344 0.109284 0.537132 1 6 1.000000
lace
  6 -3.981482 0.590413 67.731728 0.749350 0.158978 -0.642806 0.132065 0.537132 1 6 1.000000
  6 -3.944658 0.514584 67.862297 0.965963 0.210691 -0.150083 0.109284 0.516774 1 6 1.000000
  6 -3.978134 0.525629 67.725876 0.565442 0.027039 -0.824344 0.109284 0.537132 1 6 1.000000
lace
  6 -3.981482 0.590413 67.731728 0.749350 0.158978 -0.642806 0.132065 0.537132 1 6 1.000000
  6 -3.972496 0.619263 67.871185 0.957336 0.264496 -0.116407 0.132065 0.516774 1 6 1.000000
  6 -3.944658 0.514584 67.862297 0.965963 0.210691 -0.150083 0.109284 0.516774 1 6 1.000000
lace
  6 -4.076080 0.591042 67.807732 -0.978274 0.204795 -0.032237 0.154847 0.618562 1 6 1.000000
  6 -4.094757 0.527044 67.812843 -0.987626 -0.109234 0.112533 0.132065 0.618562 1 6 1.000000
  6 -4.084765 0.541268 67.853424 -0.989926 0.017198 0.140536 0.132065 0.638920 1 6 1.000000
lace
  6 -4.084765 0.541268 67.853424 -0.989926 0.017198 0.140536 0.132065 0.638920 1 6 1.000000
  6 -4.094757 0.527044 67.812843 -0.987626 -0.109234 0.112533 0.132065 0.618562 1 6 1.000000
  6 -4.072739 0.497218 67.822456 -0.890252 -0.445223 0.096059 0.109284 0.618562 1 6 1.000000
lace
  6 -4.076080 0.591042 67.807732 -0.978274 0.204795 -0.032237 0.154847 0.618562 1 6 1.000000
  6 -4.084765 0.541268 67.853424 -0.989926 0.017198 0.140536 0.132065 0.638920 1 6 1.000000
  6 -4.080642 0.602726 67.853111 -0.998628 0.036384 0.037665 0.154847 0.638920 1 6 1.000000
lace
  6 -4.080642 0.602726 67.853111 -0.998628 0.036384 0.037665 0.154847 0.638920 1 6 1.000000
  6 -4.084765 0.541268 67.853424 -0.989926 0.017198 0.140536 0.132065 0.638920 1 6 1.000000
  6 -4.076521 0.550552 67.887344 -0.999056 0.025346 0.035286 0.132065 0.659278 1 6 1.000000
lace
  6 -4.080642 0.602726 67.853111 -0.998628 0.036384 0.037665 0.154847 0.638920 1 6 1.000000
  6 -4.076521 0.550552 67.887344 -0.999056 0.025346 0.035286 0.132065 0.659278 1 6 1.000000
  6 -4.076093 0.619135 67.895309 -0.997282 -0.001564 -0.073660 0.154847 0.659278 1 6 1.000000
lace
  6 -4.084765 0.541268 67.853424 -0.989926 0.017198 0.140536 0.132065 0.638920 1 6 1.000000
  6 -4.072739 0.497218 67.822456 -0.890252 -0.445223 0.096059 0.109284 0.618562 1 6 1.000000
  6 -4.085565 0.498516 67.854988 -0.919241 -0.393309 -0.017444 0.109284 0.638920 1 6 1.000000
lace
  6 -4.076093 0.619135 67.895309 -0.997282 -0.001564 -0.073660 0.154847 0.659278 1 6 1.000000
  6 -4.076521 0.550552 67.887344 -0.999056 0.025346 0.035286 0.132065 0.659278 1 6 1.000000
  6 -4.080003 0.557067 67.917130 -0.993400 0.011341 -0.114137 0.132065 0.679636 1 6 1.000000
lace
  6 -4.076093 0.619135 67.895309 -0.997282 -0.001564 -0.073660 0.154847 0.659278 1 6 1.000000
  6 -4.080003 0.557067 67.917130 -0.993400 0.011341 -0.114137 0.132065 0.679636 1 6 1.000000
  6 -4.084921 0.633381 67.940880 -0.998147 0.034580 0.050073 0.154847 0.679636 1 6 1.000000
lace
  6 -4.084765 0.541268 67.853424 -0.989926 0.017198 0.140536 0.132065 0.638920 1 6 1.000000
  6 -4.077097 0.504570 67.879410 -0.948777 -0.274130 0.157083 0.109284 0.659278 1 6 1.000000
  6 -4.076521 0.550552 67.887344 -0.999056 0.025346 0.035286 0.132065 0.659278 1 6 1.000000
lace
  6 -4.084765 0.541268 67.853424 -0.989926 0.017198 0.140536 0.132065 0.638920 1 6 1.000000
  6 -4.085565 0.498516 67.854988 -0.919241 -0.393309 -0.017444 0.109284 0.638920 1 6 1.000000
  6 -4.077097 0.504570 67.879410 -0.948777 -0.274130 0.157083 0.109284 0.659278 1 6 1.000000
lace
  6 -4.076521 0.550552 67.887344 -0.999056 0.025346 0.035286 0.132065 0.659278 1 6 1.000000
  6 -4.077097 0.504570 67.879410 -0.948777 -0.274130 0.157083 0.109284 0.659278 1 6 1.000000
  6 -4.081728 0.504773 67.910645 -0.947687 -0.310626 -0.073494 0.109284 0.679636 1 6 1.000000
lace
  6 -4.076521 0.550552 67.887344 -0.999056 0.025346 0.035286 0.132065 0.659278 1 6 1.000000
  6 -4.081728 0.504773 67.910645 -0.947687 -0.310626 -0.073494 0.109284 0.679636 1 6 1.000000
  6 -4.080003 0.557067 67.917130 -0.993400 0.011341 -0.114137 0.132065 0.679636 1 6 1.000000
lace
  6 -4.085565 0.498516 67.854988 -0.919241 -0.393309 -0.017444 0.109284 0.638920 1 6 1.000000
  6 -4.058416 0.480909 67.889633 -0.972808 -0.210865 0.095815 0.086502 0.659278 1 6 1.000000
  6 -4.077097 0.504570 67.879410 -0.948777 -0.274130 0.157083 0.109284 0.659278 1 6 1.000000
lace
  6 -4.081728 0.504773 67.910645 -0.947687 -0.310626 -0.073494 0.109284 0.679636 1 6 1.000000
  6 -4.077097 0.504570 67.879410 -0.948777 -0.274130 0.157083 0.109284 0.659278 1 6 1.000000
  6 -4.058416 0.480909 67.889633 -0.972808 -0.210865 0.095815 0.086502 0.659278 1 6 1.000000
lace
  6 -4.072739 0.497218 67.822456 -0.890252 -0.445223 0.096059 0.109284 0.618562 1 6 1.000000
  6 -4.066458 0.484125 67.859322 -0.948666 -0.302701 0.091675 0.086502 0.638920 1 6 1.000000
  6 -4.085565 0.498516 67.854988 -0.919241 -0.393309 -0.017444 0.109284 0.638920 1 6 1.000000
lace
  6 -4.085565 0.498516 67.854988 -0.919241 -0.393309 -0.017444 0.109284 0.638920 1 6 1.000000
  6 -4.066458 0.484125 67.859322 -0.948666 -0.302701 0.091675 0.086502 0.638920 1 6 1.000000
  6 -4.058416 0.480909 67.889633 -0.972808 -0.210865 0.095815 0.086502 0.659278 1 6 1.000000
lace
  6 -4.072739 0.497218 67.822456 -0.890252 -0.445223 0.096059 0.109284 0.618562 1 6 1.000000
  6 -4.069971 0.487126 67.806732 -0.946763 -0.212297 0.242014 0.086502 0.618562 1 6 1.000000
  6 -4.066458 0.484125 67.859322 -0.948666 -0.302701 0.091675 0.086502 0.638920 1 6 1.000000
lace
  6 -4.087579 0.495319 67.783936 -0.984200 -0.106048 0.141791 0.086502 0.598205 1 6 1.000000
  6 -4.069971 0.487126 67.806732 -0.946763 -0.212297 0.242014 0.086502 0.618562 1 6 1.000000
  6 -4.072739 0.497218 67.822456 -0.890252 -0.445223 0.096059 0.109284 0.618562 1 6 1.000000
lace
  6 -4.066458 0.484125 67.859322 -0.948666 -0.302701 0.091675 0.086502 0.638920 1 6 1.000000
  6 -4.069971 0.487126 67.806732 -0.946763 -0.212297 0.242014 0.086502 0.618562 1 6 1.000000
  6 -4.083165 0.444531 67.805168 -0.955104 0.288667 0.066696 0.063722 0.618562 1 6 1.000000
lace
  6 -4.066458 0.484125 67.859322 -0.948666 -0.302701 0.091675 0.086502 0.638920 1 6 1.000000
  6 -4.083165 0.444531 67.805168 -0.955104 0.288667 0.066696 0.063722 0.618562 1 6 1.000000
  6 -4.079051 0.435530 67.872734 -0.931455 0.295538 0.212246 0.063722 0.638920 1 6 1.000000
lace
  6 -4.058416 0.480909 67.889633 -0.972808 -0.210865 0.095815 0.086502 0.659278 1 6 1.000000
  6 -4.066458 0.484125 67.859322 -0.948666 -0.302701 0.091675 0.086502 0.638920 1 6 1.000000
  6 -4.079051 0.435530 67.872734 -0.931455 0.295538 0.212246 0.063722 0.638920 1 6 1.000000
lace
  6 -4.069971 0.487126 67.806732 -0.946763 -0.212297 0.242014 0.086502 0.618562 1 6 1.000000
  6 -4.082895 0.451429 67.764313 -0.980748 -0.066429 0.183633 0.063722 0.598205 1 6 1.000000
  6 -4.083165 0.444531 67.805168 -0.955104 0.288667 0.066696 0.063722 0.618562 1 6 1.000000
lace
  6 -4.069971 0.487126 67.806732 -0.946763 -0.212297 0.242014 0.086502 0.618562 1 6 1.000000
  6 -4.087579 0.495319 67.783936 -0.984200 -0.106048 0.141791 0.086502 0.598205 1 6 1.000000
  6 -4.082895 0.451429 67.764313 -0.980748 -0.066429 0.183633 0.063722 0.598205 1 6 1.000000
lace
  6 -4.058416 0.480909 67.889633 -0.972808 -0.210865 0.095815 0.086502 0.659278 1 6 1.000000
  6 -4.079051 0.435530 67.872734 -0.931455 0.295538 0.212246 0.063722 0.638920 1 6 1.000000
  6 -4.067552 0.429344 67.915192 -0.973169 0.193517 0.124469 0.063722 0.659278 1 6 1.000000
lace
  6 -4.087579 0.495319 67.783936 -0.984200 -0.106048 0.141791 0.086502 0.598205 1 6 1.000000
  6 -4.086353 0.455516 67.744904 -0.852271 0.163184 -0.496995 0.063722 0.577847 1 6 1.000000
  6 -4.082895 0.451429 67.764313 -0.980748 -0.066429 0.183633 0.063722 0.598205 1 6 1.000000
lace
  6 -4.087579 0.495319 67.783936 -0.984200 -0.106048 0.141791 0.086502 0.598205 1 6 1.000000
  6 -4.068797 0.503314 67.760788 -0.711590 0.442631 -0.545635 0.086502 0.577847 1 6 1.000000
  6 -4.086353 0.455516 67.744904 -0.852271 0.163184 -0.496995 0.063722 0.577847 1 6 1.000000
lace
  6 -4.040092 0.518253 67.739517 -0.350701 0.198053 -0.915305 0.086502 0.557489 1 6 1.000000
  6 -4.086353 0.455516 67.744904 -0.852271 0.163184 -0.496995 0.063722 0.577847 1 6 1.000000
  6 -4.068797 0.503314 67.760788 -0.711590 0.442631 -0.545635 0.086502 0.577847 1 6 1.000000
lace
  6 -4.040092 0.518253 67.739517 -0.350701 0.198053 -0.915305 0.086502 0.557489 1 6 1.000000
  6 -4.024045 0.467196 67.729233 -0.230759 0.107340 -0.967072 0.063722 0.557489 1 6 1.000000
  6 -4.086353 0.455516 67.744904 -0.852271 0.163184 -0.496995 0.063722 0.577847 1 6 1.000000
lace
  6 -3.978134 0.525629 67.725876 0.491795 0.215754 -0.843557 0.086502 0.537132 1 6 1.000000
  6 -4.024045 0.467196 67.729233 -0.230759 0.107340 -0.967072 0.063722 0.557489 1 6 1.000000
  6 -4.040092 0.518253 67.739517 -0.350701 0.198053 -0.915305 0.086502 0.557489 1 6 1.000000
lace
  6 -3.978134 0.525629 67.725876 0.491795 0.215754 -0.843557 0.086502 0.537132 1 6 1.000000
  6 -3.969208 0.482048 67.721031 0.566696 0.172913 -0.805579 0.063722 0.537132 1 6 1.000000
  6 -4.024045 0.467196 67.729233 -0.230759 0.107340 -0.967072 0.063722 0.557489 1 6 1.000000
lace
  6 -3.944658 0.514584 67.862297 0.980255 0.067419 -0.185888 0.086502 0.516774 1 6 1.000000
  6 -3.969208 0.482048 67.721031 0.566696 0.172913 -0.805579 0.063722 0.537132 1 6 1.000000
  6 -3.978134 0.525629 67.725876 0.491795 0.215754 -0.843557 0.086502 0.537132 1 6 1.000000
lace
  6 -3.944658 0.514584 67.862297 0.980255 0.067419 -0.185888 0.086502 0.516774 1 6 1.000000
  6 -3.940710 0.450800 67.871185 0.983171 0.035879 -0.179129 0.063722 0.516774 1 6 1.000000
  6 -3.969208 0.482048 67.721031 0.566696 0.172913 -0.805579 0.063722 0.537132 1 6 1.000000
lace
  6 -4.061240 0.475491 67.921928 -0.977212 -0.209664 0.033147 0.086502 0.679636 1 6 1.000000
  6 -4.058416 0.480909 67.889633 -0.972808 -0.210865 0.095815 0.086502 0.659278 1 6 1.000000
  6 -4.067552 0.429344 67.915192 -0.973169 0.193517 0.124469 0.063722 0.659278 1 6 1.000000
lace
  6 -4.081728 0.504773 67.910645 -0.947687 -0.310626 -0.073494 0.109284 0.679636 1 6 1.000000
  6 -4.058416 0.480909 67.889633 -0.972808 -0.210865 0.095815 0.086502 0.659278 1 6 1.000000
  6 -4.061240 0.475491 67.921928 -0.977212 -0.209664 0.033147 0.086502 0.679636 1 6 1.000000
lace
  6 -4.061240 0.475491 67.921928 -0.977212 -0.209664 0.033147 0.086502 0.679636 1 6 1.000000
  6 -4.067552 0.429344 67.915192 -0.973169 0.193517 0.124469 0.063722 0.659278 1 6 1.000000
  6 -4.064310 0.431632 67.953812 -0.985629 0.130641 0.107093 0.063722 0.679636 1 6 1.000000
lace
  6 -4.083466 0.513757 67.953972 -0.928977 -0.297047 0.220830 0.109284 0.699994 1 6 1.000000
  6 -4.081728 0.504773 67.910645 -0.947687 -0.310626 -0.073494 0.109284 0.679636 1 6 1.000000
  6 -4.061240 0.475491 67.921928 -0.977212 -0.209664 0.033147 0.086502 0.679636 1 6 1.000000
lace
  6 -4.053154 0.492219 67.977219 -0.929381 -0.324065 0.176726 0.086502 0.699994 1 6 1.000000
  6 -4.061240 0.475491 67.921928 -0.977212 -0.209664 0.033147 0.086502 0.679636 1 6 1.000000
  6 -4.064310 0.431632 67.953812 -0.985629 0.130641 0.107093 0.063722 0.679636 1 6 1.000000
lace
  6 -4.083466 0.513757 67.953972 -0.928977 -0.297047 0.220830 0.109284 0.699994 1 6 1.000000
  6 -4.061240 0.475491 67.921928 -0.977212 -0.209664 0.033147 0.086502 0.679636 1 6 1.000000
  6 -4.053154 0.492219 67.977219 -0.929381 -0.324065 0.176726 0.086502 0.699994 1 6 1.000000
lace
  6 -4.053154 0.492219 67.977219 -0.929381 -0.324065 0.176726 0.086502 0.699994 1 6 1.000000
  6 -4.064310 0.431632 67.953812 -0.985629 0.130641 0.107093 0.063722 0.679636 1 6 1.000000
  6 -4.054121 0.439921 68.016541 -0.989537 0.046763 0.136487 0.063722 0.699994 1 6 1.000000
lace
  6 -4.080003 0.557067 67.917130 -0.993400 0.011341 -0.114137 0.132065 0.679636 1 6 1.000000
  6 -4.081728 0.504773 67.910645 -0.947687 -0.310626 -0.073494 0.109284 0.679636 1 6 1.000000
  6 -4.083466 0.513757 67.953972 -0.928977 -0.297047 0.220830 0.109284 0.699994 1 6 1.000000
lace
  6 -4.053379 0.506383 68.021141 -0.730958 0.272837 0.625508 0.086502 0.720351 1 6 1.000000
  6 -4.053154 0.492219 67.977219 -0.929381 -0.324065 0.176726 0.086502 0.699994 1 6 1.000000
  6 -4.054121 0.439921 68.016541 -0.989537 0.046763 0.136487 0.063722 0.699994 1 6 1.000000
lace
  6 -4.083466 0.513757 67.953972 -0.928977 -0.297047 0.220830 0.109284 0.699994 1 6 1.000000
  6 -4.053154 0.492219 67.977219 -0.929381 -0.324065 0.176726 0.086502 0.699994 1 6 1.000000
  6 -4.053379 0.506383 68.021141 -0.730958 0.272837 0.625508 0.086502 0.720351 1 6 1.000000
lace
  6 -4.053379 0.506383 68.021141 -0.730958 0.272837 0.625508 0.086502 0.720351 1 6 1.000000
  6 -4.054121 0.439921 68.016541 -0.989537 0.046763 0.136487 0.063722 0.699994 1 6 1.000000
  6 -4.046387 0.451939 68.051559 -0.687415 0.284928 0.668039 0.063722 0.720352 1 6 1.000000
lace
  6 -4.053379 0.506383 68.021141 -0.730958 0.272837 0.625508 0.086502 0.720351 1 6 1.000000
  6 -4.046387 0.451939 68.051559 -0.687415 0.284928 0.668039 0.063722 0.720352 1 6 1.000000
  6 -4.024733 0.452920 68.058632 0.154391 0.404781 0.901286 0.063722 0.740709 1 6 1.000000
lace
  6 -4.080003 0.557067 67.917130 -0.993400 0.011341 -0.114137 0.132065 0.679636 1 6 1.000000
  6 -4.083466 0.513757 67.953972 -0.928977 -0.297047 0.220830 0.109284 0.699994 1 6 1.000000
  6 -4.084966 0.563611 67.962631 -0.961001 -0.037781 0.273951 0.132065 0.699994 1 6 1.000000
lace
  6 -4.084921 0.633381 67.940880 -0.998147 0.034580 0.050073 0.154847 0.679636 1 6 1.000000
  6 -4.080003 0.557067 67.917130 -0.993400 0.011341 -0.114137 0.132065 0.679636 1 6 1.000000
  6 -4.084966 0.563611 67.962631 -0.961001 -0.037781 0.273951 0.132065 0.699994 1 6 1.000000
lace
  6 -4.084921 0.633381 67.940880 -0.998147 0.034580 0.050073 0.154847 0.679636 1 6 1.000000
  6 -4.084966 0.563611 67.962631 -0.961001 -0.037781 0.273951 0.132065 0.699994 1 6 1.000000
  6 -4.069598 0.636091 67.990379 -0.931188 -0.030085 0.363297 0.154847 0.699994 1 6 1.000000
lace
  6 -4.083466 0.513757 67.953972 -0.928977 -0.297047 0.220830 0.109284 0.699994 1 6 1.000000
  6 -4.053379 0.506383 68.021141 -0.730958 0.272837 0.625508 0.086502 0.720351 1 6 1.000000
  6 -4.055553 0.534018 68.000000 -0.721473 0.135200 0.679115 0.109284 0.720351 1 6 1.000000
lace
  6 -4.084966 0.563611 67.962631 -0.961001 -0.037781 0.273951 0.132065 0.699994 1 6 1.000000
  6 -4.083466 0.513757 67.953972 -0.928977 -0.297047 0.220830 0.109284 0.699994 1 6 1.000000
  6 -4.055553 0.534018 68.000000 -0.721473 0.135200 0.679115 0.109284 0.720351 1 6 1.000000
lace
  6 -4.053379 0.506383 68.021141 -0.730958 0.272837 0.625508 0.086502 0.720351 1 6 1.000000
  6 -4.024733 0.452920 68.058632 0.154391 0.404781 0.901286 0.063722 0.740709 1 6 1.000000
  6 -4.026494 0.524647 68.018074 -0.117924 0.523864 0.843600 0.086502 0.740709 1 6 1.000000
lace
  6 -4.055553 0.534018 68.000000 -0.721473 0.135200 0.679115 0.109284 0.720351 1 6 1.000000
  6 -4.053379 0.506383 68.021141 -0.730958 0.272837 0.625508 0.086502 0.720351 1 6 1.000000
  6 -4.026494 0.524647 68.018074 -0.117924 0.523864 0.843600 0.086502 0.740709 1 6 1.000000
lace
  6 -3.999313 0.504961 68.022491 0.454798 0.332622 0.826148 0.086502 0.761067 1 6 1.000000
  6 -4.026494 0.524647 68.018074 -0.117924 0.523864 0.843600 0.086502 0.740709 1 6 1.000000
  6 -4.024733 0.452920 68.058632 0.154391 0.404781 0.901286 0.063722 0.740709 1 6 1.000000
lace
  6 -3.999313 0.504961 68.022491 0.454798 0.332622 0.826148 0.086502 0.761067 1 6 1.000000
  6 -4.024733 0.452920 68.058632 0.154391 0.404781 0.901286 0.063722 0.740709 1 6 1.000000
  6 -3.998866 0.443659 68.040298 0.635150 0.219721 0.740478 0.063722 0.761067 1 6 1.000000
lace
  6 -3.999313 0.504961 68.022491 0.454798 0.332622 0.826148 0.086502 0.761067 1 6 1.000000
  6 -3.998866 0.443659 68.040298 0.635150 0.219721 0.740478 0.063722 0.761067 1 6 1.000000
  6 -3.954483 0.443439 68.000229 0.859562 0.155156 0.486908 0.063722 0.781425 1 6 1.000000
lace
  6 -3.999313 0.504961 68.022491 0.454798 0.332622 0.826148 0.086502 0.761067 1 6 1.000000
  6 -3.954483 0.443439 68.000229 0.859562 0.155156 0.486908 0.063722 0.781425 1 6 1.000000
  6 -3.959564 0.503999 67.992844 0.872113 0.127644 0.472361 0.086502 0.781425 1 6 1.000000
lace
  6 -3.959564 0.503999 67.992844 0.872113 0.127644 0.472361 0.086502 0.781425 1 6 1.000000
  6 -3.954483 0.443439 68.000229 0.859562 0.155156 0.486908 0.063722 0.781425 1 6 1.000000
  6 -3.940710 0.450800 67.871185 0.989654 0.082841 0.117140 0.063722 0.801783 1 6 1.000000
lace
  6 -3.959564 0.503999 67.992844 0.872113 0.127644 0.472361 0.086502 0.781425 1 6 1.000000
  6 -3.940710 0.450800 67.871185 0.989654 0.082841 0.117140 0.063722 0.801783 1 6 1.000000
  6 -3.944658 0.514584 67.862297 0.989795 0.077887 0.119329 0.086502 0.801783 1 6 1.000000
lace
  6 -4.084966 0.563611 67.962631 -0.961001 -0.037781 0.273951 0.132065 0.699994 1 6 1.000000
  6 -4.055553 0.534018 68.000000 -0.721473 0.135200 0.679115 0.109284 0.720351 1 6 1.000000
  6 -4.054429 0.555791 68.001526 -0.711480 -0.096005 0.696118 0.132065 0.720351 1 6 1.000000
lace
  6 -4.069598 0.636091 67.990379 -0.931188 -0.030085 0.363297 0.154847 0.699994 1 6 1.000000
  6 -4.084966 0.563611 67.962631 -0.961001 -0.037781 0.273951 0.132065 0.699994 1 6 1.000000
  6 -4.054429 0.555791 68.001526 -0.711480 -0.096005 0.696118 0.132065 0.720351 1 6 1.000000
lace
  6 -4.069598 0.636091 67.990379 -0.931188 -0.030085 0.363297 0.154847 0.699994 1 6 1.000000
  6 -4.054429 0.555791 68.001526 -0.711480 -0.096005 0.696118 0.132065 0.720351 1 6 1.000000
  6 -4.056281 0.619871 68.028214 -0.672585 -0.300998 0.676040 0.154847 0.720351 1 6 1.000000
lace
  6 -4.026494 0.524647 68.018074 -0.391788 -0.137558 0.909714 0.132065 0.740709 1 6 1.000000
  6 -4.054429 0.555791 68.001526 -0.711480 -0.096005 0.696118 0.132065 0.720351 1 6 1.000000
  6 -4.055553 0.534018 68.000000 -0.721473 0.135200 0.679115 0.109284 0.720351 1 6 1.000000
lace
  6 -4.034070 0.616312 68.030495 -0.152494 -0.220219 0.963457 0.154847 0.740709 1 6 1.000000
  6 -4.056281 0.619871 68.028214 -0.672585 -0.300998 0.676040 0.154847 0.720351 1 6 1.000000
  6 -4.054429 0.555791 68.001526 -0.711480 -0.096005 0.696118 0.132065 0.720351 1 6 1.000000
lace
  6 -4.034070 0.616312 68.030495 -0.152494 -0.220219 0.963457 0.154847 0.740709 1 6 1.000000
  6 -4.054429 0.555791 68.001526 -0.711480 -0.096005 0.696118 0.132065 0.720351 1 6 1.000000
  6 -4.026494 0.524647 68.018074 -0.391788 -0.137558 0.909714 0.132065 0.740709 1 6 1.000000
lace
  6 -4.034070 0.616312 68.030495 -0.152494 -0.220219 0.963457 0.154847 0.740709 1 6 1.000000
  6 -4.026494 0.524647 68.018074 -0.391788 -0.137558 0.909714 0.132065 0.740709 1 6 1.000000
  6 -3.999313 0.504961 68.022491 0.361584 -0.036369 0.931630 0.132065 0.761067 1 6 1.000000
lace
  6 -4.034070 0.616312 68.030495 -0.152494 -0.220219 0.963457 0.154847 0.740709 1 6 1.000000
  6 -3.999313 0.504961 68.022491 0.361584 -0.036369 0.931630 0.132065 0.761067 1 6 1.000000
  6 -4.009912 0.614669 68.028427 0.403797 0.017008 0.914691 0.154847 0.761067 1 6 1.000000
lace
  6 -4.009912 0.614669 68.028427 0.403797 0.017008 0.914691 0.154847 0.761067 1 6 1.000000
  6 -3.999313 0.504961 68.022491 0.361584 -0.036369 0.931630 0.132065 0.761067 1 6 1.000000
  6 -3.959564 0.503999 67.992844 0.882177 0.105481 0.458952 0.132065 0.781425 1 6 1.000000
lace
  6 -4.009912 0.614669 68.028427 0.403797 0.017008 0.914691 0.154847 0.761067 1 6 1.000000
  6 -3.959564 0.503999 67.992844 0.882177 0.105481 0.458952 0.132065 0.781425 1 6 1.000000
  6 -3.968272 0.628536 67.983932 0.941387 0.089105 0.325346 0.154847 0.781425 1 6 1.000000
lace
  6 -3.972496 0.619263 67.871185 0.986017 0.159955 0.046741 0.154847 0.801783 1 6 1.000000
  6 -3.968272 0.628536 67.983932 0.941387 0.089105 0.325346 0.154847 0.781425 1 6 1.000000
  6 -3.959564 0.503999 67.992844 0.882177 0.105481 0.458952 0.132065 0.781425 1 6 1.000000
lace
  6 -3.972496 0.619263 67.871185 0.986017 0.159955 0.046741 0.154847 0.801783 1 6 1.000000
  6 -3.959564 0.503999 67.992844 0.882177 0.105481 0.458952 0.132065 0.781425 1 6 1.000000
  6 -3.944658 0.514584 67.862297 0.960948 0.244534 0.129543 0.132065 0.801783 1 6 1.000000
lace
  6 4.166515 0.178254 66.525085 0.749442 -0.572460 -0.332605 0.153824 0.934078 1 6 1.000000
  6 4.035812 0.025927 66.526749 0.681601 -0.589642 -0.433292 0.131961 0.934078 1 6 1.000000
  6 4.069206 0.137637 66.379318 0.720426 -0.621511 -0.307749 0.153824 0.963110 1 6 1.000000
lace
  6 4.035812 0.025927 66.526749 0.681601 -0.589642 -0.433292 0.131961 0.934078 1 6 1.000000
  6 4.166515 0.178254 66.525085 0.749442 -0.572460 -0.332605 0.153824 0.934078 1 6 1.000000
  6 4.024760 -0.116159 66.678810 0.733190 -0.522398 -0.435354 0.110097 0.905045 1 6 1.000000
lace
  6 4.242329 0.213738 66.662766 0.829404 -0.500765 -0.247635 0.153824 0.905045 1 6 1.000000
  6 4.024760 -0.116159 66.678810 0.733190 -0.522398 -0.435354 0.110097 0.905045 1 6 1.000000
  6 4.166515 0.178254 66.525085 0.749442 -0.572460 -0.332605 0.153824 0.934078 1 6 1.000000
lace
  6 4.024760 -0.116159 66.678810 0.733190 -0.522398 -0.435354 0.110097 0.905045 1 6 1.000000
  6 4.242329 0.213738 66.662766 0.829404 -0.500765 -0.247635 0.153824 0.905045 1 6 1.000000
  6 4.028376 -0.238989 66.823341 0.809285 -0.457936 -0.367902 0.088234 0.876013 1 6 1.000000
lace
  6 4.309437 0.270269 66.842697 0.907644 -0.418237 0.035489 0.153824 0.876013 1 6 1.000000
  6 4.028376 -0.238989 66.823341 0.809285 -0.457936 -0.367902 0.088234 0.876013 1 6 1.000000
  6 4.242329 0.213738 66.662766 0.829404 -0.500765 -0.247635 0.153824 0.905045 1 6 1.000000
lace
  6 4.028376 -0.238989 66.823341 0.809285 -0.457936 -0.367902 0.088234 0.876013 1 6 1.000000
  6 4.309437 0.270269 66.842697 0.907644 -0.418237 0.035489 0.153824 0.876013 1 6 1.000000
  6 4.029058 -0.356890 66.963684 0.909550 -0.393190 -0.134611 0.066371 0.846981 1 6 1.000000
lace
  6 4.287722 0.331207 67.022301 0.919431 -0.279714 0.276418 0.153824 0.846981 1 6 1.000000
  6 4.029058 -0.356890 66.963684 0.909550 -0.393190 -0.134611 0.066371 0.846981 1 6 1.000000
  6 4.309437 0.270269 66.842697 0.907644 -0.418237 0.035489 0.153824 0.876013 1 6 1.000000
lace
  6 4.287722 0.331207 67.022301 0.919431 -0.279714 0.276418 0.153824 0.846981 1 6 1.000000
  6 4.083914 -0.238886 67.219070 0.950536 -0.289125 0.113526 0.066371 0.817949 1 6 1.000000
  6 4.029058 -0.356890 66.963684 0.909550 -0.393190 -0.134611 0.066371 0.846981 1 6 1.000000
lace
  6 4.224267 0.399468 67.202377 0.899375 -0.120863 0.420139 0.153824 0.817949 1 6 1.000000
  6 4.083914 -0.238886 67.219070 0.950536 -0.289125 0.113526 0.066371 0.817949 1 6 1.000000
  6 4.287722 0.331207 67.022301 0.919431 -0.279714 0.276418 0.153824 0.846981 1 6 1.000000
lace
  6 4.224267 0.399468 67.202377 0.899375 -0.120863 0.420139 0.153824 0.817949 1 6 1.000000
  6 4.044406 -0.004997 67.503395 0.926289 -0.113146 0.359425 0.066371 0.788917 1 6 1.000000
  6 4.083914 -0.238886 67.219070 0.950536 -0.289125 0.113526 0.066371 0.817949 1 6 1.000000
lace
  6 4.118306 0.456192 67.378288 0.861504 0.032182 0.506729 0.153824 0.788917 1 6 1.000000
  6 4.044406 -0.004997 67.503395 0.926289 -0.113146 0.359425 0.066371 0.788917 1 6 1.000000
  6 4.224267 0.399468 67.202377 0.899375 -0.120863 0.420139 0.153824 0.817949 1 6 1.000000
lace
  6 4.118306 0.456192 67.378288 0.861504 0.032182 0.506729 0.153824 0.788917 1 6 1.000000
  6 3.983784 0.110680 67.661049 0.915075 0.023751 0.402584 0.066371 0.759885 1 6 1.000000
  6 4.044406 -0.004997 67.503395 0.926289 -0.113146 0.359425 0.066371 0.788917 1 6 1.000000
lace
  6 3.993478 0.467452 67.566422 0.908750 0.033672 0.415979 0.153824 0.759884 1 6 1.000000
  6 3.983784 0.110680 67.661049 0.915075 0.023751 0.402584 0.066371 0.759885 1 6 1.000000
  6 4.118306 0.456192 67.378288 0.861504 0.032182 0.506729 0.153824 0.788917 1 6 1.000000
lace
  6 3.993478 0.467452 67.566422 0.908750 0.033672 0.415979 0.153824 0.759884 1 6 1.000000
  6 3.920695 0.257493 67.799454 0.968502 -0.064120 0.240609 0.066371 0.730853 1 6 1.000000
  6 3.983784 0.110680 67.661049 0.915075 0.023751 0.402584 0.066371 0.759885 1 6 1.000000
lace
  6 3.974529 0.467792 67.727470 0.974055 -0.200425 0.105103 0.153824 0.730852 1 6 1.000000
  6 3.920695 0.257493 67.799454 0.968502 -0.064120 0.240609 0.066371 0.730853 1 6 1.000000
  6 3.993478 0.467452 67.566422 0.908750 0.033672 0.415979 0.153824 0.759884 1 6 1.000000
lace
  6 3.974529 0.467792 67.727470 0.974055 -0.200425 0.105103 0.153824 0.730852 1 6 1.000000
  6 3.957530 0.471268 67.910347 0.981201 -0.168324 0.094400 0.066371 0.701820 1 6 1.000000
  6 3.920695 0.257493 67.799454 0.968502 -0.064120 0.240609 0.066371 0.730853 1 6 1.000000
lace
  6 3.970403 0.548958 67.876755 0.985651 -0.156352 0.063611 0.153824 0.701820 1 6 1.000000
  6 3.957530 0.471268 67.910347 0.981201 -0.168324 0.094400 0.066371 0.701820 1 6 1.000000
  6 3.974529 0.467792 67.727470 0.974055 -0.200425 0.105103 0.153824 0.730852 1 6 1.000000
lace
  6 3.986056 0.601142 67.727470 0.995880 -0.053330 0.073340 0.153824 0.730852 1 6 1.000000
  6 3.977127 0.591961 67.908859 0.993575 -0.104433 0.043619 0.066371 0.701820 1 6 1.000000
  6 3.970403 0.548958 67.876755 0.985651 -0.156352 0.063611 0.153824 0.701820 1 6 1.000000
lace
  6 3.990725 0.842526 67.795204 0.980240 -0.121127 0.156389 0.066371 0.730853 1 6 1.000000
  6 3.977127 0.591961 67.908859 0.993575 -0.104433 0.043619 0.066371 0.701820 1 6 1.000000
  6 3.986056 0.601142 67.727470 0.995880 -0.053330 0.073340 0.153824 0.730852 1 6 1.000000
lace
  6 4.004057 0.634238 67.564995 0.895591 -0.191802 0.401408 0.153824 0.759884 1 6 1.000000
  6 3.990725 0.842526 67.795204 0.980240 -0.121127 0.156389 0.066371 0.730853 1 6 1.000000
  6 3.986056 0.601142 67.727470 0.995880 -0.053330 0.073340 0.153824 0.730852 1 6 1.000000
lace
  6 4.051662 0.990308 67.658432 0.918551 -0.136406 0.371022 0.066371 0.759885 1 6 1.000000
  6 3.990725 0.842526 67.795204 0.980240 -0.121127 0.156389 0.066371 0.730853 1 6 1.000000
  6 4.004057 0.634238 67.564995 0.895591 -0.191802 0.401408 0.153824 0.759884 1 6 1.000000
lace
  6 4.139313 0.626018 67.389885 0.796664 -0.158568 0.583251 0.153824 0.788917 1 6 1.000000
  6 4.051662 0.990308 67.658432 0.918551 -0.136406 0.371022 0.066371 0.759885 1 6 1.000000
  6 4.004057 0.634238 67.564995 0.895591 -0.191802 0.401408 0.153824 0.759884 1 6 1.000000
lace
  6 4.119639 1.102901 67.512688 0.889813 -0.035870 0.454912 0.066371 0.788917 1 6 1.000000
  6 4.051662 0.990308 67.658432 0.918551 -0.136406 0.371022 0.066371 0.759885 1 6 1.000000
  6 4.139313 0.626018 67.389885 0.796664 -0.158568 0.583251 0.153824 0.788917 1 6 1.000000
lace
  6 4.276819 0.642571 67.219696 0.881628 -0.036101 0.470562 0.153824 0.817949 1 6 1.000000
  6 4.119639 1.102901 67.512688 0.889813 -0.035870 0.454912 0.066371 0.788917 1 6 1.000000
  6 4.139313 0.626018 67.389885 0.796664 -0.158568 0.583251 0.153824 0.788917 1 6 1.000000
lace
  6 4.252038 1.313986 67.258331 0.969595 0.071938 0.233902 0.066371 0.817949 1 6 1.000000
  6 4.119639 1.102901 67.512688 0.889813 -0.035870 0.454912 0.066371 0.788917 1 6 1.000000
  6 4.276819 0.642571 67.219696 0.881628 -0.036101 0.470562 0.153824 0.817949 1 6 1.000000
lace
  6 4.276819 0.642571 67.219696 0.881628 -0.036101 0.470562 0.153824 0.817949 1 6 1.000000
  6 4.341844 0.683256 67.047104 0.957215 0.071329 0.280449 0.153824 0.846981 1 6 1.000000
  6 4.252038 1.313986 67.258331 0.969595 0.071938 0.233902 0.066371 0.817949 1 6 1.000000
lace
  6 4.252038 1.313986 67.258331 0.969595 0.071938 0.233902 0.066371 0.817949 1 6 1.000000
  6 4.341844 0.683256 67.047104 0.957215 0.071329 0.280449 0.153824 0.846981 1 6 1.000000
  6 4.254498 1.433100 67.022972 0.987248 0.132622 0.088053 0.066371 0.846981 1 6 1.000000
lace
  6 4.341844 0.683256 67.047104 0.957215 0.071329 0.280449 0.153824 0.846981 1 6 1.000000
  6 4.381456 0.725094 66.875961 0.986323 0.146961 0.074632 0.153824 0.876013 1 6 1.000000
  6 4.254498 1.433100 67.022972 0.987248 0.132622 0.088053 0.066371 0.846981 1 6 1.000000
lace
  6 4.282577 1.305164 66.898529 0.986352 0.164039 0.014175 0.088234 0.876013 1 6 1.000000
  6 4.254498 1.433100 67.022972 0.987248 0.132622 0.088053 0.066371 0.846981 1 6 1.000000
  6 4.381456 0.725094 66.875961 0.986323 0.146961 0.074632 0.153824 0.876013 1 6 1.000000
lace
  6 4.381456 0.725094 66.875961 0.986323 0.146961 0.074632 0.153824 0.876013 1 6 1.000000
  6 4.344815 0.785975 66.707474 0.959255 0.172842 -0.223505 0.153824 0.905045 1 6 1.000000
  6 4.282577 1.305164 66.898529 0.986352 0.164039 0.014175 0.088234 0.876013 1 6 1.000000
lace
  6 4.291860 1.174735 66.766174 0.978748 0.155482 -0.133706 0.110097 0.905045 1 6 1.000000
  6 4.282577 1.305164 66.898529 0.986352 0.164039 0.014175 0.088234 0.876013 1 6 1.000000
  6 4.344815 0.785975 66.707474 0.959255 0.172842 -0.223505 0.153824 0.905045 1 6 1.000000
lace
  6 4.344815 0.785975 66.707474 0.959255 0.172842 -0.223505 0.153824 0.905045 1 6 1.000000
  6 4.289257 0.832191 66.576202 0.916530 0.189470 -0.352241 0.153824 0.934078 1 6 1.000000
  6 4.291860 1.174735 66.766174 0.978748 0.155482 -0.133706 0.110097 0.905045 1 6 1.000000
lace
  6 4.264095 1.020702 66.616684 0.905322 0.201170 -0.374063 0.131961 0.934078 1 6 1.000000
  6 4.291860 1.174735 66.766174 0.978748 0.155482 -0.133706 0.110097 0.905045 1 6 1.000000
  6 4.289257 0.832191 66.576202 0.916530 0.189470 -0.352241 0.153824 0.934078 1 6 1.000000
lace
  6 4.221230 0.890775 66.440872 0.907402 0.200450 -0.369379 0.153824 0.963110 1 6 1.000000
  6 4.264095 1.020702 66.616684 0.905322 0.201170 -0.374063 0.131961 0.934078 1 6 1.000000
  6 4.289257 0.832191 66.576202 0.916530 0.189470 -0.352241 0.153824 0.934078 1 6 1.000000
lace
  6 4.014661 0.543543 67.961632 0.994642 -0.101815 0.017936 0.066371 0.963110 1 6 1.000000
  6 4.015305 0.543464 67.925507 0.933963 -0.093815 -0.344837 0.088234 0.963110 1 6 1.000000
  6 4.039065 0.582312 67.955429 0.831629 -0.555050 0.017659 0.066371 0.905045 1 6 1.000000
lace
  6 4.014661 0.543543 67.961632 0.994642 -0.101815 0.017936 0.066371 0.963110 1 6 1.000000
  6 4.030797 0.499718 67.956017 0.930580 0.364533 0.033725 0.066371 0.905045 1 6 1.000000
  6 4.015305 0.543464 67.925507 0.933963 -0.093815 -0.344837 0.088234 0.963110 1 6 1.000000
lace
  6 4.039065 0.582312 67.955429 0.831629 -0.555050 0.017659 0.066371 0.905045 1 6 1.000000
  6 4.015305 0.543464 67.925507 0.933963 -0.093815 -0.344837 0.088234 0.963110 1 6 1.000000
  6 4.037698 0.581400 67.921608 0.757495 -0.531601 -0.378947 0.086868 0.905045 1 6 1.000000
lace
  6 4.037698 0.581400 67.921608 0.757495 -0.531601 -0.378947 0.086868 0.905045 1 6 1.000000
  6 4.077647 0.633398 67.923172 0.820209 -0.465252 -0.332863 0.086868 0.846980 1 6 1.000000
  6 4.039065 0.582312 67.955429 0.831629 -0.555050 0.017659 0.066371 0.905045 1 6 1.000000
lace
  6 4.039065 0.582312 67.955429 0.831629 -0.555050 0.017659 0.066371 0.905045 1 6 1.000000
  6 4.077647 0.633398 67.923172 0.820209 -0.465252 -0.332863 0.086868 0.846980 1 6 1.000000
  6 4.069793 0.631991 67.967751 0.837510 -0.529356 0.135495 0.066371 0.846981 1 6 1.000000
lace
  6 4.015305 0.543464 67.925507 0.933963 -0.093815 -0.344837 0.088234 0.963110 1 6 1.000000
  6 4.020127 0.585814 67.902885 0.825747 -0.505604 -0.250013 0.099166 0.905045 1 6 1.000000
  6 4.037698 0.581400 67.921608 0.757495 -0.531601 -0.378947 0.086868 0.905045 1 6 1.000000
lace
  6 4.077647 0.633398 67.923172 0.820209 -0.465252 -0.332863 0.086868 0.846980 1 6 1.000000
  6 4.143613 0.752427 67.968887 0.909500 -0.387685 -0.150032 0.086868 0.788917 1 6 1.000000
  6 4.069793 0.631991 67.967751 0.837510 -0.529356 0.135495 0.066371 0.846981 1 6 1.000000
lace
  6 4.069793 0.631991 67.967751 0.837510 -0.529356 0.135495 0.066371 0.846981 1 6 1.000000
  6 4.143613 0.752427 67.968887 0.909500 -0.387685 -0.150032 0.086868 0.788917 1 6 1.000000
  6 4.125801 0.750970 68.058212 0.873785 -0.463175 0.148217 0.066371 0.788917 1 6 1.000000
lace
  6 4.037698 0.581400 67.921608 0.757495 -0.531601 -0.378947 0.086868 0.905045 1 6 1.000000
  6 4.052421 0.632581 67.899673 0.832207 -0.516752 -0.200996 0.099166 0.846980 1 6 1.000000
  6 4.077647 0.633398 67.923172 0.820209 -0.465252 -0.332863 0.086868 0.846980 1 6 1.000000
lace
  6 4.020127 0.585814 67.902885 0.825747 -0.505604 -0.250013 0.099166 0.905045 1 6 1.000000
  6 4.052421 0.632581 67.899673 0.832207 -0.516752 -0.200996 0.099166 0.846980 1 6 1.000000
  6 4.037698 0.581400 67.921608 0.757495 -0.531601 -0.378947 0.086868 0.905045 1 6 1.000000
lace
  6 4.077647 0.633398 67.923172 0.820209 -0.465252 -0.332863 0.086868 0.846980 1 6 1.000000
  6 4.115734 0.751282 67.918411 0.911289 -0.389546 -0.133439 0.099166 0.788917 1 6 1.000000
  6 4.143613 0.752427 67.968887 0.909500 -0.387685 -0.150032 0.086868 0.788917 1 6 1.000000
lace
  6 4.052421 0.632581 67.899673 0.832207 -0.516752 -0.200996 0.099166 0.846980 1 6 1.000000
  6 4.115734 0.751282 67.918411 0.911289 -0.389546 -0.133439 0.099166 0.788917 1 6 1.000000
  6 4.077647 0.633398 67.923172 0.820209 -0.465252 -0.332863 0.086868 0.846980 1 6 1.000000
lace
  6 4.143613 0.752427 67.968887 0.909500 -0.387685 -0.150032 0.086868 0.788917 1 6 1.000000
  6 4.204682 0.908696 68.047676 0.931311 -0.361920 -0.040904 0.086868 0.730853 1 6 1.000000
  6 4.125801 0.750970 68.058212 0.873785 -0.463175 0.148217 0.066371 0.788917 1 6 1.000000
lace
  6 4.125801 0.750970 68.058212 0.873785 -0.463175 0.148217 0.066371 0.788917 1 6 1.000000
  6 4.204682 0.908696 68.047676 0.931311 -0.361920 -0.040904 0.086868 0.730853 1 6 1.000000
  6 4.189183 0.904525 68.184044 0.912106 -0.406322 0.054444 0.066371 0.730853 1 6 1.000000
lace
  6 4.115734 0.751282 67.918411 0.911289 -0.389546 -0.133439 0.099166 0.788917 1 6 1.000000
  6 4.187790 0.915147 67.966362 0.929753 -0.364922 -0.048906 0.099166 0.730853 1 6 1.000000
  6 4.143613 0.752427 67.968887 0.909500 -0.387685 -0.150032 0.086868 0.788917 1 6 1.000000
lace
  6 4.143613 0.752427 67.968887 0.909500 -0.387685 -0.150032 0.086868 0.788917 1 6 1.000000
  6 4.187790 0.915147 67.966362 0.929753 -0.364922 -0.048906 0.099166 0.730853 1 6 1.000000
  6 4.204682 0.908696 68.047676 0.931311 -0.361920 -0.040904 0.086868 0.730853 1 6 1.000000
lace
  6 4.204682 0.908696 68.047676 0.931311 -0.361920 -0.040904 0.086868 0.730853 1 6 1.000000
  6 4.264976 1.078808 68.130341 0.926437 -0.374818 -0.035020 0.086868 0.672788 1 6 1.000000
  6 4.189183 0.904525 68.184044 0.912106 -0.406322 0.054444 0.066371 0.730853 1 6 1.000000
lace
  6 4.189183 0.904525 68.184044 0.912106 -0.406322 0.054444 0.066371 0.730853 1 6 1.000000
  6 4.264976 1.078808 68.130341 0.926437 -0.374818 -0.035020 0.086868 0.672788 1 6 1.000000
  6 4.267161 1.065119 68.283119 0.920805 -0.387385 -0.045297 0.066371 0.672788 1 6 1.000000
lace
  6 4.187790 0.915147 67.966362 0.929753 -0.364922 -0.048906 0.099166 0.730853 1 6 1.000000
  6 4.259014 1.085402 68.006859 0.924807 -0.379122 0.031582 0.099166 0.672788 1 6 1.000000
  6 4.204682 0.908696 68.047676 0.931311 -0.361920 -0.040904 0.086868 0.730853 1 6 1.000000
lace
  6 4.204682 0.908696 68.047676 0.931311 -0.361920 -0.040904 0.086868 0.730853 1 6 1.000000
  6 4.259014 1.085402 68.006859 0.924807 -0.379122 0.031582 0.099166 0.672788 1 6 1.000000
  6 4.264976 1.078808 68.130341 0.926437 -0.374818 -0.035020 0.086868 0.672788 1 6 1.000000
lace
  6 4.264976 1.078808 68.130341 0.926437 -0.374818 -0.035020 0.086868 0.672788 1 6 1.000000
  6 4.339731 1.255147 68.198631 0.962568 -0.270963 -0.006391 0.086868 0.618354 1 6 1.000000
  6 4.267161 1.065119 68.283119 0.920805 -0.387385 -0.045297 0.066371 0.672788 1 6 1.000000
lace
  6 4.267161 1.065119 68.283119 0.920805 -0.387385 -0.045297 0.066371 0.672788 1 6 1.000000
  6 4.339731 1.255147 68.198631 0.962568 -0.270963 -0.006391 0.086868 0.618354 1 6 1.000000
  6 4.332864 1.222593 68.354332 0.969681 -0.244326 -0.004772 0.066371 0.614724 1 6 1.000000
lace
  6 4.259014 1.085402 68.006859 0.924807 -0.379122 0.031582 0.099166 0.672788 1 6 1.000000
  6 4.341983 1.269564 68.043251 0.951531 -0.306688 0.023062 0.099166 0.618354 1 6 1.000000
  6 4.264976 1.078808 68.130341 0.926437 -0.374818 -0.035020 0.086868 0.672788 1 6 1.000000
lace
  6 4.264976 1.078808 68.130341 0.926437 -0.374818 -0.035020 0.086868 0.672788 1 6 1.000000
  6 4.341983 1.269564 68.043251 0.951531 -0.306688 0.023062 0.099166 0.618354 1 6 1.000000
  6 4.339731 1.255147 68.198631 0.962568 -0.270963 -0.006391 0.086868 0.618354 1 6 1.000000
lace
  6 4.339731 1.255147 68.198631 0.962568 -0.270963 -0.006391 0.086868 0.618354 1 6 1.000000
  6 4.353822 1.348634 68.238190 0.969940 0.217021 0.110084 0.086868 0.585692 1 6 1.000000
  6 4.332864 1.222593 68.354332 0.969681 -0.244326 -0.004772 0.066371 0.614724 1 6 1.000000
lace
  6 4.332864 1.222593 68.354332 0.969681 -0.244326 -0.004772 0.066371 0.614724 1 6 1.000000
  6 4.353822 1.348634 68.238190 0.969940 0.217021 0.110084 0.086868 0.585692 1 6 1.000000
  6 4.343649 1.303991 68.397926 0.941614 0.295463 0.161444 0.066371 0.585692 1 6 1.000000
lace
  6 4.341983 1.269564 68.043251 0.951531 -0.306688 0.023062 0.099166 0.618354 1 6 1.000000
  6 4.364983 1.374587 68.058998 0.983791 0.167959 0.062803 0.099166 0.585692 1 6 1.000000
  6 4.339731 1.255147 68.198631 0.962568 -0.270963 -0.006391 0.086868 0.618354 1 6 1.000000
lace
  6 4.339731 1.255147 68.198631 0.962568 -0.270963 -0.006391 0.086868 0.618354 1 6 1.000000
  6 4.364983 1.374587 68.058998 0.983791 0.167959 0.062803 0.099166 0.585692 1 6 1.000000
  6 4.353822 1.348634 68.238190 0.969940 0.217021 0.110084 0.086868 0.585692 1 6 1.000000
lace
  6 4.353822 1.348634 68.238190 0.969940 0.217021 0.110084 0.086868 0.585692 1 6 1.000000
  6 4.316651 1.397914 68.259506 0.478444 0.848567 0.225885 0.086868 0.556659 1 6 1.000000
  6 4.343649 1.303991 68.397926 0.941614 0.295463 0.161444 0.066371 0.585692 1 6 1.000000
lace
  6 4.343649 1.303991 68.397926 0.941614 0.295463 0.161444 0.066371 0.585692 1 6 1.000000
  6 4.316651 1.397914 68.259506 0.478444 0.848567 0.225885 0.086868 0.556659 1 6 1.000000
  6 4.302329 1.345933 68.424683 0.402277 0.864030 0.302695 0.066371 0.556659 1 6 1.000000
lace
  6 4.364983 1.374587 68.058998 0.983791 0.167959 0.062803 0.099166 0.585692 1 6 1.000000
  6 4.330735 1.433535 68.066025 0.468280 0.877500 0.103472 0.099166 0.556659 1 6 1.000000
  6 4.353822 1.348634 68.238190 0.969940 0.217021 0.110084 0.086868 0.585692 1 6 1.000000
lace
  6 4.353822 1.348634 68.238190 0.969940 0.217021 0.110084 0.086868 0.585692 1 6 1.000000
  6 4.330735 1.433535 68.066025 0.468280 0.877500 0.103472 0.099166 0.556659 1 6 1.000000
  6 4.316651 1.397914 68.259506 0.478444 0.848567 0.225885 0.086868 0.556659 1 6 1.000000
lace
  6 4.341983 1.269564 68.043251 0.951531 -0.306688 0.023062 0.099166 0.618354 1 6 1.000000
  6 4.374534 1.374841 67.883865 0.981739 0.161482 0.100561 0.110097 0.585692 1 6 1.000000
  6 4.364983 1.374587 68.058998 0.983791 0.167959 0.062803 0.099166 0.585692 1 6 1.000000
lace
  6 4.374534 1.374841 67.883865 0.981739 0.161482 0.100561 0.110097 0.585692 1 6 1.000000
  6 4.330735 1.433535 68.066025 0.468280 0.877500 0.103472 0.099166 0.556659 1 6 1.000000
  6 4.364983 1.374587 68.058998 0.983791 0.167959 0.062803 0.099166 0.585692 1 6 1.000000
lace
  6 4.316651 1.397914 68.259506 0.478444 0.848567 0.225885 0.086868 0.556659 1 6 1.000000
  6 4.251519 1.397504 68.281357 -0.261049 0.944280 0.200473 0.086868 0.527628 1 6 1.000000
  6 4.302329 1.345933 68.424683 0.402277 0.864030 0.302695 0.066371 0.556659 1 6 1.000000
lace
  6 4.302329 1.345933 68.424683 0.402277 0.864030 0.302695 0.066371 0.556659 1 6 1.000000
  6 4.251519 1.397504 68.281357 -0.261049 0.944280 0.200473 0.086868 0.527628 1 6 1.000000
  6 4.238510 1.346982 68.445869 -0.289299 0.924930 0.246597 0.066371 0.527628 1 6 1.000000
lace
  6 4.263961 1.429413 68.077827 -0.345597 0.936028 0.066444 0.099166 0.527628 1 6 1.000000
  6 4.316651 1.397914 68.259506 0.478444 0.848567 0.225885 0.086868 0.556659 1 6 1.000000
  6 4.330735 1.433535 68.066025 0.468280 0.877500 0.103472 0.099166 0.556659 1 6 1.000000
lace
  6 4.251519 1.397504 68.281357 -0.261049 0.944280 0.200473 0.086868 0.527628 1 6 1.000000
  6 4.316651 1.397914 68.259506 0.478444 0.848567 0.225885 0.086868 0.556659 1 6 1.000000
  6 4.263961 1.429413 68.077827 -0.345597 0.936028 0.066444 0.099166 0.527628 1 6 1.000000
lace
  6 4.115813 1.305067 68.268959 -0.774002 0.627826 0.082192 0.086868 0.469562 1 6 1.000000
  6 4.238510 1.346982 68.445869 -0.289299 0.924930 0.246597 0.066371 0.527628 1 6 1.000000
  6 4.251519 1.397504 68.281357 -0.261049 0.944280 0.200473 0.086868 0.527628 1 6 1.000000
lace
  6 4.116609 1.272633 68.432198 -0.769974 0.625114 0.127954 0.066371 0.469562 1 6 1.000000
  6 4.238510 1.346982 68.445869 -0.289299 0.924930 0.246597 0.066371 0.527628 1 6 1.000000
  6 4.115813 1.305067 68.268959 -0.774002 0.627826 0.082192 0.086868 0.469562 1 6 1.000000
lace
  6 4.116609 1.272633 68.432198 -0.769974 0.625114 0.127954 0.066371 0.469562 1 6 1.000000
  6 4.115813 1.305067 68.268959 -0.774002 0.627826 0.082192 0.086868 0.469562 1 6 1.000000
  6 4.084835 1.189512 68.409462 -0.958608 0.275762 0.070889 0.066371 0.440532 1 6 1.000000
lace
  6 4.115813 1.305067 68.268959 -0.774002 0.627826 0.082192 0.086868 0.469562 1 6 1.000000
  6 4.251519 1.397504 68.281357 -0.261049 0.944280 0.200473 0.086868 0.527628 1 6 1.000000
  6 4.117700 1.313146 68.079933 -0.791586 0.610997 -0.008552 0.099166 0.469562 1 6 1.000000
lace
  6 4.117700 1.313146 68.079933 -0.791586 0.610997 -0.008552 0.099166 0.469562 1 6 1.000000
  6 4.251519 1.397504 68.281357 -0.261049 0.944280 0.200473 0.086868 0.527628 1 6 1.000000
  6 4.263961 1.429413 68.077827 -0.345597 0.936028 0.066444 0.099166 0.527628 1 6 1.000000
lace
  6 4.084835 1.189512 68.409462 -0.958608 0.275762 0.070889 0.066371 0.440532 1 6 1.000000
  6 4.115813 1.305067 68.268959 -0.774002 0.627826 0.082192 0.086868 0.469562 1 6 1.000000
  6 4.079006 1.213558 68.248047 -0.959182 0.279757 0.041309 0.086868 0.436902 1 6 1.000000
lace
  6 4.117700 1.313146 68.079933 -0.791586 0.610997 -0.008552 0.099166 0.469562 1 6 1.000000
  6 4.079006 1.213558 68.248047 -0.959182 0.279757 0.041309 0.086868 0.436902 1 6 1.000000
  6 4.115813 1.305067 68.268959 -0.774002 0.627826 0.082192 0.086868 0.469562 1 6 1.000000
lace
  6 4.084835 1.189512 68.409462 -0.958608 0.275762 0.070889 0.066371 0.440532 1 6 1.000000
  6 4.079006 1.213558 68.248047 -0.959182 0.279757 0.041309 0.086868 0.436902 1 6 1.000000
  6 4.053675 1.045055 68.329849 -0.985631 0.156853 0.062678 0.066371 0.382466 1 6 1.000000
lace
  6 4.117700 1.313146 68.079933 -0.791586 0.610997 -0.008552 0.099166 0.469562 1 6 1.000000
  6 4.263961 1.429413 68.077827 -0.345597 0.936028 0.066444 0.099166 0.527628 1 6 1.000000
  6 4.125228 1.304065 67.879547 -0.827636 0.553393 -0.093669 0.110097 0.469562 1 6 1.000000
lace
  6 4.053675 1.045055 68.329849 -0.985631 0.156853 0.062678 0.066371 0.382466 1 6 1.000000
  6 4.079006 1.213558 68.248047 -0.959182 0.279757 0.041309 0.086868 0.436902 1 6 1.000000
  6 4.047142 1.054823 68.204681 -0.987344 0.158283 0.009923 0.086868 0.382466 1 6 1.000000
lace
  6 4.047142 1.054823 68.204681 -0.987344 0.158283 0.009923 0.086868 0.382466 1 6 1.000000
  6 3.985234 0.621452 67.994522 -0.957699 -0.111755 0.265187 0.066371 0.208273 1 6 1.000000
  6 4.053675 1.045055 68.329849 -0.985631 0.156853 0.062678 0.066371 0.382466 1 6 1.000000
lace
  6 4.079301 1.220021 68.070412 -0.964751 0.259401 -0.044342 0.099166 0.436902 1 6 1.000000
  6 4.079006 1.213558 68.248047 -0.959182 0.279757 0.041309 0.086868 0.436902 1 6 1.000000
  6 4.117700 1.313146 68.079933 -0.791586 0.610997 -0.008552 0.099166 0.469562 1 6 1.000000
lace
  6 4.079301 1.220021 68.070412 -0.964751 0.259401 -0.044342 0.099166 0.436902 1 6 1.000000
  6 4.047142 1.054823 68.204681 -0.987344 0.158283 0.009923 0.086868 0.382466 1 6 1.000000
  6 4.079006 1.213558 68.248047 -0.959182 0.279757 0.041309 0.086868 0.436902 1 6 1.000000
lace
  6 4.125228 1.304065 67.879547 -0.827636 0.553393 -0.093669 0.110097 0.469562 1 6 1.000000
  6 4.079301 1.220021 68.070412 -0.964751 0.259401 -0.044342 0.099166 0.436902 1 6 1.000000
  6 4.117700 1.313146 68.079933 -0.791586 0.610997 -0.008552 0.099166 0.469562 1 6 1.000000
lace
  6 3.970829 0.623105 67.946045 -0.998740 -0.050059 -0.003499 0.086868 0.208273 1 6 1.000000
  6 3.985234 0.621452 67.994522 -0.957699 -0.111755 0.265187 0.066371 0.208273 1 6 1.000000
  6 4.047142 1.054823 68.204681 -0.987344 0.158283 0.009923 0.086868 0.382466 1 6 1.000000
lace
  6 3.985234 0.621452 67.994522 -0.957699 -0.111755 0.265187 0.066371 0.208273 1 6 1.000000
  6 3.970829 0.623105 67.946045 -0.998740 -0.050059 -0.003499 0.086868 0.208273 1 6 1.000000
  6 3.994729 0.575338 67.966286 -0.888990 -0.409989 0.203976 0.066371 0.150210 1 6 1.000000
lace
  6 4.062044 1.059607 68.053612 -0.980867 0.163842 -0.105149 0.099166 0.382466 1 6 1.000000
  6 4.047142 1.054823 68.204681 -0.987344 0.158283 0.009923 0.086868 0.382466 1 6 1.000000
  6 4.079301 1.220021 68.070412 -0.964751 0.259401 -0.044342 0.099166 0.436902 1 6 1.000000
lace
  6 4.062044 1.059607 68.053612 -0.980867 0.163842 -0.105149 0.099166 0.382466 1 6 1.000000
  6 3.970829 0.623105 67.946045 -0.998740 -0.050059 -0.003499 0.086868 0.208273 1 6 1.000000
  6 4.047142 1.054823 68.204681 -0.987344 0.158283 0.009923 0.086868 0.382466 1 6 1.000000
lace
  6 4.094249 1.213422 67.886139 -0.972581 0.195586 -0.125826 0.110097 0.436902 1 6 1.000000
  6 4.062044 1.059607 68.053612 -0.980867 0.163842 -0.105149 0.099166 0.382466 1 6 1.000000
  6 4.079301 1.220021 68.070412 -0.964751 0.259401 -0.044342 0.099166 0.436902 1 6 1.000000
lace
  6 4.094249 1.213422 67.886139 -0.972581 0.195586 -0.125826 0.110097 0.436902 1 6 1.000000
  6 4.079301 1.220021 68.070412 -0.964751 0.259401 -0.044342 0.099166 0.436902 1 6 1.000000
  6 4.125228 1.304065 67.879547 -0.827636 0.553393 -0.093669 0.110097 0.469562 1 6 1.000000
lace
  6 3.979751 0.619908 67.911934 -0.983174 0.031154 -0.179993 0.099166 0.208273 1 6 1.000000
  6 3.970829 0.623105 67.946045 -0.998740 -0.050059 -0.003499 0.086868 0.208273 1 6 1.000000
  6 4.062044 1.059607 68.053612 -0.980867 0.163842 -0.105149 0.099166 0.382466 1 6 1.000000
lace
  6 4.081795 1.057548 67.903786 -0.979833 0.146071 -0.136345 0.110097 0.382466 1 6 1.000000
  6 4.062044 1.059607 68.053612 -0.980867 0.163842 -0.105149 0.099166 0.382466 1 6 1.000000
  6 4.094249 1.213422 67.886139 -0.972581 0.195586 -0.125826 0.110097 0.436902 1 6 1.000000
lace
  6 4.081795 1.057548 67.903786 -0.979833 0.146071 -0.136345 0.110097 0.382466 1 6 1.000000
  6 3.979751 0.619908 67.911934 -0.983174 0.031154 -0.179993 0.099166 0.208273 1 6 1.000000
  6 4.062044 1.059607 68.053612 -0.980867 0.163842 -0.105149 0.099166 0.382466 1 6 1.000000
lace
  6 3.994729 0.575338 67.966286 -0.888990 -0.409989 0.203976 0.066371 0.150210 1 6 1.000000
  6 3.970829 0.623105 67.946045 -0.998740 -0.050059 -0.003499 0.086868 0.208273 1 6 1.000000
  6 3.984366 0.576321 67.928085 -0.929848 -0.364194 0.052394 0.086868 0.150210 1 6 1.000000
lace
  6 3.979751 0.619908 67.911934 -0.983174 0.031154 -0.179993 0.099166 0.208273 1 6 1.000000
  6 3.984366 0.576321 67.928085 -0.929848 -0.364194 0.052394 0.086868 0.150210 1 6 1.000000
  6 3.970829 0.623105 67.946045 -0.998740 -0.050059 -0.003499 0.086868 0.208273 1 6 1.000000
lace
  6 3.984366 0.576321 67.928085 -0.929848 -0.364194 0.052394 0.086868 0.150210 1 6 1.000000
  6 4.005183 0.544726 67.927269 -0.957884 0.108100 0.266031 0.088234 0.092145 1 6 1.000000
  6 3.994729 0.575338 67.966286 -0.888990 -0.409989 0.203976 0.066371 0.150210 1 6 1.000000
lace
  6 3.994729 0.575338 67.966286 -0.888990 -0.409989 0.203976 0.066371 0.150210 1 6 1.000000
  6 4.005183 0.544726 67.927269 -0.957884 0.108100 0.266031 0.088234 0.092145 1 6 1.000000
  6 4.008704 0.544294 67.962440 -0.988525 0.112918 0.100340 0.066371 0.092145 1 6 1.000000
lace
  6 4.005183 0.544726 67.927269 -0.957884 0.108100 0.266031 0.088234 0.092145 1 6 1.000000
  6 3.988584 0.517454 67.966698 -0.773479 0.600369 0.203192 0.066371 0.150210 1 6 1.000000
  6 4.008704 0.544294 67.962440 -0.988525 0.112918 0.100340 0.066371 0.092145 1 6 1.000000
lace
  6 3.986388 0.578927 67.906471 -0.967108 -0.234419 -0.098744 0.099166 0.150210 1 6 1.000000
  6 3.984366 0.576321 67.928085 -0.929848 -0.364194 0.052394 0.086868 0.150210 1 6 1.000000
  6 3.979751 0.619908 67.911934 -0.983174 0.031154 -0.179993 0.099166 0.208273 1 6 1.000000
lace
  6 4.005183 0.544726 67.927269 -0.957884 0.108100 0.266031 0.088234 0.092145 1 6 1.000000
  6 3.984366 0.576321 67.928085 -0.929848 -0.364194 0.052394 0.086868 0.150210 1 6 1.000000
  6 3.998273 0.545555 67.909187 -0.992345 0.104929 0.065121 0.099166 0.092145 1 6 1.000000
lace
  6 3.998273 0.545555 67.909187 -0.992345 0.104929 0.065121 0.099166 0.092145 1 6 1.000000
  6 3.984366 0.576321 67.928085 -0.929848 -0.364194 0.052394 0.086868 0.150210 1 6 1.000000
  6 3.986388 0.578927 67.906471 -0.967108 -0.234419 -0.098744 0.099166 0.150210 1 6 1.000000
lace
  6 3.978443 0.518989 67.928497 -0.826649 0.560756 0.046949 0.086868 0.150210 1 6 1.000000
  6 3.988584 0.517454 67.966698 -0.773479 0.600369 0.203192 0.066371 0.150210 1 6 1.000000
  6 4.005183 0.544726 67.927269 -0.957884 0.108100 0.266031 0.088234 0.092145 1 6 1.000000
lace
  6 3.998273 0.545555 67.909187 -0.992345 0.104929 0.065121 0.099166 0.092145 1 6 1.000000
  6 3.978443 0.518989 67.928497 -0.826649 0.560756 0.046949 0.086868 0.150210 1 6 1.000000
  6 4.005183 0.544726 67.927269 -0.957884 0.108100 0.266031 0.088234 0.092145 1 6 1.000000
lace
  6 3.983098 0.621271 67.886963 -0.996601 0.053214 -0.062889 0.110097 0.208273 1 6 1.000000
  6 3.986388 0.578927 67.906471 -0.967108 -0.234419 -0.098744 0.099166 0.150210 1 6 1.000000
  6 3.979751 0.619908 67.911934 -0.983174 0.031154 -0.179993 0.099166 0.208273 1 6 1.000000
lace
  6 3.983098 0.621271 67.886963 -0.996601 0.053214 -0.062889 0.110097 0.208273 1 6 1.000000
  6 3.979751 0.619908 67.911934 -0.983174 0.031154 -0.179993 0.099166 0.208273 1 6 1.000000
  6 4.081795 1.057548 67.903786 -0.979833 0.146071 -0.136345 0.110097 0.382466 1 6 1.000000
lace
  6 3.998273 0.545555 67.909187 -0.992345 0.104929 0.065121 0.099166 0.092145 1 6 1.000000
  6 3.986388 0.578927 67.906471 -0.967108 -0.234419 -0.098744 0.099166 0.150210 1 6 1.000000
  6 3.999271 0.545433 67.894165 -0.993974 0.103177 0.037001 0.110097 0.092145 1 6 1.000000
lace
  6 3.987405 0.579939 67.889023 -0.979165 -0.202234 -0.018386 0.110097 0.150210 1 6 1.000000
  6 3.986388 0.578927 67.906471 -0.967108 -0.234419 -0.098744 0.099166 0.150210 1 6 1.000000
  6 3.983098 0.621271 67.886963 -0.996601 0.053214 -0.062889 0.110097 0.208273 1 6 1.000000
lace
  6 3.999271 0.545433 67.894165 -0.993974 0.103177 0.037001 0.110097 0.092145 1 6 1.000000
  6 3.986388 0.578927 67.906471 -0.967108 -0.234419 -0.098744 0.099166 0.150210 1 6 1.000000
  6 3.987405 0.579939 67.889023 -0.979165 -0.202234 -0.018386 0.110097 0.150210 1 6 1.000000
lace
  6 4.081795 1.057548 67.903786 -0.979833 0.146071 -0.136345 0.110097 0.382466 1 6 1.000000
  6 3.983556 0.624299 67.863327 -0.992323 0.090459 0.084338 0.121029 0.208273 1 6 1.000000
  6 3.983098 0.621271 67.886963 -0.996601 0.053214 -0.062889 0.110097 0.208273 1 6 1.000000
lace
  6 3.987405 0.579939 67.889023 -0.979165 -0.202234 -0.018386 0.110097 0.150210 1 6 1.000000
  6 3.983098 0.621271 67.886963 -0.996601 0.053214 -0.062889 0.110097 0.208273 1 6 1.000000
  6 3.987242 0.579998 67.872215 -0.977955 -0.206665 0.029896 0.121029 0.150210 1 6 1.000000
lace
  6 3.987242 0.579998 67.872215 -0.977955 -0.206665 0.029896 0.121029 0.150210 1 6 1.000000
  6 3.983098 0.621271 67.886963 -0.996601 0.053214 -0.062889 0.110097 0.208273 1 6 1.000000
  6 3.983556 0.624299 67.863327 -0.992323 0.090459 0.084338 0.121029 0.208273 1 6 1.000000
lace
  6 3.999271 0.545433 67.894165 -0.993974 0.103177 0.037001 0.110097 0.092145 1 6 1.000000
  6 3.987405 0.579939 67.889023 -0.979165 -0.202234 -0.018386 0.110097 0.150210 1 6 1.000000
  6 3.996459 0.545758 67.877625 -0.993449 0.098462 -0.058003 0.121029 0.092145 1 6 1.000000
lace
  6 3.996459 0.545758 67.877625 -0.993449 0.098462 -0.058003 0.121029 0.092145 1 6 1.000000
  6 3.987405 0.579939 67.889023 -0.979165 -0.202234 -0.018386 0.110097 0.150210 1 6 1.000000
  6 3.987242 0.579998 67.872215 -0.977955 -0.206665 0.029896 0.121029 0.150210 1 6 1.000000
lace
  6 3.999271 0.545433 67.894165 -0.993974 0.103177 0.037001 0.110097 0.092145 1 6 1.000000
  6 3.980058 0.515898 67.906914 -0.892670 0.438215 -0.105390 0.099166 0.150210 1 6 1.000000
  6 3.998273 0.545555 67.909187 -0.992345 0.104929 0.065121 0.099166 0.092145 1 6 1.000000
lace
  6 3.980058 0.515898 67.906914 -0.892670 0.438215 -0.105390 0.099166 0.150210 1 6 1.000000
  6 3.978443 0.518989 67.928497 -0.826649 0.560756 0.046949 0.086868 0.150210 1 6 1.000000
  6 3.998273 0.545555 67.909187 -0.992345 0.104929 0.065121 0.099166 0.092145 1 6 1.000000
lace
  6 3.996459 0.545758 67.877625 -0.993449 0.098462 -0.058003 0.121029 0.092145 1 6 1.000000
  6 3.981016 0.514604 67.889488 -0.909262 0.415373 -0.026610 0.110097 0.150210 1 6 1.000000
  6 3.999271 0.545433 67.894165 -0.993974 0.103177 0.037001 0.110097 0.092145 1 6 1.000000
lace
  6 3.981016 0.514604 67.889488 -0.909262 0.415373 -0.026610 0.110097 0.150210 1 6 1.000000
  6 3.980058 0.515898 67.906914 -0.892670 0.438215 -0.105390 0.099166 0.150210 1 6 1.000000
  6 3.999271 0.545433 67.894165 -0.993974 0.103177 0.037001 0.110097 0.092145 1 6 1.000000
lace
  6 3.996459 0.545758 67.877625 -0.993449 0.098462 -0.058003 0.121029 0.092145 1 6 1.000000
  6 3.987242 0.579998 67.872215 -0.977955 -0.206665 0.029896 0.121029 0.150210 1 6 1.000000
  6 4.001401 0.545132 67.859795 -0.982223 0.099854 -0.158957 0.131961 0.092145 1 6 1.000000
lace
  6 3.980941 0.514556 67.872688 -0.908633 0.416874 0.024537 0.121029 0.150210 1 6 1.000000
  6 3.981016 0.514604 67.889488 -0.909262 0.415373 -0.026610 0.110097 0.150210 1 6 1.000000
  6 3.996459 0.545758 67.877625 -0.993449 0.098462 -0.058003 0.121029 0.092145 1 6 1.000000
lace
  6 4.001401 0.545132 67.859795 -0.982223 0.099854 -0.158957 0.131961 0.092145 1 6 1.000000
  6 3.980941 0.514556 67.872688 -0.908633 0.416874 0.024537 0.121029 0.150210 1 6 1.000000
  6 3.996459 0.545758 67.877625 -0.993449 0.098462 -0.058003 0.121029 0.092145 1 6 1.000000
lace
  6 3.966714 0.475520 67.888000 -0.980878 0.185386 -0.059241 0.110097 0.208273 1 6 1.000000
  6 3.980058 0.515898 67.906914 -0.892670 0.438215 -0.105390 0.099166 0.150210 1 6 1.000000
  6 3.981016 0.514604 67.889488 -0.909262 0.415373 -0.026610 0.110097 0.150210 1 6 1.000000
lace
  6 3.980941 0.514556 67.872688 -0.908633 0.416874 0.024537 0.121029 0.150210 1 6 1.000000
  6 3.966714 0.475520 67.888000 -0.980878 0.185386 -0.059241 0.110097 0.208273 1 6 1.000000
  6 3.981016 0.514604 67.889488 -0.909262 0.415373 -0.026610 0.110097 0.150210 1 6 1.000000
lace
  6 3.964565 0.477616 67.912979 -0.967158 0.190605 -0.168152 0.099166 0.208273 1 6 1.000000
  6 3.978443 0.518989 67.928497 -0.826649 0.560756 0.046949 0.086868 0.150210 1 6 1.000000
  6 3.980058 0.515898 67.906914 -0.892670 0.438215 -0.105390 0.099166 0.150210 1 6 1.000000
lace
  6 3.964565 0.477616 67.912979 -0.967158 0.190605 -0.168152 0.099166 0.208273 1 6 1.000000
  6 3.980058 0.515898 67.906914 -0.892670 0.438215 -0.105390 0.099166 0.150210 1 6 1.000000
  6 3.966714 0.475520 67.888000 -0.980878 0.185386 -0.059241 0.110097 0.208273 1 6 1.000000
lace
  6 3.954677 0.476728 67.947105 -0.963454 0.267665 -0.010563 0.086868 0.208273 1 6 1.000000
  6 3.978443 0.518989 67.928497 -0.826649 0.560756 0.046949 0.086868 0.150210 1 6 1.000000
  6 3.964565 0.477616 67.912979 -0.967158 0.190605 -0.168152 0.099166 0.208273 1 6 1.000000
lace
  6 3.954677 0.476728 67.947105 -0.963454 0.267665 -0.010563 0.086868 0.208273 1 6 1.000000
  6 3.988584 0.517454 67.966698 -0.773479 0.600369 0.203192 0.066371 0.150210 1 6 1.000000
  6 3.978443 0.518989 67.928497 -0.826649 0.560756 0.046949 0.086868 0.150210 1 6 1.000000
lace
  6 3.968834 0.474874 67.995583 -0.910717 0.317463 0.264219 0.066371 0.208273 1 6 1.000000
  6 3.988584 0.517454 67.966698 -0.773479 0.600369 0.203192 0.066371 0.150210 1 6 1.000000
  6 3.954677 0.476728 67.947105 -0.963454 0.267665 -0.010563 0.086868 0.208273 1 6 1.000000
lace
  6 3.957400 0.024565 67.911285 -0.987446 0.045607 -0.151227 0.110097 0.382466 1 6 1.000000
  6 3.964565 0.477616 67.912979 -0.967158 0.190605 -0.168152 0.099166 0.208273 1 6 1.000000
  6 3.966714 0.475520 67.888000 -0.980878 0.185386 -0.059241 0.110097 0.208273 1 6 1.000000
lace
  6 3.937624 0.033279 68.212067 -0.998276 0.056806 0.014791 0.086868 0.382466 1 6 1.000000
  6 3.968834 0.474874 67.995583 -0.910717 0.317463 0.264219 0.066371 0.208273 1 6 1.000000
  6 3.954677 0.476728 67.947105 -0.963454 0.267665 -0.010563 0.086868 0.208273 1 6 1.000000
lace
  6 3.947908 0.039768 68.337158 -0.994640 0.066677 0.079029 0.066371 0.382466 1 6 1.000000
  6 3.968834 0.474874 67.995583 -0.910717 0.317463 0.264219 0.066371 0.208273 1 6 1.000000
  6 3.937624 0.033279 68.212067 -0.998276 0.056806 0.014791 0.086868 0.382466 1 6 1.000000
lace
  6 3.950308 0.025725 68.061089 -0.997022 0.034634 -0.068903 0.099166 0.382466 1 6 1.000000
  6 3.954677 0.476728 67.947105 -0.963454 0.267665 -0.010563 0.086868 0.208273 1 6 1.000000
  6 3.964565 0.477616 67.912979 -0.967158 0.190605 -0.168152 0.099166 0.208273 1 6 1.000000
lace
  6 3.937624 0.033279 68.212067 -0.998276 0.056806 0.014791 0.086868 0.382466 1 6 1.000000
  6 3.954677 0.476728 67.947105 -0.963454 0.267665 -0.010563 0.086868 0.208273 1 6 1.000000
  6 3.950308 0.025725 68.061089 -0.997022 0.034634 -0.068903 0.099166 0.382466 1 6 1.000000
lace
  6 3.950308 0.025725 68.061089 -0.997022 0.034634 -0.068903 0.099166 0.382466 1 6 1.000000
  6 3.964565 0.477616 67.912979 -0.967158 0.190605 -0.168152 0.099166 0.208273 1 6 1.000000
  6 3.957400 0.024565 67.911285 -0.987446 0.045607 -0.151227 0.110097 0.382466 1 6 1.000000
lace
  6 3.933356 -0.131931 68.257774 -0.998291 -0.048015 0.033309 0.086868 0.436902 1 6 1.000000
  6 3.947908 0.039768 68.337158 -0.994640 0.066677 0.079029 0.066371 0.382466 1 6 1.000000
  6 3.937624 0.033279 68.212067 -0.998276 0.056806 0.014791 0.086868 0.382466 1 6 1.000000
lace
  6 3.947519 -0.111341 68.418564 -0.997963 -0.008721 0.063194 0.066371 0.440532 1 6 1.000000
  6 3.947908 0.039768 68.337158 -0.994640 0.066677 0.079029 0.066371 0.382466 1 6 1.000000
  6 3.933356 -0.131931 68.257774 -0.998291 -0.048015 0.033309 0.086868 0.436902 1 6 1.000000
lace
  6 3.937835 -0.138130 68.080254 -0.997701 -0.052201 -0.043204 0.099166 0.436902 1 6 1.000000
  6 3.937624 0.033279 68.212067 -0.998276 0.056806 0.014791 0.086868 0.382466 1 6 1.000000
  6 3.950308 0.025725 68.061089 -0.997022 0.034634 -0.068903 0.099166 0.382466 1 6 1.000000
lace
  6 3.933356 -0.131931 68.257774 -0.998291 -0.048015 0.033309 0.086868 0.436902 1 6 1.000000
  6 3.937624 0.033279 68.212067 -0.998276 0.056806 0.014791 0.086868 0.382466 1 6 1.000000
  6 3.937835 -0.138130 68.080254 -0.997701 -0.052201 -0.043204 0.099166 0.436902 1 6 1.000000
lace
  6 3.946255 -0.230390 68.278290 -0.947785 -0.316833 0.036350 0.086868 0.469562 1 6 1.000000
  6 3.947519 -0.111341 68.418564 -0.997963 -0.008721 0.063194 0.066371 0.440532 1 6 1.000000
  6 3.933356 -0.131931 68.257774 -0.998291 -0.048015 0.033309 0.086868 0.436902 1 6 1.000000
lace
  6 3.949472 -0.199142 68.440536 -0.954322 -0.286277 0.085524 0.066371 0.469562 1 6 1.000000
  6 3.947519 -0.111341 68.418564 -0.997963 -0.008721 0.063194 0.066371 0.440532 1 6 1.000000
  6 3.946255 -0.230390 68.278290 -0.947785 -0.316833 0.036350 0.086868 0.469562 1 6 1.000000
lace
  6 3.953012 -0.239029 68.089973 -0.936366 -0.349099 -0.036728 0.099166 0.469562 1 6 1.000000
  6 3.933356 -0.131931 68.257774 -0.998291 -0.048015 0.033309 0.086868 0.436902 1 6 1.000000
  6 3.937835 -0.138130 68.080254 -0.997701 -0.052201 -0.043204 0.099166 0.436902 1 6 1.000000
lace
  6 3.946255 -0.230390 68.278290 -0.947785 -0.316833 0.036350 0.086868 0.469562 1 6 1.000000
  6 3.933356 -0.131931 68.257774 -0.998291 -0.048015 0.033309 0.086868 0.436902 1 6 1.000000
  6 3.953012 -0.239029 68.089973 -0.936366 -0.349099 -0.036728 0.099166 0.469562 1 6 1.000000
lace
  6 3.937835 -0.138130 68.080254 -0.997701 -0.052201 -0.043204 0.099166 0.436902 1 6 1.000000
  6 3.950308 0.025725 68.061089 -0.997022 0.034634 -0.068903 0.099166 0.382466 1 6 1.000000
  6 3.945956 -0.134153 67.895889 -0.986739 -0.038095 -0.157778 0.110097 0.436902 1 6 1.000000
lace
  6 3.945956 -0.134153 67.895889 -0.986739 -0.038095 -0.157778 0.110097 0.436902 1 6 1.000000
  6 3.950308 0.025725 68.061089 -0.997022 0.034634 -0.068903 0.099166 0.382466 1 6 1.000000
  6 3.957400 0.024565 67.911285 -0.987446 0.045607 -0.151227 0.110097 0.382466 1 6 1.000000
lace
  6 3.986415 -0.299128 68.294014 -0.767061 -0.634251 0.096665 0.086868 0.498595 1 6 1.000000
  6 3.949472 -0.199142 68.440536 -0.954322 -0.286277 0.085524 0.066371 0.469562 1 6 1.000000
  6 3.946255 -0.230390 68.278290 -0.947785 -0.316833 0.036350 0.086868 0.469562 1 6 1.000000
lace
  6 3.988386 -0.256620 68.456947 -0.733561 -0.655392 0.179859 0.066371 0.498596 1 6 1.000000
  6 3.949472 -0.199142 68.440536 -0.954322 -0.286277 0.085524 0.066371 0.469562 1 6 1.000000
  6 3.986415 -0.299128 68.294014 -0.767061 -0.634251 0.096665 0.086868 0.498595 1 6 1.000000
lace
  6 3.986415 -0.299128 68.294014 -0.767061 -0.634251 0.096665 0.086868 0.498595 1 6 1.000000
  6 4.045423 -0.300876 68.453285 -0.425081 -0.867761 0.257481 0.066371 0.527628 1 6 1.000000
  6 3.988386 -0.256620 68.456947 -0.733561 -0.655392 0.179859 0.066371 0.498596 1 6 1.000000
lace
  6 3.986415 -0.299128 68.294014 -0.767061 -0.634251 0.096665 0.086868 0.498595 1 6 1.000000
  6 3.946255 -0.230390 68.278290 -0.947785 -0.316833 0.036350 0.086868 0.469562 1 6 1.000000
  6 4.002915 -0.319819 68.094696 -0.800549 -0.599044 -0.016369 0.099166 0.498595 1 6 1.000000
lace
  6 4.002915 -0.319819 68.094696 -0.800549 -0.599044 -0.016369 0.099166 0.498595 1 6 1.000000
  6 3.946255 -0.230390 68.278290 -0.947785 -0.316833 0.036350 0.086868 0.469562 1 6 1.000000
  6 3.953012 -0.239029 68.089973 -0.936366 -0.349099 -0.036728 0.099166 0.469562 1 6 1.000000
lace
  6 4.045023 -0.352408 68.289566 -0.435754 -0.879878 0.189560 0.086868 0.527628 1 6 1.000000
  6 4.045423 -0.300876 68.453285 -0.425081 -0.867761 0.257481 0.066371 0.527628 1 6 1.000000
  6 3.986415 -0.299128 68.294014 -0.767061 -0.634251 0.096665 0.086868 0.498595 1 6 1.000000
lace
  6 4.002915 -0.319819 68.094696 -0.800549 -0.599044 -0.016369 0.099166 0.498595 1 6 1.000000
  6 4.045023 -0.352408 68.289566 -0.435754 -0.879878 0.189560 0.086868 0.527628 1 6 1.000000
  6 3.986415 -0.299128 68.294014 -0.767061 -0.634251 0.096665 0.086868 0.498595 1 6 1.000000
lace
  6 4.045023 -0.352408 68.289566 -0.435754 -0.879878 0.189560 0.086868 0.527628 1 6 1.000000
  6 4.107546 -0.315312 68.432083 0.338554 -0.894676 0.291436 0.066371 0.556659 1 6 1.000000
  6 4.045423 -0.300876 68.453285 -0.425081 -0.867761 0.257481 0.066371 0.527628 1 6 1.000000
lace
  6 4.002915 -0.319819 68.094696 -0.800549 -0.599044 -0.016369 0.099166 0.498595 1 6 1.000000
  6 3.953012 -0.239029 68.089973 -0.936366 -0.349099 -0.036728 0.099166 0.469562 1 6 1.000000
  6 4.017551 -0.319457 67.883865 -0.810054 -0.571039 -0.133142 0.110097 0.498595 1 6 1.000000
lace
  6 4.109873 -0.368856 68.267563 0.425416 -0.878017 0.219333 0.086868 0.556659 1 6 1.000000
  6 4.107546 -0.315312 68.432083 0.338554 -0.894676 0.291436 0.066371 0.556659 1 6 1.000000
  6 4.045023 -0.352408 68.289566 -0.435754 -0.879878 0.189560 0.086868 0.527628 1 6 1.000000
lace
  6 4.109873 -0.368856 68.267563 0.425416 -0.878017 0.219333 0.086868 0.556659 1 6 1.000000
  6 4.180231 -0.203701 68.363075 0.977571 -0.201189 0.062269 0.066371 0.614724 1 6 1.000000
  6 4.107546 -0.315312 68.432083 0.338554 -0.894676 0.291436 0.066371 0.556659 1 6 1.000000
lace
  6 4.061390 -0.387489 68.086571 -0.535994 -0.842734 0.050095 0.099166 0.527628 1 6 1.000000
  6 4.045023 -0.352408 68.289566 -0.435754 -0.879878 0.189560 0.086868 0.527628 1 6 1.000000
  6 4.002915 -0.319819 68.094696 -0.800549 -0.599044 -0.016369 0.099166 0.498595 1 6 1.000000
lace
  6 4.061390 -0.387489 68.086571 -0.535994 -0.842734 0.050095 0.099166 0.527628 1 6 1.000000
  6 4.109873 -0.368856 68.267563 0.425416 -0.878017 0.219333 0.086868 0.556659 1 6 1.000000
  6 4.045023 -0.352408 68.289566 -0.435754 -0.879878 0.189560 0.086868 0.527628 1 6 1.000000
lace
  6 4.017551 -0.319457 67.883865 -0.810054 -0.571039 -0.133142 0.110097 0.498595 1 6 1.000000
  6 4.061390 -0.387489 68.086571 -0.535994 -0.842734 0.050095 0.099166 0.527628 1 6 1.000000
  6 4.002915 -0.319819 68.094696 -0.800549 -0.599044 -0.016369 0.099166 0.498595 1 6 1.000000
lace
  6 4.179994 -0.236568 68.208069 0.988932 -0.139177 0.051418 0.086868 0.618354 1 6 1.000000
  6 4.180231 -0.203701 68.363075 0.977571 -0.201189 0.062269 0.066371 0.614724 1 6 1.000000
  6 4.109873 -0.368856 68.267563 0.425416 -0.878017 0.219333 0.086868 0.556659 1 6 1.000000
lace
  6 4.179994 -0.236568 68.208069 0.988932 -0.139177 0.051418 0.086868 0.618354 1 6 1.000000
  6 4.149665 -0.031766 68.291054 0.984415 0.174939 -0.017989 0.066371 0.672788 1 6 1.000000
  6 4.180231 -0.203701 68.363075 0.977571 -0.201189 0.062269 0.066371 0.614724 1 6 1.000000
lace
  6 4.125077 -0.407804 68.074486 0.416423 -0.901184 0.120243 0.099166 0.556659 1 6 1.000000
  6 4.109873 -0.368856 68.267563 0.425416 -0.878017 0.219333 0.086868 0.556659 1 6 1.000000
  6 4.061390 -0.387489 68.086571 -0.535994 -0.842734 0.050095 0.099166 0.527628 1 6 1.000000
lace
  6 4.125077 -0.407804 68.074486 0.416423 -0.901184 0.120243 0.099166 0.556659 1 6 1.000000
  6 4.179994 -0.236568 68.208069 0.988932 -0.139177 0.051418 0.086868 0.618354 1 6 1.000000
  6 4.109873 -0.368856 68.267563 0.425416 -0.878017 0.219333 0.086868 0.556659 1 6 1.000000
lace
  6 4.150123 -0.044414 68.138489 0.983290 0.177082 -0.042211 0.086868 0.672788 1 6 1.000000
  6 4.149665 -0.031766 68.291054 0.984415 0.174939 -0.017989 0.066371 0.672788 1 6 1.000000
  6 4.179994 -0.236568 68.208069 0.988932 -0.139177 0.051418 0.086868 0.618354 1 6 1.000000
lace
  6 4.150123 -0.044414 68.138489 0.983290 0.177082 -0.042211 0.086868 0.672788 1 6 1.000000
  6 4.110218 0.146351 68.189522 0.977328 0.211477 0.010362 0.066371 0.730853 1 6 1.000000
  6 4.149665 -0.031766 68.291054 0.984415 0.174939 -0.017989 0.066371 0.672788 1 6 1.000000
lace
  6 4.184427 -0.251536 68.053085 0.995920 -0.076429 0.047983 0.099166 0.618354 1 6 1.000000
  6 4.179994 -0.236568 68.208069 0.988932 -0.139177 0.051418 0.086868 0.618354 1 6 1.000000
  6 4.125077 -0.407804 68.074486 0.416423 -0.901184 0.120243 0.099166 0.556659 1 6 1.000000
lace
  6 4.179994 -0.236568 68.208069 0.988932 -0.139177 0.051418 0.086868 0.618354 1 6 1.000000
  6 4.184427 -0.251536 68.053085 0.995920 -0.076429 0.047983 0.099166 0.618354 1 6 1.000000
  6 4.150123 -0.044414 68.138489 0.983290 0.177082 -0.042211 0.086868 0.672788 1 6 1.000000
lace
  6 4.081009 -0.395104 67.880714 -0.558638 -0.825682 -0.078565 0.110097 0.527628 1 6 1.000000
  6 4.125077 -0.407804 68.074486 0.416423 -0.901184 0.120243 0.099166 0.556659 1 6 1.000000
  6 4.061390 -0.387489 68.086571 -0.535994 -0.842734 0.050095 0.099166 0.527628 1 6 1.000000
lace
  6 4.081009 -0.395104 67.880714 -0.558638 -0.825682 -0.078565 0.110097 0.527628 1 6 1.000000
  6 4.061390 -0.387489 68.086571 -0.535994 -0.842734 0.050095 0.099166 0.527628 1 6 1.000000
  6 4.017551 -0.319457 67.883865 -0.810054 -0.571039 -0.133142 0.110097 0.498595 1 6 1.000000
lace
  6 4.143430 -0.414396 67.885399 0.431822 -0.899681 0.064061 0.110097 0.556659 1 6 1.000000
  6 4.184427 -0.251536 68.053085 0.995920 -0.076429 0.047983 0.099166 0.618354 1 6 1.000000
  6 4.125077 -0.407804 68.074486 0.416423 -0.901184 0.120243 0.099166 0.556659 1 6 1.000000
lace
  6 4.143430 -0.414396 67.885399 0.431822 -0.899681 0.064061 0.110097 0.556659 1 6 1.000000
  6 4.125077 -0.407804 68.074486 0.416423 -0.901184 0.120243 0.099166 0.556659 1 6 1.000000
  6 4.081009 -0.395104 67.880714 -0.558638 -0.825682 -0.078565 0.110097 0.527628 1 6 1.000000
lace
  6 4.150123 -0.044414 68.138489 0.983290 0.177082 -0.042211 0.086868 0.672788 1 6 1.000000
  6 4.184427 -0.251536 68.053085 0.995920 -0.076429 0.047983 0.099166 0.618354 1 6 1.000000
  6 4.136879 -0.048283 68.015068 0.978852 0.203358 -0.022220 0.099166 0.672788 1 6 1.000000
lace
  6 4.114160 0.140255 68.053253 0.983853 0.162763 -0.074446 0.086868 0.730853 1 6 1.000000
  6 4.110218 0.146351 68.189522 0.977328 0.211477 0.010362 0.066371 0.730853 1 6 1.000000
  6 4.150123 -0.044414 68.138489 0.983290 0.177082 -0.042211 0.086868 0.672788 1 6 1.000000
lace
  6 4.150123 -0.044414 68.138489 0.983290 0.177082 -0.042211 0.086868 0.672788 1 6 1.000000
  6 4.136879 -0.048283 68.015068 0.978852 0.203358 -0.022220 0.099166 0.672788 1 6 1.000000
  6 4.114160 0.140255 68.053253 0.983853 0.162763 -0.074446 0.086868 0.730853 1 6 1.000000
lace
  6 4.114160 0.140255 68.053253 0.983853 0.162763 -0.074446 0.086868 0.730853 1 6 1.000000
  6 4.073092 0.314271 68.061363 0.955441 0.250670 0.155876 0.066371 0.788917 1 6 1.000000
  6 4.110218 0.146351 68.189522 0.977328 0.211477 0.010362 0.066371 0.730853 1 6 1.000000
lace
  6 4.184427 -0.251536 68.053085 0.995920 -0.076429 0.047983 0.099166 0.618354 1 6 1.000000
  6 4.195476 -0.252392 67.900833 0.994213 -0.036693 0.100961 0.110097 0.618354 1 6 1.000000
  6 4.136879 -0.048283 68.015068 0.978852 0.203358 -0.022220 0.099166 0.672788 1 6 1.000000
lace
  6 4.195476 -0.252392 67.900833 0.994213 -0.036693 0.100961 0.110097 0.618354 1 6 1.000000
  6 4.184427 -0.251536 68.053085 0.995920 -0.076429 0.047983 0.099166 0.618354 1 6 1.000000
  6 4.143430 -0.414396 67.885399 0.431822 -0.899681 0.064061 0.110097 0.556659 1 6 1.000000
lace
  6 4.092940 0.308247 67.972099 0.978932 0.158913 -0.128212 0.086868 0.788917 1 6 1.000000
  6 4.073092 0.314271 68.061363 0.955441 0.250670 0.155876 0.066371 0.788917 1 6 1.000000
  6 4.114160 0.140255 68.053253 0.983853 0.162763 -0.074446 0.086868 0.730853 1 6 1.000000
lace
  6 4.092940 0.308247 67.972099 0.978932 0.158913 -0.128212 0.086868 0.788917 1 6 1.000000
  6 4.048960 0.443863 67.969116 0.932353 0.320689 0.166961 0.066371 0.846981 1 6 1.000000
  6 4.073092 0.314271 68.061363 0.955441 0.250670 0.155876 0.066371 0.788917 1 6 1.000000
lace
  6 4.114160 0.140255 68.053253 0.983853 0.162763 -0.074446 0.086868 0.730853 1 6 1.000000
  6 4.136879 -0.048283 68.015068 0.978852 0.203358 -0.022220 0.099166 0.672788 1 6 1.000000
  6 4.096165 0.138281 67.971985 0.988035 0.145672 -0.050660 0.099166 0.730853 1 6 1.000000
lace
  6 4.114160 0.140255 68.053253 0.983853 0.162763 -0.074446 0.086868 0.730853 1 6 1.000000
  6 4.096165 0.138281 67.971985 0.988035 0.145672 -0.050660 0.099166 0.730853 1 6 1.000000
  6 4.092940 0.308247 67.972099 0.978932 0.158913 -0.128212 0.086868 0.788917 1 6 1.000000
lace
  6 4.136879 -0.048283 68.015068 0.978852 0.203358 -0.022220 0.099166 0.672788 1 6 1.000000
  6 4.195476 -0.252392 67.900833 0.994213 -0.036693 0.100961 0.110097 0.618354 1 6 1.000000
  6 4.145944 -0.047371 67.912346 0.971258 0.219876 0.091173 0.110097 0.672788 1 6 1.000000
lace
  6 4.136879 -0.048283 68.015068 0.978852 0.203358 -0.022220 0.099166 0.672788 1 6 1.000000
  6 4.145944 -0.047371 67.912346 0.971258 0.219876 0.091173 0.110097 0.672788 1 6 1.000000
  6 4.096165 0.138281 67.971985 0.988035 0.145672 -0.050660 0.099166 0.730853 1 6 1.000000
lace
  6 4.057964 0.440348 67.924583 0.913877 0.259918 -0.311885 0.086868 0.846980 1 6 1.000000
  6 4.048960 0.443863 67.969116 0.932353 0.320689 0.166961 0.066371 0.846981 1 6 1.000000
  6 4.092940 0.308247 67.972099 0.978932 0.158913 -0.128212 0.086868 0.788917 1 6 1.000000
lace
  6 4.057964 0.440348 67.924583 0.913877 0.259918 -0.311885 0.086868 0.846980 1 6 1.000000
  6 4.030797 0.499718 67.956017 0.930580 0.364533 0.033725 0.066371 0.905045 1 6 1.000000
  6 4.048960 0.443863 67.969116 0.932353 0.320689 0.166961 0.066371 0.846981 1 6 1.000000
lace
  6 4.092940 0.308247 67.972099 0.978932 0.158913 -0.128212 0.086868 0.788917 1 6 1.000000
  6 4.096165 0.138281 67.971985 0.988035 0.145672 -0.050660 0.099166 0.730853 1 6 1.000000
  6 4.067400 0.316069 67.921585 0.981111 0.155987 -0.114409 0.099166 0.788917 1 6 1.000000
lace
  6 4.092940 0.308247 67.972099 0.978932 0.158913 -0.128212 0.086868 0.788917 1 6 1.000000
  6 4.067400 0.316069 67.921585 0.981111 0.155987 -0.114409 0.099166 0.788917 1 6 1.000000
  6 4.057964 0.440348 67.924583 0.913877 0.259918 -0.311885 0.086868 0.846980 1 6 1.000000
lace
  6 4.030284 0.500861 67.922195 0.859187 0.359273 -0.364309 0.086868 0.905045 1 6 1.000000
  6 4.030797 0.499718 67.956017 0.930580 0.364533 0.033725 0.066371 0.905045 1 6 1.000000
  6 4.057964 0.440348 67.924583 0.913877 0.259918 -0.311885 0.086868 0.846980 1 6 1.000000
lace
  6 4.015305 0.543464 67.925507 0.933963 -0.093815 -0.344837 0.088234 0.963110 1 6 1.000000
  6 4.030797 0.499718 67.956017 0.930580 0.364533 0.033725 0.066371 0.905045 1 6 1.000000
  6 4.030284 0.500861 67.922195 0.859187 0.359273 -0.364309 0.086868 0.905045 1 6 1.000000
lace
  6 4.057964 0.440348 67.924583 0.913877 0.259918 -0.311885 0.086868 0.846980 1 6 1.000000
  6 4.034319 0.447223 67.901024 0.933058 0.316932 -0.170167 0.099166 0.846980 1 6 1.000000
  6 4.030284 0.500861 67.922195 0.859187 0.359273 -0.364309 0.086868 0.905045 1 6 1.000000
lace
  6 4.057964 0.440348 67.924583 0.913877 0.259918 -0.311885 0.086868 0.846980 1 6 1.000000
  6 4.067400 0.316069 67.921585 0.981111 0.155987 -0.114409 0.099166 0.788917 1 6 1.000000
  6 4.034319 0.447223 67.901024 0.933058 0.316932 -0.170167 0.099166 0.846980 1 6 1.000000
lace
  6 4.030284 0.500861 67.922195 0.859187 0.359273 -0.364309 0.086868 0.905045 1 6 1.000000
  6 4.012372 0.500824 67.903511 0.913635 0.327684 -0.240611 0.099166 0.905045 1 6 1.000000
  6 4.015305 0.543464 67.925507 0.933963 -0.093815 -0.344837 0.088234 0.963110 1 6 1.000000
lace
  6 4.030284 0.500861 67.922195 0.859187 0.359273 -0.364309 0.086868 0.905045 1 6 1.000000
  6 4.034319 0.447223 67.901024 0.933058 0.316932 -0.170167 0.099166 0.846980 1 6 1.000000
  6 4.012372 0.500824 67.903511 0.913635 0.327684 -0.240611 0.099166 0.905045 1 6 1.000000
lace
  6 4.015305 0.543464 67.925507 0.933963 -0.093815 -0.344837 0.088234 0.963110 1 6 1.000000
  6 4.012372 0.500824 67.903511 0.913635 0.327684 -0.240611 0.099166 0.905045 1 6 1.000000
  6 4.003047 0.544969 67.908112 0.945271 -0.092954 -0.312765 0.099166 0.963110 1 6 1.000000
lace
  6 4.003047 0.544969 67.908112 0.945271 -0.092954 -0.312765 0.099166 0.963110 1 6 1.000000
  6 4.020127 0.585814 67.902885 0.825747 -0.505604 -0.250013 0.099166 0.905045 1 6 1.000000
  6 4.015305 0.543464 67.925507 0.933963 -0.093815 -0.344837 0.088234 0.963110 1 6 1.000000
lace
  6 4.012372 0.500824 67.903511 0.913635 0.327684 -0.240611 0.099166 0.905045 1 6 1.000000
  6 4.002824 0.544977 67.893089 0.994124 -0.092328 -0.056498 0.110097 0.963110 1 6 1.000000
  6 4.003047 0.544969 67.908112 0.945271 -0.092954 -0.312765 0.099166 0.963110 1 6 1.000000
lace
  6 4.003047 0.544969 67.908112 0.945271 -0.092954 -0.312765 0.099166 0.963110 1 6 1.000000
  6 4.002824 0.544977 67.893089 0.994124 -0.092328 -0.056498 0.110097 0.963110 1 6 1.000000
  6 4.020127 0.585814 67.902885 0.825747 -0.505604 -0.250013 0.099166 0.905045 1 6 1.000000
lace
  6 4.034319 0.447223 67.901024 0.933058 0.316932 -0.170167 0.099166 0.846980 1 6 1.000000
  6 4.016348 0.500316 67.886513 0.937262 0.348486 0.009890 0.110097 0.905045 1 6 1.000000
  6 4.012372 0.500824 67.903511 0.913635 0.327684 -0.240611 0.099166 0.905045 1 6 1.000000
lace
  6 4.016348 0.500316 67.886513 0.937262 0.348486 0.009890 0.110097 0.905045 1 6 1.000000
  6 4.002824 0.544977 67.893089 0.994124 -0.092328 -0.056498 0.110097 0.963110 1 6 1.000000
  6 4.012372 0.500824 67.903511 0.913635 0.327684 -0.240611 0.099166 0.905045 1 6 1.000000
lace
  6 4.020127 0.585814 67.902885 0.825747 -0.505604 -0.250013 0.099166 0.905045 1 6 1.000000
  6 4.002824 0.544977 67.893089 0.994124 -0.092328 -0.056498 0.110097 0.963110 1 6 1.000000
  6 4.023748 0.585350 67.885887 0.850840 -0.525306 0.011166 0.110097 0.905045 1 6 1.000000
lace
  6 4.020127 0.585814 67.902885 0.825747 -0.505604 -0.250013 0.099166 0.905045 1 6 1.000000
  6 4.023748 0.585350 67.885887 0.850840 -0.525306 0.011166 0.110097 0.905045 1 6 1.000000
  6 4.052421 0.632581 67.899673 0.832207 -0.516752 -0.200996 0.099166 0.846980 1 6 1.000000
lace
  6 4.016348 0.500316 67.886513 0.937262 0.348486 0.009890 0.110097 0.905045 1 6 1.000000
  6 4.000134 0.545307 67.877037 0.988625 -0.094671 0.116865 0.121029 0.963110 1 6 1.000000
  6 4.002824 0.544977 67.893089 0.994124 -0.092328 -0.056498 0.110097 0.963110 1 6 1.000000
lace
  6 4.002824 0.544977 67.893089 0.994124 -0.092328 -0.056498 0.110097 0.963110 1 6 1.000000
  6 4.000134 0.545307 67.877037 0.988625 -0.094671 0.116865 0.121029 0.963110 1 6 1.000000
  6 4.023748 0.585350 67.885887 0.850840 -0.525306 0.011166 0.110097 0.905045 1 6 1.000000
lace
  6 4.041965 0.447074 67.881454 0.934879 0.347373 0.073027 0.110097 0.846980 1 6 1.000000
  6 4.016348 0.500316 67.886513 0.937262 0.348486 0.009890 0.110097 0.905045 1 6 1.000000
  6 4.034319 0.447223 67.901024 0.933058 0.316932 -0.170167 0.099166 0.846980 1 6 1.000000
lace
  6 4.052421 0.632581 67.899673 0.832207 -0.516752 -0.200996 0.099166 0.846980 1 6 1.000000
  6 4.023748 0.585350 67.885887 0.850840 -0.525306 0.011166 0.110097 0.905045 1 6 1.000000
  6 4.058515 0.630985 67.880127 0.816107 -0.473243 -0.331677 0.110097 0.846980 1 6 1.000000
lace
  6 4.034319 0.447223 67.901024 0.933058 0.316932 -0.170167 0.099166 0.846980 1 6 1.000000
  6 4.076846 0.313771 67.886528 0.964437 0.228976 0.132028 0.110097 0.788917 1 6 1.000000
  6 4.041965 0.447074 67.881454 0.934879 0.347373 0.073027 0.110097 0.846980 1 6 1.000000
lace
  6 4.067400 0.316069 67.921585 0.981111 0.155987 -0.114409 0.099166 0.788917 1 6 1.000000
  6 4.076846 0.313771 67.886528 0.964437 0.228976 0.132028 0.110097 0.788917 1 6 1.000000
  6 4.034319 0.447223 67.901024 0.933058 0.316932 -0.170167 0.099166 0.846980 1 6 1.000000
lace
  6 4.041965 0.447074 67.881454 0.934879 0.347373 0.073027 0.110097 0.846980 1 6 1.000000
  6 4.013704 0.497537 67.869553 0.897769 0.333383 0.287865 0.121029 0.905045 1 6 1.000000
  6 4.016348 0.500316 67.886513 0.937262 0.348486 0.009890 0.110097 0.905045 1 6 1.000000
lace
  6 4.013704 0.497537 67.869553 0.897769 0.333383 0.287865 0.121029 0.905045 1 6 1.000000
  6 4.000134 0.545307 67.877037 0.988625 -0.094671 0.116865 0.121029 0.963110 1 6 1.000000
  6 4.016348 0.500316 67.886513 0.937262 0.348486 0.009890 0.110097 0.905045 1 6 1.000000
lace
  6 4.076846 0.313771 67.886528 0.964437 0.228976 0.132028 0.110097 0.788917 1 6 1.000000
  6 4.039812 0.442403 67.861214 0.888430 0.277969 0.365273 0.121029 0.846981 1 6 1.000000
  6 4.041965 0.447074 67.881454 0.934879 0.347373 0.073027 0.110097 0.846980 1 6 1.000000
lace
  6 4.039812 0.442403 67.861214 0.888430 0.277969 0.365273 0.121029 0.846981 1 6 1.000000
  6 4.013704 0.497537 67.869553 0.897769 0.333383 0.287865 0.121029 0.905045 1 6 1.000000
  6 4.041965 0.447074 67.881454 0.934879 0.347373 0.073027 0.110097 0.846980 1 6 1.000000
lace
  6 4.067400 0.316069 67.921585 0.981111 0.155987 -0.114409 0.099166 0.788917 1 6 1.000000
  6 4.108603 0.135307 67.900185 0.969186 0.203416 0.138926 0.110097 0.730852 1 6 1.000000
  6 4.076846 0.313771 67.886528 0.964437 0.228976 0.132028 0.110097 0.788917 1 6 1.000000
lace
  6 4.096165 0.138281 67.971985 0.988035 0.145672 -0.050660 0.099166 0.730853 1 6 1.000000
  6 4.108603 0.135307 67.900185 0.969186 0.203416 0.138926 0.110097 0.730852 1 6 1.000000
  6 4.067400 0.316069 67.921585 0.981111 0.155987 -0.114409 0.099166 0.788917 1 6 1.000000
lace
  6 4.096165 0.138281 67.971985 0.988035 0.145672 -0.050660 0.099166 0.730853 1 6 1.000000
  6 4.145944 -0.047371 67.912346 0.971258 0.219876 0.091173 0.110097 0.672788 1 6 1.000000
  6 4.108603 0.135307 67.900185 0.969186 0.203416 0.138926 0.110097 0.730852 1 6 1.000000
lace
  6 4.108603 0.135307 67.900185 0.969186 0.203416 0.138926 0.110097 0.730852 1 6 1.000000
  6 4.078334 0.312740 67.845695 0.916820 0.169504 0.361538 0.121029 0.788917 1 6 1.000000
  6 4.076846 0.313771 67.886528 0.964437 0.228976 0.132028 0.110097 0.788917 1 6 1.000000
lace
  6 4.078334 0.312740 67.845695 0.916820 0.169504 0.361538 0.121029 0.788917 1 6 1.000000
  6 4.039812 0.442403 67.861214 0.888430 0.277969 0.365273 0.121029 0.846981 1 6 1.000000
  6 4.076846 0.313771 67.886528 0.964437 0.228976 0.132028 0.110097 0.788917 1 6 1.000000
lace
  6 4.145944 -0.047371 67.912346 0.971258 0.219876 0.091173 0.110097 0.672788 1 6 1.000000
  6 4.117723 0.133995 67.828323 0.935664 0.161351 0.313845 0.121029 0.730852 1 6 1.000000
  6 4.108603 0.135307 67.900185 0.969186 0.203416 0.138926 0.110097 0.730852 1 6 1.000000
lace
  6 4.117723 0.133995 67.828323 0.935664 0.161351 0.313845 0.121029 0.730852 1 6 1.000000
  6 4.078334 0.312740 67.845695 0.916820 0.169504 0.361538 0.121029 0.788917 1 6 1.000000
  6 4.108603 0.135307 67.900185 0.969186 0.203416 0.138926 0.110097 0.730852 1 6 1.000000
lace
  6 4.155275 -0.053820 67.817863 0.940700 0.187094 0.282981 0.121029 0.672788 1 6 1.000000
  6 4.117723 0.133995 67.828323 0.935664 0.161351 0.313845 0.121029 0.730852 1 6 1.000000
  6 4.145944 -0.047371 67.912346 0.971258 0.219876 0.091173 0.110097 0.672788 1 6 1.000000
lace
  6 4.195476 -0.252392 67.900833 0.994213 -0.036693 0.100961 0.110097 0.618354 1 6 1.000000
  6 4.155275 -0.053820 67.817863 0.940700 0.187094 0.282981 0.121029 0.672788 1 6 1.000000
  6 4.145944 -0.047371 67.912346 0.971258 0.219876 0.091173 0.110097 0.672788 1 6 1.000000
lace
  6 4.117723 0.133995 67.828323 0.935664 0.161351 0.313845 0.121029 0.730852 1 6 1.000000
  6 4.121402 0.303229 67.792725 0.929883 0.238693 0.279899 0.133327 0.788917 1 6 1.000000
  6 4.078334 0.312740 67.845695 0.916820 0.169504 0.361538 0.121029 0.788917 1 6 1.000000
lace
  6 4.211872 -0.255889 67.777504 0.967297 -0.077507 0.241513 0.121029 0.618353 1 6 1.000000
  6 4.155275 -0.053820 67.817863 0.940700 0.187094 0.282981 0.121029 0.672788 1 6 1.000000
  6 4.195476 -0.252392 67.900833 0.994213 -0.036693 0.100961 0.110097 0.618354 1 6 1.000000
lace
  6 4.143430 -0.414396 67.885399 0.431822 -0.899681 0.064061 0.110097 0.556659 1 6 1.000000
  6 4.211872 -0.255889 67.777504 0.967297 -0.077507 0.241513 0.121029 0.618353 1 6 1.000000
  6 4.195476 -0.252392 67.900833 0.994213 -0.036693 0.100961 0.110097 0.618354 1 6 1.000000
lace
  6 4.155275 -0.053820 67.817863 0.940700 0.187094 0.282981 0.121029 0.672788 1 6 1.000000
  6 4.161461 0.134428 67.748611 0.906583 0.190444 0.376614 0.133327 0.730852 1 6 1.000000
  6 4.117723 0.133995 67.828323 0.935664 0.161351 0.313845 0.121029 0.730852 1 6 1.000000
lace
  6 4.161461 0.134428 67.748611 0.906583 0.190444 0.376614 0.133327 0.730852 1 6 1.000000
  6 4.121402 0.303229 67.792725 0.929883 0.238693 0.279899 0.133327 0.788917 1 6 1.000000
  6 4.117723 0.133995 67.828323 0.935664 0.161351 0.313845 0.121029 0.730852 1 6 1.000000
lace
  6 4.211872 -0.255889 67.777504 0.967297 -0.077507 0.241513 0.121029 0.618353 1 6 1.000000
  6 4.211931 -0.042516 67.713623 0.901846 0.149353 0.405423 0.133327 0.672788 1 6 1.000000
  6 4.155275 -0.053820 67.817863 0.940700 0.187094 0.282981 0.121029 0.672788 1 6 1.000000
lace
  6 4.211931 -0.042516 67.713623 0.901846 0.149353 0.405423 0.133327 0.672788 1 6 1.000000
  6 4.161461 0.134428 67.748611 0.906583 0.190444 0.376614 0.133327 0.730852 1 6 1.000000
  6 4.155275 -0.053820 67.817863 0.940700 0.187094 0.282981 0.121029 0.672788 1 6 1.000000
lace
  6 4.177926 -0.412692 67.725563 0.482427 -0.874420 0.051514 0.121029 0.556659 1 6 1.000000
  6 4.211872 -0.255889 67.777504 0.967297 -0.077507 0.241513 0.121029 0.618353 1 6 1.000000
  6 4.143430 -0.414396 67.885399 0.431822 -0.899681 0.064061 0.110097 0.556659 1 6 1.000000
lace
  6 4.143430 -0.414396 67.885399 0.431822 -0.899681 0.064061 0.110097 0.556659 1 6 1.000000
  6 4.081009 -0.395104 67.880714 -0.558638 -0.825682 -0.078565 0.110097 0.527628 1 6 1.000000
  6 4.177926 -0.412692 67.725563 0.482427 -0.874420 0.051514 0.121029 0.556659 1 6 1.000000
lace
  6 4.255297 -0.225954 67.649086 0.946915 -0.093096 0.307709 0.133327 0.618353 1 6 1.000000
  6 4.211931 -0.042516 67.713623 0.901846 0.149353 0.405423 0.133327 0.672788 1 6 1.000000
  6 4.211872 -0.255889 67.777504 0.967297 -0.077507 0.241513 0.121029 0.618353 1 6 1.000000
lace
  6 4.177926 -0.412692 67.725563 0.482427 -0.874420 0.051514 0.121029 0.556659 1 6 1.000000
  6 4.255297 -0.225954 67.649086 0.946915 -0.093096 0.307709 0.133327 0.618353 1 6 1.000000
  6 4.211872 -0.255889 67.777504 0.967297 -0.077507 0.241513 0.121029 0.618353 1 6 1.000000
lace
  6 4.161461 0.134428 67.748611 0.906583 0.190444 0.376614 0.133327 0.730852 1 6 1.000000
  6 4.211931 -0.042516 67.713623 0.901846 0.149353 0.405423 0.133327 0.672788 1 6 1.000000
  6 4.202221 0.145871 67.624222 0.909846 0.245978 0.334179 0.153824 0.730852 1 6 1.000000
lace
  6 4.118529 0.301808 67.706413 0.946795 0.318346 0.047273 0.153824 0.788917 1 6 1.000000
  6 4.161461 0.134428 67.748611 0.906583 0.190444 0.376614 0.133327 0.730852 1 6 1.000000
  6 4.202221 0.145871 67.624222 0.909846 0.245978 0.334179 0.153824 0.730852 1 6 1.000000
lace
  6 4.121402 0.303229 67.792725 0.929883 0.238693 0.279899 0.133327 0.788917 1 6 1.000000
  6 4.161461 0.134428 67.748611 0.906583 0.190444 0.376614 0.133327 0.730852 1 6 1.000000
  6 4.118529 0.301808 67.706413 0.946795 0.318346 0.047273 0.153824 0.788917 1 6 1.000000
lace
  6 4.202221 0.145871 67.624222 0.909846 0.245978 0.334179 0.153824 0.730852 1 6 1.000000
  6 4.211931 -0.042516 67.713623 0.901846 0.149353 0.405423 0.133327 0.672788 1 6 1.000000
  6 4.265171 -0.013554 67.564072 0.918771 0.151122 0.364722 0.153824 0.672788 1 6 1.000000
lace
  6 4.211931 -0.042516 67.713623 0.901846 0.149353 0.405423 0.133327 0.672788 1 6 1.000000
  6 4.255297 -0.225954 67.649086 0.946915 -0.093096 0.307709 0.133327 0.618353 1 6 1.000000
  6 4.265171 -0.013554 67.564072 0.918771 0.151122 0.364722 0.153824 0.672788 1 6 1.000000
lace
  6 4.062788 0.432601 67.792755 0.881326 0.439171 -0.174336 0.153824 0.846981 1 6 1.000000
  6 4.121402 0.303229 67.792725 0.929883 0.238693 0.279899 0.133327 0.788917 1 6 1.000000
  6 4.118529 0.301808 67.706413 0.946795 0.318346 0.047273 0.153824 0.788917 1 6 1.000000
lace
  6 4.265171 -0.013554 67.564072 0.918771 0.151122 0.364722 0.153824 0.672788 1 6 1.000000
  6 4.255297 -0.225954 67.649086 0.946915 -0.093096 0.307709 0.133327 0.618353 1 6 1.000000
  6 4.311753 -0.170237 67.496445 0.947573 -0.103613 0.302273 0.153824 0.614724 1 6 1.000000
lace
  6 4.072692 0.433062 67.836845 0.879883 0.329797 0.342110 0.133327 0.846981 1 6 1.000000
  6 4.121402 0.303229 67.792725 0.929883 0.238693 0.279899 0.133327 0.788917 1 6 1.000000
  6 4.062788 0.432601 67.792755 0.881326 0.439171 -0.174336 0.153824 0.846981 1 6 1.000000
lace
  6 4.121402 0.303229 67.792725 0.929883 0.238693 0.279899 0.133327 0.788917 1 6 1.000000
  6 4.072692 0.433062 67.836845 0.879883 0.329797 0.342110 0.133327 0.846981 1 6 1.000000
  6 4.078334 0.312740 67.845695 0.916820 0.169504 0.361538 0.121029 0.788917 1 6 1.000000
lace
  6 4.034032 0.493035 67.818275 0.879156 0.467401 -0.092847 0.153824 0.905045 1 6 1.000000
  6 4.072692 0.433062 67.836845 0.879883 0.329797 0.342110 0.133327 0.846981 1 6 1.000000
  6 4.062788 0.432601 67.792755 0.881326 0.439171 -0.174336 0.153824 0.846981 1 6 1.000000
lace
  6 4.078334 0.312740 67.845695 0.916820 0.169504 0.361538 0.121029 0.788917 1 6 1.000000
  6 4.072692 0.433062 67.836845 0.879883 0.329797 0.342110 0.133327 0.846981 1 6 1.000000
  6 4.039812 0.442403 67.861214 0.888430 0.277969 0.365273 0.121029 0.846981 1 6 1.000000
lace
  6 4.035337 0.495536 67.851807 0.838549 0.365141 0.404361 0.133327 0.905045 1 6 1.000000
  6 4.072692 0.433062 67.836845 0.879883 0.329797 0.342110 0.133327 0.846981 1 6 1.000000
  6 4.034032 0.493035 67.818275 0.879156 0.467401 -0.092847 0.153824 0.905045 1 6 1.000000
lace
  6 4.072692 0.433062 67.836845 0.879883 0.329797 0.342110 0.133327 0.846981 1 6 1.000000
  6 4.035337 0.495536 67.851807 0.838549 0.365141 0.404361 0.133327 0.905045 1 6 1.000000
  6 4.039812 0.442403 67.861214 0.888430 0.277969 0.365273 0.121029 0.846981 1 6 1.000000
lace
  6 4.012497 0.543693 67.825684 0.996154 -0.081918 0.031092 0.153824 0.963110 1 6 1.000000
  6 4.035337 0.495536 67.851807 0.838549 0.365141 0.404361 0.133327 0.905045 1 6 1.000000
  6 4.034032 0.493035 67.818275 0.879156 0.467401 -0.092847 0.153824 0.905045 1 6 1.000000
lace
  6 4.039812 0.442403 67.861214 0.888430 0.277969 0.365273 0.121029 0.846981 1 6 1.000000
  6 4.035337 0.495536 67.851807 0.838549 0.365141 0.404361 0.133327 0.905045 1 6 1.000000
  6 4.013704 0.497537 67.869553 0.897769 0.333383 0.287865 0.121029 0.905045 1 6 1.000000
lace
  6 4.035337 0.495536 67.851807 0.838549 0.365141 0.404361 0.133327 0.905045 1 6 1.000000
  6 4.009170 0.544158 67.859871 0.916406 -0.078563 0.392464 0.131961 0.963110 1 6 1.000000
  6 4.013704 0.497537 67.869553 0.897769 0.333383 0.287865 0.121029 0.905045 1 6 1.000000
lace
  6 4.009170 0.544158 67.859871 0.916406 -0.078563 0.392464 0.131961 0.963110 1 6 1.000000
  6 4.035337 0.495536 67.851807 0.838549 0.365141 0.404361 0.133327 0.905045 1 6 1.000000
  6 4.012497 0.543693 67.825684 0.996154 -0.081918 0.031092 0.153824 0.963110 1 6 1.000000
lace
  6 4.013704 0.497537 67.869553 0.897769 0.333383 0.287865 0.121029 0.905045 1 6 1.000000
  6 4.009170 0.544158 67.859871 0.916406 -0.078563 0.392464 0.131961 0.963110 1 6 1.000000
  6 4.000134 0.545307 67.877037 0.988625 -0.094671 0.116865 0.121029 0.963110 1 6 1.000000
lace
  6 4.009170 0.544158 67.859871 0.916406 -0.078563 0.392464 0.131961 0.963110 1 6 1.000000
  6 4.012497 0.543693 67.825684 0.996154 -0.081918 0.031092 0.153824 0.963110 1 6 1.000000
  6 4.041548 0.585459 67.851158 0.791906 -0.410567 0.452018 0.133327 0.905045 1 6 1.000000
lace
  6 4.041548 0.585459 67.851158 0.791906 -0.410567 0.452018 0.133327 0.905045 1 6 1.000000
  6 4.012497 0.543693 67.825684 0.996154 -0.081918 0.031092 0.153824 0.963110 1 6 1.000000
  6 4.039522 0.588273 67.817596 0.777620 -0.618193 -0.114645 0.153824 0.905045 1 6 1.000000
lace
  6 4.000134 0.545307 67.877037 0.988625 -0.094671 0.116865 0.121029 0.963110 1 6 1.000000
  6 4.009170 0.544158 67.859871 0.916406 -0.078563 0.392464 0.131961 0.963110 1 6 1.000000
  6 4.022171 0.588609 67.868889 0.889667 -0.392304 0.233646 0.121029 0.905045 1 6 1.000000
lace
  6 4.022171 0.588609 67.868889 0.889667 -0.392304 0.233646 0.121029 0.905045 1 6 1.000000
  6 4.009170 0.544158 67.859871 0.916406 -0.078563 0.392464 0.131961 0.963110 1 6 1.000000
  6 4.041548 0.585459 67.851158 0.791906 -0.410567 0.452018 0.133327 0.905045 1 6 1.000000
lace
  6 4.023748 0.585350 67.885887 0.850840 -0.525306 0.011166 0.110097 0.905045 1 6 1.000000
  6 4.000134 0.545307 67.877037 0.988625 -0.094671 0.116865 0.121029 0.963110 1 6 1.000000
  6 4.022171 0.588609 67.868889 0.889667 -0.392304 0.233646 0.121029 0.905045 1 6 1.000000
lace
  6 4.023748 0.585350 67.885887 0.850840 -0.525306 0.011166 0.110097 0.905045 1 6 1.000000
  6 4.022171 0.588609 67.868889 0.889667 -0.392304 0.233646 0.121029 0.905045 1 6 1.000000
  6 4.058515 0.630985 67.880127 0.816107 -0.473243 -0.331677 0.110097 0.846980 1 6 1.000000
lace
  6 4.041548 0.585459 67.851158 0.791906 -0.410567 0.452018 0.133327 0.905045 1 6 1.000000
  6 4.039522 0.588273 67.817596 0.777620 -0.618193 -0.114645 0.153824 0.905045 1 6 1.000000
  6 4.088302 0.637314 67.835358 0.731351 -0.504307 0.459130 0.133327 0.846981 1 6 1.000000
lace
  6 4.088302 0.637314 67.835358 0.731351 -0.504307 0.459130 0.133327 0.846981 1 6 1.000000
  6 4.039522 0.588273 67.817596 0.777620 -0.618193 -0.114645 0.153824 0.905045 1 6 1.000000
  6 4.079706 0.639951 67.791275 0.751904 -0.640381 -0.156691 0.153824 0.846981 1 6 1.000000
lace
  6 4.022171 0.588609 67.868889 0.889667 -0.392304 0.233646 0.121029 0.905045 1 6 1.000000
  6 4.041548 0.585459 67.851158 0.791906 -0.410567 0.452018 0.133327 0.905045 1 6 1.000000
  6 4.026246 0.639845 67.859795 0.938700 -0.331275 0.095391 0.121029 0.846981 1 6 1.000000
lace
  6 4.026246 0.639845 67.859795 0.938700 -0.331275 0.095391 0.121029 0.846981 1 6 1.000000
  6 4.041548 0.585459 67.851158 0.791906 -0.410567 0.452018 0.133327 0.905045 1 6 1.000000
  6 4.088302 0.637314 67.835358 0.731351 -0.504307 0.459130 0.133327 0.846981 1 6 1.000000
lace
  6 4.058515 0.630985 67.880127 0.816107 -0.473243 -0.331677 0.110097 0.846980 1 6 1.000000
  6 4.022171 0.588609 67.868889 0.889667 -0.392304 0.233646 0.121029 0.905045 1 6 1.000000
  6 4.026246 0.639845 67.859795 0.938700 -0.331275 0.095391 0.121029 0.846981 1 6 1.000000
lace
  6 4.088302 0.637314 67.835358 0.731351 -0.504307 0.459130 0.133327 0.846981 1 6 1.000000
  6 4.079706 0.639951 67.791275 0.751904 -0.640381 -0.156691 0.153824 0.846981 1 6 1.000000
  6 4.169884 0.750282 67.789490 0.837792 -0.462293 0.290497 0.133327 0.788917 1 6 1.000000
lace
  6 4.169884 0.750282 67.789490 0.837792 -0.462293 0.290497 0.133327 0.788917 1 6 1.000000
  6 4.079706 0.639951 67.791275 0.751904 -0.640381 -0.156691 0.153824 0.846981 1 6 1.000000
  6 4.169341 0.751737 67.703163 0.846343 -0.532490 0.012559 0.153824 0.788917 1 6 1.000000
lace
  6 4.026246 0.639845 67.859795 0.938700 -0.331275 0.095391 0.121029 0.846981 1 6 1.000000
  6 4.088302 0.637314 67.835358 0.731351 -0.504307 0.459130 0.133327 0.846981 1 6 1.000000
  6 4.125858 0.751850 67.842529 0.817481 -0.430040 0.383132 0.121029 0.788917 1 6 1.000000
lace
  6 4.125858 0.751850 67.842529 0.817481 -0.430040 0.383132 0.121029 0.788917 1 6 1.000000
  6 4.088302 0.637314 67.835358 0.731351 -0.504307 0.459130 0.133327 0.846981 1 6 1.000000
  6 4.169884 0.750282 67.789490 0.837792 -0.462293 0.290497 0.133327 0.788917 1 6 1.000000
lace
  6 4.058515 0.630985 67.880127 0.816107 -0.473243 -0.331677 0.110097 0.846980 1 6 1.000000
  6 4.026246 0.639845 67.859795 0.938700 -0.331275 0.095391 0.121029 0.846981 1 6 1.000000
  6 4.124616 0.751251 67.883362 0.862734 -0.498468 0.084970 0.110097 0.788917 1 6 1.000000
lace
  6 4.124616 0.751251 67.883362 0.862734 -0.498468 0.084970 0.110097 0.788917 1 6 1.000000
  6 4.026246 0.639845 67.859795 0.938700 -0.331275 0.095391 0.121029 0.846981 1 6 1.000000
  6 4.125858 0.751850 67.842529 0.817481 -0.430040 0.383132 0.121029 0.788917 1 6 1.000000
lace
  6 4.058515 0.630985 67.880127 0.816107 -0.473243 -0.331677 0.110097 0.846980 1 6 1.000000
  6 4.124616 0.751251 67.883362 0.862734 -0.498468 0.084970 0.110097 0.788917 1 6 1.000000
  6 4.052421 0.632581 67.899673 0.832207 -0.516752 -0.200996 0.099166 0.846980 1 6 1.000000
lace
  6 4.052421 0.632581 67.899673 0.832207 -0.516752 -0.200996 0.099166 0.846980 1 6 1.000000
  6 4.124616 0.751251 67.883362 0.862734 -0.498468 0.084970 0.110097 0.788917 1 6 1.000000
  6 4.115734 0.751282 67.918411 0.911289 -0.389546 -0.133439 0.099166 0.788917 1 6 1.000000
lace
  6 4.124616 0.751251 67.883362 0.862734 -0.498468 0.084970 0.110097 0.788917 1 6 1.000000
  6 4.199656 0.915079 67.894524 0.893706 -0.429087 0.131047 0.110097 0.730852 1 6 1.000000
  6 4.115734 0.751282 67.918411 0.911289 -0.389546 -0.133439 0.099166 0.788917 1 6 1.000000
lace
  6 4.124616 0.751251 67.883362 0.862734 -0.498468 0.084970 0.110097 0.788917 1 6 1.000000
  6 4.125858 0.751850 67.842529 0.817481 -0.430040 0.383132 0.121029 0.788917 1 6 1.000000
  6 4.199656 0.915079 67.894524 0.893706 -0.429087 0.131047 0.110097 0.730852 1 6 1.000000
lace
  6 4.115734 0.751282 67.918411 0.911289 -0.389546 -0.133439 0.099166 0.788917 1 6 1.000000
  6 4.199656 0.915079 67.894524 0.893706 -0.429087 0.131047 0.110097 0.730852 1 6 1.000000
  6 4.187790 0.915147 67.966362 0.929753 -0.364922 -0.048906 0.099166 0.730853 1 6 1.000000
lace
  6 4.125858 0.751850 67.842529 0.817481 -0.430040 0.383132 0.121029 0.788917 1 6 1.000000
  6 4.169884 0.750282 67.789490 0.837792 -0.462293 0.290497 0.133327 0.788917 1 6 1.000000
  6 4.208460 0.913998 67.822662 0.869560 -0.381383 0.313708 0.121029 0.730852 1 6 1.000000
lace
  6 4.199656 0.915079 67.894524 0.893706 -0.429087 0.131047 0.110097 0.730852 1 6 1.000000
  6 4.125858 0.751850 67.842529 0.817481 -0.430040 0.383132 0.121029 0.788917 1 6 1.000000
  6 4.208460 0.913998 67.822662 0.869560 -0.381383 0.313708 0.121029 0.730852 1 6 1.000000
lace
  6 4.199656 0.915079 67.894524 0.893706 -0.429087 0.131047 0.110097 0.730852 1 6 1.000000
  6 4.276785 1.081214 67.904160 0.907745 -0.395090 0.141076 0.110097 0.672788 1 6 1.000000
  6 4.187790 0.915147 67.966362 0.929753 -0.364922 -0.048906 0.099166 0.730853 1 6 1.000000
lace
  6 4.199656 0.915079 67.894524 0.893706 -0.429087 0.131047 0.110097 0.730852 1 6 1.000000
  6 4.208460 0.913998 67.822662 0.869560 -0.381383 0.313708 0.121029 0.730852 1 6 1.000000
  6 4.276785 1.081214 67.904160 0.907745 -0.395090 0.141076 0.110097 0.672788 1 6 1.000000
lace
  6 4.187790 0.915147 67.966362 0.929753 -0.364922 -0.048906 0.099166 0.730853 1 6 1.000000
  6 4.276785 1.081214 67.904160 0.907745 -0.395090 0.141076 0.110097 0.672788 1 6 1.000000
  6 4.259014 1.085402 68.006859 0.924807 -0.379122 0.031582 0.099166 0.672788 1 6 1.000000
lace
  6 4.208460 0.913998 67.822662 0.869560 -0.381383 0.313708 0.121029 0.730852 1 6 1.000000
  6 4.169884 0.750282 67.789490 0.837792 -0.462293 0.290497 0.133327 0.788917 1 6 1.000000
  6 4.250487 0.902725 67.742973 0.877247 -0.393729 0.274619 0.133327 0.730852 1 6 1.000000
lace
  6 4.169884 0.750282 67.789490 0.837792 -0.462293 0.290497 0.133327 0.788917 1 6 1.000000
  6 4.169341 0.751737 67.703163 0.846343 -0.532490 0.012559 0.153824 0.788917 1 6 1.000000
  6 4.250487 0.902725 67.742973 0.877247 -0.393729 0.274619 0.133327 0.730852 1 6 1.000000
lace
  6 4.250487 0.902725 67.742973 0.877247 -0.393729 0.274619 0.133327 0.730852 1 6 1.000000
  6 4.169341 0.751737 67.703163 0.846343 -0.532490 0.012559 0.153824 0.788917 1 6 1.000000
  6 4.262617 0.897803 67.624901 0.890018 -0.438083 0.126294 0.153824 0.730852 1 6 1.000000
lace
  6 4.276785 1.081214 67.904160 0.907745 -0.395090 0.141076 0.110097 0.672788 1 6 1.000000
  6 4.208460 0.913998 67.822662 0.869560 -0.381383 0.313708 0.121029 0.730852 1 6 1.000000
  6 4.289593 1.084617 67.809624 0.898391 -0.365871 0.242964 0.121029 0.672788 1 6 1.000000
lace
  6 4.208460 0.913998 67.822662 0.869560 -0.381383 0.313708 0.121029 0.730852 1 6 1.000000
  6 4.250487 0.902725 67.742973 0.877247 -0.393729 0.274619 0.133327 0.730852 1 6 1.000000
  6 4.289593 1.084617 67.809624 0.898391 -0.365871 0.242964 0.121029 0.672788 1 6 1.000000
lace
  6 4.276785 1.081214 67.904160 0.907745 -0.395090 0.141076 0.110097 0.672788 1 6 1.000000
  6 4.353995 1.267607 67.890938 0.949356 -0.289739 0.121552 0.110097 0.618354 1 6 1.000000
  6 4.259014 1.085402 68.006859 0.924807 -0.379122 0.031582 0.099166 0.672788 1 6 1.000000
lace
  6 4.276785 1.081214 67.904160 0.907745 -0.395090 0.141076 0.110097 0.672788 1 6 1.000000
  6 4.289593 1.084617 67.809624 0.898391 -0.365871 0.242964 0.121029 0.672788 1 6 1.000000
  6 4.353995 1.267607 67.890938 0.949356 -0.289739 0.121552 0.110097 0.618354 1 6 1.000000
lace
  6 4.259014 1.085402 68.006859 0.924807 -0.379122 0.031582 0.099166 0.672788 1 6 1.000000
  6 4.353995 1.267607 67.890938 0.949356 -0.289739 0.121552 0.110097 0.618354 1 6 1.000000
  6 4.341983 1.269564 68.043251 0.951531 -0.306688 0.023062 0.099166 0.618354 1 6 1.000000
lace
  6 4.353995 1.267607 67.890938 0.949356 -0.289739 0.121552 0.110097 0.618354 1 6 1.000000
  6 4.374534 1.374841 67.883865 0.981739 0.161482 0.100561 0.110097 0.585692 1 6 1.000000
  6 4.341983 1.269564 68.043251 0.951531 -0.306688 0.023062 0.099166 0.618354 1 6 1.000000
lace
  6 4.250487 0.902725 67.742973 0.877247 -0.393729 0.274619 0.133327 0.730852 1 6 1.000000
  6 4.262617 0.897803 67.624901 0.890018 -0.438083 0.126294 0.153824 0.730852 1 6 1.000000
  6 4.327137 1.067762 67.702126 0.907070 -0.341147 0.246661 0.133327 0.672788 1 6 1.000000
lace
  6 4.289593 1.084617 67.809624 0.898391 -0.365871 0.242964 0.121029 0.672788 1 6 1.000000
  6 4.250487 0.902725 67.742973 0.877247 -0.393729 0.274619 0.133327 0.730852 1 6 1.000000
  6 4.327137 1.067762 67.702126 0.907070 -0.341147 0.246661 0.133327 0.672788 1 6 1.000000
lace
  6 4.327137 1.067762 67.702126 0.907070 -0.341147 0.246661 0.133327 0.672788 1 6 1.000000
  6 4.262617 0.897803 67.624901 0.890018 -0.438083 0.126294 0.153824 0.730852 1 6 1.000000
  6 4.344292 1.046798 67.565758 0.914197 -0.359213 0.187642 0.153824 0.672788 1 6 1.000000
lace
  6 4.353995 1.267607 67.890938 0.949356 -0.289739 0.121552 0.110097 0.618354 1 6 1.000000
  6 4.289593 1.084617 67.809624 0.898391 -0.365871 0.242964 0.121029 0.672788 1 6 1.000000
  6 4.374602 1.268316 67.766815 0.953253 -0.237328 0.187041 0.121029 0.618353 1 6 1.000000
lace
  6 4.289593 1.084617 67.809624 0.898391 -0.365871 0.242964 0.121029 0.672788 1 6 1.000000
  6 4.327137 1.067762 67.702126 0.907070 -0.341147 0.246661 0.133327 0.672788 1 6 1.000000
  6 4.374602 1.268316 67.766815 0.953253 -0.237328 0.187041 0.121029 0.618353 1 6 1.000000
lace
  6 4.353995 1.267607 67.890938 0.949356 -0.289739 0.121552 0.110097 0.618354 1 6 1.000000
  6 4.374602 1.268316 67.766815 0.953253 -0.237328 0.187041 0.121029 0.618353 1 6 1.000000
  6 4.374534 1.374841 67.883865 0.981739 0.161482 0.100561 0.110097 0.585692 1 6 1.000000
lace
  6 4.327137 1.067762 67.702126 0.907070 -0.341147 0.246661 0.133327 0.672788 1 6 1.000000
  6 4.344292 1.046798 67.565758 0.914197 -0.359213 0.187642 0.153824 0.672788 1 6 1.000000
  6 4.395607 1.242463 67.639214 0.959674 -0.206440 0.190810 0.133327 0.618353 1 6 1.000000
lace
  6 4.374602 1.268316 67.766815 0.953253 -0.237328 0.187041 0.121029 0.618353 1 6 1.000000
  6 4.327137 1.067762 67.702126 0.907070 -0.341147 0.246661 0.133327 0.672788 1 6 1.000000
  6 4.395607 1.242463 67.639214 0.959674 -0.206440 0.190810 0.133327 0.618353 1 6 1.000000
lace
  6 4.395607 1.242463 67.639214 0.959674 -0.206440 0.190810 0.133327 0.618353 1 6 1.000000
  6 4.344292 1.046798 67.565758 0.914197 -0.359213 0.187642 0.153824 0.672788 1 6 1.000000
  6 4.414673 1.194094 67.499519 0.954278 -0.212089 0.210644 0.153824 0.614724 1 6 1.000000
lace
  6 4.374534 1.374841 67.883865 0.981739 0.161482 0.100561 0.110097 0.585692 1 6 1.000000
  6 4.374602 1.268316 67.766815 0.953253 -0.237328 0.187041 0.121029 0.618353 1 6 1.000000
  6 4.393570 1.371424 67.739235 0.971944 0.209195 0.107531 0.121029 0.585692 1 6 1.000000
lace
  6 4.374602 1.268316 67.766815 0.953253 -0.237328 0.187041 0.121029 0.618353 1 6 1.000000
  6 4.395607 1.242463 67.639214 0.959674 -0.206440 0.190810 0.133327 0.618353 1 6 1.000000
  6 4.393570 1.371424 67.739235 0.971944 0.209195 0.107531 0.121029 0.585692 1 6 1.000000
lace
  6 4.395607 1.242463 67.639214 0.959674 -0.206440 0.190810 0.133327 0.618353 1 6 1.000000
  6 4.414673 1.194094 67.499519 0.954278 -0.212089 0.210644 0.153824 0.614724 1 6 1.000000
  6 4.413942 1.337203 67.592957 0.978559 0.187411 0.085442 0.133327 0.585692 1 6 1.000000
lace
  6 4.393570 1.371424 67.739235 0.971944 0.209195 0.107531 0.121029 0.585692 1 6 1.000000
  6 4.395607 1.242463 67.639214 0.959674 -0.206440 0.190810 0.133327 0.618353 1 6 1.000000
  6 4.413942 1.337203 67.592957 0.978559 0.187411 0.085442 0.133327 0.585692 1 6 1.000000
lace
  6 4.413942 1.337203 67.592957 0.978559 0.187411 0.085442 0.133327 0.585692 1 6 1.000000
  6 4.414673 1.194094 67.499519 0.954278 -0.212089 0.210644 0.153824 0.614724 1 6 1.000000
  6 4.435584 1.278453 67.448036 0.981815 0.161492 0.099798 0.153824 0.585692 1 6 1.000000
lace
  6 4.393570 1.371424 67.739235 0.971944 0.209195 0.107531 0.121029 0.585692 1 6 1.000000
  6 4.341858 1.436508 67.876915 0.479315 0.876453 0.045690 0.110097 0.556659 1 6 1.000000
  6 4.374534 1.374841 67.883865 0.981739 0.161482 0.100561 0.110097 0.585692 1 6 1.000000
lace
  6 4.341858 1.436508 67.876915 0.479315 0.876453 0.045690 0.110097 0.556659 1 6 1.000000
  6 4.330735 1.433535 68.066025 0.468280 0.877500 0.103472 0.099166 0.556659 1 6 1.000000
  6 4.374534 1.374841 67.883865 0.981739 0.161482 0.100561 0.110097 0.585692 1 6 1.000000
lace
  6 4.393570 1.371424 67.739235 0.971944 0.209195 0.107531 0.121029 0.585692 1 6 1.000000
  6 4.413942 1.337203 67.592957 0.978559 0.187411 0.085442 0.133327 0.585692 1 6 1.000000
  6 4.358854 1.434961 67.713776 0.533548 0.845757 -0.004629 0.121029 0.556659 1 6 1.000000
lace
  6 4.358854 1.434961 67.713776 0.533548 0.845757 -0.004629 0.121029 0.556659 1 6 1.000000
  6 4.341858 1.436508 67.876915 0.479315 0.876453 0.045690 0.110097 0.556659 1 6 1.000000
  6 4.393570 1.371424 67.739235 0.971944 0.209195 0.107531 0.121029 0.585692 1 6 1.000000
lace
  6 4.413942 1.337203 67.592957 0.978559 0.187411 0.085442 0.133327 0.585692 1 6 1.000000
  6 4.435584 1.278453 67.448036 0.981815 0.161492 0.099798 0.153824 0.585692 1 6 1.000000
  6 4.382050 1.402592 67.557762 0.667084 0.739894 -0.086925 0.133327 0.556659 1 6 1.000000
lace
  6 4.358854 1.434961 67.713776 0.533548 0.845757 -0.004629 0.121029 0.556659 1 6 1.000000
  6 4.413942 1.337203 67.592957 0.978559 0.187411 0.085442 0.133327 0.585692 1 6 1.000000
  6 4.382050 1.402592 67.557762 0.667084 0.739894 -0.086925 0.133327 0.556659 1 6 1.000000
lace
  6 4.382050 1.402592 67.557762 0.667084 0.739894 -0.086925 0.133327 0.556659 1 6 1.000000
  6 4.435584 1.278453 67.448036 0.981815 0.161492 0.099798 0.153824 0.585692 1 6 1.000000
  6 4.411118 1.343585 67.408981 0.733585 0.673008 -0.094412 0.153824 0.556659 1 6 1.000000
lace
  6 4.275716 1.433195 67.871964 -0.376319 0.926208 -0.022863 0.110097 0.527628 1 6 1.000000
  6 4.330735 1.433535 68.066025 0.468280 0.877500 0.103472 0.099166 0.556659 1 6 1.000000
  6 4.341858 1.436508 67.876915 0.479315 0.876453 0.045690 0.110097 0.556659 1 6 1.000000
lace
  6 4.358854 1.434961 67.713776 0.533548 0.845757 -0.004629 0.121029 0.556659 1 6 1.000000
  6 4.275716 1.433195 67.871964 -0.376319 0.926208 -0.022863 0.110097 0.527628 1 6 1.000000
  6 4.341858 1.436508 67.876915 0.479315 0.876453 0.045690 0.110097 0.556659 1 6 1.000000
lace
  6 4.263961 1.429413 68.077827 -0.345597 0.936028 0.066444 0.099166 0.527628 1 6 1.000000
  6 4.330735 1.433535 68.066025 0.468280 0.877500 0.103472 0.099166 0.556659 1 6 1.000000
  6 4.275716 1.433195 67.871964 -0.376319 0.926208 -0.022863 0.110097 0.527628 1 6 1.000000
lace
  6 4.125228 1.304065 67.879547 -0.827636 0.553393 -0.093669 0.110097 0.469562 1 6 1.000000
  6 4.263961 1.429413 68.077827 -0.345597 0.936028 0.066444 0.099166 0.527628 1 6 1.000000
  6 4.275716 1.433195 67.871964 -0.376319 0.926208 -0.022863 0.110097 0.527628 1 6 1.000000
lace
  6 4.382050 1.402592 67.557762 0.667084 0.739894 -0.086925 0.133327 0.556659 1 6 1.000000
  6 4.299428 1.441004 67.689079 -0.284495 0.952530 -0.108393 0.121029 0.527628 1 6 1.000000
  6 4.358854 1.434961 67.713776 0.533548 0.845757 -0.004629 0.121029 0.556659 1 6 1.000000
lace
  6 4.299428 1.441004 67.689079 -0.284495 0.952530 -0.108393 0.121029 0.527628 1 6 1.000000
  6 4.275716 1.433195 67.871964 -0.376319 0.926208 -0.022863 0.110097 0.527628 1 6 1.000000
  6 4.358854 1.434961 67.713776 0.533548 0.845757 -0.004629 0.121029 0.556659 1 6 1.000000
lace
  6 4.382050 1.402592 67.557762 0.667084 0.739894 -0.086925 0.133327 0.556659 1 6 1.000000
  6 4.411118 1.343585 67.408981 0.733585 0.673008 -0.094412 0.153824 0.556659 1 6 1.000000
  6 4.324872 1.420642 67.525002 -0.130262 0.954106 -0.269653 0.133327 0.527628 1 6 1.000000
lace
  6 4.324872 1.420642 67.525002 -0.130262 0.954106 -0.269653 0.133327 0.527628 1 6 1.000000
  6 4.299428 1.441004 67.689079 -0.284495 0.952530 -0.108393 0.121029 0.527628 1 6 1.000000
  6 4.382050 1.402592 67.557762 0.667084 0.739894 -0.086925 0.133327 0.556659 1 6 1.000000
lace
  6 4.324872 1.420642 67.525002 -0.130262 0.954106 -0.269653 0.133327 0.527628 1 6 1.000000
  6 4.411118 1.343585 67.408981 0.733585 0.673008 -0.094412 0.153824 0.556659 1 6 1.000000
  6 4.369474 1.363160 67.375824 -0.100579 0.907218 -0.408460 0.153824 0.527628 1 6 1.000000
lace
  6 4.157543 1.310972 67.696503 -0.824553 0.547497 -0.142684 0.121029 0.469562 1 6 1.000000
  6 4.275716 1.433195 67.871964 -0.376319 0.926208 -0.022863 0.110097 0.527628 1 6 1.000000
  6 4.299428 1.441004 67.689079 -0.284495 0.952530 -0.108393 0.121029 0.527628 1 6 1.000000
lace
  6 4.299428 1.441004 67.689079 -0.284495 0.952530 -0.108393 0.121029 0.527628 1 6 1.000000
  6 4.324872 1.420642 67.525002 -0.130262 0.954106 -0.269653 0.133327 0.527628 1 6 1.000000
  6 4.157543 1.310972 67.696503 -0.824553 0.547497 -0.142684 0.121029 0.469562 1 6 1.000000
lace
  6 4.125228 1.304065 67.879547 -0.827636 0.553393 -0.093669 0.110097 0.469562 1 6 1.000000
  6 4.275716 1.433195 67.871964 -0.376319 0.926208 -0.022863 0.110097 0.527628 1 6 1.000000
  6 4.157543 1.310972 67.696503 -0.824553 0.547497 -0.142684 0.121029 0.469562 1 6 1.000000
lace
  6 4.324872 1.420642 67.525002 -0.130262 0.954106 -0.269653 0.133327 0.527628 1 6 1.000000
  6 4.369474 1.363160 67.375824 -0.100579 0.907218 -0.408460 0.153824 0.527628 1 6 1.000000
  6 4.193852 1.315692 67.514427 -0.780201 0.523601 -0.342239 0.133327 0.469562 1 6 1.000000
lace
  6 4.157543 1.310972 67.696503 -0.824553 0.547497 -0.142684 0.121029 0.469562 1 6 1.000000
  6 4.324872 1.420642 67.525002 -0.130262 0.954106 -0.269653 0.133327 0.527628 1 6 1.000000
  6 4.193852 1.315692 67.514427 -0.780201 0.523601 -0.342239 0.133327 0.469562 1 6 1.000000
lace
  6 4.193852 1.315692 67.514427 -0.780201 0.523601 -0.342239 0.133327 0.469562 1 6 1.000000
  6 4.369474 1.363160 67.375824 -0.100579 0.907218 -0.408460 0.153824 0.527628 1 6 1.000000
  6 4.277909 1.269949 67.359375 -0.735438 0.428322 -0.525045 0.153824 0.469562 1 6 1.000000
lace
  6 4.277909 1.269949 67.359375 -0.735438 0.428322 -0.525045 0.153824 0.469562 1 6 1.000000
  6 4.246449 1.170631 67.382507 -0.857903 0.079860 -0.507567 0.153824 0.440531 1 6 1.000000
  6 4.193852 1.315692 67.514427 -0.780201 0.523601 -0.342239 0.133327 0.469562 1 6 1.000000
lace
  6 4.122727 1.214688 67.712242 -0.964974 0.206036 -0.162403 0.121029 0.436902 1 6 1.000000
  6 4.125228 1.304065 67.879547 -0.827636 0.553393 -0.093669 0.110097 0.469562 1 6 1.000000
  6 4.157543 1.310972 67.696503 -0.824553 0.547497 -0.142684 0.121029 0.469562 1 6 1.000000
lace
  6 4.094249 1.213422 67.886139 -0.972581 0.195586 -0.125826 0.110097 0.436902 1 6 1.000000
  6 4.125228 1.304065 67.879547 -0.827636 0.553393 -0.093669 0.110097 0.469562 1 6 1.000000
  6 4.122727 1.214688 67.712242 -0.964974 0.206036 -0.162403 0.121029 0.436902 1 6 1.000000
lace
  6 4.157082 1.214558 67.536964 -0.916969 0.156695 -0.366899 0.133327 0.436902 1 6 1.000000
  6 4.157543 1.310972 67.696503 -0.824553 0.547497 -0.142684 0.121029 0.469562 1 6 1.000000
  6 4.193852 1.315692 67.514427 -0.780201 0.523601 -0.342239 0.133327 0.469562 1 6 1.000000
lace
  6 4.193852 1.315692 67.514427 -0.780201 0.523601 -0.342239 0.133327 0.469562 1 6 1.000000
  6 4.246449 1.170631 67.382507 -0.857903 0.079860 -0.507567 0.153824 0.440531 1 6 1.000000
  6 4.157082 1.214558 67.536964 -0.916969 0.156695 -0.366899 0.133327 0.436902 1 6 1.000000
lace
  6 4.122727 1.214688 67.712242 -0.964974 0.206036 -0.162403 0.121029 0.436902 1 6 1.000000
  6 4.157543 1.310972 67.696503 -0.824553 0.547497 -0.142684 0.121029 0.469562 1 6 1.000000
  6 4.157082 1.214558 67.536964 -0.916969 0.156695 -0.366899 0.133327 0.436902 1 6 1.000000
lace
  6 4.246449 1.170631 67.382507 -0.857903 0.079860 -0.507567 0.153824 0.440531 1 6 1.000000
  6 4.192720 1.011437 67.490120 -0.836254 -0.024996 -0.547772 0.153824 0.382466 1 6 1.000000
  6 4.157082 1.214558 67.536964 -0.916969 0.156695 -0.366899 0.133327 0.436902 1 6 1.000000
lace
  6 4.104941 1.057521 67.747383 -0.978117 0.162838 -0.129501 0.121029 0.382466 1 6 1.000000
  6 4.094249 1.213422 67.886139 -0.972581 0.195586 -0.125826 0.110097 0.436902 1 6 1.000000
  6 4.122727 1.214688 67.712242 -0.964974 0.206036 -0.162403 0.121029 0.436902 1 6 1.000000
lace
  6 4.081795 1.057548 67.903786 -0.979833 0.146071 -0.136345 0.110097 0.382466 1 6 1.000000
  6 4.094249 1.213422 67.886139 -0.972581 0.195586 -0.125826 0.110097 0.436902 1 6 1.000000
  6 4.104941 1.057521 67.747383 -0.978117 0.162838 -0.129501 0.121029 0.382466 1 6 1.000000
lace
  6 4.122481 1.050470 67.589668 -0.921822 0.072540 -0.380764 0.133327 0.382466 1 6 1.000000
  6 4.122727 1.214688 67.712242 -0.964974 0.206036 -0.162403 0.121029 0.436902 1 6 1.000000
  6 4.157082 1.214558 67.536964 -0.916969 0.156695 -0.366899 0.133327 0.436902 1 6 1.000000
lace
  6 4.157082 1.214558 67.536964 -0.916969 0.156695 -0.366899 0.133327 0.436902 1 6 1.000000
  6 4.192720 1.011437 67.490120 -0.836254 -0.024996 -0.547772 0.153824 0.382466 1 6 1.000000
  6 4.122481 1.050470 67.589668 -0.921822 0.072540 -0.380764 0.133327 0.382466 1 6 1.000000
lace
  6 4.104941 1.057521 67.747383 -0.978117 0.162838 -0.129501 0.121029 0.382466 1 6 1.000000
  6 4.122727 1.214688 67.712242 -0.964974 0.206036 -0.162403 0.121029 0.436902 1 6 1.000000
  6 4.122481 1.050470 67.589668 -0.921822 0.072540 -0.380764 0.133327 0.382466 1 6 1.000000
lace
  6 4.192720 1.011437 67.490120 -0.836254 -0.024996 -0.547772 0.153824 0.382466 1 6 1.000000
  6 3.998108 0.632809 67.787376 -0.912730 -0.014195 -0.408316 0.153824 0.208273 1 6 1.000000
  6 4.122481 1.050470 67.589668 -0.921822 0.072540 -0.380764 0.133327 0.382466 1 6 1.000000
lace
  6 4.104941 1.057521 67.747383 -0.978117 0.162838 -0.129501 0.121029 0.382466 1 6 1.000000
  6 3.983556 0.624299 67.863327 -0.992323 0.090459 0.084338 0.121029 0.208273 1 6 1.000000
  6 4.081795 1.057548 67.903786 -0.979833 0.146071 -0.136345 0.110097 0.382466 1 6 1.000000
lace
  6 4.122481 1.050470 67.589668 -0.921822 0.072540 -0.380764 0.133327 0.382466 1 6 1.000000
  6 3.998108 0.632809 67.787376 -0.912730 -0.014195 -0.408316 0.153824 0.208273 1 6 1.000000
  6 3.978067 0.630835 67.834023 -0.995205 0.050016 -0.084059 0.133327 0.208273 1 6 1.000000
lace
  6 4.122481 1.050470 67.589668 -0.921822 0.072540 -0.380764 0.133327 0.382466 1 6 1.000000
  6 3.978067 0.630835 67.834023 -0.995205 0.050016 -0.084059 0.133327 0.208273 1 6 1.000000
  6 4.104941 1.057521 67.747383 -0.978117 0.162838 -0.129501 0.121029 0.382466 1 6 1.000000
lace
  6 4.104941 1.057521 67.747383 -0.978117 0.162838 -0.129501 0.121029 0.382466 1 6 1.000000
  6 3.978067 0.630835 67.834023 -0.995205 0.050016 -0.084059 0.133327 0.208273 1 6 1.000000
  6 3.983556 0.624299 67.863327 -0.992323 0.090459 0.084338 0.121029 0.208273 1 6 1.000000
lace
  6 3.998108 0.632809 67.787376 -0.912730 -0.014195 -0.408316 0.153824 0.208273 1 6 1.000000
  6 3.997419 0.582972 67.816696 -0.899213 -0.260228 -0.351705 0.153824 0.150210 1 6 1.000000
  6 3.978067 0.630835 67.834023 -0.995205 0.050016 -0.084059 0.133327 0.208273 1 6 1.000000
lace
  6 3.984886 0.580133 67.852570 -0.961680 -0.264768 -0.071200 0.133327 0.150210 1 6 1.000000
  6 3.983556 0.624299 67.863327 -0.992323 0.090459 0.084338 0.121029 0.208273 1 6 1.000000
  6 3.978067 0.630835 67.834023 -0.995205 0.050016 -0.084059 0.133327 0.208273 1 6 1.000000
lace
  6 3.978067 0.630835 67.834023 -0.995205 0.050016 -0.084059 0.133327 0.208273 1 6 1.000000
  6 3.997419 0.582972 67.816696 -0.899213 -0.260228 -0.351705 0.153824 0.150210 1 6 1.000000
  6 3.984886 0.580133 67.852570 -0.961680 -0.264768 -0.071200 0.133327 0.150210 1 6 1.000000
lace
  6 3.987242 0.579998 67.872215 -0.977955 -0.206665 0.029896 0.121029 0.150210 1 6 1.000000
  6 3.983556 0.624299 67.863327 -0.992323 0.090459 0.084338 0.121029 0.208273 1 6 1.000000
  6 3.984886 0.580133 67.852570 -0.961680 -0.264768 -0.071200 0.133327 0.150210 1 6 1.000000
lace
  6 3.997419 0.582972 67.816696 -0.899213 -0.260228 -0.351705 0.153824 0.150210 1 6 1.000000
  6 4.006978 0.544370 67.825920 -0.958620 0.096902 -0.267688 0.153824 0.092145 1 6 1.000000
  6 3.984886 0.580133 67.852570 -0.961680 -0.264768 -0.071200 0.133327 0.150210 1 6 1.000000
lace
  6 4.001401 0.545132 67.859795 -0.982223 0.099854 -0.158957 0.131961 0.092145 1 6 1.000000
  6 3.987242 0.579998 67.872215 -0.977955 -0.206665 0.029896 0.121029 0.150210 1 6 1.000000
  6 3.984886 0.580133 67.852570 -0.961680 -0.264768 -0.071200 0.133327 0.150210 1 6 1.000000
lace
  6 3.984886 0.580133 67.852570 -0.961680 -0.264768 -0.071200 0.133327 0.150210 1 6 1.000000
  6 4.006978 0.544370 67.825920 -0.958620 0.096902 -0.267688 0.153824 0.092145 1 6 1.000000
  6 4.001401 0.545132 67.859795 -0.982223 0.099854 -0.158957 0.131961 0.092145 1 6 1.000000
lace
  6 4.006978 0.544370 67.825920 -0.958620 0.096902 -0.267688 0.153824 0.092145 1 6 1.000000
  6 3.978633 0.514935 67.853058 -0.879633 0.469974 -0.073278 0.133327 0.150210 1 6 1.000000
  6 4.001401 0.545132 67.859795 -0.982223 0.099854 -0.158957 0.131961 0.092145 1 6 1.000000
lace
  6 3.990057 0.509021 67.817230 -0.751395 0.296907 -0.589281 0.153824 0.150210 1 6 1.000000
  6 3.978633 0.514935 67.853058 -0.879633 0.469974 -0.073278 0.133327 0.150210 1 6 1.000000
  6 4.006978 0.544370 67.825920 -0.958620 0.096902 -0.267688 0.153824 0.092145 1 6 1.000000
lace
  6 3.978633 0.514935 67.853058 -0.879633 0.469974 -0.073278 0.133327 0.150210 1 6 1.000000
  6 3.980941 0.514556 67.872688 -0.908633 0.416874 0.024537 0.121029 0.150210 1 6 1.000000
  6 4.001401 0.545132 67.859795 -0.982223 0.099854 -0.158957 0.131961 0.092145 1 6 1.000000
lace
  6 3.990057 0.509021 67.817230 -0.751395 0.296907 -0.589281 0.153824 0.150210 1 6 1.000000
  6 3.960144 0.467225 67.835220 -0.939076 0.152633 -0.307959 0.133327 0.208273 1 6 1.000000
  6 3.978633 0.514935 67.853058 -0.879633 0.469974 -0.073278 0.133327 0.150210 1 6 1.000000
lace
  6 4.048043 0.451785 67.788597 -0.461852 0.300045 -0.834665 0.153824 0.208273 1 6 1.000000
  6 3.960144 0.467225 67.835220 -0.939076 0.152633 -0.307959 0.133327 0.208273 1 6 1.000000
  6 3.990057 0.509021 67.817230 -0.751395 0.296907 -0.589281 0.153824 0.150210 1 6 1.000000
lace
  6 3.978633 0.514935 67.853058 -0.879633 0.469974 -0.073278 0.133327 0.150210 1 6 1.000000
  6 3.966858 0.472359 67.864441 -0.987447 0.142449 0.068242 0.121029 0.208273 1 6 1.000000
  6 3.980941 0.514556 67.872688 -0.908633 0.416874 0.024537 0.121029 0.150210 1 6 1.000000
lace
  6 3.960144 0.467225 67.835220 -0.939076 0.152633 -0.307959 0.133327 0.208273 1 6 1.000000
  6 3.966858 0.472359 67.864441 -0.987447 0.142449 0.068242 0.121029 0.208273 1 6 1.000000
  6 3.978633 0.514935 67.853058 -0.879633 0.469974 -0.073278 0.133327 0.150210 1 6 1.000000
lace
  6 3.966858 0.472359 67.864441 -0.987447 0.142449 0.068242 0.121029 0.208273 1 6 1.000000
  6 3.966714 0.475520 67.888000 -0.980878 0.185386 -0.059241 0.110097 0.208273 1 6 1.000000
  6 3.980941 0.514556 67.872688 -0.908633 0.416874 0.024537 0.121029 0.150210 1 6 1.000000
lace
  6 3.966714 0.475520 67.888000 -0.980878 0.185386 -0.059241 0.110097 0.208273 1 6 1.000000
  6 3.966858 0.472359 67.864441 -0.987447 0.142449 0.068242 0.121029 0.208273 1 6 1.000000
  6 3.957400 0.024565 67.911285 -0.987446 0.045607 -0.151227 0.110097 0.382466 1 6 1.000000
lace
  6 3.960144 0.467225 67.835220 -0.939076 0.152633 -0.307959 0.133327 0.208273 1 6 1.000000
  6 4.048043 0.451785 67.788597 -0.461852 0.300045 -0.834665 0.153824 0.208273 1 6 1.000000
  6 4.057146 0.041221 67.587364 -0.919688 0.086834 -0.382927 0.133327 0.382466 1 6 1.000000
lace
  6 4.057146 0.041221 67.587364 -0.919688 0.086834 -0.382927 0.133327 0.382466 1 6 1.000000
  6 4.048043 0.451785 67.788597 -0.461852 0.300045 -0.834665 0.153824 0.208273 1 6 1.000000
  6 4.111126 0.066428 67.468460 -0.923229 0.104488 -0.369770 0.153824 0.382466 1 6 1.000000
lace
  6 3.966858 0.472359 67.864441 -0.987447 0.142449 0.068242 0.121029 0.208273 1 6 1.000000
  6 3.960144 0.467225 67.835220 -0.939076 0.152633 -0.307959 0.133327 0.208273 1 6 1.000000
  6 3.999361 0.023944 67.759369 -0.957357 0.040808 -0.286009 0.121029 0.382466 1 6 1.000000
lace
  6 3.957400 0.024565 67.911285 -0.987446 0.045607 -0.151227 0.110097 0.382466 1 6 1.000000
  6 3.966858 0.472359 67.864441 -0.987447 0.142449 0.068242 0.121029 0.208273 1 6 1.000000
  6 3.999361 0.023944 67.759369 -0.957357 0.040808 -0.286009 0.121029 0.382466 1 6 1.000000
lace
  6 3.999361 0.023944 67.759369 -0.957357 0.040808 -0.286009 0.121029 0.382466 1 6 1.000000
  6 3.960144 0.467225 67.835220 -0.939076 0.152633 -0.307959 0.133327 0.208273 1 6 1.000000
  6 4.057146 0.041221 67.587364 -0.919688 0.086834 -0.382927 0.133327 0.382466 1 6 1.000000
lace
  6 3.999361 0.023944 67.759369 -0.957357 0.040808 -0.286009 0.121029 0.382466 1 6 1.000000
  6 3.945956 -0.134153 67.895889 -0.986739 -0.038095 -0.157778 0.110097 0.436902 1 6 1.000000
  6 3.957400 0.024565 67.911285 -0.987446 0.045607 -0.151227 0.110097 0.382466 1 6 1.000000
lace
  6 4.111126 0.066428 67.468460 -0.923229 0.104488 -0.369770 0.153824 0.382466 1 6 1.000000
  6 4.070837 -0.123841 67.534088 -0.934376 -0.015059 -0.355970 0.133327 0.436902 1 6 1.000000
  6 4.057146 0.041221 67.587364 -0.919688 0.086834 -0.382927 0.133327 0.382466 1 6 1.000000
lace
  6 4.133749 -0.100502 67.357239 -0.941859 -0.011130 -0.335823 0.153824 0.440531 1 6 1.000000
  6 4.070837 -0.123841 67.534088 -0.934376 -0.015059 -0.355970 0.133327 0.436902 1 6 1.000000
  6 4.111126 0.066428 67.468460 -0.923229 0.104488 -0.369770 0.153824 0.382466 1 6 1.000000
lace
  6 4.057146 0.041221 67.587364 -0.919688 0.086834 -0.382927 0.133327 0.382466 1 6 1.000000
  6 3.992689 -0.131850 67.727272 -0.948583 -0.036093 -0.314463 0.121029 0.436902 1 6 1.000000
  6 3.999361 0.023944 67.759369 -0.957357 0.040808 -0.286009 0.121029 0.382466 1 6 1.000000
lace
  6 3.992689 -0.131850 67.727272 -0.948583 -0.036093 -0.314463 0.121029 0.436902 1 6 1.000000
  6 3.945956 -0.134153 67.895889 -0.986739 -0.038095 -0.157778 0.110097 0.436902 1 6 1.000000
  6 3.999361 0.023944 67.759369 -0.957357 0.040808 -0.286009 0.121029 0.382466 1 6 1.000000
lace
  6 4.070837 -0.123841 67.534088 -0.934376 -0.015059 -0.355970 0.133327 0.436902 1 6 1.000000
  6 3.992689 -0.131850 67.727272 -0.948583 -0.036093 -0.314463 0.121029 0.436902 1 6 1.000000
  6 4.057146 0.041221 67.587364 -0.919688 0.086834 -0.382927 0.133327 0.382466 1 6 1.000000
lace
  6 3.992689 -0.131850 67.727272 -0.948583 -0.036093 -0.314463 0.121029 0.436902 1 6 1.000000
  6 3.963207 -0.232009 67.889763 -0.928139 -0.337646 -0.156694 0.110097 0.469562 1 6 1.000000
  6 3.945956 -0.134153 67.895889 -0.986739 -0.038095 -0.157778 0.110097 0.436902 1 6 1.000000
lace
  6 3.963207 -0.232009 67.889763 -0.928139 -0.337646 -0.156694 0.110097 0.469562 1 6 1.000000
  6 3.937835 -0.138130 68.080254 -0.997701 -0.052201 -0.043204 0.099166 0.436902 1 6 1.000000
  6 3.945956 -0.134153 67.895889 -0.986739 -0.038095 -0.157778 0.110097 0.436902 1 6 1.000000
lace
  6 3.953012 -0.239029 68.089973 -0.936366 -0.349099 -0.036728 0.099166 0.469562 1 6 1.000000
  6 3.937835 -0.138130 68.080254 -0.997701 -0.052201 -0.043204 0.099166 0.436902 1 6 1.000000
  6 3.963207 -0.232009 67.889763 -0.928139 -0.337646 -0.156694 0.110097 0.469562 1 6 1.000000
lace
  6 4.017551 -0.319457 67.883865 -0.810054 -0.571039 -0.133142 0.110097 0.498595 1 6 1.000000
  6 3.953012 -0.239029 68.089973 -0.936366 -0.349099 -0.036728 0.099166 0.469562 1 6 1.000000
  6 3.963207 -0.232009 67.889763 -0.928139 -0.337646 -0.156694 0.110097 0.469562 1 6 1.000000
lace
  6 4.015255 -0.235142 67.712189 -0.902786 -0.309858 -0.298271 0.121029 0.469562 1 6 1.000000
  6 3.963207 -0.232009 67.889763 -0.928139 -0.337646 -0.156694 0.110097 0.469562 1 6 1.000000
  6 3.992689 -0.131850 67.727272 -0.948583 -0.036093 -0.314463 0.121029 0.436902 1 6 1.000000
lace
  6 4.015255 -0.235142 67.712189 -0.902786 -0.309858 -0.298271 0.121029 0.469562 1 6 1.000000
  6 4.017551 -0.319457 67.883865 -0.810054 -0.571039 -0.133142 0.110097 0.498595 1 6 1.000000
  6 3.963207 -0.232009 67.889763 -0.928139 -0.337646 -0.156694 0.110097 0.469562 1 6 1.000000
lace
  6 4.070837 -0.123841 67.534088 -0.934376 -0.015059 -0.355970 0.133327 0.436902 1 6 1.000000
  6 4.015255 -0.235142 67.712189 -0.902786 -0.309858 -0.298271 0.121029 0.469562 1 6 1.000000
  6 3.992689 -0.131850 67.727272 -0.948583 -0.036093 -0.314463 0.121029 0.436902 1 6 1.000000
lace
  6 4.069973 -0.330753 67.702354 -0.796965 -0.544599 -0.261264 0.121029 0.498595 1 6 1.000000
  6 4.017551 -0.319457 67.883865 -0.810054 -0.571039 -0.133142 0.110097 0.498595 1 6 1.000000
  6 4.015255 -0.235142 67.712189 -0.902786 -0.309858 -0.298271 0.121029 0.469562 1 6 1.000000
lace
  6 4.069973 -0.330753 67.702354 -0.796965 -0.544599 -0.261264 0.121029 0.498595 1 6 1.000000
  6 4.081009 -0.395104 67.880714 -0.558638 -0.825682 -0.078565 0.110097 0.527628 1 6 1.000000
  6 4.017551 -0.319457 67.883865 -0.810054 -0.571039 -0.133142 0.110097 0.498595 1 6 1.000000
lace
  6 4.088390 -0.230855 67.510063 -0.895692 -0.279779 -0.345630 0.133327 0.469562 1 6 1.000000
  6 4.015255 -0.235142 67.712189 -0.902786 -0.309858 -0.298271 0.121029 0.469562 1 6 1.000000
  6 4.070837 -0.123841 67.534088 -0.934376 -0.015059 -0.355970 0.133327 0.436902 1 6 1.000000
lace
  6 4.133749 -0.100502 67.357239 -0.941859 -0.011130 -0.335823 0.153824 0.440531 1 6 1.000000
  6 4.088390 -0.230855 67.510063 -0.895692 -0.279779 -0.345630 0.133327 0.469562 1 6 1.000000
  6 4.070837 -0.123841 67.534088 -0.934376 -0.015059 -0.355970 0.133327 0.436902 1 6 1.000000
lace
  6 4.088390 -0.230855 67.510063 -0.895692 -0.279779 -0.345630 0.133327 0.469562 1 6 1.000000
  6 4.069973 -0.330753 67.702354 -0.796965 -0.544599 -0.261264 0.121029 0.498595 1 6 1.000000
  6 4.015255 -0.235142 67.712189 -0.902786 -0.309858 -0.298271 0.121029 0.469562 1 6 1.000000
lace
  6 4.150515 -0.203852 67.333702 -0.889161 -0.286214 -0.357035 0.153824 0.469562 1 6 1.000000
  6 4.088390 -0.230855 67.510063 -0.895692 -0.279779 -0.345630 0.133327 0.469562 1 6 1.000000
  6 4.133749 -0.100502 67.357239 -0.941859 -0.011130 -0.335823 0.153824 0.440531 1 6 1.000000
lace
  6 4.194699 -0.277479 67.327354 -0.665546 -0.655107 -0.357606 0.153824 0.498595 1 6 1.000000
  6 4.088390 -0.230855 67.510063 -0.895692 -0.279779 -0.345630 0.133327 0.469562 1 6 1.000000
  6 4.150515 -0.203852 67.333702 -0.889161 -0.286214 -0.357035 0.153824 0.469562 1 6 1.000000
lace
  6 4.140554 -0.317726 67.501442 -0.713740 -0.604211 -0.354267 0.133327 0.498595 1 6 1.000000
  6 4.088390 -0.230855 67.510063 -0.895692 -0.279779 -0.345630 0.133327 0.469562 1 6 1.000000
  6 4.194699 -0.277479 67.327354 -0.665546 -0.655107 -0.357606 0.153824 0.498595 1 6 1.000000
lace
  6 4.140554 -0.317726 67.501442 -0.713740 -0.604211 -0.354267 0.133327 0.498595 1 6 1.000000
  6 4.069973 -0.330753 67.702354 -0.796965 -0.544599 -0.261264 0.121029 0.498595 1 6 1.000000
  6 4.088390 -0.230855 67.510063 -0.895692 -0.279779 -0.345630 0.133327 0.469562 1 6 1.000000
lace
  6 4.247995 -0.317054 67.360466 -0.148361 -0.938112 -0.312946 0.153824 0.527628 1 6 1.000000
  6 4.140554 -0.317726 67.501442 -0.713740 -0.604211 -0.354267 0.133327 0.498595 1 6 1.000000
  6 4.194699 -0.277479 67.327354 -0.665546 -0.655107 -0.357606 0.153824 0.498595 1 6 1.000000
lace
  6 4.189003 -0.372576 67.524918 -0.247154 -0.914140 -0.321346 0.133327 0.527628 1 6 1.000000
  6 4.140554 -0.317726 67.501442 -0.713740 -0.604211 -0.354267 0.133327 0.498595 1 6 1.000000
  6 4.247995 -0.317054 67.360466 -0.148361 -0.938112 -0.312946 0.153824 0.527628 1 6 1.000000
lace
  6 4.189003 -0.372576 67.524918 -0.247154 -0.914140 -0.321346 0.133327 0.527628 1 6 1.000000
  6 4.069973 -0.330753 67.702354 -0.796965 -0.544599 -0.261264 0.121029 0.498595 1 6 1.000000
  6 4.140554 -0.317726 67.501442 -0.713740 -0.604211 -0.354267 0.133327 0.498595 1 6 1.000000
lace
  6 4.292398 -0.307581 67.400719 0.674550 -0.737578 -0.031010 0.153824 0.556659 1 6 1.000000
  6 4.189003 -0.372576 67.524918 -0.247154 -0.914140 -0.321346 0.133327 0.527628 1 6 1.000000
  6 4.247995 -0.317054 67.360466 -0.148361 -0.938112 -0.312946 0.153824 0.527628 1 6 1.000000
lace
  6 4.126505 -0.401211 67.703148 -0.472173 -0.853416 -0.220758 0.121029 0.527628 1 6 1.000000
  6 4.081009 -0.395104 67.880714 -0.558638 -0.825682 -0.078565 0.110097 0.527628 1 6 1.000000
  6 4.069973 -0.330753 67.702354 -0.796965 -0.544599 -0.261264 0.121029 0.498595 1 6 1.000000
lace
  6 4.126505 -0.401211 67.703148 -0.472173 -0.853416 -0.220758 0.121029 0.527628 1 6 1.000000
  6 4.069973 -0.330753 67.702354 -0.796965 -0.544599 -0.261264 0.121029 0.498595 1 6 1.000000
  6 4.189003 -0.372576 67.524918 -0.247154 -0.914140 -0.321346 0.133327 0.527628 1 6 1.000000
lace
  6 4.177926 -0.412692 67.725563 0.482427 -0.874420 0.051514 0.121029 0.556659 1 6 1.000000
  6 4.081009 -0.395104 67.880714 -0.558638 -0.825682 -0.078565 0.110097 0.527628 1 6 1.000000
  6 4.126505 -0.401211 67.703148 -0.472173 -0.853416 -0.220758 0.121029 0.527628 1 6 1.000000
lace
  6 4.236782 -0.373525 67.561775 0.635219 -0.772224 0.012928 0.133327 0.556659 1 6 1.000000
  6 4.189003 -0.372576 67.524918 -0.247154 -0.914140 -0.321346 0.133327 0.527628 1 6 1.000000
  6 4.292398 -0.307581 67.400719 0.674550 -0.737578 -0.031010 0.153824 0.556659 1 6 1.000000
lace
  6 4.236782 -0.373525 67.561775 0.635219 -0.772224 0.012928 0.133327 0.556659 1 6 1.000000
  6 4.126505 -0.401211 67.703148 -0.472173 -0.853416 -0.220758 0.121029 0.527628 1 6 1.000000
  6 4.189003 -0.372576 67.524918 -0.247154 -0.914140 -0.321346 0.133327 0.527628 1 6 1.000000
lace
  6 4.177926 -0.412692 67.725563 0.482427 -0.874420 0.051514 0.121029 0.556659 1 6 1.000000
  6 4.126505 -0.401211 67.703148 -0.472173 -0.853416 -0.220758 0.121029 0.527628 1 6 1.000000
  6 4.236782 -0.373525 67.561775 0.635219 -0.772224 0.012928 0.133327 0.556659 1 6 1.000000
lace
  6 4.292398 -0.307581 67.400719 0.674550 -0.737578 -0.031010 0.153824 0.556659 1 6 1.000000
  6 4.311753 -0.170237 67.496445 0.947573 -0.103613 0.302273 0.153824 0.614724 1 6 1.000000
  6 4.236782 -0.373525 67.561775 0.635219 -0.772224 0.012928 0.133327 0.556659 1 6 1.000000
lace
  6 4.236782 -0.373525 67.561775 0.635219 -0.772224 0.012928 0.133327 0.556659 1 6 1.000000
  6 4.255297 -0.225954 67.649086 0.946915 -0.093096 0.307709 0.133327 0.618353 1 6 1.000000
  6 4.177926 -0.412692 67.725563 0.482427 -0.874420 0.051514 0.121029 0.556659 1 6 1.000000
lace
  6 4.236782 -0.373525 67.561775 0.635219 -0.772224 0.012928 0.133327 0.556659 1 6 1.000000
  6 4.311753 -0.170237 67.496445 0.947573 -0.103613 0.302273 0.153824 0.614724 1 6 1.000000
  6 4.255297 -0.225954 67.649086 0.946915 -0.093096 0.307709 0.133327 0.618353 1 6 1.000000
lace
  6 4.079648 0.570888 67.761879 0.984284 0.140118 -0.107484 0.154847 0.598205 1 6 1.000000
  6 4.087605 0.495307 67.783928 0.949630 -0.238824 -0.202894 0.132065 0.598205 1 6 1.000000
  6 4.078610 0.564826 67.745300 0.992808 0.078107 -0.090723 0.154847 0.577847 1 6 1.000000
lace
  6 4.087605 0.495307 67.783928 0.949630 -0.238824 -0.202894 0.132065 0.598205 1 6 1.000000
  6 4.079648 0.570888 67.761879 0.984284 0.140118 -0.107484 0.154847 0.598205 1 6 1.000000
  6 4.094781 0.527032 67.812836 0.987627 -0.109222 0.112527 0.132065 0.618562 1 6 1.000000
lace
  6 4.094781 0.527032 67.812836 0.987627 -0.109222 0.112527 0.132065 0.618562 1 6 1.000000
  6 4.079648 0.570888 67.761879 0.984284 0.140118 -0.107484 0.154847 0.598205 1 6 1.000000
  6 4.076106 0.591031 67.807724 0.978269 0.204816 -0.032242 0.154847 0.618562 1 6 1.000000
lace
  6 4.094781 0.527032 67.812836 0.987627 -0.109222 0.112527 0.132065 0.618562 1 6 1.000000
  6 4.072765 0.497206 67.822449 0.890253 -0.445221 0.096055 0.109284 0.618562 1 6 1.000000
  6 4.087605 0.495307 67.783928 0.949630 -0.238824 -0.202894 0.132065 0.598205 1 6 1.000000
lace
  6 4.094781 0.527032 67.812836 0.987627 -0.109222 0.112527 0.132065 0.618562 1 6 1.000000
  6 4.076106 0.591031 67.807724 0.978269 0.204816 -0.032242 0.154847 0.618562 1 6 1.000000
  6 4.084790 0.541256 67.853416 0.989925 0.017198 0.140543 0.132065 0.638920 1 6 1.000000
lace
  6 4.094781 0.527032 67.812836 0.987627 -0.109222 0.112527 0.132065 0.618562 1 6 1.000000
  6 4.084790 0.541256 67.853416 0.989925 0.017198 0.140543 0.132065 0.638920 1 6 1.000000
  6 4.072765 0.497206 67.822449 0.890253 -0.445221 0.096055 0.109284 0.618562 1 6 1.000000
lace
  6 4.084790 0.541256 67.853416 0.989925 0.017198 0.140543 0.132065 0.638920 1 6 1.000000
  6 4.076106 0.591031 67.807724 0.978269 0.204816 -0.032242 0.154847 0.618562 1 6 1.000000
  6 4.080668 0.602714 67.853104 0.998628 0.036386 0.037655 0.154847 0.638920 1 6 1.000000
lace
  6 4.078610 0.564826 67.745300 0.421018 -0.196849 -0.885435 0.132065 0.577847 1 6 1.000000
  6 4.087605 0.495307 67.783928 0.949630 -0.238824 -0.202894 0.132065 0.598205 1 6 1.000000
  6 4.068823 0.503302 67.760780 0.617227 -0.282845 -0.734186 0.109284 0.577847 1 6 1.000000
lace
  6 4.040117 0.518242 67.739510 0.327499 -0.182910 -0.926978 0.109284 0.557489 1 6 1.000000
  6 4.078610 0.564826 67.745300 0.421018 -0.196849 -0.885435 0.132065 0.577847 1 6 1.000000
  6 4.068823 0.503302 67.760780 0.617227 -0.282845 -0.734186 0.109284 0.577847 1 6 1.000000
lace
  6 4.025068 0.572172 67.729446 0.150167 -0.043574 -0.987700 0.132065 0.557489 1 6 1.000000
  6 4.078610 0.564826 67.745300 0.421018 -0.196849 -0.885435 0.132065 0.577847 1 6 1.000000
  6 4.040117 0.518242 67.739510 0.327499 -0.182910 -0.926978 0.109284 0.557489 1 6 1.000000
lace
  6 3.978158 0.525618 67.725868 -0.565451 0.027040 -0.824338 0.109284 0.537132 1 6 1.000000
  6 4.025068 0.572172 67.729446 0.150167 -0.043574 -0.987700 0.132065 0.557489 1 6 1.000000
  6 4.040117 0.518242 67.739510 0.327499 -0.182910 -0.926978 0.109284 0.557489 1 6 1.000000
lace
  6 3.981506 0.590402 67.731720 -0.749351 0.158979 -0.642805 0.132065 0.537132 1 6 1.000000
  6 4.025068 0.572172 67.729446 0.150167 -0.043574 -0.987700 0.132065 0.557489 1 6 1.000000
  6 3.978158 0.525618 67.725868 -0.565451 0.027040 -0.824338 0.109284 0.537132 1 6 1.000000
lace
  6 3.944682 0.514573 67.862289 -0.965963 0.210691 -0.150081 0.109284 0.516774 1 6 1.000000
  6 3.981506 0.590402 67.731720 -0.749351 0.158979 -0.642805 0.132065 0.537132 1 6 1.000000
  6 3.978158 0.525618 67.725868 -0.565451 0.027040 -0.824338 0.109284 0.537132 1 6 1.000000
lace
  6 3.972522 0.619252 67.871178 -0.957335 0.264497 -0.116405 0.132065 0.516774 1 6 1.000000
  6 3.981506 0.590402 67.731720 -0.749351 0.158979 -0.642805 0.132065 0.537132 1 6 1.000000
  6 3.944682 0.514573 67.862289 -0.965963 0.210691 -0.150081 0.109284 0.516774 1 6 1.000000
lace
  6 4.084790 0.541256 67.853416 0.989925 0.017198 0.140543 0.132065 0.638920 1 6 1.000000
  6 4.080668 0.602714 67.853104 0.998628 0.036386 0.037655 0.154847 0.638920 1 6 1.000000
  6 4.076546 0.550541 67.887337 0.999056 0.025343 0.035289 0.132065 0.659278 1 6 1.000000
lace
  6 4.076546 0.550541 67.887337 0.999056 0.025343 0.035289 0.132065 0.659278 1 6 1.000000
  6 4.080668 0.602714 67.853104 0.998628 0.036386 0.037655 0.154847 0.638920 1 6 1.000000
  6 4.076118 0.619123 67.895302 0.997281 -0.001566 -0.073671 0.154847 0.659278 1 6 1.000000
lace
  6 4.077122 0.504559 67.879402 0.948775 -0.274133 0.157088 0.109284 0.659278 1 6 1.000000
  6 4.084790 0.541256 67.853416 0.989925 0.017198 0.140543 0.132065 0.638920 1 6 1.000000
  6 4.076546 0.550541 67.887337 0.999056 0.025343 0.035289 0.132065 0.659278 1 6 1.000000
lace
  6 4.076546 0.550541 67.887337 0.999056 0.025343 0.035289 0.132065 0.659278 1 6 1.000000
  6 4.076118 0.619123 67.895302 0.997281 -0.001566 -0.073671 0.154847 0.659278 1 6 1.000000
  6 4.080028 0.557055 67.917122 0.993400 0.011338 -0.114137 0.132065 0.679636 1 6 1.000000
lace
  6 4.080028 0.557055 67.917122 0.993400 0.011338 -0.114137 0.132065 0.679636 1 6 1.000000
  6 4.076118 0.619123 67.895302 0.997281 -0.001566 -0.073671 0.154847 0.659278 1 6 1.000000
  6 4.084947 0.633370 67.940872 0.998147 0.034577 0.050075 0.154847 0.679636 1 6 1.000000
lace
  6 4.077122 0.504559 67.879402 0.948775 -0.274133 0.157088 0.109284 0.659278 1 6 1.000000
  6 4.076546 0.550541 67.887337 0.999056 0.025343 0.035289 0.132065 0.659278 1 6 1.000000
  6 4.081752 0.504761 67.910637 0.947690 -0.310616 -0.073494 0.109284 0.679636 1 6 1.000000
lace
  6 4.081752 0.504761 67.910637 0.947690 -0.310616 -0.073494 0.109284 0.679636 1 6 1.000000
  6 4.076546 0.550541 67.887337 0.999056 0.025343 0.035289 0.132065 0.659278 1 6 1.000000
  6 4.080028 0.557055 67.917122 0.993400 0.011338 -0.114137 0.132065 0.679636 1 6 1.000000
lace
  6 4.085591 0.498504 67.854980 0.919242 -0.393306 -0.017441 0.109284 0.638920 1 6 1.000000
  6 4.084790 0.541256 67.853416 0.989925 0.017198 0.140543 0.132065 0.638920 1 6 1.000000
  6 4.077122 0.504559 67.879402 0.948775 -0.274133 0.157088 0.109284 0.659278 1 6 1.000000
lace
  6 4.072765 0.497206 67.822449 0.890253 -0.445221 0.096055 0.109284 0.618562 1 6 1.000000
  6 4.084790 0.541256 67.853416 0.989925 0.017198 0.140543 0.132065 0.638920 1 6 1.000000
  6 4.085591 0.498504 67.854980 0.919242 -0.393306 -0.017441 0.109284 0.638920 1 6 1.000000
lace
  6 4.077122 0.504559 67.879402 0.948775 -0.274133 0.157088 0.109284 0.659278 1 6 1.000000
  6 4.081752 0.504761 67.910637 0.947690 -0.310616 -0.073494 0.109284 0.679636 1 6 1.000000
  6 4.058441 0.480897 67.889626 0.972809 -0.210861 0.095814 0.086502 0.659278 1 6 1.000000
lace
  6 4.058441 0.480897 67.889626 0.972809 -0.210861 0.095814 0.086502 0.659278 1 6 1.000000
  6 4.085591 0.498504 67.854980 0.919242 -0.393306 -0.017441 0.109284 0.638920 1 6 1.000000
  6 4.077122 0.504559 67.879402 0.948775 -0.274133 0.157088 0.109284 0.659278 1 6 1.000000
lace
  6 4.066484 0.484114 67.859314 0.948673 -0.302681 0.091667 0.086502 0.638920 1 6 1.000000
  6 4.072765 0.497206 67.822449 0.890253 -0.445221 0.096055 0.109284 0.618562 1 6 1.000000
  6 4.085591 0.498504 67.854980 0.919242 -0.393306 -0.017441 0.109284 0.638920 1 6 1.000000
lace
  6 4.066484 0.484114 67.859314 0.948673 -0.302681 0.091667 0.086502 0.638920 1 6 1.000000
  6 4.085591 0.498504 67.854980 0.919242 -0.393306 -0.017441 0.109284 0.638920 1 6 1.000000
  6 4.058441 0.480897 67.889626 0.972809 -0.210861 0.095814 0.086502 0.659278 1 6 1.000000
lace
  6 4.069997 0.487114 67.806725 0.946762 -0.212299 0.242012 0.086502 0.618562 1 6 1.000000
  6 4.072765 0.497206 67.822449 0.890253 -0.445221 0.096055 0.109284 0.618562 1 6 1.000000
  6 4.066484 0.484114 67.859314 0.948673 -0.302681 0.091667 0.086502 0.638920 1 6 1.000000
lace
  6 4.069997 0.487114 67.806725 0.946762 -0.212299 0.242012 0.086502 0.618562 1 6 1.000000
  6 4.087605 0.495307 67.783928 0.984199 -0.106050 0.141793 0.086502 0.598205 1 6 1.000000
  6 4.072765 0.497206 67.822449 0.890253 -0.445221 0.096055 0.109284 0.618562 1 6 1.000000
lace
  6 4.066484 0.484114 67.859314 0.948673 -0.302681 0.091667 0.086502 0.638920 1 6 1.000000
  6 4.058441 0.480897 67.889626 0.972809 -0.210861 0.095814 0.086502 0.659278 1 6 1.000000
  6 4.079076 0.435518 67.872726 0.931453 0.295540 0.212251 0.063722 0.638920 1 6 1.000000
lace
  6 4.083189 0.444519 67.805161 0.955107 0.288658 0.066692 0.063722 0.618562 1 6 1.000000
  6 4.066484 0.484114 67.859314 0.948673 -0.302681 0.091667 0.086502 0.638920 1 6 1.000000
  6 4.079076 0.435518 67.872726 0.931453 0.295540 0.212251 0.063722 0.638920 1 6 1.000000
lace
  6 4.069997 0.487114 67.806725 0.946762 -0.212299 0.242012 0.086502 0.618562 1 6 1.000000
  6 4.066484 0.484114 67.859314 0.948673 -0.302681 0.091667 0.086502 0.638920 1 6 1.000000
  6 4.083189 0.444519 67.805161 0.955107 0.288658 0.066692 0.063722 0.618562 1 6 1.000000
lace
  6 4.079076 0.435518 67.872726 0.931453 0.295540 0.212251 0.063722 0.638920 1 6 1.000000
  6 4.058441 0.480897 67.889626 0.972809 -0.210861 0.095814 0.086502 0.659278 1 6 1.000000
  6 4.067576 0.429332 67.915184 0.973165 0.193531 0.124478 0.063722 0.659278 1 6 1.000000
lace
  6 4.082920 0.451417 67.764305 0.980745 -0.066443 0.183641 0.063722 0.598205 1 6 1.000000
  6 4.069997 0.487114 67.806725 0.946762 -0.212299 0.242012 0.086502 0.618562 1 6 1.000000
  6 4.083189 0.444519 67.805161 0.955107 0.288658 0.066692 0.063722 0.618562 1 6 1.000000
lace
  6 4.087605 0.495307 67.783928 0.984199 -0.106050 0.141793 0.086502 0.598205 1 6 1.000000
  6 4.069997 0.487114 67.806725 0.946762 -0.212299 0.242012 0.086502 0.618562 1 6 1.000000
  6 4.082920 0.451417 67.764305 0.980745 -0.066443 0.183641 0.063722 0.598205 1 6 1.000000
lace
  6 4.086378 0.455505 67.744896 0.852266 0.163179 -0.497006 0.063722 0.577847 1 6 1.000000
  6 4.087605 0.495307 67.783928 0.984199 -0.106050 0.141793 0.086502 0.598205 1 6 1.000000
  6 4.082920 0.451417 67.764305 0.980745 -0.066443 0.183641 0.063722 0.598205 1 6 1.000000
lace
  6 4.068823 0.503302 67.760780 0.711590 0.442628 -0.545638 0.086502 0.577847 1 6 1.000000
  6 4.087605 0.495307 67.783928 0.984199 -0.106050 0.141793 0.086502 0.598205 1 6 1.000000
  6 4.086378 0.455505 67.744896 0.852266 0.163179 -0.497006 0.063722 0.577847 1 6 1.000000
lace
  6 4.086378 0.455505 67.744896 0.852266 0.163179 -0.497006 0.063722 0.577847 1 6 1.000000
  6 4.040117 0.518242 67.739510 0.350665 0.198052 -0.915319 0.086502 0.557489 1 6 1.000000
  6 4.068823 0.503302 67.760780 0.711590 0.442628 -0.545638 0.086502 0.577847 1 6 1.000000
lace
  6 4.024069 0.467185 67.729225 0.230717 0.107340 -0.967082 0.063722 0.557489 1 6 1.000000
  6 4.040117 0.518242 67.739510 0.350665 0.198052 -0.915319 0.086502 0.557489 1 6 1.000000
  6 4.086378 0.455505 67.744896 0.852266 0.163179 -0.497006 0.063722 0.577847 1 6 1.000000
lace
  6 4.024069 0.467185 67.729225 0.230717 0.107340 -0.967082 0.063722 0.557489 1 6 1.000000
  6 3.978158 0.525618 67.725868 -0.491803 0.215755 -0.843551 0.086502 0.537132 1 6 1.000000
  6 4.040117 0.518242 67.739510 0.350665 0.198052 -0.915319 0.086502 0.557489 1 6 1.000000
lace
  6 3.969232 0.482037 67.721024 -0.566696 0.172917 -0.805578 0.063722 0.537132 1 6 1.000000
  6 3.978158 0.525618 67.725868 -0.491803 0.215755 -0.843551 0.086502 0.537132 1 6 1.000000
  6 4.024069 0.467185 67.729225 0.230717 0.107340 -0.967082 0.063722 0.557489 1 6 1.000000
lace
  6 3.969232 0.482037 67.721024 -0.566696 0.172917 -0.805578 0.063722 0.537132 1 6 1.000000
  6 3.944682 0.514573 67.862289 -0.980255 0.067421 -0.185886 0.086502 0.516774 1 6 1.000000
  6 3.978158 0.525618 67.725868 -0.491803 0.215755 -0.843551 0.086502 0.537132 1 6 1.000000
lace
  6 3.940734 0.450789 67.871178 -0.983171 0.035881 -0.179127 0.063722 0.516774 1 6 1.000000
  6 3.944682 0.514573 67.862289 -0.980255 0.067421 -0.185886 0.086502 0.516774 1 6 1.000000
  6 3.969232 0.482037 67.721024 -0.566696 0.172917 -0.805578 0.063722 0.537132 1 6 1.000000
lace
  6 4.058441 0.480897 67.889626 0.972809 -0.210861 0.095814 0.086502 0.659278 1 6 1.000000
  6 4.061265 0.475479 67.921921 0.977213 -0.209658 0.033143 0.086502 0.679636 1 6 1.000000
  6 4.067576 0.429332 67.915184 0.973165 0.193531 0.124478 0.063722 0.659278 1 6 1.000000
lace
  6 4.058441 0.480897 67.889626 0.972809 -0.210861 0.095814 0.086502 0.659278 1 6 1.000000
  6 4.081752 0.504761 67.910637 0.947690 -0.310616 -0.073494 0.109284 0.679636 1 6 1.000000
  6 4.061265 0.475479 67.921921 0.977213 -0.209658 0.033143 0.086502 0.679636 1 6 1.000000
lace
  6 4.067576 0.429332 67.915184 0.973165 0.193531 0.124478 0.063722 0.659278 1 6 1.000000
  6 4.061265 0.475479 67.921921 0.977213 -0.209658 0.033143 0.086502 0.679636 1 6 1.000000
  6 4.064334 0.431621 67.953804 0.985628 0.130647 0.107095 0.063722 0.679636 1 6 1.000000
lace
  6 4.081752 0.504761 67.910637 0.947690 -0.310616 -0.073494 0.109284 0.679636 1 6 1.000000
  6 4.083492 0.513746 67.953964 0.928976 -0.297041 0.220837 0.109284 0.699994 1 6 1.000000
  6 4.061265 0.475479 67.921921 0.977213 -0.209658 0.033143 0.086502 0.679636 1 6 1.000000
lace
  6 4.081752 0.504761 67.910637 0.947690 -0.310616 -0.073494 0.109284 0.679636 1 6 1.000000
  6 4.080028 0.557055 67.917122 0.993400 0.011338 -0.114137 0.132065 0.679636 1 6 1.000000
  6 4.083492 0.513746 67.953964 0.928976 -0.297041 0.220837 0.109284 0.699994 1 6 1.000000
lace
  6 4.061265 0.475479 67.921921 0.977213 -0.209658 0.033143 0.086502 0.679636 1 6 1.000000
  6 4.053178 0.492207 67.977211 0.929382 -0.324064 0.176725 0.086502 0.699994 1 6 1.000000
  6 4.064334 0.431621 67.953804 0.985628 0.130647 0.107095 0.063722 0.679636 1 6 1.000000
lace
  6 4.061265 0.475479 67.921921 0.977213 -0.209658 0.033143 0.086502 0.679636 1 6 1.000000
  6 4.083492 0.513746 67.953964 0.928976 -0.297041 0.220837 0.109284 0.699994 1 6 1.000000
  6 4.053178 0.492207 67.977211 0.929382 -0.324064 0.176725 0.086502 0.699994 1 6 1.000000
lace
  6 4.064334 0.431621 67.953804 0.985628 0.130647 0.107095 0.063722 0.679636 1 6 1.000000
  6 4.053178 0.492207 67.977211 0.929382 -0.324064 0.176725 0.086502 0.699994 1 6 1.000000
  6 4.054146 0.439909 68.016533 0.989537 0.046762 0.136487 0.063722 0.699994 1 6 1.000000
lace
  6 4.053178 0.492207 67.977211 0.929382 -0.324064 0.176725 0.086502 0.699994 1 6 1.000000
  6 4.053405 0.506371 68.021133 0.730982 0.272824 0.625486 0.086502 0.720351 1 6 1.000000
  6 4.054146 0.439909 68.016533 0.989537 0.046762 0.136487 0.063722 0.699994 1 6 1.000000
lace
  6 4.053178 0.492207 67.977211 0.929382 -0.324064 0.176725 0.086502 0.699994 1 6 1.000000
  6 4.083492 0.513746 67.953964 0.928976 -0.297041 0.220837 0.109284 0.699994 1 6 1.000000
  6 4.053405 0.506371 68.021133 0.730982 0.272824 0.625486 0.086502 0.720351 1 6 1.000000
lace
  6 4.054146 0.439909 68.016533 0.989537 0.046762 0.136487 0.063722 0.699994 1 6 1.000000
  6 4.053405 0.506371 68.021133 0.730982 0.272824 0.625486 0.086502 0.720351 1 6 1.000000
  6 4.046412 0.451928 68.051552 0.687456 0.284909 0.668005 0.063722 0.720352 1 6 1.000000
lace
  6 4.046412 0.451928 68.051552 0.687456 0.284909 0.668005 0.063722 0.720352 1 6 1.000000
  6 4.053405 0.506371 68.021133 0.730982 0.272824 0.625486 0.086502 0.720351 1 6 1.000000
  6 4.024757 0.452909 68.058624 -0.154277 0.404782 0.901305 0.063722 0.740709 1 6 1.000000
lace
  6 4.083492 0.513746 67.953964 0.928976 -0.297041 0.220837 0.109284 0.699994 1 6 1.000000
  6 4.080028 0.557055 67.917122 0.993400 0.011338 -0.114137 0.132065 0.679636 1 6 1.000000
  6 4.084991 0.563599 67.962624 0.960993 -0.037789 0.273977 0.132065 0.699994 1 6 1.000000
lace
  6 4.080028 0.557055 67.917122 0.993400 0.011338 -0.114137 0.132065 0.679636 1 6 1.000000
  6 4.084947 0.633370 67.940872 0.998147 0.034577 0.050075 0.154847 0.679636 1 6 1.000000
  6 4.084991 0.563599 67.962624 0.960993 -0.037789 0.273977 0.132065 0.699994 1 6 1.000000
lace
  6 4.084991 0.563599 67.962624 0.960993 -0.037789 0.273977 0.132065 0.699994 1 6 1.000000
  6 4.084947 0.633370 67.940872 0.998147 0.034577 0.050075 0.154847 0.679636 1 6 1.000000
  6 4.069624 0.636080 67.990372 0.931181 -0.030088 0.363314 0.154847 0.699994 1 6 1.000000
lace
  6 4.053405 0.506371 68.021133 0.730982 0.272824 0.625486 0.086502 0.720351 1 6 1.000000
  6 4.083492 0.513746 67.953964 0.928976 -0.297041 0.220837 0.109284 0.699994 1 6 1.000000
  6 4.055578 0.534006 67.999992 0.721470 0.135195 0.679120 0.109284 0.720351 1 6 1.000000
lace
  6 4.083492 0.513746 67.953964 0.928976 -0.297041 0.220837 0.109284 0.699994 1 6 1.000000
  6 4.084991 0.563599 67.962624 0.960993 -0.037789 0.273977 0.132065 0.699994 1 6 1.000000
  6 4.055578 0.534006 67.999992 0.721470 0.135195 0.679120 0.109284 0.720351 1 6 1.000000
lace
  6 4.024757 0.452909 68.058624 -0.154277 0.404782 0.901305 0.063722 0.740709 1 6 1.000000
  6 4.053405 0.506371 68.021133 0.730982 0.272824 0.625486 0.086502 0.720351 1 6 1.000000
  6 4.026518 0.524636 68.018066 0.117961 0.523861 0.843596 0.086502 0.740709 1 6 1.000000
lace
  6 4.053405 0.506371 68.021133 0.730982 0.272824 0.625486 0.086502 0.720351 1 6 1.000000
  6 4.055578 0.534006 67.999992 0.721470 0.135195 0.679120 0.109284 0.720351 1 6 1.000000
  6 4.026518 0.524636 68.018066 0.117961 0.523861 0.843596 0.086502 0.740709 1 6 1.000000
lace
  6 4.026518 0.524636 68.018066 0.117961 0.523861 0.843596 0.086502 0.740709 1 6 1.000000
  6 3.999337 0.504950 68.022484 -0.454783 0.332627 0.826155 0.086502 0.761067 1 6 1.000000
  6 4.024757 0.452909 68.058624 -0.154277 0.404782 0.901305 0.063722 0.740709 1 6 1.000000
lace
  6 4.024757 0.452909 68.058624 -0.154277 0.404782 0.901305 0.063722 0.740709 1 6 1.000000
  6 3.999337 0.504950 68.022484 -0.454783 0.332627 0.826155 0.086502 0.761067 1 6 1.000000
  6 3.998890 0.443648 68.040291 -0.635089 0.219739 0.740524 0.063722 0.761067 1 6 1.000000
lace
  6 3.998890 0.443648 68.040291 -0.635089 0.219739 0.740524 0.063722 0.761067 1 6 1.000000
  6 3.999337 0.504950 68.022484 -0.454783 0.332627 0.826155 0.086502 0.761067 1 6 1.000000
  6 3.954507 0.443428 68.000221 -0.859567 0.155157 0.486900 0.063722 0.781425 1 6 1.000000
lace
  6 3.954507 0.443428 68.000221 -0.859567 0.155157 0.486900 0.063722 0.781425 1 6 1.000000
  6 3.999337 0.504950 68.022484 -0.454783 0.332627 0.826155 0.086502 0.761067 1 6 1.000000
  6 3.959588 0.503988 67.992836 -0.872114 0.127647 0.472359 0.086502 0.781425 1 6 1.000000
lace
  6 3.954507 0.443428 68.000221 -0.859567 0.155157 0.486900 0.063722 0.781425 1 6 1.000000
  6 3.959588 0.503988 67.992836 -0.872114 0.127647 0.472359 0.086502 0.781425 1 6 1.000000
  6 3.940734 0.450789 67.871178 -0.989653 0.082849 0.117145 0.063722 0.801783 1 6 1.000000
lace
  6 3.940734 0.450789 67.871178 -0.989653 0.082849 0.117145 0.063722 0.801783 1 6 1.000000
  6 3.959588 0.503988 67.992836 -0.872114 0.127647 0.472359 0.086502 0.781425 1 6 1.000000
  6 3.944682 0.514573 67.862289 -0.989793 0.077896 0.119337 0.086502 0.801783 1 6 1.000000
lace
  6 4.055578 0.534006 67.999992 0.721470 0.135195 0.679120 0.109284 0.720351 1 6 1.000000
  6 4.084991 0.563599 67.962624 0.960993 -0.037789 0.273977 0.132065 0.699994 1 6 1.000000
  6 4.054453 0.555780 68.001518 0.711470 -0.096011 0.696127 0.132065 0.720351 1 6 1.000000
lace
  6 4.084991 0.563599 67.962624 0.960993 -0.037789 0.273977 0.132065 0.699994 1 6 1.000000
  6 4.069624 0.636080 67.990372 0.931181 -0.030088 0.363314 0.154847 0.699994 1 6 1.000000
  6 4.054453 0.555780 68.001518 0.711470 -0.096011 0.696127 0.132065 0.720351 1 6 1.000000
lace
  6 4.054453 0.555780 68.001518 0.711470 -0.096011 0.696127 0.132065 0.720351 1 6 1.000000
  6 4.069624 0.636080 67.990372 0.931181 -0.030088 0.363314 0.154847 0.699994 1 6 1.000000
  6 4.056307 0.619860 68.028206 0.672586 -0.300997 0.676039 0.154847 0.720351 1 6 1.000000
lace
  6 4.054453 0.555780 68.001518 0.711470 -0.096011 0.696127 0.132065 0.720351 1 6 1.000000
  6 4.026518 0.524636 68.018066 0.391734 -0.137564 0.909736 0.132065 0.740709 1 6 1.000000
  6 4.055578 0.534006 67.999992 0.721470 0.135195 0.679120 0.109284 0.720351 1 6 1.000000
lace
  6 4.056307 0.619860 68.028206 0.672586 -0.300997 0.676039 0.154847 0.720351 1 6 1.000000
  6 4.034096 0.616301 68.030487 0.152543 -0.220216 0.963450 0.154847 0.740709 1 6 1.000000
  6 4.054453 0.555780 68.001518 0.711470 -0.096011 0.696127 0.132065 0.720351 1 6 1.000000
lace
  6 4.054453 0.555780 68.001518 0.711470 -0.096011 0.696127 0.132065 0.720351 1 6 1.000000
  6 4.034096 0.616301 68.030487 0.152543 -0.220216 0.963450 0.154847 0.740709 1 6 1.000000
  6 4.026518 0.524636 68.018066 0.391734 -0.137564 0.909736 0.132065 0.740709 1 6 1.000000
lace
  6 4.026518 0.524636 68.018066 0.391734 -0.137564 0.909736 0.132065 0.740709 1 6 1.000000
  6 4.034096 0.616301 68.030487 0.152543 -0.220216 0.963450 0.154847 0.740709 1 6 1.000000
  6 3.999337 0.504950 68.022484 -0.361595 -0.036369 0.931625 0.132065 0.761067 1 6 1.000000
lace
  6 3.999337 0.504950 68.022484 -0.361595 -0.036369 0.931625 0.132065 0.761067 1 6 1.000000
  6 4.034096 0.616301 68.030487 0.152543 -0.220216 0.963450 0.154847 0.740709 1 6 1.000000
  6 4.009938 0.614658 68.028419 -0.403711 0.017011 0.914728 0.154847 0.761067 1 6 1.000000
lace
  6 3.999337 0.504950 68.022484 -0.361595 -0.036369 0.931625 0.132065 0.761067 1 6 1.000000
  6 4.009938 0.614658 68.028419 -0.403711 0.017011 0.914728 0.154847 0.761067 1 6 1.000000
  6 3.959588 0.503988 67.992836 -0.882173 0.105486 0.458959 0.132065 0.781425 1 6 1.000000
lace
  6 3.959588 0.503988 67.992836 -0.882173 0.105486 0.458959 0.132065 0.781425 1 6 1.000000
  6 4.009938 0.614658 68.028419 -0.403711 0.017011 0.914728 0.154847 0.761067 1 6 1.000000
  6 3.968298 0.628525 67.983925 -0.941380 0.089112 0.325365 0.154847 0.781425 1 6 1.000000
lace
  6 3.968298 0.628525 67.983925 -0.941380 0.089112 0.325365 0.154847 0.781425 1 6 1.000000
  6 3.972522 0.619252 67.871178 -0.986016 0.159962 0.046743 0.154847 0.801783 1 6 1.000000
  6 3.959588 0.503988 67.992836 -0.882173 0.105486 0.458959 0.132065 0.781425 1 6 1.000000
lace
  6 3.959588 0.503988 67.992836 -0.882173 0.105486 0.458959 0.132065 0.781425 1 6 1.000000
  6 3.972522 0.619252 67.871178 -0.986016 0.159962 0.046743 0.154847 0.801783 1 6 1.000000
  6 3.944682 0.514573 67.862289 -0.960946 0.244540 0.129548 0.132065 0.801783 1 6 1.000000
end
