// Created by Crowbar++ 0.74
version 1
nodes
  0 "ValveBiped.Bip01_Pelvis" -1
  1 "ValveBiped.Bip01_Spine" 0
  2 "ValveBiped.Bip01_Spine1" 1
  3 "ValveBiped.Bip01_Spine2" 2
  4 "ValveBiped.Bip01_Spine4" 3
  5 "ValveBiped.Bip01_Neck1" 4
  6 "ValveBiped.Bip01_Head1" 5
  7 "ValveBiped.forward" 6
  8 "ValveBiped.Bip01_L_Clavicle" 4
  9 "ValveBiped.Bip01_L_UpperArm" 8
  10 "ValveBiped.Bip01_L_Forearm" 9
  11 "ValveBiped.Bip01_L_Hand" 10
  12 "ValveBiped.Anim_Attachment_LH" 11
  13 "ValveBiped.Bip01_L_Finger4" 11
  14 "ValveBiped.Bip01_L_Finger41" 13
  15 "ValveBiped.Bip01_L_Finger42" 14
  16 "ValveBiped.Bip01_L_Finger3" 11
  17 "ValveBiped.Bip01_L_Finger31" 16
  18 "ValveBiped.Bip01_L_Finger32" 17
  19 "ValveBiped.Bip01_L_Finger2" 11
  20 "ValveBiped.Bip01_L_Finger21" 19
  21 "ValveBiped.Bip01_L_Finger22" 20
  22 "ValveBiped.Bip01_L_Finger1" 11
  23 "ValveBiped.Bip01_L_Finger11" 22
  24 "ValveBiped.Bip01_L_Finger12" 23
  25 "ValveBiped.Bip01_L_Finger0" 11
  26 "ValveBiped.Bip01_L_Finger01" 25
  27 "ValveBiped.Bip01_L_Finger02" 26
  28 "ValveBiped.Bip01_R_Clavicle" 4
  29 "ValveBiped.Bip01_R_UpperArm" 28
  30 "ValveBiped.Bip01_R_Forearm" 29
  31 "ValveBiped.Bip01_R_Hand" 30
  32 "ValveBiped.Anim_Attachment_RH" 31
  33 "ValveBiped.Bip01_R_Finger4" 31
  34 "ValveBiped.Bip01_R_Finger41" 33
  35 "ValveBiped.Bip01_R_Finger42" 34
  36 "ValveBiped.Bip01_R_Finger3" 31
  37 "ValveBiped.Bip01_R_Finger31" 36
  38 "ValveBiped.Bip01_R_Finger32" 37
  39 "ValveBiped.Bip01_R_Finger2" 31
  40 "ValveBiped.Bip01_R_Finger21" 39
  41 "ValveBiped.Bip01_R_Finger22" 40
  42 "ValveBiped.Bip01_R_Finger1" 31
  43 "ValveBiped.Bip01_R_Finger11" 42
  44 "ValveBiped.Bip01_R_Finger12" 43
  45 "ValveBiped.Bip01_R_Finger0" 31
  46 "ValveBiped.Bip01_R_Finger01" 45
  47 "ValveBiped.Bip01_R_Finger02" 46
  48 "ValveBiped.Bip01_L_Thigh" 0
  49 "ValveBiped.Bip01_L_Calf" 48
  50 "ValveBiped.Bip01_L_Foot" 49
  51 "ValveBiped.Bip01_L_Toe0" 50
  52 "ValveBiped.Bip01_R_Thigh" 0
  53 "ValveBiped.Bip01_R_Calf" 52
  54 "ValveBiped.Bip01_R_Foot" 53
  55 "ValveBiped.Bip01_R_Toe0" 54
  56 "ValveBiped.Bip2" 0
  57 "ValveBiped.Bip3" 0
  58 "ValveBiped.Bip4" 0
  59 "ValveBiped.Bip5" 0
  60 "ValveBiped.Bip8" 0
  61 "ValveBiped.Bip9" 0
  62 "ValveBiped.Bip10" 0
  63 "ValveBiped.Bip11" 0
  64 "ValveBiped.Bip12" 0
  65 "ValveBiped.Bip1" 64
  66 "ValveBiped.Bip7" 0
  67 "ValveBiped.Bip6" 66
  68 "ValveBiped.Bip14" 0
  69 "ValveBiped.Bip13" 68
  70 "pd.103" 4
  71 "pd.104" 4
  72 "pd.128" 56
  73 "pd.129" 72
  74 "pd.130" 73
  75 "pd.131" 74
  76 "pd.132" 57
  77 "pd.133" 76
  78 "pd.134" 77
  79 "pd.135" 78
  80 "pd.136" 58
  81 "pd.137" 80
  82 "pd.138" 81
  83 "pd.139" 82
  84 "pd.140" 59
  85 "pd.141" 84
  86 "pd.142" 85
  87 "pd.143" 86
  88 "pd.144" 60
  89 "pd.145" 88
  90 "pd.146" 89
  91 "pd.147" 90
  92 "pd.148" 61
  93 "pd.149" 92
  94 "pd.150" 93
  95 "pd.151" 94
  96 "pd.152" 62
  97 "pd.153" 96
  98 "pd.154" 97
  99 "pd.155" 98
  100 "pd.156" 63
  101 "pd.157" 100
  102 "pd.158" 101
  103 "pd.159" 102
  104 "pd.160" 65
  105 "pd.161" 104
  106 "pd.162" 105
  107 "pd.163" 106
  108 "pd.164" 67
  109 "pd.165" 108
  110 "pd.166" 109
  111 "pd.167" 110
  112 "pd" 6
  113 "pd.001" 6
  114 "pd.002" 6
  115 "pd.003" 6
  116 "pd.004" 6
  117 "pd.005" 6
  118 "pd.006" 6
  119 "pd.007" 6
  120 "pd.008" 6
  121 "pd.015" 6
  122 "pd.016" 121
  123 "pd.017" 122
  124 "pd.018" 123
  125 "pd.019" 124
  126 "pd.020" 125
  127 "pd.021" 126
  128 "pd.022" 127
  129 "pd.023" 128
  130 "pd.024" 129
  131 "pd.025" 130
  132 "pd.026" 131
  133 "pd.027" 132
  134 "pd.028" 133
  135 "pd.029" 134
  136 "pd.030" 135
  137 "pd.031" 136
  138 "pd.032" 137
  139 "pd.033" 138
  140 "pd.034" 128
  141 "pd.035" 140
  142 "pd.036" 141
  143 "pd.037" 142
  144 "pd.038" 143
  145 "pd.039" 144
  146 "pd.040" 145
  147 "pd.041" 146
  148 "pd.042" 147
  149 "pd.043" 148
  150 "pd.044" 149
  151 "pd.045" 150
  152 "pd.046" 151
  153 "pd.047" 128
  154 "pd.048" 153
  155 "pd.049" 154
  156 "pd.050" 155
  157 "pd.051" 156
  158 "pd.052" 157
  159 "pd.053" 158
  160 "pd.054" 159
  161 "pd.055" 160
  162 "pd.056" 161
  163 "pd.057" 162
  164 "pd.058" 6
  165 "pd.059" 164
  166 "pd.060" 165
  167 "pd.061" 166
  168 "pd.062" 167
  169 "pd.063" 168
  170 "pd.064" 169
  171 "pd.065" 170
  172 "pd.066" 171
  173 "pd.067" 172
  174 "pd.068" 173
  175 "pd.069" 174
  176 "pd.070" 175
  177 "pd.071" 176
  178 "pd.072" 177
  179 "pd.073" 178
  180 "pd.074" 179
  181 "pd.075" 180
  182 "pd.076" 181
  183 "pd.077" 171
  184 "pd.078" 183
  185 "pd.079" 184
  186 "pd.080" 185
  187 "pd.081" 186
  188 "pd.082" 187
  189 "pd.083" 188
  190 "pd.084" 189
  191 "pd.085" 190
  192 "pd.086" 191
  193 "pd.087" 192
  194 "pd.088" 193
  195 "pd.089" 194
  196 "pd.090" 171
  197 "pd.091" 196
  198 "pd.092" 197
  199 "pd.093" 198
  200 "pd.094" 199
  201 "pd.095" 200
  202 "pd.096" 201
  203 "pd.097" 202
  204 "pd.098" 203
  205 "pd.099" 204
  206 "pd.100" 205
  207 "pd.107" 1
  208 "pd.108" 207
  209 "pd.109" 208
  210 "pd.110" 209
  211 "pd.111" 207
  212 "pd.112" 211
  213 "pd.113" 212
  214 "pd.114" 213
  215 "pd.115" 207
  216 "pd.116" 215
  217 "pd.117" 216
  218 "pd.118" 207
  219 "pd.119" 218
  220 "pd.120" 219
  221 "pd.121" 207
  222 "pd.122" 221
  223 "pd.123" 222
  224 "pd.124" 223
  225 "pd.125" 207
  226 "pd.126" 225
  227 "pd.127" 226
  228 "pd.009" 6
  229 "pd.010" 228
  230 "pd.011" 228
  231 "pd.012" 6
  232 "pd.013" 231
  233 "pd.014" 231
  234 "pd.101" 6
  235 "pd.102" 6
  236 "pd.105" 4
  237 "pd.106" 4
  238 "pd.168" 69
  239 "pd.169" 238
  240 "pd.170" 239
  241 "pd.171" 240
  242 "pd.172" 241
  243 "pd.173" 242
  244 "pd.174" 243
end
skeleton
  time 0
    0 0.000000 -0.967105 44.122166 1.570796 0.000000 0.000000
    1 0.000000 3.523758 0.029950 1.570796 -0.027985 1.570796
    2 0.000000 0.000000 0.000000 0.000000 0.000000 -0.112621
    3 3.710045 0.150944 -0.000002 0.000000 0.000000 -0.012638
    4 0.000004 -0.000001 0.000000 0.000000 0.000000 0.155823
    5 8.192108 -2.246392 -0.000003 3.141589 0.000000 0.224089
    6 2.810970 0.786394 0.000004 0.000000 0.000000 0.109869
    7 0.000000 0.000000 0.000000 -1.570795 0.000000 -1.326470
    8 7.248871 -2.063121 0.799392 1.638345 -1.334142 2.900122
    9 3.406890 -0.117195 -0.331688 -1.453546 0.015826 0.236135
    10 8.927933 0.000001 -0.000004 0.000000 0.000000 0.000000
    11 8.244890 0.000000 -0.000004 1.570796 0.000000 0.000000
    12 2.676094 -1.712418 -0.000012 1.570821 -0.000023 1.570619
    13 2.602129 0.043274 -1.213689 0.000000 0.000000 0.000000
    14 0.978357 0.000000 0.000000 0.000000 0.000000 0.000000
    15 0.578138 0.000000 0.000000 0.000000 0.000000 0.000000
    16 2.666882 0.187336 -0.542830 0.000000 0.000000 0.000000
    17 1.355406 0.000000 0.000000 0.000000 0.000000 0.000000
    18 0.832703 0.000000 0.000000 0.000000 0.000000 0.000000
    19 2.710474 0.161205 0.196588 0.000000 0.000000 0.000000
    20 1.473167 0.000000 0.000000 0.000000 0.000000 0.000000
    21 0.846321 0.000000 0.000000 0.000000 0.000000 0.000000
    22 2.591167 0.126434 0.967711 0.000000 0.000000 0.000000
    23 1.352854 0.000000 0.000000 0.000000 0.000000 0.000000
    24 0.781221 0.000000 0.000000 0.000000 0.000000 0.000000
    25 0.584726 -0.519913 0.370771 -1.301623 -0.446182 -0.627531
    26 1.518351 -0.367496 0.544430 0.000854 0.001836 0.392753
    27 0.979181 -0.236278 0.537338 0.004490 0.012339 0.062293
    28 7.248871 -2.063119 -0.799398 -1.710090 1.334149 2.900126
    29 3.406892 -0.140697 0.322426 1.523337 -0.032557 0.234439
    30 8.927931 -0.000001 0.000004 0.000000 0.000000 0.000000
    31 8.244888 -0.000001 0.000004 -1.570796 0.000000 0.000000
    32 2.676144 -1.712357 0.000080 -1.570742 -0.000010 -1.571256
    33 2.602133 0.043266 1.213689 0.000000 0.000000 0.000000
    34 0.978361 -0.000004 0.000000 0.000000 0.000000 0.000000
    35 0.578136 0.000000 0.000000 0.000000 0.000000 0.000000
    36 2.666882 0.187328 0.542829 0.000000 0.000000 0.000000
    37 1.355406 0.000000 0.000000 0.000000 0.000000 0.000000
    38 0.832703 -0.000004 0.000000 0.000000 0.000000 0.000000
    39 2.710476 0.161201 -0.196589 0.000000 0.000000 0.000000
    40 1.473166 0.000000 0.000000 0.000000 0.000000 0.000000
    41 0.846323 -0.000004 0.000000 0.000000 0.000000 0.000000
    42 2.591166 0.126427 -0.967711 0.000000 0.000000 0.000000
    43 1.352856 0.000000 0.000000 0.000000 0.000000 0.000000
    44 0.781223 -0.000004 0.000000 0.000000 0.000000 0.000000
    45 0.584728 -0.519913 -0.370771 1.301648 0.446144 -0.627495
    46 1.518348 -0.367567 -0.544395 -0.000880 -0.001832 0.392738
    47 0.979185 -0.236300 -0.537319 -0.004467 -0.012334 0.062301
    48 3.050961 -1.782368 -1.228622 -1.570796 0.000000 -1.570796
    49 16.332626 -0.000004 -0.000009 0.000000 0.000000 0.000000
    50 20.043091 -0.000004 -0.000011 0.014671 -0.023907 -1.075671
    51 6.307809 1.971855 -0.164771 -0.011148 0.000933 -0.500514
    52 -3.050961 -1.782368 -1.228622 -1.570796 0.000000 -1.570796
    53 16.332621 -0.000004 -0.000005 0.000000 0.000000 0.000000
    54 20.043093 -0.000004 -0.000006 -0.010594 0.011412 -1.078506
    55 6.303392 1.991225 0.078041 -0.078652 -0.006186 -0.498944
    56 2.711403 5.259277 3.132617 1.371211 -0.247101 0.301329
    57 4.387142 5.259281 1.076985 1.499231 -0.393673 0.422072
    58 4.387142 5.259281 -1.463916 1.706652 -0.391307 0.342493
    59 2.711402 5.259277 -3.519549 1.901471 -0.238775 0.170884
    60 -2.711403 5.259277 -3.519548 1.901471 0.237171 -0.169732
    61 -4.387142 5.259281 -1.463915 1.706652 0.388846 -0.340325
    62 -4.387142 5.259281 1.076986 1.499232 0.391200 -0.419431
    63 -2.711403 5.259277 3.132617 1.371210 0.245443 -0.299324
    64 0.000000 5.259277 3.917799 1.323785 0.000000 0.000000
    65 0.000000 0.000000 0.000004 0.000000 0.000000 0.000000
    66 0.000000 5.259281 -4.304729 1.970281 0.000000 0.000000
    67 0.000000 -0.000004 0.000004 0.000000 0.000000 0.000000
    68 0.000000 3.365860 -2.270664 -3.016978 0.000000 0.000000
    69 0.000000 0.000004 0.000000 0.000000 0.000000 0.000000
    70 3.894241 1.243716 -2.273654 1.965025 -0.040515 3.131485
    71 3.894238 1.243715 2.273654 -1.176566 -0.040514 -0.010107
    72 -0.021326 -0.017084 3.075672 0.022751 -0.028101 -0.026980
    73 -0.073547 -0.051170 4.743092 0.032584 -0.044850 -0.044624
    74 -0.077495 -0.047066 5.165989 0.026438 -0.041664 -0.042026
    75 -0.074110 -0.038752 5.888031 0.018344 -0.034146 -0.034681
    76 -0.032290 -0.011740 3.170059 0.014622 -0.041277 -0.035567
    77 -0.107449 -0.020611 4.862347 0.013008 -0.064785 -0.059688
    78 -0.111515 -0.002520 5.261139 0.002053 -0.060101 -0.057736
    79 -0.106655 0.014372 5.961823 -0.006441 -0.049617 -0.049160
    80 -0.026825 0.001395 3.190907 -0.002934 -0.034445 -0.029117
    81 -0.089855 0.025994 4.906704 -0.016522 -0.055039 -0.049700
    82 -0.095390 0.049047 5.307724 -0.026490 -0.052409 -0.049634
    83 -0.093845 0.065496 6.001842 -0.030397 -0.044484 -0.043642
    84 -0.011630 0.020613 3.179478 -0.027449 -0.015638 -0.015519
    85 -0.042721 0.080910 4.884434 -0.050135 -0.027670 -0.027213
    86 -0.049829 0.096235 5.281723 -0.052275 -0.028571 -0.028122
    87 -0.052511 0.100945 5.976290 -0.046859 -0.025621 -0.025339
    88 0.015903 0.021338 3.177238 -0.028113 0.020374 0.018820
    89 0.047289 0.081381 4.877136 -0.050187 0.028997 0.027920
    90 0.043223 0.094965 5.276382 -0.051666 0.023554 0.024140
    91 0.035468 0.098776 5.977041 -0.046042 0.016383 0.018087
    92 0.033083 0.003553 3.185020 -0.004793 0.041400 0.035424
    93 0.096363 0.027191 4.887688 -0.016423 0.056944 0.051228
    94 0.084818 0.045254 5.293816 -0.024684 0.044623 0.042711
    95 0.067105 0.059410 6.003803 -0.028195 0.030099 0.031089
    96 0.038330 -0.009118 3.164131 0.012460 0.047969 0.043268
    97 0.113415 -0.019338 4.843170 0.013353 0.066404 0.061570
    98 0.100536 -0.007123 5.247093 0.004238 0.052229 0.049703
    99 0.079924 0.007468 5.963799 -0.004057 0.035424 0.035002
    100 0.025406 -0.015861 3.073360 0.021744 0.032580 0.032742
    101 0.077185 -0.050655 4.735600 0.032812 0.045605 0.045842
    102 0.069947 -0.049222 5.160545 0.027450 0.036395 0.036073
    103 0.056913 -0.041794 5.888805 0.019348 0.025229 0.024706
    104 0.000001 -0.022074 3.017406 0.029728 -0.000001 0.000000
    105 0.000007 -0.072325 4.674877 0.045213 0.000001 0.000000
    106 0.000004 -0.072306 5.116188 0.039499 -0.000001 0.000000
    107 0.000008 -0.065177 5.851667 0.030159 -0.000003 0.000000
    108 0.000000 0.027422 3.170170 -0.036187 0.000000 0.000000
    109 0.000002 0.099876 4.862431 -0.061972 0.000000 0.000000
    110 0.000003 0.111992 5.256622 -0.061199 0.000001 0.000000
    111 -0.000001 0.112280 5.953030 -0.052385 -0.000003 0.000000
    112 3.761497 -0.484362 -3.660547 -0.900179 1.161913 2.643719
    113 3.752853 -1.560328 -3.605245 -0.789065 0.912032 2.532620
    114 4.474640 -3.523696 -2.361130 2.675599 0.700163 -0.932028
    115 7.239937 -2.863720 -1.353375 2.392258 1.211417 -0.648675
    116 5.828751 -3.266319 -0.422032 2.581944 0.323357 -0.838376
    117 6.404037 -2.955704 0.813580 2.356718 1.046823 -0.613147
    118 3.398285 -0.913291 3.507390 2.329320 1.057333 -0.585752
    119 3.304718 -2.181828 3.297226 2.389322 1.112993 -0.645736
    120 5.089508 -2.145199 2.833681 2.371626 1.510808 -0.628243
    121 3.309242 3.021448 2.807659 0.145870 0.352522 1.597699
    122 -0.000002 1.299175 0.000000 2.863876 -1.026024 0.140310
    123 1.483128 0.889118 -0.760393 -1.723425 -0.954308 -2.931849
    124 0.000001 0.000006 1.098301 -0.011182 0.114293 0.088735
    125 -0.031181 -0.045309 2.776104 0.072845 -0.059048 -0.048706
    126 -0.063147 -0.055231 3.387466 0.053852 -0.069808 -0.055545
    127 -0.073409 -0.021782 3.800297 0.017832 -0.053762 -0.039335
    128 0.000000 0.000000 1.901588 -0.191357 0.059709 0.055031
    129 0.508658 0.249132 2.020947 0.152654 -0.080674 -0.091023
    130 -0.021115 -0.005932 3.975941 0.018894 -0.028664 -0.023641
    131 -0.068426 0.014626 3.999939 -0.000226 -0.062980 -0.043719
    132 -0.007289 0.005527 4.039022 0.012551 0.027198 0.016563
    133 -0.000628 -0.025537 3.672590 0.024792 0.003099 -0.002792
    134 -0.135418 -0.087128 4.137640 0.062914 0.003334 -0.010280
    135 0.098037 -0.014038 3.938133 0.050502 0.075713 0.040403
    136 0.000000 0.000000 1.657495 0.041547 0.036246 0.016576
    137 0.152488 -0.043791 3.310966 0.069626 0.165611 0.093920
    138 0.319344 -0.179604 4.414724 0.182635 0.192651 0.123485
    139 0.315797 -0.299946 4.960559 -0.172145 0.156200 0.030440
    140 -1.403287 -1.245106 1.653469 0.359794 -0.150586 -0.212232
    141 -0.036385 -0.040253 4.010429 0.027873 -0.013964 -0.014459
    142 0.039886 -0.009483 4.181780 0.011456 0.007395 0.001500
    143 -0.012575 0.024719 4.669813 -0.037712 -0.000559 0.008144
    144 0.003522 0.076195 4.128000 -0.144606 0.004083 0.033468
    145 0.057060 0.140339 3.777660 -0.156636 0.079873 0.079571
    146 -0.000002 0.000002 1.827112 -0.096845 0.068789 0.065894
    147 0.000005 0.000008 1.819405 -0.025411 0.082010 0.074106
    148 -0.000027 0.000006 1.796610 -0.053664 0.068113 0.061034
    149 0.143147 0.090977 3.417555 -0.078907 0.233384 0.206127
    150 0.299864 0.076643 3.734957 0.073279 0.346200 0.399053
    151 0.205663 -0.102530 3.289310 0.188572 0.187720 0.357340
    152 0.187447 -0.369926 3.245319 0.063889 -0.263370 -0.208770
    153 2.697930 0.437963 2.522320 0.120394 0.014650 0.003640
    154 -0.107486 -0.161879 4.179699 0.166631 -0.086351 -0.087082
    155 -0.105448 -0.232380 4.477386 0.197241 -0.070590 -0.081981
    156 -0.054009 -0.142471 4.558023 0.126629 -0.045738 -0.050372
    157 -0.032272 -0.069145 3.613425 0.064674 -0.047010 -0.035167
    158 -0.037061 0.026768 3.770075 -0.065050 -0.050752 -0.000997
    159 -0.069773 0.200871 3.797598 -0.258059 -0.065538 0.050786
    160 -0.097511 0.349506 3.709995 -0.367298 -0.091252 0.075873
    161 -0.030209 0.308874 3.588842 -0.337832 0.077508 0.172665
    162 0.153002 0.295004 3.523855 -0.288480 0.299089 0.389546
    163 0.192851 0.188094 2.468798 0.033129 0.438087 0.812831
    164 3.309235 3.021465 -2.807641 -2.995720 0.352528 -1.543893
    165 0.000000 1.299175 0.000000 2.863876 1.026010 -0.140306
    166 -1.483133 0.889126 -0.760418 -1.723435 0.954314 2.931837
    167 -0.000006 -0.000002 1.098301 -0.011182 -0.114298 -0.088737
    168 0.031177 -0.045311 2.776096 0.072845 0.059047 0.048706
    169 0.063149 -0.055231 3.387466 0.053852 0.069808 0.055545
    170 0.073413 -0.021780 3.800289 0.017832 0.053764 0.039335
    171 0.000002 -0.000002 1.901588 -0.191357 -0.059713 -0.055024
    172 -0.508654 0.249136 2.020947 0.152655 0.080680 0.091018
    173 0.021119 -0.005928 3.975933 0.018894 0.028663 0.023643
    174 0.068434 0.014627 3.999947 -0.000226 0.062982 0.043718
    175 0.007291 0.005524 4.039026 0.012551 -0.027196 -0.016564
    176 0.000624 -0.025537 3.672588 0.024791 -0.003099 0.002793
    177 0.135412 -0.087130 4.137642 0.062914 -0.003335 0.010281
    178 -0.098038 -0.014040 3.938129 0.050502 -0.075712 -0.040404
    179 0.000000 0.000000 1.657490 0.041547 -0.036248 -0.016575
    180 -0.152492 -0.043795 3.310970 0.069626 -0.165611 -0.093922
    181 -0.319357 -0.179602 4.414725 0.182634 -0.192652 -0.123486
    182 -0.315814 -0.299955 4.960563 -0.172145 -0.156203 -0.030440
    183 1.403308 -1.245113 1.653461 0.359794 0.150591 0.212228
    184 0.036398 -0.040260 4.010426 0.027874 0.013967 0.014459
    185 -0.039887 -0.009483 4.181797 0.011455 -0.007395 -0.001500
    186 0.012575 0.024708 4.669821 -0.037712 0.000559 -0.008144
    187 -0.003523 0.076199 4.128008 -0.144605 -0.004083 -0.033468
    188 -0.057062 0.140339 3.777658 -0.156635 -0.079873 -0.079572
    189 0.000000 0.000006 1.827118 -0.096844 -0.068790 -0.065895
    190 -0.000009 0.000010 1.819410 -0.025411 -0.082011 -0.074107
    191 0.000027 0.000004 1.796608 -0.053664 -0.068114 -0.061034
    192 -0.143153 0.090969 3.417557 -0.078908 -0.233386 -0.206128
    193 -0.299873 0.076631 3.734959 0.073278 -0.346198 -0.399055
    194 -0.205668 -0.102563 3.289330 0.188570 -0.187718 -0.357339
    195 -0.187449 -0.369966 3.245340 0.063889 0.263368 0.208768
    196 -2.697953 0.437979 2.522327 0.120394 -0.014646 -0.003645
    197 0.107490 -0.161877 4.179699 0.166631 0.086351 0.087082
    198 0.105456 -0.232386 4.477375 0.197240 0.070591 0.081982
    199 0.054015 -0.142471 4.558029 0.126629 0.045739 0.050372
    200 0.032275 -0.069153 3.613431 0.064673 0.047011 0.035167
    201 0.037062 0.026764 3.770080 -0.065051 0.050752 0.000997
    202 0.069780 0.200867 3.797603 -0.258059 0.065538 -0.050786
    203 0.097515 0.349510 3.710004 -0.367299 0.091254 -0.075876
    204 0.030205 0.308855 3.588852 -0.337830 -0.077508 -0.172666
    205 -0.153004 0.295002 3.523855 -0.288478 -0.299090 -0.389552
    206 -0.192861 0.188094 2.468803 0.033133 -0.438087 -0.812839
    207 3.038773 -3.186367 -0.000004 0.000000 -1.570796 -1.598781
    208 -1.259778 -0.110737 0.228234 1.581472 1.308281 -1.297982
    209 -0.000001 0.000000 1.663316 0.000004 -0.000002 -0.000002
    210 0.000000 0.000000 1.663315 -0.000002 0.000000 0.000000
    211 -1.301082 -0.448425 -0.122918 2.040421 0.526409 -0.327875
    212 0.000001 0.000004 4.296974 0.216396 0.205320 0.064361
    213 0.000000 0.000000 5.293940 -0.136099 0.001000 0.029709
    214 0.000002 0.000004 4.673290 -0.052714 0.003415 0.013170
    215 -1.181794 -0.334217 -0.513912 2.246439 0.707787 -0.351069
    216 0.000001 -0.000008 4.514694 0.102094 0.071610 -0.013054
    217 0.000005 0.000004 4.566620 -0.095016 0.147985 0.081109
    218 1.259783 -0.110741 0.228234 1.581473 -1.308280 1.297974
    219 0.000001 0.000000 1.663319 0.000004 0.000002 0.000003
    220 -0.000003 0.000004 1.663315 -0.000001 -0.000001 0.000001
    221 1.301088 -0.448425 -0.122919 2.040421 -0.526409 0.327874
    222 0.000000 0.000000 4.296982 0.216396 -0.205320 -0.064361
    223 0.000000 -0.000004 5.293945 -0.136099 -0.001000 -0.029708
    224 -0.000002 0.000004 4.673294 -0.052713 -0.003415 -0.013171
    225 1.181799 -0.334221 -0.513912 2.246439 -0.707787 0.351070
    226 0.000000 0.000004 4.514696 0.102093 -0.071611 0.013055
    227 0.000000 0.000000 4.566618 -0.095016 -0.147985 -0.081109
    228 6.151886 0.783840 1.728969 0.536693 0.361792 1.206873
    229 0.000000 0.000011 2.411968 0.020495 0.016009 -0.025840
    230 -0.631569 -0.002724 1.030853 -0.105429 0.014364 0.078393
    231 6.151878 0.783848 -1.729018 -2.604900 0.361798 -1.934721
    232 0.000004 0.000008 2.411964 0.020495 -0.016009 0.025840
    233 0.631573 -0.002724 1.030849 -0.105429 -0.014364 -0.078393
    234 1.230007 -0.544867 -2.682516 2.356555 1.563104 -0.612323
    235 1.230003 -0.544881 2.682512 -0.785755 1.563102 2.528558
    236 7.641582 1.695580 0.170169 -0.854575 -0.689729 0.657673
    237 7.641582 1.695581 -0.170173 2.287016 -0.689729 -2.483919
    238 0.000000 0.000004 2.319757 -0.210121 0.000000 0.000000
    239 0.000000 -0.000011 2.593413 -0.089771 0.000000 0.000000
    240 0.000001 -0.000019 2.777902 -0.004359 0.000000 0.000000
    241 0.000000 -0.000019 2.801039 0.078065 0.000000 0.000000
    242 0.000001 -0.000011 2.659531 0.187856 0.000000 0.000000
    243 0.000000 -0.000004 2.413889 0.343753 0.000000 0.000000
    244 0.000000 0.000023 2.236877 0.463603 0.000000 0.000000
end
triangles
  phy
    0 2.373936 -0.336398 44.154992 0.878420 0.104789 0.466259 0 0
    0 1.722435 0.504111 44.973808 0.411177 0.214798 0.885887 0 0
    0 1.907881 -0.608373 44.965222 0.610899 -0.144277 0.778452 0 0
  phy
    0 2.373936 -0.336398 44.154992 0.878420 0.104789 0.466259 0 0
    0 2.742912 -0.297062 43.322079 0.986388 0.164385 0.004127 0 0
    0 1.722435 0.504111 44.973808 0.411177 0.214798 0.885887 0 0
  phy
    0 2.373936 -0.336398 44.154992 0.878420 0.104789 0.466259 0 0
    0 1.907881 -0.608373 44.965222 0.610899 -0.144277 0.778452 0 0
    0 2.406763 -1.330206 44.096807 0.841194 -0.296459 0.452221 0 0
  phy
    0 2.406763 -1.330206 44.096807 0.841194 -0.296459 0.452221 0 0
    0 2.742912 -0.297062 43.322079 0.986388 0.164385 0.004127 0 0
    0 2.373936 -0.336398 44.154992 0.878420 0.104789 0.466259 0 0
  phy
    0 0.200339 1.741035 44.777763 -0.001018 0.759642 0.650340 0 0
    0 1.013620 1.356733 44.943447 0.218023 0.371550 0.902451 0 0
    0 1.278990 2.944751 43.092120 0.341722 0.739475 0.580002 0 0
  phy
    0 0.200339 1.741035 44.777763 -0.001018 0.759642 0.650340 0 0
    0 -1.013621 1.356735 44.943447 -0.259874 0.597848 0.758317 0 0
    0 1.013620 1.356733 44.943447 0.218023 0.371550 0.902451 0 0
  phy
    0 -0.873051 3.298164 42.672763 -0.092216 0.832830 0.545794 0 0
    0 0.200339 1.741035 44.777763 -0.001018 0.759642 0.650340 0 0
    0 1.278990 2.944751 43.092120 0.341722 0.739475 0.580002 0 0
  phy
    0 0.200339 1.741035 44.777763 -0.001018 0.759642 0.650340 0 0
    0 -0.873051 3.298164 42.672763 -0.092216 0.832830 0.545794 0 0
    0 -1.013621 1.356735 44.943447 -0.259874 0.597848 0.758317 0 0
  phy
    0 0.235364 0.600428 40.277073 0.633482 -0.063588 -0.771140 0 0
    0 1.790961 -2.823021 42.258898 0.724784 -0.198205 -0.659851 0 0
    0 0.699489 -2.661770 41.101446 0.655994 -0.200952 -0.727523 0 0
  phy
    0 0.235364 0.600428 40.277073 0.633482 -0.063588 -0.771140 0 0
    0 0.699489 -2.661770 41.101446 0.655994 -0.200952 -0.727523 0 0
    0 0.235483 -1.868485 40.572385 -0.061087 -0.206980 -0.976436 0 0
  phy
    0 0.699489 -2.661770 41.101446 0.655994 -0.200952 -0.727523 0 0
    0 1.790961 -2.823021 42.258898 0.724784 -0.198205 -0.659851 0 0
    0 0.563512 -3.144271 41.499777 0.261365 -0.869092 -0.419960 0 0
  phy
    0 0.699489 -2.661770 41.101446 0.655994 -0.200952 -0.727523 0 0
    0 0.563512 -3.144271 41.499777 0.261365 -0.869092 -0.419960 0 0
    0 0.000000 -2.735138 40.929178 -0.058009 -0.573314 -0.817279 0 0
  phy
    0 0.699489 -2.661770 41.101446 0.655994 -0.200952 -0.727523 0 0
    0 0.000000 -2.735138 40.929178 -0.058009 -0.573314 -0.817279 0 0
    0 0.235483 -1.868485 40.572385 -0.061087 -0.206980 -0.976436 0 0
  phy
    0 0.563512 -3.144271 41.499777 0.261365 -0.869092 -0.419960 0 0
    0 1.021685 -3.291264 42.746851 0.329893 -0.943331 0.036013 0 0
    0 0.000000 -3.445736 42.245871 0.000000 -0.973610 -0.228219 0 0
  phy
    0 1.021685 -3.291264 42.746851 0.329893 -0.943331 0.036013 0 0
    0 0.000000 -3.520691 42.763685 0.000002 -0.981332 0.192323 0 0
    0 0.000000 -3.445736 42.245871 0.000000 -0.973610 -0.228219 0 0
  phy
    0 -1.021683 -3.291264 42.746851 -0.329423 -0.943474 0.036573 0 0
    0 -0.563514 -3.144270 41.499777 -0.269605 -0.861166 -0.430937 0 0
    0 0.000000 -3.445736 42.245871 0.000000 -0.973610 -0.228219 0 0
  phy
    0 0.000000 -3.445736 42.245871 0.000000 -0.973610 -0.228219 0 0
    0 0.000000 -3.520691 42.763685 0.000002 -0.981332 0.192323 0 0
    0 -1.021683 -3.291264 42.746851 -0.329423 -0.943474 0.036573 0 0
  phy
    0 0.000000 -3.445736 42.245871 0.000000 -0.973610 -0.228219 0 0
    0 -0.563514 -3.144270 41.499777 -0.269605 -0.861166 -0.430937 0 0
    0 0.563512 -3.144271 41.499777 0.261365 -0.869092 -0.419960 0 0
  phy
    0 -1.677213 -2.912159 42.936384 -0.573302 -0.787758 0.225305 0 0
    0 -1.785718 -2.827607 42.259127 -0.580140 -0.734940 -0.351142 0 0
    0 -1.021683 -3.291264 42.746851 -0.329423 -0.943474 0.036573 0 0
  phy
    0 -2.318722 -2.353467 42.775156 -0.867502 -0.143158 -0.476388 0 0
    0 -1.785718 -2.827607 42.259127 -0.580140 -0.734940 -0.351142 0 0
    0 -1.677213 -2.912159 42.936384 -0.573302 -0.787758 0.225305 0 0
  phy
    0 -1.677213 -2.912159 42.936384 -0.573302 -0.787758 0.225305 0 0
    0 -1.021683 -3.291264 42.746851 -0.329423 -0.943474 0.036573 0 0
    0 -0.661139 -2.878376 45.028009 -0.240019 -0.391743 0.888216 0 0
  phy
    0 -0.661139 -2.878376 45.028009 -0.240019 -0.391743 0.888216 0 0
    0 -2.166235 -2.174160 43.678010 -0.703839 -0.601635 0.377684 0 0
    0 -1.677213 -2.912159 42.936384 -0.573302 -0.787758 0.225305 0 0
  phy
    0 -1.677213 -2.912159 42.936384 -0.573302 -0.787758 0.225305 0 0
    0 -2.166235 -2.174160 43.678010 -0.703839 -0.601635 0.377684 0 0
    0 -2.318722 -2.353467 42.775156 -0.867502 -0.143158 -0.476388 0 0
  phy
    0 2.406763 -1.330206 44.096807 0.841194 -0.296459 0.452221 0 0
    0 2.166234 -2.174160 43.678014 0.710080 -0.598983 0.370143 0 0
    0 2.273718 -2.393695 42.718767 0.848314 -0.102861 -0.519407 0 0
  phy
    0 2.273718 -2.393695 42.718767 0.848314 -0.102861 -0.519407 0 0
    0 2.742912 -0.297062 43.322079 0.986388 0.164385 0.004127 0 0
    0 2.406763 -1.330206 44.096807 0.841194 -0.296459 0.452221 0 0
  phy
    0 1.907881 -0.608373 44.965222 0.610899 -0.144277 0.778452 0 0
    0 0.661139 -2.878367 45.028005 0.370923 -0.616254 0.694728 0 0
    0 2.406763 -1.330206 44.096807 0.841194 -0.296459 0.452221 0 0
  phy
    0 2.406763 -1.330206 44.096807 0.841194 -0.296459 0.452221 0 0
    0 0.661139 -2.878367 45.028005 0.370923 -0.616254 0.694728 0 0
    0 2.166234 -2.174160 43.678014 0.710080 -0.598983 0.370143 0 0
  phy
    0 -0.873051 3.298164 42.672763 -0.092216 0.832830 0.545794 0 0
    0 1.205019 3.387672 42.331961 0.086153 0.962769 0.256229 0 0
    0 -1.216944 3.514999 41.774367 -0.082000 0.996202 0.029296 0 0
  phy
    0 -1.692287 3.124634 42.422000 -0.554276 0.742857 0.375422 0 0
    0 -0.873051 3.298164 42.672763 -0.092216 0.832830 0.545794 0 0
    0 -1.216944 3.514999 41.774367 -0.082000 0.996202 0.029296 0 0
  phy
    0 -0.873051 3.298164 42.672763 -0.092216 0.832830 0.545794 0 0
    0 -1.504918 2.512818 43.309734 -0.551475 0.606865 0.572355 0 0
    0 -1.013621 1.356735 44.943447 -0.259874 0.597848 0.758317 0 0
  phy
    0 1.205019 3.387672 42.331961 0.086153 0.962769 0.256229 0 0
    0 -0.873051 3.298164 42.672763 -0.092216 0.832830 0.545794 0 0
    0 1.278990 2.944751 43.092120 0.341722 0.739475 0.580002 0 0
  phy
    0 -1.504918 2.512818 43.309734 -0.551475 0.606865 0.572355 0 0
    0 -0.873051 3.298164 42.672763 -0.092216 0.832830 0.545794 0 0
    0 -1.692287 3.124634 42.422000 -0.554276 0.742857 0.375422 0 0
  phy
    0 0.563512 -3.144271 41.499777 0.261365 -0.869092 -0.419960 0 0
    0 1.790961 -2.823021 42.258898 0.724784 -0.198205 -0.659851 0 0
    0 1.021685 -3.291264 42.746851 0.329893 -0.943331 0.036013 0 0
  phy
    0 0.563512 -3.144271 41.499777 0.261365 -0.869092 -0.419960 0 0
    0 -0.563514 -3.144270 41.499777 -0.269605 -0.861166 -0.430937 0 0
    0 0.000000 -2.735138 40.929178 -0.058009 -0.573314 -0.817279 0 0
  phy
    0 1.230259 3.461873 41.328082 0.112042 0.943185 -0.312808 0 0
    0 1.205019 3.387672 42.331961 0.086153 0.962769 0.256229 0 0
    0 1.771160 3.256875 41.872127 0.948418 0.223005 -0.225327 0 0
  phy
    0 1.205019 3.387672 42.331961 0.086153 0.962769 0.256229 0 0
    0 1.230259 3.461873 41.328082 0.112042 0.943185 -0.312808 0 0
    0 -1.216944 3.514999 41.774367 -0.082000 0.996202 0.029296 0 0
  phy
    0 1.230259 3.461873 41.328082 0.112042 0.943185 -0.312808 0 0
    0 -1.249892 3.265536 40.877856 -0.163501 0.582776 -0.796014 0 0
    0 -1.216944 3.514999 41.774367 -0.082000 0.996202 0.029296 0 0
  phy
    0 1.771160 3.256875 41.872127 0.948418 0.223005 -0.225327 0 0
    0 0.781541 2.830994 40.615863 0.616492 0.070322 -0.784214 0 0
    0 1.230259 3.461873 41.328082 0.112042 0.943185 -0.312808 0 0
  phy
    0 1.230259 3.461873 41.328082 0.112042 0.943185 -0.312808 0 0
    0 0.781541 2.830994 40.615863 0.616492 0.070322 -0.784214 0 0
    0 -1.249892 3.265536 40.877856 -0.163501 0.582776 -0.796014 0 0
  phy
    0 1.771160 3.256875 41.872127 0.948418 0.223005 -0.225327 0 0
    0 1.205019 3.387672 42.331961 0.086153 0.962769 0.256229 0 0
    0 1.278990 2.944751 43.092120 0.341722 0.739475 0.580002 0 0
  phy
    0 1.677213 -2.912160 42.936384 0.574549 -0.787051 0.224597 0 0
    0 1.790961 -2.823021 42.258898 0.724784 -0.198205 -0.659851 0 0
    0 2.273718 -2.393695 42.718767 0.848314 -0.102861 -0.519407 0 0
  phy
    0 1.021685 -3.291264 42.746851 0.329893 -0.943331 0.036013 0 0
    0 1.790961 -2.823021 42.258898 0.724784 -0.198205 -0.659851 0 0
    0 1.677213 -2.912160 42.936384 0.574549 -0.787051 0.224597 0 0
  phy
    0 2.273718 -2.393695 42.718767 0.848314 -0.102861 -0.519407 0 0
    0 2.166234 -2.174160 43.678014 0.710080 -0.598983 0.370143 0 0
    0 1.677213 -2.912160 42.936384 0.574549 -0.787051 0.224597 0 0
  phy
    0 2.166234 -2.174160 43.678014 0.710080 -0.598983 0.370143 0 0
    0 0.661139 -2.878367 45.028005 0.370923 -0.616254 0.694728 0 0
    0 1.677213 -2.912160 42.936384 0.574549 -0.787051 0.224597 0 0
  phy
    0 1.677213 -2.912160 42.936384 0.574549 -0.787051 0.224597 0 0
    0 0.661139 -2.878367 45.028005 0.370923 -0.616254 0.694728 0 0
    0 1.021685 -3.291264 42.746851 0.329893 -0.943331 0.036013 0 0
  phy
    0 -1.021683 -3.291264 42.746851 -0.329423 -0.943474 0.036573 0 0
    0 0.000000 -3.520691 42.763685 0.000002 -0.981332 0.192323 0 0
    0 -0.661139 -2.878376 45.028009 -0.240019 -0.391743 0.888216 0 0
  phy
    0 -0.661139 -2.878376 45.028009 -0.240019 -0.391743 0.888216 0 0
    0 0.000000 -3.520691 42.763685 0.000002 -0.981332 0.192323 0 0
    0 0.661139 -2.878367 45.028005 0.370923 -0.616254 0.694728 0 0
  phy
    0 -0.661139 -2.878376 45.028009 -0.240019 -0.391743 0.888216 0 0
    0 1.722435 0.504111 44.973808 0.411177 0.214798 0.885887 0 0
    0 -1.722421 0.504121 44.973808 -0.375064 0.186851 0.907972 0 0
  phy
    0 -0.661139 -2.878376 45.028009 -0.240019 -0.391743 0.888216 0 0
    0 0.661139 -2.878367 45.028005 0.370923 -0.616254 0.694728 0 0
    0 1.722435 0.504111 44.973808 0.411177 0.214798 0.885887 0 0
  phy
    0 -2.166235 -2.174160 43.678010 -0.703839 -0.601635 0.377684 0 0
    0 -0.661139 -2.878376 45.028009 -0.240019 -0.391743 0.888216 0 0
    0 -2.406764 -1.330206 44.096799 -0.835817 -0.294417 0.463389 0 0
  phy
    0 -1.907877 -0.608372 44.965230 -0.610898 -0.144275 0.778453 0 0
    0 -2.406764 -1.330206 44.096799 -0.835817 -0.294417 0.463389 0 0
    0 -0.661139 -2.878376 45.028009 -0.240019 -0.391743 0.888216 0 0
  phy
    0 -1.722421 0.504121 44.973808 -0.375064 0.186851 0.907972 0 0
    0 -1.907877 -0.608372 44.965230 -0.610898 -0.144275 0.778453 0 0
    0 -0.661139 -2.878376 45.028009 -0.240019 -0.391743 0.888216 0 0
  phy
    0 -1.021683 -3.291264 42.746851 -0.329423 -0.943474 0.036573 0 0
    0 -1.785718 -2.827607 42.259127 -0.580140 -0.734940 -0.351142 0 0
    0 -0.563514 -3.144270 41.499777 -0.269605 -0.861166 -0.430937 0 0
  phy
    0 -1.722421 0.504121 44.973808 -0.375064 0.186851 0.907972 0 0
    0 1.722435 0.504111 44.973808 0.411177 0.214798 0.885887 0 0
    0 1.013620 1.356733 44.943447 0.218023 0.371550 0.902451 0 0
  phy
    0 1.013620 1.356733 44.943447 0.218023 0.371550 0.902451 0 0
    0 -1.013621 1.356735 44.943447 -0.259874 0.597848 0.758317 0 0
    0 -1.722421 0.504121 44.973808 -0.375064 0.186851 0.907972 0 0
  phy
    0 -2.373934 -0.336392 44.154996 -0.878209 0.104494 0.466722 0 0
    0 -1.722421 0.504121 44.973808 -0.375064 0.186851 0.907972 0 0
    0 -2.743889 -0.302119 43.323578 -0.995750 0.078954 -0.047408 0 0
  phy
    0 -1.722421 0.504121 44.973808 -0.375064 0.186851 0.907972 0 0
    0 -2.227046 2.370452 42.536233 -0.879362 0.362494 0.308740 0 0
    0 -2.743889 -0.302119 43.323578 -0.995750 0.078954 -0.047408 0 0
  phy
    0 -1.722421 0.504121 44.973808 -0.375064 0.186851 0.907972 0 0
    0 -1.504918 2.512818 43.309734 -0.551475 0.606865 0.572355 0 0
    0 -2.227046 2.370452 42.536233 -0.879362 0.362494 0.308740 0 0
  phy
    0 -1.504918 2.512818 43.309734 -0.551475 0.606865 0.572355 0 0
    0 -1.722421 0.504121 44.973808 -0.375064 0.186851 0.907972 0 0
    0 -1.013621 1.356735 44.943447 -0.259874 0.597848 0.758317 0 0
  phy
    0 -1.907877 -0.608372 44.965230 -0.610898 -0.144275 0.778453 0 0
    0 -1.722421 0.504121 44.973808 -0.375064 0.186851 0.907972 0 0
    0 -2.373934 -0.336392 44.154996 -0.878209 0.104494 0.466722 0 0
  phy
    0 1.722435 0.504111 44.973808 0.411177 0.214798 0.885887 0 0
    0 0.661139 -2.878367 45.028005 0.370923 -0.616254 0.694728 0 0
    0 1.907881 -0.608373 44.965222 0.610899 -0.144277 0.778452 0 0
  phy
    0 1.722435 0.504111 44.973808 0.411177 0.214798 0.885887 0 0
    0 1.278990 2.944751 43.092120 0.341722 0.739475 0.580002 0 0
    0 1.013620 1.356733 44.943447 0.218023 0.371550 0.902451 0 0
  phy
    0 -1.504918 2.512818 43.309734 -0.551475 0.606865 0.572355 0 0
    0 -1.692287 3.124634 42.422000 -0.554276 0.742857 0.375422 0 0
    0 -2.227046 2.370452 42.536233 -0.879362 0.362494 0.308740 0 0
  phy
    0 0.781541 2.830994 40.615863 0.616492 0.070322 -0.784214 0 0
    0 1.790961 -2.823021 42.258898 0.724784 -0.198205 -0.659851 0 0
    0 0.235364 0.600428 40.277073 0.633482 -0.063588 -0.771140 0 0
  phy
    0 0.235364 0.600428 40.277073 0.633482 -0.063588 -0.771140 0 0
    0 -0.370297 1.147580 40.180130 -0.431829 -0.019979 -0.901734 0 0
    0 0.781541 2.830994 40.615863 0.616492 0.070322 -0.784214 0 0
  phy
    0 -0.370297 1.147580 40.180130 -0.431829 -0.019979 -0.901734 0 0
    0 0.235364 0.600428 40.277073 0.633482 -0.063588 -0.771140 0 0
    0 0.235483 -1.868485 40.572385 -0.061087 -0.206980 -0.976436 0 0
  phy
    0 -2.318722 -2.353467 42.775156 -0.867502 -0.143158 -0.476388 0 0
    0 -2.166235 -2.174160 43.678010 -0.703839 -0.601635 0.377684 0 0
    0 -2.406764 -1.330206 44.096799 -0.835817 -0.294417 0.463389 0 0
  phy
    0 -2.318722 -2.353467 42.775156 -0.867502 -0.143158 -0.476388 0 0
    0 -2.406764 -1.330206 44.096799 -0.835817 -0.294417 0.463389 0 0
    0 -2.743889 -0.302119 43.323578 -0.995750 0.078954 -0.047408 0 0
  phy
    0 -1.017003 -2.554904 41.180601 -0.669646 -0.144294 -0.728529 0 0
    0 -2.318722 -2.353467 42.775156 -0.867502 -0.143158 -0.476388 0 0
    0 -1.812877 3.227132 41.419490 -0.808052 -0.003190 -0.589103 0 0
  phy
    0 -2.318722 -2.353467 42.775156 -0.867502 -0.143158 -0.476388 0 0
    0 -1.017003 -2.554904 41.180601 -0.669646 -0.144294 -0.728529 0 0
    0 -1.785718 -2.827607 42.259127 -0.580140 -0.734940 -0.351142 0 0
  phy
    0 -1.812877 3.227132 41.419490 -0.808052 -0.003190 -0.589103 0 0
    0 -2.318722 -2.353467 42.775156 -0.867502 -0.143158 -0.476388 0 0
    0 -2.743889 -0.302119 43.323578 -0.995750 0.078954 -0.047408 0 0
  phy
    0 -1.017003 -2.554904 41.180601 -0.669646 -0.144294 -0.728529 0 0
    0 0.000000 -2.735138 40.929178 -0.058009 -0.573314 -0.817279 0 0
    0 -0.563514 -3.144270 41.499777 -0.269605 -0.861166 -0.430937 0 0
  phy
    0 0.000000 -2.735138 40.929178 -0.058009 -0.573314 -0.817279 0 0
    0 -1.017003 -2.554904 41.180601 -0.669646 -0.144294 -0.728529 0 0
    0 0.235483 -1.868485 40.572385 -0.061087 -0.206980 -0.976436 0 0
  phy
    0 -0.370297 1.147580 40.180130 -0.431829 -0.019979 -0.901734 0 0
    0 -1.017003 -2.554904 41.180601 -0.669646 -0.144294 -0.728529 0 0
    0 -1.812877 3.227132 41.419490 -0.808052 -0.003190 -0.589103 0 0
  phy
    0 -1.017003 -2.554904 41.180601 -0.669646 -0.144294 -0.728529 0 0
    0 -0.370297 1.147580 40.180130 -0.431829 -0.019979 -0.901734 0 0
    0 0.235483 -1.868485 40.572385 -0.061087 -0.206980 -0.976436 0 0
  phy
    0 -0.563514 -3.144270 41.499777 -0.269605 -0.861166 -0.430937 0 0
    0 -1.785718 -2.827607 42.259127 -0.580140 -0.734940 -0.351142 0 0
    0 -1.017003 -2.554904 41.180601 -0.669646 -0.144294 -0.728529 0 0
  phy
    0 2.273718 -2.393695 42.718767 0.848314 -0.102861 -0.519407 0 0
    0 0.781541 2.830994 40.615863 0.616492 0.070322 -0.784214 0 0
    0 1.771160 3.256875 41.872127 0.948418 0.223005 -0.225327 0 0
  phy
    0 1.771160 3.256875 41.872127 0.948418 0.223005 -0.225327 0 0
    0 2.742912 -0.297062 43.322079 0.986388 0.164385 0.004127 0 0
    0 2.273718 -2.393695 42.718767 0.848314 -0.102861 -0.519407 0 0
  phy
    0 1.771160 3.256875 41.872127 0.948418 0.223005 -0.225327 0 0
    0 1.278990 2.944751 43.092120 0.341722 0.739475 0.580002 0 0
    0 1.722435 0.504111 44.973808 0.411177 0.214798 0.885887 0 0
  phy
    0 1.722435 0.504111 44.973808 0.411177 0.214798 0.885887 0 0
    0 2.742912 -0.297062 43.322079 0.986388 0.164385 0.004127 0 0
    0 1.771160 3.256875 41.872127 0.948418 0.223005 -0.225327 0 0
  phy
    0 2.273718 -2.393695 42.718767 0.848314 -0.102861 -0.519407 0 0
    0 1.790961 -2.823021 42.258898 0.724784 -0.198205 -0.659851 0 0
    0 0.781541 2.830994 40.615863 0.616492 0.070322 -0.784214 0 0
  phy
    0 -1.907877 -0.608372 44.965230 -0.610898 -0.144275 0.778453 0 0
    0 -2.373934 -0.336392 44.154996 -0.878209 0.104494 0.466722 0 0
    0 -2.406764 -1.330206 44.096799 -0.835817 -0.294417 0.463389 0 0
  phy
    0 0.661139 -2.878367 45.028005 0.370923 -0.616254 0.694728 0 0
    0 0.000000 -3.520691 42.763685 0.000002 -0.981332 0.192323 0 0
    0 1.021685 -3.291264 42.746851 0.329893 -0.943331 0.036013 0 0
  phy
    0 -2.406764 -1.330206 44.096799 -0.835817 -0.294417 0.463389 0 0
    0 -2.373934 -0.336392 44.154996 -0.878209 0.104494 0.466722 0 0
    0 -2.743889 -0.302119 43.323578 -0.995750 0.078954 -0.047408 0 0
  phy
    0 -1.692287 3.124634 42.422000 -0.554276 0.742857 0.375422 0 0
    0 -1.812877 3.227132 41.419490 -0.808052 -0.003190 -0.589103 0 0
    0 -2.227046 2.370452 42.536233 -0.879362 0.362494 0.308740 0 0
  phy
    0 -1.812877 3.227132 41.419490 -0.808052 -0.003190 -0.589103 0 0
    0 -1.692287 3.124634 42.422000 -0.554276 0.742857 0.375422 0 0
    0 -1.216944 3.514999 41.774367 -0.082000 0.996202 0.029296 0 0
  phy
    0 -0.370297 1.147580 40.180130 -0.431829 -0.019979 -0.901734 0 0
    0 -1.812877 3.227132 41.419490 -0.808052 -0.003190 -0.589103 0 0
    0 -1.249892 3.265536 40.877856 -0.163501 0.582776 -0.796014 0 0
  phy
    0 0.781541 2.830994 40.615863 0.616492 0.070322 -0.784214 0 0
    0 -0.370297 1.147580 40.180130 -0.431829 -0.019979 -0.901734 0 0
    0 -1.249892 3.265536 40.877856 -0.163501 0.582776 -0.796014 0 0
  phy
    0 -1.249892 3.265536 40.877856 -0.163501 0.582776 -0.796014 0 0
    0 -1.812877 3.227132 41.419490 -0.808052 -0.003190 -0.589103 0 0
    0 -1.216944 3.514999 41.774367 -0.082000 0.996202 0.029296 0 0
  phy
    0 -2.227046 2.370452 42.536233 -0.879362 0.362494 0.308740 0 0
    0 -1.812877 3.227132 41.419490 -0.808052 -0.003190 -0.589103 0 0
    0 -2.743889 -0.302119 43.323578 -0.995750 0.078954 -0.047408 0 0
  phy
    52 -3.319411 -2.029668 39.187586 0.019615 -0.031417 -0.999314 0 0
    52 -3.116068 -1.869431 33.877634 0.041416 -0.037520 -0.998437 0 0
    52 -2.362870 -1.565228 38.721136 0.000552 -0.604232 -0.796808 0 0
  phy
    52 -3.319411 -2.029668 39.187586 0.019615 -0.031417 -0.999314 0 0
    52 -2.362870 -1.565228 38.721136 0.000552 -0.604232 -0.796808 0 0
    52 -3.321695 -2.010076 40.501219 -0.450765 -0.599941 -0.660970 0 0
  phy
    52 -4.537724 -1.660556 36.661019 0.044668 0.570051 -0.820394 0 0
    52 -3.319411 -2.029668 39.187586 0.019615 -0.031417 -0.999314 0 0
    52 -4.489780 -1.707805 38.317251 -0.039048 0.606423 -0.794183 0 0
  phy
    52 -4.489780 -1.707805 38.317251 -0.039048 0.606423 -0.794183 0 0
    52 -3.319411 -2.029668 39.187586 0.019615 -0.031417 -0.999314 0 0
    52 -3.321695 -2.010076 40.501219 -0.450765 -0.599941 -0.660970 0 0
  phy
    52 -3.116068 -1.869431 33.877634 0.041416 -0.037520 -0.998437 0 0
    52 -3.319411 -2.029668 39.187586 0.019615 -0.031417 -0.999314 0 0
    52 -4.537724 -1.660556 36.661019 0.044668 0.570051 -0.820394 0 0
  phy
    52 -1.591101 0.719571 31.089808 0.046352 -0.779900 0.624186 0 0
    52 -2.118057 1.420657 33.713540 0.036049 -0.585011 0.810223 0 0
    52 -1.638690 0.918445 33.748666 -0.019051 -0.810495 0.585436 0 0
  phy
    52 -1.591101 0.719571 31.089808 0.046352 -0.779900 0.624186 0 0
    52 -2.089371 0.958512 26.705251 0.163195 -0.881884 0.442321 0 0
    52 -2.118057 1.420657 33.713540 0.036049 -0.585011 0.810223 0 0
  phy
    52 -1.638690 0.918445 33.748666 -0.019051 -0.810495 0.585436 0 0
    52 -1.369567 0.293657 31.130946 0.045881 -0.964210 0.261138 0 0
    52 -1.591101 0.719571 31.089808 0.046352 -0.779900 0.624186 0 0
  phy
    52 -1.591101 0.719571 31.089808 0.046352 -0.779900 0.624186 0 0
    52 -1.369567 0.293657 31.130946 0.045881 -0.964210 0.261138 0 0
    52 -2.089371 0.958512 26.705251 0.163195 -0.881884 0.442321 0 0
  phy
    52 -2.362870 -1.565228 38.721136 0.000552 -0.604232 -0.796808 0 0
    52 -3.116068 -1.869431 33.877634 0.041416 -0.037520 -0.998437 0 0
    52 -2.809296 -1.636341 30.320124 0.076589 -0.150403 -0.985654 0 0
  phy
    52 -2.809296 -1.636341 30.320124 0.076589 -0.150403 -0.985654 0 0
    52 -3.116068 -1.869431 33.877634 0.041416 -0.037520 -0.998437 0 0
    52 -4.437596 -1.534570 33.802892 0.108402 0.580682 -0.806881 0 0
  phy
    52 -3.116068 -1.869431 33.877634 0.041416 -0.037520 -0.998437 0 0
    52 -4.537724 -1.660556 36.661019 0.044668 0.570051 -0.820394 0 0
    52 -4.437596 -1.534570 33.802892 0.108402 0.580682 -0.806881 0 0
  phy
    52 -1.827434 -0.929492 38.380747 -0.115772 -0.882305 -0.456218 0 0
    52 -3.321695 -2.010076 40.501219 -0.450765 -0.599941 -0.660970 0 0
    52 -2.362870 -1.565228 38.721136 0.000552 -0.604232 -0.796808 0 0
  phy
    52 -1.968279 -1.022593 30.195125 0.042157 -0.695417 -0.717368 0 0
    52 -1.554241 -0.650719 33.778281 0.008190 -0.798397 -0.602075 0 0
    52 -2.362870 -1.565228 38.721136 0.000552 -0.604232 -0.796808 0 0
  phy
    52 -2.362870 -1.565228 38.721136 0.000552 -0.604232 -0.796808 0 0
    52 -1.554241 -0.650719 33.778281 0.008190 -0.798397 -0.602075 0 0
    52 -1.827434 -0.929492 38.380747 -0.115772 -0.882305 -0.456218 0 0
  phy
    52 -2.362870 -1.565228 38.721136 0.000552 -0.604232 -0.796808 0 0
    52 -2.809296 -1.636341 30.320124 0.076589 -0.150403 -0.985654 0 0
    52 -1.968279 -1.022593 30.195125 0.042157 -0.695417 -0.717368 0 0
  phy
    52 -1.656827 0.239074 38.104479 -0.420439 -0.889868 0.177104 0 0
    52 -1.829021 0.896393 38.045415 -0.078533 -0.873638 0.480197 0 0
    52 -2.751135 1.937099 38.955956 -0.300068 -0.740764 0.601022 0 0
  phy
    52 -2.751135 1.937099 38.955956 -0.300068 -0.740764 0.601022 0 0
    52 -4.842846 -0.216253 42.835220 -0.644922 -0.715755 0.267900 0 0
    52 -1.656827 0.239074 38.104479 -0.420439 -0.889868 0.177104 0 0
  phy
    52 -4.677878 -0.956940 42.795415 -0.807988 -0.087622 -0.582647 0 0
    52 -1.668021 -0.411633 38.243719 -0.409382 -0.909584 -0.071158 0 0
    52 -1.656827 0.239074 38.104479 -0.420439 -0.889868 0.177104 0 0
  phy
    52 -1.656827 0.239074 38.104479 -0.420439 -0.889868 0.177104 0 0
    52 -4.842846 -0.216253 42.835220 -0.644922 -0.715755 0.267900 0 0
    52 -4.677878 -0.956940 42.795415 -0.807988 -0.087622 -0.582647 0 0
  phy
    52 -1.425814 0.375693 33.759817 -0.042429 -0.968849 0.243992 0 0
    52 -1.829021 0.896393 38.045415 -0.078533 -0.873638 0.480197 0 0
    52 -1.656827 0.239074 38.104479 -0.420439 -0.889868 0.177104 0 0
  phy
    52 -1.656827 0.239074 38.104479 -0.420439 -0.889868 0.177104 0 0
    52 -1.359569 -0.211682 33.742288 -0.040973 -0.992564 -0.114623 0 0
    52 -1.425814 0.375693 33.759817 -0.042429 -0.968849 0.243992 0 0
  phy
    52 -1.656827 0.239074 38.104479 -0.420439 -0.889868 0.177104 0 0
    52 -1.668021 -0.411633 38.243719 -0.409382 -0.909584 -0.071158 0 0
    52 -1.359569 -0.211682 33.742288 -0.040973 -0.992564 -0.114623 0 0
  phy
    52 -1.425814 0.375693 33.759817 -0.042429 -0.968849 0.243992 0 0
    52 -1.369567 0.293657 31.130946 0.045881 -0.964210 0.261138 0 0
    52 -1.638690 0.918445 33.748666 -0.019051 -0.810495 0.585436 0 0
  phy
    52 -1.638690 0.918445 33.748666 -0.019051 -0.810495 0.585436 0 0
    52 -2.118057 1.420657 33.713540 0.036049 -0.585011 0.810223 0 0
    52 -2.751135 1.937099 38.955956 -0.300068 -0.740764 0.601022 0 0
  phy
    52 -2.751135 1.937099 38.955956 -0.300068 -0.740764 0.601022 0 0
    52 -1.829021 0.896393 38.045415 -0.078533 -0.873638 0.480197 0 0
    52 -1.638690 0.918445 33.748666 -0.019051 -0.810495 0.585436 0 0
  phy
    52 -1.638690 0.918445 33.748666 -0.019051 -0.810495 0.585436 0 0
    52 -1.829021 0.896393 38.045415 -0.078533 -0.873638 0.480197 0 0
    52 -1.425814 0.375693 33.759817 -0.042429 -0.968849 0.243992 0 0
  phy
    52 -2.118057 1.420657 33.713540 0.036049 -0.585011 0.810223 0 0
    52 -2.979126 1.886740 33.649823 0.054996 -0.082794 0.995048 0 0
    52 -2.751135 1.937099 38.955956 -0.300068 -0.740764 0.601022 0 0
  phy
    52 -2.979126 1.886740 33.649823 0.054996 -0.082794 0.995048 0 0
    52 -3.425802 2.073698 39.664997 -0.023027 0.212159 0.976964 0 0
    52 -2.751135 1.937099 38.955956 -0.300068 -0.740764 0.601022 0 0
  phy
    52 -4.561167 1.203680 41.761734 -0.298066 0.666544 0.683283 0 0
    52 -4.842846 -0.216253 42.835220 -0.644922 -0.715755 0.267900 0 0
    52 -2.751135 1.937099 38.955956 -0.300068 -0.740764 0.601022 0 0
  phy
    52 -2.751135 1.937099 38.955956 -0.300068 -0.740764 0.601022 0 0
    52 -3.425802 2.073698 39.664997 -0.023027 0.212159 0.976964 0 0
    52 -4.561167 1.203680 41.761734 -0.298066 0.666544 0.683283 0 0
  phy
    52 -4.776639 1.215977 38.701767 -0.008613 0.867766 0.496899 0 0
    52 -4.561167 1.203680 41.761734 -0.298066 0.666544 0.683283 0 0
    52 -4.156085 1.729475 38.402069 0.014157 0.534607 0.844982 0 0
  phy
    52 -4.156085 1.729475 38.402069 0.014157 0.534607 0.844982 0 0
    52 -4.743540 1.024005 33.752331 0.089801 0.829133 0.551792 0 0
    52 -4.776639 1.215977 38.701767 -0.008613 0.867766 0.496899 0 0
  phy
    52 -4.561167 1.203680 41.761734 -0.298066 0.666544 0.683283 0 0
    52 -4.776639 1.215977 38.701767 -0.008613 0.867766 0.496899 0 0
    52 -5.301991 -0.275785 38.638493 -0.024826 0.986896 0.159438 0 0
  phy
    52 -4.776639 1.215977 38.701767 -0.008613 0.867766 0.496899 0 0
    52 -4.743540 1.024005 33.752331 0.089801 0.829133 0.551792 0 0
    52 -5.301991 -0.275785 38.638493 -0.024826 0.986896 0.159438 0 0
  phy
    52 -3.684765 -0.976779 27.088686 0.172780 0.689637 -0.703240 0 0
    52 -2.809296 -1.636341 30.320124 0.076589 -0.150403 -0.985654 0 0
    52 -4.437596 -1.534570 33.802892 0.108402 0.580682 -0.806881 0 0
  phy
    52 -2.809296 -1.636341 30.320124 0.076589 -0.150403 -0.985654 0 0
    52 -3.684765 -0.976779 27.088686 0.172780 0.689637 -0.703240 0 0
    52 -2.713175 -1.262517 27.133059 0.604543 -0.233431 -0.761602 0 0
  phy
    52 -1.968279 -1.022593 30.195125 0.042157 -0.695417 -0.717368 0 0
    52 -2.809296 -1.636341 30.320124 0.076589 -0.150403 -0.985654 0 0
    52 -2.713175 -1.262517 27.133059 0.604543 -0.233431 -0.761602 0 0
  phy
    52 -1.359569 -0.211682 33.742288 -0.040973 -0.992564 -0.114623 0 0
    52 -1.369567 0.293657 31.130946 0.045881 -0.964210 0.261138 0 0
    52 -1.425814 0.375693 33.759817 -0.042429 -0.968849 0.243992 0 0
  phy
    52 -2.089371 0.958512 26.705251 0.163195 -0.881884 0.442321 0 0
    52 -2.722980 1.343649 26.539307 0.281686 -0.095494 0.954743 0 0
    52 -2.118057 1.420657 33.713540 0.036049 -0.585011 0.810223 0 0
  phy
    52 -2.118057 1.420657 33.713540 0.036049 -0.585011 0.810223 0 0
    52 -2.722980 1.343649 26.539307 0.281686 -0.095494 0.954743 0 0
    52 -2.979126 1.886740 33.649823 0.054996 -0.082794 0.995048 0 0
  phy
    52 -4.537724 -1.660556 36.661019 0.044668 0.570051 -0.820394 0 0
    52 -5.083653 -0.890502 38.515690 -0.009657 0.877325 -0.479800 0 0
    52 -5.170987 -0.247185 33.869152 0.106136 0.972874 -0.205553 0 0
  phy
    52 -5.083653 -0.890502 38.515690 -0.009657 0.877325 -0.479800 0 0
    52 -5.301991 -0.275785 38.638493 -0.024826 0.986896 0.159438 0 0
    52 -5.170987 -0.247185 33.869152 0.106136 0.972874 -0.205553 0 0
  phy
    52 -5.083653 -0.890502 38.515690 -0.009657 0.877325 -0.479800 0 0
    52 -4.537724 -1.660556 36.661019 0.044668 0.570051 -0.820394 0 0
    52 -4.489780 -1.707805 38.317251 -0.039048 0.606423 -0.794183 0 0
  phy
    52 -5.083653 -0.890502 38.515690 -0.009657 0.877325 -0.479800 0 0
    52 -4.489780 -1.707805 38.317251 -0.039048 0.606423 -0.794183 0 0
    52 -4.677878 -0.956940 42.795415 -0.807988 -0.087622 -0.582647 0 0
  phy
    52 -5.083653 -0.890502 38.515690 -0.009657 0.877325 -0.479800 0 0
    52 -4.677878 -0.956940 42.795415 -0.807988 -0.087622 -0.582647 0 0
    52 -5.301991 -0.275785 38.638493 -0.024826 0.986896 0.159438 0 0
  phy
    52 -4.437596 -1.534570 33.802892 0.108402 0.580682 -0.806881 0 0
    52 -4.537724 -1.660556 36.661019 0.044668 0.570051 -0.820394 0 0
    52 -5.170987 -0.247185 33.869152 0.106136 0.972874 -0.205553 0 0
  phy
    52 -4.489780 -1.707805 38.317251 -0.039048 0.606423 -0.794183 0 0
    52 -4.204228 -1.720186 41.176656 -0.127380 0.464890 -0.876158 0 0
    52 -4.677878 -0.956940 42.795415 -0.807988 -0.087622 -0.582647 0 0
  phy
    52 -4.204228 -1.720186 41.176656 -0.127380 0.464890 -0.876158 0 0
    52 -4.489780 -1.707805 38.317251 -0.039048 0.606423 -0.794183 0 0
    52 -3.321695 -2.010076 40.501219 -0.450765 -0.599941 -0.660970 0 0
  phy
    52 -4.677878 -0.956940 42.795415 -0.807988 -0.087622 -0.582647 0 0
    52 -4.204228 -1.720186 41.176656 -0.127380 0.464890 -0.876158 0 0
    52 -3.321695 -2.010076 40.501219 -0.450765 -0.599941 -0.660970 0 0
  phy
    52 -4.561167 1.203680 41.761734 -0.298066 0.666544 0.683283 0 0
    52 -3.425802 2.073698 39.664997 -0.023027 0.212159 0.976964 0 0
    52 -4.156085 1.729475 38.402069 0.014157 0.534607 0.844982 0 0
  phy
    52 -3.901807 1.560109 33.676731 0.078948 0.428913 0.899889 0 0
    52 -4.743540 1.024005 33.752331 0.089801 0.829133 0.551792 0 0
    52 -4.156085 1.729475 38.402069 0.014157 0.534607 0.844982 0 0
  phy
    52 -4.156085 1.729475 38.402069 0.014157 0.534607 0.844982 0 0
    52 -3.425802 2.073698 39.664997 -0.023027 0.212159 0.976964 0 0
    52 -3.901807 1.560109 33.676731 0.078948 0.428913 0.899889 0 0
  phy
    52 -4.561167 1.203680 41.761734 -0.298066 0.666544 0.683283 0 0
    52 -5.031592 -0.242978 41.548527 -0.106698 0.988789 0.104456 0 0
    52 -4.842846 -0.216253 42.835220 -0.644922 -0.715755 0.267900 0 0
  phy
    52 -5.031592 -0.242978 41.548527 -0.106698 0.988789 0.104456 0 0
    52 -4.561167 1.203680 41.761734 -0.298066 0.666544 0.683283 0 0
    52 -5.301991 -0.275785 38.638493 -0.024826 0.986896 0.159438 0 0
  phy
    52 -2.056993 -0.722403 27.089447 0.325929 -0.883089 -0.337526 0 0
    52 -1.968279 -1.022593 30.195125 0.042157 -0.695417 -0.717368 0 0
    52 -2.713175 -1.262517 27.133059 0.604543 -0.233431 -0.761602 0 0
  phy
    52 -1.968279 -1.022593 30.195125 0.042157 -0.695417 -0.717368 0 0
    52 -1.348899 -0.122058 31.159740 0.108175 -0.965587 -0.236518 0 0
    52 -1.554241 -0.650719 33.778281 0.008190 -0.798397 -0.602075 0 0
  phy
    52 -2.056993 -0.722403 27.089447 0.325929 -0.883089 -0.337526 0 0
    52 -1.348899 -0.122058 31.159740 0.108175 -0.965587 -0.236518 0 0
    52 -1.968279 -1.022593 30.195125 0.042157 -0.695417 -0.717368 0 0
  phy
    52 -1.827434 -0.929492 38.380747 -0.115772 -0.882305 -0.456218 0 0
    52 -1.554241 -0.650719 33.778281 0.008190 -0.798397 -0.602075 0 0
    52 -1.359569 -0.211682 33.742288 -0.040973 -0.992564 -0.114623 0 0
  phy
    52 -1.359569 -0.211682 33.742288 -0.040973 -0.992564 -0.114623 0 0
    52 -1.668021 -0.411633 38.243719 -0.409382 -0.909584 -0.071158 0 0
    52 -1.827434 -0.929492 38.380747 -0.115772 -0.882305 -0.456218 0 0
  phy
    52 -1.827434 -0.929492 38.380747 -0.115772 -0.882305 -0.456218 0 0
    52 -1.668021 -0.411633 38.243719 -0.409382 -0.909584 -0.071158 0 0
    52 -3.321695 -2.010076 40.501219 -0.450765 -0.599941 -0.660970 0 0
  phy
    52 -1.554241 -0.650719 33.778281 0.008190 -0.798397 -0.602075 0 0
    52 -1.348899 -0.122058 31.159740 0.108175 -0.965587 -0.236518 0 0
    52 -1.359569 -0.211682 33.742288 -0.040973 -0.992564 -0.114623 0 0
  phy
    52 -1.359569 -0.211682 33.742288 -0.040973 -0.992564 -0.114623 0 0
    52 -1.348899 -0.122058 31.159740 0.108175 -0.965587 -0.236518 0 0
    52 -1.369567 0.293657 31.130946 0.045881 -0.964210 0.261138 0 0
  phy
    52 -2.056993 -0.722403 27.089447 0.325929 -0.883089 -0.337526 0 0
    52 -2.722980 1.343649 26.539307 0.281686 -0.095494 0.954743 0 0
    52 -2.089371 0.958512 26.705251 0.163195 -0.881884 0.442321 0 0
  phy
    52 -1.369567 0.293657 31.130946 0.045881 -0.964210 0.261138 0 0
    52 -1.348899 -0.122058 31.159740 0.108175 -0.965587 -0.236518 0 0
    52 -2.089371 0.958512 26.705251 0.163195 -0.881884 0.442321 0 0
  phy
    52 -2.089371 0.958512 26.705251 0.163195 -0.881884 0.442321 0 0
    52 -1.348899 -0.122058 31.159740 0.108175 -0.965587 -0.236518 0 0
    52 -2.056993 -0.722403 27.089447 0.325929 -0.883089 -0.337526 0 0
  phy
    52 -3.901807 1.560109 33.676731 0.078948 0.428913 0.899889 0 0
    52 -3.425802 2.073698 39.664997 -0.023027 0.212159 0.976964 0 0
    52 -2.979126 1.886740 33.649823 0.054996 -0.082794 0.995048 0 0
  phy
    52 -2.979126 1.886740 33.649823 0.054996 -0.082794 0.995048 0 0
    52 -2.722980 1.343649 26.539307 0.281686 -0.095494 0.954743 0 0
    52 -3.901807 1.560109 33.676731 0.078948 0.428913 0.899889 0 0
  phy
    52 -4.086771 0.028512 26.840577 0.291261 0.940864 0.173036 0 0
    52 -2.713175 -1.262517 27.133059 0.604543 -0.233431 -0.761602 0 0
    52 -3.684765 -0.976779 27.088686 0.172780 0.689637 -0.703240 0 0
  phy
    52 -3.684765 -0.976779 27.088686 0.172780 0.689637 -0.703240 0 0
    52 -4.437596 -1.534570 33.802892 0.108402 0.580682 -0.806881 0 0
    52 -5.170987 -0.247185 33.869152 0.106136 0.972874 -0.205553 0 0
  phy
    52 -4.086771 0.028512 26.840577 0.291261 0.940864 0.173036 0 0
    52 -3.684765 -0.976779 27.088686 0.172780 0.689637 -0.703240 0 0
    52 -5.170987 -0.247185 33.869152 0.106136 0.972874 -0.205553 0 0
  phy
    52 -3.302779 1.050990 26.605699 0.320548 0.642626 0.695903 0 0
    52 -4.743540 1.024005 33.752331 0.089801 0.829133 0.551792 0 0
    52 -3.901807 1.560109 33.676731 0.078948 0.428913 0.899889 0 0
  phy
    52 -3.901807 1.560109 33.676731 0.078948 0.428913 0.899889 0 0
    52 -2.722980 1.343649 26.539307 0.281686 -0.095494 0.954743 0 0
    52 -3.302779 1.050990 26.605699 0.320548 0.642626 0.695903 0 0
  phy
    52 -4.677878 -0.956940 42.795415 -0.807988 -0.087622 -0.582647 0 0
    52 -5.031592 -0.242978 41.548527 -0.106698 0.988789 0.104456 0 0
    52 -5.301991 -0.275785 38.638493 -0.024826 0.986896 0.159438 0 0
  phy
    52 -5.031592 -0.242978 41.548527 -0.106698 0.988789 0.104456 0 0
    52 -4.677878 -0.956940 42.795415 -0.807988 -0.087622 -0.582647 0 0
    52 -4.842846 -0.216253 42.835220 -0.644922 -0.715755 0.267900 0 0
  phy
    52 -4.743540 1.024005 33.752331 0.089801 0.829133 0.551792 0 0
    52 -3.302779 1.050990 26.605699 0.320548 0.642626 0.695903 0 0
    52 -4.086771 0.028512 26.840577 0.291261 0.940864 0.173036 0 0
  phy
    52 -3.302779 1.050990 26.605699 0.320548 0.642626 0.695903 0 0
    52 -2.713175 -1.262517 27.133059 0.604543 -0.233431 -0.761602 0 0
    52 -4.086771 0.028512 26.840577 0.291261 0.940864 0.173036 0 0
  phy
    52 -3.302779 1.050990 26.605699 0.320548 0.642626 0.695903 0 0
    52 -2.722980 1.343649 26.539307 0.281686 -0.095494 0.954743 0 0
    52 -2.713175 -1.262517 27.133059 0.604543 -0.233431 -0.761602 0 0
  phy
    52 -2.713175 -1.262517 27.133059 0.604543 -0.233431 -0.761602 0 0
    52 -2.722980 1.343649 26.539307 0.281686 -0.095494 0.954743 0 0
    52 -2.056993 -0.722403 27.089447 0.325929 -0.883089 -0.337526 0 0
  phy
    52 -3.321695 -2.010076 40.501219 -0.450765 -0.599941 -0.660970 0 0
    52 -1.668021 -0.411633 38.243719 -0.409382 -0.909584 -0.071158 0 0
    52 -4.677878 -0.956940 42.795415 -0.807988 -0.087622 -0.582647 0 0
  phy
    52 -5.301991 -0.275785 38.638493 -0.024826 0.986896 0.159438 0 0
    52 -4.743540 1.024005 33.752331 0.089801 0.829133 0.551792 0 0
    52 -5.170987 -0.247185 33.869152 0.106136 0.972874 -0.205553 0 0
  phy
    52 -4.743540 1.024005 33.752331 0.089801 0.829133 0.551792 0 0
    52 -4.086771 0.028512 26.840577 0.291261 0.940864 0.173036 0 0
    52 -5.170987 -0.247185 33.869152 0.106136 0.972874 -0.205553 0 0
  phy
    53 -2.140427 1.659236 24.359898 -0.399250 -0.739659 0.541761 0 0
    53 -2.038572 2.010878 21.033162 0.028933 -0.992014 0.122767 0 0
    53 -2.508635 2.773377 21.048553 0.022485 -0.480808 0.876538 0 0
  phy
    53 -2.140427 1.659236 24.359898 -0.399250 -0.739659 0.541761 0 0
    53 -1.949392 -0.392555 25.085115 -0.095158 -0.764991 -0.636972 0 0
    53 -2.038572 2.010878 21.033162 0.028933 -0.992014 0.122767 0 0
  phy
    53 -2.140427 1.659236 24.359898 -0.399250 -0.739659 0.541761 0 0
    53 -3.385237 2.205371 24.139168 -0.295347 -0.094095 0.950745 0 0
    53 -4.083580 1.690089 25.023635 -0.934147 0.109659 0.339625 0 0
  phy
    53 -2.140427 1.659236 24.359898 -0.399250 -0.739659 0.541761 0 0
    53 -4.083580 1.690089 25.023635 -0.934147 0.109659 0.339625 0 0
    53 -1.949392 -0.392555 25.085115 -0.095158 -0.764991 -0.636972 0 0
  phy
    53 -2.508635 2.773377 21.048553 0.022485 -0.480808 0.876538 0 0
    53 -3.385237 2.205371 24.139168 -0.295347 -0.094095 0.950745 0 0
    53 -2.140427 1.659236 24.359898 -0.399250 -0.739659 0.541761 0 0
  phy
    53 -1.949392 -0.392555 25.085115 -0.095158 -0.764991 -0.636972 0 0
    53 -4.083580 1.690089 25.023635 -0.934147 0.109659 0.339625 0 0
    53 -4.188367 -0.756604 25.112656 -0.061120 0.674051 -0.736152 0 0
  phy
    53 -4.083580 1.690089 25.023635 -0.934147 0.109659 0.339625 0 0
    53 -3.385237 2.205371 24.139168 -0.295347 -0.094095 0.950745 0 0
    53 -4.831151 2.134694 23.757869 -0.317664 0.703305 0.635966 0 0
  phy
    53 -4.083580 1.690089 25.023635 -0.934147 0.109659 0.339625 0 0
    53 -4.831151 2.134694 23.757869 -0.317664 0.703305 0.635966 0 0
    53 -4.188367 -0.756604 25.112656 -0.061120 0.674051 -0.736152 0 0
  phy
    53 -2.458127 -0.038409 8.186707 0.076387 -0.955428 -0.285170 0 0
    53 -4.092190 0.526893 8.128914 0.156552 0.982850 0.097457 0 0
    53 -2.455584 0.577050 8.175014 0.165438 -0.983124 0.078089 0 0
  phy
    53 -2.455584 0.577050 8.175014 0.165438 -0.983124 0.078089 0 0
    53 -4.092190 0.526893 8.128914 0.156552 0.982850 0.097457 0 0
    53 -2.542305 1.003215 8.178126 0.168777 -0.335002 0.926978 0 0
  phy
    53 -2.455584 0.577050 8.175014 0.165438 -0.983124 0.078089 0 0
    53 -2.038572 2.010878 21.033162 0.028933 -0.992014 0.122767 0 0
    53 -2.458127 -0.038409 8.186707 0.076387 -0.955428 -0.285170 0 0
  phy
    53 -2.455584 0.577050 8.175014 0.165438 -0.983124 0.078089 0 0
    53 -2.542305 1.003215 8.178126 0.168777 -0.335002 0.926978 0 0
    53 -2.038572 2.010878 21.033162 0.028933 -0.992014 0.122767 0 0
  phy
    53 -2.038572 2.010878 21.033162 0.028933 -0.992014 0.122767 0 0
    53 -2.542305 1.003215 8.178126 0.168777 -0.335002 0.926978 0 0
    53 -2.508635 2.773377 21.048553 0.022485 -0.480808 0.876538 0 0
  phy
    53 -2.508635 2.773377 21.048553 0.022485 -0.480808 0.876538 0 0
    53 -2.542305 1.003215 8.178126 0.168777 -0.335002 0.926978 0 0
    53 -3.455431 2.542013 18.219781 0.155696 0.155697 0.975457 0 0
  phy
    53 -3.455431 2.542013 18.219781 0.155696 0.155697 0.975457 0 0
    53 -3.516857 2.836263 21.065326 -0.086224 0.069553 0.993845 0 0
    53 -2.508635 2.773377 21.048553 0.022485 -0.480808 0.876538 0 0
  phy
    53 -2.508635 2.773377 21.048553 0.022485 -0.480808 0.876538 0 0
    53 -3.516857 2.836263 21.065326 -0.086224 0.069553 0.993845 0 0
    53 -3.385237 2.205371 24.139168 -0.295347 -0.094095 0.950745 0 0
  phy
    53 -3.455431 2.542013 18.219781 0.155696 0.155697 0.975457 0 0
    53 -4.092190 0.526893 8.128914 0.156552 0.982850 0.097457 0 0
    53 -4.665084 2.642766 21.004973 0.109420 0.531623 0.839884 0 0
  phy
    53 -5.127823 1.882687 20.972678 0.043520 0.983259 -0.176943 0 0
    53 -4.665084 2.642766 21.004973 0.109420 0.531623 0.839884 0 0
    53 -4.092190 0.526893 8.128914 0.156552 0.982850 0.097457 0 0
  phy
    53 -4.831151 2.134694 23.757869 -0.317664 0.703305 0.635966 0 0
    53 -4.665084 2.642766 21.004973 0.109420 0.531623 0.839884 0 0
    53 -5.127823 1.882687 20.972678 0.043520 0.983259 -0.176943 0 0
  phy
    53 -4.831151 2.134694 23.757869 -0.317664 0.703305 0.635966 0 0
    53 -3.516857 2.836263 21.065326 -0.086224 0.069553 0.993845 0 0
    53 -4.665084 2.642766 21.004973 0.109420 0.531623 0.839884 0 0
  phy
    53 -4.665084 2.642766 21.004973 0.109420 0.531623 0.839884 0 0
    53 -3.516857 2.836263 21.065326 -0.086224 0.069553 0.993845 0 0
    53 -3.455431 2.542013 18.219781 0.155696 0.155697 0.975457 0 0
  phy
    53 -4.831151 2.134694 23.757869 -0.317664 0.703305 0.635966 0 0
    53 -4.887951 1.164764 23.347816 -0.119003 0.979586 -0.162018 0 0
    53 -4.188367 -0.756604 25.112656 -0.061120 0.674051 -0.736152 0 0
  phy
    53 -4.887951 1.164764 23.347816 -0.119003 0.979586 -0.162018 0 0
    53 -4.831151 2.134694 23.757869 -0.317664 0.703305 0.635966 0 0
    53 -5.127823 1.882687 20.972678 0.043520 0.983259 -0.176943 0 0
  phy
    53 -3.385237 2.205371 24.139168 -0.295347 -0.094095 0.950745 0 0
    53 -3.516857 2.836263 21.065326 -0.086224 0.069553 0.993845 0 0
    53 -4.831151 2.134694 23.757869 -0.317664 0.703305 0.635966 0 0
  phy
    53 -4.887951 1.164764 23.347816 -0.119003 0.979586 -0.162018 0 0
    53 -5.127823 1.882687 20.972678 0.043520 0.983259 -0.176943 0 0
    53 -4.188367 -0.756604 25.112656 -0.061120 0.674051 -0.736152 0 0
  phy
    53 -3.417031 -0.591989 8.187009 0.047589 0.051462 -0.997540 0 0
    53 -4.092190 0.526893 8.128914 0.156552 0.982850 0.097457 0 0
    53 -2.458127 -0.038409 8.186707 0.076387 -0.955428 -0.285170 0 0
  phy
    53 -2.038572 2.010878 21.033162 0.028933 -0.992014 0.122767 0 0
    53 -1.949392 -0.392555 25.085115 -0.095158 -0.764991 -0.636972 0 0
    53 -2.458127 -0.038409 8.186707 0.076387 -0.955428 -0.285170 0 0
  phy
    53 -3.417031 -0.591989 8.187009 0.047589 0.051462 -0.997540 0 0
    53 -2.458127 -0.038409 8.186707 0.076387 -0.955428 -0.285170 0 0
    53 -1.949392 -0.392555 25.085115 -0.095158 -0.764991 -0.636972 0 0
  phy
    53 -2.542305 1.003215 8.178126 0.168777 -0.335002 0.926978 0 0
    53 -4.092190 0.526893 8.128914 0.156552 0.982850 0.097457 0 0
    53 -3.455431 2.542013 18.219781 0.155696 0.155697 0.975457 0 0
  phy
    53 -5.127823 1.882687 20.972678 0.043520 0.983259 -0.176943 0 0
    53 -4.092190 0.526893 8.128914 0.156552 0.982850 0.097457 0 0
    53 -4.188367 -0.756604 25.112656 -0.061120 0.674051 -0.736152 0 0
  phy
    53 -3.417031 -0.591989 8.187009 0.047589 0.051462 -0.997540 0 0
    53 -1.949392 -0.392555 25.085115 -0.095158 -0.764991 -0.636972 0 0
    53 -4.188367 -0.756604 25.112656 -0.061120 0.674051 -0.736152 0 0
  phy
    53 -4.092190 0.526893 8.128914 0.156552 0.982850 0.097457 0 0
    53 -3.417031 -0.591989 8.187009 0.047589 0.051462 -0.997540 0 0
    53 -4.188367 -0.756604 25.112656 -0.061120 0.674051 -0.736152 0 0
  phy
    54 -4.295874 -2.544919 2.411306 0.358485 0.294078 -0.886006 0 0
    54 -1.699023 -2.514629 2.421123 0.078616 -0.915607 -0.394313 0 0
    54 -2.041761 0.985608 4.239786 -0.130475 -0.657092 -0.742433 0 0
  phy
    54 -4.295874 -2.544919 2.411306 0.358485 0.294078 -0.886006 0 0
    54 -2.041761 0.985608 4.239786 -0.130475 -0.657092 -0.742433 0 0
    54 -4.244231 0.975743 4.239679 -0.098310 0.932121 -0.348547 0 0
  phy
    54 -3.852404 2.692197 4.472516 -0.872242 0.414391 0.259756 0 0
    54 -4.244231 0.975743 4.239679 -0.098310 0.932121 -0.348547 0 0
    54 -2.284042 2.699222 4.472592 -0.761206 -0.546476 -0.349183 0 0
  phy
    54 -2.284042 2.699222 4.472592 -0.761206 -0.546476 -0.349183 0 0
    54 -4.244231 0.975743 4.239679 -0.098310 0.932121 -0.348547 0 0
    54 -2.041761 0.985608 4.239786 -0.130475 -0.657092 -0.742433 0 0
  phy
    54 -4.295874 -2.544919 2.411306 0.358485 0.294078 -0.886006 0 0
    54 -4.244231 0.975743 4.239679 -0.098310 0.932121 -0.348547 0 0
    54 -4.361272 -2.748962 -0.114583 0.443856 0.749845 0.490637 0 0
  phy
    54 -4.244231 0.975743 4.239679 -0.098310 0.932121 -0.348547 0 0
    54 -4.354197 2.727851 -0.111194 -0.191876 0.853742 0.484054 0 0
    54 -4.361272 -2.748962 -0.114583 0.443856 0.749845 0.490637 0 0
  phy
    54 -4.244231 0.975743 4.239679 -0.098310 0.932121 -0.348547 0 0
    54 -3.852404 2.692197 4.472516 -0.872242 0.414391 0.259756 0 0
    54 -4.354197 2.727851 -0.111194 -0.191876 0.853742 0.484054 0 0
  phy
    54 -1.699023 -2.514629 2.421123 0.078616 -0.915607 -0.394313 0 0
    54 -1.886203 2.762972 0.878186 -0.584091 -0.778199 0.230745 0 0
    54 -2.041761 0.985608 4.239786 -0.130475 -0.657092 -0.742433 0 0
  phy
    54 -1.886203 2.762972 0.878186 -0.584091 -0.778199 0.230745 0 0
    54 -2.284042 2.699222 4.472592 -0.761206 -0.546476 -0.349183 0 0
    54 -2.041761 0.985608 4.239786 -0.130475 -0.657092 -0.742433 0 0
  phy
    54 -3.852404 2.692197 4.472516 -0.872242 0.414391 0.259756 0 0
    54 -1.886203 2.762972 0.878186 -0.584091 -0.778199 0.230745 0 0
    54 -4.354197 2.727851 -0.111194 -0.191876 0.853742 0.484054 0 0
  phy
    54 -1.886203 2.762972 0.878186 -0.584091 -0.778199 0.230745 0 0
    54 -3.852404 2.692197 4.472516 -0.872242 0.414391 0.259756 0 0
    54 -2.284042 2.699222 4.472592 -0.761206 -0.546476 -0.349183 0 0
  phy
    54 -1.699023 -2.514629 2.421123 0.078616 -0.915607 -0.394313 0 0
    54 -1.874402 2.738956 -0.111076 0.303104 -0.572458 0.761853 0 0
    54 -1.886203 2.762972 0.878186 -0.584091 -0.778199 0.230745 0 0
  phy
    54 -1.699023 -2.514629 2.421123 0.078616 -0.915607 -0.394313 0 0
    54 -1.696418 -2.859190 -0.114531 0.752938 -0.611476 0.243272 0 0
    54 -1.874402 2.738956 -0.111076 0.303104 -0.572458 0.761853 0 0
  phy
    54 -4.295874 -2.544919 2.411306 0.358485 0.294078 -0.886006 0 0
    54 -1.696418 -2.859190 -0.114531 0.752938 -0.611476 0.243272 0 0
    54 -1.699023 -2.514629 2.421123 0.078616 -0.915607 -0.394313 0 0
  phy
    54 -4.354197 2.727851 -0.111194 -0.191876 0.853742 0.484054 0 0
    54 -1.886203 2.762972 0.878186 -0.584091 -0.778199 0.230745 0 0
    54 -1.874402 2.738956 -0.111076 0.303104 -0.572458 0.761853 0 0
  phy
    54 -4.361272 -2.748962 -0.114583 0.443856 0.749845 0.490637 0 0
    54 -1.696418 -2.859190 -0.114531 0.752938 -0.611476 0.243272 0 0
    54 -4.295874 -2.544919 2.411306 0.358485 0.294078 -0.886006 0 0
  phy
    54 -1.874402 2.738956 -0.111076 0.303104 -0.572458 0.761853 0 0
    54 -4.361272 -2.748962 -0.114583 0.443856 0.749845 0.490637 0 0
    54 -4.354197 2.727851 -0.111194 -0.191876 0.853742 0.484054 0 0
  phy
    54 -1.874402 2.738956 -0.111076 0.303104 -0.572458 0.761853 0 0
    54 -1.696418 -2.859190 -0.114531 0.752938 -0.611476 0.243272 0 0
    54 -4.361272 -2.748962 -0.114583 0.443856 0.749845 0.490637 0 0
  phy
    48 3.327030 -1.999094 39.130775 0.023749 0.035002 -0.999105 0 0
    48 4.542512 -1.633727 36.636021 0.041022 -0.567247 -0.822526 0 0
    48 4.477857 -1.686472 38.284184 -0.041332 -0.602478 -0.797065 0 0
  phy
    48 3.327030 -1.999094 39.130775 0.023749 0.035002 -0.999105 0 0
    48 4.477857 -1.686472 38.284184 -0.041332 -0.602478 -0.797065 0 0
    48 3.315272 -1.985493 40.439018 -0.432886 0.611291 -0.662520 0 0
  phy
    48 3.327030 -1.999094 39.130775 0.023749 0.035002 -0.999105 0 0
    48 3.186555 -1.820083 33.840794 0.047102 0.047589 -0.997756 0 0
    48 4.542512 -1.633727 36.636021 0.041022 -0.567247 -0.822526 0 0
  phy
    48 3.186555 -1.820083 33.840794 0.047102 0.047589 -0.997756 0 0
    48 3.327030 -1.999094 39.130775 0.023749 0.035002 -0.999105 0 0
    48 2.402355 -1.541052 38.653808 0.010887 0.606374 -0.795105 0 0
  phy
    48 2.402355 -1.541052 38.653808 0.010887 0.606374 -0.795105 0 0
    48 3.327030 -1.999094 39.130775 0.023749 0.035002 -0.999105 0 0
    48 3.315272 -1.985493 40.439018 -0.432886 0.611291 -0.662520 0 0
  phy
    48 3.186555 -1.820083 33.840794 0.047102 0.047589 -0.997756 0 0
    48 2.885686 -1.526864 29.796239 0.080722 0.152673 -0.984975 0 0
    48 4.476162 -1.498709 33.788949 0.103574 -0.571765 -0.813854 0 0
  phy
    48 4.542512 -1.633727 36.636021 0.041022 -0.567247 -0.822526 0 0
    48 3.186555 -1.820083 33.840794 0.047102 0.047589 -0.997756 0 0
    48 4.476162 -1.498709 33.788949 0.103574 -0.571765 -0.813854 0 0
  phy
    48 3.186555 -1.820083 33.840794 0.047102 0.047589 -0.997756 0 0
    48 2.402355 -1.541052 38.653808 0.010887 0.606374 -0.795105 0 0
    48 2.885686 -1.526864 29.796239 0.080722 0.152673 -0.984975 0 0
  phy
    48 1.742612 0.719306 31.055073 0.051061 0.776518 0.628023 0 0
    48 1.761389 0.901730 33.704412 -0.012404 0.808093 0.588925 0 0
    48 2.230963 1.389196 33.679682 0.038103 0.581046 0.812979 0 0
  phy
    48 1.742612 0.719306 31.055073 0.051061 0.776518 0.628023 0 0
    48 2.230963 1.389196 33.679682 0.038103 0.581046 0.812979 0 0
    48 2.276028 0.968383 26.697962 0.167379 0.878332 0.447791 0 0
  phy
    48 1.761389 0.901730 33.704412 -0.012404 0.808093 0.588925 0 0
    48 1.742612 0.719306 31.055073 0.051061 0.776518 0.628023 0 0
    48 1.524468 0.305105 31.090141 0.054129 0.962467 0.265945 0 0
  phy
    48 1.742612 0.719306 31.055073 0.051061 0.776518 0.628023 0 0
    48 2.276028 0.968383 26.697962 0.167379 0.878332 0.447791 0 0
    48 1.524468 0.305105 31.090141 0.054129 0.962467 0.265945 0 0
  phy
    48 2.113674 -0.975786 30.133171 0.051892 0.703257 -0.709039 0 0
    48 2.402355 -1.541052 38.653808 0.010887 0.606374 -0.795105 0 0
    48 1.671745 -0.626536 33.724112 0.019214 0.800627 -0.598854 0 0
  phy
    48 2.402355 -1.541052 38.653808 0.010887 0.606374 -0.795105 0 0
    48 1.887299 -0.918316 38.309928 -0.101835 0.885806 -0.452744 0 0
    48 1.671745 -0.626536 33.724112 0.019214 0.800627 -0.598854 0 0
  phy
    48 1.887299 -0.918316 38.309928 -0.101835 0.885806 -0.452744 0 0
    48 2.402355 -1.541052 38.653808 0.010887 0.606374 -0.795105 0 0
    48 3.315272 -1.985493 40.439018 -0.432886 0.611291 -0.662520 0 0
  phy
    48 2.885686 -1.526864 29.796239 0.080722 0.152673 -0.984975 0 0
    48 2.402355 -1.541052 38.653808 0.010887 0.606374 -0.795105 0 0
    48 2.113674 -0.975786 30.133171 0.051892 0.703257 -0.709039 0 0
  phy
    48 1.729333 0.221748 38.038515 -0.403177 0.897376 0.179344 0 0
    48 2.793807 1.867952 38.912813 -0.288279 0.743571 0.603321 0 0
    48 1.900661 0.861609 37.985994 -0.069431 0.872494 0.483667 0 0
  phy
    48 2.793807 1.867952 38.912813 -0.288279 0.743571 0.603321 0 0
    48 1.729333 0.221748 38.038515 -0.403177 0.897376 0.179344 0 0
    48 4.780094 -0.253793 42.796829 -0.628434 0.729655 0.269582 0 0
  phy
    48 4.616499 -0.974475 42.750565 -0.797373 0.103983 -0.594461 0 0
    48 1.729333 0.221748 38.038515 -0.403177 0.897376 0.179344 0 0
    48 1.735816 -0.412699 38.173804 -0.391018 0.917775 -0.069233 0 0
  phy
    48 1.729333 0.221748 38.038515 -0.403177 0.897376 0.179344 0 0
    48 4.616499 -0.974475 42.750565 -0.797373 0.103983 -0.594461 0 0
    48 4.780094 -0.253793 42.796829 -0.628434 0.729655 0.269582 0 0
  phy
    48 1.551463 0.373837 33.709265 -0.032120 0.968165 0.248242 0 0
    48 1.729333 0.221748 38.038515 -0.403177 0.897376 0.179344 0 0
    48 1.900661 0.861609 37.985994 -0.069431 0.872494 0.483667 0 0
  phy
    48 1.729333 0.221748 38.038515 -0.403177 0.897376 0.179344 0 0
    48 1.551463 0.373837 33.709265 -0.032120 0.968165 0.248242 0 0
    48 1.484474 -0.197980 33.687575 -0.028933 0.993488 -0.110198 0 0
  phy
    48 1.729333 0.221748 38.038515 -0.403177 0.897376 0.179344 0 0
    48 1.484474 -0.197980 33.687575 -0.028933 0.993488 -0.110198 0 0
    48 1.735816 -0.412699 38.173804 -0.391018 0.917775 -0.069233 0 0
  phy
    48 1.551463 0.373837 33.709265 -0.032120 0.968165 0.248242 0 0
    48 1.761389 0.901730 33.704412 -0.012404 0.808093 0.588925 0 0
    48 1.524468 0.305105 31.090141 0.054129 0.962467 0.265945 0 0
  phy
    48 1.761389 0.901730 33.704412 -0.012404 0.808093 0.588925 0 0
    48 2.793807 1.867952 38.912813 -0.288279 0.743571 0.603321 0 0
    48 2.230963 1.389196 33.679682 0.038103 0.581046 0.812979 0 0
  phy
    48 2.793807 1.867952 38.912813 -0.288279 0.743571 0.603321 0 0
    48 1.761389 0.901730 33.704412 -0.012404 0.808093 0.588925 0 0
    48 1.900661 0.861609 37.985994 -0.069431 0.872494 0.483667 0 0
  phy
    48 1.761389 0.901730 33.704412 -0.012404 0.808093 0.588925 0 0
    48 1.551463 0.373837 33.709265 -0.032120 0.968165 0.248242 0 0
    48 1.900661 0.861609 37.985994 -0.069431 0.872494 0.483667 0 0
  phy
    48 2.793807 1.867952 38.912813 -0.288279 0.743571 0.603321 0 0
    48 3.072525 1.840151 33.632369 0.050467 0.078036 0.995672 0 0
    48 2.230963 1.389196 33.679682 0.038103 0.581046 0.812979 0 0
  phy
    48 2.793807 1.867952 38.912813 -0.288279 0.743571 0.603321 0 0
    48 3.444037 1.995458 39.630209 -0.028938 -0.215603 0.976052 0 0
    48 3.072525 1.840151 33.632369 0.050467 0.078036 0.995672 0 0
  phy
    48 4.523610 1.134873 41.731166 -0.302659 -0.666795 0.681016 0 0
    48 2.793807 1.867952 38.912813 -0.288279 0.743571 0.603321 0 0
    48 4.780094 -0.253793 42.796829 -0.628434 0.729655 0.269582 0 0
  phy
    48 2.793807 1.867952 38.912813 -0.288279 0.743571 0.603321 0 0
    48 4.523610 1.134873 41.731166 -0.302659 -0.666795 0.681016 0 0
    48 3.444037 1.995458 39.630209 -0.028938 -0.215603 0.976052 0 0
  phy
    48 4.167382 1.662605 38.382155 0.004535 -0.538192 0.842810 0 0
    48 4.523610 1.134873 41.731166 -0.302659 -0.666795 0.681016 0 0
    48 4.766337 1.158774 38.687537 -0.019849 -0.869798 0.493009 0 0
  phy
    48 4.766337 1.158774 38.687537 -0.019849 -0.869798 0.493009 0 0
    48 4.786251 0.992544 33.757370 0.076605 -0.832658 0.548464 0 0
    48 4.167382 1.662605 38.382155 0.004535 -0.538192 0.842810 0 0
  phy
    48 4.523610 1.134873 41.731166 -0.302659 -0.666795 0.681016 0 0
    48 5.272038 -0.296067 38.624622 -0.035561 -0.987315 0.154741 0 0
    48 4.766337 1.158774 38.687537 -0.019849 -0.869798 0.493009 0 0
  phy
    48 4.766337 1.158774 38.687537 -0.019849 -0.869798 0.493009 0 0
    48 5.272038 -0.296067 38.624622 -0.035561 -0.987315 0.154741 0 0
    48 4.786251 0.992544 33.757370 0.076605 -0.832658 0.548464 0 0
  phy
    48 2.885686 -1.526864 29.796239 0.080722 0.152673 -0.984975 0 0
    48 3.817272 -0.924486 27.094267 0.165118 -0.695655 -0.699142 0 0
    48 4.476162 -1.498709 33.788949 0.103574 -0.571765 -0.813854 0 0
  phy
    48 3.817272 -0.924486 27.094267 0.165118 -0.695655 -0.699142 0 0
    48 2.885686 -1.526864 29.796239 0.080722 0.152673 -0.984975 0 0
    48 2.869087 -1.199246 27.121676 0.640794 0.232581 -0.731635 0 0
  phy
    48 2.885686 -1.526864 29.796239 0.080722 0.152673 -0.984975 0 0
    48 2.113674 -0.975786 30.133171 0.051892 0.703257 -0.709039 0 0
    48 2.869087 -1.199246 27.121676 0.640794 0.232581 -0.731635 0 0
  phy
    48 1.484474 -0.197980 33.687575 -0.028933 0.993488 -0.110198 0 0
    48 1.551463 0.373837 33.709265 -0.032120 0.968165 0.248242 0 0
    48 1.524468 0.305105 31.090141 0.054129 0.962467 0.265945 0 0
  phy
    48 2.230963 1.389196 33.679682 0.038103 0.581046 0.812979 0 0
    48 2.896736 1.341771 26.544749 0.272871 0.087437 0.958069 0 0
    48 2.276028 0.968383 26.697962 0.167379 0.878332 0.447791 0 0
  phy
    48 3.072525 1.840151 33.632369 0.050467 0.078036 0.995672 0 0
    48 2.896736 1.341771 26.544749 0.272871 0.087437 0.958069 0 0
    48 2.230963 1.389196 33.679682 0.038103 0.581046 0.812979 0 0
  phy
    48 4.542512 -1.633727 36.636021 0.041022 -0.567247 -0.822526 0 0
    48 5.195646 -0.247822 33.873459 0.094201 -0.973267 -0.209470 0 0
    48 5.057903 -0.893485 38.495564 -0.016829 -0.874979 -0.483869 0 0
  phy
    48 5.057903 -0.893485 38.495564 -0.016829 -0.874979 -0.483869 0 0
    48 5.195646 -0.247822 33.873459 0.094201 -0.973267 -0.209470 0 0
    48 5.272038 -0.296067 38.624622 -0.035561 -0.987315 0.154741 0 0
  phy
    48 5.057903 -0.893485 38.495564 -0.016829 -0.874979 -0.483869 0 0
    48 4.477857 -1.686472 38.284184 -0.041332 -0.602478 -0.797065 0 0
    48 4.542512 -1.633727 36.636021 0.041022 -0.567247 -0.822526 0 0
  phy
    48 5.057903 -0.893485 38.495564 -0.016829 -0.874979 -0.483869 0 0
    48 4.616499 -0.974475 42.750565 -0.797373 0.103983 -0.594461 0 0
    48 4.477857 -1.686472 38.284184 -0.041332 -0.602478 -0.797065 0 0
  phy
    48 5.057903 -0.893485 38.495564 -0.016829 -0.874979 -0.483869 0 0
    48 5.272038 -0.296067 38.624622 -0.035561 -0.987315 0.154741 0 0
    48 4.616499 -0.974475 42.750565 -0.797373 0.103983 -0.594461 0 0
  phy
    48 4.476162 -1.498709 33.788949 0.103574 -0.571765 -0.813854 0 0
    48 5.195646 -0.247822 33.873459 0.094201 -0.973267 -0.209470 0 0
    48 4.542512 -1.633727 36.636021 0.041022 -0.567247 -0.822526 0 0
  phy
    48 4.477857 -1.686472 38.284184 -0.041332 -0.602478 -0.797065 0 0
    48 4.616499 -0.974475 42.750565 -0.797373 0.103983 -0.594461 0 0
    48 4.169014 -1.709349 41.127026 -0.125894 -0.459484 -0.879218 0 0
  phy
    48 4.477857 -1.686472 38.284184 -0.041332 -0.602478 -0.797065 0 0
    48 4.169014 -1.709349 41.127026 -0.125894 -0.459484 -0.879218 0 0
    48 3.315272 -1.985493 40.439018 -0.432886 0.611291 -0.662520 0 0
  phy
    48 4.169014 -1.709349 41.127026 -0.125894 -0.459484 -0.879218 0 0
    48 4.616499 -0.974475 42.750565 -0.797373 0.103983 -0.594461 0 0
    48 3.315272 -1.985493 40.439018 -0.432886 0.611291 -0.662520 0 0
  phy
    48 4.167382 1.662605 38.382155 0.004535 -0.538192 0.842810 0 0
    48 3.444037 1.995458 39.630209 -0.028938 -0.215603 0.976052 0 0
    48 4.523610 1.134873 41.731166 -0.302659 -0.666795 0.681016 0 0
  phy
    48 4.167382 1.662605 38.382155 0.004535 -0.538192 0.842810 0 0
    48 4.786251 0.992544 33.757370 0.076605 -0.832658 0.548464 0 0
    48 3.969560 1.518309 33.671866 0.068816 -0.433653 0.898448 0 0
  phy
    48 3.969560 1.518309 33.671866 0.068816 -0.433653 0.898448 0 0
    48 3.444037 1.995458 39.630209 -0.028938 -0.215603 0.976052 0 0
    48 4.167382 1.662605 38.382155 0.004535 -0.538192 0.842810 0 0
  phy
    48 4.523610 1.134873 41.731166 -0.302659 -0.666795 0.681016 0 0
    48 4.780094 -0.253793 42.796829 -0.628434 0.729655 0.269582 0 0
    48 4.977619 -0.275197 41.518349 -0.115525 -0.988323 0.099355 0 0
  phy
    48 4.977619 -0.275197 41.518349 -0.115525 -0.988323 0.099355 0 0
    48 5.272038 -0.296067 38.624622 -0.035561 -0.987315 0.154741 0 0
    48 4.523610 1.134873 41.731166 -0.302659 -0.666795 0.681016 0 0
  phy
    48 2.113674 -0.975786 30.133171 0.051892 0.703257 -0.709039 0 0
    48 2.232799 -0.670417 27.070889 0.331854 0.883086 -0.331712 0 0
    48 2.869087 -1.199246 27.121676 0.640794 0.232581 -0.731635 0 0
  phy
    48 2.113674 -0.975786 30.133171 0.051892 0.703257 -0.709039 0 0
    48 1.671745 -0.626536 33.724112 0.019214 0.800627 -0.598854 0 0
    48 1.502150 -0.099871 31.116214 0.117295 0.965736 -0.231509 0 0
  phy
    48 2.232799 -0.670417 27.070889 0.331854 0.883086 -0.331712 0 0
    48 2.113674 -0.975786 30.133171 0.051892 0.703257 -0.709039 0 0
    48 1.502150 -0.099871 31.116214 0.117295 0.965736 -0.231509 0 0
  phy
    48 1.887299 -0.918316 38.309928 -0.101835 0.885806 -0.452744 0 0
    48 1.484474 -0.197980 33.687575 -0.028933 0.993488 -0.110198 0 0
    48 1.671745 -0.626536 33.724112 0.019214 0.800627 -0.598854 0 0
  phy
    48 1.484474 -0.197980 33.687575 -0.028933 0.993488 -0.110198 0 0
    48 1.887299 -0.918316 38.309928 -0.101835 0.885806 -0.452744 0 0
    48 1.735816 -0.412699 38.173804 -0.391018 0.917775 -0.069233 0 0
  phy
    48 1.887299 -0.918316 38.309928 -0.101835 0.885806 -0.452744 0 0
    48 3.315272 -1.985493 40.439018 -0.432886 0.611291 -0.662520 0 0
    48 1.735816 -0.412699 38.173804 -0.391018 0.917775 -0.069233 0 0
  phy
    48 1.671745 -0.626536 33.724112 0.019214 0.800627 -0.598854 0 0
    48 1.484474 -0.197980 33.687575 -0.028933 0.993488 -0.110198 0 0
    48 1.502150 -0.099871 31.116214 0.117295 0.965736 -0.231509 0 0
  phy
    48 1.484474 -0.197980 33.687575 -0.028933 0.993488 -0.110198 0 0
    48 1.524468 0.305105 31.090141 0.054129 0.962467 0.265945 0 0
    48 1.502150 -0.099871 31.116214 0.117295 0.965736 -0.231509 0 0
  phy
    48 2.276028 0.968383 26.697962 0.167379 0.878332 0.447791 0 0
    48 2.896736 1.341771 26.544749 0.272871 0.087437 0.958069 0 0
    48 2.232799 -0.670417 27.070889 0.331854 0.883086 -0.331712 0 0
  phy
    48 1.524468 0.305105 31.090141 0.054129 0.962467 0.265945 0 0
    48 2.276028 0.968383 26.697962 0.167379 0.878332 0.447791 0 0
    48 1.502150 -0.099871 31.116214 0.117295 0.965736 -0.231509 0 0
  phy
    48 2.276028 0.968383 26.697962 0.167379 0.878332 0.447791 0 0
    48 2.232799 -0.670417 27.070889 0.331854 0.883086 -0.331712 0 0
    48 1.502150 -0.099871 31.116214 0.117295 0.965736 -0.231509 0 0
  phy
    48 3.072525 1.840151 33.632369 0.050467 0.078036 0.995672 0 0
    48 3.444037 1.995458 39.630209 -0.028938 -0.215603 0.976052 0 0
    48 3.969560 1.518309 33.671866 0.068816 -0.433653 0.898448 0 0
  phy
    48 3.969560 1.518309 33.671866 0.068816 -0.433653 0.898448 0 0
    48 2.896736 1.341771 26.544749 0.272871 0.087437 0.958069 0 0
    48 3.072525 1.840151 33.632369 0.050467 0.078036 0.995672 0 0
  phy
    48 3.817272 -0.924486 27.094267 0.165118 -0.695655 -0.699142 0 0
    48 2.869087 -1.199246 27.121676 0.640794 0.232581 -0.731635 0 0
    48 4.216049 0.054217 26.858982 0.274183 -0.946479 0.170297 0 0
  phy
    48 3.817272 -0.924486 27.094267 0.165118 -0.695655 -0.699142 0 0
    48 5.195646 -0.247822 33.873459 0.094201 -0.973267 -0.209470 0 0
    48 4.476162 -1.498709 33.788949 0.103574 -0.571765 -0.813854 0 0
  phy
    48 4.216049 0.054217 26.858982 0.274183 -0.946479 0.170297 0 0
    48 5.195646 -0.247822 33.873459 0.094201 -0.973267 -0.209470 0 0
    48 3.817272 -0.924486 27.094267 0.165118 -0.695655 -0.699142 0 0
  phy
    48 3.969560 1.518309 33.671866 0.068816 -0.433653 0.898448 0 0
    48 4.786251 0.992544 33.757370 0.076605 -0.832658 0.548464 0 0
    48 3.459489 1.054188 26.618380 0.304036 -0.651065 0.695468 0 0
  phy
    48 3.459489 1.054188 26.618380 0.304036 -0.651065 0.695468 0 0
    48 2.896736 1.341771 26.544749 0.272871 0.087437 0.958069 0 0
    48 3.969560 1.518309 33.671866 0.068816 -0.433653 0.898448 0 0
  phy
    48 4.616499 -0.974475 42.750565 -0.797373 0.103983 -0.594461 0 0
    48 5.272038 -0.296067 38.624622 -0.035561 -0.987315 0.154741 0 0
    48 4.977619 -0.275197 41.518349 -0.115525 -0.988323 0.099355 0 0
  phy
    48 4.977619 -0.275197 41.518349 -0.115525 -0.988323 0.099355 0 0
    48 4.780094 -0.253793 42.796829 -0.628434 0.729655 0.269582 0 0
    48 4.616499 -0.974475 42.750565 -0.797373 0.103983 -0.594461 0 0
  phy
    48 4.786251 0.992544 33.757370 0.076605 -0.832658 0.548464 0 0
    48 4.216049 0.054217 26.858982 0.274183 -0.946479 0.170297 0 0
    48 3.459489 1.054188 26.618380 0.304036 -0.651065 0.695468 0 0
  phy
    48 4.216049 0.054217 26.858982 0.274183 -0.946479 0.170297 0 0
    48 2.869087 -1.199246 27.121676 0.640794 0.232581 -0.731635 0 0
    48 3.459489 1.054188 26.618380 0.304036 -0.651065 0.695468 0 0
  phy
    48 2.869087 -1.199246 27.121676 0.640794 0.232581 -0.731635 0 0
    48 2.896736 1.341771 26.544749 0.272871 0.087437 0.958069 0 0
    48 3.459489 1.054188 26.618380 0.304036 -0.651065 0.695468 0 0
  phy
    48 2.232799 -0.670417 27.070889 0.331854 0.883086 -0.331712 0 0
    48 2.896736 1.341771 26.544749 0.272871 0.087437 0.958069 0 0
    48 2.869087 -1.199246 27.121676 0.640794 0.232581 -0.731635 0 0
  phy
    48 3.315272 -1.985493 40.439018 -0.432886 0.611291 -0.662520 0 0
    48 4.616499 -0.974475 42.750565 -0.797373 0.103983 -0.594461 0 0
    48 1.735816 -0.412699 38.173804 -0.391018 0.917775 -0.069233 0 0
  phy
    48 5.272038 -0.296067 38.624622 -0.035561 -0.987315 0.154741 0 0
    48 5.195646 -0.247822 33.873459 0.094201 -0.973267 -0.209470 0 0
    48 4.786251 0.992544 33.757370 0.076605 -0.832658 0.548464 0 0
  phy
    48 4.786251 0.992544 33.757370 0.076605 -0.832658 0.548464 0 0
    48 5.195646 -0.247822 33.873459 0.094201 -0.973267 -0.209470 0 0
    48 4.216049 0.054217 26.858982 0.274183 -0.946479 0.170297 0 0
  phy
    49 2.454765 1.627418 24.368332 -0.411263 0.736029 0.537703 0 0
    49 2.663185 2.773361 21.048709 0.010403 0.488515 0.872493 0 0
    49 2.212667 2.010866 21.033321 0.007757 0.994363 0.105743 0 0
  phy
    49 2.454765 1.627418 24.368332 -0.411263 0.736029 0.537703 0 0
    49 2.212667 2.010866 21.033321 0.007757 0.994363 0.105743 0 0
    49 2.274847 -0.304950 25.051339 -0.105021 0.759613 -0.641840 0 0
  phy
    49 4.284814 1.656474 24.993439 -0.934147 -0.109660 0.339624 0 0
    49 3.627124 2.141765 24.160450 -0.306371 0.092243 0.947432 0 0
    49 2.454765 1.627418 24.368332 -0.411263 0.736029 0.537703 0 0
  phy
    49 4.284814 1.656474 24.993439 -0.934147 -0.109660 0.339624 0 0
    49 2.454765 1.627418 24.368332 -0.411263 0.736029 0.537703 0 0
    49 2.274847 -0.304950 25.051339 -0.105021 0.759613 -0.641840 0 0
  phy
    49 2.454765 1.627418 24.368332 -0.411263 0.736029 0.537703 0 0
    49 3.627124 2.141765 24.160450 -0.306371 0.092243 0.947432 0 0
    49 2.663185 2.773361 21.048709 0.010403 0.488515 0.872493 0 0
  phy
    49 4.284814 1.656474 24.993439 -0.934147 -0.109660 0.339624 0 0
    49 2.274847 -0.304950 25.051339 -0.105021 0.759613 -0.641840 0 0
    49 4.383501 -0.647810 25.077272 -0.065678 -0.622372 -0.779961 0 0
  phy
    49 4.988876 2.075199 23.801347 -0.304157 -0.699724 0.646432 0 0
    49 3.627124 2.141765 24.160450 -0.306371 0.092243 0.947432 0 0
    49 4.284814 1.656474 24.993439 -0.934147 -0.109660 0.339624 0 0
  phy
    49 4.284814 1.656474 24.993439 -0.934147 -0.109660 0.339624 0 0
    49 4.383501 -0.647810 25.077272 -0.065678 -0.622372 -0.779961 0 0
    49 4.988876 2.075199 23.801347 -0.304157 -0.699724 0.646432 0 0
  phy
    49 2.436060 0.577042 8.175171 0.151051 0.985413 0.078389 0 0
    49 4.072680 0.526914 8.129084 0.161027 -0.983262 0.085237 0 0
    49 2.438596 -0.038448 8.186867 0.057154 0.949431 -0.308730 0 0
  phy
    49 2.522775 1.003199 8.178287 0.164276 0.337511 0.926876 0 0
    49 4.072680 0.526914 8.129084 0.161027 -0.983262 0.085237 0 0
    49 2.436060 0.577042 8.175171 0.151051 0.985413 0.078389 0 0
  phy
    49 2.436060 0.577042 8.175171 0.151051 0.985413 0.078389 0 0
    49 2.438596 -0.038448 8.186867 0.057154 0.949431 -0.308730 0 0
    49 2.212667 2.010866 21.033321 0.007757 0.994363 0.105743 0 0
  phy
    49 2.436060 0.577042 8.175171 0.151051 0.985413 0.078389 0 0
    49 2.212667 2.010866 21.033321 0.007757 0.994363 0.105743 0 0
    49 2.522775 1.003199 8.178287 0.164276 0.337511 0.926876 0 0
  phy
    49 2.212667 2.010866 21.033321 0.007757 0.994363 0.105743 0 0
    49 2.663185 2.773361 21.048709 0.010403 0.488515 0.872493 0 0
    49 2.522775 1.003199 8.178287 0.164276 0.337511 0.926876 0 0
  phy
    49 3.570620 2.541996 18.219942 0.157149 -0.159373 0.974630 0 0
    49 2.522775 1.003199 8.178287 0.164276 0.337511 0.926876 0 0
    49 2.663185 2.773361 21.048709 0.010403 0.488515 0.872493 0 0
  phy
    49 2.663185 2.773361 21.048709 0.010403 0.488515 0.872493 0 0
    49 3.629488 2.836247 21.065487 -0.096651 -0.072591 0.992668 0 0
    49 3.570620 2.541996 18.219942 0.157149 -0.159373 0.974630 0 0
  phy
    49 3.627124 2.141765 24.160450 -0.306371 0.092243 0.947432 0 0
    49 3.629488 2.836247 21.065487 -0.096651 -0.072591 0.992668 0 0
    49 2.663185 2.773361 21.048709 0.010403 0.488515 0.872493 0 0
  phy
    49 4.729973 2.642747 21.005146 0.110927 -0.551911 0.826492 0 0
    49 4.072680 0.526914 8.129084 0.161027 -0.983262 0.085237 0 0
    49 3.570620 2.541996 18.219942 0.157149 -0.159373 0.974630 0 0
  phy
    49 5.173474 1.882669 20.972844 0.067823 -0.992769 0.099047 0 0
    49 4.072680 0.526914 8.129084 0.161027 -0.983262 0.085237 0 0
    49 4.729973 2.642747 21.005146 0.110927 -0.551911 0.826492 0 0
  phy
    49 4.988876 2.075199 23.801347 -0.304157 -0.699724 0.646432 0 0
    49 5.173474 1.882669 20.972844 0.067823 -0.992769 0.099047 0 0
    49 4.729973 2.642747 21.005146 0.110927 -0.551911 0.826492 0 0
  phy
    49 4.729973 2.642747 21.005146 0.110927 -0.551911 0.826492 0 0
    49 3.629488 2.836247 21.065487 -0.096651 -0.072591 0.992668 0 0
    49 4.988876 2.075199 23.801347 -0.304157 -0.699724 0.646432 0 0
  phy
    49 3.570620 2.541996 18.219942 0.157149 -0.159373 0.974630 0 0
    49 3.629488 2.836247 21.065487 -0.096651 -0.072591 0.992668 0 0
    49 4.729973 2.642747 21.005146 0.110927 -0.551911 0.826492 0 0
  phy
    49 4.988876 2.075199 23.801347 -0.304157 -0.699724 0.646432 0 0
    49 4.383501 -0.647810 25.077272 -0.065678 -0.622372 -0.779961 0 0
    49 5.042374 1.161724 23.415159 0.022458 -0.943387 -0.330933 0 0
  phy
    49 5.042374 1.161724 23.415159 0.022458 -0.943387 -0.330933 0 0
    49 5.173474 1.882669 20.972844 0.067823 -0.992769 0.099047 0 0
    49 4.988876 2.075199 23.801347 -0.304157 -0.699724 0.646432 0 0
  phy
    49 4.988876 2.075199 23.801347 -0.304157 -0.699724 0.646432 0 0
    49 3.629488 2.836247 21.065487 -0.096651 -0.072591 0.992668 0 0
    49 3.627124 2.141765 24.160450 -0.306371 0.092243 0.947432 0 0
  phy
    49 5.042374 1.161724 23.415159 0.022458 -0.943387 -0.330933 0 0
    49 4.072680 0.526914 8.129084 0.161027 -0.983262 0.085237 0 0
    49 5.173474 1.882669 20.972844 0.067823 -0.992769 0.099047 0 0
  phy
    49 5.042374 1.161724 23.415159 0.022458 -0.943387 -0.330933 0 0
    49 4.383501 -0.647810 25.077272 -0.065678 -0.622372 -0.779961 0 0
    49 4.072680 0.526914 8.129084 0.161027 -0.983262 0.085237 0 0
  phy
    49 2.438596 -0.038448 8.186867 0.057154 0.949431 -0.308730 0 0
    49 4.072680 0.526914 8.129084 0.161027 -0.983262 0.085237 0 0
    49 3.397363 -0.592083 8.187168 0.042768 -0.058928 -0.997346 0 0
  phy
    49 2.212667 2.010866 21.033321 0.007757 0.994363 0.105743 0 0
    49 2.438596 -0.038448 8.186867 0.057154 0.949431 -0.308730 0 0
    49 2.274847 -0.304950 25.051339 -0.105021 0.759613 -0.641840 0 0
  phy
    49 2.438596 -0.038448 8.186867 0.057154 0.949431 -0.308730 0 0
    49 3.397363 -0.592083 8.187168 0.042768 -0.058928 -0.997346 0 0
    49 2.274847 -0.304950 25.051339 -0.105021 0.759613 -0.641840 0 0
  phy
    49 3.570620 2.541996 18.219942 0.157149 -0.159373 0.974630 0 0
    49 4.072680 0.526914 8.129084 0.161027 -0.983262 0.085237 0 0
    49 2.522775 1.003199 8.178287 0.164276 0.337511 0.926876 0 0
  phy
    49 2.274847 -0.304950 25.051339 -0.105021 0.759613 -0.641840 0 0
    49 3.397363 -0.592083 8.187168 0.042768 -0.058928 -0.997346 0 0
    49 4.383501 -0.647810 25.077272 -0.065678 -0.622372 -0.779961 0 0
  phy
    49 4.072680 0.526914 8.129084 0.161027 -0.983262 0.085237 0 0
    49 4.383501 -0.647810 25.077272 -0.065678 -0.622372 -0.779961 0 0
    49 3.397363 -0.592083 8.187168 0.042768 -0.058928 -0.997346 0 0
  phy
    50 1.991012 0.970658 4.219676 -0.155607 0.609370 -0.777467 0 0
    50 4.193481 0.980526 4.219784 -0.108576 -0.904183 -0.413116 0 0
    50 3.786267 2.693401 4.452581 -0.909157 -0.407944 0.083757 0 0
  phy
    50 4.193481 0.980526 4.219784 -0.108576 -0.904183 -0.413116 0 0
    50 1.991012 0.970658 4.219676 -0.155607 0.609370 -0.777467 0 0
    50 4.276841 -2.539529 2.391418 0.247454 -0.752122 -0.610802 0 0
  phy
    50 4.193481 0.980526 4.219784 -0.108576 -0.904183 -0.413116 0 0
    50 4.288165 2.733551 -0.131102 -0.155019 -0.899257 0.409031 0 0
    50 3.786267 2.693401 4.452581 -0.909157 -0.407944 0.083757 0 0
  phy
    50 4.276841 -2.539529 2.391418 0.247454 -0.752122 -0.610802 0 0
    50 4.288165 2.733551 -0.131102 -0.155019 -0.899257 0.409031 0 0
    50 4.193481 0.980526 4.219784 -0.108576 -0.904183 -0.413116 0 0
  phy
    50 1.991012 0.970658 4.219676 -0.155607 0.609370 -0.777467 0 0
    50 1.679820 -2.532504 2.400982 0.073358 0.912650 -0.402106 0 0
    50 4.276841 -2.539529 2.391418 0.247454 -0.752122 -0.610802 0 0
  phy
    50 1.991012 0.970658 4.219676 -0.155607 0.609370 -0.777467 0 0
    50 3.786267 2.693401 4.452581 -0.909157 -0.407944 0.083757 0 0
    50 2.217905 2.686373 4.452503 -0.760543 0.648461 -0.032758 0 0
  phy
    50 1.679820 -2.532504 2.400982 0.073358 0.912650 -0.402106 0 0
    50 1.991012 0.970658 4.219676 -0.155607 0.609370 -0.777467 0 0
    50 1.819856 2.746555 0.858054 -0.586967 0.777443 0.225948 0 0
  phy
    50 1.819856 2.746555 0.858054 -0.586967 0.777443 0.225948 0 0
    50 1.991012 0.970658 4.219676 -0.155607 0.609370 -0.777467 0 0
    50 2.217905 2.686373 4.452503 -0.760543 0.648461 -0.032758 0 0
  phy
    50 1.819856 2.746555 0.858054 -0.586967 0.777443 0.225948 0 0
    50 3.786267 2.693401 4.452581 -0.909157 -0.407944 0.083757 0 0
    50 4.288165 2.733551 -0.131102 -0.155019 -0.899257 0.409031 0 0
  phy
    50 3.786267 2.693401 4.452581 -0.909157 -0.407944 0.083757 0 0
    50 1.819856 2.746555 0.858054 -0.586967 0.777443 0.225948 0 0
    50 2.217905 2.686373 4.452503 -0.760543 0.648461 -0.032758 0 0
  phy
    50 1.679820 -2.532504 2.400982 0.073358 0.912650 -0.402106 0 0
    50 1.819856 2.746555 0.858054 -0.586967 0.777443 0.225948 0 0
    50 1.808367 2.722428 -0.131205 0.302636 0.580123 0.756220 0 0
  phy
    50 1.679820 -2.532504 2.400982 0.073358 0.912650 -0.402106 0 0
    50 1.808367 2.722428 -0.131205 0.302636 0.580123 0.756220 0 0
    50 1.680546 -2.877081 -0.134666 0.750836 0.616865 0.236059 0 0
  phy
    50 1.679820 -2.532504 2.400982 0.073358 0.912650 -0.402106 0 0
    50 1.680546 -2.877081 -0.134666 0.750836 0.616865 0.236059 0 0
    50 4.276841 -2.539529 2.391418 0.247454 -0.752122 -0.610802 0 0
  phy
    50 1.819856 2.746555 0.858054 -0.586967 0.777443 0.225948 0 0
    50 4.288165 2.733551 -0.131102 -0.155019 -0.899257 0.409031 0 0
    50 1.808367 2.722428 -0.131205 0.302636 0.580123 0.756220 0 0
  phy
    50 4.276841 -2.539529 2.391418 0.247454 -0.752122 -0.610802 0 0
    50 4.344309 -2.742978 -0.134480 0.606333 -0.423033 0.673353 0 0
    50 4.288165 2.733551 -0.131102 -0.155019 -0.899257 0.409031 0 0
  phy
    50 4.276841 -2.539529 2.391418 0.247454 -0.752122 -0.610802 0 0
    50 1.680546 -2.877081 -0.134666 0.750836 0.616865 0.236059 0 0
    50 4.344309 -2.742978 -0.134480 0.606333 -0.423033 0.673353 0 0
  phy
    50 4.288165 2.733551 -0.131102 -0.155019 -0.899257 0.409031 0 0
    50 4.344309 -2.742978 -0.134480 0.606333 -0.423033 0.673353 0 0
    50 1.808367 2.722428 -0.131205 0.302636 0.580123 0.756220 0 0
  phy
    50 4.344309 -2.742978 -0.134480 0.606333 -0.423033 0.673353 0 0
    50 1.680546 -2.877081 -0.134666 0.750836 0.616865 0.236059 0 0
    50 1.808367 2.722428 -0.131205 0.302636 0.580123 0.756220 0 0
  phy
    51 2.106268 -3.595671 2.248485 0.272119 0.417517 -0.866966 0 0
    51 4.308730 -3.600123 2.237773 0.101833 -0.808161 -0.580092 0 0
    51 2.345684 -2.806001 2.310302 -0.695098 0.300405 -0.653143 0 0
  phy
    51 4.308730 -3.600123 2.237773 0.101833 -0.808161 -0.580092 0 0
    51 3.911094 -2.818892 2.301913 -0.972692 -0.214136 -0.089533 0 0
    51 2.345684 -2.806001 2.310302 -0.695098 0.300405 -0.653143 0 0
  phy
    51 4.308730 -3.600123 2.237773 0.101833 -0.808161 -0.580092 0 0
    51 2.106268 -3.595671 2.248485 0.272119 0.417517 -0.866966 0 0
    51 4.353831 -5.262056 1.379079 0.767700 -0.145707 -0.624025 0 0
  phy
    51 4.353831 -5.262056 1.379079 0.767700 -0.145707 -0.624025 0 0
    51 4.428098 -5.465379 0.019346 0.392253 -0.739997 0.546390 0 0
    51 4.308730 -3.600123 2.237773 0.101833 -0.808161 -0.580092 0 0
  phy
    51 4.308730 -3.600123 2.237773 0.101833 -0.808161 -0.580092 0 0
    51 4.428098 -5.465379 0.019346 0.392253 -0.739997 0.546390 0 0
    51 4.400487 -3.005160 -0.182439 -0.430271 -0.462142 0.775430 0 0
  phy
    51 4.308730 -3.600123 2.237773 0.101833 -0.808161 -0.580092 0 0
    51 4.400487 -3.005160 -0.182439 -0.430271 -0.462142 0.775430 0 0
    51 3.911094 -2.818892 2.301913 -0.972692 -0.214136 -0.089533 0 0
  phy
    51 2.106268 -3.595671 2.248485 0.272119 0.417517 -0.866966 0 0
    51 1.771808 -5.248014 1.396195 0.432391 0.752859 -0.496227 0 0
    51 4.353831 -5.262056 1.379079 0.767700 -0.145707 -0.624025 0 0
  phy
    51 1.771808 -5.248014 1.396195 0.432391 0.752859 -0.496227 0 0
    51 2.106268 -3.595671 2.248485 0.272119 0.417517 -0.866966 0 0
    51 1.935057 -2.945700 0.364018 -0.875362 0.483291 -0.013050 0 0
  phy
    51 1.935057 -2.945700 0.364018 -0.875362 0.483291 -0.013050 0 0
    51 2.106268 -3.595671 2.248485 0.272119 0.417517 -0.866966 0 0
    51 2.345684 -2.806001 2.310302 -0.695098 0.300405 -0.653143 0 0
  phy
    51 1.935057 -2.945700 0.364018 -0.875362 0.483291 -0.013050 0 0
    51 3.911094 -2.818892 2.301913 -0.972692 -0.214136 -0.089533 0 0
    51 4.400487 -3.005160 -0.182439 -0.430271 -0.462142 0.775430 0 0
  phy
    51 3.911094 -2.818892 2.301913 -0.972692 -0.214136 -0.089533 0 0
    51 1.935057 -2.945700 0.364018 -0.875362 0.483291 -0.013050 0 0
    51 2.345684 -2.806001 2.310302 -0.695098 0.300405 -0.653143 0 0
  phy
    51 1.771808 -5.248014 1.396195 0.432391 0.752859 -0.496227 0 0
    51 1.935057 -2.945700 0.364018 -0.875362 0.483291 -0.013050 0 0
    51 1.920702 -3.000141 -0.170365 -0.152442 0.603517 0.782642 0 0
  phy
    51 1.771808 -5.248014 1.396195 0.432391 0.752859 -0.496227 0 0
    51 1.920702 -3.000141 -0.170365 -0.152442 0.603517 0.782642 0 0
    51 1.763710 -5.514730 0.036801 0.542686 0.258094 0.799300 0 0
  phy
    51 1.771808 -5.248014 1.396195 0.432391 0.752859 -0.496227 0 0
    51 1.763710 -5.514730 0.036801 0.542686 0.258094 0.799300 0 0
    51 4.353831 -5.262056 1.379079 0.767700 -0.145707 -0.624025 0 0
  phy
    51 1.935057 -2.945700 0.364018 -0.875362 0.483291 -0.013050 0 0
    51 4.400487 -3.005160 -0.182439 -0.430271 -0.462142 0.775430 0 0
    51 1.920702 -3.000141 -0.170365 -0.152442 0.603517 0.782642 0 0
  phy
    51 4.353831 -5.262056 1.379079 0.767700 -0.145707 -0.624025 0 0
    51 1.763710 -5.514730 0.036801 0.542686 0.258094 0.799300 0 0
    51 4.428098 -5.465379 0.019346 0.392253 -0.739997 0.546390 0 0
  phy
    51 4.400487 -3.005160 -0.182439 -0.430271 -0.462142 0.775430 0 0
    51 1.763710 -5.514730 0.036801 0.542686 0.258094 0.799300 0 0
    51 1.920702 -3.000141 -0.170365 -0.152442 0.603517 0.782642 0 0
  phy
    51 4.428098 -5.465379 0.019346 0.392253 -0.739997 0.546390 0 0
    51 1.763710 -5.514730 0.036801 0.542686 0.258094 0.799300 0 0
    51 4.400487 -3.005160 -0.182439 -0.430271 -0.462142 0.775430 0 0
  phy
    1 -0.861274 1.717858 50.135035 0.688255 0.101471 -0.718337 0 0
    1 0.906919 1.717854 50.135007 0.730888 -0.095352 -0.675804 0 0
    1 0.022834 3.603730 45.021478 -0.942673 0.000000 -0.333719 0 0
  phy
    1 0.906919 1.717854 50.135007 0.730888 -0.095352 -0.675804 0 0
    1 1.489848 3.391066 45.089378 -0.388920 -0.371964 -0.842843 0 0
    1 0.022834 3.603730 45.021478 -0.942673 0.000000 -0.333719 0 0
  phy
    1 0.906919 1.717854 50.135007 0.730888 -0.095352 -0.675804 0 0
    1 -0.239621 -3.261652 50.045460 0.768956 0.064496 0.636040 0 0
    1 0.285370 -3.261626 50.045452 0.860768 -0.132993 0.491316 0 0
  phy
    1 -0.861274 1.717858 50.135035 0.688255 0.101471 -0.718337 0 0
    1 -0.239621 -3.261652 50.045460 0.768956 0.064496 0.636040 0 0
    1 0.906919 1.717854 50.135007 0.730888 -0.095352 -0.675804 0 0
  phy
    1 1.489848 3.391066 45.089378 -0.388920 -0.371964 -0.842843 0 0
    1 0.906919 1.717854 50.135007 0.730888 -0.095352 -0.675804 0 0
    1 1.736850 1.367628 50.095071 0.678703 -0.392408 -0.620788 0 0
  phy
    1 0.285370 -3.261626 50.045452 0.860768 -0.132993 0.491316 0 0
    1 1.736850 1.367628 50.095071 0.678703 -0.392408 -0.620788 0 0
    1 0.906919 1.717854 50.135007 0.730888 -0.095352 -0.675804 0 0
  phy
    1 -1.691180 1.367644 50.095076 0.678544 0.392495 -0.620907 0 0
    1 -2.507458 0.612438 49.921485 0.530427 0.818862 -0.219344 0 0
    1 -1.335278 -2.959767 49.965310 0.558655 0.417392 0.716720 0 0
  phy
    1 -1.335278 -2.959767 49.965310 0.558655 0.417392 0.716720 0 0
    1 -2.507458 0.612438 49.921485 0.530427 0.818862 -0.219344 0 0
    1 -2.616283 -2.187454 49.760011 0.465425 0.847679 0.254599 0 0
  phy
    1 -1.335278 -2.959767 49.965310 0.558655 0.417392 0.716720 0 0
    1 -0.239621 -3.261652 50.045460 0.768956 0.064496 0.636040 0 0
    1 -1.691180 1.367644 50.095076 0.678544 0.392495 -0.620907 0 0
  phy
    1 -1.317498 -4.023549 45.250226 -0.259420 0.248185 0.933330 0 0
    1 -0.239621 -3.261652 50.045460 0.768956 0.064496 0.636040 0 0
    1 -1.335278 -2.959767 49.965310 0.558655 0.417392 0.716720 0 0
  phy
    1 -1.335278 -2.959767 49.965310 0.558655 0.417392 0.716720 0 0
    1 -4.053247 -2.567365 45.204390 -0.916143 0.274077 0.292514 0 0
    1 -1.317498 -4.023549 45.250226 -0.259420 0.248185 0.933330 0 0
  phy
    1 -2.616283 -2.187454 49.760011 0.465425 0.847679 0.254599 0 0
    1 -4.053247 -2.567365 45.204390 -0.916143 0.274077 0.292514 0 0
    1 -1.335278 -2.959767 49.965310 0.558655 0.417392 0.716720 0 0
  phy
    1 -4.511964 -0.596262 45.467534 0.272662 0.959766 -0.067113 0 0
    1 -2.616283 -2.187454 49.760011 0.465425 0.847679 0.254599 0 0
    1 -2.507458 0.612438 49.921485 0.530427 0.818862 -0.219344 0 0
  phy
    1 -2.616283 -2.187454 49.760011 0.465425 0.847679 0.254599 0 0
    1 -4.511964 -0.596262 45.467534 0.272662 0.959766 -0.067113 0 0
    1 -4.053247 -2.567365 45.204390 -0.916143 0.274077 0.292514 0 0
  phy
    1 -3.578217 2.276339 45.428771 -0.086129 0.781061 -0.618487 0 0
    1 -4.511964 -0.596262 45.467534 0.272662 0.959766 -0.067113 0 0
    1 -2.507458 0.612438 49.921485 0.530427 0.818862 -0.219344 0 0
  phy
    1 -4.511964 -0.596262 45.467534 0.272662 0.959766 -0.067113 0 0
    1 -3.578217 2.276339 45.428771 -0.086129 0.781061 -0.618487 0 0
    1 -4.053247 -2.567365 45.204390 -0.916143 0.274077 0.292514 0 0
  phy
    1 -3.578217 2.276339 45.428771 -0.086129 0.781061 -0.618487 0 0
    1 -1.691180 1.367644 50.095076 0.678544 0.392495 -0.620907 0 0
    1 -1.444174 3.391066 45.089376 -0.388925 0.371966 -0.842840 0 0
  phy
    1 -1.691180 1.367644 50.095076 0.678544 0.392495 -0.620907 0 0
    1 -0.861274 1.717858 50.135035 0.688255 0.101471 -0.718337 0 0
    1 -1.444174 3.391066 45.089376 -0.388925 0.371966 -0.842840 0 0
  phy
    1 -1.691180 1.367644 50.095076 0.678544 0.392495 -0.620907 0 0
    1 -3.578217 2.276339 45.428771 -0.086129 0.781061 -0.618487 0 0
    1 -2.507458 0.612438 49.921485 0.530427 0.818862 -0.219344 0 0
  phy
    1 -1.691180 1.367644 50.095076 0.678544 0.392495 -0.620907 0 0
    1 -0.239621 -3.261652 50.045460 0.768956 0.064496 0.636040 0 0
    1 -0.861274 1.717858 50.135035 0.688255 0.101471 -0.718337 0 0
  phy
    1 1.384099 -2.958515 49.965095 0.558651 -0.417402 0.716718 0 0
    1 2.661929 -2.187456 49.759993 0.465252 -0.847882 0.254238 0 0
    1 2.553083 0.612580 49.921475 0.530198 -0.818996 -0.219398 0 0
  phy
    1 2.553083 0.612580 49.921475 0.530198 -0.818996 -0.219398 0 0
    1 1.736850 1.367628 50.095071 0.678703 -0.392408 -0.620788 0 0
    1 1.384099 -2.958515 49.965095 0.558651 -0.417402 0.716718 0 0
  phy
    1 1.384099 -2.958515 49.965095 0.558651 -0.417402 0.716718 0 0
    1 1.736850 1.367628 50.095071 0.678703 -0.392408 -0.620788 0 0
    1 0.285370 -3.261626 50.045452 0.860768 -0.132993 0.491316 0 0
  phy
    1 0.285370 -3.261626 50.045452 0.860768 -0.132993 0.491316 0 0
    1 1.363175 -4.023553 45.250221 0.101524 -0.242819 0.964744 0 0
    1 1.384099 -2.958515 49.965095 0.558651 -0.417402 0.716718 0 0
  phy
    1 1.384099 -2.958515 49.965095 0.558651 -0.417402 0.716718 0 0
    1 4.098915 -2.567364 45.204367 -0.922669 -0.262338 0.282597 0 0
    1 2.661929 -2.187456 49.759993 0.465252 -0.847882 0.254238 0 0
  phy
    1 1.363175 -4.023553 45.250221 0.101524 -0.242819 0.964744 0 0
    1 4.098915 -2.567364 45.204367 -0.922669 -0.262338 0.282597 0 0
    1 1.384099 -2.958515 49.965095 0.558651 -0.417402 0.716718 0 0
  phy
    1 0.285370 -3.261626 50.045452 0.860768 -0.132993 0.491316 0 0
    1 -0.239621 -3.261652 50.045460 0.768956 0.064496 0.636040 0 0
    1 1.363175 -4.023553 45.250221 0.101524 -0.242819 0.964744 0 0
  phy
    1 3.623885 2.276348 45.428783 -0.086139 -0.781053 -0.618496 0 0
    1 1.736850 1.367628 50.095071 0.678703 -0.392408 -0.620788 0 0
    1 2.553083 0.612580 49.921475 0.530198 -0.818996 -0.219398 0 0
  phy
    1 2.553083 0.612580 49.921475 0.530198 -0.818996 -0.219398 0 0
    1 4.557642 -0.596263 45.467503 0.272670 -0.959764 -0.067114 0 0
    1 3.623885 2.276348 45.428783 -0.086139 -0.781053 -0.618496 0 0
  phy
    1 2.661929 -2.187456 49.759993 0.465252 -0.847882 0.254238 0 0
    1 4.557642 -0.596263 45.467503 0.272670 -0.959764 -0.067114 0 0
    1 2.553083 0.612580 49.921475 0.530198 -0.818996 -0.219398 0 0
  phy
    1 1.363175 -4.023553 45.250221 0.101524 -0.242819 0.964744 0 0
    1 -0.239621 -3.261652 50.045460 0.768956 0.064496 0.636040 0 0
    1 -1.317498 -4.023549 45.250226 -0.259420 0.248185 0.933330 0 0
  phy
    1 1.363175 -4.023553 45.250221 0.101524 -0.242819 0.964744 0 0
    1 -1.317498 -4.023549 45.250226 -0.259420 0.248185 0.933330 0 0
    1 4.098915 -2.567364 45.204367 -0.922669 -0.262338 0.282597 0 0
  phy
    1 4.098915 -2.567364 45.204367 -0.922669 -0.262338 0.282597 0 0
    1 -1.317498 -4.023549 45.250226 -0.259420 0.248185 0.933330 0 0
    1 -4.053247 -2.567365 45.204390 -0.916143 0.274077 0.292514 0 0
  phy
    1 -3.578217 2.276339 45.428771 -0.086129 0.781061 -0.618487 0 0
    1 -1.444174 3.391066 45.089376 -0.388925 0.371966 -0.842840 0 0
    1 -4.053247 -2.567365 45.204390 -0.916143 0.274077 0.292514 0 0
  phy
    1 -1.444174 3.391066 45.089376 -0.388925 0.371966 -0.842840 0 0
    1 -0.861274 1.717858 50.135035 0.688255 0.101471 -0.718337 0 0
    1 0.022834 3.603730 45.021478 -0.942673 0.000000 -0.333719 0 0
  phy
    1 3.623885 2.276348 45.428783 -0.086139 -0.781053 -0.618496 0 0
    1 1.489848 3.391066 45.089378 -0.388920 -0.371964 -0.842843 0 0
    1 1.736850 1.367628 50.095071 0.678703 -0.392408 -0.620788 0 0
  phy
    1 1.489848 3.391066 45.089378 -0.388920 -0.371964 -0.842843 0 0
    1 3.623885 2.276348 45.428783 -0.086139 -0.781053 -0.618496 0 0
    1 4.098915 -2.567364 45.204367 -0.922669 -0.262338 0.282597 0 0
  phy
    1 1.489848 3.391066 45.089378 -0.388920 -0.371964 -0.842843 0 0
    1 4.098915 -2.567364 45.204367 -0.922669 -0.262338 0.282597 0 0
    1 0.022834 3.603730 45.021478 -0.942673 0.000000 -0.333719 0 0
  phy
    1 4.098915 -2.567364 45.204367 -0.922669 -0.262338 0.282597 0 0
    1 4.557642 -0.596263 45.467503 0.272670 -0.959764 -0.067114 0 0
    1 2.661929 -2.187456 49.759993 0.465252 -0.847882 0.254238 0 0
  phy
    1 -4.053247 -2.567365 45.204390 -0.916143 0.274077 0.292514 0 0
    1 -1.444174 3.391066 45.089376 -0.388925 0.371966 -0.842840 0 0
    1 0.022834 3.603730 45.021478 -0.942673 0.000000 -0.333719 0 0
  phy
    1 4.098915 -2.567364 45.204367 -0.922669 -0.262338 0.282597 0 0
    1 3.623885 2.276348 45.428783 -0.086139 -0.781053 -0.618496 0 0
    1 4.557642 -0.596263 45.467503 0.272670 -0.959764 -0.067114 0 0
  phy
    1 4.098915 -2.567364 45.204367 -0.922669 -0.262338 0.282597 0 0
    1 -4.053247 -2.567365 45.204390 -0.916143 0.274077 0.292514 0 0
    1 0.022834 3.603730 45.021478 -0.942673 0.000000 -0.333719 0 0
  phy
    2 -0.239669 -3.261632 50.045458 0.516820 0.079628 0.852383 0 0
    2 0.285370 -3.261624 50.045450 0.900868 -0.087933 0.425094 0 0
    2 -0.861274 1.717859 50.135037 0.802210 0.095342 -0.589381 0 0
  phy
    2 0.285370 -3.261624 50.045450 0.900868 -0.087933 0.425094 0 0
    2 0.906919 1.717856 50.135009 0.764623 -0.101479 -0.636439 0 0
    2 -0.861274 1.717859 50.135037 0.802210 0.095342 -0.589381 0 0
  phy
    2 -0.239669 -3.261632 50.045458 0.516820 0.079628 0.852383 0 0
    2 1.363777 -4.023978 45.247548 -0.893046 -0.120683 0.433480 0 0
    2 0.285370 -3.261624 50.045450 0.900868 -0.087933 0.425094 0 0
  phy
    2 -1.317498 -4.023550 45.250224 -0.013912 0.261271 0.965165 0 0
    2 1.363777 -4.023978 45.247548 -0.893046 -0.120683 0.433480 0 0
    2 -0.239669 -3.261632 50.045458 0.516820 0.079628 0.852383 0 0
  phy
    2 -0.239669 -3.261632 50.045458 0.516820 0.079628 0.852383 0 0
    2 -1.335276 -2.959768 49.965310 0.474567 0.417394 0.774964 0 0
    2 -1.317498 -4.023550 45.250224 -0.013912 0.261271 0.965165 0 0
  phy
    2 -1.691180 1.367644 50.095079 0.744021 0.392497 -0.540721 0 0
    2 -1.335276 -2.959768 49.965310 0.474567 0.417394 0.774964 0 0
    2 -0.239669 -3.261632 50.045458 0.516820 0.079628 0.852383 0 0
  phy
    2 -0.239669 -3.261632 50.045458 0.516820 0.079628 0.852383 0 0
    2 -0.861274 1.717859 50.135037 0.802210 0.095342 -0.589381 0 0
    2 -1.691180 1.367644 50.095079 0.744021 0.392497 -0.540721 0 0
  phy
    2 0.285370 -3.261624 50.045450 0.900868 -0.087933 0.425094 0 0
    2 1.384093 -2.958518 49.965089 0.474492 -0.417418 0.774997 0 0
    2 1.736850 1.367626 50.095069 0.744169 -0.392410 -0.540580 0 0
  phy
    2 1.736850 1.367626 50.095069 0.744169 -0.392410 -0.540580 0 0
    2 0.906919 1.717856 50.135009 0.764623 -0.101479 -0.636439 0 0
    2 0.285370 -3.261624 50.045450 0.900868 -0.087933 0.425094 0 0
  phy
    2 0.285370 -3.261624 50.045450 0.900868 -0.087933 0.425094 0 0
    2 1.363777 -4.023978 45.247548 -0.893046 -0.120683 0.433480 0 0
    2 1.384093 -2.958518 49.965089 0.474492 -0.417418 0.774997 0 0
  phy
    2 1.736850 1.367626 50.095069 0.744169 -0.392410 -0.540580 0 0
    2 3.623885 2.276348 45.428785 -0.016085 -0.781053 -0.624258 0 0
    2 1.489848 3.391066 45.089381 -0.291735 -0.371965 -0.881211 0 0
  phy
    2 0.906919 1.717856 50.135009 0.764623 -0.101479 -0.636439 0 0
    2 1.736850 1.367626 50.095069 0.744169 -0.392410 -0.540580 0 0
    2 1.489848 3.391066 45.089381 -0.291735 -0.371965 -0.881211 0 0
  phy
    2 1.384093 -2.958518 49.965089 0.474492 -0.417418 0.774997 0 0
    2 2.553083 0.612578 49.921474 0.551496 -0.818996 -0.158423 0 0
    2 1.736850 1.367626 50.095069 0.744169 -0.392410 -0.540580 0 0
  phy
    2 1.736850 1.367626 50.095069 0.744169 -0.392410 -0.540580 0 0
    2 2.553083 0.612578 49.921474 0.551496 -0.818996 -0.158423 0 0
    2 3.623885 2.276348 45.428785 -0.016085 -0.781053 -0.624258 0 0
  phy
    2 4.098915 -2.567364 45.204368 -0.800525 -0.472606 0.368515 0 0
    2 2.661929 -2.187457 49.759995 0.433734 -0.847881 0.304914 0 0
    2 1.384093 -2.958518 49.965089 0.474492 -0.417418 0.774997 0 0
  phy
    2 1.384093 -2.958518 49.965089 0.474492 -0.417418 0.774997 0 0
    2 1.363777 -4.023978 45.247548 -0.893046 -0.120683 0.433480 0 0
    2 4.098915 -2.567364 45.204368 -0.800525 -0.472606 0.368515 0 0
  phy
    2 2.661929 -2.187457 49.759995 0.433734 -0.847881 0.304914 0 0
    2 2.553083 0.612578 49.921474 0.551496 -0.818996 -0.158423 0 0
    2 1.384093 -2.958518 49.965089 0.474492 -0.417418 0.774997 0 0
  phy
    2 4.098915 -2.567364 45.204368 -0.800525 -0.472606 0.368515 0 0
    2 3.623885 2.276348 45.428785 -0.016085 -0.781053 -0.624258 0 0
    2 4.557642 -0.596265 45.467501 0.278485 -0.959764 -0.036045 0 0
  phy
    2 3.623885 2.276348 45.428785 -0.016085 -0.781053 -0.624258 0 0
    2 4.098915 -2.567364 45.204368 -0.800525 -0.472606 0.368515 0 0
    2 1.489848 3.391066 45.089381 -0.291735 -0.371965 -0.881211 0 0
  phy
    2 3.623885 2.276348 45.428785 -0.016085 -0.781053 -0.624258 0 0
    2 2.553083 0.612578 49.921474 0.551496 -0.818996 -0.158423 0 0
    2 4.557642 -0.596265 45.467501 0.278485 -0.959764 -0.036045 0 0
  phy
    2 4.098915 -2.567364 45.204368 -0.800525 -0.472606 0.368515 0 0
    2 4.557642 -0.596265 45.467501 0.278485 -0.959764 -0.036045 0 0
    2 2.661929 -2.187457 49.759995 0.433734 -0.847881 0.304914 0 0
  phy
    2 4.098915 -2.567364 45.204368 -0.800525 -0.472606 0.368515 0 0
    2 0.022834 3.603728 45.021476 -0.924843 0.000001 -0.380349 0 0
    2 1.489848 3.391066 45.089381 -0.291735 -0.371965 -0.881211 0 0
  phy
    2 0.022834 3.603728 45.021476 -0.924843 0.000001 -0.380349 0 0
    2 4.098915 -2.567364 45.204368 -0.800525 -0.472606 0.368515 0 0
    2 1.363777 -4.023978 45.247548 -0.893046 -0.120683 0.433480 0 0
  phy
    2 -2.616283 -2.187455 49.760005 0.433864 0.847679 0.305292 0 0
    2 -2.507458 0.612438 49.921488 0.551717 0.818863 -0.158342 0 0
    2 -4.511964 -0.596261 45.467533 0.278477 0.959766 -0.036045 0 0
  phy
    2 -4.053247 -2.567365 45.204392 -0.902894 0.347090 0.253594 0 0
    2 -2.616283 -2.187455 49.760005 0.433864 0.847679 0.305292 0 0
    2 -4.511964 -0.596261 45.467533 0.278477 0.959766 -0.036045 0 0
  phy
    2 -2.616283 -2.187455 49.760005 0.433864 0.847679 0.305292 0 0
    2 -1.335276 -2.959768 49.965310 0.474567 0.417394 0.774964 0 0
    2 -2.507458 0.612438 49.921488 0.551717 0.818863 -0.158342 0 0
  phy
    2 -4.053247 -2.567365 45.204392 -0.902894 0.347090 0.253594 0 0
    2 -1.335276 -2.959768 49.965310 0.474567 0.417394 0.774964 0 0
    2 -2.616283 -2.187455 49.760005 0.433864 0.847679 0.305292 0 0
  phy
    2 -1.691180 1.367644 50.095079 0.744021 0.392497 -0.540721 0 0
    2 -3.578217 2.276340 45.428774 -0.016076 0.781060 -0.624249 0 0
    2 -2.507458 0.612438 49.921488 0.551717 0.818863 -0.158342 0 0
  phy
    2 -3.578217 2.276340 45.428774 -0.016076 0.781060 -0.624249 0 0
    2 -1.691180 1.367644 50.095079 0.744021 0.392497 -0.540721 0 0
    2 -1.444174 3.391066 45.089378 -0.291741 0.371966 -0.881209 0 0
  phy
    2 -4.053247 -2.567365 45.204392 -0.902894 0.347090 0.253594 0 0
    2 -3.578217 2.276340 45.428774 -0.016076 0.781060 -0.624249 0 0
    2 -1.444174 3.391066 45.089378 -0.291741 0.371966 -0.881209 0 0
  phy
    2 -3.578217 2.276340 45.428774 -0.016076 0.781060 -0.624249 0 0
    2 -4.053247 -2.567365 45.204392 -0.902894 0.347090 0.253594 0 0
    2 -4.511964 -0.596261 45.467533 0.278477 0.959766 -0.036045 0 0
  phy
    2 -2.507458 0.612438 49.921488 0.551717 0.818863 -0.158342 0 0
    2 -3.578217 2.276340 45.428774 -0.016076 0.781060 -0.624249 0 0
    2 -4.511964 -0.596261 45.467533 0.278477 0.959766 -0.036045 0 0
  phy
    2 -1.444174 3.391066 45.089378 -0.291741 0.371966 -0.881209 0 0
    2 -1.691180 1.367644 50.095079 0.744021 0.392497 -0.540721 0 0
    2 -0.861274 1.717859 50.135037 0.802210 0.095342 -0.589381 0 0
  phy
    2 -2.507458 0.612438 49.921488 0.551717 0.818863 -0.158342 0 0
    2 -1.335276 -2.959768 49.965310 0.474567 0.417394 0.774964 0 0
    2 -1.691180 1.367644 50.095079 0.744021 0.392497 -0.540721 0 0
  phy
    2 0.022834 3.603728 45.021476 -0.924843 0.000001 -0.380349 0 0
    2 0.906919 1.717856 50.135009 0.764623 -0.101479 -0.636439 0 0
    2 1.489848 3.391066 45.089381 -0.291735 -0.371965 -0.881211 0 0
  phy
    2 0.906919 1.717856 50.135009 0.764623 -0.101479 -0.636439 0 0
    2 0.022834 3.603728 45.021476 -0.924843 0.000001 -0.380349 0 0
    2 -0.861274 1.717859 50.135037 0.802210 0.095342 -0.589381 0 0
  phy
    2 -4.053247 -2.567365 45.204392 -0.902894 0.347090 0.253594 0 0
    2 0.022834 3.603728 45.021476 -0.924843 0.000001 -0.380349 0 0
    2 1.363777 -4.023978 45.247548 -0.893046 -0.120683 0.433480 0 0
  phy
    2 0.022834 3.603728 45.021476 -0.924843 0.000001 -0.380349 0 0
    2 -1.444174 3.391066 45.089378 -0.291741 0.371966 -0.881209 0 0
    2 -0.861274 1.717859 50.135037 0.802210 0.095342 -0.589381 0 0
  phy
    2 0.022834 3.603728 45.021476 -0.924843 0.000001 -0.380349 0 0
    2 -4.053247 -2.567365 45.204392 -0.902894 0.347090 0.253594 0 0
    2 -1.444174 3.391066 45.089378 -0.291741 0.371966 -0.881209 0 0
  phy
    2 -1.317498 -4.023550 45.250224 -0.013912 0.261271 0.965165 0 0
    2 -1.335276 -2.959768 49.965310 0.474567 0.417394 0.774964 0 0
    2 -4.053247 -2.567365 45.204392 -0.902894 0.347090 0.253594 0 0
  phy
    2 -1.317498 -4.023550 45.250224 -0.013912 0.261271 0.965165 0 0
    2 -4.053247 -2.567365 45.204392 -0.902894 0.347090 0.253594 0 0
    2 1.363777 -4.023978 45.247548 -0.893046 -0.120683 0.433480 0 0
  phy
    2 4.557642 -0.596265 45.467501 0.278485 -0.959764 -0.036045 0 0
    2 2.553083 0.612578 49.921474 0.551496 -0.818996 -0.158423 0 0
    2 2.661929 -2.187457 49.759995 0.433734 -0.847881 0.304914 0 0
  phy
    4 3.978971 -1.489502 54.604163 -0.092176 -0.987580 -0.127240 0 0
    4 3.751655 -0.328442 54.616941 -0.163948 -0.955481 -0.245309 0 0
    4 3.915909 -0.732094 55.650618 0.134928 -0.971600 -0.194390 0 0
  phy
    4 3.978971 -1.489502 54.604163 -0.092176 -0.987580 -0.127240 0 0
    4 3.949523 -2.161214 53.805602 -0.237612 -0.971320 -0.008833 0 0
    4 3.751655 -0.328442 54.616941 -0.163948 -0.955481 -0.245309 0 0
  phy
    4 3.915909 -0.732094 55.650618 0.134928 -0.971600 -0.194390 0 0
    4 4.045513 -2.534799 54.593929 -0.031346 -0.994361 0.101314 0 0
    4 3.978971 -1.489502 54.604163 -0.092176 -0.987580 -0.127240 0 0
  phy
    4 4.045513 -2.534799 54.593929 -0.031346 -0.994361 0.101314 0 0
    4 3.949523 -2.161214 53.805602 -0.237612 -0.971320 -0.008833 0 0
    4 3.978971 -1.489502 54.604163 -0.092176 -0.987580 -0.127240 0 0
  phy
    4 3.915909 -0.732094 55.650618 0.134928 -0.971600 -0.194390 0 0
    4 2.897261 -0.144159 58.948398 0.522144 -0.851581 -0.046640 0 0
    4 3.954530 -1.571428 55.807880 0.262289 -0.964988 -0.001732 0 0
  phy
    4 3.954530 -1.571428 55.807880 0.262289 -0.964988 -0.001732 0 0
    4 2.897261 -0.144159 58.948398 0.522144 -0.851581 -0.046640 0 0
    4 3.941650 -2.484238 55.464683 0.370820 -0.904355 0.211270 0 0
  phy
    4 3.954530 -1.571428 55.807880 0.262289 -0.964988 -0.001732 0 0
    4 4.045513 -2.534799 54.593929 -0.031346 -0.994361 0.101314 0 0
    4 3.915909 -0.732094 55.650618 0.134928 -0.971600 -0.194390 0 0
  phy
    4 3.954530 -1.571428 55.807880 0.262289 -0.964988 -0.001732 0 0
    4 3.941650 -2.484238 55.464683 0.370820 -0.904355 0.211270 0 0
    4 4.045513 -2.534799 54.593929 -0.031346 -0.994361 0.101314 0 0
  phy
    4 0.895508 -4.321521 53.118967 -0.677131 -0.050547 0.734124 0 0
    4 -0.849455 -4.321519 53.118968 -0.740287 0.039510 0.671128 0 0
    4 1.140865 -3.615953 52.772943 -0.928124 -0.014447 0.371991 0 0
  phy
    4 -0.849455 -4.321519 53.118968 -0.740287 0.039510 0.671128 0 0
    4 -3.095958 -3.131367 52.755294 -0.984652 0.095713 0.145941 0 0
    4 1.140865 -3.615953 52.772943 -0.928124 -0.014447 0.371991 0 0
  phy
    4 0.895508 -4.321521 53.118967 -0.677131 -0.050547 0.734124 0 0
    4 1.594431 -4.611817 53.765118 -0.200267 -0.052192 0.978350 0 0
    4 -0.849455 -4.321519 53.118968 -0.740287 0.039510 0.671128 0 0
  phy
    4 -0.849455 -4.321519 53.118968 -0.740287 0.039510 0.671128 0 0
    4 1.594431 -4.611817 53.765118 -0.200267 -0.052192 0.978350 0 0
    4 -1.548379 -4.611820 53.765132 -0.074881 0.093708 0.992780 0 0
  phy
    4 -0.849455 -4.321519 53.118968 -0.740287 0.039510 0.671128 0 0
    4 -2.275659 -4.195130 53.220058 -0.611069 0.254826 0.749439 0 0
    4 -3.095958 -3.131367 52.755294 -0.984652 0.095713 0.145941 0 0
  phy
    4 -1.548379 -4.611820 53.765132 -0.074881 0.093708 0.992780 0 0
    4 -2.275659 -4.195130 53.220058 -0.611069 0.254826 0.749439 0 0
    4 -0.849455 -4.321519 53.118968 -0.740287 0.039510 0.671128 0 0
  phy
    4 3.335267 0.901298 56.465437 0.191709 -0.923754 -0.331551 0 0
    4 2.897261 -0.144159 58.948398 0.522144 -0.851581 -0.046640 0 0
    4 3.915909 -0.732094 55.650618 0.134928 -0.971600 -0.194390 0 0
  phy
    4 3.915909 -0.732094 55.650618 0.134928 -0.971600 -0.194390 0 0
    4 3.751655 -0.328442 54.616941 -0.163948 -0.955481 -0.245309 0 0
    4 3.486021 0.541125 55.272688 -0.208744 -0.859143 -0.467226 0 0
  phy
    4 3.486021 0.541125 55.272688 -0.208744 -0.859143 -0.467226 0 0
    4 3.335267 0.901298 56.465437 0.191709 -0.923754 -0.331551 0 0
    4 3.915909 -0.732094 55.650618 0.134928 -0.971600 -0.194390 0 0
  phy
    4 0.895508 -4.321521 53.118967 -0.677131 -0.050547 0.734124 0 0
    4 2.321717 -4.195131 53.220052 -0.730538 -0.146168 0.667045 0 0
    4 1.594431 -4.611817 53.765118 -0.200267 -0.052192 0.978350 0 0
  phy
    4 2.321717 -4.195131 53.220052 -0.730538 -0.146168 0.667045 0 0
    4 3.486358 -4.298984 53.653318 -0.143260 -0.658732 0.738613 0 0
    4 1.594431 -4.611817 53.765118 -0.200267 -0.052192 0.978350 0 0
  phy
    4 2.321717 -4.195131 53.220052 -0.730538 -0.146168 0.667045 0 0
    4 0.895508 -4.321521 53.118967 -0.677131 -0.050547 0.734124 0 0
    4 1.140865 -3.615953 52.772943 -0.928124 -0.014447 0.371991 0 0
  phy
    4 -3.552339 -3.890577 53.702820 -0.283784 0.708968 0.645624 0 0
    4 -2.016209 -4.538853 54.454783 0.315101 0.094979 0.944294 0 0
    4 -2.850698 -4.259532 54.583977 0.457396 0.400111 0.794166 0 0
  phy
    4 -3.552339 -3.890577 53.702820 -0.283784 0.708968 0.645624 0 0
    4 -1.548379 -4.611820 53.765132 -0.074881 0.093708 0.992780 0 0
    4 -2.016209 -4.538853 54.454783 0.315101 0.094979 0.944294 0 0
  phy
    4 2.062258 -4.538844 54.454816 0.202263 -0.056812 0.977682 0 0
    4 -1.548379 -4.611820 53.765132 -0.074881 0.093708 0.992780 0 0
    4 1.594431 -4.611817 53.765118 -0.200267 -0.052192 0.978350 0 0
  phy
    4 2.062258 -4.538844 54.454816 0.202263 -0.056812 0.977682 0 0
    4 -2.016209 -4.538853 54.454783 0.315101 0.094979 0.944294 0 0
    4 -1.548379 -4.611820 53.765132 -0.074881 0.093708 0.992780 0 0
  phy
    4 -1.548379 -4.611820 53.765132 -0.074881 0.093708 0.992780 0 0
    4 -3.552339 -3.890577 53.702820 -0.283784 0.708968 0.645624 0 0
    4 -2.275659 -4.195130 53.220058 -0.611069 0.254826 0.749439 0 0
  phy
    4 3.142010 -3.131367 52.755284 -0.995938 -0.060553 0.066634 0 0
    4 -3.095958 -3.131367 52.755294 -0.984652 0.095713 0.145941 0 0
    4 -2.979893 0.022348 52.878340 -0.972169 0.184974 -0.143778 0 0
  phy
    4 2.762190 0.412041 52.908248 -0.914858 -0.319814 -0.246484 0 0
    4 3.142010 -3.131367 52.755284 -0.995938 -0.060553 0.066634 0 0
    4 -2.979893 0.022348 52.878340 -0.972169 0.184974 -0.143778 0 0
  phy
    4 -3.095958 -3.131367 52.755294 -0.984652 0.095713 0.145941 0 0
    4 3.142010 -3.131367 52.755284 -0.995938 -0.060553 0.066634 0 0
    4 1.140865 -3.615953 52.772943 -0.928124 -0.014447 0.371991 0 0
  phy
    4 3.699811 -2.381669 53.131828 -0.664761 -0.746162 0.036541 0 0
    4 3.142010 -3.131367 52.755284 -0.995938 -0.060553 0.066634 0 0
    4 2.762190 0.412041 52.908248 -0.914858 -0.319814 -0.246484 0 0
  phy
    4 3.142010 -3.131367 52.755284 -0.995938 -0.060553 0.066634 0 0
    4 2.321717 -4.195131 53.220052 -0.730538 -0.146168 0.667045 0 0
    4 1.140865 -3.615953 52.772943 -0.928124 -0.014447 0.371991 0 0
  phy
    4 2.321717 -4.195131 53.220052 -0.730538 -0.146168 0.667045 0 0
    4 3.142010 -3.131367 52.755284 -0.995938 -0.060553 0.066634 0 0
    4 3.486358 -4.298984 53.653318 -0.143260 -0.658732 0.738613 0 0
  phy
    4 3.142010 -3.131367 52.755284 -0.995938 -0.060553 0.066634 0 0
    4 3.699811 -2.381669 53.131828 -0.664761 -0.746162 0.036541 0 0
    4 3.486358 -4.298984 53.653318 -0.143260 -0.658732 0.738613 0 0
  phy
    4 -3.999453 -2.534785 54.593960 -0.021958 0.995484 0.092359 0 0
    4 -3.903466 -2.161215 53.805637 -0.243781 0.969814 0.005700 0 0
    4 -3.552339 -3.890577 53.702820 -0.283784 0.708968 0.645624 0 0
  phy
    4 -3.552339 -3.890577 53.702820 -0.283784 0.708968 0.645624 0 0
    4 -3.903466 -2.161215 53.805637 -0.243781 0.969814 0.005700 0 0
    4 -3.653755 -2.381665 53.131843 -0.617255 0.785317 0.047672 0 0
  phy
    4 -3.903466 -2.161215 53.805637 -0.243781 0.969814 0.005700 0 0
    4 -3.932905 -1.489505 54.604178 -0.131984 0.980549 -0.145270 0 0
    4 -3.498088 -0.549468 53.381819 -0.324687 0.896927 -0.300169 0 0
  phy
    4 -3.903466 -2.161215 53.805637 -0.243781 0.969814 0.005700 0 0
    4 -3.498088 -0.549468 53.381819 -0.324687 0.896927 -0.300169 0 0
    4 -3.653755 -2.381665 53.131843 -0.617255 0.785317 0.047672 0 0
  phy
    4 -3.903466 -2.161215 53.805637 -0.243781 0.969814 0.005700 0 0
    4 -3.999453 -2.534785 54.593960 -0.021958 0.995484 0.092359 0 0
    4 -3.932905 -1.489505 54.604178 -0.131984 0.980549 -0.145270 0 0
  phy
    4 -3.932905 -1.489505 54.604178 -0.131984 0.980549 -0.145270 0 0
    4 -3.869847 -0.732101 55.650668 0.154964 0.972310 -0.174925 0 0
    4 -3.706546 -0.333304 54.616919 -0.179473 0.935195 -0.305288 0 0
  phy
    4 -3.869847 -0.732101 55.650668 0.154964 0.972310 -0.174925 0 0
    4 -3.694047 -0.060983 55.366728 -0.034513 0.940355 -0.338440 0 0
    4 -3.706546 -0.333304 54.616919 -0.179473 0.935195 -0.305288 0 0
  phy
    4 -3.999453 -2.534785 54.593960 -0.021958 0.995484 0.092359 0 0
    4 -3.869847 -0.732101 55.650668 0.154964 0.972310 -0.174925 0 0
    4 -3.932905 -1.489505 54.604178 -0.131984 0.980549 -0.145270 0 0
  phy
    4 -3.869847 -0.732101 55.650668 0.154964 0.972310 -0.174925 0 0
    4 -3.999453 -2.534785 54.593960 -0.021958 0.995484 0.092359 0 0
    4 -3.908462 -1.571435 55.807887 0.262295 0.964986 -0.001726 0 0
  phy
    4 -3.289147 0.901205 56.465597 0.188564 0.930161 -0.315031 0 0
    4 -3.869847 -0.732101 55.650668 0.154964 0.972310 -0.174925 0 0
    4 -2.851182 -0.144162 58.948404 0.514431 0.852589 -0.091943 0 0
  phy
    4 -2.851182 -0.144162 58.948404 0.514431 0.852589 -0.091943 0 0
    4 -3.869847 -0.732101 55.650668 0.154964 0.972310 -0.174925 0 0
    4 -3.908462 -1.571435 55.807887 0.262295 0.964986 -0.001726 0 0
  phy
    4 -3.869847 -0.732101 55.650668 0.154964 0.972310 -0.174925 0 0
    4 -3.289147 0.901205 56.465597 0.188564 0.930161 -0.315031 0 0
    4 -3.694047 -0.060983 55.366728 -0.034513 0.940355 -0.338440 0 0
  phy
    4 -2.405248 2.015607 58.249703 0.385813 0.790733 -0.475279 0 0
    4 -2.851182 -0.144162 58.948404 0.514431 0.852589 -0.091943 0 0
    4 -0.806716 1.919815 60.104271 0.698188 0.251177 -0.670406 0 0
  phy
    4 -2.467956 2.634709 56.641385 -0.170990 0.576888 -0.798726 0 0
    4 -2.405248 2.015607 58.249703 0.385813 0.790733 -0.475279 0 0
    4 -0.806716 1.919815 60.104271 0.698188 0.251177 -0.670406 0 0
  phy
    4 -2.405248 2.015607 58.249703 0.385813 0.790733 -0.475279 0 0
    4 -3.289147 0.901205 56.465597 0.188564 0.930161 -0.315031 0 0
    4 -2.851182 -0.144162 58.948404 0.514431 0.852589 -0.091943 0 0
  phy
    4 -3.289147 0.901205 56.465597 0.188564 0.930161 -0.315031 0 0
    4 -2.405248 2.015607 58.249703 0.385813 0.790733 -0.475279 0 0
    4 -2.467956 2.634709 56.641385 -0.170990 0.576888 -0.798726 0 0
  phy
    4 4.045513 -2.534799 54.593929 -0.031346 -0.994361 0.101314 0 0
    4 3.748621 -3.694647 54.659466 0.384413 -0.763070 0.519568 0 0
    4 3.486358 -4.298984 53.653318 -0.143260 -0.658732 0.738613 0 0
  phy
    4 3.486358 -4.298984 53.653318 -0.143260 -0.658732 0.738613 0 0
    4 3.949523 -2.161214 53.805602 -0.237612 -0.971320 -0.008833 0 0
    4 4.045513 -2.534799 54.593929 -0.031346 -0.994361 0.101314 0 0
  phy
    4 3.941650 -2.484238 55.464683 0.370820 -0.904355 0.211270 0 0
    4 3.748621 -3.694647 54.659466 0.384413 -0.763070 0.519568 0 0
    4 4.045513 -2.534799 54.593929 -0.031346 -0.994361 0.101314 0 0
  phy
    4 1.290809 3.004873 56.846511 -0.056183 -0.093055 -0.994075 0 0
    4 0.852800 1.919813 60.104266 0.702980 -0.356354 -0.615492 0 0
    4 2.316145 2.103556 58.244333 0.332921 -0.647851 -0.685167 0 0
  phy
    4 0.852800 1.919813 60.104266 0.702980 -0.356354 -0.615492 0 0
    4 1.290809 3.004873 56.846511 -0.056183 -0.093055 -0.994075 0 0
    4 -0.806716 1.919815 60.104271 0.698188 0.251177 -0.670406 0 0
  phy
    4 2.485122 1.178850 58.803874 0.435859 -0.815714 -0.380312 0 0
    4 2.316145 2.103556 58.244333 0.332921 -0.647851 -0.685167 0 0
    4 0.852800 1.919813 60.104266 0.702980 -0.356354 -0.615492 0 0
  phy
    4 0.852800 1.919813 60.104266 0.702980 -0.356354 -0.615492 0 0
    4 -0.806716 1.919815 60.104271 0.698188 0.251177 -0.670406 0 0
    4 1.420798 -0.189029 59.652122 0.960203 -0.157538 0.230634 0 0
  phy
    4 1.420798 -0.189029 59.652122 0.960203 -0.157538 0.230634 0 0
    4 2.897261 -0.144159 58.948398 0.522144 -0.851581 -0.046640 0 0
    4 0.852800 1.919813 60.104266 0.702980 -0.356354 -0.615492 0 0
  phy
    4 0.852800 1.919813 60.104266 0.702980 -0.356354 -0.615492 0 0
    4 2.897261 -0.144159 58.948398 0.522144 -0.851581 -0.046640 0 0
    4 2.485122 1.178850 58.803874 0.435859 -0.815714 -0.380312 0 0
  phy
    4 -2.225478 -2.342456 58.356734 0.709648 0.326368 0.624407 0 0
    4 -2.850698 -4.259532 54.583977 0.457396 0.400111 0.794166 0 0
    4 -1.160542 -3.410859 57.400805 0.511939 0.166427 0.842746 0 0
  phy
    4 -1.160542 -3.410859 57.400805 0.511939 0.166427 0.842746 0 0
    4 -2.850698 -4.259532 54.583977 0.457396 0.400111 0.794166 0 0
    4 -2.016209 -4.538853 54.454783 0.315101 0.094979 0.944294 0 0
  phy
    4 -1.160542 -3.410859 57.400805 0.511939 0.166427 0.842746 0 0
    4 0.023035 -2.612703 58.815115 0.829432 -0.003568 0.558596 0 0
    4 -2.225478 -2.342456 58.356734 0.709648 0.326368 0.624407 0 0
  phy
    4 -2.016209 -4.538853 54.454783 0.315101 0.094979 0.944294 0 0
    4 2.177702 -4.169135 56.419167 0.481555 -0.171561 0.859460 0 0
    4 -1.160542 -3.410859 57.400805 0.511939 0.166427 0.842746 0 0
  phy
    4 -1.160542 -3.410859 57.400805 0.511939 0.166427 0.842746 0 0
    4 2.177702 -4.169135 56.419167 0.481555 -0.171561 0.859460 0 0
    4 0.023035 -2.612703 58.815115 0.829432 -0.003568 0.558596 0 0
  phy
    4 2.062258 -4.538844 54.454816 0.202263 -0.056812 0.977682 0 0
    4 1.594431 -4.611817 53.765118 -0.200267 -0.052192 0.978350 0 0
    4 3.486358 -4.298984 53.653318 -0.143260 -0.658732 0.738613 0 0
  phy
    4 3.486358 -4.298984 53.653318 -0.143260 -0.658732 0.738613 0 0
    4 2.177702 -4.169135 56.419167 0.481555 -0.171561 0.859460 0 0
    4 2.062258 -4.538844 54.454816 0.202263 -0.056812 0.977682 0 0
  phy
    4 2.062258 -4.538844 54.454816 0.202263 -0.056812 0.977682 0 0
    4 2.177702 -4.169135 56.419167 0.481555 -0.171561 0.859460 0 0
    4 -2.016209 -4.538853 54.454783 0.315101 0.094979 0.944294 0 0
  phy
    4 3.544144 -0.549468 53.381812 -0.387548 -0.871755 -0.299749 0 0
    4 2.762190 0.412041 52.908248 -0.914858 -0.319814 -0.246484 0 0
    4 3.486021 0.541125 55.272688 -0.208744 -0.859143 -0.467226 0 0
  phy
    4 2.762190 0.412041 52.908248 -0.914858 -0.319814 -0.246484 0 0
    4 2.514024 2.634710 56.641390 -0.248716 -0.642610 -0.724702 0 0
    4 3.486021 0.541125 55.272688 -0.208744 -0.859143 -0.467226 0 0
  phy
    4 3.751655 -0.328442 54.616941 -0.163948 -0.955481 -0.245309 0 0
    4 3.544144 -0.549468 53.381812 -0.387548 -0.871755 -0.299749 0 0
    4 3.486021 0.541125 55.272688 -0.208744 -0.859143 -0.467226 0 0
  phy
    4 3.486021 0.541125 55.272688 -0.208744 -0.859143 -0.467226 0 0
    4 2.514024 2.634710 56.641390 -0.248716 -0.642610 -0.724702 0 0
    4 3.335267 0.901298 56.465437 0.191709 -0.923754 -0.331551 0 0
  phy
    4 -2.275659 -4.195130 53.220058 -0.611069 0.254826 0.749439 0 0
    4 -3.552339 -3.890577 53.702820 -0.283784 0.708968 0.645624 0 0
    4 -3.095958 -3.131367 52.755294 -0.984652 0.095713 0.145941 0 0
  phy
    4 -3.999453 -2.534785 54.593960 -0.021958 0.995484 0.092359 0 0
    4 -3.895590 -2.484207 55.464702 0.370835 0.904345 0.211286 0 0
    4 -3.908462 -1.571435 55.807887 0.262295 0.964986 -0.001726 0 0
  phy
    4 -3.895590 -2.484207 55.464702 0.370835 0.904345 0.211286 0 0
    4 -3.999453 -2.534785 54.593960 -0.021958 0.995484 0.092359 0 0
    4 -3.702559 -3.694653 54.659485 0.369642 0.743322 0.557528 0 0
  phy
    4 -3.702559 -3.694653 54.659485 0.369642 0.743322 0.557528 0 0
    4 -3.999453 -2.534785 54.593960 -0.021958 0.995484 0.092359 0 0
    4 -3.552339 -3.890577 53.702820 -0.283784 0.708968 0.645624 0 0
  phy
    4 -2.851182 -0.144162 58.948404 0.514431 0.852589 -0.091943 0 0
    4 -3.895590 -2.484207 55.464702 0.370835 0.904345 0.211286 0 0
    4 -2.770570 -2.084437 58.239180 0.590201 0.676315 0.440750 0 0
  phy
    4 -3.895590 -2.484207 55.464702 0.370835 0.904345 0.211286 0 0
    4 -2.851182 -0.144162 58.948404 0.514431 0.852589 -0.091943 0 0
    4 -3.908462 -1.571435 55.807887 0.262295 0.964986 -0.001726 0 0
  phy
    4 -3.895590 -2.484207 55.464702 0.370835 0.904345 0.211286 0 0
    4 -3.702559 -3.694653 54.659485 0.369642 0.743322 0.557528 0 0
    4 -2.770570 -2.084437 58.239180 0.590201 0.676315 0.440750 0 0
  phy
    4 -3.289147 0.901205 56.465597 0.188564 0.930161 -0.315031 0 0
    4 -3.234623 1.028863 55.731363 -0.224384 0.847077 -0.481781 0 0
    4 -3.694047 -0.060983 55.366728 -0.034513 0.940355 -0.338440 0 0
  phy
    4 -3.234623 1.028863 55.731363 -0.224384 0.847077 -0.481781 0 0
    4 -3.289147 0.901205 56.465597 0.188564 0.930161 -0.315031 0 0
    4 -2.467956 2.634709 56.641385 -0.170990 0.576888 -0.798726 0 0
  phy
    4 -3.498088 -0.549468 53.381819 -0.324687 0.896927 -0.300169 0 0
    4 -3.234623 1.028863 55.731363 -0.224384 0.847077 -0.481781 0 0
    4 -2.979893 0.022348 52.878340 -0.972169 0.184974 -0.143778 0 0
  phy
    4 -3.234623 1.028863 55.731363 -0.224384 0.847077 -0.481781 0 0
    4 -2.467956 2.634709 56.641385 -0.170990 0.576888 -0.798726 0 0
    4 -2.979893 0.022348 52.878340 -0.972169 0.184974 -0.143778 0 0
  phy
    4 -3.234623 1.028863 55.731363 -0.224384 0.847077 -0.481781 0 0
    4 -3.498088 -0.549468 53.381819 -0.324687 0.896927 -0.300169 0 0
    4 -3.706546 -0.333304 54.616919 -0.179473 0.935195 -0.305288 0 0
  phy
    4 -3.694047 -0.060983 55.366728 -0.034513 0.940355 -0.338440 0 0
    4 -3.234623 1.028863 55.731363 -0.224384 0.847077 -0.481781 0 0
    4 -3.706546 -0.333304 54.616919 -0.179473 0.935195 -0.305288 0 0
  phy
    4 1.695972 1.179287 53.083625 -0.627281 -0.048558 -0.777278 0 0
    4 -1.913678 0.789589 53.053716 -0.588621 0.175199 -0.789196 0 0
    4 -1.244742 3.004875 56.846512 -0.311433 0.091488 -0.945854 0 0
  phy
    4 -1.244742 3.004875 56.846512 -0.311433 0.091488 -0.945854 0 0
    4 -1.913678 0.789589 53.053716 -0.588621 0.175199 -0.789196 0 0
    4 -2.467956 2.634709 56.641385 -0.170990 0.576888 -0.798726 0 0
  phy
    4 -1.913678 0.789589 53.053716 -0.588621 0.175199 -0.789196 0 0
    4 1.695972 1.179287 53.083625 -0.627281 -0.048558 -0.777278 0 0
    4 -2.979893 0.022348 52.878340 -0.972169 0.184974 -0.143778 0 0
  phy
    4 -2.467956 2.634709 56.641385 -0.170990 0.576888 -0.798726 0 0
    4 -1.913678 0.789589 53.053716 -0.588621 0.175199 -0.789196 0 0
    4 -2.979893 0.022348 52.878340 -0.972169 0.184974 -0.143778 0 0
  phy
    4 3.699811 -2.381669 53.131828 -0.664761 -0.746162 0.036541 0 0
    4 3.949523 -2.161214 53.805602 -0.237612 -0.971320 -0.008833 0 0
    4 3.486358 -4.298984 53.653318 -0.143260 -0.658732 0.738613 0 0
  phy
    4 3.748621 -3.694647 54.659466 0.384413 -0.763070 0.519568 0 0
    4 2.177702 -4.169135 56.419167 0.481555 -0.171561 0.859460 0 0
    4 3.486358 -4.298984 53.653318 -0.143260 -0.658732 0.738613 0 0
  phy
    4 2.816739 -2.084501 58.239045 0.577935 -0.713344 0.396399 0 0
    4 2.897261 -0.144159 58.948398 0.522144 -0.851581 -0.046640 0 0
    4 1.420798 -0.189029 59.652122 0.960203 -0.157538 0.230634 0 0
  phy
    4 1.420798 -0.189029 59.652122 0.960203 -0.157538 0.230634 0 0
    4 2.200772 -2.283431 58.456265 0.804488 -0.268143 0.529998 0 0
    4 2.816739 -2.084501 58.239045 0.577935 -0.713344 0.396399 0 0
  phy
    4 3.941650 -2.484238 55.464683 0.370820 -0.904355 0.211270 0 0
    4 2.897261 -0.144159 58.948398 0.522144 -0.851581 -0.046640 0 0
    4 2.816739 -2.084501 58.239045 0.577935 -0.713344 0.396399 0 0
  phy
    4 2.816739 -2.084501 58.239045 0.577935 -0.713344 0.396399 0 0
    4 3.748621 -3.694647 54.659466 0.384413 -0.763070 0.519568 0 0
    4 3.941650 -2.484238 55.464683 0.370820 -0.904355 0.211270 0 0
  phy
    4 2.816739 -2.084501 58.239045 0.577935 -0.713344 0.396399 0 0
    4 2.177702 -4.169135 56.419167 0.481555 -0.171561 0.859460 0 0
    4 3.748621 -3.694647 54.659466 0.384413 -0.763070 0.519568 0 0
  phy
    4 2.816739 -2.084501 58.239045 0.577935 -0.713344 0.396399 0 0
    4 2.200772 -2.283431 58.456265 0.804488 -0.268143 0.529998 0 0
    4 2.177702 -4.169135 56.419167 0.481555 -0.171561 0.859460 0 0
  phy
    4 1.420798 -0.189029 59.652122 0.960203 -0.157538 0.230634 0 0
    4 -1.374715 -0.189030 59.652128 0.952309 0.179758 0.246564 0 0
    4 0.023035 -2.612703 58.815115 0.829432 -0.003568 0.558596 0 0
  phy
    4 1.420798 -0.189029 59.652122 0.960203 -0.157538 0.230634 0 0
    4 -0.806716 1.919815 60.104271 0.698188 0.251177 -0.670406 0 0
    4 -1.374715 -0.189030 59.652128 0.952309 0.179758 0.246564 0 0
  phy
    4 0.023035 -2.612703 58.815115 0.829432 -0.003568 0.558596 0 0
    4 2.200772 -2.283431 58.456265 0.804488 -0.268143 0.529998 0 0
    4 1.420798 -0.189029 59.652122 0.960203 -0.157538 0.230634 0 0
  phy
    4 -2.770570 -2.084437 58.239180 0.590201 0.676315 0.440750 0 0
    4 -2.850698 -4.259532 54.583977 0.457396 0.400111 0.794166 0 0
    4 -2.225478 -2.342456 58.356734 0.709648 0.326368 0.624407 0 0
  phy
    4 0.023035 -2.612703 58.815115 0.829432 -0.003568 0.558596 0 0
    4 -1.374715 -0.189030 59.652128 0.952309 0.179758 0.246564 0 0
    4 -2.225478 -2.342456 58.356734 0.709648 0.326368 0.624407 0 0
  phy
    4 -1.374715 -0.189030 59.652128 0.952309 0.179758 0.246564 0 0
    4 -2.770570 -2.084437 58.239180 0.590201 0.676315 0.440750 0 0
    4 -2.225478 -2.342456 58.356734 0.709648 0.326368 0.624407 0 0
  phy
    4 3.751655 -0.328442 54.616941 -0.163948 -0.955481 -0.245309 0 0
    4 3.949523 -2.161214 53.805602 -0.237612 -0.971320 -0.008833 0 0
    4 3.544144 -0.549468 53.381812 -0.387548 -0.871755 -0.299749 0 0
  phy
    4 3.335267 0.901298 56.465437 0.191709 -0.923754 -0.331551 0 0
    4 2.316145 2.103556 58.244333 0.332921 -0.647851 -0.685167 0 0
    4 2.485122 1.178850 58.803874 0.435859 -0.815714 -0.380312 0 0
  phy
    4 2.485122 1.178850 58.803874 0.435859 -0.815714 -0.380312 0 0
    4 2.897261 -0.144159 58.948398 0.522144 -0.851581 -0.046640 0 0
    4 3.335267 0.901298 56.465437 0.191709 -0.923754 -0.331551 0 0
  phy
    4 -3.095958 -3.131367 52.755294 -0.984652 0.095713 0.145941 0 0
    4 -3.653755 -2.381665 53.131843 -0.617255 0.785317 0.047672 0 0
    4 -2.979893 0.022348 52.878340 -0.972169 0.184974 -0.143778 0 0
  phy
    4 -3.095958 -3.131367 52.755294 -0.984652 0.095713 0.145941 0 0
    4 -3.552339 -3.890577 53.702820 -0.283784 0.708968 0.645624 0 0
    4 -3.653755 -2.381665 53.131843 -0.617255 0.785317 0.047672 0 0
  phy
    4 -3.552339 -3.890577 53.702820 -0.283784 0.708968 0.645624 0 0
    4 -2.850698 -4.259532 54.583977 0.457396 0.400111 0.794166 0 0
    4 -3.702559 -3.694653 54.659485 0.369642 0.743322 0.557528 0 0
  phy
    4 -3.702559 -3.694653 54.659485 0.369642 0.743322 0.557528 0 0
    4 -2.850698 -4.259532 54.583977 0.457396 0.400111 0.794166 0 0
    4 -2.770570 -2.084437 58.239180 0.590201 0.676315 0.440750 0 0
  phy
    4 3.544144 -0.549468 53.381812 -0.387548 -0.871755 -0.299749 0 0
    4 3.949523 -2.161214 53.805602 -0.237612 -0.971320 -0.008833 0 0
    4 3.699811 -2.381669 53.131828 -0.664761 -0.746162 0.036541 0 0
  phy
    4 3.544144 -0.549468 53.381812 -0.387548 -0.871755 -0.299749 0 0
    4 3.699811 -2.381669 53.131828 -0.664761 -0.746162 0.036541 0 0
    4 2.762190 0.412041 52.908248 -0.914858 -0.319814 -0.246484 0 0
  phy
    4 -3.498088 -0.549468 53.381819 -0.324687 0.896927 -0.300169 0 0
    4 -3.932905 -1.489505 54.604178 -0.131984 0.980549 -0.145270 0 0
    4 -3.706546 -0.333304 54.616919 -0.179473 0.935195 -0.305288 0 0
  phy
    4 -3.653755 -2.381665 53.131843 -0.617255 0.785317 0.047672 0 0
    4 -3.498088 -0.549468 53.381819 -0.324687 0.896927 -0.300169 0 0
    4 -2.979893 0.022348 52.878340 -0.972169 0.184974 -0.143778 0 0
  phy
    4 1.695972 1.179287 53.083625 -0.627281 -0.048558 -0.777278 0 0
    4 1.290809 3.004873 56.846511 -0.056183 -0.093055 -0.994075 0 0
    4 2.514024 2.634710 56.641390 -0.248716 -0.642610 -0.724702 0 0
  phy
    4 2.762190 0.412041 52.908248 -0.914858 -0.319814 -0.246484 0 0
    4 1.695972 1.179287 53.083625 -0.627281 -0.048558 -0.777278 0 0
    4 2.514024 2.634710 56.641390 -0.248716 -0.642610 -0.724702 0 0
  phy
    4 1.290809 3.004873 56.846511 -0.056183 -0.093055 -0.994075 0 0
    4 1.695972 1.179287 53.083625 -0.627281 -0.048558 -0.777278 0 0
    4 -1.244742 3.004875 56.846512 -0.311433 0.091488 -0.945854 0 0
  phy
    4 1.695972 1.179287 53.083625 -0.627281 -0.048558 -0.777278 0 0
    4 2.762190 0.412041 52.908248 -0.914858 -0.319814 -0.246484 0 0
    4 -2.979893 0.022348 52.878340 -0.972169 0.184974 -0.143778 0 0
  phy
    4 1.290809 3.004873 56.846511 -0.056183 -0.093055 -0.994075 0 0
    4 2.316145 2.103556 58.244333 0.332921 -0.647851 -0.685167 0 0
    4 2.514024 2.634710 56.641390 -0.248716 -0.642610 -0.724702 0 0
  phy
    4 1.290809 3.004873 56.846511 -0.056183 -0.093055 -0.994075 0 0
    4 -1.244742 3.004875 56.846512 -0.311433 0.091488 -0.945854 0 0
    4 -0.806716 1.919815 60.104271 0.698188 0.251177 -0.670406 0 0
  phy
    4 2.177702 -4.169135 56.419167 0.481555 -0.171561 0.859460 0 0
    4 2.200772 -2.283431 58.456265 0.804488 -0.268143 0.529998 0 0
    4 0.023035 -2.612703 58.815115 0.829432 -0.003568 0.558596 0 0
  phy
    4 3.335267 0.901298 56.465437 0.191709 -0.923754 -0.331551 0 0
    4 2.514024 2.634710 56.641390 -0.248716 -0.642610 -0.724702 0 0
    4 2.316145 2.103556 58.244333 0.332921 -0.647851 -0.685167 0 0
  phy
    4 -2.851182 -0.144162 58.948404 0.514431 0.852589 -0.091943 0 0
    4 -2.770570 -2.084437 58.239180 0.590201 0.676315 0.440750 0 0
    4 -1.374715 -0.189030 59.652128 0.952309 0.179758 0.246564 0 0
  phy
    4 -1.374715 -0.189030 59.652128 0.952309 0.179758 0.246564 0 0
    4 -0.806716 1.919815 60.104271 0.698188 0.251177 -0.670406 0 0
    4 -2.851182 -0.144162 58.948404 0.514431 0.852589 -0.091943 0 0
  phy
    4 -1.244742 3.004875 56.846512 -0.311433 0.091488 -0.945854 0 0
    4 -2.467956 2.634709 56.641385 -0.170990 0.576888 -0.798726 0 0
    4 -0.806716 1.919815 60.104271 0.698188 0.251177 -0.670406 0 0
  phy
    28 -1.168155 1.460202 56.446057 -0.230453 0.023252 -0.972806 0 0
    28 -3.737733 0.012849 56.168177 0.501141 0.397031 -0.768911 0 0
    28 -1.170657 2.264285 56.447967 -0.192912 -0.805871 -0.559783 0 0
  phy
    28 -3.737733 0.012849 56.168177 0.501141 0.397031 -0.768911 0 0
    28 -1.168155 1.460202 56.446057 -0.230453 0.023252 -0.972806 0 0
    28 -1.290563 -0.594567 56.550696 -0.150435 0.467646 -0.871020 0 0
  phy
    28 -1.168155 1.460202 56.446057 -0.230453 0.023252 -0.972806 0 0
    28 -1.028439 -0.202030 57.550370 -0.432630 0.777995 0.455581 0 0
    28 -1.290563 -0.594567 56.550696 -0.150435 0.467646 -0.871020 0 0
  phy
    28 -1.028439 -0.202030 57.550370 -0.432630 0.777995 0.455581 0 0
    28 -1.168155 1.460202 56.446057 -0.230453 0.023252 -0.972806 0 0
    28 -1.170657 2.264285 56.447967 -0.192912 -0.805871 -0.559783 0 0
  phy
    28 -0.951281 1.581418 58.235893 -0.308637 -0.742588 0.594396 0 0
    28 -0.948903 0.825954 58.234319 0.073465 0.367862 0.926974 0 0
    28 -1.028439 -0.202030 57.550370 -0.432630 0.777995 0.455581 0 0
  phy
    28 -0.951281 1.581418 58.235893 -0.308637 -0.742588 0.594396 0 0
    28 -1.028439 -0.202030 57.550370 -0.432630 0.777995 0.455581 0 0
    28 -1.170657 2.264285 56.447967 -0.192912 -0.805871 -0.559783 0 0
  phy
    28 -0.948903 0.825954 58.234319 0.073465 0.367862 0.926974 0 0
    28 -4.231640 0.994455 57.018511 0.267905 0.371854 0.888792 0 0
    28 -1.028439 -0.202030 57.550370 -0.432630 0.777995 0.455581 0 0
  phy
    28 -0.948903 0.825954 58.234319 0.073465 0.367862 0.926974 0 0
    28 -0.951281 1.581418 58.235893 -0.308637 -0.742588 0.594396 0 0
    28 -4.231640 0.994455 57.018511 0.267905 0.371854 0.888792 0 0
  phy
    28 -3.737733 0.012849 56.168177 0.501141 0.397031 -0.768911 0 0
    28 -4.042086 1.327807 56.694120 0.385472 -0.922642 -0.011941 0 0
    28 -1.170657 2.264285 56.447967 -0.192912 -0.805871 -0.559783 0 0
  phy
    28 -3.737733 0.012849 56.168177 0.501141 0.397031 -0.768911 0 0
    28 -4.231640 0.994455 57.018511 0.267905 0.371854 0.888792 0 0
    28 -4.042086 1.327807 56.694120 0.385472 -0.922642 -0.011941 0 0
  phy
    28 -4.042086 1.327807 56.694120 0.385472 -0.922642 -0.011941 0 0
    28 -0.951281 1.581418 58.235893 -0.308637 -0.742588 0.594396 0 0
    28 -1.170657 2.264285 56.447967 -0.192912 -0.805871 -0.559783 0 0
  phy
    28 -4.231640 0.994455 57.018511 0.267905 0.371854 0.888792 0 0
    28 -0.951281 1.581418 58.235893 -0.308637 -0.742588 0.594396 0 0
    28 -4.042086 1.327807 56.694120 0.385472 -0.922642 -0.011941 0 0
  phy
    28 -1.028439 -0.202030 57.550370 -0.432630 0.777995 0.455581 0 0
    28 -3.737733 0.012849 56.168177 0.501141 0.397031 -0.768911 0 0
    28 -1.290563 -0.594567 56.550696 -0.150435 0.467646 -0.871020 0 0
  phy
    28 -3.737733 0.012849 56.168177 0.501141 0.397031 -0.768911 0 0
    28 -1.028439 -0.202030 57.550370 -0.432630 0.777995 0.455581 0 0
    28 -4.231640 0.994455 57.018511 0.267905 0.371854 0.888792 0 0
  phy
    8 3.980042 1.327411 56.694344 0.385472 0.921124 0.054236 0 0
    8 3.675686 0.012452 56.168398 0.495448 -0.346508 -0.796532 0 0
    8 1.108616 2.263896 56.448196 -0.235168 0.558744 -0.795299 0 0
  phy
    8 3.980042 1.327411 56.694344 0.385472 0.921124 0.054236 0 0
    8 4.169598 0.994056 57.018734 0.229626 -0.445725 0.865217 0 0
    8 3.675686 0.012452 56.168398 0.495448 -0.346508 -0.796532 0 0
  phy
    8 3.980042 1.327411 56.694344 0.385472 0.921124 0.054236 0 0
    8 1.108616 2.263896 56.448196 -0.235168 0.558744 -0.795299 0 0
    8 0.889244 1.581027 58.236123 -0.202870 0.347258 0.915563 0 0
  phy
    8 3.980042 1.327411 56.694344 0.385472 0.921124 0.054236 0 0
    8 0.889244 1.581027 58.236123 -0.202870 0.347258 0.915563 0 0
    8 4.169598 0.994056 57.018734 0.229626 -0.445725 0.865217 0 0
  phy
    8 0.966396 -0.202425 57.550598 -0.347291 -0.742215 0.573154 0 0
    8 1.228516 -0.594958 56.550923 -0.181637 -0.259256 -0.948575 0 0
    8 3.675686 0.012452 56.168398 0.495448 -0.346508 -0.796532 0 0
  phy
    8 3.675686 0.012452 56.168398 0.495448 -0.346508 -0.796532 0 0
    8 4.169598 0.994056 57.018734 0.229626 -0.445725 0.865217 0 0
    8 0.966396 -0.202425 57.550598 -0.347291 -0.742215 0.573154 0 0
  phy
    8 0.966396 -0.202425 57.550598 -0.347291 -0.742215 0.573154 0 0
    8 1.108616 2.263896 56.448196 -0.235168 0.558744 -0.795299 0 0
    8 1.228516 -0.594958 56.550923 -0.181637 -0.259256 -0.948575 0 0
  phy
    8 1.108616 2.263896 56.448196 -0.235168 0.558744 -0.795299 0 0
    8 0.966396 -0.202425 57.550598 -0.347291 -0.742215 0.573154 0 0
    8 0.889244 1.581027 58.236123 -0.202870 0.347258 0.915563 0 0
  phy
    8 4.169598 0.994056 57.018734 0.229626 -0.445725 0.865217 0 0
    8 0.889244 1.581027 58.236123 -0.202870 0.347258 0.915563 0 0
    8 0.966396 -0.202425 57.550598 -0.347291 -0.742215 0.573154 0 0
  phy
    8 1.108616 2.263896 56.448196 -0.235168 0.558744 -0.795299 0 0
    8 3.675686 0.012452 56.168398 0.495448 -0.346508 -0.796532 0 0
    8 1.228516 -0.594958 56.550923 -0.181637 -0.259256 -0.948575 0 0
  phy
    9 5.377972 -0.557832 57.334786 -0.152602 -0.033342 -0.987725 0 0
    9 4.274412 -0.056531 58.418854 -0.838369 0.412545 -0.356293 0 0
    9 5.151554 1.984710 56.804997 -0.222074 0.954816 0.197508 0 0
  phy
    9 5.848034 -0.507562 56.833580 0.027787 0.920028 -0.390866 0 0
    9 5.377972 -0.557832 57.334786 -0.152602 -0.033342 -0.987725 0 0
    9 5.151554 1.984710 56.804997 -0.222074 0.954816 0.197508 0 0
  phy
    9 5.377972 -0.557832 57.334786 -0.152602 -0.033342 -0.987725 0 0
    9 5.027666 -0.033297 58.939934 -0.293490 -0.634354 -0.715164 0 0
    9 4.274412 -0.056531 58.418854 -0.838369 0.412545 -0.356293 0 0
  phy
    9 5.027666 -0.033297 58.939934 -0.293490 -0.634354 -0.715164 0 0
    9 5.377972 -0.557832 57.334786 -0.152602 -0.033342 -0.987725 0 0
    9 5.765915 0.007205 59.238224 0.082748 -0.592372 -0.801404 0 0
  phy
    9 5.377972 -0.557832 57.334786 -0.152602 -0.033342 -0.987725 0 0
    9 12.689523 0.134738 58.097942 0.207441 -0.197584 -0.958086 0 0
    9 5.765915 0.007205 59.238224 0.082748 -0.592372 -0.801404 0 0
  phy
    9 12.689523 0.134738 58.097942 0.207441 -0.197584 -0.958086 0 0
    9 5.377972 -0.557832 57.334786 -0.152602 -0.033342 -0.987725 0 0
    9 5.848034 -0.507562 56.833580 0.027787 0.920028 -0.390866 0 0
  phy
    9 5.027666 -0.033297 58.939934 -0.293490 -0.634354 -0.715164 0 0
    9 5.765915 0.007205 59.238224 0.082748 -0.592372 -0.801404 0 0
    9 5.681547 0.895499 59.630602 -0.011006 -0.997627 0.067969 0 0
  phy
    9 5.681547 0.895499 59.630602 -0.011006 -0.997627 0.067969 0 0
    9 4.079346 0.904727 58.947875 -0.793041 -0.608767 -0.022112 0 0
    9 5.027666 -0.033297 58.939934 -0.293490 -0.634354 -0.715164 0 0
  phy
    9 5.027666 -0.033297 58.939934 -0.293490 -0.634354 -0.715164 0 0
    9 4.079346 0.904727 58.947875 -0.793041 -0.608767 -0.022112 0 0
    9 4.274412 -0.056531 58.418854 -0.838369 0.412545 -0.356293 0 0
  phy
    9 5.681547 0.895499 59.630602 -0.011006 -0.997627 0.067969 0 0
    9 6.555884 1.796560 59.109844 0.044464 -0.616567 0.786046 0 0
    9 4.537280 1.603406 58.762094 -0.297327 -0.638756 0.709639 0 0
  phy
    9 4.537280 1.603406 58.762094 -0.297327 -0.638756 0.709639 0 0
    9 4.079346 0.904727 58.947875 -0.793041 -0.608767 -0.022112 0 0
    9 5.681547 0.895499 59.630602 -0.011006 -0.997627 0.067969 0 0
  phy
    9 4.537280 1.603406 58.762094 -0.297327 -0.638756 0.709639 0 0
    9 6.555884 1.796560 59.109844 0.044464 -0.616567 0.786046 0 0
    9 4.398858 2.091339 57.704991 -0.097974 0.016237 0.995057 0 0
  phy
    9 4.537280 1.603406 58.762094 -0.297327 -0.638756 0.709639 0 0
    9 4.398858 2.091339 57.704991 -0.097974 0.016237 0.995057 0 0
    9 4.079346 0.904727 58.947875 -0.793041 -0.608767 -0.022112 0 0
  phy
    9 5.765915 0.007205 59.238224 0.082748 -0.592372 -0.801404 0 0
    9 12.700998 0.912794 58.742994 0.260789 -0.960244 -0.099600 0 0
    9 5.681547 0.895499 59.630602 -0.011006 -0.997627 0.067969 0 0
  phy
    9 5.681547 0.895499 59.630602 -0.011006 -0.997627 0.067969 0 0
    9 12.700998 0.912794 58.742994 0.260789 -0.960244 -0.099600 0 0
    9 6.555884 1.796560 59.109844 0.044464 -0.616567 0.786046 0 0
  phy
    9 12.454614 0.509615 56.978152 0.199535 0.775197 -0.599379 0 0
    9 12.358400 1.506966 56.951707 0.174578 0.794107 0.582165 0 0
    9 12.689523 0.134738 58.097942 0.207441 -0.197584 -0.958086 0 0
  phy
    9 12.358400 1.506966 56.951707 0.174578 0.794107 0.582165 0 0
    9 12.700998 0.912794 58.742994 0.260789 -0.960244 -0.099600 0 0
    9 12.689523 0.134738 58.097942 0.207441 -0.197584 -0.958086 0 0
  phy
    9 12.454614 0.509615 56.978152 0.199535 0.775197 -0.599379 0 0
    9 12.689523 0.134738 58.097942 0.207441 -0.197584 -0.958086 0 0
    9 5.848034 -0.507562 56.833580 0.027787 0.920028 -0.390866 0 0
  phy
    9 12.689523 0.134738 58.097942 0.207441 -0.197584 -0.958086 0 0
    9 12.700998 0.912794 58.742994 0.260789 -0.960244 -0.099600 0 0
    9 5.765915 0.007205 59.238224 0.082748 -0.592372 -0.801404 0 0
  phy
    9 4.274412 -0.056531 58.418854 -0.838369 0.412545 -0.356293 0 0
    9 4.398858 2.091339 57.704991 -0.097974 0.016237 0.995057 0 0
    9 5.151554 1.984710 56.804997 -0.222074 0.954816 0.197508 0 0
  phy
    9 4.398858 2.091339 57.704991 -0.097974 0.016237 0.995057 0 0
    9 4.274412 -0.056531 58.418854 -0.838369 0.412545 -0.356293 0 0
    9 4.079346 0.904727 58.947875 -0.793041 -0.608767 -0.022112 0 0
  phy
    9 4.398858 2.091339 57.704991 -0.097974 0.016237 0.995057 0 0
    9 6.555884 1.796560 59.109844 0.044464 -0.616567 0.786046 0 0
    9 12.585756 1.554613 58.464556 0.116022 -0.180897 0.976635 0 0
  phy
    9 12.585756 1.554613 58.464556 0.116022 -0.180897 0.976635 0 0
    9 12.358400 1.506966 56.951707 0.174578 0.794107 0.582165 0 0
    9 4.398858 2.091339 57.704991 -0.097974 0.016237 0.995057 0 0
  phy
    9 6.555884 1.796560 59.109844 0.044464 -0.616567 0.786046 0 0
    9 12.700998 0.912794 58.742994 0.260789 -0.960244 -0.099600 0 0
    9 12.585756 1.554613 58.464556 0.116022 -0.180897 0.976635 0 0
  phy
    9 12.585756 1.554613 58.464556 0.116022 -0.180897 0.976635 0 0
    9 12.700998 0.912794 58.742994 0.260789 -0.960244 -0.099600 0 0
    9 12.358400 1.506966 56.951707 0.174578 0.794107 0.582165 0 0
  phy
    9 12.358400 1.506966 56.951707 0.174578 0.794107 0.582165 0 0
    9 5.151554 1.984710 56.804997 -0.222074 0.954816 0.197508 0 0
    9 4.398858 2.091339 57.704991 -0.097974 0.016237 0.995057 0 0
  phy
    9 12.358400 1.506966 56.951707 0.174578 0.794107 0.582165 0 0
    9 12.454614 0.509615 56.978152 0.199535 0.775197 -0.599379 0 0
    9 5.848034 -0.507562 56.833580 0.027787 0.920028 -0.390866 0 0
  phy
    9 12.358400 1.506966 56.951707 0.174578 0.794107 0.582165 0 0
    9 5.848034 -0.507562 56.833580 0.027787 0.920028 -0.390866 0 0
    9 5.151554 1.984710 56.804997 -0.222074 0.954816 0.197508 0 0
  phy
    10 21.317618 0.783286 58.495597 0.254703 -0.250566 -0.933993 0 0
    10 15.993615 -0.134326 58.265327 0.089920 -0.370833 -0.924336 0 0
    10 15.038218 -0.131774 57.319225 0.086870 0.314323 -0.945333 0 0
  phy
    10 21.271883 1.098903 57.402228 0.286085 0.944438 -0.161837 0 0
    10 21.317618 0.783286 58.495597 0.254703 -0.250566 -0.933993 0 0
    10 15.038218 -0.131774 57.319225 0.086870 0.314323 -0.945333 0 0
  phy
    10 21.271883 1.098903 57.402228 0.286085 0.944438 -0.161837 0 0
    10 21.329988 1.729184 58.537549 0.106730 -0.445128 0.889083 0 0
    10 21.317618 0.783286 58.495597 0.254703 -0.250566 -0.933993 0 0
  phy
    10 21.317618 0.783286 58.495597 0.254703 -0.250566 -0.933993 0 0
    10 17.453813 0.731616 58.885564 0.042541 -0.983167 -0.177687 0 0
    10 15.993615 -0.134326 58.265327 0.089920 -0.370833 -0.924336 0 0
  phy
    10 21.317618 0.783286 58.495597 0.254703 -0.250566 -0.933993 0 0
    10 21.329988 1.729184 58.537549 0.106730 -0.445128 0.889083 0 0
    10 17.453813 0.731616 58.885564 0.042541 -0.983167 -0.177687 0 0
  phy
    10 17.453813 0.731616 58.885564 0.042541 -0.983167 -0.177687 0 0
    10 13.088825 0.067800 58.707509 -0.240510 -0.662111 -0.709763 0 0
    10 15.993615 -0.134326 58.265327 0.089920 -0.370833 -0.924336 0 0
  phy
    10 15.993615 -0.134326 58.265327 0.089920 -0.370833 -0.924336 0 0
    10 13.088825 0.067800 58.707509 -0.240510 -0.662111 -0.709763 0 0
    10 15.038218 -0.131774 57.319225 0.086870 0.314323 -0.945333 0 0
  phy
    10 16.134304 1.101595 56.795129 0.081629 0.979072 0.186427 0 0
    10 16.212912 1.838856 57.235897 0.035381 0.241541 0.969745 0 0
    10 21.271883 1.098903 57.402228 0.286085 0.944438 -0.161837 0 0
  phy
    10 16.212912 1.838856 57.235897 0.035381 0.241541 0.969745 0 0
    10 16.134304 1.101595 56.795129 0.081629 0.979072 0.186427 0 0
    10 12.842137 1.680339 56.810126 -0.274075 0.685088 0.674935 0 0
  phy
    10 15.015553 0.387565 56.859729 0.063318 0.934163 -0.351185 0 0
    10 16.134304 1.101595 56.795129 0.081629 0.979072 0.186427 0 0
    10 21.271883 1.098903 57.402228 0.286085 0.944438 -0.161837 0 0
  phy
    10 16.134304 1.101595 56.795129 0.081629 0.979072 0.186427 0 0
    10 15.015553 0.387565 56.859729 0.063318 0.934163 -0.351185 0 0
    10 12.842137 1.680339 56.810126 -0.274075 0.685088 0.674935 0 0
  phy
    10 17.453813 0.731616 58.885564 0.042541 -0.983167 -0.177687 0 0
    10 13.007069 1.535313 58.820914 -0.225343 -0.628952 0.744070 0 0
    10 13.088825 0.067800 58.707509 -0.240510 -0.662111 -0.709763 0 0
  phy
    10 17.453813 0.731616 58.885564 0.042541 -0.983167 -0.177687 0 0
    10 21.329988 1.729184 58.537549 0.106730 -0.445128 0.889083 0 0
    10 13.007069 1.535313 58.820914 -0.225343 -0.628952 0.744070 0 0
  phy
    10 12.913973 0.263394 56.918801 -0.684351 0.440838 -0.580798 0 0
    10 13.088825 0.067800 58.707509 -0.240510 -0.662111 -0.709763 0 0
    10 13.007069 1.535313 58.820914 -0.225343 -0.628952 0.744070 0 0
  phy
    10 12.913973 0.263394 56.918801 -0.684351 0.440838 -0.580798 0 0
    10 13.007069 1.535313 58.820914 -0.225343 -0.628952 0.744070 0 0
    10 12.842137 1.680339 56.810126 -0.274075 0.685088 0.674935 0 0
  phy
    10 12.913973 0.263394 56.918801 -0.684351 0.440838 -0.580798 0 0
    10 15.015553 0.387565 56.859729 0.063318 0.934163 -0.351185 0 0
    10 15.038218 -0.131774 57.319225 0.086870 0.314323 -0.945333 0 0
  phy
    10 15.015553 0.387565 56.859729 0.063318 0.934163 -0.351185 0 0
    10 12.913973 0.263394 56.918801 -0.684351 0.440838 -0.580798 0 0
    10 12.842137 1.680339 56.810126 -0.274075 0.685088 0.674935 0 0
  phy
    10 13.088825 0.067800 58.707509 -0.240510 -0.662111 -0.709763 0 0
    10 12.913973 0.263394 56.918801 -0.684351 0.440838 -0.580798 0 0
    10 15.038218 -0.131774 57.319225 0.086870 0.314323 -0.945333 0 0
  phy
    10 15.015553 0.387565 56.859729 0.063318 0.934163 -0.351185 0 0
    10 21.271883 1.098903 57.402228 0.286085 0.944438 -0.161837 0 0
    10 15.038218 -0.131774 57.319225 0.086870 0.314323 -0.945333 0 0
  phy
    10 16.212912 1.838856 57.235897 0.035381 0.241541 0.969745 0 0
    10 21.329988 1.729184 58.537549 0.106730 -0.445128 0.889083 0 0
    10 21.271883 1.098903 57.402228 0.286085 0.944438 -0.161837 0 0
  phy
    10 13.007069 1.535313 58.820914 -0.225343 -0.628952 0.744070 0 0
    10 21.329988 1.729184 58.537549 0.106730 -0.445128 0.889083 0 0
    10 16.212912 1.838856 57.235897 0.035381 0.241541 0.969745 0 0
  phy
    10 16.212912 1.838856 57.235897 0.035381 0.241541 0.969745 0 0
    10 12.842137 1.680339 56.810126 -0.274075 0.685088 0.674935 0 0
    10 13.007069 1.535313 58.820914 -0.225343 -0.628952 0.744070 0 0
  phy
    11 24.735871 1.159153 59.135831 0.046785 0.061530 0.997008 0 0
    11 24.412436 0.226985 58.957729 -0.016997 -0.602229 0.798143 0 0
    11 27.674168 1.230640 58.802615 0.296022 -0.150687 0.943220 0 0
  phy
    11 24.735871 1.159153 59.135831 0.046785 0.061530 0.997008 0 0
    11 20.879981 1.549250 59.101779 -0.329521 0.062764 0.942060 0 0
    11 24.412436 0.226985 58.957729 -0.016997 -0.602229 0.798143 0 0
  phy
    11 27.674168 1.230640 58.802615 0.296022 -0.150687 0.943220 0 0
    11 24.145856 2.061814 58.856998 0.064348 0.682325 0.728212 0 0
    11 24.735871 1.159153 59.135831 0.046785 0.061530 0.997008 0 0
  phy
    11 24.145856 2.061814 58.856998 0.064348 0.682325 0.728212 0 0
    11 20.879981 1.549250 59.101779 -0.329521 0.062764 0.942060 0 0
    11 24.735871 1.159153 59.135831 0.046785 0.061530 0.997008 0 0
  phy
    11 24.412436 0.226985 58.957729 -0.016997 -0.602229 0.798143 0 0
    11 25.450239 -2.316461 56.548371 0.206841 -0.640530 -0.739553 0 0
    11 27.674168 1.230640 58.802615 0.296022 -0.150687 0.943220 0 0
  phy
    11 25.450239 -2.316461 56.548371 0.206841 -0.640530 -0.739553 0 0
    11 28.782019 1.307468 58.184065 0.789811 -0.111938 -0.603049 0 0
    11 27.674168 1.230640 58.802615 0.296022 -0.150687 0.943220 0 0
  phy
    11 24.145856 2.061814 58.856998 0.064348 0.682325 0.728212 0 0
    11 27.674168 1.230640 58.802615 0.296022 -0.150687 0.943220 0 0
    11 26.817711 2.826800 57.384633 0.264450 0.578110 -0.771916 0 0
  phy
    11 26.817711 2.826800 57.384633 0.264450 0.578110 -0.771916 0 0
    11 27.674168 1.230640 58.802615 0.296022 -0.150687 0.943220 0 0
    11 28.782019 1.307468 58.184065 0.789811 -0.111938 -0.603049 0 0
  phy
    11 22.082065 1.857317 56.721261 0.018986 0.267149 -0.963468 0 0
    11 21.253553 1.071863 56.775325 -0.389775 -0.203553 -0.898132 0 0
    11 20.609453 2.291526 57.604833 -0.876181 0.382849 -0.292802 0 0
  phy
    11 21.253553 1.071863 56.775325 -0.389775 -0.203553 -0.898132 0 0
    11 20.784665 -0.161793 57.741931 -0.529118 -0.780511 0.332920 0 0
    11 20.609453 2.291526 57.604833 -0.876181 0.382849 -0.292802 0 0
  phy
    11 21.253553 1.071863 56.775325 -0.389775 -0.203553 -0.898132 0 0
    11 22.082065 1.857317 56.721261 0.018986 0.267149 -0.963468 0 0
    11 25.450239 -2.316461 56.548371 0.206841 -0.640530 -0.739553 0 0
  phy
    11 20.784665 -0.161793 57.741931 -0.529118 -0.780511 0.332920 0 0
    11 21.253553 1.071863 56.775325 -0.389775 -0.203553 -0.898132 0 0
    11 25.450239 -2.316461 56.548371 0.206841 -0.640530 -0.739553 0 0
  phy
    11 21.885817 2.862082 57.789840 -0.093826 0.987475 0.126842 0 0
    11 24.145856 2.061814 58.856998 0.064348 0.682325 0.728212 0 0
    11 26.817711 2.826800 57.384633 0.264450 0.578110 -0.771916 0 0
  phy
    11 24.145856 2.061814 58.856998 0.064348 0.682325 0.728212 0 0
    11 21.885817 2.862082 57.789840 -0.093826 0.987475 0.126842 0 0
    11 20.879981 1.549250 59.101779 -0.329521 0.062764 0.942060 0 0
  phy
    11 22.082065 1.857317 56.721261 0.018986 0.267149 -0.963468 0 0
    11 21.885817 2.862082 57.789840 -0.093826 0.987475 0.126842 0 0
    11 26.817711 2.826800 57.384633 0.264450 0.578110 -0.771916 0 0
  phy
    11 21.885817 2.862082 57.789840 -0.093826 0.987475 0.126842 0 0
    11 22.082065 1.857317 56.721261 0.018986 0.267149 -0.963468 0 0
    11 20.609453 2.291526 57.604833 -0.876181 0.382849 -0.292802 0 0
  phy
    11 20.879981 1.549250 59.101779 -0.329521 0.062764 0.942060 0 0
    11 21.885817 2.862082 57.789840 -0.093826 0.987475 0.126842 0 0
    11 20.609453 2.291526 57.604833 -0.876181 0.382849 -0.292802 0 0
  phy
    11 22.082065 1.857317 56.721261 0.018986 0.267149 -0.963468 0 0
    11 26.817711 2.826800 57.384633 0.264450 0.578110 -0.771916 0 0
    11 25.450239 -2.316461 56.548371 0.206841 -0.640530 -0.739553 0 0
  phy
    11 24.412436 0.226985 58.957729 -0.016997 -0.602229 0.798143 0 0
    11 20.879981 1.549250 59.101779 -0.329521 0.062764 0.942060 0 0
    11 20.784665 -0.161793 57.741931 -0.529118 -0.780511 0.332920 0 0
  phy
    11 20.784665 -0.161793 57.741931 -0.529118 -0.780511 0.332920 0 0
    11 25.450239 -2.316461 56.548371 0.206841 -0.640530 -0.739553 0 0
    11 24.412436 0.226985 58.957729 -0.016997 -0.602229 0.798143 0 0
  phy
    11 25.450239 -2.316461 56.548371 0.206841 -0.640530 -0.739553 0 0
    11 26.817711 2.826800 57.384633 0.264450 0.578110 -0.771916 0 0
    11 28.782019 1.307468 58.184065 0.789811 -0.111938 -0.603049 0 0
  phy
    11 20.784665 -0.161793 57.741931 -0.529118 -0.780511 0.332920 0 0
    11 20.879981 1.549250 59.101779 -0.329521 0.062764 0.942060 0 0
    11 20.609453 2.291526 57.604833 -0.876181 0.382849 -0.292802 0 0
  phy
    29 -6.589889 1.985931 59.052341 0.009688 0.516505 0.856230 0 0
    29 -4.581810 1.792526 58.648341 -0.315172 0.630485 0.709334 0 0
    29 -4.472831 2.280844 57.587970 -0.097684 -0.018580 0.995044 0 0
  phy
    29 -4.472831 2.280844 57.587970 -0.097684 -0.018580 0.995044 0 0
    29 -12.635454 1.745399 58.575426 0.173415 0.360532 0.916485 0 0
    29 -6.589889 1.985931 59.052341 0.009688 0.516505 0.856230 0 0
  phy
    29 -6.589889 1.985931 59.052341 0.009688 0.516505 0.856230 0 0
    29 -5.701547 1.084497 59.548157 -0.014246 0.990550 0.136408 0 0
    29 -4.581810 1.792526 58.648341 -0.315172 0.630485 0.709334 0 0
  phy
    29 -5.701547 1.084497 59.548157 -0.014246 0.990550 0.136408 0 0
    29 -6.589889 1.985931 59.052341 0.009688 0.516505 0.856230 0 0
    29 -12.635454 1.745399 58.575426 0.173415 0.360532 0.916485 0 0
  phy
    29 -5.067380 0.155844 58.839157 -0.310924 0.625643 -0.715470 0 0
    29 -5.701547 1.084497 59.548157 -0.014246 0.990550 0.136408 0 0
    29 -5.797010 0.196375 59.157940 0.066355 0.594137 -0.801622 0 0
  phy
    29 -5.701547 1.084497 59.548157 -0.014246 0.990550 0.136408 0 0
    29 -5.067380 0.155844 58.839157 -0.310924 0.625643 -0.715470 0 0
    29 -4.119015 1.093686 58.821006 -0.809709 0.586400 -0.022503 0 0
  phy
    29 -12.743008 1.103494 58.856723 0.147277 0.944024 -0.295174 0 0
    29 -5.701547 1.084497 59.548157 -0.014246 0.990550 0.136408 0 0
    29 -12.635454 1.745399 58.575426 0.173415 0.360532 0.916485 0 0
  phy
    29 -4.581810 1.792526 58.648341 -0.315172 0.630485 0.709334 0 0
    29 -5.701547 1.084497 59.548157 -0.014246 0.990550 0.136408 0 0
    29 -4.119015 1.093686 58.821006 -0.809709 0.586400 -0.022503 0 0
  phy
    29 -5.701547 1.084497 59.548157 -0.014246 0.990550 0.136408 0 0
    29 -12.743008 1.103494 58.856723 0.147277 0.944024 -0.295174 0 0
    29 -5.797010 0.196375 59.157940 0.066355 0.594137 -0.801622 0 0
  phy
    29 -5.067380 0.155844 58.839157 -0.310924 0.625643 -0.715470 0 0
    29 -4.328955 0.132674 58.297260 -0.826462 -0.435908 -0.356294 0 0
    29 -4.119015 1.093686 58.821006 -0.809709 0.586400 -0.022503 0 0
  phy
    29 -5.067380 0.155844 58.839157 -0.310924 0.625643 -0.715470 0 0
    29 -5.462437 -0.367990 57.244198 -0.153270 0.028694 -0.987768 0 0
    29 -4.328955 0.132674 58.297260 -0.826462 -0.435908 -0.356294 0 0
  phy
    29 -5.462437 -0.367990 57.244198 -0.153270 0.028694 -0.987768 0 0
    29 -5.067380 0.155844 58.839157 -0.310924 0.625643 -0.715470 0 0
    29 -5.797010 0.196375 59.157940 0.066355 0.594137 -0.801622 0 0
  phy
    29 -4.472831 2.280844 57.587970 -0.097684 -0.018580 0.995044 0 0
    29 -4.328955 0.132674 58.297260 -0.826462 -0.435908 -0.356294 0 0
    29 -5.250365 2.174714 56.709289 -0.195393 -0.960563 0.197838 0 0
  phy
    29 -4.328955 0.132674 58.297260 -0.826462 -0.435908 -0.356294 0 0
    29 -4.472831 2.280844 57.587970 -0.097684 -0.018580 0.995044 0 0
    29 -4.119015 1.093686 58.821006 -0.809709 0.586400 -0.022503 0 0
  phy
    29 -4.472831 2.280844 57.587970 -0.097684 -0.018580 0.995044 0 0
    29 -4.581810 1.792526 58.648341 -0.315172 0.630485 0.709334 0 0
    29 -4.119015 1.093686 58.821006 -0.809709 0.586400 -0.022503 0 0
  phy
    29 -12.450409 1.698300 57.056806 0.178323 -0.791688 0.584320 0 0
    29 -12.635454 1.745399 58.575426 0.173415 0.360532 0.916485 0 0
    29 -4.472831 2.280844 57.587970 -0.097684 -0.018580 0.995044 0 0
  phy
    29 -4.472831 2.280844 57.587970 -0.097684 -0.018580 0.995044 0 0
    29 -5.250365 2.174714 56.709289 -0.195393 -0.960563 0.197838 0 0
    29 -12.450409 1.698300 57.056806 0.178323 -0.791688 0.584320 0 0
  phy
    29 -12.546053 0.700956 57.085539 0.221210 -0.769542 -0.599059 0 0
    29 -12.749709 0.325732 58.211335 0.233831 0.198314 -0.951838 0 0
    29 -12.450409 1.698300 57.056806 0.178323 -0.791688 0.584320 0 0
  phy
    29 -12.450409 1.698300 57.056806 0.178323 -0.791688 0.584320 0 0
    29 -12.749709 0.325732 58.211335 0.233831 0.198314 -0.951838 0 0
    29 -12.635454 1.745399 58.575426 0.173415 0.360532 0.916485 0 0
  phy
    29 -12.450409 1.698300 57.056806 0.178323 -0.791688 0.584320 0 0
    29 -5.946287 -0.317442 56.756322 0.053521 -0.919041 -0.390510 0 0
    29 -12.546053 0.700956 57.085539 0.221210 -0.769542 -0.599059 0 0
  phy
    29 -12.450409 1.698300 57.056806 0.178323 -0.791688 0.584320 0 0
    29 -5.250365 2.174714 56.709289 -0.195393 -0.960563 0.197838 0 0
    29 -5.946287 -0.317442 56.756322 0.053521 -0.919041 -0.390510 0 0
  phy
    29 -5.797010 0.196375 59.157940 0.066355 0.594137 -0.801622 0 0
    29 -12.743008 1.103494 58.856723 0.147277 0.944024 -0.295174 0 0
    29 -12.749709 0.325732 58.211335 0.233831 0.198314 -0.951838 0 0
  phy
    29 -12.635454 1.745399 58.575426 0.173415 0.360532 0.916485 0 0
    29 -12.749709 0.325732 58.211335 0.233831 0.198314 -0.951838 0 0
    29 -12.743008 1.103494 58.856723 0.147277 0.944024 -0.295174 0 0
  phy
    29 -4.328955 0.132674 58.297260 -0.826462 -0.435908 -0.356294 0 0
    29 -5.462437 -0.367990 57.244198 -0.153270 0.028694 -0.987768 0 0
    29 -5.250365 2.174714 56.709289 -0.195393 -0.960563 0.197838 0 0
  phy
    29 -5.946287 -0.317442 56.756322 0.053521 -0.919041 -0.390510 0 0
    29 -5.250365 2.174714 56.709289 -0.195393 -0.960563 0.197838 0 0
    29 -5.462437 -0.367990 57.244198 -0.153270 0.028694 -0.987768 0 0
  phy
    29 -5.462437 -0.367990 57.244198 -0.153270 0.028694 -0.987768 0 0
    29 -5.797010 0.196375 59.157940 0.066355 0.594137 -0.801622 0 0
    29 -12.749709 0.325732 58.211335 0.233831 0.198314 -0.951838 0 0
  phy
    29 -5.946287 -0.317442 56.756322 0.053521 -0.919041 -0.390510 0 0
    29 -5.462437 -0.367990 57.244198 -0.153270 0.028694 -0.987768 0 0
    29 -12.749709 0.325732 58.211335 0.233831 0.198314 -0.951838 0 0
  phy
    29 -12.546053 0.700956 57.085539 0.221210 -0.769542 -0.599059 0 0
    29 -5.946287 -0.317442 56.756322 0.053521 -0.919041 -0.390510 0 0
    29 -12.749709 0.325732 58.211335 0.233831 0.198314 -0.951838 0 0
  phy
    30 -16.157269 0.066604 58.214120 0.067355 0.368833 -0.927052 0 0
    30 -21.517301 0.779299 58.256479 0.227331 0.242886 -0.943041 0 0
    30 -15.170079 0.105672 57.302052 0.039493 -0.315763 -0.948016 0 0
  phy
    30 -21.517301 0.779299 58.256479 0.227331 0.242886 -0.943041 0 0
    30 -21.445415 1.096281 57.164919 0.246396 -0.953633 -0.172836 0 0
    30 -15.170079 0.105672 57.302052 0.039493 -0.315763 -0.948016 0 0
  phy
    30 -21.517301 0.779299 58.256479 0.227331 0.242886 -0.943041 0 0
    30 -21.567394 1.724030 58.296568 0.156273 0.439793 0.884399 0 0
    30 -21.445415 1.096281 57.164919 0.246396 -0.953633 -0.172836 0 0
  phy
    30 -21.517301 0.779299 58.256479 0.227331 0.242886 -0.943041 0 0
    30 -16.157269 0.066604 58.214120 0.067355 0.368833 -0.927052 0 0
    30 -17.670393 0.875968 58.781567 0.070126 0.981338 -0.179048 0 0
  phy
    30 -21.517301 0.779299 58.256479 0.227331 0.242886 -0.943041 0 0
    30 -17.670393 0.875968 58.781567 0.070126 0.981338 -0.179048 0 0
    30 -21.567394 1.724030 58.296568 0.156273 0.439793 0.884399 0 0
  phy
    30 -17.670393 0.875968 58.781567 0.070126 0.981338 -0.179048 0 0
    30 -16.157269 0.066604 58.214120 0.067355 0.368833 -0.927052 0 0
    30 -13.279619 0.380091 58.757427 -0.244194 0.671181 -0.699918 0 0
  phy
    30 -13.279619 0.380091 58.757427 -0.244194 0.671181 -0.699918 0 0
    30 -16.157269 0.066604 58.214120 0.067355 0.368833 -0.927052 0 0
    30 -15.170079 0.105672 57.302052 0.039493 -0.315763 -0.948016 0 0
  phy
    30 -16.293613 1.296000 56.738068 0.054355 -0.981607 0.183014 0 0
    30 -21.445415 1.096281 57.164919 0.246396 -0.953633 -0.172836 0 0
    30 -16.415831 2.029762 57.174706 0.064049 -0.244076 0.967639 0 0
  phy
    30 -16.415831 2.029762 57.174706 0.064049 -0.244076 0.967639 0 0
    30 -13.028598 2.000635 56.867457 -0.271835 -0.676076 0.684855 0 0
    30 -16.293613 1.296000 56.738068 0.054355 -0.981607 0.183014 0 0
  phy
    30 -15.151253 0.625433 56.842854 0.017030 -0.935283 -0.353491 0 0
    30 -21.445415 1.096281 57.164919 0.246396 -0.953633 -0.172836 0 0
    30 -16.293613 1.296000 56.738068 0.054355 -0.981607 0.183014 0 0
  phy
    30 -16.293613 1.296000 56.738068 0.054355 -0.981607 0.183014 0 0
    30 -13.028598 2.000635 56.867457 -0.271835 -0.676076 0.684855 0 0
    30 -15.151253 0.625433 56.842854 0.017030 -0.935283 -0.353491 0 0
  phy
    30 -17.670393 0.875968 58.781567 0.070126 0.981338 -0.179048 0 0
    30 -13.279619 0.380091 58.757427 -0.244194 0.671181 -0.699918 0 0
    30 -13.258213 1.849677 58.871448 -0.174468 0.635346 0.752261 0 0
  phy
    30 -17.670393 0.875968 58.781567 0.070126 0.981338 -0.179048 0 0
    30 -13.258213 1.849677 58.871448 -0.174468 0.635346 0.752261 0 0
    30 -21.567394 1.724030 58.296568 0.156273 0.439793 0.884399 0 0
  phy
    30 -13.279619 0.380091 58.757427 -0.244194 0.671181 -0.699918 0 0
    30 -13.049820 0.581993 56.975658 -0.721144 -0.415742 -0.554176 0 0
    30 -13.258213 1.849677 58.871448 -0.174468 0.635346 0.752261 0 0
  phy
    30 -13.258213 1.849677 58.871448 -0.174468 0.635346 0.752261 0 0
    30 -13.049820 0.581993 56.975658 -0.721144 -0.415742 -0.554176 0 0
    30 -13.028598 2.000635 56.867457 -0.271835 -0.676076 0.684855 0 0
  phy
    30 -13.049820 0.581993 56.975658 -0.721144 -0.415742 -0.554176 0 0
    30 -15.170079 0.105672 57.302052 0.039493 -0.315763 -0.948016 0 0
    30 -15.151253 0.625433 56.842854 0.017030 -0.935283 -0.353491 0 0
  phy
    30 -15.151253 0.625433 56.842854 0.017030 -0.935283 -0.353491 0 0
    30 -13.028598 2.000635 56.867457 -0.271835 -0.676076 0.684855 0 0
    30 -13.049820 0.581993 56.975658 -0.721144 -0.415742 -0.554176 0 0
  phy
    30 -13.049820 0.581993 56.975658 -0.721144 -0.415742 -0.554176 0 0
    30 -13.279619 0.380091 58.757427 -0.244194 0.671181 -0.699918 0 0
    30 -15.170079 0.105672 57.302052 0.039493 -0.315763 -0.948016 0 0
  phy
    30 -15.151253 0.625433 56.842854 0.017030 -0.935283 -0.353491 0 0
    30 -15.170079 0.105672 57.302052 0.039493 -0.315763 -0.948016 0 0
    30 -21.445415 1.096281 57.164919 0.246396 -0.953633 -0.172836 0 0
  phy
    30 -21.445415 1.096281 57.164919 0.246396 -0.953633 -0.172836 0 0
    30 -21.567394 1.724030 58.296568 0.156273 0.439793 0.884399 0 0
    30 -16.415831 2.029762 57.174706 0.064049 -0.244076 0.967639 0 0
  phy
    30 -16.415831 2.029762 57.174706 0.064049 -0.244076 0.967639 0 0
    30 -21.567394 1.724030 58.296568 0.156273 0.439793 0.884399 0 0
    30 -13.258213 1.849677 58.871448 -0.174468 0.635346 0.752261 0 0
  phy
    30 -13.258213 1.849677 58.871448 -0.174468 0.635346 0.752261 0 0
    30 -13.028598 2.000635 56.867457 -0.271835 -0.676076 0.684855 0 0
    30 -16.415831 2.029762 57.174706 0.064049 -0.244076 0.967639 0 0
  phy
    31 -21.848367 2.767907 57.682491 -0.096164 -0.986080 0.135639 0 0
    31 -24.384816 1.846125 58.830374 0.063601 -0.657161 0.751062 0 0
    31 -20.719511 1.255709 59.093644 -0.317306 -0.058886 0.946493 0 0
  phy
    31 -20.719511 1.255709 59.093644 -0.317306 -0.058886 0.946493 0 0
    31 -20.415905 2.110703 57.483490 -0.876103 -0.372990 -0.305486 0 0
    31 -21.848367 2.767907 57.682491 -0.096164 -0.986080 0.135639 0 0
  phy
    31 -20.719511 1.255709 59.093644 -0.317306 -0.058886 0.946493 0 0
    31 -24.384816 1.846125 58.830374 0.063601 -0.657161 0.751062 0 0
    31 -25.046997 0.806389 59.130290 0.044850 -0.057478 0.997339 0 0
  phy
    31 -20.719511 1.255709 59.093644 -0.317306 -0.058886 0.946493 0 0
    31 -20.612554 -0.715170 57.630954 -0.494463 0.831632 0.252773 0 0
    31 -20.415905 2.110703 57.483490 -0.876103 -0.372990 -0.305486 0 0
  phy
    31 -25.046997 0.806389 59.130290 0.044850 -0.057478 0.997339 0 0
    31 -24.684009 -0.267334 58.938724 0.007036 0.656085 0.754654 0 0
    31 -20.719511 1.255709 59.093644 -0.317306 -0.058886 0.946493 0 0
  phy
    31 -20.719511 1.255709 59.093644 -0.317306 -0.058886 0.946493 0 0
    31 -24.684009 -0.267334 58.938724 0.007036 0.656085 0.754654 0 0
    31 -20.612554 -0.715170 57.630954 -0.494463 0.831632 0.252773 0 0
  phy
    31 -21.848367 2.767907 57.682491 -0.096164 -0.986080 0.135639 0 0
    31 -22.068626 1.610567 56.533117 0.005707 -0.285442 -0.958379 0 0
    31 -27.383453 2.727291 57.246679 0.260333 -0.634136 -0.728078 0 0
  phy
    31 -22.068626 1.610567 56.533117 0.005707 -0.285442 -0.958379 0 0
    31 -21.848367 2.767907 57.682491 -0.096164 -0.986080 0.135639 0 0
    31 -20.415905 2.110703 57.483490 -0.876103 -0.372990 -0.305486 0 0
  phy
    31 -21.848367 2.767907 57.682491 -0.096164 -0.986080 0.135639 0 0
    31 -27.383453 2.727291 57.246679 0.260333 -0.634136 -0.728078 0 0
    31 -24.384816 1.846125 58.830374 0.063601 -0.657161 0.751062 0 0
  phy
    31 -24.684009 -0.267334 58.938724 0.007036 0.656085 0.754654 0 0
    31 -28.344662 0.888748 58.771900 0.303986 0.164735 0.938326 0 0
    31 -25.848760 -2.196403 56.347174 0.204037 0.615621 -0.761170 0 0
  phy
    31 -25.848760 -2.196403 56.347174 0.204037 0.615621 -0.761170 0 0
    31 -28.344662 0.888748 58.771900 0.303986 0.164735 0.938326 0 0
    31 -29.588011 0.977246 58.106579 0.765711 0.123347 -0.631246 0 0
  phy
    31 -28.344662 0.888748 58.771900 0.303986 0.164735 0.938326 0 0
    31 -24.684009 -0.267334 58.938724 0.007036 0.656085 0.754654 0 0
    31 -25.046997 0.806389 59.130290 0.044850 -0.057478 0.997339 0 0
  phy
    31 -25.046997 0.806389 59.130290 0.044850 -0.057478 0.997339 0 0
    31 -24.384816 1.846125 58.830374 0.063601 -0.657161 0.751062 0 0
    31 -28.344662 0.888748 58.771900 0.303986 0.164735 0.938326 0 0
  phy
    31 -24.384816 1.846125 58.830374 0.063601 -0.657161 0.751062 0 0
    31 -27.383453 2.727291 57.246679 0.260333 -0.634136 -0.728078 0 0
    31 -28.344662 0.888748 58.771900 0.303986 0.164735 0.938326 0 0
  phy
    31 -27.383453 2.727291 57.246679 0.260333 -0.634136 -0.728078 0 0
    31 -29.588011 0.977246 58.106579 0.765711 0.123347 -0.631246 0 0
    31 -28.344662 0.888748 58.771900 0.303986 0.164735 0.938326 0 0
  phy
    31 -21.138787 0.705828 56.591265 -0.355319 0.207746 -0.911367 0 0
    31 -22.068626 1.610567 56.533117 0.005707 -0.285442 -0.958379 0 0
    31 -20.415905 2.110703 57.483490 -0.876103 -0.372990 -0.305486 0 0
  phy
    31 -20.612554 -0.715170 57.630954 -0.494463 0.831632 0.252773 0 0
    31 -21.138787 0.705828 56.591265 -0.355319 0.207746 -0.911367 0 0
    31 -20.415905 2.110703 57.483490 -0.876103 -0.372990 -0.305486 0 0
  phy
    31 -22.068626 1.610567 56.533117 0.005707 -0.285442 -0.958379 0 0
    31 -21.138787 0.705828 56.591265 -0.355319 0.207746 -0.911367 0 0
    31 -25.848760 -2.196403 56.347174 0.204037 0.615621 -0.761170 0 0
  phy
    31 -21.138787 0.705828 56.591265 -0.355319 0.207746 -0.911367 0 0
    31 -20.612554 -0.715170 57.630954 -0.494463 0.831632 0.252773 0 0
    31 -25.848760 -2.196403 56.347174 0.204037 0.615621 -0.761170 0 0
  phy
    31 -27.383453 2.727291 57.246679 0.260333 -0.634136 -0.728078 0 0
    31 -22.068626 1.610567 56.533117 0.005707 -0.285442 -0.958379 0 0
    31 -25.848760 -2.196403 56.347174 0.204037 0.615621 -0.761170 0 0
  phy
    31 -27.383453 2.727291 57.246679 0.260333 -0.634136 -0.728078 0 0
    31 -25.848760 -2.196403 56.347174 0.204037 0.615621 -0.761170 0 0
    31 -29.588011 0.977246 58.106579 0.765711 0.123347 -0.631246 0 0
  phy
    31 -20.612554 -0.715170 57.630954 -0.494463 0.831632 0.252773 0 0
    31 -24.684009 -0.267334 58.938724 0.007036 0.656085 0.754654 0 0
    31 -25.848760 -2.196403 56.347174 0.204037 0.615621 -0.761170 0 0
  phy
    6 1.495417 -1.083775 69.360961 0.937320 0.263951 -0.227512 0 0
    6 -0.012661 -0.576601 69.720187 0.996222 -0.000005 -0.086838 0 0
    6 1.135750 -1.562661 69.228777 0.943813 0.168423 -0.284343 0 0
  phy
    6 1.135750 -1.562661 69.228777 0.943813 0.168423 -0.284343 0 0
    6 -0.012661 -0.576601 69.720187 0.996222 -0.000005 -0.086838 0 0
    6 0.612401 -1.868719 69.135608 0.919058 0.070201 -0.387820 0 0
  phy
    6 1.135750 -1.562661 69.228777 0.943813 0.168423 -0.284343 0 0
    6 1.844570 -2.262676 68.518373 0.765233 0.369523 -0.527134 0 0
    6 1.495417 -1.083775 69.360961 0.937320 0.263951 -0.227512 0 0
  phy
    6 0.612401 -1.868719 69.135608 0.919058 0.070201 -0.387820 0 0
    6 1.844570 -2.262676 68.518373 0.765233 0.369523 -0.527134 0 0
    6 1.135750 -1.562661 69.228777 0.943813 0.168423 -0.284343 0 0
  phy
    6 -0.637640 -1.868687 69.135609 0.918649 -0.070471 -0.388739 0 0
    6 -0.012661 -0.576601 69.720187 0.996222 -0.000005 -0.086838 0 0
    6 -1.167555 -1.553965 69.231190 0.943161 -0.169747 -0.285716 0 0
  phy
    6 -1.167555 -1.553965 69.231190 0.943161 -0.169747 -0.285716 0 0
    6 -0.012661 -0.576601 69.720187 0.996222 -0.000005 -0.086838 0 0
    6 -1.520475 -1.083628 69.361056 0.935461 -0.268746 -0.229540 0 0
  phy
    6 -1.167555 -1.553965 69.231190 0.943161 -0.169747 -0.285716 0 0
    6 -1.819739 -2.267636 68.519178 0.756608 -0.374405 -0.536064 0 0
    6 -0.637640 -1.868687 69.135609 0.918649 -0.070471 -0.388739 0 0
  phy
    6 -1.167555 -1.553965 69.231190 0.943161 -0.169747 -0.285716 0 0
    6 -1.520475 -1.083628 69.361056 0.935461 -0.268746 -0.229540 0 0
    6 -1.819739 -2.267636 68.519178 0.756608 -0.374405 -0.536064 0 0
  phy
    6 -1.521582 0.112370 69.678775 0.950202 -0.308543 0.043788 0 0
    6 -0.012661 -0.576601 69.720187 0.996222 -0.000005 -0.086838 0 0
    6 -1.167529 0.652222 69.824611 0.938596 -0.289171 0.188197 0 0
  phy
    6 -1.645903 -0.481792 69.523716 0.892452 -0.448792 -0.045994 0 0
    6 -0.012661 -0.576601 69.720187 0.996222 -0.000005 -0.086838 0 0
    6 -1.521582 0.112370 69.678775 0.950202 -0.308543 0.043788 0 0
  phy
    6 -1.167529 0.652222 69.824611 0.938596 -0.289171 0.188197 0 0
    6 -2.404741 0.735062 69.105106 0.747125 -0.637463 0.188269 0 0
    6 -1.521582 0.112370 69.678775 0.950202 -0.308543 0.043788 0 0
  phy
    6 -1.521582 0.112370 69.678775 0.950202 -0.308543 0.043788 0 0
    6 -2.404741 0.735062 69.105106 0.747125 -0.637463 0.188269 0 0
    6 -1.645903 -0.481792 69.523716 0.892452 -0.448792 -0.045994 0 0
  phy
    6 1.620581 -0.481809 69.523713 0.894119 0.445960 -0.040878 0 0
    6 -0.012661 -0.576601 69.720187 0.996222 -0.000005 -0.086838 0 0
    6 1.495417 -1.083775 69.360961 0.937320 0.263951 -0.227512 0 0
  phy
    6 1.495417 -1.083775 69.360961 0.937320 0.263951 -0.227512 0 0
    6 2.406237 -1.566659 68.694185 0.611266 0.755762 -0.234900 0 0
    6 1.620581 -0.481809 69.523713 0.894119 0.445960 -0.040878 0 0
  phy
    6 1.844570 -2.262676 68.518373 0.765233 0.369523 -0.527134 0 0
    6 2.406237 -1.566659 68.694185 0.611266 0.755762 -0.234900 0 0
    6 1.495417 -1.083775 69.360961 0.937320 0.263951 -0.227512 0 0
  phy
    6 0.012396 -2.852331 68.359364 0.803451 0.000325 -0.595370 0 0
    6 0.612401 -1.868719 69.135608 0.919058 0.070201 -0.387820 0 0
    6 -0.637640 -1.868687 69.135609 0.918649 -0.070471 -0.388739 0 0
  phy
    6 -0.637640 -1.868687 69.135609 0.918649 -0.070471 -0.388739 0 0
    6 -0.979142 -2.697706 68.412251 0.744815 -0.167139 -0.645999 0 0
    6 0.012396 -2.852331 68.359364 0.803451 0.000325 -0.595370 0 0
  phy
    6 0.012396 -2.852331 68.359364 0.803451 0.000325 -0.595370 0 0
    6 -0.979142 -2.697706 68.412251 0.744815 -0.167139 -0.645999 0 0
    6 0.035841 -3.608038 67.213550 0.448551 0.000547 -0.893757 0 0
  phy
    6 1.003966 -2.697321 68.411456 0.748965 0.167428 -0.641108 0 0
    6 0.012396 -2.852331 68.359364 0.803451 0.000325 -0.595370 0 0
    6 0.035841 -3.608038 67.213550 0.448551 0.000547 -0.893757 0 0
  phy
    6 0.012396 -2.852331 68.359364 0.803451 0.000325 -0.595370 0 0
    6 1.003966 -2.697321 68.411456 0.748965 0.167428 -0.641108 0 0
    6 0.612401 -1.868719 69.135608 0.919058 0.070201 -0.387820 0 0
  phy
    6 0.612401 -1.868719 69.135608 0.919058 0.070201 -0.387820 0 0
    6 -0.012661 -0.576601 69.720187 0.996222 -0.000005 -0.086838 0 0
    6 -0.637640 -1.868687 69.135609 0.918649 -0.070471 -0.388739 0 0
  phy
    6 -1.819739 -2.267636 68.519178 0.756608 -0.374405 -0.536064 0 0
    6 -0.979142 -2.697706 68.412251 0.744815 -0.167139 -0.645999 0 0
    6 -0.637640 -1.868687 69.135609 0.918649 -0.070471 -0.388739 0 0
  phy
    6 -1.167529 0.652222 69.824611 0.938596 -0.289171 0.188197 0 0
    6 -0.012661 -0.576601 69.720187 0.996222 -0.000005 -0.086838 0 0
    6 -0.607469 0.954699 69.883281 0.940656 -0.134783 0.311449 0 0
  phy
    6 -1.167529 0.652222 69.824611 0.938596 -0.289171 0.188197 0 0
    6 -0.607469 0.954699 69.883281 0.940656 -0.134783 0.311449 0 0
    6 -1.843099 1.567874 69.324809 0.753871 -0.462316 0.466843 0 0
  phy
    6 -1.843099 1.567874 69.324809 0.753871 -0.462316 0.466843 0 0
    6 -2.404741 0.735062 69.105106 0.747125 -0.637463 0.188269 0 0
    6 -1.167529 0.652222 69.824611 0.938596 -0.289171 0.188197 0 0
  phy
    6 1.496287 0.112344 69.678777 0.927948 0.360459 0.094774 0 0
    6 -0.012661 -0.576601 69.720187 0.996222 -0.000005 -0.086838 0 0
    6 1.620581 -0.481809 69.523713 0.894119 0.445960 -0.040878 0 0
  phy
    6 1.620581 -0.481809 69.523713 0.894119 0.445960 -0.040878 0 0
    6 2.397784 0.730566 69.092949 0.694435 0.702130 0.157397 0 0
    6 1.496287 0.112344 69.678777 0.927948 0.360459 0.094774 0 0
  phy
    6 1.620581 -0.481809 69.523713 0.894119 0.445960 -0.040878 0 0
    6 2.580107 -0.219084 68.822952 0.676036 0.736861 0.003281 0 0
    6 2.397784 0.730566 69.092949 0.694435 0.702130 0.157397 0 0
  phy
    6 2.406237 -1.566659 68.694185 0.611266 0.755762 -0.234900 0 0
    6 2.580107 -0.219084 68.822952 0.676036 0.736861 0.003281 0 0
    6 1.620581 -0.481809 69.523713 0.894119 0.445960 -0.040878 0 0
  phy
    6 0.612401 -1.868719 69.135608 0.919058 0.070201 -0.387820 0 0
    6 1.003966 -2.697321 68.411456 0.748965 0.167428 -0.641108 0 0
    6 1.844570 -2.262676 68.518373 0.765233 0.369523 -0.527134 0 0
  phy
    6 -1.520475 -1.083628 69.361056 0.935461 -0.268746 -0.229540 0 0
    6 -2.381403 -1.569349 68.695637 0.607666 -0.752717 -0.253297 0 0
    6 -1.819739 -2.267636 68.519178 0.756608 -0.374405 -0.536064 0 0
  phy
    6 -0.979142 -2.697706 68.412251 0.744815 -0.167139 -0.645999 0 0
    6 -1.819739 -2.267636 68.519178 0.756608 -0.374405 -0.536064 0 0
    6 -1.196473 -3.393777 67.242818 0.351022 -0.298384 -0.887553 0 0
  phy
    6 -1.196473 -3.393777 67.242818 0.351022 -0.298384 -0.887553 0 0
    6 -1.819739 -2.267636 68.519178 0.756608 -0.374405 -0.536064 0 0
    6 -2.285751 -2.720604 67.393743 0.334765 -0.666130 -0.666485 0 0
  phy
    6 -2.381403 -1.569349 68.695637 0.607666 -0.752717 -0.253297 0 0
    6 -2.285751 -2.720604 67.393743 0.334765 -0.666130 -0.666485 0 0
    6 -1.819739 -2.267636 68.519178 0.756608 -0.374405 -0.536064 0 0
  phy
    6 -1.843099 1.567874 69.324809 0.753871 -0.462316 0.466843 0 0
    6 -3.048406 1.642534 68.185421 0.308606 -0.896737 0.317214 0 0
    6 -2.404741 0.735062 69.105106 0.747125 -0.637463 0.188269 0 0
  phy
    6 -1.843099 1.567874 69.324809 0.753871 -0.462316 0.466843 0 0
    6 -2.336095 2.780715 68.400622 0.397261 -0.660550 0.637070 0 0
    6 -3.048406 1.642534 68.185421 0.308606 -0.896737 0.317214 0 0
  phy
    6 -1.843099 1.567874 69.324809 0.753871 -0.462316 0.466843 0 0
    6 -1.002514 1.990346 69.405879 0.792001 -0.161463 0.588782 0 0
    6 -1.270092 3.438252 68.525476 0.281307 -0.336105 0.898833 0 0
  phy
    6 -1.270092 3.438252 68.525476 0.281307 -0.336105 0.898833 0 0
    6 -2.336095 2.780715 68.400622 0.397261 -0.660550 0.637070 0 0
    6 -1.843099 1.567874 69.324809 0.753871 -0.462316 0.466843 0 0
  phy
    6 -0.607469 0.954699 69.883281 0.940656 -0.134783 0.311449 0 0
    6 -1.002514 1.990346 69.405879 0.792001 -0.161463 0.588782 0 0
    6 -1.843099 1.567874 69.324809 0.753871 -0.462316 0.466843 0 0
  phy
    6 -1.645903 -0.481792 69.523716 0.892452 -0.448792 -0.045994 0 0
    6 -2.404741 0.735062 69.105106 0.747125 -0.637463 0.188269 0 0
    6 -2.602024 -0.219075 68.822972 0.647321 -0.762018 0.017455 0 0
  phy
    6 -2.602024 -0.219075 68.822972 0.647321 -0.762018 0.017455 0 0
    6 -2.381403 -1.569349 68.695637 0.607666 -0.752717 -0.253297 0 0
    6 -1.645903 -0.481792 69.523716 0.892452 -0.448792 -0.045994 0 0
  phy
    6 -3.298509 0.212728 67.814481 0.376752 -0.925111 -0.047193 0 0
    6 -2.381403 -1.569349 68.695637 0.607666 -0.752717 -0.253297 0 0
    6 -2.602024 -0.219075 68.822972 0.647321 -0.762018 0.017455 0 0
  phy
    6 -2.404741 0.735062 69.105106 0.747125 -0.637463 0.188269 0 0
    6 -3.048406 1.642534 68.185421 0.308606 -0.896737 0.317214 0 0
    6 -2.602024 -0.219075 68.822972 0.647321 -0.762018 0.017455 0 0
  phy
    6 -2.602024 -0.219075 68.822972 0.647321 -0.762018 0.017455 0 0
    6 -3.048406 1.642534 68.185421 0.308606 -0.896737 0.317214 0 0
    6 -3.298509 0.212728 67.814481 0.376752 -0.925111 -0.047193 0 0
  phy
    6 -1.520475 -1.083628 69.361056 0.935461 -0.268746 -0.229540 0 0
    6 -0.012661 -0.576601 69.720187 0.996222 -0.000005 -0.086838 0 0
    6 -1.645903 -0.481792 69.523716 0.892452 -0.448792 -0.045994 0 0
  phy
    6 -1.645903 -0.481792 69.523716 0.892452 -0.448792 -0.045994 0 0
    6 -2.381403 -1.569349 68.695637 0.607666 -0.752717 -0.253297 0 0
    6 -1.520475 -1.083628 69.361056 0.935461 -0.268746 -0.229540 0 0
  phy
    6 1.919933 -2.817800 64.686342 -0.233230 0.748383 -0.620908 0 0
    6 2.672044 -2.572111 65.975457 0.003393 0.849342 -0.527832 0 0
    6 1.347090 -3.474899 64.562205 -0.156231 0.480317 -0.863069 0 0
  phy
    6 2.672044 -2.572111 65.975457 0.003393 0.849342 -0.527832 0 0
    6 1.919933 -2.817800 64.686342 -0.233230 0.748383 -0.620908 0 0
    6 2.547761 -0.867883 62.804280 -0.486089 0.787935 -0.377990 0 0
  phy
    6 1.919933 -2.817800 64.686342 -0.233230 0.748383 -0.620908 0 0
    6 1.347090 -3.474899 64.562205 -0.156231 0.480317 -0.863069 0 0
    6 2.547761 -0.867883 62.804280 -0.486089 0.787935 -0.377990 0 0
  phy
    6 2.672044 -2.572111 65.975457 0.003393 0.849342 -0.527832 0 0
    6 3.023099 -1.218620 67.410684 0.263569 0.921160 -0.286347 0 0
    6 2.359329 -2.701716 67.405718 0.330959 0.678008 -0.656332 0 0
  phy
    6 3.023099 -1.218620 67.410684 0.263569 0.921160 -0.286347 0 0
    6 2.672044 -2.572111 65.975457 0.003393 0.849342 -0.527832 0 0
    6 3.734005 0.247622 65.889205 -0.008487 0.998384 -0.056193 0 0
  phy
    6 3.273220 0.212182 67.814346 0.392361 0.919393 -0.027732 0 0
    6 3.023099 -1.218620 67.410684 0.263569 0.921160 -0.286347 0 0
    6 3.734005 0.247622 65.889205 -0.008487 0.998384 -0.056193 0 0
  phy
    6 3.023099 -1.218620 67.410684 0.263569 0.921160 -0.286347 0 0
    6 3.273220 0.212182 67.814346 0.392361 0.919393 -0.027732 0 0
    6 2.406237 -1.566659 68.694185 0.611266 0.755762 -0.234900 0 0
  phy
    6 3.023099 -1.218620 67.410684 0.263569 0.921160 -0.286347 0 0
    6 2.406237 -1.566659 68.694185 0.611266 0.755762 -0.234900 0 0
    6 2.359329 -2.701716 67.405718 0.330959 0.678008 -0.656332 0 0
  phy
    6 1.276370 -3.392744 67.240993 0.352540 0.302063 -0.885705 0 0
    6 1.844570 -2.262676 68.518373 0.765233 0.369523 -0.527134 0 0
    6 1.003966 -2.697321 68.411456 0.748965 0.167428 -0.641108 0 0
  phy
    6 1.844570 -2.262676 68.518373 0.765233 0.369523 -0.527134 0 0
    6 1.276370 -3.392744 67.240993 0.352540 0.302063 -0.885705 0 0
    6 2.359329 -2.701716 67.405718 0.330959 0.678008 -0.656332 0 0
  phy
    6 1.844570 -2.262676 68.518373 0.765233 0.369523 -0.527134 0 0
    6 2.359329 -2.701716 67.405718 0.330959 0.678008 -0.656332 0 0
    6 2.406237 -1.566659 68.694185 0.611266 0.755762 -0.234900 0 0
  phy
    6 0.963815 3.141286 65.109359 -0.517778 0.293673 0.803531 0 0
    6 1.000554 2.537005 63.832790 -0.624231 0.252718 0.739235 0 0
    6 0.004695 3.348709 65.149743 -0.540522 -0.000259 0.841330 0 0
  phy
    6 1.000554 2.537005 63.832790 -0.624231 0.252718 0.739235 0 0
    6 -0.013498 2.703325 63.875584 -0.665683 -0.000276 0.746234 0 0
    6 0.004695 3.348709 65.149743 -0.540522 -0.000259 0.841330 0 0
  phy
    6 0.004695 3.348709 65.149743 -0.540522 -0.000259 0.841330 0 0
    6 1.121509 3.687443 66.651207 -0.300854 0.279407 0.911821 0 0
    6 0.963815 3.141286 65.109359 -0.517778 0.293673 0.803531 0 0
  phy
    6 0.004695 3.348709 65.149743 -0.540522 -0.000259 0.841330 0 0
    6 -0.011738 3.910995 66.695290 -0.184495 -0.000060 0.982834 0 0
    6 1.121509 3.687443 66.651207 -0.300854 0.279407 0.911821 0 0
  phy
    6 0.004695 3.348709 65.149743 -0.540522 -0.000259 0.841330 0 0
    6 -1.027569 2.536089 63.832365 -0.658603 -0.237892 0.713897 0 0
    6 -0.954431 3.140360 65.108896 -0.519055 -0.293256 0.802859 0 0
  phy
    6 0.004695 3.348709 65.149743 -0.540522 -0.000259 0.841330 0 0
    6 -0.013498 2.703325 63.875584 -0.665683 -0.000276 0.746234 0 0
    6 -1.027569 2.536089 63.832365 -0.658603 -0.237892 0.713897 0 0
  phy
    6 -0.954431 3.140360 65.108896 -0.519055 -0.293256 0.802859 0 0
    6 -1.144955 3.687323 66.651178 -0.303962 -0.279335 0.910812 0 0
    6 0.004695 3.348709 65.149743 -0.540522 -0.000259 0.841330 0 0
  phy
    6 -1.144955 3.687323 66.651178 -0.303962 -0.279335 0.910812 0 0
    6 -0.011738 3.910995 66.695290 -0.184495 -0.000060 0.982834 0 0
    6 0.004695 3.348709 65.149743 -0.540522 -0.000259 0.841330 0 0
  phy
    6 -0.010947 2.138561 69.434373 0.801067 -0.000001 0.598574 0 0
    6 0.980566 1.990441 69.405824 0.792006 0.163565 0.588194 0 0
    6 -0.012633 3.670062 68.569474 0.511709 -0.000022 0.859159 0 0
  phy
    6 -0.010947 2.138561 69.434373 0.801067 -0.000001 0.598574 0 0
    6 -0.012634 1.040353 69.901811 0.920009 -0.000043 0.391896 0 0
    6 0.980566 1.990441 69.405824 0.792006 0.163565 0.588194 0 0
  phy
    6 -0.010947 2.138561 69.434373 0.801067 -0.000001 0.598574 0 0
    6 -0.012633 3.670062 68.569474 0.511709 -0.000022 0.859159 0 0
    6 -1.002514 1.990346 69.405879 0.792001 -0.161463 0.588782 0 0
  phy
    6 -1.002514 1.990346 69.405879 0.792001 -0.161463 0.588782 0 0
    6 -0.012634 1.040353 69.901811 0.920009 -0.000043 0.391896 0 0
    6 -0.010947 2.138561 69.434373 0.801067 -0.000001 0.598574 0 0
  phy
    6 -0.012633 3.670062 68.569474 0.511709 -0.000022 0.859159 0 0
    6 -0.011738 3.910995 66.695290 -0.184495 -0.000060 0.982834 0 0
    6 -1.270092 3.438252 68.525476 0.281307 -0.336105 0.898833 0 0
  phy
    6 -1.270092 3.438252 68.525476 0.281307 -0.336105 0.898833 0 0
    6 -0.011738 3.910995 66.695290 -0.184495 -0.000060 0.982834 0 0
    6 -1.144955 3.687323 66.651178 -0.303962 -0.279335 0.910812 0 0
  phy
    6 -1.270092 3.438252 68.525476 0.281307 -0.336105 0.898833 0 0
    6 -1.144955 3.687323 66.651178 -0.303962 -0.279335 0.910812 0 0
    6 -2.692018 3.063955 66.534640 -0.218231 -0.755006 0.618338 0 0
  phy
    6 -2.692018 3.063955 66.534640 -0.218231 -0.755006 0.618338 0 0
    6 -2.336095 2.780715 68.400622 0.397261 -0.660550 0.637070 0 0
    6 -1.270092 3.438252 68.525476 0.281307 -0.336105 0.898833 0 0
  phy
    6 -1.002514 1.990346 69.405879 0.792001 -0.161463 0.588782 0 0
    6 -0.012633 3.670062 68.569474 0.511709 -0.000022 0.859159 0 0
    6 -1.270092 3.438252 68.525476 0.281307 -0.336105 0.898833 0 0
  phy
    6 1.496287 0.112344 69.678777 0.927948 0.360459 0.094774 0 0
    6 2.397784 0.730566 69.092949 0.694435 0.702130 0.157397 0 0
    6 1.822952 1.525101 69.338524 0.761346 0.466597 0.450155 0 0
  phy
    6 1.822952 1.525101 69.338524 0.761346 0.466597 0.450155 0 0
    6 1.142239 0.652207 69.824593 0.964027 0.211797 0.160606 0 0
    6 1.496287 0.112344 69.678777 0.927948 0.360459 0.094774 0 0
  phy
    6 1.822952 1.525101 69.338524 0.761346 0.466597 0.450155 0 0
    6 2.397784 0.730566 69.092949 0.694435 0.702130 0.157397 0 0
    6 3.023102 1.642823 68.185302 0.282704 0.899732 0.332507 0 0
  phy
    6 1.822952 1.525101 69.338524 0.761346 0.466597 0.450155 0 0
    6 3.023102 1.642823 68.185302 0.282704 0.899732 0.332507 0 0
    6 2.310818 2.781193 68.400398 0.401418 0.659258 0.635801 0 0
  phy
    6 0.582020 0.954566 69.883392 0.940776 0.134753 0.311099 0 0
    6 1.142239 0.652207 69.824593 0.964027 0.211797 0.160606 0 0
    6 1.822952 1.525101 69.338524 0.761346 0.466597 0.450155 0 0
  phy
    6 1.822952 1.525101 69.338524 0.761346 0.466597 0.450155 0 0
    6 0.980566 1.990441 69.405824 0.792006 0.163565 0.588194 0 0
    6 0.582020 0.954566 69.883392 0.940776 0.134753 0.311099 0 0
  phy
    6 1.822952 1.525101 69.338524 0.761346 0.466597 0.450155 0 0
    6 1.244804 3.438404 68.525360 0.283960 0.336999 0.897663 0 0
    6 0.980566 1.990441 69.405824 0.792006 0.163565 0.588194 0 0
  phy
    6 1.822952 1.525101 69.338524 0.761346 0.466597 0.450155 0 0
    6 2.310818 2.781193 68.400398 0.401418 0.659258 0.635801 0 0
    6 1.244804 3.438404 68.525360 0.283960 0.336999 0.897663 0 0
  phy
    6 1.142239 0.652207 69.824593 0.964027 0.211797 0.160606 0 0
    6 -0.012661 -0.576601 69.720187 0.996222 -0.000005 -0.086838 0 0
    6 1.496287 0.112344 69.678777 0.927948 0.360459 0.094774 0 0
  phy
    6 2.397784 0.730566 69.092949 0.694435 0.702130 0.157397 0 0
    6 3.273220 0.212182 67.814346 0.392361 0.919393 -0.027732 0 0
    6 3.023102 1.642823 68.185302 0.282704 0.899732 0.332507 0 0
  phy
    6 3.273220 0.212182 67.814346 0.392361 0.919393 -0.027732 0 0
    6 2.397784 0.730566 69.092949 0.694435 0.702130 0.157397 0 0
    6 2.580107 -0.219084 68.822952 0.676036 0.736861 0.003281 0 0
  phy
    6 0.582020 0.954566 69.883392 0.940776 0.134753 0.311099 0 0
    6 -0.012661 -0.576601 69.720187 0.996222 -0.000005 -0.086838 0 0
    6 1.142239 0.652207 69.824593 0.964027 0.211797 0.160606 0 0
  phy
    6 -0.012634 1.040353 69.901811 0.920009 -0.000043 0.391896 0 0
    6 -0.012661 -0.576601 69.720187 0.996222 -0.000005 -0.086838 0 0
    6 0.582020 0.954566 69.883392 0.940776 0.134753 0.311099 0 0
  phy
    6 0.980566 1.990441 69.405824 0.792006 0.163565 0.588194 0 0
    6 -0.012634 1.040353 69.901811 0.920009 -0.000043 0.391896 0 0
    6 0.582020 0.954566 69.883392 0.940776 0.134753 0.311099 0 0
  phy
    6 0.963815 3.141286 65.109359 -0.517778 0.293673 0.803531 0 0
    6 2.668537 3.064390 66.534423 -0.181465 0.756831 0.627915 0 0
    6 2.273142 2.560338 64.998611 -0.517708 0.603984 0.605955 0 0
  phy
    6 1.121509 3.687443 66.651207 -0.300854 0.279407 0.911821 0 0
    6 2.668537 3.064390 66.534423 -0.181465 0.756831 0.627915 0 0
    6 0.963815 3.141286 65.109359 -0.517778 0.293673 0.803531 0 0
  phy
    6 2.273142 2.560338 64.998611 -0.517708 0.603984 0.605955 0 0
    6 1.000554 2.537005 63.832790 -0.624231 0.252718 0.739235 0 0
    6 0.963815 3.141286 65.109359 -0.517778 0.293673 0.803531 0 0
  phy
    6 0.859363 1.325176 62.357056 -0.908603 0.356780 0.217136 0 0
    6 0.326953 1.743562 62.564355 -0.774018 0.060584 0.630258 0 0
    6 1.818746 2.052921 63.698055 -0.685484 0.451240 0.571397 0 0
  phy
    6 0.326953 1.743562 62.564355 -0.774018 0.060584 0.630258 0 0
    6 1.000554 2.537005 63.832790 -0.624231 0.252718 0.739235 0 0
    6 1.818746 2.052921 63.698055 -0.685484 0.451240 0.571397 0 0
  phy
    6 0.326953 1.743562 62.564355 -0.774018 0.060584 0.630258 0 0
    6 -0.013498 2.703325 63.875584 -0.665683 -0.000276 0.746234 0 0
    6 1.000554 2.537005 63.832790 -0.624231 0.252718 0.739235 0 0
  phy
    6 -1.027569 2.536089 63.832365 -0.658603 -0.237892 0.713897 0 0
    6 0.326953 1.743562 62.564355 -0.774018 0.060584 0.630258 0 0
    6 -0.863486 1.325208 62.357073 -0.887447 -0.330204 0.321563 0 0
  phy
    6 0.326953 1.743562 62.564355 -0.774018 0.060584 0.630258 0 0
    6 -1.027569 2.536089 63.832365 -0.658603 -0.237892 0.713897 0 0
    6 -0.013498 2.703325 63.875584 -0.665683 -0.000276 0.746234 0 0
  phy
    6 0.326953 1.743562 62.564355 -0.774018 0.060584 0.630258 0 0
    6 0.859363 1.325176 62.357056 -0.908603 0.356780 0.217136 0 0
    6 -0.863486 1.325208 62.357073 -0.887447 -0.330204 0.321563 0 0
  phy
    6 0.859363 1.325176 62.357056 -0.908603 0.356780 0.217136 0 0
    6 0.937007 -0.036575 61.959214 -0.950733 0.309833 0.010547 0 0
    6 -0.562330 -0.330396 61.873380 -0.999508 -0.012337 0.028846 0 0
  phy
    6 0.937007 -0.036575 61.959214 -0.950733 0.309833 0.010547 0 0
    6 0.690299 -1.887229 61.703642 -0.716657 0.471135 -0.514231 0 0
    6 -0.562330 -0.330396 61.873380 -0.999508 -0.012337 0.028846 0 0
  phy
    6 0.937007 -0.036575 61.959214 -0.950733 0.309833 0.010547 0 0
    6 0.859363 1.325176 62.357056 -0.908603 0.356780 0.217136 0 0
    6 2.547761 -0.867883 62.804280 -0.486089 0.787935 -0.377990 0 0
  phy
    6 0.690299 -1.887229 61.703642 -0.716657 0.471135 -0.514231 0 0
    6 0.937007 -0.036575 61.959214 -0.950733 0.309833 0.010547 0 0
    6 2.547761 -0.867883 62.804280 -0.486089 0.787935 -0.377990 0 0
  phy
    6 -0.979142 -2.697706 68.412251 0.744815 -0.167139 -0.645999 0 0
    6 -1.196473 -3.393777 67.242818 0.351022 -0.298384 -0.887553 0 0
    6 0.035841 -3.608038 67.213550 0.448551 0.000547 -0.893757 0 0
  phy
    6 0.022149 -2.065324 61.676402 -0.489968 -0.002551 -0.871737 0 0
    6 -1.302784 -3.474542 64.562039 -0.126383 -0.448724 -0.884689 0 0
    6 -0.646014 -1.890540 61.717838 -0.620735 -0.518676 -0.587932 0 0
  phy
    6 -1.302784 -3.474542 64.562039 -0.126383 -0.448724 -0.884689 0 0
    6 0.022149 -2.065324 61.676402 -0.489968 -0.002551 -0.871737 0 0
    6 0.022150 -3.705361 64.518459 -0.005949 0.000038 -0.999982 0 0
  phy
    6 -0.646014 -1.890540 61.717838 -0.620735 -0.518676 -0.587932 0 0
    6 -1.302784 -3.474542 64.562039 -0.126383 -0.448724 -0.884689 0 0
    6 -2.627399 -1.825295 63.683461 -0.309315 -0.782816 -0.539929 0 0
  phy
    6 -1.302784 -3.474542 64.562039 -0.126383 -0.448724 -0.884689 0 0
    6 -2.627731 -2.588760 65.978040 0.077297 -0.828594 -0.554489 0 0
    6 -2.627399 -1.825295 63.683461 -0.309315 -0.782816 -0.539929 0 0
  phy
    6 -1.196473 -3.393777 67.242818 0.351022 -0.298384 -0.887553 0 0
    6 -1.302784 -3.474542 64.562039 -0.126383 -0.448724 -0.884689 0 0
    6 0.022150 -3.705361 64.518459 -0.005949 0.000038 -0.999982 0 0
  phy
    6 -1.302784 -3.474542 64.562039 -0.126383 -0.448724 -0.884689 0 0
    6 -1.196473 -3.393777 67.242818 0.351022 -0.298384 -0.887553 0 0
    6 -2.285751 -2.720604 67.393743 0.334765 -0.666130 -0.666485 0 0
  phy
    6 -2.627731 -2.588760 65.978040 0.077297 -0.828594 -0.554489 0 0
    6 -1.302784 -3.474542 64.562039 -0.126383 -0.448724 -0.884689 0 0
    6 -2.285751 -2.720604 67.393743 0.334765 -0.666130 -0.666485 0 0
  phy
    6 -2.627731 -2.588760 65.978040 0.077297 -0.828594 -0.554489 0 0
    6 -2.285751 -2.720604 67.393743 0.334765 -0.666130 -0.666485 0 0
    6 -3.048395 -1.193667 67.416776 0.267111 -0.913105 -0.308044 0 0
  phy
    6 -3.048395 -1.193667 67.416776 0.267111 -0.913105 -0.308044 0 0
    6 -3.761008 0.283971 65.896871 0.009574 -0.998950 -0.044811 0 0
    6 -2.627731 -2.588760 65.978040 0.077297 -0.828594 -0.554489 0 0
  phy
    6 -3.298509 0.212728 67.814481 0.376752 -0.925111 -0.047193 0 0
    6 -3.761008 0.283971 65.896871 0.009574 -0.998950 -0.044811 0 0
    6 -3.048395 -1.193667 67.416776 0.267111 -0.913105 -0.308044 0 0
  phy
    6 -3.048395 -1.193667 67.416776 0.267111 -0.913105 -0.308044 0 0
    6 -2.381403 -1.569349 68.695637 0.607666 -0.752717 -0.253297 0 0
    6 -3.298509 0.212728 67.814481 0.376752 -0.925111 -0.047193 0 0
  phy
    6 -3.048395 -1.193667 67.416776 0.267111 -0.913105 -0.308044 0 0
    6 -2.285751 -2.720604 67.393743 0.334765 -0.666130 -0.666485 0 0
    6 -2.381403 -1.569349 68.695637 0.607666 -0.752717 -0.253297 0 0
  phy
    6 -0.607469 0.954699 69.883281 0.940656 -0.134783 0.311449 0 0
    6 -0.012634 1.040353 69.901811 0.920009 -0.000043 0.391896 0 0
    6 -1.002514 1.990346 69.405879 0.792001 -0.161463 0.588782 0 0
  phy
    6 -0.607469 0.954699 69.883281 0.940656 -0.134783 0.311449 0 0
    6 -0.012661 -0.576601 69.720187 0.996222 -0.000005 -0.086838 0 0
    6 -0.012634 1.040353 69.901811 0.920009 -0.000043 0.391896 0 0
  phy
    6 -0.954431 3.140360 65.108896 -0.519055 -0.293256 0.802859 0 0
    6 -1.027569 2.536089 63.832365 -0.658603 -0.237892 0.713897 0 0
    6 -2.263759 2.560995 64.998156 -0.537845 -0.494145 0.683040 0 0
  phy
    6 -2.263759 2.560995 64.998156 -0.537845 -0.494145 0.683040 0 0
    6 -2.692018 3.063955 66.534640 -0.218231 -0.755006 0.618338 0 0
    6 -0.954431 3.140360 65.108896 -0.519055 -0.293256 0.802859 0 0
  phy
    6 -1.027569 2.536089 63.832365 -0.658603 -0.237892 0.713897 0 0
    6 -1.887263 2.041641 63.736548 -0.674053 -0.481812 0.559919 0 0
    6 -2.263759 2.560995 64.998156 -0.537845 -0.494145 0.683040 0 0
  phy
    6 -2.461675 1.262799 63.552486 -0.585390 -0.698642 0.411360 0 0
    6 -2.692018 3.063955 66.534640 -0.218231 -0.755006 0.618338 0 0
    6 -2.263759 2.560995 64.998156 -0.537845 -0.494145 0.683040 0 0
  phy
    6 -2.263759 2.560995 64.998156 -0.537845 -0.494145 0.683040 0 0
    6 -1.887263 2.041641 63.736548 -0.674053 -0.481812 0.559919 0 0
    6 -2.461675 1.262799 63.552486 -0.585390 -0.698642 0.411360 0 0
  phy
    6 -3.461731 0.592237 64.541854 -0.394469 -0.909904 0.128331 0 0
    6 -2.663392 0.469866 63.387051 -0.747334 -0.660302 0.074114 0 0
    6 -2.348580 -0.900313 62.905762 -0.660564 -0.724575 -0.196590 0 0
  phy
    6 -2.348580 -0.900313 62.905762 -0.660564 -0.724575 -0.196590 0 0
    6 -2.627399 -1.825295 63.683461 -0.309315 -0.782816 -0.539929 0 0
    6 -3.461731 0.592237 64.541854 -0.394469 -0.909904 0.128331 0 0
  phy
    6 -2.627399 -1.825295 63.683461 -0.309315 -0.782816 -0.539929 0 0
    6 -3.761008 0.283971 65.896871 0.009574 -0.998950 -0.044811 0 0
    6 -3.461731 0.592237 64.541854 -0.394469 -0.909904 0.128331 0 0
  phy
    6 -2.461675 1.262799 63.552486 -0.585390 -0.698642 0.411360 0 0
    6 -2.663392 0.469866 63.387051 -0.747334 -0.660302 0.074114 0 0
    6 -3.461731 0.592237 64.541854 -0.394469 -0.909904 0.128331 0 0
  phy
    6 -3.461731 0.592237 64.541854 -0.394469 -0.909904 0.128331 0 0
    6 -2.692018 3.063955 66.534640 -0.218231 -0.755006 0.618338 0 0
    6 -2.461675 1.262799 63.552486 -0.585390 -0.698642 0.411360 0 0
  phy
    6 -3.461731 0.592237 64.541854 -0.394469 -0.909904 0.128331 0 0
    6 -3.761008 0.283971 65.896871 0.009574 -0.998950 -0.044811 0 0
    6 -2.692018 3.063955 66.534640 -0.218231 -0.755006 0.618338 0 0
  phy
    6 1.347090 -3.474899 64.562205 -0.156231 0.480317 -0.863069 0 0
    6 1.276370 -3.392744 67.240993 0.352540 0.302063 -0.885705 0 0
    6 0.022150 -3.705361 64.518459 -0.005949 0.000038 -0.999982 0 0
  phy
    6 1.276370 -3.392744 67.240993 0.352540 0.302063 -0.885705 0 0
    6 0.035841 -3.608038 67.213550 0.448551 0.000547 -0.893757 0 0
    6 0.022150 -3.705361 64.518459 -0.005949 0.000038 -0.999982 0 0
  phy
    6 1.276370 -3.392744 67.240993 0.352540 0.302063 -0.885705 0 0
    6 1.003966 -2.697321 68.411456 0.748965 0.167428 -0.641108 0 0
    6 0.035841 -3.608038 67.213550 0.448551 0.000547 -0.893757 0 0
  phy
    6 1.276370 -3.392744 67.240993 0.352540 0.302063 -0.885705 0 0
    6 1.347090 -3.474899 64.562205 -0.156231 0.480317 -0.863069 0 0
    6 2.359329 -2.701716 67.405718 0.330959 0.678008 -0.656332 0 0
  phy
    6 2.903525 -1.634501 65.125802 -0.160080 0.909887 -0.382728 0 0
    6 2.672044 -2.572111 65.975457 0.003393 0.849342 -0.527832 0 0
    6 2.547761 -0.867883 62.804280 -0.486089 0.787935 -0.377990 0 0
  phy
    6 2.672044 -2.572111 65.975457 0.003393 0.849342 -0.527832 0 0
    6 2.903525 -1.634501 65.125802 -0.160080 0.909887 -0.382728 0 0
    6 3.734005 0.247622 65.889205 -0.008487 0.998384 -0.056193 0 0
  phy
    6 1.347090 -3.474899 64.562205 -0.156231 0.480317 -0.863069 0 0
    6 2.672044 -2.572111 65.975457 0.003393 0.849342 -0.527832 0 0
    6 2.359329 -2.701716 67.405718 0.330959 0.678008 -0.656332 0 0
  phy
    6 3.023102 1.642823 68.185302 0.282704 0.899732 0.332507 0 0
    6 3.273220 0.212182 67.814346 0.392361 0.919393 -0.027732 0 0
    6 3.734005 0.247622 65.889205 -0.008487 0.998384 -0.056193 0 0
  phy
    6 2.406237 -1.566659 68.694185 0.611266 0.755762 -0.234900 0 0
    6 3.273220 0.212182 67.814346 0.392361 0.919393 -0.027732 0 0
    6 2.580107 -0.219084 68.822952 0.676036 0.736861 0.003281 0 0
  phy
    6 -0.646014 -1.890540 61.717838 -0.620735 -0.518676 -0.587932 0 0
    6 -2.627399 -1.825295 63.683461 -0.309315 -0.782816 -0.539929 0 0
    6 -2.348580 -0.900313 62.905762 -0.660564 -0.724575 -0.196590 0 0
  phy
    6 -0.646014 -1.890540 61.717838 -0.620735 -0.518676 -0.587932 0 0
    6 -2.348580 -0.900313 62.905762 -0.660564 -0.724575 -0.196590 0 0
    6 -1.027588 -0.135744 61.974872 -0.845669 -0.533693 -0.004016 0 0
  phy
    6 -2.348580 -0.900313 62.905762 -0.660564 -0.724575 -0.196590 0 0
    6 -2.663392 0.469866 63.387051 -0.747334 -0.660302 0.074114 0 0
    6 -1.027588 -0.135744 61.974872 -0.845669 -0.533693 -0.004016 0 0
  phy
    6 0.022149 -2.065324 61.676402 -0.489968 -0.002551 -0.871737 0 0
    6 -0.646014 -1.890540 61.717838 -0.620735 -0.518676 -0.587932 0 0
    6 -0.562330 -0.330396 61.873380 -0.999508 -0.012337 0.028846 0 0
  phy
    6 0.690299 -1.887229 61.703642 -0.716657 0.471135 -0.514231 0 0
    6 0.022149 -2.065324 61.676402 -0.489968 -0.002551 -0.871737 0 0
    6 -0.562330 -0.330396 61.873380 -0.999508 -0.012337 0.028846 0 0
  phy
    6 1.347090 -3.474899 64.562205 -0.156231 0.480317 -0.863069 0 0
    6 0.022149 -2.065324 61.676402 -0.489968 -0.002551 -0.871737 0 0
    6 0.690299 -1.887229 61.703642 -0.716657 0.471135 -0.514231 0 0
  phy
    6 0.022149 -2.065324 61.676402 -0.489968 -0.002551 -0.871737 0 0
    6 1.347090 -3.474899 64.562205 -0.156231 0.480317 -0.863069 0 0
    6 0.022150 -3.705361 64.518459 -0.005949 0.000038 -0.999982 0 0
  phy
    6 -2.692018 3.063955 66.534640 -0.218231 -0.755006 0.618338 0 0
    6 -1.144955 3.687323 66.651178 -0.303962 -0.279335 0.910812 0 0
    6 -0.954431 3.140360 65.108896 -0.519055 -0.293256 0.802859 0 0
  phy
    6 2.434671 1.277075 63.536804 -0.626442 0.676940 0.386423 0 0
    6 2.273142 2.560338 64.998611 -0.517708 0.603984 0.605955 0 0
    6 3.448742 0.526935 64.520125 -0.393391 0.880453 0.264661 0 0
  phy
    6 2.273142 2.560338 64.998611 -0.517708 0.603984 0.605955 0 0
    6 2.668537 3.064390 66.534423 -0.181465 0.756831 0.627915 0 0
    6 3.448742 0.526935 64.520125 -0.393391 0.880453 0.264661 0 0
  phy
    6 2.273142 2.560338 64.998611 -0.517708 0.603984 0.605955 0 0
    6 2.434671 1.277075 63.536804 -0.626442 0.676940 0.386423 0 0
    6 1.818746 2.052921 63.698055 -0.685484 0.451240 0.571397 0 0
  phy
    6 2.273142 2.560338 64.998611 -0.517708 0.603984 0.605955 0 0
    6 1.818746 2.052921 63.698055 -0.685484 0.451240 0.571397 0 0
    6 1.000554 2.537005 63.832790 -0.624231 0.252718 0.739235 0 0
  phy
    6 2.434671 1.277075 63.536804 -0.626442 0.676940 0.386423 0 0
    6 0.859363 1.325176 62.357056 -0.908603 0.356780 0.217136 0 0
    6 1.818746 2.052921 63.698055 -0.685484 0.451240 0.571397 0 0
  phy
    6 -0.863486 1.325208 62.357073 -0.887447 -0.330204 0.321563 0 0
    6 0.859363 1.325176 62.357056 -0.908603 0.356780 0.217136 0 0
    6 -0.562330 -0.330396 61.873380 -0.999508 -0.012337 0.028846 0 0
  phy
    6 2.636390 0.487066 63.369678 -0.731902 0.664932 0.148944 0 0
    6 0.859363 1.325176 62.357056 -0.908603 0.356780 0.217136 0 0
    6 2.434671 1.277075 63.536804 -0.626442 0.676940 0.386423 0 0
  phy
    6 0.859363 1.325176 62.357056 -0.908603 0.356780 0.217136 0 0
    6 2.636390 0.487066 63.369678 -0.731902 0.664932 0.148944 0 0
    6 2.547761 -0.867883 62.804280 -0.486089 0.787935 -0.377990 0 0
  phy
    6 2.636390 0.487066 63.369678 -0.731902 0.664932 0.148944 0 0
    6 2.434671 1.277075 63.536804 -0.626442 0.676940 0.386423 0 0
    6 3.448742 0.526935 64.520125 -0.393391 0.880453 0.264661 0 0
  phy
    6 2.636390 0.487066 63.369678 -0.731902 0.664932 0.148944 0 0
    6 3.448742 0.526935 64.520125 -0.393391 0.880453 0.264661 0 0
    6 2.547761 -0.867883 62.804280 -0.486089 0.787935 -0.377990 0 0
  phy
    6 -2.870546 -1.919583 64.998594 -0.057366 -0.922061 -0.382769 0 0
    6 -2.627399 -1.825295 63.683461 -0.309315 -0.782816 -0.539929 0 0
    6 -2.627731 -2.588760 65.978040 0.077297 -0.828594 -0.554489 0 0
  phy
    6 -2.627731 -2.588760 65.978040 0.077297 -0.828594 -0.554489 0 0
    6 -3.761008 0.283971 65.896871 0.009574 -0.998950 -0.044811 0 0
    6 -2.870546 -1.919583 64.998594 -0.057366 -0.922061 -0.382769 0 0
  phy
    6 -2.870546 -1.919583 64.998594 -0.057366 -0.922061 -0.382769 0 0
    6 -3.761008 0.283971 65.896871 0.009574 -0.998950 -0.044811 0 0
    6 -2.627399 -1.825295 63.683461 -0.309315 -0.782816 -0.539929 0 0
  phy
    6 0.035841 -3.608038 67.213550 0.448551 0.000547 -0.893757 0 0
    6 -1.196473 -3.393777 67.242818 0.351022 -0.298384 -0.887553 0 0
    6 0.022150 -3.705361 64.518459 -0.005949 0.000038 -0.999982 0 0
  phy
    6 -3.048406 1.642534 68.185421 0.308606 -0.896737 0.317214 0 0
    6 -3.761008 0.283971 65.896871 0.009574 -0.998950 -0.044811 0 0
    6 -3.298509 0.212728 67.814481 0.376752 -0.925111 -0.047193 0 0
  phy
    6 -3.048406 1.642534 68.185421 0.308606 -0.896737 0.317214 0 0
    6 -2.336095 2.780715 68.400622 0.397261 -0.660550 0.637070 0 0
    6 -2.692018 3.063955 66.534640 -0.218231 -0.755006 0.618338 0 0
  phy
    6 -2.692018 3.063955 66.534640 -0.218231 -0.755006 0.618338 0 0
    6 -3.761008 0.283971 65.896871 0.009574 -0.998950 -0.044811 0 0
    6 -3.048406 1.642534 68.185421 0.308606 -0.896737 0.317214 0 0
  phy
    6 -2.461675 1.262799 63.552486 -0.585390 -0.698642 0.411360 0 0
    6 -0.863486 1.325208 62.357073 -0.887447 -0.330204 0.321563 0 0
    6 -2.663392 0.469866 63.387051 -0.747334 -0.660302 0.074114 0 0
  phy
    6 -0.863486 1.325208 62.357073 -0.887447 -0.330204 0.321563 0 0
    6 -2.461675 1.262799 63.552486 -0.585390 -0.698642 0.411360 0 0
    6 -1.887263 2.041641 63.736548 -0.674053 -0.481812 0.559919 0 0
  phy
    6 1.347090 -3.474899 64.562205 -0.156231 0.480317 -0.863069 0 0
    6 0.690299 -1.887229 61.703642 -0.716657 0.471135 -0.514231 0 0
    6 2.547761 -0.867883 62.804280 -0.486089 0.787935 -0.377990 0 0
  phy
    6 3.023102 1.642823 68.185302 0.282704 0.899732 0.332507 0 0
    6 2.668537 3.064390 66.534423 -0.181465 0.756831 0.627915 0 0
    6 2.310818 2.781193 68.400398 0.401418 0.659258 0.635801 0 0
  phy
    6 2.668537 3.064390 66.534423 -0.181465 0.756831 0.627915 0 0
    6 3.023102 1.642823 68.185302 0.282704 0.899732 0.332507 0 0
    6 3.734005 0.247622 65.889205 -0.008487 0.998384 -0.056193 0 0
  phy
    6 -0.646014 -1.890540 61.717838 -0.620735 -0.518676 -0.587932 0 0
    6 -1.027588 -0.135744 61.974872 -0.845669 -0.533693 -0.004016 0 0
    6 -0.562330 -0.330396 61.873380 -0.999508 -0.012337 0.028846 0 0
  phy
    6 -1.027569 2.536089 63.832365 -0.658603 -0.237892 0.713897 0 0
    6 -0.863486 1.325208 62.357073 -0.887447 -0.330204 0.321563 0 0
    6 -1.887263 2.041641 63.736548 -0.674053 -0.481812 0.559919 0 0
  phy
    6 0.980566 1.990441 69.405824 0.792006 0.163565 0.588194 0 0
    6 1.244804 3.438404 68.525360 0.283960 0.336999 0.897663 0 0
    6 -0.012633 3.670062 68.569474 0.511709 -0.000022 0.859159 0 0
  phy
    6 1.244804 3.438404 68.525360 0.283960 0.336999 0.897663 0 0
    6 -0.011738 3.910995 66.695290 -0.184495 -0.000060 0.982834 0 0
    6 -0.012633 3.670062 68.569474 0.511709 -0.000022 0.859159 0 0
  phy
    6 1.244804 3.438404 68.525360 0.283960 0.336999 0.897663 0 0
    6 2.668537 3.064390 66.534423 -0.181465 0.756831 0.627915 0 0
    6 1.121509 3.687443 66.651207 -0.300854 0.279407 0.911821 0 0
  phy
    6 1.121509 3.687443 66.651207 -0.300854 0.279407 0.911821 0 0
    6 -0.011738 3.910995 66.695290 -0.184495 -0.000060 0.982834 0 0
    6 1.244804 3.438404 68.525360 0.283960 0.336999 0.897663 0 0
  phy
    6 -1.027588 -0.135744 61.974872 -0.845669 -0.533693 -0.004016 0 0
    6 -0.863486 1.325208 62.357073 -0.887447 -0.330204 0.321563 0 0
    6 -0.562330 -0.330396 61.873380 -0.999508 -0.012337 0.028846 0 0
  phy
    6 -2.663392 0.469866 63.387051 -0.747334 -0.660302 0.074114 0 0
    6 -0.863486 1.325208 62.357073 -0.887447 -0.330204 0.321563 0 0
    6 -1.027588 -0.135744 61.974872 -0.845669 -0.533693 -0.004016 0 0
  phy
    6 2.903525 -1.634501 65.125802 -0.160080 0.909887 -0.382728 0 0
    6 2.547761 -0.867883 62.804280 -0.486089 0.787935 -0.377990 0 0
    6 3.734005 0.247622 65.889205 -0.008487 0.998384 -0.056193 0 0
  phy
    6 1.244804 3.438404 68.525360 0.283960 0.336999 0.897663 0 0
    6 2.310818 2.781193 68.400398 0.401418 0.659258 0.635801 0 0
    6 2.668537 3.064390 66.534423 -0.181465 0.756831 0.627915 0 0
  phy
    6 3.448742 0.526935 64.520125 -0.393391 0.880453 0.264661 0 0
    6 2.668537 3.064390 66.534423 -0.181465 0.756831 0.627915 0 0
    6 3.734005 0.247622 65.889205 -0.008487 0.998384 -0.056193 0 0
  phy
    6 2.547761 -0.867883 62.804280 -0.486089 0.787935 -0.377990 0 0
    6 3.448742 0.526935 64.520125 -0.393391 0.880453 0.264661 0 0
    6 3.734005 0.247622 65.889205 -0.008487 0.998384 -0.056193 0 0
  phy
    55 -4.369598 -3.585009 2.274155 0.213186 0.696451 -0.685207 0 0
    55 -2.167135 -3.589473 2.263440 0.142972 -0.570229 -0.808949 0 0
    55 -2.402740 -2.798839 2.327568 -0.948182 -0.131979 -0.289018 0 0
  phy
    55 -3.968195 -2.805392 2.334409 -0.898406 0.386120 -0.209232 0 0
    55 -4.369598 -3.585009 2.274155 0.213186 0.696451 -0.685207 0 0
    55 -2.402740 -2.798839 2.327568 -0.948182 -0.131979 -0.289018 0 0
  phy
    55 -2.167135 -3.589473 2.263440 0.142972 -0.570229 -0.808949 0 0
    55 -4.369598 -3.585009 2.274155 0.213186 0.696451 -0.685207 0 0
    55 -1.847669 -5.243229 1.407918 0.488187 -0.536159 -0.688627 0 0
  phy
    55 -1.847669 -5.243229 1.407918 0.488187 -0.536159 -0.688627 0 0
    55 -4.369598 -3.585009 2.274155 0.213186 0.696451 -0.685207 0 0
    55 -4.429777 -5.246723 1.415972 0.842382 0.239449 -0.482759 0 0
  phy
    55 -4.429777 -5.246723 1.415972 0.842382 0.239449 -0.482759 0 0
    55 -4.369598 -3.585009 2.274155 0.213186 0.696451 -0.685207 0 0
    55 -4.518097 -5.449701 0.057028 0.377927 0.706648 0.598180 0 0
  phy
    55 -4.369598 -3.585009 2.274155 0.213186 0.696451 -0.685207 0 0
    55 -4.482485 -2.989627 -0.145061 -0.565733 0.361081 0.741328 0 0
    55 -4.518097 -5.449701 0.057028 0.377927 0.706648 0.598180 0 0
  phy
    55 -4.369598 -3.585009 2.274155 0.213186 0.696451 -0.685207 0 0
    55 -3.968195 -2.805392 2.334409 -0.898406 0.386120 -0.209232 0 0
    55 -4.482485 -2.989627 -0.145061 -0.565733 0.361081 0.741328 0 0
  phy
    55 -1.847669 -5.243229 1.407918 0.488187 -0.536159 -0.688627 0 0
    55 -2.011638 -2.940160 0.377386 -0.749131 -0.656021 -0.091868 0 0
    55 -2.167135 -3.589473 2.263440 0.142972 -0.570229 -0.808949 0 0
  phy
    55 -2.011638 -2.940160 0.377386 -0.749131 -0.656021 -0.091868 0 0
    55 -2.402740 -2.798839 2.327568 -0.948182 -0.131979 -0.289018 0 0
    55 -2.167135 -3.589473 2.263440 0.142972 -0.570229 -0.808949 0 0
  phy
    55 -4.482485 -2.989627 -0.145061 -0.565733 0.361081 0.741328 0 0
    55 -3.968195 -2.805392 2.334409 -0.898406 0.386120 -0.209232 0 0
    55 -2.402740 -2.798839 2.327568 -0.948182 -0.131979 -0.289018 0 0
  phy
    55 -1.847669 -5.243229 1.407918 0.488187 -0.536159 -0.688627 0 0
    55 -2.002702 -2.994648 -0.157123 -0.142569 -0.659774 0.737816 0 0
    55 -2.011638 -2.940160 0.377386 -0.749131 -0.656021 -0.091868 0 0
  phy
    55 -1.847669 -5.243229 1.407918 0.488187 -0.536159 -0.688627 0 0
    55 -1.853886 -5.509857 0.048562 0.546125 -0.303874 0.780646 0 0
    55 -2.002702 -2.994648 -0.157123 -0.142569 -0.659774 0.737816 0 0
  phy
    55 -4.429777 -5.246723 1.415972 0.842382 0.239449 -0.482759 0 0
    55 -1.853886 -5.509857 0.048562 0.546125 -0.303874 0.780646 0 0
    55 -1.847669 -5.243229 1.407918 0.488187 -0.536159 -0.688627 0 0
  phy
    55 -4.482485 -2.989627 -0.145061 -0.565733 0.361081 0.741328 0 0
    55 -2.011638 -2.940160 0.377386 -0.749131 -0.656021 -0.091868 0 0
    55 -2.002702 -2.994648 -0.157123 -0.142569 -0.659774 0.737816 0 0
  phy
    55 -2.011638 -2.940160 0.377386 -0.749131 -0.656021 -0.091868 0 0
    55 -4.482485 -2.989627 -0.145061 -0.565733 0.361081 0.741328 0 0
    55 -2.402740 -2.798839 2.327568 -0.948182 -0.131979 -0.289018 0 0
  phy
    55 -4.518097 -5.449701 0.057028 0.377927 0.706648 0.598180 0 0
    55 -1.853886 -5.509857 0.048562 0.546125 -0.303874 0.780646 0 0
    55 -4.429777 -5.246723 1.415972 0.842382 0.239449 -0.482759 0 0
  phy
    55 -2.002702 -2.994648 -0.157123 -0.142569 -0.659774 0.737816 0 0
    55 -1.853886 -5.509857 0.048562 0.546125 -0.303874 0.780646 0 0
    55 -4.482485 -2.989627 -0.145061 -0.565733 0.361081 0.741328 0 0
  phy
    55 -4.482485 -2.989627 -0.145061 -0.565733 0.361081 0.741328 0 0
    55 -1.853886 -5.509857 0.048562 0.546125 -0.303874 0.780646 0 0
    55 -4.518097 -5.449701 0.057028 0.377927 0.706648 0.598180 0 0
end
