// Created by Crowbar++ 0.74
version 1
nodes
  0 "ValveBiped.Bip01_Pelvis" -1
  1 "ValveBiped.Bip01_Spine" 0
  2 "ValveBiped.Bip01_Spine1" 1
  3 "ValveBiped.Bip01_Spine2" 2
  4 "ValveBiped.Bip01_Spine4" 3
  5 "ValveBiped.Bip01_Neck1" 4
  6 "ValveBiped.Bip01_Head1" 5
  7 "ValveBiped.forward" 6
  8 "ValveBiped.Bip01_L_Clavicle" 4
  9 "ValveBiped.Bip01_L_UpperArm" 8
  10 "ValveBiped.Bip01_L_Forearm" 9
  11 "ValveBiped.Bip01_L_Hand" 10
  12 "ValveBiped.Anim_Attachment_LH" 11
  13 "ValveBiped.Bip01_L_Finger4" 11
  14 "ValveBiped.Bip01_L_Finger41" 13
  15 "ValveBiped.Bip01_L_Finger42" 14
  16 "ValveBiped.Bip01_L_Finger3" 11
  17 "ValveBiped.Bip01_L_Finger31" 16
  18 "ValveBiped.Bip01_L_Finger32" 17
  19 "ValveBiped.Bip01_L_Finger2" 11
  20 "ValveBiped.Bip01_L_Finger21" 19
  21 "ValveBiped.Bip01_L_Finger22" 20
  22 "ValveBiped.Bip01_L_Finger1" 11
  23 "ValveBiped.Bip01_L_Finger11" 22
  24 "ValveBiped.Bip01_L_Finger12" 23
  25 "ValveBiped.Bip01_L_Finger0" 11
  26 "ValveBiped.Bip01_L_Finger01" 25
  27 "ValveBiped.Bip01_L_Finger02" 26
  28 "ValveBiped.Bip01_R_Clavicle" 4
  29 "ValveBiped.Bip01_R_UpperArm" 28
  30 "ValveBiped.Bip01_R_Forearm" 29
  31 "ValveBiped.Bip01_R_Hand" 30
  32 "ValveBiped.Anim_Attachment_RH" 31
  33 "ValveBiped.Bip01_R_Finger4" 31
  34 "ValveBiped.Bip01_R_Finger41" 33
  35 "ValveBiped.Bip01_R_Finger42" 34
  36 "ValveBiped.Bip01_R_Finger3" 31
  37 "ValveBiped.Bip01_R_Finger31" 36
  38 "ValveBiped.Bip01_R_Finger32" 37
  39 "ValveBiped.Bip01_R_Finger2" 31
  40 "ValveBiped.Bip01_R_Finger21" 39
  41 "ValveBiped.Bip01_R_Finger22" 40
  42 "ValveBiped.Bip01_R_Finger1" 31
  43 "ValveBiped.Bip01_R_Finger11" 42
  44 "ValveBiped.Bip01_R_Finger12" 43
  45 "ValveBiped.Bip01_R_Finger0" 31
  46 "ValveBiped.Bip01_R_Finger01" 45
  47 "ValveBiped.Bip01_R_Finger02" 46
  48 "ValveBiped.Bip01_L_Thigh" 0
  49 "ValveBiped.Bip01_L_Calf" 48
  50 "ValveBiped.Bip01_L_Foot" 49
  51 "ValveBiped.Bip01_L_Toe0" 50
  52 "ValveBiped.Bip01_R_Thigh" 0
  53 "ValveBiped.Bip01_R_Calf" 52
  54 "ValveBiped.Bip01_R_Foot" 53
  55 "ValveBiped.Bip01_R_Toe0" 54
  56 "ValveBiped.Bip2" 0
  57 "ValveBiped.Bip3" 0
  58 "ValveBiped.Bip4" 0
  59 "ValveBiped.Bip5" 0
  60 "ValveBiped.Bip8" 0
  61 "ValveBiped.Bip9" 0
  62 "ValveBiped.Bip10" 0
  63 "ValveBiped.Bip11" 0
  64 "ValveBiped.Bip12" 0
  65 "ValveBiped.Bip1" 64
  66 "ValveBiped.Bip7" 0
  67 "ValveBiped.Bip6" 66
  68 "ValveBiped.Bip14" 0
  69 "ValveBiped.Bip13" 68
  70 "pd.103" 4
  71 "pd.104" 4
  72 "pd.128" 56
  73 "pd.129" 72
  74 "pd.130" 73
  75 "pd.131" 74
  76 "pd.132" 57
  77 "pd.133" 76
  78 "pd.134" 77
  79 "pd.135" 78
  80 "pd.136" 58
  81 "pd.137" 80
  82 "pd.138" 81
  83 "pd.139" 82
  84 "pd.140" 59
  85 "pd.141" 84
  86 "pd.142" 85
  87 "pd.143" 86
  88 "pd.144" 60
  89 "pd.145" 88
  90 "pd.146" 89
  91 "pd.147" 90
  92 "pd.148" 61
  93 "pd.149" 92
  94 "pd.150" 93
  95 "pd.151" 94
  96 "pd.152" 62
  97 "pd.153" 96
  98 "pd.154" 97
  99 "pd.155" 98
  100 "pd.156" 63
  101 "pd.157" 100
  102 "pd.158" 101
  103 "pd.159" 102
  104 "pd.160" 65
  105 "pd.161" 104
  106 "pd.162" 105
  107 "pd.163" 106
  108 "pd.164" 67
  109 "pd.165" 108
  110 "pd.166" 109
  111 "pd.167" 110
  112 "pd" 6
  113 "pd.001" 6
  114 "pd.002" 6
  115 "pd.003" 6
  116 "pd.004" 6
  117 "pd.005" 6
  118 "pd.006" 6
  119 "pd.007" 6
  120 "pd.008" 6
  121 "pd.015" 6
  122 "pd.016" 121
  123 "pd.017" 122
  124 "pd.018" 123
  125 "pd.019" 124
  126 "pd.020" 125
  127 "pd.021" 126
  128 "pd.022" 127
  129 "pd.023" 128
  130 "pd.024" 129
  131 "pd.025" 130
  132 "pd.026" 131
  133 "pd.027" 132
  134 "pd.028" 133
  135 "pd.029" 134
  136 "pd.030" 135
  137 "pd.031" 136
  138 "pd.032" 137
  139 "pd.033" 138
  140 "pd.034" 128
  141 "pd.035" 140
  142 "pd.036" 141
  143 "pd.037" 142
  144 "pd.038" 143
  145 "pd.039" 144
  146 "pd.040" 145
  147 "pd.041" 146
  148 "pd.042" 147
  149 "pd.043" 148
  150 "pd.044" 149
  151 "pd.045" 150
  152 "pd.046" 151
  153 "pd.047" 128
  154 "pd.048" 153
  155 "pd.049" 154
  156 "pd.050" 155
  157 "pd.051" 156
  158 "pd.052" 157
  159 "pd.053" 158
  160 "pd.054" 159
  161 "pd.055" 160
  162 "pd.056" 161
  163 "pd.057" 162
  164 "pd.058" 6
  165 "pd.059" 164
  166 "pd.060" 165
  167 "pd.061" 166
  168 "pd.062" 167
  169 "pd.063" 168
  170 "pd.064" 169
  171 "pd.065" 170
  172 "pd.066" 171
  173 "pd.067" 172
  174 "pd.068" 173
  175 "pd.069" 174
  176 "pd.070" 175
  177 "pd.071" 176
  178 "pd.072" 177
  179 "pd.073" 178
  180 "pd.074" 179
  181 "pd.075" 180
  182 "pd.076" 181
  183 "pd.077" 171
  184 "pd.078" 183
  185 "pd.079" 184
  186 "pd.080" 185
  187 "pd.081" 186
  188 "pd.082" 187
  189 "pd.083" 188
  190 "pd.084" 189
  191 "pd.085" 190
  192 "pd.086" 191
  193 "pd.087" 192
  194 "pd.088" 193
  195 "pd.089" 194
  196 "pd.090" 171
  197 "pd.091" 196
  198 "pd.092" 197
  199 "pd.093" 198
  200 "pd.094" 199
  201 "pd.095" 200
  202 "pd.096" 201
  203 "pd.097" 202
  204 "pd.098" 203
  205 "pd.099" 204
  206 "pd.100" 205
  207 "pd.107" 1
  208 "pd.108" 207
  209 "pd.109" 208
  210 "pd.110" 209
  211 "pd.111" 207
  212 "pd.112" 211
  213 "pd.113" 212
  214 "pd.114" 213
  215 "pd.115" 207
  216 "pd.116" 215
  217 "pd.117" 216
  218 "pd.118" 207
  219 "pd.119" 218
  220 "pd.120" 219
  221 "pd.121" 207
  222 "pd.122" 221
  223 "pd.123" 222
  224 "pd.124" 223
  225 "pd.125" 207
  226 "pd.126" 225
  227 "pd.127" 226
  228 "pd.009" 6
  229 "pd.010" 228
  230 "pd.011" 228
  231 "pd.012" 6
  232 "pd.013" 231
  233 "pd.014" 231
  234 "pd.101" 6
  235 "pd.102" 6
  236 "pd.105" 4
  237 "pd.106" 4
  238 "pd.168" 69
  239 "pd.169" 238
  240 "pd.170" 239
  241 "pd.171" 240
  242 "pd.172" 241
  243 "pd.173" 242
  244 "pd.174" 243
end
skeleton
  time 0
    0 0.000000 -0.967105 44.122166 1.570796 0.000000 0.000000
    1 0.000000 3.523758 0.029950 1.570796 -0.027985 1.570796
    2 0.000000 0.000000 0.000000 0.000000 0.000000 -0.112621
    3 3.710045 0.150944 -0.000002 0.000000 0.000000 -0.012638
    4 0.000004 -0.000001 0.000000 0.000000 0.000000 0.155823
    5 8.192108 -2.246392 -0.000003 3.141589 0.000000 0.224089
    6 2.810970 0.786394 0.000004 0.000000 0.000000 0.109869
    7 0.000000 0.000000 0.000000 -1.570795 0.000000 -1.326470
    8 7.248871 -2.063121 0.799392 1.638345 -1.334142 2.900122
    9 3.406890 -0.117195 -0.331688 -1.453546 0.015826 0.236135
    10 8.927933 0.000001 -0.000004 0.000000 0.000000 0.000000
    11 8.244890 0.000000 -0.000004 1.570796 0.000000 0.000000
    12 2.676094 -1.712418 -0.000012 1.570821 -0.000023 1.570619
    13 2.602129 0.043274 -1.213689 0.000000 0.000000 0.000000
    14 0.978357 0.000000 0.000000 0.000000 0.000000 0.000000
    15 0.578138 0.000000 0.000000 0.000000 0.000000 0.000000
    16 2.666882 0.187336 -0.542830 0.000000 0.000000 0.000000
    17 1.355406 0.000000 0.000000 0.000000 0.000000 0.000000
    18 0.832703 0.000000 0.000000 0.000000 0.000000 0.000000
    19 2.710474 0.161205 0.196588 0.000000 0.000000 0.000000
    20 1.473167 0.000000 0.000000 0.000000 0.000000 0.000000
    21 0.846321 0.000000 0.000000 0.000000 0.000000 0.000000
    22 2.591167 0.126434 0.967711 0.000000 0.000000 0.000000
    23 1.352854 0.000000 0.000000 0.000000 0.000000 0.000000
    24 0.781221 0.000000 0.000000 0.000000 0.000000 0.000000
    25 0.584726 -0.519913 0.370771 -1.301623 -0.446182 -0.627531
    26 1.518351 -0.367496 0.544430 0.000854 0.001836 0.392753
    27 0.979181 -0.236278 0.537338 0.004490 0.012339 0.062293
    28 7.248871 -2.063119 -0.799398 -1.710090 1.334149 2.900126
    29 3.406892 -0.140697 0.322426 1.523337 -0.032557 0.234439
    30 8.927931 -0.000001 0.000004 0.000000 0.000000 0.000000
    31 8.244888 -0.000001 0.000004 -1.570796 0.000000 0.000000
    32 2.676144 -1.712357 0.000080 -1.570742 -0.000010 -1.571256
    33 2.602133 0.043266 1.213689 0.000000 0.000000 0.000000
    34 0.978361 -0.000004 0.000000 0.000000 0.000000 0.000000
    35 0.578136 0.000000 0.000000 0.000000 0.000000 0.000000
    36 2.666882 0.187328 0.542829 0.000000 0.000000 0.000000
    37 1.355406 0.000000 0.000000 0.000000 0.000000 0.000000
    38 0.832703 -0.000004 0.000000 0.000000 0.000000 0.000000
    39 2.710476 0.161201 -0.196589 0.000000 0.000000 0.000000
    40 1.473166 0.000000 0.000000 0.000000 0.000000 0.000000
    41 0.846323 -0.000004 0.000000 0.000000 0.000000 0.000000
    42 2.591166 0.126427 -0.967711 0.000000 0.000000 0.000000
    43 1.352856 0.000000 0.000000 0.000000 0.000000 0.000000
    44 0.781223 -0.000004 0.000000 0.000000 0.000000 0.000000
    45 0.584728 -0.519913 -0.370771 1.301648 0.446144 -0.627495
    46 1.518348 -0.367567 -0.544395 -0.000880 -0.001832 0.392738
    47 0.979185 -0.236300 -0.537319 -0.004467 -0.012334 0.062301
    48 3.050961 -1.782368 -1.228622 -1.570796 0.000000 -1.570796
    49 16.332626 -0.000004 -0.000009 0.000000 0.000000 0.000000
    50 20.043091 -0.000004 -0.000011 0.014671 -0.023907 -1.075671
    51 6.307809 1.971855 -0.164771 -0.011148 0.000933 -0.500514
    52 -3.050961 -1.782368 -1.228622 -1.570796 0.000000 -1.570796
    53 16.332621 -0.000004 -0.000005 0.000000 0.000000 0.000000
    54 20.043093 -0.000004 -0.000006 -0.010594 0.011412 -1.078506
    55 6.303392 1.991225 0.078041 -0.078652 -0.006186 -0.498944
    56 2.711403 5.259277 3.132617 1.371211 -0.247101 0.301329
    57 4.387142 5.259281 1.076985 1.499231 -0.393673 0.422072
    58 4.387142 5.259281 -1.463916 1.706652 -0.391307 0.342493
    59 2.711402 5.259277 -3.519549 1.901471 -0.238775 0.170884
    60 -2.711403 5.259277 -3.519548 1.901471 0.237171 -0.169732
    61 -4.387142 5.259281 -1.463915 1.706652 0.388846 -0.340325
    62 -4.387142 5.259281 1.076986 1.499232 0.391200 -0.419431
    63 -2.711403 5.259277 3.132617 1.371210 0.245443 -0.299324
    64 0.000000 5.259277 3.917799 1.323785 0.000000 0.000000
    65 0.000000 0.000000 0.000004 0.000000 0.000000 0.000000
    66 0.000000 5.259281 -4.304729 1.970281 0.000000 0.000000
    67 0.000000 -0.000004 0.000004 0.000000 0.000000 0.000000
    68 0.000000 3.365860 -2.270664 -3.016978 0.000000 0.000000
    69 0.000000 0.000004 0.000000 0.000000 0.000000 0.000000
    70 3.894241 1.243716 -2.273654 1.965025 -0.040515 3.131485
    71 3.894238 1.243715 2.273654 -1.176566 -0.040514 -0.010107
    72 -0.021326 -0.017084 3.075672 0.022751 -0.028101 -0.026980
    73 -0.073547 -0.051170 4.743092 0.032584 -0.044850 -0.044624
    74 -0.077495 -0.047066 5.165989 0.026438 -0.041664 -0.042026
    75 -0.074110 -0.038752 5.888031 0.018344 -0.034146 -0.034681
    76 -0.032290 -0.011740 3.170059 0.014622 -0.041277 -0.035567
    77 -0.107449 -0.020611 4.862347 0.013008 -0.064785 -0.059688
    78 -0.111515 -0.002520 5.261139 0.002053 -0.060101 -0.057736
    79 -0.106655 0.014372 5.961823 -0.006441 -0.049617 -0.049160
    80 -0.026825 0.001395 3.190907 -0.002934 -0.034445 -0.029117
    81 -0.089855 0.025994 4.906704 -0.016522 -0.055039 -0.049700
    82 -0.095390 0.049047 5.307724 -0.026490 -0.052409 -0.049634
    83 -0.093845 0.065496 6.001842 -0.030397 -0.044484 -0.043642
    84 -0.011630 0.020613 3.179478 -0.027449 -0.015638 -0.015519
    85 -0.042721 0.080910 4.884434 -0.050135 -0.027670 -0.027213
    86 -0.049829 0.096235 5.281723 -0.052275 -0.028571 -0.028122
    87 -0.052511 0.100945 5.976290 -0.046859 -0.025621 -0.025339
    88 0.015903 0.021338 3.177238 -0.028113 0.020374 0.018820
    89 0.047289 0.081381 4.877136 -0.050187 0.028997 0.027920
    90 0.043223 0.094965 5.276382 -0.051666 0.023554 0.024140
    91 0.035468 0.098776 5.977041 -0.046042 0.016383 0.018087
    92 0.033083 0.003553 3.185020 -0.004793 0.041400 0.035424
    93 0.096363 0.027191 4.887688 -0.016423 0.056944 0.051228
    94 0.084818 0.045254 5.293816 -0.024684 0.044623 0.042711
    95 0.067105 0.059410 6.003803 -0.028195 0.030099 0.031089
    96 0.038330 -0.009118 3.164131 0.012460 0.047969 0.043268
    97 0.113415 -0.019338 4.843170 0.013353 0.066404 0.061570
    98 0.100536 -0.007123 5.247093 0.004238 0.052229 0.049703
    99 0.079924 0.007468 5.963799 -0.004057 0.035424 0.035002
    100 0.025406 -0.015861 3.073360 0.021744 0.032580 0.032742
    101 0.077185 -0.050655 4.735600 0.032812 0.045605 0.045842
    102 0.069947 -0.049222 5.160545 0.027450 0.036395 0.036073
    103 0.056913 -0.041794 5.888805 0.019348 0.025229 0.024706
    104 0.000001 -0.022074 3.017406 0.029728 -0.000001 0.000000
    105 0.000007 -0.072325 4.674877 0.045213 0.000001 0.000000
    106 0.000004 -0.072306 5.116188 0.039499 -0.000001 0.000000
    107 0.000008 -0.065177 5.851667 0.030159 -0.000003 0.000000
    108 0.000000 0.027422 3.170170 -0.036187 0.000000 0.000000
    109 0.000002 0.099876 4.862431 -0.061972 0.000000 0.000000
    110 0.000003 0.111992 5.256622 -0.061199 0.000001 0.000000
    111 -0.000001 0.112280 5.953030 -0.052385 -0.000003 0.000000
    112 3.761497 -0.484362 -3.660547 -0.900179 1.161913 2.643719
    113 3.752853 -1.560328 -3.605245 -0.789065 0.912032 2.532620
    114 4.474640 -3.523696 -2.361130 2.675599 0.700163 -0.932028
    115 7.239937 -2.863720 -1.353375 2.392258 1.211417 -0.648675
    116 5.828751 -3.266319 -0.422032 2.581944 0.323357 -0.838376
    117 6.404037 -2.955704 0.813580 2.356718 1.046823 -0.613147
    118 3.398285 -0.913291 3.507390 2.329320 1.057333 -0.585752
    119 3.304718 -2.181828 3.297226 2.389322 1.112993 -0.645736
    120 5.089508 -2.145199 2.833681 2.371626 1.510808 -0.628243
    121 3.309242 3.021448 2.807659 0.145870 0.352522 1.597699
    122 -0.000002 1.299175 0.000000 2.863876 -1.026024 0.140310
    123 1.483128 0.889118 -0.760393 -1.723425 -0.954308 -2.931849
    124 0.000001 0.000006 1.098301 -0.011182 0.114293 0.088735
    125 -0.031181 -0.045309 2.776104 0.072845 -0.059048 -0.048706
    126 -0.063147 -0.055231 3.387466 0.053852 -0.069808 -0.055545
    127 -0.073409 -0.021782 3.800297 0.017832 -0.053762 -0.039335
    128 0.000000 0.000000 1.901588 -0.191357 0.059709 0.055031
    129 0.508658 0.249132 2.020947 0.152654 -0.080674 -0.091023
    130 -0.021115 -0.005932 3.975941 0.018894 -0.028664 -0.023641
    131 -0.068426 0.014626 3.999939 -0.000226 -0.062980 -0.043719
    132 -0.007289 0.005527 4.039022 0.012551 0.027198 0.016563
    133 -0.000628 -0.025537 3.672590 0.024792 0.003099 -0.002792
    134 -0.135418 -0.087128 4.137640 0.062914 0.003334 -0.010280
    135 0.098037 -0.014038 3.938133 0.050502 0.075713 0.040403
    136 0.000000 0.000000 1.657495 0.041547 0.036246 0.016576
    137 0.152488 -0.043791 3.310966 0.069626 0.165611 0.093920
    138 0.319344 -0.179604 4.414724 0.182635 0.192651 0.123485
    139 0.315797 -0.299946 4.960559 -0.172145 0.156200 0.030440
    140 -1.403287 -1.245106 1.653469 0.359794 -0.150586 -0.212232
    141 -0.036385 -0.040253 4.010429 0.027873 -0.013964 -0.014459
    142 0.039886 -0.009483 4.181780 0.011456 0.007395 0.001500
    143 -0.012575 0.024719 4.669813 -0.037712 -0.000559 0.008144
    144 0.003522 0.076195 4.128000 -0.144606 0.004083 0.033468
    145 0.057060 0.140339 3.777660 -0.156636 0.079873 0.079571
    146 -0.000002 0.000002 1.827112 -0.096845 0.068789 0.065894
    147 0.000005 0.000008 1.819405 -0.025411 0.082010 0.074106
    148 -0.000027 0.000006 1.796610 -0.053664 0.068113 0.061034
    149 0.143147 0.090977 3.417555 -0.078907 0.233384 0.206127
    150 0.299864 0.076643 3.734957 0.073279 0.346200 0.399053
    151 0.205663 -0.102530 3.289310 0.188572 0.187720 0.357340
    152 0.187447 -0.369926 3.245319 0.063889 -0.263370 -0.208770
    153 2.697930 0.437963 2.522320 0.120394 0.014650 0.003640
    154 -0.107486 -0.161879 4.179699 0.166631 -0.086351 -0.087082
    155 -0.105448 -0.232380 4.477386 0.197241 -0.070590 -0.081981
    156 -0.054009 -0.142471 4.558023 0.126629 -0.045738 -0.050372
    157 -0.032272 -0.069145 3.613425 0.064674 -0.047010 -0.035167
    158 -0.037061 0.026768 3.770075 -0.065050 -0.050752 -0.000997
    159 -0.069773 0.200871 3.797598 -0.258059 -0.065538 0.050786
    160 -0.097511 0.349506 3.709995 -0.367298 -0.091252 0.075873
    161 -0.030209 0.308874 3.588842 -0.337832 0.077508 0.172665
    162 0.153002 0.295004 3.523855 -0.288480 0.299089 0.389546
    163 0.192851 0.188094 2.468798 0.033129 0.438087 0.812831
    164 3.309235 3.021465 -2.807641 -2.995720 0.352528 -1.543893
    165 0.000000 1.299175 0.000000 2.863876 1.026010 -0.140306
    166 -1.483133 0.889126 -0.760418 -1.723435 0.954314 2.931837
    167 -0.000006 -0.000002 1.098301 -0.011182 -0.114298 -0.088737
    168 0.031177 -0.045311 2.776096 0.072845 0.059047 0.048706
    169 0.063149 -0.055231 3.387466 0.053852 0.069808 0.055545
    170 0.073413 -0.021780 3.800289 0.017832 0.053764 0.039335
    171 0.000002 -0.000002 1.901588 -0.191357 -0.059713 -0.055024
    172 -0.508654 0.249136 2.020947 0.152655 0.080680 0.091018
    173 0.021119 -0.005928 3.975933 0.018894 0.028663 0.023643
    174 0.068434 0.014627 3.999947 -0.000226 0.062982 0.043718
    175 0.007291 0.005524 4.039026 0.012551 -0.027196 -0.016564
    176 0.000624 -0.025537 3.672588 0.024791 -0.003099 0.002793
    177 0.135412 -0.087130 4.137642 0.062914 -0.003335 0.010281
    178 -0.098038 -0.014040 3.938129 0.050502 -0.075712 -0.040404
    179 0.000000 0.000000 1.657490 0.041547 -0.036248 -0.016575
    180 -0.152492 -0.043795 3.310970 0.069626 -0.165611 -0.093922
    181 -0.319357 -0.179602 4.414725 0.182634 -0.192652 -0.123486
    182 -0.315814 -0.299955 4.960563 -0.172145 -0.156203 -0.030440
    183 1.403308 -1.245113 1.653461 0.359794 0.150591 0.212228
    184 0.036398 -0.040260 4.010426 0.027874 0.013967 0.014459
    185 -0.039887 -0.009483 4.181797 0.011455 -0.007395 -0.001500
    186 0.012575 0.024708 4.669821 -0.037712 0.000559 -0.008144
    187 -0.003523 0.076199 4.128008 -0.144605 -0.004083 -0.033468
    188 -0.057062 0.140339 3.777658 -0.156635 -0.079873 -0.079572
    189 0.000000 0.000006 1.827118 -0.096844 -0.068790 -0.065895
    190 -0.000009 0.000010 1.819410 -0.025411 -0.082011 -0.074107
    191 0.000027 0.000004 1.796608 -0.053664 -0.068114 -0.061034
    192 -0.143153 0.090969 3.417557 -0.078908 -0.233386 -0.206128
    193 -0.299873 0.076631 3.734959 0.073278 -0.346198 -0.399055
    194 -0.205668 -0.102563 3.289330 0.188570 -0.187718 -0.357339
    195 -0.187449 -0.369966 3.245340 0.063889 0.263368 0.208768
    196 -2.697953 0.437979 2.522327 0.120394 -0.014646 -0.003645
    197 0.107490 -0.161877 4.179699 0.166631 0.086351 0.087082
    198 0.105456 -0.232386 4.477375 0.197240 0.070591 0.081982
    199 0.054015 -0.142471 4.558029 0.126629 0.045739 0.050372
    200 0.032275 -0.069153 3.613431 0.064673 0.047011 0.035167
    201 0.037062 0.026764 3.770080 -0.065051 0.050752 0.000997
    202 0.069780 0.200867 3.797603 -0.258059 0.065538 -0.050786
    203 0.097515 0.349510 3.710004 -0.367299 0.091254 -0.075876
    204 0.030205 0.308855 3.588852 -0.337830 -0.077508 -0.172666
    205 -0.153004 0.295002 3.523855 -0.288478 -0.299090 -0.389552
    206 -0.192861 0.188094 2.468803 0.033133 -0.438087 -0.812839
    207 3.038773 -3.186367 -0.000004 0.000000 -1.570796 -1.598781
    208 -1.259778 -0.110737 0.228234 1.581472 1.308281 -1.297982
    209 -0.000001 0.000000 1.663316 0.000004 -0.000002 -0.000002
    210 0.000000 0.000000 1.663315 -0.000002 0.000000 0.000000
    211 -1.301082 -0.448425 -0.122918 2.040421 0.526409 -0.327875
    212 0.000001 0.000004 4.296974 0.216396 0.205320 0.064361
    213 0.000000 0.000000 5.293940 -0.136099 0.001000 0.029709
    214 0.000002 0.000004 4.673290 -0.052714 0.003415 0.013170
    215 -1.181794 -0.334217 -0.513912 2.246439 0.707787 -0.351069
    216 0.000001 -0.000008 4.514694 0.102094 0.071610 -0.013054
    217 0.000005 0.000004 4.566620 -0.095016 0.147985 0.081109
    218 1.259783 -0.110741 0.228234 1.581473 -1.308280 1.297974
    219 0.000001 0.000000 1.663319 0.000004 0.000002 0.000003
    220 -0.000003 0.000004 1.663315 -0.000001 -0.000001 0.000001
    221 1.301088 -0.448425 -0.122919 2.040421 -0.526409 0.327874
    222 0.000000 0.000000 4.296982 0.216396 -0.205320 -0.064361
    223 0.000000 -0.000004 5.293945 -0.136099 -0.001000 -0.029708
    224 -0.000002 0.000004 4.673294 -0.052713 -0.003415 -0.013171
    225 1.181799 -0.334221 -0.513912 2.246439 -0.707787 0.351070
    226 0.000000 0.000004 4.514696 0.102093 -0.071611 0.013055
    227 0.000000 0.000000 4.566618 -0.095016 -0.147985 -0.081109
    228 6.151886 0.783840 1.728969 0.536693 0.361792 1.206873
    229 0.000000 0.000011 2.411968 0.020495 0.016009 -0.025840
    230 -0.631569 -0.002724 1.030853 -0.105429 0.014364 0.078393
    231 6.151878 0.783848 -1.729018 -2.604900 0.361798 -1.934721
    232 0.000004 0.000008 2.411964 0.020495 -0.016009 0.025840
    233 0.631573 -0.002724 1.030849 -0.105429 -0.014364 -0.078393
    234 1.230007 -0.544867 -2.682516 2.356555 1.563104 -0.612323
    235 1.230003 -0.544881 2.682512 -0.785755 1.563102 2.528558
    236 7.641582 1.695580 0.170169 -0.854575 -0.689729 0.657673
    237 7.641582 1.695581 -0.170173 2.287016 -0.689729 -2.483919
    238 0.000000 0.000004 2.319757 -0.210121 0.000000 0.000000
    239 0.000000 -0.000011 2.593413 -0.089771 0.000000 0.000000
    240 0.000001 -0.000019 2.777902 -0.004359 0.000000 0.000000
    241 0.000000 -0.000019 2.801039 0.078065 0.000000 0.000000
    242 0.000001 -0.000011 2.659531 0.187856 0.000000 0.000000
    243 0.000000 -0.000004 2.413889 0.343753 0.000000 0.000000
    244 0.000000 0.000023 2.236877 0.463603 0.000000 0.000000
end
triangles
shoe
  6 -3.012864 4.424009 67.500725 0.772419 0.351189 0.529183 0.000000 1.000000 1 6 1.000000
  6 -2.892248 4.692934 66.862175 0.810588 0.565261 0.153062 0.000000 1.000000 1 6 1.000000
  6 -2.976472 4.710603 67.074615 0.634675 0.706621 0.312847 0.000000 1.000000 1 6 1.000000
shoe
  6 -3.225455 4.468609 67.644409 0.192370 0.683087 0.704547 0.000000 1.000000 1 6 1.000000
  6 -3.012864 4.424009 67.500725 0.772419 0.351189 0.529183 0.000000 1.000000 1 6 1.000000
  6 -2.976472 4.710603 67.074615 0.634675 0.706621 0.312847 0.000000 1.000000 1 6 1.000000
shoe
  6 -3.012864 4.424009 67.500725 0.772419 0.351189 0.529183 0.000000 1.000000 1 6 1.000000
  6 -2.857236 4.391360 67.108192 0.966712 0.094007 0.237973 0.000000 1.000000 1 6 1.000000
  6 -2.892248 4.692934 66.862175 0.810588 0.565261 0.153062 0.000000 1.000000 1 6 1.000000
shoe
  6 -3.225455 4.468609 67.644409 0.192370 0.683087 0.704547 0.000000 1.000000 1 6 1.000000
  6 -2.976472 4.710603 67.074615 0.634675 0.706621 0.312847 0.000000 1.000000 1 6 1.000000
  6 -3.091526 4.734740 67.152374 0.216040 0.889750 0.402085 0.000000 1.000000 1 6 1.000000
shoe
  6 -2.976472 4.710603 67.074615 0.634675 0.706621 0.312847 0.000000 1.000000 1 6 1.000000
  6 -2.892248 4.692934 66.862175 0.810588 0.565261 0.153062 0.000000 1.000000 1 6 1.000000
  6 -3.044497 4.828193 66.571968 0.247558 0.968873 -0.000002 0.000000 1.000000 1 6 1.000000
shoe
  6 -3.091526 4.734740 67.152374 0.216040 0.889750 0.402085 0.000000 1.000000 1 6 1.000000
  6 -2.976472 4.710603 67.074615 0.634675 0.706621 0.312847 0.000000 1.000000 1 6 1.000000
  6 -3.044497 4.828193 66.571968 0.247558 0.968873 -0.000002 0.000000 1.000000 1 6 1.000000
shoe
  6 -2.857236 4.391360 67.108192 0.966712 0.094007 0.237973 0.000000 1.000000 1 6 1.000000
  6 -2.861420 4.686465 66.571968 0.858675 0.512521 -0.000003 0.000000 1.000000 1 6 1.000000
  6 -2.892248 4.692934 66.862175 0.810588 0.565261 0.153062 0.000000 1.000000 1 6 1.000000
shoe
  6 -2.892248 4.692934 66.862175 0.810588 0.565261 0.153062 0.000000 1.000000 1 6 1.000000
  6 -2.861420 4.686465 66.571968 0.858675 0.512521 -0.000003 0.000000 1.000000 1 6 1.000000
  6 -3.044497 4.828193 66.571968 0.247558 0.968873 -0.000002 0.000000 1.000000 1 6 1.000000
shoe
  6 -3.148129 4.012043 67.785454 0.771262 -0.012245 0.636399 0.000000 1.000000 1 6 1.000000
  6 -2.857236 4.391360 67.108192 0.966712 0.094007 0.237973 0.000000 1.000000 1 6 1.000000
  6 -3.012864 4.424009 67.500725 0.772419 0.351189 0.529183 0.000000 1.000000 1 6 1.000000
shoe
  6 -2.857236 4.391360 67.108192 0.966712 0.094007 0.237973 0.000000 1.000000 1 6 1.000000
  6 -2.800272 4.379410 66.571968 0.999902 0.014006 -0.000004 0.000000 1.000000 1 6 1.000000
  6 -2.861420 4.686465 66.571968 0.858675 0.512521 -0.000003 0.000000 1.000000 1 6 1.000000
shoe
  6 -3.425894 4.070314 67.973175 0.116002 0.372518 0.920746 0.000000 1.000000 1 6 1.000000
  6 -3.148129 4.012043 67.785454 0.771262 -0.012245 0.636399 0.000000 1.000000 1 6 1.000000
  6 -3.012864 4.424009 67.500725 0.772419 0.351189 0.529183 0.000000 1.000000 1 6 1.000000
shoe
  6 -3.425894 4.070314 67.973175 0.116002 0.372518 0.920746 0.000000 1.000000 1 6 1.000000
  6 -3.012864 4.424009 67.500725 0.772419 0.351189 0.529183 0.000000 1.000000 1 6 1.000000
  6 -3.225455 4.468609 67.644409 0.192370 0.683087 0.704547 0.000000 1.000000 1 6 1.000000
shoe
  6 -3.148129 4.012043 67.785454 0.771262 -0.012245 0.636399 0.000000 1.000000 1 6 1.000000
  6 -2.944791 3.969384 67.272575 0.941918 -0.221436 0.252498 0.000000 1.000000 1 6 1.000000
  6 -2.857236 4.391360 67.108192 0.966712 0.094007 0.237973 0.000000 1.000000 1 6 1.000000
shoe
  6 -2.944791 3.969384 67.272575 0.941918 -0.221436 0.252498 0.000000 1.000000 1 6 1.000000
  6 -2.800272 4.379410 66.571968 0.999902 0.014006 -0.000004 0.000000 1.000000 1 6 1.000000
  6 -2.857236 4.391360 67.108192 0.966712 0.094007 0.237973 0.000000 1.000000 1 6 1.000000
shoe
  6 -3.662326 3.600495 68.088631 0.000000 0.000000 1.000000 0.000000 1.000000 1 6 1.000000
  6 -3.148129 4.012043 67.785454 0.771262 -0.012245 0.636399 0.000000 1.000000 1 6 1.000000
  6 -3.425894 4.070314 67.973175 0.116002 0.372518 0.920746 0.000000 1.000000 1 6 1.000000
shoe
  6 -3.361676 3.537422 67.885429 0.691256 -0.332681 0.641474 0.000000 1.000000 1 6 1.000000
  6 -2.944791 3.969384 67.272575 0.941918 -0.221436 0.252498 0.000000 1.000000 1 6 1.000000
  6 -3.148129 4.012043 67.785454 0.771262 -0.012245 0.636399 0.000000 1.000000 1 6 1.000000
shoe
  6 -3.662326 3.600495 68.088631 0.000000 0.000000 1.000000 0.000000 1.000000 1 6 1.000000
  6 -3.361676 3.537422 67.885429 0.691256 -0.332681 0.641474 0.000000 1.000000 1 6 1.000000
  6 -3.148129 4.012043 67.785454 0.771262 -0.012245 0.636399 0.000000 1.000000 1 6 1.000000
shoe
  6 -3.703658 4.128585 67.785454 -0.564653 0.594208 0.572786 0.000000 1.000000 1 6 1.000000
  6 -3.425894 4.070314 67.973175 0.116002 0.372518 0.920746 0.000000 1.000000 1 6 1.000000
  6 -3.225455 4.468609 67.644409 0.192370 0.683087 0.704547 0.000000 1.000000 1 6 1.000000
shoe
  6 -3.962976 3.663567 67.885429 -0.691262 0.332681 0.641467 0.000000 1.000000 1 6 1.000000
  6 -3.662326 3.600495 68.088631 0.000000 0.000000 1.000000 0.000000 1.000000 1 6 1.000000
  6 -3.425894 4.070314 67.973175 0.116002 0.372518 0.920746 0.000000 1.000000 1 6 1.000000
shoe
  6 -3.962976 3.663567 67.885429 -0.691262 0.332681 0.641467 0.000000 1.000000 1 6 1.000000
  6 -3.425894 4.070314 67.973175 0.116002 0.372518 0.920746 0.000000 1.000000 1 6 1.000000
  6 -3.703658 4.128585 67.785454 -0.564653 0.594208 0.572786 0.000000 1.000000 1 6 1.000000
shoe
  6 -3.703658 4.128585 67.785454 -0.564653 0.594208 0.572786 0.000000 1.000000 1 6 1.000000
  6 -3.225455 4.468609 67.644409 0.192370 0.683087 0.704547 0.000000 1.000000 1 6 1.000000
  6 -3.438046 4.513207 67.500725 -0.397606 0.801175 0.447245 0.000000 1.000000 1 6 1.000000
shoe
  6 -3.438046 4.513207 67.500725 -0.397606 0.801175 0.447245 0.000000 1.000000 1 6 1.000000
  6 -3.225455 4.468609 67.644409 0.192370 0.683087 0.704547 0.000000 1.000000 1 6 1.000000
  6 -3.091526 4.734740 67.152374 0.216040 0.889750 0.402085 0.000000 1.000000 1 6 1.000000
shoe
  6 -4.183067 3.709740 67.330307 -0.868480 0.431355 0.244286 0.000000 1.000000 1 6 1.000000
  6 -3.962976 3.663567 67.885429 -0.691262 0.332681 0.641467 0.000000 1.000000 1 6 1.000000
  6 -3.703658 4.128585 67.785454 -0.564653 0.594208 0.572786 0.000000 1.000000 1 6 1.000000
shoe
  6 -3.438046 4.513207 67.500725 -0.397606 0.801175 0.447245 0.000000 1.000000 1 6 1.000000
  6 -3.091526 4.734740 67.152374 0.216040 0.889750 0.402085 0.000000 1.000000 1 6 1.000000
  6 -3.206580 4.758876 67.074615 -0.174078 0.948919 0.263152 0.000000 1.000000 1 6 1.000000
shoe
  6 -3.206580 4.758876 67.074615 -0.174078 0.948919 0.263152 0.000000 1.000000 1 6 1.000000
  6 -3.091526 4.734740 67.152374 0.216040 0.889750 0.402085 0.000000 1.000000 1 6 1.000000
  6 -3.044497 4.828193 66.571968 0.247558 0.968873 -0.000002 0.000000 1.000000 1 6 1.000000
shoe
  6 -3.906996 4.171244 67.272575 -0.766722 0.600959 0.225799 0.000000 1.000000 1 6 1.000000
  6 -3.703658 4.128585 67.785454 -0.564653 0.594208 0.572786 0.000000 1.000000 1 6 1.000000
  6 -3.438046 4.513207 67.500725 -0.397606 0.801175 0.447245 0.000000 1.000000 1 6 1.000000
shoe
  6 -4.183067 3.709740 67.330307 -0.868480 0.431355 0.244286 0.000000 1.000000 1 6 1.000000
  6 -3.703658 4.128585 67.785454 -0.564653 0.594208 0.572786 0.000000 1.000000 1 6 1.000000
  6 -3.906996 4.171244 67.272575 -0.766722 0.600959 0.225799 0.000000 1.000000 1 6 1.000000
shoe
  6 -3.593676 4.545856 67.108192 -0.613167 0.766119 0.192584 0.000000 1.000000 1 6 1.000000
  6 -3.438046 4.513207 67.500725 -0.397606 0.801175 0.447245 0.000000 1.000000 1 6 1.000000
  6 -3.206580 4.758876 67.074615 -0.174078 0.948919 0.263152 0.000000 1.000000 1 6 1.000000
shoe
  6 -3.906996 4.171244 67.272575 -0.766722 0.600959 0.225799 0.000000 1.000000 1 6 1.000000
  6 -3.438046 4.513207 67.500725 -0.397606 0.801175 0.447245 0.000000 1.000000 1 6 1.000000
  6 -3.593676 4.545856 67.108192 -0.613167 0.766119 0.192584 0.000000 1.000000 1 6 1.000000
shoe
  6 -3.593676 4.545856 67.108192 -0.613167 0.766119 0.192584 0.000000 1.000000 1 6 1.000000
  6 -3.206580 4.758876 67.074615 -0.174078 0.948919 0.263152 0.000000 1.000000 1 6 1.000000
  6 -3.290806 4.776546 66.862175 -0.335196 0.934089 0.122965 0.000000 1.000000 1 6 1.000000
shoe
  6 -3.290806 4.776546 66.862175 -0.335196 0.934089 0.122965 0.000000 1.000000 1 6 1.000000
  6 -3.206580 4.758876 67.074615 -0.174078 0.948919 0.263152 0.000000 1.000000 1 6 1.000000
  6 -3.044497 4.828193 66.571968 0.247558 0.968873 -0.000002 0.000000 1.000000 1 6 1.000000
shoe
  6 -3.981424 4.186858 66.571968 -0.804117 0.594471 -0.000001 0.000000 1.000000 1 6 1.000000
  6 -3.906996 4.171244 67.272575 -0.766722 0.600959 0.225799 0.000000 1.000000 1 6 1.000000
  6 -3.593676 4.545856 67.108192 -0.613167 0.766119 0.192584 0.000000 1.000000 1 6 1.000000
shoe
  6 -3.650639 4.557806 66.571968 -0.664140 0.747608 -0.000003 0.000000 1.000000 1 6 1.000000
  6 -3.593676 4.545856 67.108192 -0.613167 0.766119 0.192584 0.000000 1.000000 1 6 1.000000
  6 -3.290806 4.776546 66.862175 -0.335196 0.934089 0.122965 0.000000 1.000000 1 6 1.000000
shoe
  6 -3.981424 4.186858 66.571968 -0.804117 0.594471 -0.000001 0.000000 1.000000 1 6 1.000000
  6 -3.593676 4.545856 67.108192 -0.613167 0.766119 0.192584 0.000000 1.000000 1 6 1.000000
  6 -3.650639 4.557806 66.571968 -0.664140 0.747608 -0.000003 0.000000 1.000000 1 6 1.000000
shoe
  6 -3.650639 4.557806 66.571968 -0.664140 0.747608 -0.000003 0.000000 1.000000 1 6 1.000000
  6 -3.290806 4.776546 66.862175 -0.335196 0.934089 0.122965 0.000000 1.000000 1 6 1.000000
  6 -3.321635 4.783014 66.571968 -0.383174 0.923676 -0.000002 0.000000 1.000000 1 6 1.000000
shoe
  6 -3.321635 4.783014 66.571968 -0.383174 0.923676 -0.000002 0.000000 1.000000 1 6 1.000000
  6 -3.290806 4.776546 66.862175 -0.335196 0.934089 0.122965 0.000000 1.000000 1 6 1.000000
  6 -3.044497 4.828193 66.571968 0.247558 0.968873 -0.000002 0.000000 1.000000 1 6 1.000000
shoe
  6 -4.263628 3.726639 66.571968 -0.894803 0.446462 -0.000001 0.000000 1.000000 1 6 1.000000
  6 -3.906996 4.171244 67.272575 -0.766722 0.600959 0.225799 0.000000 1.000000 1 6 1.000000
  6 -3.981424 4.186858 66.571968 -0.804117 0.594471 -0.000001 0.000000 1.000000 1 6 1.000000
shoe
  6 -4.263628 3.726639 66.571968 -0.894803 0.446462 -0.000001 0.000000 1.000000 1 6 1.000000
  6 -4.183067 3.709740 67.330307 -0.868480 0.431355 0.244286 0.000000 1.000000 1 6 1.000000
  6 -3.906996 4.171244 67.272575 -0.766722 0.600959 0.225799 0.000000 1.000000 1 6 1.000000
shoe
  6 -3.906997 4.171244 65.871376 -0.766724 0.600956 -0.225801 0.000000 1.000000 1 6 1.000000
  6 -3.981424 4.186858 66.571968 -0.804117 0.594471 -0.000001 0.000000 1.000000 1 6 1.000000
  6 -3.650639 4.557806 66.571968 -0.664140 0.747608 -0.000003 0.000000 1.000000 1 6 1.000000
shoe
  6 -3.593677 4.545856 66.035759 -0.613169 0.766117 -0.192583 0.000000 1.000000 1 6 1.000000
  6 -3.650639 4.557806 66.571968 -0.664140 0.747608 -0.000003 0.000000 1.000000 1 6 1.000000
  6 -3.321635 4.783014 66.571968 -0.383174 0.923676 -0.000002 0.000000 1.000000 1 6 1.000000
shoe
  6 -3.906997 4.171244 65.871376 -0.766724 0.600956 -0.225801 0.000000 1.000000 1 6 1.000000
  6 -3.650639 4.557806 66.571968 -0.664140 0.747608 -0.000003 0.000000 1.000000 1 6 1.000000
  6 -3.593677 4.545856 66.035759 -0.613169 0.766117 -0.192583 0.000000 1.000000 1 6 1.000000
shoe
  6 -4.183069 3.709740 65.813660 -0.868484 0.431351 -0.244277 0.000000 1.000000 1 6 1.000000
  6 -4.263628 3.726639 66.571968 -0.894803 0.446462 -0.000001 0.000000 1.000000 1 6 1.000000
  6 -3.981424 4.186858 66.571968 -0.804117 0.594471 -0.000001 0.000000 1.000000 1 6 1.000000
shoe
  6 -4.183069 3.709740 65.813660 -0.868484 0.431351 -0.244277 0.000000 1.000000 1 6 1.000000
  6 -3.981424 4.186858 66.571968 -0.804117 0.594471 -0.000001 0.000000 1.000000 1 6 1.000000
  6 -3.906997 4.171244 65.871376 -0.766724 0.600956 -0.225801 0.000000 1.000000 1 6 1.000000
shoe
  6 -3.593677 4.545856 66.035759 -0.613169 0.766117 -0.192583 0.000000 1.000000 1 6 1.000000
  6 -3.321635 4.783014 66.571968 -0.383174 0.923676 -0.000002 0.000000 1.000000 1 6 1.000000
  6 -3.290806 4.776546 66.281776 -0.335196 0.934089 -0.122968 0.000000 1.000000 1 6 1.000000
shoe
  6 -3.290806 4.776546 66.281776 -0.335196 0.934089 -0.122968 0.000000 1.000000 1 6 1.000000
  6 -3.321635 4.783014 66.571968 -0.383174 0.923676 -0.000002 0.000000 1.000000 1 6 1.000000
  6 -3.044497 4.828193 66.571968 0.247558 0.968873 -0.000002 0.000000 1.000000 1 6 1.000000
shoe
  6 -3.703660 4.128585 65.358505 -0.564664 0.594208 -0.572776 0.000000 1.000000 1 6 1.000000
  6 -3.906997 4.171244 65.871376 -0.766724 0.600956 -0.225801 0.000000 1.000000 1 6 1.000000
  6 -3.593677 4.545856 66.035759 -0.613169 0.766117 -0.192583 0.000000 1.000000 1 6 1.000000
shoe
  6 -3.438049 4.513207 65.643219 -0.397618 0.801167 -0.447249 0.000000 1.000000 1 6 1.000000
  6 -3.593677 4.545856 66.035759 -0.613169 0.766117 -0.192583 0.000000 1.000000 1 6 1.000000
  6 -3.290806 4.776546 66.281776 -0.335196 0.934089 -0.122968 0.000000 1.000000 1 6 1.000000
shoe
  6 -3.703660 4.128585 65.358505 -0.564664 0.594208 -0.572776 0.000000 1.000000 1 6 1.000000
  6 -3.593677 4.545856 66.035759 -0.613169 0.766117 -0.192583 0.000000 1.000000 1 6 1.000000
  6 -3.438049 4.513207 65.643219 -0.397618 0.801167 -0.447249 0.000000 1.000000 1 6 1.000000
shoe
  6 -3.206582 4.758876 66.069336 -0.174082 0.948919 -0.263149 0.000000 1.000000 1 6 1.000000
  6 -3.290806 4.776546 66.281776 -0.335196 0.934089 -0.122968 0.000000 1.000000 1 6 1.000000
  6 -3.044497 4.828193 66.571968 0.247558 0.968873 -0.000002 0.000000 1.000000 1 6 1.000000
shoe
  6 -3.438049 4.513207 65.643219 -0.397618 0.801167 -0.447249 0.000000 1.000000 1 6 1.000000
  6 -3.290806 4.776546 66.281776 -0.335196 0.934089 -0.122968 0.000000 1.000000 1 6 1.000000
  6 -3.206582 4.758876 66.069336 -0.174082 0.948919 -0.263149 0.000000 1.000000 1 6 1.000000
shoe
  6 -3.962980 3.663566 65.258522 -0.691257 0.332681 -0.641473 0.000000 1.000000 1 6 1.000000
  6 -3.906997 4.171244 65.871376 -0.766724 0.600956 -0.225801 0.000000 1.000000 1 6 1.000000
  6 -3.703660 4.128585 65.358505 -0.564664 0.594208 -0.572776 0.000000 1.000000 1 6 1.000000
shoe
  6 -3.962980 3.663566 65.258522 -0.691257 0.332681 -0.641473 0.000000 1.000000 1 6 1.000000
  6 -4.183069 3.709740 65.813660 -0.868484 0.431351 -0.244277 0.000000 1.000000 1 6 1.000000
  6 -3.906997 4.171244 65.871376 -0.766724 0.600956 -0.225801 0.000000 1.000000 1 6 1.000000
shoe
  6 -3.425896 4.070314 65.170776 0.115985 0.372511 -0.920751 0.000000 1.000000 1 6 1.000000
  6 -3.703660 4.128585 65.358505 -0.564664 0.594208 -0.572776 0.000000 1.000000 1 6 1.000000
  6 -3.438049 4.513207 65.643219 -0.397618 0.801167 -0.447249 0.000000 1.000000 1 6 1.000000
shoe
  6 -3.225457 4.468608 65.499542 0.192350 0.683085 -0.704554 0.000000 1.000000 1 6 1.000000
  6 -3.438049 4.513207 65.643219 -0.397618 0.801167 -0.447249 0.000000 1.000000 1 6 1.000000
  6 -3.206582 4.758876 66.069336 -0.174082 0.948919 -0.263149 0.000000 1.000000 1 6 1.000000
shoe
  6 -3.425896 4.070314 65.170776 0.115985 0.372511 -0.920751 0.000000 1.000000 1 6 1.000000
  6 -3.438049 4.513207 65.643219 -0.397618 0.801167 -0.447249 0.000000 1.000000 1 6 1.000000
  6 -3.225457 4.468608 65.499542 0.192350 0.683085 -0.704554 0.000000 1.000000 1 6 1.000000
shoe
  6 -3.662329 3.600494 65.055321 0.000002 0.000000 -1.000000 0.000000 1.000000 1 6 1.000000
  6 -3.962980 3.663566 65.258522 -0.691257 0.332681 -0.641473 0.000000 1.000000 1 6 1.000000
  6 -3.703660 4.128585 65.358505 -0.564664 0.594208 -0.572776 0.000000 1.000000 1 6 1.000000
shoe
  6 -3.662329 3.600494 65.055321 0.000002 0.000000 -1.000000 0.000000 1.000000 1 6 1.000000
  6 -3.703660 4.128585 65.358505 -0.564664 0.594208 -0.572776 0.000000 1.000000 1 6 1.000000
  6 -3.425896 4.070314 65.170776 0.115985 0.372511 -0.920751 0.000000 1.000000 1 6 1.000000
shoe
  6 -3.225457 4.468608 65.499542 0.192350 0.683085 -0.704554 0.000000 1.000000 1 6 1.000000
  6 -3.206582 4.758876 66.069336 -0.174082 0.948919 -0.263149 0.000000 1.000000 1 6 1.000000
  6 -3.091527 4.734740 65.991577 0.216034 0.889750 -0.402086 0.000000 1.000000 1 6 1.000000
shoe
  6 -3.091527 4.734740 65.991577 0.216034 0.889750 -0.402086 0.000000 1.000000 1 6 1.000000
  6 -3.206582 4.758876 66.069336 -0.174082 0.948919 -0.263149 0.000000 1.000000 1 6 1.000000
  6 -3.044497 4.828193 66.571968 0.247558 0.968873 -0.000002 0.000000 1.000000 1 6 1.000000
shoe
  6 -3.148130 4.012042 65.358505 0.771270 -0.012258 -0.636390 0.000000 1.000000 1 6 1.000000
  6 -3.425896 4.070314 65.170776 0.115985 0.372511 -0.920751 0.000000 1.000000 1 6 1.000000
  6 -3.225457 4.468608 65.499542 0.192350 0.683085 -0.704554 0.000000 1.000000 1 6 1.000000
shoe
  6 -2.976473 4.710602 66.069336 0.634681 0.706616 -0.312847 0.000000 1.000000 1 6 1.000000
  6 -3.091527 4.734740 65.991577 0.216034 0.889750 -0.402086 0.000000 1.000000 1 6 1.000000
  6 -3.044497 4.828193 66.571968 0.247558 0.968873 -0.000002 0.000000 1.000000 1 6 1.000000
shoe
  6 -3.012865 4.424009 65.643219 0.772416 0.351188 -0.529189 0.000000 1.000000 1 6 1.000000
  6 -3.225457 4.468608 65.499542 0.192350 0.683085 -0.704554 0.000000 1.000000 1 6 1.000000
  6 -3.091527 4.734740 65.991577 0.216034 0.889750 -0.402086 0.000000 1.000000 1 6 1.000000
shoe
  6 -3.012865 4.424009 65.643219 0.772416 0.351188 -0.529189 0.000000 1.000000 1 6 1.000000
  6 -3.091527 4.734740 65.991577 0.216034 0.889750 -0.402086 0.000000 1.000000 1 6 1.000000
  6 -2.976473 4.710602 66.069336 0.634681 0.706616 -0.312847 0.000000 1.000000 1 6 1.000000
shoe
  6 -3.148130 4.012042 65.358505 0.771270 -0.012258 -0.636390 0.000000 1.000000 1 6 1.000000
  6 -3.225457 4.468608 65.499542 0.192350 0.683085 -0.704554 0.000000 1.000000 1 6 1.000000
  6 -3.012865 4.424009 65.643219 0.772416 0.351188 -0.529189 0.000000 1.000000 1 6 1.000000
shoe
  6 -2.892248 4.692934 66.281776 0.810589 0.565259 -0.153063 0.000000 1.000000 1 6 1.000000
  6 -2.976473 4.710602 66.069336 0.634681 0.706616 -0.312847 0.000000 1.000000 1 6 1.000000
  6 -3.044497 4.828193 66.571968 0.247558 0.968873 -0.000002 0.000000 1.000000 1 6 1.000000
shoe
  6 -2.861420 4.686465 66.571968 0.858675 0.512521 -0.000003 0.000000 1.000000 1 6 1.000000
  6 -2.892248 4.692934 66.281776 0.810589 0.565259 -0.153063 0.000000 1.000000 1 6 1.000000
  6 -3.044497 4.828193 66.571968 0.247558 0.968873 -0.000002 0.000000 1.000000 1 6 1.000000
shoe
  6 -2.800272 4.379410 66.571968 0.999902 0.014006 -0.000004 0.000000 1.000000 1 6 1.000000
  6 -2.892248 4.692934 66.281776 0.810589 0.565259 -0.153063 0.000000 1.000000 1 6 1.000000
  6 -2.861420 4.686465 66.571968 0.858675 0.512521 -0.000003 0.000000 1.000000 1 6 1.000000
shoe
  6 -2.857237 4.391360 66.035759 0.966712 0.094011 -0.237972 0.000000 1.000000 1 6 1.000000
  6 -2.976473 4.710602 66.069336 0.634681 0.706616 -0.312847 0.000000 1.000000 1 6 1.000000
  6 -2.892248 4.692934 66.281776 0.810589 0.565259 -0.153063 0.000000 1.000000 1 6 1.000000
shoe
  6 -2.800272 4.379410 66.571968 0.999902 0.014006 -0.000004 0.000000 1.000000 1 6 1.000000
  6 -2.857237 4.391360 66.035759 0.966712 0.094011 -0.237972 0.000000 1.000000 1 6 1.000000
  6 -2.892248 4.692934 66.281776 0.810589 0.565259 -0.153063 0.000000 1.000000 1 6 1.000000
shoe
  6 -2.857237 4.391360 66.035759 0.966712 0.094011 -0.237972 0.000000 1.000000 1 6 1.000000
  6 -3.012865 4.424009 65.643219 0.772416 0.351188 -0.529189 0.000000 1.000000 1 6 1.000000
  6 -2.976473 4.710602 66.069336 0.634681 0.706616 -0.312847 0.000000 1.000000 1 6 1.000000
shoe
  6 -2.870365 3.953771 66.571968 0.963665 -0.267112 -0.000003 0.000000 1.000000 1 6 1.000000
  6 -2.857237 4.391360 66.035759 0.966712 0.094011 -0.237972 0.000000 1.000000 1 6 1.000000
  6 -2.800272 4.379410 66.571968 0.999902 0.014006 -0.000004 0.000000 1.000000 1 6 1.000000
shoe
  6 -2.944791 3.969384 67.272575 0.941918 -0.221436 0.252498 0.000000 1.000000 1 6 1.000000
  6 -2.870365 3.953771 66.571968 0.963665 -0.267112 -0.000003 0.000000 1.000000 1 6 1.000000
  6 -2.800272 4.379410 66.571968 0.999902 0.014006 -0.000004 0.000000 1.000000 1 6 1.000000
shoe
  6 -2.944793 3.969384 65.871376 0.941917 -0.221440 -0.252500 0.000000 1.000000 1 6 1.000000
  6 -3.012865 4.424009 65.643219 0.772416 0.351188 -0.529189 0.000000 1.000000 1 6 1.000000
  6 -2.857237 4.391360 66.035759 0.966712 0.094011 -0.237972 0.000000 1.000000 1 6 1.000000
shoe
  6 -2.870365 3.953771 66.571968 0.963665 -0.267112 -0.000003 0.000000 1.000000 1 6 1.000000
  6 -2.944793 3.969384 65.871376 0.941917 -0.221440 -0.252500 0.000000 1.000000 1 6 1.000000
  6 -2.857237 4.391360 66.035759 0.966712 0.094011 -0.237972 0.000000 1.000000 1 6 1.000000
shoe
  6 -2.944793 3.969384 65.871376 0.941917 -0.221440 -0.252500 0.000000 1.000000 1 6 1.000000
  6 -3.148130 4.012042 65.358505 0.771270 -0.012258 -0.636390 0.000000 1.000000 1 6 1.000000
  6 -3.012865 4.424009 65.643219 0.772416 0.351188 -0.529189 0.000000 1.000000 1 6 1.000000
shoe
  6 -3.141586 3.491250 67.330307 0.868482 -0.431353 0.244282 0.000000 1.000000 1 6 1.000000
  6 -2.870365 3.953771 66.571968 0.963665 -0.267112 -0.000003 0.000000 1.000000 1 6 1.000000
  6 -2.944791 3.969384 67.272575 0.941918 -0.221436 0.252498 0.000000 1.000000 1 6 1.000000
shoe
  6 -3.361676 3.537422 67.885429 0.691256 -0.332681 0.641474 0.000000 1.000000 1 6 1.000000
  6 -3.141586 3.491250 67.330307 0.868482 -0.431353 0.244282 0.000000 1.000000 1 6 1.000000
  6 -2.944791 3.969384 67.272575 0.941918 -0.221436 0.252498 0.000000 1.000000 1 6 1.000000
shoe
  6 -3.061027 3.474349 66.571968 0.894803 -0.446461 -0.000003 0.000000 1.000000 1 6 1.000000
  6 -2.944793 3.969384 65.871376 0.941917 -0.221440 -0.252500 0.000000 1.000000 1 6 1.000000
  6 -2.870365 3.953771 66.571968 0.963665 -0.267112 -0.000003 0.000000 1.000000 1 6 1.000000
shoe
  6 -3.141586 3.491250 67.330307 0.868482 -0.431353 0.244282 0.000000 1.000000 1 6 1.000000
  6 -3.061027 3.474349 66.571968 0.894803 -0.446461 -0.000003 0.000000 1.000000 1 6 1.000000
  6 -2.870365 3.953771 66.571968 0.963665 -0.267112 -0.000003 0.000000 1.000000 1 6 1.000000
shoe
  6 -3.141587 3.491249 65.813660 0.868483 -0.431351 -0.244279 0.000000 1.000000 1 6 1.000000
  6 -3.148130 4.012042 65.358505 0.771270 -0.012258 -0.636390 0.000000 1.000000 1 6 1.000000
  6 -2.944793 3.969384 65.871376 0.941917 -0.221440 -0.252500 0.000000 1.000000 1 6 1.000000
shoe
  6 -3.061027 3.474349 66.571968 0.894803 -0.446461 -0.000003 0.000000 1.000000 1 6 1.000000
  6 -3.141587 3.491249 65.813660 0.868483 -0.431351 -0.244279 0.000000 1.000000 1 6 1.000000
  6 -2.944793 3.969384 65.871376 0.941917 -0.221440 -0.252500 0.000000 1.000000 1 6 1.000000
shoe
  6 -3.361678 3.537422 65.258522 0.691261 -0.332678 -0.641470 0.000000 1.000000 1 6 1.000000
  6 -3.425896 4.070314 65.170776 0.115985 0.372511 -0.920751 0.000000 1.000000 1 6 1.000000
  6 -3.148130 4.012042 65.358505 0.771270 -0.012258 -0.636390 0.000000 1.000000 1 6 1.000000
shoe
  6 -3.141587 3.491249 65.813660 0.868483 -0.431351 -0.244279 0.000000 1.000000 1 6 1.000000
  6 -3.361678 3.537422 65.258522 0.691261 -0.332678 -0.641470 0.000000 1.000000 1 6 1.000000
  6 -3.148130 4.012042 65.358505 0.771270 -0.012258 -0.636390 0.000000 1.000000 1 6 1.000000
shoe
  6 -3.361678 3.537422 65.258522 0.691261 -0.332678 -0.641470 0.000000 1.000000 1 6 1.000000
  6 -3.662329 3.600494 65.055321 0.000002 0.000000 -1.000000 0.000000 1.000000 1 6 1.000000
  6 -3.425896 4.070314 65.170776 0.115985 0.372511 -0.920751 0.000000 1.000000 1 6 1.000000
shoe
  6 -3.343231 3.014132 66.571968 0.804116 -0.594472 -0.000002 0.000000 1.000000 1 6 1.000000
  6 -3.141587 3.491249 65.813660 0.868483 -0.431351 -0.244279 0.000000 1.000000 1 6 1.000000
  6 -3.061027 3.474349 66.571968 0.894803 -0.446461 -0.000003 0.000000 1.000000 1 6 1.000000
shoe
  6 -3.417660 3.029746 65.871376 0.766723 -0.600957 -0.225802 0.000000 1.000000 1 6 1.000000
  6 -3.361678 3.537422 65.258522 0.691261 -0.332678 -0.641470 0.000000 1.000000 1 6 1.000000
  6 -3.141587 3.491249 65.813660 0.868483 -0.431351 -0.244279 0.000000 1.000000 1 6 1.000000
shoe
  6 -3.343231 3.014132 66.571968 0.804116 -0.594472 -0.000002 0.000000 1.000000 1 6 1.000000
  6 -3.417660 3.029746 65.871376 0.766723 -0.600957 -0.225802 0.000000 1.000000 1 6 1.000000
  6 -3.141587 3.491249 65.813660 0.868483 -0.431351 -0.244279 0.000000 1.000000 1 6 1.000000
shoe
  6 -3.620997 3.072403 65.358505 0.564660 -0.594210 -0.572777 0.000000 1.000000 1 6 1.000000
  6 -3.662329 3.600494 65.055321 0.000002 0.000000 -1.000000 0.000000 1.000000 1 6 1.000000
  6 -3.361678 3.537422 65.258522 0.691261 -0.332678 -0.641470 0.000000 1.000000 1 6 1.000000
shoe
  6 -3.417660 3.029746 65.871376 0.766723 -0.600957 -0.225802 0.000000 1.000000 1 6 1.000000
  6 -3.620997 3.072403 65.358505 0.564660 -0.594210 -0.572777 0.000000 1.000000 1 6 1.000000
  6 -3.361678 3.537422 65.258522 0.691261 -0.332678 -0.641470 0.000000 1.000000 1 6 1.000000
shoe
  6 -3.417658 3.029746 67.272575 0.766722 -0.600960 0.225797 0.000000 1.000000 1 6 1.000000
  6 -3.343231 3.014132 66.571968 0.804116 -0.594472 -0.000002 0.000000 1.000000 1 6 1.000000
  6 -3.061027 3.474349 66.571968 0.894803 -0.446461 -0.000003 0.000000 1.000000 1 6 1.000000
shoe
  6 -3.417658 3.029746 67.272575 0.766722 -0.600960 0.225797 0.000000 1.000000 1 6 1.000000
  6 -3.061027 3.474349 66.571968 0.894803 -0.446461 -0.000003 0.000000 1.000000 1 6 1.000000
  6 -3.141586 3.491250 67.330307 0.868482 -0.431353 0.244282 0.000000 1.000000 1 6 1.000000
shoe
  6 -3.674016 2.643183 66.571968 0.664139 -0.747609 -0.000002 0.000000 1.000000 1 6 1.000000
  6 -3.417660 3.029746 65.871376 0.766723 -0.600957 -0.225802 0.000000 1.000000 1 6 1.000000
  6 -3.343231 3.014132 66.571968 0.804116 -0.594472 -0.000002 0.000000 1.000000 1 6 1.000000
shoe
  6 -3.620995 3.072403 67.785454 0.564651 -0.594209 0.572787 0.000000 1.000000 1 6 1.000000
  6 -3.417658 3.029746 67.272575 0.766722 -0.600960 0.225797 0.000000 1.000000 1 6 1.000000
  6 -3.141586 3.491250 67.330307 0.868482 -0.431353 0.244282 0.000000 1.000000 1 6 1.000000
shoe
  6 -3.620995 3.072403 67.785454 0.564651 -0.594209 0.572787 0.000000 1.000000 1 6 1.000000
  6 -3.141586 3.491250 67.330307 0.868482 -0.431353 0.244282 0.000000 1.000000 1 6 1.000000
  6 -3.361676 3.537422 67.885429 0.691256 -0.332681 0.641474 0.000000 1.000000 1 6 1.000000
shoe
  6 -3.730979 2.655133 67.108192 0.613170 -0.766116 0.192583 0.000000 1.000000 1 6 1.000000
  6 -3.343231 3.014132 66.571968 0.804116 -0.594472 -0.000002 0.000000 1.000000 1 6 1.000000
  6 -3.417658 3.029746 67.272575 0.766722 -0.600960 0.225797 0.000000 1.000000 1 6 1.000000
shoe
  6 -3.730979 2.655133 67.108192 0.613170 -0.766116 0.192583 0.000000 1.000000 1 6 1.000000
  6 -3.674016 2.643183 66.571968 0.664139 -0.747609 -0.000002 0.000000 1.000000 1 6 1.000000
  6 -3.343231 3.014132 66.571968 0.804116 -0.594472 -0.000002 0.000000 1.000000 1 6 1.000000
shoe
  6 -3.886606 2.687783 67.500725 0.397607 -0.801174 0.447245 0.000000 1.000000 1 6 1.000000
  6 -3.417658 3.029746 67.272575 0.766722 -0.600960 0.225797 0.000000 1.000000 1 6 1.000000
  6 -3.620995 3.072403 67.785454 0.564651 -0.594209 0.572787 0.000000 1.000000 1 6 1.000000
shoe
  6 -3.886606 2.687783 67.500725 0.397607 -0.801174 0.447245 0.000000 1.000000 1 6 1.000000
  6 -3.730979 2.655133 67.108192 0.613170 -0.766116 0.192583 0.000000 1.000000 1 6 1.000000
  6 -3.417658 3.029746 67.272575 0.766722 -0.600960 0.225797 0.000000 1.000000 1 6 1.000000
shoe
  6 -3.898760 3.130675 67.973175 -0.115996 -0.372517 0.920748 0.000000 1.000000 1 6 1.000000
  6 -3.620995 3.072403 67.785454 0.564651 -0.594209 0.572787 0.000000 1.000000 1 6 1.000000
  6 -3.361676 3.537422 67.885429 0.691256 -0.332681 0.641474 0.000000 1.000000 1 6 1.000000
shoe
  6 -3.898760 3.130675 67.973175 -0.115996 -0.372517 0.920748 0.000000 1.000000 1 6 1.000000
  6 -3.361676 3.537422 67.885429 0.691256 -0.332681 0.641474 0.000000 1.000000 1 6 1.000000
  6 -3.662326 3.600495 68.088631 0.000000 0.000000 1.000000 0.000000 1.000000 1 6 1.000000
shoe
  6 -4.099199 2.732381 67.644409 -0.192368 -0.683086 0.704548 0.000000 1.000000 1 6 1.000000
  6 -3.886606 2.687783 67.500725 0.397607 -0.801174 0.447245 0.000000 1.000000 1 6 1.000000
  6 -3.620995 3.072403 67.785454 0.564651 -0.594209 0.572787 0.000000 1.000000 1 6 1.000000
shoe
  6 -4.099199 2.732381 67.644409 -0.192368 -0.683086 0.704548 0.000000 1.000000 1 6 1.000000
  6 -3.620995 3.072403 67.785454 0.564651 -0.594209 0.572787 0.000000 1.000000 1 6 1.000000
  6 -3.898760 3.130675 67.973175 -0.115996 -0.372517 0.920748 0.000000 1.000000 1 6 1.000000
shoe
  6 -4.176525 3.188946 67.785454 -0.771261 0.012244 0.636401 0.000000 1.000000 1 6 1.000000
  6 -3.898760 3.130675 67.973175 -0.115996 -0.372517 0.920748 0.000000 1.000000 1 6 1.000000
  6 -3.662326 3.600495 68.088631 0.000000 0.000000 1.000000 0.000000 1.000000 1 6 1.000000
shoe
  6 -4.176525 3.188946 67.785454 -0.771261 0.012244 0.636401 0.000000 1.000000 1 6 1.000000
  6 -3.662326 3.600495 68.088631 0.000000 0.000000 1.000000 0.000000 1.000000 1 6 1.000000
  6 -3.962976 3.663567 67.885429 -0.691262 0.332681 0.641467 0.000000 1.000000 1 6 1.000000
shoe
  6 -4.311790 2.776980 67.500725 -0.772418 -0.351189 0.529185 0.000000 1.000000 1 6 1.000000
  6 -4.099199 2.732381 67.644409 -0.192368 -0.683086 0.704548 0.000000 1.000000 1 6 1.000000
  6 -3.898760 3.130675 67.973175 -0.115996 -0.372517 0.920748 0.000000 1.000000 1 6 1.000000
shoe
  6 -4.311790 2.776980 67.500725 -0.772418 -0.351189 0.529185 0.000000 1.000000 1 6 1.000000
  6 -3.898760 3.130675 67.973175 -0.115996 -0.372517 0.920748 0.000000 1.000000 1 6 1.000000
  6 -4.176525 3.188946 67.785454 -0.771261 0.012244 0.636401 0.000000 1.000000 1 6 1.000000
shoe
  6 -4.379863 3.231604 67.272575 -0.941918 0.221436 0.252499 0.000000 1.000000 1 6 1.000000
  6 -4.176525 3.188946 67.785454 -0.771261 0.012244 0.636401 0.000000 1.000000 1 6 1.000000
  6 -3.962976 3.663567 67.885429 -0.691262 0.332681 0.641467 0.000000 1.000000 1 6 1.000000
shoe
  6 -4.379863 3.231604 67.272575 -0.941918 0.221436 0.252499 0.000000 1.000000 1 6 1.000000
  6 -3.962976 3.663567 67.885429 -0.691262 0.332681 0.641467 0.000000 1.000000 1 6 1.000000
  6 -4.183067 3.709740 67.330307 -0.868480 0.431355 0.244286 0.000000 1.000000 1 6 1.000000
shoe
  6 -4.467418 2.809629 67.108192 -0.966710 -0.094010 0.237977 0.000000 1.000000 1 6 1.000000
  6 -4.311790 2.776980 67.500725 -0.772418 -0.351189 0.529185 0.000000 1.000000 1 6 1.000000
  6 -4.176525 3.188946 67.785454 -0.771261 0.012244 0.636401 0.000000 1.000000 1 6 1.000000
shoe
  6 -4.467418 2.809629 67.108192 -0.966710 -0.094010 0.237977 0.000000 1.000000 1 6 1.000000
  6 -4.176525 3.188946 67.785454 -0.771261 0.012244 0.636401 0.000000 1.000000 1 6 1.000000
  6 -4.379863 3.231604 67.272575 -0.941918 0.221436 0.252499 0.000000 1.000000 1 6 1.000000
shoe
  6 -4.454289 3.247218 66.571968 -0.963665 0.267113 -0.000002 0.000000 1.000000 1 6 1.000000
  6 -4.379863 3.231604 67.272575 -0.941918 0.221436 0.252499 0.000000 1.000000 1 6 1.000000
  6 -4.183067 3.709740 67.330307 -0.868480 0.431355 0.244286 0.000000 1.000000 1 6 1.000000
shoe
  6 -4.454289 3.247218 66.571968 -0.963665 0.267113 -0.000002 0.000000 1.000000 1 6 1.000000
  6 -4.183067 3.709740 67.330307 -0.868480 0.431355 0.244286 0.000000 1.000000 1 6 1.000000
  6 -4.263628 3.726639 66.571968 -0.894803 0.446462 -0.000001 0.000000 1.000000 1 6 1.000000
shoe
  6 -4.524382 2.821579 66.571968 -0.999902 -0.014005 -0.000001 0.000000 1.000000 1 6 1.000000
  6 -4.467418 2.809629 67.108192 -0.966710 -0.094010 0.237977 0.000000 1.000000 1 6 1.000000
  6 -4.379863 3.231604 67.272575 -0.941918 0.221436 0.252499 0.000000 1.000000 1 6 1.000000
shoe
  6 -4.524382 2.821579 66.571968 -0.999902 -0.014005 -0.000001 0.000000 1.000000 1 6 1.000000
  6 -4.379863 3.231604 67.272575 -0.941918 0.221436 0.252499 0.000000 1.000000 1 6 1.000000
  6 -4.454289 3.247218 66.571968 -0.963665 0.267113 -0.000002 0.000000 1.000000 1 6 1.000000
shoe
  6 -4.379864 3.231604 65.871376 -0.941918 0.221439 -0.252497 0.000000 1.000000 1 6 1.000000
  6 -4.454289 3.247218 66.571968 -0.963665 0.267113 -0.000002 0.000000 1.000000 1 6 1.000000
  6 -4.263628 3.726639 66.571968 -0.894803 0.446462 -0.000001 0.000000 1.000000 1 6 1.000000
shoe
  6 -4.379864 3.231604 65.871376 -0.941918 0.221439 -0.252497 0.000000 1.000000 1 6 1.000000
  6 -4.263628 3.726639 66.571968 -0.894803 0.446462 -0.000001 0.000000 1.000000 1 6 1.000000
  6 -4.183069 3.709740 65.813660 -0.868484 0.431351 -0.244277 0.000000 1.000000 1 6 1.000000
shoe
  6 -4.467419 2.809629 66.035759 -0.966712 -0.094011 -0.237969 0.000000 1.000000 1 6 1.000000
  6 -4.524382 2.821579 66.571968 -0.999902 -0.014005 -0.000001 0.000000 1.000000 1 6 1.000000
  6 -4.454289 3.247218 66.571968 -0.963665 0.267113 -0.000002 0.000000 1.000000 1 6 1.000000
shoe
  6 -4.467419 2.809629 66.035759 -0.966712 -0.094011 -0.237969 0.000000 1.000000 1 6 1.000000
  6 -4.454289 3.247218 66.571968 -0.963665 0.267113 -0.000002 0.000000 1.000000 1 6 1.000000
  6 -4.379864 3.231604 65.871376 -0.941918 0.221439 -0.252497 0.000000 1.000000 1 6 1.000000
shoe
  6 -4.176527 3.188947 65.358505 -0.771274 0.012258 -0.636386 0.000000 1.000000 1 6 1.000000
  6 -4.379864 3.231604 65.871376 -0.941918 0.221439 -0.252497 0.000000 1.000000 1 6 1.000000
  6 -4.183069 3.709740 65.813660 -0.868484 0.431351 -0.244277 0.000000 1.000000 1 6 1.000000
shoe
  6 -4.176527 3.188947 65.358505 -0.771274 0.012258 -0.636386 0.000000 1.000000 1 6 1.000000
  6 -4.183069 3.709740 65.813660 -0.868484 0.431351 -0.244277 0.000000 1.000000 1 6 1.000000
  6 -3.962980 3.663566 65.258522 -0.691257 0.332681 -0.641473 0.000000 1.000000 1 6 1.000000
shoe
  6 -4.311792 2.776980 65.643219 -0.772419 -0.351187 -0.529185 0.000000 1.000000 1 6 1.000000
  6 -4.467419 2.809629 66.035759 -0.966712 -0.094011 -0.237969 0.000000 1.000000 1 6 1.000000
  6 -4.379864 3.231604 65.871376 -0.941918 0.221439 -0.252497 0.000000 1.000000 1 6 1.000000
shoe
  6 -4.311792 2.776980 65.643219 -0.772419 -0.351187 -0.529185 0.000000 1.000000 1 6 1.000000
  6 -4.379864 3.231604 65.871376 -0.941918 0.221439 -0.252497 0.000000 1.000000 1 6 1.000000
  6 -4.176527 3.188947 65.358505 -0.771274 0.012258 -0.636386 0.000000 1.000000 1 6 1.000000
shoe
  6 -3.898762 3.130674 65.170776 -0.115998 -0.372511 -0.920750 0.000000 1.000000 1 6 1.000000
  6 -4.176527 3.188947 65.358505 -0.771274 0.012258 -0.636386 0.000000 1.000000 1 6 1.000000
  6 -3.962980 3.663566 65.258522 -0.691257 0.332681 -0.641473 0.000000 1.000000 1 6 1.000000
shoe
  6 -3.898762 3.130674 65.170776 -0.115998 -0.372511 -0.920750 0.000000 1.000000 1 6 1.000000
  6 -3.962980 3.663566 65.258522 -0.691257 0.332681 -0.641473 0.000000 1.000000 1 6 1.000000
  6 -3.662329 3.600494 65.055321 0.000002 0.000000 -1.000000 0.000000 1.000000 1 6 1.000000
shoe
  6 -3.620997 3.072403 65.358505 0.564660 -0.594210 -0.572777 0.000000 1.000000 1 6 1.000000
  6 -3.898762 3.130674 65.170776 -0.115998 -0.372511 -0.920750 0.000000 1.000000 1 6 1.000000
  6 -3.662329 3.600494 65.055321 0.000002 0.000000 -1.000000 0.000000 1.000000 1 6 1.000000
shoe
  6 -4.099200 2.732381 65.499542 -0.192354 -0.683084 -0.704553 0.000000 1.000000 1 6 1.000000
  6 -4.176527 3.188947 65.358505 -0.771274 0.012258 -0.636386 0.000000 1.000000 1 6 1.000000
  6 -3.898762 3.130674 65.170776 -0.115998 -0.372511 -0.920750 0.000000 1.000000 1 6 1.000000
shoe
  6 -4.099200 2.732381 65.499542 -0.192354 -0.683084 -0.704553 0.000000 1.000000 1 6 1.000000
  6 -4.311792 2.776980 65.643219 -0.772419 -0.351187 -0.529185 0.000000 1.000000 1 6 1.000000
  6 -4.176527 3.188947 65.358505 -0.771274 0.012258 -0.636386 0.000000 1.000000 1 6 1.000000
shoe
  6 -3.886607 2.687782 65.643219 0.397618 -0.801167 -0.447249 0.000000 1.000000 1 6 1.000000
  6 -3.898762 3.130674 65.170776 -0.115998 -0.372511 -0.920750 0.000000 1.000000 1 6 1.000000
  6 -3.620997 3.072403 65.358505 0.564660 -0.594210 -0.572777 0.000000 1.000000 1 6 1.000000
shoe
  6 -3.886607 2.687782 65.643219 0.397618 -0.801167 -0.447249 0.000000 1.000000 1 6 1.000000
  6 -4.099200 2.732381 65.499542 -0.192354 -0.683084 -0.704553 0.000000 1.000000 1 6 1.000000
  6 -3.898762 3.130674 65.170776 -0.115998 -0.372511 -0.920750 0.000000 1.000000 1 6 1.000000
shoe
  6 -3.730980 2.655133 66.035759 0.613167 -0.766119 -0.192583 0.000000 1.000000 1 6 1.000000
  6 -3.886607 2.687782 65.643219 0.397618 -0.801167 -0.447249 0.000000 1.000000 1 6 1.000000
  6 -3.620997 3.072403 65.358505 0.564660 -0.594210 -0.572777 0.000000 1.000000 1 6 1.000000
shoe
  6 -3.730980 2.655133 66.035759 0.613167 -0.766119 -0.192583 0.000000 1.000000 1 6 1.000000
  6 -3.620997 3.072403 65.358505 0.564660 -0.594210 -0.572777 0.000000 1.000000 1 6 1.000000
  6 -3.417660 3.029746 65.871376 0.766723 -0.600957 -0.225802 0.000000 1.000000 1 6 1.000000
shoe
  6 -3.674016 2.643183 66.571968 0.664139 -0.747609 -0.000002 0.000000 1.000000 1 6 1.000000
  6 -3.730980 2.655133 66.035759 0.613167 -0.766119 -0.192583 0.000000 1.000000 1 6 1.000000
  6 -3.417660 3.029746 65.871376 0.766723 -0.600957 -0.225802 0.000000 1.000000 1 6 1.000000
shoe
  6 -4.118074 2.442113 66.069336 0.174073 -0.948920 -0.263151 0.000000 1.000000 1 6 1.000000
  6 -4.099200 2.732381 65.499542 -0.192354 -0.683084 -0.704553 0.000000 1.000000 1 6 1.000000
  6 -3.886607 2.687782 65.643219 0.397618 -0.801167 -0.447249 0.000000 1.000000 1 6 1.000000
shoe
  6 -4.033849 2.424444 66.281776 0.335189 -0.934092 -0.122969 0.000000 1.000000 1 6 1.000000
  6 -3.886607 2.687782 65.643219 0.397618 -0.801167 -0.447249 0.000000 1.000000 1 6 1.000000
  6 -3.730980 2.655133 66.035759 0.613167 -0.766119 -0.192583 0.000000 1.000000 1 6 1.000000
shoe
  6 -4.033849 2.424444 66.281776 0.335189 -0.934092 -0.122969 0.000000 1.000000 1 6 1.000000
  6 -4.118074 2.442113 66.069336 0.174073 -0.948920 -0.263151 0.000000 1.000000 1 6 1.000000
  6 -3.886607 2.687782 65.643219 0.397618 -0.801167 -0.447249 0.000000 1.000000 1 6 1.000000
shoe
  6 -4.003020 2.417976 66.571968 0.383172 -0.923677 -0.000003 0.000000 1.000000 1 6 1.000000
  6 -3.730980 2.655133 66.035759 0.613167 -0.766119 -0.192583 0.000000 1.000000 1 6 1.000000
  6 -3.674016 2.643183 66.571968 0.664139 -0.747609 -0.000002 0.000000 1.000000 1 6 1.000000
shoe
  6 -4.003020 2.417976 66.571968 0.383172 -0.923677 -0.000003 0.000000 1.000000 1 6 1.000000
  6 -4.033849 2.424444 66.281776 0.335189 -0.934092 -0.122969 0.000000 1.000000 1 6 1.000000
  6 -3.730980 2.655133 66.035759 0.613167 -0.766119 -0.192583 0.000000 1.000000 1 6 1.000000
shoe
  6 -4.033849 2.424444 66.862175 0.335196 -0.934090 0.122965 0.000000 1.000000 1 6 1.000000
  6 -4.003020 2.417976 66.571968 0.383172 -0.923677 -0.000003 0.000000 1.000000 1 6 1.000000
  6 -3.674016 2.643183 66.571968 0.664139 -0.747609 -0.000002 0.000000 1.000000 1 6 1.000000
shoe
  6 -4.033849 2.424444 66.862175 0.335196 -0.934090 0.122965 0.000000 1.000000 1 6 1.000000
  6 -3.674016 2.643183 66.571968 0.664139 -0.747609 -0.000002 0.000000 1.000000 1 6 1.000000
  6 -3.730979 2.655133 67.108192 0.613170 -0.766116 0.192583 0.000000 1.000000 1 6 1.000000
shoe
  6 -4.280157 2.372797 66.571968 -0.247556 -0.968873 -0.000002 0.000000 1.000000 1 6 1.000000
  6 -4.033849 2.424444 66.281776 0.335189 -0.934092 -0.122969 0.000000 1.000000 1 6 1.000000
  6 -4.003020 2.417976 66.571968 0.383172 -0.923677 -0.000003 0.000000 1.000000 1 6 1.000000
shoe
  6 -4.280157 2.372797 66.571968 -0.247556 -0.968873 -0.000002 0.000000 1.000000 1 6 1.000000
  6 -4.003020 2.417976 66.571968 0.383172 -0.923677 -0.000003 0.000000 1.000000 1 6 1.000000
  6 -4.033849 2.424444 66.862175 0.335196 -0.934090 0.122965 0.000000 1.000000 1 6 1.000000
shoe
  6 -4.280157 2.372797 66.571968 -0.247556 -0.968873 -0.000002 0.000000 1.000000 1 6 1.000000
  6 -4.118074 2.442113 66.069336 0.174073 -0.948920 -0.263151 0.000000 1.000000 1 6 1.000000
  6 -4.033849 2.424444 66.281776 0.335189 -0.934092 -0.122969 0.000000 1.000000 1 6 1.000000
shoe
  6 -4.118073 2.442113 67.074615 0.174081 -0.948919 0.263151 0.000000 1.000000 1 6 1.000000
  6 -4.033849 2.424444 66.862175 0.335196 -0.934090 0.122965 0.000000 1.000000 1 6 1.000000
  6 -3.730979 2.655133 67.108192 0.613170 -0.766116 0.192583 0.000000 1.000000 1 6 1.000000
shoe
  6 -4.280157 2.372797 66.571968 -0.247556 -0.968873 -0.000002 0.000000 1.000000 1 6 1.000000
  6 -4.033849 2.424444 66.862175 0.335196 -0.934090 0.122965 0.000000 1.000000 1 6 1.000000
  6 -4.118073 2.442113 67.074615 0.174081 -0.948919 0.263151 0.000000 1.000000 1 6 1.000000
shoe
  6 -4.118073 2.442113 67.074615 0.174081 -0.948919 0.263151 0.000000 1.000000 1 6 1.000000
  6 -3.730979 2.655133 67.108192 0.613170 -0.766116 0.192583 0.000000 1.000000 1 6 1.000000
  6 -3.886606 2.687783 67.500725 0.397607 -0.801174 0.447245 0.000000 1.000000 1 6 1.000000
shoe
  6 -4.233127 2.466250 67.152374 -0.216032 -0.889750 0.402087 0.000000 1.000000 1 6 1.000000
  6 -4.118073 2.442113 67.074615 0.174081 -0.948919 0.263151 0.000000 1.000000 1 6 1.000000
  6 -3.886606 2.687783 67.500725 0.397607 -0.801174 0.447245 0.000000 1.000000 1 6 1.000000
shoe
  6 -4.280157 2.372797 66.571968 -0.247556 -0.968873 -0.000002 0.000000 1.000000 1 6 1.000000
  6 -4.118073 2.442113 67.074615 0.174081 -0.948919 0.263151 0.000000 1.000000 1 6 1.000000
  6 -4.233127 2.466250 67.152374 -0.216032 -0.889750 0.402087 0.000000 1.000000 1 6 1.000000
shoe
  6 -4.233127 2.466250 67.152374 -0.216032 -0.889750 0.402087 0.000000 1.000000 1 6 1.000000
  6 -3.886606 2.687783 67.500725 0.397607 -0.801174 0.447245 0.000000 1.000000 1 6 1.000000
  6 -4.099199 2.732381 67.644409 -0.192368 -0.683086 0.704548 0.000000 1.000000 1 6 1.000000
shoe
  6 -4.348181 2.490386 67.074615 -0.634680 -0.706617 0.312847 0.000000 1.000000 1 6 1.000000
  6 -4.233127 2.466250 67.152374 -0.216032 -0.889750 0.402087 0.000000 1.000000 1 6 1.000000
  6 -4.099199 2.732381 67.644409 -0.192368 -0.683086 0.704548 0.000000 1.000000 1 6 1.000000
shoe
  6 -4.280157 2.372797 66.571968 -0.247556 -0.968873 -0.000002 0.000000 1.000000 1 6 1.000000
  6 -4.233127 2.466250 67.152374 -0.216032 -0.889750 0.402087 0.000000 1.000000 1 6 1.000000
  6 -4.348181 2.490386 67.074615 -0.634680 -0.706617 0.312847 0.000000 1.000000 1 6 1.000000
shoe
  6 -4.348181 2.490386 67.074615 -0.634680 -0.706617 0.312847 0.000000 1.000000 1 6 1.000000
  6 -4.099199 2.732381 67.644409 -0.192368 -0.683086 0.704548 0.000000 1.000000 1 6 1.000000
  6 -4.311790 2.776980 67.500725 -0.772418 -0.351189 0.529185 0.000000 1.000000 1 6 1.000000
shoe
  6 -4.432406 2.508057 66.862175 -0.810590 -0.565258 0.153062 0.000000 1.000000 1 6 1.000000
  6 -4.348181 2.490386 67.074615 -0.634680 -0.706617 0.312847 0.000000 1.000000 1 6 1.000000
  6 -4.311790 2.776980 67.500725 -0.772418 -0.351189 0.529185 0.000000 1.000000 1 6 1.000000
shoe
  6 -4.280157 2.372797 66.571968 -0.247556 -0.968873 -0.000002 0.000000 1.000000 1 6 1.000000
  6 -4.348181 2.490386 67.074615 -0.634680 -0.706617 0.312847 0.000000 1.000000 1 6 1.000000
  6 -4.432406 2.508057 66.862175 -0.810590 -0.565258 0.153062 0.000000 1.000000 1 6 1.000000
shoe
  6 -4.432406 2.508057 66.862175 -0.810590 -0.565258 0.153062 0.000000 1.000000 1 6 1.000000
  6 -4.311790 2.776980 67.500725 -0.772418 -0.351189 0.529185 0.000000 1.000000 1 6 1.000000
  6 -4.467418 2.809629 67.108192 -0.966710 -0.094010 0.237977 0.000000 1.000000 1 6 1.000000
shoe
  6 -4.463235 2.514523 66.571968 -0.858673 -0.512524 0.000000 0.000000 1.000000 1 6 1.000000
  6 -4.432406 2.508057 66.862175 -0.810590 -0.565258 0.153062 0.000000 1.000000 1 6 1.000000
  6 -4.467418 2.809629 67.108192 -0.966710 -0.094010 0.237977 0.000000 1.000000 1 6 1.000000
shoe
  6 -4.280157 2.372797 66.571968 -0.247556 -0.968873 -0.000002 0.000000 1.000000 1 6 1.000000
  6 -4.432406 2.508057 66.862175 -0.810590 -0.565258 0.153062 0.000000 1.000000 1 6 1.000000
  6 -4.463235 2.514523 66.571968 -0.858673 -0.512524 0.000000 0.000000 1.000000 1 6 1.000000
shoe
  6 -4.463235 2.514523 66.571968 -0.858673 -0.512524 0.000000 0.000000 1.000000 1 6 1.000000
  6 -4.467418 2.809629 67.108192 -0.966710 -0.094010 0.237977 0.000000 1.000000 1 6 1.000000
  6 -4.524382 2.821579 66.571968 -0.999902 -0.014005 -0.000001 0.000000 1.000000 1 6 1.000000
shoe
  6 -4.432407 2.508056 66.281776 -0.810590 -0.565259 -0.153059 0.000000 1.000000 1 6 1.000000
  6 -4.463235 2.514523 66.571968 -0.858673 -0.512524 0.000000 0.000000 1.000000 1 6 1.000000
  6 -4.524382 2.821579 66.571968 -0.999902 -0.014005 -0.000001 0.000000 1.000000 1 6 1.000000
shoe
  6 -4.280157 2.372797 66.571968 -0.247556 -0.968873 -0.000002 0.000000 1.000000 1 6 1.000000
  6 -4.463235 2.514523 66.571968 -0.858673 -0.512524 0.000000 0.000000 1.000000 1 6 1.000000
  6 -4.432407 2.508056 66.281776 -0.810590 -0.565259 -0.153059 0.000000 1.000000 1 6 1.000000
shoe
  6 -4.432407 2.508056 66.281776 -0.810590 -0.565259 -0.153059 0.000000 1.000000 1 6 1.000000
  6 -4.524382 2.821579 66.571968 -0.999902 -0.014005 -0.000001 0.000000 1.000000 1 6 1.000000
  6 -4.467419 2.809629 66.035759 -0.966712 -0.094011 -0.237969 0.000000 1.000000 1 6 1.000000
shoe
  6 -4.348182 2.490386 66.069336 -0.634681 -0.706617 -0.312845 0.000000 1.000000 1 6 1.000000
  6 -4.432407 2.508056 66.281776 -0.810590 -0.565259 -0.153059 0.000000 1.000000 1 6 1.000000
  6 -4.467419 2.809629 66.035759 -0.966712 -0.094011 -0.237969 0.000000 1.000000 1 6 1.000000
shoe
  6 -4.280157 2.372797 66.571968 -0.247556 -0.968873 -0.000002 0.000000 1.000000 1 6 1.000000
  6 -4.432407 2.508056 66.281776 -0.810590 -0.565259 -0.153059 0.000000 1.000000 1 6 1.000000
  6 -4.348182 2.490386 66.069336 -0.634681 -0.706617 -0.312845 0.000000 1.000000 1 6 1.000000
shoe
  6 -4.348182 2.490386 66.069336 -0.634681 -0.706617 -0.312845 0.000000 1.000000 1 6 1.000000
  6 -4.467419 2.809629 66.035759 -0.966712 -0.094011 -0.237969 0.000000 1.000000 1 6 1.000000
  6 -4.311792 2.776980 65.643219 -0.772419 -0.351187 -0.529185 0.000000 1.000000 1 6 1.000000
shoe
  6 -4.280157 2.372797 66.571968 -0.247556 -0.968873 -0.000002 0.000000 1.000000 1 6 1.000000
  6 -4.348182 2.490386 66.069336 -0.634681 -0.706617 -0.312845 0.000000 1.000000 1 6 1.000000
  6 -4.233128 2.466250 65.991577 -0.216033 -0.889750 -0.402088 0.000000 1.000000 1 6 1.000000
shoe
  6 -4.233128 2.466250 65.991577 -0.216033 -0.889750 -0.402088 0.000000 1.000000 1 6 1.000000
  6 -4.348182 2.490386 66.069336 -0.634681 -0.706617 -0.312845 0.000000 1.000000 1 6 1.000000
  6 -4.311792 2.776980 65.643219 -0.772419 -0.351187 -0.529185 0.000000 1.000000 1 6 1.000000
shoe
  6 -4.280157 2.372797 66.571968 -0.247556 -0.968873 -0.000002 0.000000 1.000000 1 6 1.000000
  6 -4.233128 2.466250 65.991577 -0.216033 -0.889750 -0.402088 0.000000 1.000000 1 6 1.000000
  6 -4.118074 2.442113 66.069336 0.174073 -0.948920 -0.263151 0.000000 1.000000 1 6 1.000000
shoe
  6 -4.233128 2.466250 65.991577 -0.216033 -0.889750 -0.402088 0.000000 1.000000 1 6 1.000000
  6 -4.311792 2.776980 65.643219 -0.772419 -0.351187 -0.529185 0.000000 1.000000 1 6 1.000000
  6 -4.099200 2.732381 65.499542 -0.192354 -0.683084 -0.704553 0.000000 1.000000 1 6 1.000000
shoe
  6 -4.118074 2.442113 66.069336 0.174073 -0.948920 -0.263151 0.000000 1.000000 1 6 1.000000
  6 -4.233128 2.466250 65.991577 -0.216033 -0.889750 -0.402088 0.000000 1.000000 1 6 1.000000
  6 -4.099200 2.732381 65.499542 -0.192354 -0.683084 -0.704553 0.000000 1.000000 1 6 1.000000
shoe
  6 2.976508 4.710595 67.074608 -0.634672 0.706624 0.312849 0.000000 1.000000 1 6 1.000000
  6 3.091562 4.734731 67.152367 -0.216047 0.889749 0.402083 0.000000 1.000000 1 6 1.000000
  6 3.044532 4.828184 66.571960 -0.247554 0.968874 -0.000002 0.000000 1.000000 1 6 1.000000
shoe
  6 2.976508 4.710595 67.074608 -0.634672 0.706624 0.312849 0.000000 1.000000 1 6 1.000000
  6 3.225491 4.468599 67.644402 -0.192366 0.683087 0.704548 0.000000 1.000000 1 6 1.000000
  6 3.091562 4.734731 67.152367 -0.216047 0.889749 0.402083 0.000000 1.000000 1 6 1.000000
shoe
  6 2.892282 4.692926 66.862167 -0.810582 0.565268 0.153064 0.000000 1.000000 1 6 1.000000
  6 2.976508 4.710595 67.074608 -0.634672 0.706624 0.312849 0.000000 1.000000 1 6 1.000000
  6 3.044532 4.828184 66.571960 -0.247554 0.968874 -0.000002 0.000000 1.000000 1 6 1.000000
shoe
  6 3.012898 4.424000 67.500717 -0.772418 0.351191 0.529183 0.000000 1.000000 1 6 1.000000
  6 3.225491 4.468599 67.644402 -0.192366 0.683087 0.704548 0.000000 1.000000 1 6 1.000000
  6 2.976508 4.710595 67.074608 -0.634672 0.706624 0.312849 0.000000 1.000000 1 6 1.000000
shoe
  6 2.892282 4.692926 66.862167 -0.810582 0.565268 0.153064 0.000000 1.000000 1 6 1.000000
  6 3.012898 4.424000 67.500717 -0.772418 0.351191 0.529183 0.000000 1.000000 1 6 1.000000
  6 2.976508 4.710595 67.074608 -0.634672 0.706624 0.312849 0.000000 1.000000 1 6 1.000000
shoe
  6 3.225491 4.468599 67.644402 -0.192366 0.683087 0.704548 0.000000 1.000000 1 6 1.000000
  6 3.438082 4.513197 67.500717 0.397611 0.801172 0.447245 0.000000 1.000000 1 6 1.000000
  6 3.091562 4.734731 67.152367 -0.216047 0.889749 0.402083 0.000000 1.000000 1 6 1.000000
shoe
  6 2.857270 4.391353 67.108185 -0.966711 0.094009 0.237975 0.000000 1.000000 1 6 1.000000
  6 3.012898 4.424000 67.500717 -0.772418 0.351191 0.529183 0.000000 1.000000 1 6 1.000000
  6 2.892282 4.692926 66.862167 -0.810582 0.565268 0.153064 0.000000 1.000000 1 6 1.000000
shoe
  6 3.091562 4.734731 67.152367 -0.216047 0.889749 0.402083 0.000000 1.000000 1 6 1.000000
  6 3.438082 4.513197 67.500717 0.397611 0.801172 0.447245 0.000000 1.000000 1 6 1.000000
  6 3.206616 4.758868 67.074608 0.174076 0.948920 0.263152 0.000000 1.000000 1 6 1.000000
shoe
  6 3.091562 4.734731 67.152367 -0.216047 0.889749 0.402083 0.000000 1.000000 1 6 1.000000
  6 3.206616 4.758868 67.074608 0.174076 0.948920 0.263152 0.000000 1.000000 1 6 1.000000
  6 3.044532 4.828184 66.571960 -0.247554 0.968874 -0.000002 0.000000 1.000000 1 6 1.000000
shoe
  6 2.861454 4.686457 66.571960 -0.858673 0.512523 -0.000001 0.000000 1.000000 1 6 1.000000
  6 2.857270 4.391353 67.108185 -0.966711 0.094009 0.237975 0.000000 1.000000 1 6 1.000000
  6 2.892282 4.692926 66.862167 -0.810582 0.565268 0.153064 0.000000 1.000000 1 6 1.000000
shoe
  6 2.861454 4.686457 66.571960 -0.858673 0.512523 -0.000001 0.000000 1.000000 1 6 1.000000
  6 2.892282 4.692926 66.862167 -0.810582 0.565268 0.153064 0.000000 1.000000 1 6 1.000000
  6 3.044532 4.828184 66.571960 -0.247554 0.968874 -0.000002 0.000000 1.000000 1 6 1.000000
shoe
  6 2.857270 4.391353 67.108185 -0.966711 0.094009 0.237975 0.000000 1.000000 1 6 1.000000
  6 3.148163 4.012034 67.785446 -0.771262 -0.012242 0.636400 0.000000 1.000000 1 6 1.000000
  6 3.012898 4.424000 67.500717 -0.772418 0.351191 0.529183 0.000000 1.000000 1 6 1.000000
shoe
  6 2.800306 4.379402 66.571960 -0.999902 0.014007 -0.000001 0.000000 1.000000 1 6 1.000000
  6 2.857270 4.391353 67.108185 -0.966711 0.094009 0.237975 0.000000 1.000000 1 6 1.000000
  6 2.861454 4.686457 66.571960 -0.858673 0.512523 -0.000001 0.000000 1.000000 1 6 1.000000
shoe
  6 3.148163 4.012034 67.785446 -0.771262 -0.012242 0.636400 0.000000 1.000000 1 6 1.000000
  6 3.425928 4.070304 67.973167 -0.115997 0.372518 0.920747 0.000000 1.000000 1 6 1.000000
  6 3.012898 4.424000 67.500717 -0.772418 0.351191 0.529183 0.000000 1.000000 1 6 1.000000
shoe
  6 3.012898 4.424000 67.500717 -0.772418 0.351191 0.529183 0.000000 1.000000 1 6 1.000000
  6 3.425928 4.070304 67.973167 -0.115997 0.372518 0.920747 0.000000 1.000000 1 6 1.000000
  6 3.225491 4.468599 67.644402 -0.192366 0.683087 0.704548 0.000000 1.000000 1 6 1.000000
shoe
  6 2.944825 3.969376 67.272568 -0.941919 -0.221434 0.252500 0.000000 1.000000 1 6 1.000000
  6 3.148163 4.012034 67.785446 -0.771262 -0.012242 0.636400 0.000000 1.000000 1 6 1.000000
  6 2.857270 4.391353 67.108185 -0.966711 0.094009 0.237975 0.000000 1.000000 1 6 1.000000
shoe
  6 2.800306 4.379402 66.571960 -0.999902 0.014007 -0.000001 0.000000 1.000000 1 6 1.000000
  6 2.944825 3.969376 67.272568 -0.941919 -0.221434 0.252500 0.000000 1.000000 1 6 1.000000
  6 2.857270 4.391353 67.108185 -0.966711 0.094009 0.237975 0.000000 1.000000 1 6 1.000000
shoe
  6 3.425928 4.070304 67.973167 -0.115997 0.372518 0.920747 0.000000 1.000000 1 6 1.000000
  6 3.703692 4.128576 67.785446 0.564656 0.594206 0.572784 0.000000 1.000000 1 6 1.000000
  6 3.225491 4.468599 67.644402 -0.192366 0.683087 0.704548 0.000000 1.000000 1 6 1.000000
shoe
  6 3.225491 4.468599 67.644402 -0.192366 0.683087 0.704548 0.000000 1.000000 1 6 1.000000
  6 3.703692 4.128576 67.785446 0.564656 0.594206 0.572784 0.000000 1.000000 1 6 1.000000
  6 3.438082 4.513197 67.500717 0.397611 0.801172 0.447245 0.000000 1.000000 1 6 1.000000
shoe
  6 2.892282 4.692926 66.281769 -0.810586 0.565262 -0.153063 0.000000 1.000000 1 6 1.000000
  6 2.800306 4.379402 66.571960 -0.999902 0.014007 -0.000001 0.000000 1.000000 1 6 1.000000
  6 2.861454 4.686457 66.571960 -0.858673 0.512523 -0.000001 0.000000 1.000000 1 6 1.000000
shoe
  6 2.892282 4.692926 66.281769 -0.810586 0.565262 -0.153063 0.000000 1.000000 1 6 1.000000
  6 2.861454 4.686457 66.571960 -0.858673 0.512523 -0.000001 0.000000 1.000000 1 6 1.000000
  6 3.044532 4.828184 66.571960 -0.247554 0.968874 -0.000002 0.000000 1.000000 1 6 1.000000
shoe
  6 2.857269 4.391352 66.035751 -0.966711 0.094014 -0.237971 0.000000 1.000000 1 6 1.000000
  6 2.800306 4.379402 66.571960 -0.999902 0.014007 -0.000001 0.000000 1.000000 1 6 1.000000
  6 2.892282 4.692926 66.281769 -0.810586 0.565262 -0.153063 0.000000 1.000000 1 6 1.000000
shoe
  6 2.976507 4.710595 66.069328 -0.634680 0.706618 -0.312847 0.000000 1.000000 1 6 1.000000
  6 2.892282 4.692926 66.281769 -0.810586 0.565262 -0.153063 0.000000 1.000000 1 6 1.000000
  6 3.044532 4.828184 66.571960 -0.247554 0.968874 -0.000002 0.000000 1.000000 1 6 1.000000
shoe
  6 2.976507 4.710595 66.069328 -0.634680 0.706618 -0.312847 0.000000 1.000000 1 6 1.000000
  6 2.857269 4.391352 66.035751 -0.966711 0.094014 -0.237971 0.000000 1.000000 1 6 1.000000
  6 2.892282 4.692926 66.281769 -0.810586 0.565262 -0.153063 0.000000 1.000000 1 6 1.000000
shoe
  6 2.857269 4.391352 66.035751 -0.966711 0.094014 -0.237971 0.000000 1.000000 1 6 1.000000
  6 2.870397 3.953763 66.571960 -0.963666 -0.267110 -0.000001 0.000000 1.000000 1 6 1.000000
  6 2.800306 4.379402 66.571960 -0.999902 0.014007 -0.000001 0.000000 1.000000 1 6 1.000000
shoe
  6 2.870397 3.953763 66.571960 -0.963666 -0.267110 -0.000001 0.000000 1.000000 1 6 1.000000
  6 2.944825 3.969376 67.272568 -0.941919 -0.221434 0.252500 0.000000 1.000000 1 6 1.000000
  6 2.800306 4.379402 66.571960 -0.999902 0.014007 -0.000001 0.000000 1.000000 1 6 1.000000
shoe
  6 3.012897 4.424000 65.643211 -0.772417 0.351189 -0.529187 0.000000 1.000000 1 6 1.000000
  6 2.857269 4.391352 66.035751 -0.966711 0.094014 -0.237971 0.000000 1.000000 1 6 1.000000
  6 2.976507 4.710595 66.069328 -0.634680 0.706618 -0.312847 0.000000 1.000000 1 6 1.000000
shoe
  6 2.944824 3.969376 65.871368 -0.941919 -0.221437 -0.252497 0.000000 1.000000 1 6 1.000000
  6 2.870397 3.953763 66.571960 -0.963666 -0.267110 -0.000001 0.000000 1.000000 1 6 1.000000
  6 2.857269 4.391352 66.035751 -0.966711 0.094014 -0.237971 0.000000 1.000000 1 6 1.000000
shoe
  6 3.012897 4.424000 65.643211 -0.772417 0.351189 -0.529187 0.000000 1.000000 1 6 1.000000
  6 2.944824 3.969376 65.871368 -0.941919 -0.221437 -0.252497 0.000000 1.000000 1 6 1.000000
  6 2.857269 4.391352 66.035751 -0.966711 0.094014 -0.237971 0.000000 1.000000 1 6 1.000000
shoe
  6 3.091561 4.734731 65.991570 -0.216030 0.889751 -0.402087 0.000000 1.000000 1 6 1.000000
  6 3.012897 4.424000 65.643211 -0.772417 0.351189 -0.529187 0.000000 1.000000 1 6 1.000000
  6 2.976507 4.710595 66.069328 -0.634680 0.706618 -0.312847 0.000000 1.000000 1 6 1.000000
shoe
  6 3.091561 4.734731 65.991570 -0.216030 0.889751 -0.402087 0.000000 1.000000 1 6 1.000000
  6 2.976507 4.710595 66.069328 -0.634680 0.706618 -0.312847 0.000000 1.000000 1 6 1.000000
  6 3.044532 4.828184 66.571960 -0.247554 0.968874 -0.000002 0.000000 1.000000 1 6 1.000000
shoe
  6 3.225489 4.468599 65.499535 -0.192351 0.683085 -0.704554 0.000000 1.000000 1 6 1.000000
  6 3.012897 4.424000 65.643211 -0.772417 0.351189 -0.529187 0.000000 1.000000 1 6 1.000000
  6 3.091561 4.734731 65.991570 -0.216030 0.889751 -0.402087 0.000000 1.000000 1 6 1.000000
shoe
  6 3.206616 4.758867 66.069328 0.174091 0.948918 -0.263149 0.000000 1.000000 1 6 1.000000
  6 3.091561 4.734731 65.991570 -0.216030 0.889751 -0.402087 0.000000 1.000000 1 6 1.000000
  6 3.044532 4.828184 66.571960 -0.247554 0.968874 -0.000002 0.000000 1.000000 1 6 1.000000
shoe
  6 3.206616 4.758867 66.069328 0.174091 0.948918 -0.263149 0.000000 1.000000 1 6 1.000000
  6 3.225489 4.468599 65.499535 -0.192351 0.683085 -0.704554 0.000000 1.000000 1 6 1.000000
  6 3.091561 4.734731 65.991570 -0.216030 0.889751 -0.402087 0.000000 1.000000 1 6 1.000000
shoe
  6 3.148161 4.012033 65.358498 -0.771272 -0.012255 -0.636387 0.000000 1.000000 1 6 1.000000
  6 2.944824 3.969376 65.871368 -0.941919 -0.221437 -0.252497 0.000000 1.000000 1 6 1.000000
  6 3.012897 4.424000 65.643211 -0.772417 0.351189 -0.529187 0.000000 1.000000 1 6 1.000000
shoe
  6 3.225489 4.468599 65.499535 -0.192351 0.683085 -0.704554 0.000000 1.000000 1 6 1.000000
  6 3.148161 4.012033 65.358498 -0.771272 -0.012255 -0.636387 0.000000 1.000000 1 6 1.000000
  6 3.012897 4.424000 65.643211 -0.772417 0.351189 -0.529187 0.000000 1.000000 1 6 1.000000
shoe
  6 3.290840 4.776536 66.281769 0.335198 0.934088 -0.122967 0.000000 1.000000 1 6 1.000000
  6 3.206616 4.758867 66.069328 0.174091 0.948918 -0.263149 0.000000 1.000000 1 6 1.000000
  6 3.044532 4.828184 66.571960 -0.247554 0.968874 -0.000002 0.000000 1.000000 1 6 1.000000
shoe
  6 3.438081 4.513197 65.643211 0.397615 0.801167 -0.447251 0.000000 1.000000 1 6 1.000000
  6 3.225489 4.468599 65.499535 -0.192351 0.683085 -0.704554 0.000000 1.000000 1 6 1.000000
  6 3.206616 4.758867 66.069328 0.174091 0.948918 -0.263149 0.000000 1.000000 1 6 1.000000
shoe
  6 3.290840 4.776536 66.281769 0.335198 0.934088 -0.122967 0.000000 1.000000 1 6 1.000000
  6 3.438081 4.513197 65.643211 0.397615 0.801167 -0.447251 0.000000 1.000000 1 6 1.000000
  6 3.206616 4.758867 66.069328 0.174091 0.948918 -0.263149 0.000000 1.000000 1 6 1.000000
shoe
  6 3.425926 4.070304 65.170769 -0.115991 0.372511 -0.920751 0.000000 1.000000 1 6 1.000000
  6 3.148161 4.012033 65.358498 -0.771272 -0.012255 -0.636387 0.000000 1.000000 1 6 1.000000
  6 3.225489 4.468599 65.499535 -0.192351 0.683085 -0.704554 0.000000 1.000000 1 6 1.000000
shoe
  6 3.438081 4.513197 65.643211 0.397615 0.801167 -0.447251 0.000000 1.000000 1 6 1.000000
  6 3.425926 4.070304 65.170769 -0.115991 0.372511 -0.920751 0.000000 1.000000 1 6 1.000000
  6 3.225489 4.468599 65.499535 -0.192351 0.683085 -0.704554 0.000000 1.000000 1 6 1.000000
shoe
  6 3.321669 4.783004 66.571960 0.383174 0.923676 -0.000002 0.000000 1.000000 1 6 1.000000
  6 3.290840 4.776536 66.281769 0.335198 0.934088 -0.122967 0.000000 1.000000 1 6 1.000000
  6 3.044532 4.828184 66.571960 -0.247554 0.968874 -0.000002 0.000000 1.000000 1 6 1.000000
shoe
  6 3.593709 4.545845 66.035751 0.613167 0.766118 -0.192585 0.000000 1.000000 1 6 1.000000
  6 3.438081 4.513197 65.643211 0.397615 0.801167 -0.447251 0.000000 1.000000 1 6 1.000000
  6 3.290840 4.776536 66.281769 0.335198 0.934088 -0.122967 0.000000 1.000000 1 6 1.000000
shoe
  6 3.321669 4.783004 66.571960 0.383174 0.923676 -0.000002 0.000000 1.000000 1 6 1.000000
  6 3.593709 4.545845 66.035751 0.613167 0.766118 -0.192585 0.000000 1.000000 1 6 1.000000
  6 3.290840 4.776536 66.281769 0.335198 0.934088 -0.122967 0.000000 1.000000 1 6 1.000000
shoe
  6 3.290840 4.776537 66.862167 0.335197 0.934089 0.122966 0.000000 1.000000 1 6 1.000000
  6 3.321669 4.783004 66.571960 0.383174 0.923676 -0.000002 0.000000 1.000000 1 6 1.000000
  6 3.044532 4.828184 66.571960 -0.247554 0.968874 -0.000002 0.000000 1.000000 1 6 1.000000
shoe
  6 3.206616 4.758868 67.074608 0.174076 0.948920 0.263152 0.000000 1.000000 1 6 1.000000
  6 3.290840 4.776537 66.862167 0.335197 0.934089 0.122966 0.000000 1.000000 1 6 1.000000
  6 3.044532 4.828184 66.571960 -0.247554 0.968874 -0.000002 0.000000 1.000000 1 6 1.000000
shoe
  6 3.290840 4.776537 66.862167 0.335197 0.934089 0.122966 0.000000 1.000000 1 6 1.000000
  6 3.650673 4.557796 66.571960 0.664140 0.747608 -0.000004 0.000000 1.000000 1 6 1.000000
  6 3.321669 4.783004 66.571960 0.383174 0.923676 -0.000002 0.000000 1.000000 1 6 1.000000
shoe
  6 3.650673 4.557796 66.571960 0.664140 0.747608 -0.000004 0.000000 1.000000 1 6 1.000000
  6 3.593709 4.545845 66.035751 0.613167 0.766118 -0.192585 0.000000 1.000000 1 6 1.000000
  6 3.321669 4.783004 66.571960 0.383174 0.923676 -0.000002 0.000000 1.000000 1 6 1.000000
shoe
  6 3.206616 4.758868 67.074608 0.174076 0.948920 0.263152 0.000000 1.000000 1 6 1.000000
  6 3.593710 4.545846 67.108185 0.613169 0.766117 0.192583 0.000000 1.000000 1 6 1.000000
  6 3.290840 4.776537 66.862167 0.335197 0.934089 0.122966 0.000000 1.000000 1 6 1.000000
shoe
  6 3.593710 4.545846 67.108185 0.613169 0.766117 0.192583 0.000000 1.000000 1 6 1.000000
  6 3.650673 4.557796 66.571960 0.664140 0.747608 -0.000004 0.000000 1.000000 1 6 1.000000
  6 3.290840 4.776537 66.862167 0.335197 0.934089 0.122966 0.000000 1.000000 1 6 1.000000
shoe
  6 3.438082 4.513197 67.500717 0.397611 0.801172 0.447245 0.000000 1.000000 1 6 1.000000
  6 3.593710 4.545846 67.108185 0.613169 0.766117 0.192583 0.000000 1.000000 1 6 1.000000
  6 3.206616 4.758868 67.074608 0.174076 0.948920 0.263152 0.000000 1.000000 1 6 1.000000
shoe
  6 3.593709 4.545845 66.035751 0.613167 0.766118 -0.192585 0.000000 1.000000 1 6 1.000000
  6 3.703691 4.128575 65.358498 0.564658 0.594210 -0.572779 0.000000 1.000000 1 6 1.000000
  6 3.438081 4.513197 65.643211 0.397615 0.801167 -0.447251 0.000000 1.000000 1 6 1.000000
shoe
  6 3.703691 4.128575 65.358498 0.564658 0.594210 -0.572779 0.000000 1.000000 1 6 1.000000
  6 3.425926 4.070304 65.170769 -0.115991 0.372511 -0.920751 0.000000 1.000000 1 6 1.000000
  6 3.438081 4.513197 65.643211 0.397615 0.801167 -0.447251 0.000000 1.000000 1 6 1.000000
shoe
  6 3.438082 4.513197 67.500717 0.397611 0.801172 0.447245 0.000000 1.000000 1 6 1.000000
  6 3.907030 4.171233 67.272568 0.766724 0.600958 0.225798 0.000000 1.000000 1 6 1.000000
  6 3.593710 4.545846 67.108185 0.613169 0.766117 0.192583 0.000000 1.000000 1 6 1.000000
shoe
  6 3.703692 4.128576 67.785446 0.564656 0.594206 0.572784 0.000000 1.000000 1 6 1.000000
  6 3.907030 4.171233 67.272568 0.766724 0.600958 0.225798 0.000000 1.000000 1 6 1.000000
  6 3.438082 4.513197 67.500717 0.397611 0.801172 0.447245 0.000000 1.000000 1 6 1.000000
shoe
  6 3.593710 4.545846 67.108185 0.613169 0.766117 0.192583 0.000000 1.000000 1 6 1.000000
  6 3.981457 4.186847 66.571960 0.804118 0.594470 -0.000002 0.000000 1.000000 1 6 1.000000
  6 3.650673 4.557796 66.571960 0.664140 0.747608 -0.000004 0.000000 1.000000 1 6 1.000000
shoe
  6 3.907030 4.171233 67.272568 0.766724 0.600958 0.225798 0.000000 1.000000 1 6 1.000000
  6 3.981457 4.186847 66.571960 0.804118 0.594470 -0.000002 0.000000 1.000000 1 6 1.000000
  6 3.593710 4.545846 67.108185 0.613169 0.766117 0.192583 0.000000 1.000000 1 6 1.000000
shoe
  6 3.650673 4.557796 66.571960 0.664140 0.747608 -0.000004 0.000000 1.000000 1 6 1.000000
  6 3.907029 4.171233 65.871368 0.766724 0.600956 -0.225803 0.000000 1.000000 1 6 1.000000
  6 3.593709 4.545845 66.035751 0.613167 0.766118 -0.192585 0.000000 1.000000 1 6 1.000000
shoe
  6 3.981457 4.186847 66.571960 0.804118 0.594470 -0.000002 0.000000 1.000000 1 6 1.000000
  6 3.907029 4.171233 65.871368 0.766724 0.600956 -0.225803 0.000000 1.000000 1 6 1.000000
  6 3.650673 4.557796 66.571960 0.664140 0.747608 -0.000004 0.000000 1.000000 1 6 1.000000
shoe
  6 3.907029 4.171233 65.871368 0.766724 0.600956 -0.225803 0.000000 1.000000 1 6 1.000000
  6 3.703691 4.128575 65.358498 0.564658 0.594210 -0.572779 0.000000 1.000000 1 6 1.000000
  6 3.593709 4.545845 66.035751 0.613167 0.766118 -0.192585 0.000000 1.000000 1 6 1.000000
shoe
  6 3.907030 4.171233 67.272568 0.766724 0.600958 0.225798 0.000000 1.000000 1 6 1.000000
  6 4.263660 3.726627 66.571960 0.894804 0.446460 -0.000003 0.000000 1.000000 1 6 1.000000
  6 3.981457 4.186847 66.571960 0.804118 0.594470 -0.000002 0.000000 1.000000 1 6 1.000000
shoe
  6 3.981457 4.186847 66.571960 0.804118 0.594470 -0.000002 0.000000 1.000000 1 6 1.000000
  6 4.183101 3.709728 65.813652 0.868485 0.431349 -0.244279 0.000000 1.000000 1 6 1.000000
  6 3.907029 4.171233 65.871368 0.766724 0.600956 -0.225803 0.000000 1.000000 1 6 1.000000
shoe
  6 4.263660 3.726627 66.571960 0.894804 0.446460 -0.000003 0.000000 1.000000 1 6 1.000000
  6 4.183101 3.709728 65.813652 0.868485 0.431349 -0.244279 0.000000 1.000000 1 6 1.000000
  6 3.981457 4.186847 66.571960 0.804118 0.594470 -0.000002 0.000000 1.000000 1 6 1.000000
shoe
  6 3.907029 4.171233 65.871368 0.766724 0.600956 -0.225803 0.000000 1.000000 1 6 1.000000
  6 3.963009 3.663555 65.258514 0.691258 0.332678 -0.641473 0.000000 1.000000 1 6 1.000000
  6 3.703691 4.128575 65.358498 0.564658 0.594210 -0.572779 0.000000 1.000000 1 6 1.000000
shoe
  6 4.183101 3.709728 65.813652 0.868485 0.431349 -0.244279 0.000000 1.000000 1 6 1.000000
  6 3.963009 3.663555 65.258514 0.691258 0.332678 -0.641473 0.000000 1.000000 1 6 1.000000
  6 3.907029 4.171233 65.871368 0.766724 0.600956 -0.225803 0.000000 1.000000 1 6 1.000000
shoe
  6 4.183101 3.709728 67.330299 0.868481 0.431353 0.244285 0.000000 1.000000 1 6 1.000000
  6 4.263660 3.726627 66.571960 0.894804 0.446460 -0.000003 0.000000 1.000000 1 6 1.000000
  6 3.907030 4.171233 67.272568 0.766724 0.600958 0.225798 0.000000 1.000000 1 6 1.000000
shoe
  6 3.703692 4.128576 67.785446 0.564656 0.594206 0.572784 0.000000 1.000000 1 6 1.000000
  6 4.183101 3.709728 67.330299 0.868481 0.431353 0.244285 0.000000 1.000000 1 6 1.000000
  6 3.907030 4.171233 67.272568 0.766724 0.600958 0.225798 0.000000 1.000000 1 6 1.000000
shoe
  6 4.263660 3.726627 66.571960 0.894804 0.446460 -0.000003 0.000000 1.000000 1 6 1.000000
  6 4.379894 3.231592 65.871368 0.941918 0.221437 -0.252499 0.000000 1.000000 1 6 1.000000
  6 4.183101 3.709728 65.813652 0.868485 0.431349 -0.244279 0.000000 1.000000 1 6 1.000000
shoe
  6 3.963010 3.663556 67.885422 0.691264 0.332679 0.641466 0.000000 1.000000 1 6 1.000000
  6 4.183101 3.709728 67.330299 0.868481 0.431353 0.244285 0.000000 1.000000 1 6 1.000000
  6 3.703692 4.128576 67.785446 0.564656 0.594206 0.572784 0.000000 1.000000 1 6 1.000000
shoe
  6 3.425928 4.070304 67.973167 -0.115997 0.372518 0.920747 0.000000 1.000000 1 6 1.000000
  6 3.963010 3.663556 67.885422 0.691264 0.332679 0.641466 0.000000 1.000000 1 6 1.000000
  6 3.703692 4.128576 67.785446 0.564656 0.594206 0.572784 0.000000 1.000000 1 6 1.000000
shoe
  6 4.183101 3.709728 67.330299 0.868481 0.431353 0.244285 0.000000 1.000000 1 6 1.000000
  6 4.454321 3.247206 66.571960 0.963666 0.267111 -0.000004 0.000000 1.000000 1 6 1.000000
  6 4.263660 3.726627 66.571960 0.894804 0.446460 -0.000003 0.000000 1.000000 1 6 1.000000
shoe
  6 4.454321 3.247206 66.571960 0.963666 0.267111 -0.000004 0.000000 1.000000 1 6 1.000000
  6 4.379894 3.231592 65.871368 0.941918 0.221437 -0.252499 0.000000 1.000000 1 6 1.000000
  6 4.263660 3.726627 66.571960 0.894804 0.446460 -0.000003 0.000000 1.000000 1 6 1.000000
shoe
  6 3.963010 3.663556 67.885422 0.691264 0.332679 0.641466 0.000000 1.000000 1 6 1.000000
  6 4.379895 3.231592 67.272568 0.941920 0.221433 0.252497 0.000000 1.000000 1 6 1.000000
  6 4.183101 3.709728 67.330299 0.868481 0.431353 0.244285 0.000000 1.000000 1 6 1.000000
shoe
  6 4.379895 3.231592 67.272568 0.941920 0.221433 0.252497 0.000000 1.000000 1 6 1.000000
  6 4.454321 3.247206 66.571960 0.963666 0.267111 -0.000004 0.000000 1.000000 1 6 1.000000
  6 4.183101 3.709728 67.330299 0.868481 0.431353 0.244285 0.000000 1.000000 1 6 1.000000
shoe
  6 3.662360 3.600484 68.088623 0.000003 -0.000001 1.000000 0.000000 1.000000 1 6 1.000000
  6 3.963010 3.663556 67.885422 0.691264 0.332679 0.641466 0.000000 1.000000 1 6 1.000000
  6 3.425928 4.070304 67.973167 -0.115997 0.372518 0.920747 0.000000 1.000000 1 6 1.000000
shoe
  6 3.148163 4.012034 67.785446 -0.771262 -0.012242 0.636400 0.000000 1.000000 1 6 1.000000
  6 3.662360 3.600484 68.088623 0.000003 -0.000001 1.000000 0.000000 1.000000 1 6 1.000000
  6 3.425928 4.070304 67.973167 -0.115997 0.372518 0.920747 0.000000 1.000000 1 6 1.000000
shoe
  6 4.176557 3.188934 67.785446 0.771263 0.012243 0.636398 0.000000 1.000000 1 6 1.000000
  6 4.379895 3.231592 67.272568 0.941920 0.221433 0.252497 0.000000 1.000000 1 6 1.000000
  6 3.963010 3.663556 67.885422 0.691264 0.332679 0.641466 0.000000 1.000000 1 6 1.000000
shoe
  6 3.662360 3.600484 68.088623 0.000003 -0.000001 1.000000 0.000000 1.000000 1 6 1.000000
  6 4.176557 3.188934 67.785446 0.771263 0.012243 0.636398 0.000000 1.000000 1 6 1.000000
  6 3.963010 3.663556 67.885422 0.691264 0.332679 0.641466 0.000000 1.000000 1 6 1.000000
shoe
  6 3.361710 3.537413 67.885422 -0.691260 -0.332678 0.641471 0.000000 1.000000 1 6 1.000000
  6 3.662360 3.600484 68.088623 0.000003 -0.000001 1.000000 0.000000 1.000000 1 6 1.000000
  6 3.148163 4.012034 67.785446 -0.771262 -0.012242 0.636400 0.000000 1.000000 1 6 1.000000
shoe
  6 2.944825 3.969376 67.272568 -0.941919 -0.221434 0.252500 0.000000 1.000000 1 6 1.000000
  6 3.361710 3.537413 67.885422 -0.691260 -0.332678 0.641471 0.000000 1.000000 1 6 1.000000
  6 3.148163 4.012034 67.785446 -0.771262 -0.012242 0.636400 0.000000 1.000000 1 6 1.000000
shoe
  6 3.898792 3.130664 67.973167 0.115997 -0.372518 0.920747 0.000000 1.000000 1 6 1.000000
  6 4.176557 3.188934 67.785446 0.771263 0.012243 0.636398 0.000000 1.000000 1 6 1.000000
  6 3.662360 3.600484 68.088623 0.000003 -0.000001 1.000000 0.000000 1.000000 1 6 1.000000
shoe
  6 3.361710 3.537413 67.885422 -0.691260 -0.332678 0.641471 0.000000 1.000000 1 6 1.000000
  6 3.898792 3.130664 67.973167 0.115997 -0.372518 0.920747 0.000000 1.000000 1 6 1.000000
  6 3.662360 3.600484 68.088623 0.000003 -0.000001 1.000000 0.000000 1.000000 1 6 1.000000
shoe
  6 3.141618 3.491241 67.330299 -0.868483 -0.431350 0.244284 0.000000 1.000000 1 6 1.000000
  6 3.361710 3.537413 67.885422 -0.691260 -0.332678 0.641471 0.000000 1.000000 1 6 1.000000
  6 2.944825 3.969376 67.272568 -0.941919 -0.221434 0.252500 0.000000 1.000000 1 6 1.000000
shoe
  6 2.870397 3.953763 66.571960 -0.963666 -0.267110 -0.000001 0.000000 1.000000 1 6 1.000000
  6 3.141618 3.491241 67.330299 -0.868483 -0.431350 0.244284 0.000000 1.000000 1 6 1.000000
  6 2.944825 3.969376 67.272568 -0.941919 -0.221434 0.252500 0.000000 1.000000 1 6 1.000000
shoe
  6 3.621027 3.072393 67.785446 -0.564652 -0.594207 0.572788 0.000000 1.000000 1 6 1.000000
  6 3.898792 3.130664 67.973167 0.115997 -0.372518 0.920747 0.000000 1.000000 1 6 1.000000
  6 3.361710 3.537413 67.885422 -0.691260 -0.332678 0.641471 0.000000 1.000000 1 6 1.000000
shoe
  6 3.141618 3.491241 67.330299 -0.868483 -0.431350 0.244284 0.000000 1.000000 1 6 1.000000
  6 3.621027 3.072393 67.785446 -0.564652 -0.594207 0.572788 0.000000 1.000000 1 6 1.000000
  6 3.361710 3.537413 67.885422 -0.691260 -0.332678 0.641471 0.000000 1.000000 1 6 1.000000
shoe
  6 3.061058 3.474341 66.571960 -0.894804 -0.446460 -0.000001 0.000000 1.000000 1 6 1.000000
  6 3.141618 3.491241 67.330299 -0.868483 -0.431350 0.244284 0.000000 1.000000 1 6 1.000000
  6 2.870397 3.953763 66.571960 -0.963666 -0.267110 -0.000001 0.000000 1.000000 1 6 1.000000
shoe
  6 2.944824 3.969376 65.871368 -0.941919 -0.221437 -0.252497 0.000000 1.000000 1 6 1.000000
  6 3.061058 3.474341 66.571960 -0.894804 -0.446460 -0.000001 0.000000 1.000000 1 6 1.000000
  6 2.870397 3.953763 66.571960 -0.963666 -0.267110 -0.000001 0.000000 1.000000 1 6 1.000000
shoe
  6 3.417688 3.029737 67.272568 -0.766724 -0.600957 0.225799 0.000000 1.000000 1 6 1.000000
  6 3.621027 3.072393 67.785446 -0.564652 -0.594207 0.572788 0.000000 1.000000 1 6 1.000000
  6 3.141618 3.491241 67.330299 -0.868483 -0.431350 0.244284 0.000000 1.000000 1 6 1.000000
shoe
  6 3.061058 3.474341 66.571960 -0.894804 -0.446460 -0.000001 0.000000 1.000000 1 6 1.000000
  6 3.417688 3.029737 67.272568 -0.766724 -0.600957 0.225799 0.000000 1.000000 1 6 1.000000
  6 3.141618 3.491241 67.330299 -0.868483 -0.431350 0.244284 0.000000 1.000000 1 6 1.000000
shoe
  6 3.141617 3.491241 65.813652 -0.868485 -0.431349 -0.244277 0.000000 1.000000 1 6 1.000000
  6 3.061058 3.474341 66.571960 -0.894804 -0.446460 -0.000001 0.000000 1.000000 1 6 1.000000
  6 2.944824 3.969376 65.871368 -0.941919 -0.221437 -0.252497 0.000000 1.000000 1 6 1.000000
shoe
  6 3.148161 4.012033 65.358498 -0.771272 -0.012255 -0.636387 0.000000 1.000000 1 6 1.000000
  6 3.141617 3.491241 65.813652 -0.868485 -0.431349 -0.244277 0.000000 1.000000 1 6 1.000000
  6 2.944824 3.969376 65.871368 -0.941919 -0.221437 -0.252497 0.000000 1.000000 1 6 1.000000
shoe
  6 3.343261 3.014123 66.571960 -0.804118 -0.594470 -0.000001 0.000000 1.000000 1 6 1.000000
  6 3.417688 3.029737 67.272568 -0.766724 -0.600957 0.225799 0.000000 1.000000 1 6 1.000000
  6 3.061058 3.474341 66.571960 -0.894804 -0.446460 -0.000001 0.000000 1.000000 1 6 1.000000
shoe
  6 3.141617 3.491241 65.813652 -0.868485 -0.431349 -0.244277 0.000000 1.000000 1 6 1.000000
  6 3.343261 3.014123 66.571960 -0.804118 -0.594470 -0.000001 0.000000 1.000000 1 6 1.000000
  6 3.061058 3.474341 66.571960 -0.894804 -0.446460 -0.000001 0.000000 1.000000 1 6 1.000000
shoe
  6 3.361707 3.537412 65.258514 -0.691259 -0.332678 -0.641472 0.000000 1.000000 1 6 1.000000
  6 3.141617 3.491241 65.813652 -0.868485 -0.431349 -0.244277 0.000000 1.000000 1 6 1.000000
  6 3.148161 4.012033 65.358498 -0.771272 -0.012255 -0.636387 0.000000 1.000000 1 6 1.000000
shoe
  6 3.425926 4.070304 65.170769 -0.115991 0.372511 -0.920751 0.000000 1.000000 1 6 1.000000
  6 3.361707 3.537412 65.258514 -0.691259 -0.332678 -0.641472 0.000000 1.000000 1 6 1.000000
  6 3.148161 4.012033 65.358498 -0.771272 -0.012255 -0.636387 0.000000 1.000000 1 6 1.000000
shoe
  6 3.417688 3.029736 65.871368 -0.766724 -0.600956 -0.225801 0.000000 1.000000 1 6 1.000000
  6 3.343261 3.014123 66.571960 -0.804118 -0.594470 -0.000001 0.000000 1.000000 1 6 1.000000
  6 3.141617 3.491241 65.813652 -0.868485 -0.431349 -0.244277 0.000000 1.000000 1 6 1.000000
shoe
  6 3.361707 3.537412 65.258514 -0.691259 -0.332678 -0.641472 0.000000 1.000000 1 6 1.000000
  6 3.417688 3.029736 65.871368 -0.766724 -0.600956 -0.225801 0.000000 1.000000 1 6 1.000000
  6 3.141617 3.491241 65.813652 -0.868485 -0.431349 -0.244277 0.000000 1.000000 1 6 1.000000
shoe
  6 3.662357 3.600484 65.055313 0.000004 -0.000001 -1.000000 0.000000 1.000000 1 6 1.000000
  6 3.361707 3.537412 65.258514 -0.691259 -0.332678 -0.641472 0.000000 1.000000 1 6 1.000000
  6 3.425926 4.070304 65.170769 -0.115991 0.372511 -0.920751 0.000000 1.000000 1 6 1.000000
shoe
  6 3.703691 4.128575 65.358498 0.564658 0.594210 -0.572779 0.000000 1.000000 1 6 1.000000
  6 3.662357 3.600484 65.055313 0.000004 -0.000001 -1.000000 0.000000 1.000000 1 6 1.000000
  6 3.425926 4.070304 65.170769 -0.115991 0.372511 -0.920751 0.000000 1.000000 1 6 1.000000
shoe
  6 3.963009 3.663555 65.258514 0.691258 0.332678 -0.641473 0.000000 1.000000 1 6 1.000000
  6 3.662357 3.600484 65.055313 0.000004 -0.000001 -1.000000 0.000000 1.000000 1 6 1.000000
  6 3.703691 4.128575 65.358498 0.564658 0.594210 -0.572779 0.000000 1.000000 1 6 1.000000
shoe
  6 3.662357 3.600484 65.055313 0.000004 -0.000001 -1.000000 0.000000 1.000000 1 6 1.000000
  6 3.621025 3.072393 65.358498 -0.564660 -0.594209 -0.572777 0.000000 1.000000 1 6 1.000000
  6 3.361707 3.537412 65.258514 -0.691259 -0.332678 -0.641472 0.000000 1.000000 1 6 1.000000
shoe
  6 3.621025 3.072393 65.358498 -0.564660 -0.594209 -0.572777 0.000000 1.000000 1 6 1.000000
  6 3.417688 3.029736 65.871368 -0.766724 -0.600956 -0.225801 0.000000 1.000000 1 6 1.000000
  6 3.361707 3.537412 65.258514 -0.691259 -0.332678 -0.641472 0.000000 1.000000 1 6 1.000000
shoe
  6 3.963009 3.663555 65.258514 0.691258 0.332678 -0.641473 0.000000 1.000000 1 6 1.000000
  6 3.898790 3.130663 65.170769 0.115989 -0.372510 -0.920751 0.000000 1.000000 1 6 1.000000
  6 3.662357 3.600484 65.055313 0.000004 -0.000001 -1.000000 0.000000 1.000000 1 6 1.000000
shoe
  6 3.898790 3.130663 65.170769 0.115989 -0.372510 -0.920751 0.000000 1.000000 1 6 1.000000
  6 3.621025 3.072393 65.358498 -0.564660 -0.594209 -0.572777 0.000000 1.000000 1 6 1.000000
  6 3.662357 3.600484 65.055313 0.000004 -0.000001 -1.000000 0.000000 1.000000 1 6 1.000000
shoe
  6 4.176555 3.188935 65.358498 0.771270 0.012256 -0.636391 0.000000 1.000000 1 6 1.000000
  6 3.898790 3.130663 65.170769 0.115989 -0.372510 -0.920751 0.000000 1.000000 1 6 1.000000
  6 3.963009 3.663555 65.258514 0.691258 0.332678 -0.641473 0.000000 1.000000 1 6 1.000000
shoe
  6 4.183101 3.709728 65.813652 0.868485 0.431349 -0.244279 0.000000 1.000000 1 6 1.000000
  6 4.176555 3.188935 65.358498 0.771270 0.012256 -0.636391 0.000000 1.000000 1 6 1.000000
  6 3.963009 3.663555 65.258514 0.691258 0.332678 -0.641473 0.000000 1.000000 1 6 1.000000
shoe
  6 4.379894 3.231592 65.871368 0.941918 0.221437 -0.252499 0.000000 1.000000 1 6 1.000000
  6 4.176555 3.188935 65.358498 0.771270 0.012256 -0.636391 0.000000 1.000000 1 6 1.000000
  6 4.183101 3.709728 65.813652 0.868485 0.431349 -0.244279 0.000000 1.000000 1 6 1.000000
shoe
  6 3.898790 3.130663 65.170769 0.115989 -0.372510 -0.920751 0.000000 1.000000 1 6 1.000000
  6 3.886635 2.687771 65.643211 -0.397624 -0.801165 -0.447248 0.000000 1.000000 1 6 1.000000
  6 3.621025 3.072393 65.358498 -0.564660 -0.594209 -0.572777 0.000000 1.000000 1 6 1.000000
shoe
  6 4.176555 3.188935 65.358498 0.771270 0.012256 -0.636391 0.000000 1.000000 1 6 1.000000
  6 4.099228 2.732369 65.499535 0.192348 -0.683086 -0.704554 0.000000 1.000000 1 6 1.000000
  6 3.898790 3.130663 65.170769 0.115989 -0.372510 -0.920751 0.000000 1.000000 1 6 1.000000
shoe
  6 4.099228 2.732369 65.499535 0.192348 -0.683086 -0.704554 0.000000 1.000000 1 6 1.000000
  6 3.886635 2.687771 65.643211 -0.397624 -0.801165 -0.447248 0.000000 1.000000 1 6 1.000000
  6 3.898790 3.130663 65.170769 0.115989 -0.372510 -0.920751 0.000000 1.000000 1 6 1.000000
shoe
  6 4.379894 3.231592 65.871368 0.941918 0.221437 -0.252499 0.000000 1.000000 1 6 1.000000
  6 4.311820 2.776968 65.643211 0.772415 -0.351192 -0.529187 0.000000 1.000000 1 6 1.000000
  6 4.176555 3.188935 65.358498 0.771270 0.012256 -0.636391 0.000000 1.000000 1 6 1.000000
shoe
  6 4.311820 2.776968 65.643211 0.772415 -0.351192 -0.529187 0.000000 1.000000 1 6 1.000000
  6 4.099228 2.732369 65.499535 0.192348 -0.683086 -0.704554 0.000000 1.000000 1 6 1.000000
  6 4.176555 3.188935 65.358498 0.771270 0.012256 -0.636391 0.000000 1.000000 1 6 1.000000
shoe
  6 4.467447 2.809617 66.035751 0.966712 -0.094013 -0.237971 0.000000 1.000000 1 6 1.000000
  6 4.311820 2.776968 65.643211 0.772415 -0.351192 -0.529187 0.000000 1.000000 1 6 1.000000
  6 4.379894 3.231592 65.871368 0.941918 0.221437 -0.252499 0.000000 1.000000 1 6 1.000000
shoe
  6 4.454321 3.247206 66.571960 0.963666 0.267111 -0.000004 0.000000 1.000000 1 6 1.000000
  6 4.467447 2.809617 66.035751 0.966712 -0.094013 -0.237971 0.000000 1.000000 1 6 1.000000
  6 4.379894 3.231592 65.871368 0.941918 0.221437 -0.252499 0.000000 1.000000 1 6 1.000000
shoe
  6 4.311820 2.776968 65.643211 0.772415 -0.351192 -0.529187 0.000000 1.000000 1 6 1.000000
  6 4.233156 2.466238 65.991570 0.216030 -0.889751 -0.402088 0.000000 1.000000 1 6 1.000000
  6 4.099228 2.732369 65.499535 0.192348 -0.683086 -0.704554 0.000000 1.000000 1 6 1.000000
shoe
  6 4.524412 2.821567 66.571960 0.999902 -0.014006 -0.000003 0.000000 1.000000 1 6 1.000000
  6 4.467447 2.809617 66.035751 0.966712 -0.094013 -0.237971 0.000000 1.000000 1 6 1.000000
  6 4.454321 3.247206 66.571960 0.963666 0.267111 -0.000004 0.000000 1.000000 1 6 1.000000
shoe
  6 4.379895 3.231592 67.272568 0.941920 0.221433 0.252497 0.000000 1.000000 1 6 1.000000
  6 4.524412 2.821567 66.571960 0.999902 -0.014006 -0.000003 0.000000 1.000000 1 6 1.000000
  6 4.454321 3.247206 66.571960 0.963666 0.267111 -0.000004 0.000000 1.000000 1 6 1.000000
shoe
  6 4.467447 2.809617 66.035751 0.966712 -0.094013 -0.237971 0.000000 1.000000 1 6 1.000000
  6 4.348210 2.490374 66.069328 0.634678 -0.706619 -0.312846 0.000000 1.000000 1 6 1.000000
  6 4.311820 2.776968 65.643211 0.772415 -0.351192 -0.529187 0.000000 1.000000 1 6 1.000000
shoe
  6 4.348210 2.490374 66.069328 0.634678 -0.706619 -0.312846 0.000000 1.000000 1 6 1.000000
  6 4.233156 2.466238 65.991570 0.216030 -0.889751 -0.402088 0.000000 1.000000 1 6 1.000000
  6 4.311820 2.776968 65.643211 0.772415 -0.351192 -0.529187 0.000000 1.000000 1 6 1.000000
shoe
  6 4.432436 2.508044 66.281769 0.810587 -0.565261 -0.153061 0.000000 1.000000 1 6 1.000000
  6 4.348210 2.490374 66.069328 0.634678 -0.706619 -0.312846 0.000000 1.000000 1 6 1.000000
  6 4.467447 2.809617 66.035751 0.966712 -0.094013 -0.237971 0.000000 1.000000 1 6 1.000000
shoe
  6 4.524412 2.821567 66.571960 0.999902 -0.014006 -0.000003 0.000000 1.000000 1 6 1.000000
  6 4.432436 2.508044 66.281769 0.810587 -0.565261 -0.153061 0.000000 1.000000 1 6 1.000000
  6 4.467447 2.809617 66.035751 0.966712 -0.094013 -0.237971 0.000000 1.000000 1 6 1.000000
shoe
  6 4.233156 2.466238 65.991570 0.216030 -0.889751 -0.402088 0.000000 1.000000 1 6 1.000000
  6 4.118102 2.442101 66.069328 -0.174076 -0.948920 -0.263151 0.000000 1.000000 1 6 1.000000
  6 4.099228 2.732369 65.499535 0.192348 -0.683086 -0.704554 0.000000 1.000000 1 6 1.000000
shoe
  6 4.099228 2.732369 65.499535 0.192348 -0.683086 -0.704554 0.000000 1.000000 1 6 1.000000
  6 4.118102 2.442101 66.069328 -0.174076 -0.948920 -0.263151 0.000000 1.000000 1 6 1.000000
  6 3.886635 2.687771 65.643211 -0.397624 -0.801165 -0.447248 0.000000 1.000000 1 6 1.000000
shoe
  6 4.348210 2.490374 66.069328 0.634678 -0.706619 -0.312846 0.000000 1.000000 1 6 1.000000
  6 4.280185 2.372785 66.571960 0.247554 -0.968874 -0.000002 0.000000 1.000000 1 6 1.000000
  6 4.233156 2.466238 65.991570 0.216030 -0.889751 -0.402088 0.000000 1.000000 1 6 1.000000
shoe
  6 4.233156 2.466238 65.991570 0.216030 -0.889751 -0.402088 0.000000 1.000000 1 6 1.000000
  6 4.280185 2.372785 66.571960 0.247554 -0.968874 -0.000002 0.000000 1.000000 1 6 1.000000
  6 4.118102 2.442101 66.069328 -0.174076 -0.948920 -0.263151 0.000000 1.000000 1 6 1.000000
shoe
  6 4.432436 2.508044 66.281769 0.810587 -0.565261 -0.153061 0.000000 1.000000 1 6 1.000000
  6 4.280185 2.372785 66.571960 0.247554 -0.968874 -0.000002 0.000000 1.000000 1 6 1.000000
  6 4.348210 2.490374 66.069328 0.634678 -0.706619 -0.312846 0.000000 1.000000 1 6 1.000000
shoe
  6 4.118102 2.442101 66.069328 -0.174076 -0.948920 -0.263151 0.000000 1.000000 1 6 1.000000
  6 4.033877 2.424433 66.281769 -0.335190 -0.934091 -0.122968 0.000000 1.000000 1 6 1.000000
  6 3.886635 2.687771 65.643211 -0.397624 -0.801165 -0.447248 0.000000 1.000000 1 6 1.000000
shoe
  6 4.118102 2.442101 66.069328 -0.174076 -0.948920 -0.263151 0.000000 1.000000 1 6 1.000000
  6 4.280185 2.372785 66.571960 0.247554 -0.968874 -0.000002 0.000000 1.000000 1 6 1.000000
  6 4.033877 2.424433 66.281769 -0.335190 -0.934091 -0.122968 0.000000 1.000000 1 6 1.000000
shoe
  6 4.463265 2.514511 66.571960 0.858672 -0.512525 -0.000002 0.000000 1.000000 1 6 1.000000
  6 4.432436 2.508044 66.281769 0.810587 -0.565261 -0.153061 0.000000 1.000000 1 6 1.000000
  6 4.524412 2.821567 66.571960 0.999902 -0.014006 -0.000003 0.000000 1.000000 1 6 1.000000
shoe
  6 4.463265 2.514511 66.571960 0.858672 -0.512525 -0.000002 0.000000 1.000000 1 6 1.000000
  6 4.280185 2.372785 66.571960 0.247554 -0.968874 -0.000002 0.000000 1.000000 1 6 1.000000
  6 4.432436 2.508044 66.281769 0.810587 -0.565261 -0.153061 0.000000 1.000000 1 6 1.000000
shoe
  6 4.467448 2.809617 67.108185 0.966710 -0.094014 0.237976 0.000000 1.000000 1 6 1.000000
  6 4.524412 2.821567 66.571960 0.999902 -0.014006 -0.000003 0.000000 1.000000 1 6 1.000000
  6 4.379895 3.231592 67.272568 0.941920 0.221433 0.252497 0.000000 1.000000 1 6 1.000000
shoe
  6 4.467448 2.809617 67.108185 0.966710 -0.094014 0.237976 0.000000 1.000000 1 6 1.000000
  6 4.463265 2.514511 66.571960 0.858672 -0.512525 -0.000002 0.000000 1.000000 1 6 1.000000
  6 4.524412 2.821567 66.571960 0.999902 -0.014006 -0.000003 0.000000 1.000000 1 6 1.000000
shoe
  6 4.176557 3.188934 67.785446 0.771263 0.012243 0.636398 0.000000 1.000000 1 6 1.000000
  6 4.467448 2.809617 67.108185 0.966710 -0.094014 0.237976 0.000000 1.000000 1 6 1.000000
  6 4.379895 3.231592 67.272568 0.941920 0.221433 0.252497 0.000000 1.000000 1 6 1.000000
shoe
  6 4.432436 2.508044 66.862167 0.810587 -0.565262 0.153061 0.000000 1.000000 1 6 1.000000
  6 4.463265 2.514511 66.571960 0.858672 -0.512525 -0.000002 0.000000 1.000000 1 6 1.000000
  6 4.467448 2.809617 67.108185 0.966710 -0.094014 0.237976 0.000000 1.000000 1 6 1.000000
shoe
  6 4.432436 2.508044 66.862167 0.810587 -0.565262 0.153061 0.000000 1.000000 1 6 1.000000
  6 4.280185 2.372785 66.571960 0.247554 -0.968874 -0.000002 0.000000 1.000000 1 6 1.000000
  6 4.463265 2.514511 66.571960 0.858672 -0.512525 -0.000002 0.000000 1.000000 1 6 1.000000
shoe
  6 4.311820 2.776968 67.500717 0.772417 -0.351193 0.529184 0.000000 1.000000 1 6 1.000000
  6 4.467448 2.809617 67.108185 0.966710 -0.094014 0.237976 0.000000 1.000000 1 6 1.000000
  6 4.176557 3.188934 67.785446 0.771263 0.012243 0.636398 0.000000 1.000000 1 6 1.000000
shoe
  6 4.311820 2.776968 67.500717 0.772417 -0.351193 0.529184 0.000000 1.000000 1 6 1.000000
  6 4.432436 2.508044 66.862167 0.810587 -0.565262 0.153061 0.000000 1.000000 1 6 1.000000
  6 4.467448 2.809617 67.108185 0.966710 -0.094014 0.237976 0.000000 1.000000 1 6 1.000000
shoe
  6 3.898792 3.130664 67.973167 0.115997 -0.372518 0.920747 0.000000 1.000000 1 6 1.000000
  6 4.311820 2.776968 67.500717 0.772417 -0.351193 0.529184 0.000000 1.000000 1 6 1.000000
  6 4.176557 3.188934 67.785446 0.771263 0.012243 0.636398 0.000000 1.000000 1 6 1.000000
shoe
  6 4.348211 2.490374 67.074608 0.634676 -0.706621 0.312847 0.000000 1.000000 1 6 1.000000
  6 4.432436 2.508044 66.862167 0.810587 -0.565262 0.153061 0.000000 1.000000 1 6 1.000000
  6 4.311820 2.776968 67.500717 0.772417 -0.351193 0.529184 0.000000 1.000000 1 6 1.000000
shoe
  6 4.348211 2.490374 67.074608 0.634676 -0.706621 0.312847 0.000000 1.000000 1 6 1.000000
  6 4.280185 2.372785 66.571960 0.247554 -0.968874 -0.000002 0.000000 1.000000 1 6 1.000000
  6 4.432436 2.508044 66.862167 0.810587 -0.565262 0.153061 0.000000 1.000000 1 6 1.000000
shoe
  6 4.099229 2.732370 67.644402 0.192368 -0.683087 0.704547 0.000000 1.000000 1 6 1.000000
  6 4.311820 2.776968 67.500717 0.772417 -0.351193 0.529184 0.000000 1.000000 1 6 1.000000
  6 3.898792 3.130664 67.973167 0.115997 -0.372518 0.920747 0.000000 1.000000 1 6 1.000000
shoe
  6 4.099229 2.732370 67.644402 0.192368 -0.683087 0.704547 0.000000 1.000000 1 6 1.000000
  6 4.348211 2.490374 67.074608 0.634676 -0.706621 0.312847 0.000000 1.000000 1 6 1.000000
  6 4.311820 2.776968 67.500717 0.772417 -0.351193 0.529184 0.000000 1.000000 1 6 1.000000
shoe
  6 3.621027 3.072393 67.785446 -0.564652 -0.594207 0.572788 0.000000 1.000000 1 6 1.000000
  6 4.099229 2.732370 67.644402 0.192368 -0.683087 0.704547 0.000000 1.000000 1 6 1.000000
  6 3.898792 3.130664 67.973167 0.115997 -0.372518 0.920747 0.000000 1.000000 1 6 1.000000
shoe
  6 4.233157 2.466238 67.152367 0.216036 -0.889750 0.402087 0.000000 1.000000 1 6 1.000000
  6 4.348211 2.490374 67.074608 0.634676 -0.706621 0.312847 0.000000 1.000000 1 6 1.000000
  6 4.099229 2.732370 67.644402 0.192368 -0.683087 0.704547 0.000000 1.000000 1 6 1.000000
shoe
  6 4.233157 2.466238 67.152367 0.216036 -0.889750 0.402087 0.000000 1.000000 1 6 1.000000
  6 4.280185 2.372785 66.571960 0.247554 -0.968874 -0.000002 0.000000 1.000000 1 6 1.000000
  6 4.348211 2.490374 67.074608 0.634676 -0.706621 0.312847 0.000000 1.000000 1 6 1.000000
shoe
  6 3.886636 2.687772 67.500717 -0.397606 -0.801174 0.447246 0.000000 1.000000 1 6 1.000000
  6 4.099229 2.732370 67.644402 0.192368 -0.683087 0.704547 0.000000 1.000000 1 6 1.000000
  6 3.621027 3.072393 67.785446 -0.564652 -0.594207 0.572788 0.000000 1.000000 1 6 1.000000
shoe
  6 3.886636 2.687772 67.500717 -0.397606 -0.801174 0.447246 0.000000 1.000000 1 6 1.000000
  6 4.233157 2.466238 67.152367 0.216036 -0.889750 0.402087 0.000000 1.000000 1 6 1.000000
  6 4.099229 2.732370 67.644402 0.192368 -0.683087 0.704547 0.000000 1.000000 1 6 1.000000
shoe
  6 3.417688 3.029737 67.272568 -0.766724 -0.600957 0.225799 0.000000 1.000000 1 6 1.000000
  6 3.886636 2.687772 67.500717 -0.397606 -0.801174 0.447246 0.000000 1.000000 1 6 1.000000
  6 3.621027 3.072393 67.785446 -0.564652 -0.594207 0.572788 0.000000 1.000000 1 6 1.000000
shoe
  6 4.118103 2.442102 67.074608 -0.174078 -0.948919 0.263151 0.000000 1.000000 1 6 1.000000
  6 4.233157 2.466238 67.152367 0.216036 -0.889750 0.402087 0.000000 1.000000 1 6 1.000000
  6 3.886636 2.687772 67.500717 -0.397606 -0.801174 0.447246 0.000000 1.000000 1 6 1.000000
shoe
  6 4.118103 2.442102 67.074608 -0.174078 -0.948919 0.263151 0.000000 1.000000 1 6 1.000000
  6 4.280185 2.372785 66.571960 0.247554 -0.968874 -0.000002 0.000000 1.000000 1 6 1.000000
  6 4.233157 2.466238 67.152367 0.216036 -0.889750 0.402087 0.000000 1.000000 1 6 1.000000
shoe
  6 3.731009 2.655123 67.108185 -0.613172 -0.766115 0.192584 0.000000 1.000000 1 6 1.000000
  6 3.886636 2.687772 67.500717 -0.397606 -0.801174 0.447246 0.000000 1.000000 1 6 1.000000
  6 3.417688 3.029737 67.272568 -0.766724 -0.600957 0.225799 0.000000 1.000000 1 6 1.000000
shoe
  6 3.731009 2.655123 67.108185 -0.613172 -0.766115 0.192584 0.000000 1.000000 1 6 1.000000
  6 4.118103 2.442102 67.074608 -0.174078 -0.948919 0.263151 0.000000 1.000000 1 6 1.000000
  6 3.886636 2.687772 67.500717 -0.397606 -0.801174 0.447246 0.000000 1.000000 1 6 1.000000
shoe
  6 3.343261 3.014123 66.571960 -0.804118 -0.594470 -0.000001 0.000000 1.000000 1 6 1.000000
  6 3.731009 2.655123 67.108185 -0.613172 -0.766115 0.192584 0.000000 1.000000 1 6 1.000000
  6 3.417688 3.029737 67.272568 -0.766724 -0.600957 0.225799 0.000000 1.000000 1 6 1.000000
shoe
  6 4.033877 2.424433 66.862167 -0.335198 -0.934089 0.122965 0.000000 1.000000 1 6 1.000000
  6 4.280185 2.372785 66.571960 0.247554 -0.968874 -0.000002 0.000000 1.000000 1 6 1.000000
  6 4.118103 2.442102 67.074608 -0.174078 -0.948919 0.263151 0.000000 1.000000 1 6 1.000000
shoe
  6 4.033877 2.424433 66.862167 -0.335198 -0.934089 0.122965 0.000000 1.000000 1 6 1.000000
  6 4.118103 2.442102 67.074608 -0.174078 -0.948919 0.263151 0.000000 1.000000 1 6 1.000000
  6 3.731009 2.655123 67.108185 -0.613172 -0.766115 0.192584 0.000000 1.000000 1 6 1.000000
shoe
  6 3.674044 2.643173 66.571960 -0.664142 -0.747607 -0.000001 0.000000 1.000000 1 6 1.000000
  6 3.731009 2.655123 67.108185 -0.613172 -0.766115 0.192584 0.000000 1.000000 1 6 1.000000
  6 3.343261 3.014123 66.571960 -0.804118 -0.594470 -0.000001 0.000000 1.000000 1 6 1.000000
shoe
  6 3.674044 2.643173 66.571960 -0.664142 -0.747607 -0.000001 0.000000 1.000000 1 6 1.000000
  6 4.033877 2.424433 66.862167 -0.335198 -0.934089 0.122965 0.000000 1.000000 1 6 1.000000
  6 3.731009 2.655123 67.108185 -0.613172 -0.766115 0.192584 0.000000 1.000000 1 6 1.000000
shoe
  6 3.417688 3.029736 65.871368 -0.766724 -0.600956 -0.225801 0.000000 1.000000 1 6 1.000000
  6 3.674044 2.643173 66.571960 -0.664142 -0.747607 -0.000001 0.000000 1.000000 1 6 1.000000
  6 3.343261 3.014123 66.571960 -0.804118 -0.594470 -0.000001 0.000000 1.000000 1 6 1.000000
shoe
  6 4.003048 2.417964 66.571960 -0.383175 -0.923676 -0.000003 0.000000 1.000000 1 6 1.000000
  6 4.280185 2.372785 66.571960 0.247554 -0.968874 -0.000002 0.000000 1.000000 1 6 1.000000
  6 4.033877 2.424433 66.862167 -0.335198 -0.934089 0.122965 0.000000 1.000000 1 6 1.000000
shoe
  6 4.003048 2.417964 66.571960 -0.383175 -0.923676 -0.000003 0.000000 1.000000 1 6 1.000000
  6 4.033877 2.424433 66.862167 -0.335198 -0.934089 0.122965 0.000000 1.000000 1 6 1.000000
  6 3.674044 2.643173 66.571960 -0.664142 -0.747607 -0.000001 0.000000 1.000000 1 6 1.000000
shoe
  6 4.033877 2.424433 66.281769 -0.335190 -0.934091 -0.122968 0.000000 1.000000 1 6 1.000000
  6 4.280185 2.372785 66.571960 0.247554 -0.968874 -0.000002 0.000000 1.000000 1 6 1.000000
  6 4.003048 2.417964 66.571960 -0.383175 -0.923676 -0.000003 0.000000 1.000000 1 6 1.000000
shoe
  6 3.731008 2.655123 66.035751 -0.613170 -0.766117 -0.192582 0.000000 1.000000 1 6 1.000000
  6 3.674044 2.643173 66.571960 -0.664142 -0.747607 -0.000001 0.000000 1.000000 1 6 1.000000
  6 3.417688 3.029736 65.871368 -0.766724 -0.600956 -0.225801 0.000000 1.000000 1 6 1.000000
shoe
  6 3.731008 2.655123 66.035751 -0.613170 -0.766117 -0.192582 0.000000 1.000000 1 6 1.000000
  6 4.003048 2.417964 66.571960 -0.383175 -0.923676 -0.000003 0.000000 1.000000 1 6 1.000000
  6 3.674044 2.643173 66.571960 -0.664142 -0.747607 -0.000001 0.000000 1.000000 1 6 1.000000
shoe
  6 4.033877 2.424433 66.281769 -0.335190 -0.934091 -0.122968 0.000000 1.000000 1 6 1.000000
  6 4.003048 2.417964 66.571960 -0.383175 -0.923676 -0.000003 0.000000 1.000000 1 6 1.000000
  6 3.731008 2.655123 66.035751 -0.613170 -0.766117 -0.192582 0.000000 1.000000 1 6 1.000000
shoe
  6 3.621025 3.072393 65.358498 -0.564660 -0.594209 -0.572777 0.000000 1.000000 1 6 1.000000
  6 3.731008 2.655123 66.035751 -0.613170 -0.766117 -0.192582 0.000000 1.000000 1 6 1.000000
  6 3.417688 3.029736 65.871368 -0.766724 -0.600956 -0.225801 0.000000 1.000000 1 6 1.000000
shoe
  6 3.886635 2.687771 65.643211 -0.397624 -0.801165 -0.447248 0.000000 1.000000 1 6 1.000000
  6 4.033877 2.424433 66.281769 -0.335190 -0.934091 -0.122968 0.000000 1.000000 1 6 1.000000
  6 3.731008 2.655123 66.035751 -0.613170 -0.766117 -0.192582 0.000000 1.000000 1 6 1.000000
shoe
  6 3.886635 2.687771 65.643211 -0.397624 -0.801165 -0.447248 0.000000 1.000000 1 6 1.000000
  6 3.731008 2.655123 66.035751 -0.613170 -0.766117 -0.192582 0.000000 1.000000 1 6 1.000000
  6 3.621025 3.072393 65.358498 -0.564660 -0.594209 -0.572777 0.000000 1.000000 1 6 1.000000
end
