// Created by Crowbar++ 0.74
version 1
nodes
  0 "ValveBiped.Bip01_Pelvis" -1
  1 "ValveBiped.Bip01_Spine" 0
  2 "ValveBiped.Bip01_Spine1" 1
  3 "ValveBiped.Bip01_Spine2" 2
  4 "ValveBiped.Bip01_Spine4" 3
  5 "ValveBiped.Bip01_Neck1" 4
  6 "ValveBiped.Bip01_Head1" 5
  7 "ValveBiped.forward" 6
  8 "ValveBiped.Bip01_L_Clavicle" 4
  9 "ValveBiped.Bip01_L_UpperArm" 8
  10 "ValveBiped.Bip01_L_Forearm" 9
  11 "ValveBiped.Bip01_L_Hand" 10
  12 "ValveBiped.Anim_Attachment_LH" 11
  13 "ValveBiped.Bip01_L_Finger4" 11
  14 "ValveBiped.Bip01_L_Finger41" 13
  15 "ValveBiped.Bip01_L_Finger42" 14
  16 "ValveBiped.Bip01_L_Finger3" 11
  17 "ValveBiped.Bip01_L_Finger31" 16
  18 "ValveBiped.Bip01_L_Finger32" 17
  19 "ValveBiped.Bip01_L_Finger2" 11
  20 "ValveBiped.Bip01_L_Finger21" 19
  21 "ValveBiped.Bip01_L_Finger22" 20
  22 "ValveBiped.Bip01_L_Finger1" 11
  23 "ValveBiped.Bip01_L_Finger11" 22
  24 "ValveBiped.Bip01_L_Finger12" 23
  25 "ValveBiped.Bip01_L_Finger0" 11
  26 "ValveBiped.Bip01_L_Finger01" 25
  27 "ValveBiped.Bip01_L_Finger02" 26
  28 "ValveBiped.Bip01_R_Clavicle" 4
  29 "ValveBiped.Bip01_R_UpperArm" 28
  30 "ValveBiped.Bip01_R_Forearm" 29
  31 "ValveBiped.Bip01_R_Hand" 30
  32 "ValveBiped.Anim_Attachment_RH" 31
  33 "ValveBiped.Bip01_R_Finger4" 31
  34 "ValveBiped.Bip01_R_Finger41" 33
  35 "ValveBiped.Bip01_R_Finger42" 34
  36 "ValveBiped.Bip01_R_Finger3" 31
  37 "ValveBiped.Bip01_R_Finger31" 36
  38 "ValveBiped.Bip01_R_Finger32" 37
  39 "ValveBiped.Bip01_R_Finger2" 31
  40 "ValveBiped.Bip01_R_Finger21" 39
  41 "ValveBiped.Bip01_R_Finger22" 40
  42 "ValveBiped.Bip01_R_Finger1" 31
  43 "ValveBiped.Bip01_R_Finger11" 42
  44 "ValveBiped.Bip01_R_Finger12" 43
  45 "ValveBiped.Bip01_R_Finger0" 31
  46 "ValveBiped.Bip01_R_Finger01" 45
  47 "ValveBiped.Bip01_R_Finger02" 46
  48 "ValveBiped.Bip01_L_Thigh" 0
  49 "ValveBiped.Bip01_L_Calf" 48
  50 "ValveBiped.Bip01_L_Foot" 49
  51 "ValveBiped.Bip01_L_Toe0" 50
  52 "ValveBiped.Bip01_R_Thigh" 0
  53 "ValveBiped.Bip01_R_Calf" 52
  54 "ValveBiped.Bip01_R_Foot" 53
  55 "ValveBiped.Bip01_R_Toe0" 54
  56 "ValveBiped.Bip2" 0
  57 "ValveBiped.Bip3" 0
  58 "ValveBiped.Bip4" 0
  59 "ValveBiped.Bip5" 0
  60 "ValveBiped.Bip8" 0
  61 "ValveBiped.Bip9" 0
  62 "ValveBiped.Bip10" 0
  63 "ValveBiped.Bip11" 0
  64 "ValveBiped.Bip12" 0
  65 "ValveBiped.Bip1" 64
  66 "ValveBiped.Bip7" 0
  67 "ValveBiped.Bip6" 66
  68 "ValveBiped.Bip14" 0
  69 "ValveBiped.Bip13" 68
  70 "pd.103" 4
  71 "pd.104" 4
  72 "pd.128" 56
  73 "pd.129" 72
  74 "pd.130" 73
  75 "pd.131" 74
  76 "pd.132" 57
  77 "pd.133" 76
  78 "pd.134" 77
  79 "pd.135" 78
  80 "pd.136" 58
  81 "pd.137" 80
  82 "pd.138" 81
  83 "pd.139" 82
  84 "pd.140" 59
  85 "pd.141" 84
  86 "pd.142" 85
  87 "pd.143" 86
  88 "pd.144" 60
  89 "pd.145" 88
  90 "pd.146" 89
  91 "pd.147" 90
  92 "pd.148" 61
  93 "pd.149" 92
  94 "pd.150" 93
  95 "pd.151" 94
  96 "pd.152" 62
  97 "pd.153" 96
  98 "pd.154" 97
  99 "pd.155" 98
  100 "pd.156" 63
  101 "pd.157" 100
  102 "pd.158" 101
  103 "pd.159" 102
  104 "pd.160" 65
  105 "pd.161" 104
  106 "pd.162" 105
  107 "pd.163" 106
  108 "pd.164" 67
  109 "pd.165" 108
  110 "pd.166" 109
  111 "pd.167" 110
  112 "pd" 6
  113 "pd.001" 6
  114 "pd.002" 6
  115 "pd.003" 6
  116 "pd.004" 6
  117 "pd.005" 6
  118 "pd.006" 6
  119 "pd.007" 6
  120 "pd.008" 6
  121 "pd.015" 6
  122 "pd.016" 121
  123 "pd.017" 122
  124 "pd.018" 123
  125 "pd.019" 124
  126 "pd.020" 125
  127 "pd.021" 126
  128 "pd.022" 127
  129 "pd.023" 128
  130 "pd.024" 129
  131 "pd.025" 130
  132 "pd.026" 131
  133 "pd.027" 132
  134 "pd.028" 133
  135 "pd.029" 134
  136 "pd.030" 135
  137 "pd.031" 136
  138 "pd.032" 137
  139 "pd.033" 138
  140 "pd.034" 128
  141 "pd.035" 140
  142 "pd.036" 141
  143 "pd.037" 142
  144 "pd.038" 143
  145 "pd.039" 144
  146 "pd.040" 145
  147 "pd.041" 146
  148 "pd.042" 147
  149 "pd.043" 148
  150 "pd.044" 149
  151 "pd.045" 150
  152 "pd.046" 151
  153 "pd.047" 128
  154 "pd.048" 153
  155 "pd.049" 154
  156 "pd.050" 155
  157 "pd.051" 156
  158 "pd.052" 157
  159 "pd.053" 158
  160 "pd.054" 159
  161 "pd.055" 160
  162 "pd.056" 161
  163 "pd.057" 162
  164 "pd.058" 6
  165 "pd.059" 164
  166 "pd.060" 165
  167 "pd.061" 166
  168 "pd.062" 167
  169 "pd.063" 168
  170 "pd.064" 169
  171 "pd.065" 170
  172 "pd.066" 171
  173 "pd.067" 172
  174 "pd.068" 173
  175 "pd.069" 174
  176 "pd.070" 175
  177 "pd.071" 176
  178 "pd.072" 177
  179 "pd.073" 178
  180 "pd.074" 179
  181 "pd.075" 180
  182 "pd.076" 181
  183 "pd.077" 171
  184 "pd.078" 183
  185 "pd.079" 184
  186 "pd.080" 185
  187 "pd.081" 186
  188 "pd.082" 187
  189 "pd.083" 188
  190 "pd.084" 189
  191 "pd.085" 190
  192 "pd.086" 191
  193 "pd.087" 192
  194 "pd.088" 193
  195 "pd.089" 194
  196 "pd.090" 171
  197 "pd.091" 196
  198 "pd.092" 197
  199 "pd.093" 198
  200 "pd.094" 199
  201 "pd.095" 200
  202 "pd.096" 201
  203 "pd.097" 202
  204 "pd.098" 203
  205 "pd.099" 204
  206 "pd.100" 205
  207 "pd.107" 1
  208 "pd.108" 207
  209 "pd.109" 208
  210 "pd.110" 209
  211 "pd.111" 207
  212 "pd.112" 211
  213 "pd.113" 212
  214 "pd.114" 213
  215 "pd.115" 207
  216 "pd.116" 215
  217 "pd.117" 216
  218 "pd.118" 207
  219 "pd.119" 218
  220 "pd.120" 219
  221 "pd.121" 207
  222 "pd.122" 221
  223 "pd.123" 222
  224 "pd.124" 223
  225 "pd.125" 207
  226 "pd.126" 225
  227 "pd.127" 226
  228 "pd.009" 6
  229 "pd.010" 228
  230 "pd.011" 228
  231 "pd.012" 6
  232 "pd.013" 231
  233 "pd.014" 231
  234 "pd.101" 6
  235 "pd.102" 6
  236 "pd.105" 4
  237 "pd.106" 4
  238 "pd.168" 69
  239 "pd.169" 238
  240 "pd.170" 239
  241 "pd.171" 240
  242 "pd.172" 241
  243 "pd.173" 242
  244 "pd.174" 243
end
skeleton
  time 0
    0 0.000000 -0.967105 44.122166 1.570796 0.000000 0.000000
    1 0.000000 3.523758 0.029950 1.570796 -0.027985 1.570796
    2 0.000000 0.000000 0.000000 0.000000 0.000000 -0.112621
    3 3.710045 0.150944 -0.000002 0.000000 0.000000 -0.012638
    4 0.000004 -0.000001 0.000000 0.000000 0.000000 0.155823
    5 8.192108 -2.246392 -0.000003 3.141589 0.000000 0.224089
    6 2.810970 0.786394 0.000004 0.000000 0.000000 0.109869
    7 0.000000 0.000000 0.000000 -1.570795 0.000000 -1.326470
    8 7.248871 -2.063121 0.799392 1.638345 -1.334142 2.900122
    9 3.406890 -0.117195 -0.331688 -1.453546 0.015826 0.236135
    10 8.927933 0.000001 -0.000004 0.000000 0.000000 0.000000
    11 8.244890 0.000000 -0.000004 1.570796 0.000000 0.000000
    12 2.676094 -1.712418 -0.000012 1.570821 -0.000023 1.570619
    13 2.602129 0.043274 -1.213689 0.000000 0.000000 0.000000
    14 0.978357 0.000000 0.000000 0.000000 0.000000 0.000000
    15 0.578138 0.000000 0.000000 0.000000 0.000000 0.000000
    16 2.666882 0.187336 -0.542830 0.000000 0.000000 0.000000
    17 1.355406 0.000000 0.000000 0.000000 0.000000 0.000000
    18 0.832703 0.000000 0.000000 0.000000 0.000000 0.000000
    19 2.710474 0.161205 0.196588 0.000000 0.000000 0.000000
    20 1.473167 0.000000 0.000000 0.000000 0.000000 0.000000
    21 0.846321 0.000000 0.000000 0.000000 0.000000 0.000000
    22 2.591167 0.126434 0.967711 0.000000 0.000000 0.000000
    23 1.352854 0.000000 0.000000 0.000000 0.000000 0.000000
    24 0.781221 0.000000 0.000000 0.000000 0.000000 0.000000
    25 0.584726 -0.519913 0.370771 -1.301623 -0.446182 -0.627531
    26 1.518351 -0.367496 0.544430 0.000854 0.001836 0.392753
    27 0.979181 -0.236278 0.537338 0.004490 0.012339 0.062293
    28 7.248871 -2.063119 -0.799398 -1.710090 1.334149 2.900126
    29 3.406892 -0.140697 0.322426 1.523337 -0.032557 0.234439
    30 8.927931 -0.000001 0.000004 0.000000 0.000000 0.000000
    31 8.244888 -0.000001 0.000004 -1.570796 0.000000 0.000000
    32 2.676144 -1.712357 0.000080 -1.570742 -0.000010 -1.571256
    33 2.602133 0.043266 1.213689 0.000000 0.000000 0.000000
    34 0.978361 -0.000004 0.000000 0.000000 0.000000 0.000000
    35 0.578136 0.000000 0.000000 0.000000 0.000000 0.000000
    36 2.666882 0.187328 0.542829 0.000000 0.000000 0.000000
    37 1.355406 0.000000 0.000000 0.000000 0.000000 0.000000
    38 0.832703 -0.000004 0.000000 0.000000 0.000000 0.000000
    39 2.710476 0.161201 -0.196589 0.000000 0.000000 0.000000
    40 1.473166 0.000000 0.000000 0.000000 0.000000 0.000000
    41 0.846323 -0.000004 0.000000 0.000000 0.000000 0.000000
    42 2.591166 0.126427 -0.967711 0.000000 0.000000 0.000000
    43 1.352856 0.000000 0.000000 0.000000 0.000000 0.000000
    44 0.781223 -0.000004 0.000000 0.000000 0.000000 0.000000
    45 0.584728 -0.519913 -0.370771 1.301648 0.446144 -0.627495
    46 1.518348 -0.367567 -0.544395 -0.000880 -0.001832 0.392738
    47 0.979185 -0.236300 -0.537319 -0.004467 -0.012334 0.062301
    48 3.050961 -1.782368 -1.228622 -1.570796 0.000000 -1.570796
    49 16.332626 -0.000004 -0.000009 0.000000 0.000000 0.000000
    50 20.043091 -0.000004 -0.000011 0.014671 -0.023907 -1.075671
    51 6.307809 1.971855 -0.164771 -0.011148 0.000933 -0.500514
    52 -3.050961 -1.782368 -1.228622 -1.570796 0.000000 -1.570796
    53 16.332621 -0.000004 -0.000005 0.000000 0.000000 0.000000
    54 20.043093 -0.000004 -0.000006 -0.010594 0.011412 -1.078506
    55 6.303392 1.991225 0.078041 -0.078652 -0.006186 -0.498944
    56 2.711403 5.259277 3.132617 1.371211 -0.247101 0.301329
    57 4.387142 5.259281 1.076985 1.499231 -0.393673 0.422072
    58 4.387142 5.259281 -1.463916 1.706652 -0.391307 0.342493
    59 2.711402 5.259277 -3.519549 1.901471 -0.238775 0.170884
    60 -2.711403 5.259277 -3.519548 1.901471 0.237171 -0.169732
    61 -4.387142 5.259281 -1.463915 1.706652 0.388846 -0.340325
    62 -4.387142 5.259281 1.076986 1.499232 0.391200 -0.419431
    63 -2.711403 5.259277 3.132617 1.371210 0.245443 -0.299324
    64 0.000000 5.259277 3.917799 1.323785 0.000000 0.000000
    65 0.000000 0.000000 0.000004 0.000000 0.000000 0.000000
    66 0.000000 5.259281 -4.304729 1.970281 0.000000 0.000000
    67 0.000000 -0.000004 0.000004 0.000000 0.000000 0.000000
    68 0.000000 3.365860 -2.270664 -3.016978 0.000000 0.000000
    69 0.000000 0.000004 0.000000 0.000000 0.000000 0.000000
    70 3.894241 1.243716 -2.273654 1.965025 -0.040515 3.131485
    71 3.894238 1.243715 2.273654 -1.176566 -0.040514 -0.010107
    72 -0.021326 -0.017084 3.075672 0.022751 -0.028101 -0.026980
    73 -0.073547 -0.051170 4.743092 0.032584 -0.044850 -0.044624
    74 -0.077495 -0.047066 5.165989 0.026438 -0.041664 -0.042026
    75 -0.074110 -0.038752 5.888031 0.018344 -0.034146 -0.034681
    76 -0.032290 -0.011740 3.170059 0.014622 -0.041277 -0.035567
    77 -0.107449 -0.020611 4.862347 0.013008 -0.064785 -0.059688
    78 -0.111515 -0.002520 5.261139 0.002053 -0.060101 -0.057736
    79 -0.106655 0.014372 5.961823 -0.006441 -0.049617 -0.049160
    80 -0.026825 0.001395 3.190907 -0.002934 -0.034445 -0.029117
    81 -0.089855 0.025994 4.906704 -0.016522 -0.055039 -0.049700
    82 -0.095390 0.049047 5.307724 -0.026490 -0.052409 -0.049634
    83 -0.093845 0.065496 6.001842 -0.030397 -0.044484 -0.043642
    84 -0.011630 0.020613 3.179478 -0.027449 -0.015638 -0.015519
    85 -0.042721 0.080910 4.884434 -0.050135 -0.027670 -0.027213
    86 -0.049829 0.096235 5.281723 -0.052275 -0.028571 -0.028122
    87 -0.052511 0.100945 5.976290 -0.046859 -0.025621 -0.025339
    88 0.015903 0.021338 3.177238 -0.028113 0.020374 0.018820
    89 0.047289 0.081381 4.877136 -0.050187 0.028997 0.027920
    90 0.043223 0.094965 5.276382 -0.051666 0.023554 0.024140
    91 0.035468 0.098776 5.977041 -0.046042 0.016383 0.018087
    92 0.033083 0.003553 3.185020 -0.004793 0.041400 0.035424
    93 0.096363 0.027191 4.887688 -0.016423 0.056944 0.051228
    94 0.084818 0.045254 5.293816 -0.024684 0.044623 0.042711
    95 0.067105 0.059410 6.003803 -0.028195 0.030099 0.031089
    96 0.038330 -0.009118 3.164131 0.012460 0.047969 0.043268
    97 0.113415 -0.019338 4.843170 0.013353 0.066404 0.061570
    98 0.100536 -0.007123 5.247093 0.004238 0.052229 0.049703
    99 0.079924 0.007468 5.963799 -0.004057 0.035424 0.035002
    100 0.025406 -0.015861 3.073360 0.021744 0.032580 0.032742
    101 0.077185 -0.050655 4.735600 0.032812 0.045605 0.045842
    102 0.069947 -0.049222 5.160545 0.027450 0.036395 0.036073
    103 0.056913 -0.041794 5.888805 0.019348 0.025229 0.024706
    104 0.000001 -0.022074 3.017406 0.029728 -0.000001 0.000000
    105 0.000007 -0.072325 4.674877 0.045213 0.000001 0.000000
    106 0.000004 -0.072306 5.116188 0.039499 -0.000001 0.000000
    107 0.000008 -0.065177 5.851667 0.030159 -0.000003 0.000000
    108 0.000000 0.027422 3.170170 -0.036187 0.000000 0.000000
    109 0.000002 0.099876 4.862431 -0.061972 0.000000 0.000000
    110 0.000003 0.111992 5.256622 -0.061199 0.000001 0.000000
    111 -0.000001 0.112280 5.953030 -0.052385 -0.000003 0.000000
    112 3.761497 -0.484362 -3.660547 -0.900179 1.161913 2.643719
    113 3.752853 -1.560328 -3.605245 -0.789065 0.912032 2.532620
    114 4.474640 -3.523696 -2.361130 2.675599 0.700163 -0.932028
    115 7.239937 -2.863720 -1.353375 2.392258 1.211417 -0.648675
    116 5.828751 -3.266319 -0.422032 2.581944 0.323357 -0.838376
    117 6.404037 -2.955704 0.813580 2.356718 1.046823 -0.613147
    118 3.398285 -0.913291 3.507390 2.329320 1.057333 -0.585752
    119 3.304718 -2.181828 3.297226 2.389322 1.112993 -0.645736
    120 5.089508 -2.145199 2.833681 2.371626 1.510808 -0.628243
    121 3.309242 3.021448 2.807659 0.145870 0.352522 1.597699
    122 -0.000002 1.299175 0.000000 2.863876 -1.026024 0.140310
    123 1.483128 0.889118 -0.760393 -1.723425 -0.954308 -2.931849
    124 0.000001 0.000006 1.098301 -0.011182 0.114293 0.088735
    125 -0.031181 -0.045309 2.776104 0.072845 -0.059048 -0.048706
    126 -0.063147 -0.055231 3.387466 0.053852 -0.069808 -0.055545
    127 -0.073409 -0.021782 3.800297 0.017832 -0.053762 -0.039335
    128 0.000000 0.000000 1.901588 -0.191357 0.059709 0.055031
    129 0.508658 0.249132 2.020947 0.152654 -0.080674 -0.091023
    130 -0.021115 -0.005932 3.975941 0.018894 -0.028664 -0.023641
    131 -0.068426 0.014626 3.999939 -0.000226 -0.062980 -0.043719
    132 -0.007289 0.005527 4.039022 0.012551 0.027198 0.016563
    133 -0.000628 -0.025537 3.672590 0.024792 0.003099 -0.002792
    134 -0.135418 -0.087128 4.137640 0.062914 0.003334 -0.010280
    135 0.098037 -0.014038 3.938133 0.050502 0.075713 0.040403
    136 0.000000 0.000000 1.657495 0.041547 0.036246 0.016576
    137 0.152488 -0.043791 3.310966 0.069626 0.165611 0.093920
    138 0.319344 -0.179604 4.414724 0.182635 0.192651 0.123485
    139 0.315797 -0.299946 4.960559 -0.172145 0.156200 0.030440
    140 -1.403287 -1.245106 1.653469 0.359794 -0.150586 -0.212232
    141 -0.036385 -0.040253 4.010429 0.027873 -0.013964 -0.014459
    142 0.039886 -0.009483 4.181780 0.011456 0.007395 0.001500
    143 -0.012575 0.024719 4.669813 -0.037712 -0.000559 0.008144
    144 0.003522 0.076195 4.128000 -0.144606 0.004083 0.033468
    145 0.057060 0.140339 3.777660 -0.156636 0.079873 0.079571
    146 -0.000002 0.000002 1.827112 -0.096845 0.068789 0.065894
    147 0.000005 0.000008 1.819405 -0.025411 0.082010 0.074106
    148 -0.000027 0.000006 1.796610 -0.053664 0.068113 0.061034
    149 0.143147 0.090977 3.417555 -0.078907 0.233384 0.206127
    150 0.299864 0.076643 3.734957 0.073279 0.346200 0.399053
    151 0.205663 -0.102530 3.289310 0.188572 0.187720 0.357340
    152 0.187447 -0.369926 3.245319 0.063889 -0.263370 -0.208770
    153 2.697930 0.437963 2.522320 0.120394 0.014650 0.003640
    154 -0.107486 -0.161879 4.179699 0.166631 -0.086351 -0.087082
    155 -0.105448 -0.232380 4.477386 0.197241 -0.070590 -0.081981
    156 -0.054009 -0.142471 4.558023 0.126629 -0.045738 -0.050372
    157 -0.032272 -0.069145 3.613425 0.064674 -0.047010 -0.035167
    158 -0.037061 0.026768 3.770075 -0.065050 -0.050752 -0.000997
    159 -0.069773 0.200871 3.797598 -0.258059 -0.065538 0.050786
    160 -0.097511 0.349506 3.709995 -0.367298 -0.091252 0.075873
    161 -0.030209 0.308874 3.588842 -0.337832 0.077508 0.172665
    162 0.153002 0.295004 3.523855 -0.288480 0.299089 0.389546
    163 0.192851 0.188094 2.468798 0.033129 0.438087 0.812831
    164 3.309235 3.021465 -2.807641 -2.995720 0.352528 -1.543893
    165 0.000000 1.299175 0.000000 2.863876 1.026010 -0.140306
    166 -1.483133 0.889126 -0.760418 -1.723435 0.954314 2.931837
    167 -0.000006 -0.000002 1.098301 -0.011182 -0.114298 -0.088737
    168 0.031177 -0.045311 2.776096 0.072845 0.059047 0.048706
    169 0.063149 -0.055231 3.387466 0.053852 0.069808 0.055545
    170 0.073413 -0.021780 3.800289 0.017832 0.053764 0.039335
    171 0.000002 -0.000002 1.901588 -0.191357 -0.059713 -0.055024
    172 -0.508654 0.249136 2.020947 0.152655 0.080680 0.091018
    173 0.021119 -0.005928 3.975933 0.018894 0.028663 0.023643
    174 0.068434 0.014627 3.999947 -0.000226 0.062982 0.043718
    175 0.007291 0.005524 4.039026 0.012551 -0.027196 -0.016564
    176 0.000624 -0.025537 3.672588 0.024791 -0.003099 0.002793
    177 0.135412 -0.087130 4.137642 0.062914 -0.003335 0.010281
    178 -0.098038 -0.014040 3.938129 0.050502 -0.075712 -0.040404
    179 0.000000 0.000000 1.657490 0.041547 -0.036248 -0.016575
    180 -0.152492 -0.043795 3.310970 0.069626 -0.165611 -0.093922
    181 -0.319357 -0.179602 4.414725 0.182634 -0.192652 -0.123486
    182 -0.315814 -0.299955 4.960563 -0.172145 -0.156203 -0.030440
    183 1.403308 -1.245113 1.653461 0.359794 0.150591 0.212228
    184 0.036398 -0.040260 4.010426 0.027874 0.013967 0.014459
    185 -0.039887 -0.009483 4.181797 0.011455 -0.007395 -0.001500
    186 0.012575 0.024708 4.669821 -0.037712 0.000559 -0.008144
    187 -0.003523 0.076199 4.128008 -0.144605 -0.004083 -0.033468
    188 -0.057062 0.140339 3.777658 -0.156635 -0.079873 -0.079572
    189 0.000000 0.000006 1.827118 -0.096844 -0.068790 -0.065895
    190 -0.000009 0.000010 1.819410 -0.025411 -0.082011 -0.074107
    191 0.000027 0.000004 1.796608 -0.053664 -0.068114 -0.061034
    192 -0.143153 0.090969 3.417557 -0.078908 -0.233386 -0.206128
    193 -0.299873 0.076631 3.734959 0.073278 -0.346198 -0.399055
    194 -0.205668 -0.102563 3.289330 0.188570 -0.187718 -0.357339
    195 -0.187449 -0.369966 3.245340 0.063889 0.263368 0.208768
    196 -2.697953 0.437979 2.522327 0.120394 -0.014646 -0.003645
    197 0.107490 -0.161877 4.179699 0.166631 0.086351 0.087082
    198 0.105456 -0.232386 4.477375 0.197240 0.070591 0.081982
    199 0.054015 -0.142471 4.558029 0.126629 0.045739 0.050372
    200 0.032275 -0.069153 3.613431 0.064673 0.047011 0.035167
    201 0.037062 0.026764 3.770080 -0.065051 0.050752 0.000997
    202 0.069780 0.200867 3.797603 -0.258059 0.065538 -0.050786
    203 0.097515 0.349510 3.710004 -0.367299 0.091254 -0.075876
    204 0.030205 0.308855 3.588852 -0.337830 -0.077508 -0.172666
    205 -0.153004 0.295002 3.523855 -0.288478 -0.299090 -0.389552
    206 -0.192861 0.188094 2.468803 0.033133 -0.438087 -0.812839
    207 3.038773 -3.186367 -0.000004 0.000000 -1.570796 -1.598781
    208 -1.259778 -0.110737 0.228234 1.581472 1.308281 -1.297982
    209 -0.000001 0.000000 1.663316 0.000004 -0.000002 -0.000002
    210 0.000000 0.000000 1.663315 -0.000002 0.000000 0.000000
    211 -1.301082 -0.448425 -0.122918 2.040421 0.526409 -0.327875
    212 0.000001 0.000004 4.296974 0.216396 0.205320 0.064361
    213 0.000000 0.000000 5.293940 -0.136099 0.001000 0.029709
    214 0.000002 0.000004 4.673290 -0.052714 0.003415 0.013170
    215 -1.181794 -0.334217 -0.513912 2.246439 0.707787 -0.351069
    216 0.000001 -0.000008 4.514694 0.102094 0.071610 -0.013054
    217 0.000005 0.000004 4.566620 -0.095016 0.147985 0.081109
    218 1.259783 -0.110741 0.228234 1.581473 -1.308280 1.297974
    219 0.000001 0.000000 1.663319 0.000004 0.000002 0.000003
    220 -0.000003 0.000004 1.663315 -0.000001 -0.000001 0.000001
    221 1.301088 -0.448425 -0.122919 2.040421 -0.526409 0.327874
    222 0.000000 0.000000 4.296982 0.216396 -0.205320 -0.064361
    223 0.000000 -0.000004 5.293945 -0.136099 -0.001000 -0.029708
    224 -0.000002 0.000004 4.673294 -0.052713 -0.003415 -0.013171
    225 1.181799 -0.334221 -0.513912 2.246439 -0.707787 0.351070
    226 0.000000 0.000004 4.514696 0.102093 -0.071611 0.013055
    227 0.000000 0.000000 4.566618 -0.095016 -0.147985 -0.081109
    228 6.151886 0.783840 1.728969 0.536693 0.361792 1.206873
    229 0.000000 0.000011 2.411968 0.020495 0.016009 -0.025840
    230 -0.631569 -0.002724 1.030853 -0.105429 0.014364 0.078393
    231 6.151878 0.783848 -1.729018 -2.604900 0.361798 -1.934721
    232 0.000004 0.000008 2.411964 0.020495 -0.016009 0.025840
    233 0.631573 -0.002724 1.030849 -0.105429 -0.014364 -0.078393
    234 1.230007 -0.544867 -2.682516 2.356555 1.563104 -0.612323
    235 1.230003 -0.544881 2.682512 -0.785755 1.563102 2.528558
    236 7.641582 1.695580 0.170169 -0.854575 -0.689729 0.657673
    237 7.641582 1.695581 -0.170173 2.287016 -0.689729 -2.483919
    238 0.000000 0.000004 2.319757 -0.210121 0.000000 0.000000
    239 0.000000 -0.000011 2.593413 -0.089771 0.000000 0.000000
    240 0.000001 -0.000019 2.777902 -0.004359 0.000000 0.000000
    241 0.000000 -0.000019 2.801039 0.078065 0.000000 0.000000
    242 0.000001 -0.000011 2.659531 0.187856 0.000000 0.000000
    243 0.000000 -0.000004 2.413889 0.343753 0.000000 0.000000
    244 0.000000 0.000023 2.236877 0.463603 0.000000 0.000000
end
triangles
white
  1 0.951195 -3.580171 51.128490 0.009203 -0.766341 -0.642368 0.476946 0.041546 2 1 0.500000 4 0.500000
  1 0.933566 -3.626412 51.183403 -0.063262 -0.884741 -0.461770 0.477557 0.042437 2 1 0.500000 4 0.500000
  1 0.807294 -3.599890 51.149952 -0.254628 -0.890766 -0.376431 0.476056 0.048818 2 1 0.500000 4 0.500000
white
  1 0.933566 -3.626412 51.183403 -0.063262 -0.884741 -0.461770 0.477557 0.042437 2 1 0.500000 4 0.500000
  1 0.796824 -3.613209 51.195950 -0.105539 -0.870167 -0.481323 0.477270 0.049351 2 1 0.500000 4 0.500000
  1 0.807294 -3.599890 51.149952 -0.254628 -0.890766 -0.376431 0.476056 0.048818 2 1 0.500000 4 0.500000
white
  1 0.933566 -3.626412 51.183403 -0.063262 -0.884741 -0.461770 0.477557 0.042437 2 1 0.500000 4 0.500000
  1 0.931661 -3.655799 51.277004 0.042754 -0.921244 0.386628 0.479073 0.042535 2 1 0.500000 4 0.500000
  1 0.796824 -3.613209 51.195950 -0.105539 -0.870167 -0.481323 0.477270 0.049351 2 1 0.500000 4 0.500000
white
  1 0.650257 -3.500177 51.106487 -0.227166 -0.688782 -0.688459 0.473534 0.056722 2 1 0.500000 4 0.500000
  1 0.807294 -3.599890 51.149952 -0.254628 -0.890766 -0.376431 0.476056 0.048818 2 1 0.500000 4 0.500000
  1 0.796824 -3.613209 51.195950 -0.105539 -0.870167 -0.481323 0.477270 0.049351 2 1 0.500000 4 0.500000
white
  1 0.650257 -3.500177 51.106487 -0.227166 -0.688782 -0.688459 0.473534 0.056722 2 1 0.500000 4 0.500000
  1 0.431992 -3.513812 51.214340 -0.337100 -0.743378 -0.577713 0.475325 0.064625 2 1 0.500000 4 0.500000
  1 0.431859 -3.361771 50.998901 -0.227664 -0.795638 -0.561364 0.464859 0.064625 2 1 0.500000 4 0.500000
white
  1 0.637477 -3.618379 51.200676 -0.196698 -0.789611 -0.581227 0.477270 0.057407 2 1 0.500000 4 0.500000
  1 0.431992 -3.513812 51.214340 -0.337100 -0.743378 -0.577713 0.475325 0.064625 2 1 0.500000 4 0.500000
  1 0.650257 -3.500177 51.106487 -0.227166 -0.688782 -0.688459 0.473534 0.056722 2 1 0.500000 4 0.500000
white
  1 0.637477 -3.618379 51.200676 -0.196698 -0.789611 -0.581227 0.477270 0.057407 2 1 0.500000 4 0.500000
  1 0.650257 -3.500177 51.106487 -0.227166 -0.688782 -0.688459 0.473534 0.056722 2 1 0.500000 4 0.500000
  1 0.796824 -3.613209 51.195950 -0.105539 -0.870167 -0.481323 0.477270 0.049351 2 1 0.500000 4 0.500000
white
  1 0.432908 -3.627037 51.389091 -0.323013 -0.876643 -0.356596 0.485954 0.064625 2 1 0.500000 4 0.500000
  1 0.431992 -3.513812 51.214340 -0.337100 -0.743378 -0.577713 0.475325 0.064625 2 1 0.500000 4 0.500000
  1 0.637477 -3.618379 51.200676 -0.196698 -0.789611 -0.581227 0.477270 0.057407 2 1 0.500000 4 0.500000
white
  1 0.931661 -3.655799 51.277004 0.042754 -0.921244 0.386628 0.479073 0.042535 2 1 0.500000 4 0.500000
  1 0.798051 -3.666610 51.277611 0.072297 -0.978108 0.195133 0.479241 0.049286 2 1 0.500000 4 0.500000
  1 0.796824 -3.613209 51.195950 -0.105539 -0.870167 -0.481323 0.477270 0.049351 2 1 0.500000 4 0.500000
white
  1 0.637477 -3.618379 51.200676 -0.196698 -0.789611 -0.581227 0.477270 0.057407 2 1 0.500000 4 0.500000
  1 0.796824 -3.613209 51.195950 -0.105539 -0.870167 -0.481323 0.477270 0.049351 2 1 0.500000 4 0.500000
  1 0.798051 -3.666610 51.277611 0.072297 -0.978108 0.195133 0.479241 0.049286 2 1 0.500000 4 0.500000
white
  1 0.799656 -3.614638 51.307858 0.203085 -0.875247 0.438975 0.481957 0.049210 2 1 0.500000 4 0.500000
  1 0.798051 -3.666610 51.277611 0.072297 -0.978108 0.195133 0.479241 0.049286 2 1 0.500000 4 0.500000
  1 0.931661 -3.655799 51.277004 0.042754 -0.921244 0.386628 0.479073 0.042535 2 1 0.500000 4 0.500000
white
  1 0.930768 -3.584208 51.299805 0.221788 -0.813556 0.537528 0.481575 0.042578 2 1 0.500000 4 0.500000
  1 0.799656 -3.614638 51.307858 0.203085 -0.875247 0.438975 0.481957 0.049210 2 1 0.500000 4 0.500000
  1 0.931661 -3.655799 51.277004 0.042754 -0.921244 0.386628 0.479073 0.042535 2 1 0.500000 4 0.500000
white
  1 0.799656 -3.614638 51.307858 0.203085 -0.875247 0.438975 0.481957 0.049210 2 1 0.500000 4 0.500000
  1 0.930768 -3.584208 51.299805 0.221788 -0.813556 0.537528 0.481575 0.042578 2 1 0.500000 4 0.500000
  1 0.916185 -3.600899 51.372498 0.171753 -0.868818 -0.464388 0.485147 0.043318 2 1 0.500000 4 0.500000
white
  1 0.644928 -3.653243 51.317627 -0.049132 -0.961392 -0.270762 0.482383 0.057059 2 1 0.500000 4 0.500000
  1 0.637477 -3.618379 51.200676 -0.196698 -0.789611 -0.581227 0.477270 0.057407 2 1 0.500000 4 0.500000
  1 0.798051 -3.666610 51.277611 0.072297 -0.978108 0.195133 0.479241 0.049286 2 1 0.500000 4 0.500000
white
  1 0.799656 -3.614638 51.307858 0.203085 -0.875247 0.438975 0.481957 0.049210 2 1 0.500000 4 0.500000
  1 0.644928 -3.653243 51.317627 -0.049132 -0.961392 -0.270762 0.482383 0.057059 2 1 0.500000 4 0.500000
  1 0.798051 -3.666610 51.277611 0.072297 -0.978108 0.195133 0.479241 0.049286 2 1 0.500000 4 0.500000
white
  1 0.644928 -3.653243 51.317627 -0.049132 -0.961392 -0.270762 0.482383 0.057059 2 1 0.500000 4 0.500000
  1 0.432908 -3.627037 51.389091 -0.323013 -0.876643 -0.356596 0.485954 0.064625 2 1 0.500000 4 0.500000
  1 0.637477 -3.618379 51.200676 -0.196698 -0.789611 -0.581227 0.477270 0.057407 2 1 0.500000 4 0.500000
white
  1 0.790374 -3.627501 51.377701 0.167781 -0.862440 -0.477542 0.485409 0.049677 2 1 0.500000 4 0.500000
  1 0.799656 -3.614638 51.307858 0.203085 -0.875247 0.438975 0.481957 0.049210 2 1 0.500000 4 0.500000
  1 0.916185 -3.600899 51.372498 0.171753 -0.868818 -0.464388 0.485147 0.043318 2 1 0.500000 4 0.500000
white
  1 0.644928 -3.653243 51.317627 -0.049132 -0.961392 -0.270762 0.482383 0.057059 2 1 0.500000 4 0.500000
  1 0.799656 -3.614638 51.307858 0.203085 -0.875247 0.438975 0.481957 0.049210 2 1 0.500000 4 0.500000
  1 0.790374 -3.627501 51.377701 0.167781 -0.862440 -0.477542 0.485409 0.049677 2 1 0.500000 4 0.500000
white
  1 0.790374 -3.627501 51.377701 0.167781 -0.862440 -0.477542 0.485409 0.049677 2 1 0.500000 4 0.500000
  1 0.916185 -3.600899 51.372498 0.171753 -0.868818 -0.464388 0.485147 0.043318 2 1 0.500000 4 0.500000
  1 0.906788 -3.677803 51.426792 0.001358 -0.614276 -0.789090 0.488494 0.043785 2 1 0.500000 4 0.500000
white
  1 0.634514 -3.707799 51.433712 -0.120640 -0.857475 -0.500183 0.488891 0.057559 2 1 0.500000 4 0.500000
  1 0.432908 -3.627037 51.389091 -0.323013 -0.876643 -0.356596 0.485954 0.064625 2 1 0.500000 4 0.500000
  1 0.644928 -3.653243 51.317627 -0.049132 -0.961392 -0.270762 0.482383 0.057059 2 1 0.500000 4 0.500000
white
  1 0.644928 -3.653243 51.317627 -0.049132 -0.961392 -0.270762 0.482383 0.057059 2 1 0.500000 4 0.500000
  1 0.790374 -3.627501 51.377701 0.167781 -0.862440 -0.477542 0.485409 0.049677 2 1 0.500000 4 0.500000
  1 0.634514 -3.707799 51.433712 -0.120640 -0.857475 -0.500183 0.488891 0.057559 2 1 0.500000 4 0.500000
white
  4 0.432833 -3.679174 51.585953 -0.412760 -0.815819 -0.405055 0.496200 0.064625 2 4 0.623982 1 0.376018
  1 0.432908 -3.627037 51.389091 -0.323013 -0.876643 -0.356596 0.485954 0.064625 2 1 0.500000 4 0.500000
  1 0.634514 -3.707799 51.433712 -0.120640 -0.857475 -0.500183 0.488891 0.057559 2 1 0.500000 4 0.500000
white
  1 0.783319 -3.687675 51.431053 0.058058 -0.697634 -0.714098 0.488709 0.050036 2 1 0.500000 4 0.500000
  1 0.790374 -3.627501 51.377701 0.167781 -0.862440 -0.477542 0.485409 0.049677 2 1 0.500000 4 0.500000
  1 0.906788 -3.677803 51.426792 0.001358 -0.614276 -0.789090 0.488494 0.043785 2 1 0.500000 4 0.500000
white
  1 0.790374 -3.627501 51.377701 0.167781 -0.862440 -0.477542 0.485409 0.049677 2 1 0.500000 4 0.500000
  1 0.783319 -3.687675 51.431053 0.058058 -0.697634 -0.714098 0.488709 0.050036 2 1 0.500000 4 0.500000
  1 0.634514 -3.707799 51.433712 -0.120640 -0.857475 -0.500183 0.488891 0.057559 2 1 0.500000 4 0.500000
white
  1 0.783319 -3.687675 51.431053 0.058058 -0.697634 -0.714098 0.488709 0.050036 2 1 0.500000 4 0.500000
  1 0.906788 -3.677803 51.426792 0.001358 -0.614276 -0.789090 0.488494 0.043785 2 1 0.500000 4 0.500000
  1 0.791670 -3.731215 51.478279 -0.031983 -0.647803 -0.761136 0.490963 0.049612 2 1 0.500000 4 0.500000
white
  1 0.634514 -3.707799 51.433712 -0.120640 -0.857475 -0.500183 0.488891 0.057559 2 1 0.500000 4 0.500000
  1 0.783319 -3.687675 51.431053 0.058058 -0.697634 -0.714098 0.488709 0.050036 2 1 0.500000 4 0.500000
  1 0.791670 -3.731215 51.478279 -0.031983 -0.647803 -0.761136 0.490963 0.049612 2 1 0.500000 4 0.500000
white
  1 0.906788 -3.677803 51.426792 0.001358 -0.614276 -0.789090 0.488494 0.043785 2 1 0.500000 4 0.500000
  1 0.921394 -3.736575 51.464870 -0.151174 -0.477212 -0.865688 0.490322 0.043057 2 1 0.500000 4 0.500000
  1 0.791670 -3.731215 51.478279 -0.031983 -0.647803 -0.761136 0.490963 0.049612 2 1 0.500000 4 0.500000
white
  4 0.645653 -3.778779 51.530151 -0.275338 -0.796947 -0.537648 0.493494 0.056972 2 4 0.623982 1 0.376018
  4 0.432833 -3.679174 51.585953 -0.412760 -0.815819 -0.405055 0.496200 0.064625 2 4 0.623982 1 0.376018
  1 0.634514 -3.707799 51.433712 -0.120640 -0.857475 -0.500183 0.488891 0.057559 2 1 0.500000 4 0.500000
white
  4 0.645653 -3.778779 51.530151 -0.275338 -0.796947 -0.537648 0.493494 0.056972 2 4 0.623982 1 0.376018
  1 0.634514 -3.707799 51.433712 -0.120640 -0.857475 -0.500183 0.488891 0.057559 2 1 0.500000 4 0.500000
  1 0.791670 -3.731215 51.478279 -0.031983 -0.647803 -0.761136 0.490963 0.049612 2 1 0.500000 4 0.500000
white
  1 0.791670 -3.731215 51.478279 -0.031983 -0.647803 -0.761136 0.490963 0.049612 2 1 0.500000 4 0.500000
  1 0.921394 -3.736575 51.464870 -0.151174 -0.477212 -0.865688 0.490322 0.043057 2 1 0.500000 4 0.500000
  1 0.807743 -3.785131 51.510574 -0.206451 -0.506048 -0.837433 0.492526 0.048797 2 1 0.500000 4 0.500000
white
  1 0.791670 -3.731215 51.478279 -0.031983 -0.647803 -0.761136 0.490963 0.049612 2 1 0.500000 4 0.500000
  1 0.807743 -3.785131 51.510574 -0.206451 -0.506048 -0.837433 0.492526 0.048797 2 1 0.500000 4 0.500000
  4 0.645653 -3.778779 51.530151 -0.275338 -0.796947 -0.537648 0.493494 0.056972 2 4 0.623982 1 0.376018
white
  1 0.921394 -3.736575 51.464870 -0.151174 -0.477212 -0.865688 0.490322 0.043057 2 1 0.500000 4 0.500000
  1 0.946417 -3.799227 51.484974 -0.221222 -0.357720 -0.907247 0.491311 0.041785 2 1 0.500000 4 0.500000
  1 0.807743 -3.785131 51.510574 -0.206451 -0.506048 -0.837433 0.492526 0.048797 2 1 0.500000 4 0.500000
white
  4 0.670397 -3.833421 51.607655 -0.318547 -0.780797 -0.537479 0.497251 0.055732 2 4 0.623982 1 0.376018
  4 0.432833 -3.679174 51.585953 -0.412760 -0.815819 -0.405055 0.496200 0.064625 2 4 0.623982 1 0.376018
  4 0.645653 -3.778779 51.530151 -0.275338 -0.796947 -0.537648 0.493494 0.056972 2 4 0.623982 1 0.376018
white
  4 0.645653 -3.778779 51.530151 -0.275338 -0.796947 -0.537648 0.493494 0.056972 2 4 0.623982 1 0.376018
  1 0.807743 -3.785131 51.510574 -0.206451 -0.506048 -0.837433 0.492526 0.048797 2 1 0.500000 4 0.500000
  4 0.670397 -3.833421 51.607655 -0.318547 -0.780797 -0.537479 0.497251 0.055732 2 4 0.623982 1 0.376018
white
  4 0.433303 -3.846472 51.839123 -0.462536 -0.825242 -0.324093 0.508348 0.064625 2 4 0.623982 1 0.376018
  4 0.432833 -3.679174 51.585953 -0.412760 -0.815819 -0.405055 0.496200 0.064625 2 4 0.623982 1 0.376018
  4 0.670397 -3.833421 51.607655 -0.318547 -0.780797 -0.537479 0.497251 0.055732 2 4 0.623982 1 0.376018
white
  1 0.807743 -3.785131 51.510574 -0.206451 -0.506048 -0.837433 0.492526 0.048797 2 1 0.500000 4 0.500000
  1 0.946417 -3.799227 51.484974 -0.221222 -0.357720 -0.907247 0.491311 0.041785 2 1 0.500000 4 0.500000
  4 0.824085 -3.849432 51.535374 -0.230868 -0.837918 -0.494565 0.493750 0.047971 2 4 0.623982 1 0.376018
white
  1 0.807743 -3.785131 51.510574 -0.206451 -0.506048 -0.837433 0.492526 0.048797 2 1 0.500000 4 0.500000
  4 0.824085 -3.849432 51.535374 -0.230868 -0.837918 -0.494565 0.493750 0.047971 2 4 0.623982 1 0.376018
  4 0.670397 -3.833421 51.607655 -0.318547 -0.780797 -0.537479 0.497251 0.055732 2 4 0.623982 1 0.376018
white
  1 0.946417 -3.799227 51.484974 -0.221222 -0.357720 -0.907247 0.491311 0.041785 2 1 0.500000 4 0.500000
  1 0.968271 -3.860991 51.501671 -0.107603 -0.948758 -0.297121 0.492149 0.040687 2 1 0.500000 4 0.500000
  4 0.824085 -3.849432 51.535374 -0.230868 -0.837918 -0.494565 0.493750 0.047971 2 4 0.623982 1 0.376018
white
  4 0.824085 -3.849432 51.535374 -0.230868 -0.837918 -0.494565 0.493750 0.047971 2 4 0.623982 1 0.376018
  1 0.968271 -3.860991 51.501671 -0.107603 -0.948758 -0.297121 0.492149 0.040687 2 1 0.500000 4 0.500000
  4 0.844393 -3.846617 51.576359 -0.116231 -0.951548 -0.284686 0.495768 0.046938 2 4 0.623982 1 0.376018
white
  4 0.824085 -3.849432 51.535374 -0.230868 -0.837918 -0.494565 0.493750 0.047971 2 4 0.623982 1 0.376018
  4 0.844393 -3.846617 51.576359 -0.116231 -0.951548 -0.284686 0.495768 0.046938 2 4 0.623982 1 0.376018
  4 0.670397 -3.833421 51.607655 -0.318547 -0.780797 -0.537479 0.497251 0.055732 2 4 0.623982 1 0.376018
white
  1 0.968271 -3.860991 51.501671 -0.107603 -0.948758 -0.297121 0.492149 0.040687 2 1 0.500000 4 0.500000
  4 0.994626 -3.849618 51.542118 -0.041442 -0.964441 -0.261030 0.494134 0.039350 2 4 0.623360 1 0.376640
  4 0.844393 -3.846617 51.576359 -0.116231 -0.951548 -0.284686 0.495768 0.046938 2 4 0.623982 1 0.376018
white
  4 0.844393 -3.846617 51.576359 -0.116231 -0.951548 -0.284686 0.495768 0.046938 2 4 0.623982 1 0.376018
  4 0.994626 -3.849618 51.542118 -0.041442 -0.964441 -0.261030 0.494134 0.039350 2 4 0.623360 1 0.376640
  4 0.872500 -3.918783 51.657288 -0.108728 -0.811947 -0.573516 0.499718 0.045524 2 4 0.623982 1 0.376018
white
  4 0.670397 -3.833421 51.607655 -0.318547 -0.780797 -0.537479 0.497251 0.055732 2 4 0.623982 1 0.376018
  4 0.844393 -3.846617 51.576359 -0.116231 -0.951548 -0.284686 0.495768 0.046938 2 4 0.623982 1 0.376018
  4 0.872500 -3.918783 51.657288 -0.108728 -0.811947 -0.573516 0.499718 0.045524 2 4 0.623982 1 0.376018
white
  4 0.994626 -3.849618 51.542118 -0.041442 -0.964441 -0.261030 0.494134 0.039350 2 4 0.623360 1 0.376640
  4 1.033117 -3.912287 51.633202 -0.009016 -0.863108 -0.504938 0.498559 0.037404 2 4 0.623360 1 0.376640
  4 0.872500 -3.918783 51.657288 -0.108728 -0.811947 -0.573516 0.499718 0.045524 2 4 0.623982 1 0.376018
white
  4 0.702920 -3.965830 51.762360 -0.281155 -0.838610 -0.466568 0.504798 0.054091 2 4 0.623982 1 0.376018
  4 0.670397 -3.833421 51.607655 -0.318547 -0.780797 -0.537479 0.497251 0.055732 2 4 0.623982 1 0.376018
  4 0.872500 -3.918783 51.657288 -0.108728 -0.811947 -0.573516 0.499718 0.045524 2 4 0.623982 1 0.376018
white
  4 0.702920 -3.965830 51.762360 -0.281155 -0.838610 -0.466568 0.504798 0.054091 2 4 0.623982 1 0.376018
  4 0.433303 -3.846472 51.839123 -0.462536 -0.825242 -0.324093 0.508348 0.064625 2 4 0.623982 1 0.376018
  4 0.670397 -3.833421 51.607655 -0.318547 -0.780797 -0.537479 0.497251 0.055732 2 4 0.623982 1 0.376018
white
  4 0.872500 -3.918783 51.657288 -0.108728 -0.811947 -0.573516 0.499718 0.045524 2 4 0.623982 1 0.376018
  4 1.033117 -3.912287 51.633202 -0.009016 -0.863108 -0.504938 0.498559 0.037404 2 4 0.623360 1 0.376640
  4 0.891687 -3.979081 51.753399 0.003074 -0.909796 -0.415044 0.504395 0.044557 2 4 0.623982 1 0.376018
white
  4 0.872500 -3.918783 51.657288 -0.108728 -0.811947 -0.573516 0.499718 0.045524 2 4 0.623982 1 0.376018
  4 0.891687 -3.979081 51.753399 0.003074 -0.909796 -0.415044 0.504395 0.044557 2 4 0.623982 1 0.376018
  4 0.702920 -3.965830 51.762360 -0.281155 -0.838610 -0.466568 0.504798 0.054091 2 4 0.623982 1 0.376018
white
  4 1.033117 -3.912287 51.633202 -0.009016 -0.863108 -0.504938 0.498559 0.037404 2 4 0.623360 1 0.376640
  4 1.055352 -3.962986 51.745998 0.078294 -0.943814 -0.321070 0.504015 0.036284 2 4 0.623360 1 0.376640
  4 0.891687 -3.979081 51.753399 0.003074 -0.909796 -0.415044 0.504395 0.044557 2 4 0.623982 1 0.376018
white
  4 0.891687 -3.979081 51.753399 0.003074 -0.909796 -0.415044 0.504395 0.044557 2 4 0.623982 1 0.376018
  4 1.055352 -3.962986 51.745998 0.078294 -0.943814 -0.321070 0.504015 0.036284 2 4 0.623360 1 0.376640
  4 1.032864 -3.986297 51.848160 0.139546 -0.984683 -0.104527 0.508906 0.037415 2 4 0.623360 1 0.376640
white
  4 0.885436 -4.012217 51.838345 0.091614 -0.972462 -0.214301 0.508497 0.044872 2 4 0.623982 1 0.376018
  4 0.891687 -3.979081 51.753399 0.003074 -0.909796 -0.415044 0.504395 0.044557 2 4 0.623982 1 0.376018
  4 1.032864 -3.986297 51.848160 0.139546 -0.984683 -0.104527 0.508906 0.037415 2 4 0.623360 1 0.376640
white
  4 0.702920 -3.965830 51.762360 -0.281155 -0.838610 -0.466568 0.504798 0.054091 2 4 0.623982 1 0.376018
  4 0.891687 -3.979081 51.753399 0.003074 -0.909796 -0.415044 0.504395 0.044557 2 4 0.623982 1 0.376018
  4 0.885436 -4.012217 51.838345 0.091614 -0.972462 -0.214301 0.508497 0.044872 2 4 0.623982 1 0.376018
white
  4 0.885436 -4.012217 51.838345 0.091614 -0.972462 -0.214301 0.508497 0.044872 2 4 0.623982 1 0.376018
  4 1.032864 -3.986297 51.848160 0.139546 -0.984683 -0.104527 0.508906 0.037415 2 4 0.623360 1 0.376640
  4 0.995670 -3.983761 51.924114 0.169432 -0.924204 0.342256 0.512479 0.039295 2 4 0.623360 1 0.376640
white
  4 0.702920 -3.965830 51.762360 -0.281155 -0.838610 -0.466568 0.504798 0.054091 2 4 0.623982 1 0.376018
  4 0.885436 -4.012217 51.838345 0.091614 -0.972462 -0.214301 0.508497 0.044872 2 4 0.623982 1 0.376018
  4 0.704689 -4.021389 51.897942 -0.256749 -0.965619 -0.040742 0.511340 0.054004 2 4 0.623982 1 0.376018
white
  4 0.704689 -4.021389 51.897942 -0.256749 -0.965619 -0.040742 0.511340 0.054004 2 4 0.623982 1 0.376018
  4 0.433303 -3.846472 51.839123 -0.462536 -0.825242 -0.324093 0.508348 0.064625 2 4 0.623982 1 0.376018
  4 0.702920 -3.965830 51.762360 -0.281155 -0.838610 -0.466568 0.504798 0.054091 2 4 0.623982 1 0.376018
white
  4 0.867986 -4.018958 51.907215 0.140654 -0.972840 0.183845 0.511771 0.045753 2 4 0.623982 1 0.376018
  4 0.885436 -4.012217 51.838345 0.091614 -0.972462 -0.214301 0.508497 0.044872 2 4 0.623982 1 0.376018
  4 0.995670 -3.983761 51.924114 0.169432 -0.924204 0.342256 0.512479 0.039295 2 4 0.623360 1 0.376640
white
  4 0.885436 -4.012217 51.838345 0.091614 -0.972462 -0.214301 0.508497 0.044872 2 4 0.623982 1 0.376018
  4 0.867986 -4.018958 51.907215 0.140654 -0.972840 0.183845 0.511771 0.045753 2 4 0.623982 1 0.376018
  4 0.704689 -4.021389 51.897942 -0.256749 -0.965619 -0.040742 0.511340 0.054004 2 4 0.623982 1 0.376018
white
  4 0.867986 -4.018958 51.907215 0.140654 -0.972840 0.183845 0.511771 0.045753 2 4 0.623982 1 0.376018
  4 0.995670 -3.983761 51.924114 0.169432 -0.924204 0.342256 0.512479 0.039295 2 4 0.623360 1 0.376640
  4 0.973690 -3.956696 51.957886 0.200333 -0.551443 0.809801 0.513992 0.040404 2 4 0.623360 1 0.376640
white
  4 0.704689 -4.021389 51.897942 -0.256749 -0.965619 -0.040742 0.511340 0.054004 2 4 0.623982 1 0.376018
  4 0.867986 -4.018958 51.907215 0.140654 -0.972840 0.183845 0.511771 0.045753 2 4 0.623982 1 0.376018
  4 0.853642 -4.000015 51.954895 0.164675 -0.825547 0.539772 0.513965 0.046470 2 4 0.623982 1 0.376018
white
  4 0.853642 -4.000015 51.954895 0.164675 -0.825547 0.539772 0.513965 0.046470 2 4 0.623982 1 0.376018
  4 0.867986 -4.018958 51.907215 0.140654 -0.972840 0.183845 0.511771 0.045753 2 4 0.623982 1 0.376018
  4 0.973690 -3.956696 51.957886 0.200333 -0.551443 0.809801 0.513992 0.040404 2 4 0.623360 1 0.376640
white
  4 0.704689 -4.021389 51.897942 -0.256749 -0.965619 -0.040742 0.511340 0.054004 2 4 0.623982 1 0.376018
  4 0.688121 -3.991843 52.006432 -0.114928 -0.957919 0.263025 0.516357 0.054841 2 4 0.623982 1 0.376018
  4 0.433303 -3.846472 51.839123 -0.462536 -0.825242 -0.324093 0.508348 0.064625 2 4 0.623982 1 0.376018
white
  4 0.704689 -4.021389 51.897942 -0.256749 -0.965619 -0.040742 0.511340 0.054004 2 4 0.623982 1 0.376018
  4 0.853642 -4.000015 51.954895 0.164675 -0.825547 0.539772 0.513965 0.046470 2 4 0.623982 1 0.376018
  4 0.688121 -3.991843 52.006432 -0.114928 -0.957919 0.263025 0.516357 0.054841 2 4 0.623982 1 0.376018
white
  4 0.688121 -3.991843 52.006432 -0.114928 -0.957919 0.263025 0.516357 0.054841 2 4 0.623982 1 0.376018
  4 0.435056 -3.890620 52.081306 -0.323464 -0.936905 -0.132589 0.519788 0.064625 2 4 0.735629 1 0.264371
  4 0.433303 -3.846472 51.839123 -0.462536 -0.825242 -0.324093 0.508348 0.064625 2 4 0.623982 1 0.376018
white
  4 0.853642 -4.000015 51.954895 0.164675 -0.825547 0.539772 0.513965 0.046470 2 4 0.623982 1 0.376018
  4 0.973690 -3.956696 51.957886 0.200333 -0.551443 0.809801 0.513992 0.040404 2 4 0.623360 1 0.376640
  4 0.841767 -3.968465 51.986664 0.237510 -0.553663 0.798152 0.515369 0.047079 2 4 0.623982 1 0.376018
white
  4 0.853642 -4.000015 51.954895 0.164675 -0.825547 0.539772 0.513965 0.046470 2 4 0.623982 1 0.376018
  4 0.841767 -3.968465 51.986664 0.237510 -0.553663 0.798152 0.515369 0.047079 2 4 0.623982 1 0.376018
  4 0.688121 -3.991843 52.006432 -0.114928 -0.957919 0.263025 0.516357 0.054841 2 4 0.623982 1 0.376018
white
  4 0.973690 -3.956696 51.957886 0.200333 -0.551443 0.809801 0.513992 0.040404 2 4 0.623360 1 0.376640
  4 0.959691 -3.916876 51.966389 0.267654 -0.061679 0.961539 0.514285 0.041122 2 4 0.623360 1 0.376640
  4 0.841767 -3.968465 51.986664 0.237510 -0.553663 0.798152 0.515369 0.047079 2 4 0.623982 1 0.376018
white
  4 0.841767 -3.968465 51.986664 0.237510 -0.553663 0.798152 0.515369 0.047079 2 4 0.623982 1 0.376018
  4 0.959691 -3.916876 51.966389 0.267654 -0.061679 0.961539 0.514285 0.041122 2 4 0.623360 1 0.376640
  4 0.831620 -3.937542 52.007790 0.381496 -0.582758 0.717533 0.516268 0.047590 2 4 0.623982 1 0.376018
white
  4 0.688121 -3.991843 52.006432 -0.114928 -0.957919 0.263025 0.516357 0.054841 2 4 0.623982 1 0.376018
  4 0.841767 -3.968465 51.986664 0.237510 -0.553663 0.798152 0.515369 0.047079 2 4 0.623982 1 0.376018
  4 0.831620 -3.937542 52.007790 0.381496 -0.582758 0.717533 0.516268 0.047590 2 4 0.623982 1 0.376018
white
  4 0.959691 -3.916876 51.966389 0.267654 -0.061679 0.961539 0.514285 0.041122 2 4 0.623360 1 0.376640
  4 0.946323 -3.876345 51.966599 0.414441 -0.175765 0.892942 0.514189 0.041796 2 4 0.623360 1 0.376640
  4 0.831620 -3.937542 52.007790 0.381496 -0.582758 0.717533 0.516268 0.047590 2 4 0.623982 1 0.376018
white
  4 0.831620 -3.937542 52.007790 0.381496 -0.582758 0.717533 0.516268 0.047590 2 4 0.623982 1 0.376018
  4 0.946323 -3.876345 51.966599 0.414441 -0.175765 0.892942 0.514189 0.041796 2 4 0.623360 1 0.376640
  4 0.931599 -3.840852 51.995750 0.592309 -0.588645 0.550152 0.515446 0.042535 2 4 0.623360 1 0.376640
white
  4 0.824336 -3.914097 52.046814 0.532174 -0.784287 0.318881 0.518014 0.048014 2 4 0.734514 1 0.265486
  4 0.831620 -3.937542 52.007790 0.381496 -0.582758 0.717533 0.516268 0.047590 2 4 0.623982 1 0.376018
  4 0.931599 -3.840852 51.995750 0.592309 -0.588645 0.550152 0.515446 0.042535 2 4 0.623360 1 0.376640
white
  4 0.688121 -3.991843 52.006432 -0.114928 -0.957919 0.263025 0.516357 0.054841 2 4 0.623982 1 0.376018
  4 0.831620 -3.937542 52.007790 0.381496 -0.582758 0.717533 0.516268 0.047590 2 4 0.623982 1 0.376018
  4 0.824336 -3.914097 52.046814 0.532174 -0.784287 0.318881 0.518014 0.048014 2 4 0.734514 1 0.265486
white
  4 0.824336 -3.914097 52.046814 0.532174 -0.784287 0.318881 0.518014 0.048014 2 4 0.734514 1 0.265486
  4 0.931599 -3.840852 51.995750 0.592309 -0.588645 0.550152 0.515446 0.042535 2 4 0.623360 1 0.376640
  4 0.917778 -3.812744 52.091858 0.678167 -0.722886 0.132382 0.519795 0.043459 2 4 0.718750 1 0.281250
white
  4 0.683500 -3.966836 52.094673 0.060507 -0.995945 0.066580 0.520398 0.055232 2 4 0.734514 1 0.265486
  4 0.688121 -3.991843 52.006432 -0.114928 -0.957919 0.263025 0.516357 0.054841 2 4 0.623982 1 0.376018
  4 0.824336 -3.914097 52.046814 0.532174 -0.784287 0.318881 0.518014 0.048014 2 4 0.734514 1 0.265486
white
  4 0.683500 -3.966836 52.094673 0.060507 -0.995945 0.066580 0.520398 0.055232 2 4 0.734514 1 0.265486
  4 0.435056 -3.890620 52.081306 -0.323464 -0.936905 -0.132589 0.519788 0.064625 2 4 0.735629 1 0.264371
  4 0.688121 -3.991843 52.006432 -0.114928 -0.957919 0.263025 0.516357 0.054841 2 4 0.623982 1 0.376018
white
  4 0.822579 -3.903853 52.132664 0.584613 -0.811173 -0.015048 0.521959 0.048373 2 4 0.734514 1 0.265486
  4 0.824336 -3.914097 52.046814 0.532174 -0.784287 0.318881 0.518014 0.048014 2 4 0.734514 1 0.265486
  4 0.917778 -3.812744 52.091858 0.678167 -0.722886 0.132382 0.519795 0.043459 2 4 0.718750 1 0.281250
white
  4 0.683500 -3.966836 52.094673 0.060507 -0.995945 0.066580 0.520398 0.055232 2 4 0.734514 1 0.265486
  4 0.824336 -3.914097 52.046814 0.532174 -0.784287 0.318881 0.518014 0.048014 2 4 0.734514 1 0.265486
  4 0.822579 -3.903853 52.132664 0.584613 -0.811173 -0.015048 0.521959 0.048373 2 4 0.734514 1 0.265486
white
  4 0.822579 -3.903853 52.132664 0.584613 -0.811173 -0.015048 0.521959 0.048373 2 4 0.734514 1 0.265486
  4 0.917778 -3.812744 52.091858 0.678167 -0.722886 0.132382 0.519795 0.043459 2 4 0.718750 1 0.281250
  4 0.916491 -3.815305 52.191822 0.606437 -0.700330 -0.376527 0.524381 0.043872 2 4 0.718750 1 0.281250
white
  4 0.683500 -3.966836 52.094673 0.060507 -0.995945 0.066580 0.520398 0.055232 2 4 0.734514 1 0.265486
  4 0.695798 -3.989829 52.249802 -0.008770 -0.922731 -0.385345 0.527657 0.055004 2 4 0.734514 1 0.265486
  4 0.435056 -3.890620 52.081306 -0.323464 -0.936905 -0.132589 0.519788 0.064625 2 4 0.735629 1 0.264371
white
  4 0.683500 -3.966836 52.094673 0.060507 -0.995945 0.066580 0.520398 0.055232 2 4 0.734514 1 0.265486
  4 0.822579 -3.903853 52.132664 0.584613 -0.811173 -0.015048 0.521959 0.048373 2 4 0.734514 1 0.265486
  4 0.695798 -3.989829 52.249802 -0.008770 -0.922731 -0.385345 0.527657 0.055004 2 4 0.734514 1 0.265486
white
  4 0.695798 -3.989829 52.249802 -0.008770 -0.922731 -0.385345 0.527657 0.055004 2 4 0.734514 1 0.265486
  4 0.443691 -3.955644 52.345360 -0.270624 -0.909100 -0.316702 0.532232 0.064625 2 4 0.735629 1 0.264371
  4 0.435056 -3.890620 52.081306 -0.323464 -0.936905 -0.132589 0.519788 0.064625 2 4 0.735629 1 0.264371
white
  4 0.825120 -3.913427 52.217495 0.458475 -0.768695 -0.445991 0.525894 0.048503 2 4 0.734514 1 0.265486
  4 0.822579 -3.903853 52.132664 0.584613 -0.811173 -0.015048 0.521959 0.048373 2 4 0.734514 1 0.265486
  4 0.916491 -3.815305 52.191822 0.606437 -0.700330 -0.376527 0.524381 0.043872 2 4 0.718750 1 0.281250
white
  4 0.822579 -3.903853 52.132664 0.584613 -0.811173 -0.015048 0.521959 0.048373 2 4 0.734514 1 0.265486
  4 0.825120 -3.913427 52.217495 0.458475 -0.768695 -0.445991 0.525894 0.048503 2 4 0.734514 1 0.265486
  4 0.695798 -3.989829 52.249802 -0.008770 -0.922731 -0.385345 0.527657 0.055004 2 4 0.734514 1 0.265486
white
  4 0.825120 -3.913427 52.217495 0.458475 -0.768695 -0.445991 0.525894 0.048503 2 4 0.734514 1 0.265486
  4 0.916491 -3.815305 52.191822 0.606437 -0.700330 -0.376527 0.524381 0.043872 2 4 0.718750 1 0.281250
  4 0.935474 -3.874030 52.230659 0.114941 -0.372642 -0.920829 0.526357 0.043057 2 4 0.718750 1 0.281250
white
  4 0.832072 -3.948130 52.255161 0.099834 -0.482414 -0.870236 0.527748 0.048264 2 4 0.734514 1 0.265486
  4 0.825120 -3.913427 52.217495 0.458475 -0.768695 -0.445991 0.525894 0.048503 2 4 0.734514 1 0.265486
  4 0.935474 -3.874030 52.230659 0.114941 -0.372642 -0.920829 0.526357 0.043057 2 4 0.718750 1 0.281250
white
  4 0.695798 -3.989829 52.249802 -0.008770 -0.922731 -0.385345 0.527657 0.055004 2 4 0.734514 1 0.265486
  4 0.825120 -3.913427 52.217495 0.458475 -0.768695 -0.445991 0.525894 0.048503 2 4 0.734514 1 0.265486
  4 0.832072 -3.948130 52.255161 0.099834 -0.482414 -0.870236 0.527748 0.048264 2 4 0.734514 1 0.265486
white
  4 0.832072 -3.948130 52.255161 0.099834 -0.482414 -0.870236 0.527748 0.048264 2 4 0.734514 1 0.265486
  4 0.935474 -3.874030 52.230659 0.114941 -0.372642 -0.920829 0.526357 0.043057 2 4 0.718750 1 0.281250
  4 0.965693 -3.967673 52.236446 -0.264487 -0.192916 -0.944897 0.526959 0.041546 2 4 0.718750 1 0.281250
white
  4 0.695798 -3.989829 52.249802 -0.008770 -0.922731 -0.385345 0.527657 0.055004 2 4 0.734514 1 0.265486
  4 0.832072 -3.948130 52.255161 0.099834 -0.482414 -0.870236 0.527748 0.048264 2 4 0.734514 1 0.265486
  4 0.843424 -3.999432 52.273293 -0.106711 -0.438205 -0.892518 0.528775 0.047720 2 4 0.734514 1 0.265486
white
  4 0.843424 -3.999432 52.273293 -0.106711 -0.438205 -0.892518 0.528775 0.047720 2 4 0.734514 1 0.265486
  4 0.832072 -3.948130 52.255161 0.099834 -0.482414 -0.870236 0.527748 0.048264 2 4 0.734514 1 0.265486
  4 0.965693 -3.967673 52.236446 -0.264487 -0.192916 -0.944897 0.526959 0.041546 2 4 0.718750 1 0.281250
white
  4 0.694080 -4.027719 52.321960 -0.214053 -0.853023 -0.475955 0.531124 0.055254 2 4 0.734514 1 0.265486
  4 0.695798 -3.989829 52.249802 -0.008770 -0.922731 -0.385345 0.527657 0.055004 2 4 0.734514 1 0.265486
  4 0.843424 -3.999432 52.273293 -0.106711 -0.438205 -0.892518 0.528775 0.047720 2 4 0.734514 1 0.265486
white
  4 0.694080 -4.027719 52.321960 -0.214053 -0.853023 -0.475955 0.531124 0.055254 2 4 0.734514 1 0.265486
  4 0.443691 -3.955644 52.345360 -0.270624 -0.909100 -0.316702 0.532232 0.064625 2 4 0.735629 1 0.264371
  4 0.695798 -3.989829 52.249802 -0.008770 -0.922731 -0.385345 0.527657 0.055004 2 4 0.734514 1 0.265486
white
  4 0.843424 -3.999432 52.273293 -0.106711 -0.438205 -0.892518 0.528775 0.047720 2 4 0.734514 1 0.265486
  4 0.965693 -3.967673 52.236446 -0.264487 -0.192916 -0.944897 0.526959 0.041546 2 4 0.718750 1 0.281250
  4 0.859548 -4.058772 52.298603 -0.321833 -0.556670 -0.765860 0.530172 0.046959 2 4 0.734514 1 0.265486
white
  4 0.694080 -4.027719 52.321960 -0.214053 -0.853023 -0.475955 0.531124 0.055254 2 4 0.734514 1 0.265486
  4 0.843424 -3.999432 52.273293 -0.106711 -0.438205 -0.892518 0.528775 0.047720 2 4 0.734514 1 0.265486
  4 0.859548 -4.058772 52.298603 -0.321833 -0.556670 -0.765860 0.530172 0.046959 2 4 0.734514 1 0.265486
white
  4 0.965693 -3.967673 52.236446 -0.264487 -0.192916 -0.944897 0.526959 0.041546 2 4 0.718750 1 0.281250
  4 0.997723 -4.074480 52.235134 -0.485042 -0.339903 -0.805730 0.527293 0.039861 2 4 0.718750 1 0.281250
  4 0.859548 -4.058772 52.298603 -0.321833 -0.556670 -0.765860 0.530172 0.046959 2 4 0.734514 1 0.265486
white
  4 0.694080 -4.027719 52.321960 -0.214053 -0.853023 -0.475955 0.531124 0.055254 2 4 0.734514 1 0.265486
  4 0.708053 -4.083059 52.426323 -0.321285 -0.863679 -0.388375 0.536315 0.054797 2 4 0.734514 1 0.265486
  4 0.443691 -3.955644 52.345360 -0.270624 -0.909100 -0.316702 0.532232 0.064625 2 4 0.735629 1 0.264371
white
  4 0.694080 -4.027719 52.321960 -0.214053 -0.853023 -0.475955 0.531124 0.055254 2 4 0.734514 1 0.265486
  4 0.859548 -4.058772 52.298603 -0.321833 -0.556670 -0.765860 0.530172 0.046959 2 4 0.734514 1 0.265486
  4 0.708053 -4.083059 52.426323 -0.321285 -0.863679 -0.388375 0.536315 0.054797 2 4 0.734514 1 0.265486
white
  4 0.708053 -4.083059 52.426323 -0.321285 -0.863679 -0.388375 0.536315 0.054797 2 4 0.734514 1 0.265486
  4 0.451428 -4.039956 52.555435 -0.326297 -0.897779 -0.295844 0.543454 0.064625 2 4 0.811096 1 0.188904
  4 0.443691 -3.955644 52.345360 -0.270624 -0.909100 -0.316702 0.532232 0.064625 2 4 0.735629 1 0.264371
white
  4 0.859548 -4.058772 52.298603 -0.321833 -0.556670 -0.765860 0.530172 0.046959 2 4 0.734514 1 0.265486
  4 0.997723 -4.074480 52.235134 -0.485042 -0.339903 -0.805730 0.527293 0.039861 2 4 0.718750 1 0.281250
  4 0.881065 -4.117807 52.345581 -0.436629 -0.725781 -0.531597 0.532581 0.045981 2 4 0.734514 1 0.265486
white
  4 0.859548 -4.058772 52.298603 -0.321833 -0.556670 -0.765860 0.530172 0.046959 2 4 0.734514 1 0.265486
  4 0.881065 -4.117807 52.345581 -0.436629 -0.725781 -0.531597 0.532581 0.045981 2 4 0.734514 1 0.265486
  4 0.708053 -4.083059 52.426323 -0.321285 -0.863679 -0.388375 0.536315 0.054797 2 4 0.734514 1 0.265486
white
  4 0.997723 -4.074480 52.235134 -0.485042 -0.339903 -0.805730 0.527293 0.039861 2 4 0.718750 1 0.281250
  4 1.035363 -4.176518 52.262787 -0.550137 -0.646681 -0.528350 0.528973 0.037991 2 4 0.718750 1 0.281250
  4 0.881065 -4.117807 52.345581 -0.436629 -0.725781 -0.531597 0.532581 0.045981 2 4 0.734514 1 0.265486
white
  4 0.881065 -4.117807 52.345581 -0.436629 -0.725781 -0.531597 0.532581 0.045981 2 4 0.734514 1 0.265486
  4 1.035363 -4.176518 52.262787 -0.550137 -0.646681 -0.528350 0.528973 0.037991 2 4 0.718750 1 0.281250
  4 0.908378 -4.168554 52.425362 -0.449275 -0.825525 -0.341556 0.536645 0.044829 2 4 0.734514 1 0.265486
white
  4 0.708053 -4.083059 52.426323 -0.321285 -0.863679 -0.388375 0.536315 0.054797 2 4 0.734514 1 0.265486
  4 0.881065 -4.117807 52.345581 -0.436629 -0.725781 -0.531597 0.532581 0.045981 2 4 0.734514 1 0.265486
  4 0.908378 -4.168554 52.425362 -0.449275 -0.825525 -0.341556 0.536645 0.044829 2 4 0.734514 1 0.265486
white
  4 1.035363 -4.176518 52.262787 -0.550137 -0.646681 -0.528350 0.528973 0.037991 2 4 0.718750 1 0.281250
  4 1.081624 -4.256361 52.354958 -0.530197 -0.780474 -0.331288 0.533608 0.035904 2 4 0.718750 1 0.281250
  4 0.908378 -4.168554 52.425362 -0.449275 -0.825525 -0.341556 0.536645 0.044829 2 4 0.734514 1 0.265486
white
  4 0.908378 -4.168554 52.425362 -0.449275 -0.825525 -0.341556 0.536645 0.044829 2 4 0.734514 1 0.265486
  4 1.081624 -4.256361 52.354958 -0.530197 -0.780474 -0.331288 0.533608 0.035904 2 4 0.718750 1 0.281250
  4 1.113382 -4.316444 52.462097 -0.529206 -0.775302 -0.344744 0.539361 0.034632 2 4 0.718750 1 0.281250
white
  4 0.908378 -4.168554 52.425362 -0.449275 -0.825525 -0.341556 0.536645 0.044829 2 4 0.734514 1 0.265486
  4 0.730449 -4.141344 52.559193 -0.361281 -0.885563 -0.291984 0.543756 0.054058 2 4 0.810803 1 0.189197
  4 0.708053 -4.083059 52.426323 -0.321285 -0.863679 -0.388375 0.536315 0.054797 2 4 0.734514 1 0.265486
white
  4 0.730449 -4.141344 52.559193 -0.361281 -0.885563 -0.291984 0.543756 0.054058 2 4 0.810803 1 0.189197
  4 0.451428 -4.039956 52.555435 -0.326297 -0.897779 -0.295844 0.543454 0.064625 2 4 0.811096 1 0.188904
  4 0.708053 -4.083059 52.426323 -0.321285 -0.863679 -0.388375 0.536315 0.054797 2 4 0.734514 1 0.265486
white
  4 0.928289 -4.210393 52.509193 -0.471369 -0.822135 -0.319224 0.541430 0.044111 2 4 0.810803 1 0.189197
  4 0.908378 -4.168554 52.425362 -0.449275 -0.825525 -0.341556 0.536645 0.044829 2 4 0.734514 1 0.265486
  4 1.113382 -4.316444 52.462097 -0.529206 -0.775302 -0.344744 0.539361 0.034632 2 4 0.718750 1 0.281250
white
  4 0.928289 -4.210393 52.509193 -0.471369 -0.822135 -0.319224 0.541430 0.044111 2 4 0.810803 1 0.189197
  4 0.730449 -4.141344 52.559193 -0.361281 -0.885563 -0.291984 0.543756 0.054058 2 4 0.810803 1 0.189197
  4 0.908378 -4.168554 52.425362 -0.449275 -0.825525 -0.341556 0.536645 0.044829 2 4 0.734514 1 0.265486
white
  4 0.928289 -4.210393 52.509193 -0.471369 -0.822135 -0.319224 0.541430 0.044111 2 4 0.810803 1 0.189197
  4 1.113382 -4.316444 52.462097 -0.529206 -0.775302 -0.344744 0.539361 0.034632 2 4 0.718750 1 0.281250
  4 1.107073 -4.358163 52.550495 -0.550235 -0.758587 -0.348980 0.544409 0.035230 2 4 0.796871 1 0.203129
white
  4 0.927541 -4.243634 52.594185 -0.492806 -0.819007 -0.293888 0.546151 0.044416 2 4 0.810803 1 0.189197
  4 0.928289 -4.210393 52.509193 -0.471369 -0.822135 -0.319224 0.541430 0.044111 2 4 0.810803 1 0.189197
  4 1.107073 -4.358163 52.550495 -0.550235 -0.758587 -0.348980 0.544409 0.035230 2 4 0.796871 1 0.203129
white
  4 0.928289 -4.210393 52.509193 -0.471369 -0.822135 -0.319224 0.541430 0.044111 2 4 0.810803 1 0.189197
  4 0.927541 -4.243634 52.594185 -0.492806 -0.819007 -0.293888 0.546151 0.044416 2 4 0.810803 1 0.189197
  4 0.730449 -4.141344 52.559193 -0.361281 -0.885563 -0.291984 0.543756 0.054058 2 4 0.810803 1 0.189197
white
  4 0.927541 -4.243634 52.594185 -0.492806 -0.819007 -0.293888 0.546151 0.044416 2 4 0.810803 1 0.189197
  4 1.107073 -4.358163 52.550495 -0.550235 -0.758587 -0.348980 0.544409 0.035230 2 4 0.796871 1 0.203129
  4 1.084204 -4.374003 52.628208 -0.563103 -0.816798 -0.125522 0.548686 0.036632 2 4 0.796871 1 0.203129
white
  4 0.915981 -4.261006 52.670231 -0.473734 -0.879088 -0.052730 0.550297 0.045242 2 4 0.810803 1 0.189197
  4 0.927541 -4.243634 52.594185 -0.492806 -0.819007 -0.293888 0.546151 0.044416 2 4 0.810803 1 0.189197
  4 1.084204 -4.374003 52.628208 -0.563103 -0.816798 -0.125522 0.548686 0.036632 2 4 0.796871 1 0.203129
white
  4 0.730449 -4.141344 52.559193 -0.361281 -0.885563 -0.291984 0.543756 0.054058 2 4 0.810803 1 0.189197
  4 0.927541 -4.243634 52.594185 -0.492806 -0.819007 -0.293888 0.546151 0.044416 2 4 0.810803 1 0.189197
  4 0.915981 -4.261006 52.670231 -0.473734 -0.879088 -0.052730 0.550297 0.045242 2 4 0.810803 1 0.189197
white
  4 0.915981 -4.261006 52.670231 -0.473734 -0.879088 -0.052730 0.550297 0.045242 2 4 0.810803 1 0.189197
  4 1.084204 -4.374003 52.628208 -0.563103 -0.816798 -0.125522 0.548686 0.036632 2 4 0.796871 1 0.203129
  4 1.063802 -4.343164 52.669548 -0.367076 -0.770094 0.521737 0.550728 0.037871 2 4 0.796871 1 0.203129
white
  4 0.730449 -4.141344 52.559193 -0.361281 -0.885563 -0.291984 0.543756 0.054058 2 4 0.810803 1 0.189197
  4 0.729573 -4.183344 52.713512 -0.315055 -0.944280 -0.095268 0.552145 0.054548 2 4 0.810803 1 0.189197
  4 0.451428 -4.039956 52.555435 -0.326297 -0.897779 -0.295844 0.543454 0.064625 2 4 0.811096 1 0.188904
white
  4 0.729573 -4.183344 52.713512 -0.315055 -0.944280 -0.095268 0.552145 0.054548 2 4 0.810803 1 0.189197
  4 0.730449 -4.141344 52.559193 -0.361281 -0.885563 -0.291984 0.543756 0.054058 2 4 0.810803 1 0.189197
  4 0.915981 -4.261006 52.670231 -0.473734 -0.879088 -0.052730 0.550297 0.045242 2 4 0.810803 1 0.189197
white
  4 0.729573 -4.183344 52.713512 -0.315055 -0.944280 -0.095268 0.552145 0.054548 2 4 0.810803 1 0.189197
  4 0.460996 -4.108467 52.806385 -0.250073 -0.910023 -0.330638 0.557053 0.064625 2 4 0.811096 1 0.188904
  4 0.451428 -4.039956 52.555435 -0.326297 -0.897779 -0.295844 0.543454 0.064625 2 4 0.811096 1 0.188904
white
  4 0.902823 -4.247477 52.714676 -0.263198 -0.836647 0.480362 0.552576 0.046090 2 4 0.810803 1 0.189197
  4 0.915981 -4.261006 52.670231 -0.473734 -0.879088 -0.052730 0.550297 0.045242 2 4 0.810803 1 0.189197
  4 1.063802 -4.343164 52.669548 -0.367076 -0.770094 0.521737 0.550728 0.037871 2 4 0.796871 1 0.203129
white
  4 0.729573 -4.183344 52.713512 -0.315055 -0.944280 -0.095268 0.552145 0.054548 2 4 0.810803 1 0.189197
  4 0.915981 -4.261006 52.670231 -0.473734 -0.879088 -0.052730 0.550297 0.045242 2 4 0.810803 1 0.189197
  4 0.902823 -4.247477 52.714676 -0.263198 -0.836647 0.480362 0.552576 0.046090 2 4 0.810803 1 0.189197
white
  4 0.902823 -4.247477 52.714676 -0.263198 -0.836647 0.480362 0.552576 0.046090 2 4 0.810803 1 0.189197
  4 1.063802 -4.343164 52.669548 -0.367076 -0.770094 0.521737 0.550728 0.037871 2 4 0.796871 1 0.203129
  4 1.045513 -4.282155 52.695812 0.051391 -0.408424 0.911345 0.551777 0.039035 2 4 0.796871 1 0.203129
white
  4 0.890419 -4.215771 52.746021 -0.042571 -0.719913 0.692757 0.554044 0.046883 2 4 0.810803 1 0.189197
  4 0.902823 -4.247477 52.714676 -0.263198 -0.836647 0.480362 0.552576 0.046090 2 4 0.810803 1 0.189197
  4 1.045513 -4.282155 52.695812 0.051391 -0.408424 0.911345 0.551777 0.039035 2 4 0.796871 1 0.203129
white
  4 0.729573 -4.183344 52.713512 -0.315055 -0.944280 -0.095268 0.552145 0.054548 2 4 0.810803 1 0.189197
  4 0.902823 -4.247477 52.714676 -0.263198 -0.836647 0.480362 0.552576 0.046090 2 4 0.810803 1 0.189197
  4 0.890419 -4.215771 52.746021 -0.042571 -0.719913 0.692757 0.554044 0.046883 2 4 0.810803 1 0.189197
white
  4 0.890419 -4.215771 52.746021 -0.042571 -0.719913 0.692757 0.554044 0.046883 2 4 0.810803 1 0.189197
  4 1.045513 -4.282155 52.695812 0.051391 -0.408424 0.911345 0.551777 0.039035 2 4 0.796871 1 0.203129
  4 1.028328 -4.207735 52.728027 0.132971 -0.516940 0.845631 0.553050 0.040198 2 4 0.796871 1 0.203129
white
  4 0.715689 -4.179785 52.798866 -0.148462 -0.987923 -0.044346 0.556599 0.055515 2 4 0.810803 1 0.189197
  4 0.460996 -4.108467 52.806385 -0.250073 -0.910023 -0.330638 0.557053 0.064625 2 4 0.811096 1 0.188904
  4 0.729573 -4.183344 52.713512 -0.315055 -0.944280 -0.095268 0.552145 0.054548 2 4 0.810803 1 0.189197
white
  4 0.715689 -4.179785 52.798866 -0.148462 -0.987923 -0.044346 0.556599 0.055515 2 4 0.810803 1 0.189197
  4 0.729573 -4.183344 52.713512 -0.315055 -0.944280 -0.095268 0.552145 0.054548 2 4 0.810803 1 0.189197
  4 0.890419 -4.215771 52.746021 -0.042571 -0.719913 0.692757 0.554044 0.046883 2 4 0.810803 1 0.189197
white
  4 0.880045 -4.178094 52.781071 0.107969 -0.851561 0.513016 0.555659 0.047623 2 4 0.810803 1 0.189197
  4 0.890419 -4.215771 52.746021 -0.042571 -0.719913 0.692757 0.554044 0.046883 2 4 0.810803 1 0.189197
  4 1.028328 -4.207735 52.728027 0.132971 -0.516940 0.845631 0.553050 0.040198 2 4 0.796871 1 0.203129
white
  4 0.715689 -4.179785 52.798866 -0.148462 -0.987923 -0.044346 0.556599 0.055515 2 4 0.810803 1 0.189197
  4 0.890419 -4.215771 52.746021 -0.042571 -0.719913 0.692757 0.554044 0.046883 2 4 0.810803 1 0.189197
  4 0.880045 -4.178094 52.781071 0.107969 -0.851561 0.513016 0.555659 0.047623 2 4 0.810803 1 0.189197
white
  4 0.880045 -4.178094 52.781071 0.107969 -0.851561 0.513016 0.555659 0.047623 2 4 0.810803 1 0.189197
  4 1.028328 -4.207735 52.728027 0.132971 -0.516940 0.845631 0.553050 0.040198 2 4 0.796871 1 0.203129
  4 1.016238 -4.155629 52.782173 0.105107 -0.916206 0.386676 0.555583 0.041187 2 4 0.796871 1 0.203129
white
  4 0.715689 -4.179785 52.798866 -0.148462 -0.987923 -0.044346 0.556599 0.055515 2 4 0.810803 1 0.189197
  4 0.711132 -4.195407 52.882931 -0.102392 -0.835499 -0.539868 0.561071 0.056004 2 4 0.810803 1 0.189197
  4 0.460996 -4.108467 52.806385 -0.250073 -0.910023 -0.330638 0.557053 0.064625 2 4 0.811096 1 0.188904
white
  4 0.874956 -4.167820 52.830269 0.093473 -0.980500 -0.172868 0.558162 0.048101 2 4 0.810803 1 0.189197
  4 0.880045 -4.178094 52.781071 0.107969 -0.851561 0.513016 0.555659 0.047623 2 4 0.810803 1 0.189197
  4 1.016238 -4.155629 52.782173 0.105107 -0.916206 0.386676 0.555583 0.041187 2 4 0.796871 1 0.203129
white
  4 0.715689 -4.179785 52.798866 -0.148462 -0.987923 -0.044346 0.556599 0.055515 2 4 0.810803 1 0.189197
  4 0.880045 -4.178094 52.781071 0.107969 -0.851561 0.513016 0.555659 0.047623 2 4 0.810803 1 0.189197
  4 0.874956 -4.167820 52.830269 0.093473 -0.980500 -0.172868 0.558162 0.048101 2 4 0.810803 1 0.189197
white
  4 0.711132 -4.195407 52.882931 -0.102392 -0.835499 -0.539868 0.561071 0.056004 2 4 0.810803 1 0.189197
  4 0.715689 -4.179785 52.798866 -0.148462 -0.987923 -0.044346 0.556599 0.055515 2 4 0.810803 1 0.189197
  4 0.874956 -4.167820 52.830269 0.093473 -0.980500 -0.172868 0.558162 0.048101 2 4 0.810803 1 0.189197
white
  4 0.874956 -4.167820 52.830269 0.093473 -0.980500 -0.172868 0.558162 0.048101 2 4 0.810803 1 0.189197
  4 1.016238 -4.155629 52.782173 0.105107 -0.916206 0.386676 0.555583 0.041187 2 4 0.796871 1 0.203129
  4 1.011376 -4.162936 52.875565 0.157890 -0.915725 -0.369484 0.560485 0.041850 2 4 0.796871 1 0.203129
white
  4 0.711132 -4.195407 52.882931 -0.102392 -0.835499 -0.539868 0.561071 0.056004 2 4 0.810803 1 0.189197
  4 0.467705 -4.237717 52.999523 -0.251671 -0.718959 -0.647889 0.567939 0.064625 2 4 0.810803 1 0.189197
  4 0.460996 -4.108467 52.806385 -0.250073 -0.910023 -0.330638 0.557053 0.064625 2 4 0.811096 1 0.188904
white
  4 0.877215 -4.218873 52.904163 0.115538 -0.737449 -0.665447 0.562323 0.048177 2 4 0.810803 1 0.189197
  4 0.874956 -4.167820 52.830269 0.093473 -0.980500 -0.172868 0.558162 0.048101 2 4 0.810803 1 0.189197
  4 1.011376 -4.162936 52.875565 0.157890 -0.915725 -0.369484 0.560485 0.041850 2 4 0.796871 1 0.203129
white
  4 0.711132 -4.195407 52.882931 -0.102392 -0.835499 -0.539868 0.561071 0.056004 2 4 0.810803 1 0.189197
  4 0.874956 -4.167820 52.830269 0.093473 -0.980500 -0.172868 0.558162 0.048101 2 4 0.810803 1 0.189197
  4 0.877215 -4.218873 52.904163 0.115538 -0.737449 -0.665447 0.562323 0.048177 2 4 0.810803 1 0.189197
white
  4 0.877215 -4.218873 52.904163 0.115538 -0.737449 -0.665447 0.562323 0.048177 2 4 0.810803 1 0.189197
  4 1.011376 -4.162936 52.875565 0.157890 -0.915725 -0.369484 0.560485 0.041850 2 4 0.796871 1 0.203129
  4 1.015203 -4.216248 52.954868 0.162377 -0.562709 -0.810550 0.564989 0.041948 2 4 0.796871 1 0.203129
white
  4 0.883053 -4.293526 52.968334 0.068279 -0.488988 -0.869614 0.566148 0.047971 2 4 0.810803 1 0.189197
  4 0.877215 -4.218873 52.904163 0.115538 -0.737449 -0.665447 0.562323 0.048177 2 4 0.810803 1 0.189197
  4 1.015203 -4.216248 52.954868 0.162377 -0.562709 -0.810550 0.564989 0.041948 2 4 0.796871 1 0.203129
white
  4 0.711132 -4.195407 52.882931 -0.102392 -0.835499 -0.539868 0.561071 0.056004 2 4 0.810803 1 0.189197
  4 0.877215 -4.218873 52.904163 0.115538 -0.737449 -0.665447 0.562323 0.048177 2 4 0.810803 1 0.189197
  4 0.883053 -4.293526 52.968334 0.068279 -0.488988 -0.869614 0.566148 0.047971 2 4 0.810803 1 0.189197
white
  4 0.883053 -4.293526 52.968334 0.068279 -0.488988 -0.869614 0.566148 0.047971 2 4 0.810803 1 0.189197
  4 1.015203 -4.216248 52.954868 0.162377 -0.562709 -0.810550 0.564989 0.041948 2 4 0.796871 1 0.203129
  4 1.029836 -4.297493 52.970749 -0.101898 -0.163223 -0.981313 0.566427 0.041046 2 4 0.796871 1 0.203129
white
  4 0.726047 -4.355652 52.996025 -0.134255 -0.603882 -0.785686 0.568009 0.055319 2 4 0.810803 1 0.189197
  4 0.467705 -4.237717 52.999523 -0.251671 -0.718959 -0.647889 0.567939 0.064625 2 4 0.810803 1 0.189197
  4 0.711132 -4.195407 52.882931 -0.102392 -0.835499 -0.539868 0.561071 0.056004 2 4 0.810803 1 0.189197
white
  4 0.726047 -4.355652 52.996025 -0.134255 -0.603882 -0.785686 0.568009 0.055319 2 4 0.810803 1 0.189197
  4 0.711132 -4.195407 52.882931 -0.102392 -0.835499 -0.539868 0.561071 0.056004 2 4 0.810803 1 0.189197
  4 0.883053 -4.293526 52.968334 0.068279 -0.488988 -0.869614 0.566148 0.047971 2 4 0.810803 1 0.189197
white
  4 0.892748 -4.356832 52.995361 -0.078451 -0.344053 -0.935667 0.568012 0.047438 2 4 0.810803 1 0.189197
  4 0.883053 -4.293526 52.968334 0.068279 -0.488988 -0.869614 0.566148 0.047971 2 4 0.810803 1 0.189197
  4 1.029836 -4.297493 52.970749 -0.101898 -0.163223 -0.981313 0.566427 0.041046 2 4 0.796871 1 0.203129
white
  4 0.726047 -4.355652 52.996025 -0.134255 -0.603882 -0.785686 0.568009 0.055319 2 4 0.810803 1 0.189197
  4 0.883053 -4.293526 52.968334 0.068279 -0.488988 -0.869614 0.566148 0.047971 2 4 0.810803 1 0.189197
  4 0.892748 -4.356832 52.995361 -0.078451 -0.344053 -0.935667 0.568012 0.047438 2 4 0.810803 1 0.189197
white
  4 0.726047 -4.355652 52.996025 -0.134255 -0.603882 -0.785686 0.568009 0.055319 2 4 0.810803 1 0.189197
  4 0.739017 -4.435359 53.061371 -0.243107 -0.659065 -0.711711 0.571971 0.054721 2 4 0.810803 1 0.189197
  4 0.467705 -4.237717 52.999523 -0.251671 -0.718959 -0.647889 0.567939 0.064625 2 4 0.810803 1 0.189197
white
  4 0.726047 -4.355652 52.996025 -0.134255 -0.603882 -0.785686 0.568009 0.055319 2 4 0.810803 1 0.189197
  4 0.892748 -4.356832 52.995361 -0.078451 -0.344053 -0.935667 0.568012 0.047438 2 4 0.810803 1 0.189197
  4 0.739017 -4.435359 53.061371 -0.243107 -0.659065 -0.711711 0.571971 0.054721 2 4 0.810803 1 0.189197
white
  4 0.739017 -4.435359 53.061371 -0.243107 -0.659065 -0.711711 0.571971 0.054721 2 4 0.810803 1 0.189197
  4 0.470532 -4.389983 53.167511 -0.356572 -0.737109 -0.574045 0.577736 0.064625 2 4 0.810803 1 0.189197
  4 0.467705 -4.237717 52.999523 -0.251671 -0.718959 -0.647889 0.567939 0.064625 2 4 0.810803 1 0.189197
white
  4 0.892748 -4.356832 52.995361 -0.078451 -0.344053 -0.935667 0.568012 0.047438 2 4 0.810803 1 0.189197
  4 1.029836 -4.297493 52.970749 -0.101898 -0.163223 -0.981313 0.566427 0.041046 2 4 0.796871 1 0.203129
  4 0.907376 -4.421124 53.008747 -0.282086 -0.290827 -0.914247 0.569186 0.046590 2 4 0.796871 1 0.203129
white
  4 0.892748 -4.356832 52.995361 -0.078451 -0.344053 -0.935667 0.568012 0.047438 2 4 0.810803 1 0.189197
  4 0.907376 -4.421124 53.008747 -0.282086 -0.290827 -0.914247 0.569186 0.046590 2 4 0.796871 1 0.203129
  4 0.739017 -4.435359 53.061371 -0.243107 -0.659065 -0.711711 0.571971 0.054721 2 4 0.810803 1 0.189197
white
  4 1.029836 -4.297493 52.970749 -0.101898 -0.163223 -0.981313 0.566427 0.041046 2 4 0.796871 1 0.203129
  4 1.050719 -4.402189 52.962921 -0.344693 -0.059497 -0.936828 0.566753 0.039611 2 4 0.796871 1 0.203129
  4 0.907376 -4.421124 53.008747 -0.282086 -0.290827 -0.914247 0.569186 0.046590 2 4 0.796871 1 0.203129
white
  4 0.777938 -4.522004 53.135864 -0.384659 -0.746783 -0.542543 0.576508 0.052873 2 4 0.810803 1 0.189197
  4 0.470532 -4.389983 53.167511 -0.356572 -0.737109 -0.574045 0.577736 0.064625 2 4 0.810803 1 0.189197
  4 0.739017 -4.435359 53.061371 -0.243107 -0.659065 -0.711711 0.571971 0.054721 2 4 0.810803 1 0.189197
white
  4 0.739017 -4.435359 53.061371 -0.243107 -0.659065 -0.711711 0.571971 0.054721 2 4 0.810803 1 0.189197
  4 0.907376 -4.421124 53.008747 -0.282086 -0.290827 -0.914247 0.569186 0.046590 2 4 0.796871 1 0.203129
  4 0.777938 -4.522004 53.135864 -0.384659 -0.746783 -0.542543 0.576508 0.052873 2 4 0.810803 1 0.189197
white
  4 0.907376 -4.421124 53.008747 -0.282086 -0.290827 -0.914247 0.569186 0.046590 2 4 0.796871 1 0.203129
  4 1.050719 -4.402189 52.962921 -0.344693 -0.059497 -0.936828 0.566753 0.039611 2 4 0.796871 1 0.203129
  4 0.926927 -4.497108 53.026764 -0.437099 -0.367130 -0.821072 0.570698 0.045459 2 4 0.796871 1 0.203129
white
  4 0.907376 -4.421124 53.008747 -0.282086 -0.290827 -0.914247 0.569186 0.046590 2 4 0.796871 1 0.203129
  4 0.926927 -4.497108 53.026764 -0.437099 -0.367130 -0.821072 0.570698 0.045459 2 4 0.796871 1 0.203129
  4 0.777938 -4.522004 53.135864 -0.384659 -0.746783 -0.542543 0.576508 0.052873 2 4 0.810803 1 0.189197
white
  4 1.050719 -4.402189 52.962921 -0.344693 -0.059497 -0.936828 0.566753 0.039611 2 4 0.796871 1 0.203129
  4 1.070668 -4.520298 52.960110 -0.484966 -0.229709 -0.843825 0.567418 0.038197 2 4 0.796871 1 0.203129
  4 0.926927 -4.497108 53.026764 -0.437099 -0.367130 -0.821072 0.570698 0.045459 2 4 0.796871 1 0.203129
white
  4 0.926927 -4.497108 53.026764 -0.437099 -0.367130 -0.821072 0.570698 0.045459 2 4 0.796871 1 0.203129
  4 1.070668 -4.520298 52.960110 -0.484966 -0.229709 -0.843825 0.567418 0.038197 2 4 0.796871 1 0.203129
  4 0.951760 -4.568685 53.059605 -0.477554 -0.627114 -0.615362 0.572952 0.044133 2 4 0.796871 1 0.203129
white
  4 0.926927 -4.497108 53.026764 -0.437099 -0.367130 -0.821072 0.570698 0.045459 2 4 0.796871 1 0.203129
  4 0.951760 -4.568685 53.059605 -0.477554 -0.627114 -0.615362 0.572952 0.044133 2 4 0.796871 1 0.203129
  4 0.777938 -4.522004 53.135864 -0.384659 -0.746783 -0.542543 0.576508 0.052873 2 4 0.810803 1 0.189197
white
  4 1.070668 -4.520298 52.960110 -0.484966 -0.229709 -0.843825 0.567418 0.038197 2 4 0.796871 1 0.203129
  4 1.095341 -4.628211 52.982502 -0.579848 -0.559430 -0.592296 0.569343 0.036676 2 4 0.796871 1 0.203129
  4 0.951760 -4.568685 53.059605 -0.477554 -0.627114 -0.615362 0.572952 0.044133 2 4 0.796871 1 0.203129
white
  4 0.951760 -4.568685 53.059605 -0.477554 -0.627114 -0.615362 0.572952 0.044133 2 4 0.796871 1 0.203129
  4 1.095341 -4.628211 52.982502 -0.579848 -0.559430 -0.592296 0.569343 0.036676 2 4 0.796871 1 0.203129
  4 0.981867 -4.619673 53.117691 -0.493804 -0.773052 -0.398181 0.576363 0.042698 2 4 0.796871 1 0.203129
white
  4 0.981867 -4.619673 53.117691 -0.493804 -0.773052 -0.398181 0.576363 0.042698 2 4 0.796871 1 0.203129
  4 0.777938 -4.522004 53.135864 -0.384659 -0.746783 -0.542543 0.576508 0.052873 2 4 0.810803 1 0.189197
  4 0.951760 -4.568685 53.059605 -0.477554 -0.627114 -0.615362 0.572952 0.044133 2 4 0.796871 1 0.203129
white
  4 1.095341 -4.628211 52.982502 -0.579848 -0.559430 -0.592296 0.569343 0.036676 2 4 0.796871 1 0.203129
  4 1.129967 -4.702888 53.050011 -0.578148 -0.725940 -0.372501 0.573463 0.034925 2 4 0.796871 1 0.203129
  4 0.981867 -4.619673 53.117691 -0.493804 -0.773052 -0.398181 0.576363 0.042698 2 4 0.796871 1 0.203129
white
  4 0.981867 -4.619673 53.117691 -0.493804 -0.773052 -0.398181 0.576363 0.042698 2 4 0.796871 1 0.203129
  4 1.129967 -4.702888 53.050011 -0.578148 -0.725940 -0.372501 0.573463 0.034925 2 4 0.796871 1 0.203129
  4 1.154722 -4.759707 53.141697 -0.569312 -0.733369 -0.371554 0.578773 0.033806 2 4 0.796871 1 0.203129
white
  4 1.002503 -4.665241 53.187962 -0.498529 -0.743136 -0.446339 0.580438 0.041796 2 4 0.796871 1 0.203129
  4 0.981867 -4.619673 53.117691 -0.493804 -0.773052 -0.398181 0.576363 0.042698 2 4 0.796871 1 0.203129
  4 1.154722 -4.759707 53.141697 -0.569312 -0.733369 -0.371554 0.578773 0.033806 2 4 0.796871 1 0.203129
white
  4 1.002503 -4.665241 53.187962 -0.498529 -0.743136 -0.446339 0.580438 0.041796 2 4 0.796871 1 0.203129
  4 0.777938 -4.522004 53.135864 -0.384659 -0.746783 -0.542543 0.576508 0.052873 2 4 0.810803 1 0.189197
  4 0.981867 -4.619673 53.117691 -0.493804 -0.773052 -0.398181 0.576363 0.042698 2 4 0.796871 1 0.203129
white
  4 1.002503 -4.665241 53.187962 -0.498529 -0.743136 -0.446339 0.580438 0.041796 2 4 0.796871 1 0.203129
  4 1.154722 -4.759707 53.141697 -0.569312 -0.733369 -0.371554 0.578773 0.033806 2 4 0.796871 1 0.203129
  4 1.151224 -4.810429 53.233192 -0.531849 -0.745060 -0.402520 0.584072 0.034110 2 4 0.796871 1 0.203129
white
  4 0.777938 -4.522004 53.135864 -0.384659 -0.746783 -0.542543 0.576508 0.052873 2 4 0.810803 1 0.189197
  4 0.817638 -4.588828 53.238884 -0.395715 -0.762077 -0.512492 0.582411 0.051123 2 4 0.810803 1 0.189197
  4 0.470532 -4.389983 53.167511 -0.356572 -0.737109 -0.574045 0.577736 0.064625 2 4 0.810803 1 0.189197
white
  4 1.002503 -4.665241 53.187962 -0.498529 -0.743136 -0.446339 0.580438 0.041796 2 4 0.796871 1 0.203129
  4 0.817638 -4.588828 53.238884 -0.395715 -0.762077 -0.512492 0.582411 0.051123 2 4 0.810803 1 0.189197
  4 0.777938 -4.522004 53.135864 -0.384659 -0.746783 -0.542543 0.576508 0.052873 2 4 0.810803 1 0.189197
white
  4 0.817638 -4.588828 53.238884 -0.395715 -0.762077 -0.512492 0.582411 0.051123 2 4 0.810803 1 0.189197
  4 0.474002 -4.514752 53.343666 -0.355329 -0.856206 -0.375037 0.587789 0.064625 2 4 0.810803 1 0.189197
  4 0.470532 -4.389983 53.167511 -0.356572 -0.737109 -0.574045 0.577736 0.064625 2 4 0.810803 1 0.189197
white
  4 0.998291 -4.723093 53.261951 -0.468241 -0.719004 -0.513599 0.584810 0.042046 2 4 0.796871 1 0.203129
  4 1.002503 -4.665241 53.187962 -0.498529 -0.743136 -0.446339 0.580438 0.041796 2 4 0.796871 1 0.203129
  4 1.151224 -4.810429 53.233192 -0.531849 -0.745060 -0.402520 0.584072 0.034110 2 4 0.796871 1 0.203129
white
  4 0.817638 -4.588828 53.238884 -0.395715 -0.762077 -0.512492 0.582411 0.051123 2 4 0.810803 1 0.189197
  4 1.002503 -4.665241 53.187962 -0.498529 -0.743136 -0.446339 0.580438 0.041796 2 4 0.796871 1 0.203129
  4 0.998291 -4.723093 53.261951 -0.468241 -0.719004 -0.513599 0.584810 0.042046 2 4 0.796871 1 0.203129
white
  4 0.998291 -4.723093 53.261951 -0.468241 -0.719004 -0.513599 0.584810 0.042046 2 4 0.796871 1 0.203129
  4 1.151224 -4.810429 53.233192 -0.531849 -0.745060 -0.402520 0.584072 0.034110 2 4 0.796871 1 0.203129
  4 1.132728 -4.834267 53.316792 -0.485882 -0.866011 -0.118082 0.588462 0.035262 2 4 0.796871 1 0.203129
white
  4 0.980911 -4.758855 53.331322 -0.436470 -0.892859 -0.110890 0.588524 0.043002 2 4 0.796871 1 0.203129
  4 0.998291 -4.723093 53.261951 -0.468241 -0.719004 -0.513599 0.584810 0.042046 2 4 0.796871 1 0.203129
  4 1.132728 -4.834267 53.316792 -0.485882 -0.866011 -0.118082 0.588462 0.035262 2 4 0.796871 1 0.203129
white
  4 0.817638 -4.588828 53.238884 -0.395715 -0.762077 -0.512492 0.582411 0.051123 2 4 0.810803 1 0.189197
  4 0.998291 -4.723093 53.261951 -0.468241 -0.719004 -0.513599 0.584810 0.042046 2 4 0.796871 1 0.203129
  4 0.980911 -4.758855 53.331322 -0.436470 -0.892859 -0.110890 0.588524 0.043002 2 4 0.796871 1 0.203129
white
  4 0.980911 -4.758855 53.331322 -0.436470 -0.892859 -0.110890 0.588524 0.043002 2 4 0.796871 1 0.203129
  4 1.132728 -4.834267 53.316792 -0.485882 -0.866011 -0.118082 0.588462 0.035262 2 4 0.796871 1 0.203129
  4 1.113518 -4.800858 53.378799 -0.354454 -0.791197 0.498367 0.590847 0.036654 2 4 0.796871 1 0.203129
white
  4 0.801321 -4.691321 53.354294 -0.380504 -0.922291 -0.067797 0.589075 0.051928 2 4 0.810803 1 0.189197
  4 0.474002 -4.514752 53.343666 -0.355329 -0.856206 -0.375037 0.587789 0.064625 2 4 0.810803 1 0.189197
  4 0.817638 -4.588828 53.238884 -0.395715 -0.762077 -0.512492 0.582411 0.051123 2 4 0.810803 1 0.189197
white
  4 0.801321 -4.691321 53.354294 -0.380504 -0.922291 -0.067797 0.589075 0.051928 2 4 0.810803 1 0.189197
  4 0.817638 -4.588828 53.238884 -0.395715 -0.762077 -0.512492 0.582411 0.051123 2 4 0.810803 1 0.189197
  4 0.980911 -4.758855 53.331322 -0.436470 -0.892859 -0.110890 0.588524 0.043002 2 4 0.796871 1 0.203129
white
  4 0.962716 -4.731022 53.383663 -0.292410 -0.750000 0.593293 0.590591 0.044231 2 4 0.796871 1 0.203129
  4 0.980911 -4.758855 53.331322 -0.436470 -0.892859 -0.110890 0.588524 0.043002 2 4 0.796871 1 0.203129
  4 1.113518 -4.800858 53.378799 -0.354454 -0.791197 0.498367 0.590847 0.036654 2 4 0.796871 1 0.203129
white
  4 0.801321 -4.691321 53.354294 -0.380504 -0.922291 -0.067797 0.589075 0.051928 2 4 0.810803 1 0.189197
  4 0.980911 -4.758855 53.331322 -0.436470 -0.892859 -0.110890 0.588524 0.043002 2 4 0.796871 1 0.203129
  4 0.962716 -4.731022 53.383663 -0.292410 -0.750000 0.593293 0.590591 0.044231 2 4 0.796871 1 0.203129
white
  4 0.962716 -4.731022 53.383663 -0.292410 -0.750000 0.593293 0.590591 0.044231 2 4 0.796871 1 0.203129
  4 1.113518 -4.800858 53.378799 -0.354454 -0.791197 0.498367 0.590847 0.036654 2 4 0.796871 1 0.203129
  4 1.093267 -4.732787 53.421135 -0.215153 -0.540101 0.813634 0.592113 0.038219 2 4 0.796871 1 0.203129
white
  4 0.801321 -4.691321 53.354294 -0.380504 -0.922291 -0.067797 0.589075 0.051928 2 4 0.810803 1 0.189197
  4 0.770946 -4.637156 53.434872 -0.198246 -0.872354 0.446874 0.592610 0.053873 2 4 0.810803 1 0.189197
  4 0.474002 -4.514752 53.343666 -0.355329 -0.856206 -0.375037 0.587789 0.064625 2 4 0.810803 1 0.189197
white
  4 0.943242 -4.674590 53.422482 -0.179636 -0.642738 0.744727 0.591980 0.045612 2 4 0.810803 1 0.189197
  4 0.962716 -4.731022 53.383663 -0.292410 -0.750000 0.593293 0.590591 0.044231 2 4 0.796871 1 0.203129
  4 1.093267 -4.732787 53.421135 -0.215153 -0.540101 0.813634 0.592113 0.038219 2 4 0.796871 1 0.203129
white
  4 0.801321 -4.691321 53.354294 -0.380504 -0.922291 -0.067797 0.589075 0.051928 2 4 0.810803 1 0.189197
  4 0.962716 -4.731022 53.383663 -0.292410 -0.750000 0.593293 0.590591 0.044231 2 4 0.796871 1 0.203129
  4 0.943242 -4.674590 53.422482 -0.179636 -0.642738 0.744727 0.591980 0.045612 2 4 0.810803 1 0.189197
white
  4 0.770946 -4.637156 53.434872 -0.198246 -0.872354 0.446874 0.592610 0.053873 2 4 0.810803 1 0.189197
  4 0.801321 -4.691321 53.354294 -0.380504 -0.922291 -0.067797 0.589075 0.051928 2 4 0.810803 1 0.189197
  4 0.943242 -4.674590 53.422482 -0.179636 -0.642738 0.744727 0.591980 0.045612 2 4 0.810803 1 0.189197
white
  4 0.943242 -4.674590 53.422482 -0.179636 -0.642738 0.744727 0.591980 0.045612 2 4 0.810803 1 0.189197
  4 1.093267 -4.732787 53.421135 -0.215153 -0.540101 0.813634 0.592113 0.038219 2 4 0.796871 1 0.203129
  4 1.070871 -4.661581 53.454922 -0.138353 -0.522966 0.841050 0.593141 0.039872 2 4 0.796871 1 0.203129
white
  4 0.770946 -4.637156 53.434872 -0.198246 -0.872354 0.446874 0.592610 0.053873 2 4 0.810803 1 0.189197
  4 0.481423 -4.554797 53.523460 -0.126852 -0.982273 -0.138016 0.597258 0.064625 2 4 0.810803 1 0.189197
  4 0.474002 -4.514752 53.343666 -0.355329 -0.856206 -0.375037 0.587789 0.064625 2 4 0.810803 1 0.189197
white
  4 0.922525 -4.621564 53.465466 -0.070400 -0.689561 0.720798 0.593662 0.047057 2 4 0.810803 1 0.189197
  4 0.943242 -4.674590 53.422482 -0.179636 -0.642738 0.744727 0.591980 0.045612 2 4 0.810803 1 0.189197
  4 1.070871 -4.661581 53.454922 -0.138353 -0.522966 0.841050 0.593141 0.039872 2 4 0.796871 1 0.203129
white
  4 0.770946 -4.637156 53.434872 -0.198246 -0.872354 0.446874 0.592610 0.053873 2 4 0.810803 1 0.189197
  4 0.943242 -4.674590 53.422482 -0.179636 -0.642738 0.744727 0.591980 0.045612 2 4 0.810803 1 0.189197
  4 0.922525 -4.621564 53.465466 -0.070400 -0.689561 0.720798 0.593662 0.047057 2 4 0.810803 1 0.189197
white
  4 0.922525 -4.621564 53.465466 -0.070400 -0.689561 0.720798 0.593662 0.047057 2 4 0.810803 1 0.189197
  4 1.070871 -4.661581 53.454922 -0.138353 -0.522966 0.841050 0.593141 0.039872 2 4 0.796871 1 0.203129
  4 1.050499 -4.601650 53.492123 -0.068705 -0.683504 0.726706 0.594560 0.041415 2 4 0.810803 1 0.189197
white
  4 0.904216 -4.578044 53.512566 0.000373 -0.821940 0.569573 0.595724 0.048373 2 4 0.810803 1 0.189197
  4 0.922525 -4.621564 53.465466 -0.070400 -0.689561 0.720798 0.593662 0.047057 2 4 0.810803 1 0.189197
  4 1.050499 -4.601650 53.492123 -0.068705 -0.683504 0.726706 0.594560 0.041415 2 4 0.810803 1 0.189197
white
  4 0.770946 -4.637156 53.434872 -0.198246 -0.872354 0.446874 0.592610 0.053873 2 4 0.810803 1 0.189197
  4 0.922525 -4.621564 53.465466 -0.070400 -0.689561 0.720798 0.593662 0.047057 2 4 0.810803 1 0.189197
  4 0.904216 -4.578044 53.512566 0.000373 -0.821940 0.569573 0.595724 0.048373 2 4 0.810803 1 0.189197
white
  4 0.904216 -4.578044 53.512566 0.000373 -0.821940 0.569573 0.595724 0.048373 2 4 0.810803 1 0.189197
  4 1.050499 -4.601650 53.492123 -0.068705 -0.683504 0.726706 0.594560 0.041415 2 4 0.810803 1 0.189197
  4 1.034689 -4.566967 53.541691 -0.080168 -0.925093 0.371182 0.596997 0.042622 2 4 0.810803 1 0.189197
white
  4 0.738647 -4.580244 53.538013 0.002148 -0.952361 0.304964 0.597323 0.056015 2 4 0.810803 1 0.189197
  4 0.481423 -4.554797 53.523460 -0.126852 -0.982273 -0.138016 0.597258 0.064625 2 4 0.810803 1 0.189197
  4 0.770946 -4.637156 53.434872 -0.198246 -0.872354 0.446874 0.592610 0.053873 2 4 0.810803 1 0.189197
white
  4 0.738647 -4.580244 53.538013 0.002148 -0.952361 0.304964 0.597323 0.056015 2 4 0.810803 1 0.189197
  4 0.770946 -4.637156 53.434872 -0.198246 -0.872354 0.446874 0.592610 0.053873 2 4 0.810803 1 0.189197
  4 0.904216 -4.578044 53.512566 0.000373 -0.821940 0.569573 0.595724 0.048373 2 4 0.810803 1 0.189197
white
  4 0.891713 -4.548203 53.564873 0.038542 -0.971883 0.232290 0.598257 0.049351 2 4 0.810803 1 0.189197
  4 0.904216 -4.578044 53.512566 0.000373 -0.821940 0.569573 0.595724 0.048373 2 4 0.810803 1 0.189197
  4 1.034689 -4.566967 53.541691 -0.080168 -0.925093 0.371182 0.596997 0.042622 2 4 0.810803 1 0.189197
white
  4 0.738647 -4.580244 53.538013 0.002148 -0.952361 0.304964 0.597323 0.056015 2 4 0.810803 1 0.189197
  4 0.904216 -4.578044 53.512566 0.000373 -0.821940 0.569573 0.595724 0.048373 2 4 0.810803 1 0.189197
  4 0.891713 -4.548203 53.564873 0.038542 -0.971883 0.232290 0.598257 0.049351 2 4 0.810803 1 0.189197
white
  4 0.891713 -4.548203 53.564873 0.038542 -0.971883 0.232290 0.598257 0.049351 2 4 0.810803 1 0.189197
  4 1.034689 -4.566967 53.541691 -0.080168 -0.925093 0.371182 0.596997 0.042622 2 4 0.810803 1 0.189197
  4 1.025221 -4.562916 53.596840 -0.149993 -0.968076 -0.200827 0.600193 0.043372 2 4 0.810803 1 0.189197
white
  4 0.738647 -4.580244 53.538013 0.002148 -0.952361 0.304964 0.597323 0.056015 2 4 0.810803 1 0.189197
  4 0.723744 -4.568403 53.652042 0.018733 -0.922482 -0.385586 0.603097 0.057178 2 4 0.810803 1 0.189197
  4 0.481423 -4.554797 53.523460 -0.126852 -0.982273 -0.138016 0.597258 0.064625 2 4 0.810803 1 0.189197
white
  4 0.886082 -4.548409 53.621933 -0.011005 -0.957621 -0.287822 0.601396 0.049884 2 4 0.810803 1 0.189197
  4 0.891713 -4.548203 53.564873 0.038542 -0.971883 0.232290 0.598257 0.049351 2 4 0.810803 1 0.189197
  4 1.025221 -4.562916 53.596840 -0.149993 -0.968076 -0.200827 0.600193 0.043372 2 4 0.810803 1 0.189197
white
  4 0.738647 -4.580244 53.538013 0.002148 -0.952361 0.304964 0.597323 0.056015 2 4 0.810803 1 0.189197
  4 0.891713 -4.548203 53.564873 0.038542 -0.971883 0.232290 0.598257 0.049351 2 4 0.810803 1 0.189197
  4 0.886082 -4.548409 53.621933 -0.011005 -0.957621 -0.287822 0.601396 0.049884 2 4 0.810803 1 0.189197
white
  4 0.723744 -4.568403 53.652042 0.018733 -0.922482 -0.385586 0.603097 0.057178 2 4 0.810803 1 0.189197
  4 0.738647 -4.580244 53.538013 0.002148 -0.952361 0.304964 0.597323 0.056015 2 4 0.810803 1 0.189197
  4 0.886082 -4.548409 53.621933 -0.011005 -0.957621 -0.287822 0.601396 0.049884 2 4 0.810803 1 0.189197
white
  4 0.886082 -4.548409 53.621933 -0.011005 -0.957621 -0.287822 0.601396 0.049884 2 4 0.810803 1 0.189197
  4 1.025221 -4.562916 53.596840 -0.149993 -0.968076 -0.200827 0.600193 0.043372 2 4 0.810803 1 0.189197
  4 1.024761 -4.596579 53.654556 -0.172947 -0.733879 -0.656895 0.603893 0.043524 2 4 0.810803 1 0.189197
white
  4 0.723744 -4.568403 53.652042 0.018733 -0.922482 -0.385586 0.603097 0.057178 2 4 0.810803 1 0.189197
  4 0.487586 -4.636088 53.742077 -0.044461 -0.708502 -0.704307 0.608941 0.064625 2 4 0.810803 1 0.189197
  4 0.481423 -4.554797 53.523460 -0.126852 -0.982273 -0.138016 0.597258 0.064625 2 4 0.810803 1 0.189197
white
  4 0.887232 -4.595097 53.684265 -0.077518 -0.690001 -0.719645 0.605286 0.049884 2 4 0.810803 1 0.189197
  4 0.886082 -4.548409 53.621933 -0.011005 -0.957621 -0.287822 0.601396 0.049884 2 4 0.810803 1 0.189197
  4 1.024761 -4.596579 53.654556 -0.172947 -0.733879 -0.656895 0.603893 0.043524 2 4 0.810803 1 0.189197
white
  4 0.723744 -4.568403 53.652042 0.018733 -0.922482 -0.385586 0.603097 0.057178 2 4 0.810803 1 0.189197
  4 0.886082 -4.548409 53.621933 -0.011005 -0.957621 -0.287822 0.601396 0.049884 2 4 0.810803 1 0.189197
  4 0.887232 -4.595097 53.684265 -0.077518 -0.690001 -0.719645 0.605286 0.049884 2 4 0.810803 1 0.189197
white
  4 0.887232 -4.595097 53.684265 -0.077518 -0.690001 -0.719645 0.605286 0.049884 2 4 0.810803 1 0.189197
  4 1.024761 -4.596579 53.654556 -0.172947 -0.733879 -0.656895 0.603893 0.043524 2 4 0.810803 1 0.189197
  4 1.031638 -4.654877 53.697426 -0.214127 -0.408301 -0.887378 0.606993 0.042981 2 4 0.810803 1 0.189197
white
  4 0.732626 -4.705724 53.768730 -0.045395 -0.404004 -0.913630 0.610397 0.056483 2 4 0.810803 1 0.189197
  4 0.487586 -4.636088 53.742077 -0.044461 -0.708502 -0.704307 0.608941 0.064625 2 4 0.810803 1 0.189197
  4 0.723744 -4.568403 53.652042 0.018733 -0.922482 -0.385586 0.603097 0.057178 2 4 0.810803 1 0.189197
white
  4 0.723744 -4.568403 53.652042 0.018733 -0.922482 -0.385586 0.603097 0.057178 2 4 0.810803 1 0.189197
  4 0.887232 -4.595097 53.684265 -0.077518 -0.690001 -0.719645 0.605286 0.049884 2 4 0.810803 1 0.189197
  4 0.732626 -4.705724 53.768730 -0.045395 -0.404004 -0.913630 0.610397 0.056483 2 4 0.810803 1 0.189197
white
  4 0.892616 -4.670164 53.734932 -0.145721 -0.407232 -0.901625 0.608695 0.049319 2 4 0.810803 1 0.189197
  4 0.887232 -4.595097 53.684265 -0.077518 -0.690001 -0.719645 0.605286 0.049884 2 4 0.810803 1 0.189197
  4 1.031638 -4.654877 53.697426 -0.214127 -0.408301 -0.887378 0.606993 0.042981 2 4 0.810803 1 0.189197
white
  4 0.887232 -4.595097 53.684265 -0.077518 -0.690001 -0.719645 0.605286 0.049884 2 4 0.810803 1 0.189197
  4 0.892616 -4.670164 53.734932 -0.145721 -0.407232 -0.901625 0.608695 0.049319 2 4 0.810803 1 0.189197
  4 0.732626 -4.705724 53.768730 -0.045395 -0.404004 -0.913630 0.610397 0.056483 2 4 0.810803 1 0.189197
white
  4 0.892616 -4.670164 53.734932 -0.145721 -0.407232 -0.901625 0.608695 0.049319 2 4 0.810803 1 0.189197
  4 1.031638 -4.654877 53.697426 -0.214127 -0.408301 -0.887378 0.606993 0.042981 2 4 0.810803 1 0.189197
  4 0.908183 -4.751148 53.751427 -0.226218 -0.178003 -0.957674 0.610395 0.048166 2 4 0.810803 1 0.189197
white
  4 0.732626 -4.705724 53.768730 -0.045395 -0.404004 -0.913630 0.610397 0.056483 2 4 0.810803 1 0.189197
  4 0.892616 -4.670164 53.734932 -0.145721 -0.407232 -0.901625 0.608695 0.049319 2 4 0.810803 1 0.189197
  4 0.908183 -4.751148 53.751427 -0.226218 -0.178003 -0.957674 0.610395 0.048166 2 4 0.810803 1 0.189197
white
  4 1.031638 -4.654877 53.697426 -0.214127 -0.408301 -0.887378 0.606993 0.042981 2 4 0.810803 1 0.189197
  4 1.049251 -4.728249 53.707672 -0.286784 -0.131582 -0.948916 0.608388 0.041654 2 4 0.810803 1 0.189197
  4 0.908183 -4.751148 53.751427 -0.226218 -0.178003 -0.957674 0.610395 0.048166 2 4 0.810803 1 0.189197
white
  4 0.487586 -4.636088 53.742077 -0.044461 -0.708502 -0.704307 0.608941 0.064625 2 4 0.810803 1 0.189197
  4 0.732626 -4.705724 53.768730 -0.045395 -0.404004 -0.913630 0.610397 0.056483 2 4 0.810803 1 0.189197
  4 0.760071 -4.864180 53.804653 -0.197579 -0.365093 -0.909764 0.613776 0.054580 2 4 0.810803 1 0.189197
white
  4 0.760071 -4.864180 53.804653 -0.197579 -0.365093 -0.909764 0.613776 0.054580 2 4 0.810803 1 0.189197
  4 0.732626 -4.705724 53.768730 -0.045395 -0.404004 -0.913630 0.610397 0.056483 2 4 0.810803 1 0.189197
  4 0.908183 -4.751148 53.751427 -0.226218 -0.178003 -0.957674 0.610395 0.048166 2 4 0.810803 1 0.189197
white
  4 0.477519 -4.870491 53.896671 -0.309784 -0.615644 -0.724580 0.618998 0.064625 2 4 0.810803 1 0.189197
  4 0.487586 -4.636088 53.742077 -0.044461 -0.708502 -0.704307 0.608941 0.064625 2 4 0.810803 1 0.189197
  4 0.760071 -4.864180 53.804653 -0.197579 -0.365093 -0.909764 0.613776 0.054580 2 4 0.810803 1 0.189197
white
  4 0.908183 -4.751148 53.751427 -0.226218 -0.178003 -0.957674 0.610395 0.048166 2 4 0.810803 1 0.189197
  4 1.049251 -4.728249 53.707672 -0.286784 -0.131582 -0.948916 0.608388 0.041654 2 4 0.810803 1 0.189197
  4 0.928405 -4.838465 53.755478 -0.300847 -0.171716 -0.938086 0.611440 0.046753 2 4 0.810803 1 0.189197
white
  4 0.928405 -4.838465 53.755478 -0.300847 -0.171716 -0.938086 0.611440 0.046753 2 4 0.810803 1 0.189197
  4 0.760071 -4.864180 53.804653 -0.197579 -0.365093 -0.909764 0.613776 0.054580 2 4 0.810803 1 0.189197
  4 0.908183 -4.751148 53.751427 -0.226218 -0.178003 -0.957674 0.610395 0.048166 2 4 0.810803 1 0.189197
white
  4 1.049251 -4.728249 53.707672 -0.286784 -0.131582 -0.948916 0.608388 0.041654 2 4 0.810803 1 0.189197
  4 1.073319 -4.820610 53.704781 -0.333753 -0.100892 -0.937246 0.609125 0.039959 2 4 0.810803 1 0.189197
  4 0.928405 -4.838465 53.755478 -0.300847 -0.171716 -0.938086 0.611440 0.046753 2 4 0.810803 1 0.189197
white
  4 0.760071 -4.864180 53.804653 -0.197579 -0.365093 -0.909764 0.613776 0.054580 2 4 0.810803 1 0.189197
  4 0.785501 -4.996283 53.861759 -0.327231 -0.593241 -0.735517 0.617889 0.052906 2 4 0.810803 1 0.189197
  4 0.477519 -4.870491 53.896671 -0.309784 -0.615644 -0.724580 0.618998 0.064625 2 4 0.810803 1 0.189197
white
  4 0.928405 -4.838465 53.755478 -0.300847 -0.171716 -0.938086 0.611440 0.046753 2 4 0.810803 1 0.189197
  4 0.785501 -4.996283 53.861759 -0.327231 -0.593241 -0.735517 0.617889 0.052906 2 4 0.810803 1 0.189197
  4 0.760071 -4.864180 53.804653 -0.197579 -0.365093 -0.909764 0.613776 0.054580 2 4 0.810803 1 0.189197
white
  4 0.928405 -4.838465 53.755478 -0.300847 -0.171716 -0.938086 0.611440 0.046753 2 4 0.810803 1 0.189197
  4 1.073319 -4.820610 53.704781 -0.333753 -0.100892 -0.937246 0.609125 0.039959 2 4 0.810803 1 0.189197
  4 0.947897 -4.926392 53.767014 -0.356548 -0.286636 -0.889221 0.612838 0.045394 2 4 0.810803 1 0.189197
white
  4 0.928405 -4.838465 53.755478 -0.300847 -0.171716 -0.938086 0.611440 0.046753 2 4 0.810803 1 0.189197
  4 0.947897 -4.926392 53.767014 -0.356548 -0.286636 -0.889221 0.612838 0.045394 2 4 0.810803 1 0.189197
  4 0.785501 -4.996283 53.861759 -0.327231 -0.593241 -0.735517 0.617889 0.052906 2 4 0.810803 1 0.189197
white
  4 1.073319 -4.820610 53.704781 -0.333753 -0.100892 -0.937246 0.609125 0.039959 2 4 0.810803 1 0.189197
  4 1.095253 -4.925029 53.709419 -0.365476 -0.251189 -0.896288 0.610250 0.038317 2 4 0.810803 1 0.189197
  4 0.947897 -4.926392 53.767014 -0.356548 -0.286636 -0.889221 0.612838 0.045394 2 4 0.810803 1 0.189197
white
  4 0.947897 -4.926392 53.767014 -0.356548 -0.286636 -0.889221 0.612838 0.045394 2 4 0.810803 1 0.189197
  4 1.095253 -4.925029 53.709419 -0.365476 -0.251189 -0.896288 0.610250 0.038317 2 4 0.810803 1 0.189197
  4 0.964549 -5.014672 53.802979 -0.335587 -0.529402 -0.779176 0.615410 0.044253 2 4 0.810803 1 0.189197
white
  4 0.947897 -4.926392 53.767014 -0.356548 -0.286636 -0.889221 0.612838 0.045394 2 4 0.810803 1 0.189197
  4 0.964549 -5.014672 53.802979 -0.335587 -0.529402 -0.779176 0.615410 0.044253 2 4 0.810803 1 0.189197
  4 0.785501 -4.996283 53.861759 -0.327231 -0.593241 -0.735517 0.617889 0.052906 2 4 0.810803 1 0.189197
white
  4 1.095253 -4.925029 53.709419 -0.365476 -0.251189 -0.896288 0.610250 0.038317 2 4 0.810803 1 0.189197
  4 1.115623 -5.035718 53.744171 -0.387519 -0.491585 -0.779855 0.612871 0.036784 2 4 0.810803 1 0.189197
  4 0.964549 -5.014672 53.802979 -0.335587 -0.529402 -0.779176 0.615410 0.044253 2 4 0.810803 1 0.189197
white
  4 0.964549 -5.014672 53.802979 -0.335587 -0.529402 -0.779176 0.615410 0.044253 2 4 0.810803 1 0.189197
  4 1.115623 -5.035718 53.744171 -0.387519 -0.491585 -0.779855 0.612871 0.036784 2 4 0.810803 1 0.189197
  4 0.974301 -5.100388 53.879917 -0.364534 -0.694522 -0.620286 0.619984 0.043503 2 4 0.810803 1 0.189197
white
  4 0.785501 -4.996283 53.861759 -0.327231 -0.593241 -0.735517 0.617889 0.052906 2 4 0.810803 1 0.189197
  4 0.964549 -5.014672 53.802979 -0.335587 -0.529402 -0.779176 0.615410 0.044253 2 4 0.810803 1 0.189197
  4 0.974301 -5.100388 53.879917 -0.364534 -0.694522 -0.620286 0.619984 0.043503 2 4 0.810803 1 0.189197
white
  4 1.115623 -5.035718 53.744171 -0.387519 -0.491585 -0.779855 0.612871 0.036784 2 4 0.810803 1 0.189197
  4 1.134329 -5.145899 53.826801 -0.399160 -0.656437 -0.640126 0.618005 0.035414 2 4 0.810803 1 0.189197
  4 0.974301 -5.100388 53.879917 -0.364534 -0.694522 -0.620286 0.619984 0.043503 2 4 0.810803 1 0.189197
white
  4 0.974301 -5.100388 53.879917 -0.364534 -0.694522 -0.620286 0.619984 0.043503 2 4 0.810803 1 0.189197
  4 1.134329 -5.145899 53.826801 -0.399160 -0.656437 -0.640126 0.618005 0.035414 2 4 0.810803 1 0.189197
  4 1.140798 -5.238161 53.935143 -0.414100 -0.757329 -0.504950 0.624284 0.034828 2 4 0.810803 1 0.189197
white
  4 0.785501 -4.996283 53.861759 -0.327231 -0.593241 -0.735517 0.617889 0.052906 2 4 0.810803 1 0.189197
  4 0.781746 -5.110211 54.012161 -0.348918 -0.800732 -0.486913 0.626458 0.052819 2 4 0.810803 1 0.189197
  4 0.477519 -4.870491 53.896671 -0.309784 -0.615644 -0.724580 0.618998 0.064625 2 4 0.810803 1 0.189197
white
  4 0.785501 -4.996283 53.861759 -0.327231 -0.593241 -0.735517 0.617889 0.052906 2 4 0.810803 1 0.189197
  4 0.974301 -5.100388 53.879917 -0.364534 -0.694522 -0.620286 0.619984 0.043503 2 4 0.810803 1 0.189197
  4 0.781746 -5.110211 54.012161 -0.348918 -0.800732 -0.486913 0.626458 0.052819 2 4 0.810803 1 0.189197
white
  4 0.781746 -5.110211 54.012161 -0.348918 -0.800732 -0.486913 0.626458 0.052819 2 4 0.810803 1 0.189197
  4 0.471418 -5.026710 54.100719 -0.303027 -0.810528 -0.501218 0.630534 0.064625 2 4 0.810803 1 0.189197
  4 0.477519 -4.870491 53.896671 -0.309784 -0.615644 -0.724580 0.618998 0.064625 2 4 0.810803 1 0.189197
white
  4 0.973990 -5.171304 53.974422 -0.388395 -0.775496 -0.497750 0.625338 0.043372 2 4 0.810803 1 0.189197
  4 0.974301 -5.100388 53.879917 -0.364534 -0.694522 -0.620286 0.619984 0.043503 2 4 0.810803 1 0.189197
  4 1.140798 -5.238161 53.935143 -0.414100 -0.757329 -0.504950 0.624284 0.034828 2 4 0.810803 1 0.189197
white
  4 0.974301 -5.100388 53.879917 -0.364534 -0.694522 -0.620286 0.619984 0.043503 2 4 0.810803 1 0.189197
  4 0.973990 -5.171304 53.974422 -0.388395 -0.775496 -0.497750 0.625338 0.043372 2 4 0.810803 1 0.189197
  4 0.781746 -5.110211 54.012161 -0.348918 -0.800732 -0.486913 0.626458 0.052819 2 4 0.810803 1 0.189197
white
  4 0.973990 -5.171304 53.974422 -0.388395 -0.775496 -0.497750 0.625338 0.043372 2 4 0.810803 1 0.189197
  4 1.140798 -5.238161 53.935143 -0.414100 -0.757329 -0.504950 0.624284 0.034828 2 4 0.810803 1 0.189197
  4 1.125769 -5.292600 54.048454 -0.433169 -0.847849 -0.305805 0.630111 0.035545 2 4 0.755720 71 0.244280
white
  4 0.960174 -5.214414 54.066555 -0.416590 -0.859985 -0.294752 0.630070 0.044035 2 4 0.810803 1 0.189197
  4 0.973990 -5.171304 53.974422 -0.388395 -0.775496 -0.497750 0.625338 0.043372 2 4 0.810803 1 0.189197
  4 1.125769 -5.292600 54.048454 -0.433169 -0.847849 -0.305805 0.630111 0.035545 2 4 0.755720 71 0.244280
white
  4 0.781746 -5.110211 54.012161 -0.348918 -0.800732 -0.486913 0.626458 0.052819 2 4 0.810803 1 0.189197
  4 0.973990 -5.171304 53.974422 -0.388395 -0.775496 -0.497750 0.625338 0.043372 2 4 0.810803 1 0.189197
  4 0.960174 -5.214414 54.066555 -0.416590 -0.859985 -0.294752 0.630070 0.044035 2 4 0.810803 1 0.189197
white
  4 0.960174 -5.214414 54.066555 -0.416590 -0.859985 -0.294752 0.630070 0.044035 2 4 0.810803 1 0.189197
  4 1.125769 -5.292600 54.048454 -0.433169 -0.847849 -0.305805 0.630111 0.035545 2 4 0.755720 71 0.244280
  4 1.095757 -5.290652 54.141876 -0.423147 -0.892210 0.157822 0.634308 0.037295 2 4 0.755720 71 0.244280
white
  4 0.938250 -5.219492 54.140965 -0.337069 -0.916196 0.216724 0.633733 0.045209 2 4 0.755720 71 0.244280
  4 0.960174 -5.214414 54.066555 -0.416590 -0.859985 -0.294752 0.630070 0.044035 2 4 0.810803 1 0.189197
  4 1.095757 -5.290652 54.141876 -0.423147 -0.892210 0.157822 0.634308 0.037295 2 4 0.755720 71 0.244280
white
  4 0.781746 -5.110211 54.012161 -0.348918 -0.800732 -0.486913 0.626458 0.052819 2 4 0.810803 1 0.189197
  4 0.960174 -5.214414 54.066555 -0.416590 -0.859985 -0.294752 0.630070 0.044035 2 4 0.810803 1 0.189197
  4 0.938250 -5.219492 54.140965 -0.337069 -0.916196 0.216724 0.633733 0.045209 2 4 0.755720 71 0.244280
white
  4 0.938250 -5.219492 54.140965 -0.337069 -0.916196 0.216724 0.633733 0.045209 2 4 0.755720 71 0.244280
  4 1.095757 -5.290652 54.141876 -0.423147 -0.892210 0.157822 0.634308 0.037295 2 4 0.755720 71 0.244280
  4 1.056266 -5.213781 54.183617 -0.189542 -0.534371 0.823724 0.635715 0.039839 2 4 0.755720 71 0.244280
white
  4 0.757055 -5.164562 54.143364 -0.267213 -0.956952 -0.113312 0.633345 0.054015 2 4 0.810803 1 0.189197
  4 0.781746 -5.110211 54.012161 -0.348918 -0.800732 -0.486913 0.626458 0.052819 2 4 0.810803 1 0.189197
  4 0.938250 -5.219492 54.140965 -0.337069 -0.916196 0.216724 0.633733 0.045209 2 4 0.755720 71 0.244280
white
  4 0.757055 -5.164562 54.143364 -0.267213 -0.956952 -0.113312 0.633345 0.054015 2 4 0.810803 1 0.189197
  4 0.471418 -5.026710 54.100719 -0.303027 -0.810528 -0.501218 0.630534 0.064625 2 4 0.810803 1 0.189197
  4 0.781746 -5.110211 54.012161 -0.348918 -0.800732 -0.486913 0.626458 0.052819 2 4 0.810803 1 0.189197
white
  4 0.916351 -5.181737 54.185066 -0.136829 -0.697539 0.703361 0.635777 0.046623 2 4 0.755720 71 0.244280
  4 0.938250 -5.219492 54.140965 -0.337069 -0.916196 0.216724 0.633733 0.045209 2 4 0.755720 71 0.244280
  4 1.056266 -5.213781 54.183617 -0.189542 -0.534371 0.823724 0.635715 0.039839 2 4 0.755720 71 0.244280
white
  4 0.757055 -5.164562 54.143364 -0.267213 -0.956952 -0.113312 0.633345 0.054015 2 4 0.810803 1 0.189197
  4 0.938250 -5.219492 54.140965 -0.337069 -0.916196 0.216724 0.633733 0.045209 2 4 0.755720 71 0.244280
  4 0.916351 -5.181737 54.185066 -0.136829 -0.697539 0.703361 0.635777 0.046623 2 4 0.755720 71 0.244280
white
  4 0.916351 -5.181737 54.185066 -0.136829 -0.697539 0.703361 0.635777 0.046623 2 4 0.755720 71 0.244280
  4 1.056266 -5.213781 54.183617 -0.189542 -0.534371 0.823724 0.635715 0.039839 2 4 0.755720 71 0.244280
  4 1.025844 -5.117861 54.217594 0.143118 -0.586275 0.797370 0.636867 0.042068 2 4 0.755720 71 0.244280
white
  4 0.757055 -5.164562 54.143364 -0.267213 -0.956952 -0.113312 0.633345 0.054015 2 4 0.810803 1 0.189197
  4 0.741400 -5.157623 54.231728 -0.033740 -0.974478 -0.221933 0.638411 0.054808 2 4 0.810803 1 0.189197
  4 0.471418 -5.026710 54.100719 -0.303027 -0.810528 -0.501218 0.630534 0.064625 2 4 0.810803 1 0.189197
white
  4 0.741400 -5.157623 54.231728 -0.033740 -0.974478 -0.221933 0.638411 0.054808 2 4 0.810803 1 0.189197
  4 0.466625 -5.151580 54.295219 -0.108325 -0.837843 -0.535056 0.642603 0.064625 2 4 0.810803 1 0.189197
  4 0.471418 -5.026710 54.100719 -0.303027 -0.810528 -0.501218 0.630534 0.064625 2 4 0.810803 1 0.189197
white
  4 0.757055 -5.164562 54.143364 -0.267213 -0.956952 -0.113312 0.633345 0.054015 2 4 0.810803 1 0.189197
  4 0.916351 -5.181737 54.185066 -0.136829 -0.697539 0.703361 0.635777 0.046623 2 4 0.755720 71 0.244280
  4 0.898867 -5.137371 54.223183 0.058653 -0.859307 0.508086 0.637671 0.047720 2 4 0.755720 71 0.244280
white
  4 0.898867 -5.137371 54.223183 0.058653 -0.859307 0.508086 0.637671 0.047720 2 4 0.755720 71 0.244280
  4 0.916351 -5.181737 54.185066 -0.136829 -0.697539 0.703361 0.635777 0.046623 2 4 0.755720 71 0.244280
  4 1.025844 -5.117861 54.217594 0.143118 -0.586275 0.797370 0.636867 0.042068 2 4 0.755720 71 0.244280
white
  4 0.741400 -5.157623 54.231728 -0.033740 -0.974478 -0.221933 0.638411 0.054808 2 4 0.810803 1 0.189197
  4 0.757055 -5.164562 54.143364 -0.267213 -0.956952 -0.113312 0.633345 0.054015 2 4 0.810803 1 0.189197
  4 0.898867 -5.137371 54.223183 0.058653 -0.859307 0.508086 0.637671 0.047720 2 4 0.755720 71 0.244280
white
  4 0.901518 -5.117374 54.277939 0.355077 -0.933087 0.057176 0.640883 0.047927 2 4 0.755720 71 0.244280
  4 0.898867 -5.137371 54.223183 0.058653 -0.859307 0.508086 0.637671 0.047720 2 4 0.755720 71 0.244280
  4 1.025844 -5.117861 54.217594 0.143118 -0.586275 0.797370 0.636867 0.042068 2 4 0.755720 71 0.244280
white
  4 0.741400 -5.157623 54.231728 -0.033740 -0.974478 -0.221933 0.638411 0.054808 2 4 0.810803 1 0.189197
  4 0.898867 -5.137371 54.223183 0.058653 -0.859307 0.508086 0.637671 0.047720 2 4 0.755720 71 0.244280
  4 0.901518 -5.117374 54.277939 0.355077 -0.933087 0.057176 0.640883 0.047927 2 4 0.755720 71 0.244280
white
  4 1.023145 -5.048328 54.278465 0.535632 -0.771887 0.342475 0.640286 0.042916 2 4 0.755720 71 0.244280
  4 0.901518 -5.117374 54.277939 0.355077 -0.933087 0.057176 0.640883 0.047927 2 4 0.755720 71 0.244280
  4 1.025844 -5.117861 54.217594 0.143118 -0.586275 0.797370 0.636867 0.042068 2 4 0.755720 71 0.244280
white
  4 0.759002 -5.209182 54.341610 0.079902 -0.785536 -0.613636 0.644741 0.053928 2 4 0.755720 71 0.244280
  4 0.466625 -5.151580 54.295219 -0.108325 -0.837843 -0.535056 0.642603 0.064625 2 4 0.810803 1 0.189197
  4 0.741400 -5.157623 54.231728 -0.033740 -0.974478 -0.221933 0.638411 0.054808 2 4 0.810803 1 0.189197
white
  4 0.759002 -5.209182 54.341610 0.079902 -0.785536 -0.613636 0.644741 0.053928 2 4 0.755720 71 0.244280
  4 0.741400 -5.157623 54.231728 -0.033740 -0.974478 -0.221933 0.638411 0.054808 2 4 0.810803 1 0.189197
  4 0.901518 -5.117374 54.277939 0.355077 -0.933087 0.057176 0.640883 0.047927 2 4 0.755720 71 0.244280
white
  4 0.467624 -5.297415 54.504440 -0.201648 -0.822504 -0.531813 0.653187 0.064625 2 4 0.755720 71 0.244280
  4 0.466625 -5.151580 54.295219 -0.108325 -0.837843 -0.535056 0.642603 0.064625 2 4 0.810803 1 0.189197
  4 0.759002 -5.209182 54.341610 0.079902 -0.785536 -0.613636 0.644741 0.053928 2 4 0.755720 71 0.244280
white
  4 0.915751 -5.124327 54.334618 0.392301 -0.703512 -0.592596 0.644027 0.047460 2 4 0.755720 71 0.244280
  4 0.901518 -5.117374 54.277939 0.355077 -0.933087 0.057176 0.640883 0.047927 2 4 0.755720 71 0.244280
  4 1.023145 -5.048328 54.278465 0.535632 -0.771887 0.342475 0.640286 0.042916 2 4 0.755720 71 0.244280
white
  4 0.915751 -5.124327 54.334618 0.392301 -0.703512 -0.592596 0.644027 0.047460 2 4 0.755720 71 0.244280
  4 0.759002 -5.209182 54.341610 0.079902 -0.785536 -0.613636 0.644741 0.053928 2 4 0.755720 71 0.244280
  4 0.901518 -5.117374 54.277939 0.355077 -0.933087 0.057176 0.640883 0.047927 2 4 0.755720 71 0.244280
white
  4 1.036170 -5.025685 54.337864 0.525242 -0.622186 -0.580522 0.643681 0.042578 2 4 0.755720 71 0.244280
  4 0.915751 -5.124327 54.334618 0.392301 -0.703512 -0.592596 0.644027 0.047460 2 4 0.755720 71 0.244280
  4 1.023145 -5.048328 54.278465 0.535632 -0.771887 0.342475 0.640286 0.042916 2 4 0.755720 71 0.244280
white
  4 0.915751 -5.124327 54.334618 0.392301 -0.703512 -0.592596 0.644027 0.047460 2 4 0.755720 71 0.244280
  4 1.036170 -5.025685 54.337864 0.525242 -0.622186 -0.580522 0.643681 0.042578 2 4 0.755720 71 0.244280
  4 1.055282 -5.081280 54.350075 0.055805 -0.120268 -0.991172 0.644763 0.041252 2 4 0.755720 71 0.244280
white
  4 0.929535 -5.171494 54.363121 0.049977 -0.356143 -0.933094 0.645715 0.046503 2 4 0.755720 71 0.244280
  4 0.915751 -5.124327 54.334618 0.392301 -0.703512 -0.592596 0.644027 0.047460 2 4 0.755720 71 0.244280
  4 1.055282 -5.081280 54.350075 0.055805 -0.120268 -0.991172 0.644763 0.041252 2 4 0.755720 71 0.244280
white
  4 0.759002 -5.209182 54.341610 0.079902 -0.785536 -0.613636 0.644741 0.053928 2 4 0.755720 71 0.244280
  4 0.915751 -5.124327 54.334618 0.392301 -0.703512 -0.592596 0.644027 0.047460 2 4 0.755720 71 0.244280
  4 0.929535 -5.171494 54.363121 0.049977 -0.356143 -0.933094 0.645715 0.046503 2 4 0.755720 71 0.244280
white
  4 0.929535 -5.171494 54.363121 0.049977 -0.356143 -0.933094 0.645715 0.046503 2 4 0.755720 71 0.244280
  4 1.055282 -5.081280 54.350075 0.055805 -0.120268 -0.991172 0.644763 0.041252 2 4 0.755720 71 0.244280
  4 1.079982 -5.182514 54.342548 -0.211918 -0.094194 -0.972737 0.644890 0.039404 2 4 0.755720 71 0.244280
white
  4 0.759002 -5.209182 54.341610 0.079902 -0.785536 -0.613636 0.644741 0.053928 2 4 0.755720 71 0.244280
  4 0.929535 -5.171494 54.363121 0.049977 -0.356143 -0.933094 0.645715 0.046503 2 4 0.755720 71 0.244280
  4 0.787395 -5.295084 54.417404 -0.109272 -0.610849 -0.784170 0.648911 0.052460 2 4 0.755720 71 0.244280
white
  4 0.787395 -5.295084 54.417404 -0.109272 -0.610849 -0.784170 0.648911 0.052460 2 4 0.755720 71 0.244280
  4 0.467624 -5.297415 54.504440 -0.201648 -0.822504 -0.531813 0.653187 0.064625 2 4 0.755720 71 0.244280
  4 0.759002 -5.209182 54.341610 0.079902 -0.785536 -0.613636 0.644741 0.053928 2 4 0.755720 71 0.244280
white
  4 0.949705 -5.240633 54.378845 -0.139919 -0.270718 -0.952436 0.646845 0.045198 2 4 0.755720 71 0.244280
  4 0.929535 -5.171494 54.363121 0.049977 -0.356143 -0.933094 0.645715 0.046503 2 4 0.755720 71 0.244280
  4 1.079982 -5.182514 54.342548 -0.211918 -0.094194 -0.972737 0.644890 0.039404 2 4 0.755720 71 0.244280
white
  4 0.929535 -5.171494 54.363121 0.049977 -0.356143 -0.933094 0.645715 0.046503 2 4 0.755720 71 0.244280
  4 0.949705 -5.240633 54.378845 -0.139919 -0.270718 -0.952436 0.646845 0.045198 2 4 0.755720 71 0.244280
  4 0.787395 -5.295084 54.417404 -0.109272 -0.610849 -0.784170 0.648911 0.052460 2 4 0.755720 71 0.244280
white
  4 0.949705 -5.240633 54.378845 -0.139919 -0.270718 -0.952436 0.646845 0.045198 2 4 0.755720 71 0.244280
  4 1.079982 -5.182514 54.342548 -0.211918 -0.094194 -0.972737 0.644890 0.039404 2 4 0.755720 71 0.244280
  4 0.972415 -5.321558 54.399578 -0.220106 -0.416831 -0.881933 0.648311 0.043676 2 4 0.755720 71 0.244280
white
  4 0.787395 -5.295084 54.417404 -0.109272 -0.610849 -0.784170 0.648911 0.052460 2 4 0.755720 71 0.244280
  4 0.949705 -5.240633 54.378845 -0.139919 -0.270718 -0.952436 0.646845 0.045198 2 4 0.755720 71 0.244280
  4 0.972415 -5.321558 54.399578 -0.220106 -0.416831 -0.881933 0.648311 0.043676 2 4 0.755720 71 0.244280
white
  4 1.079982 -5.182514 54.342548 -0.211918 -0.094194 -0.972737 0.644890 0.039404 2 4 0.755720 71 0.244280
  4 1.106265 -5.288560 54.341774 -0.372185 -0.241522 -0.896184 0.645429 0.037502 2 4 0.755720 71 0.244280
  4 0.972415 -5.321558 54.399578 -0.220106 -0.416831 -0.881933 0.648311 0.043676 2 4 0.755720 71 0.244280
white
  4 0.823849 -5.407423 54.506271 -0.239226 -0.764153 -0.599033 0.653472 0.050297 2 4 0.755720 71 0.244280
  4 0.467624 -5.297415 54.504440 -0.201648 -0.822504 -0.531813 0.653187 0.064625 2 4 0.755720 71 0.244280
  4 0.787395 -5.295084 54.417404 -0.109272 -0.610849 -0.784170 0.648911 0.052460 2 4 0.755720 71 0.244280
white
  4 0.823849 -5.407423 54.506271 -0.239226 -0.764153 -0.599033 0.653472 0.050297 2 4 0.755720 71 0.244280
  4 0.787395 -5.295084 54.417404 -0.109272 -0.610849 -0.784170 0.648911 0.052460 2 4 0.755720 71 0.244280
  4 0.972415 -5.321558 54.399578 -0.220106 -0.416831 -0.881933 0.648311 0.043676 2 4 0.755720 71 0.244280
white
  4 0.972415 -5.321558 54.399578 -0.220106 -0.416831 -0.881933 0.648311 0.043676 2 4 0.755720 71 0.244280
  4 1.106265 -5.288560 54.341774 -0.372185 -0.241522 -0.896184 0.645429 0.037502 2 4 0.755720 71 0.244280
  4 0.996342 -5.406178 54.444698 -0.294421 -0.621443 -0.726034 0.650789 0.042329 2 4 0.755720 71 0.244280
white
  4 0.972415 -5.321558 54.399578 -0.220106 -0.416831 -0.881933 0.648311 0.043676 2 4 0.755720 71 0.244280
  4 0.996342 -5.406178 54.444698 -0.294421 -0.621443 -0.726034 0.650789 0.042329 2 4 0.755720 71 0.244280
  4 0.823849 -5.407423 54.506271 -0.239226 -0.764153 -0.599033 0.653472 0.050297 2 4 0.755720 71 0.244280
white
  4 1.106265 -5.288560 54.341774 -0.372185 -0.241522 -0.896184 0.645429 0.037502 2 4 0.755720 71 0.244280
  4 1.128799 -5.396262 54.373627 -0.378563 -0.504654 -0.775896 0.647599 0.035838 2 4 0.755720 71 0.244280
  4 0.996342 -5.406178 54.444698 -0.294421 -0.621443 -0.726034 0.650789 0.042329 2 4 0.755720 71 0.244280
white
  4 0.996342 -5.406178 54.444698 -0.294421 -0.621443 -0.726034 0.650789 0.042329 2 4 0.755720 71 0.244280
  4 1.128799 -5.396262 54.373627 -0.378563 -0.504654 -0.775896 0.647599 0.035838 2 4 0.755720 71 0.244280
  4 1.142374 -5.498236 54.474152 -0.316221 -0.774842 -0.547379 0.652624 0.034740 2 4 0.755720 71 0.244280
white
  4 1.003466 -5.479351 54.533920 -0.292669 -0.819506 -0.492702 0.654957 0.041535 2 4 0.755720 71 0.244280
  4 0.996342 -5.406178 54.444698 -0.294421 -0.621443 -0.726034 0.650789 0.042329 2 4 0.755720 71 0.244280
  4 1.142374 -5.498236 54.474152 -0.316221 -0.774842 -0.547379 0.652624 0.034740 2 4 0.755720 71 0.244280
white
  4 0.823849 -5.407423 54.506271 -0.239226 -0.764153 -0.599033 0.653472 0.050297 2 4 0.755720 71 0.244280
  4 0.996342 -5.406178 54.444698 -0.294421 -0.621443 -0.726034 0.650789 0.042329 2 4 0.755720 71 0.244280
  4 1.003466 -5.479351 54.533920 -0.292669 -0.819506 -0.492702 0.654957 0.041535 2 4 0.755720 71 0.244280
white
  4 1.003466 -5.479351 54.533920 -0.292669 -0.819506 -0.492702 0.654957 0.041535 2 4 0.755720 71 0.244280
  4 1.142374 -5.498236 54.474152 -0.316221 -0.774842 -0.547379 0.652624 0.034740 2 4 0.755720 71 0.244280
  4 1.145567 -5.566616 54.603603 -0.313043 -0.893469 -0.322052 0.658433 0.034371 2 4 0.755720 71 0.244280
white
  4 0.823849 -5.407423 54.506271 -0.239226 -0.764153 -0.599033 0.653472 0.050297 2 4 0.755720 71 0.244280
  4 0.828190 -5.483408 54.655609 -0.264323 -0.946906 -0.183037 0.660392 0.049786 2 4 0.755720 71 0.244280
  4 0.467624 -5.297415 54.504440 -0.201648 -0.822504 -0.531813 0.653187 0.064625 2 4 0.755720 71 0.244280
white
  4 0.823849 -5.407423 54.506271 -0.239226 -0.764153 -0.599033 0.653472 0.050297 2 4 0.755720 71 0.244280
  4 1.003466 -5.479351 54.533920 -0.292669 -0.819506 -0.492702 0.654957 0.041535 2 4 0.755720 71 0.244280
  4 0.828190 -5.483408 54.655609 -0.264323 -0.946906 -0.183037 0.660392 0.049786 2 4 0.755720 71 0.244280
white
  4 0.828190 -5.483408 54.655609 -0.264323 -0.946906 -0.183037 0.660392 0.049786 2 4 0.755720 71 0.244280
  4 0.465303 -5.381958 54.707352 -0.197734 -0.963087 -0.182660 0.663063 0.064625 2 4 0.755720 71 0.244280
  4 0.467624 -5.297415 54.504440 -0.201648 -0.822504 -0.531813 0.653187 0.064625 2 4 0.755720 71 0.244280
white
  4 1.007048 -5.527150 54.632942 -0.296324 -0.911663 -0.284715 0.659468 0.041328 2 4 0.755720 71 0.244280
  4 1.003466 -5.479351 54.533920 -0.292669 -0.819506 -0.492702 0.654957 0.041535 2 4 0.755720 71 0.244280
  4 1.145567 -5.566616 54.603603 -0.313043 -0.893469 -0.322052 0.658433 0.034371 2 4 0.755720 71 0.244280
white
  4 1.003466 -5.479351 54.533920 -0.292669 -0.819506 -0.492702 0.654957 0.041535 2 4 0.755720 71 0.244280
  4 1.007048 -5.527150 54.632942 -0.296324 -0.911663 -0.284715 0.659468 0.041328 2 4 0.755720 71 0.244280
  4 0.828190 -5.483408 54.655609 -0.264323 -0.946906 -0.183037 0.660392 0.049786 2 4 0.755720 71 0.244280
white
  4 1.007048 -5.527150 54.632942 -0.296324 -0.911663 -0.284715 0.659468 0.041328 2 4 0.755720 71 0.244280
  4 1.145567 -5.566616 54.603603 -0.313043 -0.893469 -0.322052 0.658433 0.034371 2 4 0.755720 71 0.244280
  4 1.137088 -5.583730 54.698555 -0.315986 -0.943869 0.096245 0.662948 0.034871 2 4 0.755720 71 0.244280
white
  4 1.000636 -5.536457 54.701473 -0.313357 -0.933666 0.173423 0.662971 0.041720 2 4 0.755720 71 0.244280
  4 1.007048 -5.527150 54.632942 -0.296324 -0.911663 -0.284715 0.659468 0.041328 2 4 0.755720 71 0.244280
  4 1.137088 -5.583730 54.698555 -0.315986 -0.943869 0.096245 0.662948 0.034871 2 4 0.755720 71 0.244280
white
  4 0.828190 -5.483408 54.655609 -0.264323 -0.946906 -0.183037 0.660392 0.049786 2 4 0.755720 71 0.244280
  4 1.007048 -5.527150 54.632942 -0.296324 -0.911663 -0.284715 0.659468 0.041328 2 4 0.755720 71 0.244280
  4 1.000636 -5.536457 54.701473 -0.313357 -0.933666 0.173423 0.662971 0.041720 2 4 0.755720 71 0.244280
white
  4 1.000636 -5.536457 54.701473 -0.313357 -0.933666 0.173423 0.662971 0.041720 2 4 0.755720 71 0.244280
  4 1.137088 -5.583730 54.698555 -0.315986 -0.943869 0.096245 0.662948 0.034871 2 4 0.755720 71 0.244280
  4 1.116224 -5.536687 54.767372 -0.249893 -0.718977 0.648556 0.666525 0.036360 2 4 0.755720 71 0.244280
white
  4 0.981990 -5.501957 54.756447 -0.214646 -0.744332 0.632374 0.665912 0.042839 2 4 0.755720 71 0.244280
  4 1.000636 -5.536457 54.701473 -0.313357 -0.933666 0.173423 0.662971 0.041720 2 4 0.755720 71 0.244280
  4 1.116224 -5.536687 54.767372 -0.249893 -0.718977 0.648556 0.666525 0.036360 2 4 0.755720 71 0.244280
white
  4 0.828190 -5.483408 54.655609 -0.264323 -0.946906 -0.183037 0.660392 0.049786 2 4 0.755720 71 0.244280
  4 1.000636 -5.536457 54.701473 -0.313357 -0.933666 0.173423 0.662971 0.041720 2 4 0.755720 71 0.244280
  4 0.981990 -5.501957 54.756447 -0.214646 -0.744332 0.632374 0.665912 0.042839 2 4 0.755720 71 0.244280
white
  4 0.981990 -5.501957 54.756447 -0.214646 -0.744332 0.632374 0.665912 0.042839 2 4 0.755720 71 0.244280
  4 1.116224 -5.536687 54.767372 -0.249893 -0.718977 0.648556 0.666525 0.036360 2 4 0.755720 71 0.244280
  4 1.081026 -5.411169 54.824383 -0.096917 -0.458135 0.883584 0.669524 0.038969 2 4 0.755720 71 0.244280
white
  4 0.811509 -5.475500 54.749069 -0.171647 -0.922263 0.346364 0.665383 0.050819 2 4 0.755720 71 0.244280
  4 0.828190 -5.483408 54.655609 -0.264323 -0.946906 -0.183037 0.660392 0.049786 2 4 0.755720 71 0.244280
  4 0.981990 -5.501957 54.756447 -0.214646 -0.744332 0.632374 0.665912 0.042839 2 4 0.755720 71 0.244280
white
  4 0.811509 -5.475500 54.749069 -0.171647 -0.922263 0.346364 0.665383 0.050819 2 4 0.755720 71 0.244280
  4 0.465303 -5.381958 54.707352 -0.197734 -0.963087 -0.182660 0.663063 0.064625 2 4 0.755720 71 0.244280
  4 0.828190 -5.483408 54.655609 -0.264323 -0.946906 -0.183037 0.660392 0.049786 2 4 0.755720 71 0.244280
white
  4 0.951887 -5.420942 54.811256 0.001873 -0.575452 0.817833 0.668736 0.044807 2 4 0.755720 71 0.244280
  4 0.981990 -5.501957 54.756447 -0.214646 -0.744332 0.632374 0.665912 0.042839 2 4 0.755720 71 0.244280
  4 1.081026 -5.411169 54.824383 -0.096917 -0.458135 0.883584 0.669524 0.038969 2 4 0.755720 71 0.244280
white
  4 0.811509 -5.475500 54.749069 -0.171647 -0.922263 0.346364 0.665383 0.050819 2 4 0.755720 71 0.244280
  4 0.981990 -5.501957 54.756447 -0.214646 -0.744332 0.632374 0.665912 0.042839 2 4 0.755720 71 0.244280
  4 0.951887 -5.420942 54.811256 0.001873 -0.575452 0.817833 0.668736 0.044807 2 4 0.755720 71 0.244280
white
  4 0.951887 -5.420942 54.811256 0.001873 -0.575452 0.817833 0.668736 0.044807 2 4 0.755720 71 0.244280
  4 1.081026 -5.411169 54.824383 -0.096917 -0.458135 0.883584 0.669524 0.038969 2 4 0.755720 71 0.244280
  4 1.047726 -5.291062 54.874966 0.261689 -0.689842 0.675009 0.672524 0.041350 2 4 0.755720 71 0.244280
white
  4 0.811509 -5.475500 54.749069 -0.171647 -0.922263 0.346364 0.665383 0.050819 2 4 0.755720 71 0.244280
  4 0.768235 -5.404119 54.845627 0.062846 -0.974561 0.215130 0.670850 0.053330 2 4 0.755720 71 0.244280
  4 0.465303 -5.381958 54.707352 -0.197734 -0.963087 -0.182660 0.663063 0.064625 2 4 0.755720 71 0.244280
white
  4 0.811509 -5.475500 54.749069 -0.171647 -0.922263 0.346364 0.665383 0.050819 2 4 0.755720 71 0.244280
  4 0.951887 -5.420942 54.811256 0.001873 -0.575452 0.817833 0.668736 0.044807 2 4 0.755720 71 0.244280
  4 0.768235 -5.404119 54.845627 0.062846 -0.974561 0.215130 0.670850 0.053330 2 4 0.755720 71 0.244280
white
  4 0.768235 -5.404119 54.845627 0.062846 -0.974561 0.215130 0.670850 0.053330 2 4 0.755720 71 0.244280
  4 0.461238 -5.410231 54.876232 0.006758 -0.973473 -0.228704 0.672698 0.064625 2 4 0.755720 71 0.244280
  4 0.465303 -5.381958 54.707352 -0.197734 -0.963087 -0.182660 0.663063 0.064625 2 4 0.755720 71 0.244280
white
  4 0.926150 -5.348328 54.862789 0.257965 -0.772389 0.580404 0.671749 0.046601 2 4 0.755720 71 0.244280
  4 0.951887 -5.420942 54.811256 0.001873 -0.575452 0.817833 0.668736 0.044807 2 4 0.755720 71 0.244280
  4 1.047726 -5.291062 54.874966 0.261689 -0.689842 0.675009 0.672524 0.041350 2 4 0.755720 71 0.244280
white
  4 0.951887 -5.420942 54.811256 0.001873 -0.575452 0.817833 0.668736 0.044807 2 4 0.755720 71 0.244280
  4 0.926150 -5.348328 54.862789 0.257965 -0.772389 0.580404 0.671749 0.046601 2 4 0.755720 71 0.244280
  4 0.768235 -5.404119 54.845627 0.062846 -0.974561 0.215130 0.670850 0.053330 2 4 0.755720 71 0.244280
white
  4 0.926150 -5.348328 54.862789 0.257965 -0.772389 0.580404 0.671749 0.046601 2 4 0.755720 71 0.244280
  4 1.047726 -5.291062 54.874966 0.261689 -0.689842 0.675009 0.672524 0.041350 2 4 0.755720 71 0.244280
  4 0.915652 -5.337012 54.919708 0.448739 -0.892122 -0.052451 0.675266 0.047220 2 4 0.755720 71 0.244280
white
  4 0.768235 -5.404119 54.845627 0.062846 -0.974561 0.215130 0.670850 0.053330 2 4 0.755720 71 0.244280
  4 0.926150 -5.348328 54.862789 0.257965 -0.772389 0.580404 0.671749 0.046601 2 4 0.755720 71 0.244280
  4 0.915652 -5.337012 54.919708 0.448739 -0.892122 -0.052451 0.675266 0.047220 2 4 0.755720 71 0.244280
white
  4 1.047726 -5.291062 54.874966 0.261689 -0.689842 0.675009 0.672524 0.041350 2 4 0.755720 71 0.244280
  4 1.036228 -5.261332 54.933296 0.518200 -0.854988 0.021537 0.676117 0.042176 2 4 0.755720 71 0.244280
  4 0.915652 -5.337012 54.919708 0.448739 -0.892122 -0.052451 0.675266 0.047220 2 4 0.755720 71 0.244280
white
  4 0.759058 -5.430607 54.955532 0.208287 -0.910967 -0.356027 0.677238 0.053765 2 4 0.755720 71 0.244280
  4 0.461238 -5.410231 54.876232 0.006758 -0.973473 -0.228704 0.672698 0.064625 2 4 0.755720 71 0.244280
  4 0.768235 -5.404119 54.845627 0.062846 -0.974561 0.215130 0.670850 0.053330 2 4 0.755720 71 0.244280
white
  4 0.759058 -5.430607 54.955532 0.208287 -0.910967 -0.356027 0.677238 0.053765 2 4 0.755720 71 0.244280
  4 0.768235 -5.404119 54.845627 0.062846 -0.974561 0.215130 0.670850 0.053330 2 4 0.755720 71 0.244280
  4 0.915652 -5.337012 54.919708 0.448739 -0.892122 -0.052451 0.675266 0.047220 2 4 0.755720 71 0.244280
white
  4 0.463260 -5.457736 55.028915 0.015202 -0.945651 -0.324829 0.680972 0.064625 2 4 0.755720 71 0.244280
  4 0.461238 -5.410231 54.876232 0.006758 -0.973473 -0.228704 0.672698 0.064625 2 4 0.755720 71 0.244280
  4 0.759058 -5.430607 54.955532 0.208287 -0.910967 -0.356027 0.677238 0.053765 2 4 0.755720 71 0.244280
white
  4 0.915652 -5.337012 54.919708 0.448739 -0.892122 -0.052451 0.675266 0.047220 2 4 0.755720 71 0.244280
  4 1.036228 -5.261332 54.933296 0.518200 -0.854988 0.021537 0.676117 0.042176 2 4 0.755720 71 0.244280
  4 0.918249 -5.359519 54.974365 0.426881 -0.745767 -0.511472 0.678417 0.047079 2 4 0.755720 71 0.244280
white
  4 0.915652 -5.337012 54.919708 0.448739 -0.892122 -0.052451 0.675266 0.047220 2 4 0.755720 71 0.244280
  4 0.918249 -5.359519 54.974365 0.426881 -0.745767 -0.511472 0.678417 0.047079 2 4 0.755720 71 0.244280
  4 0.759058 -5.430607 54.955532 0.208287 -0.910967 -0.356027 0.677238 0.053765 2 4 0.755720 71 0.244280
white
  4 1.036228 -5.261332 54.933296 0.518200 -0.854988 0.021537 0.676117 0.042176 2 4 0.755720 71 0.244280
  4 1.042549 -5.287680 54.988728 0.425147 -0.669472 -0.609144 0.679413 0.041850 2 4 0.755720 71 0.244280
  4 0.918249 -5.359519 54.974365 0.426881 -0.745767 -0.511472 0.678417 0.047079 2 4 0.755720 71 0.244280
white
  4 0.759058 -5.430607 54.955532 0.208287 -0.910967 -0.356027 0.677238 0.053765 2 4 0.755720 71 0.244280
  4 0.918249 -5.359519 54.974365 0.426881 -0.745767 -0.511472 0.678417 0.047079 2 4 0.755720 71 0.244280
  4 0.766686 -5.461648 55.013779 0.147060 -0.869117 -0.472238 0.680360 0.053515 2 4 0.755720 71 0.244280
white
  4 0.766686 -5.461648 55.013779 0.147060 -0.869117 -0.472238 0.680360 0.053515 2 4 0.755720 71 0.244280
  4 0.463260 -5.457736 55.028915 0.015202 -0.945651 -0.324829 0.680972 0.064625 2 4 0.755720 71 0.244280
  4 0.759058 -5.430607 54.955532 0.208287 -0.910967 -0.356027 0.677238 0.053765 2 4 0.755720 71 0.244280
white
  4 0.918249 -5.359519 54.974365 0.426881 -0.745767 -0.511472 0.678417 0.047079 2 4 0.755720 71 0.244280
  4 1.042549 -5.287680 54.988728 0.425147 -0.669472 -0.609144 0.679413 0.041850 2 4 0.755720 71 0.244280
  4 0.927721 -5.389081 55.008949 0.313725 -0.602761 -0.733659 0.680323 0.046590 2 4 0.755720 71 0.244280
white
  4 0.918249 -5.359519 54.974365 0.426881 -0.745767 -0.511472 0.678417 0.047079 2 4 0.755720 71 0.244280
  4 0.927721 -5.389081 55.008949 0.313725 -0.602761 -0.733659 0.680323 0.046590 2 4 0.755720 71 0.244280
  4 0.766686 -5.461648 55.013779 0.147060 -0.869117 -0.472238 0.680360 0.053515 2 4 0.755720 71 0.244280
white
  4 1.042549 -5.287680 54.988728 0.425147 -0.669472 -0.609144 0.679413 0.041850 2 4 0.755720 71 0.244280
  4 1.061409 -5.336452 55.026474 0.266979 -0.463398 -0.844976 0.681519 0.040774 2 4 0.755720 71 0.244280
  4 0.927721 -5.389081 55.008949 0.313725 -0.602761 -0.733659 0.680323 0.046590 2 4 0.755720 71 0.244280
white
  4 0.927721 -5.389081 55.008949 0.313725 -0.602761 -0.733659 0.680323 0.046590 2 4 0.755720 71 0.244280
  4 1.061409 -5.336452 55.026474 0.266979 -0.463398 -0.844976 0.681519 0.040774 2 4 0.755720 71 0.244280
  4 0.936039 -5.419762 55.033581 0.232246 -0.621749 -0.747991 0.681605 0.046025 2 4 0.755720 71 0.244280
white
  4 0.927721 -5.389081 55.008949 0.313725 -0.602761 -0.733659 0.680323 0.046590 2 4 0.755720 71 0.244280
  4 0.936039 -5.419762 55.033581 0.232246 -0.621749 -0.747991 0.681605 0.046025 2 4 0.755720 71 0.244280
  4 0.766686 -5.461648 55.013779 0.147060 -0.869117 -0.472238 0.680360 0.053515 2 4 0.755720 71 0.244280
white
  4 1.061409 -5.336452 55.026474 0.266979 -0.463398 -0.844976 0.681519 0.040774 2 4 0.755720 71 0.244280
  4 1.081123 -5.387342 55.053753 0.208368 -0.487181 -0.848078 0.682956 0.039622 2 4 0.755720 71 0.244280
  4 0.936039 -5.419762 55.033581 0.232246 -0.621749 -0.747991 0.681605 0.046025 2 4 0.755720 71 0.244280
white
  4 0.772719 -5.487086 55.070084 0.061919 -0.966322 -0.249776 0.683544 0.053265 2 4 0.755720 71 0.244280
  4 0.463260 -5.457736 55.028915 0.015202 -0.945651 -0.324829 0.680972 0.064625 2 4 0.755720 71 0.244280
  4 0.766686 -5.461648 55.013779 0.147060 -0.869117 -0.472238 0.680360 0.053515 2 4 0.755720 71 0.244280
white
  4 0.766686 -5.461648 55.013779 0.147060 -0.869117 -0.472238 0.680360 0.053515 2 4 0.755720 71 0.244280
  4 0.936039 -5.419762 55.033581 0.232246 -0.621749 -0.747991 0.681605 0.046025 2 4 0.755720 71 0.244280
  4 0.772719 -5.487086 55.070084 0.061919 -0.966322 -0.249776 0.683544 0.053265 2 4 0.755720 71 0.244280
white
  4 0.936039 -5.419762 55.033581 0.232246 -0.621749 -0.747991 0.681605 0.046025 2 4 0.755720 71 0.244280
  4 1.081123 -5.387342 55.053753 0.208368 -0.487181 -0.848078 0.682956 0.039622 2 4 0.755720 71 0.244280
  4 0.943810 -5.443108 55.057678 0.190463 -0.750665 -0.632634 0.682900 0.045666 2 4 0.755720 71 0.244280
white
  4 0.936039 -5.419762 55.033581 0.232246 -0.621749 -0.747991 0.681605 0.046025 2 4 0.755720 71 0.244280
  4 0.943810 -5.443108 55.057678 0.190463 -0.750665 -0.632634 0.682900 0.045666 2 4 0.755720 71 0.244280
  4 0.772719 -5.487086 55.070084 0.061919 -0.966322 -0.249776 0.683544 0.053265 2 4 0.755720 71 0.244280
white
  4 1.081123 -5.387342 55.053753 0.208368 -0.487181 -0.848078 0.682956 0.039622 2 4 0.755720 71 0.244280
  4 1.090353 -5.418815 55.076759 0.193933 -0.678416 -0.708619 0.684192 0.039056 2 4 0.755720 71 0.244280
  4 0.943810 -5.443108 55.057678 0.190463 -0.750665 -0.632634 0.682900 0.045666 2 4 0.755720 71 0.244280
white
  4 0.943810 -5.443108 55.057678 0.190463 -0.750665 -0.632634 0.682900 0.045666 2 4 0.755720 71 0.244280
  4 1.090353 -5.418815 55.076759 0.193933 -0.678416 -0.708619 0.684192 0.039056 2 4 0.755720 71 0.244280
  4 0.945152 -5.461715 55.088158 0.169217 -0.891476 -0.420281 0.684613 0.045590 2 4 0.755720 71 0.244280
white
  4 0.943810 -5.443108 55.057678 0.190463 -0.750665 -0.632634 0.682900 0.045666 2 4 0.755720 71 0.244280
  4 0.945152 -5.461715 55.088158 0.169217 -0.891476 -0.420281 0.684613 0.045590 2 4 0.755720 71 0.244280
  4 0.772719 -5.487086 55.070084 0.061919 -0.966322 -0.249776 0.683544 0.053265 2 4 0.755720 71 0.244280
white
  4 1.090353 -5.418815 55.076759 0.193933 -0.678416 -0.708619 0.684192 0.039056 2 4 0.755720 71 0.244280
  4 1.088080 -5.441833 55.105915 0.180844 -0.832543 -0.523610 0.685802 0.039089 2 4 0.755720 71 0.244280
  4 0.945152 -5.461715 55.088158 0.169217 -0.891476 -0.420281 0.684613 0.045590 2 4 0.755720 71 0.244280
white
  4 0.945152 -5.461715 55.088158 0.169217 -0.891476 -0.420281 0.684613 0.045590 2 4 0.755720 71 0.244280
  4 1.088080 -5.441833 55.105915 0.180844 -0.832543 -0.523610 0.685802 0.039089 2 4 0.755720 71 0.244280
  4 1.073075 -5.466878 55.152084 0.142691 -0.922326 -0.359102 0.688368 0.039730 2 4 0.755720 71 0.244280
white
  4 0.935445 -5.476637 55.131821 0.085736 -0.978875 -0.185615 0.687105 0.045927 2 4 0.755720 71 0.244280
  4 0.945152 -5.461715 55.088158 0.169217 -0.891476 -0.420281 0.684613 0.045590 2 4 0.755720 71 0.244280
  4 1.073075 -5.466878 55.152084 0.142691 -0.922326 -0.359102 0.688368 0.039730 2 4 0.755720 71 0.244280
white
  4 0.935445 -5.476637 55.131821 0.085736 -0.978875 -0.185615 0.687105 0.045927 2 4 0.755720 71 0.244280
  4 0.772719 -5.487086 55.070084 0.061919 -0.966322 -0.249776 0.683544 0.053265 2 4 0.755720 71 0.244280
  4 0.945152 -5.461715 55.088158 0.169217 -0.891476 -0.420281 0.684613 0.045590 2 4 0.755720 71 0.244280
white
  4 0.935445 -5.476637 55.131821 0.085736 -0.978875 -0.185615 0.687105 0.045927 2 4 0.755720 71 0.244280
  4 1.073075 -5.466878 55.152084 0.142691 -0.922326 -0.359102 0.688368 0.039730 2 4 0.755720 71 0.244280
  4 1.047306 -5.484501 55.198887 0.043909 -0.985182 -0.165797 0.690978 0.040926 2 4 0.755720 71 0.244280
white
  4 0.772719 -5.487086 55.070084 0.061919 -0.966322 -0.249776 0.683544 0.053265 2 4 0.755720 71 0.244280
  4 0.758922 -5.489472 55.153061 0.086165 -0.972583 -0.216005 0.688249 0.053917 2 4 0.755720 71 0.244280
  4 0.463260 -5.457736 55.028915 0.015202 -0.945651 -0.324829 0.680972 0.064625 2 4 0.755720 71 0.244280
white
  4 0.935445 -5.476637 55.131821 0.085736 -0.978875 -0.185615 0.687105 0.045927 2 4 0.755720 71 0.244280
  4 0.758922 -5.489472 55.153061 0.086165 -0.972583 -0.216005 0.688249 0.053917 2 4 0.755720 71 0.244280
  4 0.772719 -5.487086 55.070084 0.061919 -0.966322 -0.249776 0.683544 0.053265 2 4 0.755720 71 0.244280
white
  4 0.758922 -5.489472 55.153061 0.086165 -0.972583 -0.216005 0.688249 0.053917 2 4 0.755720 71 0.244280
  4 0.464539 -5.534447 55.218964 -0.020201 -0.986329 -0.163544 0.691491 0.064625 2 4 0.755720 71 0.244280
  4 0.463260 -5.457736 55.028915 0.015202 -0.945651 -0.324829 0.680972 0.064625 2 4 0.755720 71 0.244280
white
  4 0.920164 -5.479955 55.175507 -0.028863 -0.996748 0.075239 0.689608 0.046786 2 4 0.755720 71 0.244280
  4 0.935445 -5.476637 55.131821 0.085736 -0.978875 -0.185615 0.687105 0.045927 2 4 0.755720 71 0.244280
  4 1.047306 -5.484501 55.198887 0.043909 -0.985182 -0.165797 0.690978 0.040926 2 4 0.755720 71 0.244280
white
  4 0.935445 -5.476637 55.131821 0.085736 -0.978875 -0.185615 0.687105 0.045927 2 4 0.755720 71 0.244280
  4 0.920164 -5.479955 55.175507 -0.028863 -0.996748 0.075239 0.689608 0.046786 2 4 0.755720 71 0.244280
  4 0.758922 -5.489472 55.153061 0.086165 -0.972583 -0.216005 0.688249 0.053917 2 4 0.755720 71 0.244280
white
  4 1.047306 -5.484501 55.198887 0.043909 -0.985182 -0.165797 0.690978 0.040926 2 4 0.755720 71 0.244280
  4 1.012526 -5.482745 55.234573 -0.083322 -0.996238 0.023803 0.693012 0.042600 2 4 0.755720 71 0.244280
  4 0.920164 -5.479955 55.175507 -0.028863 -0.996748 0.075239 0.689608 0.046786 2 4 0.755720 71 0.244280
white
  4 1.012526 -5.482745 55.234573 -0.083322 -0.996238 0.023803 0.693012 0.042600 2 4 0.755720 71 0.244280
  4 0.891105 -5.468514 55.209370 0.105989 -0.993247 -0.047194 0.691498 0.048264 2 4 0.755720 71 0.244280
  4 0.920164 -5.479955 55.175507 -0.028863 -0.996748 0.075239 0.689608 0.046786 2 4 0.755720 71 0.244280
white
  4 0.920164 -5.479955 55.175507 -0.028863 -0.996748 0.075239 0.689608 0.046786 2 4 0.755720 71 0.244280
  4 0.891105 -5.468514 55.209370 0.105989 -0.993247 -0.047194 0.691498 0.048264 2 4 0.755720 71 0.244280
  4 0.758922 -5.489472 55.153061 0.086165 -0.972583 -0.216005 0.688249 0.053917 2 4 0.755720 71 0.244280
white
  4 1.012526 -5.482745 55.234573 -0.083322 -0.996238 0.023803 0.693012 0.042600 2 4 0.755720 71 0.244280
  4 1.000887 -5.481633 55.319790 0.233041 -0.970918 -0.054868 0.697420 0.042916 2 4 0.755720 71 0.244280
  4 0.891105 -5.468514 55.209370 0.105989 -0.993247 -0.047194 0.691498 0.048264 2 4 0.755720 71 0.244280
white
  4 0.699819 -5.552674 55.261700 0.039529 -0.953416 -0.299058 0.693844 0.056537 2 4 0.755720 71 0.244280
  4 0.464539 -5.534447 55.218964 -0.020201 -0.986329 -0.163544 0.691491 0.064625 2 4 0.755720 71 0.244280
  4 0.758922 -5.489472 55.153061 0.086165 -0.972583 -0.216005 0.688249 0.053917 2 4 0.755720 71 0.244280
white
  4 0.461101 -5.500413 55.433716 -0.239002 -0.902341 0.358691 0.701685 0.064625 2 4 0.755720 71 0.244280
  4 0.464539 -5.534447 55.218964 -0.020201 -0.986329 -0.163544 0.691491 0.064625 2 4 0.755720 71 0.244280
  4 0.699819 -5.552674 55.261700 0.039529 -0.953416 -0.299058 0.693844 0.056537 2 4 0.755720 71 0.244280
white
  4 0.758922 -5.489472 55.153061 0.086165 -0.972583 -0.216005 0.688249 0.053917 2 4 0.755720 71 0.244280
  4 0.891105 -5.468514 55.209370 0.105989 -0.993247 -0.047194 0.691498 0.048264 2 4 0.755720 71 0.244280
  4 0.849575 -5.517433 55.284294 0.293972 -0.911426 -0.287895 0.695334 0.049753 2 4 0.755720 71 0.244280
white
  4 0.699819 -5.552674 55.261700 0.039529 -0.953416 -0.299058 0.693844 0.056537 2 4 0.755720 71 0.244280
  4 0.758922 -5.489472 55.153061 0.086165 -0.972583 -0.216005 0.688249 0.053917 2 4 0.755720 71 0.244280
  4 0.849575 -5.517433 55.284294 0.293972 -0.911426 -0.287895 0.695334 0.049753 2 4 0.755720 71 0.244280
white
  4 1.000887 -5.481633 55.319790 0.233041 -0.970918 -0.054868 0.697420 0.042916 2 4 0.755720 71 0.244280
  4 0.849575 -5.517433 55.284294 0.293972 -0.911426 -0.287895 0.695334 0.049753 2 4 0.755720 71 0.244280
  4 0.891105 -5.468514 55.209370 0.105989 -0.993247 -0.047194 0.691498 0.048264 2 4 0.755720 71 0.244280
white
  4 0.715643 -5.591461 55.413780 0.018495 -0.984739 0.173050 0.700835 0.055504 2 4 0.755720 71 0.244280
  4 0.461101 -5.500413 55.433716 -0.239002 -0.902341 0.358691 0.701685 0.064625 2 4 0.755720 71 0.244280
  4 0.699819 -5.552674 55.261700 0.039529 -0.953416 -0.299058 0.693844 0.056537 2 4 0.755720 71 0.244280
white
  4 0.699819 -5.552674 55.261700 0.039529 -0.953416 -0.299058 0.693844 0.056537 2 4 0.755720 71 0.244280
  4 0.849575 -5.517433 55.284294 0.293972 -0.911426 -0.287895 0.695334 0.049753 2 4 0.755720 71 0.244280
  4 0.715643 -5.591461 55.413780 0.018495 -0.984739 0.173050 0.700835 0.055504 2 4 0.755720 71 0.244280
white
  4 0.863637 -5.530107 55.400356 0.346637 -0.926980 0.143353 0.700667 0.048981 2 4 0.755720 71 0.244280
  4 0.849575 -5.517433 55.284294 0.293972 -0.911426 -0.287895 0.695334 0.049753 2 4 0.755720 71 0.244280
  4 1.000887 -5.481633 55.319790 0.233041 -0.970918 -0.054868 0.697420 0.042916 2 4 0.755720 71 0.244280
white
  4 0.849575 -5.517433 55.284294 0.293972 -0.911426 -0.287895 0.695334 0.049753 2 4 0.755720 71 0.244280
  4 0.863637 -5.530107 55.400356 0.346637 -0.926980 0.143353 0.700667 0.048981 2 4 0.755720 71 0.244280
  4 0.715643 -5.591461 55.413780 0.018495 -0.984739 0.173050 0.700835 0.055504 2 4 0.755720 71 0.244280
white
  4 1.061855 -5.438919 55.471680 0.219292 -0.475632 -0.851871 0.704198 0.039948 2 4 0.755720 71 0.244280
  4 0.863637 -5.530107 55.400356 0.346637 -0.926980 0.143353 0.700667 0.048981 2 4 0.755720 71 0.244280
  4 1.000887 -5.481633 55.319790 0.233041 -0.970918 -0.054868 0.697420 0.042916 2 4 0.755720 71 0.244280
white
  4 0.872191 -5.492765 55.467827 0.269207 -0.915087 0.300240 0.703540 0.048666 2 4 0.755720 71 0.244280
  4 0.863637 -5.530107 55.400356 0.346637 -0.926980 0.143353 0.700667 0.048981 2 4 0.755720 71 0.244280
  4 1.061855 -5.438919 55.471680 0.219292 -0.475632 -0.851871 0.704198 0.039948 2 4 0.755720 71 0.244280
white
  4 0.872191 -5.492765 55.467827 0.269207 -0.915087 0.300240 0.703540 0.048666 2 4 0.755720 71 0.244280
  4 0.715643 -5.591461 55.413780 0.018495 -0.984739 0.173050 0.700835 0.055504 2 4 0.755720 71 0.244280
  4 0.863637 -5.530107 55.400356 0.346637 -0.926980 0.143353 0.700667 0.048981 2 4 0.755720 71 0.244280
white
  4 1.068591 -5.462946 55.466694 0.144700 -0.961975 -0.231661 0.703818 0.039491 2 4 0.755720 71 0.244280
  4 0.872191 -5.492765 55.467827 0.269207 -0.915087 0.300240 0.703540 0.048666 2 4 0.755720 71 0.244280
  4 1.061855 -5.438919 55.471680 0.219292 -0.475632 -0.851871 0.704198 0.039948 2 4 0.755720 71 0.244280
white
  4 1.068591 -5.462946 55.466694 0.144700 -0.961975 -0.231661 0.703818 0.039491 2 4 0.755720 71 0.244280
  4 1.112880 -5.365182 55.593182 0.223218 -0.746439 0.626899 0.709729 0.037708 2 4 0.755720 71 0.244280
  4 0.872191 -5.492765 55.467827 0.269207 -0.915087 0.300240 0.703540 0.048666 2 4 0.755720 71 0.244280
white
  4 0.718019 -5.494952 55.549179 -0.032503 -0.788251 0.614495 0.706950 0.055515 2 4 0.755720 71 0.244280
  4 0.461101 -5.500413 55.433716 -0.239002 -0.902341 0.358691 0.701685 0.064625 2 4 0.755720 71 0.244280
  4 0.715643 -5.591461 55.413780 0.018495 -0.984739 0.173050 0.700835 0.055504 2 4 0.755720 71 0.244280
white
  4 0.715643 -5.591461 55.413780 0.018495 -0.984739 0.173050 0.700835 0.055504 2 4 0.755720 71 0.244280
  4 0.872191 -5.492765 55.467827 0.269207 -0.915087 0.300240 0.703540 0.048666 2 4 0.755720 71 0.244280
  4 0.718019 -5.494952 55.549179 -0.032503 -0.788251 0.614495 0.706950 0.055515 2 4 0.755720 71 0.244280
white
  4 0.467748 -5.284105 55.704544 -0.219039 -0.781618 0.584033 0.714559 0.064625 2 4 0.755720 71 0.244280
  4 0.461101 -5.500413 55.433716 -0.239002 -0.902341 0.358691 0.701685 0.064625 2 4 0.755720 71 0.244280
  4 0.718019 -5.494952 55.549179 -0.032503 -0.788251 0.614495 0.706950 0.055515 2 4 0.755720 71 0.244280
white
  4 1.112880 -5.365182 55.593182 0.223218 -0.746439 0.626899 0.709729 0.037708 2 4 0.755720 71 0.244280
  4 0.884902 -5.492098 55.540684 0.243080 -0.922916 0.298561 0.706522 0.047873 2 4 0.755720 71 0.244280
  4 0.872191 -5.492765 55.467827 0.269207 -0.915087 0.300240 0.703540 0.048666 2 4 0.755720 71 0.244280
white
  4 0.872191 -5.492765 55.467827 0.269207 -0.915087 0.300240 0.703540 0.048666 2 4 0.755720 71 0.244280
  4 0.884902 -5.492098 55.540684 0.243080 -0.922916 0.298561 0.706522 0.047873 2 4 0.755720 71 0.244280
  4 0.718019 -5.494952 55.549179 -0.032503 -0.788251 0.614495 0.706950 0.055515 2 4 0.755720 71 0.244280
white
  4 1.112880 -5.365182 55.593182 0.223218 -0.746439 0.626899 0.709729 0.037708 2 4 0.755720 71 0.244280
  4 1.091207 -5.303633 55.658646 0.119340 -0.496881 0.859574 0.713289 0.038926 2 4 0.755720 71 0.244280
  4 0.884902 -5.492098 55.540684 0.243080 -0.922916 0.298561 0.706522 0.047873 2 4 0.755720 71 0.244280
white
  4 0.900856 -5.431892 55.603741 0.111749 -0.630310 0.768259 0.709608 0.047242 2 4 0.755720 71 0.244280
  4 0.718019 -5.494952 55.549179 -0.032503 -0.788251 0.614495 0.706950 0.055515 2 4 0.755720 71 0.244280
  4 0.884902 -5.492098 55.540684 0.243080 -0.922916 0.298561 0.706522 0.047873 2 4 0.755720 71 0.244280
white
  4 1.091207 -5.303633 55.658646 0.119340 -0.496881 0.859574 0.713289 0.038926 2 4 0.755720 71 0.244280
  4 0.900856 -5.431892 55.603741 0.111749 -0.630310 0.768259 0.709608 0.047242 2 4 0.755720 71 0.244280
  4 0.884902 -5.492098 55.540684 0.243080 -0.922916 0.298561 0.706522 0.047873 2 4 0.755720 71 0.244280
white
  4 0.888556 -5.359385 55.643578 0.101896 -0.499141 0.860509 0.711886 0.048090 2 4 0.755720 71 0.244280
  4 0.900856 -5.431892 55.603741 0.111749 -0.630310 0.768259 0.709608 0.047242 2 4 0.755720 71 0.244280
  4 1.091207 -5.303633 55.658646 0.119340 -0.496881 0.859574 0.713289 0.038926 2 4 0.755720 71 0.244280
white
  4 0.718019 -5.494952 55.549179 -0.032503 -0.788251 0.614495 0.706950 0.055515 2 4 0.755720 71 0.244280
  4 0.900856 -5.431892 55.603741 0.111749 -0.630310 0.768259 0.709608 0.047242 2 4 0.755720 71 0.244280
  4 0.888556 -5.359385 55.643578 0.101896 -0.499141 0.860509 0.711886 0.048090 2 4 0.755720 71 0.244280
white
  4 1.036105 -5.257111 55.668602 0.052335 -0.237826 0.969897 0.714365 0.041731 2 4 0.755720 71 0.244280
  4 0.888556 -5.359385 55.643578 0.101896 -0.499141 0.860509 0.711886 0.048090 2 4 0.755720 71 0.244280
  4 1.091207 -5.303633 55.658646 0.119340 -0.496881 0.859574 0.713289 0.038926 2 4 0.755720 71 0.244280
white
  4 0.723428 -5.379482 55.667408 0.038747 -0.744187 0.666846 0.712655 0.055613 2 4 0.755720 71 0.244280
  4 0.467748 -5.284105 55.704544 -0.219039 -0.781618 0.584033 0.714559 0.064625 2 4 0.755720 71 0.244280
  4 0.718019 -5.494952 55.549179 -0.032503 -0.788251 0.614495 0.706950 0.055515 2 4 0.755720 71 0.244280
white
  4 0.723428 -5.379482 55.667408 0.038747 -0.744187 0.666846 0.712655 0.055613 2 4 0.755720 71 0.244280
  4 0.718019 -5.494952 55.549179 -0.032503 -0.788251 0.614495 0.706950 0.055515 2 4 0.755720 71 0.244280
  4 0.888556 -5.359385 55.643578 0.101896 -0.499141 0.860509 0.711886 0.048090 2 4 0.755720 71 0.244280
white
  4 0.872218 -5.302630 55.678791 0.315064 -0.600785 0.734705 0.714224 0.049090 2 4 0.755720 71 0.244280
  4 0.888556 -5.359385 55.643578 0.101896 -0.499141 0.860509 0.711886 0.048090 2 4 0.755720 71 0.244280
  4 1.036105 -5.257111 55.668602 0.052335 -0.237826 0.969897 0.714365 0.041731 2 4 0.755720 71 0.244280
white
  4 0.872218 -5.302630 55.678791 0.315064 -0.600785 0.734705 0.714224 0.049090 2 4 0.755720 71 0.244280
  4 0.723428 -5.379482 55.667408 0.038747 -0.744187 0.666846 0.712655 0.055613 2 4 0.755720 71 0.244280
  4 0.888556 -5.359385 55.643578 0.101896 -0.499141 0.860509 0.711886 0.048090 2 4 0.755720 71 0.244280
white
  4 0.984330 -5.200871 55.684288 0.409411 -0.532127 0.741096 0.715832 0.044394 2 4 0.755720 71 0.244280
  4 0.872218 -5.302630 55.678791 0.315064 -0.600785 0.734705 0.714224 0.049090 2 4 0.755720 71 0.244280
  4 1.036105 -5.257111 55.668602 0.052335 -0.237826 0.969897 0.714365 0.041731 2 4 0.755720 71 0.244280
white
  4 0.872218 -5.302630 55.678791 0.315064 -0.600785 0.734705 0.714224 0.049090 2 4 0.755720 71 0.244280
  4 0.984330 -5.200871 55.684288 0.409411 -0.532127 0.741096 0.715832 0.044394 2 4 0.755720 71 0.244280
  4 0.869918 -5.263299 55.736916 0.465639 -0.799014 0.380469 0.717489 0.049188 2 4 0.755720 71 0.244280
white
  4 0.723428 -5.379482 55.667408 0.038747 -0.744187 0.666846 0.712655 0.055613 2 4 0.755720 71 0.244280
  4 0.872218 -5.302630 55.678791 0.315064 -0.600785 0.734705 0.714224 0.049090 2 4 0.755720 71 0.244280
  4 0.869918 -5.263299 55.736916 0.465639 -0.799014 0.380469 0.717489 0.049188 2 4 0.755720 71 0.244280
white
  4 0.984330 -5.200871 55.684288 0.409411 -0.532127 0.741096 0.715832 0.044394 2 4 0.755720 71 0.244280
  4 0.984123 -5.172569 55.741570 0.559553 -0.823507 0.093470 0.718874 0.044427 2 4 0.755720 71 0.244280
  4 0.869918 -5.263299 55.736916 0.465639 -0.799014 0.380469 0.717489 0.049188 2 4 0.755720 71 0.244280
white
  4 0.718289 -5.297156 55.784187 -0.011235 -0.924823 0.380232 0.719248 0.055961 2 4 0.755720 71 0.244280
  4 0.467748 -5.284105 55.704544 -0.219039 -0.781618 0.584033 0.714559 0.064625 2 4 0.755720 71 0.244280
  4 0.723428 -5.379482 55.667408 0.038747 -0.744187 0.666846 0.712655 0.055613 2 4 0.755720 71 0.244280
white
  4 0.718289 -5.297156 55.784187 -0.011235 -0.924823 0.380232 0.719248 0.055961 2 4 0.755720 71 0.244280
  4 0.723428 -5.379482 55.667408 0.038747 -0.744187 0.666846 0.712655 0.055613 2 4 0.755720 71 0.244280
  4 0.869918 -5.263299 55.736916 0.465639 -0.799014 0.380469 0.717489 0.049188 2 4 0.755720 71 0.244280
white
  4 0.473274 -5.162563 55.889748 -0.374771 -0.780450 0.500444 0.724863 0.064625 2 4 0.755720 71 0.244280
  4 0.467748 -5.284105 55.704544 -0.219039 -0.781618 0.584033 0.714559 0.064625 2 4 0.755720 71 0.244280
  4 0.718289 -5.297156 55.784187 -0.011235 -0.924823 0.380232 0.719248 0.055961 2 4 0.755720 71 0.244280
white
  4 0.869918 -5.263299 55.736916 0.465639 -0.799014 0.380469 0.717489 0.049188 2 4 0.755720 71 0.244280
  4 0.984123 -5.172569 55.741570 0.559553 -0.823507 0.093470 0.718874 0.044427 2 4 0.755720 71 0.244280
  4 0.878627 -5.244612 55.795677 0.422179 -0.903803 -0.070037 0.720514 0.048808 2 4 0.755720 71 0.244280
white
  4 0.869918 -5.263299 55.736916 0.465639 -0.799014 0.380469 0.717489 0.049188 2 4 0.755720 71 0.244280
  4 0.878627 -5.244612 55.795677 0.422179 -0.903803 -0.070037 0.720514 0.048808 2 4 0.755720 71 0.244280
  4 0.718289 -5.297156 55.784187 -0.011235 -0.924823 0.380232 0.719248 0.055961 2 4 0.755720 71 0.244280
white
  4 0.984123 -5.172569 55.741570 0.559553 -0.823507 0.093470 0.718874 0.044427 2 4 0.755720 71 0.244280
  4 1.003141 -5.174569 55.803413 0.455847 -0.758949 -0.464972 0.721766 0.043405 2 4 0.755720 71 0.244280
  4 0.878627 -5.244612 55.795677 0.422179 -0.903803 -0.070037 0.720514 0.048808 2 4 0.755720 71 0.244280
white
  4 1.003141 -5.174569 55.803413 0.455847 -0.758949 -0.464972 0.721766 0.043405 2 4 0.755720 71 0.244280
  4 1.015703 -5.197566 55.833008 0.295858 -0.566258 -0.769298 0.722858 0.042622 2 4 0.755720 71 0.244280
  4 0.878627 -5.244612 55.795677 0.422179 -0.903803 -0.070037 0.720514 0.048808 2 4 0.755720 71 0.244280
white
  4 1.015703 -5.197566 55.833008 0.295858 -0.566258 -0.769298 0.722858 0.042622 2 4 0.755720 71 0.244280
  4 0.884943 -5.252198 55.832756 0.249052 -0.878573 -0.407532 0.722132 0.048362 2 4 0.755720 71 0.244280
  4 0.878627 -5.244612 55.795677 0.422179 -0.903803 -0.070037 0.720514 0.048808 2 4 0.755720 71 0.244280
white
  4 0.718289 -5.297156 55.784187 -0.011235 -0.924823 0.380232 0.719248 0.055961 2 4 0.755720 71 0.244280
  4 0.878627 -5.244612 55.795677 0.422179 -0.903803 -0.070037 0.720514 0.048808 2 4 0.755720 71 0.244280
  4 0.884943 -5.252198 55.832756 0.249052 -0.878573 -0.407532 0.722132 0.048362 2 4 0.755720 71 0.244280
white
  4 1.015703 -5.197566 55.833008 0.295858 -0.566258 -0.769298 0.722858 0.042622 2 4 0.755720 71 0.244280
  4 1.025262 -5.229719 55.849487 0.145529 -0.524520 -0.838868 0.723210 0.041948 2 4 0.755720 71 0.244280
  4 0.884943 -5.252198 55.832756 0.249052 -0.878573 -0.407532 0.722132 0.048362 2 4 0.755720 71 0.244280
white
  4 0.725498 -5.288138 55.861279 -0.159994 -0.983835 0.080438 0.722955 0.055580 2 4 0.755720 71 0.244280
  4 0.473274 -5.162563 55.889748 -0.374771 -0.780450 0.500444 0.724863 0.064625 2 4 0.755720 71 0.244280
  4 0.718289 -5.297156 55.784187 -0.011235 -0.924823 0.380232 0.719248 0.055961 2 4 0.755720 71 0.244280
white
  4 0.725498 -5.288138 55.861279 -0.159994 -0.983835 0.080438 0.722955 0.055580 2 4 0.755720 71 0.244280
  4 0.718289 -5.297156 55.784187 -0.011235 -0.924823 0.380232 0.719248 0.055961 2 4 0.755720 71 0.244280
  4 0.884943 -5.252198 55.832756 0.249052 -0.878573 -0.407532 0.722132 0.048362 2 4 0.755720 71 0.244280
white
  4 1.025262 -5.229719 55.849487 0.145529 -0.524520 -0.838868 0.723210 0.041948 2 4 0.755720 71 0.244280
  4 0.891936 -5.270304 55.860222 0.120520 -0.845206 -0.520674 0.723172 0.047905 2 4 0.755720 71 0.244280
  4 0.884943 -5.252198 55.832756 0.249052 -0.878573 -0.407532 0.722132 0.048362 2 4 0.755720 71 0.244280
white
  4 0.891936 -5.270304 55.860222 0.120520 -0.845206 -0.520674 0.723172 0.047905 2 4 0.755720 71 0.244280
  4 0.725498 -5.288138 55.861279 -0.159994 -0.983835 0.080438 0.722955 0.055580 2 4 0.755720 71 0.244280
  4 0.884943 -5.252198 55.832756 0.249052 -0.878573 -0.407532 0.722132 0.048362 2 4 0.755720 71 0.244280
white
  4 1.025262 -5.229719 55.849487 0.145529 -0.524520 -0.838868 0.723210 0.041948 2 4 0.755720 71 0.244280
  4 1.035297 -5.259264 55.871918 0.061100 -0.805214 -0.589828 0.723879 0.041252 2 4 0.755720 71 0.244280
  4 0.891936 -5.270304 55.860222 0.120520 -0.845206 -0.520674 0.723172 0.047905 2 4 0.755720 71 0.244280
white
  4 0.733717 -5.279945 55.947758 -0.246467 -0.913852 0.322688 0.727151 0.055069 2 4 0.755720 71 0.244280
  4 0.473274 -5.162563 55.889748 -0.374771 -0.780450 0.500444 0.724863 0.064625 2 4 0.755720 71 0.244280
  4 0.725498 -5.288138 55.861279 -0.159994 -0.983835 0.080438 0.722955 0.055580 2 4 0.755720 71 0.244280
white
  4 0.725498 -5.288138 55.861279 -0.159994 -0.983835 0.080438 0.722955 0.055580 2 4 0.755720 71 0.244280
  4 0.891936 -5.270304 55.860222 0.120520 -0.845206 -0.520674 0.723172 0.047905 2 4 0.755720 71 0.244280
  4 0.897404 -5.285374 55.891994 0.067482 -0.965503 -0.251494 0.724465 0.047470 2 4 0.755720 71 0.244280
white
  4 1.035297 -5.259264 55.871918 0.061100 -0.805214 -0.589828 0.723879 0.041252 2 4 0.755720 71 0.244280
  4 0.897404 -5.285374 55.891994 0.067482 -0.965503 -0.251494 0.724465 0.047470 2 4 0.755720 71 0.244280
  4 0.891936 -5.270304 55.860222 0.120520 -0.845206 -0.520674 0.723172 0.047905 2 4 0.755720 71 0.244280
white
  4 0.733717 -5.279945 55.947758 -0.246467 -0.913852 0.322688 0.727151 0.055069 2 4 0.755720 71 0.244280
  4 0.725498 -5.288138 55.861279 -0.159994 -0.983835 0.080438 0.722955 0.055580 2 4 0.755720 71 0.244280
  4 0.897404 -5.285374 55.891994 0.067482 -0.965503 -0.251494 0.724465 0.047470 2 4 0.755720 71 0.244280
white
  4 0.478250 -5.005585 56.079781 -0.354161 -0.527653 0.772109 0.735922 0.064625 2 4 0.755720 71 0.244280
  4 0.473274 -5.162563 55.889748 -0.374771 -0.780450 0.500444 0.724863 0.064625 2 4 0.755720 71 0.244280
  4 0.733717 -5.279945 55.947758 -0.246467 -0.913852 0.322688 0.727151 0.055069 2 4 0.755720 71 0.244280
white
  4 0.909575 -5.290107 55.934536 -0.001407 -0.998164 0.060554 0.726382 0.046786 2 4 0.755720 71 0.244280
  4 0.897404 -5.285374 55.891994 0.067482 -0.965503 -0.251494 0.724465 0.047470 2 4 0.755720 71 0.244280
  4 1.035297 -5.259264 55.871918 0.061100 -0.805214 -0.589828 0.723879 0.041252 2 4 0.755720 71 0.244280
white
  4 0.909575 -5.290107 55.934536 -0.001407 -0.998164 0.060554 0.726382 0.046786 2 4 0.755720 71 0.244280
  4 0.733717 -5.279945 55.947758 -0.246467 -0.913852 0.322688 0.727151 0.055069 2 4 0.755720 71 0.244280
  4 0.897404 -5.285374 55.891994 0.067482 -0.965503 -0.251494 0.724465 0.047470 2 4 0.755720 71 0.244280
white
  4 1.056180 -5.278553 55.908062 0.003353 -0.984253 -0.176735 0.725327 0.040067 2 4 0.755720 71 0.244280
  4 0.909575 -5.290107 55.934536 -0.001407 -0.998164 0.060554 0.726382 0.046786 2 4 0.755720 71 0.244280
  4 1.035297 -5.259264 55.871918 0.061100 -0.805214 -0.589828 0.723879 0.041252 2 4 0.755720 71 0.244280
white
  4 0.733717 -5.279945 55.947758 -0.246467 -0.913852 0.322688 0.727151 0.055069 2 4 0.755720 71 0.244280
  4 0.909575 -5.290107 55.934536 -0.001407 -0.998164 0.060554 0.726382 0.046786 2 4 0.755720 71 0.244280
  4 0.749386 -5.216679 56.062473 -0.275993 -0.729656 0.625644 0.733434 0.054439 2 4 0.755720 71 0.244280
white
  4 0.749386 -5.216679 56.062473 -0.275993 -0.729656 0.625644 0.733434 0.054439 2 4 0.755720 71 0.244280
  4 0.478250 -5.005585 56.079781 -0.354161 -0.527653 0.772109 0.735922 0.064625 2 4 0.755720 71 0.244280
  4 0.733717 -5.279945 55.947758 -0.246467 -0.913852 0.322688 0.727151 0.055069 2 4 0.755720 71 0.244280
white
  4 0.933729 -5.278977 55.992496 -0.039265 -0.944439 0.326333 0.729293 0.045612 2 4 0.755720 71 0.244280
  4 0.909575 -5.290107 55.934536 -0.001407 -0.998164 0.060554 0.726382 0.046786 2 4 0.755720 71 0.244280
  4 1.056180 -5.278553 55.908062 0.003353 -0.984253 -0.176735 0.725327 0.040067 2 4 0.755720 71 0.244280
white
  4 0.909575 -5.290107 55.934536 -0.001407 -0.998164 0.060554 0.726382 0.046786 2 4 0.755720 71 0.244280
  4 0.933729 -5.278977 55.992496 -0.039265 -0.944439 0.326333 0.729293 0.045612 2 4 0.755720 71 0.244280
  4 0.749386 -5.216679 56.062473 -0.275993 -0.729656 0.625644 0.733434 0.054439 2 4 0.755720 71 0.244280
white
  4 1.098190 -5.280076 55.965496 0.021418 -0.963968 0.265154 0.728018 0.037926 2 4 0.755720 71 0.244280
  4 0.933729 -5.278977 55.992496 -0.039265 -0.944439 0.326333 0.729293 0.045612 2 4 0.755720 71 0.244280
  4 1.056180 -5.278553 55.908062 0.003353 -0.984253 -0.176735 0.725327 0.040067 2 4 0.755720 71 0.244280
white
  4 0.953810 -5.242417 56.059029 -0.011884 -0.796563 0.604439 0.732929 0.044720 2 4 0.755720 71 0.244280
  4 0.933729 -5.278977 55.992496 -0.039265 -0.944439 0.326333 0.729293 0.045612 2 4 0.755720 71 0.244280
  4 1.098190 -5.280076 55.965496 0.021418 -0.963968 0.265154 0.728018 0.037926 2 4 0.755720 71 0.244280
white
  4 0.953810 -5.242417 56.059029 -0.011884 -0.796563 0.604439 0.732929 0.044720 2 4 0.755720 71 0.244280
  4 0.749386 -5.216679 56.062473 -0.275993 -0.729656 0.625644 0.733434 0.054439 2 4 0.755720 71 0.244280
  4 0.933729 -5.278977 55.992496 -0.039265 -0.944439 0.326333 0.729293 0.045612 2 4 0.755720 71 0.244280
white
  4 1.136201 -5.244326 56.041977 0.045865 -0.812128 0.581674 0.732101 0.036165 2 4 0.755720 71 0.244280
  4 0.953810 -5.242417 56.059029 -0.011884 -0.796563 0.604439 0.732929 0.044720 2 4 0.755720 71 0.244280
  4 1.098190 -5.280076 55.965496 0.021418 -0.963968 0.265154 0.728018 0.037926 2 4 0.755720 71 0.244280
white
  4 1.136201 -5.244326 56.041977 0.045865 -0.812128 0.581674 0.732101 0.036165 2 4 0.755720 71 0.244280
  4 1.145389 -5.151762 56.135330 0.036647 -0.650400 0.758708 0.737732 0.036078 2 4 0.755720 71 0.244280
  4 0.953810 -5.242417 56.059029 -0.011884 -0.796563 0.604439 0.732929 0.044720 2 4 0.755720 71 0.244280
white
  4 1.145389 -5.151762 56.135330 0.036647 -0.650400 0.758708 0.737732 0.036078 2 4 0.755720 71 0.244280
  4 0.954005 -5.171759 56.126019 -0.045795 -0.614995 0.787200 0.737024 0.044927 2 4 0.755720 71 0.244280
  4 0.953810 -5.242417 56.059029 -0.011884 -0.796563 0.604439 0.732929 0.044720 2 4 0.755720 71 0.244280
white
  4 0.953810 -5.242417 56.059029 -0.011884 -0.796563 0.604439 0.732929 0.044720 2 4 0.755720 71 0.244280
  4 0.954005 -5.171759 56.126019 -0.045795 -0.614995 0.787200 0.737024 0.044927 2 4 0.755720 71 0.244280
  4 0.749386 -5.216679 56.062473 -0.275993 -0.729656 0.625644 0.733434 0.054439 2 4 0.755720 71 0.244280
white
  4 1.145389 -5.151762 56.135330 0.036647 -0.650400 0.758708 0.737732 0.036078 2 4 0.755720 71 0.244280
  4 1.134199 -5.043892 56.216721 -0.040973 -0.516346 0.855399 0.743000 0.037078 2 4 0.736833 71 0.263167
  4 0.954005 -5.171759 56.126019 -0.045795 -0.614995 0.787200 0.737024 0.044927 2 4 0.755720 71 0.244280
white
  4 0.749386 -5.216679 56.062473 -0.275993 -0.729656 0.625644 0.733434 0.054439 2 4 0.755720 71 0.244280
  4 0.954005 -5.171759 56.126019 -0.045795 -0.614995 0.787200 0.737024 0.044927 2 4 0.755720 71 0.244280
  4 0.735557 -5.087347 56.149265 -0.251642 -0.425554 0.869241 0.739243 0.055482 2 4 0.755720 71 0.244280
white
  4 0.735557 -5.087347 56.149265 -0.251642 -0.425554 0.869241 0.739243 0.055482 2 4 0.755720 71 0.244280
  4 0.478250 -5.005585 56.079781 -0.354161 -0.527653 0.772109 0.735922 0.064625 2 4 0.755720 71 0.244280
  4 0.749386 -5.216679 56.062473 -0.275993 -0.729656 0.625644 0.733434 0.054439 2 4 0.755720 71 0.244280
white
  4 1.134199 -5.043892 56.216721 -0.040973 -0.516346 0.855399 0.743000 0.037078 2 4 0.736833 71 0.263167
  4 0.943694 -5.079782 56.181938 -0.112109 -0.443909 0.889031 0.740885 0.045785 2 4 0.736833 71 0.263167
  4 0.954005 -5.171759 56.126019 -0.045795 -0.614995 0.787200 0.737024 0.044927 2 4 0.755720 71 0.244280
white
  4 0.954005 -5.171759 56.126019 -0.045795 -0.614995 0.787200 0.737024 0.044927 2 4 0.755720 71 0.244280
  4 0.943694 -5.079782 56.181938 -0.112109 -0.443909 0.889031 0.740885 0.045785 2 4 0.736833 71 0.263167
  4 0.735557 -5.087347 56.149265 -0.251642 -0.425554 0.869241 0.739243 0.055482 2 4 0.755720 71 0.244280
white
  4 1.134199 -5.043892 56.216721 -0.040973 -0.516346 0.855399 0.743000 0.037078 2 4 0.736833 71 0.263167
  4 1.111078 -4.962288 56.257233 -0.148483 -0.345309 0.926669 0.745994 0.038545 2 4 0.736833 71 0.263167
  4 0.943694 -5.079782 56.181938 -0.112109 -0.443909 0.889031 0.740885 0.045785 2 4 0.736833 71 0.263167
white
  4 1.111078 -4.962288 56.257233 -0.148483 -0.345309 0.926669 0.745994 0.038545 2 4 0.736833 71 0.263167
  4 0.930750 -4.978866 56.215714 -0.190254 -0.265184 0.945241 0.743814 0.046840 2 4 0.736833 71 0.263167
  4 0.943694 -5.079782 56.181938 -0.112109 -0.443909 0.889031 0.740885 0.045785 2 4 0.736833 71 0.263167
white
  4 0.943694 -5.079782 56.181938 -0.112109 -0.443909 0.889031 0.740885 0.045785 2 4 0.736833 71 0.263167
  4 0.930750 -4.978866 56.215714 -0.190254 -0.265184 0.945241 0.743814 0.046840 2 4 0.736833 71 0.263167
  4 0.735557 -5.087347 56.149265 -0.251642 -0.425554 0.869241 0.739243 0.055482 2 4 0.755720 71 0.244280
white
  4 1.111078 -4.962288 56.257233 -0.148483 -0.345309 0.926669 0.745994 0.038545 2 4 0.736833 71 0.263167
  4 1.084124 -4.895914 56.268944 -0.206184 -0.148536 0.967174 0.747426 0.040154 2 4 0.736833 71 0.263167
  4 0.930750 -4.978866 56.215714 -0.190254 -0.265184 0.945241 0.743814 0.046840 2 4 0.736833 71 0.263167
white
  4 1.084124 -4.895914 56.268944 -0.206184 -0.148536 0.967174 0.747426 0.040154 2 4 0.736833 71 0.263167
  4 0.916907 -4.885230 56.233074 -0.181448 -0.164105 0.969611 0.745873 0.047905 2 4 0.736833 71 0.263167
  4 0.930750 -4.978866 56.215714 -0.190254 -0.265184 0.945241 0.743814 0.046840 2 4 0.736833 71 0.263167
white
  4 0.735557 -5.087347 56.149265 -0.251642 -0.425554 0.869241 0.739243 0.055482 2 4 0.755720 71 0.244280
  4 0.930750 -4.978866 56.215714 -0.190254 -0.265184 0.945241 0.743814 0.046840 2 4 0.736833 71 0.263167
  4 0.916907 -4.885230 56.233074 -0.181448 -0.164105 0.969611 0.745873 0.047905 2 4 0.736833 71 0.263167
white
  4 1.084124 -4.895914 56.268944 -0.206184 -0.148536 0.967174 0.747426 0.040154 2 4 0.736833 71 0.263167
  4 1.061640 -4.833759 56.263863 -0.179356 0.003966 0.983776 0.748008 0.041546 2 4 0.736833 71 0.263167
  4 0.916907 -4.885230 56.233074 -0.181448 -0.164105 0.969611 0.745873 0.047905 2 4 0.736833 71 0.263167
white
  4 0.735557 -5.087347 56.149265 -0.251642 -0.425554 0.869241 0.739243 0.055482 2 4 0.755720 71 0.244280
  4 0.724682 -4.878729 56.204163 -0.160159 -0.314170 0.935760 0.744596 0.056722 2 4 0.736833 71 0.263167
  4 0.478250 -5.005585 56.079781 -0.354161 -0.527653 0.772109 0.735922 0.064625 2 4 0.755720 71 0.244280
white
  4 0.724682 -4.878729 56.204163 -0.160159 -0.314170 0.935760 0.744596 0.056722 2 4 0.736833 71 0.263167
  4 0.735557 -5.087347 56.149265 -0.251642 -0.425554 0.869241 0.739243 0.055482 2 4 0.755720 71 0.244280
  4 0.916907 -4.885230 56.233074 -0.181448 -0.164105 0.969611 0.745873 0.047905 2 4 0.736833 71 0.263167
white
  4 0.724682 -4.878729 56.204163 -0.160159 -0.314170 0.935760 0.744596 0.056722 2 4 0.736833 71 0.263167
  4 0.489801 -4.741719 56.227547 -0.140021 -0.567605 0.811307 0.746388 0.064625 2 4 0.736833 71 0.263167
  4 0.478250 -5.005585 56.079781 -0.354161 -0.527653 0.772109 0.735922 0.064625 2 4 0.755720 71 0.244280
white
  4 1.061640 -4.833759 56.263863 -0.179356 0.003966 0.983776 0.748008 0.041546 2 4 0.736833 71 0.263167
  4 0.904191 -4.814973 56.239712 -0.130617 -0.140981 0.981358 0.747118 0.048818 2 4 0.736833 71 0.263167
  4 0.916907 -4.885230 56.233074 -0.181448 -0.164105 0.969611 0.745873 0.047905 2 4 0.736833 71 0.263167
white
  4 0.916907 -4.885230 56.233074 -0.181448 -0.164105 0.969611 0.745873 0.047905 2 4 0.736833 71 0.263167
  4 0.904191 -4.814973 56.239712 -0.130617 -0.140981 0.981358 0.747118 0.048818 2 4 0.736833 71 0.263167
  4 0.724682 -4.878729 56.204163 -0.160159 -0.314170 0.935760 0.744596 0.056722 2 4 0.736833 71 0.263167
white
  4 1.061640 -4.833759 56.263863 -0.179356 0.003966 0.983776 0.748008 0.041546 2 4 0.736833 71 0.263167
  4 1.050085 -4.770308 56.258995 -0.105466 -0.076601 0.991468 0.748619 0.042437 2 4 0.736833 71 0.263167
  4 0.904191 -4.814973 56.239712 -0.130617 -0.140981 0.981358 0.747118 0.048818 2 4 0.736833 71 0.263167
white
  4 0.718445 -4.755973 56.248898 -0.047333 -0.532397 0.845170 0.748332 0.057407 2 4 0.736833 71 0.263167
  4 0.489801 -4.741719 56.227547 -0.140021 -0.567605 0.811307 0.746388 0.064625 2 4 0.736833 71 0.263167
  4 0.724682 -4.878729 56.204163 -0.160159 -0.314170 0.935760 0.744596 0.056722 2 4 0.736833 71 0.263167
white
  4 1.050085 -4.770308 56.258995 -0.105466 -0.076601 0.991468 0.748619 0.042437 2 4 0.736833 71 0.263167
  4 0.897964 -4.758342 56.249565 -0.038607 -0.321146 0.946242 0.748333 0.049351 2 4 0.736833 71 0.263167
  4 0.904191 -4.814973 56.239712 -0.130617 -0.140981 0.981358 0.747118 0.048818 2 4 0.736833 71 0.263167
white
  4 0.724682 -4.878729 56.204163 -0.160159 -0.314170 0.935760 0.744596 0.056722 2 4 0.736833 71 0.263167
  4 0.904191 -4.814973 56.239712 -0.130617 -0.140981 0.981358 0.747118 0.048818 2 4 0.736833 71 0.263167
  4 0.897964 -4.758342 56.249565 -0.038607 -0.321146 0.946242 0.748333 0.049351 2 4 0.736833 71 0.263167
white
  4 0.718445 -4.755973 56.248898 -0.047333 -0.532397 0.845170 0.748332 0.057407 2 4 0.736833 71 0.263167
  4 0.724682 -4.878729 56.204163 -0.160159 -0.314170 0.935760 0.744596 0.056722 2 4 0.736833 71 0.263167
  4 0.897964 -4.758342 56.249565 -0.038607 -0.321146 0.946242 0.748333 0.049351 2 4 0.736833 71 0.263167
white
  4 1.050085 -4.770308 56.258995 -0.105466 -0.076601 0.991468 0.748619 0.042437 2 4 0.736833 71 0.263167
  4 1.055972 -4.700006 56.271400 0.042105 -0.389017 0.920268 0.750135 0.042535 2 4 0.736833 71 0.263167
  4 0.897964 -4.758342 56.249565 -0.038607 -0.321146 0.946242 0.748333 0.049351 2 4 0.736833 71 0.263167
white
  4 0.494988 -4.562284 56.402412 -0.127064 -0.764639 0.631809 0.757017 0.064625 2 4 0.736833 71 0.263167
  4 0.489801 -4.741719 56.227547 -0.140021 -0.567605 0.811307 0.746388 0.064625 2 4 0.736833 71 0.263167
  4 0.718445 -4.755973 56.248898 -0.047333 -0.532397 0.845170 0.748332 0.057407 2 4 0.736833 71 0.263167
white
  4 1.055972 -4.700006 56.271400 0.042105 -0.389017 0.920268 0.750135 0.042535 2 4 0.736833 71 0.263167
  4 0.903632 -4.705631 56.276543 0.062794 -0.571058 0.818504 0.750303 0.049286 2 4 0.736833 71 0.263167
  4 0.897964 -4.758342 56.249565 -0.038607 -0.321146 0.946242 0.748333 0.049351 2 4 0.736833 71 0.263167
white
  4 0.718445 -4.755973 56.248898 -0.047333 -0.532397 0.845170 0.748332 0.057407 2 4 0.736833 71 0.263167
  4 0.897964 -4.758342 56.249565 -0.038607 -0.321146 0.946242 0.748333 0.049351 2 4 0.736833 71 0.263167
  4 0.903632 -4.705631 56.276543 0.062794 -0.571058 0.818504 0.750303 0.049286 2 4 0.736833 71 0.263167
white
  4 0.909012 -4.653592 56.319473 0.126628 -0.665002 0.736029 0.753019 0.049210 2 4 0.736833 71 0.263167
  4 0.903632 -4.705631 56.276543 0.062794 -0.571058 0.818504 0.750303 0.049286 2 4 0.736833 71 0.263167
  4 1.055972 -4.700006 56.271400 0.042105 -0.389017 0.920268 0.750135 0.042535 2 4 0.736833 71 0.263167
white
  4 1.061396 -4.633239 56.305695 0.151302 -0.601779 0.784200 0.752637 0.042578 2 4 0.736833 71 0.263167
  4 0.909012 -4.653592 56.319473 0.126628 -0.665002 0.736029 0.753019 0.049210 2 4 0.736833 71 0.263167
  4 1.055972 -4.700006 56.271400 0.042105 -0.389017 0.920268 0.750135 0.042535 2 4 0.736833 71 0.263167
white
  4 0.909012 -4.653592 56.319473 0.126628 -0.665002 0.736029 0.753019 0.049210 2 4 0.736833 71 0.263167
  4 1.061396 -4.633239 56.305695 0.151302 -0.601779 0.784200 0.752637 0.042578 2 4 0.736833 71 0.263167
  4 1.046594 -4.580370 56.366547 0.151692 -0.817595 0.555453 0.756209 0.043318 2 4 0.736833 71 0.263167
white
  4 0.729963 -4.675530 56.334648 -0.004216 -0.717047 0.697012 0.753445 0.057059 2 4 0.736833 71 0.263167
  4 0.718445 -4.755973 56.248898 -0.047333 -0.532397 0.845170 0.748332 0.057407 2 4 0.736833 71 0.263167
  4 0.903632 -4.705631 56.276543 0.062794 -0.571058 0.818504 0.750303 0.049286 2 4 0.736833 71 0.263167
white
  4 0.909012 -4.653592 56.319473 0.126628 -0.665002 0.736029 0.753019 0.049210 2 4 0.736833 71 0.263167
  4 0.729963 -4.675530 56.334648 -0.004216 -0.717047 0.697012 0.753445 0.057059 2 4 0.736833 71 0.263167
  4 0.903632 -4.705631 56.276543 0.062794 -0.571058 0.818504 0.750303 0.049286 2 4 0.736833 71 0.263167
white
  4 0.729963 -4.675530 56.334648 -0.004216 -0.717047 0.697012 0.753445 0.057059 2 4 0.736833 71 0.263167
  4 0.494988 -4.562284 56.402412 -0.127064 -0.764639 0.631809 0.757017 0.064625 2 4 0.736833 71 0.263167
  4 0.718445 -4.755973 56.248898 -0.047333 -0.532397 0.845170 0.748332 0.057407 2 4 0.736833 71 0.263167
white
  4 0.901601 -4.598916 56.377312 0.113819 -0.770061 0.627735 0.756471 0.049677 2 4 0.736833 71 0.263167
  4 0.909012 -4.653592 56.319473 0.126628 -0.665002 0.736029 0.753019 0.049210 2 4 0.736833 71 0.263167
  4 1.046594 -4.580370 56.366547 0.151692 -0.817595 0.555453 0.756209 0.043318 2 4 0.736833 71 0.263167
white
  4 0.729963 -4.675530 56.334648 -0.004216 -0.717047 0.697012 0.753445 0.057059 2 4 0.736833 71 0.263167
  4 0.909012 -4.653592 56.319473 0.126628 -0.665002 0.736029 0.753019 0.049210 2 4 0.736833 71 0.263167
  4 0.901601 -4.598916 56.377312 0.113819 -0.770061 0.627735 0.756471 0.049677 2 4 0.736833 71 0.263167
white
  4 0.901601 -4.598916 56.377312 0.113819 -0.770061 0.627735 0.756471 0.049677 2 4 0.736833 71 0.263167
  4 1.046594 -4.580370 56.366547 0.151692 -0.817595 0.555453 0.756209 0.043318 2 4 0.736833 71 0.263167
  4 1.035856 -4.554780 56.430313 0.001913 -0.993312 0.115443 0.759557 0.043785 2 4 0.736833 71 0.263167
white
  4 0.723825 -4.569689 56.442902 -0.060223 -0.843190 0.534232 0.759954 0.057559 2 4 0.736833 71 0.263167
  4 0.494988 -4.562284 56.402412 -0.127064 -0.764639 0.631809 0.757017 0.064625 2 4 0.736833 71 0.263167
  4 0.729963 -4.675530 56.334648 -0.004216 -0.717047 0.697012 0.753445 0.057059 2 4 0.736833 71 0.263167
white
  4 0.729963 -4.675530 56.334648 -0.004216 -0.717047 0.697012 0.753445 0.057059 2 4 0.736833 71 0.263167
  4 0.901601 -4.598916 56.377312 0.113819 -0.770061 0.627735 0.756471 0.049677 2 4 0.736833 71 0.263167
  4 0.723825 -4.569689 56.442902 -0.060223 -0.843190 0.534232 0.759954 0.057559 2 4 0.736833 71 0.263167
white
  4 0.494988 -4.441564 56.585640 -0.361133 -0.857694 0.365983 0.767263 0.064625 2 4 0.736833 71 0.263167
  4 0.494988 -4.562284 56.402412 -0.127064 -0.764639 0.631809 0.757017 0.064625 2 4 0.736833 71 0.263167
  4 0.723825 -4.569689 56.442902 -0.060223 -0.843190 0.534232 0.759954 0.057559 2 4 0.736833 71 0.263167
white
  4 0.894775 -4.558908 56.436008 0.059102 -0.925769 0.373441 0.759772 0.050036 2 4 0.736833 71 0.263167
  4 0.901601 -4.598916 56.377312 0.113819 -0.770061 0.627735 0.756471 0.049677 2 4 0.736833 71 0.263167
  4 1.035856 -4.554780 56.430313 0.001913 -0.993312 0.115443 0.759557 0.043785 2 4 0.736833 71 0.263167
white
  4 0.901601 -4.598916 56.377312 0.113819 -0.770061 0.627735 0.756471 0.049677 2 4 0.736833 71 0.263167
  4 0.894775 -4.558908 56.436008 0.059102 -0.925769 0.373441 0.759772 0.050036 2 4 0.736833 71 0.263167
  4 0.723825 -4.569689 56.442902 -0.060223 -0.843190 0.534232 0.759954 0.057559 2 4 0.736833 71 0.263167
white
  4 0.894775 -4.558908 56.436008 0.059102 -0.925769 0.373441 0.759772 0.050036 2 4 0.736833 71 0.263167
  4 1.035856 -4.554780 56.430313 0.001913 -0.993312 0.115443 0.759557 0.043785 2 4 0.736833 71 0.263167
  4 0.903559 -4.550875 56.481522 -0.058368 -0.994931 -0.081886 0.762025 0.049612 2 4 0.736833 71 0.263167
white
  4 0.723825 -4.569689 56.442902 -0.060223 -0.843190 0.534232 0.759954 0.057559 2 4 0.736833 71 0.263167
  4 0.894775 -4.558908 56.436008 0.059102 -0.925769 0.373441 0.759772 0.050036 2 4 0.736833 71 0.263167
  4 0.903559 -4.550875 56.481522 -0.058368 -0.994931 -0.081886 0.762025 0.049612 2 4 0.736833 71 0.263167
white
  4 1.035856 -4.554780 56.430313 0.001913 -0.993312 0.115443 0.759557 0.043785 2 4 0.736833 71 0.263167
  4 1.049710 -4.569953 56.473259 -0.200927 -0.840743 -0.502772 0.761384 0.043057 2 4 0.734889 71 0.265111
  4 0.903559 -4.550875 56.481522 -0.058368 -0.994931 -0.081886 0.762025 0.049612 2 4 0.736833 71 0.263167
white
  4 0.736295 -4.539065 56.531837 -0.236887 -0.971512 0.006953 0.764557 0.056972 2 4 0.736833 71 0.263167
  4 0.494988 -4.441564 56.585640 -0.361133 -0.857694 0.365983 0.767263 0.064625 2 4 0.736833 71 0.263167
  4 0.723825 -4.569689 56.442902 -0.060223 -0.843190 0.534232 0.759954 0.057559 2 4 0.736833 71 0.263167
white
  4 0.736295 -4.539065 56.531837 -0.236887 -0.971512 0.006953 0.764557 0.056972 2 4 0.736833 71 0.263167
  4 0.723825 -4.569689 56.442902 -0.060223 -0.843190 0.534232 0.759954 0.057559 2 4 0.736833 71 0.263167
  4 0.903559 -4.550875 56.481522 -0.058368 -0.994931 -0.081886 0.762025 0.049612 2 4 0.736833 71 0.263167
white
  4 0.903559 -4.550875 56.481522 -0.058368 -0.994931 -0.081886 0.762025 0.049612 2 4 0.736833 71 0.263167
  4 1.049710 -4.569953 56.473259 -0.200927 -0.840743 -0.502772 0.761384 0.043057 2 4 0.734889 71 0.265111
  4 0.918457 -4.567242 56.519226 -0.218450 -0.854866 -0.470619 0.763589 0.048797 2 4 0.734889 71 0.265111
white
  4 0.903559 -4.550875 56.481522 -0.058368 -0.994931 -0.081886 0.762025 0.049612 2 4 0.736833 71 0.263167
  4 0.918457 -4.567242 56.519226 -0.218450 -0.854866 -0.470619 0.763589 0.048797 2 4 0.734889 71 0.265111
  4 0.736295 -4.539065 56.531837 -0.236887 -0.971512 0.006953 0.764557 0.056972 2 4 0.736833 71 0.263167
white
  4 1.049710 -4.569953 56.473259 -0.200927 -0.840743 -0.502772 0.761384 0.043057 2 4 0.734889 71 0.265111
  4 1.071925 -4.606700 56.504570 -0.266552 -0.680406 -0.682640 0.762374 0.041785 2 4 0.734889 71 0.265111
  4 0.918457 -4.567242 56.519226 -0.218450 -0.854866 -0.470619 0.763589 0.048797 2 4 0.734889 71 0.265111
white
  4 0.757549 -4.577157 56.622150 -0.340720 -0.939936 0.020740 0.768314 0.055732 2 4 0.734889 71 0.265111
  4 0.494988 -4.441564 56.585640 -0.361133 -0.857694 0.365983 0.767263 0.064625 2 4 0.736833 71 0.263167
  4 0.736295 -4.539065 56.531837 -0.236887 -0.971512 0.006953 0.764557 0.056972 2 4 0.736833 71 0.263167
white
  4 0.736295 -4.539065 56.531837 -0.236887 -0.971512 0.006953 0.764557 0.056972 2 4 0.736833 71 0.263167
  4 0.918457 -4.567242 56.519226 -0.218450 -0.854866 -0.470619 0.763589 0.048797 2 4 0.734889 71 0.265111
  4 0.757549 -4.577157 56.622150 -0.340720 -0.939936 0.020740 0.768314 0.055732 2 4 0.734889 71 0.265111
white
  4 0.494988 -4.334448 56.813019 -0.381319 -0.682483 0.623549 0.779410 0.064625 2 4 0.734889 71 0.265111
  4 0.494988 -4.441564 56.585640 -0.361133 -0.857694 0.365983 0.767263 0.064625 2 4 0.736833 71 0.263167
  4 0.757549 -4.577157 56.622150 -0.340720 -0.939936 0.020740 0.768314 0.055732 2 4 0.734889 71 0.265111
white
  4 0.918457 -4.567242 56.519226 -0.218450 -0.854866 -0.470619 0.763589 0.048797 2 4 0.734889 71 0.265111
  4 1.071925 -4.606700 56.504570 -0.266552 -0.680406 -0.682640 0.762374 0.041785 2 4 0.734889 71 0.265111
  4 0.931753 -4.600458 56.554504 -0.283012 -0.832867 -0.475644 0.764813 0.047971 2 4 0.734889 71 0.265111
white
  4 0.918457 -4.567242 56.519226 -0.218450 -0.854866 -0.470619 0.763589 0.048797 2 4 0.734889 71 0.265111
  4 0.931753 -4.600458 56.554504 -0.283012 -0.832867 -0.475644 0.764813 0.047971 2 4 0.734889 71 0.265111
  4 0.757549 -4.577157 56.622150 -0.340720 -0.939936 0.020740 0.768314 0.055732 2 4 0.734889 71 0.265111
white
  4 1.071925 -4.606700 56.504570 -0.266552 -0.680406 -0.682640 0.762374 0.041785 2 4 0.734889 71 0.265111
  4 1.090064 -4.645928 56.533310 -0.275594 -0.880785 -0.385053 0.763211 0.040687 2 4 0.734889 71 0.265111
  4 0.931753 -4.600458 56.554504 -0.283012 -0.832867 -0.475644 0.764813 0.047971 2 4 0.734889 71 0.265111
white
  4 0.931753 -4.600458 56.554504 -0.283012 -0.832867 -0.475644 0.764813 0.047971 2 4 0.734889 71 0.265111
  4 1.090064 -4.645928 56.533310 -0.275594 -0.880785 -0.385053 0.763211 0.040687 2 4 0.734889 71 0.265111
  4 0.949958 -4.621931 56.603279 -0.237191 -0.971409 0.010213 0.766830 0.046938 2 4 0.734889 71 0.265111
white
  4 0.931753 -4.600458 56.554504 -0.283012 -0.832867 -0.475644 0.764813 0.047971 2 4 0.734889 71 0.265111
  4 0.949958 -4.621931 56.603279 -0.237191 -0.971409 0.010213 0.766830 0.046938 2 4 0.734889 71 0.265111
  4 0.757549 -4.577157 56.622150 -0.340720 -0.939936 0.020740 0.768314 0.055732 2 4 0.734889 71 0.265111
white
  4 1.090064 -4.645928 56.533310 -0.275594 -0.880785 -0.385053 0.763211 0.040687 2 4 0.734889 71 0.265111
  4 1.115260 -4.660185 56.579407 -0.154403 -0.970559 0.184862 0.765196 0.039350 2 4 0.734889 71 0.265111
  4 0.949958 -4.621931 56.603279 -0.237191 -0.971409 0.010213 0.766830 0.046938 2 4 0.734889 71 0.265111
white
  4 0.949958 -4.621931 56.603279 -0.237191 -0.971409 0.010213 0.766830 0.046938 2 4 0.734889 71 0.265111
  4 1.115260 -4.660185 56.579407 -0.154403 -0.970559 0.184862 0.765196 0.039350 2 4 0.734889 71 0.265111
  4 0.979909 -4.602909 56.681667 -0.117946 -0.910215 0.396984 0.770781 0.045524 2 4 0.734889 71 0.265111
white
  4 0.757549 -4.577157 56.622150 -0.340720 -0.939936 0.020740 0.768314 0.055732 2 4 0.734889 71 0.265111
  4 0.949958 -4.621931 56.603279 -0.237191 -0.971409 0.010213 0.766830 0.046938 2 4 0.734889 71 0.265111
  4 0.979909 -4.602909 56.681667 -0.117946 -0.910215 0.396984 0.770781 0.045524 2 4 0.734889 71 0.265111
white
  4 1.115260 -4.660185 56.579407 -0.154403 -0.970559 0.184862 0.765196 0.039350 2 4 0.734889 71 0.265111
  4 1.158772 -4.622187 56.662514 -0.005749 -0.861256 0.508139 0.769622 0.037404 2 4 0.734889 71 0.265111
  4 0.979909 -4.602909 56.681667 -0.117946 -0.910215 0.396984 0.770781 0.045524 2 4 0.734889 71 0.265111
white
  4 0.792251 -4.535179 56.770271 -0.274666 -0.827798 0.489192 0.775860 0.054091 2 4 0.734889 71 0.265111
  4 0.757549 -4.577157 56.622150 -0.340720 -0.939936 0.020740 0.768314 0.055732 2 4 0.734889 71 0.265111
  4 0.979909 -4.602909 56.681667 -0.117946 -0.910215 0.396984 0.770781 0.045524 2 4 0.734889 71 0.265111
white
  4 0.792251 -4.535179 56.770271 -0.274666 -0.827798 0.489192 0.775860 0.054091 2 4 0.734889 71 0.265111
  4 0.494988 -4.334448 56.813019 -0.381319 -0.682483 0.623549 0.779410 0.064625 2 4 0.734889 71 0.265111
  4 0.757549 -4.577157 56.622150 -0.340720 -0.939936 0.020740 0.768314 0.055732 2 4 0.734889 71 0.265111
white
  4 0.979909 -4.602909 56.681667 -0.117946 -0.910215 0.396984 0.770781 0.045524 2 4 0.734889 71 0.265111
  4 1.158772 -4.622187 56.662514 -0.005749 -0.861256 0.508139 0.769622 0.037404 2 4 0.734889 71 0.265111
  4 1.002623 -4.556386 56.767719 -0.005418 -0.806376 0.591379 0.775458 0.044557 2 4 0.734889 71 0.265111
white
  4 0.979909 -4.602909 56.681667 -0.117946 -0.910215 0.396984 0.770781 0.045524 2 4 0.734889 71 0.265111
  4 1.002623 -4.556386 56.767719 -0.005418 -0.806376 0.591379 0.775458 0.044557 2 4 0.734889 71 0.265111
  4 0.792251 -4.535179 56.770271 -0.274666 -0.827798 0.489192 0.775860 0.054091 2 4 0.734889 71 0.265111
white
  4 1.158772 -4.622187 56.662514 -0.005749 -0.861256 0.508139 0.769622 0.037404 2 4 0.734889 71 0.265111
  4 1.188162 -4.549789 56.757782 0.062207 -0.738111 0.671805 0.775077 0.036284 2 4 0.734889 71 0.265111
  4 1.002623 -4.556386 56.767719 -0.005418 -0.806376 0.591379 0.775458 0.044557 2 4 0.734889 71 0.265111
white
  4 1.002623 -4.556386 56.767719 -0.005418 -0.806376 0.591379 0.775458 0.044557 2 4 0.734889 71 0.265111
  4 1.188162 -4.549789 56.757782 0.062207 -0.738111 0.671805 0.775077 0.036284 2 4 0.734889 71 0.265111
  4 1.170052 -4.463355 56.837170 0.094794 -0.606735 0.789232 0.779969 0.037415 2 4 0.734889 71 0.265111
white
  4 0.999107 -4.496590 56.837860 0.058435 -0.681104 0.729851 0.779560 0.044872 2 4 0.734889 71 0.265111
  4 1.002623 -4.556386 56.767719 -0.005418 -0.806376 0.591379 0.775458 0.044557 2 4 0.734889 71 0.265111
  4 1.170052 -4.463355 56.837170 0.094794 -0.606735 0.789232 0.779969 0.037415 2 4 0.734889 71 0.265111
white
  4 0.792251 -4.535179 56.770271 -0.274666 -0.827798 0.489192 0.775860 0.054091 2 4 0.734889 71 0.265111
  4 1.002623 -4.556386 56.767719 -0.005418 -0.806376 0.591379 0.775458 0.044557 2 4 0.734889 71 0.265111
  4 0.999107 -4.496590 56.837860 0.058435 -0.681104 0.729851 0.779560 0.044872 2 4 0.734889 71 0.265111
white
  4 0.999107 -4.496590 56.837860 0.058435 -0.681104 0.729851 0.779560 0.044872 2 4 0.734889 71 0.265111
  4 1.170052 -4.463355 56.837170 0.094794 -0.606735 0.789232 0.779969 0.037415 2 4 0.734889 71 0.265111
  4 1.133500 -4.377216 56.891243 0.095541 -0.382952 0.918814 0.783541 0.039295 2 4 0.734889 71 0.265111
white
  4 0.792251 -4.535179 56.770271 -0.274666 -0.827798 0.489192 0.775860 0.054091 2 4 0.734889 71 0.265111
  4 0.999107 -4.496590 56.837860 0.058435 -0.681104 0.729851 0.779560 0.044872 2 4 0.734889 71 0.265111
  4 0.797347 -4.439283 56.883507 -0.186569 -0.592331 0.783796 0.782402 0.054004 2 4 0.734889 71 0.265111
white
  4 0.797347 -4.439283 56.883507 -0.186569 -0.592331 0.783796 0.782402 0.054004 2 4 0.734889 71 0.265111
  4 0.494988 -4.334448 56.813019 -0.381319 -0.682483 0.623549 0.779410 0.064625 2 4 0.734889 71 0.265111
  4 0.792251 -4.535179 56.770271 -0.274666 -0.827798 0.489192 0.775860 0.054091 2 4 0.734889 71 0.265111
white
  4 0.982774 -4.426501 56.889610 0.082519 -0.473937 0.876684 0.782834 0.045753 2 4 0.734889 71 0.265111
  4 0.999107 -4.496590 56.837860 0.058435 -0.681104 0.729851 0.779560 0.044872 2 4 0.734889 71 0.265111
  4 1.133500 -4.377216 56.891243 0.095541 -0.382952 0.918814 0.783541 0.039295 2 4 0.734889 71 0.265111
white
  4 0.999107 -4.496590 56.837860 0.058435 -0.681104 0.729851 0.779560 0.044872 2 4 0.734889 71 0.265111
  4 0.982774 -4.426501 56.889610 0.082519 -0.473937 0.876684 0.782834 0.045753 2 4 0.734889 71 0.265111
  4 0.797347 -4.439283 56.883507 -0.186569 -0.592331 0.783796 0.782402 0.054004 2 4 0.734889 71 0.265111
white
  4 0.982774 -4.426501 56.889610 0.082519 -0.473937 0.876684 0.782834 0.045753 2 4 0.734889 71 0.265111
  4 1.133500 -4.377216 56.891243 0.095541 -0.382952 0.918814 0.783541 0.039295 2 4 0.734889 71 0.265111
  4 1.108590 -4.315658 56.907257 0.134524 -0.089327 0.986876 0.785056 0.040404 2 4 0.734889 71 0.265111
white
  4 0.797347 -4.439283 56.883507 -0.186569 -0.592331 0.783796 0.782402 0.054004 2 4 0.734889 71 0.265111
  4 0.982774 -4.426501 56.889610 0.082519 -0.473937 0.876684 0.782834 0.045753 2 4 0.734889 71 0.265111
  4 0.970655 -4.355422 56.918648 0.098881 -0.295156 0.950319 0.785027 0.046470 2 4 0.734889 71 0.265111
white
  4 0.970655 -4.355422 56.918648 0.098881 -0.295156 0.950319 0.785027 0.046470 2 4 0.734889 71 0.265111
  4 0.982774 -4.426501 56.889610 0.082519 -0.473937 0.876684 0.782834 0.045753 2 4 0.734889 71 0.265111
  4 1.108590 -4.315658 56.907257 0.134524 -0.089327 0.986876 0.785056 0.040404 2 4 0.734889 71 0.265111
white
  4 0.797347 -4.439283 56.883507 -0.186569 -0.592331 0.783796 0.782402 0.054004 2 4 0.734889 71 0.265111
  4 0.780768 -4.289068 56.953175 -0.064025 -0.421374 0.904624 0.787419 0.054841 2 4 0.734889 71 0.265111
  4 0.494988 -4.334448 56.813019 -0.381319 -0.682483 0.623549 0.779410 0.064625 2 4 0.734889 71 0.265111
white
  4 0.797347 -4.439283 56.883507 -0.186569 -0.592331 0.783796 0.782402 0.054004 2 4 0.734889 71 0.265111
  4 0.970655 -4.355422 56.918648 0.098881 -0.295156 0.950319 0.785027 0.046470 2 4 0.734889 71 0.265111
  4 0.780768 -4.289068 56.953175 -0.064025 -0.421374 0.904624 0.787419 0.054841 2 4 0.734889 71 0.265111
white
  4 0.780768 -4.289068 56.953175 -0.064025 -0.421374 0.904624 0.787419 0.054841 2 4 0.734889 71 0.265111
  4 0.489916 -4.102974 57.000050 -0.186797 -0.602123 0.776244 0.790850 0.064625 2 4 0.734889 71 0.265111
  4 0.494988 -4.334448 56.813019 -0.381319 -0.682483 0.623549 0.779410 0.064625 2 4 0.734889 71 0.265111
white
  4 0.970655 -4.355422 56.918648 0.098881 -0.295156 0.950319 0.785027 0.046470 2 4 0.734889 71 0.265111
  4 1.108590 -4.315658 56.907257 0.134524 -0.089327 0.986876 0.785056 0.040404 2 4 0.734889 71 0.265111
  4 0.956647 -4.292447 56.931561 0.153206 -0.100204 0.983101 0.786431 0.047079 2 4 0.734889 71 0.265111
white
  4 0.970655 -4.355422 56.918648 0.098881 -0.295156 0.950319 0.785027 0.046470 2 4 0.734889 71 0.265111
  4 0.956647 -4.292447 56.931561 0.153206 -0.100204 0.983101 0.786431 0.047079 2 4 0.734889 71 0.265111
  4 0.780768 -4.289068 56.953175 -0.064025 -0.421374 0.904624 0.787419 0.054841 2 4 0.734889 71 0.265111
white
  4 1.108590 -4.315658 56.907257 0.134524 -0.089327 0.986876 0.785056 0.040404 2 4 0.734889 71 0.265111
  4 1.093184 -4.272651 56.900780 0.231110 0.267951 0.935302 0.785348 0.041122 2 4 0.734889 71 0.265111
  4 0.956647 -4.292447 56.931561 0.153206 -0.100204 0.983101 0.786431 0.047079 2 4 0.734889 71 0.265111
white
  4 0.956647 -4.292447 56.931561 0.153206 -0.100204 0.983101 0.786431 0.047079 2 4 0.734889 71 0.265111
  4 1.093184 -4.272651 56.900780 0.231110 0.267951 0.935302 0.785348 0.041122 2 4 0.734889 71 0.265111
  4 0.944758 -4.242574 56.936615 0.242733 -0.127161 0.961723 0.787330 0.047590 2 4 0.734889 71 0.265111
white
  4 0.780768 -4.289068 56.953175 -0.064025 -0.421374 0.904624 0.787419 0.054841 2 4 0.734889 71 0.265111
  4 0.956647 -4.292447 56.931561 0.153206 -0.100204 0.983101 0.786431 0.047079 2 4 0.734889 71 0.265111
  4 0.944758 -4.242574 56.936615 0.242733 -0.127161 0.961723 0.787330 0.047590 2 4 0.734889 71 0.265111
white
  4 1.093184 -4.272651 56.900780 0.231110 0.267951 0.935302 0.785348 0.041122 2 4 0.734889 71 0.265111
  4 1.078982 -4.238636 56.888069 0.323314 0.245428 0.913911 0.785252 0.041796 2 4 0.734889 71 0.265111
  4 0.944758 -4.242574 56.936615 0.242733 -0.127161 0.961723 0.787330 0.047590 2 4 0.734889 71 0.265111
white
  4 0.944758 -4.242574 56.936615 0.242733 -0.127161 0.961723 0.787330 0.047590 2 4 0.734889 71 0.265111
  4 1.078982 -4.238636 56.888069 0.323314 0.245428 0.913911 0.785252 0.041796 2 4 0.734889 71 0.265111
  4 1.061484 -4.176278 56.896999 0.383932 -0.173656 0.906884 0.786509 0.042535 2 4 0.734889 71 0.265111
white
  4 0.933740 -4.179721 56.956623 0.334158 -0.332223 0.882024 0.789077 0.048014 2 4 0.734889 71 0.265111
  4 0.944758 -4.242574 56.936615 0.242733 -0.127161 0.961723 0.787330 0.047590 2 4 0.734889 71 0.265111
  4 1.061484 -4.176278 56.896999 0.383932 -0.173656 0.906884 0.786509 0.042535 2 4 0.734889 71 0.265111
white
  4 0.780768 -4.289068 56.953175 -0.064025 -0.421374 0.904624 0.787419 0.054841 2 4 0.734889 71 0.265111
  4 0.944758 -4.242574 56.936615 0.242733 -0.127161 0.961723 0.787330 0.047590 2 4 0.734889 71 0.265111
  4 0.933740 -4.179721 56.956623 0.334158 -0.332223 0.882024 0.789077 0.048014 2 4 0.734889 71 0.265111
white
  4 0.933740 -4.179721 56.956623 0.334158 -0.332223 0.882024 0.789077 0.048014 2 4 0.734889 71 0.265111
  4 1.061484 -4.176278 56.896999 0.383932 -0.173656 0.906884 0.786509 0.042535 2 4 0.734889 71 0.265111
  4 1.036181 -4.048552 56.954308 0.474901 -0.378284 0.794588 0.790859 0.043459 2 4 0.735367 71 0.264633
white
  4 0.768712 -4.170206 57.008392 0.062198 -0.499206 0.864248 0.791460 0.055232 2 4 0.734889 71 0.265111
  4 0.780768 -4.289068 56.953175 -0.064025 -0.421374 0.904624 0.787419 0.054841 2 4 0.734889 71 0.265111
  4 0.933740 -4.179721 56.956623 0.334158 -0.332223 0.882024 0.789077 0.048014 2 4 0.734889 71 0.265111
white
  4 0.768712 -4.170206 57.008392 0.062198 -0.499206 0.864248 0.791460 0.055232 2 4 0.734889 71 0.265111
  4 0.489916 -4.102974 57.000050 -0.186797 -0.602123 0.776244 0.790850 0.064625 2 4 0.734889 71 0.265111
  4 0.780768 -4.289068 56.953175 -0.064025 -0.421374 0.904624 0.787419 0.054841 2 4 0.734889 71 0.265111
white
  4 0.921802 -4.077700 57.013779 0.411407 -0.468354 0.781913 0.793021 0.048373 2 4 0.735367 71 0.264633
  4 0.933740 -4.179721 56.956623 0.334158 -0.332223 0.882024 0.789077 0.048014 2 4 0.734889 71 0.265111
  4 1.036181 -4.048552 56.954308 0.474901 -0.378284 0.794588 0.790859 0.043459 2 4 0.735367 71 0.264633
white
  4 0.768712 -4.170206 57.008392 0.062198 -0.499206 0.864248 0.791460 0.055232 2 4 0.734889 71 0.265111
  4 0.933740 -4.179721 56.956623 0.334158 -0.332223 0.882024 0.789077 0.048014 2 4 0.734889 71 0.265111
  4 0.921802 -4.077700 57.013779 0.411407 -0.468354 0.781913 0.793021 0.048373 2 4 0.735367 71 0.264633
white
  4 0.921802 -4.077700 57.013779 0.411407 -0.468354 0.781913 0.793021 0.048373 2 4 0.735367 71 0.264633
  4 1.036181 -4.048552 56.954308 0.474901 -0.378284 0.794588 0.790859 0.043459 2 4 0.735367 71 0.264633
  4 1.021711 -3.943108 57.023300 0.510753 -0.783828 0.353192 0.795443 0.043872 2 4 0.735367 71 0.264633
white
  4 0.768712 -4.170206 57.008392 0.062198 -0.499206 0.864248 0.791460 0.055232 2 4 0.734889 71 0.265111
  4 0.767095 -4.016558 57.125484 0.008404 -0.728174 0.685341 0.798719 0.055004 2 4 0.735367 71 0.264633
  4 0.489916 -4.102974 57.000050 -0.186797 -0.602123 0.776244 0.790850 0.064625 2 4 0.734889 71 0.265111
white
  4 0.768712 -4.170206 57.008392 0.062198 -0.499206 0.864248 0.791460 0.055232 2 4 0.734889 71 0.265111
  4 0.921802 -4.077700 57.013779 0.411407 -0.468354 0.781913 0.793021 0.048373 2 4 0.735367 71 0.264633
  4 0.767095 -4.016558 57.125484 0.008404 -0.728174 0.685341 0.798719 0.055004 2 4 0.735367 71 0.264633
white
  4 0.767095 -4.016558 57.125484 0.008404 -0.728174 0.685341 0.798719 0.055004 2 4 0.735367 71 0.264633
  4 0.482225 -3.860294 57.208122 -0.212233 -0.677595 0.704146 0.803295 0.064625 3 4 0.811482 71 0.188321 8 0.000197
  4 0.489916 -4.102974 57.000050 -0.186797 -0.602123 0.776244 0.790850 0.064625 2 4 0.734889 71 0.265111
white
  4 0.914462 -3.992436 57.075729 0.402469 -0.744251 0.533020 0.796956 0.048503 2 4 0.735367 71 0.264633
  4 0.921802 -4.077700 57.013779 0.411407 -0.468354 0.781913 0.793021 0.048373 2 4 0.735367 71 0.264633
  4 1.021711 -3.943108 57.023300 0.510753 -0.783828 0.353192 0.795443 0.043872 2 4 0.735367 71 0.264633
white
  4 0.921802 -4.077700 57.013779 0.411407 -0.468354 0.781913 0.793021 0.048373 2 4 0.735367 71 0.264633
  4 0.914462 -3.992436 57.075729 0.402469 -0.744251 0.533020 0.796956 0.048503 2 4 0.735367 71 0.264633
  4 0.767095 -4.016558 57.125484 0.008404 -0.728174 0.685341 0.798719 0.055004 2 4 0.735367 71 0.264633
white
  4 0.914462 -3.992436 57.075729 0.402469 -0.744251 0.533020 0.796956 0.048503 2 4 0.735367 71 0.264633
  4 1.021711 -3.943108 57.023300 0.510753 -0.783828 0.353192 0.795443 0.043872 2 4 0.735367 71 0.264633
  4 1.036161 -3.947161 57.070511 0.111798 -0.849993 -0.514793 0.797419 0.043057 2 4 0.735367 71 0.264633
white
  4 0.917121 -3.978111 57.114010 0.141499 -0.970847 -0.193480 0.798811 0.048264 2 4 0.735367 71 0.264633
  4 0.914462 -3.992436 57.075729 0.402469 -0.744251 0.533020 0.796956 0.048503 2 4 0.735367 71 0.264633
  4 1.036161 -3.947161 57.070511 0.111798 -0.849993 -0.514793 0.797419 0.043057 2 4 0.735367 71 0.264633
white
  4 0.767095 -4.016558 57.125484 0.008404 -0.728174 0.685341 0.798719 0.055004 2 4 0.735367 71 0.264633
  4 0.914462 -3.992436 57.075729 0.402469 -0.744251 0.533020 0.796956 0.048503 2 4 0.735367 71 0.264633
  4 0.917121 -3.978111 57.114010 0.141499 -0.970847 -0.193480 0.798811 0.048264 2 4 0.735367 71 0.264633
white
  4 0.917121 -3.978111 57.114010 0.141499 -0.970847 -0.193480 0.798811 0.048264 2 4 0.735367 71 0.264633
  4 1.036161 -3.947161 57.070511 0.111798 -0.849993 -0.514793 0.797419 0.043057 2 4 0.735367 71 0.264633
  4 1.066748 -4.014098 57.108231 -0.325133 -0.600567 -0.730485 0.798021 0.041546 2 4 0.735367 71 0.264633
white
  4 0.767095 -4.016558 57.125484 0.008404 -0.728174 0.685341 0.798719 0.055004 2 4 0.735367 71 0.264633
  4 0.917121 -3.978111 57.114010 0.141499 -0.970847 -0.193480 0.798811 0.048264 2 4 0.735367 71 0.264633
  4 0.926954 -3.997844 57.145191 -0.142787 -0.922204 -0.359377 0.799837 0.047720 2 4 0.735367 71 0.264633
white
  4 0.926954 -3.997844 57.145191 -0.142787 -0.922204 -0.359377 0.799837 0.047720 2 4 0.735367 71 0.264633
  4 0.917121 -3.978111 57.114010 0.141499 -0.970847 -0.193480 0.798811 0.048264 2 4 0.735367 71 0.264633
  4 1.066748 -4.014098 57.108231 -0.325133 -0.600567 -0.730485 0.798021 0.041546 2 4 0.735367 71 0.264633
white
  4 0.757891 -3.965170 57.189064 -0.188184 -0.779095 0.597995 0.802187 0.055254 2 4 0.735367 71 0.264633
  4 0.767095 -4.016558 57.125484 0.008404 -0.728174 0.685341 0.798719 0.055004 2 4 0.735367 71 0.264633
  4 0.926954 -3.997844 57.145191 -0.142787 -0.922204 -0.359377 0.799837 0.047720 2 4 0.735367 71 0.264633
white
  4 0.757891 -3.965170 57.189064 -0.188184 -0.779095 0.597995 0.802187 0.055254 2 4 0.735367 71 0.264633
  4 0.482225 -3.860294 57.208122 -0.212233 -0.677595 0.704146 0.803295 0.064625 3 4 0.811482 71 0.188321 8 0.000197
  4 0.767095 -4.016558 57.125484 0.008404 -0.728174 0.685341 0.798719 0.055004 2 4 0.735367 71 0.264633
white
  4 0.926954 -3.997844 57.145191 -0.142787 -0.922204 -0.359377 0.799837 0.047720 2 4 0.735367 71 0.264633
  4 1.066748 -4.014098 57.108231 -0.325133 -0.600567 -0.730485 0.798021 0.041546 2 4 0.735367 71 0.264633
  4 0.941131 -4.015403 57.184479 -0.365519 -0.930439 -0.026054 0.801234 0.046959 2 4 0.735367 71 0.264633
white
  4 0.757891 -3.965170 57.189064 -0.188184 -0.779095 0.597995 0.802187 0.055254 2 4 0.735367 71 0.264633
  4 0.926954 -3.997844 57.145191 -0.142787 -0.922204 -0.359377 0.799837 0.047720 2 4 0.735367 71 0.264633
  4 0.941131 -4.015403 57.184479 -0.365519 -0.930439 -0.026054 0.801234 0.046959 2 4 0.735367 71 0.264633
white
  4 1.066748 -4.014098 57.108231 -0.325133 -0.600567 -0.730485 0.798021 0.041546 2 4 0.735367 71 0.264633
  4 1.100888 -4.099305 57.145737 -0.586545 -0.727960 -0.355020 0.798356 0.039861 2 4 0.735367 71 0.264633
  4 0.941131 -4.015403 57.184479 -0.365519 -0.930439 -0.026054 0.801234 0.046959 2 4 0.735367 71 0.264633
white
  4 0.757891 -3.965170 57.189064 -0.188184 -0.779095 0.597995 0.802187 0.055254 2 4 0.735367 71 0.264633
  4 0.762330 -3.884974 57.283546 -0.263203 -0.698727 0.665210 0.807377 0.054797 2 4 0.735367 71 0.264633
  4 0.482225 -3.860294 57.208122 -0.212233 -0.677595 0.704146 0.803295 0.064625 3 4 0.811482 71 0.188321 8 0.000197
white
  4 0.757891 -3.965170 57.189064 -0.188184 -0.779095 0.597995 0.802187 0.055254 2 4 0.735367 71 0.264633
  4 0.941131 -4.015403 57.184479 -0.365519 -0.930439 -0.026054 0.801234 0.046959 2 4 0.735367 71 0.264633
  4 0.762330 -3.884974 57.283546 -0.263203 -0.698727 0.665210 0.807377 0.054797 2 4 0.735367 71 0.264633
white
  4 0.762330 -3.884974 57.283546 -0.263203 -0.698727 0.665210 0.807377 0.054797 2 4 0.735367 71 0.264633
  4 0.475140 -3.653296 57.399811 -0.234356 -0.618755 0.749813 0.814516 0.064625 3 4 0.811482 71 0.188321 8 0.000197
  4 0.482225 -3.860294 57.208122 -0.212233 -0.677595 0.704146 0.803295 0.064625 3 4 0.811482 71 0.188321 8 0.000197
white
  4 0.941131 -4.015403 57.184479 -0.365519 -0.930439 -0.026054 0.801234 0.046959 2 4 0.735367 71 0.264633
  4 1.100888 -4.099305 57.145737 -0.586545 -0.727960 -0.355020 0.798356 0.039861 2 4 0.735367 71 0.264633
  4 0.958651 -4.007432 57.239082 -0.427256 -0.798101 0.424837 0.803644 0.045981 2 4 0.735367 71 0.264633
white
  4 0.941131 -4.015403 57.184479 -0.365519 -0.930439 -0.026054 0.801234 0.046959 2 4 0.735367 71 0.264633
  4 0.958651 -4.007432 57.239082 -0.427256 -0.798101 0.424837 0.803644 0.045981 2 4 0.735367 71 0.264633
  4 0.762330 -3.884974 57.283546 -0.263203 -0.698727 0.665210 0.807377 0.054797 2 4 0.735367 71 0.264633
white
  4 1.100888 -4.099305 57.145737 -0.586545 -0.727960 -0.355020 0.798356 0.039861 2 4 0.735367 71 0.264633
  4 1.137319 -4.147698 57.202244 -0.579541 -0.772861 0.258491 0.800036 0.037991 2 4 0.735367 71 0.264633
  4 0.958651 -4.007432 57.239082 -0.427256 -0.798101 0.424837 0.803644 0.045981 2 4 0.735367 71 0.264633
white
  4 0.958651 -4.007432 57.239082 -0.427256 -0.798101 0.424837 0.803644 0.045981 2 4 0.735367 71 0.264633
  4 1.137319 -4.147698 57.202244 -0.579541 -0.772861 0.258491 0.800036 0.037991 2 4 0.735367 71 0.264633
  4 0.978065 -3.950185 57.316055 -0.379156 -0.666020 0.642385 0.807709 0.044829 2 4 0.735367 71 0.264633
white
  4 0.762330 -3.884974 57.283546 -0.263203 -0.698727 0.665210 0.807377 0.054797 2 4 0.735367 71 0.264633
  4 0.958651 -4.007432 57.239082 -0.427256 -0.798101 0.424837 0.803644 0.045981 2 4 0.735367 71 0.264633
  4 0.978065 -3.950185 57.316055 -0.379156 -0.666020 0.642385 0.807709 0.044829 2 4 0.735367 71 0.264633
white
  4 1.137319 -4.147698 57.202244 -0.579541 -0.772861 0.258491 0.800036 0.037991 2 4 0.735367 71 0.264633
  4 1.174655 -4.102419 57.297848 -0.469012 -0.673956 0.570799 0.804670 0.035904 2 4 0.735367 71 0.264633
  4 0.978065 -3.950185 57.316055 -0.379156 -0.666020 0.642385 0.807709 0.044829 2 4 0.735367 71 0.264633
white
  4 0.978065 -3.950185 57.316055 -0.379156 -0.666020 0.642385 0.807709 0.044829 2 4 0.735367 71 0.264633
  4 1.174655 -4.102419 57.297848 -0.469012 -0.673956 0.570799 0.804670 0.035904 2 4 0.735367 71 0.264633
  4 1.192540 -4.009114 57.404434 -0.450508 -0.642567 0.619798 0.810424 0.034632 2 4 0.735367 71 0.264633
white
  4 0.978065 -3.950185 57.316055 -0.379156 -0.666020 0.642385 0.807709 0.044829 2 4 0.735367 71 0.264633
  4 0.770792 -3.747921 57.411201 -0.277725 -0.625109 0.729457 0.814819 0.054058 2 4 0.735367 71 0.264633
  4 0.762330 -3.884974 57.283546 -0.263203 -0.698727 0.665210 0.807377 0.054797 2 4 0.735367 71 0.264633
white
  4 0.770792 -3.747921 57.411201 -0.277725 -0.625109 0.729457 0.814819 0.054058 2 4 0.735367 71 0.264633
  4 0.475140 -3.653296 57.399811 -0.234356 -0.618755 0.749813 0.814516 0.064625 3 4 0.811482 71 0.188321 8 0.000197
  4 0.762330 -3.884974 57.283546 -0.263203 -0.698727 0.665210 0.807377 0.054797 2 4 0.735367 71 0.264633
white
  4 0.987284 -3.865498 57.400581 -0.398069 -0.635760 0.661325 0.812492 0.044111 2 4 0.735367 71 0.264633
  4 0.978065 -3.950185 57.316055 -0.379156 -0.666020 0.642385 0.807709 0.044829 2 4 0.735367 71 0.264633
  4 1.192540 -4.009114 57.404434 -0.450508 -0.642567 0.619798 0.810424 0.034632 2 4 0.735367 71 0.264633
white
  4 0.987284 -3.865498 57.400581 -0.398069 -0.635760 0.661325 0.812492 0.044111 2 4 0.735367 71 0.264633
  4 0.770792 -3.747921 57.411201 -0.277725 -0.625109 0.729457 0.814819 0.054058 2 4 0.735367 71 0.264633
  4 0.978065 -3.950185 57.316055 -0.379156 -0.666020 0.642385 0.807709 0.044829 2 4 0.735367 71 0.264633
white
  4 0.987284 -3.865498 57.400581 -0.398069 -0.635760 0.661325 0.812492 0.044111 2 4 0.735367 71 0.264633
  4 1.192540 -4.009114 57.404434 -0.450508 -0.642567 0.619798 0.810424 0.034632 2 4 0.735367 71 0.264633
  4 1.171554 -3.915380 57.493877 -0.479068 -0.639728 0.601034 0.815472 0.035230 2 4 0.735367 71 0.264633
white
  4 0.974525 -3.773179 57.480747 -0.409282 -0.612463 0.676297 0.817213 0.044416 2 4 0.735367 71 0.264633
  4 0.987284 -3.865498 57.400581 -0.398069 -0.635760 0.661325 0.812492 0.044111 2 4 0.735367 71 0.264633
  4 1.171554 -3.915380 57.493877 -0.479068 -0.639728 0.601034 0.815472 0.035230 2 4 0.735367 71 0.264633
white
  4 0.987284 -3.865498 57.400581 -0.398069 -0.635760 0.661325 0.812492 0.044111 2 4 0.735367 71 0.264633
  4 0.974525 -3.773179 57.480747 -0.409282 -0.612463 0.676297 0.817213 0.044416 2 4 0.735367 71 0.264633
  4 0.770792 -3.747921 57.411201 -0.277725 -0.625109 0.729457 0.814819 0.054058 2 4 0.735367 71 0.264633
white
  4 0.974525 -3.773179 57.480747 -0.409282 -0.612463 0.676297 0.817213 0.044416 2 4 0.735367 71 0.264633
  4 1.171554 -3.915380 57.493877 -0.479068 -0.639728 0.601034 0.815472 0.035230 2 4 0.735367 71 0.264633
  4 1.135184 -3.817769 57.562435 -0.457869 -0.554767 0.694686 0.819749 0.036632 2 4 0.735367 71 0.264633
white
  4 0.951809 -3.680844 57.546333 -0.349993 -0.503690 0.789811 0.821359 0.045242 2 4 0.735367 71 0.264633
  4 0.974525 -3.773179 57.480747 -0.409282 -0.612463 0.676297 0.817213 0.044416 2 4 0.735367 71 0.264633
  4 1.135184 -3.817769 57.562435 -0.457869 -0.554767 0.694686 0.819749 0.036632 2 4 0.735367 71 0.264633
white
  4 0.770792 -3.747921 57.411201 -0.277725 -0.625109 0.729457 0.814819 0.054058 2 4 0.735367 71 0.264633
  4 0.974525 -3.773179 57.480747 -0.409282 -0.612463 0.676297 0.817213 0.044416 2 4 0.735367 71 0.264633
  4 0.951809 -3.680844 57.546333 -0.349993 -0.503690 0.789811 0.821359 0.045242 2 4 0.735367 71 0.264633
white
  4 0.951809 -3.680844 57.546333 -0.349993 -0.503690 0.789811 0.821359 0.045242 2 4 0.735367 71 0.264633
  4 1.135184 -3.817769 57.562435 -0.457869 -0.554767 0.694686 0.819749 0.036632 2 4 0.735367 71 0.264633
  4 1.106843 -3.738480 57.581390 -0.261911 -0.259494 0.929551 0.821790 0.037871 2 4 0.735367 71 0.264633
white
  4 0.770792 -3.747921 57.411201 -0.277725 -0.625109 0.729457 0.814819 0.054058 2 4 0.735367 71 0.264633
  4 0.752210 -3.568498 57.544636 -0.213423 -0.518142 0.828239 0.823207 0.054548 3 4 0.811482 71 0.188321 8 0.000197
  4 0.475140 -3.653296 57.399811 -0.234356 -0.618755 0.749813 0.814516 0.064625 3 4 0.811482 71 0.188321 8 0.000197
white
  4 0.752210 -3.568498 57.544636 -0.213423 -0.518142 0.828239 0.823207 0.054548 3 4 0.811482 71 0.188321 8 0.000197
  4 0.770792 -3.747921 57.411201 -0.277725 -0.625109 0.729457 0.814819 0.054058 2 4 0.735367 71 0.264633
  4 0.951809 -3.680844 57.546333 -0.349993 -0.503690 0.789811 0.821359 0.045242 2 4 0.735367 71 0.264633
white
  4 0.752210 -3.568498 57.544636 -0.213423 -0.518142 0.828239 0.823207 0.054548 3 4 0.811482 71 0.188321 8 0.000197
  4 0.467205 -3.361663 57.614468 -0.154637 -0.633717 0.757951 0.828115 0.064625 3 4 0.936581 71 0.062740 8 0.000679
  4 0.475140 -3.653296 57.399811 -0.234356 -0.618755 0.749813 0.814516 0.064625 3 4 0.811482 71 0.188321 8 0.000197
white
  4 0.931688 -3.610448 57.573772 -0.173557 -0.266117 0.948188 0.823639 0.046090 3 4 0.810748 71 0.188573 8 0.000679
  4 0.951809 -3.680844 57.546333 -0.349993 -0.503690 0.789811 0.821359 0.045242 2 4 0.735367 71 0.264633
  4 1.106843 -3.738480 57.581390 -0.261911 -0.259494 0.929551 0.821790 0.037871 2 4 0.735367 71 0.264633
white
  4 0.752210 -3.568498 57.544636 -0.213423 -0.518142 0.828239 0.823207 0.054548 3 4 0.811482 71 0.188321 8 0.000197
  4 0.951809 -3.680844 57.546333 -0.349993 -0.503690 0.789811 0.821359 0.045242 2 4 0.735367 71 0.264633
  4 0.931688 -3.610448 57.573772 -0.173557 -0.266117 0.948188 0.823639 0.046090 3 4 0.810748 71 0.188573 8 0.000679
white
  4 0.931688 -3.610448 57.573772 -0.173557 -0.266117 0.948188 0.823639 0.046090 3 4 0.810748 71 0.188573 8 0.000679
  4 1.106843 -3.738480 57.581390 -0.261911 -0.259494 0.929551 0.821790 0.037871 2 4 0.735367 71 0.264633
  4 1.082626 -3.660067 57.574879 0.040246 0.076745 0.996238 0.822840 0.039035 2 4 0.727122 71 0.272878
white
  4 0.913966 -3.546101 57.582775 -0.025168 -0.153792 0.987783 0.825106 0.046883 3 4 0.810748 71 0.188573 8 0.000679
  4 0.931688 -3.610448 57.573772 -0.173557 -0.266117 0.948188 0.823639 0.046090 3 4 0.810748 71 0.188573 8 0.000679
  4 1.082626 -3.660067 57.574879 0.040246 0.076745 0.996238 0.822840 0.039035 2 4 0.727122 71 0.272878
white
  4 0.752210 -3.568498 57.544636 -0.213423 -0.518142 0.828239 0.823207 0.054548 3 4 0.811482 71 0.188321 8 0.000197
  4 0.931688 -3.610448 57.573772 -0.173557 -0.266117 0.948188 0.823639 0.046090 3 4 0.810748 71 0.188573 8 0.000679
  4 0.913966 -3.546101 57.582775 -0.025168 -0.153792 0.987783 0.825106 0.046883 3 4 0.810748 71 0.188573 8 0.000679
white
  4 0.913966 -3.546101 57.582775 -0.025168 -0.153792 0.987783 0.825106 0.046883 3 4 0.810748 71 0.188573 8 0.000679
  4 1.082626 -3.660067 57.574879 0.040246 0.076745 0.996238 0.822840 0.039035 2 4 0.727122 71 0.272878
  4 1.058302 -3.565250 57.566048 0.115145 0.032157 0.992828 0.824113 0.040198 2 4 0.727122 71 0.272878
white
  4 0.728022 -3.450184 57.604599 -0.068002 -0.473368 0.878236 0.827661 0.055515 3 4 0.811482 71 0.188321 8 0.000197
  4 0.467205 -3.361663 57.614468 -0.154637 -0.633717 0.757951 0.828115 0.064625 3 4 0.936581 71 0.062740 8 0.000679
  4 0.752210 -3.568498 57.544636 -0.213423 -0.518142 0.828239 0.823207 0.054548 3 4 0.811482 71 0.188321 8 0.000197
white
  4 0.728022 -3.450184 57.604599 -0.068002 -0.473368 0.878236 0.827661 0.055515 3 4 0.811482 71 0.188321 8 0.000197
  4 0.752210 -3.568498 57.544636 -0.213423 -0.518142 0.828239 0.823207 0.054548 3 4 0.811482 71 0.188321 8 0.000197
  4 0.913966 -3.546101 57.582775 -0.025168 -0.153792 0.987783 0.825106 0.046883 3 4 0.810748 71 0.188573 8 0.000679
white
  4 0.897701 -3.473223 57.591167 0.074457 -0.227078 0.971026 0.826722 0.047623 3 4 0.810748 71 0.188573 8 0.000679
  4 0.913966 -3.546101 57.582775 -0.025168 -0.153792 0.987783 0.825106 0.046883 3 4 0.810748 71 0.188573 8 0.000679
  4 1.058302 -3.565250 57.566048 0.115145 0.032157 0.992828 0.824113 0.040198 2 4 0.727122 71 0.272878
white
  4 0.728022 -3.450184 57.604599 -0.068002 -0.473368 0.878236 0.827661 0.055515 3 4 0.811482 71 0.188321 8 0.000197
  4 0.913966 -3.546101 57.582775 -0.025168 -0.153792 0.987783 0.825106 0.046883 3 4 0.810748 71 0.188573 8 0.000679
  4 0.897701 -3.473223 57.591167 0.074457 -0.227078 0.971026 0.826722 0.047623 3 4 0.810748 71 0.188573 8 0.000679
white
  4 0.897701 -3.473223 57.591167 0.074457 -0.227078 0.971026 0.826722 0.047623 3 4 0.810748 71 0.188573 8 0.000679
  4 1.058302 -3.565250 57.566048 0.115145 0.032157 0.992828 0.824113 0.040198 2 4 0.727122 71 0.272878
  4 1.035956 -3.456829 57.581802 0.075089 -0.281597 0.956590 0.826646 0.041187 3 4 0.810748 71 0.188573 8 0.000679
white
  4 0.728022 -3.450184 57.604599 -0.068002 -0.473368 0.878236 0.827661 0.055515 3 4 0.811482 71 0.188321 8 0.000197
  4 0.714025 -3.346108 57.670643 -0.092764 -0.752124 0.652460 0.832133 0.056004 3 4 0.874999 71 0.119281 8 0.005720
  4 0.467205 -3.361663 57.614468 -0.154637 -0.633717 0.757951 0.828115 0.064625 3 4 0.936581 71 0.062740 8 0.000679
white
  4 0.885344 -3.399759 57.621243 0.070092 -0.547074 0.834145 0.829226 0.048101 3 4 0.810748 71 0.188573 8 0.000679
  4 0.897701 -3.473223 57.591167 0.074457 -0.227078 0.971026 0.826722 0.047623 3 4 0.810748 71 0.188573 8 0.000679
  4 1.035956 -3.456829 57.581802 0.075089 -0.281597 0.956590 0.826646 0.041187 3 4 0.810748 71 0.188573 8 0.000679
white
  4 0.728022 -3.450184 57.604599 -0.068002 -0.473368 0.878236 0.827661 0.055515 3 4 0.811482 71 0.188321 8 0.000197
  4 0.897701 -3.473223 57.591167 0.074457 -0.227078 0.971026 0.826722 0.047623 3 4 0.810748 71 0.188573 8 0.000679
  4 0.885344 -3.399759 57.621243 0.070092 -0.547074 0.834145 0.829226 0.048101 3 4 0.810748 71 0.188573 8 0.000679
white
  4 0.714025 -3.346108 57.670643 -0.092764 -0.752124 0.652460 0.832133 0.056004 3 4 0.874999 71 0.119281 8 0.005720
  4 0.728022 -3.450184 57.604599 -0.068002 -0.473368 0.878236 0.827661 0.055515 3 4 0.811482 71 0.188321 8 0.000197
  4 0.885344 -3.399759 57.621243 0.070092 -0.547074 0.834145 0.829226 0.048101 3 4 0.810748 71 0.188573 8 0.000679
white
  4 0.885344 -3.399759 57.621243 0.070092 -0.547074 0.834145 0.829226 0.048101 3 4 0.810748 71 0.188573 8 0.000679
  4 1.035956 -3.456829 57.581802 0.075089 -0.281597 0.956590 0.826646 0.041187 3 4 0.810748 71 0.188573 8 0.000679
  4 1.016258 -3.335246 57.650402 0.148922 -0.626821 0.764799 0.831547 0.041850 3 4 0.810748 71 0.188573 8 0.000679
white
  4 0.714025 -3.346108 57.670643 -0.092764 -0.752124 0.652460 0.832133 0.056004 3 4 0.874999 71 0.119281 8 0.005720
  4 0.459986 -3.178562 57.809746 -0.319717 -0.773278 0.547560 0.839002 0.064625 3 4 0.936581 71 0.062740 8 0.000679
  4 0.467205 -3.361663 57.614468 -0.154637 -0.633717 0.757951 0.828115 0.064625 3 4 0.936581 71 0.062740 8 0.000679
white
  4 0.878360 -3.332094 57.696312 0.124195 -0.802488 0.583599 0.833385 0.048177 3 4 0.810748 71 0.188573 8 0.000679
  4 0.885344 -3.399759 57.621243 0.070092 -0.547074 0.834145 0.829226 0.048101 3 4 0.810748 71 0.188573 8 0.000679
  4 1.016258 -3.335246 57.650402 0.148922 -0.626821 0.764799 0.831547 0.041850 3 4 0.810748 71 0.188573 8 0.000679
white
  4 0.714025 -3.346108 57.670643 -0.092764 -0.752124 0.652460 0.832133 0.056004 3 4 0.874999 71 0.119281 8 0.005720
  4 0.885344 -3.399759 57.621243 0.070092 -0.547074 0.834145 0.829226 0.048101 3 4 0.810748 71 0.188573 8 0.000679
  4 0.878360 -3.332094 57.696312 0.124195 -0.802488 0.583599 0.833385 0.048177 3 4 0.810748 71 0.188573 8 0.000679
white
  4 0.878360 -3.332094 57.696312 0.124195 -0.802488 0.583599 0.833385 0.048177 3 4 0.810748 71 0.188573 8 0.000679
  4 1.016258 -3.335246 57.650402 0.148922 -0.626821 0.764799 0.831547 0.041850 3 4 0.810748 71 0.188573 8 0.000679
  4 1.007640 -3.258725 57.729965 0.200410 -0.969617 0.140281 0.836053 0.041948 3 4 0.810748 71 0.188573 8 0.000679
white
  4 0.877192 -3.290560 57.775967 0.105047 -0.977993 0.180262 0.837211 0.047971 3 4 0.874999 71 0.119281 8 0.005720
  4 0.878360 -3.332094 57.696312 0.124195 -0.802488 0.583599 0.833385 0.048177 3 4 0.810748 71 0.188573 8 0.000679
  4 1.007640 -3.258725 57.729965 0.200410 -0.969617 0.140281 0.836053 0.041948 3 4 0.810748 71 0.188573 8 0.000679
white
  4 0.714025 -3.346108 57.670643 -0.092764 -0.752124 0.652460 0.832133 0.056004 3 4 0.874999 71 0.119281 8 0.005720
  4 0.878360 -3.332094 57.696312 0.124195 -0.802488 0.583599 0.833385 0.048177 3 4 0.810748 71 0.188573 8 0.000679
  4 0.877192 -3.290560 57.775967 0.105047 -0.977993 0.180262 0.837211 0.047971 3 4 0.874999 71 0.119281 8 0.005720
white
  4 0.877192 -3.290560 57.775967 0.105047 -0.977993 0.180262 0.837211 0.047971 3 4 0.874999 71 0.119281 8 0.005720
  4 1.007640 -3.258725 57.729965 0.200410 -0.969617 0.140281 0.836053 0.041948 3 4 0.810748 71 0.188573 8 0.000679
  4 1.022579 -3.285820 57.780937 -0.157738 -0.814393 -0.558465 0.837489 0.041046 3 4 0.810748 71 0.188573 8 0.000679
white
  4 0.719597 -3.290472 57.825005 -0.176845 -0.905169 0.386516 0.839072 0.055319 3 4 0.874999 71 0.119281 8 0.005720
  4 0.459986 -3.178562 57.809746 -0.319717 -0.773278 0.547560 0.839002 0.064625 3 4 0.936581 71 0.062740 8 0.000679
  4 0.714025 -3.346108 57.670643 -0.092764 -0.752124 0.652460 0.832133 0.056004 3 4 0.874999 71 0.119281 8 0.005720
white
  4 0.719597 -3.290472 57.825005 -0.176845 -0.905169 0.386516 0.839072 0.055319 3 4 0.874999 71 0.119281 8 0.005720
  4 0.714025 -3.346108 57.670643 -0.092764 -0.752124 0.652460 0.832133 0.056004 3 4 0.874999 71 0.119281 8 0.005720
  4 0.877192 -3.290560 57.775967 0.105047 -0.977993 0.180262 0.837211 0.047971 3 4 0.874999 71 0.119281 8 0.005720
white
  4 0.884901 -3.291102 57.825375 -0.116098 -0.983841 -0.136304 0.839074 0.047438 3 4 0.874999 71 0.119281 8 0.005720
  4 0.877192 -3.290560 57.775967 0.105047 -0.977993 0.180262 0.837211 0.047971 3 4 0.874999 71 0.119281 8 0.005720
  4 1.022579 -3.285820 57.780937 -0.157738 -0.814393 -0.558465 0.837489 0.041046 3 4 0.810748 71 0.188573 8 0.000679
white
  4 0.719597 -3.290472 57.825005 -0.176845 -0.905169 0.386516 0.839072 0.055319 3 4 0.874999 71 0.119281 8 0.005720
  4 0.877192 -3.290560 57.775967 0.105047 -0.977993 0.180262 0.837211 0.047971 3 4 0.874999 71 0.119281 8 0.005720
  4 0.884901 -3.291102 57.825375 -0.116098 -0.983841 -0.136304 0.839074 0.047438 3 4 0.874999 71 0.119281 8 0.005720
white
  4 0.719597 -3.290472 57.825005 -0.176845 -0.905169 0.386516 0.839072 0.055319 3 4 0.874999 71 0.119281 8 0.005720
  4 0.727185 -3.246782 57.908875 -0.266922 -0.824557 0.498857 0.843034 0.054721 3 4 0.874999 71 0.119281 8 0.005720
  4 0.459986 -3.178562 57.809746 -0.319717 -0.773278 0.547560 0.839002 0.064625 3 4 0.936581 71 0.062740 8 0.000679
white
  4 0.719597 -3.290472 57.825005 -0.176845 -0.905169 0.386516 0.839072 0.055319 3 4 0.874999 71 0.119281 8 0.005720
  4 0.884901 -3.291102 57.825375 -0.116098 -0.983841 -0.136304 0.839074 0.047438 3 4 0.874999 71 0.119281 8 0.005720
  4 0.727185 -3.246782 57.908875 -0.266922 -0.824557 0.498857 0.843034 0.054721 3 4 0.874999 71 0.119281 8 0.005720
white
  4 0.727185 -3.246782 57.908875 -0.266922 -0.824557 0.498857 0.843034 0.054721 3 4 0.874999 71 0.119281 8 0.005720
  4 0.453013 -3.032968 57.998375 -0.344117 -0.697056 0.629044 0.848798 0.064625 3 4 0.997624 8 0.001500 71 0.000876
  4 0.459986 -3.178562 57.809746 -0.319717 -0.773278 0.547560 0.839002 0.064625 3 4 0.936581 71 0.062740 8 0.000679
white
  4 0.884901 -3.291102 57.825375 -0.116098 -0.983841 -0.136304 0.839074 0.047438 3 4 0.874999 71 0.119281 8 0.005720
  4 1.022579 -3.285820 57.780937 -0.157738 -0.814393 -0.558465 0.837489 0.041046 3 4 0.810748 71 0.188573 8 0.000679
  4 0.899758 -3.310720 57.866291 -0.398485 -0.889884 -0.222071 0.840249 0.046590 3 4 0.874999 71 0.119281 8 0.005720
white
  4 0.884901 -3.291102 57.825375 -0.116098 -0.983841 -0.136304 0.839074 0.047438 3 4 0.874999 71 0.119281 8 0.005720
  4 0.899758 -3.310720 57.866291 -0.398485 -0.889884 -0.222071 0.840249 0.046590 3 4 0.874999 71 0.119281 8 0.005720
  4 0.727185 -3.246782 57.908875 -0.266922 -0.824557 0.498857 0.843034 0.054721 3 4 0.874999 71 0.119281 8 0.005720
white
  4 1.022579 -3.285820 57.780937 -0.157738 -0.814393 -0.558465 0.837489 0.041046 3 4 0.810748 71 0.188573 8 0.000679
  4 1.048901 -3.361329 57.826393 -0.478719 -0.634545 -0.606779 0.837816 0.039611 3 4 0.810748 71 0.188573 8 0.000679
  4 0.899758 -3.310720 57.866291 -0.398485 -0.889884 -0.222071 0.840249 0.046590 3 4 0.874999 71 0.119281 8 0.005720
white
  4 0.759780 -3.190379 58.002918 -0.356673 -0.696426 0.622716 0.847570 0.052873 3 4 0.874999 71 0.119281 8 0.005720
  4 0.453013 -3.032968 57.998375 -0.344117 -0.697056 0.629044 0.848798 0.064625 3 4 0.997624 8 0.001500 71 0.000876
  4 0.727185 -3.246782 57.908875 -0.266922 -0.824557 0.498857 0.843034 0.054721 3 4 0.874999 71 0.119281 8 0.005720
white
  4 0.727185 -3.246782 57.908875 -0.266922 -0.824557 0.498857 0.843034 0.054721 3 4 0.874999 71 0.119281 8 0.005720
  4 0.899758 -3.310720 57.866291 -0.398485 -0.889884 -0.222071 0.840249 0.046590 3 4 0.874999 71 0.119281 8 0.005720
  4 0.759780 -3.190379 58.002918 -0.356673 -0.696426 0.622716 0.847570 0.052873 3 4 0.874999 71 0.119281 8 0.005720
white
  4 0.899758 -3.310720 57.866291 -0.398485 -0.889884 -0.222071 0.840249 0.046590 3 4 0.874999 71 0.119281 8 0.005720
  4 1.048901 -3.361329 57.826393 -0.478719 -0.634545 -0.606779 0.837816 0.039611 3 4 0.810748 71 0.188573 8 0.000679
  4 0.919555 -3.330209 57.916351 -0.547624 -0.836171 0.030424 0.841760 0.045459 3 4 0.874999 71 0.119281 8 0.005720
white
  4 0.899758 -3.310720 57.866291 -0.398485 -0.889884 -0.222071 0.840249 0.046590 3 4 0.874999 71 0.119281 8 0.005720
  4 0.919555 -3.330209 57.916351 -0.547624 -0.836171 0.030424 0.841760 0.045459 3 4 0.874999 71 0.119281 8 0.005720
  4 0.759780 -3.190379 58.002918 -0.356673 -0.696426 0.622716 0.847570 0.052873 3 4 0.874999 71 0.119281 8 0.005720
white
  4 1.048901 -3.361329 57.826393 -0.478719 -0.634545 -0.606779 0.837816 0.039611 3 4 0.810748 71 0.188573 8 0.000679
  4 1.073870 -3.438214 57.880997 -0.653036 -0.721992 -0.228630 0.838481 0.038197 3 4 0.810748 71 0.188573 8 0.000679
  4 0.919555 -3.330209 57.916351 -0.547624 -0.836171 0.030424 0.841760 0.045459 3 4 0.874999 71 0.119281 8 0.005720
white
  4 0.919555 -3.330209 57.916351 -0.547624 -0.836171 0.030424 0.841760 0.045459 3 4 0.874999 71 0.119281 8 0.005720
  4 1.073870 -3.438214 57.880997 -0.653036 -0.721992 -0.228630 0.838481 0.038197 3 4 0.810748 71 0.188573 8 0.000679
  4 0.942669 -3.324561 57.974480 -0.492417 -0.726821 0.478808 0.844016 0.044133 3 4 0.874999 71 0.119281 8 0.005720
white
  4 0.919555 -3.330209 57.916351 -0.547624 -0.836171 0.030424 0.841760 0.045459 3 4 0.874999 71 0.119281 8 0.005720
  4 0.942669 -3.324561 57.974480 -0.492417 -0.726821 0.478808 0.844016 0.044133 3 4 0.874999 71 0.119281 8 0.005720
  4 0.759780 -3.190379 58.002918 -0.356673 -0.696426 0.622716 0.847570 0.052873 3 4 0.874999 71 0.119281 8 0.005720
white
  4 1.073870 -3.438214 57.880997 -0.653036 -0.721992 -0.228630 0.838481 0.038197 3 4 0.810748 71 0.188573 8 0.000679
  4 1.099749 -3.471686 57.948551 -0.638380 -0.707845 0.302368 0.840406 0.036676 3 4 0.810748 71 0.188573 8 0.000679
  4 0.942669 -3.324561 57.974480 -0.492417 -0.726821 0.478808 0.844016 0.044133 3 4 0.874999 71 0.119281 8 0.005720
white
  4 0.942669 -3.324561 57.974480 -0.492417 -0.726821 0.478808 0.844016 0.044133 3 4 0.874999 71 0.119281 8 0.005720
  4 1.099749 -3.471686 57.948551 -0.638380 -0.707845 0.302368 0.840406 0.036676 3 4 0.810748 71 0.188573 8 0.000679
  4 0.967303 -3.268627 58.039719 -0.425167 -0.601582 0.676263 0.847426 0.042698 3 4 0.874999 71 0.119281 8 0.005720
white
  4 0.967303 -3.268627 58.039719 -0.425167 -0.601582 0.676263 0.847426 0.042698 3 4 0.874999 71 0.119281 8 0.005720
  4 0.759780 -3.190379 58.002918 -0.356673 -0.696426 0.622716 0.847570 0.052873 3 4 0.874999 71 0.119281 8 0.005720
  4 0.942669 -3.324561 57.974480 -0.492417 -0.726821 0.478808 0.844016 0.044133 3 4 0.874999 71 0.119281 8 0.005720
white
  4 1.099749 -3.471686 57.948551 -0.638380 -0.707845 0.302368 0.840406 0.036676 3 4 0.810748 71 0.188573 8 0.000679
  4 1.128187 -3.415642 58.033356 -0.517715 -0.593262 0.616450 0.844525 0.034925 3 4 0.810748 71 0.188573 8 0.000679
  4 0.967303 -3.268627 58.039719 -0.425167 -0.601582 0.676263 0.847426 0.042698 3 4 0.874999 71 0.119281 8 0.005720
white
  4 0.967303 -3.268627 58.039719 -0.425167 -0.601582 0.676263 0.847426 0.042698 3 4 0.874999 71 0.119281 8 0.005720
  4 1.128187 -3.415642 58.033356 -0.517715 -0.593262 0.616450 0.844525 0.034925 3 4 0.810748 71 0.188573 8 0.000679
  4 1.142469 -3.309577 58.133522 -0.497047 -0.576778 0.648283 0.849836 0.033806 3 4 0.874999 71 0.119281 8 0.005720
white
  4 0.980243 -3.189094 58.116219 -0.441820 -0.629516 0.639144 0.851501 0.041796 3 4 0.874999 71 0.119281 8 0.005720
  4 0.967303 -3.268627 58.039719 -0.425167 -0.601582 0.676263 0.847426 0.042698 3 4 0.874999 71 0.119281 8 0.005720
  4 1.142469 -3.309577 58.133522 -0.497047 -0.576778 0.648283 0.849836 0.033806 3 4 0.874999 71 0.119281 8 0.005720
white
  4 0.980243 -3.189094 58.116219 -0.441820 -0.629516 0.639144 0.851501 0.041796 3 4 0.874999 71 0.119281 8 0.005720
  4 0.759780 -3.190379 58.002918 -0.356673 -0.696426 0.622716 0.847570 0.052873 3 4 0.874999 71 0.119281 8 0.005720
  4 0.967303 -3.268627 58.039719 -0.425167 -0.601582 0.676263 0.847426 0.042698 3 4 0.874999 71 0.119281 8 0.005720
white
  4 0.980243 -3.189094 58.116219 -0.441820 -0.629516 0.639144 0.851501 0.041796 3 4 0.874999 71 0.119281 8 0.005720
  4 1.142469 -3.309577 58.133522 -0.497047 -0.576778 0.648283 0.849836 0.033806 3 4 0.874999 71 0.119281 8 0.005720
  4 1.127770 -3.197600 58.230366 -0.477150 -0.605846 0.636615 0.855135 0.034110 3 4 0.874999 71 0.119281 8 0.005720
white
  4 0.759780 -3.190379 58.002918 -0.356673 -0.696426 0.622716 0.847570 0.052873 3 4 0.874999 71 0.119281 8 0.005720
  4 0.789381 -3.076705 58.110558 -0.361072 -0.671031 0.647568 0.853473 0.051123 3 4 0.874999 71 0.119281 8 0.005720
  4 0.453013 -3.032968 57.998375 -0.344117 -0.697056 0.629044 0.848798 0.064625 3 4 0.997624 8 0.001500 71 0.000876
white
  4 0.980243 -3.189094 58.116219 -0.441820 -0.629516 0.639144 0.851501 0.041796 3 4 0.874999 71 0.119281 8 0.005720
  4 0.789381 -3.076705 58.110558 -0.361072 -0.671031 0.647568 0.853473 0.051123 3 4 0.874999 71 0.119281 8 0.005720
  4 0.759780 -3.190379 58.002918 -0.356673 -0.696426 0.622716 0.847570 0.052873 3 4 0.874999 71 0.119281 8 0.005720
white
  4 0.789381 -3.076705 58.110558 -0.361072 -0.671031 0.647568 0.853473 0.051123 3 4 0.874999 71 0.119281 8 0.005720
  4 0.446399 -2.849684 58.187634 -0.266905 -0.565383 0.780451 0.858851 0.064625 2 4 0.984889 8 0.015111
  4 0.453013 -3.032968 57.998375 -0.344117 -0.697056 0.629044 0.848798 0.064625 3 4 0.997624 8 0.001500 71 0.000876
white
  4 0.968740 -3.110124 58.202209 -0.431776 -0.656170 0.618878 0.855871 0.042046 3 4 0.874999 71 0.119281 8 0.005720
  4 0.980243 -3.189094 58.116219 -0.441820 -0.629516 0.639144 0.851501 0.041796 3 4 0.874999 71 0.119281 8 0.005720
  4 1.127770 -3.197600 58.230366 -0.477150 -0.605846 0.636615 0.855135 0.034110 3 4 0.874999 71 0.119281 8 0.005720
white
  4 0.789381 -3.076705 58.110558 -0.361072 -0.671031 0.647568 0.853473 0.051123 3 4 0.874999 71 0.119281 8 0.005720
  4 0.980243 -3.189094 58.116219 -0.441820 -0.629516 0.639144 0.851501 0.041796 3 4 0.874999 71 0.119281 8 0.005720
  4 0.968740 -3.110124 58.202209 -0.431776 -0.656170 0.618878 0.855871 0.042046 3 4 0.874999 71 0.119281 8 0.005720
white
  4 0.968740 -3.110124 58.202209 -0.431776 -0.656170 0.618878 0.855871 0.042046 3 4 0.874999 71 0.119281 8 0.005720
  4 1.127770 -3.197600 58.230366 -0.477150 -0.605846 0.636615 0.855135 0.034110 3 4 0.874999 71 0.119281 8 0.005720
  4 1.098524 -3.087493 58.300415 -0.381064 -0.483674 0.787940 0.859525 0.035262 3 4 0.933428 71 0.050225 8 0.016347
white
  4 0.944448 -3.029917 58.268005 -0.335713 -0.481741 0.809458 0.859587 0.043002 3 4 0.933428 71 0.050225 8 0.016347
  4 0.968740 -3.110124 58.202209 -0.431776 -0.656170 0.618878 0.855871 0.042046 3 4 0.874999 71 0.119281 8 0.005720
  4 1.098524 -3.087493 58.300415 -0.381064 -0.483674 0.787940 0.859525 0.035262 3 4 0.933428 71 0.050225 8 0.016347
white
  4 0.789381 -3.076705 58.110558 -0.361072 -0.671031 0.647568 0.853473 0.051123 3 4 0.874999 71 0.119281 8 0.005720
  4 0.968740 -3.110124 58.202209 -0.431776 -0.656170 0.618878 0.855871 0.042046 3 4 0.874999 71 0.119281 8 0.005720
  4 0.944448 -3.029917 58.268005 -0.335713 -0.481741 0.809458 0.859587 0.043002 3 4 0.933428 71 0.050225 8 0.016347
white
  4 0.944448 -3.029917 58.268005 -0.335713 -0.481741 0.809458 0.859587 0.043002 3 4 0.933428 71 0.050225 8 0.016347
  4 1.098524 -3.087493 58.300415 -0.381064 -0.483674 0.787940 0.859525 0.035262 3 4 0.933428 71 0.050225 8 0.016347
  4 1.069956 -2.989736 58.316010 -0.254756 -0.129911 0.958239 0.861910 0.036654 3 4 0.933428 71 0.050225 8 0.016347
white
  4 0.764879 -2.966430 58.246368 -0.289351 -0.487942 0.823522 0.860137 0.051928 3 4 0.983185 71 0.013493 8 0.003323
  4 0.446399 -2.849684 58.187634 -0.266905 -0.565383 0.780451 0.858851 0.064625 2 4 0.984889 8 0.015111
  4 0.789381 -3.076705 58.110558 -0.361072 -0.671031 0.647568 0.853473 0.051123 3 4 0.874999 71 0.119281 8 0.005720
white
  4 0.764879 -2.966430 58.246368 -0.289351 -0.487942 0.823522 0.860137 0.051928 3 4 0.983185 71 0.013493 8 0.003323
  4 0.789381 -3.076705 58.110558 -0.361072 -0.671031 0.647568 0.853473 0.051123 3 4 0.874999 71 0.119281 8 0.005720
  4 0.944448 -3.029917 58.268005 -0.335713 -0.481741 0.809458 0.859587 0.043002 3 4 0.933428 71 0.050225 8 0.016347
white
  4 0.919202 -2.948382 58.282448 -0.212390 -0.076661 0.974173 0.861653 0.044231 3 4 0.933428 71 0.050225 8 0.016347
  4 0.944448 -3.029917 58.268005 -0.335713 -0.481741 0.809458 0.859587 0.043002 3 4 0.933428 71 0.050225 8 0.016347
  4 1.069956 -2.989736 58.316010 -0.254756 -0.129911 0.958239 0.861910 0.036654 3 4 0.933428 71 0.050225 8 0.016347
white
  4 0.764879 -2.966430 58.246368 -0.289351 -0.487942 0.823522 0.860137 0.051928 3 4 0.983185 71 0.013493 8 0.003323
  4 0.944448 -3.029917 58.268005 -0.335713 -0.481741 0.809458 0.859587 0.043002 3 4 0.933428 71 0.050225 8 0.016347
  4 0.919202 -2.948382 58.282448 -0.212390 -0.076661 0.974173 0.861653 0.044231 3 4 0.933428 71 0.050225 8 0.016347
white
  4 0.919202 -2.948382 58.282448 -0.212390 -0.076661 0.974173 0.861653 0.044231 3 4 0.933428 71 0.050225 8 0.016347
  4 1.069956 -2.989736 58.316010 -0.254756 -0.129911 0.958239 0.861910 0.036654 3 4 0.933428 71 0.050225 8 0.016347
  4 1.040609 -2.900376 58.300961 -0.168003 0.122383 0.978160 0.863175 0.038219 3 4 0.933428 71 0.050225 8 0.016347
white
  4 0.764879 -2.966430 58.246368 -0.289351 -0.487942 0.823522 0.860137 0.051928 3 4 0.983185 71 0.013493 8 0.003323
  4 0.724252 -2.823940 58.266144 -0.082744 -0.186013 0.979057 0.863673 0.053873 3 4 0.970218 8 0.029032 71 0.000750
  4 0.446399 -2.849684 58.187634 -0.266905 -0.565383 0.780451 0.858851 0.064625 2 4 0.984889 8 0.015111
white
  4 0.892184 -2.864602 58.273502 -0.118573 0.026061 0.992603 0.863043 0.045612 3 4 0.970218 8 0.029032 71 0.000750
  4 0.919202 -2.948382 58.282448 -0.212390 -0.076661 0.974173 0.861653 0.044231 3 4 0.933428 71 0.050225 8 0.016347
  4 1.040609 -2.900376 58.300961 -0.168003 0.122383 0.978160 0.863175 0.038219 3 4 0.933428 71 0.050225 8 0.016347
white
  4 0.764879 -2.966430 58.246368 -0.289351 -0.487942 0.823522 0.860137 0.051928 3 4 0.983185 71 0.013493 8 0.003323
  4 0.919202 -2.948382 58.282448 -0.212390 -0.076661 0.974173 0.861653 0.044231 3 4 0.933428 71 0.050225 8 0.016347
  4 0.892184 -2.864602 58.273502 -0.118573 0.026061 0.992603 0.863043 0.045612 3 4 0.970218 8 0.029032 71 0.000750
white
  4 0.724252 -2.823940 58.266144 -0.082744 -0.186013 0.979057 0.863673 0.053873 3 4 0.970218 8 0.029032 71 0.000750
  4 0.764879 -2.966430 58.246368 -0.289351 -0.487942 0.823522 0.860137 0.051928 3 4 0.983185 71 0.013493 8 0.003323
  4 0.892184 -2.864602 58.273502 -0.118573 0.026061 0.992603 0.863043 0.045612 3 4 0.970218 8 0.029032 71 0.000750
white
  4 0.892184 -2.864602 58.273502 -0.118573 0.026061 0.992603 0.863043 0.045612 3 4 0.970218 8 0.029032 71 0.000750
  4 1.040609 -2.900376 58.300961 -0.168003 0.122383 0.978160 0.863175 0.038219 3 4 0.933428 71 0.050225 8 0.016347
  4 1.009145 -2.814763 58.279129 -0.087293 0.145708 0.985469 0.864203 0.039872 3 4 0.933428 71 0.050225 8 0.016347
white
  4 0.724252 -2.823940 58.266144 -0.082744 -0.186013 0.979057 0.863673 0.053873 3 4 0.970218 8 0.029032 71 0.000750
  4 0.441574 -2.611479 58.327549 0.058387 -0.387590 0.919981 0.868321 0.064625 2 4 0.974001 8 0.025999
  4 0.446399 -2.849684 58.187634 -0.266905 -0.565383 0.780451 0.858851 0.064625 2 4 0.984889 8 0.015111
white
  4 0.863371 -2.775236 58.268715 -0.015304 0.015822 0.999758 0.864725 0.047057 3 4 0.970218 8 0.029032 71 0.000750
  4 0.892184 -2.864602 58.273502 -0.118573 0.026061 0.992603 0.863043 0.045612 3 4 0.970218 8 0.029032 71 0.000750
  4 1.009145 -2.814763 58.279129 -0.087293 0.145708 0.985469 0.864203 0.039872 3 4 0.933428 71 0.050225 8 0.016347
white
  4 0.724252 -2.823940 58.266144 -0.082744 -0.186013 0.979057 0.863673 0.053873 3 4 0.970218 8 0.029032 71 0.000750
  4 0.892184 -2.864602 58.273502 -0.118573 0.026061 0.992603 0.863043 0.045612 3 4 0.970218 8 0.029032 71 0.000750
  4 0.863371 -2.775236 58.268715 -0.015304 0.015822 0.999758 0.864725 0.047057 3 4 0.970218 8 0.029032 71 0.000750
white
  4 0.863371 -2.775236 58.268715 -0.015304 0.015822 0.999758 0.864725 0.047057 3 4 0.970218 8 0.029032 71 0.000750
  4 1.009145 -2.814763 58.279129 -0.087293 0.145708 0.985469 0.864203 0.039872 3 4 0.933428 71 0.050225 8 0.016347
  4 0.978905 -2.726453 58.265896 -0.006455 0.022179 0.999733 0.865622 0.041415 3 4 0.970218 8 0.029032 71 0.000750
white
  4 0.836574 -2.682160 58.271835 0.054497 -0.105857 0.992887 0.866787 0.048373 3 4 0.970218 8 0.029032 71 0.000750
  4 0.863371 -2.775236 58.268715 -0.015304 0.015822 0.999758 0.864725 0.047057 3 4 0.970218 8 0.029032 71 0.000750
  4 0.978905 -2.726453 58.265896 -0.006455 0.022179 0.999733 0.865622 0.041415 3 4 0.970218 8 0.029032 71 0.000750
white
  4 0.724252 -2.823940 58.266144 -0.082744 -0.186013 0.979057 0.863673 0.053873 3 4 0.970218 8 0.029032 71 0.000750
  4 0.863371 -2.775236 58.268715 -0.015304 0.015822 0.999758 0.864725 0.047057 3 4 0.970218 8 0.029032 71 0.000750
  4 0.836574 -2.682160 58.271835 0.054497 -0.105857 0.992887 0.866787 0.048373 3 4 0.970218 8 0.029032 71 0.000750
white
  4 0.836574 -2.682160 58.271835 0.054497 -0.105857 0.992887 0.866787 0.048373 3 4 0.970218 8 0.029032 71 0.000750
  4 0.978905 -2.726453 58.265896 -0.006455 0.022179 0.999733 0.865622 0.041415 3 4 0.970218 8 0.029032 71 0.000750
  4 0.953944 -2.627284 58.277523 -0.001770 -0.202875 0.979203 0.868059 0.042622 3 4 0.970218 8 0.029032 71 0.000750
white
  4 0.679279 -2.646404 58.296219 0.120237 -0.198365 0.972725 0.868385 0.056015 2 4 0.974001 8 0.025999
  4 0.441574 -2.611479 58.327549 0.058387 -0.387590 0.919981 0.868321 0.064625 2 4 0.974001 8 0.025999
  4 0.724252 -2.823940 58.266144 -0.082744 -0.186013 0.979057 0.863673 0.053873 3 4 0.970218 8 0.029032 71 0.000750
white
  4 0.679279 -2.646404 58.296219 0.120237 -0.198365 0.972725 0.868385 0.056015 2 4 0.974001 8 0.025999
  4 0.724252 -2.823940 58.266144 -0.082744 -0.186013 0.979057 0.863673 0.053873 3 4 0.970218 8 0.029032 71 0.000750
  4 0.836574 -2.682160 58.271835 0.054497 -0.105857 0.992887 0.866787 0.048373 3 4 0.970218 8 0.029032 71 0.000750
white
  4 0.815954 -2.586828 58.287685 0.076238 -0.249483 0.965373 0.869319 0.049351 3 4 0.970218 8 0.029032 71 0.000750
  4 0.836574 -2.682160 58.271835 0.054497 -0.105857 0.992887 0.866787 0.048373 3 4 0.970218 8 0.029032 71 0.000750
  4 0.953944 -2.627284 58.277523 -0.001770 -0.202875 0.979203 0.868059 0.042622 3 4 0.970218 8 0.029032 71 0.000750
white
  4 0.679279 -2.646404 58.296219 0.120237 -0.198365 0.972725 0.868385 0.056015 2 4 0.974001 8 0.025999
  4 0.836574 -2.682160 58.271835 0.054497 -0.105857 0.992887 0.866787 0.048373 3 4 0.970218 8 0.029032 71 0.000750
  4 0.815954 -2.586828 58.287685 0.076238 -0.249483 0.965373 0.869319 0.049351 3 4 0.970218 8 0.029032 71 0.000750
white
  4 0.815954 -2.586828 58.287685 0.076238 -0.249483 0.965373 0.869319 0.049351 3 4 0.970218 8 0.029032 71 0.000750
  4 0.953944 -2.627284 58.277523 -0.001770 -0.202875 0.979203 0.868059 0.042622 3 4 0.970218 8 0.029032 71 0.000750
  4 0.936508 -2.516621 58.316391 -0.046272 -0.361938 0.931053 0.871255 0.043372 2 4 0.900763 8 0.099237
white
  4 0.679279 -2.646404 58.296219 0.120237 -0.198365 0.972725 0.868385 0.056015 2 4 0.974001 8 0.025999
  4 0.652201 -2.445628 58.358303 0.146830 -0.482335 0.863593 0.874159 0.057178 2 4 0.974001 8 0.025999
  4 0.441574 -2.611479 58.327549 0.058387 -0.387590 0.919981 0.868321 0.064625 2 4 0.974001 8 0.025999
white
  4 0.802642 -2.471389 58.326729 0.055074 -0.398782 0.915390 0.872459 0.049884 2 4 0.900763 8 0.099237
  4 0.815954 -2.586828 58.287685 0.076238 -0.249483 0.965373 0.869319 0.049351 3 4 0.970218 8 0.029032 71 0.000750
  4 0.936508 -2.516621 58.316391 -0.046272 -0.361938 0.931053 0.871255 0.043372 2 4 0.900763 8 0.099237
white
  4 0.679279 -2.646404 58.296219 0.120237 -0.198365 0.972725 0.868385 0.056015 2 4 0.974001 8 0.025999
  4 0.815954 -2.586828 58.287685 0.076238 -0.249483 0.965373 0.869319 0.049351 3 4 0.970218 8 0.029032 71 0.000750
  4 0.802642 -2.471389 58.326729 0.055074 -0.398782 0.915390 0.872459 0.049884 2 4 0.900763 8 0.099237
white
  4 0.652201 -2.445628 58.358303 0.146830 -0.482335 0.863593 0.874159 0.057178 2 4 0.974001 8 0.025999
  4 0.679279 -2.646404 58.296219 0.120237 -0.198365 0.972725 0.868385 0.056015 2 4 0.974001 8 0.025999
  4 0.802642 -2.471389 58.326729 0.055074 -0.398782 0.915390 0.872459 0.049884 2 4 0.900763 8 0.099237
white
  4 0.802642 -2.471389 58.326729 0.055074 -0.398782 0.915390 0.872459 0.049884 2 4 0.900763 8 0.099237
  4 0.936508 -2.516621 58.316391 -0.046272 -0.361938 0.931053 0.871255 0.043372 2 4 0.900763 8 0.099237
  4 0.932753 -2.390314 58.373718 -0.004780 -0.468001 0.883715 0.874955 0.043524 2 4 0.900763 8 0.099237
white
  4 0.652201 -2.445628 58.358303 0.146830 -0.482335 0.863593 0.874159 0.057178 2 4 0.974001 8 0.025999
  4 0.435104 -2.287249 58.507999 0.087739 -0.824154 0.559528 0.880004 0.064625 2 4 0.972391 8 0.027609
  4 0.441574 -2.611479 58.327549 0.058387 -0.387590 0.919981 0.868321 0.064625 2 4 0.974001 8 0.025999
white
  4 0.801426 -2.362550 58.392723 0.133428 -0.567342 0.812601 0.876348 0.049884 2 4 0.900763 8 0.099237
  4 0.802642 -2.471389 58.326729 0.055074 -0.398782 0.915390 0.872459 0.049884 2 4 0.900763 8 0.099237
  4 0.932753 -2.390314 58.373718 -0.004780 -0.468001 0.883715 0.874955 0.043524 2 4 0.900763 8 0.099237
white
  4 0.652201 -2.445628 58.358303 0.146830 -0.482335 0.863593 0.874159 0.057178 2 4 0.974001 8 0.025999
  4 0.802642 -2.471389 58.326729 0.055074 -0.398782 0.915390 0.872459 0.049884 2 4 0.900763 8 0.099237
  4 0.801426 -2.362550 58.392723 0.133428 -0.567342 0.812601 0.876348 0.049884 2 4 0.900763 8 0.099237
white
  4 0.801426 -2.362550 58.392723 0.133428 -0.567342 0.812601 0.876348 0.049884 2 4 0.900763 8 0.099237
  4 0.932753 -2.390314 58.373718 -0.004780 -0.468001 0.883715 0.874955 0.043524 2 4 0.900763 8 0.099237
  4 0.946976 -2.289782 58.427132 0.019455 -0.667087 0.744726 0.878056 0.042981 2 4 0.900763 8 0.099237
white
  4 0.663673 -2.292664 58.506161 0.132057 -0.814256 0.565286 0.881459 0.056483 2 4 0.972391 8 0.027609
  4 0.435104 -2.287249 58.507999 0.087739 -0.824154 0.559528 0.880004 0.064625 2 4 0.972391 8 0.027609
  4 0.652201 -2.445628 58.358303 0.146830 -0.482335 0.863593 0.874159 0.057178 2 4 0.974001 8 0.025999
white
  4 0.652201 -2.445628 58.358303 0.146830 -0.482335 0.863593 0.874159 0.057178 2 4 0.974001 8 0.025999
  4 0.801426 -2.362550 58.392723 0.133428 -0.567342 0.812601 0.876348 0.049884 2 4 0.900763 8 0.099237
  4 0.663673 -2.292664 58.506161 0.132057 -0.814256 0.565286 0.881459 0.056483 2 4 0.972391 8 0.027609
white
  4 0.815367 -2.267558 58.457851 0.201673 -0.695212 0.689934 0.879758 0.049319 2 4 0.900763 8 0.099237
  4 0.801426 -2.362550 58.392723 0.133428 -0.567342 0.812601 0.876348 0.049884 2 4 0.900763 8 0.099237
  4 0.946976 -2.289782 58.427132 0.019455 -0.667087 0.744726 0.878056 0.042981 2 4 0.900763 8 0.099237
white
  4 0.801426 -2.362550 58.392723 0.133428 -0.567342 0.812601 0.876348 0.049884 2 4 0.900763 8 0.099237
  4 0.815367 -2.267558 58.457851 0.201673 -0.695212 0.689934 0.879758 0.049319 2 4 0.900763 8 0.099237
  4 0.663673 -2.292664 58.506161 0.132057 -0.814256 0.565286 0.881459 0.056483 2 4 0.972391 8 0.027609
white
  4 0.815367 -2.267558 58.457851 0.201673 -0.695212 0.689934 0.879758 0.049319 2 4 0.900763 8 0.099237
  4 0.946976 -2.289782 58.427132 0.019455 -0.667087 0.744726 0.878056 0.042981 2 4 0.900763 8 0.099237
  4 0.844656 -2.225757 58.505062 0.154448 -0.880792 0.447606 0.881458 0.048166 2 4 0.901492 8 0.098508
white
  4 0.663673 -2.292664 58.506161 0.132057 -0.814256 0.565286 0.881459 0.056483 2 4 0.972391 8 0.027609
  4 0.815367 -2.267558 58.457851 0.201673 -0.695212 0.689934 0.879758 0.049319 2 4 0.900763 8 0.099237
  4 0.844656 -2.225757 58.505062 0.154448 -0.880792 0.447606 0.881458 0.048166 2 4 0.901492 8 0.098508
white
  4 0.946976 -2.289782 58.427132 0.019455 -0.667087 0.744726 0.878056 0.042981 2 4 0.900763 8 0.099237
  4 0.979826 -2.259259 58.468372 -0.185893 -0.888058 0.420471 0.879450 0.041654 2 4 0.900763 8 0.099237
  4 0.844656 -2.225757 58.505062 0.154448 -0.880792 0.447606 0.881458 0.048166 2 4 0.901492 8 0.098508
white
  4 0.435104 -2.287249 58.507999 0.087739 -0.824154 0.559528 0.880004 0.064625 2 4 0.972391 8 0.027609
  4 0.663673 -2.292664 58.506161 0.132057 -0.814256 0.565286 0.881459 0.056483 2 4 0.972391 8 0.027609
  4 0.709995 -2.247611 58.603416 0.241262 -0.881931 0.404957 0.884839 0.054580 2 4 0.965683 8 0.034317
white
  4 0.709995 -2.247611 58.603416 0.241262 -0.881931 0.404957 0.884839 0.054580 2 4 0.965683 8 0.034317
  4 0.663673 -2.292664 58.506161 0.132057 -0.814256 0.565286 0.881459 0.056483 2 4 0.972391 8 0.027609
  4 0.844656 -2.225757 58.505062 0.154448 -0.880792 0.447606 0.881458 0.048166 2 4 0.901492 8 0.098508
white
  4 0.433312 -2.234326 58.745567 0.245597 -0.844993 0.475047 0.890060 0.064625 2 4 0.965683 8 0.034317
  4 0.435104 -2.287249 58.507999 0.087739 -0.824154 0.559528 0.880004 0.064625 2 4 0.972391 8 0.027609
  4 0.709995 -2.247611 58.603416 0.241262 -0.881931 0.404957 0.884839 0.054580 2 4 0.965683 8 0.034317
white
  4 0.844656 -2.225757 58.505062 0.154448 -0.880792 0.447606 0.881458 0.048166 2 4 0.901492 8 0.098508
  4 0.979826 -2.259259 58.468372 -0.185893 -0.888058 0.420471 0.879450 0.041654 2 4 0.900763 8 0.099237
  4 0.881472 -2.205387 58.546055 0.036879 -0.910229 0.412460 0.882503 0.046753 2 4 0.901492 8 0.098508
white
  4 0.881472 -2.205387 58.546055 0.036879 -0.910229 0.412460 0.882503 0.046753 2 4 0.901492 8 0.098508
  4 0.709995 -2.247611 58.603416 0.241262 -0.881931 0.404957 0.884839 0.054580 2 4 0.965683 8 0.034317
  4 0.844656 -2.225757 58.505062 0.154448 -0.880792 0.447606 0.881458 0.048166 2 4 0.901492 8 0.098508
white
  4 0.979826 -2.259259 58.468372 -0.185893 -0.888058 0.420471 0.879450 0.041654 2 4 0.900763 8 0.099237
  4 1.020950 -2.263696 58.509132 -0.381440 -0.882021 0.276663 0.880187 0.039959 2 4 0.901492 8 0.098508
  4 0.881472 -2.205387 58.546055 0.036879 -0.910229 0.412460 0.882503 0.046753 2 4 0.901492 8 0.098508
white
  4 0.709995 -2.247611 58.603416 0.241262 -0.881931 0.404957 0.884839 0.054580 2 4 0.965683 8 0.034317
  4 0.757846 -2.171387 58.689850 0.262279 -0.732409 0.628320 0.888951 0.052906 2 4 0.965683 8 0.034317
  4 0.433312 -2.234326 58.745567 0.245597 -0.844993 0.475047 0.890060 0.064625 2 4 0.965683 8 0.034317
white
  4 0.881472 -2.205387 58.546055 0.036879 -0.910229 0.412460 0.882503 0.046753 2 4 0.901492 8 0.098508
  4 0.757846 -2.171387 58.689850 0.262279 -0.732409 0.628320 0.888951 0.052906 2 4 0.965683 8 0.034317
  4 0.709995 -2.247611 58.603416 0.241262 -0.881931 0.404957 0.884839 0.054580 2 4 0.965683 8 0.034317
white
  4 0.881472 -2.205387 58.546055 0.036879 -0.910229 0.412460 0.882503 0.046753 2 4 0.901492 8 0.098508
  4 1.020950 -2.263696 58.509132 -0.381440 -0.882021 0.276663 0.880187 0.039959 2 4 0.901492 8 0.098508
  4 0.918010 -2.186471 58.588745 -0.063707 -0.855156 0.514440 0.883900 0.045394 2 4 0.874462 8 0.125538
white
  4 0.881472 -2.205387 58.546055 0.036879 -0.910229 0.412460 0.882503 0.046753 2 4 0.901492 8 0.098508
  4 0.918010 -2.186471 58.588745 -0.063707 -0.855156 0.514440 0.883900 0.045394 2 4 0.874462 8 0.125538
  4 0.757846 -2.171387 58.689850 0.262279 -0.732409 0.628320 0.888951 0.052906 2 4 0.965683 8 0.034317
white
  4 1.020950 -2.263696 58.509132 -0.381440 -0.882021 0.276663 0.880187 0.039959 2 4 0.901492 8 0.098508
  4 1.058835 -2.269447 58.560249 -0.475883 -0.792896 0.380592 0.881313 0.038317 2 4 0.901492 8 0.098508
  4 0.918010 -2.186471 58.588745 -0.063707 -0.855156 0.514440 0.883900 0.045394 2 4 0.874462 8 0.125538
white
  4 0.918010 -2.186471 58.588745 -0.063707 -0.855156 0.514440 0.883900 0.045394 2 4 0.874462 8 0.125538
  4 1.058835 -2.269447 58.560249 -0.475883 -0.792896 0.380592 0.881313 0.038317 2 4 0.901492 8 0.098508
  4 0.948730 -2.146264 58.642159 -0.088713 -0.730702 0.676908 0.886473 0.044253 2 4 0.862458 8 0.137542
white
  4 0.918010 -2.186471 58.588745 -0.063707 -0.855156 0.514440 0.883900 0.045394 2 4 0.874462 8 0.125538
  4 0.948730 -2.146264 58.642159 -0.088713 -0.730702 0.676908 0.886473 0.044253 2 4 0.862458 8 0.137542
  4 0.757846 -2.171387 58.689850 0.262279 -0.732409 0.628320 0.888951 0.052906 2 4 0.965683 8 0.034317
white
  4 1.058835 -2.269447 58.560249 -0.475883 -0.792896 0.380592 0.881313 0.038317 2 4 0.901492 8 0.098508
  4 1.095400 -2.259915 58.627739 -0.503459 -0.679226 0.534024 0.883933 0.036784 2 4 0.862458 8 0.137542
  4 0.948730 -2.146264 58.642159 -0.088713 -0.730702 0.676908 0.886473 0.044253 2 4 0.862458 8 0.137542
white
  4 0.948730 -2.146264 58.642159 -0.088713 -0.730702 0.676908 0.886473 0.044253 2 4 0.862458 8 0.137542
  4 1.095400 -2.259915 58.627739 -0.503459 -0.679226 0.534024 0.883933 0.036784 2 4 0.862458 8 0.137542
  4 0.967728 -2.060803 58.720730 -0.149382 -0.650149 0.744977 0.891047 0.043503 2 4 0.862458 8 0.137542
white
  4 0.757846 -2.171387 58.689850 0.262279 -0.732409 0.628320 0.888951 0.052906 2 4 0.965683 8 0.034317
  4 0.948730 -2.146264 58.642159 -0.088713 -0.730702 0.676908 0.886473 0.044253 2 4 0.862458 8 0.137542
  4 0.967728 -2.060803 58.720730 -0.149382 -0.650149 0.744977 0.891047 0.043503 2 4 0.862458 8 0.137542
white
  4 1.095400 -2.259915 58.627739 -0.503459 -0.679226 0.534024 0.883933 0.036784 2 4 0.862458 8 0.137542
  4 1.127553 -2.192110 58.719627 -0.499464 -0.613066 0.612116 0.889068 0.035414 2 4 0.862458 8 0.137542
  4 0.967728 -2.060803 58.720730 -0.149382 -0.650149 0.744977 0.891047 0.043503 2 4 0.862458 8 0.137542
white
  4 0.967728 -2.060803 58.720730 -0.149382 -0.650149 0.744977 0.891047 0.043503 2 4 0.862458 8 0.137542
  4 1.127553 -2.192110 58.719627 -0.499464 -0.613066 0.612116 0.889068 0.035414 2 4 0.862458 8 0.137542
  4 1.139063 -2.101276 58.823570 -0.517770 -0.568436 0.639371 0.895347 0.034828 2 4 0.862458 8 0.137542
white
  4 0.757846 -2.171387 58.689850 0.262279 -0.732409 0.628320 0.888951 0.052906 2 4 0.965683 8 0.034317
  4 0.756031 -2.000315 58.836143 0.320041 -0.634610 0.703451 0.897520 0.052819 2 4 0.862458 8 0.137542
  4 0.433312 -2.234326 58.745567 0.245597 -0.844993 0.475047 0.890060 0.064625 2 4 0.965683 8 0.034317
white
  4 0.757846 -2.171387 58.689850 0.262279 -0.732409 0.628320 0.888951 0.052906 2 4 0.965683 8 0.034317
  4 0.967728 -2.060803 58.720730 -0.149382 -0.650149 0.744977 0.891047 0.043503 2 4 0.862458 8 0.137542
  4 0.756031 -2.000315 58.836143 0.320041 -0.634610 0.703451 0.897520 0.052819 2 4 0.862458 8 0.137542
white
  4 0.756031 -2.000315 58.836143 0.320041 -0.634610 0.703451 0.897520 0.052819 2 4 0.862458 8 0.137542
  4 0.433275 -2.083366 58.967812 0.456831 -0.691452 0.559642 0.901596 0.064625 2 4 0.970273 8 0.029727
  4 0.433312 -2.234326 58.745567 0.245597 -0.844993 0.475047 0.890060 0.064625 2 4 0.965683 8 0.034317
white
  4 0.969785 -1.947023 58.811920 -0.172126 -0.616559 0.768263 0.896400 0.043372 2 4 0.862458 8 0.137542
  4 0.967728 -2.060803 58.720730 -0.149382 -0.650149 0.744977 0.891047 0.043503 2 4 0.862458 8 0.137542
  4 1.139063 -2.101276 58.823570 -0.517770 -0.568436 0.639371 0.895347 0.034828 2 4 0.862458 8 0.137542
white
  4 0.967728 -2.060803 58.720730 -0.149382 -0.650149 0.744977 0.891047 0.043503 2 4 0.862458 8 0.137542
  4 0.969785 -1.947023 58.811920 -0.172126 -0.616559 0.768263 0.896400 0.043372 2 4 0.862458 8 0.137542
  4 0.756031 -2.000315 58.836143 0.320041 -0.634610 0.703451 0.897520 0.052819 2 4 0.862458 8 0.137542
white
  4 0.969785 -1.947023 58.811920 -0.172126 -0.616559 0.768263 0.896400 0.043372 2 4 0.862458 8 0.137542
  4 1.139063 -2.101276 58.823570 -0.517770 -0.568436 0.639371 0.895347 0.034828 2 4 0.862458 8 0.137542
  4 1.122329 -1.968157 58.914978 -0.498023 -0.521988 0.692460 0.901173 0.035545 2 4 0.869854 8 0.130146
white
  4 0.951185 -1.844741 58.891479 -0.128143 -0.599411 0.790118 0.901132 0.044035 2 4 0.869854 8 0.130146
  4 0.969785 -1.947023 58.811920 -0.172126 -0.616559 0.768263 0.896400 0.043372 2 4 0.862458 8 0.137542
  4 1.122329 -1.968157 58.914978 -0.498023 -0.521988 0.692460 0.901173 0.035545 2 4 0.869854 8 0.130146
white
  4 0.756031 -2.000315 58.836143 0.320041 -0.634610 0.703451 0.897520 0.052819 2 4 0.862458 8 0.137542
  4 0.969785 -1.947023 58.811920 -0.172126 -0.616559 0.768263 0.896400 0.043372 2 4 0.862458 8 0.137542
  4 0.951185 -1.844741 58.891479 -0.128143 -0.599411 0.790118 0.901132 0.044035 2 4 0.869854 8 0.130146
white
  4 0.951185 -1.844741 58.891479 -0.128143 -0.599411 0.790118 0.901132 0.044035 2 4 0.869854 8 0.130146
  4 1.122329 -1.968157 58.914978 -0.498023 -0.521988 0.692460 0.901173 0.035545 2 4 0.869854 8 0.130146
  4 1.080875 -1.815704 58.982582 -0.360055 -0.443780 0.820622 0.905370 0.037295 2 4 0.869854 8 0.130146
white
  4 0.915697 -1.759457 58.956306 0.058985 -0.504252 0.861540 0.904796 0.045209 2 4 0.869854 8 0.130146
  4 0.951185 -1.844741 58.891479 -0.128143 -0.599411 0.790118 0.901132 0.044035 2 4 0.869854 8 0.130146
  4 1.080875 -1.815704 58.982582 -0.360055 -0.443780 0.820622 0.905370 0.037295 2 4 0.869854 8 0.130146
white
  4 0.756031 -2.000315 58.836143 0.320041 -0.634610 0.703451 0.897520 0.052819 2 4 0.862458 8 0.137542
  4 0.951185 -1.844741 58.891479 -0.128143 -0.599411 0.790118 0.901132 0.044035 2 4 0.869854 8 0.130146
  4 0.915697 -1.759457 58.956306 0.058985 -0.504252 0.861540 0.904796 0.045209 2 4 0.869854 8 0.130146
white
  4 0.915697 -1.759457 58.956306 0.058985 -0.504252 0.861540 0.904796 0.045209 2 4 0.869854 8 0.130146
  4 1.080875 -1.815704 58.982582 -0.360055 -0.443780 0.820622 0.905370 0.037295 2 4 0.869854 8 0.130146
  4 1.022266 -1.699618 58.993446 -0.104299 -0.248606 0.962973 0.906778 0.039839 2 4 0.869854 8 0.130146
white
  4 0.720432 -1.883540 58.969776 0.437188 -0.572539 0.693589 0.904408 0.054015 2 4 0.869854 8 0.130146
  4 0.756031 -2.000315 58.836143 0.320041 -0.634610 0.703451 0.897520 0.052819 2 4 0.862458 8 0.137542
  4 0.915697 -1.759457 58.956306 0.058985 -0.504252 0.861540 0.904796 0.045209 2 4 0.869854 8 0.130146
white
  4 0.720432 -1.883540 58.969776 0.437188 -0.572539 0.693589 0.904408 0.054015 2 4 0.869854 8 0.130146
  4 0.433275 -2.083366 58.967812 0.456831 -0.691452 0.559642 0.901596 0.064625 2 4 0.970273 8 0.029727
  4 0.756031 -2.000315 58.836143 0.320041 -0.634610 0.703451 0.897520 0.052819 2 4 0.862458 8 0.137542
white
  4 0.877916 -1.694147 58.996788 0.237521 -0.401614 0.884471 0.906840 0.046623 2 4 0.869854 8 0.130146
  4 0.915697 -1.759457 58.956306 0.058985 -0.504252 0.861540 0.904796 0.045209 2 4 0.869854 8 0.130146
  4 1.022266 -1.699618 58.993446 -0.104299 -0.248606 0.962973 0.906778 0.039839 2 4 0.869854 8 0.130146
white
  4 0.720432 -1.883540 58.969776 0.437188 -0.572539 0.693589 0.904408 0.054015 2 4 0.869854 8 0.130146
  4 0.915697 -1.759457 58.956306 0.058985 -0.504252 0.861540 0.904796 0.045209 2 4 0.869854 8 0.130146
  4 0.877916 -1.694147 58.996788 0.237521 -0.401614 0.884471 0.906840 0.046623 2 4 0.869854 8 0.130146
white
  4 0.877916 -1.694147 58.996788 0.237521 -0.401614 0.884471 0.906840 0.046623 2 4 0.869854 8 0.130146
  4 1.022266 -1.699618 58.993446 -0.104299 -0.248606 0.962973 0.906778 0.039839 2 4 0.869854 8 0.130146
  4 0.965061 -1.615253 59.005035 0.228001 -0.351385 0.908044 0.907930 0.042068 2 4 0.869854 8 0.130146
white
  4 0.720432 -1.883540 58.969776 0.437188 -0.572539 0.693589 0.904408 0.054015 2 4 0.869854 8 0.130146
  4 0.687670 -1.779659 59.075371 0.562084 -0.535544 0.630281 0.909473 0.054808 2 4 0.869854 8 0.130146
  4 0.433275 -2.083366 58.967812 0.456831 -0.691452 0.559642 0.901596 0.064625 2 4 0.970273 8 0.029727
white
  4 0.687670 -1.779659 59.075371 0.562084 -0.535544 0.630281 0.909473 0.054808 2 4 0.869854 8 0.130146
  4 0.431403 -1.902704 59.206726 0.671917 -0.635685 0.380042 0.913666 0.064625 2 4 0.970273 8 0.029727
  4 0.433275 -2.083366 58.967812 0.456831 -0.691452 0.559642 0.901596 0.064625 2 4 0.970273 8 0.029727
white
  4 0.720432 -1.883540 58.969776 0.437188 -0.572539 0.693589 0.904408 0.054015 2 4 0.869854 8 0.130146
  4 0.877916 -1.694147 58.996788 0.237521 -0.401614 0.884471 0.906840 0.046623 2 4 0.869854 8 0.130146
  4 0.842393 -1.640798 59.037849 0.434885 -0.501386 0.747989 0.908733 0.047720 2 4 0.869854 8 0.130146
white
  4 0.842393 -1.640798 59.037849 0.434885 -0.501386 0.747989 0.908733 0.047720 2 4 0.869854 8 0.130146
  4 0.877916 -1.694147 58.996788 0.237521 -0.401614 0.884471 0.906840 0.046623 2 4 0.869854 8 0.130146
  4 0.965061 -1.615253 59.005035 0.228001 -0.351385 0.908044 0.907930 0.042068 2 4 0.869854 8 0.130146
white
  4 0.687670 -1.779659 59.075371 0.562084 -0.535544 0.630281 0.909473 0.054808 2 4 0.869854 8 0.130146
  4 0.720432 -1.883540 58.969776 0.437188 -0.572539 0.693589 0.904408 0.054015 2 4 0.869854 8 0.130146
  4 0.842393 -1.640798 59.037849 0.434885 -0.501386 0.747989 0.908733 0.047720 2 4 0.869854 8 0.130146
white
  4 0.827253 -1.548619 59.119904 0.536380 -0.506082 0.675409 0.911945 0.047927 2 4 0.869854 8 0.130146
  4 0.842393 -1.640798 59.037849 0.434885 -0.501386 0.747989 0.908733 0.047720 2 4 0.869854 8 0.130146
  4 0.965061 -1.615253 59.005035 0.228001 -0.351385 0.908044 0.907930 0.042068 2 4 0.869854 8 0.130146
white
  4 0.687670 -1.779659 59.075371 0.562084 -0.535544 0.630281 0.909473 0.054808 2 4 0.869854 8 0.130146
  4 0.842393 -1.640798 59.037849 0.434885 -0.501386 0.747989 0.908733 0.047720 2 4 0.869854 8 0.130146
  4 0.827253 -1.548619 59.119904 0.536380 -0.506082 0.675409 0.911945 0.047927 2 4 0.869854 8 0.130146
white
  4 0.931028 -1.502852 59.085247 0.457271 -0.487695 0.743678 0.911349 0.042916 2 4 0.869854 8 0.130146
  4 0.827253 -1.548619 59.119904 0.536380 -0.506082 0.675409 0.911945 0.047927 2 4 0.869854 8 0.130146
  4 0.965061 -1.615253 59.005035 0.228001 -0.351385 0.908044 0.907930 0.042068 2 4 0.869854 8 0.130146
white
  4 0.680892 -1.583072 59.247288 0.700419 -0.480470 0.527790 0.915804 0.053928 2 4 0.870928 8 0.129072
  4 0.431403 -1.902704 59.206726 0.671917 -0.635685 0.380042 0.913666 0.064625 2 4 0.970273 8 0.029727
  4 0.687670 -1.779659 59.075371 0.562084 -0.535544 0.630281 0.909473 0.054808 2 4 0.869854 8 0.130146
white
  4 0.680892 -1.583072 59.247288 0.700419 -0.480470 0.527790 0.915804 0.053928 2 4 0.870928 8 0.129072
  4 0.687670 -1.779659 59.075371 0.562084 -0.535544 0.630281 0.909473 0.054808 2 4 0.869854 8 0.130146
  4 0.827253 -1.548619 59.119904 0.536380 -0.506082 0.675409 0.911945 0.047927 2 4 0.869854 8 0.130146
white
  4 0.432796 -1.867171 59.433781 0.828882 -0.519009 0.208766 0.924249 0.064625 2 4 0.970273 8 0.029727
  4 0.431403 -1.902704 59.206726 0.671917 -0.635685 0.380042 0.913666 0.064625 2 4 0.970273 8 0.029727
  4 0.680892 -1.583072 59.247288 0.700419 -0.480470 0.527790 0.915804 0.053928 2 4 0.870928 8 0.129072
white
  4 0.831277 -1.429551 59.208683 0.527055 -0.531687 0.662965 0.915089 0.047460 2 4 0.870928 8 0.129072
  4 0.827253 -1.548619 59.119904 0.536380 -0.506082 0.675409 0.911945 0.047927 2 4 0.869854 8 0.130146
  4 0.931028 -1.502852 59.085247 0.457271 -0.487695 0.743678 0.911349 0.042916 2 4 0.869854 8 0.130146
white
  4 0.831277 -1.429551 59.208683 0.527055 -0.531687 0.662965 0.915089 0.047460 2 4 0.870928 8 0.129072
  4 0.680892 -1.583072 59.247288 0.700419 -0.480470 0.527790 0.915804 0.053928 2 4 0.870928 8 0.129072
  4 0.827253 -1.548619 59.119904 0.536380 -0.506082 0.675409 0.911945 0.047927 2 4 0.869854 8 0.130146
white
  4 0.929136 -1.392026 59.175655 0.454791 -0.681004 0.573933 0.914744 0.042578 2 4 0.870928 8 0.129072
  4 0.831277 -1.429551 59.208683 0.527055 -0.531687 0.662965 0.915089 0.047460 2 4 0.870928 8 0.129072
  4 0.931028 -1.502852 59.085247 0.457271 -0.487695 0.743678 0.911349 0.042916 2 4 0.869854 8 0.130146
white
  4 0.831277 -1.429551 59.208683 0.527055 -0.531687 0.662965 0.915089 0.047460 2 4 0.870928 8 0.129072
  4 0.929136 -1.392026 59.175655 0.454791 -0.681004 0.573933 0.914744 0.042578 2 4 0.870928 8 0.129072
  4 0.955745 -1.351233 59.216114 0.100602 -0.917607 0.384547 0.915825 0.041252 2 4 0.870928 8 0.129072
white
  4 0.832918 -1.326740 59.283726 0.452505 -0.581509 0.676081 0.916778 0.046503 2 4 0.870928 8 0.129072
  4 0.831277 -1.429551 59.208683 0.527055 -0.531687 0.662965 0.915089 0.047460 2 4 0.870928 8 0.129072
  4 0.955745 -1.351233 59.216114 0.100602 -0.917607 0.384547 0.915825 0.041252 2 4 0.870928 8 0.129072
white
  4 0.680892 -1.583072 59.247288 0.700419 -0.480470 0.527790 0.915804 0.053928 2 4 0.870928 8 0.129072
  4 0.831277 -1.429551 59.208683 0.527055 -0.531687 0.662965 0.915089 0.047460 2 4 0.870928 8 0.129072
  4 0.832918 -1.326740 59.283726 0.452505 -0.581509 0.676081 0.916778 0.046503 2 4 0.870928 8 0.129072
white
  4 0.832918 -1.326740 59.283726 0.452505 -0.581509 0.676081 0.916778 0.046503 2 4 0.870928 8 0.129072
  4 0.955745 -1.351233 59.216114 0.100602 -0.917607 0.384547 0.915825 0.041252 2 4 0.870928 8 0.129072
  4 0.998506 -1.353621 59.233795 -0.191443 -0.825795 0.530482 0.915953 0.039404 2 4 0.870928 8 0.129072
white
  4 0.680892 -1.583072 59.247288 0.700419 -0.480470 0.527790 0.915804 0.053928 2 4 0.870928 8 0.129072
  4 0.832918 -1.326740 59.283726 0.452505 -0.581509 0.676081 0.916778 0.046503 2 4 0.870928 8 0.129072
  4 0.690960 -1.392058 59.388832 0.759144 -0.482160 0.437290 0.919974 0.052460 2 4 0.870928 8 0.129072
white
  4 0.690960 -1.392058 59.388832 0.759144 -0.482160 0.437290 0.919974 0.052460 2 4 0.870928 8 0.129072
  4 0.432796 -1.867171 59.433781 0.828882 -0.519009 0.208766 0.924249 0.064625 2 4 0.970273 8 0.029727
  4 0.680892 -1.583072 59.247288 0.700419 -0.480470 0.527790 0.915804 0.053928 2 4 0.870928 8 0.129072
white
  4 0.855815 -1.255910 59.330868 0.370083 -0.638699 0.674613 0.917908 0.045198 2 4 0.870928 8 0.129072
  4 0.832918 -1.326740 59.283726 0.452505 -0.581509 0.676081 0.916778 0.046503 2 4 0.870928 8 0.129072
  4 0.998506 -1.353621 59.233795 -0.191443 -0.825795 0.530482 0.915953 0.039404 2 4 0.870928 8 0.129072
white
  4 0.832918 -1.326740 59.283726 0.452505 -0.581509 0.676081 0.916778 0.046503 2 4 0.870928 8 0.129072
  4 0.855815 -1.255910 59.330868 0.370083 -0.638699 0.674613 0.917908 0.045198 2 4 0.870928 8 0.129072
  4 0.690960 -1.392058 59.388832 0.759144 -0.482160 0.437290 0.919974 0.052460 2 4 0.870928 8 0.129072
white
  4 0.855815 -1.255910 59.330868 0.370083 -0.638699 0.674613 0.917908 0.045198 2 4 0.870928 8 0.129072
  4 0.998506 -1.353621 59.233795 -0.191443 -0.825795 0.530482 0.915953 0.039404 2 4 0.870928 8 0.129072
  4 0.869290 -1.191128 59.388275 0.194931 -0.869507 0.453828 0.919373 0.043676 2 4 0.870928 8 0.129072
white
  4 0.690960 -1.392058 59.388832 0.759144 -0.482160 0.437290 0.919974 0.052460 2 4 0.870928 8 0.129072
  4 0.855815 -1.255910 59.330868 0.370083 -0.638699 0.674613 0.917908 0.045198 2 4 0.870928 8 0.129072
  4 0.869290 -1.191128 59.388275 0.194931 -0.869507 0.453828 0.919373 0.043676 2 4 0.870928 8 0.129072
white
  4 0.998506 -1.353621 59.233795 -0.191443 -0.825795 0.530482 0.915953 0.039404 2 4 0.870928 8 0.129072
  4 1.041170 -1.351889 59.264053 -0.675009 -0.702882 0.224320 0.916492 0.037502 2 4 0.870928 8 0.129072
  4 0.869290 -1.191128 59.388275 0.194931 -0.869507 0.453828 0.919373 0.043676 2 4 0.870928 8 0.129072
white
  4 0.720599 -1.264448 59.503891 0.704407 -0.673063 0.225381 0.924534 0.050297 2 4 0.870928 8 0.129072
  4 0.432796 -1.867171 59.433781 0.828882 -0.519009 0.208766 0.924249 0.064625 2 4 0.970273 8 0.029727
  4 0.690960 -1.392058 59.388832 0.759144 -0.482160 0.437290 0.919974 0.052460 2 4 0.870928 8 0.129072
white
  4 0.720599 -1.264448 59.503891 0.704407 -0.673063 0.225381 0.924534 0.050297 2 4 0.870928 8 0.129072
  4 0.690960 -1.392058 59.388832 0.759144 -0.482160 0.437290 0.919974 0.052460 2 4 0.870928 8 0.129072
  4 0.869290 -1.191128 59.388275 0.194931 -0.869507 0.453828 0.919373 0.043676 2 4 0.870928 8 0.129072
white
  4 0.869290 -1.191128 59.388275 0.194931 -0.869507 0.453828 0.919373 0.043676 2 4 0.870928 8 0.129072
  4 1.041170 -1.351889 59.264053 -0.675009 -0.702882 0.224320 0.916492 0.037502 2 4 0.870928 8 0.129072
  4 0.911668 -1.168266 59.462086 -0.272352 -0.956012 0.108928 0.921851 0.042329 2 4 0.870928 8 0.129072
white
  4 0.869290 -1.191128 59.388275 0.194931 -0.869507 0.453828 0.919373 0.043676 2 4 0.870928 8 0.129072
  4 0.911668 -1.168266 59.462086 -0.272352 -0.956012 0.108928 0.921851 0.042329 2 4 0.870928 8 0.129072
  4 0.720599 -1.264448 59.503891 0.704407 -0.673063 0.225381 0.924534 0.050297 2 4 0.870928 8 0.129072
white
  4 1.041170 -1.351889 59.264053 -0.675009 -0.702882 0.224320 0.916492 0.037502 2 4 0.870928 8 0.129072
  4 1.091326 -1.437829 59.319157 -0.815883 -0.575177 0.059209 0.918661 0.035838 2 4 0.870928 8 0.129072
  4 0.911668 -1.168266 59.462086 -0.272352 -0.956012 0.108928 0.921851 0.042329 2 4 0.870928 8 0.129072
white
  4 0.911668 -1.168266 59.462086 -0.272352 -0.956012 0.108928 0.921851 0.042329 2 4 0.870928 8 0.129072
  4 1.091326 -1.437829 59.319157 -0.815883 -0.575177 0.059209 0.918661 0.035838 2 4 0.870928 8 0.129072
  4 1.114789 -1.439031 59.441502 -0.808703 -0.586547 -0.044287 0.923686 0.034740 2 4 0.719779 8 0.280221
white
  4 0.894331 -1.163505 59.560822 -0.169599 -0.985458 0.010377 0.926020 0.041535 2 4 0.870928 8 0.129072
  4 0.911668 -1.168266 59.462086 -0.272352 -0.956012 0.108928 0.921851 0.042329 2 4 0.870928 8 0.129072
  4 1.114789 -1.439031 59.441502 -0.808703 -0.586547 -0.044287 0.923686 0.034740 2 4 0.719779 8 0.280221
white
  4 0.720599 -1.264448 59.503891 0.704407 -0.673063 0.225381 0.924534 0.050297 2 4 0.870928 8 0.129072
  4 0.911668 -1.168266 59.462086 -0.272352 -0.956012 0.108928 0.921851 0.042329 2 4 0.870928 8 0.129072
  4 0.894331 -1.163505 59.560822 -0.169599 -0.985458 0.010377 0.926020 0.041535 2 4 0.870928 8 0.129072
white
  4 0.894331 -1.163505 59.560822 -0.169599 -0.985458 0.010377 0.926020 0.041535 2 4 0.870928 8 0.129072
  4 1.114789 -1.439031 59.441502 -0.808703 -0.586547 -0.044287 0.923686 0.034740 2 4 0.719779 8 0.280221
  4 1.119262 -1.487140 59.550957 -0.825336 -0.534288 -0.182637 0.929496 0.034371 2 4 0.719779 8 0.280221
white
  4 0.720599 -1.264448 59.503891 0.704407 -0.673063 0.225381 0.924534 0.050297 2 4 0.870928 8 0.129072
  4 0.701674 -1.263603 59.631905 0.702187 -0.695972 0.150188 0.931455 0.049786 2 4 0.870928 8 0.129072
  4 0.432796 -1.867171 59.433781 0.828882 -0.519009 0.208766 0.924249 0.064625 2 4 0.970273 8 0.029727
white
  4 0.720599 -1.264448 59.503891 0.704407 -0.673063 0.225381 0.924534 0.050297 2 4 0.870928 8 0.129072
  4 0.894331 -1.163505 59.560822 -0.169599 -0.985458 0.010377 0.926020 0.041535 2 4 0.870928 8 0.129072
  4 0.701674 -1.263603 59.631905 0.702187 -0.695972 0.150188 0.931455 0.049786 2 4 0.870928 8 0.129072
white
  4 0.701674 -1.263603 59.631905 0.702187 -0.695972 0.150188 0.931455 0.049786 2 4 0.870928 8 0.129072
  4 0.417930 -1.776756 59.663074 0.834362 -0.476619 0.276901 0.934126 0.064625 2 4 0.971258 8 0.028742
  4 0.432796 -1.867171 59.433781 0.828882 -0.519009 0.208766 0.924249 0.064625 2 4 0.970273 8 0.029727
white
  4 0.904716 -1.166128 59.634762 -0.322411 -0.946577 -0.006490 0.930531 0.041328 2 4 0.870928 8 0.129072
  4 0.894331 -1.163505 59.560822 -0.169599 -0.985458 0.010377 0.926020 0.041535 2 4 0.870928 8 0.129072
  4 1.119262 -1.487140 59.550957 -0.825336 -0.534288 -0.182637 0.929496 0.034371 2 4 0.719779 8 0.280221
white
  4 0.894331 -1.163505 59.560822 -0.169599 -0.985458 0.010377 0.926020 0.041535 2 4 0.870928 8 0.129072
  4 0.904716 -1.166128 59.634762 -0.322411 -0.946577 -0.006490 0.930531 0.041328 2 4 0.870928 8 0.129072
  4 0.701674 -1.263603 59.631905 0.702187 -0.695972 0.150188 0.931455 0.049786 2 4 0.870928 8 0.129072
white
  4 0.904716 -1.166128 59.634762 -0.322411 -0.946577 -0.006490 0.930531 0.041328 2 4 0.870928 8 0.129072
  4 1.119262 -1.487140 59.550957 -0.825336 -0.534288 -0.182637 0.929496 0.034371 2 4 0.719779 8 0.280221
  4 1.108844 -1.501240 59.632915 -0.843043 -0.537480 -0.019828 0.934011 0.034871 2 4 0.719779 8 0.280221
white
  4 0.898509 -1.163802 59.693249 -0.348420 -0.926238 0.143829 0.934033 0.041720 3 4 0.812500 5 0.173177 8 0.014323
  4 0.904716 -1.166128 59.634762 -0.322411 -0.946577 -0.006490 0.930531 0.041328 2 4 0.870928 8 0.129072
  4 1.108844 -1.501240 59.632915 -0.843043 -0.537480 -0.019828 0.934011 0.034871 2 4 0.719779 8 0.280221
white
  4 0.701674 -1.263603 59.631905 0.702187 -0.695972 0.150188 0.931455 0.049786 2 4 0.870928 8 0.129072
  4 0.904716 -1.166128 59.634762 -0.322411 -0.946577 -0.006490 0.930531 0.041328 2 4 0.870928 8 0.129072
  4 0.898509 -1.163802 59.693249 -0.348420 -0.926238 0.143829 0.934033 0.041720 3 4 0.812500 5 0.173177 8 0.014323
white
  4 0.898509 -1.163802 59.693249 -0.348420 -0.926238 0.143829 0.934033 0.041720 3 4 0.812500 5 0.173177 8 0.014323
  4 1.108844 -1.501240 59.632915 -0.843043 -0.537480 -0.019828 0.934011 0.034871 2 4 0.719779 8 0.280221
  4 1.082224 -1.395344 59.710762 -0.690803 -0.539556 0.481321 0.937588 0.036360 2 4 0.719779 8 0.280221
white
  4 0.872479 -1.137879 59.762085 0.004202 -0.841461 0.540302 0.936974 0.042839 3 4 0.812500 5 0.173177 8 0.014323
  4 0.898509 -1.163802 59.693249 -0.348420 -0.926238 0.143829 0.934033 0.041720 3 4 0.812500 5 0.173177 8 0.014323
  4 1.082224 -1.395344 59.710762 -0.690803 -0.539556 0.481321 0.937588 0.036360 2 4 0.719779 8 0.280221
white
  4 0.701674 -1.263603 59.631905 0.702187 -0.695972 0.150188 0.931455 0.049786 2 4 0.870928 8 0.129072
  4 0.898509 -1.163802 59.693249 -0.348420 -0.926238 0.143829 0.934033 0.041720 3 4 0.812500 5 0.173177 8 0.014323
  4 0.872479 -1.137879 59.762085 0.004202 -0.841461 0.540302 0.936974 0.042839 3 4 0.812500 5 0.173177 8 0.014323
white
  4 0.872479 -1.137879 59.762085 0.004202 -0.841461 0.540302 0.936974 0.042839 3 4 0.812500 5 0.173177 8 0.014323
  4 1.082224 -1.395344 59.710762 -0.690803 -0.539556 0.481321 0.937588 0.036360 2 4 0.719779 8 0.280221
  4 0.951252 -1.070442 59.846741 0.002299 -0.827556 0.561379 0.940586 0.038969 3 4 0.621890 5 0.376752 8 0.001358
white
  4 0.675278 -1.261655 59.753792 0.740901 -0.650704 0.166282 0.936446 0.050819 3 4 0.595344 5 0.403947 8 0.000709
  4 0.701674 -1.263603 59.631905 0.702187 -0.695972 0.150188 0.931455 0.049786 2 4 0.870928 8 0.129072
  4 0.872479 -1.137879 59.762085 0.004202 -0.841461 0.540302 0.936974 0.042839 3 4 0.812500 5 0.173177 8 0.014323
white
  4 0.675278 -1.261655 59.753792 0.740901 -0.650704 0.166282 0.936446 0.050819 3 4 0.595344 5 0.403947 8 0.000709
  4 0.417930 -1.776756 59.663074 0.834362 -0.476619 0.276901 0.934126 0.064625 2 4 0.971258 8 0.028742
  4 0.701674 -1.263603 59.631905 0.702187 -0.695972 0.150188 0.931455 0.049786 2 4 0.870928 8 0.129072
white
  4 0.816610 -1.116411 59.831371 0.481865 -0.833418 0.270591 0.939799 0.044807 3 4 0.621890 5 0.376752 8 0.001358
  4 0.872479 -1.137879 59.762085 0.004202 -0.841461 0.540302 0.936974 0.042839 3 4 0.812500 5 0.173177 8 0.014323
  4 0.951252 -1.070442 59.846741 0.002299 -0.827556 0.561379 0.940586 0.038969 3 4 0.621890 5 0.376752 8 0.001358
white
  4 0.675278 -1.261655 59.753792 0.740901 -0.650704 0.166282 0.936446 0.050819 3 4 0.595344 5 0.403947 8 0.000709
  4 0.872479 -1.137879 59.762085 0.004202 -0.841461 0.540302 0.936974 0.042839 3 4 0.812500 5 0.173177 8 0.014323
  4 0.816610 -1.116411 59.831371 0.481865 -0.833418 0.270591 0.939799 0.044807 3 4 0.621890 5 0.376752 8 0.001358
white
  4 0.816610 -1.116411 59.831371 0.481865 -0.833418 0.270591 0.939799 0.044807 3 4 0.621890 5 0.376752 8 0.001358
  4 0.951252 -1.070442 59.846741 0.002299 -0.827556 0.561379 0.940586 0.038969 3 4 0.621890 5 0.376752 8 0.001358
  4 0.906338 -1.071046 59.899673 0.381923 -0.924088 -0.013990 0.943587 0.041350 3 4 0.621890 5 0.376752 8 0.001358
white
  4 0.675278 -1.261655 59.753792 0.740901 -0.650704 0.166282 0.936446 0.050819 3 4 0.595344 5 0.403947 8 0.000709
  4 0.633371 -1.295135 59.871655 0.783287 -0.618303 0.064520 0.941912 0.053330 3 4 0.595344 5 0.403947 8 0.000709
  4 0.417930 -1.776756 59.663074 0.834362 -0.476619 0.276901 0.934126 0.064625 2 4 0.971258 8 0.028742
white
  4 0.675278 -1.261655 59.753792 0.740901 -0.650704 0.166282 0.936446 0.050819 3 4 0.595344 5 0.403947 8 0.000709
  4 0.816610 -1.116411 59.831371 0.481865 -0.833418 0.270591 0.939799 0.044807 3 4 0.621890 5 0.376752 8 0.001358
  4 0.633371 -1.295135 59.871655 0.783287 -0.618303 0.064520 0.941912 0.053330 3 4 0.595344 5 0.403947 8 0.000709
white
  4 0.633371 -1.295135 59.871655 0.783287 -0.618303 0.064520 0.941912 0.053330 3 4 0.595344 5 0.403947 8 0.000709
  4 0.394439 -1.610536 59.904625 0.759513 -0.580614 0.293303 0.943761 0.064625 2 4 0.971258 8 0.028742
  4 0.417930 -1.776756 59.663074 0.834362 -0.476619 0.276901 0.934126 0.064625 2 4 0.971258 8 0.028742
white
  4 0.791724 -1.132656 59.892292 0.610877 -0.789329 -0.061557 0.942812 0.046601 3 4 0.621890 5 0.376752 8 0.001358
  4 0.816610 -1.116411 59.831371 0.481865 -0.833418 0.270591 0.939799 0.044807 3 4 0.621890 5 0.376752 8 0.001358
  4 0.906338 -1.071046 59.899673 0.381923 -0.924088 -0.013990 0.943587 0.041350 3 4 0.621890 5 0.376752 8 0.001358
white
  4 0.816610 -1.116411 59.831371 0.481865 -0.833418 0.270591 0.939799 0.044807 3 4 0.621890 5 0.376752 8 0.001358
  4 0.791724 -1.132656 59.892292 0.610877 -0.789329 -0.061557 0.942812 0.046601 3 4 0.621890 5 0.376752 8 0.001358
  4 0.633371 -1.295135 59.871655 0.783287 -0.618303 0.064520 0.941912 0.053330 3 4 0.595344 5 0.403947 8 0.000709
white
  4 0.791724 -1.132656 59.892292 0.610877 -0.789329 -0.061557 0.942812 0.046601 3 4 0.621890 5 0.376752 8 0.001358
  4 0.906338 -1.071046 59.899673 0.381923 -0.924088 -0.013990 0.943587 0.041350 3 4 0.621890 5 0.376752 8 0.001358
  4 0.782892 -1.155380 59.967575 0.573773 -0.798572 -0.181841 0.946329 0.047220 3 4 0.621890 5 0.376752 8 0.001358
white
  4 0.633371 -1.295135 59.871655 0.783287 -0.618303 0.064520 0.941912 0.053330 3 4 0.595344 5 0.403947 8 0.000709
  4 0.791724 -1.132656 59.892292 0.610877 -0.789329 -0.061557 0.942812 0.046601 3 4 0.621890 5 0.376752 8 0.001358
  4 0.782892 -1.155380 59.967575 0.573773 -0.798572 -0.181841 0.946329 0.047220 3 4 0.621890 5 0.376752 8 0.001358
white
  4 0.906338 -1.071046 59.899673 0.381923 -0.924088 -0.013990 0.943587 0.041350 3 4 0.621890 5 0.376752 8 0.001358
  4 0.899986 -1.107252 59.980541 0.331774 -0.875367 -0.351652 0.947180 0.042176 3 4 0.621890 5 0.376752 8 0.001358
  4 0.782892 -1.155380 59.967575 0.573773 -0.798572 -0.181841 0.946329 0.047220 3 4 0.621890 5 0.376752 8 0.001358
white
  4 0.639894 -1.299790 60.032749 0.705631 -0.692914 -0.148172 0.948300 0.053765 3 4 0.621890 5 0.376752 8 0.001358
  4 0.394439 -1.610536 59.904625 0.759513 -0.580614 0.293303 0.943761 0.064625 2 4 0.971258 8 0.028742
  4 0.633371 -1.295135 59.871655 0.783287 -0.618303 0.064520 0.941912 0.053330 3 4 0.595344 5 0.403947 8 0.000709
white
  4 0.639894 -1.299790 60.032749 0.705631 -0.692914 -0.148172 0.948300 0.053765 3 4 0.621890 5 0.376752 8 0.001358
  4 0.633371 -1.295135 59.871655 0.783287 -0.618303 0.064520 0.941912 0.053330 3 4 0.595344 5 0.403947 8 0.000709
  4 0.782892 -1.155380 59.967575 0.573773 -0.798572 -0.181841 0.946329 0.047220 3 4 0.621890 5 0.376752 8 0.001358
white
  4 0.391552 -1.563924 60.099827 0.685816 -0.716447 0.127909 0.952035 0.064625 3 4 0.595344 5 0.403947 8 0.000709
  4 0.394439 -1.610536 59.904625 0.759513 -0.580614 0.293303 0.943761 0.064625 2 4 0.971258 8 0.028742
  4 0.639894 -1.299790 60.032749 0.705631 -0.692914 -0.148172 0.948300 0.053765 3 4 0.621890 5 0.376752 8 0.001358
white
  4 0.782892 -1.155380 59.967575 0.573773 -0.798572 -0.181841 0.946329 0.047220 3 4 0.621890 5 0.376752 8 0.001358
  4 0.899986 -1.107252 59.980541 0.331774 -0.875367 -0.351652 0.947180 0.042176 3 4 0.621890 5 0.376752 8 0.001358
  4 0.795693 -1.169752 60.058990 0.448333 -0.825478 -0.342905 0.949479 0.047079 3 4 0.621890 5 0.376752 8 0.001358
white
  4 0.782892 -1.155380 59.967575 0.573773 -0.798572 -0.181841 0.946329 0.047220 3 4 0.621890 5 0.376752 8 0.001358
  4 0.795693 -1.169752 60.058990 0.448333 -0.825478 -0.342905 0.949479 0.047079 3 4 0.621890 5 0.376752 8 0.001358
  4 0.639894 -1.299790 60.032749 0.705631 -0.692914 -0.148172 0.948300 0.053765 3 4 0.621890 5 0.376752 8 0.001358
white
  4 0.899986 -1.107252 59.980541 0.331774 -0.875367 -0.351652 0.947180 0.042176 3 4 0.621890 5 0.376752 8 0.001358
  4 0.917686 -1.146986 60.065220 0.107032 -0.832274 -0.543933 0.950476 0.041850 3 4 0.695078 5 0.301787 8 0.003135
  4 0.795693 -1.169752 60.058990 0.448333 -0.825478 -0.342905 0.949479 0.047079 3 4 0.621890 5 0.376752 8 0.001358
white
  4 0.639894 -1.299790 60.032749 0.705631 -0.692914 -0.148172 0.948300 0.053765 3 4 0.621890 5 0.376752 8 0.001358
  4 0.795693 -1.169752 60.058990 0.448333 -0.825478 -0.342905 0.949479 0.047079 3 4 0.621890 5 0.376752 8 0.001358
  4 0.663213 -1.311170 60.115707 0.615676 -0.742345 -0.264324 0.951423 0.053515 3 4 0.621890 5 0.376752 8 0.001358
white
  4 0.663213 -1.311170 60.115707 0.615676 -0.742345 -0.264324 0.951423 0.053515 3 4 0.621890 5 0.376752 8 0.001358
  4 0.391552 -1.563924 60.099827 0.685816 -0.716447 0.127909 0.952035 0.064625 3 4 0.595344 5 0.403947 8 0.000709
  4 0.639894 -1.299790 60.032749 0.705631 -0.692914 -0.148172 0.948300 0.053765 3 4 0.621890 5 0.376752 8 0.001358
white
  4 0.795693 -1.169752 60.058990 0.448333 -0.825478 -0.342905 0.949479 0.047079 3 4 0.621890 5 0.376752 8 0.001358
  4 0.917686 -1.146986 60.065220 0.107032 -0.832274 -0.543933 0.950476 0.041850 3 4 0.695078 5 0.301787 8 0.003135
  4 0.815952 -1.190978 60.114601 0.286627 -0.745175 -0.602129 0.951385 0.046590 3 4 0.621890 5 0.376752 8 0.001358
white
  4 0.795693 -1.169752 60.058990 0.448333 -0.825478 -0.342905 0.949479 0.047079 3 4 0.621890 5 0.376752 8 0.001358
  4 0.815952 -1.190978 60.114601 0.286627 -0.745175 -0.602129 0.951385 0.046590 3 4 0.621890 5 0.376752 8 0.001358
  4 0.663213 -1.311170 60.115707 0.615676 -0.742345 -0.264324 0.951423 0.053515 3 4 0.621890 5 0.376752 8 0.001358
white
  4 0.917686 -1.146986 60.065220 0.107032 -0.832274 -0.543933 0.950476 0.041850 3 4 0.695078 5 0.301787 8 0.003135
  4 0.952271 -1.197425 60.120876 -0.093074 -0.510479 -0.854838 0.952581 0.040774 3 4 0.695078 5 0.301787 8 0.003135
  4 0.815952 -1.190978 60.114601 0.286627 -0.745175 -0.602129 0.951385 0.046590 3 4 0.621890 5 0.376752 8 0.001358
white
  4 0.815952 -1.190978 60.114601 0.286627 -0.745175 -0.602129 0.951385 0.046590 3 4 0.621890 5 0.376752 8 0.001358
  4 0.952271 -1.197425 60.120876 -0.093074 -0.510479 -0.854838 0.952581 0.040774 3 4 0.695078 5 0.301787 8 0.003135
  5 0.832410 -1.224566 60.149521 0.095246 -0.648654 -0.755100 0.952668 0.046025 3 5 0.673469 4 0.309524 6 0.017007
white
  4 0.815952 -1.190978 60.114601 0.286627 -0.745175 -0.602129 0.951385 0.046590 3 4 0.621890 5 0.376752 8 0.001358
  5 0.832410 -1.224566 60.149521 0.095246 -0.648654 -0.755100 0.952668 0.046025 3 5 0.673469 4 0.309524 6 0.017007
  4 0.663213 -1.311170 60.115707 0.615676 -0.742345 -0.264324 0.951423 0.053515 3 4 0.621890 5 0.376752 8 0.001358
white
  4 0.952271 -1.197425 60.120876 -0.093074 -0.510479 -0.854838 0.952581 0.040774 3 4 0.695078 5 0.301787 8 0.003135
  4 0.990504 -1.301268 60.143982 -0.311190 -0.542237 -0.780474 0.954019 0.039622 3 4 0.695078 5 0.301787 8 0.003135
  5 0.832410 -1.224566 60.149521 0.095246 -0.648654 -0.755100 0.952668 0.046025 3 5 0.673469 4 0.309524 6 0.017007
white
  5 0.674979 -1.319014 60.188385 0.500937 -0.863587 -0.057264 0.954607 0.053265 3 5 0.673469 4 0.309524 6 0.017007
  4 0.391552 -1.563924 60.099827 0.685816 -0.716447 0.127909 0.952035 0.064625 3 4 0.595344 5 0.403947 8 0.000709
  4 0.663213 -1.311170 60.115707 0.615676 -0.742345 -0.264324 0.951423 0.053515 3 4 0.621890 5 0.376752 8 0.001358
white
  4 0.663213 -1.311170 60.115707 0.615676 -0.742345 -0.264324 0.951423 0.053515 3 4 0.621890 5 0.376752 8 0.001358
  5 0.832410 -1.224566 60.149521 0.095246 -0.648654 -0.755100 0.952668 0.046025 3 5 0.673469 4 0.309524 6 0.017007
  5 0.674979 -1.319014 60.188385 0.500937 -0.863587 -0.057264 0.954607 0.053265 3 5 0.673469 4 0.309524 6 0.017007
white
  5 0.832410 -1.224566 60.149521 0.095246 -0.648654 -0.755100 0.952668 0.046025 3 5 0.673469 4 0.309524 6 0.017007
  4 0.990504 -1.301268 60.143982 -0.311190 -0.542237 -0.780474 0.954019 0.039622 3 4 0.695078 5 0.301787 8 0.003135
  5 0.849063 -1.258719 60.177940 -0.118654 -0.770519 -0.626276 0.953963 0.045666 3 5 0.673469 4 0.309524 6 0.017007
white
  5 0.832410 -1.224566 60.149521 0.095246 -0.648654 -0.755100 0.952668 0.046025 3 5 0.673469 4 0.309524 6 0.017007
  5 0.849063 -1.258719 60.177940 -0.118654 -0.770519 -0.626276 0.953963 0.045666 3 5 0.673469 4 0.309524 6 0.017007
  5 0.674979 -1.319014 60.188385 0.500937 -0.863587 -0.057264 0.954607 0.053265 3 5 0.673469 4 0.309524 6 0.017007
white
  4 0.990504 -1.301268 60.143982 -0.311190 -0.542237 -0.780474 0.954019 0.039622 3 4 0.695078 5 0.301787 8 0.003135
  4 1.004128 -1.337726 60.168900 -0.418631 -0.748125 -0.514836 0.955254 0.039056 3 4 0.695078 5 0.301787 8 0.003135
  5 0.849063 -1.258719 60.177940 -0.118654 -0.770519 -0.626276 0.953963 0.045666 3 5 0.673469 4 0.309524 6 0.017007
white
  5 0.849063 -1.258719 60.177940 -0.118654 -0.770519 -0.626276 0.953963 0.045666 3 5 0.673469 4 0.309524 6 0.017007
  4 1.004128 -1.337726 60.168900 -0.418631 -0.748125 -0.514836 0.955254 0.039056 3 4 0.695078 5 0.301787 8 0.003135
  5 0.855775 -1.278397 60.214268 -0.170827 -0.971634 -0.163539 0.955675 0.045590 3 5 0.673469 4 0.309524 6 0.017007
white
  5 0.849063 -1.258719 60.177940 -0.118654 -0.770519 -0.626276 0.953963 0.045666 3 5 0.673469 4 0.309524 6 0.017007
  5 0.855775 -1.278397 60.214268 -0.170827 -0.971634 -0.163539 0.955675 0.045590 3 5 0.673469 4 0.309524 6 0.017007
  5 0.674979 -1.319014 60.188385 0.500937 -0.863587 -0.057264 0.954607 0.053265 3 5 0.673469 4 0.309524 6 0.017007
white
  4 1.004128 -1.337726 60.168900 -0.418631 -0.748125 -0.514836 0.955254 0.039056 3 4 0.695078 5 0.301787 8 0.003135
  5 1.004926 -1.355812 60.203537 -0.462245 -0.861275 -0.211031 0.956865 0.039089 3 5 0.673469 4 0.309524 6 0.017007
  5 0.855775 -1.278397 60.214268 -0.170827 -0.971634 -0.163539 0.955675 0.045590 3 5 0.673469 4 0.309524 6 0.017007
white
  5 0.855775 -1.278397 60.214268 -0.170827 -0.971634 -0.163539 0.955675 0.045590 3 5 0.673469 4 0.309524 6 0.017007
  5 1.004926 -1.355812 60.203537 -0.462245 -0.861275 -0.211031 0.956865 0.039089 3 5 0.673469 4 0.309524 6 0.017007
  5 0.993623 -1.349335 60.266048 -0.474132 -0.877015 -0.077736 0.959431 0.039730 3 5 0.673469 4 0.309524 6 0.017007
white
  5 0.847275 -1.268668 60.274857 -0.151129 -0.987075 -0.053313 0.958167 0.045927 3 5 0.673469 4 0.309524 6 0.017007
  5 0.855775 -1.278397 60.214268 -0.170827 -0.971634 -0.163539 0.955675 0.045590 3 5 0.673469 4 0.309524 6 0.017007
  5 0.993623 -1.349335 60.266048 -0.474132 -0.877015 -0.077736 0.959431 0.039730 3 5 0.673469 4 0.309524 6 0.017007
white
  5 0.847275 -1.268668 60.274857 -0.151129 -0.987075 -0.053313 0.958167 0.045927 3 5 0.673469 4 0.309524 6 0.017007
  5 0.674979 -1.319014 60.188385 0.500937 -0.863587 -0.057264 0.954607 0.053265 3 5 0.673469 4 0.309524 6 0.017007
  5 0.855775 -1.278397 60.214268 -0.170827 -0.971634 -0.163539 0.955675 0.045590 3 5 0.673469 4 0.309524 6 0.017007
white
  5 0.847275 -1.268668 60.274857 -0.151129 -0.987075 -0.053313 0.958167 0.045927 3 5 0.673469 4 0.309524 6 0.017007
  5 0.993623 -1.349335 60.266048 -0.474132 -0.877015 -0.077736 0.959431 0.039730 3 5 0.673469 4 0.309524 6 0.017007
  5 0.969831 -1.350752 60.320526 -0.465645 -0.840237 -0.277805 0.962041 0.040926 3 5 0.673469 4 0.309524 6 0.017007
white
  5 0.674979 -1.319014 60.188385 0.500937 -0.863587 -0.057264 0.954607 0.053265 3 5 0.673469 4 0.309524 6 0.017007
  5 0.665909 -1.309421 60.282852 0.357823 -0.917587 0.173195 0.959312 0.053917 3 5 0.673469 4 0.309524 6 0.017007
  4 0.391552 -1.563924 60.099827 0.685816 -0.716447 0.127909 0.952035 0.064625 3 4 0.595344 5 0.403947 8 0.000709
white
  5 0.847275 -1.268668 60.274857 -0.151129 -0.987075 -0.053313 0.958167 0.045927 3 5 0.673469 4 0.309524 6 0.017007
  5 0.665909 -1.309421 60.282852 0.357823 -0.917587 0.173195 0.959312 0.053917 3 5 0.673469 4 0.309524 6 0.017007
  5 0.674979 -1.319014 60.188385 0.500937 -0.863587 -0.057264 0.954607 0.053265 3 5 0.673469 4 0.309524 6 0.017007
white
  5 0.665909 -1.309421 60.282852 0.357823 -0.917587 0.173195 0.959312 0.053917 3 5 0.673469 4 0.309524 6 0.017007
  5 0.404848 -1.508373 60.254066 0.569017 -0.783007 0.251236 0.959551 0.064625 3 5 0.687500 4 0.291667 6 0.020833
  4 0.391552 -1.563924 60.099827 0.685816 -0.716447 0.127909 0.952035 0.064625 3 4 0.595344 5 0.403947 8 0.000709
white
  5 0.622124 -1.315047 60.322678 0.421255 -0.838918 0.344616 0.962588 0.056591 3 5 0.673469 4 0.309524 6 0.017007
  5 0.404848 -1.508373 60.254066 0.569017 -0.783007 0.251236 0.959551 0.064625 3 5 0.687500 4 0.291667 6 0.020833
  5 0.665909 -1.309421 60.282852 0.357823 -0.917587 0.173195 0.959312 0.053917 3 5 0.673469 4 0.309524 6 0.017007
white
  5 0.622124 -1.315047 60.322678 0.421255 -0.838918 0.344616 0.962588 0.056591 3 5 0.673469 4 0.309524 6 0.017007
  5 0.665909 -1.309421 60.282852 0.357823 -0.917587 0.173195 0.959312 0.053917 3 5 0.673469 4 0.309524 6 0.017007
  5 0.767037 -1.278438 60.368755 -0.004942 -0.999754 0.021611 0.964181 0.050047 3 5 0.673469 4 0.309524 6 0.017007
white
  5 0.834339 -1.277899 60.320015 -0.170604 -0.946870 -0.272637 0.960671 0.046785 3 5 0.673469 4 0.309524 6 0.017007
  5 0.847275 -1.268668 60.274857 -0.151129 -0.987075 -0.053313 0.958167 0.045927 3 5 0.673469 4 0.309524 6 0.017007
  5 0.969831 -1.350752 60.320526 -0.465645 -0.840237 -0.277805 0.962041 0.040926 3 5 0.673469 4 0.309524 6 0.017007
white
  5 0.847275 -1.268668 60.274857 -0.151129 -0.987075 -0.053313 0.958167 0.045927 3 5 0.673469 4 0.309524 6 0.017007
  5 0.834339 -1.277899 60.320015 -0.170604 -0.946870 -0.272637 0.960671 0.046785 3 5 0.673469 4 0.309524 6 0.017007
  5 0.665909 -1.309421 60.282852 0.357823 -0.917587 0.173195 0.959312 0.053917 3 5 0.673469 4 0.309524 6 0.017007
white
  5 0.969831 -1.350752 60.320526 -0.465645 -0.840237 -0.277805 0.962041 0.040926 3 5 0.673469 4 0.309524 6 0.017007
  5 0.934313 -1.348359 60.359905 -0.416203 -0.816219 -0.400701 0.964075 0.042600 3 5 0.673469 4 0.309524 6 0.017007
  5 0.834339 -1.277899 60.320015 -0.170604 -0.946870 -0.272637 0.960671 0.046785 3 5 0.673469 4 0.309524 6 0.017007
white
  5 0.665909 -1.309421 60.282852 0.357823 -0.917587 0.173195 0.959312 0.053917 3 5 0.673469 4 0.309524 6 0.017007
  5 0.803261 -1.280062 60.347660 -0.133918 -0.966200 -0.220281 0.962560 0.048264 3 5 0.673469 4 0.309524 6 0.017007
  5 0.767037 -1.278438 60.368755 -0.004942 -0.999754 0.021611 0.964181 0.050047 3 5 0.673469 4 0.309524 6 0.017007
white
  5 0.834339 -1.277899 60.320015 -0.170604 -0.946870 -0.272637 0.960671 0.046785 3 5 0.673469 4 0.309524 6 0.017007
  5 0.803261 -1.280062 60.347660 -0.133918 -0.966200 -0.220281 0.962560 0.048264 3 5 0.673469 4 0.309524 6 0.017007
  5 0.665909 -1.309421 60.282852 0.357823 -0.917587 0.173195 0.959312 0.053917 3 5 0.673469 4 0.309524 6 0.017007
white
  5 0.934313 -1.348359 60.359905 -0.416203 -0.816219 -0.400701 0.964075 0.042600 3 5 0.673469 4 0.309524 6 0.017007
  5 0.803261 -1.280062 60.347660 -0.133918 -0.966200 -0.220281 0.962560 0.048264 3 5 0.673469 4 0.309524 6 0.017007
  5 0.834339 -1.277899 60.320015 -0.170604 -0.946870 -0.272637 0.960671 0.046785 3 5 0.673469 4 0.309524 6 0.017007
white
  5 0.893603 -1.348518 60.391010 -0.364677 -0.791769 -0.490013 0.965839 0.044524 3 5 0.673469 4 0.309524 6 0.017007
  5 0.767037 -1.278438 60.368755 -0.004942 -0.999754 0.021611 0.964181 0.050047 3 5 0.673469 4 0.309524 6 0.017007
  5 0.803261 -1.280062 60.347660 -0.133918 -0.966200 -0.220281 0.962560 0.048264 3 5 0.673469 4 0.309524 6 0.017007
white
  5 0.934313 -1.348359 60.359905 -0.416203 -0.816219 -0.400701 0.964075 0.042600 3 5 0.673469 4 0.309524 6 0.017007
  5 0.893603 -1.348518 60.391010 -0.364677 -0.791769 -0.490013 0.965839 0.044524 3 5 0.673469 4 0.309524 6 0.017007
  5 0.803261 -1.280062 60.347660 -0.133918 -0.966200 -0.220281 0.962560 0.048264 3 5 0.673469 4 0.309524 6 0.017007
white
  5 -0.803251 -1.280060 60.347660 0.133916 -0.966199 -0.220284 0.962560 0.048264 3 5 0.700000 4 0.266667 6 0.033333
  5 -0.834329 -1.277896 60.320015 0.170615 -0.946869 -0.272635 0.960671 0.046785 3 5 0.700000 4 0.266667 6 0.033333
  5 -0.665899 -1.309419 60.282848 -0.357805 -0.917594 0.173196 0.959312 0.053917 3 5 0.700000 4 0.266667 6 0.033333
white
  5 -0.803251 -1.280060 60.347660 0.133916 -0.966199 -0.220284 0.962560 0.048264 3 5 0.700000 4 0.266667 6 0.033333
  5 -0.934303 -1.348357 60.359901 0.416204 -0.816220 -0.400699 0.964075 0.042600 3 5 0.700000 4 0.266667 6 0.033333
  5 -0.834329 -1.277896 60.320015 0.170615 -0.946869 -0.272635 0.960671 0.046785 3 5 0.700000 4 0.266667 6 0.033333
white
  5 -0.893593 -1.348515 60.391010 0.364671 -0.791769 -0.490017 0.965839 0.044524 3 5 0.700000 4 0.266667 6 0.033333
  5 -0.934303 -1.348357 60.359901 0.416204 -0.816220 -0.400699 0.964075 0.042600 3 5 0.700000 4 0.266667 6 0.033333
  5 -0.803251 -1.280060 60.347660 0.133916 -0.966199 -0.220284 0.962560 0.048264 3 5 0.700000 4 0.266667 6 0.033333
white
  5 -0.767027 -1.278436 60.368755 0.004951 -0.999754 0.021600 0.964181 0.050047 3 5 0.700000 4 0.266667 6 0.033333
  5 -0.893593 -1.348515 60.391010 0.364671 -0.791769 -0.490017 0.965839 0.044524 3 5 0.700000 4 0.266667 6 0.033333
  5 -0.803251 -1.280060 60.347660 0.133916 -0.966199 -0.220284 0.962560 0.048264 3 5 0.700000 4 0.266667 6 0.033333
white
  5 -0.803251 -1.280060 60.347660 0.133916 -0.966199 -0.220284 0.962560 0.048264 3 5 0.700000 4 0.266667 6 0.033333
  5 -0.665899 -1.309419 60.282848 -0.357805 -0.917594 0.173196 0.959312 0.053917 3 5 0.700000 4 0.266667 6 0.033333
  5 -0.767027 -1.278436 60.368755 0.004951 -0.999754 0.021600 0.964181 0.050047 3 5 0.700000 4 0.266667 6 0.033333
white
  5 -0.934303 -1.348357 60.359901 0.416204 -0.816220 -0.400699 0.964075 0.042600 3 5 0.700000 4 0.266667 6 0.033333
  5 -0.969821 -1.350749 60.320530 0.465646 -0.840238 -0.277803 0.962041 0.040926 3 5 0.700000 4 0.266667 6 0.033333
  5 -0.834329 -1.277896 60.320015 0.170615 -0.946869 -0.272635 0.960671 0.046785 3 5 0.700000 4 0.266667 6 0.033333
white
  5 -0.665899 -1.309419 60.282848 -0.357805 -0.917594 0.173196 0.959312 0.053917 3 5 0.700000 4 0.266667 6 0.033333
  5 -0.622114 -1.315045 60.322674 -0.421195 -0.838943 0.344631 0.962588 0.056591 3 5 0.700000 4 0.266667 6 0.033333
  5 -0.767027 -1.278436 60.368755 0.004951 -0.999754 0.021600 0.964181 0.050047 3 5 0.700000 4 0.266667 6 0.033333
white
  5 -0.404840 -1.508372 60.254066 -0.569037 -0.782993 0.251234 0.959551 0.064625 3 5 0.687500 4 0.291667 6 0.020833
  5 -0.622114 -1.315045 60.322674 -0.421195 -0.838943 0.344631 0.962588 0.056591 3 5 0.700000 4 0.266667 6 0.033333
  5 -0.665899 -1.309419 60.282848 -0.357805 -0.917594 0.173196 0.959312 0.053917 3 5 0.700000 4 0.266667 6 0.033333
white
  5 -0.404840 -1.508372 60.254066 -0.569037 -0.782993 0.251234 0.959551 0.064625 3 5 0.687500 4 0.291667 6 0.020833
  5 -0.665899 -1.309419 60.282848 -0.357805 -0.917594 0.173196 0.959312 0.053917 3 5 0.700000 4 0.266667 6 0.033333
  4 -0.391542 -1.563923 60.099827 -0.685829 -0.716434 0.127907 0.952035 0.064625 3 4 0.595344 5 0.403947 28 0.000709
white
  5 -0.847265 -1.268666 60.274857 0.151128 -0.987075 -0.053313 0.958167 0.045927 3 5 0.700000 4 0.266667 6 0.033333
  5 -0.834329 -1.277896 60.320015 0.170615 -0.946869 -0.272635 0.960671 0.046785 3 5 0.700000 4 0.266667 6 0.033333
  5 -0.969821 -1.350749 60.320530 0.465646 -0.840238 -0.277803 0.962041 0.040926 3 5 0.700000 4 0.266667 6 0.033333
white
  5 -0.834329 -1.277896 60.320015 0.170615 -0.946869 -0.272635 0.960671 0.046785 3 5 0.700000 4 0.266667 6 0.033333
  5 -0.847265 -1.268666 60.274857 0.151128 -0.987075 -0.053313 0.958167 0.045927 3 5 0.700000 4 0.266667 6 0.033333
  5 -0.665899 -1.309419 60.282848 -0.357805 -0.917594 0.173196 0.959312 0.053917 3 5 0.700000 4 0.266667 6 0.033333
white
  5 -0.993613 -1.349333 60.266045 0.474125 -0.877019 -0.077733 0.959431 0.039730 3 5 0.700000 4 0.266667 6 0.033333
  5 -0.847265 -1.268666 60.274857 0.151128 -0.987075 -0.053313 0.958167 0.045927 3 5 0.700000 4 0.266667 6 0.033333
  5 -0.969821 -1.350749 60.320530 0.465646 -0.840238 -0.277803 0.962041 0.040926 3 5 0.700000 4 0.266667 6 0.033333
white
  5 -0.665899 -1.309419 60.282848 -0.357805 -0.917594 0.173196 0.959312 0.053917 3 5 0.700000 4 0.266667 6 0.033333
  5 -0.847265 -1.268666 60.274857 0.151128 -0.987075 -0.053313 0.958167 0.045927 3 5 0.700000 4 0.266667 6 0.033333
  5 -0.674969 -1.319012 60.188389 -0.500944 -0.863583 -0.057260 0.954607 0.053265 3 5 0.700000 4 0.266667 6 0.033333
white
  5 -0.665899 -1.309419 60.282848 -0.357805 -0.917594 0.173196 0.959312 0.053917 3 5 0.700000 4 0.266667 6 0.033333
  5 -0.674969 -1.319012 60.188389 -0.500944 -0.863583 -0.057260 0.954607 0.053265 3 5 0.700000 4 0.266667 6 0.033333
  4 -0.391542 -1.563923 60.099827 -0.685829 -0.716434 0.127907 0.952035 0.064625 3 4 0.595344 5 0.403947 28 0.000709
white
  5 -0.855765 -1.278395 60.214268 0.170829 -0.971633 -0.163543 0.955675 0.045590 3 5 0.700000 4 0.266667 6 0.033333
  5 -0.847265 -1.268666 60.274857 0.151128 -0.987075 -0.053313 0.958167 0.045927 3 5 0.700000 4 0.266667 6 0.033333
  5 -0.993613 -1.349333 60.266045 0.474125 -0.877019 -0.077733 0.959431 0.039730 3 5 0.700000 4 0.266667 6 0.033333
white
  5 -0.674969 -1.319012 60.188389 -0.500944 -0.863583 -0.057260 0.954607 0.053265 3 5 0.700000 4 0.266667 6 0.033333
  5 -0.847265 -1.268666 60.274857 0.151128 -0.987075 -0.053313 0.958167 0.045927 3 5 0.700000 4 0.266667 6 0.033333
  5 -0.855765 -1.278395 60.214268 0.170829 -0.971633 -0.163543 0.955675 0.045590 3 5 0.700000 4 0.266667 6 0.033333
white
  5 -1.004916 -1.355810 60.203533 0.462237 -0.861280 -0.211030 0.956865 0.039089 3 5 0.700000 4 0.266667 6 0.033333
  5 -0.855765 -1.278395 60.214268 0.170829 -0.971633 -0.163543 0.955675 0.045590 3 5 0.700000 4 0.266667 6 0.033333
  5 -0.993613 -1.349333 60.266045 0.474125 -0.877019 -0.077733 0.959431 0.039730 3 5 0.700000 4 0.266667 6 0.033333
white
  5 -1.004916 -1.355810 60.203533 0.462237 -0.861280 -0.211030 0.956865 0.039089 3 5 0.700000 4 0.266667 6 0.033333
  4 -1.004118 -1.337724 60.168900 0.418627 -0.748127 -0.514836 0.955254 0.039056 3 4 0.695078 5 0.301787 28 0.003135
  5 -0.855765 -1.278395 60.214268 0.170829 -0.971633 -0.163543 0.955675 0.045590 3 5 0.700000 4 0.266667 6 0.033333
white
  4 -1.004118 -1.337724 60.168900 0.418627 -0.748127 -0.514836 0.955254 0.039056 3 4 0.695078 5 0.301787 28 0.003135
  5 -0.849053 -1.258717 60.177937 0.118681 -0.770518 -0.626272 0.953963 0.045666 3 5 0.700000 4 0.266667 6 0.033333
  5 -0.855765 -1.278395 60.214268 0.170829 -0.971633 -0.163543 0.955675 0.045590 3 5 0.700000 4 0.266667 6 0.033333
white
  5 -0.855765 -1.278395 60.214268 0.170829 -0.971633 -0.163543 0.955675 0.045590 3 5 0.700000 4 0.266667 6 0.033333
  5 -0.849053 -1.258717 60.177937 0.118681 -0.770518 -0.626272 0.953963 0.045666 3 5 0.700000 4 0.266667 6 0.033333
  5 -0.674969 -1.319012 60.188389 -0.500944 -0.863583 -0.057260 0.954607 0.053265 3 5 0.700000 4 0.266667 6 0.033333
white
  4 -1.004118 -1.337724 60.168900 0.418627 -0.748127 -0.514836 0.955254 0.039056 3 4 0.695078 5 0.301787 28 0.003135
  4 -0.990494 -1.301266 60.143982 0.311190 -0.542238 -0.780473 0.954019 0.039622 3 4 0.695078 5 0.301787 28 0.003135
  5 -0.849053 -1.258717 60.177937 0.118681 -0.770518 -0.626272 0.953963 0.045666 3 5 0.700000 4 0.266667 6 0.033333
white
  4 -0.990494 -1.301266 60.143982 0.311190 -0.542238 -0.780473 0.954019 0.039622 3 4 0.695078 5 0.301787 28 0.003135
  5 -0.832400 -1.224564 60.149517 -0.095252 -0.648655 -0.755098 0.952668 0.046025 3 5 0.700000 4 0.266667 6 0.033333
  5 -0.849053 -1.258717 60.177937 0.118681 -0.770518 -0.626272 0.953963 0.045666 3 5 0.700000 4 0.266667 6 0.033333
white
  5 -0.849053 -1.258717 60.177937 0.118681 -0.770518 -0.626272 0.953963 0.045666 3 5 0.700000 4 0.266667 6 0.033333
  5 -0.832400 -1.224564 60.149517 -0.095252 -0.648655 -0.755098 0.952668 0.046025 3 5 0.700000 4 0.266667 6 0.033333
  5 -0.674969 -1.319012 60.188389 -0.500944 -0.863583 -0.057260 0.954607 0.053265 3 5 0.700000 4 0.266667 6 0.033333
white
  4 -0.990494 -1.301266 60.143982 0.311190 -0.542238 -0.780473 0.954019 0.039622 3 4 0.695078 5 0.301787 28 0.003135
  4 -0.952260 -1.197424 60.120876 0.093054 -0.510480 -0.854840 0.952581 0.040774 3 4 0.695078 5 0.301787 28 0.003135
  5 -0.832400 -1.224564 60.149517 -0.095252 -0.648655 -0.755098 0.952668 0.046025 3 5 0.700000 4 0.266667 6 0.033333
white
  5 -0.832400 -1.224564 60.149517 -0.095252 -0.648655 -0.755098 0.952668 0.046025 3 5 0.700000 4 0.266667 6 0.033333
  4 -0.663203 -1.311169 60.115707 -0.615687 -0.742338 -0.264319 0.951423 0.053515 3 4 0.621890 5 0.376752 28 0.001358
  5 -0.674969 -1.319012 60.188389 -0.500944 -0.863583 -0.057260 0.954607 0.053265 3 5 0.700000 4 0.266667 6 0.033333
white
  4 -0.391542 -1.563923 60.099827 -0.685829 -0.716434 0.127907 0.952035 0.064625 3 4 0.595344 5 0.403947 28 0.000709
  5 -0.674969 -1.319012 60.188389 -0.500944 -0.863583 -0.057260 0.954607 0.053265 3 5 0.700000 4 0.266667 6 0.033333
  4 -0.663203 -1.311169 60.115707 -0.615687 -0.742338 -0.264319 0.951423 0.053515 3 4 0.621890 5 0.376752 28 0.001358
white
  4 -0.952260 -1.197424 60.120876 0.093054 -0.510480 -0.854840 0.952581 0.040774 3 4 0.695078 5 0.301787 28 0.003135
  4 -0.815942 -1.190976 60.114601 -0.286630 -0.745175 -0.602128 0.951385 0.046590 3 4 0.621890 5 0.376752 28 0.001358
  5 -0.832400 -1.224564 60.149517 -0.095252 -0.648655 -0.755098 0.952668 0.046025 3 5 0.700000 4 0.266667 6 0.033333
white
  5 -0.832400 -1.224564 60.149517 -0.095252 -0.648655 -0.755098 0.952668 0.046025 3 5 0.700000 4 0.266667 6 0.033333
  4 -0.815942 -1.190976 60.114601 -0.286630 -0.745175 -0.602128 0.951385 0.046590 3 4 0.621890 5 0.376752 28 0.001358
  4 -0.663203 -1.311169 60.115707 -0.615687 -0.742338 -0.264319 0.951423 0.053515 3 4 0.621890 5 0.376752 28 0.001358
white
  4 -0.952260 -1.197424 60.120876 0.093054 -0.510480 -0.854840 0.952581 0.040774 3 4 0.695078 5 0.301787 28 0.003135
  4 -0.917675 -1.146985 60.065220 -0.107025 -0.832275 -0.543933 0.950476 0.041850 3 4 0.695078 5 0.301787 28 0.003135
  4 -0.815942 -1.190976 60.114601 -0.286630 -0.745175 -0.602128 0.951385 0.046590 3 4 0.621890 5 0.376752 28 0.001358
white
  4 -0.391542 -1.563923 60.099827 -0.685829 -0.716434 0.127907 0.952035 0.064625 3 4 0.595344 5 0.403947 28 0.000709
  4 -0.663203 -1.311169 60.115707 -0.615687 -0.742338 -0.264319 0.951423 0.053515 3 4 0.621890 5 0.376752 28 0.001358
  4 -0.639884 -1.299789 60.032749 -0.705637 -0.692909 -0.148170 0.948300 0.053765 3 4 0.621890 5 0.376752 28 0.001358
white
  4 -0.394427 -1.610536 59.904625 -0.759514 -0.580612 0.293306 0.943761 0.064625 2 4 0.971258 28 0.028742
  4 -0.391542 -1.563923 60.099827 -0.685829 -0.716434 0.127907 0.952035 0.064625 3 4 0.595344 5 0.403947 28 0.000709
  4 -0.639884 -1.299789 60.032749 -0.705637 -0.692909 -0.148170 0.948300 0.053765 3 4 0.621890 5 0.376752 28 0.001358
white
  4 -0.815942 -1.190976 60.114601 -0.286630 -0.745175 -0.602128 0.951385 0.046590 3 4 0.621890 5 0.376752 28 0.001358
  4 -0.795683 -1.169750 60.058990 -0.448326 -0.825481 -0.342907 0.949479 0.047079 3 4 0.621890 5 0.376752 28 0.001358
  4 -0.663203 -1.311169 60.115707 -0.615687 -0.742338 -0.264319 0.951423 0.053515 3 4 0.621890 5 0.376752 28 0.001358
white
  4 -0.917675 -1.146985 60.065220 -0.107025 -0.832275 -0.543933 0.950476 0.041850 3 4 0.695078 5 0.301787 28 0.003135
  4 -0.795683 -1.169750 60.058990 -0.448326 -0.825481 -0.342907 0.949479 0.047079 3 4 0.621890 5 0.376752 28 0.001358
  4 -0.815942 -1.190976 60.114601 -0.286630 -0.745175 -0.602128 0.951385 0.046590 3 4 0.621890 5 0.376752 28 0.001358
white
  4 -0.795683 -1.169750 60.058990 -0.448326 -0.825481 -0.342907 0.949479 0.047079 3 4 0.621890 5 0.376752 28 0.001358
  4 -0.639884 -1.299789 60.032749 -0.705637 -0.692909 -0.148170 0.948300 0.053765 3 4 0.621890 5 0.376752 28 0.001358
  4 -0.663203 -1.311169 60.115707 -0.615687 -0.742338 -0.264319 0.951423 0.053515 3 4 0.621890 5 0.376752 28 0.001358
white
  4 -0.917675 -1.146985 60.065220 -0.107025 -0.832275 -0.543933 0.950476 0.041850 3 4 0.695078 5 0.301787 28 0.003135
  4 -0.899976 -1.107250 59.980545 -0.331767 -0.875369 -0.351653 0.947180 0.042176 3 4 0.621890 5 0.376752 28 0.001358
  4 -0.795683 -1.169750 60.058990 -0.448326 -0.825481 -0.342907 0.949479 0.047079 3 4 0.621890 5 0.376752 28 0.001358
white
  4 -0.899976 -1.107250 59.980545 -0.331767 -0.875369 -0.351653 0.947180 0.042176 3 4 0.621890 5 0.376752 28 0.001358
  4 -0.782882 -1.155378 59.967575 -0.573773 -0.798573 -0.181841 0.946329 0.047220 3 4 0.621890 5 0.376752 28 0.001358
  4 -0.795683 -1.169750 60.058990 -0.448326 -0.825481 -0.342907 0.949479 0.047079 3 4 0.621890 5 0.376752 28 0.001358
white
  4 -0.795683 -1.169750 60.058990 -0.448326 -0.825481 -0.342907 0.949479 0.047079 3 4 0.621890 5 0.376752 28 0.001358
  4 -0.782882 -1.155378 59.967575 -0.573773 -0.798573 -0.181841 0.946329 0.047220 3 4 0.621890 5 0.376752 28 0.001358
  4 -0.639884 -1.299789 60.032749 -0.705637 -0.692909 -0.148170 0.948300 0.053765 3 4 0.621890 5 0.376752 28 0.001358
white
  4 -0.899976 -1.107250 59.980545 -0.331767 -0.875369 -0.351653 0.947180 0.042176 3 4 0.621890 5 0.376752 28 0.001358
  4 -0.906328 -1.071044 59.899673 -0.381946 -0.924079 -0.013989 0.943587 0.041350 3 4 0.621890 5 0.376752 28 0.001358
  4 -0.782882 -1.155378 59.967575 -0.573773 -0.798573 -0.181841 0.946329 0.047220 3 4 0.621890 5 0.376752 28 0.001358
white
  4 -0.394427 -1.610536 59.904625 -0.759514 -0.580612 0.293306 0.943761 0.064625 2 4 0.971258 28 0.028742
  4 -0.639884 -1.299789 60.032749 -0.705637 -0.692909 -0.148170 0.948300 0.053765 3 4 0.621890 5 0.376752 28 0.001358
  4 -0.633361 -1.295134 59.871658 -0.783289 -0.618300 0.064522 0.941912 0.053330 3 4 0.595344 5 0.403947 28 0.000709
white
  4 -0.633361 -1.295134 59.871658 -0.783289 -0.618300 0.064522 0.941912 0.053330 3 4 0.595344 5 0.403947 28 0.000709
  4 -0.639884 -1.299789 60.032749 -0.705637 -0.692909 -0.148170 0.948300 0.053765 3 4 0.621890 5 0.376752 28 0.001358
  4 -0.782882 -1.155378 59.967575 -0.573773 -0.798573 -0.181841 0.946329 0.047220 3 4 0.621890 5 0.376752 28 0.001358
white
  4 -0.394427 -1.610536 59.904625 -0.759514 -0.580612 0.293306 0.943761 0.064625 2 4 0.971258 28 0.028742
  4 -0.633361 -1.295134 59.871658 -0.783289 -0.618300 0.064522 0.941912 0.053330 3 4 0.595344 5 0.403947 28 0.000709
  4 -0.417918 -1.776756 59.663074 -0.834365 -0.476614 0.276900 0.934126 0.064625 2 4 0.971258 28 0.028742
white
  4 -0.906328 -1.071044 59.899673 -0.381946 -0.924079 -0.013989 0.943587 0.041350 3 4 0.621890 5 0.376752 28 0.001358
  4 -0.791714 -1.132654 59.892292 -0.610892 -0.789317 -0.061555 0.942812 0.046601 3 4 0.621890 5 0.376752 28 0.001358
  4 -0.782882 -1.155378 59.967575 -0.573773 -0.798573 -0.181841 0.946329 0.047220 3 4 0.621890 5 0.376752 28 0.001358
white
  4 -0.791714 -1.132654 59.892292 -0.610892 -0.789317 -0.061555 0.942812 0.046601 3 4 0.621890 5 0.376752 28 0.001358
  4 -0.633361 -1.295134 59.871658 -0.783289 -0.618300 0.064522 0.941912 0.053330 3 4 0.595344 5 0.403947 28 0.000709
  4 -0.782882 -1.155378 59.967575 -0.573773 -0.798573 -0.181841 0.946329 0.047220 3 4 0.621890 5 0.376752 28 0.001358
white
  4 -0.816600 -1.116409 59.831371 -0.481873 -0.833414 0.270592 0.939799 0.044807 3 4 0.621890 5 0.376752 28 0.001358
  4 -0.791714 -1.132654 59.892292 -0.610892 -0.789317 -0.061555 0.942812 0.046601 3 4 0.621890 5 0.376752 28 0.001358
  4 -0.906328 -1.071044 59.899673 -0.381946 -0.924079 -0.013989 0.943587 0.041350 3 4 0.621890 5 0.376752 28 0.001358
white
  4 -0.791714 -1.132654 59.892292 -0.610892 -0.789317 -0.061555 0.942812 0.046601 3 4 0.621890 5 0.376752 28 0.001358
  4 -0.816600 -1.116409 59.831371 -0.481873 -0.833414 0.270592 0.939799 0.044807 3 4 0.621890 5 0.376752 28 0.001358
  4 -0.633361 -1.295134 59.871658 -0.783289 -0.618300 0.064522 0.941912 0.053330 3 4 0.595344 5 0.403947 28 0.000709
white
  4 -0.951242 -1.070440 59.846741 -0.002293 -0.827553 0.561382 0.940586 0.038969 3 4 0.621890 5 0.376752 28 0.001358
  4 -0.816600 -1.116409 59.831371 -0.481873 -0.833414 0.270592 0.939799 0.044807 3 4 0.621890 5 0.376752 28 0.001358
  4 -0.906328 -1.071044 59.899673 -0.381946 -0.924079 -0.013989 0.943587 0.041350 3 4 0.621890 5 0.376752 28 0.001358
white
  4 -0.633361 -1.295134 59.871658 -0.783289 -0.618300 0.064522 0.941912 0.053330 3 4 0.595344 5 0.403947 28 0.000709
  4 -0.675268 -1.261653 59.753792 -0.740908 -0.650697 0.166283 0.936446 0.050819 3 4 0.595344 5 0.403947 28 0.000709
  4 -0.417918 -1.776756 59.663074 -0.834365 -0.476614 0.276900 0.934126 0.064625 2 4 0.971258 28 0.028742
white
  4 -0.816600 -1.116409 59.831371 -0.481873 -0.833414 0.270592 0.939799 0.044807 3 4 0.621890 5 0.376752 28 0.001358
  4 -0.675268 -1.261653 59.753792 -0.740908 -0.650697 0.166283 0.936446 0.050819 3 4 0.595344 5 0.403947 28 0.000709
  4 -0.633361 -1.295134 59.871658 -0.783289 -0.618300 0.064522 0.941912 0.053330 3 4 0.595344 5 0.403947 28 0.000709
white
  4 -0.872468 -1.137877 59.762085 -0.004182 -0.841459 0.540305 0.936974 0.042839 3 4 0.812500 5 0.173177 28 0.014323
  4 -0.816600 -1.116409 59.831371 -0.481873 -0.833414 0.270592 0.939799 0.044807 3 4 0.621890 5 0.376752 28 0.001358
  4 -0.951242 -1.070440 59.846741 -0.002293 -0.827553 0.561382 0.940586 0.038969 3 4 0.621890 5 0.376752 28 0.001358
white
  4 -0.872468 -1.137877 59.762085 -0.004182 -0.841459 0.540305 0.936974 0.042839 3 4 0.812500 5 0.173177 28 0.014323
  4 -0.675268 -1.261653 59.753792 -0.740908 -0.650697 0.166283 0.936446 0.050819 3 4 0.595344 5 0.403947 28 0.000709
  4 -0.816600 -1.116409 59.831371 -0.481873 -0.833414 0.270592 0.939799 0.044807 3 4 0.621890 5 0.376752 28 0.001358
white
  4 -1.082213 -1.395343 59.710762 0.690787 -0.539567 0.481332 0.937588 0.036360 2 4 0.719779 28 0.280221
  4 -0.872468 -1.137877 59.762085 -0.004182 -0.841459 0.540305 0.936974 0.042839 3 4 0.812500 5 0.173177 28 0.014323
  4 -0.951242 -1.070440 59.846741 -0.002293 -0.827553 0.561382 0.940586 0.038969 3 4 0.621890 5 0.376752 28 0.001358
white
  4 -0.417918 -1.776756 59.663074 -0.834365 -0.476614 0.276900 0.934126 0.064625 2 4 0.971258 28 0.028742
  4 -0.675268 -1.261653 59.753792 -0.740908 -0.650697 0.166283 0.936446 0.050819 3 4 0.595344 5 0.403947 28 0.000709
  4 -0.701663 -1.263602 59.631901 -0.702184 -0.695974 0.150190 0.931455 0.049786 2 4 0.870928 28 0.129072
white
  4 -0.701663 -1.263602 59.631901 -0.702184 -0.695974 0.150190 0.931455 0.049786 2 4 0.870928 28 0.129072
  4 -0.675268 -1.261653 59.753792 -0.740908 -0.650697 0.166283 0.936446 0.050819 3 4 0.595344 5 0.403947 28 0.000709
  4 -0.872468 -1.137877 59.762085 -0.004182 -0.841459 0.540305 0.936974 0.042839 3 4 0.812500 5 0.173177 28 0.014323
white
  4 -0.417918 -1.776756 59.663074 -0.834365 -0.476614 0.276900 0.934126 0.064625 2 4 0.971258 28 0.028742
  4 -0.701663 -1.263602 59.631901 -0.702184 -0.695974 0.150190 0.931455 0.049786 2 4 0.870928 28 0.129072
  4 -0.432786 -1.867171 59.433781 -0.828883 -0.519008 0.208765 0.924249 0.064625 2 4 0.970273 28 0.029727
white
  4 -0.898498 -1.163800 59.693249 0.348440 -0.926229 0.143836 0.934033 0.041720 3 4 0.812500 5 0.173177 28 0.014323
  4 -0.872468 -1.137877 59.762085 -0.004182 -0.841459 0.540305 0.936974 0.042839 3 4 0.812500 5 0.173177 28 0.014323
  4 -1.082213 -1.395343 59.710762 0.690787 -0.539567 0.481332 0.937588 0.036360 2 4 0.719779 28 0.280221
white
  4 -0.898498 -1.163800 59.693249 0.348440 -0.926229 0.143836 0.934033 0.041720 3 4 0.812500 5 0.173177 28 0.014323
  4 -0.701663 -1.263602 59.631901 -0.702184 -0.695974 0.150190 0.931455 0.049786 2 4 0.870928 28 0.129072
  4 -0.872468 -1.137877 59.762085 -0.004182 -0.841459 0.540305 0.936974 0.042839 3 4 0.812500 5 0.173177 28 0.014323
white
  4 -1.108833 -1.501239 59.632919 0.843020 -0.537515 -0.019837 0.934011 0.034871 2 4 0.719779 28 0.280221
  4 -0.898498 -1.163800 59.693249 0.348440 -0.926229 0.143836 0.934033 0.041720 3 4 0.812500 5 0.173177 28 0.014323
  4 -1.082213 -1.395343 59.710762 0.690787 -0.539567 0.481332 0.937588 0.036360 2 4 0.719779 28 0.280221
white
  4 -0.904705 -1.166128 59.634762 0.322392 -0.946584 -0.006486 0.930531 0.041328 2 4 0.870928 28 0.129072
  4 -0.898498 -1.163800 59.693249 0.348440 -0.926229 0.143836 0.934033 0.041720 3 4 0.812500 5 0.173177 28 0.014323
  4 -1.108833 -1.501239 59.632919 0.843020 -0.537515 -0.019837 0.934011 0.034871 2 4 0.719779 28 0.280221
white
  4 -0.904705 -1.166128 59.634762 0.322392 -0.946584 -0.006486 0.930531 0.041328 2 4 0.870928 28 0.129072
  4 -0.701663 -1.263602 59.631901 -0.702184 -0.695974 0.150190 0.931455 0.049786 2 4 0.870928 28 0.129072
  4 -0.898498 -1.163800 59.693249 0.348440 -0.926229 0.143836 0.934033 0.041720 3 4 0.812500 5 0.173177 28 0.014323
white
  4 -1.119251 -1.487140 59.550964 0.825330 -0.534297 -0.182639 0.929496 0.034371 2 4 0.719779 28 0.280221
  4 -0.904705 -1.166128 59.634762 0.322392 -0.946584 -0.006486 0.930531 0.041328 2 4 0.870928 28 0.129072
  4 -1.108833 -1.501239 59.632919 0.843020 -0.537515 -0.019837 0.934011 0.034871 2 4 0.719779 28 0.280221
white
  4 -0.894320 -1.163504 59.560822 0.169585 -0.985461 0.010379 0.926020 0.041535 2 4 0.870928 28 0.129072
  4 -0.904705 -1.166128 59.634762 0.322392 -0.946584 -0.006486 0.930531 0.041328 2 4 0.870928 28 0.129072
  4 -1.119251 -1.487140 59.550964 0.825330 -0.534297 -0.182639 0.929496 0.034371 2 4 0.719779 28 0.280221
white
  4 -0.904705 -1.166128 59.634762 0.322392 -0.946584 -0.006486 0.930531 0.041328 2 4 0.870928 28 0.129072
  4 -0.894320 -1.163504 59.560822 0.169585 -0.985461 0.010379 0.926020 0.041535 2 4 0.870928 28 0.129072
  4 -0.701663 -1.263602 59.631901 -0.702184 -0.695974 0.150190 0.931455 0.049786 2 4 0.870928 28 0.129072
white
  4 -1.114778 -1.439031 59.441502 0.808716 -0.586530 -0.044280 0.923686 0.034740 2 4 0.719779 28 0.280221
  4 -0.894320 -1.163504 59.560822 0.169585 -0.985461 0.010379 0.926020 0.041535 2 4 0.870928 28 0.129072
  4 -1.119251 -1.487140 59.550964 0.825330 -0.534297 -0.182639 0.929496 0.034371 2 4 0.719779 28 0.280221
white
  4 -0.894320 -1.163504 59.560822 0.169585 -0.985461 0.010379 0.926020 0.041535 2 4 0.870928 28 0.129072
  4 -0.720587 -1.264448 59.503891 -0.704401 -0.673069 0.225380 0.924534 0.050297 2 4 0.870928 28 0.129072
  4 -0.701663 -1.263602 59.631901 -0.702184 -0.695974 0.150190 0.931455 0.049786 2 4 0.870928 28 0.129072
white
  4 -0.701663 -1.263602 59.631901 -0.702184 -0.695974 0.150190 0.931455 0.049786 2 4 0.870928 28 0.129072
  4 -0.720587 -1.264448 59.503891 -0.704401 -0.673069 0.225380 0.924534 0.050297 2 4 0.870928 28 0.129072
  4 -0.432786 -1.867171 59.433781 -0.828883 -0.519008 0.208765 0.924249 0.064625 2 4 0.970273 28 0.029727
white
  4 -0.911657 -1.168266 59.462082 0.272353 -0.956011 0.108931 0.921851 0.042329 2 4 0.870928 28 0.129072
  4 -0.894320 -1.163504 59.560822 0.169585 -0.985461 0.010379 0.926020 0.041535 2 4 0.870928 28 0.129072
  4 -1.114778 -1.439031 59.441502 0.808716 -0.586530 -0.044280 0.923686 0.034740 2 4 0.719779 28 0.280221
white
  4 -0.911657 -1.168266 59.462082 0.272353 -0.956011 0.108931 0.921851 0.042329 2 4 0.870928 28 0.129072
  4 -0.720587 -1.264448 59.503891 -0.704401 -0.673069 0.225380 0.924534 0.050297 2 4 0.870928 28 0.129072
  4 -0.894320 -1.163504 59.560822 0.169585 -0.985461 0.010379 0.926020 0.041535 2 4 0.870928 28 0.129072
white
  4 -1.091315 -1.437828 59.319153 0.815899 -0.575155 0.059209 0.918661 0.035838 2 4 0.870928 28 0.129072
  4 -0.911657 -1.168266 59.462082 0.272353 -0.956011 0.108931 0.921851 0.042329 2 4 0.870928 28 0.129072
  4 -1.114778 -1.439031 59.441502 0.808716 -0.586530 -0.044280 0.923686 0.034740 2 4 0.719779 28 0.280221
white
  4 -1.091315 -1.437828 59.319153 0.815899 -0.575155 0.059209 0.918661 0.035838 2 4 0.870928 28 0.129072
  4 -1.041159 -1.351887 59.264053 0.675035 -0.702856 0.224323 0.916492 0.037502 2 4 0.870928 28 0.129072
  4 -0.911657 -1.168266 59.462082 0.272353 -0.956011 0.108931 0.921851 0.042329 2 4 0.870928 28 0.129072
white
  4 -1.041159 -1.351887 59.264053 0.675035 -0.702856 0.224323 0.916492 0.037502 2 4 0.870928 28 0.129072
  4 -0.869278 -1.191127 59.388275 -0.194949 -0.869504 0.453826 0.919373 0.043676 2 4 0.870928 28 0.129072
  4 -0.911657 -1.168266 59.462082 0.272353 -0.956011 0.108931 0.921851 0.042329 2 4 0.870928 28 0.129072
white
  4 -0.911657 -1.168266 59.462082 0.272353 -0.956011 0.108931 0.921851 0.042329 2 4 0.870928 28 0.129072
  4 -0.869278 -1.191127 59.388275 -0.194949 -0.869504 0.453826 0.919373 0.043676 2 4 0.870928 28 0.129072
  4 -0.720587 -1.264448 59.503891 -0.704401 -0.673069 0.225380 0.924534 0.050297 2 4 0.870928 28 0.129072
white
  4 -1.041159 -1.351887 59.264053 0.675035 -0.702856 0.224323 0.916492 0.037502 2 4 0.870928 28 0.129072
  4 -0.998494 -1.353620 59.233795 0.191432 -0.825799 0.530481 0.915953 0.039404 2 4 0.870928 28 0.129072
  4 -0.869278 -1.191127 59.388275 -0.194949 -0.869504 0.453826 0.919373 0.043676 2 4 0.870928 28 0.129072
white
  4 -0.690949 -1.392058 59.388832 -0.759145 -0.482159 0.437289 0.919974 0.052460 2 4 0.870928 28 0.129072
  4 -0.720587 -1.264448 59.503891 -0.704401 -0.673069 0.225380 0.924534 0.050297 2 4 0.870928 28 0.129072
  4 -0.869278 -1.191127 59.388275 -0.194949 -0.869504 0.453826 0.919373 0.043676 2 4 0.870928 28 0.129072
white
  4 -0.432786 -1.867171 59.433781 -0.828883 -0.519008 0.208765 0.924249 0.064625 2 4 0.970273 28 0.029727
  4 -0.720587 -1.264448 59.503891 -0.704401 -0.673069 0.225380 0.924534 0.050297 2 4 0.870928 28 0.129072
  4 -0.690949 -1.392058 59.388832 -0.759145 -0.482159 0.437289 0.919974 0.052460 2 4 0.870928 28 0.129072
white
  4 -0.998494 -1.353620 59.233795 0.191432 -0.825799 0.530481 0.915953 0.039404 2 4 0.870928 28 0.129072
  4 -0.855804 -1.255909 59.330868 -0.370116 -0.638690 0.674603 0.917908 0.045198 2 4 0.870928 28 0.129072
  4 -0.869278 -1.191127 59.388275 -0.194949 -0.869504 0.453826 0.919373 0.043676 2 4 0.870928 28 0.129072
white
  4 -0.855804 -1.255909 59.330868 -0.370116 -0.638690 0.674603 0.917908 0.045198 2 4 0.870928 28 0.129072
  4 -0.690949 -1.392058 59.388832 -0.759145 -0.482159 0.437289 0.919974 0.052460 2 4 0.870928 28 0.129072
  4 -0.869278 -1.191127 59.388275 -0.194949 -0.869504 0.453826 0.919373 0.043676 2 4 0.870928 28 0.129072
white
  4 -0.832907 -1.326739 59.283726 -0.452502 -0.581511 0.676082 0.916778 0.046503 2 4 0.870928 28 0.129072
  4 -0.855804 -1.255909 59.330868 -0.370116 -0.638690 0.674603 0.917908 0.045198 2 4 0.870928 28 0.129072
  4 -0.998494 -1.353620 59.233795 0.191432 -0.825799 0.530481 0.915953 0.039404 2 4 0.870928 28 0.129072
white
  4 -0.855804 -1.255909 59.330868 -0.370116 -0.638690 0.674603 0.917908 0.045198 2 4 0.870928 28 0.129072
  4 -0.832907 -1.326739 59.283726 -0.452502 -0.581511 0.676082 0.916778 0.046503 2 4 0.870928 28 0.129072
  4 -0.690949 -1.392058 59.388832 -0.759145 -0.482159 0.437289 0.919974 0.052460 2 4 0.870928 28 0.129072
white
  4 -0.955734 -1.351233 59.216114 -0.100586 -0.917607 0.384550 0.915825 0.041252 2 4 0.870928 28 0.129072
  4 -0.832907 -1.326739 59.283726 -0.452502 -0.581511 0.676082 0.916778 0.046503 2 4 0.870928 28 0.129072
  4 -0.998494 -1.353620 59.233795 0.191432 -0.825799 0.530481 0.915953 0.039404 2 4 0.870928 28 0.129072
white
  4 -0.432786 -1.867171 59.433781 -0.828883 -0.519008 0.208765 0.924249 0.064625 2 4 0.970273 28 0.029727
  4 -0.690949 -1.392058 59.388832 -0.759145 -0.482159 0.437289 0.919974 0.052460 2 4 0.870928 28 0.129072
  4 -0.680883 -1.583072 59.247288 -0.700420 -0.480468 0.527789 0.915804 0.053928 2 4 0.870928 28 0.129072
white
  4 -0.832907 -1.326739 59.283726 -0.452502 -0.581511 0.676082 0.916778 0.046503 2 4 0.870928 28 0.129072
  4 -0.680883 -1.583072 59.247288 -0.700420 -0.480468 0.527789 0.915804 0.053928 2 4 0.870928 28 0.129072
  4 -0.690949 -1.392058 59.388832 -0.759145 -0.482159 0.437289 0.919974 0.052460 2 4 0.870928 28 0.129072
white
  4 -0.431393 -1.902704 59.206726 -0.671924 -0.635680 0.380038 0.913666 0.064625 2 4 0.970273 28 0.029727
  4 -0.432786 -1.867171 59.433781 -0.828883 -0.519008 0.208765 0.924249 0.064625 2 4 0.970273 28 0.029727
  4 -0.680883 -1.583072 59.247288 -0.700420 -0.480468 0.527789 0.915804 0.053928 2 4 0.870928 28 0.129072
white
  4 -0.831266 -1.429550 59.208679 -0.527054 -0.531688 0.662965 0.915089 0.047460 2 4 0.870928 28 0.129072
  4 -0.832907 -1.326739 59.283726 -0.452502 -0.581511 0.676082 0.916778 0.046503 2 4 0.870928 28 0.129072
  4 -0.955734 -1.351233 59.216114 -0.100586 -0.917607 0.384550 0.915825 0.041252 2 4 0.870928 28 0.129072
white
  4 -0.831266 -1.429550 59.208679 -0.527054 -0.531688 0.662965 0.915089 0.047460 2 4 0.870928 28 0.129072
  4 -0.680883 -1.583072 59.247288 -0.700420 -0.480468 0.527789 0.915804 0.053928 2 4 0.870928 28 0.129072
  4 -0.832907 -1.326739 59.283726 -0.452502 -0.581511 0.676082 0.916778 0.046503 2 4 0.870928 28 0.129072
white
  4 -0.929125 -1.392026 59.175655 -0.454757 -0.681019 0.573941 0.914744 0.042578 2 4 0.870928 28 0.129072
  4 -0.831266 -1.429550 59.208679 -0.527054 -0.531688 0.662965 0.915089 0.047460 2 4 0.870928 28 0.129072
  4 -0.955734 -1.351233 59.216114 -0.100586 -0.917607 0.384550 0.915825 0.041252 2 4 0.870928 28 0.129072
white
  4 -0.831266 -1.429550 59.208679 -0.527054 -0.531688 0.662965 0.915089 0.047460 2 4 0.870928 28 0.129072
  4 -0.929125 -1.392026 59.175655 -0.454757 -0.681019 0.573941 0.914744 0.042578 2 4 0.870928 28 0.129072
  4 -0.931019 -1.502851 59.085247 -0.457271 -0.487695 0.743678 0.911349 0.042916 2 4 0.869854 28 0.130146
white
  4 -0.827242 -1.548617 59.119900 -0.536381 -0.506081 0.675409 0.911945 0.047927 2 4 0.869854 28 0.130146
  4 -0.831266 -1.429550 59.208679 -0.527054 -0.531688 0.662965 0.915089 0.047460 2 4 0.870928 28 0.129072
  4 -0.931019 -1.502851 59.085247 -0.457271 -0.487695 0.743678 0.911349 0.042916 2 4 0.869854 28 0.130146
white
  4 -0.680883 -1.583072 59.247288 -0.700420 -0.480468 0.527789 0.915804 0.053928 2 4 0.870928 28 0.129072
  4 -0.831266 -1.429550 59.208679 -0.527054 -0.531688 0.662965 0.915089 0.047460 2 4 0.870928 28 0.129072
  4 -0.827242 -1.548617 59.119900 -0.536381 -0.506081 0.675409 0.911945 0.047927 2 4 0.869854 28 0.130146
white
  4 -0.827242 -1.548617 59.119900 -0.536381 -0.506081 0.675409 0.911945 0.047927 2 4 0.869854 28 0.130146
  4 -0.931019 -1.502851 59.085247 -0.457271 -0.487695 0.743678 0.911349 0.042916 2 4 0.869854 28 0.130146
  4 -0.965052 -1.615252 59.005035 -0.227999 -0.351385 0.908045 0.907930 0.042068 2 4 0.869854 28 0.130146
white
  4 -0.431393 -1.902704 59.206726 -0.671924 -0.635680 0.380038 0.913666 0.064625 2 4 0.970273 28 0.029727
  4 -0.680883 -1.583072 59.247288 -0.700420 -0.480468 0.527789 0.915804 0.053928 2 4 0.870928 28 0.129072
  4 -0.687660 -1.779659 59.075371 -0.562087 -0.535541 0.630280 0.909473 0.054808 2 4 0.869854 28 0.130146
white
  4 -0.687660 -1.779659 59.075371 -0.562087 -0.535541 0.630280 0.909473 0.054808 2 4 0.869854 28 0.130146
  4 -0.680883 -1.583072 59.247288 -0.700420 -0.480468 0.527789 0.915804 0.053928 2 4 0.870928 28 0.129072
  4 -0.827242 -1.548617 59.119900 -0.536381 -0.506081 0.675409 0.911945 0.047927 2 4 0.869854 28 0.130146
white
  4 -0.431393 -1.902704 59.206726 -0.671924 -0.635680 0.380038 0.913666 0.064625 2 4 0.970273 28 0.029727
  4 -0.687660 -1.779659 59.075371 -0.562087 -0.535541 0.630280 0.909473 0.054808 2 4 0.869854 28 0.130146
  4 -0.433265 -2.083366 58.967812 -0.456842 -0.691447 0.559640 0.901596 0.064625 2 4 0.970273 28 0.029727
white
  4 -0.842383 -1.640797 59.037849 -0.434880 -0.501387 0.747991 0.908733 0.047720 2 4 0.869854 28 0.130146
  4 -0.827242 -1.548617 59.119900 -0.536381 -0.506081 0.675409 0.911945 0.047927 2 4 0.869854 28 0.130146
  4 -0.965052 -1.615252 59.005035 -0.227999 -0.351385 0.908045 0.907930 0.042068 2 4 0.869854 28 0.130146
white
  4 -0.842383 -1.640797 59.037849 -0.434880 -0.501387 0.747991 0.908733 0.047720 2 4 0.869854 28 0.130146
  4 -0.687660 -1.779659 59.075371 -0.562087 -0.535541 0.630280 0.909473 0.054808 2 4 0.869854 28 0.130146
  4 -0.827242 -1.548617 59.119900 -0.536381 -0.506081 0.675409 0.911945 0.047927 2 4 0.869854 28 0.130146
white
  4 -0.877907 -1.694147 58.996788 -0.237507 -0.401616 0.884475 0.906840 0.046623 2 4 0.869854 28 0.130146
  4 -0.842383 -1.640797 59.037849 -0.434880 -0.501387 0.747991 0.908733 0.047720 2 4 0.869854 28 0.130146
  4 -0.965052 -1.615252 59.005035 -0.227999 -0.351385 0.908045 0.907930 0.042068 2 4 0.869854 28 0.130146
white
  4 -1.022257 -1.699616 58.993446 0.104300 -0.248606 0.962973 0.906778 0.039839 2 4 0.869854 28 0.130146
  4 -0.877907 -1.694147 58.996788 -0.237507 -0.401616 0.884475 0.906840 0.046623 2 4 0.869854 28 0.130146
  4 -0.965052 -1.615252 59.005035 -0.227999 -0.351385 0.908045 0.907930 0.042068 2 4 0.869854 28 0.130146
white
  4 -0.720423 -1.883540 58.969772 -0.437187 -0.572538 0.693590 0.904408 0.054015 2 4 0.869854 28 0.130146
  4 -0.687660 -1.779659 59.075371 -0.562087 -0.535541 0.630280 0.909473 0.054808 2 4 0.869854 28 0.130146
  4 -0.842383 -1.640797 59.037849 -0.434880 -0.501387 0.747991 0.908733 0.047720 2 4 0.869854 28 0.130146
white
  4 -0.877907 -1.694147 58.996788 -0.237507 -0.401616 0.884475 0.906840 0.046623 2 4 0.869854 28 0.130146
  4 -0.720423 -1.883540 58.969772 -0.437187 -0.572538 0.693590 0.904408 0.054015 2 4 0.869854 28 0.130146
  4 -0.842383 -1.640797 59.037849 -0.434880 -0.501387 0.747991 0.908733 0.047720 2 4 0.869854 28 0.130146
white
  4 -0.687660 -1.779659 59.075371 -0.562087 -0.535541 0.630280 0.909473 0.054808 2 4 0.869854 28 0.130146
  4 -0.720423 -1.883540 58.969772 -0.437187 -0.572538 0.693590 0.904408 0.054015 2 4 0.869854 28 0.130146
  4 -0.433265 -2.083366 58.967812 -0.456842 -0.691447 0.559640 0.901596 0.064625 2 4 0.970273 28 0.029727
white
  4 -0.915687 -1.759456 58.956306 -0.058982 -0.504252 0.861540 0.904796 0.045209 2 4 0.869854 28 0.130146
  4 -0.877907 -1.694147 58.996788 -0.237507 -0.401616 0.884475 0.906840 0.046623 2 4 0.869854 28 0.130146
  4 -1.022257 -1.699616 58.993446 0.104300 -0.248606 0.962973 0.906778 0.039839 2 4 0.869854 28 0.130146
white
  4 -0.915687 -1.759456 58.956306 -0.058982 -0.504252 0.861540 0.904796 0.045209 2 4 0.869854 28 0.130146
  4 -0.720423 -1.883540 58.969772 -0.437187 -0.572538 0.693590 0.904408 0.054015 2 4 0.869854 28 0.130146
  4 -0.877907 -1.694147 58.996788 -0.237507 -0.401616 0.884475 0.906840 0.046623 2 4 0.869854 28 0.130146
white
  4 -1.080865 -1.815704 58.982578 0.360062 -0.443778 0.820619 0.905370 0.037295 2 4 0.869854 28 0.130146
  4 -0.915687 -1.759456 58.956306 -0.058982 -0.504252 0.861540 0.904796 0.045209 2 4 0.869854 28 0.130146
  4 -1.022257 -1.699616 58.993446 0.104300 -0.248606 0.962973 0.906778 0.039839 2 4 0.869854 28 0.130146
white
  4 -0.433265 -2.083366 58.967812 -0.456842 -0.691447 0.559640 0.901596 0.064625 2 4 0.970273 28 0.029727
  4 -0.720423 -1.883540 58.969772 -0.437187 -0.572538 0.693590 0.904408 0.054015 2 4 0.869854 28 0.130146
  4 -0.756022 -2.000314 58.836143 -0.320048 -0.634609 0.703449 0.897520 0.052819 2 4 0.862458 28 0.137542
white
  4 -0.756022 -2.000314 58.836143 -0.320048 -0.634609 0.703449 0.897520 0.052819 2 4 0.862458 28 0.137542
  4 -0.720423 -1.883540 58.969772 -0.437187 -0.572538 0.693590 0.904408 0.054015 2 4 0.869854 28 0.130146
  4 -0.915687 -1.759456 58.956306 -0.058982 -0.504252 0.861540 0.904796 0.045209 2 4 0.869854 28 0.130146
white
  4 -0.433265 -2.083366 58.967812 -0.456842 -0.691447 0.559640 0.901596 0.064625 2 4 0.970273 28 0.029727
  4 -0.756022 -2.000314 58.836143 -0.320048 -0.634609 0.703449 0.897520 0.052819 2 4 0.862458 28 0.137542
  4 -0.433302 -2.234326 58.745567 -0.245603 -0.844991 0.475046 0.890060 0.064625 2 4 0.965683 28 0.034317
white
  4 -0.951175 -1.844741 58.891479 0.128145 -0.599411 0.790117 0.901132 0.044035 2 4 0.869854 28 0.130146
  4 -0.915687 -1.759456 58.956306 -0.058982 -0.504252 0.861540 0.904796 0.045209 2 4 0.869854 28 0.130146
  4 -1.080865 -1.815704 58.982578 0.360062 -0.443778 0.820619 0.905370 0.037295 2 4 0.869854 28 0.130146
white
  4 -0.951175 -1.844741 58.891479 0.128145 -0.599411 0.790117 0.901132 0.044035 2 4 0.869854 28 0.130146
  4 -0.756022 -2.000314 58.836143 -0.320048 -0.634609 0.703449 0.897520 0.052819 2 4 0.862458 28 0.137542
  4 -0.915687 -1.759456 58.956306 -0.058982 -0.504252 0.861540 0.904796 0.045209 2 4 0.869854 28 0.130146
white
  4 -1.122320 -1.968155 58.914978 0.498022 -0.521989 0.692461 0.901173 0.035545 2 4 0.869854 28 0.130146
  4 -0.951175 -1.844741 58.891479 0.128145 -0.599411 0.790117 0.901132 0.044035 2 4 0.869854 28 0.130146
  4 -1.080865 -1.815704 58.982578 0.360062 -0.443778 0.820619 0.905370 0.037295 2 4 0.869854 28 0.130146
white
  4 -0.969775 -1.947022 58.811916 0.172116 -0.616561 0.768264 0.896400 0.043372 2 4 0.862458 28 0.137542
  4 -0.951175 -1.844741 58.891479 0.128145 -0.599411 0.790117 0.901132 0.044035 2 4 0.869854 28 0.130146
  4 -1.122320 -1.968155 58.914978 0.498022 -0.521989 0.692461 0.901173 0.035545 2 4 0.869854 28 0.130146
white
  4 -0.969775 -1.947022 58.811916 0.172116 -0.616561 0.768264 0.896400 0.043372 2 4 0.862458 28 0.137542
  4 -0.756022 -2.000314 58.836143 -0.320048 -0.634609 0.703449 0.897520 0.052819 2 4 0.862458 28 0.137542
  4 -0.951175 -1.844741 58.891479 0.128145 -0.599411 0.790117 0.901132 0.044035 2 4 0.869854 28 0.130146
white
  4 -1.139054 -2.101274 58.823570 0.517761 -0.568440 0.639374 0.895347 0.034828 2 4 0.862458 28 0.137542
  4 -0.969775 -1.947022 58.811916 0.172116 -0.616561 0.768264 0.896400 0.043372 2 4 0.862458 28 0.137542
  4 -1.122320 -1.968155 58.914978 0.498022 -0.521989 0.692461 0.901173 0.035545 2 4 0.869854 28 0.130146
white
  4 -0.967719 -2.060802 58.720726 0.149381 -0.650150 0.744977 0.891047 0.043503 2 4 0.862458 28 0.137542
  4 -0.969775 -1.947022 58.811916 0.172116 -0.616561 0.768264 0.896400 0.043372 2 4 0.862458 28 0.137542
  4 -1.139054 -2.101274 58.823570 0.517761 -0.568440 0.639374 0.895347 0.034828 2 4 0.862458 28 0.137542
white
  4 -0.969775 -1.947022 58.811916 0.172116 -0.616561 0.768264 0.896400 0.043372 2 4 0.862458 28 0.137542
  4 -0.967719 -2.060802 58.720726 0.149381 -0.650150 0.744977 0.891047 0.043503 2 4 0.862458 28 0.137542
  4 -0.756022 -2.000314 58.836143 -0.320048 -0.634609 0.703449 0.897520 0.052819 2 4 0.862458 28 0.137542
white
  4 -1.127543 -2.192109 58.719627 0.499481 -0.613059 0.612109 0.889068 0.035414 2 4 0.862458 28 0.137542
  4 -0.967719 -2.060802 58.720726 0.149381 -0.650150 0.744977 0.891047 0.043503 2 4 0.862458 28 0.137542
  4 -1.139054 -2.101274 58.823570 0.517761 -0.568440 0.639374 0.895347 0.034828 2 4 0.862458 28 0.137542
white
  4 -1.127543 -2.192109 58.719627 0.499481 -0.613059 0.612109 0.889068 0.035414 2 4 0.862458 28 0.137542
  4 -1.095390 -2.259914 58.627739 0.503475 -0.679219 0.534017 0.883933 0.036784 2 4 0.862458 28 0.137542
  4 -0.967719 -2.060802 58.720726 0.149381 -0.650150 0.744977 0.891047 0.043503 2 4 0.862458 28 0.137542
white
  4 -0.967719 -2.060802 58.720726 0.149381 -0.650150 0.744977 0.891047 0.043503 2 4 0.862458 28 0.137542
  4 -0.757836 -2.171386 58.689850 -0.262279 -0.732409 0.628320 0.888951 0.052906 2 4 0.965683 28 0.034317
  4 -0.756022 -2.000314 58.836143 -0.320048 -0.634609 0.703449 0.897520 0.052819 2 4 0.862458 28 0.137542
white
  4 -0.756022 -2.000314 58.836143 -0.320048 -0.634609 0.703449 0.897520 0.052819 2 4 0.862458 28 0.137542
  4 -0.757836 -2.171386 58.689850 -0.262279 -0.732409 0.628320 0.888951 0.052906 2 4 0.965683 28 0.034317
  4 -0.433302 -2.234326 58.745567 -0.245603 -0.844991 0.475046 0.890060 0.064625 2 4 0.965683 28 0.034317
white
  4 -1.095390 -2.259914 58.627739 0.503475 -0.679219 0.534017 0.883933 0.036784 2 4 0.862458 28 0.137542
  4 -0.948720 -2.146263 58.642159 0.088726 -0.730702 0.676907 0.886473 0.044253 2 4 0.862458 28 0.137542
  4 -0.967719 -2.060802 58.720726 0.149381 -0.650150 0.744977 0.891047 0.043503 2 4 0.862458 28 0.137542
white
  4 -0.948720 -2.146263 58.642159 0.088726 -0.730702 0.676907 0.886473 0.044253 2 4 0.862458 28 0.137542
  4 -0.757836 -2.171386 58.689850 -0.262279 -0.732409 0.628320 0.888951 0.052906 2 4 0.965683 28 0.034317
  4 -0.967719 -2.060802 58.720726 0.149381 -0.650150 0.744977 0.891047 0.043503 2 4 0.862458 28 0.137542
white
  4 -1.095390 -2.259914 58.627739 0.503475 -0.679219 0.534017 0.883933 0.036784 2 4 0.862458 28 0.137542
  4 -1.058825 -2.269446 58.560249 0.475883 -0.792896 0.380594 0.881313 0.038317 2 4 0.901492 28 0.098508
  4 -0.948720 -2.146263 58.642159 0.088726 -0.730702 0.676907 0.886473 0.044253 2 4 0.862458 28 0.137542
white
  4 -1.058825 -2.269446 58.560249 0.475883 -0.792896 0.380594 0.881313 0.038317 2 4 0.901492 28 0.098508
  4 -0.918001 -2.186470 58.588745 0.063701 -0.855156 0.514441 0.883900 0.045394 2 4 0.874462 28 0.125538
  4 -0.948720 -2.146263 58.642159 0.088726 -0.730702 0.676907 0.886473 0.044253 2 4 0.862458 28 0.137542
white
  4 -0.948720 -2.146263 58.642159 0.088726 -0.730702 0.676907 0.886473 0.044253 2 4 0.862458 28 0.137542
  4 -0.918001 -2.186470 58.588745 0.063701 -0.855156 0.514441 0.883900 0.045394 2 4 0.874462 28 0.125538
  4 -0.757836 -2.171386 58.689850 -0.262279 -0.732409 0.628320 0.888951 0.052906 2 4 0.965683 28 0.034317
white
  4 -1.058825 -2.269446 58.560249 0.475883 -0.792896 0.380594 0.881313 0.038317 2 4 0.901492 28 0.098508
  4 -1.020940 -2.263695 58.509132 0.381436 -0.882022 0.276665 0.880187 0.039959 2 4 0.901492 28 0.098508
  4 -0.918001 -2.186470 58.588745 0.063701 -0.855156 0.514441 0.883900 0.045394 2 4 0.874462 28 0.125538
white
  4 -1.020940 -2.263695 58.509132 0.381436 -0.882022 0.276665 0.880187 0.039959 2 4 0.901492 28 0.098508
  4 -0.881462 -2.205386 58.546055 -0.036882 -0.910228 0.412461 0.882503 0.046753 2 4 0.901492 28 0.098508
  4 -0.918001 -2.186470 58.588745 0.063701 -0.855156 0.514441 0.883900 0.045394 2 4 0.874462 28 0.125538
white
  4 -0.918001 -2.186470 58.588745 0.063701 -0.855156 0.514441 0.883900 0.045394 2 4 0.874462 28 0.125538
  4 -0.881462 -2.205386 58.546055 -0.036882 -0.910228 0.412461 0.882503 0.046753 2 4 0.901492 28 0.098508
  4 -0.757836 -2.171386 58.689850 -0.262279 -0.732409 0.628320 0.888951 0.052906 2 4 0.965683 28 0.034317
white
  4 -1.020940 -2.263695 58.509132 0.381436 -0.882022 0.276665 0.880187 0.039959 2 4 0.901492 28 0.098508
  4 -0.979816 -2.259258 58.468372 0.185882 -0.888061 0.420471 0.879450 0.041654 2 4 0.900763 28 0.099237
  4 -0.881462 -2.205386 58.546055 -0.036882 -0.910228 0.412461 0.882503 0.046753 2 4 0.901492 28 0.098508
white
  4 -0.757836 -2.171386 58.689850 -0.262279 -0.732409 0.628320 0.888951 0.052906 2 4 0.965683 28 0.034317
  4 -0.709986 -2.247611 58.603416 -0.241261 -0.881931 0.404958 0.884839 0.054580 2 4 0.965683 28 0.034317
  4 -0.433302 -2.234326 58.745567 -0.245603 -0.844991 0.475046 0.890060 0.064625 2 4 0.965683 28 0.034317
white
  4 -0.757836 -2.171386 58.689850 -0.262279 -0.732409 0.628320 0.888951 0.052906 2 4 0.965683 28 0.034317
  4 -0.881462 -2.205386 58.546055 -0.036882 -0.910228 0.412461 0.882503 0.046753 2 4 0.901492 28 0.098508
  4 -0.709986 -2.247611 58.603416 -0.241261 -0.881931 0.404958 0.884839 0.054580 2 4 0.965683 28 0.034317
white
  4 -0.435094 -2.287249 58.507999 -0.087745 -0.824154 0.559527 0.880004 0.064625 2 4 0.972391 28 0.027609
  4 -0.433302 -2.234326 58.745567 -0.245603 -0.844991 0.475046 0.890060 0.064625 2 4 0.965683 28 0.034317
  4 -0.709986 -2.247611 58.603416 -0.241261 -0.881931 0.404958 0.884839 0.054580 2 4 0.965683 28 0.034317
white
  4 -0.979816 -2.259258 58.468372 0.185882 -0.888061 0.420471 0.879450 0.041654 2 4 0.900763 28 0.099237
  4 -0.844646 -2.225756 58.505062 -0.154451 -0.880791 0.447607 0.881458 0.048166 2 4 0.901492 28 0.098508
  4 -0.881462 -2.205386 58.546055 -0.036882 -0.910228 0.412461 0.882503 0.046753 2 4 0.901492 28 0.098508
white
  4 -0.709986 -2.247611 58.603416 -0.241261 -0.881931 0.404958 0.884839 0.054580 2 4 0.965683 28 0.034317
  4 -0.881462 -2.205386 58.546055 -0.036882 -0.910228 0.412461 0.882503 0.046753 2 4 0.901492 28 0.098508
  4 -0.844646 -2.225756 58.505062 -0.154451 -0.880791 0.447607 0.881458 0.048166 2 4 0.901492 28 0.098508
white
  4 -0.979816 -2.259258 58.468372 0.185882 -0.888061 0.420471 0.879450 0.041654 2 4 0.900763 28 0.099237
  4 -0.946966 -2.289781 58.427132 -0.019475 -0.667087 0.744725 0.878056 0.042981 2 4 0.900763 28 0.099237
  4 -0.844646 -2.225756 58.505062 -0.154451 -0.880791 0.447607 0.881458 0.048166 2 4 0.901492 28 0.098508
white
  4 -0.663663 -2.292664 58.506161 -0.132056 -0.814255 0.565287 0.881459 0.056483 2 4 0.972391 28 0.027609
  4 -0.435094 -2.287249 58.507999 -0.087745 -0.824154 0.559527 0.880004 0.064625 2 4 0.972391 28 0.027609
  4 -0.709986 -2.247611 58.603416 -0.241261 -0.881931 0.404958 0.884839 0.054580 2 4 0.965683 28 0.034317
white
  4 -0.663663 -2.292664 58.506161 -0.132056 -0.814255 0.565287 0.881459 0.056483 2 4 0.972391 28 0.027609
  4 -0.709986 -2.247611 58.603416 -0.241261 -0.881931 0.404958 0.884839 0.054580 2 4 0.965683 28 0.034317
  4 -0.844646 -2.225756 58.505062 -0.154451 -0.880791 0.447607 0.881458 0.048166 2 4 0.901492 28 0.098508
white
  4 -0.946966 -2.289781 58.427132 -0.019475 -0.667087 0.744725 0.878056 0.042981 2 4 0.900763 28 0.099237
  4 -0.815357 -2.267556 58.457851 -0.201660 -0.695212 0.689937 0.879758 0.049319 2 4 0.900763 28 0.099237
  4 -0.844646 -2.225756 58.505062 -0.154451 -0.880791 0.447607 0.881458 0.048166 2 4 0.901492 28 0.098508
white
  4 -0.815357 -2.267556 58.457851 -0.201660 -0.695212 0.689937 0.879758 0.049319 2 4 0.900763 28 0.099237
  4 -0.663663 -2.292664 58.506161 -0.132056 -0.814255 0.565287 0.881459 0.056483 2 4 0.972391 28 0.027609
  4 -0.844646 -2.225756 58.505062 -0.154451 -0.880791 0.447607 0.881458 0.048166 2 4 0.901492 28 0.098508
white
  4 -0.801416 -2.362549 58.392723 -0.133421 -0.567343 0.812601 0.876348 0.049884 2 4 0.900763 28 0.099237
  4 -0.815357 -2.267556 58.457851 -0.201660 -0.695212 0.689937 0.879758 0.049319 2 4 0.900763 28 0.099237
  4 -0.946966 -2.289781 58.427132 -0.019475 -0.667087 0.744725 0.878056 0.042981 2 4 0.900763 28 0.099237
white
  4 -0.815357 -2.267556 58.457851 -0.201660 -0.695212 0.689937 0.879758 0.049319 2 4 0.900763 28 0.099237
  4 -0.801416 -2.362549 58.392723 -0.133421 -0.567343 0.812601 0.876348 0.049884 2 4 0.900763 28 0.099237
  4 -0.663663 -2.292664 58.506161 -0.132056 -0.814255 0.565287 0.881459 0.056483 2 4 0.972391 28 0.027609
white
  4 -0.932744 -2.390313 58.373718 0.004776 -0.468001 0.883715 0.874955 0.043524 2 4 0.900763 28 0.099237
  4 -0.801416 -2.362549 58.392723 -0.133421 -0.567343 0.812601 0.876348 0.049884 2 4 0.900763 28 0.099237
  4 -0.946966 -2.289781 58.427132 -0.019475 -0.667087 0.744725 0.878056 0.042981 2 4 0.900763 28 0.099237
white
  4 -0.435094 -2.287249 58.507999 -0.087745 -0.824154 0.559527 0.880004 0.064625 2 4 0.972391 28 0.027609
  4 -0.663663 -2.292664 58.506161 -0.132056 -0.814255 0.565287 0.881459 0.056483 2 4 0.972391 28 0.027609
  4 -0.652191 -2.445627 58.358303 -0.146833 -0.482335 0.863593 0.874159 0.057178 2 4 0.974001 28 0.025999
white
  4 -0.801416 -2.362549 58.392723 -0.133421 -0.567343 0.812601 0.876348 0.049884 2 4 0.900763 28 0.099237
  4 -0.652191 -2.445627 58.358303 -0.146833 -0.482335 0.863593 0.874159 0.057178 2 4 0.974001 28 0.025999
  4 -0.663663 -2.292664 58.506161 -0.132056 -0.814255 0.565287 0.881459 0.056483 2 4 0.972391 28 0.027609
white
  4 -0.435094 -2.287249 58.507999 -0.087745 -0.824154 0.559527 0.880004 0.064625 2 4 0.972391 28 0.027609
  4 -0.652191 -2.445627 58.358303 -0.146833 -0.482335 0.863593 0.874159 0.057178 2 4 0.974001 28 0.025999
  4 -0.441566 -2.611479 58.327549 -0.058401 -0.387590 0.919980 0.868321 0.064625 2 4 0.974001 28 0.025999
white
  4 -0.802632 -2.471389 58.326729 -0.055052 -0.398783 0.915391 0.872459 0.049884 2 4 0.900763 28 0.099237
  4 -0.801416 -2.362549 58.392723 -0.133421 -0.567343 0.812601 0.876348 0.049884 2 4 0.900763 28 0.099237
  4 -0.932744 -2.390313 58.373718 0.004776 -0.468001 0.883715 0.874955 0.043524 2 4 0.900763 28 0.099237
white
  4 -0.802632 -2.471389 58.326729 -0.055052 -0.398783 0.915391 0.872459 0.049884 2 4 0.900763 28 0.099237
  4 -0.652191 -2.445627 58.358303 -0.146833 -0.482335 0.863593 0.874159 0.057178 2 4 0.974001 28 0.025999
  4 -0.801416 -2.362549 58.392723 -0.133421 -0.567343 0.812601 0.876348 0.049884 2 4 0.900763 28 0.099237
white
  4 -0.936499 -2.516620 58.316391 0.046300 -0.361938 0.931052 0.871255 0.043372 2 4 0.900763 28 0.099237
  4 -0.802632 -2.471389 58.326729 -0.055052 -0.398783 0.915391 0.872459 0.049884 2 4 0.900763 28 0.099237
  4 -0.932744 -2.390313 58.373718 0.004776 -0.468001 0.883715 0.874955 0.043524 2 4 0.900763 28 0.099237
white
  4 -0.652191 -2.445627 58.358303 -0.146833 -0.482335 0.863593 0.874159 0.057178 2 4 0.974001 28 0.025999
  4 -0.679272 -2.646403 58.296219 -0.120241 -0.198365 0.972725 0.868385 0.056015 2 4 0.974001 28 0.025999
  4 -0.441566 -2.611479 58.327549 -0.058401 -0.387590 0.919980 0.868321 0.064625 2 4 0.974001 28 0.025999
white
  4 -0.679272 -2.646403 58.296219 -0.120241 -0.198365 0.972725 0.868385 0.056015 2 4 0.974001 28 0.025999
  4 -0.652191 -2.445627 58.358303 -0.146833 -0.482335 0.863593 0.874159 0.057178 2 4 0.974001 28 0.025999
  4 -0.802632 -2.471389 58.326729 -0.055052 -0.398783 0.915391 0.872459 0.049884 2 4 0.900763 28 0.099237
white
  4 -0.815945 -2.586827 58.287685 -0.076240 -0.249484 0.965373 0.869319 0.049351 3 4 0.970218 28 0.029032 70 0.000750
  4 -0.802632 -2.471389 58.326729 -0.055052 -0.398783 0.915391 0.872459 0.049884 2 4 0.900763 28 0.099237
  4 -0.936499 -2.516620 58.316391 0.046300 -0.361938 0.931052 0.871255 0.043372 2 4 0.900763 28 0.099237
white
  4 -0.815945 -2.586827 58.287685 -0.076240 -0.249484 0.965373 0.869319 0.049351 3 4 0.970218 28 0.029032 70 0.000750
  4 -0.679272 -2.646403 58.296219 -0.120241 -0.198365 0.972725 0.868385 0.056015 2 4 0.974001 28 0.025999
  4 -0.802632 -2.471389 58.326729 -0.055052 -0.398783 0.915391 0.872459 0.049884 2 4 0.900763 28 0.099237
white
  4 -0.953936 -2.627283 58.277523 0.001785 -0.202876 0.979203 0.868059 0.042622 3 4 0.970218 28 0.029032 70 0.000750
  4 -0.815945 -2.586827 58.287685 -0.076240 -0.249484 0.965373 0.869319 0.049351 3 4 0.970218 28 0.029032 70 0.000750
  4 -0.936499 -2.516620 58.316391 0.046300 -0.361938 0.931052 0.871255 0.043372 2 4 0.900763 28 0.099237
white
  4 -0.836566 -2.682159 58.271835 -0.054488 -0.105857 0.992887 0.866787 0.048373 3 4 0.970218 28 0.029032 70 0.000750
  4 -0.815945 -2.586827 58.287685 -0.076240 -0.249484 0.965373 0.869319 0.049351 3 4 0.970218 28 0.029032 70 0.000750
  4 -0.953936 -2.627283 58.277523 0.001785 -0.202876 0.979203 0.868059 0.042622 3 4 0.970218 28 0.029032 70 0.000750
white
  4 -0.836566 -2.682159 58.271835 -0.054488 -0.105857 0.992887 0.866787 0.048373 3 4 0.970218 28 0.029032 70 0.000750
  4 -0.679272 -2.646403 58.296219 -0.120241 -0.198365 0.972725 0.868385 0.056015 2 4 0.974001 28 0.025999
  4 -0.815945 -2.586827 58.287685 -0.076240 -0.249484 0.965373 0.869319 0.049351 3 4 0.970218 28 0.029032 70 0.000750
white
  4 -0.978897 -2.726452 58.265896 0.006449 0.022179 0.999733 0.865622 0.041415 3 4 0.970218 28 0.029032 70 0.000750
  4 -0.836566 -2.682159 58.271835 -0.054488 -0.105857 0.992887 0.866787 0.048373 3 4 0.970218 28 0.029032 70 0.000750
  4 -0.953936 -2.627283 58.277523 0.001785 -0.202876 0.979203 0.868059 0.042622 3 4 0.970218 28 0.029032 70 0.000750
white
  4 -0.441566 -2.611479 58.327549 -0.058401 -0.387590 0.919980 0.868321 0.064625 2 4 0.974001 28 0.025999
  4 -0.679272 -2.646403 58.296219 -0.120241 -0.198365 0.972725 0.868385 0.056015 2 4 0.974001 28 0.025999
  4 -0.724244 -2.823940 58.266144 0.082750 -0.186013 0.979056 0.863673 0.053873 3 4 0.970218 28 0.029032 70 0.000750
white
  4 -0.724244 -2.823940 58.266144 0.082750 -0.186013 0.979056 0.863673 0.053873 3 4 0.970218 28 0.029032 70 0.000750
  4 -0.679272 -2.646403 58.296219 -0.120241 -0.198365 0.972725 0.868385 0.056015 2 4 0.974001 28 0.025999
  4 -0.836566 -2.682159 58.271835 -0.054488 -0.105857 0.992887 0.866787 0.048373 3 4 0.970218 28 0.029032 70 0.000750
white
  4 -0.441566 -2.611479 58.327549 -0.058401 -0.387590 0.919980 0.868321 0.064625 2 4 0.974001 28 0.025999
  4 -0.724244 -2.823940 58.266144 0.082750 -0.186013 0.979056 0.863673 0.053873 3 4 0.970218 28 0.029032 70 0.000750
  4 -0.446392 -2.849684 58.187634 0.266902 -0.565384 0.780451 0.858851 0.064625 2 4 0.984889 28 0.015111
white
  4 -0.863363 -2.775235 58.268715 0.015310 0.015822 0.999757 0.864725 0.047057 3 4 0.970218 28 0.029032 70 0.000750
  4 -0.836566 -2.682159 58.271835 -0.054488 -0.105857 0.992887 0.866787 0.048373 3 4 0.970218 28 0.029032 70 0.000750
  4 -0.978897 -2.726452 58.265896 0.006449 0.022179 0.999733 0.865622 0.041415 3 4 0.970218 28 0.029032 70 0.000750
white
  4 -0.863363 -2.775235 58.268715 0.015310 0.015822 0.999757 0.864725 0.047057 3 4 0.970218 28 0.029032 70 0.000750
  4 -0.724244 -2.823940 58.266144 0.082750 -0.186013 0.979056 0.863673 0.053873 3 4 0.970218 28 0.029032 70 0.000750
  4 -0.836566 -2.682159 58.271835 -0.054488 -0.105857 0.992887 0.866787 0.048373 3 4 0.970218 28 0.029032 70 0.000750
white
  4 -1.009137 -2.814762 58.279133 0.087283 0.145708 0.985470 0.864203 0.039872 3 4 0.933428 70 0.050225 28 0.016347
  4 -0.863363 -2.775235 58.268715 0.015310 0.015822 0.999757 0.864725 0.047057 3 4 0.970218 28 0.029032 70 0.000750
  4 -0.978897 -2.726452 58.265896 0.006449 0.022179 0.999733 0.865622 0.041415 3 4 0.970218 28 0.029032 70 0.000750
white
  4 -0.892177 -2.864601 58.273502 0.118570 0.026061 0.992603 0.863043 0.045612 3 4 0.970218 28 0.029032 70 0.000750
  4 -0.863363 -2.775235 58.268715 0.015310 0.015822 0.999757 0.864725 0.047057 3 4 0.970218 28 0.029032 70 0.000750
  4 -1.009137 -2.814762 58.279133 0.087283 0.145708 0.985470 0.864203 0.039872 3 4 0.933428 70 0.050225 28 0.016347
white
  4 -0.892177 -2.864601 58.273502 0.118570 0.026061 0.992603 0.863043 0.045612 3 4 0.970218 28 0.029032 70 0.000750
  4 -0.724244 -2.823940 58.266144 0.082750 -0.186013 0.979056 0.863673 0.053873 3 4 0.970218 28 0.029032 70 0.000750
  4 -0.863363 -2.775235 58.268715 0.015310 0.015822 0.999757 0.864725 0.047057 3 4 0.970218 28 0.029032 70 0.000750
white
  4 -1.040601 -2.900375 58.300961 0.168004 0.122383 0.978160 0.863175 0.038219 3 4 0.933428 70 0.050225 28 0.016347
  4 -0.892177 -2.864601 58.273502 0.118570 0.026061 0.992603 0.863043 0.045612 3 4 0.970218 28 0.029032 70 0.000750
  4 -1.009137 -2.814762 58.279133 0.087283 0.145708 0.985470 0.864203 0.039872 3 4 0.933428 70 0.050225 28 0.016347
white
  4 -0.724244 -2.823940 58.266144 0.082750 -0.186013 0.979056 0.863673 0.053873 3 4 0.970218 28 0.029032 70 0.000750
  4 -0.764871 -2.966429 58.246368 0.289359 -0.487943 0.823519 0.860137 0.051928 3 4 0.983185 70 0.013493 28 0.003323
  4 -0.446392 -2.849684 58.187634 0.266902 -0.565384 0.780451 0.858851 0.064625 2 4 0.984889 28 0.015111
white
  4 -0.764871 -2.966429 58.246368 0.289359 -0.487943 0.823519 0.860137 0.051928 3 4 0.983185 70 0.013493 28 0.003323
  4 -0.724244 -2.823940 58.266144 0.082750 -0.186013 0.979056 0.863673 0.053873 3 4 0.970218 28 0.029032 70 0.000750
  4 -0.892177 -2.864601 58.273502 0.118570 0.026061 0.992603 0.863043 0.045612 3 4 0.970218 28 0.029032 70 0.000750
white
  4 -0.919194 -2.948381 58.282452 0.212399 -0.076660 0.974171 0.861653 0.044231 3 4 0.933428 70 0.050225 28 0.016347
  4 -0.892177 -2.864601 58.273502 0.118570 0.026061 0.992603 0.863043 0.045612 3 4 0.970218 28 0.029032 70 0.000750
  4 -1.040601 -2.900375 58.300961 0.168004 0.122383 0.978160 0.863175 0.038219 3 4 0.933428 70 0.050225 28 0.016347
white
  4 -0.919194 -2.948381 58.282452 0.212399 -0.076660 0.974171 0.861653 0.044231 3 4 0.933428 70 0.050225 28 0.016347
  4 -0.764871 -2.966429 58.246368 0.289359 -0.487943 0.823519 0.860137 0.051928 3 4 0.983185 70 0.013493 28 0.003323
  4 -0.892177 -2.864601 58.273502 0.118570 0.026061 0.992603 0.863043 0.045612 3 4 0.970218 28 0.029032 70 0.000750
white
  4 -1.069949 -2.989735 58.316010 0.254740 -0.129912 0.958243 0.861910 0.036654 3 4 0.933428 70 0.050225 28 0.016347
  4 -0.919194 -2.948381 58.282452 0.212399 -0.076660 0.974171 0.861653 0.044231 3 4 0.933428 70 0.050225 28 0.016347
  4 -1.040601 -2.900375 58.300961 0.168004 0.122383 0.978160 0.863175 0.038219 3 4 0.933428 70 0.050225 28 0.016347
white
  4 -0.944440 -3.029915 58.268005 0.335715 -0.481740 0.809458 0.859587 0.043002 3 4 0.933428 70 0.050225 28 0.016347
  4 -0.919194 -2.948381 58.282452 0.212399 -0.076660 0.974171 0.861653 0.044231 3 4 0.933428 70 0.050225 28 0.016347
  4 -1.069949 -2.989735 58.316010 0.254740 -0.129912 0.958243 0.861910 0.036654 3 4 0.933428 70 0.050225 28 0.016347
white
  4 -0.944440 -3.029915 58.268005 0.335715 -0.481740 0.809458 0.859587 0.043002 3 4 0.933428 70 0.050225 28 0.016347
  4 -0.764871 -2.966429 58.246368 0.289359 -0.487943 0.823519 0.860137 0.051928 3 4 0.983185 70 0.013493 28 0.003323
  4 -0.919194 -2.948381 58.282452 0.212399 -0.076660 0.974171 0.861653 0.044231 3 4 0.933428 70 0.050225 28 0.016347
white
  4 -1.098516 -3.087492 58.300415 0.381063 -0.483673 0.787941 0.859525 0.035262 3 4 0.933428 70 0.050225 28 0.016347
  4 -0.944440 -3.029915 58.268005 0.335715 -0.481740 0.809458 0.859587 0.043002 3 4 0.933428 70 0.050225 28 0.016347
  4 -1.069949 -2.989735 58.316010 0.254740 -0.129912 0.958243 0.861910 0.036654 3 4 0.933428 70 0.050225 28 0.016347
white
  4 -0.446392 -2.849684 58.187634 0.266902 -0.565384 0.780451 0.858851 0.064625 2 4 0.984889 28 0.015111
  4 -0.764871 -2.966429 58.246368 0.289359 -0.487943 0.823519 0.860137 0.051928 3 4 0.983185 70 0.013493 28 0.003323
  4 -0.789373 -3.076705 58.110554 0.361071 -0.671032 0.647568 0.853473 0.051123 3 4 0.875000 70 0.119280 28 0.005720
white
  4 -0.789373 -3.076705 58.110554 0.361071 -0.671032 0.647568 0.853473 0.051123 3 4 0.875000 70 0.119280 28 0.005720
  4 -0.764871 -2.966429 58.246368 0.289359 -0.487943 0.823519 0.860137 0.051928 3 4 0.983185 70 0.013493 28 0.003323
  4 -0.944440 -3.029915 58.268005 0.335715 -0.481740 0.809458 0.859587 0.043002 3 4 0.933428 70 0.050225 28 0.016347
white
  4 -0.446392 -2.849684 58.187634 0.266902 -0.565384 0.780451 0.858851 0.064625 2 4 0.984889 28 0.015111
  4 -0.789373 -3.076705 58.110554 0.361071 -0.671032 0.647568 0.853473 0.051123 3 4 0.875000 70 0.119280 28 0.005720
  4 -0.453005 -3.032967 57.998375 0.344113 -0.697057 0.629045 0.848798 0.064625 3 4 0.997624 28 0.001500 70 0.000876
white
  4 -0.968732 -3.110123 58.202209 0.431785 -0.656167 0.618875 0.855871 0.042046 3 4 0.875000 70 0.119280 28 0.005720
  4 -0.944440 -3.029915 58.268005 0.335715 -0.481740 0.809458 0.859587 0.043002 3 4 0.933428 70 0.050225 28 0.016347
  4 -1.098516 -3.087492 58.300415 0.381063 -0.483673 0.787941 0.859525 0.035262 3 4 0.933428 70 0.050225 28 0.016347
white
  4 -0.968732 -3.110123 58.202209 0.431785 -0.656167 0.618875 0.855871 0.042046 3 4 0.875000 70 0.119280 28 0.005720
  4 -0.789373 -3.076705 58.110554 0.361071 -0.671032 0.647568 0.853473 0.051123 3 4 0.875000 70 0.119280 28 0.005720
  4 -0.944440 -3.029915 58.268005 0.335715 -0.481740 0.809458 0.859587 0.043002 3 4 0.933428 70 0.050225 28 0.016347
white
  4 -1.127762 -3.197599 58.230366 0.477164 -0.605840 0.636610 0.855135 0.034110 3 4 0.875000 70 0.119280 28 0.005720
  4 -0.968732 -3.110123 58.202209 0.431785 -0.656167 0.618875 0.855871 0.042046 3 4 0.875000 70 0.119280 28 0.005720
  4 -1.098516 -3.087492 58.300415 0.381063 -0.483673 0.787941 0.859525 0.035262 3 4 0.933428 70 0.050225 28 0.016347
white
  4 -0.980236 -3.189092 58.116215 0.441830 -0.629513 0.639140 0.851501 0.041796 3 4 0.875000 70 0.119280 28 0.005720
  4 -0.968732 -3.110123 58.202209 0.431785 -0.656167 0.618875 0.855871 0.042046 3 4 0.875000 70 0.119280 28 0.005720
  4 -1.127762 -3.197599 58.230366 0.477164 -0.605840 0.636610 0.855135 0.034110 3 4 0.875000 70 0.119280 28 0.005720
white
  4 -0.980236 -3.189092 58.116215 0.441830 -0.629513 0.639140 0.851501 0.041796 3 4 0.875000 70 0.119280 28 0.005720
  4 -0.789373 -3.076705 58.110554 0.361071 -0.671032 0.647568 0.853473 0.051123 3 4 0.875000 70 0.119280 28 0.005720
  4 -0.968732 -3.110123 58.202209 0.431785 -0.656167 0.618875 0.855871 0.042046 3 4 0.875000 70 0.119280 28 0.005720
white
  4 -1.142461 -3.309575 58.133522 0.497059 -0.576773 0.648278 0.849836 0.033806 3 4 0.875000 70 0.119280 28 0.005720
  4 -0.980236 -3.189092 58.116215 0.441830 -0.629513 0.639140 0.851501 0.041796 3 4 0.875000 70 0.119280 28 0.005720
  4 -1.127762 -3.197599 58.230366 0.477164 -0.605840 0.636610 0.855135 0.034110 3 4 0.875000 70 0.119280 28 0.005720
white
  4 -0.789373 -3.076705 58.110554 0.361071 -0.671032 0.647568 0.853473 0.051123 3 4 0.875000 70 0.119280 28 0.005720
  4 -0.759772 -3.190377 58.002914 0.356681 -0.696422 0.622715 0.847570 0.052873 3 4 0.875000 70 0.119280 28 0.005720
  4 -0.453005 -3.032967 57.998375 0.344113 -0.697057 0.629045 0.848798 0.064625 3 4 0.997624 28 0.001500 70 0.000876
white
  4 -0.789373 -3.076705 58.110554 0.361071 -0.671032 0.647568 0.853473 0.051123 3 4 0.875000 70 0.119280 28 0.005720
  4 -0.980236 -3.189092 58.116215 0.441830 -0.629513 0.639140 0.851501 0.041796 3 4 0.875000 70 0.119280 28 0.005720
  4 -0.759772 -3.190377 58.002914 0.356681 -0.696422 0.622715 0.847570 0.052873 3 4 0.875000 70 0.119280 28 0.005720
white
  4 -0.967295 -3.268626 58.039719 0.425174 -0.601580 0.676261 0.847426 0.042698 3 4 0.875000 70 0.119280 28 0.005720
  4 -0.980236 -3.189092 58.116215 0.441830 -0.629513 0.639140 0.851501 0.041796 3 4 0.875000 70 0.119280 28 0.005720
  4 -1.142461 -3.309575 58.133522 0.497059 -0.576773 0.648278 0.849836 0.033806 3 4 0.875000 70 0.119280 28 0.005720
white
  4 -0.759772 -3.190377 58.002914 0.356681 -0.696422 0.622715 0.847570 0.052873 3 4 0.875000 70 0.119280 28 0.005720
  4 -0.980236 -3.189092 58.116215 0.441830 -0.629513 0.639140 0.851501 0.041796 3 4 0.875000 70 0.119280 28 0.005720
  4 -0.967295 -3.268626 58.039719 0.425174 -0.601580 0.676261 0.847426 0.042698 3 4 0.875000 70 0.119280 28 0.005720
white
  4 -1.128179 -3.415641 58.033356 0.517719 -0.593261 0.616449 0.844525 0.034925 3 4 0.810748 70 0.188573 28 0.000679
  4 -0.967295 -3.268626 58.039719 0.425174 -0.601580 0.676261 0.847426 0.042698 3 4 0.875000 70 0.119280 28 0.005720
  4 -1.142461 -3.309575 58.133522 0.497059 -0.576773 0.648278 0.849836 0.033806 3 4 0.875000 70 0.119280 28 0.005720
white
  4 -1.128179 -3.415641 58.033356 0.517719 -0.593261 0.616449 0.844525 0.034925 3 4 0.810748 70 0.188573 28 0.000679
  4 -1.099741 -3.471685 57.948555 0.638393 -0.707832 0.302372 0.840406 0.036676 3 4 0.810748 70 0.188573 28 0.000679
  4 -0.967295 -3.268626 58.039719 0.425174 -0.601580 0.676261 0.847426 0.042698 3 4 0.875000 70 0.119280 28 0.005720
white
  4 -1.099741 -3.471685 57.948555 0.638393 -0.707832 0.302372 0.840406 0.036676 3 4 0.810748 70 0.188573 28 0.000679
  4 -0.942661 -3.324560 57.974472 0.492424 -0.726816 0.478809 0.844016 0.044133 3 4 0.875000 70 0.119280 28 0.005720
  4 -0.967295 -3.268626 58.039719 0.425174 -0.601580 0.676261 0.847426 0.042698 3 4 0.875000 70 0.119280 28 0.005720
white
  4 -0.759772 -3.190377 58.002914 0.356681 -0.696422 0.622715 0.847570 0.052873 3 4 0.875000 70 0.119280 28 0.005720
  4 -0.967295 -3.268626 58.039719 0.425174 -0.601580 0.676261 0.847426 0.042698 3 4 0.875000 70 0.119280 28 0.005720
  4 -0.942661 -3.324560 57.974472 0.492424 -0.726816 0.478809 0.844016 0.044133 3 4 0.875000 70 0.119280 28 0.005720
white
  4 -1.099741 -3.471685 57.948555 0.638393 -0.707832 0.302372 0.840406 0.036676 3 4 0.810748 70 0.188573 28 0.000679
  4 -1.073862 -3.438213 57.880997 0.653052 -0.721978 -0.228625 0.838481 0.038197 3 4 0.810748 70 0.188573 28 0.000679
  4 -0.942661 -3.324560 57.974472 0.492424 -0.726816 0.478809 0.844016 0.044133 3 4 0.875000 70 0.119280 28 0.005720
white
  4 -1.073862 -3.438213 57.880997 0.653052 -0.721978 -0.228625 0.838481 0.038197 3 4 0.810748 70 0.188573 28 0.000679
  4 -0.919547 -3.330208 57.916351 0.547636 -0.836163 0.030422 0.841760 0.045459 3 4 0.875000 70 0.119280 28 0.005720
  4 -0.942661 -3.324560 57.974472 0.492424 -0.726816 0.478809 0.844016 0.044133 3 4 0.875000 70 0.119280 28 0.005720
white
  4 -0.942661 -3.324560 57.974472 0.492424 -0.726816 0.478809 0.844016 0.044133 3 4 0.875000 70 0.119280 28 0.005720
  4 -0.919547 -3.330208 57.916351 0.547636 -0.836163 0.030422 0.841760 0.045459 3 4 0.875000 70 0.119280 28 0.005720
  4 -0.759772 -3.190377 58.002914 0.356681 -0.696422 0.622715 0.847570 0.052873 3 4 0.875000 70 0.119280 28 0.005720
white
  4 -1.073862 -3.438213 57.880997 0.653052 -0.721978 -0.228625 0.838481 0.038197 3 4 0.810748 70 0.188573 28 0.000679
  4 -1.048893 -3.361328 57.826393 0.478705 -0.634551 -0.606783 0.837816 0.039611 3 4 0.810748 70 0.188573 28 0.000679
  4 -0.919547 -3.330208 57.916351 0.547636 -0.836163 0.030422 0.841760 0.045459 3 4 0.875000 70 0.119280 28 0.005720
white
  4 -1.048893 -3.361328 57.826393 0.478705 -0.634551 -0.606783 0.837816 0.039611 3 4 0.810748 70 0.188573 28 0.000679
  4 -0.899750 -3.310719 57.866291 0.398493 -0.889880 -0.222074 0.840249 0.046590 3 4 0.875000 70 0.119280 28 0.005720
  4 -0.919547 -3.330208 57.916351 0.547636 -0.836163 0.030422 0.841760 0.045459 3 4 0.875000 70 0.119280 28 0.005720
white
  4 -0.919547 -3.330208 57.916351 0.547636 -0.836163 0.030422 0.841760 0.045459 3 4 0.875000 70 0.119280 28 0.005720
  4 -0.899750 -3.310719 57.866291 0.398493 -0.889880 -0.222074 0.840249 0.046590 3 4 0.875000 70 0.119280 28 0.005720
  4 -0.759772 -3.190377 58.002914 0.356681 -0.696422 0.622715 0.847570 0.052873 3 4 0.875000 70 0.119280 28 0.005720
white
  4 -1.048893 -3.361328 57.826393 0.478705 -0.634551 -0.606783 0.837816 0.039611 3 4 0.810748 70 0.188573 28 0.000679
  4 -1.022571 -3.285820 57.780937 0.157720 -0.814396 -0.558465 0.837489 0.041046 3 4 0.810748 70 0.188573 28 0.000679
  4 -0.899750 -3.310719 57.866291 0.398493 -0.889880 -0.222074 0.840249 0.046590 3 4 0.875000 70 0.119280 28 0.005720
white
  4 -0.453005 -3.032967 57.998375 0.344113 -0.697057 0.629045 0.848798 0.064625 3 4 0.997624 28 0.001500 70 0.000876
  4 -0.759772 -3.190377 58.002914 0.356681 -0.696422 0.622715 0.847570 0.052873 3 4 0.875000 70 0.119280 28 0.005720
  4 -0.727177 -3.246780 57.908871 0.266925 -0.824557 0.498856 0.843034 0.054721 3 4 0.875000 70 0.119280 28 0.005720
white
  4 -0.899750 -3.310719 57.866291 0.398493 -0.889880 -0.222074 0.840249 0.046590 3 4 0.875000 70 0.119280 28 0.005720
  4 -0.727177 -3.246780 57.908871 0.266925 -0.824557 0.498856 0.843034 0.054721 3 4 0.875000 70 0.119280 28 0.005720
  4 -0.759772 -3.190377 58.002914 0.356681 -0.696422 0.622715 0.847570 0.052873 3 4 0.875000 70 0.119280 28 0.005720
white
  4 -0.453005 -3.032967 57.998375 0.344113 -0.697057 0.629045 0.848798 0.064625 3 4 0.997624 28 0.001500 70 0.000876
  4 -0.727177 -3.246780 57.908871 0.266925 -0.824557 0.498856 0.843034 0.054721 3 4 0.875000 70 0.119280 28 0.005720
  4 -0.459978 -3.178562 57.809746 0.319706 -0.773281 0.547562 0.839002 0.064625 3 4 0.936581 70 0.062740 28 0.000679
white
  4 -1.022571 -3.285820 57.780937 0.157720 -0.814396 -0.558465 0.837489 0.041046 3 4 0.810748 70 0.188573 28 0.000679
  4 -0.884893 -3.291101 57.825371 0.116108 -0.983839 -0.136304 0.839074 0.047438 3 4 0.875000 70 0.119280 28 0.005720
  4 -0.899750 -3.310719 57.866291 0.398493 -0.889880 -0.222074 0.840249 0.046590 3 4 0.875000 70 0.119280 28 0.005720
white
  4 -0.899750 -3.310719 57.866291 0.398493 -0.889880 -0.222074 0.840249 0.046590 3 4 0.875000 70 0.119280 28 0.005720
  4 -0.884893 -3.291101 57.825371 0.116108 -0.983839 -0.136304 0.839074 0.047438 3 4 0.875000 70 0.119280 28 0.005720
  4 -0.727177 -3.246780 57.908871 0.266925 -0.824557 0.498856 0.843034 0.054721 3 4 0.875000 70 0.119280 28 0.005720
white
  4 -0.877184 -3.290559 57.775963 -0.105045 -0.977992 0.180267 0.837211 0.047971 3 4 0.875000 70 0.119280 28 0.005720
  4 -0.884893 -3.291101 57.825371 0.116108 -0.983839 -0.136304 0.839074 0.047438 3 4 0.875000 70 0.119280 28 0.005720
  4 -1.022571 -3.285820 57.780937 0.157720 -0.814396 -0.558465 0.837489 0.041046 3 4 0.810748 70 0.188573 28 0.000679
white
  4 -1.007633 -3.258725 57.729965 -0.200387 -0.969620 0.140290 0.836053 0.041948 3 4 0.810748 70 0.188573 28 0.000679
  4 -0.877184 -3.290559 57.775963 -0.105045 -0.977992 0.180267 0.837211 0.047971 3 4 0.875000 70 0.119280 28 0.005720
  4 -1.022571 -3.285820 57.780937 0.157720 -0.814396 -0.558465 0.837489 0.041046 3 4 0.810748 70 0.188573 28 0.000679
white
  4 -0.884893 -3.291101 57.825371 0.116108 -0.983839 -0.136304 0.839074 0.047438 3 4 0.875000 70 0.119280 28 0.005720
  4 -0.719589 -3.290471 57.825005 0.176843 -0.905170 0.386516 0.839072 0.055319 3 4 0.875000 70 0.119280 28 0.005720
  4 -0.727177 -3.246780 57.908871 0.266925 -0.824557 0.498856 0.843034 0.054721 3 4 0.875000 70 0.119280 28 0.005720
white
  4 -0.727177 -3.246780 57.908871 0.266925 -0.824557 0.498856 0.843034 0.054721 3 4 0.875000 70 0.119280 28 0.005720
  4 -0.719589 -3.290471 57.825005 0.176843 -0.905170 0.386516 0.839072 0.055319 3 4 0.875000 70 0.119280 28 0.005720
  4 -0.459978 -3.178562 57.809746 0.319706 -0.773281 0.547562 0.839002 0.064625 3 4 0.936581 70 0.062740 28 0.000679
white
  4 -0.877184 -3.290559 57.775963 -0.105045 -0.977992 0.180267 0.837211 0.047971 3 4 0.875000 70 0.119280 28 0.005720
  4 -0.719589 -3.290471 57.825005 0.176843 -0.905170 0.386516 0.839072 0.055319 3 4 0.875000 70 0.119280 28 0.005720
  4 -0.884893 -3.291101 57.825371 0.116108 -0.983839 -0.136304 0.839074 0.047438 3 4 0.875000 70 0.119280 28 0.005720
white
  4 -0.459978 -3.178562 57.809746 0.319706 -0.773281 0.547562 0.839002 0.064625 3 4 0.936581 70 0.062740 28 0.000679
  4 -0.719589 -3.290471 57.825005 0.176843 -0.905170 0.386516 0.839072 0.055319 3 4 0.875000 70 0.119280 28 0.005720
  4 -0.714017 -3.346107 57.670639 0.092760 -0.752123 0.652462 0.832133 0.056004 3 4 0.875000 70 0.119280 28 0.005720
white
  4 -0.714017 -3.346107 57.670639 0.092760 -0.752123 0.652462 0.832133 0.056004 3 4 0.875000 70 0.119280 28 0.005720
  4 -0.719589 -3.290471 57.825005 0.176843 -0.905170 0.386516 0.839072 0.055319 3 4 0.875000 70 0.119280 28 0.005720
  4 -0.877184 -3.290559 57.775963 -0.105045 -0.977992 0.180267 0.837211 0.047971 3 4 0.875000 70 0.119280 28 0.005720
white
  4 -0.459978 -3.178562 57.809746 0.319706 -0.773281 0.547562 0.839002 0.064625 3 4 0.936581 70 0.062740 28 0.000679
  4 -0.714017 -3.346107 57.670639 0.092760 -0.752123 0.652462 0.832133 0.056004 3 4 0.875000 70 0.119280 28 0.005720
  4 -0.467197 -3.361663 57.614471 0.154629 -0.633717 0.757953 0.828115 0.064625 3 4 0.936581 70 0.062740 28 0.000679
white
  4 -0.878352 -3.332094 57.696316 -0.124188 -0.802488 0.583601 0.833385 0.048177 3 4 0.810748 70 0.188573 28 0.000679
  4 -0.877184 -3.290559 57.775963 -0.105045 -0.977992 0.180267 0.837211 0.047971 3 4 0.875000 70 0.119280 28 0.005720
  4 -1.007633 -3.258725 57.729965 -0.200387 -0.969620 0.140290 0.836053 0.041948 3 4 0.810748 70 0.188573 28 0.000679
white
  4 -0.878352 -3.332094 57.696316 -0.124188 -0.802488 0.583601 0.833385 0.048177 3 4 0.810748 70 0.188573 28 0.000679
  4 -0.714017 -3.346107 57.670639 0.092760 -0.752123 0.652462 0.832133 0.056004 3 4 0.875000 70 0.119280 28 0.005720
  4 -0.877184 -3.290559 57.775963 -0.105045 -0.977992 0.180267 0.837211 0.047971 3 4 0.875000 70 0.119280 28 0.005720
white
  4 -1.016250 -3.335246 57.650402 -0.148884 -0.626825 0.764803 0.831547 0.041850 3 4 0.810748 70 0.188573 28 0.000679
  4 -0.878352 -3.332094 57.696316 -0.124188 -0.802488 0.583601 0.833385 0.048177 3 4 0.810748 70 0.188573 28 0.000679
  4 -1.007633 -3.258725 57.729965 -0.200387 -0.969620 0.140290 0.836053 0.041948 3 4 0.810748 70 0.188573 28 0.000679
white
  4 -0.885336 -3.399759 57.621243 -0.070081 -0.547073 0.834146 0.829226 0.048101 3 4 0.810748 70 0.188573 28 0.000679
  4 -0.878352 -3.332094 57.696316 -0.124188 -0.802488 0.583601 0.833385 0.048177 3 4 0.810748 70 0.188573 28 0.000679
  4 -1.016250 -3.335246 57.650402 -0.148884 -0.626825 0.764803 0.831547 0.041850 3 4 0.810748 70 0.188573 28 0.000679
white
  4 -0.885336 -3.399759 57.621243 -0.070081 -0.547073 0.834146 0.829226 0.048101 3 4 0.810748 70 0.188573 28 0.000679
  4 -0.714017 -3.346107 57.670639 0.092760 -0.752123 0.652462 0.832133 0.056004 3 4 0.875000 70 0.119280 28 0.005720
  4 -0.878352 -3.332094 57.696316 -0.124188 -0.802488 0.583601 0.833385 0.048177 3 4 0.810748 70 0.188573 28 0.000679
white
  4 -1.035948 -3.456828 57.581802 -0.075127 -0.281614 0.956582 0.826646 0.041187 3 4 0.810748 70 0.188573 28 0.000679
  4 -0.885336 -3.399759 57.621243 -0.070081 -0.547073 0.834146 0.829226 0.048101 3 4 0.810748 70 0.188573 28 0.000679
  4 -1.016250 -3.335246 57.650402 -0.148884 -0.626825 0.764803 0.831547 0.041850 3 4 0.810748 70 0.188573 28 0.000679
white
  4 -0.714017 -3.346107 57.670639 0.092760 -0.752123 0.652462 0.832133 0.056004 3 4 0.875000 70 0.119280 28 0.005720
  4 -0.728015 -3.450184 57.604603 0.068003 -0.473367 0.878236 0.827661 0.055515 3 4 0.811482 70 0.188321 28 0.000197
  4 -0.467197 -3.361663 57.614471 0.154629 -0.633717 0.757953 0.828115 0.064625 3 4 0.936581 70 0.062740 28 0.000679
white
  4 -0.728015 -3.450184 57.604603 0.068003 -0.473367 0.878236 0.827661 0.055515 3 4 0.811482 70 0.188321 28 0.000197
  4 -0.714017 -3.346107 57.670639 0.092760 -0.752123 0.652462 0.832133 0.056004 3 4 0.875000 70 0.119280 28 0.005720
  4 -0.885336 -3.399759 57.621243 -0.070081 -0.547073 0.834146 0.829226 0.048101 3 4 0.810748 70 0.188573 28 0.000679
white
  4 -0.897694 -3.473223 57.591167 -0.074446 -0.227080 0.971026 0.826722 0.047623 3 4 0.810748 70 0.188573 28 0.000679
  4 -0.885336 -3.399759 57.621243 -0.070081 -0.547073 0.834146 0.829226 0.048101 3 4 0.810748 70 0.188573 28 0.000679
  4 -1.035948 -3.456828 57.581802 -0.075127 -0.281614 0.956582 0.826646 0.041187 3 4 0.810748 70 0.188573 28 0.000679
white
  4 -0.897694 -3.473223 57.591167 -0.074446 -0.227080 0.971026 0.826722 0.047623 3 4 0.810748 70 0.188573 28 0.000679
  4 -0.728015 -3.450184 57.604603 0.068003 -0.473367 0.878236 0.827661 0.055515 3 4 0.811482 70 0.188321 28 0.000197
  4 -0.885336 -3.399759 57.621243 -0.070081 -0.547073 0.834146 0.829226 0.048101 3 4 0.810748 70 0.188573 28 0.000679
white
  4 -1.058294 -3.565249 57.566048 -0.115101 0.032129 0.992834 0.824113 0.040198 2 4 0.727122 70 0.272878
  4 -0.897694 -3.473223 57.591167 -0.074446 -0.227080 0.971026 0.826722 0.047623 3 4 0.810748 70 0.188573 28 0.000679
  4 -1.035948 -3.456828 57.581802 -0.075127 -0.281614 0.956582 0.826646 0.041187 3 4 0.810748 70 0.188573 28 0.000679
white
  4 -0.913958 -3.546100 57.582779 0.025193 -0.153791 0.987782 0.825106 0.046883 3 4 0.810748 70 0.188573 28 0.000679
  4 -0.897694 -3.473223 57.591167 -0.074446 -0.227080 0.971026 0.826722 0.047623 3 4 0.810748 70 0.188573 28 0.000679
  4 -1.058294 -3.565249 57.566048 -0.115101 0.032129 0.992834 0.824113 0.040198 2 4 0.727122 70 0.272878
white
  4 -0.913958 -3.546100 57.582779 0.025193 -0.153791 0.987782 0.825106 0.046883 3 4 0.810748 70 0.188573 28 0.000679
  4 -0.728015 -3.450184 57.604603 0.068003 -0.473367 0.878236 0.827661 0.055515 3 4 0.811482 70 0.188321 28 0.000197
  4 -0.897694 -3.473223 57.591167 -0.074446 -0.227080 0.971026 0.826722 0.047623 3 4 0.810748 70 0.188573 28 0.000679
white
  4 -1.082618 -3.660065 57.574871 -0.040325 0.076787 0.996232 0.822840 0.039035 2 4 0.727122 70 0.272878
  4 -0.913958 -3.546100 57.582779 0.025193 -0.153791 0.987782 0.825106 0.046883 3 4 0.810748 70 0.188573 28 0.000679
  4 -1.058294 -3.565249 57.566048 -0.115101 0.032129 0.992834 0.824113 0.040198 2 4 0.727122 70 0.272878
white
  4 -0.467197 -3.361663 57.614471 0.154629 -0.633717 0.757953 0.828115 0.064625 3 4 0.936581 70 0.062740 28 0.000679
  4 -0.728015 -3.450184 57.604603 0.068003 -0.473367 0.878236 0.827661 0.055515 3 4 0.811482 70 0.188321 28 0.000197
  4 -0.752203 -3.568498 57.544636 0.213411 -0.518156 0.828233 0.823207 0.054548 3 4 0.811482 70 0.188321 28 0.000197
white
  4 -0.752203 -3.568498 57.544636 0.213411 -0.518156 0.828233 0.823207 0.054548 3 4 0.811482 70 0.188321 28 0.000197
  4 -0.728015 -3.450184 57.604603 0.068003 -0.473367 0.878236 0.827661 0.055515 3 4 0.811482 70 0.188321 28 0.000197
  4 -0.913958 -3.546100 57.582779 0.025193 -0.153791 0.987782 0.825106 0.046883 3 4 0.810748 70 0.188573 28 0.000679
white
  4 -0.467197 -3.361663 57.614471 0.154629 -0.633717 0.757953 0.828115 0.064625 3 4 0.936581 70 0.062740 28 0.000679
  4 -0.752203 -3.568498 57.544636 0.213411 -0.518156 0.828233 0.823207 0.054548 3 4 0.811482 70 0.188321 28 0.000197
  4 -0.475132 -3.653295 57.399815 0.234352 -0.618759 0.749811 0.814516 0.064625 3 4 0.811482 70 0.188321 28 0.000197
white
  4 -0.931680 -3.610447 57.573772 0.173524 -0.266149 0.948185 0.823639 0.046090 3 4 0.810748 70 0.188573 28 0.000679
  4 -0.913958 -3.546100 57.582779 0.025193 -0.153791 0.987782 0.825106 0.046883 3 4 0.810748 70 0.188573 28 0.000679
  4 -1.082618 -3.660065 57.574871 -0.040325 0.076787 0.996232 0.822840 0.039035 2 4 0.727122 70 0.272878
white
  4 -0.931680 -3.610447 57.573772 0.173524 -0.266149 0.948185 0.823639 0.046090 3 4 0.810748 70 0.188573 28 0.000679
  4 -0.752203 -3.568498 57.544636 0.213411 -0.518156 0.828233 0.823207 0.054548 3 4 0.811482 70 0.188321 28 0.000197
  4 -0.913958 -3.546100 57.582779 0.025193 -0.153791 0.987782 0.825106 0.046883 3 4 0.810748 70 0.188573 28 0.000679
white
  4 -1.106835 -3.738480 57.581390 0.261826 -0.259535 0.929564 0.821790 0.037871 2 4 0.735367 70 0.264633
  4 -0.931680 -3.610447 57.573772 0.173524 -0.266149 0.948185 0.823639 0.046090 3 4 0.810748 70 0.188573 28 0.000679
  4 -1.082618 -3.660065 57.574871 -0.040325 0.076787 0.996232 0.822840 0.039035 2 4 0.727122 70 0.272878
white
  4 -0.951801 -3.680843 57.546329 0.349965 -0.503736 0.789794 0.821359 0.045242 2 4 0.735367 70 0.264633
  4 -0.931680 -3.610447 57.573772 0.173524 -0.266149 0.948185 0.823639 0.046090 3 4 0.810748 70 0.188573 28 0.000679
  4 -1.106835 -3.738480 57.581390 0.261826 -0.259535 0.929564 0.821790 0.037871 2 4 0.735367 70 0.264633
white
  4 -0.951801 -3.680843 57.546329 0.349965 -0.503736 0.789794 0.821359 0.045242 2 4 0.735367 70 0.264633
  4 -0.752203 -3.568498 57.544636 0.213411 -0.518156 0.828233 0.823207 0.054548 3 4 0.811482 70 0.188321 28 0.000197
  4 -0.931680 -3.610447 57.573772 0.173524 -0.266149 0.948185 0.823639 0.046090 3 4 0.810748 70 0.188573 28 0.000679
white
  4 -1.135176 -3.817769 57.562431 0.457849 -0.554781 0.694688 0.819749 0.036632 2 4 0.735367 70 0.264633
  4 -0.951801 -3.680843 57.546329 0.349965 -0.503736 0.789794 0.821359 0.045242 2 4 0.735367 70 0.264633
  4 -1.106835 -3.738480 57.581390 0.261826 -0.259535 0.929564 0.821790 0.037871 2 4 0.735367 70 0.264633
white
  4 -0.752203 -3.568498 57.544636 0.213411 -0.518156 0.828233 0.823207 0.054548 3 4 0.811482 70 0.188321 28 0.000197
  4 -0.770784 -3.747920 57.411194 0.277707 -0.625115 0.729459 0.814819 0.054058 2 4 0.735367 70 0.264633
  4 -0.475132 -3.653295 57.399815 0.234352 -0.618759 0.749811 0.814516 0.064625 3 4 0.811482 70 0.188321 28 0.000197
white
  4 -0.770784 -3.747920 57.411194 0.277707 -0.625115 0.729459 0.814819 0.054058 2 4 0.735367 70 0.264633
  4 -0.752203 -3.568498 57.544636 0.213411 -0.518156 0.828233 0.823207 0.054548 3 4 0.811482 70 0.188321 28 0.000197
  4 -0.951801 -3.680843 57.546329 0.349965 -0.503736 0.789794 0.821359 0.045242 2 4 0.735367 70 0.264633
white
  4 -0.974517 -3.773178 57.480740 0.409280 -0.612464 0.676296 0.817213 0.044416 2 4 0.735367 70 0.264633
  4 -0.951801 -3.680843 57.546329 0.349965 -0.503736 0.789794 0.821359 0.045242 2 4 0.735367 70 0.264633
  4 -1.135176 -3.817769 57.562431 0.457849 -0.554781 0.694688 0.819749 0.036632 2 4 0.735367 70 0.264633
white
  4 -0.974517 -3.773178 57.480740 0.409280 -0.612464 0.676296 0.817213 0.044416 2 4 0.735367 70 0.264633
  4 -0.770784 -3.747920 57.411194 0.277707 -0.625115 0.729459 0.814819 0.054058 2 4 0.735367 70 0.264633
  4 -0.951801 -3.680843 57.546329 0.349965 -0.503736 0.789794 0.821359 0.045242 2 4 0.735367 70 0.264633
white
  4 -1.171546 -3.915379 57.493870 0.479103 -0.639708 0.601028 0.815472 0.035230 2 4 0.735367 70 0.264633
  4 -0.974517 -3.773178 57.480740 0.409280 -0.612464 0.676296 0.817213 0.044416 2 4 0.735367 70 0.264633
  4 -1.135176 -3.817769 57.562431 0.457849 -0.554781 0.694688 0.819749 0.036632 2 4 0.735367 70 0.264633
white
  4 -0.987278 -3.865496 57.400574 0.398072 -0.635757 0.661326 0.812492 0.044111 2 4 0.735367 70 0.264633
  4 -0.974517 -3.773178 57.480740 0.409280 -0.612464 0.676296 0.817213 0.044416 2 4 0.735367 70 0.264633
  4 -1.171546 -3.915379 57.493870 0.479103 -0.639708 0.601028 0.815472 0.035230 2 4 0.735367 70 0.264633
white
  4 -0.974517 -3.773178 57.480740 0.409280 -0.612464 0.676296 0.817213 0.044416 2 4 0.735367 70 0.264633
  4 -0.987278 -3.865496 57.400574 0.398072 -0.635757 0.661326 0.812492 0.044111 2 4 0.735367 70 0.264633
  4 -0.770784 -3.747920 57.411194 0.277707 -0.625115 0.729459 0.814819 0.054058 2 4 0.735367 70 0.264633
white
  4 -1.192533 -4.009112 57.404430 0.450530 -0.642553 0.619796 0.810424 0.034632 2 4 0.735367 70 0.264633
  4 -0.987278 -3.865496 57.400574 0.398072 -0.635757 0.661326 0.812492 0.044111 2 4 0.735367 70 0.264633
  4 -1.171546 -3.915379 57.493870 0.479103 -0.639708 0.601028 0.815472 0.035230 2 4 0.735367 70 0.264633
white
  4 -0.978058 -3.950184 57.316051 0.379119 -0.666022 0.642404 0.807709 0.044829 2 4 0.735367 70 0.264633
  4 -0.987278 -3.865496 57.400574 0.398072 -0.635757 0.661326 0.812492 0.044111 2 4 0.735367 70 0.264633
  4 -1.192533 -4.009112 57.404430 0.450530 -0.642553 0.619796 0.810424 0.034632 2 4 0.735367 70 0.264633
white
  4 -0.770784 -3.747920 57.411194 0.277707 -0.625115 0.729459 0.814819 0.054058 2 4 0.735367 70 0.264633
  4 -0.987278 -3.865496 57.400574 0.398072 -0.635757 0.661326 0.812492 0.044111 2 4 0.735367 70 0.264633
  4 -0.978058 -3.950184 57.316051 0.379119 -0.666022 0.642404 0.807709 0.044829 2 4 0.735367 70 0.264633
white
  4 -1.174649 -4.102418 57.297852 0.469019 -0.673952 0.570798 0.804670 0.035904 2 4 0.735367 70 0.264633
  4 -0.978058 -3.950184 57.316051 0.379119 -0.666022 0.642404 0.807709 0.044829 2 4 0.735367 70 0.264633
  4 -1.192533 -4.009112 57.404430 0.450530 -0.642553 0.619796 0.810424 0.034632 2 4 0.735367 70 0.264633
white
  4 -1.174649 -4.102418 57.297852 0.469019 -0.673952 0.570798 0.804670 0.035904 2 4 0.735367 70 0.264633
  4 -1.137313 -4.147698 57.202240 0.579571 -0.772833 0.258509 0.800036 0.037991 2 4 0.735367 70 0.264633
  4 -0.978058 -3.950184 57.316051 0.379119 -0.666022 0.642404 0.807709 0.044829 2 4 0.735367 70 0.264633
white
  4 -0.475132 -3.653295 57.399815 0.234352 -0.618759 0.749811 0.814516 0.064625 3 4 0.811482 70 0.188321 28 0.000197
  4 -0.770784 -3.747920 57.411194 0.277707 -0.625115 0.729459 0.814819 0.054058 2 4 0.735367 70 0.264633
  4 -0.762324 -3.884974 57.283543 0.263183 -0.698726 0.665219 0.807377 0.054797 2 4 0.735367 70 0.264633
white
  4 -0.770784 -3.747920 57.411194 0.277707 -0.625115 0.729459 0.814819 0.054058 2 4 0.735367 70 0.264633
  4 -0.978058 -3.950184 57.316051 0.379119 -0.666022 0.642404 0.807709 0.044829 2 4 0.735367 70 0.264633
  4 -0.762324 -3.884974 57.283543 0.263183 -0.698726 0.665219 0.807377 0.054797 2 4 0.735367 70 0.264633
white
  4 -0.475132 -3.653295 57.399815 0.234352 -0.618759 0.749811 0.814516 0.064625 3 4 0.811482 70 0.188321 28 0.000197
  4 -0.762324 -3.884974 57.283543 0.263183 -0.698726 0.665219 0.807377 0.054797 2 4 0.735367 70 0.264633
  4 -0.482219 -3.860293 57.208126 0.212237 -0.677600 0.704140 0.803295 0.064625 3 4 0.811482 70 0.188321 28 0.000197
white
  4 -1.137313 -4.147698 57.202240 0.579571 -0.772833 0.258509 0.800036 0.037991 2 4 0.735367 70 0.264633
  4 -0.958646 -4.007430 57.239082 0.427211 -0.798110 0.424867 0.803644 0.045981 2 4 0.735367 70 0.264633
  4 -0.978058 -3.950184 57.316051 0.379119 -0.666022 0.642404 0.807709 0.044829 2 4 0.735367 70 0.264633
white
  4 -0.958646 -4.007430 57.239082 0.427211 -0.798110 0.424867 0.803644 0.045981 2 4 0.735367 70 0.264633
  4 -0.762324 -3.884974 57.283543 0.263183 -0.698726 0.665219 0.807377 0.054797 2 4 0.735367 70 0.264633
  4 -0.978058 -3.950184 57.316051 0.379119 -0.666022 0.642404 0.807709 0.044829 2 4 0.735367 70 0.264633
white
  4 -1.137313 -4.147698 57.202240 0.579571 -0.772833 0.258509 0.800036 0.037991 2 4 0.735367 70 0.264633
  4 -1.100882 -4.099303 57.145733 0.586592 -0.727923 -0.355016 0.798356 0.039861 2 4 0.735367 70 0.264633
  4 -0.958646 -4.007430 57.239082 0.427211 -0.798110 0.424867 0.803644 0.045981 2 4 0.735367 70 0.264633
white
  4 -1.100882 -4.099303 57.145733 0.586592 -0.727923 -0.355016 0.798356 0.039861 2 4 0.735367 70 0.264633
  4 -0.941125 -4.015402 57.184479 0.365524 -0.930437 -0.026057 0.801234 0.046959 2 4 0.735367 70 0.264633
  4 -0.958646 -4.007430 57.239082 0.427211 -0.798110 0.424867 0.803644 0.045981 2 4 0.735367 70 0.264633
white
  4 -0.958646 -4.007430 57.239082 0.427211 -0.798110 0.424867 0.803644 0.045981 2 4 0.735367 70 0.264633
  4 -0.941125 -4.015402 57.184479 0.365524 -0.930437 -0.026057 0.801234 0.046959 2 4 0.735367 70 0.264633
  4 -0.762324 -3.884974 57.283543 0.263183 -0.698726 0.665219 0.807377 0.054797 2 4 0.735367 70 0.264633
white
  4 -1.100882 -4.099303 57.145733 0.586592 -0.727923 -0.355016 0.798356 0.039861 2 4 0.735367 70 0.264633
  4 -1.066742 -4.014096 57.108223 0.325096 -0.600588 -0.730484 0.798021 0.041546 2 4 0.735367 70 0.264633
  4 -0.941125 -4.015402 57.184479 0.365524 -0.930437 -0.026057 0.801234 0.046959 2 4 0.735367 70 0.264633
white
  4 -0.762324 -3.884974 57.283543 0.263183 -0.698726 0.665219 0.807377 0.054797 2 4 0.735367 70 0.264633
  4 -0.757886 -3.965169 57.189064 0.188195 -0.779101 0.597983 0.802187 0.055254 2 4 0.735367 70 0.264633
  4 -0.482219 -3.860293 57.208126 0.212237 -0.677600 0.704140 0.803295 0.064625 3 4 0.811482 70 0.188321 28 0.000197
white
  4 -0.941125 -4.015402 57.184479 0.365524 -0.930437 -0.026057 0.801234 0.046959 2 4 0.735367 70 0.264633
  4 -0.757886 -3.965169 57.189064 0.188195 -0.779101 0.597983 0.802187 0.055254 2 4 0.735367 70 0.264633
  4 -0.762324 -3.884974 57.283543 0.263183 -0.698726 0.665219 0.807377 0.054797 2 4 0.735367 70 0.264633
white
  4 -1.066742 -4.014096 57.108223 0.325096 -0.600588 -0.730484 0.798021 0.041546 2 4 0.735367 70 0.264633
  4 -0.926948 -3.997842 57.145187 0.142786 -0.922206 -0.359372 0.799837 0.047720 2 4 0.735367 70 0.264633
  4 -0.941125 -4.015402 57.184479 0.365524 -0.930437 -0.026057 0.801234 0.046959 2 4 0.735367 70 0.264633
white
  4 -0.926948 -3.997842 57.145187 0.142786 -0.922206 -0.359372 0.799837 0.047720 2 4 0.735367 70 0.264633
  4 -0.757886 -3.965169 57.189064 0.188195 -0.779101 0.597983 0.802187 0.055254 2 4 0.735367 70 0.264633
  4 -0.941125 -4.015402 57.184479 0.365524 -0.930437 -0.026057 0.801234 0.046959 2 4 0.735367 70 0.264633
white
  4 -0.917116 -3.978110 57.114010 -0.141511 -0.970843 -0.193491 0.798811 0.048264 2 4 0.735367 70 0.264633
  4 -0.926948 -3.997842 57.145187 0.142786 -0.922206 -0.359372 0.799837 0.047720 2 4 0.735367 70 0.264633
  4 -1.066742 -4.014096 57.108223 0.325096 -0.600588 -0.730484 0.798021 0.041546 2 4 0.735367 70 0.264633
white
  4 -1.036155 -3.947160 57.070507 -0.111769 -0.850004 -0.514783 0.797419 0.043057 2 4 0.735367 70 0.264633
  4 -0.917116 -3.978110 57.114010 -0.141511 -0.970843 -0.193491 0.798811 0.048264 2 4 0.735367 70 0.264633
  4 -1.066742 -4.014096 57.108223 0.325096 -0.600588 -0.730484 0.798021 0.041546 2 4 0.735367 70 0.264633
white
  4 -0.767089 -4.016557 57.125477 -0.008395 -0.728180 0.685335 0.798719 0.055004 2 4 0.735367 70 0.264633
  4 -0.757886 -3.965169 57.189064 0.188195 -0.779101 0.597983 0.802187 0.055254 2 4 0.735367 70 0.264633
  4 -0.926948 -3.997842 57.145187 0.142786 -0.922206 -0.359372 0.799837 0.047720 2 4 0.735367 70 0.264633
white
  4 -0.482219 -3.860293 57.208126 0.212237 -0.677600 0.704140 0.803295 0.064625 3 4 0.811482 70 0.188321 28 0.000197
  4 -0.757886 -3.965169 57.189064 0.188195 -0.779101 0.597983 0.802187 0.055254 2 4 0.735367 70 0.264633
  4 -0.767089 -4.016557 57.125477 -0.008395 -0.728180 0.685335 0.798719 0.055004 2 4 0.735367 70 0.264633
white
  4 -0.917116 -3.978110 57.114010 -0.141511 -0.970843 -0.193491 0.798811 0.048264 2 4 0.735367 70 0.264633
  4 -0.767089 -4.016557 57.125477 -0.008395 -0.728180 0.685335 0.798719 0.055004 2 4 0.735367 70 0.264633
  4 -0.926948 -3.997842 57.145187 0.142786 -0.922206 -0.359372 0.799837 0.047720 2 4 0.735367 70 0.264633
white
  4 -0.482219 -3.860293 57.208126 0.212237 -0.677600 0.704140 0.803295 0.064625 3 4 0.811482 70 0.188321 28 0.000197
  4 -0.767089 -4.016557 57.125477 -0.008395 -0.728180 0.685335 0.798719 0.055004 2 4 0.735367 70 0.264633
  4 -0.489910 -4.102973 57.000050 0.186794 -0.602124 0.776244 0.790850 0.064625 2 4 0.734889 70 0.265111
white
  4 -0.914456 -3.992435 57.075726 -0.402470 -0.744249 0.533021 0.796956 0.048503 2 4 0.735367 70 0.264633
  4 -0.917116 -3.978110 57.114010 -0.141511 -0.970843 -0.193491 0.798811 0.048264 2 4 0.735367 70 0.264633
  4 -1.036155 -3.947160 57.070507 -0.111769 -0.850004 -0.514783 0.797419 0.043057 2 4 0.735367 70 0.264633
white
  4 -0.914456 -3.992435 57.075726 -0.402470 -0.744249 0.533021 0.796956 0.048503 2 4 0.735367 70 0.264633
  4 -0.767089 -4.016557 57.125477 -0.008395 -0.728180 0.685335 0.798719 0.055004 2 4 0.735367 70 0.264633
  4 -0.917116 -3.978110 57.114010 -0.141511 -0.970843 -0.193491 0.798811 0.048264 2 4 0.735367 70 0.264633
white
  4 -1.021705 -3.943106 57.023296 -0.510731 -0.783836 0.353207 0.795443 0.043872 2 4 0.735367 70 0.264633
  4 -0.914456 -3.992435 57.075726 -0.402470 -0.744249 0.533021 0.796956 0.048503 2 4 0.735367 70 0.264633
  4 -1.036155 -3.947160 57.070507 -0.111769 -0.850004 -0.514783 0.797419 0.043057 2 4 0.735367 70 0.264633
white
  4 -0.921796 -4.077700 57.013775 -0.411415 -0.468344 0.781916 0.793021 0.048373 2 4 0.735367 70 0.264633
  4 -0.914456 -3.992435 57.075726 -0.402470 -0.744249 0.533021 0.796956 0.048503 2 4 0.735367 70 0.264633
  4 -1.021705 -3.943106 57.023296 -0.510731 -0.783836 0.353207 0.795443 0.043872 2 4 0.735367 70 0.264633
white
  4 -0.914456 -3.992435 57.075726 -0.402470 -0.744249 0.533021 0.796956 0.048503 2 4 0.735367 70 0.264633
  4 -0.921796 -4.077700 57.013775 -0.411415 -0.468344 0.781916 0.793021 0.048373 2 4 0.735367 70 0.264633
  4 -0.767089 -4.016557 57.125477 -0.008395 -0.728180 0.685335 0.798719 0.055004 2 4 0.735367 70 0.264633
white
  4 -1.036175 -4.048551 56.954304 -0.474916 -0.378279 0.794582 0.790859 0.043459 2 4 0.735367 70 0.264633
  4 -0.921796 -4.077700 57.013775 -0.411415 -0.468344 0.781916 0.793021 0.048373 2 4 0.735367 70 0.264633
  4 -1.021705 -3.943106 57.023296 -0.510731 -0.783836 0.353207 0.795443 0.043872 2 4 0.735367 70 0.264633
white
  4 -0.767089 -4.016557 57.125477 -0.008395 -0.728180 0.685335 0.798719 0.055004 2 4 0.735367 70 0.264633
  4 -0.768706 -4.170205 57.008396 -0.062196 -0.499201 0.864251 0.791460 0.055232 2 4 0.734889 70 0.265111
  4 -0.489910 -4.102973 57.000050 0.186794 -0.602124 0.776244 0.790850 0.064625 2 4 0.734889 70 0.265111
white
  4 -0.921796 -4.077700 57.013775 -0.411415 -0.468344 0.781916 0.793021 0.048373 2 4 0.735367 70 0.264633
  4 -0.768706 -4.170205 57.008396 -0.062196 -0.499201 0.864251 0.791460 0.055232 2 4 0.734889 70 0.265111
  4 -0.767089 -4.016557 57.125477 -0.008395 -0.728180 0.685335 0.798719 0.055004 2 4 0.735367 70 0.264633
white
  4 -0.933735 -4.179719 56.956623 -0.334194 -0.332218 0.882012 0.789077 0.048014 2 4 0.734889 70 0.265111
  4 -0.921796 -4.077700 57.013775 -0.411415 -0.468344 0.781916 0.793021 0.048373 2 4 0.735367 70 0.264633
  4 -1.036175 -4.048551 56.954304 -0.474916 -0.378279 0.794582 0.790859 0.043459 2 4 0.735367 70 0.264633
white
  4 -0.933735 -4.179719 56.956623 -0.334194 -0.332218 0.882012 0.789077 0.048014 2 4 0.734889 70 0.265111
  4 -0.768706 -4.170205 57.008396 -0.062196 -0.499201 0.864251 0.791460 0.055232 2 4 0.734889 70 0.265111
  4 -0.921796 -4.077700 57.013775 -0.411415 -0.468344 0.781916 0.793021 0.048373 2 4 0.735367 70 0.264633
white
  4 -1.061478 -4.176277 56.896996 -0.383954 -0.173647 0.906877 0.786509 0.042535 2 4 0.734889 70 0.265111
  4 -0.933735 -4.179719 56.956623 -0.334194 -0.332218 0.882012 0.789077 0.048014 2 4 0.734889 70 0.265111
  4 -1.036175 -4.048551 56.954304 -0.474916 -0.378279 0.794582 0.790859 0.043459 2 4 0.735367 70 0.264633
white
  4 -0.489910 -4.102973 57.000050 0.186794 -0.602124 0.776244 0.790850 0.064625 2 4 0.734889 70 0.265111
  4 -0.768706 -4.170205 57.008396 -0.062196 -0.499201 0.864251 0.791460 0.055232 2 4 0.734889 70 0.265111
  4 -0.780762 -4.289066 56.953171 0.064016 -0.421375 0.904624 0.787419 0.054841 2 4 0.734889 70 0.265111
white
  4 -0.780762 -4.289066 56.953171 0.064016 -0.421375 0.904624 0.787419 0.054841 2 4 0.734889 70 0.265111
  4 -0.768706 -4.170205 57.008396 -0.062196 -0.499201 0.864251 0.791460 0.055232 2 4 0.734889 70 0.265111
  4 -0.933735 -4.179719 56.956623 -0.334194 -0.332218 0.882012 0.789077 0.048014 2 4 0.734889 70 0.265111
white
  4 -0.489910 -4.102973 57.000050 0.186794 -0.602124 0.776244 0.790850 0.064625 2 4 0.734889 70 0.265111
  4 -0.780762 -4.289066 56.953171 0.064016 -0.421375 0.904624 0.787419 0.054841 2 4 0.734889 70 0.265111
  4 -0.494983 -4.334447 56.813019 0.381313 -0.682483 0.623552 0.779410 0.064625 2 4 0.734889 70 0.265111
white
  4 -0.944752 -4.242573 56.936615 -0.242785 -0.127151 0.961711 0.787330 0.047590 2 4 0.734889 70 0.265111
  4 -0.933735 -4.179719 56.956623 -0.334194 -0.332218 0.882012 0.789077 0.048014 2 4 0.734889 70 0.265111
  4 -1.061478 -4.176277 56.896996 -0.383954 -0.173647 0.906877 0.786509 0.042535 2 4 0.734889 70 0.265111
white
  4 -0.944752 -4.242573 56.936615 -0.242785 -0.127151 0.961711 0.787330 0.047590 2 4 0.734889 70 0.265111
  4 -0.780762 -4.289066 56.953171 0.064016 -0.421375 0.904624 0.787419 0.054841 2 4 0.734889 70 0.265111
  4 -0.933735 -4.179719 56.956623 -0.334194 -0.332218 0.882012 0.789077 0.048014 2 4 0.734889 70 0.265111
white
  4 -1.078977 -4.238635 56.888062 -0.323372 0.245465 0.913880 0.785252 0.041796 2 4 0.734889 70 0.265111
  4 -0.944752 -4.242573 56.936615 -0.242785 -0.127151 0.961711 0.787330 0.047590 2 4 0.734889 70 0.265111
  4 -1.061478 -4.176277 56.896996 -0.383954 -0.173647 0.906877 0.786509 0.042535 2 4 0.734889 70 0.265111
white
  4 -1.078977 -4.238635 56.888062 -0.323372 0.245465 0.913880 0.785252 0.041796 2 4 0.734889 70 0.265111
  4 -1.093178 -4.272649 56.900776 -0.231155 0.267975 0.935284 0.785348 0.041122 2 4 0.734889 70 0.265111
  4 -0.944752 -4.242573 56.936615 -0.242785 -0.127151 0.961711 0.787330 0.047590 2 4 0.734889 70 0.265111
white
  4 -1.093178 -4.272649 56.900776 -0.231155 0.267975 0.935284 0.785348 0.041122 2 4 0.734889 70 0.265111
  4 -0.956641 -4.292446 56.931557 -0.153182 -0.100207 0.983104 0.786431 0.047079 2 4 0.734889 70 0.265111
  4 -0.944752 -4.242573 56.936615 -0.242785 -0.127151 0.961711 0.787330 0.047590 2 4 0.734889 70 0.265111
white
  4 -0.956641 -4.292446 56.931557 -0.153182 -0.100207 0.983104 0.786431 0.047079 2 4 0.734889 70 0.265111
  4 -0.780762 -4.289066 56.953171 0.064016 -0.421375 0.904624 0.787419 0.054841 2 4 0.734889 70 0.265111
  4 -0.944752 -4.242573 56.936615 -0.242785 -0.127151 0.961711 0.787330 0.047590 2 4 0.734889 70 0.265111
white
  4 -1.093178 -4.272649 56.900776 -0.231155 0.267975 0.935284 0.785348 0.041122 2 4 0.734889 70 0.265111
  4 -1.108584 -4.315656 56.907253 -0.134531 -0.089355 0.986872 0.785056 0.040404 2 4 0.734889 70 0.265111
  4 -0.956641 -4.292446 56.931557 -0.153182 -0.100207 0.983104 0.786431 0.047079 2 4 0.734889 70 0.265111
white
  4 -0.956641 -4.292446 56.931557 -0.153182 -0.100207 0.983104 0.786431 0.047079 2 4 0.734889 70 0.265111
  4 -0.970649 -4.355420 56.918648 -0.098872 -0.295177 0.950313 0.785027 0.046470 2 4 0.734889 70 0.265111
  4 -0.780762 -4.289066 56.953171 0.064016 -0.421375 0.904624 0.787419 0.054841 2 4 0.734889 70 0.265111
white
  4 -1.108584 -4.315656 56.907253 -0.134531 -0.089355 0.986872 0.785056 0.040404 2 4 0.734889 70 0.265111
  4 -0.970649 -4.355420 56.918648 -0.098872 -0.295177 0.950313 0.785027 0.046470 2 4 0.734889 70 0.265111
  4 -0.956641 -4.292446 56.931557 -0.153182 -0.100207 0.983104 0.786431 0.047079 2 4 0.734889 70 0.265111
white
  4 -0.970649 -4.355420 56.918648 -0.098872 -0.295177 0.950313 0.785027 0.046470 2 4 0.734889 70 0.265111
  4 -0.797341 -4.439282 56.883507 0.186550 -0.592333 0.783799 0.782402 0.054004 2 4 0.734889 70 0.265111
  4 -0.780762 -4.289066 56.953171 0.064016 -0.421375 0.904624 0.787419 0.054841 2 4 0.734889 70 0.265111
white
  4 -0.780762 -4.289066 56.953171 0.064016 -0.421375 0.904624 0.787419 0.054841 2 4 0.734889 70 0.265111
  4 -0.797341 -4.439282 56.883507 0.186550 -0.592333 0.783799 0.782402 0.054004 2 4 0.734889 70 0.265111
  4 -0.494983 -4.334447 56.813019 0.381313 -0.682483 0.623552 0.779410 0.064625 2 4 0.734889 70 0.265111
white
  4 -0.982768 -4.426499 56.889603 -0.082540 -0.473935 0.876683 0.782834 0.045753 2 4 0.734889 70 0.265111
  4 -0.970649 -4.355420 56.918648 -0.098872 -0.295177 0.950313 0.785027 0.046470 2 4 0.734889 70 0.265111
  4 -1.108584 -4.315656 56.907253 -0.134531 -0.089355 0.986872 0.785056 0.040404 2 4 0.734889 70 0.265111
white
  4 -0.982768 -4.426499 56.889603 -0.082540 -0.473935 0.876683 0.782834 0.045753 2 4 0.734889 70 0.265111
  4 -0.797341 -4.439282 56.883507 0.186550 -0.592333 0.783799 0.782402 0.054004 2 4 0.734889 70 0.265111
  4 -0.970649 -4.355420 56.918648 -0.098872 -0.295177 0.950313 0.785027 0.046470 2 4 0.734889 70 0.265111
white
  4 -1.133494 -4.377216 56.891239 -0.095546 -0.382958 0.918811 0.783541 0.039295 2 4 0.734889 70 0.265111
  4 -0.982768 -4.426499 56.889603 -0.082540 -0.473935 0.876683 0.782834 0.045753 2 4 0.734889 70 0.265111
  4 -1.108584 -4.315656 56.907253 -0.134531 -0.089355 0.986872 0.785056 0.040404 2 4 0.734889 70 0.265111
white
  4 -0.999101 -4.496590 56.837856 -0.058425 -0.681095 0.729860 0.779560 0.044872 2 4 0.734889 70 0.265111
  4 -0.982768 -4.426499 56.889603 -0.082540 -0.473935 0.876683 0.782834 0.045753 2 4 0.734889 70 0.265111
  4 -1.133494 -4.377216 56.891239 -0.095546 -0.382958 0.918811 0.783541 0.039295 2 4 0.734889 70 0.265111
white
  4 -0.982768 -4.426499 56.889603 -0.082540 -0.473935 0.876683 0.782834 0.045753 2 4 0.734889 70 0.265111
  4 -0.999101 -4.496590 56.837856 -0.058425 -0.681095 0.729860 0.779560 0.044872 2 4 0.734889 70 0.265111
  4 -0.797341 -4.439282 56.883507 0.186550 -0.592333 0.783799 0.782402 0.054004 2 4 0.734889 70 0.265111
white
  4 -1.170046 -4.463354 56.837166 -0.094823 -0.606730 0.789232 0.779969 0.037415 2 4 0.734889 70 0.265111
  4 -0.999101 -4.496590 56.837856 -0.058425 -0.681095 0.729860 0.779560 0.044872 2 4 0.734889 70 0.265111
  4 -1.133494 -4.377216 56.891239 -0.095546 -0.382958 0.918811 0.783541 0.039295 2 4 0.734889 70 0.265111
white
  4 -0.494983 -4.334447 56.813019 0.381313 -0.682483 0.623552 0.779410 0.064625 2 4 0.734889 70 0.265111
  4 -0.797341 -4.439282 56.883507 0.186550 -0.592333 0.783799 0.782402 0.054004 2 4 0.734889 70 0.265111
  4 -0.792245 -4.535178 56.770271 0.274676 -0.827797 0.489189 0.775860 0.054091 2 4 0.734889 70 0.265111
white
  4 -0.999101 -4.496590 56.837856 -0.058425 -0.681095 0.729860 0.779560 0.044872 2 4 0.734889 70 0.265111
  4 -0.792245 -4.535178 56.770271 0.274676 -0.827797 0.489189 0.775860 0.054091 2 4 0.734889 70 0.265111
  4 -0.797341 -4.439282 56.883507 0.186550 -0.592333 0.783799 0.782402 0.054004 2 4 0.734889 70 0.265111
white
  4 -1.002617 -4.556384 56.767715 0.005412 -0.806377 0.591377 0.775458 0.044557 2 4 0.734889 70 0.265111
  4 -0.999101 -4.496590 56.837856 -0.058425 -0.681095 0.729860 0.779560 0.044872 2 4 0.734889 70 0.265111
  4 -1.170046 -4.463354 56.837166 -0.094823 -0.606730 0.789232 0.779969 0.037415 2 4 0.734889 70 0.265111
white
  4 -1.002617 -4.556384 56.767715 0.005412 -0.806377 0.591377 0.775458 0.044557 2 4 0.734889 70 0.265111
  4 -0.792245 -4.535178 56.770271 0.274676 -0.827797 0.489189 0.775860 0.054091 2 4 0.734889 70 0.265111
  4 -0.999101 -4.496590 56.837856 -0.058425 -0.681095 0.729860 0.779560 0.044872 2 4 0.734889 70 0.265111
white
  4 -1.188156 -4.549788 56.757778 -0.062264 -0.738117 0.671793 0.775077 0.036284 2 4 0.734889 70 0.265111
  4 -1.002617 -4.556384 56.767715 0.005412 -0.806377 0.591377 0.775458 0.044557 2 4 0.734889 70 0.265111
  4 -1.170046 -4.463354 56.837166 -0.094823 -0.606730 0.789232 0.779969 0.037415 2 4 0.734889 70 0.265111
white
  4 -1.188156 -4.549788 56.757778 -0.062264 -0.738117 0.671793 0.775077 0.036284 2 4 0.734889 70 0.265111
  4 -1.158766 -4.622185 56.662510 0.005741 -0.861251 0.508147 0.769622 0.037404 2 4 0.734889 70 0.265111
  4 -1.002617 -4.556384 56.767715 0.005412 -0.806377 0.591377 0.775458 0.044557 2 4 0.734889 70 0.265111
white
  4 -1.158766 -4.622185 56.662510 0.005741 -0.861251 0.508147 0.769622 0.037404 2 4 0.734889 70 0.265111
  4 -0.979903 -4.602908 56.681664 0.117936 -0.910218 0.396981 0.770781 0.045524 2 4 0.734889 70 0.265111
  4 -1.002617 -4.556384 56.767715 0.005412 -0.806377 0.591377 0.775458 0.044557 2 4 0.734889 70 0.265111
white
  4 -1.002617 -4.556384 56.767715 0.005412 -0.806377 0.591377 0.775458 0.044557 2 4 0.734889 70 0.265111
  4 -0.979903 -4.602908 56.681664 0.117936 -0.910218 0.396981 0.770781 0.045524 2 4 0.734889 70 0.265111
  4 -0.792245 -4.535178 56.770271 0.274676 -0.827797 0.489189 0.775860 0.054091 2 4 0.734889 70 0.265111
white
  4 -1.158766 -4.622185 56.662510 0.005741 -0.861251 0.508147 0.769622 0.037404 2 4 0.734889 70 0.265111
  4 -1.115254 -4.660183 56.579407 0.154425 -0.970554 0.184871 0.765196 0.039350 2 4 0.734889 70 0.265111
  4 -0.979903 -4.602908 56.681664 0.117936 -0.910218 0.396981 0.770781 0.045524 2 4 0.734889 70 0.265111
white
  4 -0.494983 -4.334447 56.813019 0.381313 -0.682483 0.623552 0.779410 0.064625 2 4 0.734889 70 0.265111
  4 -0.792245 -4.535178 56.770271 0.274676 -0.827797 0.489189 0.775860 0.054091 2 4 0.734889 70 0.265111
  4 -0.757543 -4.577155 56.622147 0.340728 -0.939933 0.020734 0.768314 0.055732 2 4 0.734889 70 0.265111
white
  4 -0.757543 -4.577155 56.622147 0.340728 -0.939933 0.020734 0.768314 0.055732 2 4 0.734889 70 0.265111
  4 -0.792245 -4.535178 56.770271 0.274676 -0.827797 0.489189 0.775860 0.054091 2 4 0.734889 70 0.265111
  4 -0.979903 -4.602908 56.681664 0.117936 -0.910218 0.396981 0.770781 0.045524 2 4 0.734889 70 0.265111
white
  4 -0.494983 -4.441564 56.585640 0.361140 -0.857692 0.365981 0.767263 0.064625 2 4 0.736833 70 0.263167
  4 -0.494983 -4.334447 56.813019 0.381313 -0.682483 0.623552 0.779410 0.064625 2 4 0.734889 70 0.265111
  4 -0.757543 -4.577155 56.622147 0.340728 -0.939933 0.020734 0.768314 0.055732 2 4 0.734889 70 0.265111
white
  4 -1.115254 -4.660183 56.579407 0.154425 -0.970554 0.184871 0.765196 0.039350 2 4 0.734889 70 0.265111
  4 -0.949952 -4.621930 56.603271 0.237186 -0.971411 0.010197 0.766830 0.046938 2 4 0.734889 70 0.265111
  4 -0.979903 -4.602908 56.681664 0.117936 -0.910218 0.396981 0.770781 0.045524 2 4 0.734889 70 0.265111
white
  4 -0.949952 -4.621930 56.603271 0.237186 -0.971411 0.010197 0.766830 0.046938 2 4 0.734889 70 0.265111
  4 -0.757543 -4.577155 56.622147 0.340728 -0.939933 0.020734 0.768314 0.055732 2 4 0.734889 70 0.265111
  4 -0.979903 -4.602908 56.681664 0.117936 -0.910218 0.396981 0.770781 0.045524 2 4 0.734889 70 0.265111
white
  4 -1.115254 -4.660183 56.579407 0.154425 -0.970554 0.184871 0.765196 0.039350 2 4 0.734889 70 0.265111
  4 -1.090058 -4.645927 56.533310 0.275616 -0.880775 -0.385059 0.763211 0.040687 2 4 0.734889 70 0.265111
  4 -0.949952 -4.621930 56.603271 0.237186 -0.971411 0.010197 0.766830 0.046938 2 4 0.734889 70 0.265111
white
  4 -1.090058 -4.645927 56.533310 0.275616 -0.880775 -0.385059 0.763211 0.040687 2 4 0.734889 70 0.265111
  4 -0.931747 -4.600456 56.554508 0.283003 -0.832864 -0.475653 0.764813 0.047971 2 4 0.734889 70 0.265111
  4 -0.949952 -4.621930 56.603271 0.237186 -0.971411 0.010197 0.766830 0.046938 2 4 0.734889 70 0.265111
white
  4 -0.949952 -4.621930 56.603271 0.237186 -0.971411 0.010197 0.766830 0.046938 2 4 0.734889 70 0.265111
  4 -0.931747 -4.600456 56.554508 0.283003 -0.832864 -0.475653 0.764813 0.047971 2 4 0.734889 70 0.265111
  4 -0.757543 -4.577155 56.622147 0.340728 -0.939933 0.020734 0.768314 0.055732 2 4 0.734889 70 0.265111
white
  4 -1.090058 -4.645927 56.533310 0.275616 -0.880775 -0.385059 0.763211 0.040687 2 4 0.734889 70 0.265111
  4 -1.071919 -4.606699 56.504570 0.266512 -0.680413 -0.682648 0.762374 0.041785 2 4 0.734889 70 0.265111
  4 -0.931747 -4.600456 56.554508 0.283003 -0.832864 -0.475653 0.764813 0.047971 2 4 0.734889 70 0.265111
white
  4 -1.071919 -4.606699 56.504570 0.266512 -0.680413 -0.682648 0.762374 0.041785 2 4 0.734889 70 0.265111
  4 -0.918451 -4.567242 56.519222 0.218436 -0.854863 -0.470632 0.763589 0.048797 2 4 0.734889 70 0.265111
  4 -0.931747 -4.600456 56.554508 0.283003 -0.832864 -0.475653 0.764813 0.047971 2 4 0.734889 70 0.265111
white
  4 -0.931747 -4.600456 56.554508 0.283003 -0.832864 -0.475653 0.764813 0.047971 2 4 0.734889 70 0.265111
  4 -0.918451 -4.567242 56.519222 0.218436 -0.854863 -0.470632 0.763589 0.048797 2 4 0.734889 70 0.265111
  4 -0.757543 -4.577155 56.622147 0.340728 -0.939933 0.020734 0.768314 0.055732 2 4 0.734889 70 0.265111
white
  4 -1.071919 -4.606699 56.504570 0.266512 -0.680413 -0.682648 0.762374 0.041785 2 4 0.734889 70 0.265111
  4 -1.049705 -4.569952 56.473259 0.200888 -0.840748 -0.502779 0.761384 0.043057 2 4 0.734889 70 0.265111
  4 -0.918451 -4.567242 56.519222 0.218436 -0.854863 -0.470632 0.763589 0.048797 2 4 0.734889 70 0.265111
white
  4 -0.918451 -4.567242 56.519222 0.218436 -0.854863 -0.470632 0.763589 0.048797 2 4 0.734889 70 0.265111
  4 -0.736289 -4.539065 56.531834 0.236876 -0.971515 0.006969 0.764557 0.056972 2 4 0.736833 70 0.263167
  4 -0.757543 -4.577155 56.622147 0.340728 -0.939933 0.020734 0.768314 0.055732 2 4 0.734889 70 0.265111
white
  4 -0.494983 -4.441564 56.585640 0.361140 -0.857692 0.365981 0.767263 0.064625 2 4 0.736833 70 0.263167
  4 -0.757543 -4.577155 56.622147 0.340728 -0.939933 0.020734 0.768314 0.055732 2 4 0.734889 70 0.265111
  4 -0.736289 -4.539065 56.531834 0.236876 -0.971515 0.006969 0.764557 0.056972 2 4 0.736833 70 0.263167
white
  4 -1.049705 -4.569952 56.473259 0.200888 -0.840748 -0.502779 0.761384 0.043057 2 4 0.734889 70 0.265111
  4 -0.903554 -4.550874 56.481518 0.058366 -0.994931 -0.081894 0.762025 0.049612 2 4 0.736833 70 0.263167
  4 -0.918451 -4.567242 56.519222 0.218436 -0.854863 -0.470632 0.763589 0.048797 2 4 0.734889 70 0.265111
white
  4 -0.918451 -4.567242 56.519222 0.218436 -0.854863 -0.470632 0.763589 0.048797 2 4 0.734889 70 0.265111
  4 -0.903554 -4.550874 56.481518 0.058366 -0.994931 -0.081894 0.762025 0.049612 2 4 0.736833 70 0.263167
  4 -0.736289 -4.539065 56.531834 0.236876 -0.971515 0.006969 0.764557 0.056972 2 4 0.736833 70 0.263167
white
  4 -1.049705 -4.569952 56.473259 0.200888 -0.840748 -0.502779 0.761384 0.043057 2 4 0.734889 70 0.265111
  4 -1.035850 -4.554779 56.430313 -0.001889 -0.993313 0.115437 0.759557 0.043785 2 4 0.736833 70 0.263167
  4 -0.903554 -4.550874 56.481518 0.058366 -0.994931 -0.081894 0.762025 0.049612 2 4 0.736833 70 0.263167
white
  4 -0.494983 -4.441564 56.585640 0.361140 -0.857692 0.365981 0.767263 0.064625 2 4 0.736833 70 0.263167
  4 -0.736289 -4.539065 56.531834 0.236876 -0.971515 0.006969 0.764557 0.056972 2 4 0.736833 70 0.263167
  4 -0.723819 -4.569689 56.442902 0.060227 -0.843192 0.534229 0.759954 0.057559 2 4 0.736833 70 0.263167
white
  4 -0.723819 -4.569689 56.442902 0.060227 -0.843192 0.534229 0.759954 0.057559 2 4 0.736833 70 0.263167
  4 -0.736289 -4.539065 56.531834 0.236876 -0.971515 0.006969 0.764557 0.056972 2 4 0.736833 70 0.263167
  4 -0.903554 -4.550874 56.481518 0.058366 -0.994931 -0.081894 0.762025 0.049612 2 4 0.736833 70 0.263167
white
  4 -0.494983 -4.562284 56.402405 0.127089 -0.764641 0.631801 0.757017 0.064625 2 4 0.736833 70 0.263167
  4 -0.494983 -4.441564 56.585640 0.361140 -0.857692 0.365981 0.767263 0.064625 2 4 0.736833 70 0.263167
  4 -0.723819 -4.569689 56.442902 0.060227 -0.843192 0.534229 0.759954 0.057559 2 4 0.736833 70 0.263167
white
  4 -1.035850 -4.554779 56.430313 -0.001889 -0.993313 0.115437 0.759557 0.043785 2 4 0.736833 70 0.263167
  4 -0.894769 -4.558908 56.436005 -0.059099 -0.925770 0.373440 0.759772 0.050036 2 4 0.736833 70 0.263167
  4 -0.903554 -4.550874 56.481518 0.058366 -0.994931 -0.081894 0.762025 0.049612 2 4 0.736833 70 0.263167
white
  4 -0.894769 -4.558908 56.436005 -0.059099 -0.925770 0.373440 0.759772 0.050036 2 4 0.736833 70 0.263167
  4 -0.723819 -4.569689 56.442902 0.060227 -0.843192 0.534229 0.759954 0.057559 2 4 0.736833 70 0.263167
  4 -0.903554 -4.550874 56.481518 0.058366 -0.994931 -0.081894 0.762025 0.049612 2 4 0.736833 70 0.263167
white
  4 -0.901595 -4.598915 56.377312 -0.113826 -0.770075 0.627716 0.756471 0.049677 2 4 0.736833 70 0.263167
  4 -0.894769 -4.558908 56.436005 -0.059099 -0.925770 0.373440 0.759772 0.050036 2 4 0.736833 70 0.263167
  4 -1.035850 -4.554779 56.430313 -0.001889 -0.993313 0.115437 0.759557 0.043785 2 4 0.736833 70 0.263167
white
  4 -0.894769 -4.558908 56.436005 -0.059099 -0.925770 0.373440 0.759772 0.050036 2 4 0.736833 70 0.263167
  4 -0.901595 -4.598915 56.377312 -0.113826 -0.770075 0.627716 0.756471 0.049677 2 4 0.736833 70 0.263167
  4 -0.723819 -4.569689 56.442902 0.060227 -0.843192 0.534229 0.759954 0.057559 2 4 0.736833 70 0.263167
white
  4 -1.046588 -4.580369 56.366543 -0.151698 -0.817595 0.555451 0.756209 0.043318 2 4 0.736833 70 0.263167
  4 -0.901595 -4.598915 56.377312 -0.113826 -0.770075 0.627716 0.756471 0.049677 2 4 0.736833 70 0.263167
  4 -1.035850 -4.554779 56.430313 -0.001889 -0.993313 0.115437 0.759557 0.043785 2 4 0.736833 70 0.263167
white
  4 -0.494983 -4.562284 56.402405 0.127089 -0.764641 0.631801 0.757017 0.064625 2 4 0.736833 70 0.263167
  4 -0.723819 -4.569689 56.442902 0.060227 -0.843192 0.534229 0.759954 0.057559 2 4 0.736833 70 0.263167
  4 -0.729957 -4.675529 56.334641 0.004198 -0.717041 0.697018 0.753445 0.057059 2 4 0.736833 70 0.263167
white
  4 -0.901595 -4.598915 56.377312 -0.113826 -0.770075 0.627716 0.756471 0.049677 2 4 0.736833 70 0.263167
  4 -0.729957 -4.675529 56.334641 0.004198 -0.717041 0.697018 0.753445 0.057059 2 4 0.736833 70 0.263167
  4 -0.723819 -4.569689 56.442902 0.060227 -0.843192 0.534229 0.759954 0.057559 2 4 0.736833 70 0.263167
white
  4 -0.909007 -4.653592 56.319466 -0.126641 -0.665000 0.736028 0.753019 0.049210 2 4 0.736833 70 0.263167
  4 -0.901595 -4.598915 56.377312 -0.113826 -0.770075 0.627716 0.756471 0.049677 2 4 0.736833 70 0.263167
  4 -1.046588 -4.580369 56.366543 -0.151698 -0.817595 0.555451 0.756209 0.043318 2 4 0.736833 70 0.263167
white
  4 -0.909007 -4.653592 56.319466 -0.126641 -0.665000 0.736028 0.753019 0.049210 2 4 0.736833 70 0.263167
  4 -0.729957 -4.675529 56.334641 0.004198 -0.717041 0.697018 0.753445 0.057059 2 4 0.736833 70 0.263167
  4 -0.901595 -4.598915 56.377312 -0.113826 -0.770075 0.627716 0.756471 0.049677 2 4 0.736833 70 0.263167
white
  4 -1.061390 -4.633237 56.305691 -0.151300 -0.601777 0.784202 0.752637 0.042578 2 4 0.736833 70 0.263167
  4 -0.909007 -4.653592 56.319466 -0.126641 -0.665000 0.736028 0.753019 0.049210 2 4 0.736833 70 0.263167
  4 -1.046588 -4.580369 56.366543 -0.151698 -0.817595 0.555451 0.756209 0.043318 2 4 0.736833 70 0.263167
white
  4 -0.909007 -4.653592 56.319466 -0.126641 -0.665000 0.736028 0.753019 0.049210 2 4 0.736833 70 0.263167
  4 -1.061390 -4.633237 56.305691 -0.151300 -0.601777 0.784202 0.752637 0.042578 2 4 0.736833 70 0.263167
  4 -1.055966 -4.700005 56.271393 -0.042111 -0.388995 0.920277 0.750135 0.042535 2 4 0.736833 70 0.263167
white
  4 -0.729957 -4.675529 56.334641 0.004198 -0.717041 0.697018 0.753445 0.057059 2 4 0.736833 70 0.263167
  4 -0.909007 -4.653592 56.319466 -0.126641 -0.665000 0.736028 0.753019 0.049210 2 4 0.736833 70 0.263167
  4 -0.903626 -4.705630 56.276539 -0.062807 -0.571042 0.818515 0.750303 0.049286 2 4 0.736833 70 0.263167
white
  4 -0.903626 -4.705630 56.276539 -0.062807 -0.571042 0.818515 0.750303 0.049286 2 4 0.736833 70 0.263167
  4 -0.909007 -4.653592 56.319466 -0.126641 -0.665000 0.736028 0.753019 0.049210 2 4 0.736833 70 0.263167
  4 -1.055966 -4.700005 56.271393 -0.042111 -0.388995 0.920277 0.750135 0.042535 2 4 0.736833 70 0.263167
white
  4 -0.494983 -4.562284 56.402405 0.127089 -0.764641 0.631801 0.757017 0.064625 2 4 0.736833 70 0.263167
  4 -0.729957 -4.675529 56.334641 0.004198 -0.717041 0.697018 0.753445 0.057059 2 4 0.736833 70 0.263167
  4 -0.718439 -4.755972 56.248898 0.047338 -0.532402 0.845167 0.748332 0.057407 2 4 0.736833 70 0.263167
white
  4 -0.718439 -4.755972 56.248898 0.047338 -0.532402 0.845167 0.748332 0.057407 2 4 0.736833 70 0.263167
  4 -0.729957 -4.675529 56.334641 0.004198 -0.717041 0.697018 0.753445 0.057059 2 4 0.736833 70 0.263167
  4 -0.903626 -4.705630 56.276539 -0.062807 -0.571042 0.818515 0.750303 0.049286 2 4 0.736833 70 0.263167
white
  4 -0.489795 -4.741719 56.227539 0.140065 -0.567600 0.811302 0.746388 0.064625 2 4 0.736833 70 0.263167
  4 -0.494983 -4.562284 56.402405 0.127089 -0.764641 0.631801 0.757017 0.064625 2 4 0.736833 70 0.263167
  4 -0.718439 -4.755972 56.248898 0.047338 -0.532402 0.845167 0.748332 0.057407 2 4 0.736833 70 0.263167
white
  4 -0.903626 -4.705630 56.276539 -0.062807 -0.571042 0.818515 0.750303 0.049286 2 4 0.736833 70 0.263167
  4 -1.055966 -4.700005 56.271393 -0.042111 -0.388995 0.920277 0.750135 0.042535 2 4 0.736833 70 0.263167
  4 -0.897958 -4.758341 56.249565 0.038619 -0.321146 0.946242 0.748333 0.049351 2 4 0.736833 70 0.263167
white
  4 -0.897958 -4.758341 56.249565 0.038619 -0.321146 0.946242 0.748333 0.049351 2 4 0.736833 70 0.263167
  4 -0.718439 -4.755972 56.248898 0.047338 -0.532402 0.845167 0.748332 0.057407 2 4 0.736833 70 0.263167
  4 -0.903626 -4.705630 56.276539 -0.062807 -0.571042 0.818515 0.750303 0.049286 2 4 0.736833 70 0.263167
white
  4 -1.055966 -4.700005 56.271393 -0.042111 -0.388995 0.920277 0.750135 0.042535 2 4 0.736833 70 0.263167
  4 -1.050079 -4.770308 56.258995 0.105429 -0.076576 0.991474 0.748619 0.042437 2 4 0.736833 70 0.263167
  4 -0.897958 -4.758341 56.249565 0.038619 -0.321146 0.946242 0.748333 0.049351 2 4 0.736833 70 0.263167
white
  4 -0.489795 -4.741719 56.227539 0.140065 -0.567600 0.811302 0.746388 0.064625 2 4 0.736833 70 0.263167
  4 -0.718439 -4.755972 56.248898 0.047338 -0.532402 0.845167 0.748332 0.057407 2 4 0.736833 70 0.263167
  4 -0.724678 -4.878730 56.204155 0.160164 -0.314161 0.935762 0.744596 0.056722 2 4 0.736833 70 0.263167
white
  4 -0.724678 -4.878730 56.204155 0.160164 -0.314161 0.935762 0.744596 0.056722 2 4 0.736833 70 0.263167
  4 -0.718439 -4.755972 56.248898 0.047338 -0.532402 0.845167 0.748332 0.057407 2 4 0.736833 70 0.263167
  4 -0.897958 -4.758341 56.249565 0.038619 -0.321146 0.946242 0.748333 0.049351 2 4 0.736833 70 0.263167
white
  4 -0.489795 -4.741719 56.227539 0.140065 -0.567600 0.811302 0.746388 0.064625 2 4 0.736833 70 0.263167
  4 -0.724678 -4.878730 56.204155 0.160164 -0.314161 0.935762 0.744596 0.056722 2 4 0.736833 70 0.263167
  4 -0.478246 -5.005584 56.079781 0.354159 -0.527642 0.772117 0.735922 0.064625 2 4 0.755720 70 0.244280
white
  4 -0.897958 -4.758341 56.249565 0.038619 -0.321146 0.946242 0.748333 0.049351 2 4 0.736833 70 0.263167
  4 -1.050079 -4.770308 56.258995 0.105429 -0.076576 0.991474 0.748619 0.042437 2 4 0.736833 70 0.263167
  4 -0.904185 -4.814974 56.239708 0.130654 -0.140980 0.981353 0.747118 0.048818 2 4 0.736833 70 0.263167
white
  4 -0.904185 -4.814974 56.239708 0.130654 -0.140980 0.981353 0.747118 0.048818 2 4 0.736833 70 0.263167
  4 -0.724678 -4.878730 56.204155 0.160164 -0.314161 0.935762 0.744596 0.056722 2 4 0.736833 70 0.263167
  4 -0.897958 -4.758341 56.249565 0.038619 -0.321146 0.946242 0.748333 0.049351 2 4 0.736833 70 0.263167
white
  4 -1.050079 -4.770308 56.258995 0.105429 -0.076576 0.991474 0.748619 0.042437 2 4 0.736833 70 0.263167
  4 -1.061634 -4.833759 56.263859 0.179290 0.003968 0.983788 0.748008 0.041546 2 4 0.736833 70 0.263167
  4 -0.904185 -4.814974 56.239708 0.130654 -0.140980 0.981353 0.747118 0.048818 2 4 0.736833 70 0.263167
white
  4 -0.904185 -4.814974 56.239708 0.130654 -0.140980 0.981353 0.747118 0.048818 2 4 0.736833 70 0.263167
  4 -1.061634 -4.833759 56.263859 0.179290 0.003968 0.983788 0.748008 0.041546 2 4 0.736833 70 0.263167
  4 -0.916901 -4.885229 56.233070 0.181495 -0.164099 0.969603 0.745873 0.047905 2 4 0.736833 70 0.263167
white
  4 -0.904185 -4.814974 56.239708 0.130654 -0.140980 0.981353 0.747118 0.048818 2 4 0.736833 70 0.263167
  4 -0.916901 -4.885229 56.233070 0.181495 -0.164099 0.969603 0.745873 0.047905 2 4 0.736833 70 0.263167
  4 -0.724678 -4.878730 56.204155 0.160164 -0.314161 0.935762 0.744596 0.056722 2 4 0.736833 70 0.263167
white
  4 -1.061634 -4.833759 56.263859 0.179290 0.003968 0.983788 0.748008 0.041546 2 4 0.736833 70 0.263167
  4 -1.084118 -4.895913 56.268940 0.206131 -0.148537 0.967185 0.747426 0.040154 2 4 0.736833 70 0.263167
  4 -0.916901 -4.885229 56.233070 0.181495 -0.164099 0.969603 0.745873 0.047905 2 4 0.736833 70 0.263167
white
  4 -0.735553 -5.087346 56.149265 0.251637 -0.425543 0.869248 0.739243 0.055482 2 4 0.755720 70 0.244280
  4 -0.724678 -4.878730 56.204155 0.160164 -0.314161 0.935762 0.744596 0.056722 2 4 0.736833 70 0.263167
  4 -0.916901 -4.885229 56.233070 0.181495 -0.164099 0.969603 0.745873 0.047905 2 4 0.736833 70 0.263167
white
  4 -0.724678 -4.878730 56.204155 0.160164 -0.314161 0.935762 0.744596 0.056722 2 4 0.736833 70 0.263167
  4 -0.735553 -5.087346 56.149265 0.251637 -0.425543 0.869248 0.739243 0.055482 2 4 0.755720 70 0.244280
  4 -0.478246 -5.005584 56.079781 0.354159 -0.527642 0.772117 0.735922 0.064625 2 4 0.755720 70 0.244280
white
  4 -0.916901 -4.885229 56.233070 0.181495 -0.164099 0.969603 0.745873 0.047905 2 4 0.736833 70 0.263167
  4 -1.084118 -4.895913 56.268940 0.206131 -0.148537 0.967185 0.747426 0.040154 2 4 0.736833 70 0.263167
  4 -0.930746 -4.978865 56.215717 0.190295 -0.265180 0.945234 0.743814 0.046840 2 4 0.736833 70 0.263167
white
  4 -0.930746 -4.978865 56.215717 0.190295 -0.265180 0.945234 0.743814 0.046840 2 4 0.736833 70 0.263167
  4 -0.735553 -5.087346 56.149265 0.251637 -0.425543 0.869248 0.739243 0.055482 2 4 0.755720 70 0.244280
  4 -0.916901 -4.885229 56.233070 0.181495 -0.164099 0.969603 0.745873 0.047905 2 4 0.736833 70 0.263167
white
  4 -1.084118 -4.895913 56.268940 0.206131 -0.148537 0.967185 0.747426 0.040154 2 4 0.736833 70 0.263167
  4 -1.111073 -4.962287 56.257229 0.148449 -0.345321 0.926670 0.745994 0.038545 2 4 0.736833 70 0.263167
  4 -0.930746 -4.978865 56.215717 0.190295 -0.265180 0.945234 0.743814 0.046840 2 4 0.736833 70 0.263167
white
  4 -0.930746 -4.978865 56.215717 0.190295 -0.265180 0.945234 0.743814 0.046840 2 4 0.736833 70 0.263167
  4 -1.111073 -4.962287 56.257229 0.148449 -0.345321 0.926670 0.745994 0.038545 2 4 0.736833 70 0.263167
  4 -0.943690 -5.079781 56.181938 0.112112 -0.443897 0.889037 0.740885 0.045785 2 4 0.736833 70 0.263167
white
  4 -0.930746 -4.978865 56.215717 0.190295 -0.265180 0.945234 0.743814 0.046840 2 4 0.736833 70 0.263167
  4 -0.943690 -5.079781 56.181938 0.112112 -0.443897 0.889037 0.740885 0.045785 2 4 0.736833 70 0.263167
  4 -0.735553 -5.087346 56.149265 0.251637 -0.425543 0.869248 0.739243 0.055482 2 4 0.755720 70 0.244280
white
  4 -1.111073 -4.962287 56.257229 0.148449 -0.345321 0.926670 0.745994 0.038545 2 4 0.736833 70 0.263167
  4 -1.134194 -5.043892 56.216717 0.040943 -0.516346 0.855401 0.743000 0.037078 2 4 0.736833 70 0.263167
  4 -0.943690 -5.079781 56.181938 0.112112 -0.443897 0.889037 0.740885 0.045785 2 4 0.736833 70 0.263167
white
  4 -0.943690 -5.079781 56.181938 0.112112 -0.443897 0.889037 0.740885 0.045785 2 4 0.736833 70 0.263167
  4 -1.134194 -5.043892 56.216717 0.040943 -0.516346 0.855401 0.743000 0.037078 2 4 0.736833 70 0.263167
  4 -0.954001 -5.171758 56.126022 0.045799 -0.614985 0.787207 0.737024 0.044927 2 4 0.755720 70 0.244280
white
  4 -0.943690 -5.079781 56.181938 0.112112 -0.443897 0.889037 0.740885 0.045785 2 4 0.736833 70 0.263167
  4 -0.954001 -5.171758 56.126022 0.045799 -0.614985 0.787207 0.737024 0.044927 2 4 0.755720 70 0.244280
  4 -0.735553 -5.087346 56.149265 0.251637 -0.425543 0.869248 0.739243 0.055482 2 4 0.755720 70 0.244280
white
  4 -1.134194 -5.043892 56.216717 0.040943 -0.516346 0.855401 0.743000 0.037078 2 4 0.736833 70 0.263167
  4 -1.145385 -5.151760 56.135334 -0.036664 -0.650383 0.758721 0.737732 0.036078 2 4 0.755720 70 0.244280
  4 -0.954001 -5.171758 56.126022 0.045799 -0.614985 0.787207 0.737024 0.044927 2 4 0.755720 70 0.244280
white
  4 -0.954001 -5.171758 56.126022 0.045799 -0.614985 0.787207 0.737024 0.044927 2 4 0.755720 70 0.244280
  4 -0.749383 -5.216678 56.062473 0.275993 -0.729656 0.625644 0.733434 0.054439 2 4 0.755720 70 0.244280
  4 -0.735553 -5.087346 56.149265 0.251637 -0.425543 0.869248 0.739243 0.055482 2 4 0.755720 70 0.244280
white
  4 -0.478246 -5.005584 56.079781 0.354159 -0.527642 0.772117 0.735922 0.064625 2 4 0.755720 70 0.244280
  4 -0.735553 -5.087346 56.149265 0.251637 -0.425543 0.869248 0.739243 0.055482 2 4 0.755720 70 0.244280
  4 -0.749383 -5.216678 56.062473 0.275993 -0.729656 0.625644 0.733434 0.054439 2 4 0.755720 70 0.244280
white
  4 -0.954001 -5.171758 56.126022 0.045799 -0.614985 0.787207 0.737024 0.044927 2 4 0.755720 70 0.244280
  4 -1.145385 -5.151760 56.135334 -0.036664 -0.650383 0.758721 0.737732 0.036078 2 4 0.755720 70 0.244280
  4 -0.953807 -5.242415 56.059032 0.011882 -0.796562 0.604440 0.732929 0.044720 2 4 0.755720 70 0.244280
white
  4 -0.954001 -5.171758 56.126022 0.045799 -0.614985 0.787207 0.737024 0.044927 2 4 0.755720 70 0.244280
  4 -0.953807 -5.242415 56.059032 0.011882 -0.796562 0.604440 0.732929 0.044720 2 4 0.755720 70 0.244280
  4 -0.749383 -5.216678 56.062473 0.275993 -0.729656 0.625644 0.733434 0.054439 2 4 0.755720 70 0.244280
white
  4 -1.145385 -5.151760 56.135334 -0.036664 -0.650383 0.758721 0.737732 0.036078 2 4 0.755720 70 0.244280
  4 -1.136197 -5.244325 56.041981 -0.045868 -0.812128 0.581674 0.732101 0.036165 2 4 0.755720 70 0.244280
  4 -0.953807 -5.242415 56.059032 0.011882 -0.796562 0.604440 0.732929 0.044720 2 4 0.755720 70 0.244280
white
  4 -0.953807 -5.242415 56.059032 0.011882 -0.796562 0.604440 0.732929 0.044720 2 4 0.755720 70 0.244280
  4 -1.136197 -5.244325 56.041981 -0.045868 -0.812128 0.581674 0.732101 0.036165 2 4 0.755720 70 0.244280
  4 -1.098186 -5.280074 55.965496 -0.021415 -0.963968 0.265154 0.728018 0.037926 2 4 0.755720 70 0.244280
white
  4 -0.933725 -5.278976 55.992496 0.039261 -0.944438 0.326337 0.729293 0.045612 2 4 0.755720 70 0.244280
  4 -0.953807 -5.242415 56.059032 0.011882 -0.796562 0.604440 0.732929 0.044720 2 4 0.755720 70 0.244280
  4 -1.098186 -5.280074 55.965496 -0.021415 -0.963968 0.265154 0.728018 0.037926 2 4 0.755720 70 0.244280
white
  4 -0.749383 -5.216678 56.062473 0.275993 -0.729656 0.625644 0.733434 0.054439 2 4 0.755720 70 0.244280
  4 -0.953807 -5.242415 56.059032 0.011882 -0.796562 0.604440 0.732929 0.044720 2 4 0.755720 70 0.244280
  4 -0.933725 -5.278976 55.992496 0.039261 -0.944438 0.326337 0.729293 0.045612 2 4 0.755720 70 0.244280
white
  4 -0.933725 -5.278976 55.992496 0.039261 -0.944438 0.326337 0.729293 0.045612 2 4 0.755720 70 0.244280
  4 -1.098186 -5.280074 55.965496 -0.021415 -0.963968 0.265154 0.728018 0.037926 2 4 0.755720 70 0.244280
  4 -1.056176 -5.278552 55.908062 -0.003354 -0.984253 -0.176732 0.725327 0.040067 2 4 0.755720 70 0.244280
white
  4 -0.909571 -5.290106 55.934544 0.001407 -0.998164 0.060553 0.726382 0.046786 2 4 0.755720 70 0.244280
  4 -0.933725 -5.278976 55.992496 0.039261 -0.944438 0.326337 0.729293 0.045612 2 4 0.755720 70 0.244280
  4 -1.056176 -5.278552 55.908062 -0.003354 -0.984253 -0.176732 0.725327 0.040067 2 4 0.755720 70 0.244280
white
  4 -0.933725 -5.278976 55.992496 0.039261 -0.944438 0.326337 0.729293 0.045612 2 4 0.755720 70 0.244280
  4 -0.909571 -5.290106 55.934544 0.001407 -0.998164 0.060553 0.726382 0.046786 2 4 0.755720 70 0.244280
  4 -0.749383 -5.216678 56.062473 0.275993 -0.729656 0.625644 0.733434 0.054439 2 4 0.755720 70 0.244280
white
  4 -0.909571 -5.290106 55.934544 0.001407 -0.998164 0.060553 0.726382 0.046786 2 4 0.755720 70 0.244280
  4 -1.056176 -5.278552 55.908062 -0.003354 -0.984253 -0.176732 0.725327 0.040067 2 4 0.755720 70 0.244280
  4 -1.035293 -5.259263 55.871922 -0.061102 -0.805216 -0.589825 0.723879 0.041252 2 4 0.755720 70 0.244280
white
  4 -0.478246 -5.005584 56.079781 0.354159 -0.527642 0.772117 0.735922 0.064625 2 4 0.755720 70 0.244280
  4 -0.749383 -5.216678 56.062473 0.275993 -0.729656 0.625644 0.733434 0.054439 2 4 0.755720 70 0.244280
  4 -0.733713 -5.279945 55.947758 0.246470 -0.913851 0.322690 0.727151 0.055069 2 4 0.755720 70 0.244280
white
  4 -0.909571 -5.290106 55.934544 0.001407 -0.998164 0.060553 0.726382 0.046786 2 4 0.755720 70 0.244280
  4 -0.733713 -5.279945 55.947758 0.246470 -0.913851 0.322690 0.727151 0.055069 2 4 0.755720 70 0.244280
  4 -0.749383 -5.216678 56.062473 0.275993 -0.729656 0.625644 0.733434 0.054439 2 4 0.755720 70 0.244280
white
  4 -0.473270 -5.162562 55.889748 0.374771 -0.780449 0.500446 0.724863 0.064625 2 4 0.755720 70 0.244280
  4 -0.478246 -5.005584 56.079781 0.354159 -0.527642 0.772117 0.735922 0.064625 2 4 0.755720 70 0.244280
  4 -0.733713 -5.279945 55.947758 0.246470 -0.913851 0.322690 0.727151 0.055069 2 4 0.755720 70 0.244280
white
  4 -0.897401 -5.285373 55.891998 -0.067482 -0.965502 -0.251498 0.724465 0.047470 2 4 0.755720 70 0.244280
  4 -0.909571 -5.290106 55.934544 0.001407 -0.998164 0.060553 0.726382 0.046786 2 4 0.755720 70 0.244280
  4 -1.035293 -5.259263 55.871922 -0.061102 -0.805216 -0.589825 0.723879 0.041252 2 4 0.755720 70 0.244280
white
  4 -0.733713 -5.279945 55.947758 0.246470 -0.913851 0.322690 0.727151 0.055069 2 4 0.755720 70 0.244280
  4 -0.909571 -5.290106 55.934544 0.001407 -0.998164 0.060553 0.726382 0.046786 2 4 0.755720 70 0.244280
  4 -0.897401 -5.285373 55.891998 -0.067482 -0.965502 -0.251498 0.724465 0.047470 2 4 0.755720 70 0.244280
white
  4 -0.897401 -5.285373 55.891998 -0.067482 -0.965502 -0.251498 0.724465 0.047470 2 4 0.755720 70 0.244280
  4 -1.035293 -5.259263 55.871922 -0.061102 -0.805216 -0.589825 0.723879 0.041252 2 4 0.755720 70 0.244280
  4 -0.891932 -5.270303 55.860226 -0.120520 -0.845203 -0.520679 0.723172 0.047905 2 4 0.755720 70 0.244280
white
  4 -1.035293 -5.259263 55.871922 -0.061102 -0.805216 -0.589825 0.723879 0.041252 2 4 0.755720 70 0.244280
  4 -1.025258 -5.229718 55.849495 -0.145531 -0.524520 -0.838868 0.723210 0.041948 2 4 0.755720 70 0.244280
  4 -0.891932 -5.270303 55.860226 -0.120520 -0.845203 -0.520679 0.723172 0.047905 2 4 0.755720 70 0.244280
white
  4 -0.725495 -5.288137 55.861282 0.159999 -0.983834 0.080443 0.722955 0.055580 2 4 0.755720 70 0.244280
  4 -0.733713 -5.279945 55.947758 0.246470 -0.913851 0.322690 0.727151 0.055069 2 4 0.755720 70 0.244280
  4 -0.897401 -5.285373 55.891998 -0.067482 -0.965502 -0.251498 0.724465 0.047470 2 4 0.755720 70 0.244280
white
  4 -0.891932 -5.270303 55.860226 -0.120520 -0.845203 -0.520679 0.723172 0.047905 2 4 0.755720 70 0.244280
  4 -0.725495 -5.288137 55.861282 0.159999 -0.983834 0.080443 0.722955 0.055580 2 4 0.755720 70 0.244280
  4 -0.897401 -5.285373 55.891998 -0.067482 -0.965502 -0.251498 0.724465 0.047470 2 4 0.755720 70 0.244280
white
  4 -0.473270 -5.162562 55.889748 0.374771 -0.780449 0.500446 0.724863 0.064625 2 4 0.755720 70 0.244280
  4 -0.733713 -5.279945 55.947758 0.246470 -0.913851 0.322690 0.727151 0.055069 2 4 0.755720 70 0.244280
  4 -0.725495 -5.288137 55.861282 0.159999 -0.983834 0.080443 0.722955 0.055580 2 4 0.755720 70 0.244280
white
  4 -0.891932 -5.270303 55.860226 -0.120520 -0.845203 -0.520679 0.723172 0.047905 2 4 0.755720 70 0.244280
  4 -1.025258 -5.229718 55.849495 -0.145531 -0.524520 -0.838868 0.723210 0.041948 2 4 0.755720 70 0.244280
  4 -0.884939 -5.252196 55.832760 -0.249036 -0.878575 -0.407536 0.722132 0.048362 2 4 0.755720 70 0.244280
white
  4 -0.725495 -5.288137 55.861282 0.159999 -0.983834 0.080443 0.722955 0.055580 2 4 0.755720 70 0.244280
  4 -0.891932 -5.270303 55.860226 -0.120520 -0.845203 -0.520679 0.723172 0.047905 2 4 0.755720 70 0.244280
  4 -0.884939 -5.252196 55.832760 -0.249036 -0.878575 -0.407536 0.722132 0.048362 2 4 0.755720 70 0.244280
white
  4 -1.025258 -5.229718 55.849495 -0.145531 -0.524520 -0.838868 0.723210 0.041948 2 4 0.755720 70 0.244280
  4 -1.015699 -5.197565 55.833008 -0.295856 -0.566260 -0.769297 0.722858 0.042622 2 4 0.755720 70 0.244280
  4 -0.884939 -5.252196 55.832760 -0.249036 -0.878575 -0.407536 0.722132 0.048362 2 4 0.755720 70 0.244280
white
  4 -0.473270 -5.162562 55.889748 0.374771 -0.780449 0.500446 0.724863 0.064625 2 4 0.755720 70 0.244280
  4 -0.725495 -5.288137 55.861282 0.159999 -0.983834 0.080443 0.722955 0.055580 2 4 0.755720 70 0.244280
  4 -0.718285 -5.297155 55.784191 0.011238 -0.924821 0.380236 0.719248 0.055961 2 4 0.755720 70 0.244280
white
  4 -0.718285 -5.297155 55.784191 0.011238 -0.924821 0.380236 0.719248 0.055961 2 4 0.755720 70 0.244280
  4 -0.725495 -5.288137 55.861282 0.159999 -0.983834 0.080443 0.722955 0.055580 2 4 0.755720 70 0.244280
  4 -0.884939 -5.252196 55.832760 -0.249036 -0.878575 -0.407536 0.722132 0.048362 2 4 0.755720 70 0.244280
white
  4 -0.467744 -5.284104 55.704548 0.219038 -0.781618 0.584034 0.714559 0.064625 2 4 0.755720 70 0.244280
  4 -0.473270 -5.162562 55.889748 0.374771 -0.780449 0.500446 0.724863 0.064625 2 4 0.755720 70 0.244280
  4 -0.718285 -5.297155 55.784191 0.011238 -0.924821 0.380236 0.719248 0.055961 2 4 0.755720 70 0.244280
white
  4 -0.884939 -5.252196 55.832760 -0.249036 -0.878575 -0.407536 0.722132 0.048362 2 4 0.755720 70 0.244280
  4 -1.015699 -5.197565 55.833008 -0.295856 -0.566260 -0.769297 0.722858 0.042622 2 4 0.755720 70 0.244280
  4 -0.878623 -5.244611 55.795681 -0.422164 -0.903810 -0.070039 0.720514 0.048808 2 4 0.755720 70 0.244280
white
  4 -0.878623 -5.244611 55.795681 -0.422164 -0.903810 -0.070039 0.720514 0.048808 2 4 0.755720 70 0.244280
  4 -0.718285 -5.297155 55.784191 0.011238 -0.924821 0.380236 0.719248 0.055961 2 4 0.755720 70 0.244280
  4 -0.884939 -5.252196 55.832760 -0.249036 -0.878575 -0.407536 0.722132 0.048362 2 4 0.755720 70 0.244280
white
  4 -1.015699 -5.197565 55.833008 -0.295856 -0.566260 -0.769297 0.722858 0.042622 2 4 0.755720 70 0.244280
  4 -1.003137 -5.174568 55.803413 -0.455848 -0.758949 -0.464972 0.721766 0.043405 2 4 0.755720 70 0.244280
  4 -0.878623 -5.244611 55.795681 -0.422164 -0.903810 -0.070039 0.720514 0.048808 2 4 0.755720 70 0.244280
white
  4 -1.003137 -5.174568 55.803413 -0.455848 -0.758949 -0.464972 0.721766 0.043405 2 4 0.755720 70 0.244280
  4 -0.984119 -5.172568 55.741573 -0.559571 -0.823495 0.093466 0.718874 0.044427 2 4 0.755720 70 0.244280
  4 -0.878623 -5.244611 55.795681 -0.422164 -0.903810 -0.070039 0.720514 0.048808 2 4 0.755720 70 0.244280
white
  4 -0.984119 -5.172568 55.741573 -0.559571 -0.823495 0.093466 0.718874 0.044427 2 4 0.755720 70 0.244280
  4 -0.869914 -5.263298 55.736919 -0.465635 -0.799014 0.380473 0.717489 0.049188 2 4 0.755720 70 0.244280
  4 -0.878623 -5.244611 55.795681 -0.422164 -0.903810 -0.070039 0.720514 0.048808 2 4 0.755720 70 0.244280
white
  4 -0.878623 -5.244611 55.795681 -0.422164 -0.903810 -0.070039 0.720514 0.048808 2 4 0.755720 70 0.244280
  4 -0.869914 -5.263298 55.736919 -0.465635 -0.799014 0.380473 0.717489 0.049188 2 4 0.755720 70 0.244280
  4 -0.718285 -5.297155 55.784191 0.011238 -0.924821 0.380236 0.719248 0.055961 2 4 0.755720 70 0.244280
white
  4 -0.984119 -5.172568 55.741573 -0.559571 -0.823495 0.093466 0.718874 0.044427 2 4 0.755720 70 0.244280
  4 -0.984326 -5.200870 55.684292 -0.409428 -0.532118 0.741093 0.715832 0.044394 2 4 0.755720 70 0.244280
  4 -0.869914 -5.263298 55.736919 -0.465635 -0.799014 0.380473 0.717489 0.049188 2 4 0.755720 70 0.244280
white
  4 -0.467744 -5.284104 55.704548 0.219038 -0.781618 0.584034 0.714559 0.064625 2 4 0.755720 70 0.244280
  4 -0.718285 -5.297155 55.784191 0.011238 -0.924821 0.380236 0.719248 0.055961 2 4 0.755720 70 0.244280
  4 -0.723424 -5.379481 55.667412 -0.038741 -0.744187 0.666847 0.712655 0.055613 2 4 0.755720 70 0.244280
white
  4 -0.723424 -5.379481 55.667412 -0.038741 -0.744187 0.666847 0.712655 0.055613 2 4 0.755720 70 0.244280
  4 -0.718285 -5.297155 55.784191 0.011238 -0.924821 0.380236 0.719248 0.055961 2 4 0.755720 70 0.244280
  4 -0.869914 -5.263298 55.736919 -0.465635 -0.799014 0.380473 0.717489 0.049188 2 4 0.755720 70 0.244280
white
  4 -0.984326 -5.200870 55.684292 -0.409428 -0.532118 0.741093 0.715832 0.044394 2 4 0.755720 70 0.244280
  4 -0.872214 -5.302629 55.678795 -0.315047 -0.600788 0.734710 0.714224 0.049090 2 4 0.755720 70 0.244280
  4 -0.869914 -5.263298 55.736919 -0.465635 -0.799014 0.380473 0.717489 0.049188 2 4 0.755720 70 0.244280
white
  4 -0.872214 -5.302629 55.678795 -0.315047 -0.600788 0.734710 0.714224 0.049090 2 4 0.755720 70 0.244280
  4 -0.723424 -5.379481 55.667412 -0.038741 -0.744187 0.666847 0.712655 0.055613 2 4 0.755720 70 0.244280
  4 -0.869914 -5.263298 55.736919 -0.465635 -0.799014 0.380473 0.717489 0.049188 2 4 0.755720 70 0.244280
white
  4 -0.872214 -5.302629 55.678795 -0.315047 -0.600788 0.734710 0.714224 0.049090 2 4 0.755720 70 0.244280
  4 -0.984326 -5.200870 55.684292 -0.409428 -0.532118 0.741093 0.715832 0.044394 2 4 0.755720 70 0.244280
  4 -1.036101 -5.257109 55.668602 -0.052335 -0.237827 0.969897 0.714365 0.041731 2 4 0.755720 70 0.244280
white
  4 -0.888552 -5.359384 55.643581 -0.101883 -0.499143 0.860509 0.711886 0.048090 2 4 0.755720 70 0.244280
  4 -0.872214 -5.302629 55.678795 -0.315047 -0.600788 0.734710 0.714224 0.049090 2 4 0.755720 70 0.244280
  4 -1.036101 -5.257109 55.668602 -0.052335 -0.237827 0.969897 0.714365 0.041731 2 4 0.755720 70 0.244280
white
  4 -0.723424 -5.379481 55.667412 -0.038741 -0.744187 0.666847 0.712655 0.055613 2 4 0.755720 70 0.244280
  4 -0.872214 -5.302629 55.678795 -0.315047 -0.600788 0.734710 0.714224 0.049090 2 4 0.755720 70 0.244280
  4 -0.888552 -5.359384 55.643581 -0.101883 -0.499143 0.860509 0.711886 0.048090 2 4 0.755720 70 0.244280
white
  4 -0.888552 -5.359384 55.643581 -0.101883 -0.499143 0.860509 0.711886 0.048090 2 4 0.755720 70 0.244280
  4 -1.036101 -5.257109 55.668602 -0.052335 -0.237827 0.969897 0.714365 0.041731 2 4 0.755720 70 0.244280
  4 -1.091203 -5.303632 55.658649 -0.119347 -0.496882 0.859572 0.713289 0.038926 2 4 0.755720 70 0.244280
white
  4 -0.467744 -5.284104 55.704548 0.219038 -0.781618 0.584034 0.714559 0.064625 2 4 0.755720 70 0.244280
  4 -0.723424 -5.379481 55.667412 -0.038741 -0.744187 0.666847 0.712655 0.055613 2 4 0.755720 70 0.244280
  4 -0.718015 -5.494951 55.549183 0.032508 -0.788251 0.614494 0.706950 0.055515 2 4 0.755720 70 0.244280
white
  4 -0.718015 -5.494951 55.549183 0.032508 -0.788251 0.614494 0.706950 0.055515 2 4 0.755720 70 0.244280
  4 -0.723424 -5.379481 55.667412 -0.038741 -0.744187 0.666847 0.712655 0.055613 2 4 0.755720 70 0.244280
  4 -0.888552 -5.359384 55.643581 -0.101883 -0.499143 0.860509 0.711886 0.048090 2 4 0.755720 70 0.244280
white
  4 -0.461097 -5.500412 55.433720 0.239004 -0.902341 0.358690 0.701685 0.064625 2 4 0.755720 70 0.244280
  4 -0.467744 -5.284104 55.704548 0.219038 -0.781618 0.584034 0.714559 0.064625 2 4 0.755720 70 0.244280
  4 -0.718015 -5.494951 55.549183 0.032508 -0.788251 0.614494 0.706950 0.055515 2 4 0.755720 70 0.244280
white
  4 -0.900852 -5.431891 55.603745 -0.111720 -0.630311 0.768262 0.709608 0.047242 2 4 0.755720 70 0.244280
  4 -0.888552 -5.359384 55.643581 -0.101883 -0.499143 0.860509 0.711886 0.048090 2 4 0.755720 70 0.244280
  4 -1.091203 -5.303632 55.658649 -0.119347 -0.496882 0.859572 0.713289 0.038926 2 4 0.755720 70 0.244280
white
  4 -0.900852 -5.431891 55.603745 -0.111720 -0.630311 0.768262 0.709608 0.047242 2 4 0.755720 70 0.244280
  4 -0.718015 -5.494951 55.549183 0.032508 -0.788251 0.614494 0.706950 0.055515 2 4 0.755720 70 0.244280
  4 -0.888552 -5.359384 55.643581 -0.101883 -0.499143 0.860509 0.711886 0.048090 2 4 0.755720 70 0.244280
white
  4 -0.900852 -5.431891 55.603745 -0.111720 -0.630311 0.768262 0.709608 0.047242 2 4 0.755720 70 0.244280
  4 -1.091203 -5.303632 55.658649 -0.119347 -0.496882 0.859572 0.713289 0.038926 2 4 0.755720 70 0.244280
  4 -0.884898 -5.492097 55.540688 -0.243074 -0.922916 0.298566 0.706522 0.047873 2 4 0.755720 70 0.244280
white
  4 -0.718015 -5.494951 55.549183 0.032508 -0.788251 0.614494 0.706950 0.055515 2 4 0.755720 70 0.244280
  4 -0.900852 -5.431891 55.603745 -0.111720 -0.630311 0.768262 0.709608 0.047242 2 4 0.755720 70 0.244280
  4 -0.884898 -5.492097 55.540688 -0.243074 -0.922916 0.298566 0.706522 0.047873 2 4 0.755720 70 0.244280
white
  4 -1.091203 -5.303632 55.658649 -0.119347 -0.496882 0.859572 0.713289 0.038926 2 4 0.755720 70 0.244280
  4 -1.112876 -5.365181 55.593185 -0.223247 -0.746437 0.626891 0.709729 0.037708 2 4 0.755720 70 0.244280
  4 -0.884898 -5.492097 55.540688 -0.243074 -0.922916 0.298566 0.706522 0.047873 2 4 0.755720 70 0.244280
white
  4 -0.884898 -5.492097 55.540688 -0.243074 -0.922916 0.298566 0.706522 0.047873 2 4 0.755720 70 0.244280
  4 -1.112876 -5.365181 55.593185 -0.223247 -0.746437 0.626891 0.709729 0.037708 2 4 0.755720 70 0.244280
  4 -0.872187 -5.492764 55.467827 -0.269197 -0.915089 0.300242 0.703540 0.048666 2 4 0.755720 70 0.244280
white
  4 -0.884898 -5.492097 55.540688 -0.243074 -0.922916 0.298566 0.706522 0.047873 2 4 0.755720 70 0.244280
  4 -0.872187 -5.492764 55.467827 -0.269197 -0.915089 0.300242 0.703540 0.048666 2 4 0.755720 70 0.244280
  4 -0.718015 -5.494951 55.549183 0.032508 -0.788251 0.614494 0.706950 0.055515 2 4 0.755720 70 0.244280
white
  4 -1.112876 -5.365181 55.593185 -0.223247 -0.746437 0.626891 0.709729 0.037708 2 4 0.755720 70 0.244280
  4 -1.068587 -5.462945 55.466698 -0.144712 -0.961973 -0.231661 0.703818 0.039491 2 4 0.755720 70 0.244280
  4 -0.872187 -5.492764 55.467827 -0.269197 -0.915089 0.300242 0.703540 0.048666 2 4 0.755720 70 0.244280
white
  4 -0.872187 -5.492764 55.467827 -0.269197 -0.915089 0.300242 0.703540 0.048666 2 4 0.755720 70 0.244280
  4 -1.068587 -5.462945 55.466698 -0.144712 -0.961973 -0.231661 0.703818 0.039491 2 4 0.755720 70 0.244280
  4 -1.061851 -5.438917 55.471680 -0.219288 -0.475637 -0.851870 0.704198 0.039948 2 4 0.755720 70 0.244280
white
  4 -0.872187 -5.492764 55.467827 -0.269197 -0.915089 0.300242 0.703540 0.048666 2 4 0.755720 70 0.244280
  4 -0.715639 -5.591461 55.413780 -0.018498 -0.984739 0.173050 0.700835 0.055504 2 4 0.755720 70 0.244280
  4 -0.718015 -5.494951 55.549183 0.032508 -0.788251 0.614494 0.706950 0.055515 2 4 0.755720 70 0.244280
white
  4 -0.461097 -5.500412 55.433720 0.239004 -0.902341 0.358690 0.701685 0.064625 2 4 0.755720 70 0.244280
  4 -0.718015 -5.494951 55.549183 0.032508 -0.788251 0.614494 0.706950 0.055515 2 4 0.755720 70 0.244280
  4 -0.715639 -5.591461 55.413780 -0.018498 -0.984739 0.173050 0.700835 0.055504 2 4 0.755720 70 0.244280
white
  4 -0.863633 -5.530107 55.400360 -0.346638 -0.926980 0.143353 0.700667 0.048981 2 4 0.755720 70 0.244280
  4 -0.872187 -5.492764 55.467827 -0.269197 -0.915089 0.300242 0.703540 0.048666 2 4 0.755720 70 0.244280
  4 -1.061851 -5.438917 55.471680 -0.219288 -0.475637 -0.851870 0.704198 0.039948 2 4 0.755720 70 0.244280
white
  4 -0.715639 -5.591461 55.413780 -0.018498 -0.984739 0.173050 0.700835 0.055504 2 4 0.755720 70 0.244280
  4 -0.872187 -5.492764 55.467827 -0.269197 -0.915089 0.300242 0.703540 0.048666 2 4 0.755720 70 0.244280
  4 -0.863633 -5.530107 55.400360 -0.346638 -0.926980 0.143353 0.700667 0.048981 2 4 0.755720 70 0.244280
white
  4 -0.863633 -5.530107 55.400360 -0.346638 -0.926980 0.143353 0.700667 0.048981 2 4 0.755720 70 0.244280
  4 -1.061851 -5.438917 55.471680 -0.219288 -0.475637 -0.851870 0.704198 0.039948 2 4 0.755720 70 0.244280
  4 -1.000884 -5.481632 55.319794 -0.233041 -0.970918 -0.054870 0.697420 0.042916 2 4 0.755720 70 0.244280
white
  4 -0.461097 -5.500412 55.433720 0.239004 -0.902341 0.358690 0.701685 0.064625 2 4 0.755720 70 0.244280
  4 -0.715639 -5.591461 55.413780 -0.018498 -0.984739 0.173050 0.700835 0.055504 2 4 0.755720 70 0.244280
  4 -0.699815 -5.552673 55.261703 -0.039535 -0.953415 -0.299059 0.693844 0.056537 2 4 0.755720 70 0.244280
white
  4 -0.464535 -5.534446 55.218967 0.020200 -0.986329 -0.163544 0.691491 0.064625 2 4 0.755720 70 0.244280
  4 -0.461097 -5.500412 55.433720 0.239004 -0.902341 0.358690 0.701685 0.064625 2 4 0.755720 70 0.244280
  4 -0.699815 -5.552673 55.261703 -0.039535 -0.953415 -0.299059 0.693844 0.056537 2 4 0.755720 70 0.244280
white
  4 -0.863633 -5.530107 55.400360 -0.346638 -0.926980 0.143353 0.700667 0.048981 2 4 0.755720 70 0.244280
  4 -0.849571 -5.517431 55.284294 -0.293979 -0.911424 -0.287894 0.695334 0.049753 2 4 0.755720 70 0.244280
  4 -0.715639 -5.591461 55.413780 -0.018498 -0.984739 0.173050 0.700835 0.055504 2 4 0.755720 70 0.244280
white
  4 -0.849571 -5.517431 55.284294 -0.293979 -0.911424 -0.287894 0.695334 0.049753 2 4 0.755720 70 0.244280
  4 -0.699815 -5.552673 55.261703 -0.039535 -0.953415 -0.299059 0.693844 0.056537 2 4 0.755720 70 0.244280
  4 -0.715639 -5.591461 55.413780 -0.018498 -0.984739 0.173050 0.700835 0.055504 2 4 0.755720 70 0.244280
white
  4 -0.849571 -5.517431 55.284294 -0.293979 -0.911424 -0.287894 0.695334 0.049753 2 4 0.755720 70 0.244280
  4 -0.863633 -5.530107 55.400360 -0.346638 -0.926980 0.143353 0.700667 0.048981 2 4 0.755720 70 0.244280
  4 -1.000884 -5.481632 55.319794 -0.233041 -0.970918 -0.054870 0.697420 0.042916 2 4 0.755720 70 0.244280
white
  4 -0.464535 -5.534446 55.218967 0.020200 -0.986329 -0.163544 0.691491 0.064625 2 4 0.755720 70 0.244280
  4 -0.699815 -5.552673 55.261703 -0.039535 -0.953415 -0.299059 0.693844 0.056537 2 4 0.755720 70 0.244280
  4 -0.758918 -5.489472 55.153065 -0.086166 -0.972583 -0.216004 0.688249 0.053917 2 4 0.755720 70 0.244280
white
  4 -0.758918 -5.489472 55.153065 -0.086166 -0.972583 -0.216004 0.688249 0.053917 2 4 0.755720 70 0.244280
  4 -0.699815 -5.552673 55.261703 -0.039535 -0.953415 -0.299059 0.693844 0.056537 2 4 0.755720 70 0.244280
  4 -0.849571 -5.517431 55.284294 -0.293979 -0.911424 -0.287894 0.695334 0.049753 2 4 0.755720 70 0.244280
white
  4 -0.464535 -5.534446 55.218967 0.020200 -0.986329 -0.163544 0.691491 0.064625 2 4 0.755720 70 0.244280
  4 -0.758918 -5.489472 55.153065 -0.086166 -0.972583 -0.216004 0.688249 0.053917 2 4 0.755720 70 0.244280
  4 -0.463256 -5.457735 55.028919 -0.015204 -0.945651 -0.324828 0.680972 0.064625 2 4 0.755720 70 0.244280
white
  4 -0.849571 -5.517431 55.284294 -0.293979 -0.911424 -0.287894 0.695334 0.049753 2 4 0.755720 70 0.244280
  4 -1.000884 -5.481632 55.319794 -0.233041 -0.970918 -0.054870 0.697420 0.042916 2 4 0.755720 70 0.244280
  4 -0.891101 -5.468513 55.209373 -0.105996 -0.993246 -0.047196 0.691498 0.048264 2 4 0.755720 70 0.244280
white
  4 -0.891101 -5.468513 55.209373 -0.105996 -0.993246 -0.047196 0.691498 0.048264 2 4 0.755720 70 0.244280
  4 -0.758918 -5.489472 55.153065 -0.086166 -0.972583 -0.216004 0.688249 0.053917 2 4 0.755720 70 0.244280
  4 -0.849571 -5.517431 55.284294 -0.293979 -0.911424 -0.287894 0.695334 0.049753 2 4 0.755720 70 0.244280
white
  4 -1.000884 -5.481632 55.319794 -0.233041 -0.970918 -0.054870 0.697420 0.042916 2 4 0.755720 70 0.244280
  4 -1.012523 -5.482743 55.234573 0.083324 -0.996238 0.023799 0.693012 0.042600 2 4 0.755720 70 0.244280
  4 -0.891101 -5.468513 55.209373 -0.105996 -0.993246 -0.047196 0.691498 0.048264 2 4 0.755720 70 0.244280
white
  4 -0.891101 -5.468513 55.209373 -0.105996 -0.993246 -0.047196 0.691498 0.048264 2 4 0.755720 70 0.244280
  4 -1.012523 -5.482743 55.234573 0.083324 -0.996238 0.023799 0.693012 0.042600 2 4 0.755720 70 0.244280
  4 -0.920160 -5.479953 55.175507 0.028861 -0.996747 0.075244 0.689608 0.046786 2 4 0.755720 70 0.244280
white
  4 -0.891101 -5.468513 55.209373 -0.105996 -0.993246 -0.047196 0.691498 0.048264 2 4 0.755720 70 0.244280
  4 -0.920160 -5.479953 55.175507 0.028861 -0.996747 0.075244 0.689608 0.046786 2 4 0.755720 70 0.244280
  4 -0.758918 -5.489472 55.153065 -0.086166 -0.972583 -0.216004 0.688249 0.053917 2 4 0.755720 70 0.244280
white
  4 -1.012523 -5.482743 55.234573 0.083324 -0.996238 0.023799 0.693012 0.042600 2 4 0.755720 70 0.244280
  4 -1.047302 -5.484500 55.198887 -0.043908 -0.985181 -0.165801 0.690978 0.040926 2 4 0.755720 70 0.244280
  4 -0.920160 -5.479953 55.175507 0.028861 -0.996747 0.075244 0.689608 0.046786 2 4 0.755720 70 0.244280
white
  4 -0.935442 -5.476636 55.131821 -0.085735 -0.978875 -0.185617 0.687105 0.045927 2 4 0.755720 70 0.244280
  4 -0.920160 -5.479953 55.175507 0.028861 -0.996747 0.075244 0.689608 0.046786 2 4 0.755720 70 0.244280
  4 -1.047302 -5.484500 55.198887 -0.043908 -0.985181 -0.165801 0.690978 0.040926 2 4 0.755720 70 0.244280
white
  4 -0.920160 -5.479953 55.175507 0.028861 -0.996747 0.075244 0.689608 0.046786 2 4 0.755720 70 0.244280
  4 -0.935442 -5.476636 55.131821 -0.085735 -0.978875 -0.185617 0.687105 0.045927 2 4 0.755720 70 0.244280
  4 -0.758918 -5.489472 55.153065 -0.086166 -0.972583 -0.216004 0.688249 0.053917 2 4 0.755720 70 0.244280
white
  4 -1.073071 -5.466877 55.152084 -0.142692 -0.922322 -0.359111 0.688368 0.039730 2 4 0.755720 70 0.244280
  4 -0.935442 -5.476636 55.131821 -0.085735 -0.978875 -0.185617 0.687105 0.045927 2 4 0.755720 70 0.244280
  4 -1.047302 -5.484500 55.198887 -0.043908 -0.985181 -0.165801 0.690978 0.040926 2 4 0.755720 70 0.244280
white
  4 -0.758918 -5.489472 55.153065 -0.086166 -0.972583 -0.216004 0.688249 0.053917 2 4 0.755720 70 0.244280
  4 -0.935442 -5.476636 55.131821 -0.085735 -0.978875 -0.185617 0.687105 0.045927 2 4 0.755720 70 0.244280
  4 -0.772715 -5.487086 55.070084 -0.061925 -0.966322 -0.249774 0.683544 0.053265 2 4 0.755720 70 0.244280
white
  4 -0.758918 -5.489472 55.153065 -0.086166 -0.972583 -0.216004 0.688249 0.053917 2 4 0.755720 70 0.244280
  4 -0.772715 -5.487086 55.070084 -0.061925 -0.966322 -0.249774 0.683544 0.053265 2 4 0.755720 70 0.244280
  4 -0.463256 -5.457735 55.028919 -0.015204 -0.945651 -0.324828 0.680972 0.064625 2 4 0.755720 70 0.244280
white
  4 -0.945148 -5.461714 55.088158 -0.169230 -0.891473 -0.420283 0.684613 0.045590 2 4 0.755720 70 0.244280
  4 -0.935442 -5.476636 55.131821 -0.085735 -0.978875 -0.185617 0.687105 0.045927 2 4 0.755720 70 0.244280
  4 -1.073071 -5.466877 55.152084 -0.142692 -0.922322 -0.359111 0.688368 0.039730 2 4 0.755720 70 0.244280
white
  4 -0.772715 -5.487086 55.070084 -0.061925 -0.966322 -0.249774 0.683544 0.053265 2 4 0.755720 70 0.244280
  4 -0.935442 -5.476636 55.131821 -0.085735 -0.978875 -0.185617 0.687105 0.045927 2 4 0.755720 70 0.244280
  4 -0.945148 -5.461714 55.088158 -0.169230 -0.891473 -0.420283 0.684613 0.045590 2 4 0.755720 70 0.244280
white
  4 -1.088076 -5.441832 55.105919 -0.180870 -0.832541 -0.523605 0.685802 0.039089 2 4 0.755720 70 0.244280
  4 -0.945148 -5.461714 55.088158 -0.169230 -0.891473 -0.420283 0.684613 0.045590 2 4 0.755720 70 0.244280
  4 -1.073071 -5.466877 55.152084 -0.142692 -0.922322 -0.359111 0.688368 0.039730 2 4 0.755720 70 0.244280
white
  4 -1.088076 -5.441832 55.105919 -0.180870 -0.832541 -0.523605 0.685802 0.039089 2 4 0.755720 70 0.244280
  4 -1.090349 -5.418813 55.076763 -0.193940 -0.678420 -0.708614 0.684192 0.039056 2 4 0.755720 70 0.244280
  4 -0.945148 -5.461714 55.088158 -0.169230 -0.891473 -0.420283 0.684613 0.045590 2 4 0.755720 70 0.244280
white
  4 -1.090349 -5.418813 55.076763 -0.193940 -0.678420 -0.708614 0.684192 0.039056 2 4 0.755720 70 0.244280
  4 -0.943807 -5.443106 55.057682 -0.190462 -0.750664 -0.632636 0.682900 0.045666 2 4 0.755720 70 0.244280
  4 -0.945148 -5.461714 55.088158 -0.169230 -0.891473 -0.420283 0.684613 0.045590 2 4 0.755720 70 0.244280
white
  4 -0.945148 -5.461714 55.088158 -0.169230 -0.891473 -0.420283 0.684613 0.045590 2 4 0.755720 70 0.244280
  4 -0.943807 -5.443106 55.057682 -0.190462 -0.750664 -0.632636 0.682900 0.045666 2 4 0.755720 70 0.244280
  4 -0.772715 -5.487086 55.070084 -0.061925 -0.966322 -0.249774 0.683544 0.053265 2 4 0.755720 70 0.244280
white
  4 -1.090349 -5.418813 55.076763 -0.193940 -0.678420 -0.708614 0.684192 0.039056 2 4 0.755720 70 0.244280
  4 -1.081119 -5.387341 55.053753 -0.208349 -0.487186 -0.848081 0.682956 0.039622 2 4 0.755720 70 0.244280
  4 -0.943807 -5.443106 55.057682 -0.190462 -0.750664 -0.632636 0.682900 0.045666 2 4 0.755720 70 0.244280
white
  4 -1.081119 -5.387341 55.053753 -0.208349 -0.487186 -0.848081 0.682956 0.039622 2 4 0.755720 70 0.244280
  4 -0.936035 -5.419761 55.033585 -0.232245 -0.621746 -0.747993 0.681605 0.046025 2 4 0.755720 70 0.244280
  4 -0.943807 -5.443106 55.057682 -0.190462 -0.750664 -0.632636 0.682900 0.045666 2 4 0.755720 70 0.244280
white
  4 -0.943807 -5.443106 55.057682 -0.190462 -0.750664 -0.632636 0.682900 0.045666 2 4 0.755720 70 0.244280
  4 -0.936035 -5.419761 55.033585 -0.232245 -0.621746 -0.747993 0.681605 0.046025 2 4 0.755720 70 0.244280
  4 -0.772715 -5.487086 55.070084 -0.061925 -0.966322 -0.249774 0.683544 0.053265 2 4 0.755720 70 0.244280
white
  4 -1.081119 -5.387341 55.053753 -0.208349 -0.487186 -0.848081 0.682956 0.039622 2 4 0.755720 70 0.244280
  4 -1.061405 -5.336451 55.026474 -0.266988 -0.463403 -0.844970 0.681519 0.040774 2 4 0.755720 70 0.244280
  4 -0.936035 -5.419761 55.033585 -0.232245 -0.621746 -0.747993 0.681605 0.046025 2 4 0.755720 70 0.244280
white
  4 -0.936035 -5.419761 55.033585 -0.232245 -0.621746 -0.747993 0.681605 0.046025 2 4 0.755720 70 0.244280
  4 -0.766682 -5.461648 55.013783 -0.147067 -0.869118 -0.472235 0.680360 0.053515 2 4 0.755720 70 0.244280
  4 -0.772715 -5.487086 55.070084 -0.061925 -0.966322 -0.249774 0.683544 0.053265 2 4 0.755720 70 0.244280
white
  4 -0.463256 -5.457735 55.028919 -0.015204 -0.945651 -0.324828 0.680972 0.064625 2 4 0.755720 70 0.244280
  4 -0.772715 -5.487086 55.070084 -0.061925 -0.966322 -0.249774 0.683544 0.053265 2 4 0.755720 70 0.244280
  4 -0.766682 -5.461648 55.013783 -0.147067 -0.869118 -0.472235 0.680360 0.053515 2 4 0.755720 70 0.244280
white
  4 -1.061405 -5.336451 55.026474 -0.266988 -0.463403 -0.844970 0.681519 0.040774 2 4 0.755720 70 0.244280
  4 -0.927717 -5.389080 55.008949 -0.313748 -0.602752 -0.733657 0.680323 0.046590 2 4 0.755720 70 0.244280
  4 -0.936035 -5.419761 55.033585 -0.232245 -0.621746 -0.747993 0.681605 0.046025 2 4 0.755720 70 0.244280
white
  4 -0.936035 -5.419761 55.033585 -0.232245 -0.621746 -0.747993 0.681605 0.046025 2 4 0.755720 70 0.244280
  4 -0.927717 -5.389080 55.008949 -0.313748 -0.602752 -0.733657 0.680323 0.046590 2 4 0.755720 70 0.244280
  4 -0.766682 -5.461648 55.013783 -0.147067 -0.869118 -0.472235 0.680360 0.053515 2 4 0.755720 70 0.244280
white
  4 -1.061405 -5.336451 55.026474 -0.266988 -0.463403 -0.844970 0.681519 0.040774 2 4 0.755720 70 0.244280
  4 -1.042546 -5.287679 54.988728 -0.425174 -0.669468 -0.609131 0.679413 0.041850 2 4 0.755720 70 0.244280
  4 -0.927717 -5.389080 55.008949 -0.313748 -0.602752 -0.733657 0.680323 0.046590 2 4 0.755720 70 0.244280
white
  4 -0.463256 -5.457735 55.028919 -0.015204 -0.945651 -0.324828 0.680972 0.064625 2 4 0.755720 70 0.244280
  4 -0.766682 -5.461648 55.013783 -0.147067 -0.869118 -0.472235 0.680360 0.053515 2 4 0.755720 70 0.244280
  4 -0.759054 -5.430606 54.955536 -0.208281 -0.910969 -0.356026 0.677238 0.053765 2 4 0.755720 70 0.244280
white
  4 -0.461234 -5.410230 54.876236 -0.006760 -0.973472 -0.228704 0.672698 0.064625 2 4 0.755720 70 0.244280
  4 -0.463256 -5.457735 55.028919 -0.015204 -0.945651 -0.324828 0.680972 0.064625 2 4 0.755720 70 0.244280
  4 -0.759054 -5.430606 54.955536 -0.208281 -0.910969 -0.356026 0.677238 0.053765 2 4 0.755720 70 0.244280
white
  4 -0.927717 -5.389080 55.008949 -0.313748 -0.602752 -0.733657 0.680323 0.046590 2 4 0.755720 70 0.244280
  4 -0.918245 -5.359518 54.974369 -0.426892 -0.745761 -0.511472 0.678417 0.047079 2 4 0.755720 70 0.244280
  4 -0.766682 -5.461648 55.013783 -0.147067 -0.869118 -0.472235 0.680360 0.053515 2 4 0.755720 70 0.244280
white
  4 -1.042546 -5.287679 54.988728 -0.425174 -0.669468 -0.609131 0.679413 0.041850 2 4 0.755720 70 0.244280
  4 -0.918245 -5.359518 54.974369 -0.426892 -0.745761 -0.511472 0.678417 0.047079 2 4 0.755720 70 0.244280
  4 -0.927717 -5.389080 55.008949 -0.313748 -0.602752 -0.733657 0.680323 0.046590 2 4 0.755720 70 0.244280
white
  4 -0.918245 -5.359518 54.974369 -0.426892 -0.745761 -0.511472 0.678417 0.047079 2 4 0.755720 70 0.244280
  4 -0.759054 -5.430606 54.955536 -0.208281 -0.910969 -0.356026 0.677238 0.053765 2 4 0.755720 70 0.244280
  4 -0.766682 -5.461648 55.013783 -0.147067 -0.869118 -0.472235 0.680360 0.053515 2 4 0.755720 70 0.244280
white
  4 -1.042546 -5.287679 54.988728 -0.425174 -0.669468 -0.609131 0.679413 0.041850 2 4 0.755720 70 0.244280
  4 -1.036224 -5.261331 54.933300 -0.518237 -0.854965 0.021545 0.676117 0.042176 2 4 0.755720 70 0.244280
  4 -0.918245 -5.359518 54.974369 -0.426892 -0.745761 -0.511472 0.678417 0.047079 2 4 0.755720 70 0.244280
white
  4 -1.036224 -5.261331 54.933300 -0.518237 -0.854965 0.021545 0.676117 0.042176 2 4 0.755720 70 0.244280
  4 -0.915648 -5.337011 54.919708 -0.448732 -0.892126 -0.052451 0.675266 0.047220 2 4 0.755720 70 0.244280
  4 -0.918245 -5.359518 54.974369 -0.426892 -0.745761 -0.511472 0.678417 0.047079 2 4 0.755720 70 0.244280
white
  4 -0.918245 -5.359518 54.974369 -0.426892 -0.745761 -0.511472 0.678417 0.047079 2 4 0.755720 70 0.244280
  4 -0.915648 -5.337011 54.919708 -0.448732 -0.892126 -0.052451 0.675266 0.047220 2 4 0.755720 70 0.244280
  4 -0.759054 -5.430606 54.955536 -0.208281 -0.910969 -0.356026 0.677238 0.053765 2 4 0.755720 70 0.244280
white
  4 -1.036224 -5.261331 54.933300 -0.518237 -0.854965 0.021545 0.676117 0.042176 2 4 0.755720 70 0.244280
  4 -1.047722 -5.291061 54.874969 -0.261703 -0.689834 0.675011 0.672524 0.041350 2 4 0.755720 70 0.244280
  4 -0.915648 -5.337011 54.919708 -0.448732 -0.892126 -0.052451 0.675266 0.047220 2 4 0.755720 70 0.244280
white
  4 -0.461234 -5.410230 54.876236 -0.006760 -0.973472 -0.228704 0.672698 0.064625 2 4 0.755720 70 0.244280
  4 -0.759054 -5.430606 54.955536 -0.208281 -0.910969 -0.356026 0.677238 0.053765 2 4 0.755720 70 0.244280
  4 -0.768231 -5.404119 54.845631 -0.062841 -0.974562 0.215129 0.670850 0.053330 2 4 0.755720 70 0.244280
white
  4 -0.768231 -5.404119 54.845631 -0.062841 -0.974562 0.215129 0.670850 0.053330 2 4 0.755720 70 0.244280
  4 -0.759054 -5.430606 54.955536 -0.208281 -0.910969 -0.356026 0.677238 0.053765 2 4 0.755720 70 0.244280
  4 -0.915648 -5.337011 54.919708 -0.448732 -0.892126 -0.052451 0.675266 0.047220 2 4 0.755720 70 0.244280
white
  4 -0.461234 -5.410230 54.876236 -0.006760 -0.973472 -0.228704 0.672698 0.064625 2 4 0.755720 70 0.244280
  4 -0.768231 -5.404119 54.845631 -0.062841 -0.974562 0.215129 0.670850 0.053330 2 4 0.755720 70 0.244280
  4 -0.465299 -5.381957 54.707352 0.197734 -0.963087 -0.182661 0.663063 0.064625 2 4 0.755720 70 0.244280
white
  4 -1.047722 -5.291061 54.874969 -0.261703 -0.689834 0.675011 0.672524 0.041350 2 4 0.755720 70 0.244280
  4 -0.926146 -5.348326 54.862793 -0.257953 -0.772391 0.580406 0.671749 0.046601 2 4 0.755720 70 0.244280
  4 -0.915648 -5.337011 54.919708 -0.448732 -0.892126 -0.052451 0.675266 0.047220 2 4 0.755720 70 0.244280
white
  4 -0.926146 -5.348326 54.862793 -0.257953 -0.772391 0.580406 0.671749 0.046601 2 4 0.755720 70 0.244280
  4 -0.768231 -5.404119 54.845631 -0.062841 -0.974562 0.215129 0.670850 0.053330 2 4 0.755720 70 0.244280
  4 -0.915648 -5.337011 54.919708 -0.448732 -0.892126 -0.052451 0.675266 0.047220 2 4 0.755720 70 0.244280
white
  4 -0.951883 -5.420941 54.811260 -0.001875 -0.575454 0.817832 0.668736 0.044807 2 4 0.755720 70 0.244280
  4 -0.926146 -5.348326 54.862793 -0.257953 -0.772391 0.580406 0.671749 0.046601 2 4 0.755720 70 0.244280
  4 -1.047722 -5.291061 54.874969 -0.261703 -0.689834 0.675011 0.672524 0.041350 2 4 0.755720 70 0.244280
white
  4 -0.926146 -5.348326 54.862793 -0.257953 -0.772391 0.580406 0.671749 0.046601 2 4 0.755720 70 0.244280
  4 -0.951883 -5.420941 54.811260 -0.001875 -0.575454 0.817832 0.668736 0.044807 2 4 0.755720 70 0.244280
  4 -0.768231 -5.404119 54.845631 -0.062841 -0.974562 0.215129 0.670850 0.053330 2 4 0.755720 70 0.244280
white
  4 -1.081023 -5.411168 54.824383 0.096917 -0.458137 0.883582 0.669524 0.038969 2 4 0.755720 70 0.244280
  4 -0.951883 -5.420941 54.811260 -0.001875 -0.575454 0.817832 0.668736 0.044807 2 4 0.755720 70 0.244280
  4 -1.047722 -5.291061 54.874969 -0.261703 -0.689834 0.675011 0.672524 0.041350 2 4 0.755720 70 0.244280
white
  4 -0.768231 -5.404119 54.845631 -0.062841 -0.974562 0.215129 0.670850 0.053330 2 4 0.755720 70 0.244280
  4 -0.811505 -5.475499 54.749069 0.171648 -0.922262 0.346367 0.665383 0.050819 2 4 0.755720 70 0.244280
  4 -0.465299 -5.381957 54.707352 0.197734 -0.963087 -0.182661 0.663063 0.064625 2 4 0.755720 70 0.244280
white
  4 -0.951883 -5.420941 54.811260 -0.001875 -0.575454 0.817832 0.668736 0.044807 2 4 0.755720 70 0.244280
  4 -0.811505 -5.475499 54.749069 0.171648 -0.922262 0.346367 0.665383 0.050819 2 4 0.755720 70 0.244280
  4 -0.768231 -5.404119 54.845631 -0.062841 -0.974562 0.215129 0.670850 0.053330 2 4 0.755720 70 0.244280
white
  4 -0.981987 -5.501956 54.756447 0.214646 -0.744332 0.632374 0.665912 0.042839 2 4 0.755720 70 0.244280
  4 -0.951883 -5.420941 54.811260 -0.001875 -0.575454 0.817832 0.668736 0.044807 2 4 0.755720 70 0.244280
  4 -1.081023 -5.411168 54.824383 0.096917 -0.458137 0.883582 0.669524 0.038969 2 4 0.755720 70 0.244280
white
  4 -0.981987 -5.501956 54.756447 0.214646 -0.744332 0.632374 0.665912 0.042839 2 4 0.755720 70 0.244280
  4 -0.811505 -5.475499 54.749069 0.171648 -0.922262 0.346367 0.665383 0.050819 2 4 0.755720 70 0.244280
  4 -0.951883 -5.420941 54.811260 -0.001875 -0.575454 0.817832 0.668736 0.044807 2 4 0.755720 70 0.244280
white
  4 -1.116220 -5.536686 54.767372 0.249884 -0.718980 0.648557 0.666525 0.036360 2 4 0.755720 70 0.244280
  4 -0.981987 -5.501956 54.756447 0.214646 -0.744332 0.632374 0.665912 0.042839 2 4 0.755720 70 0.244280
  4 -1.081023 -5.411168 54.824383 0.096917 -0.458137 0.883582 0.669524 0.038969 2 4 0.755720 70 0.244280
white
  4 -0.465299 -5.381957 54.707352 0.197734 -0.963087 -0.182661 0.663063 0.064625 2 4 0.755720 70 0.244280
  4 -0.811505 -5.475499 54.749069 0.171648 -0.922262 0.346367 0.665383 0.050819 2 4 0.755720 70 0.244280
  4 -0.828187 -5.483407 54.655613 0.264320 -0.946907 -0.183036 0.660392 0.049786 2 4 0.755720 70 0.244280
white
  4 -0.828187 -5.483407 54.655613 0.264320 -0.946907 -0.183036 0.660392 0.049786 2 4 0.755720 70 0.244280
  4 -0.811505 -5.475499 54.749069 0.171648 -0.922262 0.346367 0.665383 0.050819 2 4 0.755720 70 0.244280
  4 -0.981987 -5.501956 54.756447 0.214646 -0.744332 0.632374 0.665912 0.042839 2 4 0.755720 70 0.244280
white
  4 -0.465299 -5.381957 54.707352 0.197734 -0.963087 -0.182661 0.663063 0.064625 2 4 0.755720 70 0.244280
  4 -0.828187 -5.483407 54.655613 0.264320 -0.946907 -0.183036 0.660392 0.049786 2 4 0.755720 70 0.244280
  4 -0.467622 -5.297414 54.504440 0.201644 -0.822504 -0.531815 0.653187 0.064625 2 4 0.755720 70 0.244280
white
  4 -1.000632 -5.536456 54.701477 0.313354 -0.933667 0.173422 0.662971 0.041720 2 4 0.755720 70 0.244280
  4 -0.981987 -5.501956 54.756447 0.214646 -0.744332 0.632374 0.665912 0.042839 2 4 0.755720 70 0.244280
  4 -1.116220 -5.536686 54.767372 0.249884 -0.718980 0.648557 0.666525 0.036360 2 4 0.755720 70 0.244280
white
  4 -1.000632 -5.536456 54.701477 0.313354 -0.933667 0.173422 0.662971 0.041720 2 4 0.755720 70 0.244280
  4 -0.828187 -5.483407 54.655613 0.264320 -0.946907 -0.183036 0.660392 0.049786 2 4 0.755720 70 0.244280
  4 -0.981987 -5.501956 54.756447 0.214646 -0.744332 0.632374 0.665912 0.042839 2 4 0.755720 70 0.244280
white
  4 -1.137084 -5.583729 54.698559 0.315970 -0.943875 0.096246 0.662948 0.034871 2 4 0.755720 70 0.244280
  4 -1.000632 -5.536456 54.701477 0.313354 -0.933667 0.173422 0.662971 0.041720 2 4 0.755720 70 0.244280
  4 -1.116220 -5.536686 54.767372 0.249884 -0.718980 0.648557 0.666525 0.036360 2 4 0.755720 70 0.244280
white
  4 -1.007045 -5.527149 54.632942 0.296315 -0.911665 -0.284716 0.659468 0.041328 2 4 0.755720 70 0.244280
  4 -1.000632 -5.536456 54.701477 0.313354 -0.933667 0.173422 0.662971 0.041720 2 4 0.755720 70 0.244280
  4 -1.137084 -5.583729 54.698559 0.315970 -0.943875 0.096246 0.662948 0.034871 2 4 0.755720 70 0.244280
white
  4 -1.007045 -5.527149 54.632942 0.296315 -0.911665 -0.284716 0.659468 0.041328 2 4 0.755720 70 0.244280
  4 -0.828187 -5.483407 54.655613 0.264320 -0.946907 -0.183036 0.660392 0.049786 2 4 0.755720 70 0.244280
  4 -1.000632 -5.536456 54.701477 0.313354 -0.933667 0.173422 0.662971 0.041720 2 4 0.755720 70 0.244280
white
  4 -1.145565 -5.566615 54.603603 0.313030 -0.893474 -0.322049 0.658433 0.034371 2 4 0.755720 70 0.244280
  4 -1.007045 -5.527149 54.632942 0.296315 -0.911665 -0.284716 0.659468 0.041328 2 4 0.755720 70 0.244280
  4 -1.137084 -5.583729 54.698559 0.315970 -0.943875 0.096246 0.662948 0.034871 2 4 0.755720 70 0.244280
white
  4 -1.003464 -5.479349 54.533920 0.292660 -0.819508 -0.492703 0.654957 0.041535 2 4 0.755720 70 0.244280
  4 -1.007045 -5.527149 54.632942 0.296315 -0.911665 -0.284716 0.659468 0.041328 2 4 0.755720 70 0.244280
  4 -1.145565 -5.566615 54.603603 0.313030 -0.893474 -0.322049 0.658433 0.034371 2 4 0.755720 70 0.244280
white
  4 -1.007045 -5.527149 54.632942 0.296315 -0.911665 -0.284716 0.659468 0.041328 2 4 0.755720 70 0.244280
  4 -1.003464 -5.479349 54.533920 0.292660 -0.819508 -0.492703 0.654957 0.041535 2 4 0.755720 70 0.244280
  4 -0.828187 -5.483407 54.655613 0.264320 -0.946907 -0.183036 0.660392 0.049786 2 4 0.755720 70 0.244280
white
  4 -1.142372 -5.498235 54.474155 0.316217 -0.774842 -0.547381 0.652624 0.034740 2 4 0.755720 70 0.244280
  4 -1.003464 -5.479349 54.533920 0.292660 -0.819508 -0.492703 0.654957 0.041535 2 4 0.755720 70 0.244280
  4 -1.145565 -5.566615 54.603603 0.313030 -0.893474 -0.322049 0.658433 0.034371 2 4 0.755720 70 0.244280
white
  4 -1.003464 -5.479349 54.533920 0.292660 -0.819508 -0.492703 0.654957 0.041535 2 4 0.755720 70 0.244280
  4 -0.823847 -5.407423 54.506271 0.239217 -0.764155 -0.599034 0.653472 0.050297 2 4 0.755720 70 0.244280
  4 -0.828187 -5.483407 54.655613 0.264320 -0.946907 -0.183036 0.660392 0.049786 2 4 0.755720 70 0.244280
white
  4 -0.828187 -5.483407 54.655613 0.264320 -0.946907 -0.183036 0.660392 0.049786 2 4 0.755720 70 0.244280
  4 -0.823847 -5.407423 54.506271 0.239217 -0.764155 -0.599034 0.653472 0.050297 2 4 0.755720 70 0.244280
  4 -0.467622 -5.297414 54.504440 0.201644 -0.822504 -0.531815 0.653187 0.064625 2 4 0.755720 70 0.244280
white
  4 -0.996341 -5.406177 54.444702 0.294415 -0.621444 -0.726035 0.650789 0.042329 2 4 0.755720 70 0.244280
  4 -1.003464 -5.479349 54.533920 0.292660 -0.819508 -0.492703 0.654957 0.041535 2 4 0.755720 70 0.244280
  4 -1.142372 -5.498235 54.474155 0.316217 -0.774842 -0.547381 0.652624 0.034740 2 4 0.755720 70 0.244280
white
  4 -0.996341 -5.406177 54.444702 0.294415 -0.621444 -0.726035 0.650789 0.042329 2 4 0.755720 70 0.244280
  4 -0.823847 -5.407423 54.506271 0.239217 -0.764155 -0.599034 0.653472 0.050297 2 4 0.755720 70 0.244280
  4 -1.003464 -5.479349 54.533920 0.292660 -0.819508 -0.492703 0.654957 0.041535 2 4 0.755720 70 0.244280
white
  4 -1.128796 -5.396261 54.373627 0.378552 -0.504656 -0.775899 0.647599 0.035838 2 4 0.755720 70 0.244280
  4 -0.996341 -5.406177 54.444702 0.294415 -0.621444 -0.726035 0.650789 0.042329 2 4 0.755720 70 0.244280
  4 -1.142372 -5.498235 54.474155 0.316217 -0.774842 -0.547381 0.652624 0.034740 2 4 0.755720 70 0.244280
white
  4 -1.128796 -5.396261 54.373627 0.378552 -0.504656 -0.775899 0.647599 0.035838 2 4 0.755720 70 0.244280
  4 -1.106263 -5.288559 54.341778 0.372193 -0.241523 -0.896181 0.645429 0.037502 2 4 0.755720 70 0.244280
  4 -0.996341 -5.406177 54.444702 0.294415 -0.621444 -0.726035 0.650789 0.042329 2 4 0.755720 70 0.244280
white
  4 -1.106263 -5.288559 54.341778 0.372193 -0.241523 -0.896181 0.645429 0.037502 2 4 0.755720 70 0.244280
  4 -0.972413 -5.321558 54.399578 0.220107 -0.416831 -0.881932 0.648311 0.043676 2 4 0.755720 70 0.244280
  4 -0.996341 -5.406177 54.444702 0.294415 -0.621444 -0.726035 0.650789 0.042329 2 4 0.755720 70 0.244280
white
  4 -0.996341 -5.406177 54.444702 0.294415 -0.621444 -0.726035 0.650789 0.042329 2 4 0.755720 70 0.244280
  4 -0.972413 -5.321558 54.399578 0.220107 -0.416831 -0.881932 0.648311 0.043676 2 4 0.755720 70 0.244280
  4 -0.823847 -5.407423 54.506271 0.239217 -0.764155 -0.599034 0.653472 0.050297 2 4 0.755720 70 0.244280
white
  4 -1.106263 -5.288559 54.341778 0.372193 -0.241523 -0.896181 0.645429 0.037502 2 4 0.755720 70 0.244280
  4 -1.079979 -5.182513 54.342548 0.211925 -0.094193 -0.972736 0.644890 0.039404 2 4 0.755720 70 0.244280
  4 -0.972413 -5.321558 54.399578 0.220107 -0.416831 -0.881932 0.648311 0.043676 2 4 0.755720 70 0.244280
white
  4 -0.787393 -5.295082 54.417408 0.109273 -0.610850 -0.784169 0.648911 0.052460 2 4 0.755720 70 0.244280
  4 -0.823847 -5.407423 54.506271 0.239217 -0.764155 -0.599034 0.653472 0.050297 2 4 0.755720 70 0.244280
  4 -0.972413 -5.321558 54.399578 0.220107 -0.416831 -0.881932 0.648311 0.043676 2 4 0.755720 70 0.244280
white
  4 -0.467622 -5.297414 54.504440 0.201644 -0.822504 -0.531815 0.653187 0.064625 2 4 0.755720 70 0.244280
  4 -0.823847 -5.407423 54.506271 0.239217 -0.764155 -0.599034 0.653472 0.050297 2 4 0.755720 70 0.244280
  4 -0.787393 -5.295082 54.417408 0.109273 -0.610850 -0.784169 0.648911 0.052460 2 4 0.755720 70 0.244280
white
  4 -1.079979 -5.182513 54.342548 0.211925 -0.094193 -0.972736 0.644890 0.039404 2 4 0.755720 70 0.244280
  4 -0.949703 -5.240632 54.378845 0.139931 -0.270719 -0.952434 0.646845 0.045198 2 4 0.755720 70 0.244280
  4 -0.972413 -5.321558 54.399578 0.220107 -0.416831 -0.881932 0.648311 0.043676 2 4 0.755720 70 0.244280
white
  4 -0.949703 -5.240632 54.378845 0.139931 -0.270719 -0.952434 0.646845 0.045198 2 4 0.755720 70 0.244280
  4 -0.787393 -5.295082 54.417408 0.109273 -0.610850 -0.784169 0.648911 0.052460 2 4 0.755720 70 0.244280
  4 -0.972413 -5.321558 54.399578 0.220107 -0.416831 -0.881932 0.648311 0.043676 2 4 0.755720 70 0.244280
white
  4 -0.929531 -5.171493 54.363125 -0.049973 -0.356142 -0.933095 0.645715 0.046503 2 4 0.755720 70 0.244280
  4 -0.949703 -5.240632 54.378845 0.139931 -0.270719 -0.952434 0.646845 0.045198 2 4 0.755720 70 0.244280
  4 -1.079979 -5.182513 54.342548 0.211925 -0.094193 -0.972736 0.644890 0.039404 2 4 0.755720 70 0.244280
white
  4 -0.949703 -5.240632 54.378845 0.139931 -0.270719 -0.952434 0.646845 0.045198 2 4 0.755720 70 0.244280
  4 -0.929531 -5.171493 54.363125 -0.049973 -0.356142 -0.933095 0.645715 0.046503 2 4 0.755720 70 0.244280
  4 -0.787393 -5.295082 54.417408 0.109273 -0.610850 -0.784169 0.648911 0.052460 2 4 0.755720 70 0.244280
white
  4 -1.055279 -5.081279 54.350075 -0.055806 -0.120267 -0.991172 0.644763 0.041252 2 4 0.755720 70 0.244280
  4 -0.929531 -5.171493 54.363125 -0.049973 -0.356142 -0.933095 0.645715 0.046503 2 4 0.755720 70 0.244280
  4 -1.079979 -5.182513 54.342548 0.211925 -0.094193 -0.972736 0.644890 0.039404 2 4 0.755720 70 0.244280
white
  4 -0.467622 -5.297414 54.504440 0.201644 -0.822504 -0.531815 0.653187 0.064625 2 4 0.755720 70 0.244280
  4 -0.787393 -5.295082 54.417408 0.109273 -0.610850 -0.784169 0.648911 0.052460 2 4 0.755720 70 0.244280
  4 -0.758999 -5.209182 54.341610 -0.079904 -0.785535 -0.613636 0.644741 0.053928 2 4 0.755720 70 0.244280
white
  4 -0.929531 -5.171493 54.363125 -0.049973 -0.356142 -0.933095 0.645715 0.046503 2 4 0.755720 70 0.244280
  4 -0.758999 -5.209182 54.341610 -0.079904 -0.785535 -0.613636 0.644741 0.053928 2 4 0.755720 70 0.244280
  4 -0.787393 -5.295082 54.417408 0.109273 -0.610850 -0.784169 0.648911 0.052460 2 4 0.755720 70 0.244280
white
  4 -0.466623 -5.151579 54.295219 0.108320 -0.837842 -0.535058 0.642603 0.064625 2 4 0.810803 1 0.189197
  4 -0.467622 -5.297414 54.504440 0.201644 -0.822504 -0.531815 0.653187 0.064625 2 4 0.755720 70 0.244280
  4 -0.758999 -5.209182 54.341610 -0.079904 -0.785535 -0.613636 0.644741 0.053928 2 4 0.755720 70 0.244280
white
  4 -0.915748 -5.124326 54.334618 -0.392301 -0.703515 -0.592593 0.644027 0.047460 2 4 0.755720 70 0.244280
  4 -0.929531 -5.171493 54.363125 -0.049973 -0.356142 -0.933095 0.645715 0.046503 2 4 0.755720 70 0.244280
  4 -1.055279 -5.081279 54.350075 -0.055806 -0.120267 -0.991172 0.644763 0.041252 2 4 0.755720 70 0.244280
white
  4 -0.915748 -5.124326 54.334618 -0.392301 -0.703515 -0.592593 0.644027 0.047460 2 4 0.755720 70 0.244280
  4 -0.758999 -5.209182 54.341610 -0.079904 -0.785535 -0.613636 0.644741 0.053928 2 4 0.755720 70 0.244280
  4 -0.929531 -5.171493 54.363125 -0.049973 -0.356142 -0.933095 0.645715 0.046503 2 4 0.755720 70 0.244280
white
  4 -1.036167 -5.025684 54.337864 -0.525256 -0.622179 -0.580517 0.643681 0.042578 2 4 0.755720 70 0.244280
  4 -0.915748 -5.124326 54.334618 -0.392301 -0.703515 -0.592593 0.644027 0.047460 2 4 0.755720 70 0.244280
  4 -1.055279 -5.081279 54.350075 -0.055806 -0.120267 -0.991172 0.644763 0.041252 2 4 0.755720 70 0.244280
white
  4 -0.915748 -5.124326 54.334618 -0.392301 -0.703515 -0.592593 0.644027 0.047460 2 4 0.755720 70 0.244280
  4 -1.036167 -5.025684 54.337864 -0.525256 -0.622179 -0.580517 0.643681 0.042578 2 4 0.755720 70 0.244280
  4 -1.023142 -5.048327 54.278469 -0.535640 -0.771878 0.342481 0.640286 0.042916 2 4 0.755720 70 0.244280
white
  4 -0.901516 -5.117373 54.277939 -0.355074 -0.933088 0.057176 0.640883 0.047927 2 4 0.755720 70 0.244280
  4 -0.915748 -5.124326 54.334618 -0.392301 -0.703515 -0.592593 0.644027 0.047460 2 4 0.755720 70 0.244280
  4 -1.023142 -5.048327 54.278469 -0.535640 -0.771878 0.342481 0.640286 0.042916 2 4 0.755720 70 0.244280
white
  4 -0.758999 -5.209182 54.341610 -0.079904 -0.785535 -0.613636 0.644741 0.053928 2 4 0.755720 70 0.244280
  4 -0.915748 -5.124326 54.334618 -0.392301 -0.703515 -0.592593 0.644027 0.047460 2 4 0.755720 70 0.244280
  4 -0.901516 -5.117373 54.277939 -0.355074 -0.933088 0.057176 0.640883 0.047927 2 4 0.755720 70 0.244280
white
  4 -0.901516 -5.117373 54.277939 -0.355074 -0.933088 0.057176 0.640883 0.047927 2 4 0.755720 70 0.244280
  4 -1.023142 -5.048327 54.278469 -0.535640 -0.771878 0.342481 0.640286 0.042916 2 4 0.755720 70 0.244280
  4 -1.025841 -5.117860 54.217598 -0.143120 -0.586276 0.797369 0.636867 0.042068 2 4 0.755720 70 0.244280
white
  4 -0.466623 -5.151579 54.295219 0.108320 -0.837842 -0.535058 0.642603 0.064625 2 4 0.810803 1 0.189197
  4 -0.758999 -5.209182 54.341610 -0.079904 -0.785535 -0.613636 0.644741 0.053928 2 4 0.755720 70 0.244280
  4 -0.741398 -5.157623 54.231728 0.033738 -0.974478 -0.221934 0.638411 0.054808 2 4 0.810803 1 0.189197
white
  4 -0.741398 -5.157623 54.231728 0.033738 -0.974478 -0.221934 0.638411 0.054808 2 4 0.810803 1 0.189197
  4 -0.758999 -5.209182 54.341610 -0.079904 -0.785535 -0.613636 0.644741 0.053928 2 4 0.755720 70 0.244280
  4 -0.901516 -5.117373 54.277939 -0.355074 -0.933088 0.057176 0.640883 0.047927 2 4 0.755720 70 0.244280
white
  4 -0.466623 -5.151579 54.295219 0.108320 -0.837842 -0.535058 0.642603 0.064625 2 4 0.810803 1 0.189197
  4 -0.741398 -5.157623 54.231728 0.033738 -0.974478 -0.221934 0.638411 0.054808 2 4 0.810803 1 0.189197
  4 -0.471416 -5.026709 54.100719 0.303024 -0.810528 -0.501219 0.630534 0.064625 2 4 0.810803 1 0.189197
white
  4 -0.898865 -5.137370 54.223183 -0.058654 -0.859308 0.508084 0.637671 0.047720 2 4 0.755720 70 0.244280
  4 -0.901516 -5.117373 54.277939 -0.355074 -0.933088 0.057176 0.640883 0.047927 2 4 0.755720 70 0.244280
  4 -1.025841 -5.117860 54.217598 -0.143120 -0.586276 0.797369 0.636867 0.042068 2 4 0.755720 70 0.244280
white
  4 -0.898865 -5.137370 54.223183 -0.058654 -0.859308 0.508084 0.637671 0.047720 2 4 0.755720 70 0.244280
  4 -0.741398 -5.157623 54.231728 0.033738 -0.974478 -0.221934 0.638411 0.054808 2 4 0.810803 1 0.189197
  4 -0.901516 -5.117373 54.277939 -0.355074 -0.933088 0.057176 0.640883 0.047927 2 4 0.755720 70 0.244280
white
  4 -0.916348 -5.181736 54.185070 0.136829 -0.697537 0.703364 0.635777 0.046623 2 4 0.755720 70 0.244280
  4 -0.898865 -5.137370 54.223183 -0.058654 -0.859308 0.508084 0.637671 0.047720 2 4 0.755720 70 0.244280
  4 -1.025841 -5.117860 54.217598 -0.143120 -0.586276 0.797369 0.636867 0.042068 2 4 0.755720 70 0.244280
white
  4 -1.056264 -5.213780 54.183620 0.189531 -0.534372 0.823726 0.635715 0.039839 2 4 0.755720 70 0.244280
  4 -0.916348 -5.181736 54.185070 0.136829 -0.697537 0.703364 0.635777 0.046623 2 4 0.755720 70 0.244280
  4 -1.025841 -5.117860 54.217598 -0.143120 -0.586276 0.797369 0.636867 0.042068 2 4 0.755720 70 0.244280
white
  4 -0.757053 -5.164562 54.143364 0.267209 -0.956953 -0.113313 0.633345 0.054015 2 4 0.810803 1 0.189197
  4 -0.741398 -5.157623 54.231728 0.033738 -0.974478 -0.221934 0.638411 0.054808 2 4 0.810803 1 0.189197
  4 -0.898865 -5.137370 54.223183 -0.058654 -0.859308 0.508084 0.637671 0.047720 2 4 0.755720 70 0.244280
white
  4 -0.916348 -5.181736 54.185070 0.136829 -0.697537 0.703364 0.635777 0.046623 2 4 0.755720 70 0.244280
  4 -0.757053 -5.164562 54.143364 0.267209 -0.956953 -0.113313 0.633345 0.054015 2 4 0.810803 1 0.189197
  4 -0.898865 -5.137370 54.223183 -0.058654 -0.859308 0.508084 0.637671 0.047720 2 4 0.755720 70 0.244280
white
  4 -0.741398 -5.157623 54.231728 0.033738 -0.974478 -0.221934 0.638411 0.054808 2 4 0.810803 1 0.189197
  4 -0.757053 -5.164562 54.143364 0.267209 -0.956953 -0.113313 0.633345 0.054015 2 4 0.810803 1 0.189197
  4 -0.471416 -5.026709 54.100719 0.303024 -0.810528 -0.501219 0.630534 0.064625 2 4 0.810803 1 0.189197
white
  4 -0.938248 -5.219491 54.140968 0.337061 -0.916199 0.216722 0.633733 0.045209 2 4 0.755720 70 0.244280
  4 -0.916348 -5.181736 54.185070 0.136829 -0.697537 0.703364 0.635777 0.046623 2 4 0.755720 70 0.244280
  4 -1.056264 -5.213780 54.183620 0.189531 -0.534372 0.823726 0.635715 0.039839 2 4 0.755720 70 0.244280
white
  4 -0.938248 -5.219491 54.140968 0.337061 -0.916199 0.216722 0.633733 0.045209 2 4 0.755720 70 0.244280
  4 -0.757053 -5.164562 54.143364 0.267209 -0.956953 -0.113313 0.633345 0.054015 2 4 0.810803 1 0.189197
  4 -0.916348 -5.181736 54.185070 0.136829 -0.697537 0.703364 0.635777 0.046623 2 4 0.755720 70 0.244280
white
  4 -1.095755 -5.290651 54.141876 0.423123 -0.892222 0.157821 0.634308 0.037295 2 4 0.755720 70 0.244280
  4 -0.938248 -5.219491 54.140968 0.337061 -0.916199 0.216722 0.633733 0.045209 2 4 0.755720 70 0.244280
  4 -1.056264 -5.213780 54.183620 0.189531 -0.534372 0.823726 0.635715 0.039839 2 4 0.755720 70 0.244280
white
  4 -0.471416 -5.026709 54.100719 0.303024 -0.810528 -0.501219 0.630534 0.064625 2 4 0.810803 1 0.189197
  4 -0.757053 -5.164562 54.143364 0.267209 -0.956953 -0.113313 0.633345 0.054015 2 4 0.810803 1 0.189197
  4 -0.781744 -5.110211 54.012161 0.348913 -0.800733 -0.486914 0.626458 0.052819 2 4 0.810803 1 0.189197
white
  4 -0.781744 -5.110211 54.012161 0.348913 -0.800733 -0.486914 0.626458 0.052819 2 4 0.810803 1 0.189197
  4 -0.757053 -5.164562 54.143364 0.267209 -0.956953 -0.113313 0.633345 0.054015 2 4 0.810803 1 0.189197
  4 -0.938248 -5.219491 54.140968 0.337061 -0.916199 0.216722 0.633733 0.045209 2 4 0.755720 70 0.244280
white
  4 -0.471416 -5.026709 54.100719 0.303024 -0.810528 -0.501219 0.630534 0.064625 2 4 0.810803 1 0.189197
  4 -0.781744 -5.110211 54.012161 0.348913 -0.800733 -0.486914 0.626458 0.052819 2 4 0.810803 1 0.189197
  4 -0.477517 -4.870490 53.896671 0.309785 -0.615643 -0.724580 0.618998 0.064625 2 4 0.810803 1 0.189197
white
  4 -0.960172 -5.214413 54.066555 0.416588 -0.859985 -0.294753 0.630070 0.044035 2 4 0.810803 1 0.189197
  4 -0.938248 -5.219491 54.140968 0.337061 -0.916199 0.216722 0.633733 0.045209 2 4 0.755720 70 0.244280
  4 -1.095755 -5.290651 54.141876 0.423123 -0.892222 0.157821 0.634308 0.037295 2 4 0.755720 70 0.244280
white
  4 -0.960172 -5.214413 54.066555 0.416588 -0.859985 -0.294753 0.630070 0.044035 2 4 0.810803 1 0.189197
  4 -0.781744 -5.110211 54.012161 0.348913 -0.800733 -0.486914 0.626458 0.052819 2 4 0.810803 1 0.189197
  4 -0.938248 -5.219491 54.140968 0.337061 -0.916199 0.216722 0.633733 0.045209 2 4 0.755720 70 0.244280
white
  4 -1.125767 -5.292599 54.048458 0.433160 -0.847853 -0.305808 0.630111 0.035545 2 4 0.755720 70 0.244280
  4 -0.960172 -5.214413 54.066555 0.416588 -0.859985 -0.294753 0.630070 0.044035 2 4 0.810803 1 0.189197
  4 -1.095755 -5.290651 54.141876 0.423123 -0.892222 0.157821 0.634308 0.037295 2 4 0.755720 70 0.244280
white
  4 -0.973988 -5.171304 53.974422 0.388397 -0.775495 -0.497750 0.625338 0.043372 2 4 0.810803 1 0.189197
  4 -0.960172 -5.214413 54.066555 0.416588 -0.859985 -0.294753 0.630070 0.044035 2 4 0.810803 1 0.189197
  4 -1.125767 -5.292599 54.048458 0.433160 -0.847853 -0.305808 0.630111 0.035545 2 4 0.755720 70 0.244280
white
  4 -0.973988 -5.171304 53.974422 0.388397 -0.775495 -0.497750 0.625338 0.043372 2 4 0.810803 1 0.189197
  4 -0.781744 -5.110211 54.012161 0.348913 -0.800733 -0.486914 0.626458 0.052819 2 4 0.810803 1 0.189197
  4 -0.960172 -5.214413 54.066555 0.416588 -0.859985 -0.294753 0.630070 0.044035 2 4 0.810803 1 0.189197
white
  4 -1.140796 -5.238160 53.935143 0.414092 -0.757331 -0.504952 0.624284 0.034828 2 4 0.810803 1 0.189197
  4 -0.973988 -5.171304 53.974422 0.388397 -0.775495 -0.497750 0.625338 0.043372 2 4 0.810803 1 0.189197
  4 -1.125767 -5.292599 54.048458 0.433160 -0.847853 -0.305808 0.630111 0.035545 2 4 0.755720 70 0.244280
white
  4 -0.974299 -5.100387 53.879917 0.364534 -0.694521 -0.620286 0.619984 0.043503 2 4 0.810803 1 0.189197
  4 -0.973988 -5.171304 53.974422 0.388397 -0.775495 -0.497750 0.625338 0.043372 2 4 0.810803 1 0.189197
  4 -1.140796 -5.238160 53.935143 0.414092 -0.757331 -0.504952 0.624284 0.034828 2 4 0.810803 1 0.189197
white
  4 -0.973988 -5.171304 53.974422 0.388397 -0.775495 -0.497750 0.625338 0.043372 2 4 0.810803 1 0.189197
  4 -0.974299 -5.100387 53.879917 0.364534 -0.694521 -0.620286 0.619984 0.043503 2 4 0.810803 1 0.189197
  4 -0.781744 -5.110211 54.012161 0.348913 -0.800733 -0.486914 0.626458 0.052819 2 4 0.810803 1 0.189197
white
  4 -1.134327 -5.145899 53.826801 0.399159 -0.656437 -0.640127 0.618005 0.035414 2 4 0.810803 1 0.189197
  4 -0.974299 -5.100387 53.879917 0.364534 -0.694521 -0.620286 0.619984 0.043503 2 4 0.810803 1 0.189197
  4 -1.140796 -5.238160 53.935143 0.414092 -0.757331 -0.504952 0.624284 0.034828 2 4 0.810803 1 0.189197
white
  4 -1.134327 -5.145899 53.826801 0.399159 -0.656437 -0.640127 0.618005 0.035414 2 4 0.810803 1 0.189197
  4 -1.115621 -5.035717 53.744171 0.387517 -0.491585 -0.779855 0.612871 0.036784 2 4 0.810803 1 0.189197
  4 -0.974299 -5.100387 53.879917 0.364534 -0.694521 -0.620286 0.619984 0.043503 2 4 0.810803 1 0.189197
white
  4 -0.974299 -5.100387 53.879917 0.364534 -0.694521 -0.620286 0.619984 0.043503 2 4 0.810803 1 0.189197
  4 -0.785499 -4.996282 53.861759 0.327234 -0.593241 -0.735515 0.617889 0.052906 2 4 0.810803 1 0.189197
  4 -0.781744 -5.110211 54.012161 0.348913 -0.800733 -0.486914 0.626458 0.052819 2 4 0.810803 1 0.189197
white
  4 -0.781744 -5.110211 54.012161 0.348913 -0.800733 -0.486914 0.626458 0.052819 2 4 0.810803 1 0.189197
  4 -0.785499 -4.996282 53.861759 0.327234 -0.593241 -0.735515 0.617889 0.052906 2 4 0.810803 1 0.189197
  4 -0.477517 -4.870490 53.896671 0.309785 -0.615643 -0.724580 0.618998 0.064625 2 4 0.810803 1 0.189197
white
  4 -1.115621 -5.035717 53.744171 0.387517 -0.491585 -0.779855 0.612871 0.036784 2 4 0.810803 1 0.189197
  4 -0.964547 -5.014671 53.802979 0.335587 -0.529402 -0.779176 0.615410 0.044253 2 4 0.810803 1 0.189197
  4 -0.974299 -5.100387 53.879917 0.364534 -0.694521 -0.620286 0.619984 0.043503 2 4 0.810803 1 0.189197
white
  4 -0.964547 -5.014671 53.802979 0.335587 -0.529402 -0.779176 0.615410 0.044253 2 4 0.810803 1 0.189197
  4 -0.785499 -4.996282 53.861759 0.327234 -0.593241 -0.735515 0.617889 0.052906 2 4 0.810803 1 0.189197
  4 -0.974299 -5.100387 53.879917 0.364534 -0.694521 -0.620286 0.619984 0.043503 2 4 0.810803 1 0.189197
white
  4 -1.115621 -5.035717 53.744171 0.387517 -0.491585 -0.779855 0.612871 0.036784 2 4 0.810803 1 0.189197
  4 -1.095251 -4.925028 53.709419 0.365464 -0.251189 -0.896292 0.610250 0.038317 2 4 0.810803 1 0.189197
  4 -0.964547 -5.014671 53.802979 0.335587 -0.529402 -0.779176 0.615410 0.044253 2 4 0.810803 1 0.189197
white
  4 -1.095251 -4.925028 53.709419 0.365464 -0.251189 -0.896292 0.610250 0.038317 2 4 0.810803 1 0.189197
  4 -0.947895 -4.926391 53.767014 0.356558 -0.286635 -0.889217 0.612838 0.045394 2 4 0.810803 1 0.189197
  4 -0.964547 -5.014671 53.802979 0.335587 -0.529402 -0.779176 0.615410 0.044253 2 4 0.810803 1 0.189197
white
  4 -0.964547 -5.014671 53.802979 0.335587 -0.529402 -0.779176 0.615410 0.044253 2 4 0.810803 1 0.189197
  4 -0.947895 -4.926391 53.767014 0.356558 -0.286635 -0.889217 0.612838 0.045394 2 4 0.810803 1 0.189197
  4 -0.785499 -4.996282 53.861759 0.327234 -0.593241 -0.735515 0.617889 0.052906 2 4 0.810803 1 0.189197
white
  4 -1.095251 -4.925028 53.709419 0.365464 -0.251189 -0.896292 0.610250 0.038317 2 4 0.810803 1 0.189197
  4 -1.073317 -4.820609 53.704781 0.333743 -0.100892 -0.937249 0.609125 0.039959 2 4 0.810803 1 0.189197
  4 -0.947895 -4.926391 53.767014 0.356558 -0.286635 -0.889217 0.612838 0.045394 2 4 0.810803 1 0.189197
white
  4 -1.073317 -4.820609 53.704781 0.333743 -0.100892 -0.937249 0.609125 0.039959 2 4 0.810803 1 0.189197
  4 -0.928403 -4.838464 53.755478 0.300850 -0.171716 -0.938084 0.611440 0.046753 2 4 0.810803 1 0.189197
  4 -0.947895 -4.926391 53.767014 0.356558 -0.286635 -0.889217 0.612838 0.045394 2 4 0.810803 1 0.189197
white
  4 -0.947895 -4.926391 53.767014 0.356558 -0.286635 -0.889217 0.612838 0.045394 2 4 0.810803 1 0.189197
  4 -0.928403 -4.838464 53.755478 0.300850 -0.171716 -0.938084 0.611440 0.046753 2 4 0.810803 1 0.189197
  4 -0.785499 -4.996282 53.861759 0.327234 -0.593241 -0.735515 0.617889 0.052906 2 4 0.810803 1 0.189197
white
  4 -1.073317 -4.820609 53.704781 0.333743 -0.100892 -0.937249 0.609125 0.039959 2 4 0.810803 1 0.189197
  4 -1.049249 -4.728248 53.707672 0.286773 -0.131583 -0.948919 0.608388 0.041654 2 4 0.810803 1 0.189197
  4 -0.928403 -4.838464 53.755478 0.300850 -0.171716 -0.938084 0.611440 0.046753 2 4 0.810803 1 0.189197
white
  4 -0.785499 -4.996282 53.861759 0.327234 -0.593241 -0.735515 0.617889 0.052906 2 4 0.810803 1 0.189197
  4 -0.760069 -4.864179 53.804653 0.197576 -0.365093 -0.909764 0.613776 0.054580 2 4 0.810803 1 0.189197
  4 -0.477517 -4.870490 53.896671 0.309785 -0.615643 -0.724580 0.618998 0.064625 2 4 0.810803 1 0.189197
white
  4 -0.785499 -4.996282 53.861759 0.327234 -0.593241 -0.735515 0.617889 0.052906 2 4 0.810803 1 0.189197
  4 -0.928403 -4.838464 53.755478 0.300850 -0.171716 -0.938084 0.611440 0.046753 2 4 0.810803 1 0.189197
  4 -0.760069 -4.864179 53.804653 0.197576 -0.365093 -0.909764 0.613776 0.054580 2 4 0.810803 1 0.189197
white
  4 -0.487584 -4.636088 53.742077 0.044461 -0.708502 -0.704306 0.608941 0.064625 2 4 0.810803 1 0.189197
  4 -0.477517 -4.870490 53.896671 0.309785 -0.615643 -0.724580 0.618998 0.064625 2 4 0.810803 1 0.189197
  4 -0.760069 -4.864179 53.804653 0.197576 -0.365093 -0.909764 0.613776 0.054580 2 4 0.810803 1 0.189197
white
  4 -1.049249 -4.728248 53.707672 0.286773 -0.131583 -0.948919 0.608388 0.041654 2 4 0.810803 1 0.189197
  4 -0.908181 -4.751147 53.751427 0.226215 -0.178004 -0.957675 0.610395 0.048166 2 4 0.810803 1 0.189197
  4 -0.928403 -4.838464 53.755478 0.300850 -0.171716 -0.938084 0.611440 0.046753 2 4 0.810803 1 0.189197
white
  4 -0.760069 -4.864179 53.804653 0.197576 -0.365093 -0.909764 0.613776 0.054580 2 4 0.810803 1 0.189197
  4 -0.928403 -4.838464 53.755478 0.300850 -0.171716 -0.938084 0.611440 0.046753 2 4 0.810803 1 0.189197
  4 -0.908181 -4.751147 53.751427 0.226215 -0.178004 -0.957675 0.610395 0.048166 2 4 0.810803 1 0.189197
white
  4 -1.049249 -4.728248 53.707672 0.286773 -0.131583 -0.948919 0.608388 0.041654 2 4 0.810803 1 0.189197
  4 -1.031636 -4.654876 53.697426 0.214119 -0.408302 -0.887379 0.606993 0.042981 2 4 0.810803 1 0.189197
  4 -0.908181 -4.751147 53.751427 0.226215 -0.178004 -0.957675 0.610395 0.048166 2 4 0.810803 1 0.189197
white
  4 -0.732624 -4.705723 53.768730 0.045392 -0.404004 -0.913630 0.610397 0.056483 2 4 0.810803 1 0.189197
  4 -0.487584 -4.636088 53.742077 0.044461 -0.708502 -0.704306 0.608941 0.064625 2 4 0.810803 1 0.189197
  4 -0.760069 -4.864179 53.804653 0.197576 -0.365093 -0.909764 0.613776 0.054580 2 4 0.810803 1 0.189197
white
  4 -0.732624 -4.705723 53.768730 0.045392 -0.404004 -0.913630 0.610397 0.056483 2 4 0.810803 1 0.189197
  4 -0.760069 -4.864179 53.804653 0.197576 -0.365093 -0.909764 0.613776 0.054580 2 4 0.810803 1 0.189197
  4 -0.908181 -4.751147 53.751427 0.226215 -0.178004 -0.957675 0.610395 0.048166 2 4 0.810803 1 0.189197
white
  4 -1.031636 -4.654876 53.697426 0.214119 -0.408302 -0.887379 0.606993 0.042981 2 4 0.810803 1 0.189197
  4 -0.892614 -4.670163 53.734932 0.145714 -0.407233 -0.901625 0.608695 0.049319 2 4 0.810803 1 0.189197
  4 -0.908181 -4.751147 53.751427 0.226215 -0.178004 -0.957675 0.610395 0.048166 2 4 0.810803 1 0.189197
white
  4 -0.892614 -4.670163 53.734932 0.145714 -0.407233 -0.901625 0.608695 0.049319 2 4 0.810803 1 0.189197
  4 -0.732624 -4.705723 53.768730 0.045392 -0.404004 -0.913630 0.610397 0.056483 2 4 0.810803 1 0.189197
  4 -0.908181 -4.751147 53.751427 0.226215 -0.178004 -0.957675 0.610395 0.048166 2 4 0.810803 1 0.189197
white
  4 -0.887230 -4.595096 53.684265 0.077514 -0.690002 -0.719645 0.605286 0.049884 2 4 0.810803 1 0.189197
  4 -0.892614 -4.670163 53.734932 0.145714 -0.407233 -0.901625 0.608695 0.049319 2 4 0.810803 1 0.189197
  4 -1.031636 -4.654876 53.697426 0.214119 -0.408302 -0.887379 0.606993 0.042981 2 4 0.810803 1 0.189197
white
  4 -0.892614 -4.670163 53.734932 0.145714 -0.407233 -0.901625 0.608695 0.049319 2 4 0.810803 1 0.189197
  4 -0.887230 -4.595096 53.684265 0.077514 -0.690002 -0.719645 0.605286 0.049884 2 4 0.810803 1 0.189197
  4 -0.732624 -4.705723 53.768730 0.045392 -0.404004 -0.913630 0.610397 0.056483 2 4 0.810803 1 0.189197
white
  4 -1.024759 -4.596578 53.654556 0.172954 -0.733877 -0.656895 0.603893 0.043524 2 4 0.810803 1 0.189197
  4 -0.887230 -4.595096 53.684265 0.077514 -0.690002 -0.719645 0.605286 0.049884 2 4 0.810803 1 0.189197
  4 -1.031636 -4.654876 53.697426 0.214119 -0.408302 -0.887379 0.606993 0.042981 2 4 0.810803 1 0.189197
white
  4 -0.487584 -4.636088 53.742077 0.044461 -0.708502 -0.704306 0.608941 0.064625 2 4 0.810803 1 0.189197
  4 -0.732624 -4.705723 53.768730 0.045392 -0.404004 -0.913630 0.610397 0.056483 2 4 0.810803 1 0.189197
  4 -0.723742 -4.568402 53.652042 -0.018737 -0.922482 -0.385585 0.603097 0.057178 2 4 0.810803 1 0.189197
white
  4 -0.887230 -4.595096 53.684265 0.077514 -0.690002 -0.719645 0.605286 0.049884 2 4 0.810803 1 0.189197
  4 -0.723742 -4.568402 53.652042 -0.018737 -0.922482 -0.385585 0.603097 0.057178 2 4 0.810803 1 0.189197
  4 -0.732624 -4.705723 53.768730 0.045392 -0.404004 -0.913630 0.610397 0.056483 2 4 0.810803 1 0.189197
white
  4 -0.487584 -4.636088 53.742077 0.044461 -0.708502 -0.704306 0.608941 0.064625 2 4 0.810803 1 0.189197
  4 -0.723742 -4.568402 53.652042 -0.018737 -0.922482 -0.385585 0.603097 0.057178 2 4 0.810803 1 0.189197
  4 -0.481421 -4.554796 53.523460 0.126851 -0.982273 -0.138016 0.597258 0.064625 2 4 0.810803 1 0.189197
white
  4 -0.886080 -4.548408 53.621933 0.011002 -0.957620 -0.287823 0.601396 0.049884 2 4 0.810803 1 0.189197
  4 -0.887230 -4.595096 53.684265 0.077514 -0.690002 -0.719645 0.605286 0.049884 2 4 0.810803 1 0.189197
  4 -1.024759 -4.596578 53.654556 0.172954 -0.733877 -0.656895 0.603893 0.043524 2 4 0.810803 1 0.189197
white
  4 -0.886080 -4.548408 53.621933 0.011002 -0.957620 -0.287823 0.601396 0.049884 2 4 0.810803 1 0.189197
  4 -0.723742 -4.568402 53.652042 -0.018737 -0.922482 -0.385585 0.603097 0.057178 2 4 0.810803 1 0.189197
  4 -0.887230 -4.595096 53.684265 0.077514 -0.690002 -0.719645 0.605286 0.049884 2 4 0.810803 1 0.189197
white
  4 -1.025219 -4.562915 53.596840 0.150003 -0.968073 -0.200831 0.600193 0.043372 2 4 0.810803 1 0.189197
  4 -0.886080 -4.548408 53.621933 0.011002 -0.957620 -0.287823 0.601396 0.049884 2 4 0.810803 1 0.189197
  4 -1.024759 -4.596578 53.654556 0.172954 -0.733877 -0.656895 0.603893 0.043524 2 4 0.810803 1 0.189197
white
  4 -0.723742 -4.568402 53.652042 -0.018737 -0.922482 -0.385585 0.603097 0.057178 2 4 0.810803 1 0.189197
  4 -0.738645 -4.580243 53.538013 -0.002151 -0.952362 0.304963 0.597323 0.056015 2 4 0.810803 1 0.189197
  4 -0.481421 -4.554796 53.523460 0.126851 -0.982273 -0.138016 0.597258 0.064625 2 4 0.810803 1 0.189197
white
  4 -0.738645 -4.580243 53.538013 -0.002151 -0.952362 0.304963 0.597323 0.056015 2 4 0.810803 1 0.189197
  4 -0.723742 -4.568402 53.652042 -0.018737 -0.922482 -0.385585 0.603097 0.057178 2 4 0.810803 1 0.189197
  4 -0.886080 -4.548408 53.621933 0.011002 -0.957620 -0.287823 0.601396 0.049884 2 4 0.810803 1 0.189197
white
  4 -0.891711 -4.548203 53.564873 -0.038544 -0.971883 0.232288 0.598257 0.049351 2 4 0.810803 1 0.189197
  4 -0.886080 -4.548408 53.621933 0.011002 -0.957620 -0.287823 0.601396 0.049884 2 4 0.810803 1 0.189197
  4 -1.025219 -4.562915 53.596840 0.150003 -0.968073 -0.200831 0.600193 0.043372 2 4 0.810803 1 0.189197
white
  4 -0.891711 -4.548203 53.564873 -0.038544 -0.971883 0.232288 0.598257 0.049351 2 4 0.810803 1 0.189197
  4 -0.738645 -4.580243 53.538013 -0.002151 -0.952362 0.304963 0.597323 0.056015 2 4 0.810803 1 0.189197
  4 -0.886080 -4.548408 53.621933 0.011002 -0.957620 -0.287823 0.601396 0.049884 2 4 0.810803 1 0.189197
white
  4 -1.034687 -4.566966 53.541691 0.080168 -0.925093 0.371182 0.596997 0.042622 2 4 0.810803 1 0.189197
  4 -0.891711 -4.548203 53.564873 -0.038544 -0.971883 0.232288 0.598257 0.049351 2 4 0.810803 1 0.189197
  4 -1.025219 -4.562915 53.596840 0.150003 -0.968073 -0.200831 0.600193 0.043372 2 4 0.810803 1 0.189197
white
  4 -0.904214 -4.578043 53.512566 -0.000374 -0.821940 0.569574 0.595724 0.048373 2 4 0.810803 1 0.189197
  4 -0.891711 -4.548203 53.564873 -0.038544 -0.971883 0.232288 0.598257 0.049351 2 4 0.810803 1 0.189197
  4 -1.034687 -4.566966 53.541691 0.080168 -0.925093 0.371182 0.596997 0.042622 2 4 0.810803 1 0.189197
white
  4 -0.904214 -4.578043 53.512566 -0.000374 -0.821940 0.569574 0.595724 0.048373 2 4 0.810803 1 0.189197
  4 -0.738645 -4.580243 53.538013 -0.002151 -0.952362 0.304963 0.597323 0.056015 2 4 0.810803 1 0.189197
  4 -0.891711 -4.548203 53.564873 -0.038544 -0.971883 0.232288 0.598257 0.049351 2 4 0.810803 1 0.189197
white
  4 -1.050497 -4.601649 53.492126 0.068692 -0.683502 0.726709 0.594560 0.041415 2 4 0.810803 1 0.189197
  4 -0.904214 -4.578043 53.512566 -0.000374 -0.821940 0.569574 0.595724 0.048373 2 4 0.810803 1 0.189197
  4 -1.034687 -4.566966 53.541691 0.080168 -0.925093 0.371182 0.596997 0.042622 2 4 0.810803 1 0.189197
white
  4 -0.481421 -4.554796 53.523460 0.126851 -0.982273 -0.138016 0.597258 0.064625 2 4 0.810803 1 0.189197
  4 -0.738645 -4.580243 53.538013 -0.002151 -0.952362 0.304963 0.597323 0.056015 2 4 0.810803 1 0.189197
  4 -0.770944 -4.637155 53.434872 0.198244 -0.872355 0.446874 0.592610 0.053873 2 4 0.810803 1 0.189197
white
  4 -0.770944 -4.637155 53.434872 0.198244 -0.872355 0.446874 0.592610 0.053873 2 4 0.810803 1 0.189197
  4 -0.738645 -4.580243 53.538013 -0.002151 -0.952362 0.304963 0.597323 0.056015 2 4 0.810803 1 0.189197
  4 -0.904214 -4.578043 53.512566 -0.000374 -0.821940 0.569574 0.595724 0.048373 2 4 0.810803 1 0.189197
white
  4 -0.481421 -4.554796 53.523460 0.126851 -0.982273 -0.138016 0.597258 0.064625 2 4 0.810803 1 0.189197
  4 -0.770944 -4.637155 53.434872 0.198244 -0.872355 0.446874 0.592610 0.053873 2 4 0.810803 1 0.189197
  4 -0.474000 -4.514752 53.343666 0.355322 -0.856208 -0.375039 0.587789 0.064625 2 4 0.810803 1 0.189197
white
  4 -0.922523 -4.621563 53.465466 0.070393 -0.689561 0.720799 0.593662 0.047057 2 4 0.810803 1 0.189197
  4 -0.904214 -4.578043 53.512566 -0.000374 -0.821940 0.569574 0.595724 0.048373 2 4 0.810803 1 0.189197
  4 -1.050497 -4.601649 53.492126 0.068692 -0.683502 0.726709 0.594560 0.041415 2 4 0.810803 1 0.189197
white
  4 -0.922523 -4.621563 53.465466 0.070393 -0.689561 0.720799 0.593662 0.047057 2 4 0.810803 1 0.189197
  4 -0.770944 -4.637155 53.434872 0.198244 -0.872355 0.446874 0.592610 0.053873 2 4 0.810803 1 0.189197
  4 -0.904214 -4.578043 53.512566 -0.000374 -0.821940 0.569574 0.595724 0.048373 2 4 0.810803 1 0.189197
white
  4 -1.070869 -4.661580 53.454922 0.138338 -0.522967 0.841052 0.593141 0.039872 2 4 0.796871 1 0.203129
  4 -0.922523 -4.621563 53.465466 0.070393 -0.689561 0.720799 0.593662 0.047057 2 4 0.810803 1 0.189197
  4 -1.050497 -4.601649 53.492126 0.068692 -0.683502 0.726709 0.594560 0.041415 2 4 0.810803 1 0.189197
white
  4 -0.943240 -4.674589 53.422482 0.179633 -0.642739 0.744727 0.591980 0.045612 2 4 0.810803 1 0.189197
  4 -0.922523 -4.621563 53.465466 0.070393 -0.689561 0.720799 0.593662 0.047057 2 4 0.810803 1 0.189197
  4 -1.070869 -4.661580 53.454922 0.138338 -0.522967 0.841052 0.593141 0.039872 2 4 0.796871 1 0.203129
white
  4 -0.943240 -4.674589 53.422482 0.179633 -0.642739 0.744727 0.591980 0.045612 2 4 0.810803 1 0.189197
  4 -0.770944 -4.637155 53.434872 0.198244 -0.872355 0.446874 0.592610 0.053873 2 4 0.810803 1 0.189197
  4 -0.922523 -4.621563 53.465466 0.070393 -0.689561 0.720799 0.593662 0.047057 2 4 0.810803 1 0.189197
white
  4 -1.093265 -4.732786 53.421135 0.215143 -0.540102 0.813636 0.592113 0.038219 2 4 0.796871 1 0.203129
  4 -0.943240 -4.674589 53.422482 0.179633 -0.642739 0.744727 0.591980 0.045612 2 4 0.810803 1 0.189197
  4 -1.070869 -4.661580 53.454922 0.138338 -0.522967 0.841052 0.593141 0.039872 2 4 0.796871 1 0.203129
white
  4 -0.770944 -4.637155 53.434872 0.198244 -0.872355 0.446874 0.592610 0.053873 2 4 0.810803 1 0.189197
  4 -0.801319 -4.691320 53.354294 0.380510 -0.922288 -0.067795 0.589075 0.051928 2 4 0.810803 1 0.189197
  4 -0.474000 -4.514752 53.343666 0.355322 -0.856208 -0.375039 0.587789 0.064625 2 4 0.810803 1 0.189197
white
  4 -0.801319 -4.691320 53.354294 0.380510 -0.922288 -0.067795 0.589075 0.051928 2 4 0.810803 1 0.189197
  4 -0.770944 -4.637155 53.434872 0.198244 -0.872355 0.446874 0.592610 0.053873 2 4 0.810803 1 0.189197
  4 -0.943240 -4.674589 53.422482 0.179633 -0.642739 0.744727 0.591980 0.045612 2 4 0.810803 1 0.189197
white
  4 -0.962714 -4.731020 53.383663 0.292410 -0.750000 0.593293 0.590591 0.044231 2 4 0.796871 1 0.203129
  4 -0.943240 -4.674589 53.422482 0.179633 -0.642739 0.744727 0.591980 0.045612 2 4 0.810803 1 0.189197
  4 -1.093265 -4.732786 53.421135 0.215143 -0.540102 0.813636 0.592113 0.038219 2 4 0.796871 1 0.203129
white
  4 -0.962714 -4.731020 53.383663 0.292410 -0.750000 0.593293 0.590591 0.044231 2 4 0.796871 1 0.203129
  4 -0.801319 -4.691320 53.354294 0.380510 -0.922288 -0.067795 0.589075 0.051928 2 4 0.810803 1 0.189197
  4 -0.943240 -4.674589 53.422482 0.179633 -0.642739 0.744727 0.591980 0.045612 2 4 0.810803 1 0.189197
white
  4 -1.113516 -4.800857 53.378799 0.354450 -0.791196 0.498371 0.590847 0.036654 2 4 0.796871 1 0.203129
  4 -0.962714 -4.731020 53.383663 0.292410 -0.750000 0.593293 0.590591 0.044231 2 4 0.796871 1 0.203129
  4 -1.093265 -4.732786 53.421135 0.215143 -0.540102 0.813636 0.592113 0.038219 2 4 0.796871 1 0.203129
white
  4 -0.980909 -4.758855 53.331322 0.436465 -0.892861 -0.110891 0.588524 0.043002 2 4 0.796871 1 0.203129
  4 -0.962714 -4.731020 53.383663 0.292410 -0.750000 0.593293 0.590591 0.044231 2 4 0.796871 1 0.203129
  4 -1.113516 -4.800857 53.378799 0.354450 -0.791196 0.498371 0.590847 0.036654 2 4 0.796871 1 0.203129
white
  4 -0.980909 -4.758855 53.331322 0.436465 -0.892861 -0.110891 0.588524 0.043002 2 4 0.796871 1 0.203129
  4 -0.801319 -4.691320 53.354294 0.380510 -0.922288 -0.067795 0.589075 0.051928 2 4 0.810803 1 0.189197
  4 -0.962714 -4.731020 53.383663 0.292410 -0.750000 0.593293 0.590591 0.044231 2 4 0.796871 1 0.203129
white
  4 -1.132726 -4.834266 53.316792 0.485893 -0.866006 -0.118077 0.588462 0.035262 2 4 0.796871 1 0.203129
  4 -0.980909 -4.758855 53.331322 0.436465 -0.892861 -0.110891 0.588524 0.043002 2 4 0.796871 1 0.203129
  4 -1.113516 -4.800857 53.378799 0.354450 -0.791196 0.498371 0.590847 0.036654 2 4 0.796871 1 0.203129
white
  4 -0.474000 -4.514752 53.343666 0.355322 -0.856208 -0.375039 0.587789 0.064625 2 4 0.810803 1 0.189197
  4 -0.801319 -4.691320 53.354294 0.380510 -0.922288 -0.067795 0.589075 0.051928 2 4 0.810803 1 0.189197
  4 -0.817636 -4.588827 53.238884 0.395713 -0.762077 -0.512493 0.582411 0.051123 2 4 0.810803 1 0.189197
white
  4 -0.817636 -4.588827 53.238884 0.395713 -0.762077 -0.512493 0.582411 0.051123 2 4 0.810803 1 0.189197
  4 -0.801319 -4.691320 53.354294 0.380510 -0.922288 -0.067795 0.589075 0.051928 2 4 0.810803 1 0.189197
  4 -0.980909 -4.758855 53.331322 0.436465 -0.892861 -0.110891 0.588524 0.043002 2 4 0.796871 1 0.203129
white
  4 -0.474000 -4.514752 53.343666 0.355322 -0.856208 -0.375039 0.587789 0.064625 2 4 0.810803 1 0.189197
  4 -0.817636 -4.588827 53.238884 0.395713 -0.762077 -0.512493 0.582411 0.051123 2 4 0.810803 1 0.189197
  4 -0.470530 -4.389982 53.167511 0.356566 -0.737110 -0.574046 0.577736 0.064625 2 4 0.810803 1 0.189197
white
  4 -0.998289 -4.723092 53.261951 0.468230 -0.719008 -0.513602 0.584810 0.042046 2 4 0.796871 1 0.203129
  4 -0.980909 -4.758855 53.331322 0.436465 -0.892861 -0.110891 0.588524 0.043002 2 4 0.796871 1 0.203129
  4 -1.132726 -4.834266 53.316792 0.485893 -0.866006 -0.118077 0.588462 0.035262 2 4 0.796871 1 0.203129
white
  4 -0.998289 -4.723092 53.261951 0.468230 -0.719008 -0.513602 0.584810 0.042046 2 4 0.796871 1 0.203129
  4 -0.817636 -4.588827 53.238884 0.395713 -0.762077 -0.512493 0.582411 0.051123 2 4 0.810803 1 0.189197
  4 -0.980909 -4.758855 53.331322 0.436465 -0.892861 -0.110891 0.588524 0.043002 2 4 0.796871 1 0.203129
white
  4 -1.151222 -4.810428 53.233192 0.531865 -0.745051 -0.402515 0.584072 0.034110 2 4 0.796871 1 0.203129
  4 -0.998289 -4.723092 53.261951 0.468230 -0.719008 -0.513602 0.584810 0.042046 2 4 0.796871 1 0.203129
  4 -1.132726 -4.834266 53.316792 0.485893 -0.866006 -0.118077 0.588462 0.035262 2 4 0.796871 1 0.203129
white
  4 -1.002501 -4.665240 53.187962 0.498519 -0.743142 -0.446340 0.580438 0.041796 2 4 0.796871 1 0.203129
  4 -0.998289 -4.723092 53.261951 0.468230 -0.719008 -0.513602 0.584810 0.042046 2 4 0.796871 1 0.203129
  4 -1.151222 -4.810428 53.233192 0.531865 -0.745051 -0.402515 0.584072 0.034110 2 4 0.796871 1 0.203129
white
  4 -1.002501 -4.665240 53.187962 0.498519 -0.743142 -0.446340 0.580438 0.041796 2 4 0.796871 1 0.203129
  4 -0.817636 -4.588827 53.238884 0.395713 -0.762077 -0.512493 0.582411 0.051123 2 4 0.810803 1 0.189197
  4 -0.998289 -4.723092 53.261951 0.468230 -0.719008 -0.513602 0.584810 0.042046 2 4 0.796871 1 0.203129
white
  4 -1.154720 -4.759706 53.141697 0.569315 -0.733368 -0.371553 0.578773 0.033806 2 4 0.796871 1 0.203129
  4 -1.002501 -4.665240 53.187962 0.498519 -0.743142 -0.446340 0.580438 0.041796 2 4 0.796871 1 0.203129
  4 -1.151222 -4.810428 53.233192 0.531865 -0.745051 -0.402515 0.584072 0.034110 2 4 0.796871 1 0.203129
white
  4 -0.817636 -4.588827 53.238884 0.395713 -0.762077 -0.512493 0.582411 0.051123 2 4 0.810803 1 0.189197
  4 -0.777936 -4.522003 53.135864 0.384660 -0.746783 -0.542542 0.576508 0.052873 2 4 0.810803 1 0.189197
  4 -0.470530 -4.389982 53.167511 0.356566 -0.737110 -0.574046 0.577736 0.064625 2 4 0.810803 1 0.189197
white
  4 -0.817636 -4.588827 53.238884 0.395713 -0.762077 -0.512493 0.582411 0.051123 2 4 0.810803 1 0.189197
  4 -1.002501 -4.665240 53.187962 0.498519 -0.743142 -0.446340 0.580438 0.041796 2 4 0.796871 1 0.203129
  4 -0.777936 -4.522003 53.135864 0.384660 -0.746783 -0.542542 0.576508 0.052873 2 4 0.810803 1 0.189197
white
  4 -0.981865 -4.619672 53.117695 0.493802 -0.773053 -0.398180 0.576363 0.042698 2 4 0.796871 1 0.203129
  4 -1.002501 -4.665240 53.187962 0.498519 -0.743142 -0.446340 0.580438 0.041796 2 4 0.796871 1 0.203129
  4 -1.154720 -4.759706 53.141697 0.569315 -0.733368 -0.371553 0.578773 0.033806 2 4 0.796871 1 0.203129
white
  4 -0.777936 -4.522003 53.135864 0.384660 -0.746783 -0.542542 0.576508 0.052873 2 4 0.810803 1 0.189197
  4 -1.002501 -4.665240 53.187962 0.498519 -0.743142 -0.446340 0.580438 0.041796 2 4 0.796871 1 0.203129
  4 -0.981865 -4.619672 53.117695 0.493802 -0.773053 -0.398180 0.576363 0.042698 2 4 0.796871 1 0.203129
white
  4 -1.129965 -4.702887 53.050011 0.578144 -0.725941 -0.372502 0.573463 0.034925 2 4 0.796871 1 0.203129
  4 -0.981865 -4.619672 53.117695 0.493802 -0.773053 -0.398180 0.576363 0.042698 2 4 0.796871 1 0.203129
  4 -1.154720 -4.759706 53.141697 0.569315 -0.733368 -0.371553 0.578773 0.033806 2 4 0.796871 1 0.203129
white
  4 -1.129965 -4.702887 53.050011 0.578144 -0.725941 -0.372502 0.573463 0.034925 2 4 0.796871 1 0.203129
  4 -1.095339 -4.628210 52.982502 0.579846 -0.559432 -0.592295 0.569343 0.036676 2 4 0.796871 1 0.203129
  4 -0.981865 -4.619672 53.117695 0.493802 -0.773053 -0.398180 0.576363 0.042698 2 4 0.796871 1 0.203129
white
  4 -1.095339 -4.628210 52.982502 0.579846 -0.559432 -0.592295 0.569343 0.036676 2 4 0.796871 1 0.203129
  4 -0.951758 -4.568684 53.059605 0.477553 -0.627117 -0.615360 0.572952 0.044133 2 4 0.796871 1 0.203129
  4 -0.981865 -4.619672 53.117695 0.493802 -0.773053 -0.398180 0.576363 0.042698 2 4 0.796871 1 0.203129
white
  4 -0.777936 -4.522003 53.135864 0.384660 -0.746783 -0.542542 0.576508 0.052873 2 4 0.810803 1 0.189197
  4 -0.981865 -4.619672 53.117695 0.493802 -0.773053 -0.398180 0.576363 0.042698 2 4 0.796871 1 0.203129
  4 -0.951758 -4.568684 53.059605 0.477553 -0.627117 -0.615360 0.572952 0.044133 2 4 0.796871 1 0.203129
white
  4 -1.095339 -4.628210 52.982502 0.579846 -0.559432 -0.592295 0.569343 0.036676 2 4 0.796871 1 0.203129
  4 -1.070666 -4.520297 52.960110 0.484966 -0.229710 -0.843825 0.567418 0.038197 2 4 0.796871 1 0.203129
  4 -0.951758 -4.568684 53.059605 0.477553 -0.627117 -0.615360 0.572952 0.044133 2 4 0.796871 1 0.203129
white
  4 -1.070666 -4.520297 52.960110 0.484966 -0.229710 -0.843825 0.567418 0.038197 2 4 0.796871 1 0.203129
  4 -0.926925 -4.497107 53.026764 0.437093 -0.367130 -0.821076 0.570698 0.045459 2 4 0.796871 1 0.203129
  4 -0.951758 -4.568684 53.059605 0.477553 -0.627117 -0.615360 0.572952 0.044133 2 4 0.796871 1 0.203129
white
  4 -0.951758 -4.568684 53.059605 0.477553 -0.627117 -0.615360 0.572952 0.044133 2 4 0.796871 1 0.203129
  4 -0.926925 -4.497107 53.026764 0.437093 -0.367130 -0.821076 0.570698 0.045459 2 4 0.796871 1 0.203129
  4 -0.777936 -4.522003 53.135864 0.384660 -0.746783 -0.542542 0.576508 0.052873 2 4 0.810803 1 0.189197
white
  4 -1.070666 -4.520297 52.960110 0.484966 -0.229710 -0.843825 0.567418 0.038197 2 4 0.796871 1 0.203129
  4 -1.050717 -4.402188 52.962921 0.344668 -0.059498 -0.936837 0.566753 0.039611 2 4 0.796871 1 0.203129
  4 -0.926925 -4.497107 53.026764 0.437093 -0.367130 -0.821076 0.570698 0.045459 2 4 0.796871 1 0.203129
white
  4 -1.050717 -4.402188 52.962921 0.344668 -0.059498 -0.936837 0.566753 0.039611 2 4 0.796871 1 0.203129
  4 -0.907374 -4.421124 53.008747 0.282070 -0.290828 -0.914251 0.569186 0.046590 2 4 0.796871 1 0.203129
  4 -0.926925 -4.497107 53.026764 0.437093 -0.367130 -0.821076 0.570698 0.045459 2 4 0.796871 1 0.203129
white
  4 -0.926925 -4.497107 53.026764 0.437093 -0.367130 -0.821076 0.570698 0.045459 2 4 0.796871 1 0.203129
  4 -0.907374 -4.421124 53.008747 0.282070 -0.290828 -0.914251 0.569186 0.046590 2 4 0.796871 1 0.203129
  4 -0.777936 -4.522003 53.135864 0.384660 -0.746783 -0.542542 0.576508 0.052873 2 4 0.810803 1 0.189197
white
  4 -1.050717 -4.402188 52.962921 0.344668 -0.059498 -0.936837 0.566753 0.039611 2 4 0.796871 1 0.203129
  4 -1.029834 -4.297493 52.970749 0.101904 -0.163223 -0.981312 0.566427 0.041046 2 4 0.796871 1 0.203129
  4 -0.907374 -4.421124 53.008747 0.282070 -0.290828 -0.914251 0.569186 0.046590 2 4 0.796871 1 0.203129
white
  4 -0.470530 -4.389982 53.167511 0.356566 -0.737110 -0.574046 0.577736 0.064625 2 4 0.810803 1 0.189197
  4 -0.777936 -4.522003 53.135864 0.384660 -0.746783 -0.542542 0.576508 0.052873 2 4 0.810803 1 0.189197
  4 -0.739015 -4.435358 53.061371 0.243101 -0.659065 -0.711712 0.571971 0.054721 2 4 0.810803 1 0.189197
white
  4 -0.907374 -4.421124 53.008747 0.282070 -0.290828 -0.914251 0.569186 0.046590 2 4 0.796871 1 0.203129
  4 -0.739015 -4.435358 53.061371 0.243101 -0.659065 -0.711712 0.571971 0.054721 2 4 0.810803 1 0.189197
  4 -0.777936 -4.522003 53.135864 0.384660 -0.746783 -0.542542 0.576508 0.052873 2 4 0.810803 1 0.189197
white
  4 -0.470530 -4.389982 53.167511 0.356566 -0.737110 -0.574046 0.577736 0.064625 2 4 0.810803 1 0.189197
  4 -0.739015 -4.435358 53.061371 0.243101 -0.659065 -0.711712 0.571971 0.054721 2 4 0.810803 1 0.189197
  4 -0.467703 -4.237716 52.999523 0.251662 -0.718960 -0.647891 0.567939 0.064625 2 4 0.810803 1 0.189197
white
  4 -1.029834 -4.297493 52.970749 0.101904 -0.163223 -0.981312 0.566427 0.041046 2 4 0.796871 1 0.203129
  4 -0.892746 -4.356831 52.995361 0.078448 -0.344053 -0.935667 0.568012 0.047438 2 4 0.810803 1 0.189197
  4 -0.907374 -4.421124 53.008747 0.282070 -0.290828 -0.914251 0.569186 0.046590 2 4 0.796871 1 0.203129
white
  4 -0.907374 -4.421124 53.008747 0.282070 -0.290828 -0.914251 0.569186 0.046590 2 4 0.796871 1 0.203129
  4 -0.892746 -4.356831 52.995361 0.078448 -0.344053 -0.935667 0.568012 0.047438 2 4 0.810803 1 0.189197
  4 -0.739015 -4.435358 53.061371 0.243101 -0.659065 -0.711712 0.571971 0.054721 2 4 0.810803 1 0.189197
white
  4 -0.883051 -4.293525 52.968334 -0.068276 -0.488988 -0.869614 0.566148 0.047971 2 4 0.810803 1 0.189197
  4 -0.892746 -4.356831 52.995361 0.078448 -0.344053 -0.935667 0.568012 0.047438 2 4 0.810803 1 0.189197
  4 -1.029834 -4.297493 52.970749 0.101904 -0.163223 -0.981312 0.566427 0.041046 2 4 0.796871 1 0.203129
white
  4 -1.015201 -4.216247 52.954868 -0.162359 -0.562712 -0.810552 0.564989 0.041948 2 4 0.796871 1 0.203129
  4 -0.883051 -4.293525 52.968334 -0.068276 -0.488988 -0.869614 0.566148 0.047971 2 4 0.810803 1 0.189197
  4 -1.029834 -4.297493 52.970749 0.101904 -0.163223 -0.981312 0.566427 0.041046 2 4 0.796871 1 0.203129
white
  4 -0.892746 -4.356831 52.995361 0.078448 -0.344053 -0.935667 0.568012 0.047438 2 4 0.810803 1 0.189197
  4 -0.726045 -4.355651 52.996025 0.134241 -0.603883 -0.785687 0.568009 0.055319 2 4 0.810803 1 0.189197
  4 -0.739015 -4.435358 53.061371 0.243101 -0.659065 -0.711712 0.571971 0.054721 2 4 0.810803 1 0.189197
white
  4 -0.739015 -4.435358 53.061371 0.243101 -0.659065 -0.711712 0.571971 0.054721 2 4 0.810803 1 0.189197
  4 -0.726045 -4.355651 52.996025 0.134241 -0.603883 -0.785687 0.568009 0.055319 2 4 0.810803 1 0.189197
  4 -0.467703 -4.237716 52.999523 0.251662 -0.718960 -0.647891 0.567939 0.064625 2 4 0.810803 1 0.189197
white
  4 -0.883051 -4.293525 52.968334 -0.068276 -0.488988 -0.869614 0.566148 0.047971 2 4 0.810803 1 0.189197
  4 -0.726045 -4.355651 52.996025 0.134241 -0.603883 -0.785687 0.568009 0.055319 2 4 0.810803 1 0.189197
  4 -0.892746 -4.356831 52.995361 0.078448 -0.344053 -0.935667 0.568012 0.047438 2 4 0.810803 1 0.189197
white
  4 -0.467703 -4.237716 52.999523 0.251662 -0.718960 -0.647891 0.567939 0.064625 2 4 0.810803 1 0.189197
  4 -0.726045 -4.355651 52.996025 0.134241 -0.603883 -0.785687 0.568009 0.055319 2 4 0.810803 1 0.189197
  4 -0.711130 -4.195406 52.882931 0.102386 -0.835499 -0.539868 0.561071 0.056004 2 4 0.810803 1 0.189197
white
  4 -0.711130 -4.195406 52.882931 0.102386 -0.835499 -0.539868 0.561071 0.056004 2 4 0.810803 1 0.189197
  4 -0.726045 -4.355651 52.996025 0.134241 -0.603883 -0.785687 0.568009 0.055319 2 4 0.810803 1 0.189197
  4 -0.883051 -4.293525 52.968334 -0.068276 -0.488988 -0.869614 0.566148 0.047971 2 4 0.810803 1 0.189197
white
  4 -0.467703 -4.237716 52.999523 0.251662 -0.718960 -0.647891 0.567939 0.064625 2 4 0.810803 1 0.189197
  4 -0.711130 -4.195406 52.882931 0.102386 -0.835499 -0.539868 0.561071 0.056004 2 4 0.810803 1 0.189197
  4 -0.460994 -4.108466 52.806385 0.250070 -0.910024 -0.330639 0.557053 0.064625 2 4 0.811096 1 0.188904
white
  4 -0.877213 -4.218872 52.904163 -0.115540 -0.737449 -0.665447 0.562323 0.048177 2 4 0.810803 1 0.189197
  4 -0.883051 -4.293525 52.968334 -0.068276 -0.488988 -0.869614 0.566148 0.047971 2 4 0.810803 1 0.189197
  4 -1.015201 -4.216247 52.954868 -0.162359 -0.562712 -0.810552 0.564989 0.041948 2 4 0.796871 1 0.203129
white
  4 -0.877213 -4.218872 52.904163 -0.115540 -0.737449 -0.665447 0.562323 0.048177 2 4 0.810803 1 0.189197
  4 -0.711130 -4.195406 52.882931 0.102386 -0.835499 -0.539868 0.561071 0.056004 2 4 0.810803 1 0.189197
  4 -0.883051 -4.293525 52.968334 -0.068276 -0.488988 -0.869614 0.566148 0.047971 2 4 0.810803 1 0.189197
white
  4 -1.011374 -4.162935 52.875565 -0.157891 -0.915725 -0.369483 0.560485 0.041850 2 4 0.796871 1 0.203129
  4 -0.877213 -4.218872 52.904163 -0.115540 -0.737449 -0.665447 0.562323 0.048177 2 4 0.810803 1 0.189197
  4 -1.015201 -4.216247 52.954868 -0.162359 -0.562712 -0.810552 0.564989 0.041948 2 4 0.796871 1 0.203129
white
  4 -0.874954 -4.167820 52.830269 -0.093473 -0.980500 -0.172868 0.558162 0.048101 2 4 0.810803 1 0.189197
  4 -0.877213 -4.218872 52.904163 -0.115540 -0.737449 -0.665447 0.562323 0.048177 2 4 0.810803 1 0.189197
  4 -1.011374 -4.162935 52.875565 -0.157891 -0.915725 -0.369483 0.560485 0.041850 2 4 0.796871 1 0.203129
white
  4 -0.874954 -4.167820 52.830269 -0.093473 -0.980500 -0.172868 0.558162 0.048101 2 4 0.810803 1 0.189197
  4 -0.711130 -4.195406 52.882931 0.102386 -0.835499 -0.539868 0.561071 0.056004 2 4 0.810803 1 0.189197
  4 -0.877213 -4.218872 52.904163 -0.115540 -0.737449 -0.665447 0.562323 0.048177 2 4 0.810803 1 0.189197
white
  4 -1.016236 -4.155628 52.782173 -0.105120 -0.916205 0.386676 0.555583 0.041187 2 4 0.796871 1 0.203129
  4 -0.874954 -4.167820 52.830269 -0.093473 -0.980500 -0.172868 0.558162 0.048101 2 4 0.810803 1 0.189197
  4 -1.011374 -4.162935 52.875565 -0.157891 -0.915725 -0.369483 0.560485 0.041850 2 4 0.796871 1 0.203129
white
  4 -0.711130 -4.195406 52.882931 0.102386 -0.835499 -0.539868 0.561071 0.056004 2 4 0.810803 1 0.189197
  4 -0.715687 -4.179784 52.798866 0.148460 -0.987923 -0.044346 0.556599 0.055515 2 4 0.810803 1 0.189197
  4 -0.460994 -4.108466 52.806385 0.250070 -0.910024 -0.330639 0.557053 0.064625 2 4 0.811096 1 0.188904
white
  4 -0.715687 -4.179784 52.798866 0.148460 -0.987923 -0.044346 0.556599 0.055515 2 4 0.810803 1 0.189197
  4 -0.711130 -4.195406 52.882931 0.102386 -0.835499 -0.539868 0.561071 0.056004 2 4 0.810803 1 0.189197
  4 -0.874954 -4.167820 52.830269 -0.093473 -0.980500 -0.172868 0.558162 0.048101 2 4 0.810803 1 0.189197
white
  4 -0.880043 -4.178094 52.781071 -0.107967 -0.851562 0.513016 0.555659 0.047623 2 4 0.810803 1 0.189197
  4 -0.874954 -4.167820 52.830269 -0.093473 -0.980500 -0.172868 0.558162 0.048101 2 4 0.810803 1 0.189197
  4 -1.016236 -4.155628 52.782173 -0.105120 -0.916205 0.386676 0.555583 0.041187 2 4 0.796871 1 0.203129
white
  4 -0.880043 -4.178094 52.781071 -0.107967 -0.851562 0.513016 0.555659 0.047623 2 4 0.810803 1 0.189197
  4 -0.715687 -4.179784 52.798866 0.148460 -0.987923 -0.044346 0.556599 0.055515 2 4 0.810803 1 0.189197
  4 -0.874954 -4.167820 52.830269 -0.093473 -0.980500 -0.172868 0.558162 0.048101 2 4 0.810803 1 0.189197
white
  4 -1.028326 -4.207734 52.728027 -0.132970 -0.516938 0.845632 0.553050 0.040198 2 4 0.796871 1 0.203129
  4 -0.880043 -4.178094 52.781071 -0.107967 -0.851562 0.513016 0.555659 0.047623 2 4 0.810803 1 0.189197
  4 -1.016236 -4.155628 52.782173 -0.105120 -0.916205 0.386676 0.555583 0.041187 2 4 0.796871 1 0.203129
white
  4 -0.890417 -4.215770 52.746021 0.042572 -0.719912 0.692759 0.554044 0.046883 2 4 0.810803 1 0.189197
  4 -0.880043 -4.178094 52.781071 -0.107967 -0.851562 0.513016 0.555659 0.047623 2 4 0.810803 1 0.189197
  4 -1.028326 -4.207734 52.728027 -0.132970 -0.516938 0.845632 0.553050 0.040198 2 4 0.796871 1 0.203129
white
  4 -0.890417 -4.215770 52.746021 0.042572 -0.719912 0.692759 0.554044 0.046883 2 4 0.810803 1 0.189197
  4 -0.715687 -4.179784 52.798866 0.148460 -0.987923 -0.044346 0.556599 0.055515 2 4 0.810803 1 0.189197
  4 -0.880043 -4.178094 52.781071 -0.107967 -0.851562 0.513016 0.555659 0.047623 2 4 0.810803 1 0.189197
white
  4 -1.045511 -4.282154 52.695812 -0.051387 -0.408425 0.911344 0.551777 0.039035 2 4 0.796871 1 0.203129
  4 -0.890417 -4.215770 52.746021 0.042572 -0.719912 0.692759 0.554044 0.046883 2 4 0.810803 1 0.189197
  4 -1.028326 -4.207734 52.728027 -0.132970 -0.516938 0.845632 0.553050 0.040198 2 4 0.796871 1 0.203129
white
  4 -0.460994 -4.108466 52.806385 0.250070 -0.910024 -0.330639 0.557053 0.064625 2 4 0.811096 1 0.188904
  4 -0.715687 -4.179784 52.798866 0.148460 -0.987923 -0.044346 0.556599 0.055515 2 4 0.810803 1 0.189197
  4 -0.729571 -4.183343 52.713512 0.315060 -0.944278 -0.095267 0.552145 0.054548 2 4 0.810803 1 0.189197
white
  4 -0.729571 -4.183343 52.713512 0.315060 -0.944278 -0.095267 0.552145 0.054548 2 4 0.810803 1 0.189197
  4 -0.715687 -4.179784 52.798866 0.148460 -0.987923 -0.044346 0.556599 0.055515 2 4 0.810803 1 0.189197
  4 -0.890417 -4.215770 52.746021 0.042572 -0.719912 0.692759 0.554044 0.046883 2 4 0.810803 1 0.189197
white
  4 -0.460994 -4.108466 52.806385 0.250070 -0.910024 -0.330639 0.557053 0.064625 2 4 0.811096 1 0.188904
  4 -0.729571 -4.183343 52.713512 0.315060 -0.944278 -0.095267 0.552145 0.054548 2 4 0.810803 1 0.189197
  4 -0.451426 -4.039955 52.555435 0.326296 -0.897779 -0.295844 0.543454 0.064625 2 4 0.811096 1 0.188904
white
  4 -0.902821 -4.247477 52.714676 0.263198 -0.836648 0.480362 0.552576 0.046090 2 4 0.810803 1 0.189197
  4 -0.890417 -4.215770 52.746021 0.042572 -0.719912 0.692759 0.554044 0.046883 2 4 0.810803 1 0.189197
  4 -1.045511 -4.282154 52.695812 -0.051387 -0.408425 0.911344 0.551777 0.039035 2 4 0.796871 1 0.203129
white
  4 -0.902821 -4.247477 52.714676 0.263198 -0.836648 0.480362 0.552576 0.046090 2 4 0.810803 1 0.189197
  4 -0.729571 -4.183343 52.713512 0.315060 -0.944278 -0.095267 0.552145 0.054548 2 4 0.810803 1 0.189197
  4 -0.890417 -4.215770 52.746021 0.042572 -0.719912 0.692759 0.554044 0.046883 2 4 0.810803 1 0.189197
white
  4 -1.063800 -4.343163 52.669548 0.367038 -0.770111 0.521739 0.550728 0.037871 2 4 0.796871 1 0.203129
  4 -0.902821 -4.247477 52.714676 0.263198 -0.836648 0.480362 0.552576 0.046090 2 4 0.810803 1 0.189197
  4 -1.045511 -4.282154 52.695812 -0.051387 -0.408425 0.911344 0.551777 0.039035 2 4 0.796871 1 0.203129
white
  4 -0.915979 -4.261005 52.670231 0.473734 -0.879088 -0.052730 0.550297 0.045242 2 4 0.810803 1 0.189197
  4 -0.902821 -4.247477 52.714676 0.263198 -0.836648 0.480362 0.552576 0.046090 2 4 0.810803 1 0.189197
  4 -1.063800 -4.343163 52.669548 0.367038 -0.770111 0.521739 0.550728 0.037871 2 4 0.796871 1 0.203129
white
  4 -0.915979 -4.261005 52.670231 0.473734 -0.879088 -0.052730 0.550297 0.045242 2 4 0.810803 1 0.189197
  4 -0.729571 -4.183343 52.713512 0.315060 -0.944278 -0.095267 0.552145 0.054548 2 4 0.810803 1 0.189197
  4 -0.902821 -4.247477 52.714676 0.263198 -0.836648 0.480362 0.552576 0.046090 2 4 0.810803 1 0.189197
white
  4 -1.084202 -4.374002 52.628208 0.563087 -0.816809 -0.125522 0.548686 0.036632 2 4 0.796871 1 0.203129
  4 -0.915979 -4.261005 52.670231 0.473734 -0.879088 -0.052730 0.550297 0.045242 2 4 0.810803 1 0.189197
  4 -1.063800 -4.343163 52.669548 0.367038 -0.770111 0.521739 0.550728 0.037871 2 4 0.796871 1 0.203129
white
  4 -0.729571 -4.183343 52.713512 0.315060 -0.944278 -0.095267 0.552145 0.054548 2 4 0.810803 1 0.189197
  4 -0.730447 -4.141343 52.559193 0.361282 -0.885562 -0.291984 0.543756 0.054058 2 4 0.810803 1 0.189197
  4 -0.451426 -4.039955 52.555435 0.326296 -0.897779 -0.295844 0.543454 0.064625 2 4 0.811096 1 0.188904
white
  4 -0.730447 -4.141343 52.559193 0.361282 -0.885562 -0.291984 0.543756 0.054058 2 4 0.810803 1 0.189197
  4 -0.729571 -4.183343 52.713512 0.315060 -0.944278 -0.095267 0.552145 0.054548 2 4 0.810803 1 0.189197
  4 -0.915979 -4.261005 52.670231 0.473734 -0.879088 -0.052730 0.550297 0.045242 2 4 0.810803 1 0.189197
white
  4 -0.927539 -4.243633 52.594185 0.492804 -0.819007 -0.293889 0.546151 0.044416 2 4 0.810803 1 0.189197
  4 -0.915979 -4.261005 52.670231 0.473734 -0.879088 -0.052730 0.550297 0.045242 2 4 0.810803 1 0.189197
  4 -1.084202 -4.374002 52.628208 0.563087 -0.816809 -0.125522 0.548686 0.036632 2 4 0.796871 1 0.203129
white
  4 -0.927539 -4.243633 52.594185 0.492804 -0.819007 -0.293889 0.546151 0.044416 2 4 0.810803 1 0.189197
  4 -0.730447 -4.141343 52.559193 0.361282 -0.885562 -0.291984 0.543756 0.054058 2 4 0.810803 1 0.189197
  4 -0.915979 -4.261005 52.670231 0.473734 -0.879088 -0.052730 0.550297 0.045242 2 4 0.810803 1 0.189197
white
  4 -1.107071 -4.358162 52.550495 0.550232 -0.758588 -0.348981 0.544409 0.035230 2 4 0.796871 1 0.203129
  4 -0.927539 -4.243633 52.594185 0.492804 -0.819007 -0.293889 0.546151 0.044416 2 4 0.810803 1 0.189197
  4 -1.084202 -4.374002 52.628208 0.563087 -0.816809 -0.125522 0.548686 0.036632 2 4 0.796871 1 0.203129
white
  4 -0.928287 -4.210392 52.509193 0.471368 -0.822135 -0.319226 0.541430 0.044111 2 4 0.810803 1 0.189197
  4 -0.927539 -4.243633 52.594185 0.492804 -0.819007 -0.293889 0.546151 0.044416 2 4 0.810803 1 0.189197
  4 -1.107071 -4.358162 52.550495 0.550232 -0.758588 -0.348981 0.544409 0.035230 2 4 0.796871 1 0.203129
white
  4 -0.927539 -4.243633 52.594185 0.492804 -0.819007 -0.293889 0.546151 0.044416 2 4 0.810803 1 0.189197
  4 -0.928287 -4.210392 52.509193 0.471368 -0.822135 -0.319226 0.541430 0.044111 2 4 0.810803 1 0.189197
  4 -0.730447 -4.141343 52.559193 0.361282 -0.885562 -0.291984 0.543756 0.054058 2 4 0.810803 1 0.189197
white
  4 -1.113380 -4.316444 52.462097 0.529200 -0.775305 -0.344745 0.539361 0.034632 2 4 0.718750 1 0.281250
  4 -0.928287 -4.210392 52.509193 0.471368 -0.822135 -0.319226 0.541430 0.044111 2 4 0.810803 1 0.189197
  4 -1.107071 -4.358162 52.550495 0.550232 -0.758588 -0.348981 0.544409 0.035230 2 4 0.796871 1 0.203129
white
  4 -0.908376 -4.168554 52.425362 0.449268 -0.825528 -0.341558 0.536645 0.044829 2 4 0.734514 1 0.265486
  4 -0.928287 -4.210392 52.509193 0.471368 -0.822135 -0.319226 0.541430 0.044111 2 4 0.810803 1 0.189197
  4 -1.113380 -4.316444 52.462097 0.529200 -0.775305 -0.344745 0.539361 0.034632 2 4 0.718750 1 0.281250
white
  4 -0.730447 -4.141343 52.559193 0.361282 -0.885562 -0.291984 0.543756 0.054058 2 4 0.810803 1 0.189197
  4 -0.928287 -4.210392 52.509193 0.471368 -0.822135 -0.319226 0.541430 0.044111 2 4 0.810803 1 0.189197
  4 -0.908376 -4.168554 52.425362 0.449268 -0.825528 -0.341558 0.536645 0.044829 2 4 0.734514 1 0.265486
white
  4 -1.081622 -4.256360 52.354958 0.530192 -0.780477 -0.331288 0.533608 0.035904 2 4 0.718750 1 0.281250
  4 -0.908376 -4.168554 52.425362 0.449268 -0.825528 -0.341558 0.536645 0.044829 2 4 0.734514 1 0.265486
  4 -1.113380 -4.316444 52.462097 0.529200 -0.775305 -0.344745 0.539361 0.034632 2 4 0.718750 1 0.281250
white
  4 -1.081622 -4.256360 52.354958 0.530192 -0.780477 -0.331288 0.533608 0.035904 2 4 0.718750 1 0.281250
  4 -1.035361 -4.176517 52.262787 0.550137 -0.646680 -0.528350 0.528973 0.037991 2 4 0.718750 1 0.281250
  4 -0.908376 -4.168554 52.425362 0.449268 -0.825528 -0.341558 0.536645 0.044829 2 4 0.734514 1 0.265486
white
  4 -0.451426 -4.039955 52.555435 0.326296 -0.897779 -0.295844 0.543454 0.064625 2 4 0.811096 1 0.188904
  4 -0.730447 -4.141343 52.559193 0.361282 -0.885562 -0.291984 0.543756 0.054058 2 4 0.810803 1 0.189197
  4 -0.708051 -4.083058 52.426323 0.321279 -0.863680 -0.388375 0.536315 0.054797 2 4 0.734514 1 0.265486
white
  4 -0.730447 -4.141343 52.559193 0.361282 -0.885562 -0.291984 0.543756 0.054058 2 4 0.810803 1 0.189197
  4 -0.908376 -4.168554 52.425362 0.449268 -0.825528 -0.341558 0.536645 0.044829 2 4 0.734514 1 0.265486
  4 -0.708051 -4.083058 52.426323 0.321279 -0.863680 -0.388375 0.536315 0.054797 2 4 0.734514 1 0.265486
white
  4 -0.451426 -4.039955 52.555435 0.326296 -0.897779 -0.295844 0.543454 0.064625 2 4 0.811096 1 0.188904
  4 -0.708051 -4.083058 52.426323 0.321279 -0.863680 -0.388375 0.536315 0.054797 2 4 0.734514 1 0.265486
  4 -0.443689 -3.955643 52.345360 0.270622 -0.909101 -0.316701 0.532232 0.064625 2 4 0.735629 1 0.264371
white
  4 -1.035361 -4.176517 52.262787 0.550137 -0.646680 -0.528350 0.528973 0.037991 2 4 0.718750 1 0.281250
  4 -0.881063 -4.117806 52.345581 0.436621 -0.725785 -0.531600 0.532581 0.045981 2 4 0.734514 1 0.265486
  4 -0.908376 -4.168554 52.425362 0.449268 -0.825528 -0.341558 0.536645 0.044829 2 4 0.734514 1 0.265486
white
  4 -0.881063 -4.117806 52.345581 0.436621 -0.725785 -0.531600 0.532581 0.045981 2 4 0.734514 1 0.265486
  4 -0.708051 -4.083058 52.426323 0.321279 -0.863680 -0.388375 0.536315 0.054797 2 4 0.734514 1 0.265486
  4 -0.908376 -4.168554 52.425362 0.449268 -0.825528 -0.341558 0.536645 0.044829 2 4 0.734514 1 0.265486
white
  4 -1.035361 -4.176517 52.262787 0.550137 -0.646680 -0.528350 0.528973 0.037991 2 4 0.718750 1 0.281250
  4 -0.997721 -4.074479 52.235134 0.485044 -0.339902 -0.805728 0.527293 0.039861 2 4 0.718750 1 0.281250
  4 -0.881063 -4.117806 52.345581 0.436621 -0.725785 -0.531600 0.532581 0.045981 2 4 0.734514 1 0.265486
white
  4 -0.997721 -4.074479 52.235134 0.485044 -0.339902 -0.805728 0.527293 0.039861 2 4 0.718750 1 0.281250
  4 -0.859546 -4.058771 52.298603 0.321827 -0.556672 -0.765861 0.530172 0.046959 2 4 0.734514 1 0.265486
  4 -0.881063 -4.117806 52.345581 0.436621 -0.725785 -0.531600 0.532581 0.045981 2 4 0.734514 1 0.265486
white
  4 -0.881063 -4.117806 52.345581 0.436621 -0.725785 -0.531600 0.532581 0.045981 2 4 0.734514 1 0.265486
  4 -0.859546 -4.058771 52.298603 0.321827 -0.556672 -0.765861 0.530172 0.046959 2 4 0.734514 1 0.265486
  4 -0.708051 -4.083058 52.426323 0.321279 -0.863680 -0.388375 0.536315 0.054797 2 4 0.734514 1 0.265486
white
  4 -0.997721 -4.074479 52.235134 0.485044 -0.339902 -0.805728 0.527293 0.039861 2 4 0.718750 1 0.281250
  4 -0.965691 -3.967672 52.236446 0.264497 -0.192915 -0.944894 0.526959 0.041546 2 4 0.718750 1 0.281250
  4 -0.859546 -4.058771 52.298603 0.321827 -0.556672 -0.765861 0.530172 0.046959 2 4 0.734514 1 0.265486
white
  4 -0.708051 -4.083058 52.426323 0.321279 -0.863680 -0.388375 0.536315 0.054797 2 4 0.734514 1 0.265486
  4 -0.694078 -4.027718 52.321960 0.214048 -0.853025 -0.475954 0.531124 0.055254 2 4 0.734514 1 0.265486
  4 -0.443689 -3.955643 52.345360 0.270622 -0.909101 -0.316701 0.532232 0.064625 2 4 0.735629 1 0.264371
white
  4 -0.859546 -4.058771 52.298603 0.321827 -0.556672 -0.765861 0.530172 0.046959 2 4 0.734514 1 0.265486
  4 -0.694078 -4.027718 52.321960 0.214048 -0.853025 -0.475954 0.531124 0.055254 2 4 0.734514 1 0.265486
  4 -0.708051 -4.083058 52.426323 0.321279 -0.863680 -0.388375 0.536315 0.054797 2 4 0.734514 1 0.265486
white
  4 -0.965691 -3.967672 52.236446 0.264497 -0.192915 -0.944894 0.526959 0.041546 2 4 0.718750 1 0.281250
  4 -0.843422 -3.999431 52.273293 0.106702 -0.438206 -0.892519 0.528775 0.047720 2 4 0.734514 1 0.265486
  4 -0.859546 -4.058771 52.298603 0.321827 -0.556672 -0.765861 0.530172 0.046959 2 4 0.734514 1 0.265486
white
  4 -0.843422 -3.999431 52.273293 0.106702 -0.438206 -0.892519 0.528775 0.047720 2 4 0.734514 1 0.265486
  4 -0.694078 -4.027718 52.321960 0.214048 -0.853025 -0.475954 0.531124 0.055254 2 4 0.734514 1 0.265486
  4 -0.859546 -4.058771 52.298603 0.321827 -0.556672 -0.765861 0.530172 0.046959 2 4 0.734514 1 0.265486
white
  4 -0.832070 -3.948129 52.255161 -0.099823 -0.482416 -0.870236 0.527748 0.048264 2 4 0.734514 1 0.265486
  4 -0.843422 -3.999431 52.273293 0.106702 -0.438206 -0.892519 0.528775 0.047720 2 4 0.734514 1 0.265486
  4 -0.965691 -3.967672 52.236446 0.264497 -0.192915 -0.944894 0.526959 0.041546 2 4 0.718750 1 0.281250
white
  4 -0.935472 -3.874029 52.230659 -0.114918 -0.372645 -0.920831 0.526357 0.043057 2 4 0.718750 1 0.281250
  4 -0.832070 -3.948129 52.255161 -0.099823 -0.482416 -0.870236 0.527748 0.048264 2 4 0.734514 1 0.265486
  4 -0.965691 -3.967672 52.236446 0.264497 -0.192915 -0.944894 0.526959 0.041546 2 4 0.718750 1 0.281250
white
  4 -0.695796 -3.989828 52.249802 0.008767 -0.922731 -0.385345 0.527657 0.055004 2 4 0.734514 1 0.265486
  4 -0.694078 -4.027718 52.321960 0.214048 -0.853025 -0.475954 0.531124 0.055254 2 4 0.734514 1 0.265486
  4 -0.843422 -3.999431 52.273293 0.106702 -0.438206 -0.892519 0.528775 0.047720 2 4 0.734514 1 0.265486
white
  4 -0.443689 -3.955643 52.345360 0.270622 -0.909101 -0.316701 0.532232 0.064625 2 4 0.735629 1 0.264371
  4 -0.694078 -4.027718 52.321960 0.214048 -0.853025 -0.475954 0.531124 0.055254 2 4 0.734514 1 0.265486
  4 -0.695796 -3.989828 52.249802 0.008767 -0.922731 -0.385345 0.527657 0.055004 2 4 0.734514 1 0.265486
white
  4 -0.832070 -3.948129 52.255161 -0.099823 -0.482416 -0.870236 0.527748 0.048264 2 4 0.734514 1 0.265486
  4 -0.695796 -3.989828 52.249802 0.008767 -0.922731 -0.385345 0.527657 0.055004 2 4 0.734514 1 0.265486
  4 -0.843422 -3.999431 52.273293 0.106702 -0.438206 -0.892519 0.528775 0.047720 2 4 0.734514 1 0.265486
white
  4 -0.443689 -3.955643 52.345360 0.270622 -0.909101 -0.316701 0.532232 0.064625 2 4 0.735629 1 0.264371
  4 -0.695796 -3.989828 52.249802 0.008767 -0.922731 -0.385345 0.527657 0.055004 2 4 0.734514 1 0.265486
  4 -0.435054 -3.890620 52.081306 0.323460 -0.936906 -0.132590 0.519788 0.064625 2 4 0.735629 1 0.264371
white
  4 -0.825118 -3.913427 52.217495 -0.458464 -0.768700 -0.445994 0.525894 0.048503 2 4 0.734514 1 0.265486
  4 -0.832070 -3.948129 52.255161 -0.099823 -0.482416 -0.870236 0.527748 0.048264 2 4 0.734514 1 0.265486
  4 -0.935472 -3.874029 52.230659 -0.114918 -0.372645 -0.920831 0.526357 0.043057 2 4 0.718750 1 0.281250
white
  4 -0.825118 -3.913427 52.217495 -0.458464 -0.768700 -0.445994 0.525894 0.048503 2 4 0.734514 1 0.265486
  4 -0.695796 -3.989828 52.249802 0.008767 -0.922731 -0.385345 0.527657 0.055004 2 4 0.734514 1 0.265486
  4 -0.832070 -3.948129 52.255161 -0.099823 -0.482416 -0.870236 0.527748 0.048264 2 4 0.734514 1 0.265486
white
  4 -0.916489 -3.815304 52.191822 -0.606439 -0.700328 -0.376528 0.524381 0.043872 2 4 0.718750 1 0.281250
  4 -0.825118 -3.913427 52.217495 -0.458464 -0.768700 -0.445994 0.525894 0.048503 2 4 0.734514 1 0.265486
  4 -0.935472 -3.874029 52.230659 -0.114918 -0.372645 -0.920831 0.526357 0.043057 2 4 0.718750 1 0.281250
white
  4 -0.822577 -3.903853 52.132664 -0.584613 -0.811173 -0.015048 0.521959 0.048373 2 4 0.734514 1 0.265486
  4 -0.825118 -3.913427 52.217495 -0.458464 -0.768700 -0.445994 0.525894 0.048503 2 4 0.734514 1 0.265486
  4 -0.916489 -3.815304 52.191822 -0.606439 -0.700328 -0.376528 0.524381 0.043872 2 4 0.718750 1 0.281250
white
  4 -0.825118 -3.913427 52.217495 -0.458464 -0.768700 -0.445994 0.525894 0.048503 2 4 0.734514 1 0.265486
  4 -0.822577 -3.903853 52.132664 -0.584613 -0.811173 -0.015048 0.521959 0.048373 2 4 0.734514 1 0.265486
  4 -0.695796 -3.989828 52.249802 0.008767 -0.922731 -0.385345 0.527657 0.055004 2 4 0.734514 1 0.265486
white
  4 -0.917776 -3.812743 52.091858 -0.678172 -0.722882 0.132380 0.519795 0.043459 2 4 0.718750 1 0.281250
  4 -0.822577 -3.903853 52.132664 -0.584613 -0.811173 -0.015048 0.521959 0.048373 2 4 0.734514 1 0.265486
  4 -0.916489 -3.815304 52.191822 -0.606439 -0.700328 -0.376528 0.524381 0.043872 2 4 0.718750 1 0.281250
white
  4 -0.695796 -3.989828 52.249802 0.008767 -0.922731 -0.385345 0.527657 0.055004 2 4 0.734514 1 0.265486
  4 -0.683498 -3.966835 52.094673 -0.060499 -0.995945 0.066580 0.520398 0.055232 2 4 0.734514 1 0.265486
  4 -0.435054 -3.890620 52.081306 0.323460 -0.936906 -0.132590 0.519788 0.064625 2 4 0.735629 1 0.264371
white
  4 -0.822577 -3.903853 52.132664 -0.584613 -0.811173 -0.015048 0.521959 0.048373 2 4 0.734514 1 0.265486
  4 -0.683498 -3.966835 52.094673 -0.060499 -0.995945 0.066580 0.520398 0.055232 2 4 0.734514 1 0.265486
  4 -0.695796 -3.989828 52.249802 0.008767 -0.922731 -0.385345 0.527657 0.055004 2 4 0.734514 1 0.265486
white
  4 -0.824334 -3.914096 52.046814 -0.532168 -0.784290 0.318882 0.518014 0.048014 2 4 0.734514 1 0.265486
  4 -0.822577 -3.903853 52.132664 -0.584613 -0.811173 -0.015048 0.521959 0.048373 2 4 0.734514 1 0.265486
  4 -0.917776 -3.812743 52.091858 -0.678172 -0.722882 0.132380 0.519795 0.043459 2 4 0.718750 1 0.281250
white
  4 -0.824334 -3.914096 52.046814 -0.532168 -0.784290 0.318882 0.518014 0.048014 2 4 0.734514 1 0.265486
  4 -0.683498 -3.966835 52.094673 -0.060499 -0.995945 0.066580 0.520398 0.055232 2 4 0.734514 1 0.265486
  4 -0.822577 -3.903853 52.132664 -0.584613 -0.811173 -0.015048 0.521959 0.048373 2 4 0.734514 1 0.265486
white
  4 -0.931597 -3.840851 51.995750 -0.592326 -0.588636 0.550143 0.515446 0.042535 2 4 0.623360 1 0.376640
  4 -0.824334 -3.914096 52.046814 -0.532168 -0.784290 0.318882 0.518014 0.048014 2 4 0.734514 1 0.265486
  4 -0.917776 -3.812743 52.091858 -0.678172 -0.722882 0.132380 0.519795 0.043459 2 4 0.718750 1 0.281250
white
  4 -0.435054 -3.890620 52.081306 0.323460 -0.936906 -0.132590 0.519788 0.064625 2 4 0.735629 1 0.264371
  4 -0.683498 -3.966835 52.094673 -0.060499 -0.995945 0.066580 0.520398 0.055232 2 4 0.734514 1 0.265486
  4 -0.688119 -3.991842 52.006432 0.114933 -0.957919 0.263025 0.516357 0.054841 2 4 0.623982 1 0.376018
white
  4 -0.688119 -3.991842 52.006432 0.114933 -0.957919 0.263025 0.516357 0.054841 2 4 0.623982 1 0.376018
  4 -0.683498 -3.966835 52.094673 -0.060499 -0.995945 0.066580 0.520398 0.055232 2 4 0.734514 1 0.265486
  4 -0.824334 -3.914096 52.046814 -0.532168 -0.784290 0.318882 0.518014 0.048014 2 4 0.734514 1 0.265486
white
  4 -0.435054 -3.890620 52.081306 0.323460 -0.936906 -0.132590 0.519788 0.064625 2 4 0.735629 1 0.264371
  4 -0.688119 -3.991842 52.006432 0.114933 -0.957919 0.263025 0.516357 0.054841 2 4 0.623982 1 0.376018
  4 -0.433301 -3.846472 51.839123 0.462536 -0.825242 -0.324093 0.508348 0.064625 2 4 0.623982 1 0.376018
white
  4 -0.831618 -3.937541 52.007790 -0.381490 -0.582761 0.717534 0.516268 0.047590 2 4 0.623982 1 0.376018
  4 -0.824334 -3.914096 52.046814 -0.532168 -0.784290 0.318882 0.518014 0.048014 2 4 0.734514 1 0.265486
  4 -0.931597 -3.840851 51.995750 -0.592326 -0.588636 0.550143 0.515446 0.042535 2 4 0.623360 1 0.376640
white
  4 -0.831618 -3.937541 52.007790 -0.381490 -0.582761 0.717534 0.516268 0.047590 2 4 0.623982 1 0.376018
  4 -0.688119 -3.991842 52.006432 0.114933 -0.957919 0.263025 0.516357 0.054841 2 4 0.623982 1 0.376018
  4 -0.824334 -3.914096 52.046814 -0.532168 -0.784290 0.318882 0.518014 0.048014 2 4 0.734514 1 0.265486
white
  4 -0.946321 -3.876344 51.966599 -0.414456 -0.175761 0.892936 0.514189 0.041796 2 4 0.623360 1 0.376640
  4 -0.831618 -3.937541 52.007790 -0.381490 -0.582761 0.717534 0.516268 0.047590 2 4 0.623982 1 0.376018
  4 -0.931597 -3.840851 51.995750 -0.592326 -0.588636 0.550143 0.515446 0.042535 2 4 0.623360 1 0.376640
white
  4 -0.946321 -3.876344 51.966599 -0.414456 -0.175761 0.892936 0.514189 0.041796 2 4 0.623360 1 0.376640
  4 -0.959689 -3.916874 51.966389 -0.267645 -0.061679 0.961541 0.514285 0.041122 2 4 0.623360 1 0.376640
  4 -0.831618 -3.937541 52.007790 -0.381490 -0.582761 0.717534 0.516268 0.047590 2 4 0.623982 1 0.376018
white
  4 -0.959689 -3.916874 51.966389 -0.267645 -0.061679 0.961541 0.514285 0.041122 2 4 0.623360 1 0.376640
  4 -0.841765 -3.968464 51.986664 -0.237508 -0.553664 0.798152 0.515369 0.047079 2 4 0.623982 1 0.376018
  4 -0.831618 -3.937541 52.007790 -0.381490 -0.582761 0.717534 0.516268 0.047590 2 4 0.623982 1 0.376018
white
  4 -0.841765 -3.968464 51.986664 -0.237508 -0.553664 0.798152 0.515369 0.047079 2 4 0.623982 1 0.376018
  4 -0.688119 -3.991842 52.006432 0.114933 -0.957919 0.263025 0.516357 0.054841 2 4 0.623982 1 0.376018
  4 -0.831618 -3.937541 52.007790 -0.381490 -0.582761 0.717534 0.516268 0.047590 2 4 0.623982 1 0.376018
white
  4 -0.959689 -3.916874 51.966389 -0.267645 -0.061679 0.961541 0.514285 0.041122 2 4 0.623360 1 0.376640
  4 -0.973688 -3.956694 51.957886 -0.200339 -0.551441 0.809801 0.513992 0.040404 2 4 0.623360 1 0.376640
  4 -0.841765 -3.968464 51.986664 -0.237508 -0.553664 0.798152 0.515369 0.047079 2 4 0.623982 1 0.376018
white
  4 -0.841765 -3.968464 51.986664 -0.237508 -0.553664 0.798152 0.515369 0.047079 2 4 0.623982 1 0.376018
  4 -0.853640 -4.000015 51.954895 -0.164669 -0.825548 0.539773 0.513965 0.046470 2 4 0.623982 1 0.376018
  4 -0.688119 -3.991842 52.006432 0.114933 -0.957919 0.263025 0.516357 0.054841 2 4 0.623982 1 0.376018
white
  4 -0.973688 -3.956694 51.957886 -0.200339 -0.551441 0.809801 0.513992 0.040404 2 4 0.623360 1 0.376640
  4 -0.853640 -4.000015 51.954895 -0.164669 -0.825548 0.539773 0.513965 0.046470 2 4 0.623982 1 0.376018
  4 -0.841765 -3.968464 51.986664 -0.237508 -0.553664 0.798152 0.515369 0.047079 2 4 0.623982 1 0.376018
white
  4 -0.853640 -4.000015 51.954895 -0.164669 -0.825548 0.539773 0.513965 0.046470 2 4 0.623982 1 0.376018
  4 -0.704687 -4.021388 51.897942 0.256749 -0.965619 -0.040741 0.511340 0.054004 2 4 0.623982 1 0.376018
  4 -0.688119 -3.991842 52.006432 0.114933 -0.957919 0.263025 0.516357 0.054841 2 4 0.623982 1 0.376018
white
  4 -0.688119 -3.991842 52.006432 0.114933 -0.957919 0.263025 0.516357 0.054841 2 4 0.623982 1 0.376018
  4 -0.704687 -4.021388 51.897942 0.256749 -0.965619 -0.040741 0.511340 0.054004 2 4 0.623982 1 0.376018
  4 -0.433301 -3.846472 51.839123 0.462536 -0.825242 -0.324093 0.508348 0.064625 2 4 0.623982 1 0.376018
white
  4 -0.867984 -4.018957 51.907215 -0.140659 -0.972839 0.183845 0.511771 0.045753 2 4 0.623982 1 0.376018
  4 -0.853640 -4.000015 51.954895 -0.164669 -0.825548 0.539773 0.513965 0.046470 2 4 0.623982 1 0.376018
  4 -0.973688 -3.956694 51.957886 -0.200339 -0.551441 0.809801 0.513992 0.040404 2 4 0.623360 1 0.376640
white
  4 -0.867984 -4.018957 51.907215 -0.140659 -0.972839 0.183845 0.511771 0.045753 2 4 0.623982 1 0.376018
  4 -0.704687 -4.021388 51.897942 0.256749 -0.965619 -0.040741 0.511340 0.054004 2 4 0.623982 1 0.376018
  4 -0.853640 -4.000015 51.954895 -0.164669 -0.825548 0.539773 0.513965 0.046470 2 4 0.623982 1 0.376018
white
  4 -0.995668 -3.983760 51.924114 -0.169455 -0.924200 0.342255 0.512479 0.039295 2 4 0.623360 1 0.376640
  4 -0.867984 -4.018957 51.907215 -0.140659 -0.972839 0.183845 0.511771 0.045753 2 4 0.623982 1 0.376018
  4 -0.973688 -3.956694 51.957886 -0.200339 -0.551441 0.809801 0.513992 0.040404 2 4 0.623360 1 0.376640
white
  4 -0.885434 -4.012216 51.838345 -0.091625 -0.972460 -0.214303 0.508497 0.044872 2 4 0.623982 1 0.376018
  4 -0.867984 -4.018957 51.907215 -0.140659 -0.972839 0.183845 0.511771 0.045753 2 4 0.623982 1 0.376018
  4 -0.995668 -3.983760 51.924114 -0.169455 -0.924200 0.342255 0.512479 0.039295 2 4 0.623360 1 0.376640
white
  4 -0.867984 -4.018957 51.907215 -0.140659 -0.972839 0.183845 0.511771 0.045753 2 4 0.623982 1 0.376018
  4 -0.885434 -4.012216 51.838345 -0.091625 -0.972460 -0.214303 0.508497 0.044872 2 4 0.623982 1 0.376018
  4 -0.704687 -4.021388 51.897942 0.256749 -0.965619 -0.040741 0.511340 0.054004 2 4 0.623982 1 0.376018
white
  4 -1.032862 -3.986296 51.848160 -0.139548 -0.984683 -0.104527 0.508906 0.037415 2 4 0.623360 1 0.376640
  4 -0.885434 -4.012216 51.838345 -0.091625 -0.972460 -0.214303 0.508497 0.044872 2 4 0.623982 1 0.376018
  4 -0.995668 -3.983760 51.924114 -0.169455 -0.924200 0.342255 0.512479 0.039295 2 4 0.623360 1 0.376640
white
  4 -0.433301 -3.846472 51.839123 0.462536 -0.825242 -0.324093 0.508348 0.064625 2 4 0.623982 1 0.376018
  4 -0.704687 -4.021388 51.897942 0.256749 -0.965619 -0.040741 0.511340 0.054004 2 4 0.623982 1 0.376018
  4 -0.702918 -3.965829 51.762360 0.281154 -0.838610 -0.466568 0.504798 0.054091 2 4 0.623982 1 0.376018
white
  4 -0.885434 -4.012216 51.838345 -0.091625 -0.972460 -0.214303 0.508497 0.044872 2 4 0.623982 1 0.376018
  4 -0.702918 -3.965829 51.762360 0.281154 -0.838610 -0.466568 0.504798 0.054091 2 4 0.623982 1 0.376018
  4 -0.704687 -4.021388 51.897942 0.256749 -0.965619 -0.040741 0.511340 0.054004 2 4 0.623982 1 0.376018
white
  4 -0.891685 -3.979080 51.753399 -0.003079 -0.909796 -0.415045 0.504395 0.044557 2 4 0.623982 1 0.376018
  4 -0.885434 -4.012216 51.838345 -0.091625 -0.972460 -0.214303 0.508497 0.044872 2 4 0.623982 1 0.376018
  4 -1.032862 -3.986296 51.848160 -0.139548 -0.984683 -0.104527 0.508906 0.037415 2 4 0.623360 1 0.376640
white
  4 -0.891685 -3.979080 51.753399 -0.003079 -0.909796 -0.415045 0.504395 0.044557 2 4 0.623982 1 0.376018
  4 -0.702918 -3.965829 51.762360 0.281154 -0.838610 -0.466568 0.504798 0.054091 2 4 0.623982 1 0.376018
  4 -0.885434 -4.012216 51.838345 -0.091625 -0.972460 -0.214303 0.508497 0.044872 2 4 0.623982 1 0.376018
white
  4 -1.055350 -3.962986 51.745998 -0.078291 -0.943814 -0.321069 0.504015 0.036284 2 4 0.623360 1 0.376640
  4 -0.891685 -3.979080 51.753399 -0.003079 -0.909796 -0.415045 0.504395 0.044557 2 4 0.623982 1 0.376018
  4 -1.032862 -3.986296 51.848160 -0.139548 -0.984683 -0.104527 0.508906 0.037415 2 4 0.623360 1 0.376640
white
  4 -1.055350 -3.962986 51.745998 -0.078291 -0.943814 -0.321069 0.504015 0.036284 2 4 0.623360 1 0.376640
  4 -1.033115 -3.912286 51.633202 0.009022 -0.863108 -0.504939 0.498559 0.037404 2 4 0.623360 1 0.376640
  4 -0.891685 -3.979080 51.753399 -0.003079 -0.909796 -0.415045 0.504395 0.044557 2 4 0.623982 1 0.376018
white
  4 -1.033115 -3.912286 51.633202 0.009022 -0.863108 -0.504939 0.498559 0.037404 2 4 0.623360 1 0.376640
  4 -0.872498 -3.918782 51.657288 0.108727 -0.811946 -0.573517 0.499718 0.045524 2 4 0.623982 1 0.376018
  4 -0.891685 -3.979080 51.753399 -0.003079 -0.909796 -0.415045 0.504395 0.044557 2 4 0.623982 1 0.376018
white
  4 -0.891685 -3.979080 51.753399 -0.003079 -0.909796 -0.415045 0.504395 0.044557 2 4 0.623982 1 0.376018
  4 -0.872498 -3.918782 51.657288 0.108727 -0.811946 -0.573517 0.499718 0.045524 2 4 0.623982 1 0.376018
  4 -0.702918 -3.965829 51.762360 0.281154 -0.838610 -0.466568 0.504798 0.054091 2 4 0.623982 1 0.376018
white
  4 -1.033115 -3.912286 51.633202 0.009022 -0.863108 -0.504939 0.498559 0.037404 2 4 0.623360 1 0.376640
  4 -0.994624 -3.849618 51.542118 0.041443 -0.964441 -0.261030 0.494134 0.039350 2 4 0.623360 1 0.376640
  4 -0.872498 -3.918782 51.657288 0.108727 -0.811946 -0.573517 0.499718 0.045524 2 4 0.623982 1 0.376018
white
  4 -0.433301 -3.846472 51.839123 0.462536 -0.825242 -0.324093 0.508348 0.064625 2 4 0.623982 1 0.376018
  4 -0.702918 -3.965829 51.762360 0.281154 -0.838610 -0.466568 0.504798 0.054091 2 4 0.623982 1 0.376018
  4 -0.670395 -3.833420 51.607655 0.318548 -0.780796 -0.537479 0.497251 0.055732 2 4 0.623982 1 0.376018
white
  4 -0.670395 -3.833420 51.607655 0.318548 -0.780796 -0.537479 0.497251 0.055732 2 4 0.623982 1 0.376018
  4 -0.702918 -3.965829 51.762360 0.281154 -0.838610 -0.466568 0.504798 0.054091 2 4 0.623982 1 0.376018
  4 -0.872498 -3.918782 51.657288 0.108727 -0.811946 -0.573517 0.499718 0.045524 2 4 0.623982 1 0.376018
white
  4 -0.432831 -3.679173 51.585953 0.412764 -0.815811 -0.405066 0.496200 0.064625 2 4 0.623982 1 0.376018
  4 -0.433301 -3.846472 51.839123 0.462536 -0.825242 -0.324093 0.508348 0.064625 2 4 0.623982 1 0.376018
  4 -0.670395 -3.833420 51.607655 0.318548 -0.780796 -0.537479 0.497251 0.055732 2 4 0.623982 1 0.376018
white
  4 -0.994624 -3.849618 51.542118 0.041443 -0.964441 -0.261030 0.494134 0.039350 2 4 0.623360 1 0.376640
  4 -0.844391 -3.846617 51.576359 0.116230 -0.951548 -0.284686 0.495768 0.046938 2 4 0.623982 1 0.376018
  4 -0.872498 -3.918782 51.657288 0.108727 -0.811946 -0.573517 0.499718 0.045524 2 4 0.623982 1 0.376018
white
  4 -0.844391 -3.846617 51.576359 0.116230 -0.951548 -0.284686 0.495768 0.046938 2 4 0.623982 1 0.376018
  4 -0.670395 -3.833420 51.607655 0.318548 -0.780796 -0.537479 0.497251 0.055732 2 4 0.623982 1 0.376018
  4 -0.872498 -3.918782 51.657288 0.108727 -0.811946 -0.573517 0.499718 0.045524 2 4 0.623982 1 0.376018
white
  4 -0.994624 -3.849618 51.542118 0.041443 -0.964441 -0.261030 0.494134 0.039350 2 4 0.623360 1 0.376640
  1 -0.968269 -3.860990 51.501671 0.107599 -0.948758 -0.297119 0.492149 0.040687 2 1 0.500000 4 0.500000
  4 -0.844391 -3.846617 51.576359 0.116230 -0.951548 -0.284686 0.495768 0.046938 2 4 0.623982 1 0.376018
white
  1 -0.968269 -3.860990 51.501671 0.107599 -0.948758 -0.297119 0.492149 0.040687 2 1 0.500000 4 0.500000
  4 -0.824083 -3.849432 51.535374 0.230870 -0.837918 -0.494563 0.493750 0.047971 2 4 0.623982 1 0.376018
  4 -0.844391 -3.846617 51.576359 0.116230 -0.951548 -0.284686 0.495768 0.046938 2 4 0.623982 1 0.376018
white
  4 -0.844391 -3.846617 51.576359 0.116230 -0.951548 -0.284686 0.495768 0.046938 2 4 0.623982 1 0.376018
  4 -0.824083 -3.849432 51.535374 0.230870 -0.837918 -0.494563 0.493750 0.047971 2 4 0.623982 1 0.376018
  4 -0.670395 -3.833420 51.607655 0.318548 -0.780796 -0.537479 0.497251 0.055732 2 4 0.623982 1 0.376018
white
  1 -0.968269 -3.860990 51.501671 0.107599 -0.948758 -0.297119 0.492149 0.040687 2 1 0.500000 4 0.500000
  1 -0.946415 -3.799227 51.484974 0.221216 -0.357722 -0.907247 0.491311 0.041785 2 1 0.500000 4 0.500000
  4 -0.824083 -3.849432 51.535374 0.230870 -0.837918 -0.494563 0.493750 0.047971 2 4 0.623982 1 0.376018
white
  1 -0.946415 -3.799227 51.484974 0.221216 -0.357722 -0.907247 0.491311 0.041785 2 1 0.500000 4 0.500000
  1 -0.807741 -3.785130 51.510574 0.206454 -0.506047 -0.837432 0.492526 0.048797 2 1 0.500000 4 0.500000
  4 -0.824083 -3.849432 51.535374 0.230870 -0.837918 -0.494563 0.493750 0.047971 2 4 0.623982 1 0.376018
white
  4 -0.824083 -3.849432 51.535374 0.230870 -0.837918 -0.494563 0.493750 0.047971 2 4 0.623982 1 0.376018
  1 -0.807741 -3.785130 51.510574 0.206454 -0.506047 -0.837432 0.492526 0.048797 2 1 0.500000 4 0.500000
  4 -0.670395 -3.833420 51.607655 0.318548 -0.780796 -0.537479 0.497251 0.055732 2 4 0.623982 1 0.376018
white
  1 -0.946415 -3.799227 51.484974 0.221216 -0.357722 -0.907247 0.491311 0.041785 2 1 0.500000 4 0.500000
  1 -0.921392 -3.736574 51.464870 0.151164 -0.477212 -0.865689 0.490322 0.043057 2 1 0.500000 4 0.500000
  1 -0.807741 -3.785130 51.510574 0.206454 -0.506047 -0.837432 0.492526 0.048797 2 1 0.500000 4 0.500000
white
  1 -0.807741 -3.785130 51.510574 0.206454 -0.506047 -0.837432 0.492526 0.048797 2 1 0.500000 4 0.500000
  4 -0.645651 -3.778778 51.530151 0.275341 -0.796945 -0.537648 0.493494 0.056972 2 4 0.623982 1 0.376018
  4 -0.670395 -3.833420 51.607655 0.318548 -0.780796 -0.537479 0.497251 0.055732 2 4 0.623982 1 0.376018
white
  4 -0.432831 -3.679173 51.585953 0.412764 -0.815811 -0.405066 0.496200 0.064625 2 4 0.623982 1 0.376018
  4 -0.670395 -3.833420 51.607655 0.318548 -0.780796 -0.537479 0.497251 0.055732 2 4 0.623982 1 0.376018
  4 -0.645651 -3.778778 51.530151 0.275341 -0.796945 -0.537648 0.493494 0.056972 2 4 0.623982 1 0.376018
white
  1 -0.921392 -3.736574 51.464870 0.151164 -0.477212 -0.865689 0.490322 0.043057 2 1 0.500000 4 0.500000
  1 -0.791668 -3.731215 51.478279 0.031981 -0.647803 -0.761136 0.490963 0.049612 2 1 0.500000 4 0.500000
  1 -0.807741 -3.785130 51.510574 0.206454 -0.506047 -0.837432 0.492526 0.048797 2 1 0.500000 4 0.500000
white
  1 -0.807741 -3.785130 51.510574 0.206454 -0.506047 -0.837432 0.492526 0.048797 2 1 0.500000 4 0.500000
  1 -0.791668 -3.731215 51.478279 0.031981 -0.647803 -0.761136 0.490963 0.049612 2 1 0.500000 4 0.500000
  4 -0.645651 -3.778778 51.530151 0.275341 -0.796945 -0.537648 0.493494 0.056972 2 4 0.623982 1 0.376018
white
  1 -0.921392 -3.736574 51.464870 0.151164 -0.477212 -0.865689 0.490322 0.043057 2 1 0.500000 4 0.500000
  1 -0.906786 -3.677802 51.426792 -0.001366 -0.614281 -0.789086 0.488494 0.043785 2 1 0.500000 4 0.500000
  1 -0.791668 -3.731215 51.478279 0.031981 -0.647803 -0.761136 0.490963 0.049612 2 1 0.500000 4 0.500000
white
  4 -0.432831 -3.679173 51.585953 0.412764 -0.815811 -0.405066 0.496200 0.064625 2 4 0.623982 1 0.376018
  4 -0.645651 -3.778778 51.530151 0.275341 -0.796945 -0.537648 0.493494 0.056972 2 4 0.623982 1 0.376018
  1 -0.634512 -3.707799 51.433712 0.120647 -0.857474 -0.500182 0.488891 0.057559 2 1 0.500000 4 0.500000
white
  1 -0.634512 -3.707799 51.433712 0.120647 -0.857474 -0.500182 0.488891 0.057559 2 1 0.500000 4 0.500000
  4 -0.645651 -3.778778 51.530151 0.275341 -0.796945 -0.537648 0.493494 0.056972 2 4 0.623982 1 0.376018
  1 -0.791668 -3.731215 51.478279 0.031981 -0.647803 -0.761136 0.490963 0.049612 2 1 0.500000 4 0.500000
white
  1 -0.432922 -3.627036 51.389091 0.323013 -0.876635 -0.356613 0.485954 0.064625 2 1 0.500000 4 0.500000
  4 -0.432831 -3.679173 51.585953 0.412764 -0.815811 -0.405066 0.496200 0.064625 2 4 0.623982 1 0.376018
  1 -0.634512 -3.707799 51.433712 0.120647 -0.857474 -0.500182 0.488891 0.057559 2 1 0.500000 4 0.500000
white
  1 -0.906786 -3.677802 51.426792 -0.001366 -0.614281 -0.789086 0.488494 0.043785 2 1 0.500000 4 0.500000
  1 -0.783317 -3.687674 51.431053 -0.058074 -0.697635 -0.714096 0.488709 0.050036 2 1 0.500000 4 0.500000
  1 -0.791668 -3.731215 51.478279 0.031981 -0.647803 -0.761136 0.490963 0.049612 2 1 0.500000 4 0.500000
white
  1 -0.783317 -3.687674 51.431053 -0.058074 -0.697635 -0.714096 0.488709 0.050036 2 1 0.500000 4 0.500000
  1 -0.634512 -3.707799 51.433712 0.120647 -0.857474 -0.500182 0.488891 0.057559 2 1 0.500000 4 0.500000
  1 -0.791668 -3.731215 51.478279 0.031981 -0.647803 -0.761136 0.490963 0.049612 2 1 0.500000 4 0.500000
white
  1 -0.790387 -3.627500 51.377701 -0.167785 -0.862442 -0.477538 0.485409 0.049677 2 1 0.500000 4 0.500000
  1 -0.783317 -3.687674 51.431053 -0.058074 -0.697635 -0.714096 0.488709 0.050036 2 1 0.500000 4 0.500000
  1 -0.906786 -3.677802 51.426792 -0.001366 -0.614281 -0.789086 0.488494 0.043785 2 1 0.500000 4 0.500000
white
  1 -0.783317 -3.687674 51.431053 -0.058074 -0.697635 -0.714096 0.488709 0.050036 2 1 0.500000 4 0.500000
  1 -0.790387 -3.627500 51.377701 -0.167785 -0.862442 -0.477538 0.485409 0.049677 2 1 0.500000 4 0.500000
  1 -0.634512 -3.707799 51.433712 0.120647 -0.857474 -0.500182 0.488891 0.057559 2 1 0.500000 4 0.500000
white
  1 -0.916199 -3.600898 51.372498 -0.171760 -0.868833 -0.464358 0.485147 0.043318 2 1 0.500000 4 0.500000
  1 -0.790387 -3.627500 51.377701 -0.167785 -0.862442 -0.477538 0.485409 0.049677 2 1 0.500000 4 0.500000
  1 -0.906786 -3.677802 51.426792 -0.001366 -0.614281 -0.789086 0.488494 0.043785 2 1 0.500000 4 0.500000
white
  1 -0.432922 -3.627036 51.389091 0.323013 -0.876635 -0.356613 0.485954 0.064625 2 1 0.500000 4 0.500000
  1 -0.634512 -3.707799 51.433712 0.120647 -0.857474 -0.500182 0.488891 0.057559 2 1 0.500000 4 0.500000
  1 -0.644943 -3.653242 51.317627 0.049122 -0.961391 -0.270765 0.482383 0.057059 2 1 0.500000 4 0.500000
white
  1 -0.790387 -3.627500 51.377701 -0.167785 -0.862442 -0.477538 0.485409 0.049677 2 1 0.500000 4 0.500000
  1 -0.644943 -3.653242 51.317627 0.049122 -0.961391 -0.270765 0.482383 0.057059 2 1 0.500000 4 0.500000
  1 -0.634512 -3.707799 51.433712 0.120647 -0.857474 -0.500182 0.488891 0.057559 2 1 0.500000 4 0.500000
white
  1 -0.799670 -3.614637 51.307858 -0.203087 -0.875247 0.438974 0.481957 0.049210 2 1 0.500000 4 0.500000
  1 -0.790387 -3.627500 51.377701 -0.167785 -0.862442 -0.477538 0.485409 0.049677 2 1 0.500000 4 0.500000
  1 -0.916199 -3.600898 51.372498 -0.171760 -0.868833 -0.464358 0.485147 0.043318 2 1 0.500000 4 0.500000
white
  1 -0.799670 -3.614637 51.307858 -0.203087 -0.875247 0.438974 0.481957 0.049210 2 1 0.500000 4 0.500000
  1 -0.644943 -3.653242 51.317627 0.049122 -0.961391 -0.270765 0.482383 0.057059 2 1 0.500000 4 0.500000
  1 -0.790387 -3.627500 51.377701 -0.167785 -0.862442 -0.477538 0.485409 0.049677 2 1 0.500000 4 0.500000
white
  1 -0.930782 -3.584207 51.299805 -0.221788 -0.813555 0.537530 0.481575 0.042578 2 1 0.500000 4 0.500000
  1 -0.799670 -3.614637 51.307858 -0.203087 -0.875247 0.438974 0.481957 0.049210 2 1 0.500000 4 0.500000
  1 -0.916199 -3.600898 51.372498 -0.171760 -0.868833 -0.464358 0.485147 0.043318 2 1 0.500000 4 0.500000
white
  1 -0.799670 -3.614637 51.307858 -0.203087 -0.875247 0.438974 0.481957 0.049210 2 1 0.500000 4 0.500000
  1 -0.930782 -3.584207 51.299805 -0.221788 -0.813555 0.537530 0.481575 0.042578 2 1 0.500000 4 0.500000
  1 -0.931675 -3.655798 51.277004 -0.042752 -0.921255 0.386602 0.479073 0.042535 2 1 0.500000 4 0.500000
white
  1 -0.644943 -3.653242 51.317627 0.049122 -0.961391 -0.270765 0.482383 0.057059 2 1 0.500000 4 0.500000
  1 -0.799670 -3.614637 51.307858 -0.203087 -0.875247 0.438974 0.481957 0.049210 2 1 0.500000 4 0.500000
  1 -0.798064 -3.666609 51.277611 -0.072295 -0.978109 0.195133 0.479241 0.049286 2 1 0.500000 4 0.500000
white
  1 -0.798064 -3.666609 51.277611 -0.072295 -0.978109 0.195133 0.479241 0.049286 2 1 0.500000 4 0.500000
  1 -0.799670 -3.614637 51.307858 -0.203087 -0.875247 0.438974 0.481957 0.049210 2 1 0.500000 4 0.500000
  1 -0.931675 -3.655798 51.277004 -0.042752 -0.921255 0.386602 0.479073 0.042535 2 1 0.500000 4 0.500000
white
  1 -0.432922 -3.627036 51.389091 0.323013 -0.876635 -0.356613 0.485954 0.064625 2 1 0.500000 4 0.500000
  1 -0.644943 -3.653242 51.317627 0.049122 -0.961391 -0.270765 0.482383 0.057059 2 1 0.500000 4 0.500000
  1 -0.637501 -3.618378 51.200676 0.196688 -0.789612 -0.581228 0.477270 0.057407 2 1 0.500000 4 0.500000
white
  1 -0.637501 -3.618378 51.200676 0.196688 -0.789612 -0.581228 0.477270 0.057407 2 1 0.500000 4 0.500000
  1 -0.644943 -3.653242 51.317627 0.049122 -0.961391 -0.270765 0.482383 0.057059 2 1 0.500000 4 0.500000
  1 -0.798064 -3.666609 51.277611 -0.072295 -0.978109 0.195133 0.479241 0.049286 2 1 0.500000 4 0.500000
white
  1 -0.432006 -3.513811 51.214340 0.337096 -0.743377 -0.577716 0.475325 0.064625 2 1 0.500000 4 0.500000
  1 -0.432922 -3.627036 51.389091 0.323013 -0.876635 -0.356613 0.485954 0.064625 2 1 0.500000 4 0.500000
  1 -0.637501 -3.618378 51.200676 0.196688 -0.789612 -0.581228 0.477270 0.057407 2 1 0.500000 4 0.500000
white
  1 -0.798064 -3.666609 51.277611 -0.072295 -0.978109 0.195133 0.479241 0.049286 2 1 0.500000 4 0.500000
  1 -0.931675 -3.655798 51.277004 -0.042752 -0.921255 0.386602 0.479073 0.042535 2 1 0.500000 4 0.500000
  1 -0.796848 -3.613208 51.195950 0.105547 -0.870167 -0.481321 0.477270 0.049351 2 1 0.500000 4 0.500000
white
  1 -0.796848 -3.613208 51.195950 0.105547 -0.870167 -0.481321 0.477270 0.049351 2 1 0.500000 4 0.500000
  1 -0.637501 -3.618378 51.200676 0.196688 -0.789612 -0.581228 0.477270 0.057407 2 1 0.500000 4 0.500000
  1 -0.798064 -3.666609 51.277611 -0.072295 -0.978109 0.195133 0.479241 0.049286 2 1 0.500000 4 0.500000
white
  1 -0.931675 -3.655798 51.277004 -0.042752 -0.921255 0.386602 0.479073 0.042535 2 1 0.500000 4 0.500000
  1 -0.933590 -3.626411 51.183403 0.063259 -0.884739 -0.461774 0.477557 0.042437 2 1 0.500000 4 0.500000
  1 -0.796848 -3.613208 51.195950 0.105547 -0.870167 -0.481321 0.477270 0.049351 2 1 0.500000 4 0.500000
white
  1 -0.432006 -3.513811 51.214340 0.337096 -0.743377 -0.577716 0.475325 0.064625 2 1 0.500000 4 0.500000
  1 -0.637501 -3.618378 51.200676 0.196688 -0.789612 -0.581228 0.477270 0.057407 2 1 0.500000 4 0.500000
  1 -0.650272 -3.500176 51.106487 0.227168 -0.688783 -0.688457 0.473534 0.056722 2 1 0.500000 4 0.500000
white
  1 -0.650272 -3.500176 51.106487 0.227168 -0.688783 -0.688457 0.473534 0.056722 2 1 0.500000 4 0.500000
  1 -0.637501 -3.618378 51.200676 0.196688 -0.789612 -0.581228 0.477270 0.057407 2 1 0.500000 4 0.500000
  1 -0.796848 -3.613208 51.195950 0.105547 -0.870167 -0.481321 0.477270 0.049351 2 1 0.500000 4 0.500000
white
  1 -0.432006 -3.513811 51.214340 0.337096 -0.743377 -0.577716 0.475325 0.064625 2 1 0.500000 4 0.500000
  1 -0.650272 -3.500176 51.106487 0.227168 -0.688783 -0.688457 0.473534 0.056722 2 1 0.500000 4 0.500000
  1 -0.431893 -3.361770 50.998901 0.227669 -0.795628 -0.561376 0.464859 0.064625 2 1 0.500000 4 0.500000
white
  1 -0.807317 -3.599890 51.149952 0.254643 -0.890761 -0.376433 0.476056 0.048818 2 1 0.500000 4 0.500000
  1 -0.650272 -3.500176 51.106487 0.227168 -0.688783 -0.688457 0.473534 0.056722 2 1 0.500000 4 0.500000
  1 -0.796848 -3.613208 51.195950 0.105547 -0.870167 -0.481321 0.477270 0.049351 2 1 0.500000 4 0.500000
white
  1 -0.796848 -3.613208 51.195950 0.105547 -0.870167 -0.481321 0.477270 0.049351 2 1 0.500000 4 0.500000
  1 -0.933590 -3.626411 51.183403 0.063259 -0.884739 -0.461774 0.477557 0.042437 2 1 0.500000 4 0.500000
  1 -0.807317 -3.599890 51.149952 0.254643 -0.890761 -0.376433 0.476056 0.048818 2 1 0.500000 4 0.500000
white
  1 -0.933590 -3.626411 51.183403 0.063259 -0.884739 -0.461774 0.477557 0.042437 2 1 0.500000 4 0.500000
  1 -0.951210 -3.580170 51.128490 -0.009205 -0.766335 -0.642375 0.476946 0.041546 2 1 0.500000 4 0.500000
  1 -0.807317 -3.599890 51.149952 0.254643 -0.890761 -0.376433 0.476056 0.048818 2 1 0.500000 4 0.500000
end
