// Created by Crowbar++ 0.74
version 1
nodes
  0 "ValveBiped.Bip01_Pelvis" -1
  1 "ValveBiped.Bip01_Spine" 0
  2 "ValveBiped.Bip01_Spine1" 1
  3 "ValveBiped.Bip01_Spine2" 2
  4 "ValveBiped.Bip01_Spine4" 3
  5 "ValveBiped.Bip01_Neck1" 4
  6 "ValveBiped.Bip01_Head1" 5
  7 "ValveBiped.forward" 6
  8 "ValveBiped.Bip01_L_Clavicle" 4
  9 "ValveBiped.Bip01_L_UpperArm" 8
  10 "ValveBiped.Bip01_L_Forearm" 9
  11 "ValveBiped.Bip01_L_Hand" 10
  12 "ValveBiped.Anim_Attachment_LH" 11
  13 "ValveBiped.Bip01_L_Finger4" 11
  14 "ValveBiped.Bip01_L_Finger41" 13
  15 "ValveBiped.Bip01_L_Finger42" 14
  16 "ValveBiped.Bip01_L_Finger3" 11
  17 "ValveBiped.Bip01_L_Finger31" 16
  18 "ValveBiped.Bip01_L_Finger32" 17
  19 "ValveBiped.Bip01_L_Finger2" 11
  20 "ValveBiped.Bip01_L_Finger21" 19
  21 "ValveBiped.Bip01_L_Finger22" 20
  22 "ValveBiped.Bip01_L_Finger1" 11
  23 "ValveBiped.Bip01_L_Finger11" 22
  24 "ValveBiped.Bip01_L_Finger12" 23
  25 "ValveBiped.Bip01_L_Finger0" 11
  26 "ValveBiped.Bip01_L_Finger01" 25
  27 "ValveBiped.Bip01_L_Finger02" 26
  28 "ValveBiped.Bip01_R_Clavicle" 4
  29 "ValveBiped.Bip01_R_UpperArm" 28
  30 "ValveBiped.Bip01_R_Forearm" 29
  31 "ValveBiped.Bip01_R_Hand" 30
  32 "ValveBiped.Anim_Attachment_RH" 31
  33 "ValveBiped.Bip01_R_Finger4" 31
  34 "ValveBiped.Bip01_R_Finger41" 33
  35 "ValveBiped.Bip01_R_Finger42" 34
  36 "ValveBiped.Bip01_R_Finger3" 31
  37 "ValveBiped.Bip01_R_Finger31" 36
  38 "ValveBiped.Bip01_R_Finger32" 37
  39 "ValveBiped.Bip01_R_Finger2" 31
  40 "ValveBiped.Bip01_R_Finger21" 39
  41 "ValveBiped.Bip01_R_Finger22" 40
  42 "ValveBiped.Bip01_R_Finger1" 31
  43 "ValveBiped.Bip01_R_Finger11" 42
  44 "ValveBiped.Bip01_R_Finger12" 43
  45 "ValveBiped.Bip01_R_Finger0" 31
  46 "ValveBiped.Bip01_R_Finger01" 45
  47 "ValveBiped.Bip01_R_Finger02" 46
  48 "ValveBiped.Bip01_L_Thigh" 0
  49 "ValveBiped.Bip01_L_Calf" 48
  50 "ValveBiped.Bip01_L_Foot" 49
  51 "ValveBiped.Bip01_L_Toe0" 50
  52 "ValveBiped.Bip01_R_Thigh" 0
  53 "ValveBiped.Bip01_R_Calf" 52
  54 "ValveBiped.Bip01_R_Foot" 53
  55 "ValveBiped.Bip01_R_Toe0" 54
  56 "ValveBiped.Bip2" 0
  57 "ValveBiped.Bip3" 0
  58 "ValveBiped.Bip4" 0
  59 "ValveBiped.Bip5" 0
  60 "ValveBiped.Bip8" 0
  61 "ValveBiped.Bip9" 0
  62 "ValveBiped.Bip10" 0
  63 "ValveBiped.Bip11" 0
  64 "ValveBiped.Bip12" 0
  65 "ValveBiped.Bip1" 64
  66 "ValveBiped.Bip7" 0
  67 "ValveBiped.Bip6" 66
  68 "ValveBiped.Bip14" 0
  69 "ValveBiped.Bip13" 68
  70 "pd.103" 4
  71 "pd.104" 4
  72 "pd.128" 56
  73 "pd.129" 72
  74 "pd.130" 73
  75 "pd.131" 74
  76 "pd.132" 57
  77 "pd.133" 76
  78 "pd.134" 77
  79 "pd.135" 78
  80 "pd.136" 58
  81 "pd.137" 80
  82 "pd.138" 81
  83 "pd.139" 82
  84 "pd.140" 59
  85 "pd.141" 84
  86 "pd.142" 85
  87 "pd.143" 86
  88 "pd.144" 60
  89 "pd.145" 88
  90 "pd.146" 89
  91 "pd.147" 90
  92 "pd.148" 61
  93 "pd.149" 92
  94 "pd.150" 93
  95 "pd.151" 94
  96 "pd.152" 62
  97 "pd.153" 96
  98 "pd.154" 97
  99 "pd.155" 98
  100 "pd.156" 63
  101 "pd.157" 100
  102 "pd.158" 101
  103 "pd.159" 102
  104 "pd.160" 65
  105 "pd.161" 104
  106 "pd.162" 105
  107 "pd.163" 106
  108 "pd.164" 67
  109 "pd.165" 108
  110 "pd.166" 109
  111 "pd.167" 110
  112 "pd" 6
  113 "pd.001" 6
  114 "pd.002" 6
  115 "pd.003" 6
  116 "pd.004" 6
  117 "pd.005" 6
  118 "pd.006" 6
  119 "pd.007" 6
  120 "pd.008" 6
  121 "pd.015" 6
  122 "pd.016" 121
  123 "pd.017" 122
  124 "pd.018" 123
  125 "pd.019" 124
  126 "pd.020" 125
  127 "pd.021" 126
  128 "pd.022" 127
  129 "pd.023" 128
  130 "pd.024" 129
  131 "pd.025" 130
  132 "pd.026" 131
  133 "pd.027" 132
  134 "pd.028" 133
  135 "pd.029" 134
  136 "pd.030" 135
  137 "pd.031" 136
  138 "pd.032" 137
  139 "pd.033" 138
  140 "pd.034" 128
  141 "pd.035" 140
  142 "pd.036" 141
  143 "pd.037" 142
  144 "pd.038" 143
  145 "pd.039" 144
  146 "pd.040" 145
  147 "pd.041" 146
  148 "pd.042" 147
  149 "pd.043" 148
  150 "pd.044" 149
  151 "pd.045" 150
  152 "pd.046" 151
  153 "pd.047" 128
  154 "pd.048" 153
  155 "pd.049" 154
  156 "pd.050" 155
  157 "pd.051" 156
  158 "pd.052" 157
  159 "pd.053" 158
  160 "pd.054" 159
  161 "pd.055" 160
  162 "pd.056" 161
  163 "pd.057" 162
  164 "pd.058" 6
  165 "pd.059" 164
  166 "pd.060" 165
  167 "pd.061" 166
  168 "pd.062" 167
  169 "pd.063" 168
  170 "pd.064" 169
  171 "pd.065" 170
  172 "pd.066" 171
  173 "pd.067" 172
  174 "pd.068" 173
  175 "pd.069" 174
  176 "pd.070" 175
  177 "pd.071" 176
  178 "pd.072" 177
  179 "pd.073" 178
  180 "pd.074" 179
  181 "pd.075" 180
  182 "pd.076" 181
  183 "pd.077" 171
  184 "pd.078" 183
  185 "pd.079" 184
  186 "pd.080" 185
  187 "pd.081" 186
  188 "pd.082" 187
  189 "pd.083" 188
  190 "pd.084" 189
  191 "pd.085" 190
  192 "pd.086" 191
  193 "pd.087" 192
  194 "pd.088" 193
  195 "pd.089" 194
  196 "pd.090" 171
  197 "pd.091" 196
  198 "pd.092" 197
  199 "pd.093" 198
  200 "pd.094" 199
  201 "pd.095" 200
  202 "pd.096" 201
  203 "pd.097" 202
  204 "pd.098" 203
  205 "pd.099" 204
  206 "pd.100" 205
  207 "pd.107" 1
  208 "pd.108" 207
  209 "pd.109" 208
  210 "pd.110" 209
  211 "pd.111" 207
  212 "pd.112" 211
  213 "pd.113" 212
  214 "pd.114" 213
  215 "pd.115" 207
  216 "pd.116" 215
  217 "pd.117" 216
  218 "pd.118" 207
  219 "pd.119" 218
  220 "pd.120" 219
  221 "pd.121" 207
  222 "pd.122" 221
  223 "pd.123" 222
  224 "pd.124" 223
  225 "pd.125" 207
  226 "pd.126" 225
  227 "pd.127" 226
  228 "pd.009" 6
  229 "pd.010" 228
  230 "pd.011" 228
  231 "pd.012" 6
  232 "pd.013" 231
  233 "pd.014" 231
  234 "pd.101" 6
  235 "pd.102" 6
  236 "pd.105" 4
  237 "pd.106" 4
  238 "pd.168" 69
  239 "pd.169" 238
  240 "pd.170" 239
  241 "pd.171" 240
  242 "pd.172" 241
  243 "pd.173" 242
  244 "pd.174" 243
end
skeleton
  time 0
    0 0.000000 -0.967105 44.122166 1.570796 0.000000 0.000000
    1 0.000000 3.523758 0.029950 1.570796 -0.027985 1.570796
    2 0.000000 0.000000 0.000000 0.000000 0.000000 -0.112621
    3 3.710045 0.150944 -0.000002 0.000000 0.000000 -0.012638
    4 0.000004 -0.000001 0.000000 0.000000 0.000000 0.155823
    5 8.192108 -2.246392 -0.000003 3.141589 0.000000 0.224089
    6 2.810970 0.786394 0.000004 0.000000 0.000000 0.109869
    7 0.000000 0.000000 0.000000 -1.570795 0.000000 -1.326470
    8 7.248871 -2.063121 0.799392 1.638345 -1.334142 2.900122
    9 3.406890 -0.117195 -0.331688 -1.453546 0.015826 0.236135
    10 8.927933 0.000001 -0.000004 0.000000 0.000000 0.000000
    11 8.244890 0.000000 -0.000004 1.570796 0.000000 0.000000
    12 2.676094 -1.712418 -0.000012 1.570821 -0.000023 1.570619
    13 2.602129 0.043274 -1.213689 0.000000 0.000000 0.000000
    14 0.978357 0.000000 0.000000 0.000000 0.000000 0.000000
    15 0.578138 0.000000 0.000000 0.000000 0.000000 0.000000
    16 2.666882 0.187336 -0.542830 0.000000 0.000000 0.000000
    17 1.355406 0.000000 0.000000 0.000000 0.000000 0.000000
    18 0.832703 0.000000 0.000000 0.000000 0.000000 0.000000
    19 2.710474 0.161205 0.196588 0.000000 0.000000 0.000000
    20 1.473167 0.000000 0.000000 0.000000 0.000000 0.000000
    21 0.846321 0.000000 0.000000 0.000000 0.000000 0.000000
    22 2.591167 0.126434 0.967711 0.000000 0.000000 0.000000
    23 1.352854 0.000000 0.000000 0.000000 0.000000 0.000000
    24 0.781221 0.000000 0.000000 0.000000 0.000000 0.000000
    25 0.584726 -0.519913 0.370771 -1.301623 -0.446182 -0.627531
    26 1.518351 -0.367496 0.544430 0.000854 0.001836 0.392753
    27 0.979181 -0.236278 0.537338 0.004490 0.012339 0.062293
    28 7.248871 -2.063119 -0.799398 -1.710090 1.334149 2.900126
    29 3.406892 -0.140697 0.322426 1.523337 -0.032557 0.234439
    30 8.927931 -0.000001 0.000004 0.000000 0.000000 0.000000
    31 8.244888 -0.000001 0.000004 -1.570796 0.000000 0.000000
    32 2.676144 -1.712357 0.000080 -1.570742 -0.000010 -1.571256
    33 2.602133 0.043266 1.213689 0.000000 0.000000 0.000000
    34 0.978361 -0.000004 0.000000 0.000000 0.000000 0.000000
    35 0.578136 0.000000 0.000000 0.000000 0.000000 0.000000
    36 2.666882 0.187328 0.542829 0.000000 0.000000 0.000000
    37 1.355406 0.000000 0.000000 0.000000 0.000000 0.000000
    38 0.832703 -0.000004 0.000000 0.000000 0.000000 0.000000
    39 2.710476 0.161201 -0.196589 0.000000 0.000000 0.000000
    40 1.473166 0.000000 0.000000 0.000000 0.000000 0.000000
    41 0.846323 -0.000004 0.000000 0.000000 0.000000 0.000000
    42 2.591166 0.126427 -0.967711 0.000000 0.000000 0.000000
    43 1.352856 0.000000 0.000000 0.000000 0.000000 0.000000
    44 0.781223 -0.000004 0.000000 0.000000 0.000000 0.000000
    45 0.584728 -0.519913 -0.370771 1.301648 0.446144 -0.627495
    46 1.518348 -0.367567 -0.544395 -0.000880 -0.001832 0.392738
    47 0.979185 -0.236300 -0.537319 -0.004467 -0.012334 0.062301
    48 3.050961 -1.782368 -1.228622 -1.570796 0.000000 -1.570796
    49 16.332626 -0.000004 -0.000009 0.000000 0.000000 0.000000
    50 20.043091 -0.000004 -0.000011 0.014671 -0.023907 -1.075671
    51 6.307809 1.971855 -0.164771 -0.011148 0.000933 -0.500514
    52 -3.050961 -1.782368 -1.228622 -1.570796 0.000000 -1.570796
    53 16.332621 -0.000004 -0.000005 0.000000 0.000000 0.000000
    54 20.043093 -0.000004 -0.000006 -0.010594 0.011412 -1.078506
    55 6.303392 1.991225 0.078041 -0.078652 -0.006186 -0.498944
    56 2.711403 5.259277 3.132617 1.371211 -0.247101 0.301329
    57 4.387142 5.259281 1.076985 1.499231 -0.393673 0.422072
    58 4.387142 5.259281 -1.463916 1.706652 -0.391307 0.342493
    59 2.711402 5.259277 -3.519549 1.901471 -0.238775 0.170884
    60 -2.711403 5.259277 -3.519548 1.901471 0.237171 -0.169732
    61 -4.387142 5.259281 -1.463915 1.706652 0.388846 -0.340325
    62 -4.387142 5.259281 1.076986 1.499232 0.391200 -0.419431
    63 -2.711403 5.259277 3.132617 1.371210 0.245443 -0.299324
    64 0.000000 5.259277 3.917799 1.323785 0.000000 0.000000
    65 0.000000 0.000000 0.000004 0.000000 0.000000 0.000000
    66 0.000000 5.259281 -4.304729 1.970281 0.000000 0.000000
    67 0.000000 -0.000004 0.000004 0.000000 0.000000 0.000000
    68 0.000000 3.365860 -2.270664 -3.016978 0.000000 0.000000
    69 0.000000 0.000004 0.000000 0.000000 0.000000 0.000000
    70 3.894241 1.243716 -2.273654 1.965025 -0.040515 3.131485
    71 3.894238 1.243715 2.273654 -1.176566 -0.040514 -0.010107
    72 -0.021326 -0.017084 3.075672 0.022751 -0.028101 -0.026980
    73 -0.073547 -0.051170 4.743092 0.032584 -0.044850 -0.044624
    74 -0.077495 -0.047066 5.165989 0.026438 -0.041664 -0.042026
    75 -0.074110 -0.038752 5.888031 0.018344 -0.034146 -0.034681
    76 -0.032290 -0.011740 3.170059 0.014622 -0.041277 -0.035567
    77 -0.107449 -0.020611 4.862347 0.013008 -0.064785 -0.059688
    78 -0.111515 -0.002520 5.261139 0.002053 -0.060101 -0.057736
    79 -0.106655 0.014372 5.961823 -0.006441 -0.049617 -0.049160
    80 -0.026825 0.001395 3.190907 -0.002934 -0.034445 -0.029117
    81 -0.089855 0.025994 4.906704 -0.016522 -0.055039 -0.049700
    82 -0.095390 0.049047 5.307724 -0.026490 -0.052409 -0.049634
    83 -0.093845 0.065496 6.001842 -0.030397 -0.044484 -0.043642
    84 -0.011630 0.020613 3.179478 -0.027449 -0.015638 -0.015519
    85 -0.042721 0.080910 4.884434 -0.050135 -0.027670 -0.027213
    86 -0.049829 0.096235 5.281723 -0.052275 -0.028571 -0.028122
    87 -0.052511 0.100945 5.976290 -0.046859 -0.025621 -0.025339
    88 0.015903 0.021338 3.177238 -0.028113 0.020374 0.018820
    89 0.047289 0.081381 4.877136 -0.050187 0.028997 0.027920
    90 0.043223 0.094965 5.276382 -0.051666 0.023554 0.024140
    91 0.035468 0.098776 5.977041 -0.046042 0.016383 0.018087
    92 0.033083 0.003553 3.185020 -0.004793 0.041400 0.035424
    93 0.096363 0.027191 4.887688 -0.016423 0.056944 0.051228
    94 0.084818 0.045254 5.293816 -0.024684 0.044623 0.042711
    95 0.067105 0.059410 6.003803 -0.028195 0.030099 0.031089
    96 0.038330 -0.009118 3.164131 0.012460 0.047969 0.043268
    97 0.113415 -0.019338 4.843170 0.013353 0.066404 0.061570
    98 0.100536 -0.007123 5.247093 0.004238 0.052229 0.049703
    99 0.079924 0.007468 5.963799 -0.004057 0.035424 0.035002
    100 0.025406 -0.015861 3.073360 0.021744 0.032580 0.032742
    101 0.077185 -0.050655 4.735600 0.032812 0.045605 0.045842
    102 0.069947 -0.049222 5.160545 0.027450 0.036395 0.036073
    103 0.056913 -0.041794 5.888805 0.019348 0.025229 0.024706
    104 0.000001 -0.022074 3.017406 0.029728 -0.000001 0.000000
    105 0.000007 -0.072325 4.674877 0.045213 0.000001 0.000000
    106 0.000004 -0.072306 5.116188 0.039499 -0.000001 0.000000
    107 0.000008 -0.065177 5.851667 0.030159 -0.000003 0.000000
    108 0.000000 0.027422 3.170170 -0.036187 0.000000 0.000000
    109 0.000002 0.099876 4.862431 -0.061972 0.000000 0.000000
    110 0.000003 0.111992 5.256622 -0.061199 0.000001 0.000000
    111 -0.000001 0.112280 5.953030 -0.052385 -0.000003 0.000000
    112 3.761497 -0.484362 -3.660547 -0.900179 1.161913 2.643719
    113 3.752853 -1.560328 -3.605245 -0.789065 0.912032 2.532620
    114 4.474640 -3.523696 -2.361130 2.675599 0.700163 -0.932028
    115 7.239937 -2.863720 -1.353375 2.392258 1.211417 -0.648675
    116 5.828751 -3.266319 -0.422032 2.581944 0.323357 -0.838376
    117 6.404037 -2.955704 0.813580 2.356718 1.046823 -0.613147
    118 3.398285 -0.913291 3.507390 2.329320 1.057333 -0.585752
    119 3.304718 -2.181828 3.297226 2.389322 1.112993 -0.645736
    120 5.089508 -2.145199 2.833681 2.371626 1.510808 -0.628243
    121 3.309242 3.021448 2.807659 0.145870 0.352522 1.597699
    122 -0.000002 1.299175 0.000000 2.863876 -1.026024 0.140310
    123 1.483128 0.889118 -0.760393 -1.723425 -0.954308 -2.931849
    124 0.000001 0.000006 1.098301 -0.011182 0.114293 0.088735
    125 -0.031181 -0.045309 2.776104 0.072845 -0.059048 -0.048706
    126 -0.063147 -0.055231 3.387466 0.053852 -0.069808 -0.055545
    127 -0.073409 -0.021782 3.800297 0.017832 -0.053762 -0.039335
    128 0.000000 0.000000 1.901588 -0.191357 0.059709 0.055031
    129 0.508658 0.249132 2.020947 0.152654 -0.080674 -0.091023
    130 -0.021115 -0.005932 3.975941 0.018894 -0.028664 -0.023641
    131 -0.068426 0.014626 3.999939 -0.000226 -0.062980 -0.043719
    132 -0.007289 0.005527 4.039022 0.012551 0.027198 0.016563
    133 -0.000628 -0.025537 3.672590 0.024792 0.003099 -0.002792
    134 -0.135418 -0.087128 4.137640 0.062914 0.003334 -0.010280
    135 0.098037 -0.014038 3.938133 0.050502 0.075713 0.040403
    136 0.000000 0.000000 1.657495 0.041547 0.036246 0.016576
    137 0.152488 -0.043791 3.310966 0.069626 0.165611 0.093920
    138 0.319344 -0.179604 4.414724 0.182635 0.192651 0.123485
    139 0.315797 -0.299946 4.960559 -0.172145 0.156200 0.030440
    140 -1.403287 -1.245106 1.653469 0.359794 -0.150586 -0.212232
    141 -0.036385 -0.040253 4.010429 0.027873 -0.013964 -0.014459
    142 0.039886 -0.009483 4.181780 0.011456 0.007395 0.001500
    143 -0.012575 0.024719 4.669813 -0.037712 -0.000559 0.008144
    144 0.003522 0.076195 4.128000 -0.144606 0.004083 0.033468
    145 0.057060 0.140339 3.777660 -0.156636 0.079873 0.079571
    146 -0.000002 0.000002 1.827112 -0.096845 0.068789 0.065894
    147 0.000005 0.000008 1.819405 -0.025411 0.082010 0.074106
    148 -0.000027 0.000006 1.796610 -0.053664 0.068113 0.061034
    149 0.143147 0.090977 3.417555 -0.078907 0.233384 0.206127
    150 0.299864 0.076643 3.734957 0.073279 0.346200 0.399053
    151 0.205663 -0.102530 3.289310 0.188572 0.187720 0.357340
    152 0.187447 -0.369926 3.245319 0.063889 -0.263370 -0.208770
    153 2.697930 0.437963 2.522320 0.120394 0.014650 0.003640
    154 -0.107486 -0.161879 4.179699 0.166631 -0.086351 -0.087082
    155 -0.105448 -0.232380 4.477386 0.197241 -0.070590 -0.081981
    156 -0.054009 -0.142471 4.558023 0.126629 -0.045738 -0.050372
    157 -0.032272 -0.069145 3.613425 0.064674 -0.047010 -0.035167
    158 -0.037061 0.026768 3.770075 -0.065050 -0.050752 -0.000997
    159 -0.069773 0.200871 3.797598 -0.258059 -0.065538 0.050786
    160 -0.097511 0.349506 3.709995 -0.367298 -0.091252 0.075873
    161 -0.030209 0.308874 3.588842 -0.337832 0.077508 0.172665
    162 0.153002 0.295004 3.523855 -0.288480 0.299089 0.389546
    163 0.192851 0.188094 2.468798 0.033129 0.438087 0.812831
    164 3.309235 3.021465 -2.807641 -2.995720 0.352528 -1.543893
    165 0.000000 1.299175 0.000000 2.863876 1.026010 -0.140306
    166 -1.483133 0.889126 -0.760418 -1.723435 0.954314 2.931837
    167 -0.000006 -0.000002 1.098301 -0.011182 -0.114298 -0.088737
    168 0.031177 -0.045311 2.776096 0.072845 0.059047 0.048706
    169 0.063149 -0.055231 3.387466 0.053852 0.069808 0.055545
    170 0.073413 -0.021780 3.800289 0.017832 0.053764 0.039335
    171 0.000002 -0.000002 1.901588 -0.191357 -0.059713 -0.055024
    172 -0.508654 0.249136 2.020947 0.152655 0.080680 0.091018
    173 0.021119 -0.005928 3.975933 0.018894 0.028663 0.023643
    174 0.068434 0.014627 3.999947 -0.000226 0.062982 0.043718
    175 0.007291 0.005524 4.039026 0.012551 -0.027196 -0.016564
    176 0.000624 -0.025537 3.672588 0.024791 -0.003099 0.002793
    177 0.135412 -0.087130 4.137642 0.062914 -0.003335 0.010281
    178 -0.098038 -0.014040 3.938129 0.050502 -0.075712 -0.040404
    179 0.000000 0.000000 1.657490 0.041547 -0.036248 -0.016575
    180 -0.152492 -0.043795 3.310970 0.069626 -0.165611 -0.093922
    181 -0.319357 -0.179602 4.414725 0.182634 -0.192652 -0.123486
    182 -0.315814 -0.299955 4.960563 -0.172145 -0.156203 -0.030440
    183 1.403308 -1.245113 1.653461 0.359794 0.150591 0.212228
    184 0.036398 -0.040260 4.010426 0.027874 0.013967 0.014459
    185 -0.039887 -0.009483 4.181797 0.011455 -0.007395 -0.001500
    186 0.012575 0.024708 4.669821 -0.037712 0.000559 -0.008144
    187 -0.003523 0.076199 4.128008 -0.144605 -0.004083 -0.033468
    188 -0.057062 0.140339 3.777658 -0.156635 -0.079873 -0.079572
    189 0.000000 0.000006 1.827118 -0.096844 -0.068790 -0.065895
    190 -0.000009 0.000010 1.819410 -0.025411 -0.082011 -0.074107
    191 0.000027 0.000004 1.796608 -0.053664 -0.068114 -0.061034
    192 -0.143153 0.090969 3.417557 -0.078908 -0.233386 -0.206128
    193 -0.299873 0.076631 3.734959 0.073278 -0.346198 -0.399055
    194 -0.205668 -0.102563 3.289330 0.188570 -0.187718 -0.357339
    195 -0.187449 -0.369966 3.245340 0.063889 0.263368 0.208768
    196 -2.697953 0.437979 2.522327 0.120394 -0.014646 -0.003645
    197 0.107490 -0.161877 4.179699 0.166631 0.086351 0.087082
    198 0.105456 -0.232386 4.477375 0.197240 0.070591 0.081982
    199 0.054015 -0.142471 4.558029 0.126629 0.045739 0.050372
    200 0.032275 -0.069153 3.613431 0.064673 0.047011 0.035167
    201 0.037062 0.026764 3.770080 -0.065051 0.050752 0.000997
    202 0.069780 0.200867 3.797603 -0.258059 0.065538 -0.050786
    203 0.097515 0.349510 3.710004 -0.367299 0.091254 -0.075876
    204 0.030205 0.308855 3.588852 -0.337830 -0.077508 -0.172666
    205 -0.153004 0.295002 3.523855 -0.288478 -0.299090 -0.389552
    206 -0.192861 0.188094 2.468803 0.033133 -0.438087 -0.812839
    207 3.038773 -3.186367 -0.000004 0.000000 -1.570796 -1.598781
    208 -1.259778 -0.110737 0.228234 1.581472 1.308281 -1.297982
    209 -0.000001 0.000000 1.663316 0.000004 -0.000002 -0.000002
    210 0.000000 0.000000 1.663315 -0.000002 0.000000 0.000000
    211 -1.301082 -0.448425 -0.122918 2.040421 0.526409 -0.327875
    212 0.000001 0.000004 4.296974 0.216396 0.205320 0.064361
    213 0.000000 0.000000 5.293940 -0.136099 0.001000 0.029709
    214 0.000002 0.000004 4.673290 -0.052714 0.003415 0.013170
    215 -1.181794 -0.334217 -0.513912 2.246439 0.707787 -0.351069
    216 0.000001 -0.000008 4.514694 0.102094 0.071610 -0.013054
    217 0.000005 0.000004 4.566620 -0.095016 0.147985 0.081109
    218 1.259783 -0.110741 0.228234 1.581473 -1.308280 1.297974
    219 0.000001 0.000000 1.663319 0.000004 0.000002 0.000003
    220 -0.000003 0.000004 1.663315 -0.000001 -0.000001 0.000001
    221 1.301088 -0.448425 -0.122919 2.040421 -0.526409 0.327874
    222 0.000000 0.000000 4.296982 0.216396 -0.205320 -0.064361
    223 0.000000 -0.000004 5.293945 -0.136099 -0.001000 -0.029708
    224 -0.000002 0.000004 4.673294 -0.052713 -0.003415 -0.013171
    225 1.181799 -0.334221 -0.513912 2.246439 -0.707787 0.351070
    226 0.000000 0.000004 4.514696 0.102093 -0.071611 0.013055
    227 0.000000 0.000000 4.566618 -0.095016 -0.147985 -0.081109
    228 6.151886 0.783840 1.728969 0.536693 0.361792 1.206873
    229 0.000000 0.000011 2.411968 0.020495 0.016009 -0.025840
    230 -0.631569 -0.002724 1.030853 -0.105429 0.014364 0.078393
    231 6.151878 0.783848 -1.729018 -2.604900 0.361798 -1.934721
    232 0.000004 0.000008 2.411964 0.020495 -0.016009 0.025840
    233 0.631573 -0.002724 1.030849 -0.105429 -0.014364 -0.078393
    234 1.230007 -0.544867 -2.682516 2.356555 1.563104 -0.612323
    235 1.230003 -0.544881 2.682512 -0.785755 1.563102 2.528558
    236 7.641582 1.695580 0.170169 -0.854575 -0.689729 0.657673
    237 7.641582 1.695581 -0.170173 2.287016 -0.689729 -2.483919
    238 0.000000 0.000004 2.319757 -0.210121 0.000000 0.000000
    239 0.000000 -0.000011 2.593413 -0.089771 0.000000 0.000000
    240 0.000001 -0.000019 2.777902 -0.004359 0.000000 0.000000
    241 0.000000 -0.000019 2.801039 0.078065 0.000000 0.000000
    242 0.000001 -0.000011 2.659531 0.187856 0.000000 0.000000
    243 0.000000 -0.000004 2.413889 0.343753 0.000000 0.000000
    244 0.000000 0.000023 2.236877 0.463603 0.000000 0.000000
end
triangles
ring
  34 -25.491632 2.051604 58.053482 -0.118451 0.044371 0.991968 0.799359 0.963025 2 34 0.500000 35 0.500000
  34 -25.389853 2.058776 58.065311 -0.118451 0.044371 0.991968 0.799359 0.952782 2 34 0.884945 35 0.115055
  34 -25.449919 2.148864 58.054111 -0.118451 0.044371 0.991968 0.814377 0.957903 2 34 0.500000 35 0.500000
ring
  34 -25.377228 2.039330 57.620541 -0.112995 0.542551 0.832389 0.712451 0.956019 2 34 0.991855 35 0.008145
  34 -25.380337 2.161113 57.580578 -0.100119 0.048961 0.993770 0.691003 0.956019 2 34 0.991855 35 0.008145
  34 -25.412874 2.159074 57.577400 -0.100564 0.050831 0.993631 0.691003 0.959790 2 34 0.879115 35 0.120885
ring
  34 -25.412874 2.159074 57.577400 -0.100564 0.050831 0.993631 0.691003 0.959790 2 34 0.879115 35 0.120885
  34 -25.380337 2.161113 57.580578 -0.100119 0.048961 0.993770 0.691003 0.956019 2 34 0.991855 35 0.008145
  34 -25.388874 2.286366 57.606781 -0.062953 -0.455298 0.888110 0.712451 0.956019 2 34 0.879115 35 0.120885
ring
  34 -25.409466 2.037370 57.617447 -0.112675 0.543445 0.831848 0.712451 0.959790 2 34 0.884945 35 0.115055
  34 -25.377228 2.039330 57.620541 -0.112995 0.542551 0.832389 0.712451 0.956019 2 34 0.991855 35 0.008145
  34 -25.412874 2.159074 57.577400 -0.100564 0.050831 0.993631 0.691003 0.959790 2 34 0.879115 35 0.120885
ring
  34 -25.423441 2.284160 57.603184 -0.064142 -0.453892 0.888745 0.712451 0.959790 2 34 0.879115 35 0.120885
  34 -25.412874 2.159074 57.577400 -0.100564 0.050831 0.993631 0.691003 0.959790 2 34 0.879115 35 0.120885
  34 -25.388874 2.286366 57.606781 -0.062953 -0.455298 0.888110 0.712451 0.956019 2 34 0.879115 35 0.120885
ring
  34 -25.381466 1.953614 57.715736 -0.095838 0.889390 0.446989 0.733899 0.956019 2 34 0.992993 35 0.007007
  34 -25.377228 2.039330 57.620541 -0.112995 0.542551 0.832389 0.712451 0.956019 2 34 0.991855 35 0.008145
  34 -25.409466 2.037370 57.617447 -0.112675 0.543445 0.831848 0.712451 0.959790 2 34 0.884945 35 0.115055
ring
  34 -25.423441 2.284160 57.603184 -0.064142 -0.453892 0.888745 0.712451 0.959790 2 34 0.879115 35 0.120885
  34 -25.388874 2.286366 57.606781 -0.062953 -0.455298 0.888110 0.712451 0.956019 2 34 0.879115 35 0.120885
  34 -25.403652 2.381303 57.691521 -0.002032 -0.837345 0.546670 0.733899 0.956019 2 34 0.883059 35 0.116941
ring
  34 -25.413961 1.951649 57.712685 -0.095856 0.889930 0.445909 0.733899 0.959790 2 34 0.886082 35 0.113918
  34 -25.381466 1.953614 57.715736 -0.095838 0.889390 0.446989 0.733899 0.956019 2 34 0.992993 35 0.007007
  34 -25.409466 2.037370 57.617447 -0.112675 0.543445 0.831848 0.712451 0.959790 2 34 0.884945 35 0.115055
ring
  34 -25.438543 2.378522 57.687099 -0.002822 -0.835648 0.549259 0.733899 0.959790 2 34 0.500000 35 0.500000
  34 -25.423441 2.284160 57.603184 -0.064142 -0.453892 0.888745 0.712451 0.959790 2 34 0.879115 35 0.120885
  34 -25.403652 2.381303 57.691521 -0.002032 -0.837345 0.546670 0.733899 0.956019 2 34 0.883059 35 0.116941
ring
  34 -25.390860 1.927036 57.841022 -0.054955 0.996770 -0.058557 0.755346 0.956019 2 34 0.908487 35 0.091513
  34 -25.381466 1.953614 57.715736 -0.095838 0.889390 0.446989 0.733899 0.956019 2 34 0.992993 35 0.007007
  34 -25.413961 1.951649 57.712685 -0.095856 0.889930 0.445909 0.733899 0.959790 2 34 0.886082 35 0.113918
ring
  34 -25.438543 2.378522 57.687099 -0.002822 -0.835648 0.549259 0.733899 0.959790 2 34 0.500000 35 0.500000
  34 -25.403652 2.381303 57.691521 -0.002032 -0.837345 0.546670 0.733899 0.956019 2 34 0.883059 35 0.116941
  35 -25.423269 2.420632 57.812046 0.076157 -0.995286 0.060045 0.755346 0.956019 2 35 0.501886 34 0.498114
ring
  34 -25.425449 1.924914 57.837490 -0.055396 0.996808 -0.057497 0.755346 0.959789 2 34 0.908487 35 0.091513
  34 -25.390860 1.927036 57.841022 -0.054955 0.996770 -0.058557 0.755346 0.956019 2 34 0.908487 35 0.091513
  34 -25.413961 1.951649 57.712685 -0.095856 0.889930 0.445909 0.733899 0.959790 2 34 0.886082 35 0.113918
ring
  35 -25.457684 2.417752 57.807526 0.076194 -0.995608 0.054399 0.755346 0.959789 2 35 0.501886 34 0.498114
  34 -25.438543 2.378522 57.687099 -0.002822 -0.835648 0.549259 0.733899 0.959790 2 34 0.500000 35 0.500000
  35 -25.423269 2.420632 57.812046 0.076157 -0.995286 0.060045 0.755346 0.956019 2 35 0.501886 34 0.498114
ring
  34 -25.405582 1.966475 57.962124 0.003769 0.837493 -0.546434 0.776794 0.956019 2 34 0.886082 35 0.113918
  34 -25.390860 1.927036 57.841022 -0.054955 0.996770 -0.058557 0.755346 0.956019 2 34 0.908487 35 0.091513
  34 -25.425449 1.924914 57.837490 -0.055396 0.996808 -0.057497 0.755346 0.959789 2 34 0.908487 35 0.091513
ring
  35 -25.478985 2.390121 57.930252 0.142795 -0.887386 -0.438354 0.776794 0.959789 2 35 0.879115 34 0.120885
  35 -25.457684 2.417752 57.807526 0.076194 -0.995608 0.054399 0.755346 0.959789 2 35 0.501886 34 0.498114
  35 -25.423269 2.420632 57.812046 0.076157 -0.995286 0.060045 0.755346 0.956019 2 35 0.501886 34 0.498114
ring
  34 -25.440161 1.964283 57.958538 0.004503 0.836412 -0.548082 0.776794 0.959789 2 34 0.886082 35 0.113918
  34 -25.405582 1.966475 57.962124 0.003769 0.837493 -0.546434 0.776794 0.956019 2 34 0.886082 35 0.113918
  34 -25.425449 1.924914 57.837490 -0.055396 0.996808 -0.057497 0.755346 0.959789 2 34 0.908487 35 0.091513
ring
  34 -25.437397 2.393815 57.936535 0.145400 -0.884838 -0.442629 0.776794 0.956019 2 34 0.500000 35 0.500000
  35 -25.478985 2.390121 57.930252 0.142795 -0.887386 -0.438354 0.776794 0.959789 2 35 0.879115 34 0.120885
  35 -25.423269 2.420632 57.812046 0.076157 -0.995286 0.060045 0.755346 0.956019 2 35 0.501886 34 0.498114
ring
  34 -25.420364 2.061425 58.046875 -0.028708 0.952624 -0.302793 0.798241 0.956019 2 34 0.879115 35 0.120885
  34 -25.405582 1.966475 57.962124 0.003769 0.837493 -0.546434 0.776794 0.956019 2 34 0.886082 35 0.113918
  34 -25.440161 1.964283 57.958538 0.004503 0.836412 -0.548082 0.776794 0.959789 2 34 0.886082 35 0.113918
ring
  35 -25.478985 2.390121 57.930252 0.142795 -0.887386 -0.438354 0.776794 0.959789 2 35 0.879115 34 0.120885
  34 -25.437397 2.393815 57.936535 0.145400 -0.884838 -0.442629 0.776794 0.956019 2 34 0.500000 35 0.500000
  34 -25.442730 2.308193 58.031776 0.117795 -0.944283 -0.307332 0.798241 0.956019 2 34 0.500000 35 0.500000
ring
  34 -25.458494 2.058902 58.042500 -0.035298 0.961586 -0.272224 0.798242 0.959789 2 34 0.500000 35 0.500000
  34 -25.420364 2.061425 58.046875 -0.028708 0.952624 -0.302793 0.798241 0.956019 2 34 0.879115 35 0.120885
  34 -25.440161 1.964283 57.958538 0.004503 0.836412 -0.548082 0.776794 0.959789 2 34 0.886082 35 0.113918
ring
  34 -25.477123 2.305287 58.027245 0.115728 -0.957604 -0.263821 0.798242 0.959789 2 34 0.500000 35 0.500000
  35 -25.478985 2.390121 57.930252 0.142795 -0.887386 -0.438354 0.776794 0.959789 2 35 0.879115 34 0.120885
  34 -25.442730 2.308193 58.031776 0.117795 -0.944283 -0.307332 0.798241 0.956019 2 34 0.500000 35 0.500000
ring
  34 -25.420364 2.061425 58.046875 -0.028708 0.952624 -0.302793 0.798241 0.956019 2 34 0.879115 35 0.120885
  34 -25.458494 2.058902 58.042500 -0.035298 0.961586 -0.272224 0.798242 0.959789 2 34 0.500000 35 0.500000
  34 -25.391329 2.063566 58.056602 -0.066367 0.997696 -0.014050 0.799359 0.952782 2 34 0.884945 35 0.115055
ring
  34 -25.458494 2.058902 58.042500 -0.035298 0.961586 -0.272224 0.798242 0.959789 2 34 0.500000 35 0.500000
  34 -25.488903 2.056681 58.045238 -0.071682 0.997356 0.011930 0.799359 0.963025 2 34 0.500000 35 0.500000
  34 -25.391329 2.063566 58.056602 -0.066367 0.997696 -0.014050 0.799359 0.952782 2 34 0.884945 35 0.115055
ring
  34 -25.477123 2.305287 58.027245 0.115728 -0.957604 -0.263821 0.798242 0.959789 2 34 0.500000 35 0.500000
  34 -25.442730 2.308193 58.031776 0.117795 -0.944283 -0.307332 0.798241 0.956019 2 34 0.500000 35 0.500000
  35 -25.515810 2.301854 58.027336 0.090651 -0.993180 -0.073321 0.799359 0.963025 2 35 0.884945 34 0.115055
ring
  34 -25.442730 2.308193 58.031776 0.117795 -0.944283 -0.307332 0.798241 0.956019 2 34 0.500000 35 0.500000
  34 -25.405355 2.310529 58.042305 0.092461 -0.989810 -0.108295 0.799359 0.952782 2 34 0.884945 35 0.115055
  35 -25.515810 2.301854 58.027336 0.090651 -0.993180 -0.073321 0.799359 0.963025 2 35 0.884945 34 0.115055
ring
  34 -25.488903 2.056681 58.045238 0.058707 -0.631285 -0.773326 0.799359 0.963025 2 34 0.500000 35 0.500000
  34 -25.448923 2.149914 58.045834 0.118599 -0.044556 -0.991942 0.814377 0.957903 2 34 0.500000 35 0.500000
  34 -25.391329 2.063566 58.056602 0.212957 -0.626974 -0.749369 0.799359 0.952782 2 34 0.884945 35 0.115055
ring
  34 -25.488903 2.056681 58.045238 0.058707 -0.631285 -0.773326 0.799359 0.963025 2 34 0.500000 35 0.500000
  34 -25.458494 2.058902 58.042500 0.015240 -0.853066 -0.521580 0.798242 0.959789 2 34 0.500000 35 0.500000
  34 -25.491632 2.051604 58.053482 0.023992 -0.890877 -0.453610 0.799359 0.963025 2 34 0.500000 35 0.500000
ring
  34 -25.458494 2.058902 58.042500 0.015240 -0.853066 -0.521580 0.798242 0.959789 2 34 0.500000 35 0.500000
  34 -25.459906 2.053907 58.050621 0.051406 -0.975615 -0.213383 0.798242 0.959789 2 34 0.500000 35 0.500000
  34 -25.491632 2.051604 58.053482 0.023992 -0.890877 -0.453610 0.799359 0.963025 2 34 0.500000 35 0.500000
ring
  34 -25.491632 2.051604 58.053482 0.023992 -0.890877 -0.453610 0.799359 0.963025 2 34 0.500000 35 0.500000
  34 -25.459906 2.053907 58.050621 0.051406 -0.975615 -0.213383 0.798242 0.959789 2 34 0.500000 35 0.500000
  34 -25.389853 2.058776 58.065311 0.208577 -0.877975 -0.430877 0.799359 0.952782 2 34 0.884945 35 0.115055
ring
  34 -25.420364 2.061425 58.046875 0.227347 -0.837722 -0.496522 0.798241 0.956019 2 34 0.879115 35 0.120885
  34 -25.391329 2.063566 58.056602 0.212957 -0.626974 -0.749369 0.799359 0.952782 2 34 0.884945 35 0.115055
  34 -25.389853 2.058776 58.065311 0.208577 -0.877975 -0.430877 0.799359 0.952782 2 34 0.884945 35 0.115055
ring
  34 -25.459906 2.053907 58.050621 0.051406 -0.975615 -0.213383 0.798242 0.959789 2 34 0.500000 35 0.500000
  34 -25.420177 2.056551 58.055195 0.096910 -0.993348 0.062188 0.798241 0.956019 2 34 0.879115 35 0.120885
  34 -25.389853 2.058776 58.065311 0.208577 -0.877975 -0.430877 0.799359 0.952782 2 34 0.884945 35 0.115055
ring
  34 -25.420177 2.056551 58.055195 0.096910 -0.993348 0.062188 0.798241 0.956019 2 34 0.879115 35 0.120885
  34 -25.420364 2.061425 58.046875 0.227347 -0.837722 -0.496522 0.798241 0.956019 2 34 0.879115 35 0.120885
  34 -25.389853 2.058776 58.065311 0.208577 -0.877975 -0.430877 0.799359 0.952782 2 34 0.884945 35 0.115055
ring
  34 -25.459906 2.053907 58.050621 -0.041238 -0.667755 0.743238 0.798242 0.959789 2 34 0.500000 35 0.500000
  34 -25.440821 1.955237 57.963024 -0.005360 -0.836370 0.548140 0.776794 0.959789 2 34 0.886082 35 0.113918
  34 -25.420177 2.056551 58.055195 0.096910 -0.993348 0.062188 0.798241 0.956019 2 34 0.879115 35 0.120885
ring
  34 -25.440821 1.955237 57.963024 -0.005360 -0.836370 0.548140 0.776794 0.959789 2 34 0.886082 35 0.113918
  34 -25.404751 1.957477 57.966751 -0.004526 -0.837604 0.546258 0.776794 0.956019 2 34 0.886082 35 0.113918
  34 -25.420177 2.056551 58.055195 0.096910 -0.993348 0.062188 0.798241 0.956019 2 34 0.879115 35 0.120885
ring
  34 -25.440821 1.955237 57.963024 -0.005360 -0.836370 0.548140 0.776794 0.959789 2 34 0.886082 35 0.113918
  34 -25.425484 1.914124 57.836739 0.055645 -0.996801 0.057361 0.755346 0.959789 2 34 0.908487 35 0.091513
  34 -25.404751 1.957477 57.966751 -0.004526 -0.837604 0.546258 0.776794 0.956019 2 34 0.886082 35 0.113918
ring
  34 -25.425484 1.914124 57.836739 0.055645 -0.996801 0.057361 0.755346 0.959789 2 34 0.908487 35 0.091513
  34 -25.389378 1.916351 57.840431 0.055209 -0.996761 0.058476 0.755346 0.956019 2 34 0.908487 35 0.091513
  34 -25.404751 1.957477 57.966751 -0.004526 -0.837604 0.546258 0.776794 0.956019 2 34 0.886082 35 0.113918
ring
  34 -25.425484 1.914124 57.836739 0.055645 -0.996801 0.057361 0.755346 0.959789 2 34 0.908487 35 0.091513
  34 -25.413475 1.942055 57.706547 0.095387 -0.889793 -0.446284 0.733899 0.959790 2 34 0.886082 35 0.113918
  34 -25.389378 1.916351 57.840431 0.055209 -0.996761 0.058476 0.755346 0.956019 2 34 0.908487 35 0.091513
ring
  34 -25.413475 1.942055 57.706547 0.095387 -0.889793 -0.446284 0.733899 0.959790 2 34 0.886082 35 0.113918
  34 -25.379599 1.944061 57.709751 0.094909 -0.889471 -0.447026 0.733899 0.956019 2 34 0.992993 35 0.007007
  34 -25.389378 1.916351 57.840431 0.055209 -0.996761 0.058476 0.755346 0.956019 2 34 0.908487 35 0.091513
ring
  34 -25.379599 1.944061 57.709751 0.094909 -0.889471 -0.447026 0.733899 0.956019 2 34 0.992993 35 0.007007
  34 -25.413475 1.942055 57.706547 0.095387 -0.889793 -0.446284 0.733899 0.959790 2 34 0.886082 35 0.113918
  34 -25.375174 2.033502 57.610462 0.112582 -0.542527 -0.832460 0.712451 0.956019 2 34 0.991855 35 0.008145
ring
  34 -25.413475 1.942055 57.706547 0.095387 -0.889793 -0.446284 0.733899 0.959790 2 34 0.886082 35 0.113918
  34 -25.408802 2.031446 57.607243 0.112946 -0.543534 -0.831754 0.712451 0.959790 2 34 0.884945 35 0.115055
  34 -25.375174 2.033502 57.610462 0.112582 -0.542527 -0.832460 0.712451 0.956019 2 34 0.991855 35 0.008145
ring
  34 -25.375174 2.033502 57.610462 0.112582 -0.542527 -0.832460 0.712451 0.956019 2 34 0.991855 35 0.008145
  34 -25.408802 2.031446 57.607243 0.112946 -0.543534 -0.831754 0.712451 0.959790 2 34 0.884945 35 0.115055
  34 -25.378426 2.160518 57.568737 0.099860 -0.049395 -0.993775 0.691003 0.956019 2 34 0.991855 35 0.008145
ring
  34 -25.408802 2.031446 57.607243 0.112946 -0.543534 -0.831754 0.712451 0.959790 2 34 0.884945 35 0.115055
  34 -25.412338 2.158409 57.565422 0.100698 -0.051121 -0.993603 0.691003 0.959790 2 34 0.879115 35 0.120885
  34 -25.378426 2.160518 57.568737 0.099860 -0.049395 -0.993775 0.691003 0.956019 2 34 0.991855 35 0.008145
ring
  34 -25.387291 2.291186 57.596096 0.063360 0.455307 -0.888077 0.712451 0.956019 2 34 0.879115 35 0.120885
  34 -25.378426 2.160518 57.568737 0.099860 -0.049395 -0.993775 0.691003 0.956019 2 34 0.991855 35 0.008145
  34 -25.412338 2.158409 57.565422 0.100698 -0.051121 -0.993603 0.691003 0.959790 2 34 0.879115 35 0.120885
ring
  34 -25.423380 2.288903 57.592323 0.064596 0.453971 -0.888672 0.712451 0.959790 2 34 0.879115 35 0.120885
  34 -25.387291 2.291186 57.596096 0.063360 0.455307 -0.888077 0.712451 0.956019 2 34 0.879115 35 0.120885
  34 -25.412338 2.158409 57.565422 0.100698 -0.051121 -0.993603 0.691003 0.959790 2 34 0.879115 35 0.120885
ring
  34 -25.402735 2.390247 57.684517 0.002277 0.837512 -0.546413 0.733899 0.956019 2 34 0.883059 35 0.116941
  34 -25.387291 2.291186 57.596096 0.063360 0.455307 -0.888077 0.712451 0.956019 2 34 0.879115 35 0.120885
  34 -25.423380 2.288903 57.592323 0.064596 0.453971 -0.888672 0.712451 0.959790 2 34 0.879115 35 0.120885
ring
  34 -25.439091 2.387336 57.679867 0.003114 0.835613 -0.549309 0.733899 0.959790 2 34 0.500000 35 0.500000
  34 -25.402735 2.390247 57.684517 0.002277 0.837512 -0.546413 0.733899 0.956019 2 34 0.883059 35 0.116941
  34 -25.423380 2.288903 57.592323 0.064596 0.453971 -0.888672 0.712451 0.959790 2 34 0.879115 35 0.120885
ring
  35 -25.423164 2.431258 57.810200 -0.075424 0.995275 -0.061146 0.755346 0.956019 2 35 0.501886 34 0.498114
  34 -25.402735 2.390247 57.684517 0.002277 0.837512 -0.546413 0.733899 0.956019 2 34 0.883059 35 0.116941
  34 -25.439091 2.387336 57.679867 0.003114 0.835613 -0.549309 0.733899 0.959790 2 34 0.500000 35 0.500000
ring
  35 -25.459066 2.428242 57.805496 -0.077332 0.995445 -0.055756 0.755346 0.959789 2 35 0.501886 34 0.498114
  35 -25.423164 2.431258 57.810200 -0.075424 0.995275 -0.061146 0.755346 0.956019 2 35 0.501886 34 0.498114
  34 -25.439091 2.387336 57.679867 0.003114 0.835613 -0.549309 0.733899 0.959790 2 34 0.500000 35 0.500000
ring
  34 -25.437902 2.403301 57.940083 -0.143542 0.885416 0.442079 0.776794 0.956019 2 34 0.500000 35 0.500000
  35 -25.423164 2.431258 57.810200 -0.075424 0.995275 -0.061146 0.755346 0.956019 2 35 0.501886 34 0.498114
  35 -25.459066 2.428242 57.805496 -0.077332 0.995445 -0.055756 0.755346 0.959789 2 35 0.501886 34 0.498114
ring
  35 -25.481272 2.399435 57.933517 -0.145269 0.887529 0.437251 0.776794 0.959789 2 35 0.879115 34 0.120885
  34 -25.437902 2.403301 57.940083 -0.143542 0.885416 0.442079 0.776794 0.956019 2 34 0.500000 35 0.500000
  35 -25.459066 2.428242 57.805496 -0.077332 0.995445 -0.055756 0.755346 0.959789 2 35 0.501886 34 0.498114
ring
  35 -25.481272 2.399435 57.933517 -0.145269 0.887529 0.437251 0.776794 0.959789 2 35 0.879115 34 0.120885
  34 -25.479334 2.310945 58.034718 -0.113442 0.992800 0.038450 0.798242 0.959789 2 34 0.500000 35 0.500000
  34 -25.437902 2.403301 57.940083 -0.143542 0.885416 0.442079 0.776794 0.956019 2 34 0.500000 35 0.500000
ring
  34 -25.479334 2.310945 58.034718 -0.113442 0.992800 0.038450 0.798242 0.959789 2 34 0.500000 35 0.500000
  34 -25.443460 2.313958 58.039425 -0.121770 0.936542 0.328727 0.798241 0.956019 2 34 0.500000 35 0.500000
  34 -25.437902 2.403301 57.940083 -0.143542 0.885416 0.442079 0.776794 0.956019 2 34 0.500000 35 0.500000
ring
  34 -25.443460 2.313958 58.039425 -0.121770 0.936542 0.328727 0.798241 0.956019 2 34 0.500000 35 0.500000
  34 -25.479334 2.310945 58.034718 -0.113442 0.992800 0.038450 0.798242 0.959789 2 34 0.500000 35 0.500000
  34 -25.404518 2.316408 58.050400 0.097572 0.839854 -0.533971 0.799359 0.952782 2 34 0.884945 35 0.115055
ring
  34 -25.442730 2.308193 58.031776 0.116378 0.798330 -0.590869 0.798241 0.956019 2 34 0.500000 35 0.500000
  34 -25.443460 2.313958 58.039425 0.116316 0.798418 -0.590762 0.798241 0.956019 2 34 0.500000 35 0.500000
  34 -25.404518 2.316408 58.050400 0.097572 0.839854 -0.533971 0.799359 0.952782 2 34 0.884945 35 0.115055
ring
  34 -25.405355 2.310529 58.042305 0.139603 0.558981 -0.817344 0.799359 0.952782 2 34 0.884945 35 0.115055
  34 -25.442730 2.308193 58.031776 0.116378 0.798330 -0.590869 0.798241 0.956019 2 34 0.500000 35 0.500000
  34 -25.404518 2.316408 58.050400 0.097572 0.839854 -0.533971 0.799359 0.952782 2 34 0.884945 35 0.115055
ring
  34 -25.479334 2.310945 58.034718 -0.113442 0.992800 0.038450 0.798242 0.959789 2 34 0.500000 35 0.500000
  35 -25.519653 2.307370 58.034805 -0.074547 0.824861 -0.560398 0.799359 0.963025 2 35 0.884945 34 0.115055
  34 -25.404518 2.316408 58.050400 0.097572 0.839854 -0.533971 0.799359 0.952782 2 34 0.884945 35 0.115055
ring
  35 -25.515810 2.301854 58.027336 0.001491 0.550808 -0.834631 0.799359 0.963025 2 35 0.884945 34 0.115055
  34 -25.405355 2.310529 58.042305 0.139603 0.558981 -0.817344 0.799359 0.952782 2 34 0.884945 35 0.115055
  34 -25.454067 2.217822 58.041645 0.139174 -0.066029 -0.988064 0.814377 0.957903 2 34 0.500000 35 0.500000
ring
  34 -25.479334 2.310945 58.034718 -0.113442 0.992800 0.038450 0.798242 0.959789 2 34 0.500000 35 0.500000
  34 -25.477123 2.305287 58.027245 -0.070940 0.784948 -0.615486 0.798242 0.959789 2 34 0.500000 35 0.500000
  35 -25.519653 2.307370 58.034805 -0.074547 0.824861 -0.560398 0.799359 0.963025 2 35 0.884945 34 0.115055
ring
  34 -25.477123 2.305287 58.027245 -0.070940 0.784948 -0.615486 0.798242 0.959789 2 34 0.500000 35 0.500000
  35 -25.515810 2.301854 58.027336 0.001491 0.550808 -0.834631 0.799359 0.963025 2 35 0.884945 34 0.115055
  35 -25.519653 2.307370 58.034805 -0.074547 0.824861 -0.560398 0.799359 0.963025 2 35 0.884945 34 0.115055
ring
  35 -25.519653 2.307370 58.034805 -0.139021 0.066114 0.988080 0.799359 0.963025 2 35 0.884945 34 0.115055
  34 -25.455280 2.219703 58.049728 -0.139021 0.066114 0.988080 0.814377 0.957903 2 34 0.500000 35 0.500000
  34 -25.404518 2.316408 58.050400 -0.139021 0.066114 0.988080 0.799359 0.952782 2 34 0.884945 35 0.115055
ring
  34 -25.458494 2.058902 58.042500 -0.982213 -0.024846 -0.186118 0.798242 0.959789 2 34 0.500000 35 0.500000
  34 -25.440161 1.964283 57.958538 -0.987311 -0.006616 -0.158663 0.776794 0.959789 2 34 0.886082 35 0.113918
  34 -25.440821 1.955237 57.963024 -0.988073 -0.004325 -0.153926 0.776794 0.959789 2 34 0.886082 35 0.113918
ring
  34 -25.459906 2.053907 58.050621 -0.982235 -0.024953 -0.185989 0.798242 0.959789 2 34 0.500000 35 0.500000
  34 -25.458494 2.058902 58.042500 -0.982213 -0.024846 -0.186118 0.798242 0.959789 2 34 0.500000 35 0.500000
  34 -25.440821 1.955237 57.963024 -0.988073 -0.004325 -0.153926 0.776794 0.959789 2 34 0.886082 35 0.113918
ring
  34 -25.440821 1.955237 57.963024 -0.988073 -0.004325 -0.153926 0.776794 0.959789 2 34 0.886082 35 0.113918
  34 -25.440161 1.964283 57.958538 -0.987311 -0.006616 -0.158663 0.776794 0.959789 2 34 0.886082 35 0.113918
  34 -25.425484 1.914124 57.836739 -0.994359 0.010441 -0.105551 0.755346 0.959789 2 34 0.908487 35 0.091513
ring
  34 -25.440161 1.964283 57.958538 -0.987311 -0.006616 -0.158663 0.776794 0.959789 2 34 0.886082 35 0.113918
  34 -25.425449 1.924914 57.837490 -0.994064 0.010618 -0.108277 0.755346 0.959789 2 34 0.908487 35 0.091513
  34 -25.425484 1.914124 57.836739 -0.994359 0.010441 -0.105551 0.755346 0.959789 2 34 0.908487 35 0.091513
ring
  34 -25.425484 1.914124 57.836739 -0.994359 0.010441 -0.105551 0.755346 0.959789 2 34 0.908487 35 0.091513
  34 -25.425449 1.924914 57.837490 -0.994064 0.010618 -0.108277 0.755346 0.959789 2 34 0.908487 35 0.091513
  34 -25.413475 1.942055 57.706547 -0.997310 -0.003326 -0.073222 0.733899 0.959790 2 34 0.886082 35 0.113918
ring
  34 -25.425449 1.924914 57.837490 -0.994064 0.010618 -0.108277 0.755346 0.959789 2 34 0.908487 35 0.091513
  34 -25.413961 1.951649 57.712685 -0.997162 -0.002060 -0.075261 0.733899 0.959790 2 34 0.886082 35 0.113918
  34 -25.413475 1.942055 57.706547 -0.997310 -0.003326 -0.073222 0.733899 0.959790 2 34 0.886082 35 0.113918
ring
  34 -25.413475 1.942055 57.706547 -0.997310 -0.003326 -0.073222 0.733899 0.959790 2 34 0.886082 35 0.113918
  34 -25.413961 1.951649 57.712685 -0.997162 -0.002060 -0.075261 0.733899 0.959790 2 34 0.886082 35 0.113918
  34 -25.408802 2.031446 57.607243 -0.998419 -0.027295 -0.049145 0.712451 0.959790 2 34 0.884945 35 0.115055
ring
  34 -25.413961 1.951649 57.712685 -0.997162 -0.002060 -0.075261 0.733899 0.959790 2 34 0.886082 35 0.113918
  34 -25.409466 2.037370 57.617447 -0.998417 -0.026284 -0.049731 0.712451 0.959790 2 34 0.884945 35 0.115055
  34 -25.408802 2.031446 57.607243 -0.998419 -0.027295 -0.049145 0.712451 0.959790 2 34 0.884945 35 0.115055
ring
  34 -25.408802 2.031446 57.607243 -0.998419 -0.027295 -0.049145 0.712451 0.959790 2 34 0.884945 35 0.115055
  34 -25.409466 2.037370 57.617447 -0.998417 -0.026284 -0.049731 0.712451 0.959790 2 34 0.884945 35 0.115055
  34 -25.412338 2.158409 57.565422 -0.997419 -0.058856 -0.041117 0.691003 0.959790 2 34 0.879115 35 0.120885
ring
  34 -25.409466 2.037370 57.617447 -0.998417 -0.026284 -0.049731 0.712451 0.959790 2 34 0.884945 35 0.115055
  34 -25.412874 2.159074 57.577400 -0.997415 -0.058863 -0.041202 0.691003 0.959790 2 34 0.879115 35 0.120885
  34 -25.412338 2.158409 57.565422 -0.997419 -0.058856 -0.041117 0.691003 0.959790 2 34 0.879115 35 0.120885
ring
  34 -25.412874 2.159074 57.577400 -0.997415 -0.058863 -0.041202 0.691003 0.959790 2 34 0.879115 35 0.120885
  34 -25.423441 2.284160 57.603184 -0.994480 -0.093974 -0.046675 0.712451 0.959790 2 34 0.879115 35 0.120885
  34 -25.412338 2.158409 57.565422 -0.997419 -0.058856 -0.041117 0.691003 0.959790 2 34 0.879115 35 0.120885
ring
  34 -25.423441 2.284160 57.603184 -0.994480 -0.093974 -0.046675 0.712451 0.959790 2 34 0.879115 35 0.120885
  34 -25.423380 2.288903 57.592323 -0.994621 -0.092704 -0.046208 0.712451 0.959790 2 34 0.879115 35 0.120885
  34 -25.412338 2.158409 57.565422 -0.997419 -0.058856 -0.041117 0.691003 0.959790 2 34 0.879115 35 0.120885
ring
  34 -25.423441 2.284160 57.603184 -0.994480 -0.093974 -0.046675 0.712451 0.959790 2 34 0.879115 35 0.120885
  34 -25.438543 2.378522 57.687099 -0.987964 -0.130246 -0.083444 0.733899 0.959790 2 34 0.500000 35 0.500000
  34 -25.423380 2.288903 57.592323 -0.994621 -0.092704 -0.046208 0.712451 0.959790 2 34 0.879115 35 0.120885
ring
  34 -25.438543 2.378522 57.687099 -0.987964 -0.130246 -0.083444 0.733899 0.959790 2 34 0.500000 35 0.500000
  34 -25.439091 2.387336 57.679867 -0.988593 -0.127494 -0.080184 0.733899 0.959790 2 34 0.500000 35 0.500000
  34 -25.423380 2.288903 57.592323 -0.994621 -0.092704 -0.046208 0.712451 0.959790 2 34 0.879115 35 0.120885
ring
  34 -25.438543 2.378522 57.687099 -0.987964 -0.130246 -0.083444 0.733899 0.959790 2 34 0.500000 35 0.500000
  35 -25.457684 2.417752 57.807526 -0.974256 -0.159310 -0.159514 0.755346 0.959789 2 35 0.501886 34 0.498114
  34 -25.439091 2.387336 57.679867 -0.988593 -0.127494 -0.080184 0.733899 0.959790 2 34 0.500000 35 0.500000
ring
  35 -25.457684 2.417752 57.807526 -0.974256 -0.159310 -0.159514 0.755346 0.959789 2 35 0.501886 34 0.498114
  35 -25.459066 2.428242 57.805496 -0.975700 -0.157955 -0.151854 0.755346 0.959789 2 35 0.501886 34 0.498114
  34 -25.439091 2.387336 57.679867 -0.988593 -0.127494 -0.080184 0.733899 0.959790 2 34 0.500000 35 0.500000
ring
  35 -25.457684 2.417752 57.807526 -0.974256 -0.159310 -0.159514 0.755346 0.959789 2 35 0.501886 34 0.498114
  35 -25.478985 2.390121 57.930252 -0.968882 -0.176957 -0.173072 0.776794 0.959789 2 35 0.879115 34 0.120885
  35 -25.459066 2.428242 57.805496 -0.975700 -0.157955 -0.151854 0.755346 0.959789 2 35 0.501886 34 0.498114
ring
  35 -25.478985 2.390121 57.930252 -0.968882 -0.176957 -0.173072 0.776794 0.959789 2 35 0.879115 34 0.120885
  35 -25.481272 2.399435 57.933517 -0.968401 -0.175254 -0.177441 0.776794 0.959789 2 35 0.879115 34 0.120885
  35 -25.459066 2.428242 57.805496 -0.975700 -0.157955 -0.151854 0.755346 0.959789 2 35 0.501886 34 0.498114
ring
  35 -25.478985 2.390121 57.930252 -0.968882 -0.176957 -0.173072 0.776794 0.959789 2 35 0.879115 34 0.120885
  34 -25.477123 2.305287 58.027245 -0.971486 -0.187318 -0.145353 0.798242 0.959789 2 34 0.500000 35 0.500000
  35 -25.481272 2.399435 57.933517 -0.968401 -0.175254 -0.177441 0.776794 0.959789 2 35 0.879115 34 0.120885
ring
  34 -25.477123 2.305287 58.027245 -0.971486 -0.187318 -0.145353 0.798242 0.959789 2 34 0.500000 35 0.500000
  34 -25.479334 2.310945 58.034718 -0.971485 -0.187315 -0.145363 0.798242 0.959789 2 34 0.500000 35 0.500000
  35 -25.481272 2.399435 57.933517 -0.968401 -0.175254 -0.177441 0.776794 0.959789 2 35 0.879115 34 0.120885
ring
  34 -25.377228 2.039330 57.620541 0.984793 0.091610 0.147618 0.712451 0.956019 2 34 0.991855 35 0.008145
  34 -25.375174 2.033502 57.610462 0.984798 0.090577 0.148219 0.712451 0.956019 2 34 0.991855 35 0.008145
  34 -25.378426 2.160518 57.568737 0.986132 0.055214 0.156509 0.691003 0.956019 2 34 0.991855 35 0.008145
ring
  34 -25.377228 2.039330 57.620541 0.984793 0.091610 0.147618 0.712451 0.956019 2 34 0.991855 35 0.008145
  34 -25.381466 1.953614 57.715736 0.985842 0.117977 0.119149 0.733899 0.956019 2 34 0.992993 35 0.007007
  34 -25.375174 2.033502 57.610462 0.984798 0.090577 0.148219 0.712451 0.956019 2 34 0.991855 35 0.008145
ring
  34 -25.380337 2.161113 57.580578 0.986158 0.055186 0.156355 0.691003 0.956019 2 34 0.991855 35 0.008145
  34 -25.377228 2.039330 57.620541 0.984793 0.091610 0.147618 0.712451 0.956019 2 34 0.991855 35 0.008145
  34 -25.378426 2.160518 57.568737 0.986132 0.055214 0.156509 0.691003 0.956019 2 34 0.991855 35 0.008145
ring
  34 -25.381466 1.953614 57.715736 0.985842 0.117977 0.119149 0.733899 0.956019 2 34 0.992993 35 0.007007
  34 -25.379599 1.944061 57.709751 0.985724 0.116562 0.121495 0.733899 0.956019 2 34 0.992993 35 0.007007
  34 -25.375174 2.033502 57.610462 0.984798 0.090577 0.148219 0.712451 0.956019 2 34 0.991855 35 0.008145
ring
  34 -25.388874 2.286366 57.606781 0.987267 0.024651 0.157151 0.712451 0.956019 2 34 0.879115 35 0.120885
  34 -25.380337 2.161113 57.580578 0.986158 0.055186 0.156355 0.691003 0.956019 2 34 0.991855 35 0.008145
  34 -25.378426 2.160518 57.568737 0.986132 0.055214 0.156509 0.691003 0.956019 2 34 0.991855 35 0.008145
ring
  34 -25.381466 1.953614 57.715736 0.985842 0.117977 0.119149 0.733899 0.956019 2 34 0.992993 35 0.007007
  34 -25.390860 1.927036 57.841022 0.987296 0.131999 0.088451 0.755346 0.956019 2 34 0.908487 35 0.091513
  34 -25.379599 1.944061 57.709751 0.985724 0.116562 0.121495 0.733899 0.956019 2 34 0.992993 35 0.007007
ring
  34 -25.387291 2.291186 57.596096 0.987203 0.025278 0.157454 0.712451 0.956019 2 34 0.879115 35 0.120885
  34 -25.388874 2.286366 57.606781 0.987267 0.024651 0.157151 0.712451 0.956019 2 34 0.879115 35 0.120885
  34 -25.378426 2.160518 57.568737 0.986132 0.055214 0.156509 0.691003 0.956019 2 34 0.991855 35 0.008145
ring
  34 -25.390860 1.927036 57.841022 0.987296 0.131999 0.088451 0.755346 0.956019 2 34 0.908487 35 0.091513
  34 -25.389378 1.916351 57.840431 0.987135 0.131869 0.090412 0.755346 0.956019 2 34 0.908487 35 0.091513
  34 -25.379599 1.944061 57.709751 0.985724 0.116562 0.121495 0.733899 0.956019 2 34 0.992993 35 0.007007
ring
  34 -25.403652 2.381303 57.691521 0.987970 0.018969 0.153478 0.733899 0.956019 2 34 0.883059 35 0.116941
  34 -25.388874 2.286366 57.606781 0.987267 0.024651 0.157151 0.712451 0.956019 2 34 0.879115 35 0.120885
  34 -25.387291 2.291186 57.596096 0.987203 0.025278 0.157454 0.712451 0.956019 2 34 0.879115 35 0.120885
ring
  34 -25.390860 1.927036 57.841022 0.987296 0.131999 0.088451 0.755346 0.956019 2 34 0.908487 35 0.091513
  34 -25.405582 1.966475 57.962124 0.990637 0.122583 0.060093 0.776794 0.956019 2 34 0.886082 35 0.113918
  34 -25.389378 1.916351 57.840431 0.987135 0.131869 0.090412 0.755346 0.956019 2 34 0.908487 35 0.091513
ring
  34 -25.402735 2.390247 57.684517 0.987994 0.018799 0.153343 0.733899 0.956019 2 34 0.883059 35 0.116941
  34 -25.403652 2.381303 57.691521 0.987970 0.018969 0.153478 0.733899 0.956019 2 34 0.883059 35 0.116941
  34 -25.387291 2.291186 57.596096 0.987203 0.025278 0.157454 0.712451 0.956019 2 34 0.879115 35 0.120885
ring
  34 -25.405582 1.966475 57.962124 0.990637 0.122583 0.060093 0.776794 0.956019 2 34 0.886082 35 0.113918
  34 -25.404751 1.957477 57.966751 0.990347 0.123710 0.062522 0.776794 0.956019 2 34 0.886082 35 0.113918
  34 -25.389378 1.916351 57.840431 0.987135 0.131869 0.090412 0.755346 0.956019 2 34 0.908487 35 0.091513
ring
  35 -25.423269 2.420632 57.812046 0.990941 0.013518 0.133614 0.755346 0.956019 2 35 0.501886 34 0.498114
  34 -25.403652 2.381303 57.691521 0.987970 0.018969 0.153478 0.733899 0.956019 2 34 0.883059 35 0.116941
  34 -25.402735 2.390247 57.684517 0.987994 0.018799 0.153343 0.733899 0.956019 2 34 0.883059 35 0.116941
ring
  34 -25.405582 1.966475 57.962124 0.990637 0.122583 0.060093 0.776794 0.956019 2 34 0.886082 35 0.113918
  34 -25.420364 2.061425 58.046875 0.992407 0.114555 0.044769 0.798241 0.956019 2 34 0.879115 35 0.120885
  34 -25.404751 1.957477 57.966751 0.990347 0.123710 0.062522 0.776794 0.956019 2 34 0.886082 35 0.113918
ring
  34 -25.420364 2.061425 58.046875 0.992407 0.114555 0.044769 0.798241 0.956019 2 34 0.879115 35 0.120885
  34 -25.420177 2.056551 58.055195 0.992409 0.114538 0.044774 0.798241 0.956019 2 34 0.879115 35 0.120885
  34 -25.404751 1.957477 57.966751 0.990347 0.123710 0.062522 0.776794 0.956019 2 34 0.886082 35 0.113918
ring
  35 -25.423164 2.431258 57.810200 0.990500 0.013923 0.136803 0.755346 0.956019 2 35 0.501886 34 0.498114
  35 -25.423269 2.420632 57.812046 0.990941 0.013518 0.133614 0.755346 0.956019 2 35 0.501886 34 0.498114
  34 -25.402735 2.390247 57.684517 0.987994 0.018799 0.153343 0.733899 0.956019 2 34 0.883059 35 0.116941
ring
  34 -25.437397 2.393815 57.936535 0.995319 0.017453 0.095051 0.776794 0.956019 2 34 0.500000 35 0.500000
  35 -25.423269 2.420632 57.812046 0.990941 0.013518 0.133614 0.755346 0.956019 2 35 0.501886 34 0.498114
  35 -25.423164 2.431258 57.810200 0.990500 0.013923 0.136803 0.755346 0.956019 2 35 0.501886 34 0.498114
ring
  34 -25.437902 2.403301 57.940083 0.995074 0.016475 0.097752 0.776794 0.956019 2 34 0.500000 35 0.500000
  34 -25.437397 2.393815 57.936535 0.995319 0.017453 0.095051 0.776794 0.956019 2 34 0.500000 35 0.500000
  35 -25.423164 2.431258 57.810200 0.990500 0.013923 0.136803 0.755346 0.956019 2 35 0.501886 34 0.498114
ring
  34 -25.442730 2.308193 58.031776 0.996728 0.023836 0.077234 0.798241 0.956019 2 34 0.500000 35 0.500000
  34 -25.437397 2.393815 57.936535 0.995319 0.017453 0.095051 0.776794 0.956019 2 34 0.500000 35 0.500000
  34 -25.437902 2.403301 57.940083 0.995074 0.016475 0.097752 0.776794 0.956019 2 34 0.500000 35 0.500000
ring
  34 -25.443460 2.313958 58.039425 0.996729 0.023840 0.077225 0.798241 0.956019 2 34 0.500000 35 0.500000
  34 -25.442730 2.308193 58.031776 0.996728 0.023836 0.077234 0.798241 0.956019 2 34 0.500000 35 0.500000
  34 -25.437902 2.403301 57.940083 0.995074 0.016475 0.097752 0.776794 0.956019 2 34 0.500000 35 0.500000
ring
  34 -25.448923 2.149914 58.045834 0.810389 0.561047 0.168805 0.814377 0.957903 2 34 0.500000 35 0.500000
  34 -25.449919 2.148864 58.054111 0.810421 0.561045 0.168661 0.814377 0.957903 2 34 0.500000 35 0.500000
  34 -25.389853 2.058776 58.065311 0.809865 0.561084 0.171184 0.799359 0.952782 2 34 0.884945 35 0.115055
ring
  34 -25.391329 2.063566 58.056602 0.809817 0.561088 0.171397 0.799359 0.952782 2 34 0.884945 35 0.115055
  34 -25.448923 2.149914 58.045834 0.810389 0.561047 0.168805 0.814377 0.957903 2 34 0.500000 35 0.500000
  34 -25.389853 2.058776 58.065311 0.809865 0.561084 0.171184 0.799359 0.952782 2 34 0.884945 35 0.115055
ring
  34 -25.454067 2.217822 58.041645 0.860167 -0.452819 0.234663 0.814377 0.957903 2 34 0.500000 35 0.500000
  34 -25.405355 2.310529 58.042305 0.858223 -0.453407 0.240572 0.799359 0.952782 2 34 0.884945 35 0.115055
  34 -25.404518 2.316408 58.050400 0.858383 -0.453360 0.240091 0.799359 0.952782 2 34 0.884945 35 0.115055
ring
  34 -25.455280 2.219703 58.049728 0.860274 -0.452786 0.234337 0.814377 0.957903 2 34 0.500000 35 0.500000
  34 -25.454067 2.217822 58.041645 0.860167 -0.452819 0.234663 0.814377 0.957903 2 34 0.500000 35 0.500000
  34 -25.404518 2.316408 58.050400 0.858383 -0.453360 0.240091 0.799359 0.952782 2 34 0.884945 35 0.115055
ring
  34 -25.448923 2.149914 58.045834 -0.917084 0.394090 -0.060419 0.814377 0.957903 2 34 0.500000 35 0.500000
  34 -25.488903 2.056681 58.045238 -0.917274 0.393522 -0.061216 0.799359 0.963025 2 34 0.500000 35 0.500000
  34 -25.491632 2.051604 58.053482 -0.917258 0.393570 -0.061148 0.799359 0.963025 2 34 0.500000 35 0.500000
ring
  34 -25.449919 2.148864 58.054111 -0.917072 0.394123 -0.060373 0.814377 0.957903 2 34 0.500000 35 0.500000
  34 -25.448923 2.149914 58.045834 -0.917084 0.394090 -0.060419 0.814377 0.957903 2 34 0.500000 35 0.500000
  34 -25.491632 2.051604 58.053482 -0.917258 0.393570 -0.061148 0.799359 0.963025 2 34 0.500000 35 0.500000
ring
  34 -25.454067 2.217822 58.041645 -0.807390 -0.589793 0.016297 0.814377 0.957903 2 34 0.500000 35 0.500000
  34 -25.455280 2.219703 58.049728 -0.807385 -0.589805 0.016093 0.814377 0.957903 2 34 0.500000 35 0.500000
  35 -25.519653 2.307370 58.034805 -0.807466 -0.589584 0.019722 0.799359 0.963025 2 35 0.884945 34 0.115055
ring
  35 -25.515810 2.301854 58.027336 -0.807473 -0.589564 0.020024 0.799359 0.963025 2 35 0.884945 34 0.115055
  34 -25.454067 2.217822 58.041645 -0.807390 -0.589793 0.016297 0.814377 0.957903 2 34 0.500000 35 0.500000
  35 -25.519653 2.307370 58.034805 -0.807466 -0.589584 0.019722 0.799359 0.963025 2 35 0.884945 34 0.115055
ring
  42 -24.945301 0.008025 57.576935 -0.102326 -0.146284 0.983936 0.827393 0.957792 1 42 1.000000
  42 -24.923740 0.007476 57.584969 -0.348872 -0.144776 0.925920 0.827399 0.963146 1 42 1.000000
  42 -24.929525 0.122459 57.625652 -0.329951 -0.500555 0.800360 0.838884 0.963077 1 42 1.000000
ring
  42 -24.922832 -0.114500 57.591141 -0.349752 0.232703 0.907482 0.815901 0.963213 1 42 1.000000
  42 -24.923740 0.007476 57.584969 -0.348872 -0.144776 0.925920 0.827399 0.963146 1 42 1.000000
  42 -24.945301 0.008025 57.576935 -0.102326 -0.146284 0.983936 0.827393 0.957792 1 42 1.000000
ring
  42 -24.951176 0.125131 57.618397 -0.083743 -0.513733 0.853853 0.838878 0.957727 1 42 1.000000
  42 -24.945301 0.008025 57.576935 -0.102326 -0.146284 0.983936 0.827393 0.957792 1 42 1.000000
  42 -24.929525 0.122459 57.625652 -0.329951 -0.500555 0.800360 0.838884 0.963077 1 42 1.000000
ring
  42 -24.951176 0.125131 57.618397 -0.083743 -0.513733 0.853853 0.838878 0.957727 1 42 1.000000
  42 -24.929525 0.122459 57.625652 -0.329951 -0.500555 0.800360 0.838884 0.963077 1 42 1.000000
  42 -24.939304 0.212969 57.707035 -0.299672 -0.780517 0.548625 0.850363 0.963009 1 42 1.000000
ring
  42 -24.944372 -0.116179 57.583271 -0.106479 0.243355 0.964075 0.815895 0.957855 1 42 1.000000
  42 -24.922832 -0.114500 57.591141 -0.349752 0.232703 0.907482 0.815901 0.963213 1 42 1.000000
  42 -24.945301 0.008025 57.576935 -0.102326 -0.146284 0.983936 0.827393 0.957792 1 42 1.000000
ring
  42 -24.961134 0.217303 57.701275 -0.053302 -0.802809 0.593848 0.850357 0.957662 1 42 1.000000
  42 -24.951176 0.125131 57.618397 -0.083743 -0.513733 0.853853 0.838878 0.957727 1 42 1.000000
  42 -24.939304 0.212969 57.707035 -0.299672 -0.780517 0.548625 0.850363 0.963009 1 42 1.000000
ring
  42 -24.944372 -0.116179 57.583271 -0.106479 0.243355 0.964075 0.815895 0.957855 1 42 1.000000
  42 -24.948671 -0.228623 57.636322 -0.093387 0.596232 0.797362 0.804391 0.957910 2 42 0.991855 43 0.008145
  42 -24.922832 -0.114500 57.591141 -0.349752 0.232703 0.907482 0.815901 0.963213 1 42 1.000000
ring
  42 -24.948671 -0.228623 57.636322 -0.093387 0.596232 0.797362 0.804391 0.957910 2 42 0.991855 43 0.008145
  42 -24.926954 -0.224840 57.643295 -0.339223 0.573644 0.745560 0.804395 0.963271 1 42 1.000000
  42 -24.922832 -0.114500 57.591141 -0.349752 0.232703 0.907482 0.815901 0.963213 1 42 1.000000
ring
  42 -24.967207 -0.115105 57.586411 0.143647 0.239112 0.960308 0.815890 0.952497 2 42 0.992993 43 0.007007
  42 -24.944372 -0.116179 57.583271 -0.106479 0.243355 0.964075 0.815895 0.957855 1 42 1.000000
  42 -24.945301 0.008025 57.576935 -0.102326 -0.146284 0.983936 0.827393 0.957792 1 42 1.000000
ring
  42 -24.948671 -0.228623 57.636322 -0.093387 0.596232 0.797362 0.804391 0.957910 2 42 0.991855 43 0.008145
  42 -24.944372 -0.116179 57.583271 -0.106479 0.243355 0.964075 0.815895 0.957855 1 42 1.000000
  42 -24.967207 -0.115105 57.586411 0.143647 0.239112 0.960308 0.815890 0.952497 2 42 0.992993 43 0.007007
ring
  42 -24.968031 0.006893 57.580284 0.150901 -0.138519 0.978796 0.827388 0.952438 1 42 1.000000
  42 -24.967207 -0.115105 57.586411 0.143647 0.239112 0.960308 0.815890 0.952497 2 42 0.992993 43 0.007007
  42 -24.945301 0.008025 57.576935 -0.102326 -0.146284 0.983936 0.827393 0.957792 1 42 1.000000
ring
  42 -24.971378 -0.225478 57.638542 0.158300 0.580464 0.798750 0.804386 0.952549 2 42 0.991855 43 0.008145
  42 -24.948671 -0.228623 57.636322 -0.093387 0.596232 0.797362 0.804391 0.957910 2 42 0.991855 43 0.008145
  42 -24.967207 -0.115105 57.586411 0.143647 0.239112 0.960308 0.815890 0.952497 2 42 0.992993 43 0.007007
ring
  42 -24.968031 0.006893 57.580284 0.150901 -0.138519 0.978796 0.827388 0.952438 1 42 1.000000
  42 -24.945301 0.008025 57.576935 -0.102326 -0.146284 0.983936 0.827393 0.957792 1 42 1.000000
  42 -24.973816 0.121875 57.620964 0.167677 -0.494086 0.853091 0.838873 0.952378 1 42 1.000000
ring
  42 -24.945301 0.008025 57.576935 -0.102326 -0.146284 0.983936 0.827393 0.957792 1 42 1.000000
  42 -24.951176 0.125131 57.618397 -0.083743 -0.513733 0.853853 0.838878 0.957727 1 42 1.000000
  42 -24.973816 0.121875 57.620964 0.167677 -0.494086 0.853091 0.838873 0.952378 1 42 1.000000
ring
  42 -24.973816 0.121875 57.620964 0.167677 -0.494086 0.853091 0.838873 0.952378 1 42 1.000000
  42 -24.951176 0.125131 57.618397 -0.083743 -0.513733 0.853853 0.838878 0.957727 1 42 1.000000
  42 -24.961134 0.217303 57.701275 -0.053302 -0.802809 0.593848 0.850357 0.957662 1 42 1.000000
ring
  42 -24.983614 0.212418 57.702324 0.196234 -0.774356 0.601551 0.850352 0.952314 1 42 1.000000
  42 -24.973816 0.121875 57.620964 0.167677 -0.494086 0.853091 0.838873 0.952378 1 42 1.000000
  42 -24.961134 0.217303 57.701275 -0.053302 -0.802809 0.593848 0.850357 0.957662 1 42 1.000000
ring
  42 -24.957352 -0.312065 57.728119 -0.065117 0.857980 0.509538 0.792882 0.957953 2 42 0.991855 43 0.008145
  42 -24.948671 -0.228623 57.636322 -0.093387 0.596232 0.797362 0.804391 0.957910 2 42 0.991855 43 0.008145
  42 -24.971378 -0.225478 57.638542 0.158300 0.580464 0.798750 0.804386 0.952549 2 42 0.991855 43 0.008145
ring
  42 -24.948671 -0.228623 57.636322 -0.093387 0.596232 0.797362 0.804391 0.957910 2 42 0.991855 43 0.008145
  42 -24.957352 -0.312065 57.728119 -0.065117 0.857980 0.509538 0.792882 0.957953 2 42 0.991855 43 0.008145
  42 -24.926954 -0.224840 57.643295 -0.339223 0.573644 0.745560 0.804395 0.963271 1 42 1.000000
ring
  42 -24.957352 -0.312065 57.728119 -0.065117 0.857980 0.509538 0.792882 0.957953 2 42 0.991855 43 0.008145
  42 -24.935558 -0.306848 57.733387 -0.311283 0.827462 0.467342 0.792886 0.963314 2 42 0.991855 43 0.008145
  42 -24.926954 -0.224840 57.643295 -0.339223 0.573644 0.745560 0.804395 0.963271 1 42 1.000000
ring
  42 -24.979866 -0.307416 57.728687 0.185266 0.833997 0.519735 0.792878 0.952591 2 42 0.991855 43 0.008145
  42 -24.957352 -0.312065 57.728119 -0.065117 0.857980 0.509538 0.792882 0.957953 2 42 0.991855 43 0.008145
  42 -24.971378 -0.225478 57.638542 0.158300 0.580464 0.798750 0.804386 0.952549 2 42 0.991855 43 0.008145
ring
  42 -24.947140 -0.347912 57.847805 -0.275493 0.954627 0.113092 0.781377 0.963343 2 42 0.991855 43 0.008145
  42 -24.935558 -0.306848 57.733387 -0.311283 0.827462 0.467342 0.792886 0.963314 2 42 0.991855 43 0.008145
  42 -24.957352 -0.312065 57.728119 -0.065117 0.857980 0.509538 0.792882 0.957953 2 42 0.991855 43 0.008145
ring
  42 -24.969151 -0.353888 57.844627 -0.027807 0.989185 0.144010 0.781373 0.957982 2 42 0.991855 43 0.008145
  42 -24.957352 -0.312065 57.728119 -0.065117 0.857980 0.509538 0.792882 0.957953 2 42 0.991855 43 0.008145
  42 -24.979866 -0.307416 57.728687 0.185266 0.833997 0.519735 0.792878 0.952591 2 42 0.991855 43 0.008145
ring
  42 -24.969151 -0.353888 57.844627 -0.027807 0.989185 0.144010 0.781373 0.957982 2 42 0.991855 43 0.008145
  42 -24.947140 -0.347912 57.847805 -0.275493 0.954627 0.113092 0.781377 0.963343 2 42 0.991855 43 0.008145
  42 -24.957352 -0.312065 57.728119 -0.065117 0.857980 0.509538 0.792882 0.957953 2 42 0.991855 43 0.008145
ring
  42 -24.991451 -0.348481 57.843105 0.221680 0.960926 0.165767 0.781369 0.952620 2 42 0.991855 43 0.008145
  42 -24.969151 -0.353888 57.844627 -0.027807 0.989185 0.144010 0.781373 0.957982 2 42 0.991855 43 0.008145
  42 -24.979866 -0.307416 57.728687 0.185266 0.833997 0.519735 0.792878 0.952591 2 42 0.991855 43 0.008145
ring
  42 -24.960073 -0.341847 57.969059 -0.235598 0.935853 -0.262056 0.769871 0.963358 2 42 0.991855 43 0.008145
  42 -24.947140 -0.347912 57.847805 -0.275493 0.954627 0.113092 0.781377 0.963343 2 42 0.991855 43 0.008145
  42 -24.969151 -0.353888 57.844627 -0.027807 0.989185 0.144010 0.781373 0.957982 2 42 0.991855 43 0.008145
ring
  42 -24.982311 -0.347709 57.968121 0.013437 0.969799 -0.243537 0.769867 0.957999 2 42 0.991855 43 0.008145
  42 -24.969151 -0.353888 57.844627 -0.027807 0.989185 0.144010 0.781373 0.957982 2 42 0.991855 43 0.008145
  42 -24.991451 -0.348481 57.843105 0.221680 0.960926 0.165767 0.781369 0.952620 2 42 0.991855 43 0.008145
ring
  42 -24.982311 -0.347709 57.968121 0.013437 0.969799 -0.243537 0.769867 0.957999 2 42 0.991855 43 0.008145
  42 -24.960073 -0.341847 57.969059 -0.235598 0.935853 -0.262056 0.769871 0.963358 2 42 0.991855 43 0.008145
  42 -24.969151 -0.353888 57.844627 -0.027807 0.989185 0.144010 0.781373 0.957982 2 42 0.991855 43 0.008145
ring
  42 -25.004368 -0.342418 57.964378 0.261568 0.942177 -0.209485 0.769863 0.952640 2 42 0.991855 43 0.008145
  42 -24.982311 -0.347709 57.968121 0.013437 0.969799 -0.243537 0.769867 0.957999 2 42 0.991855 43 0.008145
  42 -24.991451 -0.348481 57.843105 0.221680 0.960926 0.165767 0.781369 0.952620 2 42 0.991855 43 0.008145
ring
  42 -24.982311 -0.347709 57.968121 0.013437 0.969799 -0.243537 0.769867 0.957999 2 42 0.991855 43 0.008145
  42 -24.994776 -0.294465 58.079834 0.052654 0.802723 -0.594022 0.758366 0.958008 2 42 0.991855 43 0.008145
  42 -24.960073 -0.341847 57.969059 -0.235598 0.935853 -0.262056 0.769871 0.963358 2 42 0.991855 43 0.008145
ring
  42 -24.994776 -0.294465 58.079834 0.052654 0.802723 -0.594022 0.758366 0.958008 2 42 0.991855 43 0.008145
  42 -24.982311 -0.347709 57.968121 0.013437 0.969799 -0.243537 0.769867 0.957999 2 42 0.991855 43 0.008145
  42 -25.004368 -0.342418 57.964378 0.261568 0.942177 -0.209485 0.769863 0.952640 2 42 0.991855 43 0.008145
ring
  42 -25.016619 -0.290124 58.074062 0.300271 0.780383 -0.548489 0.758363 0.952652 2 42 0.991855 43 0.008145
  42 -24.994776 -0.294465 58.079834 0.052654 0.802723 -0.594022 0.758366 0.958008 2 42 0.991855 43 0.008145
  42 -25.004368 -0.342418 57.964378 0.261568 0.942177 -0.209485 0.769863 0.952640 2 42 0.991855 43 0.008145
ring
  42 -24.994776 -0.294465 58.079834 0.052654 0.802723 -0.594022 0.758366 0.958008 2 42 0.991855 43 0.008145
  42 -24.972330 -0.289581 58.078728 -0.198161 0.774135 -0.601204 0.758370 0.963364 2 42 0.991855 43 0.008145
  42 -24.960073 -0.341847 57.969059 -0.235598 0.935853 -0.262056 0.769871 0.963358 2 42 0.991855 43 0.008145
ring
  42 -25.016619 -0.290124 58.074062 0.300271 0.780383 -0.548489 0.758363 0.952652 2 42 0.991855 43 0.008145
  42 -25.026354 -0.200253 58.154903 0.334181 0.502568 -0.797338 0.746871 0.952659 2 42 0.883059 43 0.116941
  42 -24.994776 -0.294465 58.079834 0.052654 0.802723 -0.594022 0.758366 0.958008 2 42 0.991855 43 0.008145
ring
  42 -24.994776 -0.294465 58.079834 0.052654 0.802723 -0.594022 0.758366 0.958008 2 42 0.991855 43 0.008145
  42 -25.004704 -0.202289 58.162693 0.086660 0.511132 -0.855122 0.746874 0.958010 2 42 0.991855 43 0.008145
  42 -24.972330 -0.289581 58.078728 -0.198161 0.774135 -0.601204 0.758370 0.963364 2 42 0.991855 43 0.008145
ring
  42 -25.026354 -0.200253 58.154903 0.334181 0.502568 -0.797338 0.746871 0.952659 2 42 0.883059 43 0.116941
  42 -25.004704 -0.202289 58.162693 0.086660 0.511132 -0.855122 0.746874 0.958010 2 42 0.991855 43 0.008145
  42 -24.994776 -0.294465 58.079834 0.052654 0.802723 -0.594022 0.758366 0.958008 2 42 0.991855 43 0.008145
ring
  42 -25.004704 -0.202289 58.162693 0.086660 0.511132 -0.855122 0.746874 0.958010 2 42 0.991855 43 0.008145
  42 -24.982065 -0.199040 58.160118 -0.167950 0.493904 -0.853142 0.746877 0.963362 2 42 0.991855 43 0.008145
  42 -24.972330 -0.289581 58.078728 -0.198161 0.774135 -0.601204 0.758370 0.963364 2 42 0.991855 43 0.008145
ring
  42 -25.026354 -0.200253 58.154903 0.334181 0.502568 -0.797338 0.746871 0.952659 2 42 0.883059 43 0.116941
  42 -25.031336 -0.085550 58.195358 0.380472 0.149603 -0.912612 0.735389 0.952662 2 42 0.833333 43 0.166667
  42 -25.004704 -0.202289 58.162693 0.086660 0.511132 -0.855122 0.746874 0.958010 2 42 0.991855 43 0.008145
ring
  42 -25.004704 -0.202289 58.162693 0.086660 0.511132 -0.855122 0.746874 0.958010 2 42 0.991855 43 0.008145
  42 -25.010532 -0.085217 58.204090 0.119357 0.143774 -0.982386 0.735392 0.958007 2 42 0.986111 43 0.013889
  42 -24.982065 -0.199040 58.160118 -0.167950 0.493904 -0.853142 0.746877 0.963362 2 42 0.991855 43 0.008145
ring
  42 -25.031336 -0.085550 58.195358 0.380472 0.149603 -0.912612 0.735389 0.952662 2 42 0.833333 43 0.166667
  42 -25.010532 -0.085217 58.204090 0.119357 0.143774 -0.982386 0.735392 0.958007 2 42 0.986111 43 0.013889
  42 -25.004704 -0.202289 58.162693 0.086660 0.511132 -0.855122 0.746874 0.958010 2 42 0.991855 43 0.008145
ring
  42 -25.010532 -0.085217 58.204090 0.119357 0.143774 -0.982386 0.735392 0.958007 2 42 0.986111 43 0.013889
  42 -24.987787 -0.084097 58.200764 -0.150385 0.138436 -0.978887 0.735395 0.963353 2 42 0.986111 43 0.013889
  42 -24.982065 -0.199040 58.160118 -0.167950 0.493904 -0.853142 0.746877 0.963362 2 42 0.991855 43 0.008145
ring
  42 -24.988695 0.037891 58.194618 -0.147093 -0.238772 -0.959871 0.723928 0.963342 2 42 0.991855 43 0.008145
  42 -24.987787 -0.084097 58.200764 -0.150385 0.138436 -0.978887 0.735395 0.963353 2 42 0.986111 43 0.013889
  42 -25.010532 -0.085217 58.204090 0.119357 0.143774 -0.982386 0.735392 0.958007 2 42 0.986111 43 0.013889
ring
  42 -25.011444 0.039021 58.197826 0.133036 -0.242483 -0.960991 0.723926 0.958002 2 42 0.991855 43 0.008145
  42 -25.010532 -0.085217 58.204090 0.119357 0.143774 -0.982386 0.735392 0.958007 2 42 0.986111 43 0.013889
  42 -25.031336 -0.085550 58.195358 0.380472 0.149603 -0.912612 0.735389 0.952662 2 42 0.833333 43 0.166667
ring
  42 -25.011444 0.039021 58.197826 0.133036 -0.242483 -0.960991 0.723926 0.958002 2 42 0.991855 43 0.008145
  42 -24.988695 0.037891 58.194618 -0.147093 -0.238772 -0.959871 0.723928 0.963342 2 42 0.991855 43 0.008145
  42 -25.010532 -0.085217 58.204090 0.119357 0.143774 -0.982386 0.735392 0.958007 2 42 0.986111 43 0.013889
ring
  42 -25.031620 0.036423 58.189163 0.408599 -0.218983 -0.886055 0.723922 0.952663 2 42 0.833333 43 0.166667
  42 -25.011444 0.039021 58.197826 0.133036 -0.242483 -0.960991 0.723926 0.958002 2 42 0.991855 43 0.008145
  42 -25.031336 -0.085550 58.195358 0.380472 0.149603 -0.912612 0.735389 0.952662 2 42 0.833333 43 0.166667
ring
  42 -25.031620 0.036423 58.189163 0.408599 -0.218983 -0.886055 0.723922 0.952663 2 42 0.833333 43 0.166667
  42 -25.028847 0.147687 58.137798 0.341517 -0.573381 -0.744714 0.712466 0.952658 2 42 0.991855 43 0.008145
  42 -25.011444 0.039021 58.197826 0.133036 -0.242483 -0.960991 0.723926 0.958002 2 42 0.991855 43 0.008145
ring
  42 -25.011444 0.039021 58.197826 0.133036 -0.242483 -0.960991 0.723926 0.958002 2 42 0.991855 43 0.008145
  42 -25.007231 0.151399 58.144730 0.091578 -0.596144 -0.797638 0.712469 0.957994 2 42 0.991855 43 0.008145
  42 -24.988695 0.037891 58.194618 -0.147093 -0.238772 -0.959871 0.723928 0.963342 2 42 0.991855 43 0.008145
ring
  42 -25.028847 0.147687 58.137798 0.341517 -0.573381 -0.744714 0.712466 0.952658 2 42 0.991855 43 0.008145
  42 -25.007231 0.151399 58.144730 0.091578 -0.596144 -0.797638 0.712469 0.957994 2 42 0.991855 43 0.008145
  42 -25.011444 0.039021 58.197826 0.133036 -0.242483 -0.960991 0.723926 0.958002 2 42 0.991855 43 0.008145
ring
  42 -25.007231 0.151399 58.144730 0.091578 -0.596144 -0.797638 0.712469 0.957994 2 42 0.991855 43 0.008145
  42 -24.984554 0.148229 58.142467 -0.160765 -0.580110 -0.798516 0.712472 0.963331 2 42 0.991855 43 0.008145
  42 -24.988695 0.037891 58.194618 -0.147093 -0.238772 -0.959871 0.723928 0.963342 2 42 0.991855 43 0.008145
ring
  42 -25.028847 0.147687 58.137798 0.341517 -0.573381 -0.744714 0.712466 0.952658 2 42 0.991855 43 0.008145
  42 -25.020353 0.229625 58.047646 0.311118 -0.827680 -0.467067 0.701016 0.952642 2 42 0.991855 43 0.008145
  42 -25.007231 0.151399 58.144730 0.091578 -0.596144 -0.797638 0.712469 0.957994 2 42 0.991855 43 0.008145
ring
  42 -24.976048 0.230194 58.052341 -0.185512 -0.833982 -0.519672 0.701017 0.963315 2 42 0.991855 43 0.008145
  42 -24.984554 0.148229 58.142467 -0.160765 -0.580110 -0.798516 0.712472 0.963331 2 42 0.991855 43 0.008145
  42 -25.007231 0.151399 58.144730 0.091578 -0.596144 -0.797638 0.712469 0.957994 2 42 0.991855 43 0.008145
ring
  42 -25.020353 0.229625 58.047646 0.311118 -0.827680 -0.467067 0.701016 0.952642 2 42 0.991855 43 0.008145
  42 -24.998568 0.234842 58.052917 0.064888 -0.858046 -0.509458 0.701016 0.957916 2 42 0.991855 43 0.008145
  42 -25.007231 0.151399 58.144730 0.091578 -0.596144 -0.797638 0.712469 0.957994 2 42 0.991855 43 0.008145
ring
  42 -24.998568 0.234842 58.052917 0.064888 -0.858046 -0.509458 0.701016 0.957916 2 42 0.991855 43 0.008145
  42 -24.976048 0.230194 58.052341 -0.185512 -0.833982 -0.519672 0.701017 0.963315 2 42 0.991855 43 0.008145
  42 -25.007231 0.151399 58.144730 0.091578 -0.596144 -0.797638 0.712469 0.957994 2 42 0.991855 43 0.008145
ring
  42 -25.020353 0.229625 58.047646 0.311118 -0.827680 -0.467067 0.701016 0.952642 2 42 0.991855 43 0.008145
  42 -25.008738 0.270686 57.933239 0.290362 -0.909626 -0.297102 0.689306 0.952363 2 42 0.991855 43 0.008145
  42 -24.998568 0.234842 58.052917 0.064888 -0.858046 -0.509458 0.701016 0.957916 2 42 0.991855 43 0.008145
ring
  42 -24.964443 0.271257 57.937916 -0.198256 -0.915947 -0.348905 0.689297 0.963364 2 42 0.991855 43 0.008145
  42 -24.976048 0.230194 58.052341 -0.185512 -0.833982 -0.519672 0.701017 0.963315 2 42 0.991855 43 0.008145
  42 -24.998568 0.234842 58.052917 0.064888 -0.858046 -0.509458 0.701016 0.957916 2 42 0.991855 43 0.008145
ring
  42 -25.008738 0.270686 57.933239 0.290362 -0.909626 -0.297102 0.689306 0.952363 2 42 0.991855 43 0.008145
  42 -24.986773 0.276666 57.936413 0.047483 -0.941648 -0.333234 0.689189 0.957740 2 42 0.991855 43 0.008145
  42 -24.998568 0.234842 58.052917 0.064888 -0.858046 -0.509458 0.701016 0.957916 2 42 0.991855 43 0.008145
ring
  42 -24.986773 0.276666 57.936413 0.047483 -0.941648 -0.333234 0.689189 0.957740 2 42 0.991855 43 0.008145
  42 -24.964443 0.271257 57.937916 -0.198256 -0.915947 -0.348905 0.689297 0.963364 2 42 0.991855 43 0.008145
  42 -24.998568 0.234842 58.052917 0.064888 -0.858046 -0.509458 0.701016 0.957916 2 42 0.991855 43 0.008145
ring
  42 -24.944595 0.009014 57.570290 0.102709 0.146225 -0.983905 0.827393 0.957792 1 42 1.000000
  42 -24.950602 0.128609 57.612610 0.083721 0.513509 -0.853990 0.838878 0.957727 1 42 1.000000
  42 -24.928486 0.125894 57.620010 0.329153 0.500513 -0.800715 0.838884 0.963077 1 42 1.000000
ring
  42 -24.922579 0.008450 57.578465 0.347767 0.144671 -0.926352 0.827399 0.963146 1 42 1.000000
  42 -24.944595 0.009014 57.570290 0.102709 0.146225 -0.983905 0.827393 0.957792 1 42 1.000000
  42 -24.928486 0.125894 57.620010 0.329153 0.500513 -0.800715 0.838884 0.963077 1 42 1.000000
ring
  42 -24.928486 0.125894 57.620010 0.329153 0.500513 -0.800715 0.838884 0.963077 1 42 1.000000
  42 -24.950602 0.128609 57.612610 0.083721 0.513509 -0.853990 0.838878 0.957727 1 42 1.000000
  42 -24.938473 0.218339 57.703114 0.299015 0.780696 -0.548729 0.850363 0.963009 1 42 1.000000
ring
  42 -24.944595 0.009014 57.570290 0.102709 0.146225 -0.983905 0.827393 0.957792 1 42 1.000000
  42 -24.922579 0.008450 57.578465 0.347767 0.144671 -0.926352 0.827399 0.963146 1 42 1.000000
  42 -24.921659 -0.116123 57.584793 0.350371 -0.232710 -0.907241 0.815901 0.963213 1 42 1.000000
ring
  42 -24.950602 0.128609 57.612610 0.083721 0.513509 -0.853990 0.838878 0.957727 1 42 1.000000
  42 -24.960787 0.222744 57.697227 0.052388 0.802800 -0.593942 0.850357 0.957662 1 42 1.000000
  42 -24.938473 0.218339 57.703114 0.299015 0.780696 -0.548729 0.850363 0.963009 1 42 1.000000
ring
  42 -24.938473 0.218339 57.703114 0.299015 0.780696 -0.548729 0.850363 0.963009 1 42 1.000000
  42 -24.960787 0.222744 57.697227 0.052388 0.802800 -0.593942 0.850357 0.957662 1 42 1.000000
  42 -24.950983 0.271642 57.815079 0.261922 0.942128 -0.209262 0.861838 0.962951 2 42 0.991855 43 0.008145
ring
  42 -24.973740 0.125302 57.615223 -0.167023 0.494073 -0.853226 0.838873 0.952378 1 42 1.000000
  42 -24.950602 0.128609 57.612610 0.083721 0.513509 -0.853990 0.838878 0.957727 1 42 1.000000
  42 -24.944595 0.009014 57.570290 0.102709 0.146225 -0.983905 0.827393 0.957792 1 42 1.000000
ring
  42 -24.973740 0.125302 57.615223 -0.167023 0.494073 -0.853226 0.838873 0.952378 1 42 1.000000
  42 -24.983721 0.217747 57.698334 -0.197634 0.774225 -0.601263 0.850352 0.952314 1 42 1.000000
  42 -24.950602 0.128609 57.612610 0.083721 0.513509 -0.853990 0.838878 0.957727 1 42 1.000000
ring
  42 -24.983721 0.217747 57.698334 -0.197634 0.774225 -0.601263 0.850352 0.952314 1 42 1.000000
  42 -24.960787 0.222744 57.697227 0.052388 0.802800 -0.593942 0.850357 0.957662 1 42 1.000000
  42 -24.950602 0.128609 57.612610 0.083721 0.513509 -0.853990 0.838878 0.957727 1 42 1.000000
ring
  42 -24.967806 0.007858 57.573654 -0.148919 0.138458 -0.979108 0.827388 0.952438 1 42 1.000000
  42 -24.973740 0.125302 57.615223 -0.167023 0.494073 -0.853226 0.838873 0.952378 1 42 1.000000
  42 -24.944595 0.009014 57.570290 0.102709 0.146225 -0.983905 0.827393 0.957792 1 42 1.000000
ring
  42 -24.983721 0.217747 57.698334 -0.197634 0.774225 -0.601263 0.850352 0.952314 1 42 1.000000
  42 -24.996231 0.271090 57.810295 -0.235070 0.936039 -0.261865 0.861833 0.952253 2 42 0.991855 43 0.008145
  42 -24.960787 0.222744 57.697227 0.052388 0.802800 -0.593942 0.850357 0.957662 1 42 1.000000
ring
  42 -24.966976 -0.116738 57.579948 -0.143698 -0.239311 -0.960250 0.815890 0.952497 2 42 0.992993 43 0.007007
  42 -24.967806 0.007858 57.573654 -0.148919 0.138458 -0.979108 0.827388 0.952438 1 42 1.000000
  42 -24.944595 0.009014 57.570290 0.102709 0.146225 -0.983905 0.827393 0.957792 1 42 1.000000
ring
  42 -24.996231 0.271090 57.810295 -0.235070 0.936039 -0.261865 0.861833 0.952253 2 42 0.991855 43 0.008145
  42 -24.973522 0.277059 57.811245 0.013928 0.969827 -0.243396 0.861837 0.957664 2 42 0.991855 43 0.008145
  42 -24.960787 0.222744 57.697227 0.052388 0.802800 -0.593942 0.850357 0.957662 1 42 1.000000
ring
  42 -24.960787 0.222744 57.697227 0.052388 0.802800 -0.593942 0.850357 0.957662 1 42 1.000000
  42 -24.973522 0.277059 57.811245 0.013928 0.969827 -0.243396 0.861837 0.957664 2 42 0.991855 43 0.008145
  42 -24.950983 0.271642 57.815079 0.261922 0.942128 -0.209262 0.861838 0.962951 2 42 0.991855 43 0.008145
ring
  42 -24.996231 0.271090 57.810295 -0.235070 0.936039 -0.261865 0.861833 0.952253 2 42 0.991855 43 0.008145
  42 -25.009420 0.277281 57.934139 -0.250589 0.965188 -0.074944 0.873580 0.952124 2 42 0.991855 43 0.008145
  42 -24.973522 0.277059 57.811245 0.013928 0.969827 -0.243396 0.861837 0.957664 2 42 0.991855 43 0.008145
ring
  42 -25.009420 0.277281 57.934139 -0.250589 0.965188 -0.074944 0.873580 0.952124 2 42 0.991855 43 0.008145
  42 -24.986963 0.283362 57.937386 -0.006804 0.998694 -0.050635 0.873691 0.957761 2 42 0.991855 43 0.008145
  42 -24.973522 0.277059 57.811245 0.013928 0.969827 -0.243396 0.861837 0.957664 2 42 0.991855 43 0.008145
ring
  42 -24.973522 0.277059 57.811245 0.013928 0.969827 -0.243396 0.861837 0.957664 2 42 0.991855 43 0.008145
  42 -24.986963 0.283362 57.937386 -0.006804 0.998694 -0.050635 0.873691 0.957761 2 42 0.991855 43 0.008145
  42 -24.950983 0.271642 57.815079 0.261922 0.942128 -0.209262 0.861838 0.962951 2 42 0.991855 43 0.008145
ring
  42 -24.986963 0.283362 57.937386 -0.006804 0.998694 -0.050635 0.873691 0.957761 2 42 0.991855 43 0.008145
  42 -24.964190 0.277833 57.938934 0.237385 0.971138 -0.023230 0.873576 0.963152 2 42 0.991855 43 0.008145
  42 -24.950983 0.271642 57.815079 0.261922 0.942128 -0.209262 0.861838 0.962951 2 42 0.991855 43 0.008145
ring
  42 -24.943661 -0.117842 57.576740 0.106721 -0.243488 -0.964015 0.815895 0.957855 1 42 1.000000
  42 -24.966976 -0.116738 57.579948 -0.143698 -0.239311 -0.960250 0.815890 0.952497 2 42 0.992993 43 0.007007
  42 -24.944595 0.009014 57.570290 0.102709 0.146225 -0.983905 0.827393 0.957792 1 42 1.000000
ring
  42 -24.943661 -0.117842 57.576740 0.106721 -0.243488 -0.964015 0.815895 0.957855 1 42 1.000000
  42 -24.944595 0.009014 57.570290 0.102709 0.146225 -0.983905 0.827393 0.957792 1 42 1.000000
  42 -24.921659 -0.116123 57.584793 0.350371 -0.232710 -0.907241 0.815901 0.963213 1 42 1.000000
ring
  42 -24.971193 -0.229446 57.633202 -0.159415 -0.580222 -0.798705 0.804386 0.952549 2 42 0.991855 43 0.008145
  42 -24.966976 -0.116738 57.579948 -0.143698 -0.239311 -0.960250 0.815890 0.952497 2 42 0.992993 43 0.007007
  42 -24.943661 -0.117842 57.576740 0.106721 -0.243488 -0.964015 0.815895 0.957855 1 42 1.000000
ring
  42 -24.943661 -0.117842 57.576740 0.106721 -0.243488 -0.964015 0.815895 0.957855 1 42 1.000000
  42 -24.921659 -0.116123 57.584793 0.350371 -0.232710 -0.907241 0.815901 0.963213 1 42 1.000000
  42 -24.925844 -0.228796 57.638046 0.339561 -0.573302 -0.745669 0.804395 0.963271 1 42 1.000000
ring
  42 -24.948050 -0.232648 57.630898 0.092840 -0.595834 -0.797723 0.804391 0.957910 2 42 0.991855 43 0.008145
  42 -24.971193 -0.229446 57.633202 -0.159415 -0.580222 -0.798705 0.804386 0.952549 2 42 0.991855 43 0.008145
  42 -24.943661 -0.117842 57.576740 0.106721 -0.243488 -0.964015 0.815895 0.957855 1 42 1.000000
ring
  42 -24.948050 -0.232648 57.630898 0.092840 -0.595834 -0.797723 0.804391 0.957910 2 42 0.991855 43 0.008145
  42 -24.943661 -0.117842 57.576740 0.106721 -0.243488 -0.964015 0.815895 0.957855 1 42 1.000000
  42 -24.925844 -0.228796 57.638046 0.339561 -0.573302 -0.745669 0.804395 0.963271 1 42 1.000000
ring
  42 -24.979916 -0.313127 57.725235 -0.186217 -0.833696 -0.519878 0.792878 0.952591 2 42 0.991855 43 0.008145
  42 -24.971193 -0.229446 57.633202 -0.159415 -0.580222 -0.798705 0.804386 0.952549 2 42 0.991855 43 0.008145
  42 -24.948050 -0.232648 57.630898 0.092840 -0.595834 -0.797723 0.804391 0.957910 2 42 0.991855 43 0.008145
ring
  42 -24.948050 -0.232648 57.630898 0.092840 -0.595834 -0.797723 0.804391 0.957910 2 42 0.991855 43 0.008145
  42 -24.925844 -0.228796 57.638046 0.339561 -0.573302 -0.745669 0.804395 0.963271 1 42 1.000000
  42 -24.934685 -0.312575 57.730026 0.311273 -0.827566 -0.467166 0.792886 0.963314 2 42 0.991855 43 0.008145
ring
  42 -24.956915 -0.317895 57.724648 0.064518 -0.857982 -0.509611 0.792882 0.957953 2 42 0.991855 43 0.008145
  42 -24.979916 -0.313127 57.725235 -0.186217 -0.833696 -0.519878 0.792878 0.952591 2 42 0.991855 43 0.008145
  42 -24.948050 -0.232648 57.630898 0.092840 -0.595834 -0.797723 0.804391 0.957910 2 42 0.991855 43 0.008145
ring
  42 -24.956915 -0.317895 57.724648 0.064518 -0.857982 -0.509611 0.792882 0.957953 2 42 0.991855 43 0.008145
  42 -24.948050 -0.232648 57.630898 0.092840 -0.595834 -0.797723 0.804391 0.957910 2 42 0.991855 43 0.008145
  42 -24.934685 -0.312575 57.730026 0.311273 -0.827566 -0.467166 0.792886 0.963314 2 42 0.991855 43 0.008145
ring
  42 -24.991734 -0.355083 57.842098 -0.220963 -0.961111 -0.165652 0.781369 0.952620 2 42 0.991855 43 0.008145
  42 -24.979916 -0.313127 57.725235 -0.186217 -0.833696 -0.519878 0.792878 0.952591 2 42 0.991855 43 0.008145
  42 -24.956915 -0.317895 57.724648 0.064518 -0.857982 -0.509611 0.792882 0.957953 2 42 0.991855 43 0.008145
ring
  42 -24.968956 -0.360585 57.843651 0.028053 -0.989191 -0.143924 0.781373 0.957982 2 42 0.991855 43 0.008145
  42 -24.956915 -0.317895 57.724648 0.064518 -0.857982 -0.509611 0.792882 0.957953 2 42 0.991855 43 0.008145
  42 -24.934685 -0.312575 57.730026 0.311273 -0.827566 -0.467166 0.792886 0.963314 2 42 0.991855 43 0.008145
ring
  42 -24.968956 -0.360585 57.843651 0.028053 -0.989191 -0.143924 0.781373 0.957982 2 42 0.991855 43 0.008145
  42 -24.991734 -0.355083 57.842098 -0.220963 -0.961111 -0.165652 0.781369 0.952620 2 42 0.991855 43 0.008145
  42 -24.956915 -0.317895 57.724648 0.064518 -0.857982 -0.509611 0.792882 0.957953 2 42 0.991855 43 0.008145
ring
  42 -24.946518 -0.354501 57.846870 0.275111 -0.954723 -0.113210 0.781377 0.963343 2 42 0.991855 43 0.008145
  42 -24.968956 -0.360585 57.843651 0.028053 -0.989191 -0.143924 0.781373 0.957982 2 42 0.991855 43 0.008145
  42 -24.934685 -0.312575 57.730026 0.311273 -0.827566 -0.467166 0.792886 0.963314 2 42 0.991855 43 0.008145
ring
  42 -24.991734 -0.355083 57.842098 -0.220963 -0.961111 -0.165652 0.781369 0.952620 2 42 0.991855 43 0.008145
  42 -24.968956 -0.360585 57.843651 0.028053 -0.989191 -0.143924 0.781373 0.957982 2 42 0.991855 43 0.008145
  42 -24.982393 -0.354282 57.969780 -0.013842 -0.969794 0.243533 0.769867 0.957999 2 42 0.991855 43 0.008145
ring
  42 -24.982393 -0.354282 57.969780 -0.013842 -0.969794 0.243533 0.769867 0.957999 2 42 0.991855 43 0.008145
  42 -24.968956 -0.360585 57.843651 0.028053 -0.989191 -0.143924 0.781373 0.957982 2 42 0.991855 43 0.008145
  42 -24.946518 -0.354501 57.846870 0.275111 -0.954723 -0.113210 0.781377 0.963343 2 42 0.991855 43 0.008145
ring
  42 -25.004936 -0.348865 57.965954 -0.261931 -0.942069 0.209519 0.769863 0.952640 2 42 0.991855 43 0.008145
  42 -24.991734 -0.355083 57.842098 -0.220963 -0.961111 -0.165652 0.781369 0.952620 2 42 0.991855 43 0.008145
  42 -24.982393 -0.354282 57.969780 -0.013842 -0.969794 0.243533 0.769867 0.957999 2 42 0.991855 43 0.008145
ring
  42 -24.959684 -0.348314 57.970734 0.235049 -0.936026 0.261931 0.769871 0.963358 2 42 0.991855 43 0.008145
  42 -24.982393 -0.354282 57.969780 -0.013842 -0.969794 0.243533 0.769867 0.957999 2 42 0.991855 43 0.008145
  42 -24.946518 -0.354501 57.846870 0.275111 -0.954723 -0.113210 0.781377 0.963343 2 42 0.991855 43 0.008145
ring
  42 -25.004936 -0.348865 57.965954 -0.261931 -0.942069 0.209519 0.769863 0.952640 2 42 0.991855 43 0.008145
  42 -24.982393 -0.354282 57.969780 -0.013842 -0.969794 0.243533 0.769867 0.957999 2 42 0.991855 43 0.008145
  42 -24.995144 -0.299903 58.083862 -0.052826 -0.802782 0.593927 0.758366 0.958008 2 42 0.991855 43 0.008145
ring
  42 -24.995144 -0.299903 58.083862 -0.052826 -0.802782 0.593927 0.758366 0.958008 2 42 0.991855 43 0.008145
  42 -24.982393 -0.354282 57.969780 -0.013842 -0.969794 0.243533 0.769867 0.957999 2 42 0.991855 43 0.008145
  42 -24.959684 -0.348314 57.970734 0.235049 -0.936026 0.261931 0.769871 0.963358 2 42 0.991855 43 0.008145
ring
  42 -25.017431 -0.295493 58.077953 -0.299802 -0.780654 0.548359 0.758363 0.952652 2 42 0.991855 43 0.008145
  42 -25.004936 -0.348865 57.965954 -0.261931 -0.942069 0.209519 0.769863 0.952640 2 42 0.991855 43 0.008145
  42 -24.995144 -0.299903 58.083862 -0.052826 -0.802782 0.593927 0.758366 0.958008 2 42 0.991855 43 0.008145
ring
  42 -24.972198 -0.294913 58.082752 0.197414 -0.774227 0.601331 0.758370 0.963364 2 42 0.991855 43 0.008145
  42 -24.995144 -0.299903 58.083862 -0.052826 -0.802782 0.593927 0.758366 0.958008 2 42 0.991855 43 0.008145
  42 -24.959684 -0.348314 57.970734 0.235049 -0.936026 0.261931 0.769871 0.963358 2 42 0.991855 43 0.008145
ring
  42 -25.027386 -0.203684 58.160538 -0.335061 -0.503539 0.796356 0.746871 0.952659 2 42 0.883059 43 0.116941
  42 -25.017431 -0.295493 58.077953 -0.299802 -0.780654 0.548359 0.758363 0.952652 2 42 0.991855 43 0.008145
  42 -24.995144 -0.299903 58.083862 -0.052826 -0.802782 0.593927 0.758366 0.958008 2 42 0.991855 43 0.008145
ring
  42 -25.005268 -0.205768 58.168495 -0.086599 -0.511653 0.854816 0.746874 0.958010 2 42 0.991855 43 0.008145
  42 -24.995144 -0.299903 58.083862 -0.052826 -0.802782 0.593927 0.758366 0.958008 2 42 0.991855 43 0.008145
  42 -24.972198 -0.294913 58.082752 0.197414 -0.774227 0.601331 0.758370 0.963364 2 42 0.991855 43 0.008145
ring
  42 -25.005268 -0.205768 58.168495 -0.086599 -0.511653 0.854816 0.746874 0.958010 2 42 0.991855 43 0.008145
  42 -25.027386 -0.203684 58.160538 -0.335061 -0.503539 0.796356 0.746871 0.952659 2 42 0.883059 43 0.116941
  42 -24.995144 -0.299903 58.083862 -0.052826 -0.802782 0.593927 0.758366 0.958008 2 42 0.991855 43 0.008145
ring
  42 -24.982168 -0.202465 58.165878 0.167248 -0.493997 0.853226 0.746877 0.963362 2 42 0.991855 43 0.008145
  42 -25.005268 -0.205768 58.168495 -0.086599 -0.511653 0.854816 0.746874 0.958010 2 42 0.991855 43 0.008145
  42 -24.972198 -0.294913 58.082752 0.197414 -0.774227 0.601331 0.758370 0.963364 2 42 0.991855 43 0.008145
ring
  42 -25.027386 -0.203684 58.160538 -0.335061 -0.503539 0.796356 0.746871 0.952659 2 42 0.883059 43 0.116941
  42 -25.005268 -0.205768 58.168495 -0.086599 -0.511653 0.854816 0.746874 0.958010 2 42 0.991855 43 0.008145
  42 -25.011213 -0.086208 58.210770 -0.119261 -0.142726 0.982551 0.735392 0.958007 2 42 0.986111 43 0.013889
ring
  42 -25.011213 -0.086208 58.210770 -0.119261 -0.142726 0.982551 0.735392 0.958007 2 42 0.986111 43 0.013889
  42 -25.005268 -0.205768 58.168495 -0.086599 -0.511653 0.854816 0.746874 0.958010 2 42 0.991855 43 0.008145
  42 -24.982168 -0.202465 58.165878 0.167248 -0.493997 0.853226 0.746877 0.963362 2 42 0.991855 43 0.008145
ring
  42 -25.032473 -0.086519 58.201878 -0.379725 -0.147113 0.913327 0.735389 0.952662 2 42 0.833333 43 0.166667
  42 -25.027386 -0.203684 58.160538 -0.335061 -0.503539 0.796356 0.746871 0.952659 2 42 0.883059 43 0.116941
  42 -25.011213 -0.086208 58.210770 -0.119261 -0.142726 0.982551 0.735392 0.958007 2 42 0.986111 43 0.013889
ring
  42 -24.988010 -0.085062 58.207386 0.149293 -0.138375 0.979063 0.735395 0.963353 2 42 0.986111 43 0.013889
  42 -25.011213 -0.086208 58.210770 -0.119261 -0.142726 0.982551 0.735392 0.958007 2 42 0.986111 43 0.013889
  42 -24.982168 -0.202465 58.165878 0.167248 -0.493997 0.853226 0.746877 0.963362 2 42 0.991855 43 0.008145
ring
  42 -25.032761 0.038022 58.195541 -0.402895 0.224130 0.887379 0.723922 0.952663 2 42 0.833333 43 0.166667
  42 -25.032473 -0.086519 58.201878 -0.379725 -0.147113 0.913327 0.735389 0.952662 2 42 0.833333 43 0.166667
  42 -25.011213 -0.086208 58.210770 -0.119261 -0.142726 0.982551 0.735392 0.958007 2 42 0.986111 43 0.013889
ring
  42 -25.011213 -0.086208 58.210770 -0.119261 -0.142726 0.982551 0.735392 0.958007 2 42 0.986111 43 0.013889
  42 -24.988010 -0.085062 58.207386 0.149293 -0.138375 0.979063 0.735395 0.963353 2 42 0.986111 43 0.013889
  42 -24.988928 0.039524 58.201096 0.146096 0.238950 0.959979 0.723928 0.963342 2 42 0.991855 43 0.008145
ring
  42 -25.012154 0.040657 58.204350 -0.134963 0.244674 0.960167 0.723926 0.958002 2 42 0.991855 43 0.008145
  42 -25.032761 0.038022 58.195541 -0.402895 0.224130 0.887379 0.723922 0.952663 2 42 0.833333 43 0.166667
  42 -25.011213 -0.086208 58.210770 -0.119261 -0.142726 0.982551 0.735392 0.958007 2 42 0.986111 43 0.013889
ring
  42 -25.012154 0.040657 58.204350 -0.134963 0.244674 0.960167 0.723926 0.958002 2 42 0.991855 43 0.008145
  42 -25.011213 -0.086208 58.210770 -0.119261 -0.142726 0.982551 0.735392 0.958007 2 42 0.986111 43 0.013889
  42 -24.988928 0.039524 58.201096 0.146096 0.238950 0.959979 0.723928 0.963342 2 42 0.991855 43 0.008145
ring
  42 -25.032761 0.038022 58.195541 -0.402895 0.224130 0.887379 0.723922 0.952663 2 42 0.833333 43 0.166667
  42 -25.012154 0.040657 58.204350 -0.134963 0.244674 0.960167 0.723926 0.958002 2 42 0.991855 43 0.008145
  42 -25.007868 0.155426 58.150127 -0.094102 0.594001 0.798941 0.712469 0.957994 2 42 0.991855 43 0.008145
ring
  42 -25.007868 0.155426 58.150127 -0.094102 0.594001 0.798941 0.712469 0.957994 2 42 0.991855 43 0.008145
  42 -25.012154 0.040657 58.204350 -0.134963 0.244674 0.960167 0.723926 0.958002 2 42 0.991855 43 0.008145
  42 -24.988928 0.039524 58.201096 0.146096 0.238950 0.959979 0.723928 0.963342 2 42 0.991855 43 0.008145
ring
  42 -25.029936 0.151642 58.143063 -0.337464 0.569678 0.749390 0.712466 0.952658 2 42 0.991855 43 0.008145
  42 -25.032761 0.038022 58.195541 -0.402895 0.224130 0.887379 0.723922 0.952663 2 42 0.833333 43 0.166667
  42 -25.007868 0.155426 58.150127 -0.094102 0.594001 0.798941 0.712469 0.957994 2 42 0.991855 43 0.008145
ring
  42 -24.984705 0.152222 58.147858 0.158633 0.580464 0.798684 0.712472 0.963331 2 42 0.991855 43 0.008145
  42 -25.007868 0.155426 58.150127 -0.094102 0.594001 0.798941 0.712469 0.957994 2 42 0.991855 43 0.008145
  42 -24.988928 0.039524 58.201096 0.146096 0.238950 0.959979 0.723928 0.963342 2 42 0.991855 43 0.008145
ring
  42 -25.021246 0.235354 58.050983 -0.311275 0.827673 0.466973 0.701016 0.952642 2 42 0.991855 43 0.008145
  42 -25.029936 0.151642 58.143063 -0.337464 0.569678 0.749390 0.712466 0.952658 2 42 0.991855 43 0.008145
  42 -25.007868 0.155426 58.150127 -0.094102 0.594001 0.798941 0.712469 0.957994 2 42 0.991855 43 0.008145
ring
  42 -25.007868 0.155426 58.150127 -0.094102 0.594001 0.798941 0.712469 0.957994 2 42 0.991855 43 0.008145
  42 -24.984705 0.152222 58.147858 0.158633 0.580464 0.798684 0.712472 0.963331 2 42 0.991855 43 0.008145
  42 -24.976023 0.235907 58.055779 0.186804 0.833669 0.519711 0.701017 0.963315 2 42 0.991855 43 0.008145
ring
  42 -25.009420 0.277281 57.934139 -0.289440 0.909882 0.297219 0.689306 0.952363 2 42 0.991855 43 0.008145
  42 -25.021246 0.235354 58.050983 -0.311275 0.827673 0.466973 0.701016 0.952642 2 42 0.991855 43 0.008145
  42 -24.986963 0.283362 57.937386 -0.046933 0.941719 0.333111 0.689189 0.957740 2 42 0.991855 43 0.008145
ring
  42 -24.999001 0.240672 58.056393 -0.064269 0.857951 0.509695 0.701016 0.957916 2 42 0.991855 43 0.008145
  42 -25.007868 0.155426 58.150127 -0.094102 0.594001 0.798941 0.712469 0.957994 2 42 0.991855 43 0.008145
  42 -24.976023 0.235907 58.055779 0.186804 0.833669 0.519711 0.701017 0.963315 2 42 0.991855 43 0.008145
ring
  42 -24.999001 0.240672 58.056393 -0.064269 0.857951 0.509695 0.701016 0.957916 2 42 0.991855 43 0.008145
  42 -25.021246 0.235354 58.050983 -0.311275 0.827673 0.466973 0.701016 0.952642 2 42 0.991855 43 0.008145
  42 -25.007868 0.155426 58.150127 -0.094102 0.594001 0.798941 0.712469 0.957994 2 42 0.991855 43 0.008145
ring
  42 -25.021246 0.235354 58.050983 -0.311275 0.827673 0.466973 0.701016 0.952642 2 42 0.991855 43 0.008145
  42 -24.999001 0.240672 58.056393 -0.064269 0.857951 0.509695 0.701016 0.957916 2 42 0.991855 43 0.008145
  42 -24.986963 0.283362 57.937386 -0.046933 0.941719 0.333111 0.689189 0.957740 2 42 0.991855 43 0.008145
ring
  42 -24.999001 0.240672 58.056393 -0.064269 0.857951 0.509695 0.701016 0.957916 2 42 0.991855 43 0.008145
  42 -24.976023 0.235907 58.055779 0.186804 0.833669 0.519711 0.701017 0.963315 2 42 0.991855 43 0.008145
  42 -24.964190 0.277833 57.938934 0.198698 0.915937 0.348681 0.689297 0.963364 2 42 0.991855 43 0.008145
ring
  42 -24.986963 0.283362 57.937386 -0.046933 0.941719 0.333111 0.689189 0.957740 2 42 0.991855 43 0.008145
  42 -24.999001 0.240672 58.056393 -0.064269 0.857951 0.509695 0.701016 0.957916 2 42 0.991855 43 0.008145
  42 -24.964190 0.277833 57.938934 0.198698 0.915937 0.348681 0.689297 0.963364 2 42 0.991855 43 0.008145
ring
  42 -24.929525 0.122459 57.625652 0.985709 -0.024034 0.166735 0.838884 0.963077 1 42 1.000000
  42 -24.928486 0.125894 57.620010 0.985709 -0.024042 0.166731 0.838884 0.963077 1 42 1.000000
  42 -24.938473 0.218339 57.703114 0.987994 -0.045192 0.147732 0.850363 0.963009 1 42 1.000000
ring
  42 -24.928486 0.125894 57.620010 0.985709 -0.024042 0.166731 0.838884 0.963077 1 42 1.000000
  42 -24.929525 0.122459 57.625652 0.985709 -0.024034 0.166735 0.838884 0.963077 1 42 1.000000
  42 -24.922579 0.008450 57.578465 0.984368 0.002166 0.176111 0.827399 0.963146 1 42 1.000000
ring
  42 -24.939304 0.212969 57.707035 0.987996 -0.045201 0.147717 0.850363 0.963009 1 42 1.000000
  42 -24.929525 0.122459 57.625652 0.985709 -0.024034 0.166735 0.838884 0.963077 1 42 1.000000
  42 -24.938473 0.218339 57.703114 0.987994 -0.045192 0.147732 0.850363 0.963009 1 42 1.000000
ring
  42 -24.929525 0.122459 57.625652 0.985709 -0.024034 0.166735 0.838884 0.963077 1 42 1.000000
  42 -24.923740 0.007476 57.584969 0.984370 0.002150 0.176097 0.827399 0.963146 1 42 1.000000
  42 -24.922579 0.008450 57.578465 0.984368 0.002166 0.176111 0.827399 0.963146 1 42 1.000000
ring
  42 -24.951553 0.265167 57.816647 0.990792 -0.057731 0.122465 0.861838 0.962951 2 42 0.991855 43 0.008145
  42 -24.939304 0.212969 57.707035 0.987996 -0.045201 0.147717 0.850363 0.963009 1 42 1.000000
  42 -24.938473 0.218339 57.703114 0.987994 -0.045192 0.147732 0.850363 0.963009 1 42 1.000000
ring
  42 -24.922579 0.008450 57.578465 0.984368 0.002166 0.176111 0.827399 0.963146 1 42 1.000000
  42 -24.923740 0.007476 57.584969 0.984370 0.002150 0.176097 0.827399 0.963146 1 42 1.000000
  42 -24.921659 -0.116123 57.584793 0.984262 0.030137 0.174128 0.815901 0.963213 1 42 1.000000
ring
  42 -24.950983 0.271642 57.815079 0.990798 -0.057626 0.122468 0.861838 0.962951 2 42 0.991855 43 0.008145
  42 -24.951553 0.265167 57.816647 0.990792 -0.057731 0.122465 0.861838 0.962951 2 42 0.991855 43 0.008145
  42 -24.938473 0.218339 57.703114 0.987994 -0.045192 0.147732 0.850363 0.963009 1 42 1.000000
ring
  42 -24.923740 0.007476 57.584969 0.984370 0.002150 0.176097 0.827399 0.963146 1 42 1.000000
  42 -24.922832 -0.114500 57.591141 0.984254 0.030123 0.174175 0.815901 0.963213 1 42 1.000000
  42 -24.921659 -0.116123 57.584793 0.984262 0.030137 0.174128 0.815901 0.963213 1 42 1.000000
ring
  42 -24.964443 0.271257 57.937916 0.992519 -0.055800 0.108592 0.873576 0.963152 2 42 0.991855 43 0.008145
  42 -24.951553 0.265167 57.816647 0.990792 -0.057731 0.122465 0.861838 0.962951 2 42 0.991855 43 0.008145
  42 -24.950983 0.271642 57.815079 0.990798 -0.057626 0.122468 0.861838 0.962951 2 42 0.991855 43 0.008145
ring
  42 -24.964190 0.277833 57.938934 0.992528 -0.055633 0.108593 0.873576 0.963152 2 42 0.991855 43 0.008145
  42 -24.964443 0.271257 57.937916 0.992519 -0.055800 0.108592 0.873576 0.963152 2 42 0.991855 43 0.008145
  42 -24.950983 0.271642 57.815079 0.990798 -0.057626 0.122468 0.861838 0.962951 2 42 0.991855 43 0.008145
ring
  42 -24.921659 -0.116123 57.584793 0.984262 0.030137 0.174128 0.815901 0.963213 1 42 1.000000
  42 -24.922832 -0.114500 57.591141 0.984254 0.030123 0.174175 0.815901 0.963213 1 42 1.000000
  42 -24.925844 -0.228796 57.638046 0.984647 0.056765 0.165070 0.804395 0.963271 1 42 1.000000
ring
  42 -24.922832 -0.114500 57.591141 0.984254 0.030123 0.174175 0.815901 0.963213 1 42 1.000000
  42 -24.926954 -0.224840 57.643295 0.984610 0.056919 0.165240 0.804395 0.963271 1 42 1.000000
  42 -24.925844 -0.228796 57.638046 0.984647 0.056765 0.165070 0.804395 0.963271 1 42 1.000000
ring
  42 -24.926954 -0.224840 57.643295 0.984610 0.056919 0.165240 0.804395 0.963271 1 42 1.000000
  42 -24.935558 -0.306848 57.733387 0.987809 0.069309 0.139393 0.792886 0.963314 2 42 0.991855 43 0.008145
  42 -24.925844 -0.228796 57.638046 0.984647 0.056765 0.165070 0.804395 0.963271 1 42 1.000000
ring
  42 -24.935558 -0.306848 57.733387 0.987809 0.069309 0.139393 0.792886 0.963314 2 42 0.991855 43 0.008145
  42 -24.934685 -0.312575 57.730026 0.987830 0.069165 0.139310 0.792886 0.963314 2 42 0.991855 43 0.008145
  42 -24.925844 -0.228796 57.638046 0.984647 0.056765 0.165070 0.804395 0.963271 1 42 1.000000
ring
  42 -24.935558 -0.306848 57.733387 0.987809 0.069309 0.139393 0.792886 0.963314 2 42 0.991855 43 0.008145
  42 -24.947140 -0.347912 57.847805 0.990411 0.077287 0.114512 0.781377 0.963343 2 42 0.991855 43 0.008145
  42 -24.934685 -0.312575 57.730026 0.987830 0.069165 0.139310 0.792886 0.963314 2 42 0.991855 43 0.008145
ring
  42 -24.947140 -0.347912 57.847805 0.990411 0.077287 0.114512 0.781377 0.963343 2 42 0.991855 43 0.008145
  42 -24.946518 -0.354501 57.846870 0.990402 0.077345 0.114548 0.781377 0.963343 2 42 0.991855 43 0.008145
  42 -24.934685 -0.312575 57.730026 0.987830 0.069165 0.139310 0.792886 0.963314 2 42 0.991855 43 0.008145
ring
  42 -24.947140 -0.347912 57.847805 0.990411 0.077287 0.114512 0.781377 0.963343 2 42 0.991855 43 0.008145
  42 -24.960073 -0.341847 57.969059 0.992796 0.081995 0.087371 0.769871 0.963358 2 42 0.991855 43 0.008145
  42 -24.946518 -0.354501 57.846870 0.990402 0.077345 0.114548 0.781377 0.963343 2 42 0.991855 43 0.008145
ring
  42 -24.960073 -0.341847 57.969059 0.992796 0.081995 0.087371 0.769871 0.963358 2 42 0.991855 43 0.008145
  42 -24.959684 -0.348314 57.970734 0.992790 0.082079 0.087353 0.769871 0.963358 2 42 0.991855 43 0.008145
  42 -24.946518 -0.354501 57.846870 0.990402 0.077345 0.114548 0.781377 0.963343 2 42 0.991855 43 0.008145
ring
  42 -24.960073 -0.341847 57.969059 0.992796 0.081995 0.087371 0.769871 0.963358 2 42 0.991855 43 0.008145
  42 -24.972330 -0.289581 58.078728 0.995598 0.070570 0.061684 0.758370 0.963364 2 42 0.991855 43 0.008145
  42 -24.959684 -0.348314 57.970734 0.992790 0.082079 0.087353 0.769871 0.963358 2 42 0.991855 43 0.008145
ring
  42 -24.972330 -0.289581 58.078728 0.995598 0.070570 0.061684 0.758370 0.963364 2 42 0.991855 43 0.008145
  42 -24.972198 -0.294913 58.082752 0.995604 0.070578 0.061578 0.758370 0.963364 2 42 0.991855 43 0.008145
  42 -24.959684 -0.348314 57.970734 0.992790 0.082079 0.087353 0.769871 0.963358 2 42 0.991855 43 0.008145
ring
  42 -24.972198 -0.294913 58.082752 0.995604 0.070578 0.061578 0.758370 0.963364 2 42 0.991855 43 0.008145
  42 -24.972330 -0.289581 58.078728 0.995598 0.070570 0.061684 0.758370 0.963364 2 42 0.991855 43 0.008145
  42 -24.982168 -0.202465 58.165878 0.997796 0.047496 0.046343 0.746877 0.963362 2 42 0.991855 43 0.008145
ring
  42 -24.972330 -0.289581 58.078728 0.995598 0.070570 0.061684 0.758370 0.963364 2 42 0.991855 43 0.008145
  42 -24.982065 -0.199040 58.160118 0.997796 0.047447 0.046397 0.746877 0.963362 2 42 0.991855 43 0.008145
  42 -24.982168 -0.202465 58.165878 0.997796 0.047496 0.046343 0.746877 0.963362 2 42 0.991855 43 0.008145
ring
  42 -24.982168 -0.202465 58.165878 0.997796 0.047496 0.046343 0.746877 0.963362 2 42 0.991855 43 0.008145
  42 -24.982065 -0.199040 58.160118 0.997796 0.047447 0.046397 0.746877 0.963362 2 42 0.991855 43 0.008145
  42 -24.988010 -0.085062 58.207386 0.999065 0.022512 0.036921 0.735395 0.963353 2 42 0.986111 43 0.013889
ring
  42 -24.982065 -0.199040 58.160118 0.997796 0.047447 0.046397 0.746877 0.963362 2 42 0.991855 43 0.008145
  42 -24.987787 -0.084097 58.200764 0.999065 0.022532 0.036890 0.735395 0.963353 2 42 0.986111 43 0.013889
  42 -24.988010 -0.085062 58.207386 0.999065 0.022512 0.036921 0.735395 0.963353 2 42 0.986111 43 0.013889
ring
  42 -24.988010 -0.085062 58.207386 0.999065 0.022512 0.036921 0.735395 0.963353 2 42 0.986111 43 0.013889
  42 -24.987787 -0.084097 58.200764 0.999065 0.022532 0.036890 0.735395 0.963353 2 42 0.986111 43 0.013889
  42 -24.988928 0.039524 58.201096 0.999300 -0.004819 0.037104 0.723928 0.963342 2 42 0.991855 43 0.008145
ring
  42 -24.987787 -0.084097 58.200764 0.999065 0.022532 0.036890 0.735395 0.963353 2 42 0.986111 43 0.013889
  42 -24.988695 0.037891 58.194618 0.999301 -0.004826 0.037066 0.723928 0.963342 2 42 0.991855 43 0.008145
  42 -24.988928 0.039524 58.201096 0.999300 -0.004819 0.037104 0.723928 0.963342 2 42 0.991855 43 0.008145
ring
  42 -24.988695 0.037891 58.194618 0.999301 -0.004826 0.037066 0.723928 0.963342 2 42 0.991855 43 0.008145
  42 -24.984554 0.148229 58.142467 0.998372 -0.028906 0.049178 0.712472 0.963331 2 42 0.991855 43 0.008145
  42 -24.988928 0.039524 58.201096 0.999300 -0.004819 0.037104 0.723928 0.963342 2 42 0.991855 43 0.008145
ring
  42 -24.984554 0.148229 58.142467 0.998372 -0.028906 0.049178 0.712472 0.963331 2 42 0.991855 43 0.008145
  42 -24.984705 0.152222 58.147858 0.998373 -0.028884 0.049159 0.712472 0.963331 2 42 0.991855 43 0.008145
  42 -24.988928 0.039524 58.201096 0.999300 -0.004819 0.037104 0.723928 0.963342 2 42 0.991855 43 0.008145
ring
  42 -24.984705 0.152222 58.147858 0.998373 -0.028884 0.049159 0.712472 0.963331 2 42 0.991855 43 0.008145
  42 -24.984554 0.148229 58.142467 0.998372 -0.028906 0.049178 0.712472 0.963331 2 42 0.991855 43 0.008145
  42 -24.976023 0.235907 58.055779 0.996463 -0.046560 0.069950 0.701017 0.963315 2 42 0.991855 43 0.008145
ring
  42 -24.984554 0.148229 58.142467 0.998372 -0.028906 0.049178 0.712472 0.963331 2 42 0.991855 43 0.008145
  42 -24.976048 0.230194 58.052341 0.996462 -0.046598 0.069944 0.701017 0.963315 2 42 0.991855 43 0.008145
  42 -24.976023 0.235907 58.055779 0.996463 -0.046560 0.069950 0.701017 0.963315 2 42 0.991855 43 0.008145
ring
  42 -24.976048 0.230194 58.052341 0.996462 -0.046598 0.069944 0.701017 0.963315 2 42 0.991855 43 0.008145
  42 -24.964443 0.271257 57.937916 0.995300 -0.050963 0.082346 0.689297 0.963364 2 42 0.991855 43 0.008145
  42 -24.976023 0.235907 58.055779 0.996463 -0.046560 0.069950 0.701017 0.963315 2 42 0.991855 43 0.008145
ring
  42 -24.964443 0.271257 57.937916 0.995300 -0.050963 0.082346 0.689297 0.963364 2 42 0.991855 43 0.008145
  42 -24.964190 0.277833 57.938934 0.995302 -0.050876 0.082367 0.689297 0.963364 2 42 0.991855 43 0.008145
  42 -24.976023 0.235907 58.055779 0.996463 -0.046560 0.069950 0.701017 0.963315 2 42 0.991855 43 0.008145
ring
  42 -24.968031 0.006893 57.580284 -0.999058 -0.022448 -0.037145 0.827388 0.952438 1 42 1.000000
  42 -24.973816 0.121875 57.620964 -0.997819 -0.050005 -0.043092 0.838873 0.952378 1 42 1.000000
  42 -24.973740 0.125302 57.615223 -0.997815 -0.049954 -0.043228 0.838873 0.952378 1 42 1.000000
ring
  42 -24.973816 0.121875 57.620964 -0.997819 -0.050005 -0.043092 0.838873 0.952378 1 42 1.000000
  42 -24.983614 0.212418 57.702324 -0.995635 -0.067913 -0.064015 0.850352 0.952314 1 42 1.000000
  42 -24.973740 0.125302 57.615223 -0.997815 -0.049954 -0.043228 0.838873 0.952378 1 42 1.000000
ring
  42 -24.967806 0.007858 57.573654 -0.999056 -0.022408 -0.037219 0.827388 0.952438 1 42 1.000000
  42 -24.968031 0.006893 57.580284 -0.999058 -0.022448 -0.037145 0.827388 0.952438 1 42 1.000000
  42 -24.973740 0.125302 57.615223 -0.997815 -0.049954 -0.043228 0.838873 0.952378 1 42 1.000000
ring
  42 -24.983614 0.212418 57.702324 -0.995635 -0.067913 -0.064015 0.850352 0.952314 1 42 1.000000
  42 -24.983721 0.217747 57.698334 -0.995635 -0.067878 -0.064064 0.850352 0.952314 1 42 1.000000
  42 -24.973740 0.125302 57.615223 -0.997815 -0.049954 -0.043228 0.838873 0.952378 1 42 1.000000
ring
  42 -24.968031 0.006893 57.580284 -0.999058 -0.022448 -0.037145 0.827388 0.952438 1 42 1.000000
  42 -24.967806 0.007858 57.573654 -0.999056 -0.022408 -0.037219 0.827388 0.952438 1 42 1.000000
  42 -24.966976 -0.116738 57.579948 -0.999304 0.004976 -0.036973 0.815890 0.952497 2 42 0.992993 43 0.007007
ring
  42 -24.983614 0.212418 57.702324 -0.995635 -0.067913 -0.064015 0.850352 0.952314 1 42 1.000000
  42 -24.995861 0.264627 57.811951 -0.992937 -0.079439 -0.088124 0.861833 0.952253 2 42 0.991855 43 0.008145
  42 -24.983721 0.217747 57.698334 -0.995635 -0.067878 -0.064064 0.850352 0.952314 1 42 1.000000
ring
  42 -24.967207 -0.115105 57.586411 -0.999302 0.004916 -0.037028 0.815890 0.952497 2 42 0.992993 43 0.007007
  42 -24.968031 0.006893 57.580284 -0.999058 -0.022448 -0.037145 0.827388 0.952438 1 42 1.000000
  42 -24.966976 -0.116738 57.579948 -0.999304 0.004976 -0.036973 0.815890 0.952497 2 42 0.992993 43 0.007007
ring
  42 -24.995861 0.264627 57.811951 -0.992937 -0.079439 -0.088124 0.861833 0.952253 2 42 0.991855 43 0.008145
  42 -24.996231 0.271090 57.810295 -0.992938 -0.079363 -0.088176 0.861833 0.952253 2 42 0.991855 43 0.008145
  42 -24.983721 0.217747 57.698334 -0.995635 -0.067878 -0.064064 0.850352 0.952314 1 42 1.000000
ring
  42 -24.967207 -0.115105 57.586411 -0.999302 0.004916 -0.037028 0.815890 0.952497 2 42 0.992993 43 0.007007
  42 -24.966976 -0.116738 57.579948 -0.999304 0.004976 -0.036973 0.815890 0.952497 2 42 0.992993 43 0.007007
  42 -24.971193 -0.229446 57.633202 -0.998206 0.026150 -0.053864 0.804386 0.952549 2 42 0.991855 43 0.008145
ring
  42 -24.996231 0.271090 57.810295 -0.992938 -0.079363 -0.088176 0.861833 0.952253 2 42 0.991855 43 0.008145
  42 -24.995861 0.264627 57.811951 -0.992937 -0.079439 -0.088124 0.861833 0.952253 2 42 0.991855 43 0.008145
  42 -25.009420 0.277281 57.934139 -0.990983 -0.088294 -0.100783 0.873580 0.952124 2 42 0.991855 43 0.008145
ring
  42 -24.995861 0.264627 57.811951 -0.992937 -0.079439 -0.088124 0.861833 0.952253 2 42 0.991855 43 0.008145
  42 -25.008738 0.270686 57.933239 -0.990966 -0.088514 -0.100756 0.873580 0.952124 2 42 0.991855 43 0.008145
  42 -25.009420 0.277281 57.934139 -0.990983 -0.088294 -0.100783 0.873580 0.952124 2 42 0.991855 43 0.008145
ring
  42 -24.971378 -0.225478 57.638542 -0.998204 0.026178 -0.053881 0.804386 0.952549 2 42 0.991855 43 0.008145
  42 -24.967207 -0.115105 57.586411 -0.999302 0.004916 -0.037028 0.815890 0.952497 2 42 0.992993 43 0.007007
  42 -24.971193 -0.229446 57.633202 -0.998206 0.026150 -0.053864 0.804386 0.952549 2 42 0.991855 43 0.008145
ring
  42 -24.971378 -0.225478 57.638542 -0.998204 0.026178 -0.053881 0.804386 0.952549 2 42 0.991855 43 0.008145
  42 -24.971193 -0.229446 57.633202 -0.998206 0.026150 -0.053864 0.804386 0.952549 2 42 0.991855 43 0.008145
  42 -24.979916 -0.313127 57.725235 -0.996433 0.050010 -0.067968 0.792878 0.952591 2 42 0.991855 43 0.008145
ring
  42 -24.979866 -0.307416 57.728687 -0.996430 0.050209 -0.067875 0.792878 0.952591 2 42 0.991855 43 0.008145
  42 -24.971378 -0.225478 57.638542 -0.998204 0.026178 -0.053881 0.804386 0.952549 2 42 0.991855 43 0.008145
  42 -24.979916 -0.313127 57.725235 -0.996433 0.050010 -0.067968 0.792878 0.952591 2 42 0.991855 43 0.008145
ring
  42 -24.991451 -0.348481 57.843105 -0.993865 0.057073 -0.094737 0.781369 0.952620 2 42 0.991855 43 0.008145
  42 -24.979866 -0.307416 57.728687 -0.996430 0.050209 -0.067875 0.792878 0.952591 2 42 0.991855 43 0.008145
  42 -24.979916 -0.313127 57.725235 -0.996433 0.050010 -0.067968 0.792878 0.952591 2 42 0.991855 43 0.008145
ring
  42 -24.991734 -0.355083 57.842098 -0.993864 0.057056 -0.094757 0.781369 0.952620 2 42 0.991855 43 0.008145
  42 -24.991451 -0.348481 57.843105 -0.993865 0.057073 -0.094737 0.781369 0.952620 2 42 0.991855 43 0.008145
  42 -24.979916 -0.313127 57.725235 -0.996433 0.050010 -0.067968 0.792878 0.952591 2 42 0.991855 43 0.008145
ring
  42 -25.004368 -0.342418 57.964378 -0.990799 0.057579 -0.122479 0.769863 0.952640 2 42 0.991855 43 0.008145
  42 -24.991451 -0.348481 57.843105 -0.993865 0.057073 -0.094737 0.781369 0.952620 2 42 0.991855 43 0.008145
  42 -24.991734 -0.355083 57.842098 -0.993864 0.057056 -0.094757 0.781369 0.952620 2 42 0.991855 43 0.008145
ring
  42 -25.004936 -0.348865 57.965954 -0.990792 0.057640 -0.122511 0.769863 0.952640 2 42 0.991855 43 0.008145
  42 -25.004368 -0.342418 57.964378 -0.990799 0.057579 -0.122479 0.769863 0.952640 2 42 0.991855 43 0.008145
  42 -24.991734 -0.355083 57.842098 -0.993864 0.057056 -0.094757 0.781369 0.952620 2 42 0.991855 43 0.008145
ring
  42 -25.004368 -0.342418 57.964378 -0.990799 0.057579 -0.122479 0.769863 0.952640 2 42 0.991855 43 0.008145
  42 -25.004936 -0.348865 57.965954 -0.990792 0.057640 -0.122511 0.769863 0.952640 2 42 0.991855 43 0.008145
  42 -25.017431 -0.295493 58.077953 -0.988275 0.043319 -0.146407 0.758363 0.952652 2 42 0.991855 43 0.008145
ring
  42 -25.016619 -0.290124 58.074062 -0.988272 0.043258 -0.146446 0.758363 0.952652 2 42 0.991855 43 0.008145
  42 -25.004368 -0.342418 57.964378 -0.990799 0.057579 -0.122479 0.769863 0.952640 2 42 0.991855 43 0.008145
  42 -25.017431 -0.295493 58.077953 -0.988275 0.043319 -0.146407 0.758363 0.952652 2 42 0.991855 43 0.008145
ring
  42 -25.016619 -0.290124 58.074062 -0.988272 0.043258 -0.146446 0.758363 0.952652 2 42 0.991855 43 0.008145
  42 -25.017431 -0.295493 58.077953 -0.988275 0.043319 -0.146407 0.758363 0.952652 2 42 0.991855 43 0.008145
  42 -25.027386 -0.203684 58.160538 -0.986009 0.026705 -0.164538 0.746871 0.952659 2 42 0.883059 43 0.116941
ring
  42 -25.026354 -0.200253 58.154903 -0.986000 0.026727 -0.164590 0.746871 0.952659 2 42 0.883059 43 0.116941
  42 -25.016619 -0.290124 58.074062 -0.988272 0.043258 -0.146446 0.758363 0.952652 2 42 0.991855 43 0.008145
  42 -25.027386 -0.203684 58.160538 -0.986009 0.026705 -0.164538 0.746871 0.952659 2 42 0.883059 43 0.116941
ring
  42 -25.031336 -0.085550 58.195358 -0.985226 0.002881 -0.171233 0.735389 0.952662 2 42 0.833333 43 0.166667
  42 -25.026354 -0.200253 58.154903 -0.986000 0.026727 -0.164590 0.746871 0.952659 2 42 0.883059 43 0.116941
  42 -25.027386 -0.203684 58.160538 -0.986009 0.026705 -0.164538 0.746871 0.952659 2 42 0.883059 43 0.116941
ring
  42 -25.032473 -0.086519 58.201878 -0.985227 0.002866 -0.171232 0.735389 0.952662 2 42 0.833333 43 0.166667
  42 -25.031336 -0.085550 58.195358 -0.985226 0.002881 -0.171233 0.735389 0.952662 2 42 0.833333 43 0.166667
  42 -25.027386 -0.203684 58.160538 -0.986009 0.026705 -0.164538 0.746871 0.952659 2 42 0.883059 43 0.116941
ring
  42 -25.031620 0.036423 58.189163 -0.985164 -0.031075 -0.168777 0.723922 0.952663 2 42 0.833333 43 0.166667
  42 -25.031336 -0.085550 58.195358 -0.985226 0.002881 -0.171233 0.735389 0.952662 2 42 0.833333 43 0.166667
  42 -25.032473 -0.086519 58.201878 -0.985227 0.002866 -0.171232 0.735389 0.952662 2 42 0.833333 43 0.166667
ring
  42 -25.032761 0.038022 58.195541 -0.985159 -0.031143 -0.168795 0.723922 0.952663 2 42 0.833333 43 0.166667
  42 -25.031620 0.036423 58.189163 -0.985164 -0.031075 -0.168777 0.723922 0.952663 2 42 0.833333 43 0.166667
  42 -25.032473 -0.086519 58.201878 -0.985227 0.002866 -0.171232 0.735389 0.952662 2 42 0.833333 43 0.166667
ring
  42 -25.028847 0.147687 58.137798 -0.985447 -0.059403 -0.159263 0.712466 0.952658 2 42 0.991855 43 0.008145
  42 -25.031620 0.036423 58.189163 -0.985164 -0.031075 -0.168777 0.723922 0.952663 2 42 0.833333 43 0.166667
  42 -25.032761 0.038022 58.195541 -0.985159 -0.031143 -0.168795 0.723922 0.952663 2 42 0.833333 43 0.166667
ring
  42 -25.029936 0.151642 58.143063 -0.985453 -0.059404 -0.159227 0.712466 0.952658 2 42 0.991855 43 0.008145
  42 -25.028847 0.147687 58.137798 -0.985447 -0.059403 -0.159263 0.712466 0.952658 2 42 0.991855 43 0.008145
  42 -25.032761 0.038022 58.195541 -0.985159 -0.031143 -0.168795 0.723922 0.952663 2 42 0.833333 43 0.166667
ring
  42 -25.020353 0.229625 58.047646 -0.987466 -0.071841 -0.140537 0.701016 0.952642 2 42 0.991855 43 0.008145
  42 -25.028847 0.147687 58.137798 -0.985447 -0.059403 -0.159263 0.712466 0.952658 2 42 0.991855 43 0.008145
  42 -25.029936 0.151642 58.143063 -0.985453 -0.059404 -0.159227 0.712466 0.952658 2 42 0.991855 43 0.008145
ring
  42 -25.021246 0.235354 58.050983 -0.987463 -0.071937 -0.140507 0.701016 0.952642 2 42 0.991855 43 0.008145
  42 -25.020353 0.229625 58.047646 -0.987466 -0.071841 -0.140537 0.701016 0.952642 2 42 0.991855 43 0.008145
  42 -25.029936 0.151642 58.143063 -0.985453 -0.059404 -0.159227 0.712466 0.952658 2 42 0.991855 43 0.008145
ring
  42 -25.008738 0.270686 57.933239 -0.987886 -0.084340 -0.130261 0.689306 0.952363 2 42 0.991855 43 0.008145
  42 -25.020353 0.229625 58.047646 -0.987466 -0.071841 -0.140537 0.701016 0.952642 2 42 0.991855 43 0.008145
  42 -25.021246 0.235354 58.050983 -0.987463 -0.071937 -0.140507 0.701016 0.952642 2 42 0.991855 43 0.008145
ring
  42 -25.009420 0.277281 57.934139 -0.987866 -0.084508 -0.130307 0.689306 0.952363 2 42 0.991855 43 0.008145
  42 -25.008738 0.270686 57.933239 -0.987886 -0.084340 -0.130261 0.689306 0.952363 2 42 0.991855 43 0.008145
  42 -25.021246 0.235354 58.050983 -0.987463 -0.071937 -0.140507 0.701016 0.952642 2 42 0.991855 43 0.008145
ring
  42 -24.819094 -0.345565 57.985462 0.013662 0.969846 -0.243334 0.769867 0.957999 1 42 1.000000
  42 -24.796862 -0.339697 57.986404 -0.235901 0.935802 -0.261964 0.769871 0.963358 1 42 1.000000
  42 -24.783941 -0.345756 57.865135 -0.276337 0.954391 0.113030 0.781377 0.963343 1 42 1.000000
ring
  42 -24.819094 -0.345565 57.985462 0.013662 0.969846 -0.243334 0.769867 0.957999 1 42 1.000000
  42 -24.831659 -0.292419 58.097069 0.052873 0.803118 -0.593470 0.758366 0.958008 2 42 0.991855 43 0.008145
  42 -24.796862 -0.339697 57.986404 -0.235901 0.935802 -0.261964 0.769871 0.963358 1 42 1.000000
ring
  42 -24.831659 -0.292419 58.097069 0.052873 0.803118 -0.593470 0.758366 0.958008 2 42 0.991855 43 0.008145
  42 -24.809162 -0.287435 58.096111 -0.197030 0.773759 -0.602060 0.758370 0.963364 1 42 1.000000
  42 -24.796862 -0.339697 57.986404 -0.235901 0.935802 -0.261964 0.769871 0.963358 1 42 1.000000
ring
  42 -24.818930 -0.196996 58.177372 -0.167765 0.493991 -0.853128 0.746877 0.963362 2 42 0.991855 43 0.008145
  42 -24.809162 -0.287435 58.096111 -0.197030 0.773759 -0.602060 0.758370 0.963364 1 42 1.000000
  42 -24.831659 -0.292419 58.097069 0.052873 0.803118 -0.593470 0.758366 0.958008 2 42 0.991855 43 0.008145
ring
  42 -24.805908 -0.351742 57.861965 -0.028442 0.989179 0.143930 0.781373 0.957982 1 42 1.000000
  42 -24.819094 -0.345565 57.985462 0.013662 0.969846 -0.243334 0.769867 0.957999 1 42 1.000000
  42 -24.783941 -0.345756 57.865135 -0.276337 0.954391 0.113030 0.781377 0.963343 1 42 1.000000
ring
  42 -24.831659 -0.292419 58.097069 0.052873 0.803118 -0.593470 0.758366 0.958008 2 42 0.991855 43 0.008145
  42 -24.819094 -0.345565 57.985462 0.013662 0.969846 -0.243334 0.769867 0.957999 1 42 1.000000
  42 -24.841150 -0.340252 57.981716 0.262432 0.942005 -0.209181 0.769863 0.952640 1 42 1.000000
ring
  42 -24.805908 -0.351742 57.861965 -0.028442 0.989179 0.143930 0.781373 0.957982 1 42 1.000000
  42 -24.783941 -0.345756 57.865135 -0.276337 0.954391 0.113030 0.781377 0.963343 1 42 1.000000
  42 -24.794098 -0.309916 57.745457 -0.065259 0.858019 0.509455 0.792882 0.957953 1 42 1.000000
ring
  42 -24.841150 -0.340252 57.981716 0.262432 0.942005 -0.209181 0.769863 0.952640 1 42 1.000000
  42 -24.819094 -0.345565 57.985462 0.013662 0.969846 -0.243334 0.769867 0.957999 1 42 1.000000
  42 -24.828213 -0.346340 57.860428 0.221362 0.960976 0.165903 0.781369 0.952620 1 42 1.000000
ring
  42 -24.819094 -0.345565 57.985462 0.013662 0.969846 -0.243334 0.769867 0.957999 1 42 1.000000
  42 -24.805908 -0.351742 57.861965 -0.028442 0.989179 0.143930 0.781373 0.957982 1 42 1.000000
  42 -24.828213 -0.346340 57.860428 0.221362 0.960976 0.165903 0.781369 0.952620 1 42 1.000000
ring
  42 -24.828213 -0.346340 57.860428 0.221362 0.960976 0.165903 0.781369 0.952620 1 42 1.000000
  42 -24.805908 -0.351742 57.861965 -0.028442 0.989179 0.143930 0.781373 0.957982 1 42 1.000000
  42 -24.794098 -0.309916 57.745457 -0.065259 0.858019 0.509455 0.792882 0.957953 1 42 1.000000
ring
  42 -24.853466 -0.288082 58.091328 0.299551 0.780606 -0.548565 0.758363 0.952652 2 42 0.991855 43 0.008145
  42 -24.831659 -0.292419 58.097069 0.052873 0.803118 -0.593470 0.758366 0.958008 2 42 0.991855 43 0.008145
  42 -24.841150 -0.340252 57.981716 0.262432 0.942005 -0.209181 0.769863 0.952640 1 42 1.000000
ring
  42 -24.816620 -0.305273 57.746025 0.185171 0.833975 0.519804 0.792878 0.952591 1 42 1.000000
  42 -24.828213 -0.346340 57.860428 0.221362 0.960976 0.165903 0.781369 0.952620 1 42 1.000000
  42 -24.794098 -0.309916 57.745457 -0.065259 0.858019 0.509455 0.792882 0.957953 1 42 1.000000
ring
  42 -24.783941 -0.345756 57.865135 -0.276337 0.954391 0.113030 0.781377 0.963343 1 42 1.000000
  42 -24.772322 -0.304691 57.750710 -0.311538 0.827493 0.467119 0.792886 0.963314 1 42 1.000000
  42 -24.794098 -0.309916 57.745457 -0.065259 0.858019 0.509455 0.792882 0.957953 1 42 1.000000
ring
  42 -24.841570 -0.200245 58.179947 0.083825 0.513536 -0.853963 0.746874 0.958010 2 42 0.991855 43 0.008145
  42 -24.831659 -0.292419 58.097069 0.052873 0.803118 -0.593470 0.758366 0.958008 2 42 0.991855 43 0.008145
  42 -24.853466 -0.288082 58.091328 0.299551 0.780606 -0.548565 0.758363 0.952652 2 42 0.991855 43 0.008145
ring
  42 -24.841570 -0.200245 58.179947 0.083825 0.513536 -0.853963 0.746874 0.958010 2 42 0.991855 43 0.008145
  42 -24.818930 -0.196996 58.177372 -0.167765 0.493991 -0.853128 0.746877 0.963362 2 42 0.991855 43 0.008145
  42 -24.831659 -0.292419 58.097069 0.052873 0.803118 -0.593470 0.758366 0.958008 2 42 0.991855 43 0.008145
ring
  42 -24.863222 -0.197567 58.172684 0.330227 0.500248 -0.800438 0.746871 0.952659 2 42 0.991855 43 0.008145
  42 -24.841570 -0.200245 58.179947 0.083825 0.513536 -0.853963 0.746874 0.958010 2 42 0.991855 43 0.008145
  42 -24.853466 -0.288082 58.091328 0.299551 0.780606 -0.548565 0.758363 0.952652 2 42 0.991855 43 0.008145
ring
  42 -24.794098 -0.309916 57.745457 -0.065259 0.858019 0.509455 0.792882 0.957953 1 42 1.000000
  42 -24.772322 -0.304691 57.750710 -0.311538 0.827493 0.467119 0.792886 0.963314 1 42 1.000000
  42 -24.785414 -0.226473 57.653667 -0.092180 0.596148 0.797566 0.804391 0.957910 1 42 1.000000
ring
  42 -24.816620 -0.305273 57.746025 0.185171 0.833975 0.519804 0.792878 0.952591 1 42 1.000000
  42 -24.794098 -0.309916 57.745457 -0.065259 0.858019 0.509455 0.792882 0.957953 1 42 1.000000
  42 -24.785414 -0.226473 57.653667 -0.092180 0.596148 0.797566 0.804391 0.957910 1 42 1.000000
ring
  42 -24.772322 -0.304691 57.750710 -0.311538 0.827493 0.467119 0.792886 0.963314 1 42 1.000000
  42 -24.763821 -0.222753 57.660591 -0.337933 0.573982 0.745885 0.804395 0.963271 1 42 1.000000
  42 -24.785414 -0.226473 57.653667 -0.092180 0.596148 0.797566 0.804391 0.957910 1 42 1.000000
ring
  42 -24.808107 -0.223308 57.655907 0.159494 0.580184 0.798716 0.804386 0.952549 1 42 1.000000
  42 -24.816620 -0.305273 57.746025 0.185171 0.833975 0.519804 0.792878 0.952591 1 42 1.000000
  42 -24.785414 -0.226473 57.653667 -0.092180 0.596148 0.797566 0.804391 0.957910 1 42 1.000000
ring
  42 -24.785414 -0.226473 57.653667 -0.092180 0.596148 0.797566 0.804391 0.957910 1 42 1.000000
  42 -24.763821 -0.222753 57.660591 -0.337933 0.573982 0.745885 0.804395 0.963271 1 42 1.000000
  42 -24.781237 -0.114092 57.600559 -0.105589 0.243522 0.964131 0.815895 0.957855 1 42 1.000000
ring
  42 -24.808107 -0.223308 57.655907 0.159494 0.580184 0.798716 0.804386 0.952549 1 42 1.000000
  42 -24.785414 -0.226473 57.653667 -0.092180 0.596148 0.797566 0.804391 0.957910 1 42 1.000000
  42 -24.781237 -0.114092 57.600559 -0.105589 0.243522 0.964131 0.815895 0.957855 1 42 1.000000
ring
  42 -24.763821 -0.222753 57.660591 -0.337933 0.573982 0.745885 0.804395 0.963271 1 42 1.000000
  42 -24.759706 -0.112415 57.608471 -0.351692 0.232623 0.906752 0.815901 0.963213 1 42 1.000000
  42 -24.781237 -0.114092 57.600559 -0.105589 0.243522 0.964131 0.815895 0.957855 1 42 1.000000
ring
  42 -24.803970 -0.112970 57.603764 0.147075 0.238940 0.959832 0.815890 0.952497 1 42 1.000000
  42 -24.808107 -0.223308 57.655907 0.159494 0.580184 0.798716 0.804386 0.952549 1 42 1.000000
  42 -24.781237 -0.114092 57.600559 -0.105589 0.243522 0.964131 0.815895 0.957855 1 42 1.000000
ring
  42 -24.781237 -0.114092 57.600559 -0.105589 0.243522 0.964131 0.815895 0.957855 1 42 1.000000
  42 -24.759706 -0.112415 57.608471 -0.351692 0.232623 0.906752 0.815901 0.963213 1 42 1.000000
  42 -24.760605 0.009562 57.602257 -0.348057 -0.144664 0.926244 0.827399 0.963146 1 42 1.000000
ring
  42 -24.803970 -0.112970 57.603764 0.147075 0.238940 0.959832 0.815890 0.952497 1 42 1.000000
  42 -24.781237 -0.114092 57.600559 -0.105589 0.243522 0.964131 0.815895 0.957855 1 42 1.000000
  42 -24.782143 0.010110 57.594250 -0.102465 -0.146081 0.983952 0.827393 0.957792 1 42 1.000000
ring
  42 -24.782143 0.010110 57.594250 -0.102465 -0.146081 0.983952 0.827393 0.957792 1 42 1.000000
  42 -24.781237 -0.114092 57.600559 -0.105589 0.243522 0.964131 0.815895 0.957855 1 42 1.000000
  42 -24.760605 0.009562 57.602257 -0.348057 -0.144664 0.926244 0.827399 0.963146 1 42 1.000000
ring
  42 -24.804899 0.008980 57.597572 0.149578 -0.138282 0.979032 0.827388 0.952438 1 42 1.000000
  42 -24.803970 -0.112970 57.603764 0.147075 0.238940 0.959832 0.815890 0.952497 1 42 1.000000
  42 -24.782143 0.010110 57.594250 -0.102465 -0.146081 0.983952 0.827393 0.957792 1 42 1.000000
ring
  42 -24.804899 0.008980 57.597572 0.149578 -0.138282 0.979032 0.827388 0.952438 1 42 1.000000
  42 -24.782143 0.010110 57.594250 -0.102465 -0.146081 0.983952 0.827393 0.957792 1 42 1.000000
  42 -24.810684 0.123962 57.638252 0.168074 -0.493895 0.853123 0.838873 0.952378 1 42 1.000000
ring
  42 -24.782143 0.010110 57.594250 -0.102465 -0.146081 0.983952 0.827393 0.957792 1 42 1.000000
  42 -24.760605 0.009562 57.602257 -0.348057 -0.144664 0.926244 0.827399 0.963146 1 42 1.000000
  42 -24.788044 0.127218 57.635681 -0.083714 -0.513627 0.853920 0.838878 0.957727 1 42 1.000000
ring
  42 -24.782143 0.010110 57.594250 -0.102465 -0.146081 0.983952 0.827393 0.957792 1 42 1.000000
  42 -24.788044 0.127218 57.635681 -0.083714 -0.513627 0.853920 0.838878 0.957727 1 42 1.000000
  42 -24.810684 0.123962 57.638252 0.168074 -0.493895 0.853123 0.838873 0.952378 1 42 1.000000
ring
  42 -24.760605 0.009562 57.602257 -0.348057 -0.144664 0.926244 0.827399 0.963146 1 42 1.000000
  42 -24.766392 0.124545 57.642941 -0.330186 -0.500483 0.800308 0.838884 0.963077 1 42 1.000000
  42 -24.788044 0.127218 57.635681 -0.083714 -0.513627 0.853920 0.838878 0.957727 1 42 1.000000
ring
  42 -24.810684 0.123962 57.638252 0.168074 -0.493895 0.853123 0.838873 0.952378 1 42 1.000000
  42 -24.788044 0.127218 57.635681 -0.083714 -0.513627 0.853920 0.838878 0.957727 1 42 1.000000
  42 -24.798027 0.219391 57.718575 -0.052706 -0.802831 0.593873 0.850357 0.957662 1 42 1.000000
ring
  42 -24.788044 0.127218 57.635681 -0.083714 -0.513627 0.853920 0.838878 0.957727 1 42 1.000000
  42 -24.766392 0.124545 57.642941 -0.330186 -0.500483 0.800308 0.838884 0.963077 1 42 1.000000
  42 -24.798027 0.219391 57.718575 -0.052706 -0.802831 0.593873 0.850357 0.957662 1 42 1.000000
ring
  42 -24.820463 0.214502 57.719635 0.196996 -0.774258 0.601430 0.850352 0.952314 1 42 1.000000
  42 -24.810684 0.123962 57.638252 0.168074 -0.493895 0.853123 0.838873 0.952378 1 42 1.000000
  42 -24.798027 0.219391 57.718575 -0.052706 -0.802831 0.593873 0.850357 0.957662 1 42 1.000000
ring
  42 -24.766392 0.124545 57.642941 -0.330186 -0.500483 0.800308 0.838884 0.963077 1 42 1.000000
  42 -24.776175 0.215056 57.724323 -0.299115 -0.780552 0.548880 0.850363 0.963009 1 42 1.000000
  42 -24.798027 0.219391 57.718575 -0.052706 -0.802831 0.593873 0.850357 0.957662 1 42 1.000000
ring
  42 -24.820463 0.214502 57.719635 0.196996 -0.774258 0.601430 0.850352 0.952314 1 42 1.000000
  42 -24.798027 0.219391 57.718575 -0.052706 -0.802831 0.593873 0.850357 0.957662 1 42 1.000000
  42 -24.832758 0.266766 57.829304 0.235860 -0.935735 0.262242 0.861833 0.952253 1 42 1.000000
ring
  42 -24.798027 0.219391 57.718575 -0.052706 -0.802831 0.593873 0.850357 0.957662 1 42 1.000000
  42 -24.776175 0.215056 57.724323 -0.299115 -0.780552 0.548880 0.850363 0.963009 1 42 1.000000
  42 -24.810543 0.272635 57.830261 -0.012981 -0.969804 0.243539 0.861837 0.957664 1 42 1.000000
ring
  42 -24.798027 0.219391 57.718575 -0.052706 -0.802831 0.593873 0.850357 0.957662 1 42 1.000000
  42 -24.810543 0.272635 57.830261 -0.012981 -0.969804 0.243539 0.861837 0.957664 1 42 1.000000
  42 -24.832758 0.266766 57.829304 0.235860 -0.935735 0.262242 0.861833 0.952253 1 42 1.000000
ring
  42 -24.832758 0.266766 57.829304 0.235860 -0.935735 0.262242 0.861833 0.952253 1 42 1.000000
  42 -24.810543 0.272635 57.830261 -0.012981 -0.969804 0.243539 0.861837 0.957664 1 42 1.000000
  42 -24.845699 0.272826 57.950588 0.251797 -0.964862 0.075101 0.873580 0.952124 1 42 1.000000
ring
  42 -24.776175 0.215056 57.724323 -0.299115 -0.780552 0.548880 0.850363 0.963009 1 42 1.000000
  42 -24.788469 0.267349 57.833984 -0.261031 -0.942270 0.209738 0.861838 0.962951 1 42 1.000000
  42 -24.810543 0.272635 57.830261 -0.012981 -0.969804 0.243539 0.861837 0.957664 1 42 1.000000
ring
  42 -24.810543 0.272635 57.830261 -0.012981 -0.969804 0.243539 0.861837 0.957664 1 42 1.000000
  42 -24.823709 0.278811 57.953743 0.007792 -0.998681 0.050746 0.873691 0.957761 1 42 1.000000
  42 -24.845699 0.272826 57.950588 0.251797 -0.964862 0.075101 0.873580 0.952124 1 42 1.000000
ring
  42 -24.810543 0.272635 57.830261 -0.012981 -0.969804 0.243539 0.861837 0.957664 1 42 1.000000
  42 -24.788469 0.267349 57.833984 -0.261031 -0.942270 0.209738 0.861838 0.962951 1 42 1.000000
  42 -24.823709 0.278811 57.953743 0.007792 -0.998681 0.050746 0.873691 0.957761 1 42 1.000000
ring
  42 -24.788469 0.267349 57.833984 -0.261031 -0.942270 0.209738 0.861838 0.962951 1 42 1.000000
  42 -24.801411 0.273409 57.955269 -0.236847 -0.971269 0.023252 0.873576 0.963152 1 42 1.000000
  42 -24.823709 0.278811 57.953743 0.007792 -0.998681 0.050746 0.873691 0.957761 1 42 1.000000
ring
  42 -24.801411 0.273409 57.955269 -0.197988 -0.916015 -0.348879 0.689297 0.963364 1 42 1.000000
  42 -24.813004 0.232342 58.069683 -0.185538 -0.833723 -0.520078 0.701017 0.963315 1 42 1.000000
  42 -24.835526 0.236983 58.070286 0.068205 -0.857456 -0.510016 0.701016 0.957916 1 42 1.000000
ring
  42 -24.823709 0.278811 57.953743 0.047429 -0.941681 -0.333146 0.689189 0.957740 1 42 1.000000
  42 -24.801411 0.273409 57.955269 -0.197988 -0.916015 -0.348879 0.689297 0.963364 1 42 1.000000
  42 -24.835526 0.236983 58.070286 0.068205 -0.857456 -0.510016 0.701016 0.957916 1 42 1.000000
ring
  42 -24.845699 0.272826 57.950588 0.290764 -0.909527 -0.297012 0.689306 0.952363 1 42 1.000000
  42 -24.823709 0.278811 57.953743 0.047429 -0.941681 -0.333146 0.689189 0.957740 1 42 1.000000
  42 -24.835526 0.236983 58.070286 0.068205 -0.857456 -0.510016 0.701016 0.957916 1 42 1.000000
ring
  42 -24.857203 0.231666 58.064915 0.317488 -0.825668 -0.466339 0.701016 0.952642 2 42 0.991855 43 0.008145
  42 -24.845699 0.272826 57.950588 0.290764 -0.909527 -0.297012 0.689306 0.952363 1 42 1.000000
  42 -24.835526 0.236983 58.070286 0.068205 -0.857456 -0.510016 0.701016 0.957916 1 42 1.000000
ring
  42 -24.835526 0.236983 58.070286 0.068205 -0.857456 -0.510016 0.701016 0.957916 1 42 1.000000
  42 -24.813004 0.232342 58.069683 -0.185538 -0.833723 -0.520078 0.701017 0.963315 1 42 1.000000
  42 -24.844095 0.153442 58.161980 0.092029 -0.595657 -0.797950 0.712469 0.957994 2 42 0.991855 43 0.008145
ring
  42 -24.857203 0.231666 58.064915 0.317488 -0.825668 -0.466339 0.701016 0.952642 2 42 0.991855 43 0.008145
  42 -24.835526 0.236983 58.070286 0.068205 -0.857456 -0.510016 0.701016 0.957916 1 42 1.000000
  42 -24.844095 0.153442 58.161980 0.092029 -0.595657 -0.797950 0.712469 0.957994 2 42 0.991855 43 0.008145
ring
  42 -24.813004 0.232342 58.069683 -0.185538 -0.833723 -0.520078 0.701017 0.963315 1 42 1.000000
  42 -24.821444 0.150274 58.159740 -0.160209 -0.579478 -0.799085 0.712472 0.963331 2 42 0.991855 43 0.008145
  42 -24.844095 0.153442 58.161980 0.092029 -0.595657 -0.797950 0.712469 0.957994 2 42 0.991855 43 0.008145
ring
  42 -24.865711 0.149730 58.155041 0.337989 -0.573688 -0.746087 0.712466 0.952658 2 42 0.991855 43 0.008145
  42 -24.857203 0.231666 58.064915 0.317488 -0.825668 -0.466339 0.701016 0.952642 2 42 0.991855 43 0.008145
  42 -24.844095 0.153442 58.161980 0.092029 -0.595657 -0.797950 0.712469 0.957994 2 42 0.991855 43 0.008145
ring
  42 -24.844095 0.153442 58.161980 0.092029 -0.595657 -0.797950 0.712469 0.957994 2 42 0.991855 43 0.008145
  42 -24.821444 0.150274 58.159740 -0.160209 -0.579478 -0.799085 0.712472 0.963331 2 42 0.991855 43 0.008145
  42 -24.825508 0.039863 58.211819 -0.146575 -0.238632 -0.959985 0.723928 0.963342 2 42 0.986111 43 0.013889
ring
  42 -24.865711 0.149730 58.155041 0.337989 -0.573688 -0.746087 0.712466 0.952658 2 42 0.991855 43 0.008145
  42 -24.844095 0.153442 58.161980 0.092029 -0.595657 -0.797950 0.712469 0.957994 2 42 0.991855 43 0.008145
  42 -24.848259 0.040998 58.215008 0.105431 -0.243306 -0.964203 0.723926 0.958002 2 42 0.986111 43 0.013889
ring
  42 -24.848259 0.040998 58.215008 0.105431 -0.243306 -0.964203 0.723926 0.958002 2 42 0.986111 43 0.013889
  42 -24.844095 0.153442 58.161980 0.092029 -0.595657 -0.797950 0.712469 0.957994 2 42 0.991855 43 0.008145
  42 -24.825508 0.039863 58.211819 -0.146575 -0.238632 -0.959985 0.723928 0.963342 2 42 0.986111 43 0.013889
ring
  42 -24.869791 0.039330 58.207108 0.350773 -0.232442 -0.907154 0.723922 0.952663 2 42 0.986111 43 0.013889
  42 -24.865711 0.149730 58.155041 0.337989 -0.573688 -0.746087 0.712466 0.952658 2 42 0.991855 43 0.008145
  42 -24.848259 0.040998 58.215008 0.105431 -0.243306 -0.964203 0.723926 0.958002 2 42 0.986111 43 0.013889
ring
  42 -24.848259 0.040998 58.215008 0.105431 -0.243306 -0.964203 0.723926 0.958002 2 42 0.986111 43 0.013889
  42 -24.825508 0.039863 58.211819 -0.146575 -0.238632 -0.959985 0.723928 0.963342 2 42 0.986111 43 0.013889
  42 -24.847383 -0.083206 58.221340 0.102315 0.145962 -0.983985 0.735392 0.958007 2 42 0.986111 43 0.013889
ring
  42 -24.869791 0.039330 58.207108 0.350773 -0.232442 -0.907154 0.723922 0.952663 2 42 0.986111 43 0.013889
  42 -24.848259 0.040998 58.215008 0.105431 -0.243306 -0.964203 0.723926 0.958002 2 42 0.986111 43 0.013889
  42 -24.847383 -0.083206 58.221340 0.102315 0.145962 -0.983985 0.735392 0.958007 2 42 0.986111 43 0.013889
ring
  42 -24.825508 0.039863 58.211819 -0.146575 -0.238632 -0.959985 0.723928 0.963342 2 42 0.986111 43 0.013889
  42 -24.824671 -0.082084 58.218010 -0.150221 0.138230 -0.978941 0.735395 0.963353 2 42 0.986111 43 0.013889
  42 -24.847383 -0.083206 58.221340 0.102315 0.145962 -0.983985 0.735392 0.958007 2 42 0.986111 43 0.013889
ring
  42 -24.868937 -0.082647 58.213322 0.348318 0.144401 -0.926187 0.735389 0.952662 2 42 0.986111 43 0.013889
  42 -24.869791 0.039330 58.207108 0.350773 -0.232442 -0.907154 0.723922 0.952663 2 42 0.986111 43 0.013889
  42 -24.847383 -0.083206 58.221340 0.102315 0.145962 -0.983985 0.735392 0.958007 2 42 0.986111 43 0.013889
ring
  42 -24.847383 -0.083206 58.221340 0.102315 0.145962 -0.983985 0.735392 0.958007 2 42 0.986111 43 0.013889
  42 -24.824671 -0.082084 58.218010 -0.150221 0.138230 -0.978941 0.735395 0.963353 2 42 0.986111 43 0.013889
  42 -24.818930 -0.196996 58.177372 -0.167765 0.493991 -0.853128 0.746877 0.963362 2 42 0.991855 43 0.008145
ring
  42 -24.868937 -0.082647 58.213322 0.348318 0.144401 -0.926187 0.735389 0.952662 2 42 0.986111 43 0.013889
  42 -24.847383 -0.083206 58.221340 0.102315 0.145962 -0.983985 0.735392 0.958007 2 42 0.986111 43 0.013889
  42 -24.863222 -0.197567 58.172684 0.330227 0.500248 -0.800438 0.746871 0.952659 2 42 0.991855 43 0.008145
ring
  42 -24.841570 -0.200245 58.179947 0.083825 0.513536 -0.853963 0.746874 0.958010 2 42 0.991855 43 0.008145
  42 -24.847383 -0.083206 58.221340 0.102315 0.145962 -0.983985 0.735392 0.958007 2 42 0.986111 43 0.013889
  42 -24.818930 -0.196996 58.177372 -0.167765 0.493991 -0.853128 0.746877 0.963362 2 42 0.991855 43 0.008145
ring
  42 -24.847383 -0.083206 58.221340 0.102315 0.145962 -0.983985 0.735392 0.958007 2 42 0.986111 43 0.013889
  42 -24.841570 -0.200245 58.179947 0.083825 0.513536 -0.853963 0.746874 0.958010 2 42 0.991855 43 0.008145
  42 -24.863222 -0.197567 58.172684 0.330227 0.500248 -0.800438 0.746871 0.952659 2 42 0.991855 43 0.008145
ring
  42 -24.805710 -0.358439 57.860992 0.027670 -0.989200 -0.143938 0.781373 0.957982 1 42 1.000000
  42 -24.783258 -0.352350 57.864235 0.275272 -0.954697 -0.113044 0.781377 0.963343 1 42 1.000000
  42 -24.796495 -0.346163 57.988098 0.235213 -0.935911 0.262194 0.769871 0.963358 1 42 1.000000
ring
  42 -24.819181 -0.352138 57.987125 -0.013578 -0.969853 0.243312 0.769867 0.957999 1 42 1.000000
  42 -24.805710 -0.358439 57.860992 0.027670 -0.989200 -0.143938 0.781373 0.957982 1 42 1.000000
  42 -24.796495 -0.346163 57.988098 0.235213 -0.935911 0.262194 0.769871 0.963358 1 42 1.000000
ring
  42 -24.819181 -0.352138 57.987125 -0.013578 -0.969853 0.243312 0.769867 0.957999 1 42 1.000000
  42 -24.796495 -0.346163 57.988098 0.235213 -0.935911 0.262194 0.769871 0.963358 1 42 1.000000
  42 -24.809027 -0.292765 58.100086 0.198419 -0.773718 0.601657 0.758370 0.963364 1 42 1.000000
ring
  42 -24.805710 -0.358439 57.860992 0.027670 -0.989200 -0.143938 0.781373 0.957982 1 42 1.000000
  42 -24.793655 -0.315747 57.741982 0.064677 -0.857946 -0.509652 0.792882 0.957953 1 42 1.000000
  42 -24.783258 -0.352350 57.864235 0.275272 -0.954697 -0.113044 0.781377 0.963343 1 42 1.000000
ring
  42 -24.793655 -0.315747 57.741982 0.064677 -0.857946 -0.509652 0.792882 0.957953 1 42 1.000000
  42 -24.771418 -0.310423 57.747395 0.311828 -0.827563 -0.466799 0.792886 0.963314 1 42 1.000000
  42 -24.783258 -0.352350 57.864235 0.275272 -0.954697 -0.113044 0.781377 0.963343 1 42 1.000000
ring
  42 -24.771418 -0.310423 57.747395 0.311828 -0.827563 -0.466799 0.792886 0.963314 1 42 1.000000
  42 -24.793655 -0.315747 57.741982 0.064677 -0.857946 -0.509652 0.792882 0.957953 1 42 1.000000
  42 -24.762724 -0.226707 57.655315 0.337853 -0.573880 -0.746001 0.804395 0.963271 1 42 1.000000
ring
  42 -24.819181 -0.352138 57.987125 -0.013578 -0.969853 0.243312 0.769867 0.957999 1 42 1.000000
  42 -24.841703 -0.346730 57.983315 -0.261723 -0.942197 0.209204 0.769863 0.952640 1 42 1.000000
  42 -24.805710 -0.358439 57.860992 0.027670 -0.989200 -0.143938 0.781373 0.957982 1 42 1.000000
ring
  42 -24.841703 -0.346730 57.983315 -0.261723 -0.942197 0.209204 0.769863 0.952640 1 42 1.000000
  42 -24.828487 -0.352915 57.859432 -0.221756 -0.960904 -0.165792 0.781369 0.952620 1 42 1.000000
  42 -24.805710 -0.358439 57.860992 0.027670 -0.989200 -0.143938 0.781373 0.957982 1 42 1.000000
ring
  42 -24.805710 -0.358439 57.860992 0.027670 -0.989200 -0.143938 0.781373 0.957982 1 42 1.000000
  42 -24.828487 -0.352915 57.859432 -0.221756 -0.960904 -0.165792 0.781369 0.952620 1 42 1.000000
  42 -24.793655 -0.315747 57.741982 0.064677 -0.857946 -0.509652 0.792882 0.957953 1 42 1.000000
ring
  42 -24.854319 -0.293449 58.095222 -0.299319 -0.780734 0.548509 0.758363 0.952652 2 42 0.991855 43 0.008145
  42 -24.841703 -0.346730 57.983315 -0.261723 -0.942197 0.209204 0.769863 0.952640 1 42 1.000000
  42 -24.819181 -0.352138 57.987125 -0.013578 -0.969853 0.243312 0.769867 0.957999 1 42 1.000000
ring
  42 -24.828487 -0.352915 57.859432 -0.221756 -0.960904 -0.165792 0.781369 0.952620 1 42 1.000000
  42 -24.816643 -0.310986 57.742592 -0.186534 -0.833730 -0.519710 0.792878 0.952591 1 42 1.000000
  42 -24.793655 -0.315747 57.741982 0.064677 -0.857946 -0.509652 0.792882 0.957953 1 42 1.000000
ring
  42 -24.832006 -0.297860 58.101112 -0.052065 -0.803057 0.593624 0.758366 0.958008 2 42 0.991855 43 0.008145
  42 -24.854319 -0.293449 58.095222 -0.299319 -0.780734 0.548509 0.758363 0.952652 2 42 0.991855 43 0.008145
  42 -24.819181 -0.352138 57.987125 -0.013578 -0.969853 0.243312 0.769867 0.957999 1 42 1.000000
ring
  42 -24.832006 -0.297860 58.101112 -0.052065 -0.803057 0.593624 0.758366 0.958008 2 42 0.991855 43 0.008145
  42 -24.819181 -0.352138 57.987125 -0.013578 -0.969853 0.243312 0.769867 0.957999 1 42 1.000000
  42 -24.809027 -0.292765 58.100086 0.198419 -0.773718 0.601657 0.758370 0.963364 1 42 1.000000
ring
  42 -24.854319 -0.293449 58.095222 -0.299319 -0.780734 0.548509 0.758363 0.952652 2 42 0.991855 43 0.008145
  42 -24.832006 -0.297860 58.101112 -0.052065 -0.803057 0.593624 0.758366 0.958008 2 42 0.991855 43 0.008145
  42 -24.842129 -0.203725 58.185753 -0.083724 -0.513385 0.854064 0.746874 0.958010 2 42 0.991855 43 0.008145
ring
  42 -24.842129 -0.203725 58.185753 -0.083724 -0.513385 0.854064 0.746874 0.958010 2 42 0.991855 43 0.008145
  42 -24.832006 -0.297860 58.101112 -0.052065 -0.803057 0.593624 0.758366 0.958008 2 42 0.991855 43 0.008145
  42 -24.809027 -0.292765 58.100086 0.198419 -0.773718 0.601657 0.758370 0.963364 1 42 1.000000
ring
  42 -24.819033 -0.200422 58.183128 0.167687 -0.493938 0.853175 0.746877 0.963362 2 42 0.991855 43 0.008145
  42 -24.842129 -0.203725 58.185753 -0.083724 -0.513385 0.854064 0.746874 0.958010 2 42 0.991855 43 0.008145
  42 -24.809027 -0.292765 58.100086 0.198419 -0.773718 0.601657 0.758370 0.963364 1 42 1.000000
ring
  42 -24.864262 -0.201002 58.178333 -0.329749 -0.500299 0.800604 0.746871 0.952659 2 42 0.991855 43 0.008145
  42 -24.854319 -0.293449 58.095222 -0.299319 -0.780734 0.548509 0.758363 0.952652 2 42 0.991855 43 0.008145
  42 -24.842129 -0.203725 58.185753 -0.083724 -0.513385 0.854064 0.746874 0.958010 2 42 0.991855 43 0.008145
ring
  42 -24.842129 -0.203725 58.185753 -0.083724 -0.513385 0.854064 0.746874 0.958010 2 42 0.991855 43 0.008145
  42 -24.819033 -0.200422 58.183128 0.167687 -0.493938 0.853175 0.746877 0.963362 2 42 0.991855 43 0.008145
  42 -24.824871 -0.083049 58.224617 0.149425 -0.138161 0.979073 0.735395 0.963353 2 42 0.986111 43 0.013889
ring
  42 -24.864262 -0.201002 58.178333 -0.329749 -0.500299 0.800604 0.746871 0.952659 2 42 0.991855 43 0.008145
  42 -24.842129 -0.203725 58.185753 -0.083724 -0.513385 0.854064 0.746874 0.958010 2 42 0.991855 43 0.008145
  42 -24.848076 -0.084195 58.227997 -0.102470 -0.145949 0.983971 0.735392 0.958007 2 42 0.986111 43 0.013889
ring
  42 -24.848076 -0.084195 58.227997 -0.102470 -0.145949 0.983971 0.735392 0.958007 2 42 0.986111 43 0.013889
  42 -24.842129 -0.203725 58.185753 -0.083724 -0.513385 0.854064 0.746874 0.958010 2 42 0.991855 43 0.008145
  42 -24.824871 -0.083049 58.224617 0.149425 -0.138161 0.979073 0.735395 0.963353 2 42 0.986111 43 0.013889
ring
  42 -24.870098 -0.083620 58.219830 -0.347797 -0.144387 0.926385 0.735389 0.952662 2 42 0.986111 43 0.013889
  42 -24.864262 -0.201002 58.178333 -0.329749 -0.500299 0.800604 0.746871 0.952659 2 42 0.991855 43 0.008145
  42 -24.848076 -0.084195 58.227997 -0.102470 -0.145949 0.983971 0.735392 0.958007 2 42 0.986111 43 0.013889
ring
  42 -24.870960 0.040951 58.213501 -0.350854 0.232350 0.907147 0.723922 0.952663 2 42 0.986111 43 0.013889
  42 -24.870098 -0.083620 58.219830 -0.347797 -0.144387 0.926385 0.735389 0.952662 2 42 0.986111 43 0.013889
  42 -24.848076 -0.084195 58.227997 -0.102470 -0.145949 0.983971 0.735392 0.958007 2 42 0.986111 43 0.013889
ring
  42 -24.848980 0.042661 58.221569 -0.104839 0.243302 0.964268 0.723926 0.958002 2 42 0.986111 43 0.013889
  42 -24.848076 -0.084195 58.227997 -0.102470 -0.145949 0.983971 0.735392 0.958007 2 42 0.986111 43 0.013889
  42 -24.824871 -0.083049 58.224617 0.149425 -0.138161 0.979073 0.735395 0.963353 2 42 0.986111 43 0.013889
ring
  42 -24.848980 0.042661 58.221569 -0.104839 0.243302 0.964268 0.723926 0.958002 2 42 0.986111 43 0.013889
  42 -24.870960 0.040951 58.213501 -0.350854 0.232350 0.907147 0.723922 0.952663 2 42 0.986111 43 0.013889
  42 -24.848076 -0.084195 58.227997 -0.102470 -0.145949 0.983971 0.735392 0.958007 2 42 0.986111 43 0.013889
ring
  42 -24.825735 0.041496 58.218281 0.147534 0.238543 0.959860 0.723928 0.963342 2 42 0.986111 43 0.013889
  42 -24.848980 0.042661 58.221569 -0.104839 0.243302 0.964268 0.723926 0.958002 2 42 0.986111 43 0.013889
  42 -24.824871 -0.083049 58.224617 0.149425 -0.138161 0.979073 0.735395 0.963353 2 42 0.986111 43 0.013889
ring
  42 -24.866796 0.153685 58.160320 -0.338513 0.573141 0.746270 0.712466 0.952658 2 42 0.991855 43 0.008145
  42 -24.870960 0.040951 58.213501 -0.350854 0.232350 0.907147 0.723922 0.952663 2 42 0.986111 43 0.013889
  42 -24.848980 0.042661 58.221569 -0.104839 0.243302 0.964268 0.723926 0.958002 2 42 0.986111 43 0.013889
ring
  42 -24.844727 0.157497 58.167389 -0.094372 0.595312 0.797934 0.712469 0.957994 2 42 0.991855 43 0.008145
  42 -24.848980 0.042661 58.221569 -0.104839 0.243302 0.964268 0.723926 0.958002 2 42 0.986111 43 0.013889
  42 -24.825735 0.041496 58.218281 0.147534 0.238543 0.959860 0.723928 0.963342 2 42 0.986111 43 0.013889
ring
  42 -24.844727 0.157497 58.167389 -0.094372 0.595312 0.797934 0.712469 0.957994 2 42 0.991855 43 0.008145
  42 -24.866796 0.153685 58.160320 -0.338513 0.573141 0.746270 0.712466 0.952658 2 42 0.991855 43 0.008145
  42 -24.848980 0.042661 58.221569 -0.104839 0.243302 0.964268 0.723926 0.958002 2 42 0.986111 43 0.013889
ring
  42 -24.821663 0.154368 58.165195 0.155039 0.579924 0.799782 0.712472 0.963331 1 42 1.000000
  42 -24.844727 0.157497 58.167389 -0.094372 0.595312 0.797934 0.712469 0.957994 2 42 0.991855 43 0.008145
  42 -24.825735 0.041496 58.218281 0.147534 0.238543 0.959860 0.723928 0.963342 2 42 0.986111 43 0.013889
ring
  42 -24.866796 0.153685 58.160320 -0.338513 0.573141 0.746270 0.712466 0.952658 2 42 0.991855 43 0.008145
  42 -24.844727 0.157497 58.167389 -0.094372 0.595312 0.797934 0.712469 0.957994 2 42 0.991855 43 0.008145
  42 -24.835983 0.242816 58.073738 -0.067942 0.857872 0.509351 0.701016 0.957916 1 42 1.000000
ring
  42 -24.835983 0.242816 58.073738 -0.067942 0.857872 0.509351 0.701016 0.957916 1 42 1.000000
  42 -24.844727 0.157497 58.167389 -0.094372 0.595312 0.797934 0.712469 0.957994 2 42 0.991855 43 0.008145
  42 -24.821663 0.154368 58.165195 0.155039 0.579924 0.799782 0.712472 0.963331 1 42 1.000000
ring
  42 -24.858097 0.237396 58.068256 -0.317394 0.826227 0.465413 0.701016 0.952642 2 42 0.991855 43 0.008145
  42 -24.866796 0.153685 58.160320 -0.338513 0.573141 0.746270 0.712466 0.952658 2 42 0.991855 43 0.008145
  42 -24.835983 0.242816 58.073738 -0.067942 0.857872 0.509351 0.701016 0.957916 1 42 1.000000
ring
  42 -24.812958 0.238053 58.073135 0.186120 0.833861 0.519650 0.701017 0.963315 1 42 1.000000
  42 -24.835983 0.242816 58.073738 -0.067942 0.857872 0.509351 0.701016 0.957916 1 42 1.000000
  42 -24.821663 0.154368 58.165195 0.155039 0.579924 0.799782 0.712472 0.963331 1 42 1.000000
ring
  42 -24.858097 0.237396 58.068256 -0.317394 0.826227 0.465413 0.701016 0.952642 2 42 0.991855 43 0.008145
  42 -24.835983 0.242816 58.073738 -0.067942 0.857872 0.509351 0.701016 0.957916 1 42 1.000000
  42 -24.823904 0.285507 57.954723 -0.048193 0.941497 0.333556 0.689189 0.957740 1 42 1.000000
ring
  42 -24.823904 0.285507 57.954723 -0.048193 0.941497 0.333556 0.689189 0.957740 1 42 1.000000
  42 -24.835983 0.242816 58.073738 -0.067942 0.857872 0.509351 0.701016 0.957916 1 42 1.000000
  42 -24.812958 0.238053 58.073135 0.186120 0.833861 0.519650 0.701017 0.963315 1 42 1.000000
ring
  42 -24.846340 0.279417 57.951492 -0.289781 0.909483 0.298105 0.689306 0.952363 1 42 1.000000
  42 -24.858097 0.237396 58.068256 -0.317394 0.826227 0.465413 0.701016 0.952642 2 42 0.991855 43 0.008145
  42 -24.823904 0.285507 57.954723 -0.048193 0.941497 0.333556 0.689189 0.957740 1 42 1.000000
ring
  42 -24.801117 0.280010 57.956295 0.196836 0.916235 0.348954 0.689297 0.963364 1 42 1.000000
  42 -24.823904 0.285507 57.954723 -0.048193 0.941497 0.333556 0.689189 0.957740 1 42 1.000000
  42 -24.812958 0.238053 58.073135 0.186120 0.833861 0.519650 0.701017 0.963315 1 42 1.000000
ring
  42 -24.793655 -0.315747 57.741982 0.064677 -0.857946 -0.509652 0.792882 0.957953 1 42 1.000000
  42 -24.784796 -0.230497 57.648243 0.092122 -0.596060 -0.797637 0.804391 0.957910 1 42 1.000000
  42 -24.762724 -0.226707 57.655315 0.337853 -0.573880 -0.746001 0.804395 0.963271 1 42 1.000000
ring
  42 -24.793655 -0.315747 57.741982 0.064677 -0.857946 -0.509652 0.792882 0.957953 1 42 1.000000
  42 -24.816643 -0.310986 57.742592 -0.186534 -0.833730 -0.519710 0.792878 0.952591 1 42 1.000000
  42 -24.784796 -0.230497 57.648243 0.092122 -0.596060 -0.797637 0.804391 0.957910 1 42 1.000000
ring
  42 -24.816643 -0.310986 57.742592 -0.186534 -0.833730 -0.519710 0.792878 0.952591 1 42 1.000000
  42 -24.807941 -0.227302 57.650536 -0.159472 -0.580476 -0.798508 0.804386 0.952549 1 42 1.000000
  42 -24.784796 -0.230497 57.648243 0.092122 -0.596060 -0.797637 0.804391 0.957910 1 42 1.000000
ring
  42 -24.762724 -0.226707 57.655315 0.337853 -0.573880 -0.746001 0.804395 0.963271 1 42 1.000000
  42 -24.784796 -0.230497 57.648243 0.092122 -0.596060 -0.797637 0.804391 0.957910 1 42 1.000000
  42 -24.758526 -0.114008 57.602085 0.350456 -0.232669 -0.907218 0.815901 0.963213 1 42 1.000000
ring
  42 -24.807941 -0.227302 57.650536 -0.159472 -0.580476 -0.798508 0.804386 0.952549 1 42 1.000000
  42 -24.803753 -0.114600 57.597279 -0.145864 -0.239100 -0.959976 0.815890 0.952497 1 42 1.000000
  42 -24.784796 -0.230497 57.648243 0.092122 -0.596060 -0.797637 0.804391 0.957910 1 42 1.000000
ring
  42 -24.784796 -0.230497 57.648243 0.092122 -0.596060 -0.797637 0.804391 0.957910 1 42 1.000000
  42 -24.780525 -0.115727 57.594028 0.105673 -0.243544 -0.964116 0.815895 0.957855 1 42 1.000000
  42 -24.758526 -0.114008 57.602085 0.350456 -0.232669 -0.907218 0.815901 0.963213 1 42 1.000000
ring
  42 -24.803753 -0.114600 57.597279 -0.145864 -0.239100 -0.959976 0.815890 0.952497 1 42 1.000000
  42 -24.780525 -0.115727 57.594028 0.105673 -0.243544 -0.964116 0.815895 0.957855 1 42 1.000000
  42 -24.784796 -0.230497 57.648243 0.092122 -0.596060 -0.797637 0.804391 0.957910 1 42 1.000000
ring
  42 -24.780525 -0.115727 57.594028 0.105673 -0.243544 -0.964116 0.815895 0.957855 1 42 1.000000
  42 -24.781467 0.011100 57.587570 0.102485 0.146116 -0.983944 0.827393 0.957792 1 42 1.000000
  42 -24.758526 -0.114008 57.602085 0.350456 -0.232669 -0.907218 0.815901 0.963213 1 42 1.000000
ring
  42 -24.780525 -0.115727 57.594028 0.105673 -0.243544 -0.964116 0.815895 0.957855 1 42 1.000000
  42 -24.803753 -0.114600 57.597279 -0.145864 -0.239100 -0.959976 0.815890 0.952497 1 42 1.000000
  42 -24.781467 0.011100 57.587570 0.102485 0.146116 -0.983944 0.827393 0.957792 1 42 1.000000
ring
  42 -24.803753 -0.114600 57.597279 -0.145864 -0.239100 -0.959976 0.815890 0.952497 1 42 1.000000
  42 -24.804670 0.009944 57.590950 -0.149371 0.138249 -0.979069 0.827388 0.952438 1 42 1.000000
  42 -24.781467 0.011100 57.587570 0.102485 0.146116 -0.983944 0.827393 0.957792 1 42 1.000000
ring
  42 -24.781467 0.011100 57.587570 0.102485 0.146116 -0.983944 0.827393 0.957792 1 42 1.000000
  42 -24.759441 0.010536 57.595753 0.347807 0.144663 -0.926338 0.827399 0.963146 1 42 1.000000
  42 -24.758526 -0.114008 57.602085 0.350456 -0.232669 -0.907218 0.815901 0.963213 1 42 1.000000
ring
  42 -24.804670 0.009944 57.590950 -0.149371 0.138249 -0.979069 0.827388 0.952438 1 42 1.000000
  42 -24.810604 0.127389 57.632515 -0.167252 0.494108 -0.853161 0.838873 0.952378 1 42 1.000000
  42 -24.781467 0.011100 57.587570 0.102485 0.146116 -0.983944 0.827393 0.957792 1 42 1.000000
ring
  42 -24.781467 0.011100 57.587570 0.102485 0.146116 -0.983944 0.827393 0.957792 1 42 1.000000
  42 -24.787472 0.130696 57.629894 0.083802 0.513537 -0.853965 0.838878 0.957727 1 42 1.000000
  42 -24.759441 0.010536 57.595753 0.347807 0.144663 -0.926338 0.827399 0.963146 1 42 1.000000
ring
  42 -24.810604 0.127389 57.632515 -0.167252 0.494108 -0.853161 0.838873 0.952378 1 42 1.000000
  42 -24.787472 0.130696 57.629894 0.083802 0.513537 -0.853965 0.838878 0.957727 1 42 1.000000
  42 -24.781467 0.011100 57.587570 0.102485 0.146116 -0.983944 0.827393 0.957792 1 42 1.000000
ring
  42 -24.787472 0.130696 57.629894 0.083802 0.513537 -0.853965 0.838878 0.957727 1 42 1.000000
  42 -24.765352 0.127980 57.637299 0.329449 0.500463 -0.800625 0.838884 0.963077 1 42 1.000000
  42 -24.759441 0.010536 57.595753 0.347807 0.144663 -0.926338 0.827399 0.963146 1 42 1.000000
ring
  42 -24.787472 0.130696 57.629894 0.083802 0.513537 -0.853965 0.838878 0.957727 1 42 1.000000
  42 -24.810604 0.127389 57.632515 -0.167252 0.494108 -0.853161 0.838873 0.952378 1 42 1.000000
  42 -24.797655 0.224831 57.714512 0.052310 0.802716 -0.594063 0.850357 0.957662 1 42 1.000000
ring
  42 -24.787472 0.130696 57.629894 0.083802 0.513537 -0.853965 0.838878 0.957727 1 42 1.000000
  42 -24.797655 0.224831 57.714512 0.052310 0.802716 -0.594063 0.850357 0.957662 1 42 1.000000
  42 -24.765352 0.127980 57.637299 0.329449 0.500463 -0.800625 0.838884 0.963077 1 42 1.000000
ring
  42 -24.810604 0.127389 57.632515 -0.167252 0.494108 -0.853161 0.838873 0.952378 1 42 1.000000
  42 -24.820591 0.219834 57.715618 -0.197793 0.774108 -0.601360 0.850352 0.952314 1 42 1.000000
  42 -24.797655 0.224831 57.714512 0.052310 0.802716 -0.594063 0.850357 0.957662 1 42 1.000000
ring
  42 -24.797655 0.224831 57.714512 0.052310 0.802716 -0.594063 0.850357 0.957662 1 42 1.000000
  42 -24.775341 0.220425 57.720406 0.299042 0.780625 -0.548815 0.850363 0.963009 1 42 1.000000
  42 -24.765352 0.127980 57.637299 0.329449 0.500463 -0.800625 0.838884 0.963077 1 42 1.000000
ring
  42 -24.797655 0.224831 57.714512 0.052310 0.802716 -0.594063 0.850357 0.957662 1 42 1.000000
  42 -24.820591 0.219834 57.715618 -0.197793 0.774108 -0.601360 0.850352 0.952314 1 42 1.000000
  42 -24.810463 0.279208 57.828598 0.013535 0.969804 -0.243508 0.861837 0.957664 1 42 1.000000
ring
  42 -24.797655 0.224831 57.714512 0.052310 0.802716 -0.594063 0.850357 0.957662 1 42 1.000000
  42 -24.810463 0.279208 57.828598 0.013535 0.969804 -0.243508 0.861837 0.957664 1 42 1.000000
  42 -24.775341 0.220425 57.720406 0.299042 0.780625 -0.548815 0.850363 0.963009 1 42 1.000000
ring
  42 -24.820591 0.219834 57.715618 -0.197793 0.774108 -0.601360 0.850352 0.952314 1 42 1.000000
  42 -24.833145 0.273232 57.827637 -0.235409 0.935892 -0.262086 0.861833 0.952253 1 42 1.000000
  42 -24.810463 0.279208 57.828598 0.013535 0.969804 -0.243508 0.861837 0.957664 1 42 1.000000
ring
  42 -24.810463 0.279208 57.828598 0.013535 0.969804 -0.243508 0.861837 0.957664 1 42 1.000000
  42 -24.787918 0.273796 57.832432 0.261785 0.942147 -0.209348 0.861838 0.962951 1 42 1.000000
  42 -24.775341 0.220425 57.720406 0.299042 0.780625 -0.548815 0.850363 0.963009 1 42 1.000000
ring
  42 -24.833145 0.273232 57.827637 -0.235409 0.935892 -0.262086 0.861833 0.952253 1 42 1.000000
  42 -24.846340 0.279417 57.951492 -0.251175 0.965034 -0.074971 0.873580 0.952124 1 42 1.000000
  42 -24.810463 0.279208 57.828598 0.013535 0.969804 -0.243508 0.861837 0.957664 1 42 1.000000
ring
  42 -24.787918 0.273796 57.832432 0.261785 0.942147 -0.209348 0.861838 0.962951 1 42 1.000000
  42 -24.810463 0.279208 57.828598 0.013535 0.969804 -0.243508 0.861837 0.957664 1 42 1.000000
  42 -24.801117 0.280010 57.956295 0.236095 0.971448 -0.023383 0.873576 0.963152 1 42 1.000000
ring
  42 -24.846340 0.279417 57.951492 -0.251175 0.965034 -0.074971 0.873580 0.952124 1 42 1.000000
  42 -24.823904 0.285507 57.954723 -0.007801 0.998683 -0.050714 0.873691 0.957761 1 42 1.000000
  42 -24.810463 0.279208 57.828598 0.013535 0.969804 -0.243508 0.861837 0.957664 1 42 1.000000
ring
  42 -24.810463 0.279208 57.828598 0.013535 0.969804 -0.243508 0.861837 0.957664 1 42 1.000000
  42 -24.823904 0.285507 57.954723 -0.007801 0.998683 -0.050714 0.873691 0.957761 1 42 1.000000
  42 -24.801117 0.280010 57.956295 0.236095 0.971448 -0.023383 0.873576 0.963152 1 42 1.000000
ring
  42 -24.776175 0.215056 57.724323 0.987952 -0.045192 0.148014 0.850363 0.963009 1 42 1.000000
  42 -24.766392 0.124545 57.642941 0.985695 -0.023963 0.166824 0.838884 0.963077 1 42 1.000000
  42 -24.765352 0.127980 57.637299 0.985697 -0.023970 0.166816 0.838884 0.963077 1 42 1.000000
ring
  42 -24.775341 0.220425 57.720406 0.987955 -0.045166 0.148000 0.850363 0.963009 1 42 1.000000
  42 -24.776175 0.215056 57.724323 0.987952 -0.045192 0.148014 0.850363 0.963009 1 42 1.000000
  42 -24.765352 0.127980 57.637299 0.985697 -0.023970 0.166816 0.838884 0.963077 1 42 1.000000
ring
  42 -24.765352 0.127980 57.637299 0.985697 -0.023970 0.166816 0.838884 0.963077 1 42 1.000000
  42 -24.766392 0.124545 57.642941 0.985695 -0.023963 0.166824 0.838884 0.963077 1 42 1.000000
  42 -24.759441 0.010536 57.595753 0.984300 0.001991 0.176493 0.827399 0.963146 1 42 1.000000
ring
  42 -24.788469 0.267349 57.833984 0.990949 -0.055409 0.122268 0.861838 0.962951 1 42 1.000000
  42 -24.776175 0.215056 57.724323 0.987952 -0.045192 0.148014 0.850363 0.963009 1 42 1.000000
  42 -24.775341 0.220425 57.720406 0.987955 -0.045166 0.148000 0.850363 0.963009 1 42 1.000000
ring
  42 -24.766392 0.124545 57.642941 0.985695 -0.023963 0.166824 0.838884 0.963077 1 42 1.000000
  42 -24.760605 0.009562 57.602257 0.984302 0.001962 0.176479 0.827399 0.963146 1 42 1.000000
  42 -24.759441 0.010536 57.595753 0.984300 0.001991 0.176493 0.827399 0.963146 1 42 1.000000
ring
  42 -24.787918 0.273796 57.832432 0.990959 -0.055353 0.122212 0.861838 0.962951 1 42 1.000000
  42 -24.788469 0.267349 57.833984 0.990949 -0.055409 0.122268 0.861838 0.962951 1 42 1.000000
  42 -24.775341 0.220425 57.720406 0.987955 -0.045166 0.148000 0.850363 0.963009 1 42 1.000000
ring
  42 -24.788469 0.267349 57.833984 0.990949 -0.055409 0.122268 0.861838 0.962951 1 42 1.000000
  42 -24.787918 0.273796 57.832432 0.990959 -0.055353 0.122212 0.861838 0.962951 1 42 1.000000
  42 -24.801117 0.280010 57.956295 0.992164 -0.061232 0.108906 0.873576 0.963152 1 42 1.000000
ring
  42 -24.801411 0.273409 57.955269 0.992157 -0.061340 0.108915 0.873576 0.963152 1 42 1.000000
  42 -24.788469 0.267349 57.833984 0.990949 -0.055409 0.122268 0.861838 0.962951 1 42 1.000000
  42 -24.801117 0.280010 57.956295 0.992164 -0.061232 0.108906 0.873576 0.963152 1 42 1.000000
ring
  42 -24.759441 0.010536 57.595753 0.984300 0.001991 0.176493 0.827399 0.963146 1 42 1.000000
  42 -24.760605 0.009562 57.602257 0.984302 0.001962 0.176479 0.827399 0.963146 1 42 1.000000
  42 -24.758526 -0.114008 57.602085 0.984231 0.030267 0.174281 0.815901 0.963213 1 42 1.000000
ring
  42 -24.760605 0.009562 57.602257 0.984302 0.001962 0.176479 0.827399 0.963146 1 42 1.000000
  42 -24.759706 -0.112415 57.608471 0.984238 0.030335 0.174229 0.815901 0.963213 1 42 1.000000
  42 -24.758526 -0.114008 57.602085 0.984231 0.030267 0.174281 0.815901 0.963213 1 42 1.000000
ring
  42 -24.759706 -0.112415 57.608471 0.984238 0.030335 0.174229 0.815901 0.963213 1 42 1.000000
  42 -24.763821 -0.222753 57.660591 0.985048 0.055875 0.162969 0.804395 0.963271 1 42 1.000000
  42 -24.758526 -0.114008 57.602085 0.984231 0.030267 0.174281 0.815901 0.963213 1 42 1.000000
ring
  42 -24.763821 -0.222753 57.660591 0.985048 0.055875 0.162969 0.804395 0.963271 1 42 1.000000
  42 -24.762724 -0.226707 57.655315 0.985045 0.055835 0.162998 0.804395 0.963271 1 42 1.000000
  42 -24.758526 -0.114008 57.602085 0.984231 0.030267 0.174281 0.815901 0.963213 1 42 1.000000
ring
  42 -24.763821 -0.222753 57.660591 0.985048 0.055875 0.162969 0.804395 0.963271 1 42 1.000000
  42 -24.772322 -0.304691 57.750710 0.987153 0.074005 0.141606 0.792886 0.963314 1 42 1.000000
  42 -24.762724 -0.226707 57.655315 0.985045 0.055835 0.162998 0.804395 0.963271 1 42 1.000000
ring
  42 -24.772322 -0.304691 57.750710 0.987153 0.074005 0.141606 0.792886 0.963314 1 42 1.000000
  42 -24.771418 -0.310423 57.747395 0.987155 0.074122 0.141531 0.792886 0.963314 1 42 1.000000
  42 -24.762724 -0.226707 57.655315 0.985045 0.055835 0.162998 0.804395 0.963271 1 42 1.000000
ring
  42 -24.772322 -0.304691 57.750710 0.987153 0.074005 0.141606 0.792886 0.963314 1 42 1.000000
  42 -24.783941 -0.345756 57.865135 0.989491 0.086391 0.115948 0.781377 0.963343 1 42 1.000000
  42 -24.771418 -0.310423 57.747395 0.987155 0.074122 0.141531 0.792886 0.963314 1 42 1.000000
ring
  42 -24.783941 -0.345756 57.865135 0.989491 0.086391 0.115948 0.781377 0.963343 1 42 1.000000
  42 -24.783258 -0.352350 57.864235 0.989480 0.086530 0.115941 0.781377 0.963343 1 42 1.000000
  42 -24.771418 -0.310423 57.747395 0.987155 0.074122 0.141531 0.792886 0.963314 1 42 1.000000
ring
  42 -24.783258 -0.352350 57.864235 0.989480 0.086530 0.115941 0.781377 0.963343 1 42 1.000000
  42 -24.783941 -0.345756 57.865135 0.989491 0.086391 0.115948 0.781377 0.963343 1 42 1.000000
  42 -24.796495 -0.346163 57.988098 0.992893 0.079772 0.088315 0.769871 0.963358 1 42 1.000000
ring
  42 -24.783941 -0.345756 57.865135 0.989491 0.086391 0.115948 0.781377 0.963343 1 42 1.000000
  42 -24.796862 -0.339697 57.986404 0.992898 0.079612 0.088407 0.769871 0.963358 1 42 1.000000
  42 -24.796495 -0.346163 57.988098 0.992893 0.079772 0.088315 0.769871 0.963358 1 42 1.000000
ring
  42 -24.796862 -0.339697 57.986404 0.992898 0.079612 0.088407 0.769871 0.963358 1 42 1.000000
  42 -24.809162 -0.287435 58.096111 0.995586 0.070790 0.061624 0.758370 0.963364 1 42 1.000000
  42 -24.796495 -0.346163 57.988098 0.992893 0.079772 0.088315 0.769871 0.963358 1 42 1.000000
ring
  42 -24.809162 -0.287435 58.096111 0.995586 0.070790 0.061624 0.758370 0.963364 1 42 1.000000
  42 -24.809027 -0.292765 58.100086 0.995578 0.070836 0.061703 0.758370 0.963364 1 42 1.000000
  42 -24.796495 -0.346163 57.988098 0.992893 0.079772 0.088315 0.769871 0.963358 1 42 1.000000
ring
  42 -24.809162 -0.287435 58.096111 0.995586 0.070790 0.061624 0.758370 0.963364 1 42 1.000000
  42 -24.818930 -0.196996 58.177372 0.997784 0.047829 0.046245 0.746877 0.963362 2 42 0.991855 43 0.008145
  42 -24.809027 -0.292765 58.100086 0.995578 0.070836 0.061703 0.758370 0.963364 1 42 1.000000
ring
  42 -24.818930 -0.196996 58.177372 0.997784 0.047829 0.046245 0.746877 0.963362 2 42 0.991855 43 0.008145
  42 -24.819033 -0.200422 58.183128 0.997782 0.047773 0.046347 0.746877 0.963362 2 42 0.991855 43 0.008145
  42 -24.809027 -0.292765 58.100086 0.995578 0.070836 0.061703 0.758370 0.963364 1 42 1.000000
ring
  42 -24.819033 -0.200422 58.183128 0.997782 0.047773 0.046347 0.746877 0.963362 2 42 0.991855 43 0.008145
  42 -24.818930 -0.196996 58.177372 0.997784 0.047829 0.046245 0.746877 0.963362 2 42 0.991855 43 0.008145
  42 -24.824871 -0.083049 58.224617 0.999171 0.022821 0.033720 0.735395 0.963353 2 42 0.986111 43 0.013889
ring
  42 -24.818930 -0.196996 58.177372 0.997784 0.047829 0.046245 0.746877 0.963362 2 42 0.991855 43 0.008145
  42 -24.824671 -0.082084 58.218010 0.999173 0.022856 0.033627 0.735395 0.963353 2 42 0.986111 43 0.013889
  42 -24.824871 -0.083049 58.224617 0.999171 0.022821 0.033720 0.735395 0.963353 2 42 0.986111 43 0.013889
ring
  42 -24.824671 -0.082084 58.218010 0.999173 0.022856 0.033627 0.735395 0.963353 2 42 0.986111 43 0.013889
  42 -24.825508 0.039863 58.211819 0.999329 -0.004657 0.036320 0.723928 0.963342 2 42 0.986111 43 0.013889
  42 -24.824871 -0.083049 58.224617 0.999171 0.022821 0.033720 0.735395 0.963353 2 42 0.986111 43 0.013889
ring
  42 -24.825508 0.039863 58.211819 0.999329 -0.004657 0.036320 0.723928 0.963342 2 42 0.986111 43 0.013889
  42 -24.825735 0.041496 58.218281 0.999321 -0.004581 0.036549 0.723928 0.963342 2 42 0.986111 43 0.013889
  42 -24.824871 -0.083049 58.224617 0.999171 0.022821 0.033720 0.735395 0.963353 2 42 0.986111 43 0.013889
ring
  42 -24.825508 0.039863 58.211819 0.999329 -0.004657 0.036320 0.723928 0.963342 2 42 0.986111 43 0.013889
  42 -24.821444 0.150274 58.159740 0.998125 -0.022357 0.056974 0.712472 0.963331 2 42 0.991855 43 0.008145
  42 -24.825735 0.041496 58.218281 0.999321 -0.004581 0.036549 0.723928 0.963342 2 42 0.986111 43 0.013889
ring
  42 -24.821444 0.150274 58.159740 0.998125 -0.022357 0.056974 0.712472 0.963331 2 42 0.991855 43 0.008145
  42 -24.821663 0.154368 58.165195 0.998118 -0.022540 0.057021 0.712472 0.963331 1 42 1.000000
  42 -24.825735 0.041496 58.218281 0.999321 -0.004581 0.036549 0.723928 0.963342 2 42 0.986111 43 0.013889
ring
  42 -24.821444 0.150274 58.159740 0.998125 -0.022357 0.056974 0.712472 0.963331 2 42 0.991855 43 0.008145
  42 -24.813004 0.232342 58.069683 0.996453 -0.048917 0.068467 0.701017 0.963315 1 42 1.000000
  42 -24.821663 0.154368 58.165195 0.998118 -0.022540 0.057021 0.712472 0.963331 1 42 1.000000
ring
  42 -24.813004 0.232342 58.069683 0.996453 -0.048917 0.068467 0.701017 0.963315 1 42 1.000000
  42 -24.812958 0.238053 58.073135 0.996457 -0.049063 0.068315 0.701017 0.963315 1 42 1.000000
  42 -24.821663 0.154368 58.165195 0.998118 -0.022540 0.057021 0.712472 0.963331 1 42 1.000000
ring
  42 -24.813004 0.232342 58.069683 0.996453 -0.048917 0.068467 0.701017 0.963315 1 42 1.000000
  42 -24.801411 0.273409 57.955269 0.995156 -0.056504 0.080450 0.689297 0.963364 1 42 1.000000
  42 -24.812958 0.238053 58.073135 0.996457 -0.049063 0.068315 0.701017 0.963315 1 42 1.000000
ring
  42 -24.801411 0.273409 57.955269 0.995156 -0.056504 0.080450 0.689297 0.963364 1 42 1.000000
  42 -24.801117 0.280010 57.956295 0.995155 -0.056516 0.080448 0.689297 0.963364 1 42 1.000000
  42 -24.812958 0.238053 58.073135 0.996457 -0.049063 0.068315 0.701017 0.963315 1 42 1.000000
ring
  42 -24.828213 -0.346340 57.860428 -0.993890 0.055921 -0.095161 0.781369 0.952620 1 42 1.000000
  42 -24.828487 -0.352915 57.859432 -0.993888 0.055904 -0.095191 0.781369 0.952620 1 42 1.000000
  42 -24.841703 -0.346730 57.983315 -0.990988 0.054490 -0.122363 0.769863 0.952640 1 42 1.000000
ring
  42 -24.841150 -0.340252 57.981716 -0.990987 0.054571 -0.122336 0.769863 0.952640 1 42 1.000000
  42 -24.828213 -0.346340 57.860428 -0.993890 0.055921 -0.095161 0.781369 0.952620 1 42 1.000000
  42 -24.841703 -0.346730 57.983315 -0.990988 0.054490 -0.122363 0.769863 0.952640 1 42 1.000000
ring
  42 -24.828213 -0.346340 57.860428 -0.993890 0.055921 -0.095161 0.781369 0.952620 1 42 1.000000
  42 -24.816620 -0.305273 57.746025 -0.996472 0.045934 -0.070241 0.792878 0.952591 1 42 1.000000
  42 -24.828487 -0.352915 57.859432 -0.993888 0.055904 -0.095191 0.781369 0.952620 1 42 1.000000
ring
  42 -24.841150 -0.340252 57.981716 -0.990987 0.054571 -0.122336 0.769863 0.952640 1 42 1.000000
  42 -24.841703 -0.346730 57.983315 -0.990988 0.054490 -0.122363 0.769863 0.952640 1 42 1.000000
  42 -24.854319 -0.293449 58.095222 -0.987571 0.047323 -0.149883 0.758363 0.952652 2 42 0.991855 43 0.008145
ring
  42 -24.816620 -0.305273 57.746025 -0.996472 0.045934 -0.070241 0.792878 0.952591 1 42 1.000000
  42 -24.816643 -0.310986 57.742592 -0.996472 0.045924 -0.070243 0.792878 0.952591 1 42 1.000000
  42 -24.828487 -0.352915 57.859432 -0.993888 0.055904 -0.095191 0.781369 0.952620 1 42 1.000000
ring
  42 -24.853466 -0.288082 58.091328 -0.987546 0.047420 -0.150016 0.758363 0.952652 2 42 0.991855 43 0.008145
  42 -24.841150 -0.340252 57.981716 -0.990987 0.054571 -0.122336 0.769863 0.952640 1 42 1.000000
  42 -24.854319 -0.293449 58.095222 -0.987571 0.047323 -0.149883 0.758363 0.952652 2 42 0.991855 43 0.008145
ring
  42 -24.816643 -0.310986 57.742592 -0.996472 0.045924 -0.070243 0.792878 0.952591 1 42 1.000000
  42 -24.816620 -0.305273 57.746025 -0.996472 0.045934 -0.070241 0.792878 0.952591 1 42 1.000000
  42 -24.807941 -0.227302 57.650536 -0.998285 0.028174 -0.051321 0.804386 0.952549 1 42 1.000000
ring
  42 -24.863222 -0.197567 58.172684 -0.985743 0.024910 -0.166401 0.746871 0.952659 2 42 0.991855 43 0.008145
  42 -24.853466 -0.288082 58.091328 -0.987546 0.047420 -0.150016 0.758363 0.952652 2 42 0.991855 43 0.008145
  42 -24.854319 -0.293449 58.095222 -0.987571 0.047323 -0.149883 0.758363 0.952652 2 42 0.991855 43 0.008145
ring
  42 -24.816620 -0.305273 57.746025 -0.996472 0.045934 -0.070241 0.792878 0.952591 1 42 1.000000
  42 -24.808107 -0.223308 57.655907 -0.998281 0.028123 -0.051425 0.804386 0.952549 1 42 1.000000
  42 -24.807941 -0.227302 57.650536 -0.998285 0.028174 -0.051321 0.804386 0.952549 1 42 1.000000
ring
  42 -24.864262 -0.201002 58.178333 -0.985750 0.024889 -0.166363 0.746871 0.952659 2 42 0.991855 43 0.008145
  42 -24.863222 -0.197567 58.172684 -0.985743 0.024910 -0.166401 0.746871 0.952659 2 42 0.991855 43 0.008145
  42 -24.854319 -0.293449 58.095222 -0.987571 0.047323 -0.149883 0.758363 0.952652 2 42 0.991855 43 0.008145
ring
  42 -24.808107 -0.223308 57.655907 -0.998281 0.028123 -0.051425 0.804386 0.952549 1 42 1.000000
  42 -24.803970 -0.112970 57.603764 -0.999381 0.004856 -0.034830 0.815890 0.952497 1 42 1.000000
  42 -24.807941 -0.227302 57.650536 -0.998285 0.028174 -0.051321 0.804386 0.952549 1 42 1.000000
ring
  42 -24.868937 -0.082647 58.213322 -0.984385 -0.001774 -0.176017 0.735389 0.952662 2 42 0.986111 43 0.013889
  42 -24.863222 -0.197567 58.172684 -0.985743 0.024910 -0.166401 0.746871 0.952659 2 42 0.991855 43 0.008145
  42 -24.864262 -0.201002 58.178333 -0.985750 0.024889 -0.166363 0.746871 0.952659 2 42 0.991855 43 0.008145
ring
  42 -24.803970 -0.112970 57.603764 -0.999381 0.004856 -0.034830 0.815890 0.952497 1 42 1.000000
  42 -24.803753 -0.114600 57.597279 -0.999381 0.004876 -0.034843 0.815890 0.952497 1 42 1.000000
  42 -24.807941 -0.227302 57.650536 -0.998285 0.028174 -0.051321 0.804386 0.952549 1 42 1.000000
ring
  42 -24.870098 -0.083620 58.219830 -0.984391 -0.001784 -0.175988 0.735389 0.952662 2 42 0.986111 43 0.013889
  42 -24.868937 -0.082647 58.213322 -0.984385 -0.001774 -0.176017 0.735389 0.952662 2 42 0.986111 43 0.013889
  42 -24.864262 -0.201002 58.178333 -0.985750 0.024889 -0.166363 0.746871 0.952659 2 42 0.991855 43 0.008145
ring
  42 -24.803970 -0.112970 57.603764 -0.999381 0.004856 -0.034830 0.815890 0.952497 1 42 1.000000
  42 -24.804899 0.008980 57.597572 -0.999027 -0.022826 -0.037745 0.827388 0.952438 1 42 1.000000
  42 -24.803753 -0.114600 57.597279 -0.999381 0.004876 -0.034843 0.815890 0.952497 1 42 1.000000
ring
  42 -24.869791 0.039330 58.207108 -0.984526 -0.029600 -0.172723 0.723922 0.952663 2 42 0.986111 43 0.013889
  42 -24.868937 -0.082647 58.213322 -0.984385 -0.001774 -0.176017 0.735389 0.952662 2 42 0.986111 43 0.013889
  42 -24.870098 -0.083620 58.219830 -0.984391 -0.001784 -0.175988 0.735389 0.952662 2 42 0.986111 43 0.013889
ring
  42 -24.804899 0.008980 57.597572 -0.999027 -0.022826 -0.037745 0.827388 0.952438 1 42 1.000000
  42 -24.804670 0.009944 57.590950 -0.999022 -0.022802 -0.037867 0.827388 0.952438 1 42 1.000000
  42 -24.803753 -0.114600 57.597279 -0.999381 0.004876 -0.034843 0.815890 0.952497 1 42 1.000000
ring
  42 -24.870960 0.040951 58.213501 -0.984528 -0.029609 -0.172710 0.723922 0.952663 2 42 0.986111 43 0.013889
  42 -24.869791 0.039330 58.207108 -0.984526 -0.029600 -0.172723 0.723922 0.952663 2 42 0.986111 43 0.013889
  42 -24.870098 -0.083620 58.219830 -0.984391 -0.001784 -0.175988 0.735389 0.952662 2 42 0.986111 43 0.013889
ring
  42 -24.804670 0.009944 57.590950 -0.999022 -0.022802 -0.037867 0.827388 0.952438 1 42 1.000000
  42 -24.804899 0.008980 57.597572 -0.999027 -0.022826 -0.037745 0.827388 0.952438 1 42 1.000000
  42 -24.810604 0.127389 57.632515 -0.997835 -0.049193 -0.043656 0.838873 0.952378 1 42 1.000000
ring
  42 -24.865711 0.149730 58.155041 -0.985282 -0.055361 -0.161722 0.712466 0.952658 2 42 0.991855 43 0.008145
  42 -24.869791 0.039330 58.207108 -0.984526 -0.029600 -0.172723 0.723922 0.952663 2 42 0.986111 43 0.013889
  42 -24.870960 0.040951 58.213501 -0.984528 -0.029609 -0.172710 0.723922 0.952663 2 42 0.986111 43 0.013889
ring
  42 -24.804899 0.008980 57.597572 -0.999027 -0.022826 -0.037745 0.827388 0.952438 1 42 1.000000
  42 -24.810684 0.123962 57.638252 -0.997840 -0.049158 -0.043575 0.838873 0.952378 1 42 1.000000
  42 -24.810604 0.127389 57.632515 -0.997835 -0.049193 -0.043656 0.838873 0.952378 1 42 1.000000
ring
  42 -24.866796 0.153685 58.160320 -0.985283 -0.055290 -0.161739 0.712466 0.952658 2 42 0.991855 43 0.008145
  42 -24.865711 0.149730 58.155041 -0.985282 -0.055361 -0.161722 0.712466 0.952658 2 42 0.991855 43 0.008145
  42 -24.870960 0.040951 58.213501 -0.984528 -0.029609 -0.172710 0.723922 0.952663 2 42 0.986111 43 0.013889
ring
  42 -24.810684 0.123962 57.638252 -0.997840 -0.049158 -0.043575 0.838873 0.952378 1 42 1.000000
  42 -24.820463 0.214502 57.719635 -0.995523 -0.071177 -0.062192 0.850352 0.952314 1 42 1.000000
  42 -24.810604 0.127389 57.632515 -0.997835 -0.049193 -0.043656 0.838873 0.952378 1 42 1.000000
ring
  42 -24.857203 0.231666 58.064915 -0.987484 -0.071941 -0.140359 0.701016 0.952642 2 42 0.991855 43 0.008145
  42 -24.865711 0.149730 58.155041 -0.985282 -0.055361 -0.161722 0.712466 0.952658 2 42 0.991855 43 0.008145
  42 -24.866796 0.153685 58.160320 -0.985283 -0.055290 -0.161739 0.712466 0.952658 2 42 0.991855 43 0.008145
ring
  42 -24.820463 0.214502 57.719635 -0.995523 -0.071177 -0.062192 0.850352 0.952314 1 42 1.000000
  42 -24.820591 0.219834 57.715618 -0.995528 -0.071135 -0.062166 0.850352 0.952314 1 42 1.000000
  42 -24.810604 0.127389 57.632515 -0.997835 -0.049193 -0.043656 0.838873 0.952378 1 42 1.000000
ring
  42 -24.858097 0.237396 58.068256 -0.987494 -0.071924 -0.140298 0.701016 0.952642 2 42 0.991855 43 0.008145
  42 -24.857203 0.231666 58.064915 -0.987484 -0.071941 -0.140359 0.701016 0.952642 2 42 0.991855 43 0.008145
  42 -24.866796 0.153685 58.160320 -0.985283 -0.055290 -0.161739 0.712466 0.952658 2 42 0.991855 43 0.008145
ring
  42 -24.845699 0.272826 57.950588 -0.988662 -0.078800 -0.127820 0.689306 0.952363 1 42 1.000000
  42 -24.857203 0.231666 58.064915 -0.987484 -0.071941 -0.140359 0.701016 0.952642 2 42 0.991855 43 0.008145
  42 -24.858097 0.237396 58.068256 -0.987494 -0.071924 -0.140298 0.701016 0.952642 2 42 0.991855 43 0.008145
ring
  42 -24.846340 0.279417 57.951492 -0.988664 -0.078790 -0.127810 0.689306 0.952363 1 42 1.000000
  42 -24.845699 0.272826 57.950588 -0.988662 -0.078800 -0.127820 0.689306 0.952363 1 42 1.000000
  42 -24.858097 0.237396 58.068256 -0.987494 -0.071924 -0.140298 0.701016 0.952642 2 42 0.991855 43 0.008145
ring
  42 -24.820463 0.214502 57.719635 -0.995523 -0.071177 -0.062192 0.850352 0.952314 1 42 1.000000
  42 -24.832758 0.266766 57.829304 -0.992807 -0.081575 -0.087638 0.861833 0.952253 1 42 1.000000
  42 -24.820591 0.219834 57.715618 -0.995528 -0.071135 -0.062166 0.850352 0.952314 1 42 1.000000
ring
  42 -24.832758 0.266766 57.829304 -0.992807 -0.081575 -0.087638 0.861833 0.952253 1 42 1.000000
  42 -24.833145 0.273232 57.827637 -0.992804 -0.081589 -0.087659 0.861833 0.952253 1 42 1.000000
  42 -24.820591 0.219834 57.715618 -0.995528 -0.071135 -0.062166 0.850352 0.952314 1 42 1.000000
ring
  42 -24.833145 0.273232 57.827637 -0.992804 -0.081589 -0.087659 0.861833 0.952253 1 42 1.000000
  42 -24.832758 0.266766 57.829304 -0.992807 -0.081575 -0.087638 0.861833 0.952253 1 42 1.000000
  42 -24.846340 0.279417 57.951492 -0.991370 -0.082773 -0.101658 0.873580 0.952124 1 42 1.000000
ring
  42 -24.832758 0.266766 57.829304 -0.992807 -0.081575 -0.087638 0.861833 0.952253 1 42 1.000000
  42 -24.845699 0.272826 57.950588 -0.991376 -0.082681 -0.101671 0.873580 0.952124 1 42 1.000000
  42 -24.846340 0.279417 57.951492 -0.991370 -0.082773 -0.101658 0.873580 0.952124 1 42 1.000000
ring
  42 -25.110680 -0.344045 57.952953 -0.233341 0.936600 -0.261402 0.769871 0.963358 2 42 0.884945 43 0.115055
  42 -25.098213 -0.350156 57.831619 -0.272156 0.955370 0.114885 0.781377 0.963343 2 42 0.879115 43 0.120885
  42 -25.120230 -0.356056 57.828537 -0.023298 0.989283 0.144142 0.781373 0.957982 2 42 0.879115 43 0.120885
ring
  42 -25.120230 -0.356056 57.828537 -0.023298 0.989283 0.144142 0.781373 0.957982 2 42 0.879115 43 0.120885
  42 -25.098213 -0.350156 57.831619 -0.272156 0.955370 0.114885 0.781377 0.963343 2 42 0.879115 43 0.120885
  42 -25.085115 -0.308730 57.717575 -0.307071 0.828160 0.468889 0.792886 0.963314 2 42 0.991855 43 0.008145
ring
  42 -25.132908 -0.349832 57.952068 0.016246 0.969793 -0.243388 0.769867 0.957999 2 42 0.884945 43 0.115055
  42 -25.110680 -0.344045 57.952953 -0.233341 0.936600 -0.261402 0.769871 0.963358 2 42 0.884945 43 0.115055
  42 -25.120230 -0.356056 57.828537 -0.023298 0.989283 0.144142 0.781373 0.957982 2 42 0.879115 43 0.120885
ring
  42 -25.108522 -0.314247 57.711990 -0.060150 0.858093 0.509960 0.792882 0.957953 2 42 0.884945 43 0.115055
  42 -25.120230 -0.356056 57.828537 -0.023298 0.989283 0.144142 0.781373 0.957982 2 42 0.879115 43 0.120885
  42 -25.085115 -0.308730 57.717575 -0.307071 0.828160 0.468889 0.792886 0.963314 2 42 0.991855 43 0.008145
ring
  42 -25.108522 -0.314247 57.711990 -0.060150 0.858093 0.509960 0.792882 0.957953 2 42 0.884945 43 0.115055
  42 -25.085115 -0.308730 57.717575 -0.307071 0.828160 0.468889 0.792886 0.963314 2 42 0.991855 43 0.008145
  42 -25.076599 -0.226792 57.627415 -0.337135 0.574484 0.745861 0.804395 0.963271 2 42 0.991855 43 0.008145
ring
  42 -25.154982 -0.344436 57.948406 0.265049 0.941053 -0.210160 0.769863 0.952640 2 42 0.884945 43 0.115055
  42 -25.132908 -0.349832 57.952068 0.016246 0.969793 -0.243388 0.769867 0.957999 2 42 0.884945 43 0.115055
  42 -25.120230 -0.356056 57.828537 -0.023298 0.989283 0.144142 0.781373 0.957982 2 42 0.879115 43 0.120885
ring
  42 -25.142511 -0.350539 57.827076 0.226727 0.959814 0.165383 0.781369 0.952620 2 42 0.879115 43 0.120885
  42 -25.154982 -0.344436 57.948406 0.265049 0.941053 -0.210160 0.769863 0.952640 2 42 0.884945 43 0.115055
  42 -25.120230 -0.356056 57.828537 -0.023298 0.989283 0.144142 0.781373 0.957982 2 42 0.879115 43 0.120885
ring
  42 -25.142511 -0.350539 57.827076 0.226727 0.959814 0.165383 0.781369 0.952620 2 42 0.879115 43 0.120885
  42 -25.120230 -0.356056 57.828537 -0.023298 0.989283 0.144142 0.781373 0.957982 2 42 0.879115 43 0.120885
  42 -25.108522 -0.314247 57.711990 -0.060150 0.858093 0.509960 0.792882 0.957953 2 42 0.884945 43 0.115055
ring
  42 -25.154982 -0.344436 57.948406 0.265049 0.941053 -0.210160 0.769863 0.952640 2 42 0.884945 43 0.115055
  42 -25.166779 -0.292150 58.058102 0.300628 0.779444 -0.549627 0.758363 0.952652 2 42 0.879115 43 0.120885
  42 -25.132908 -0.349832 57.952068 0.016246 0.969793 -0.243388 0.769867 0.957999 2 42 0.884945 43 0.115055
ring
  42 -25.131018 -0.309494 57.712631 0.190701 0.832983 0.519395 0.792878 0.952591 2 42 0.884945 43 0.115055
  42 -25.142511 -0.350539 57.827076 0.226727 0.959814 0.165383 0.781369 0.952620 2 42 0.879115 43 0.120885
  42 -25.108522 -0.314247 57.711990 -0.060150 0.858093 0.509960 0.792882 0.957953 2 42 0.884945 43 0.115055
ring
  42 -25.131018 -0.309494 57.712631 0.190701 0.832983 0.519395 0.792878 0.952591 2 42 0.884945 43 0.115055
  42 -25.108522 -0.314247 57.711990 -0.060150 0.858093 0.509960 0.792882 0.957953 2 42 0.884945 43 0.115055
  42 -25.122583 -0.227595 57.622478 0.136800 0.582142 0.801497 0.804386 0.952549 2 42 0.879115 43 0.120885
ring
  42 -25.132908 -0.349832 57.952068 0.016246 0.969793 -0.243388 0.769867 0.957999 2 42 0.884945 43 0.115055
  42 -25.144945 -0.296569 58.063793 0.053637 0.802658 -0.594022 0.758366 0.958008 2 42 0.879115 43 0.120885
  42 -25.110680 -0.344045 57.952953 -0.233341 0.936600 -0.261402 0.769871 0.963358 2 42 0.884945 43 0.115055
ring
  42 -25.166779 -0.292150 58.058102 0.300628 0.779444 -0.549627 0.758363 0.952652 2 42 0.879115 43 0.120885
  42 -25.144945 -0.296569 58.063793 0.053637 0.802658 -0.594022 0.758366 0.958008 2 42 0.879115 43 0.120885
  42 -25.132908 -0.349832 57.952068 0.016246 0.969793 -0.243388 0.769867 0.957999 2 42 0.884945 43 0.115055
ring
  42 -25.144945 -0.296569 58.063793 0.053637 0.802658 -0.594022 0.758366 0.958008 2 42 0.879115 43 0.120885
  42 -25.122477 -0.291739 58.062645 -0.197071 0.774757 -0.600761 0.758370 0.963364 2 42 0.879115 43 0.120885
  42 -25.110680 -0.344045 57.952953 -0.233341 0.936600 -0.261402 0.769871 0.963358 2 42 0.884945 43 0.115055
ring
  42 -25.154276 -0.204339 58.146717 0.084106 0.511850 -0.854948 0.746874 0.958010 2 42 0.883059 43 0.116941
  42 -25.144945 -0.296569 58.063793 0.053637 0.802658 -0.594022 0.758366 0.958008 2 42 0.879115 43 0.120885
  42 -25.166779 -0.292150 58.058102 0.300628 0.779444 -0.549627 0.758363 0.952652 2 42 0.879115 43 0.120885
ring
  42 -25.144945 -0.296569 58.063793 0.053637 0.802658 -0.594022 0.758366 0.958008 2 42 0.879115 43 0.120885
  42 -25.154276 -0.204339 58.146717 0.084106 0.511850 -0.854948 0.746874 0.958010 2 42 0.883059 43 0.116941
  42 -25.122477 -0.291739 58.062645 -0.197071 0.774757 -0.600761 0.758370 0.963364 2 42 0.879115 43 0.120885
ring
  43 -25.176046 -0.202040 58.139156 0.331364 0.501915 -0.798923 0.746871 0.952659 2 43 0.501886 42 0.498114
  42 -25.154276 -0.204339 58.146717 0.084106 0.511850 -0.854948 0.746874 0.958010 2 42 0.883059 43 0.116941
  42 -25.166779 -0.292150 58.058102 0.300628 0.779444 -0.549627 0.758363 0.952652 2 42 0.879115 43 0.120885
ring
  42 -25.154276 -0.204339 58.146717 0.084106 0.511850 -0.854948 0.746874 0.958010 2 42 0.883059 43 0.116941
  42 -25.131639 -0.201196 58.144066 -0.168337 0.494638 -0.852641 0.746877 0.963362 2 42 0.883059 43 0.116941
  42 -25.122477 -0.291739 58.062645 -0.197071 0.774757 -0.600761 0.758370 0.963364 2 42 0.879115 43 0.120885
ring
  42 -25.159355 -0.087335 58.188076 0.114423 0.142803 -0.983115 0.735392 0.958007 2 42 0.833333 43 0.166667
  42 -25.154276 -0.204339 58.146717 0.084106 0.511850 -0.854948 0.746874 0.958010 2 42 0.883059 43 0.116941
  43 -25.176046 -0.202040 58.139156 0.331364 0.501915 -0.798923 0.746871 0.952659 2 43 0.501886 42 0.498114
ring
  42 -25.154276 -0.204339 58.146717 0.084106 0.511850 -0.854948 0.746874 0.958010 2 42 0.883059 43 0.116941
  42 -25.159355 -0.087335 58.188076 0.114423 0.142803 -0.983115 0.735392 0.958007 2 42 0.833333 43 0.166667
  42 -25.131639 -0.201196 58.144066 -0.168337 0.494638 -0.852641 0.746877 0.963362 2 42 0.883059 43 0.116941
ring
  42 -25.179443 -0.086985 58.179916 0.374614 0.141234 -0.916361 0.735389 0.952662 2 42 0.500000 43 0.500000
  42 -25.159355 -0.087335 58.188076 0.114423 0.142803 -0.983115 0.735392 0.958007 2 42 0.833333 43 0.166667
  43 -25.176046 -0.202040 58.139156 0.331364 0.501915 -0.798923 0.746871 0.952659 2 43 0.501886 42 0.498114
ring
  42 -25.159355 -0.087335 58.188076 0.114423 0.142803 -0.983115 0.735392 0.958007 2 42 0.833333 43 0.166667
  42 -25.136639 -0.086326 58.184669 -0.153169 0.138868 -0.978394 0.735395 0.963353 2 42 0.833333 43 0.166667
  42 -25.131639 -0.201196 58.144066 -0.168337 0.494638 -0.852641 0.746877 0.963362 2 42 0.883059 43 0.116941
ring
  42 -25.179443 -0.086985 58.179916 0.374614 0.141234 -0.916361 0.735389 0.952662 2 42 0.500000 43 0.500000
  42 -25.178480 0.034950 58.173740 0.400693 -0.222792 -0.888712 0.723922 0.952663 2 42 0.500000 43 0.500000
  42 -25.159355 -0.087335 58.188076 0.114423 0.142803 -0.983115 0.735392 0.958007 2 42 0.833333 43 0.166667
ring
  42 -25.136900 0.035616 58.178486 -0.152333 -0.237513 -0.959366 0.723928 0.963342 2 42 0.833333 43 0.166667
  42 -25.136639 -0.086326 58.184669 -0.153169 0.138868 -0.978394 0.735395 0.963353 2 42 0.833333 43 0.166667
  42 -25.159355 -0.087335 58.188076 0.114423 0.142803 -0.983115 0.735392 0.958007 2 42 0.833333 43 0.166667
ring
  42 -25.178480 0.034950 58.173740 0.400693 -0.222792 -0.888712 0.723922 0.952663 2 42 0.500000 43 0.500000
  42 -25.159651 0.036862 58.181789 0.126959 -0.241172 -0.962142 0.723926 0.958002 2 42 0.833333 43 0.166667
  42 -25.159355 -0.087335 58.188076 0.114423 0.142803 -0.983115 0.735392 0.958007 2 42 0.833333 43 0.166667
ring
  42 -25.159651 0.036862 58.181789 0.126959 -0.241172 -0.962142 0.723926 0.958002 2 42 0.833333 43 0.166667
  42 -25.136900 0.035616 58.178486 -0.152333 -0.237513 -0.959366 0.723928 0.963342 2 42 0.833333 43 0.166667
  42 -25.159355 -0.087335 58.188076 0.114423 0.142803 -0.983115 0.735392 0.958007 2 42 0.833333 43 0.166667
ring
  42 -25.178480 0.034950 58.173740 0.400693 -0.222792 -0.888712 0.723922 0.952663 2 42 0.500000 43 0.500000
  42 -25.177269 0.145676 58.121891 0.336946 -0.574494 -0.745938 0.712466 0.952658 2 42 0.883059 43 0.116941
  42 -25.159651 0.036862 58.181789 0.126959 -0.241172 -0.962142 0.723926 0.958002 2 42 0.833333 43 0.166667
ring
  42 -25.132967 0.146093 58.126438 -0.164099 -0.579550 -0.798244 0.712472 0.963331 2 42 0.883059 43 0.116941
  42 -25.136900 0.035616 58.178486 -0.152333 -0.237513 -0.959366 0.723928 0.963342 2 42 0.833333 43 0.166667
  42 -25.159651 0.036862 58.181789 0.126959 -0.241172 -0.962142 0.723926 0.958002 2 42 0.833333 43 0.166667
ring
  42 -25.177269 0.145676 58.121891 0.336946 -0.574494 -0.745938 0.712466 0.952658 2 42 0.883059 43 0.116941
  42 -25.155628 0.149311 58.128761 0.088014 -0.595907 -0.798216 0.712469 0.957994 2 42 0.883059 43 0.116941
  42 -25.159651 0.036862 58.181789 0.126959 -0.241172 -0.962142 0.723926 0.958002 2 42 0.833333 43 0.166667
ring
  42 -25.155628 0.149311 58.128761 0.088014 -0.595907 -0.798216 0.712469 0.957994 2 42 0.883059 43 0.116941
  42 -25.132967 0.146093 58.126438 -0.164099 -0.579550 -0.798244 0.712472 0.963331 2 42 0.883059 43 0.116941
  42 -25.159651 0.036862 58.181789 0.126959 -0.241172 -0.962142 0.723926 0.958002 2 42 0.833333 43 0.166667
ring
  42 -25.177269 0.145676 58.121891 0.336946 -0.574494 -0.745938 0.712466 0.952658 2 42 0.883059 43 0.116941
  42 -25.168758 0.227619 58.031742 0.304787 -0.829312 -0.468345 0.701016 0.952642 2 42 0.884945 43 0.115055
  42 -25.155628 0.149311 58.128761 0.088014 -0.595907 -0.798216 0.712469 0.957994 2 42 0.883059 43 0.116941
ring
  42 -25.124395 0.227994 58.036285 -0.190459 -0.833149 -0.519219 0.701017 0.963315 2 42 0.879115 43 0.120885
  42 -25.132967 0.146093 58.126438 -0.164099 -0.579550 -0.798244 0.712472 0.963331 2 42 0.883059 43 0.116941
  42 -25.155628 0.149311 58.128761 0.088014 -0.595907 -0.798216 0.712469 0.957994 2 42 0.883059 43 0.116941
ring
  42 -25.168758 0.227619 58.031742 0.304787 -0.829312 -0.468345 0.701016 0.952642 2 42 0.884945 43 0.115055
  42 -25.146875 0.232720 58.036945 0.058979 -0.858212 -0.509895 0.701016 0.957916 2 42 0.879115 43 0.120885
  42 -25.155628 0.149311 58.128761 0.088014 -0.595907 -0.798216 0.712469 0.957994 2 42 0.883059 43 0.116941
ring
  42 -25.146875 0.232720 58.036945 0.058979 -0.858212 -0.509895 0.701016 0.957916 2 42 0.879115 43 0.120885
  42 -25.124395 0.227994 58.036285 -0.190459 -0.833149 -0.519219 0.701017 0.963315 2 42 0.879115 43 0.120885
  42 -25.155628 0.149311 58.128761 0.088014 -0.595907 -0.798216 0.712469 0.957994 2 42 0.883059 43 0.116941
ring
  42 -25.168758 0.227619 58.031742 0.304787 -0.829312 -0.468345 0.701016 0.952642 2 42 0.884945 43 0.115055
  42 -25.157297 0.268644 57.917286 0.286208 -0.910559 -0.298272 0.689306 0.952363 2 42 0.879115 43 0.120885
  42 -25.146875 0.232720 58.036945 0.058979 -0.858212 -0.509895 0.701016 0.957916 2 42 0.879115 43 0.120885
ring
  42 -25.113043 0.269044 57.921844 -0.202488 -0.915235 -0.348344 0.689297 0.963364 2 42 0.884945 43 0.115055
  42 -25.124395 0.227994 58.036285 -0.190459 -0.833149 -0.519219 0.701017 0.963315 2 42 0.879115 43 0.120885
  42 -25.146875 0.232720 58.036945 0.058979 -0.858212 -0.509895 0.701016 0.957916 2 42 0.879115 43 0.120885
ring
  42 -25.157297 0.268644 57.917286 0.286208 -0.910559 -0.298272 0.689306 0.952363 2 42 0.879115 43 0.120885
  42 -25.135353 0.274529 57.920395 0.043506 -0.941737 -0.333525 0.689189 0.957740 2 42 0.884945 43 0.115055
  42 -25.146875 0.232720 58.036945 0.058979 -0.858212 -0.509895 0.701016 0.957916 2 42 0.879115 43 0.120885
ring
  42 -25.135353 0.274529 57.920395 0.043506 -0.941737 -0.333525 0.689189 0.957740 2 42 0.884945 43 0.115055
  42 -25.113043 0.269044 57.921844 -0.202488 -0.915235 -0.348344 0.689297 0.963364 2 42 0.884945 43 0.115055
  42 -25.146875 0.232720 58.036945 0.058979 -0.858212 -0.509895 0.701016 0.957916 2 42 0.879115 43 0.120885
ring
  42 -25.108522 -0.314247 57.711990 -0.060150 0.858093 0.509960 0.792882 0.957953 2 42 0.884945 43 0.115055
  42 -25.098244 -0.230503 57.620487 -0.104866 0.594891 0.796937 0.804391 0.957910 2 42 0.991855 43 0.008145
  42 -25.122583 -0.227595 57.622478 0.136800 0.582142 0.801497 0.804386 0.952549 2 42 0.879115 43 0.120885
ring
  42 -25.098244 -0.230503 57.620487 -0.104866 0.594891 0.796937 0.804391 0.957910 2 42 0.991855 43 0.008145
  42 -25.108522 -0.314247 57.711990 -0.060150 0.858093 0.509960 0.792882 0.957953 2 42 0.884945 43 0.115055
  42 -25.076599 -0.226792 57.627415 -0.337135 0.574484 0.745861 0.804395 0.963271 2 42 0.991855 43 0.008145
ring
  42 -25.098244 -0.230503 57.620487 -0.104866 0.594891 0.796937 0.804391 0.957910 2 42 0.991855 43 0.008145
  42 -25.076599 -0.226792 57.627415 -0.337135 0.574484 0.745861 0.804395 0.963271 2 42 0.991855 43 0.008145
  42 -25.072449 -0.116422 57.575287 -0.350951 0.232686 0.907023 0.815901 0.963213 2 42 0.992993 43 0.007007
ring
  42 -25.122583 -0.227595 57.622478 0.136800 0.582142 0.801497 0.804386 0.952549 2 42 0.879115 43 0.120885
  42 -25.098244 -0.230503 57.620487 -0.104866 0.594891 0.796937 0.804391 0.957910 2 42 0.991855 43 0.008145
  42 -25.093990 -0.118123 57.567383 -0.115254 0.242933 0.963172 0.815895 0.957855 2 42 0.992993 43 0.007007
ring
  42 -25.093990 -0.118123 57.567383 -0.115254 0.242933 0.963172 0.815895 0.957855 2 42 0.992993 43 0.007007
  42 -25.098244 -0.230503 57.620487 -0.104866 0.594891 0.796937 0.804391 0.957910 2 42 0.991855 43 0.008145
  42 -25.072449 -0.116422 57.575287 -0.350951 0.232686 0.907023 0.815901 0.963213 2 42 0.992993 43 0.007007
ring
  42 -25.118130 -0.117253 57.570343 0.127828 0.241292 0.961997 0.815890 0.952497 2 42 0.886082 43 0.113918
  42 -25.122583 -0.227595 57.622478 0.136800 0.582142 0.801497 0.804386 0.952549 2 42 0.879115 43 0.120885
  42 -25.093990 -0.118123 57.567383 -0.115254 0.242933 0.963172 0.815895 0.957855 2 42 0.992993 43 0.007007
ring
  42 -25.093990 -0.118123 57.567383 -0.115254 0.242933 0.963172 0.815895 0.957855 2 42 0.992993 43 0.007007
  42 -25.072449 -0.116422 57.575287 -0.350951 0.232686 0.907023 0.815901 0.963213 2 42 0.992993 43 0.007007
  42 -25.073298 0.005542 57.569096 -0.347189 -0.144752 0.926556 0.827399 0.963146 2 42 0.996851 43 0.003149
ring
  42 -25.118130 -0.117253 57.570343 0.127828 0.241292 0.961997 0.815890 0.952497 2 42 0.886082 43 0.113918
  42 -25.093990 -0.118123 57.567383 -0.115254 0.242933 0.963172 0.815895 0.957855 2 42 0.992993 43 0.007007
  42 -25.094856 0.006091 57.561100 -0.102849 -0.146964 0.983780 0.827393 0.957792 2 42 0.996851 43 0.003149
ring
  42 -25.094856 0.006091 57.561100 -0.102849 -0.146964 0.983780 0.827393 0.957792 2 42 0.996851 43 0.003149
  42 -25.093990 -0.118123 57.567383 -0.115254 0.242933 0.963172 0.815895 0.957855 2 42 0.992993 43 0.007007
  42 -25.073298 0.005542 57.569096 -0.347189 -0.144752 0.926556 0.827399 0.963146 2 42 0.996851 43 0.003149
ring
  42 -25.117592 0.004964 57.564404 0.149002 -0.139500 0.978947 0.827388 0.952438 2 42 0.996851 43 0.003149
  42 -25.118130 -0.117253 57.570343 0.127828 0.241292 0.961997 0.815890 0.952497 2 42 0.886082 43 0.113918
  42 -25.094856 0.006091 57.561100 -0.102849 -0.146964 0.983780 0.827393 0.957792 2 42 0.996851 43 0.003149
ring
  42 -25.094856 0.006091 57.561100 -0.102849 -0.146964 0.983780 0.827393 0.957792 2 42 0.996851 43 0.003149
  42 -25.073298 0.005542 57.569096 -0.347189 -0.144752 0.926556 0.827399 0.963146 2 42 0.996851 43 0.003149
  42 -25.100758 0.123188 57.602528 -0.084260 -0.513587 0.853890 0.838878 0.957727 2 42 0.992993 43 0.007007
ring
  42 -25.117592 0.004964 57.564404 0.149002 -0.139500 0.978947 0.827388 0.952438 2 42 0.996851 43 0.003149
  42 -25.094856 0.006091 57.561100 -0.102849 -0.146964 0.983780 0.827393 0.957792 2 42 0.996851 43 0.003149
  42 -25.100758 0.123188 57.602528 -0.084260 -0.513587 0.853890 0.838878 0.957727 2 42 0.992993 43 0.007007
ring
  42 -25.123373 0.119965 57.605076 0.166636 -0.494146 0.853259 0.838873 0.952378 2 42 0.992993 43 0.007007
  42 -25.117592 0.004964 57.564404 0.149002 -0.139500 0.978947 0.827388 0.952438 2 42 0.996851 43 0.003149
  42 -25.100758 0.123188 57.602528 -0.084260 -0.513587 0.853890 0.838878 0.957727 2 42 0.992993 43 0.007007
ring
  42 -25.073298 0.005542 57.569096 -0.347189 -0.144752 0.926556 0.827399 0.963146 2 42 0.996851 43 0.003149
  42 -25.079107 0.120511 57.609776 -0.329907 -0.500438 0.800452 0.838884 0.963077 2 42 0.992993 43 0.007007
  42 -25.100758 0.123188 57.602528 -0.084260 -0.513587 0.853890 0.838878 0.957727 2 42 0.992993 43 0.007007
ring
  42 -25.123373 0.119965 57.605076 0.166636 -0.494146 0.853259 0.838873 0.952378 2 42 0.992993 43 0.007007
  42 -25.100758 0.123188 57.602528 -0.084260 -0.513587 0.853890 0.838878 0.957727 2 42 0.992993 43 0.007007
  42 -25.133135 0.210478 57.686447 0.196490 -0.774912 0.600751 0.850352 0.952314 2 42 0.991855 43 0.008145
ring
  42 -25.100758 0.123188 57.602528 -0.084260 -0.513587 0.853890 0.838878 0.957727 2 42 0.992993 43 0.007007
  42 -25.079107 0.120511 57.609776 -0.329907 -0.500438 0.800452 0.838884 0.963077 2 42 0.992993 43 0.007007
  42 -25.110682 0.215358 57.685406 -0.052730 -0.803154 0.593434 0.850357 0.957662 2 42 0.991855 43 0.008145
ring
  42 -25.100758 0.123188 57.602528 -0.084260 -0.513587 0.853890 0.838878 0.957727 2 42 0.992993 43 0.007007
  42 -25.110682 0.215358 57.685406 -0.052730 -0.803154 0.593434 0.850357 0.957662 2 42 0.991855 43 0.008145
  42 -25.133135 0.210478 57.686447 0.196490 -0.774912 0.600751 0.850352 0.952314 2 42 0.991855 43 0.008145
ring
  42 -25.079107 0.120511 57.609776 -0.329907 -0.500438 0.800452 0.838884 0.963077 2 42 0.992993 43 0.007007
  42 -25.088829 0.211018 57.691143 -0.299394 -0.780362 0.548997 0.850363 0.963009 2 42 0.991855 43 0.008145
  42 -25.110682 0.215358 57.685406 -0.052730 -0.803154 0.593434 0.850357 0.957662 2 42 0.991855 43 0.008145
ring
  42 -25.133135 0.210478 57.686447 0.196490 -0.774912 0.600751 0.850352 0.952314 2 42 0.991855 43 0.008145
  42 -25.110682 0.215358 57.685406 -0.052730 -0.803154 0.593434 0.850357 0.957662 2 42 0.991855 43 0.008145
  42 -25.122534 0.268303 57.796852 -0.013676 -0.969580 0.244392 0.861837 0.957664 2 42 0.879115 43 0.120885
ring
  42 -25.110682 0.215358 57.685406 -0.052730 -0.803154 0.593434 0.850357 0.957662 2 42 0.991855 43 0.008145
  42 -25.088829 0.211018 57.691143 -0.299394 -0.780362 0.548997 0.850363 0.963009 2 42 0.991855 43 0.008145
  42 -25.122534 0.268303 57.796852 -0.013676 -0.969580 0.244392 0.861837 0.957664 2 42 0.879115 43 0.120885
ring
  42 -25.144823 0.262533 57.795990 0.232666 -0.936956 0.260729 0.861833 0.952253 2 42 0.884945 43 0.115055
  42 -25.133135 0.210478 57.686447 0.196490 -0.774912 0.600751 0.850352 0.952314 2 42 0.991855 43 0.008145
  42 -25.122534 0.268303 57.796852 -0.013676 -0.969580 0.244392 0.861837 0.957664 2 42 0.879115 43 0.120885
ring
  42 -25.088829 0.211018 57.691143 -0.299394 -0.780362 0.548997 0.850363 0.963009 2 42 0.991855 43 0.008145
  42 -25.101105 0.263313 57.800827 -0.258733 -0.943301 0.207944 0.861838 0.962951 2 42 0.991855 43 0.008145
  42 -25.122534 0.268303 57.796852 -0.013676 -0.969580 0.244392 0.861837 0.957664 2 42 0.879115 43 0.120885
ring
  42 -25.144823 0.262533 57.795990 0.232666 -0.936956 0.260729 0.861833 0.952253 2 42 0.884945 43 0.115055
  42 -25.122534 0.268303 57.796852 -0.013676 -0.969580 0.244392 0.861837 0.957664 2 42 0.879115 43 0.120885
  42 -25.135353 0.274529 57.920395 0.004862 -0.998740 0.049940 0.873691 0.957761 2 42 0.884945 43 0.115055
ring
  42 -25.122534 0.268303 57.796852 -0.013676 -0.969580 0.244392 0.861837 0.957664 2 42 0.879115 43 0.120885
  42 -25.101105 0.263313 57.800827 -0.258733 -0.943301 0.207944 0.861838 0.962951 2 42 0.991855 43 0.008145
  42 -25.135353 0.274529 57.920395 0.004862 -0.998740 0.049940 0.873691 0.957761 2 42 0.884945 43 0.115055
ring
  42 -25.157297 0.268644 57.917286 0.248520 -0.965780 0.074204 0.873580 0.952124 2 42 0.879115 43 0.120885
  42 -25.144823 0.262533 57.795990 0.232666 -0.936956 0.260729 0.861833 0.952253 2 42 0.884945 43 0.115055
  42 -25.135353 0.274529 57.920395 0.004862 -0.998740 0.049940 0.873691 0.957761 2 42 0.884945 43 0.115055
ring
  42 -25.101105 0.263313 57.800827 -0.258733 -0.943301 0.207944 0.861838 0.962951 2 42 0.991855 43 0.008145
  42 -25.113043 0.269044 57.921844 -0.240062 -0.970502 0.022283 0.873576 0.963152 2 42 0.884945 43 0.115055
  42 -25.135353 0.274529 57.920395 0.004862 -0.998740 0.049940 0.873691 0.957761 2 42 0.884945 43 0.115055
ring
  42 -25.133017 -0.356404 57.953728 -0.015938 -0.969767 0.243512 0.769867 0.957999 2 42 0.884945 43 0.115055
  42 -25.120068 -0.362752 57.827549 0.023347 -0.989266 -0.144248 0.781373 0.957982 2 42 0.879115 43 0.120885
  42 -25.097595 -0.356750 57.830719 0.271449 -0.955565 -0.114936 0.781377 0.963343 2 42 0.879115 43 0.120885
ring
  42 -25.110304 -0.350485 57.954628 0.233651 -0.936498 0.261494 0.769871 0.963358 2 42 0.884945 43 0.115055
  42 -25.133017 -0.356404 57.953728 -0.015938 -0.969767 0.243512 0.769867 0.957999 2 42 0.884945 43 0.115055
  42 -25.097595 -0.356750 57.830719 0.271449 -0.955565 -0.114936 0.781377 0.963343 2 42 0.879115 43 0.120885
ring
  42 -25.120068 -0.362752 57.827549 0.023347 -0.989266 -0.144248 0.781373 0.957982 2 42 0.879115 43 0.120885
  42 -25.108116 -0.320050 57.708527 0.059157 -0.857521 -0.511037 0.792882 0.957953 2 42 0.884945 43 0.115055
  42 -25.097595 -0.356750 57.830719 0.271449 -0.955565 -0.114936 0.781377 0.963343 2 42 0.879115 43 0.120885
ring
  42 -25.108116 -0.320050 57.708527 0.059157 -0.857521 -0.511037 0.792882 0.957953 2 42 0.884945 43 0.115055
  42 -25.084213 -0.314429 57.714191 0.306424 -0.828435 -0.468827 0.792886 0.963314 2 42 0.991855 43 0.008145
  42 -25.097595 -0.356750 57.830719 0.271449 -0.955565 -0.114936 0.781377 0.963343 2 42 0.879115 43 0.120885
ring
  42 -25.142820 -0.357141 57.826084 -0.225962 -0.960042 -0.165104 0.781369 0.952620 2 42 0.879115 43 0.120885
  42 -25.120068 -0.362752 57.827549 0.023347 -0.989266 -0.144248 0.781373 0.957982 2 42 0.879115 43 0.120885
  42 -25.133017 -0.356404 57.953728 -0.015938 -0.969767 0.243512 0.769867 0.957999 2 42 0.884945 43 0.115055
ring
  42 -25.155544 -0.350910 57.949970 -0.264582 -0.941190 0.210138 0.769863 0.952640 2 42 0.884945 43 0.115055
  42 -25.142820 -0.357141 57.826084 -0.225962 -0.960042 -0.165104 0.781369 0.952620 2 42 0.879115 43 0.120885
  42 -25.133017 -0.356404 57.953728 -0.015938 -0.969767 0.243512 0.769867 0.957999 2 42 0.884945 43 0.115055
ring
  42 -25.142820 -0.357141 57.826084 -0.225962 -0.960042 -0.165104 0.781369 0.952620 2 42 0.879115 43 0.120885
  42 -25.131081 -0.315235 57.709194 -0.187858 -0.832277 -0.521559 0.792878 0.952591 2 42 0.884945 43 0.115055
  42 -25.120068 -0.362752 57.827549 0.023347 -0.989266 -0.144248 0.781373 0.957982 2 42 0.879115 43 0.120885
ring
  42 -25.131081 -0.315235 57.709194 -0.187858 -0.832277 -0.521559 0.792878 0.952591 2 42 0.884945 43 0.115055
  42 -25.108116 -0.320050 57.708527 0.059157 -0.857521 -0.511037 0.792882 0.957953 2 42 0.884945 43 0.115055
  42 -25.120068 -0.362752 57.827549 0.023347 -0.989266 -0.144248 0.781373 0.957982 2 42 0.879115 43 0.120885
ring
  42 -25.167591 -0.297489 58.062004 -0.301050 -0.779469 0.549360 0.758363 0.952652 2 42 0.879115 43 0.120885
  42 -25.155544 -0.350910 57.949970 -0.264582 -0.941190 0.210138 0.769863 0.952640 2 42 0.884945 43 0.115055
  42 -25.133017 -0.356404 57.953728 -0.015938 -0.969767 0.243512 0.769867 0.957999 2 42 0.884945 43 0.115055
ring
  42 -25.108116 -0.320050 57.708527 0.059157 -0.857521 -0.511037 0.792882 0.957953 2 42 0.884945 43 0.115055
  42 -25.131081 -0.315235 57.709194 -0.187858 -0.832277 -0.521559 0.792878 0.952591 2 42 0.884945 43 0.115055
  42 -25.097605 -0.234530 57.615082 0.104186 -0.595685 -0.796433 0.804391 0.957910 2 42 0.991855 43 0.008145
ring
  42 -25.108116 -0.320050 57.708527 0.059157 -0.857521 -0.511037 0.792882 0.957953 2 42 0.884945 43 0.115055
  42 -25.097605 -0.234530 57.615082 0.104186 -0.595685 -0.796433 0.804391 0.957910 2 42 0.991855 43 0.008145
  42 -25.084213 -0.314429 57.714191 0.306424 -0.828435 -0.468827 0.792886 0.963314 2 42 0.991855 43 0.008145
ring
  42 -25.097605 -0.234530 57.615082 0.104186 -0.595685 -0.796433 0.804391 0.957910 2 42 0.991855 43 0.008145
  42 -25.075539 -0.230745 57.622154 0.337539 -0.574087 -0.745984 0.804395 0.963271 2 42 0.991855 43 0.008145
  42 -25.084213 -0.314429 57.714191 0.306424 -0.828435 -0.468827 0.792886 0.963314 2 42 0.991855 43 0.008145
ring
  42 -25.131081 -0.315235 57.709194 -0.187858 -0.832277 -0.521559 0.792878 0.952591 2 42 0.884945 43 0.115055
  42 -25.122478 -0.231586 57.617100 -0.134465 -0.584626 -0.800082 0.804386 0.952549 2 42 0.879115 43 0.120885
  42 -25.097605 -0.234530 57.615082 0.104186 -0.595685 -0.796433 0.804391 0.957910 2 42 0.991855 43 0.008145
ring
  42 -25.075539 -0.230745 57.622154 0.337539 -0.574087 -0.745984 0.804395 0.963271 2 42 0.991855 43 0.008145
  42 -25.097605 -0.234530 57.615082 0.104186 -0.595685 -0.796433 0.804391 0.957910 2 42 0.991855 43 0.008145
  42 -25.071280 -0.118044 57.568905 0.350472 -0.232796 -0.907180 0.815901 0.963213 2 42 0.992993 43 0.007007
ring
  42 -25.097605 -0.234530 57.615082 0.104186 -0.595685 -0.796433 0.804391 0.957910 2 42 0.991855 43 0.008145
  42 -25.122478 -0.231586 57.617100 -0.134465 -0.584626 -0.800082 0.804386 0.952549 2 42 0.879115 43 0.120885
  42 -25.093279 -0.119758 57.560844 0.115044 -0.242841 -0.963220 0.815895 0.957855 2 42 0.992993 43 0.007007
ring
  42 -25.097605 -0.234530 57.615082 0.104186 -0.595685 -0.796433 0.804391 0.957910 2 42 0.991855 43 0.008145
  42 -25.093279 -0.119758 57.560844 0.115044 -0.242841 -0.963220 0.815895 0.957855 2 42 0.992993 43 0.007007
  42 -25.071280 -0.118044 57.568905 0.350472 -0.232796 -0.907180 0.815901 0.963213 2 42 0.992993 43 0.007007
ring
  42 -25.122478 -0.231586 57.617100 -0.134465 -0.584626 -0.800082 0.804386 0.952549 2 42 0.879115 43 0.120885
  42 -25.117928 -0.118886 57.563873 -0.127743 -0.241346 -0.961995 0.815890 0.952497 2 42 0.886082 43 0.113918
  42 -25.093279 -0.119758 57.560844 0.115044 -0.242841 -0.963220 0.815895 0.957855 2 42 0.992993 43 0.007007
ring
  42 -25.093279 -0.119758 57.560844 0.115044 -0.242841 -0.963220 0.815895 0.957855 2 42 0.992993 43 0.007007
  42 -25.094156 0.007082 57.554409 0.103058 0.146976 -0.983756 0.827393 0.957792 2 42 0.996851 43 0.003149
  42 -25.071280 -0.118044 57.568905 0.350472 -0.232796 -0.907180 0.815901 0.963213 2 42 0.992993 43 0.007007
ring
  42 -25.093279 -0.119758 57.560844 0.115044 -0.242841 -0.963220 0.815895 0.957855 2 42 0.992993 43 0.007007
  42 -25.117928 -0.118886 57.563873 -0.127743 -0.241346 -0.961995 0.815890 0.952497 2 42 0.886082 43 0.113918
  42 -25.094156 0.007082 57.554409 0.103058 0.146976 -0.983756 0.827393 0.957792 2 42 0.996851 43 0.003149
ring
  42 -25.117928 -0.118886 57.563873 -0.127743 -0.241346 -0.961995 0.815890 0.952497 2 42 0.886082 43 0.113918
  42 -25.117384 0.005929 57.557808 -0.150329 0.139406 -0.978758 0.827388 0.952438 2 42 0.996851 43 0.003149
  42 -25.094156 0.007082 57.554409 0.103058 0.146976 -0.983756 0.827393 0.957792 2 42 0.996851 43 0.003149
ring
  42 -25.094156 0.007082 57.554409 0.103058 0.146976 -0.983756 0.827393 0.957792 2 42 0.996851 43 0.003149
  42 -25.072157 0.006516 57.562603 0.348521 0.144815 -0.926046 0.827399 0.963146 2 42 0.996851 43 0.003149
  42 -25.071280 -0.118044 57.568905 0.350472 -0.232796 -0.907180 0.815901 0.963213 2 42 0.992993 43 0.007007
ring
  42 -25.117384 0.005929 57.557808 -0.150329 0.139406 -0.978758 0.827388 0.952438 2 42 0.996851 43 0.003149
  42 -25.123297 0.123364 57.599339 -0.166443 0.494111 -0.853317 0.838873 0.952378 2 42 0.992993 43 0.007007
  42 -25.094156 0.007082 57.554409 0.103058 0.146976 -0.983756 0.827393 0.957792 2 42 0.996851 43 0.003149
ring
  42 -25.094156 0.007082 57.554409 0.103058 0.146976 -0.983756 0.827393 0.957792 2 42 0.996851 43 0.003149
  42 -25.100182 0.126665 57.596741 0.084305 0.513509 -0.853932 0.838878 0.957727 2 42 0.992993 43 0.007007
  42 -25.072157 0.006516 57.562603 0.348521 0.144815 -0.926046 0.827399 0.963146 2 42 0.996851 43 0.003149
ring
  42 -25.123297 0.123364 57.599339 -0.166443 0.494111 -0.853317 0.838873 0.952378 2 42 0.992993 43 0.007007
  42 -25.100182 0.126665 57.596741 0.084305 0.513509 -0.853932 0.838878 0.957727 2 42 0.992993 43 0.007007
  42 -25.094156 0.007082 57.554409 0.103058 0.146976 -0.983756 0.827393 0.957792 2 42 0.996851 43 0.003149
ring
  42 -25.100182 0.126665 57.596741 0.084305 0.513509 -0.853932 0.838878 0.957727 2 42 0.992993 43 0.007007
  42 -25.078066 0.123945 57.604145 0.329534 0.500385 -0.800638 0.838884 0.963077 2 42 0.992993 43 0.007007
  42 -25.072157 0.006516 57.562603 0.348521 0.144815 -0.926046 0.827399 0.963146 2 42 0.996851 43 0.003149
ring
  42 -25.100182 0.126665 57.596741 0.084305 0.513509 -0.853932 0.838878 0.957727 2 42 0.992993 43 0.007007
  42 -25.123297 0.123364 57.599339 -0.166443 0.494111 -0.853317 0.838873 0.952378 2 42 0.992993 43 0.007007
  42 -25.110327 0.220827 57.681355 0.051993 0.803198 -0.593438 0.850357 0.957662 2 42 0.991855 43 0.008145
ring
  42 -25.100182 0.126665 57.596741 0.084305 0.513509 -0.853932 0.838878 0.957727 2 42 0.992993 43 0.007007
  42 -25.110327 0.220827 57.681355 0.051993 0.803198 -0.593438 0.850357 0.957662 2 42 0.991855 43 0.008145
  42 -25.078066 0.123945 57.604145 0.329534 0.500385 -0.800638 0.838884 0.963077 2 42 0.992993 43 0.007007
ring
  42 -25.110327 0.220827 57.681355 0.051993 0.803198 -0.593438 0.850357 0.957662 2 42 0.991855 43 0.008145
  42 -25.088015 0.216388 57.687244 0.299917 0.780362 -0.548712 0.850363 0.963009 2 42 0.991855 43 0.008145
  42 -25.078066 0.123945 57.604145 0.329534 0.500385 -0.800638 0.838884 0.963077 2 42 0.992993 43 0.007007
ring
  42 -25.123297 0.123364 57.599339 -0.166443 0.494111 -0.853317 0.838873 0.952378 2 42 0.992993 43 0.007007
  42 -25.133240 0.215807 57.682449 -0.198358 0.774598 -0.600544 0.850352 0.952314 2 42 0.991855 43 0.008145
  42 -25.110327 0.220827 57.681355 0.051993 0.803198 -0.593438 0.850357 0.957662 2 42 0.991855 43 0.008145
ring
  42 -25.088015 0.216388 57.687244 0.299917 0.780362 -0.548712 0.850363 0.963009 2 42 0.991855 43 0.008145
  42 -25.110327 0.220827 57.681355 0.051993 0.803198 -0.593438 0.850357 0.957662 2 42 0.991855 43 0.008145
  42 -25.100534 0.269760 57.799259 0.259005 0.943403 -0.207141 0.861838 0.962951 2 42 0.991855 43 0.008145
ring
  42 -25.110327 0.220827 57.681355 0.051993 0.803198 -0.593438 0.850357 0.957662 2 42 0.991855 43 0.008145
  42 -25.133240 0.215807 57.682449 -0.198358 0.774598 -0.600544 0.850352 0.952314 2 42 0.991855 43 0.008145
  42 -25.122427 0.274875 57.795189 0.014583 0.969669 -0.243985 0.861837 0.957664 2 42 0.879115 43 0.120885
ring
  42 -25.110327 0.220827 57.681355 0.051993 0.803198 -0.593438 0.850357 0.957662 2 42 0.991855 43 0.008145
  42 -25.122427 0.274875 57.795189 0.014583 0.969669 -0.243985 0.861837 0.957664 2 42 0.879115 43 0.120885
  42 -25.100534 0.269760 57.799259 0.259005 0.943403 -0.207141 0.861838 0.962951 2 42 0.991855 43 0.008145
ring
  42 -25.100534 0.269760 57.799259 0.259005 0.943403 -0.207141 0.861838 0.962951 2 42 0.991855 43 0.008145
  42 -25.122427 0.274875 57.795189 0.014583 0.969669 -0.243985 0.861837 0.957664 2 42 0.879115 43 0.120885
  42 -25.112741 0.275646 57.922832 0.239717 0.970545 -0.024047 0.873576 0.963152 2 42 0.884945 43 0.115055
ring
  42 -25.133240 0.215807 57.682449 -0.198358 0.774598 -0.600544 0.850352 0.952314 2 42 0.991855 43 0.008145
  42 -25.145170 0.268999 57.794300 -0.232077 0.937072 -0.260835 0.861833 0.952253 2 42 0.884945 43 0.115055
  42 -25.122427 0.274875 57.795189 0.014583 0.969669 -0.243985 0.861837 0.957664 2 42 0.879115 43 0.120885
ring
  42 -25.122427 0.274875 57.795189 0.014583 0.969669 -0.243985 0.861837 0.957664 2 42 0.879115 43 0.120885
  42 -25.135479 0.281251 57.921371 -0.004354 0.998705 -0.050682 0.873691 0.957761 2 42 0.884945 43 0.115055
  42 -25.112741 0.275646 57.922832 0.239717 0.970545 -0.024047 0.873576 0.963152 2 42 0.884945 43 0.115055
ring
  42 -25.122427 0.274875 57.795189 0.014583 0.969669 -0.243985 0.861837 0.957664 2 42 0.879115 43 0.120885
  42 -25.145170 0.268999 57.794300 -0.232077 0.937072 -0.260835 0.861833 0.952253 2 42 0.884945 43 0.115055
  42 -25.135479 0.281251 57.921371 -0.004354 0.998705 -0.050682 0.873691 0.957761 2 42 0.884945 43 0.115055
ring
  42 -25.145170 0.268999 57.794300 -0.232077 0.937072 -0.260835 0.861833 0.952253 2 42 0.884945 43 0.115055
  42 -25.157936 0.275209 57.918209 -0.249308 0.965587 -0.074073 0.873580 0.952124 2 42 0.879115 43 0.120885
  42 -25.135479 0.281251 57.921371 -0.004354 0.998705 -0.050682 0.873691 0.957761 2 42 0.884945 43 0.115055
ring
  42 -25.145283 -0.302009 58.067822 -0.053636 -0.802678 0.593995 0.758366 0.958008 2 42 0.879115 43 0.120885
  42 -25.133017 -0.356404 57.953728 -0.015938 -0.969767 0.243512 0.769867 0.957999 2 42 0.884945 43 0.115055
  42 -25.110304 -0.350485 57.954628 0.233651 -0.936498 0.261494 0.769871 0.963358 2 42 0.884945 43 0.115055
ring
  42 -25.145283 -0.302009 58.067822 -0.053636 -0.802678 0.593995 0.758366 0.958008 2 42 0.879115 43 0.120885
  42 -25.167591 -0.297489 58.062004 -0.301050 -0.779469 0.549360 0.758363 0.952652 2 42 0.879115 43 0.120885
  42 -25.133017 -0.356404 57.953728 -0.015938 -0.969767 0.243512 0.769867 0.957999 2 42 0.884945 43 0.115055
ring
  42 -25.122366 -0.297098 58.066639 0.197058 -0.774869 0.600621 0.758370 0.963364 2 42 0.879115 43 0.120885
  42 -25.145283 -0.302009 58.067822 -0.053636 -0.802678 0.593995 0.758366 0.958008 2 42 0.879115 43 0.120885
  42 -25.110304 -0.350485 57.954628 0.233651 -0.936498 0.261494 0.769871 0.963358 2 42 0.884945 43 0.115055
ring
  43 -25.177040 -0.205433 58.144787 -0.331428 -0.499984 0.800107 0.746871 0.952659 2 43 0.501886 42 0.498114
  42 -25.167591 -0.297489 58.062004 -0.301050 -0.779469 0.549360 0.758363 0.952652 2 42 0.879115 43 0.120885
  42 -25.145283 -0.302009 58.067822 -0.053636 -0.802678 0.593995 0.758366 0.958008 2 42 0.879115 43 0.120885
ring
  42 -25.154833 -0.207843 58.152473 -0.085606 -0.511279 0.855140 0.746874 0.958010 2 42 0.883059 43 0.116941
  42 -25.145283 -0.302009 58.067822 -0.053636 -0.802678 0.593995 0.758366 0.958008 2 42 0.879115 43 0.120885
  42 -25.122366 -0.297098 58.066639 0.197058 -0.774869 0.600621 0.758370 0.963364 2 42 0.879115 43 0.120885
ring
  42 -25.154833 -0.207843 58.152473 -0.085606 -0.511279 0.855140 0.746874 0.958010 2 42 0.883059 43 0.116941
  43 -25.177040 -0.205433 58.144787 -0.331428 -0.499984 0.800107 0.746871 0.952659 2 43 0.501886 42 0.498114
  42 -25.145283 -0.302009 58.067822 -0.053636 -0.802678 0.593995 0.758366 0.958008 2 42 0.879115 43 0.120885
ring
  42 -25.131712 -0.204622 58.149815 0.167181 -0.494663 0.852853 0.746877 0.963362 2 42 0.883059 43 0.116941
  42 -25.154833 -0.207843 58.152473 -0.085606 -0.511279 0.855140 0.746874 0.958010 2 42 0.883059 43 0.116941
  42 -25.122366 -0.297098 58.066639 0.197058 -0.774869 0.600621 0.758370 0.963364 2 42 0.879115 43 0.120885
ring
  42 -25.180510 -0.087945 58.186428 -0.374622 -0.143273 0.916041 0.735389 0.952662 2 42 0.500000 43 0.500000
  43 -25.177040 -0.205433 58.144787 -0.331428 -0.499984 0.800107 0.746871 0.952659 2 43 0.501886 42 0.498114
  42 -25.154833 -0.207843 58.152473 -0.085606 -0.511279 0.855140 0.746874 0.958010 2 42 0.883059 43 0.116941
ring
  42 -25.154833 -0.207843 58.152473 -0.085606 -0.511279 0.855140 0.746874 0.958010 2 42 0.883059 43 0.116941
  42 -25.131712 -0.204622 58.149815 0.167181 -0.494663 0.852853 0.746877 0.963362 2 42 0.883059 43 0.116941
  42 -25.136816 -0.087291 58.191280 0.153382 -0.139045 0.978335 0.735395 0.963353 2 42 0.833333 43 0.166667
ring
  42 -25.160030 -0.088323 58.194778 -0.115473 -0.143917 0.982829 0.735392 0.958007 2 42 0.833333 43 0.166667
  42 -25.180510 -0.087945 58.186428 -0.374622 -0.143273 0.916041 0.735389 0.952662 2 42 0.500000 43 0.500000
  42 -25.154833 -0.207843 58.152473 -0.085606 -0.511279 0.855140 0.746874 0.958010 2 42 0.883059 43 0.116941
ring
  42 -25.160030 -0.088323 58.194778 -0.115473 -0.143917 0.982829 0.735392 0.958007 2 42 0.833333 43 0.166667
  42 -25.154833 -0.207843 58.152473 -0.085606 -0.511279 0.855140 0.746874 0.958010 2 42 0.883059 43 0.116941
  42 -25.136816 -0.087291 58.191280 0.153382 -0.139045 0.978335 0.735395 0.963353 2 42 0.833333 43 0.166667
ring
  42 -25.179546 0.036587 58.180130 -0.400621 0.229140 0.887129 0.723922 0.952663 2 42 0.500000 43 0.500000
  42 -25.180510 -0.087945 58.186428 -0.374622 -0.143273 0.916041 0.735389 0.952662 2 42 0.500000 43 0.500000
  42 -25.160030 -0.088323 58.194778 -0.115473 -0.143917 0.982829 0.735392 0.958007 2 42 0.833333 43 0.166667
ring
  42 -25.160322 0.038528 58.188332 -0.129305 0.244740 0.960928 0.723926 0.958002 2 42 0.833333 43 0.166667
  42 -25.160030 -0.088323 58.194778 -0.115473 -0.143917 0.982829 0.735392 0.958007 2 42 0.833333 43 0.166667
  42 -25.136816 -0.087291 58.191280 0.153382 -0.139045 0.978335 0.735395 0.963353 2 42 0.833333 43 0.166667
ring
  42 -25.160322 0.038528 58.188332 -0.129305 0.244740 0.960928 0.723926 0.958002 2 42 0.833333 43 0.166667
  42 -25.179546 0.036587 58.180130 -0.400621 0.229140 0.887129 0.723922 0.952663 2 42 0.500000 43 0.500000
  42 -25.160030 -0.088323 58.194778 -0.115473 -0.143917 0.982829 0.735392 0.958007 2 42 0.833333 43 0.166667
ring
  42 -25.137119 0.037250 58.184971 0.152185 0.237672 0.959350 0.723928 0.963342 2 42 0.833333 43 0.166667
  42 -25.160322 0.038528 58.188332 -0.129305 0.244740 0.960928 0.723926 0.958002 2 42 0.833333 43 0.166667
  42 -25.136816 -0.087291 58.191280 0.153382 -0.139045 0.978335 0.735395 0.963353 2 42 0.833333 43 0.166667
ring
  42 -25.174276 0.149221 58.126873 -0.411007 0.560047 0.719320 0.712466 0.952658 2 42 0.501886 43 0.498114
  42 -25.179546 0.036587 58.180130 -0.400621 0.229140 0.887129 0.723922 0.952663 2 42 0.500000 43 0.500000
  42 -25.160322 0.038528 58.188332 -0.129305 0.244740 0.960928 0.723926 0.958002 2 42 0.833333 43 0.166667
ring
  42 -25.160322 0.038528 58.188332 -0.129305 0.244740 0.960928 0.723926 0.958002 2 42 0.833333 43 0.166667
  42 -25.137119 0.037250 58.184971 0.152185 0.237672 0.959350 0.723928 0.963342 2 42 0.833333 43 0.166667
  42 -25.133089 0.150058 58.131783 0.164885 0.579338 0.798235 0.712472 0.963331 2 42 0.883059 43 0.116941
ring
  42 -25.156204 0.153368 58.134159 -0.130780 0.594943 0.793056 0.712469 0.957994 2 42 0.883059 43 0.116941
  42 -25.160322 0.038528 58.188332 -0.129305 0.244740 0.960928 0.723926 0.958002 2 42 0.833333 43 0.166667
  42 -25.133089 0.150058 58.131783 0.164885 0.579338 0.798235 0.712472 0.963331 2 42 0.883059 43 0.116941
ring
  42 -25.156204 0.153368 58.134159 -0.130780 0.594943 0.793056 0.712469 0.957994 2 42 0.883059 43 0.116941
  42 -25.174276 0.149221 58.126873 -0.411007 0.560047 0.719320 0.712466 0.952658 2 42 0.501886 43 0.498114
  42 -25.160322 0.038528 58.188332 -0.129305 0.244740 0.960928 0.723926 0.958002 2 42 0.833333 43 0.166667
ring
  42 -25.156204 0.153368 58.134159 -0.130780 0.594943 0.793056 0.712469 0.957994 2 42 0.883059 43 0.116941
  42 -25.133089 0.150058 58.131783 0.164885 0.579338 0.798235 0.712472 0.963331 2 42 0.883059 43 0.116941
  42 -25.124338 0.233706 58.039715 0.191393 0.832923 0.519237 0.701017 0.963315 2 42 0.879115 43 0.120885
ring
  42 -25.174276 0.149221 58.126873 -0.411007 0.560047 0.719320 0.712466 0.952658 2 42 0.501886 43 0.498114
  42 -25.156204 0.153368 58.134159 -0.130780 0.594943 0.793056 0.712469 0.957994 2 42 0.883059 43 0.116941
  42 -25.147297 0.238554 58.040394 -0.061543 0.856517 0.512437 0.701016 0.957916 2 42 0.879115 43 0.120885
ring
  42 -25.147297 0.238554 58.040394 -0.061543 0.856517 0.512437 0.701016 0.957916 2 42 0.879115 43 0.120885
  42 -25.156204 0.153368 58.134159 -0.130780 0.594943 0.793056 0.712469 0.957994 2 42 0.883059 43 0.116941
  42 -25.124338 0.233706 58.039715 0.191393 0.832923 0.519237 0.701017 0.963315 2 42 0.879115 43 0.120885
ring
  42 -25.169626 0.233323 58.035084 -0.306120 0.826232 0.472895 0.701016 0.952642 2 42 0.884945 43 0.115055
  42 -25.174276 0.149221 58.126873 -0.411007 0.560047 0.719320 0.712466 0.952658 2 42 0.501886 43 0.498114
  42 -25.147297 0.238554 58.040394 -0.061543 0.856517 0.512437 0.701016 0.957916 2 42 0.879115 43 0.120885
ring
  42 -25.147297 0.238554 58.040394 -0.061543 0.856517 0.512437 0.701016 0.957916 2 42 0.879115 43 0.120885
  42 -25.124338 0.233706 58.039715 0.191393 0.832923 0.519237 0.701017 0.963315 2 42 0.879115 43 0.120885
  42 -25.112741 0.275646 57.922832 0.203192 0.915039 0.348449 0.689297 0.963364 2 42 0.884945 43 0.115055
ring
  42 -25.157936 0.275209 57.918209 -0.286589 0.910501 0.298084 0.689306 0.952363 2 42 0.879115 43 0.120885
  42 -25.169626 0.233323 58.035084 -0.306120 0.826232 0.472895 0.701016 0.952642 2 42 0.884945 43 0.115055
  42 -25.147297 0.238554 58.040394 -0.061543 0.856517 0.512437 0.701016 0.957916 2 42 0.879115 43 0.120885
ring
  42 -25.135479 0.281251 57.921371 -0.043142 0.941749 0.333538 0.689189 0.957740 2 42 0.884945 43 0.115055
  42 -25.147297 0.238554 58.040394 -0.061543 0.856517 0.512437 0.701016 0.957916 2 42 0.879115 43 0.120885
  42 -25.112741 0.275646 57.922832 0.203192 0.915039 0.348449 0.689297 0.963364 2 42 0.884945 43 0.115055
ring
  42 -25.135479 0.281251 57.921371 -0.043142 0.941749 0.333538 0.689189 0.957740 2 42 0.884945 43 0.115055
  42 -25.157936 0.275209 57.918209 -0.286589 0.910501 0.298084 0.689306 0.952363 2 42 0.879115 43 0.120885
  42 -25.147297 0.238554 58.040394 -0.061543 0.856517 0.512437 0.701016 0.957916 2 42 0.879115 43 0.120885
ring
  42 -25.079107 0.120511 57.609776 0.985635 -0.024619 0.167088 0.838884 0.963077 2 42 0.992993 43 0.007007
  42 -25.078066 0.123945 57.604145 0.985621 -0.024681 0.167160 0.838884 0.963077 2 42 0.992993 43 0.007007
  42 -25.088015 0.216388 57.687244 0.988285 -0.043545 0.146276 0.850363 0.963009 2 42 0.991855 43 0.008145
ring
  42 -25.078066 0.123945 57.604145 0.985621 -0.024681 0.167160 0.838884 0.963077 2 42 0.992993 43 0.007007
  42 -25.079107 0.120511 57.609776 0.985635 -0.024619 0.167088 0.838884 0.963077 2 42 0.992993 43 0.007007
  42 -25.072157 0.006516 57.562603 0.984819 0.002336 0.173570 0.827399 0.963146 2 42 0.996851 43 0.003149
ring
  42 -25.088829 0.211018 57.691143 0.988285 -0.043538 0.146276 0.850363 0.963009 2 42 0.991855 43 0.008145
  42 -25.079107 0.120511 57.609776 0.985635 -0.024619 0.167088 0.838884 0.963077 2 42 0.992993 43 0.007007
  42 -25.088015 0.216388 57.687244 0.988285 -0.043545 0.146276 0.850363 0.963009 2 42 0.991855 43 0.008145
ring
  42 -25.079107 0.120511 57.609776 0.985635 -0.024619 0.167088 0.838884 0.963077 2 42 0.992993 43 0.007007
  42 -25.073298 0.005542 57.569096 0.984829 0.002345 0.173514 0.827399 0.963146 2 42 0.996851 43 0.003149
  42 -25.072157 0.006516 57.562603 0.984819 0.002336 0.173570 0.827399 0.963146 2 42 0.996851 43 0.003149
ring
  42 -25.088829 0.211018 57.691143 0.988285 -0.043538 0.146276 0.850363 0.963009 2 42 0.991855 43 0.008145
  42 -25.088015 0.216388 57.687244 0.988285 -0.043545 0.146276 0.850363 0.963009 2 42 0.991855 43 0.008145
  42 -25.100534 0.269760 57.799259 0.991172 -0.058844 0.118805 0.861838 0.962951 2 42 0.991855 43 0.008145
ring
  42 -25.072157 0.006516 57.562603 0.984819 0.002336 0.173570 0.827399 0.963146 2 42 0.996851 43 0.003149
  42 -25.073298 0.005542 57.569096 0.984829 0.002345 0.173514 0.827399 0.963146 2 42 0.996851 43 0.003149
  42 -25.071280 -0.118044 57.568905 0.984517 0.029445 0.172796 0.815901 0.963213 2 42 0.992993 43 0.007007
ring
  42 -25.101105 0.263313 57.800827 0.991173 -0.058875 0.118785 0.861838 0.962951 2 42 0.991855 43 0.008145
  42 -25.088829 0.211018 57.691143 0.988285 -0.043538 0.146276 0.850363 0.963009 2 42 0.991855 43 0.008145
  42 -25.100534 0.269760 57.799259 0.991172 -0.058844 0.118805 0.861838 0.962951 2 42 0.991855 43 0.008145
ring
  42 -25.073298 0.005542 57.569096 0.984829 0.002345 0.173514 0.827399 0.963146 2 42 0.996851 43 0.003149
  42 -25.072449 -0.116422 57.575287 0.984522 0.029417 0.172774 0.815901 0.963213 2 42 0.992993 43 0.007007
  42 -25.071280 -0.118044 57.568905 0.984517 0.029445 0.172796 0.815901 0.963213 2 42 0.992993 43 0.007007
ring
  42 -25.101105 0.263313 57.800827 0.991173 -0.058875 0.118785 0.861838 0.962951 2 42 0.991855 43 0.008145
  42 -25.100534 0.269760 57.799259 0.991172 -0.058844 0.118805 0.861838 0.962951 2 42 0.991855 43 0.008145
  42 -25.112741 0.275646 57.922832 0.993034 -0.060979 0.100825 0.873576 0.963152 2 42 0.884945 43 0.115055
ring
  42 -25.113043 0.269044 57.921844 0.993041 -0.060881 0.100814 0.873576 0.963152 2 42 0.884945 43 0.115055
  42 -25.101105 0.263313 57.800827 0.991173 -0.058875 0.118785 0.861838 0.962951 2 42 0.991855 43 0.008145
  42 -25.112741 0.275646 57.922832 0.993034 -0.060979 0.100825 0.873576 0.963152 2 42 0.884945 43 0.115055
ring
  42 -25.071280 -0.118044 57.568905 0.984517 0.029445 0.172796 0.815901 0.963213 2 42 0.992993 43 0.007007
  42 -25.072449 -0.116422 57.575287 0.984522 0.029417 0.172774 0.815901 0.963213 2 42 0.992993 43 0.007007
  42 -25.075539 -0.230745 57.622154 0.985847 0.052774 0.159125 0.804395 0.963271 2 42 0.991855 43 0.008145
ring
  42 -25.072449 -0.116422 57.575287 0.984522 0.029417 0.172774 0.815901 0.963213 2 42 0.992993 43 0.007007
  42 -25.076599 -0.226792 57.627415 0.985852 0.052795 0.159089 0.804395 0.963271 2 42 0.991855 43 0.008145
  42 -25.075539 -0.230745 57.622154 0.985847 0.052774 0.159125 0.804395 0.963271 2 42 0.991855 43 0.008145
ring
  42 -25.075539 -0.230745 57.622154 0.985847 0.052774 0.159125 0.804395 0.963271 2 42 0.991855 43 0.008145
  42 -25.076599 -0.226792 57.627415 0.985852 0.052795 0.159089 0.804395 0.963271 2 42 0.991855 43 0.008145
  42 -25.084213 -0.314429 57.714191 0.986818 0.069338 0.146225 0.792886 0.963314 2 42 0.991855 43 0.008145
ring
  42 -25.076599 -0.226792 57.627415 0.985852 0.052795 0.159089 0.804395 0.963271 2 42 0.991855 43 0.008145
  42 -25.085115 -0.308730 57.717575 0.986817 0.069388 0.146214 0.792886 0.963314 2 42 0.991855 43 0.008145
  42 -25.084213 -0.314429 57.714191 0.986818 0.069338 0.146225 0.792886 0.963314 2 42 0.991855 43 0.008145
ring
  42 -25.085115 -0.308730 57.717575 0.986817 0.069388 0.146214 0.792886 0.963314 2 42 0.991855 43 0.008145
  42 -25.098213 -0.350156 57.831619 0.989945 0.076521 0.118969 0.781377 0.963343 2 42 0.879115 43 0.120885
  42 -25.084213 -0.314429 57.714191 0.986818 0.069338 0.146225 0.792886 0.963314 2 42 0.991855 43 0.008145
ring
  42 -25.098213 -0.350156 57.831619 0.989945 0.076521 0.118969 0.781377 0.963343 2 42 0.879115 43 0.120885
  42 -25.097595 -0.356750 57.830719 0.989957 0.076481 0.118898 0.781377 0.963343 2 42 0.879115 43 0.120885
  42 -25.084213 -0.314429 57.714191 0.986818 0.069338 0.146225 0.792886 0.963314 2 42 0.991855 43 0.008145
ring
  42 -25.097595 -0.356750 57.830719 0.989957 0.076481 0.118898 0.781377 0.963343 2 42 0.879115 43 0.120885
  42 -25.098213 -0.350156 57.831619 0.989945 0.076521 0.118969 0.781377 0.963343 2 42 0.879115 43 0.120885
  42 -25.110304 -0.350485 57.954628 0.993258 0.079757 0.084132 0.769871 0.963358 2 42 0.884945 43 0.115055
ring
  42 -25.098213 -0.350156 57.831619 0.989945 0.076521 0.118969 0.781377 0.963343 2 42 0.879115 43 0.120885
  42 -25.110680 -0.344045 57.952953 0.993251 0.079793 0.084177 0.769871 0.963358 2 42 0.884945 43 0.115055
  42 -25.110304 -0.350485 57.954628 0.993258 0.079757 0.084132 0.769871 0.963358 2 42 0.884945 43 0.115055
ring
  42 -25.110304 -0.350485 57.954628 0.993258 0.079757 0.084132 0.769871 0.963358 2 42 0.884945 43 0.115055
  42 -25.110680 -0.344045 57.952953 0.993251 0.079793 0.084177 0.769871 0.963358 2 42 0.884945 43 0.115055
  42 -25.122366 -0.297098 58.066639 0.996016 0.065598 0.060407 0.758370 0.963364 2 42 0.879115 43 0.120885
ring
  42 -25.110680 -0.344045 57.952953 0.993251 0.079793 0.084177 0.769871 0.963358 2 42 0.884945 43 0.115055
  42 -25.122477 -0.291739 58.062645 0.996021 0.065506 0.060425 0.758370 0.963364 2 42 0.879115 43 0.120885
  42 -25.122366 -0.297098 58.066639 0.996016 0.065598 0.060407 0.758370 0.963364 2 42 0.879115 43 0.120885
ring
  42 -25.122477 -0.291739 58.062645 0.996021 0.065506 0.060425 0.758370 0.963364 2 42 0.879115 43 0.120885
  42 -25.131639 -0.201196 58.144066 0.998207 0.044892 0.039590 0.746877 0.963362 2 42 0.883059 43 0.116941
  42 -25.122366 -0.297098 58.066639 0.996016 0.065598 0.060407 0.758370 0.963364 2 42 0.879115 43 0.120885
ring
  42 -25.131639 -0.201196 58.144066 0.998207 0.044892 0.039590 0.746877 0.963362 2 42 0.883059 43 0.116941
  42 -25.131712 -0.204622 58.149815 0.998206 0.044915 0.039581 0.746877 0.963362 2 42 0.883059 43 0.116941
  42 -25.122366 -0.297098 58.066639 0.996016 0.065598 0.060407 0.758370 0.963364 2 42 0.879115 43 0.120885
ring
  42 -25.131712 -0.204622 58.149815 0.998206 0.044915 0.039581 0.746877 0.963362 2 42 0.883059 43 0.116941
  42 -25.131639 -0.201196 58.144066 0.998207 0.044892 0.039590 0.746877 0.963362 2 42 0.883059 43 0.116941
  42 -25.136816 -0.087291 58.191280 0.999403 0.018129 0.029425 0.735395 0.963353 2 42 0.833333 43 0.166667
ring
  42 -25.131639 -0.201196 58.144066 0.998207 0.044892 0.039590 0.746877 0.963362 2 42 0.883059 43 0.116941
  42 -25.136639 -0.086326 58.184669 0.999400 0.018138 0.029501 0.735395 0.963353 2 42 0.833333 43 0.166667
  42 -25.136816 -0.087291 58.191280 0.999403 0.018129 0.029425 0.735395 0.963353 2 42 0.833333 43 0.166667
ring
  42 -25.136816 -0.087291 58.191280 0.999403 0.018129 0.029425 0.735395 0.963353 2 42 0.833333 43 0.166667
  42 -25.136639 -0.086326 58.184669 0.999400 0.018138 0.029501 0.735395 0.963353 2 42 0.833333 43 0.166667
  42 -25.137119 0.037250 58.184971 0.999347 -0.006969 0.035452 0.723928 0.963342 2 42 0.833333 43 0.166667
ring
  42 -25.136639 -0.086326 58.184669 0.999400 0.018138 0.029501 0.735395 0.963353 2 42 0.833333 43 0.166667
  42 -25.136900 0.035616 58.178486 0.999344 -0.006969 0.035525 0.723928 0.963342 2 42 0.833333 43 0.166667
  42 -25.137119 0.037250 58.184971 0.999347 -0.006969 0.035452 0.723928 0.963342 2 42 0.833333 43 0.166667
ring
  42 -25.137119 0.037250 58.184971 0.999347 -0.006969 0.035452 0.723928 0.963342 2 42 0.833333 43 0.166667
  42 -25.136900 0.035616 58.178486 0.999344 -0.006969 0.035525 0.723928 0.963342 2 42 0.833333 43 0.166667
  42 -25.133089 0.150058 58.131783 0.998475 -0.031137 0.045589 0.712472 0.963331 2 42 0.883059 43 0.116941
ring
  42 -25.136900 0.035616 58.178486 0.999344 -0.006969 0.035525 0.723928 0.963342 2 42 0.833333 43 0.166667
  42 -25.132967 0.146093 58.126438 0.998477 -0.031126 0.045550 0.712472 0.963331 2 42 0.883059 43 0.116941
  42 -25.133089 0.150058 58.131783 0.998475 -0.031137 0.045589 0.712472 0.963331 2 42 0.883059 43 0.116941
ring
  42 -25.133089 0.150058 58.131783 0.998475 -0.031137 0.045589 0.712472 0.963331 2 42 0.883059 43 0.116941
  42 -25.132967 0.146093 58.126438 0.998477 -0.031126 0.045550 0.712472 0.963331 2 42 0.883059 43 0.116941
  42 -25.124338 0.233706 58.039715 0.996506 -0.049927 0.066953 0.701017 0.963315 2 42 0.879115 43 0.120885
ring
  42 -25.132967 0.146093 58.126438 0.998477 -0.031126 0.045550 0.712472 0.963331 2 42 0.883059 43 0.116941
  42 -25.124395 0.227994 58.036285 0.996507 -0.049911 0.066947 0.701017 0.963315 2 42 0.879115 43 0.120885
  42 -25.124338 0.233706 58.039715 0.996506 -0.049927 0.066953 0.701017 0.963315 2 42 0.879115 43 0.120885
ring
  42 -25.124338 0.233706 58.039715 0.996506 -0.049927 0.066953 0.701017 0.963315 2 42 0.879115 43 0.120885
  42 -25.124395 0.227994 58.036285 0.996507 -0.049911 0.066947 0.701017 0.963315 2 42 0.879115 43 0.120885
  42 -25.112741 0.275646 57.922832 0.995283 -0.057384 0.078222 0.689297 0.963364 2 42 0.884945 43 0.115055
ring
  42 -25.124395 0.227994 58.036285 0.996507 -0.049911 0.066947 0.701017 0.963315 2 42 0.879115 43 0.120885
  42 -25.113043 0.269044 57.921844 0.995282 -0.057409 0.078217 0.689297 0.963364 2 42 0.884945 43 0.115055
  42 -25.112741 0.275646 57.922832 0.995283 -0.057384 0.078222 0.689297 0.963364 2 42 0.884945 43 0.115055
ring
  42 -25.154982 -0.344436 57.948406 -0.991304 0.057022 -0.118592 0.769863 0.952640 2 42 0.884945 43 0.115055
  42 -25.142511 -0.350539 57.827076 -0.993912 0.060548 -0.092048 0.781369 0.952620 2 42 0.879115 43 0.120885
  42 -25.142820 -0.357141 57.826084 -0.993909 0.060529 -0.092087 0.781369 0.952620 2 42 0.879115 43 0.120885
ring
  42 -25.155544 -0.350910 57.949970 -0.991308 0.057029 -0.118559 0.769863 0.952640 2 42 0.884945 43 0.115055
  42 -25.154982 -0.344436 57.948406 -0.991304 0.057022 -0.118592 0.769863 0.952640 2 42 0.884945 43 0.115055
  42 -25.142820 -0.357141 57.826084 -0.993909 0.060529 -0.092087 0.781369 0.952620 2 42 0.879115 43 0.120885
ring
  42 -25.142820 -0.357141 57.826084 -0.993909 0.060529 -0.092087 0.781369 0.952620 2 42 0.879115 43 0.120885
  42 -25.142511 -0.350539 57.827076 -0.993912 0.060548 -0.092048 0.781369 0.952620 2 42 0.879115 43 0.120885
  42 -25.131081 -0.315235 57.709194 -0.996482 0.050797 -0.066660 0.792878 0.952591 2 42 0.884945 43 0.115055
ring
  42 -25.166779 -0.292150 58.058102 -0.988605 0.045828 -0.143384 0.758363 0.952652 2 42 0.879115 43 0.120885
  42 -25.154982 -0.344436 57.948406 -0.991304 0.057022 -0.118592 0.769863 0.952640 2 42 0.884945 43 0.115055
  42 -25.155544 -0.350910 57.949970 -0.991308 0.057029 -0.118559 0.769863 0.952640 2 42 0.884945 43 0.115055
ring
  42 -25.142511 -0.350539 57.827076 -0.993912 0.060548 -0.092048 0.781369 0.952620 2 42 0.879115 43 0.120885
  42 -25.131018 -0.309494 57.712631 -0.996485 0.050723 -0.066669 0.792878 0.952591 2 42 0.884945 43 0.115055
  42 -25.131081 -0.315235 57.709194 -0.996482 0.050797 -0.066660 0.792878 0.952591 2 42 0.884945 43 0.115055
ring
  42 -25.167591 -0.297489 58.062004 -0.988611 0.045826 -0.143346 0.758363 0.952652 2 42 0.879115 43 0.120885
  42 -25.166779 -0.292150 58.058102 -0.988605 0.045828 -0.143384 0.758363 0.952652 2 42 0.879115 43 0.120885
  42 -25.155544 -0.350910 57.949970 -0.991308 0.057029 -0.118559 0.769863 0.952640 2 42 0.884945 43 0.115055
ring
  42 -25.131018 -0.309494 57.712631 -0.996485 0.050723 -0.066669 0.792878 0.952591 2 42 0.884945 43 0.115055
  42 -25.122583 -0.227595 57.622478 -0.998430 0.034121 -0.044418 0.804386 0.952549 2 42 0.879115 43 0.120885
  42 -25.131081 -0.315235 57.709194 -0.996482 0.050797 -0.066660 0.792878 0.952591 2 42 0.884945 43 0.115055
ring
  43 -25.176046 -0.202040 58.139156 -0.987354 0.031610 -0.155349 0.746871 0.952659 2 43 0.501886 42 0.498114
  42 -25.166779 -0.292150 58.058102 -0.988605 0.045828 -0.143384 0.758363 0.952652 2 42 0.879115 43 0.120885
  42 -25.167591 -0.297489 58.062004 -0.988611 0.045826 -0.143346 0.758363 0.952652 2 42 0.879115 43 0.120885
ring
  42 -25.122583 -0.227595 57.622478 -0.998430 0.034121 -0.044418 0.804386 0.952549 2 42 0.879115 43 0.120885
  42 -25.122478 -0.231586 57.617100 -0.998429 0.034166 -0.044410 0.804386 0.952549 2 42 0.879115 43 0.120885
  42 -25.131081 -0.315235 57.709194 -0.996482 0.050797 -0.066660 0.792878 0.952591 2 42 0.884945 43 0.115055
ring
  43 -25.177040 -0.205433 58.144787 -0.987357 0.031590 -0.155334 0.746871 0.952659 2 43 0.501886 42 0.498114
  43 -25.176046 -0.202040 58.139156 -0.987354 0.031610 -0.155349 0.746871 0.952659 2 43 0.501886 42 0.498114
  42 -25.167591 -0.297489 58.062004 -0.988611 0.045826 -0.143346 0.758363 0.952652 2 42 0.879115 43 0.120885
ring
  42 -25.122583 -0.227595 57.622478 -0.998430 0.034121 -0.044418 0.804386 0.952549 2 42 0.879115 43 0.120885
  42 -25.118130 -0.117253 57.570343 -0.999324 0.012813 -0.034464 0.815890 0.952497 2 42 0.886082 43 0.113918
  42 -25.122478 -0.231586 57.617100 -0.998429 0.034166 -0.044410 0.804386 0.952549 2 42 0.879115 43 0.120885
ring
  43 -25.176046 -0.202040 58.139156 -0.987354 0.031610 -0.155349 0.746871 0.952659 2 43 0.501886 42 0.498114
  43 -25.177040 -0.205433 58.144787 -0.987357 0.031590 -0.155334 0.746871 0.952659 2 43 0.501886 42 0.498114
  42 -25.180510 -0.087945 58.186428 -0.987070 0.013048 -0.159758 0.735389 0.952662 2 42 0.500000 43 0.500000
ring
  42 -25.118130 -0.117253 57.570343 -0.999324 0.012813 -0.034464 0.815890 0.952497 2 42 0.886082 43 0.113918
  42 -25.117928 -0.118886 57.563873 -0.999324 0.012833 -0.034456 0.815890 0.952497 2 42 0.886082 43 0.113918
  42 -25.122478 -0.231586 57.617100 -0.998429 0.034166 -0.044410 0.804386 0.952549 2 42 0.879115 43 0.120885
ring
  42 -25.179443 -0.086985 58.179916 -0.987065 0.013044 -0.159788 0.735389 0.952662 2 42 0.500000 43 0.500000
  43 -25.176046 -0.202040 58.139156 -0.987354 0.031610 -0.155349 0.746871 0.952659 2 43 0.501886 42 0.498114
  42 -25.180510 -0.087945 58.186428 -0.987070 0.013048 -0.159758 0.735389 0.952662 2 42 0.500000 43 0.500000
ring
  42 -25.118130 -0.117253 57.570343 -0.999324 0.012813 -0.034464 0.815890 0.952497 2 42 0.886082 43 0.113918
  42 -25.117592 0.004964 57.564404 -0.999283 -0.017268 -0.033700 0.827388 0.952438 2 42 0.996851 43 0.003149
  42 -25.117928 -0.118886 57.563873 -0.999324 0.012833 -0.034456 0.815890 0.952497 2 42 0.886082 43 0.113918
ring
  42 -25.179443 -0.086985 58.179916 -0.987065 0.013044 -0.159788 0.735389 0.952662 2 42 0.500000 43 0.500000
  42 -25.180510 -0.087945 58.186428 -0.987070 0.013048 -0.159758 0.735389 0.952662 2 42 0.500000 43 0.500000
  42 -25.179546 0.036587 58.180130 -0.986853 -0.014263 -0.160988 0.723922 0.952663 2 42 0.500000 43 0.500000
ring
  42 -25.117592 0.004964 57.564404 -0.999283 -0.017268 -0.033700 0.827388 0.952438 2 42 0.996851 43 0.003149
  42 -25.117384 0.005929 57.557808 -0.999283 -0.017238 -0.033694 0.827388 0.952438 2 42 0.996851 43 0.003149
  42 -25.117928 -0.118886 57.563873 -0.999324 0.012833 -0.034456 0.815890 0.952497 2 42 0.886082 43 0.113918
ring
  42 -25.178480 0.034950 58.173740 -0.988181 -0.010828 -0.152907 0.723922 0.952663 2 42 0.500000 43 0.500000
  42 -25.179443 -0.086985 58.179916 -0.987065 0.013044 -0.159788 0.735389 0.952662 2 42 0.500000 43 0.500000
  42 -25.179546 0.036587 58.180130 -0.986853 -0.014263 -0.160988 0.723922 0.952663 2 42 0.500000 43 0.500000
ring
  42 -25.117384 0.005929 57.557808 -0.999283 -0.017238 -0.033694 0.827388 0.952438 2 42 0.996851 43 0.003149
  42 -25.117592 0.004964 57.564404 -0.999283 -0.017268 -0.033700 0.827388 0.952438 2 42 0.996851 43 0.003149
  42 -25.123297 0.123364 57.599339 -0.997818 -0.050141 -0.042955 0.838873 0.952378 2 42 0.992993 43 0.007007
ring
  42 -25.178480 0.034950 58.173740 -0.988181 -0.010828 -0.152907 0.723922 0.952663 2 42 0.500000 43 0.500000
  42 -25.179546 0.036587 58.180130 -0.986853 -0.014263 -0.160988 0.723922 0.952663 2 42 0.500000 43 0.500000
  42 -25.174276 0.149221 58.126873 -0.902205 0.274678 0.332533 0.712466 0.952658 2 42 0.501886 43 0.498114
ring
  42 -25.117592 0.004964 57.564404 -0.999283 -0.017268 -0.033700 0.827388 0.952438 2 42 0.996851 43 0.003149
  42 -25.123373 0.119965 57.605076 -0.997815 -0.050242 -0.042904 0.838873 0.952378 2 42 0.992993 43 0.007007
  42 -25.123297 0.123364 57.599339 -0.997818 -0.050141 -0.042955 0.838873 0.952378 2 42 0.992993 43 0.007007
ring
  42 -25.177269 0.145676 58.121891 -0.901467 0.272663 0.336173 0.712466 0.952658 2 42 0.883059 43 0.116941
  42 -25.178480 0.034950 58.173740 -0.988181 -0.010828 -0.152907 0.723922 0.952663 2 42 0.500000 43 0.500000
  42 -25.174276 0.149221 58.126873 -0.902205 0.274678 0.332533 0.712466 0.952658 2 42 0.501886 43 0.498114
ring
  42 -25.123373 0.119965 57.605076 -0.997815 -0.050242 -0.042904 0.838873 0.952378 2 42 0.992993 43 0.007007
  42 -25.133135 0.210478 57.686447 -0.995841 -0.066718 -0.062048 0.850352 0.952314 2 42 0.991855 43 0.008145
  42 -25.123297 0.123364 57.599339 -0.997818 -0.050141 -0.042955 0.838873 0.952378 2 42 0.992993 43 0.007007
ring
  42 -25.177269 0.145676 58.121891 -0.901467 0.272663 0.336173 0.712466 0.952658 2 42 0.883059 43 0.116941
  42 -25.174276 0.149221 58.126873 -0.902205 0.274678 0.332533 0.712466 0.952658 2 42 0.501886 43 0.498114
  42 -25.169626 0.233323 58.035084 -0.989598 -0.061367 -0.130118 0.701016 0.952642 2 42 0.884945 43 0.115055
ring
  42 -25.133135 0.210478 57.686447 -0.995841 -0.066718 -0.062048 0.850352 0.952314 2 42 0.991855 43 0.008145
  42 -25.133240 0.215807 57.682449 -0.995843 -0.066651 -0.062088 0.850352 0.952314 2 42 0.991855 43 0.008145
  42 -25.123297 0.123364 57.599339 -0.997818 -0.050141 -0.042955 0.838873 0.952378 2 42 0.992993 43 0.007007
ring
  42 -25.168758 0.227619 58.031742 -0.987975 -0.069399 -0.138160 0.701016 0.952642 2 42 0.884945 43 0.115055
  42 -25.177269 0.145676 58.121891 -0.901467 0.272663 0.336173 0.712466 0.952658 2 42 0.883059 43 0.116941
  42 -25.169626 0.233323 58.035084 -0.989598 -0.061367 -0.130118 0.701016 0.952642 2 42 0.884945 43 0.115055
ring
  42 -25.157297 0.268644 57.917286 -0.988861 -0.077724 -0.126934 0.689306 0.952363 2 42 0.879115 43 0.120885
  42 -25.168758 0.227619 58.031742 -0.987975 -0.069399 -0.138160 0.701016 0.952642 2 42 0.884945 43 0.115055
  42 -25.169626 0.233323 58.035084 -0.989598 -0.061367 -0.130118 0.701016 0.952642 2 42 0.884945 43 0.115055
ring
  42 -25.157936 0.275209 57.918209 -0.988855 -0.077775 -0.126951 0.689306 0.952363 2 42 0.879115 43 0.120885
  42 -25.157297 0.268644 57.917286 -0.988861 -0.077724 -0.126934 0.689306 0.952363 2 42 0.879115 43 0.120885
  42 -25.169626 0.233323 58.035084 -0.989598 -0.061367 -0.130118 0.701016 0.952642 2 42 0.884945 43 0.115055
ring
  42 -25.133135 0.210478 57.686447 -0.995841 -0.066718 -0.062048 0.850352 0.952314 2 42 0.991855 43 0.008145
  42 -25.144823 0.262533 57.795990 -0.993461 -0.076167 -0.085054 0.861833 0.952253 2 42 0.884945 43 0.115055
  42 -25.133240 0.215807 57.682449 -0.995843 -0.066651 -0.062088 0.850352 0.952314 2 42 0.991855 43 0.008145
ring
  42 -25.144823 0.262533 57.795990 -0.993461 -0.076167 -0.085054 0.861833 0.952253 2 42 0.884945 43 0.115055
  42 -25.145170 0.268999 57.794300 -0.993470 -0.076097 -0.085013 0.861833 0.952253 2 42 0.884945 43 0.115055
  42 -25.133240 0.215807 57.682449 -0.995843 -0.066651 -0.062088 0.850352 0.952314 2 42 0.991855 43 0.008145
ring
  42 -25.145170 0.268999 57.794300 -0.993470 -0.076097 -0.085013 0.861833 0.952253 2 42 0.884945 43 0.115055
  42 -25.144823 0.262533 57.795990 -0.993461 -0.076167 -0.085054 0.861833 0.952253 2 42 0.884945 43 0.115055
  42 -25.157936 0.275209 57.918209 -0.991803 -0.082200 -0.097827 0.873580 0.952124 2 42 0.879115 43 0.120885
ring
  42 -25.144823 0.262533 57.795990 -0.993461 -0.076167 -0.085054 0.861833 0.952253 2 42 0.884945 43 0.115055
  42 -25.157297 0.268644 57.917286 -0.991795 -0.082318 -0.097809 0.873580 0.952124 2 42 0.879115 43 0.120885
  42 -25.157936 0.275209 57.918209 -0.991803 -0.082200 -0.097827 0.873580 0.952124 2 42 0.879115 43 0.120885
ring
  42 -24.939304 0.212969 57.707035 -0.299672 -0.780517 0.548625 0.850363 0.963009 1 42 1.000000
  42 -24.951553 0.265167 57.816647 -0.262650 -0.941942 0.209189 0.861838 0.962951 2 42 0.991855 43 0.008145
  42 -24.973610 0.270486 57.812904 -0.014172 -0.969859 0.243256 0.861837 0.957664 2 42 0.991855 43 0.008145
ring
  42 -24.961134 0.217303 57.701275 -0.053302 -0.802809 0.593848 0.850357 0.957662 1 42 1.000000
  42 -24.939304 0.212969 57.707035 -0.299672 -0.780517 0.548625 0.850363 0.963009 1 42 1.000000
  42 -24.973610 0.270486 57.812904 -0.014172 -0.969859 0.243256 0.861837 0.957664 2 42 0.991855 43 0.008145
ring
  42 -24.983614 0.212418 57.702324 0.196234 -0.774356 0.601551 0.850352 0.952314 1 42 1.000000
  42 -24.961134 0.217303 57.701275 -0.053302 -0.802809 0.593848 0.850357 0.957662 1 42 1.000000
  42 -24.973610 0.270486 57.812904 -0.014172 -0.969859 0.243256 0.861837 0.957664 2 42 0.991855 43 0.008145
ring
  42 -24.995861 0.264627 57.811951 0.235302 -0.935957 0.261949 0.861833 0.952253 2 42 0.991855 43 0.008145
  42 -24.983614 0.212418 57.702324 0.196234 -0.774356 0.601551 0.850352 0.952314 1 42 1.000000
  42 -24.973610 0.270486 57.812904 -0.014172 -0.969859 0.243256 0.861837 0.957664 2 42 0.991855 43 0.008145
ring
  42 -24.973610 0.270486 57.812904 -0.014172 -0.969859 0.243256 0.861837 0.957664 2 42 0.991855 43 0.008145
  42 -24.951553 0.265167 57.816647 -0.262650 -0.941942 0.209189 0.861838 0.962951 2 42 0.991855 43 0.008145
  42 -24.986773 0.276666 57.936413 0.007651 -0.998679 0.050815 0.873691 0.957761 2 42 0.991855 43 0.008145
ring
  42 -24.995861 0.264627 57.811951 0.235302 -0.935957 0.261949 0.861833 0.952253 2 42 0.991855 43 0.008145
  42 -24.973610 0.270486 57.812904 -0.014172 -0.969859 0.243256 0.861837 0.957664 2 42 0.991855 43 0.008145
  42 -24.986773 0.276666 57.936413 0.007651 -0.998679 0.050815 0.873691 0.957761 2 42 0.991855 43 0.008145
ring
  42 -24.951553 0.265167 57.816647 -0.262650 -0.941942 0.209189 0.861838 0.962951 2 42 0.991855 43 0.008145
  42 -24.964443 0.271257 57.937916 -0.236833 -0.971263 0.023602 0.873576 0.963152 2 42 0.991855 43 0.008145
  42 -24.986773 0.276666 57.936413 0.007651 -0.998679 0.050815 0.873691 0.957761 2 42 0.991855 43 0.008145
ring
  42 -25.008738 0.270686 57.933239 0.251844 -0.964862 0.074941 0.873580 0.952124 2 42 0.991855 43 0.008145
  42 -24.995861 0.264627 57.811951 0.235302 -0.935957 0.261949 0.861833 0.952253 2 42 0.991855 43 0.008145
  42 -24.986773 0.276666 57.936413 0.007651 -0.998679 0.050815 0.873691 0.957761 2 42 0.991855 43 0.008145
ring
  43 -25.589836 -0.011725 58.135101 0.118359 0.043266 -0.992028 0.781579 0.944795 1 43 1.000000
  43 -25.562019 -0.011851 58.132935 -0.077295 0.045023 -0.995991 0.781581 0.951114 1 43 1.000000
  43 -25.560356 -0.123317 58.105751 -0.081250 0.416985 -0.905274 0.776079 0.951133 1 43 1.000000
ring
  43 -25.562019 -0.011851 58.132935 -0.077295 0.045023 -0.995991 0.781581 0.951114 1 43 1.000000
  43 -25.589836 -0.011725 58.135101 0.118359 0.043266 -0.992028 0.781579 0.944795 1 43 1.000000
  43 -25.558319 0.101538 58.115791 -0.087903 -0.333190 -0.938753 0.787084 0.951081 1 43 1.000000
ring
  43 -25.588163 -0.125210 58.107368 0.112973 0.422186 -0.899442 0.776078 0.944816 1 43 1.000000
  43 -25.589836 -0.011725 58.135101 0.118359 0.043266 -0.992028 0.781579 0.944795 1 43 1.000000
  43 -25.560356 -0.123317 58.105751 -0.081250 0.416985 -0.905274 0.776079 0.951133 1 43 1.000000
ring
  43 -25.581320 -0.219488 58.038624 0.090455 0.736954 -0.669863 0.770579 0.944826 1 43 1.000000
  43 -25.588163 -0.125210 58.107368 0.112973 0.422186 -0.899442 0.776078 0.944816 1 43 1.000000
  43 -25.560356 -0.123317 58.105751 -0.081250 0.416985 -0.905274 0.776079 0.951133 1 43 1.000000
ring
  43 -25.553629 -0.215907 58.038235 -0.103380 0.725834 -0.680057 0.770580 0.951139 1 43 1.000000
  43 -25.581320 -0.219488 58.038624 0.090455 0.736954 -0.669863 0.770579 0.944826 1 43 1.000000
  43 -25.560356 -0.123317 58.105751 -0.081250 0.416985 -0.905274 0.776079 0.951133 1 43 1.000000
ring
  43 -25.588163 -0.125210 58.107368 0.112973 0.422186 -0.899442 0.776078 0.944816 1 43 1.000000
  43 -25.614765 -0.122567 58.099266 0.302913 0.411617 -0.859543 0.776076 0.938500 1 43 1.000000
  43 -25.589836 -0.011725 58.135101 0.118359 0.043266 -0.992028 0.781579 0.944795 1 43 1.000000
ring
  43 -25.614765 -0.122567 58.099266 0.302913 0.411617 -0.859543 0.776076 0.938500 1 43 1.000000
  43 -25.588163 -0.125210 58.107368 0.112973 0.422186 -0.899442 0.776078 0.944816 1 43 1.000000
  43 -25.581320 -0.219488 58.038624 0.090455 0.736954 -0.669863 0.770579 0.944826 1 43 1.000000
ring
  43 -25.614765 -0.122567 58.099266 0.302913 0.411617 -0.859543 0.776076 0.938500 1 43 1.000000
  43 -25.616402 -0.011103 58.126484 0.309335 0.039618 -0.950127 0.781577 0.938477 1 43 1.000000
  43 -25.589836 -0.011725 58.135101 0.118359 0.043266 -0.992028 0.781579 0.944795 1 43 1.000000
ring
  43 -25.608032 -0.215119 58.031746 0.280925 0.720402 -0.634115 0.770577 0.938514 1 43 1.000000
  43 -25.614765 -0.122567 58.099266 0.302913 0.411617 -0.859543 0.776076 0.938500 1 43 1.000000
  43 -25.581320 -0.219488 58.038624 0.090455 0.736954 -0.669863 0.770579 0.944826 1 43 1.000000
ring
  43 -25.616402 -0.011103 58.126484 0.309335 0.039618 -0.950127 0.781577 0.938477 1 43 1.000000
  43 -25.612724 0.102325 58.109303 0.296383 -0.338787 -0.892962 0.787080 0.938442 1 43 1.000000
  43 -25.589836 -0.011725 58.135101 0.118359 0.043266 -0.992028 0.781579 0.944795 1 43 1.000000
ring
  43 -25.608032 -0.215119 58.031746 0.280925 0.720402 -0.634115 0.770577 0.938514 1 43 1.000000
  43 -25.581320 -0.219488 58.038624 0.090455 0.736954 -0.669863 0.770579 0.944826 1 43 1.000000
  43 -25.570362 -0.280147 57.939316 0.054325 0.939349 -0.338633 0.765083 0.944829 1 43 1.000000
ring
  43 -25.570362 -0.280147 57.939316 0.054325 0.939349 -0.338633 0.765083 0.944829 1 43 1.000000
  43 -25.581320 -0.219488 58.038624 0.090455 0.736954 -0.669863 0.770579 0.944826 1 43 1.000000
  43 -25.553629 -0.215907 58.038235 -0.103380 0.725834 -0.680057 0.770580 0.951139 1 43 1.000000
ring
  43 -25.542818 -0.275519 57.940659 -0.138117 0.924789 -0.354527 0.765085 0.951137 2 43 0.991855 42 0.008145
  43 -25.570362 -0.280147 57.939316 0.054325 0.939349 -0.338633 0.765083 0.944829 1 43 1.000000
  43 -25.553629 -0.215907 58.038235 -0.103380 0.725834 -0.680057 0.770580 0.951139 1 43 1.000000
ring
  43 -25.597271 -0.274684 57.934265 0.244772 0.918914 -0.309329 0.765082 0.938521 1 43 1.000000
  43 -25.608032 -0.215119 58.031746 0.280925 0.720402 -0.634115 0.770577 0.938514 1 43 1.000000
  43 -25.570362 -0.280147 57.939316 0.054325 0.939349 -0.338633 0.765083 0.944829 1 43 1.000000
ring
  43 -25.570362 -0.280147 57.939316 0.054325 0.939349 -0.338633 0.765083 0.944829 1 43 1.000000
  43 -25.542818 -0.275519 57.940659 -0.138117 0.924789 -0.354527 0.765085 0.951137 2 43 0.991855 42 0.008145
  43 -25.529585 -0.293038 57.828037 -0.182794 0.982935 0.020601 0.759595 0.951126 2 43 0.991855 42 0.008145
ring
  43 -25.597271 -0.274684 57.934265 0.244772 0.918914 -0.309329 0.765082 0.938521 1 43 1.000000
  43 -25.570362 -0.280147 57.939316 0.054325 0.939349 -0.338633 0.765083 0.944829 1 43 1.000000
  43 -25.556829 -0.298031 57.824532 0.010139 0.998939 0.044925 0.759593 0.944826 2 43 0.991855 42 0.008145
ring
  43 -25.556829 -0.298031 57.824532 0.010139 0.998939 0.044925 0.759593 0.944826 2 43 0.991855 42 0.008145
  43 -25.570362 -0.280147 57.939316 0.054325 0.939349 -0.338633 0.765083 0.944829 1 43 1.000000
  43 -25.529585 -0.293038 57.828037 -0.182794 0.982935 0.020601 0.759595 0.951126 2 43 0.991855 42 0.008145
ring
  43 -25.584080 -0.292166 57.821621 0.202962 0.976931 0.066421 0.759592 0.938525 1 43 1.000000
  43 -25.597271 -0.274684 57.934265 0.244772 0.918914 -0.309329 0.765082 0.938521 1 43 1.000000
  43 -25.556829 -0.298031 57.824532 0.010139 0.998939 0.044925 0.759593 0.944826 2 43 0.991855 42 0.008145
ring
  43 -25.543001 -0.270304 57.711868 -0.037160 0.906384 0.420816 0.754111 0.944820 2 43 0.991855 42 0.008145
  43 -25.556829 -0.298031 57.824532 0.010139 0.998939 0.044925 0.759593 0.944826 2 43 0.991855 42 0.008145
  43 -25.529585 -0.293038 57.828037 -0.182794 0.982935 0.020601 0.759595 0.951126 2 43 0.991855 42 0.008145
ring
  43 -25.584080 -0.292166 57.821621 0.202962 0.976931 0.066421 0.759592 0.938525 1 43 1.000000
  43 -25.556829 -0.298031 57.824532 0.010139 0.998939 0.044925 0.759593 0.944826 2 43 0.991855 42 0.008145
  43 -25.543001 -0.270304 57.711868 -0.037160 0.906384 0.420816 0.754111 0.944820 2 43 0.991855 42 0.008145
ring
  43 -25.515993 -0.265782 57.717403 -0.229231 0.891870 0.389898 0.754112 0.951113 2 43 0.991855 42 0.008145
  43 -25.543001 -0.270304 57.711868 -0.037160 0.906384 0.420816 0.754111 0.944820 2 43 0.991855 42 0.008145
  43 -25.529585 -0.293038 57.828037 -0.182794 0.982935 0.020601 0.759595 0.951126 2 43 0.991855 42 0.008145
ring
  43 -25.570391 -0.265010 57.710899 0.155996 0.886544 0.435550 0.754109 0.938526 2 43 0.991855 42 0.008145
  43 -25.584080 -0.292166 57.821621 0.202962 0.976931 0.066421 0.759592 0.938525 1 43 1.000000
  43 -25.543001 -0.270304 57.711868 -0.037160 0.906384 0.420816 0.754111 0.944820 2 43 0.991855 42 0.008145
ring
  43 -25.543001 -0.270304 57.711868 -0.037160 0.906384 0.420816 0.754111 0.944820 2 43 0.991855 42 0.008145
  43 -25.515993 -0.265782 57.717403 -0.229231 0.891870 0.389898 0.754112 0.951113 2 43 0.991855 42 0.008145
  43 -25.504105 -0.197976 57.625591 -0.268277 0.665692 0.696335 0.748634 0.951100 2 43 0.992993 42 0.007007
ring
  43 -25.570391 -0.265010 57.710899 0.155996 0.886544 0.435550 0.754109 0.938526 2 43 0.991855 42 0.008145
  43 -25.543001 -0.270304 57.711868 -0.037160 0.906384 0.420816 0.754111 0.944820 2 43 0.991855 42 0.008145
  43 -25.530876 -0.201238 57.618401 -0.077697 0.675742 0.733031 0.748633 0.944810 2 43 0.992993 42 0.007007
ring
  43 -25.530876 -0.201238 57.618401 -0.077697 0.675742 0.733031 0.748633 0.944810 2 43 0.992993 42 0.007007
  43 -25.543001 -0.270304 57.711868 -0.037160 0.906384 0.420816 0.754111 0.944820 2 43 0.991855 42 0.008145
  43 -25.504105 -0.197976 57.625591 -0.268277 0.665692 0.696335 0.748634 0.951100 2 43 0.992993 42 0.007007
ring
  43 -25.558485 -0.197203 57.619122 0.115728 0.660319 0.742014 0.748631 0.938521 2 43 0.992993 42 0.007007
  43 -25.570391 -0.265010 57.710899 0.155996 0.886544 0.435550 0.754109 0.938526 2 43 0.991855 42 0.008145
  43 -25.530876 -0.201238 57.618401 -0.077697 0.675742 0.733031 0.748633 0.944810 2 43 0.992993 42 0.007007
ring
  43 -25.530876 -0.201238 57.618401 -0.077697 0.675742 0.733031 0.748633 0.944810 2 43 0.992993 42 0.007007
  43 -25.504105 -0.197976 57.625591 -0.268277 0.665692 0.696335 0.748634 0.951100 2 43 0.992993 42 0.007007
  43 -25.495682 -0.099902 57.566612 -0.295970 0.338356 0.893262 0.743157 0.951082 2 43 0.992993 42 0.007007
ring
  43 -25.550034 -0.099131 57.560120 0.086685 0.332936 0.938956 0.743156 0.938501 2 43 0.992993 42 0.007007
  43 -25.558485 -0.197203 57.619122 0.115728 0.660319 0.742014 0.748631 0.938521 2 43 0.992993 42 0.007007
  43 -25.530876 -0.201238 57.618401 -0.077697 0.675742 0.733031 0.748633 0.944810 2 43 0.992993 42 0.007007
ring
  43 -25.522284 -0.101341 57.558346 -0.106671 0.341965 0.933639 0.743156 0.944718 2 43 0.992993 42 0.007007
  43 -25.530876 -0.201238 57.618401 -0.077697 0.675742 0.733031 0.748633 0.944810 2 43 0.992993 42 0.007007
  43 -25.495682 -0.099902 57.566612 -0.295970 0.338356 0.893262 0.743157 0.951082 2 43 0.992993 42 0.007007
ring
  43 -25.522284 -0.101341 57.558346 -0.106671 0.341965 0.933639 0.743156 0.944718 2 43 0.992993 42 0.007007
  43 -25.550034 -0.099131 57.560120 0.086685 0.332936 0.938956 0.743156 0.938501 2 43 0.992993 42 0.007007
  43 -25.530876 -0.201238 57.618401 -0.077697 0.675742 0.733031 0.748633 0.944810 2 43 0.992993 42 0.007007
ring
  43 -25.522284 -0.101341 57.558346 -0.106671 0.341965 0.933639 0.743156 0.944718 2 43 0.992993 42 0.007007
  43 -25.495682 -0.099902 57.566612 -0.295970 0.338356 0.893262 0.743157 0.951082 2 43 0.992993 42 0.007007
  43 -25.492041 0.013560 57.549488 -0.301792 0.152013 0.941177 0.737553 0.951139 2 43 0.996851 42 0.003149
ring
  43 -25.546446 0.014304 57.542988 0.075851 0.146805 0.986253 0.737557 0.938174 2 43 0.996851 42 0.003149
  43 -25.550034 -0.099131 57.560120 0.086685 0.332936 0.938956 0.743156 0.938501 2 43 0.992993 42 0.007007
  43 -25.522284 -0.101341 57.558346 -0.106671 0.341965 0.933639 0.743156 0.944718 2 43 0.992993 42 0.007007
ring
  43 -25.518604 0.014179 57.540863 -0.115074 0.152229 0.981623 0.737501 0.944511 2 43 0.996851 42 0.003149
  43 -25.522284 -0.101341 57.558346 -0.106671 0.341965 0.933639 0.743156 0.944718 2 43 0.992993 42 0.007007
  43 -25.492041 0.013560 57.549488 -0.301792 0.152013 0.941177 0.737553 0.951139 2 43 0.996851 42 0.003149
ring
  43 -25.518604 0.014179 57.540863 -0.115074 0.152229 0.981623 0.737501 0.944511 2 43 0.996851 42 0.003149
  43 -25.546446 0.014304 57.542988 0.075851 0.146805 0.986253 0.737557 0.938174 2 43 0.996851 42 0.003149
  43 -25.522284 -0.101341 57.558346 -0.106671 0.341965 0.933639 0.743156 0.944718 2 43 0.992993 42 0.007007
ring
  43 -25.612724 0.102325 58.109303 0.296383 -0.338787 -0.892962 0.787080 0.938442 1 43 1.000000
  43 -25.586096 0.103756 58.117599 0.106319 -0.342239 -0.933579 0.787082 0.944761 1 43 1.000000
  43 -25.589836 -0.011725 58.135101 0.118359 0.043266 -0.992028 0.781579 0.944795 1 43 1.000000
ring
  43 -25.612724 0.102325 58.109303 0.296383 -0.338787 -0.892962 0.787080 0.938442 1 43 1.000000
  43 -25.604284 0.200397 58.050316 0.268318 -0.665844 -0.696172 0.792583 0.938393 1 43 1.000000
  43 -25.586096 0.103756 58.117599 0.106319 -0.342239 -0.933579 0.787082 0.944761 1 43 1.000000
ring
  43 -25.589836 -0.011725 58.135101 0.118359 0.043266 -0.992028 0.781579 0.944795 1 43 1.000000
  43 -25.586096 0.103756 58.117599 0.106319 -0.342239 -0.933579 0.787082 0.944761 1 43 1.000000
  43 -25.558319 0.101538 58.115791 -0.087903 -0.333190 -0.938753 0.787084 0.951081 1 43 1.000000
ring
  43 -25.604284 0.200397 58.050316 0.268318 -0.665844 -0.696172 0.792583 0.938393 1 43 1.000000
  43 -25.577497 0.203652 58.057526 0.077612 -0.675828 -0.732962 0.792585 0.944711 1 43 1.000000
  43 -25.586096 0.103756 58.117599 0.106319 -0.342239 -0.933579 0.787082 0.944761 1 43 1.000000
ring
  43 -25.586096 0.103756 58.117599 0.106319 -0.342239 -0.933579 0.787082 0.944761 1 43 1.000000
  43 -25.577497 0.203652 58.057526 0.077612 -0.675828 -0.732962 0.792585 0.944711 1 43 1.000000
  43 -25.558319 0.101538 58.115791 -0.087903 -0.333190 -0.938753 0.787084 0.951081 1 43 1.000000
ring
  43 -25.577497 0.203652 58.057526 0.077612 -0.675828 -0.732962 0.792585 0.944711 1 43 1.000000
  43 -25.549883 0.199610 58.056801 -0.116022 -0.660354 -0.741938 0.792588 0.951030 1 43 1.000000
  43 -25.558319 0.101538 58.115791 -0.087903 -0.333190 -0.938753 0.787084 0.951081 1 43 1.000000
ring
  43 -25.604284 0.200397 58.050316 0.268318 -0.665844 -0.696172 0.792583 0.938393 1 43 1.000000
  43 -25.592373 0.268189 57.958519 0.228578 -0.892010 -0.389961 0.798084 0.938331 1 43 1.000000
  43 -25.577497 0.203652 58.057526 0.077612 -0.675828 -0.732962 0.792585 0.944711 1 43 1.000000
ring
  43 -25.549883 0.199610 58.056801 -0.116022 -0.660354 -0.741938 0.792588 0.951030 1 43 1.000000
  43 -25.577497 0.203652 58.057526 0.077612 -0.675828 -0.732962 0.792585 0.944711 1 43 1.000000
  43 -25.537991 0.267403 57.964977 -0.156367 -0.886543 -0.435420 0.798089 0.950961 1 43 1.000000
ring
  43 -25.577497 0.203652 58.057526 0.077612 -0.675828 -0.732962 0.792585 0.944711 1 43 1.000000
  43 -25.565382 0.272704 57.964024 0.036759 -0.906471 -0.420664 0.798086 0.944646 1 43 1.000000
  43 -25.537991 0.267403 57.964977 -0.156367 -0.886543 -0.435420 0.798089 0.950961 1 43 1.000000
ring
  43 -25.592373 0.268189 57.958519 0.228578 -0.892010 -0.389961 0.798084 0.938331 1 43 1.000000
  43 -25.565382 0.272704 57.964024 0.036759 -0.906471 -0.420664 0.798086 0.944646 1 43 1.000000
  43 -25.577497 0.203652 58.057526 0.077612 -0.675828 -0.732962 0.792585 0.944711 1 43 1.000000
ring
  43 -25.537991 0.267403 57.964977 -0.156367 -0.886543 -0.435420 0.798089 0.950961 1 43 1.000000
  43 -25.565382 0.272704 57.964024 0.036759 -0.906471 -0.420664 0.798086 0.944646 1 43 1.000000
  43 -25.524452 0.294568 57.854298 -0.203535 -0.976806 -0.066513 0.803586 0.950882 2 43 0.991855 42 0.008145
ring
  43 -25.565382 0.272704 57.964024 0.036759 -0.906471 -0.420664 0.798086 0.944646 1 43 1.000000
  43 -25.592373 0.268189 57.958519 0.228578 -0.892010 -0.389961 0.798084 0.938331 1 43 1.000000
  43 -25.551537 0.300427 57.851341 -0.010889 -0.998943 -0.044658 0.803584 0.944572 1 43 1.000000
ring
  43 -25.565382 0.272704 57.964024 0.036759 -0.906471 -0.420664 0.798086 0.944646 1 43 1.000000
  43 -25.551537 0.300427 57.851341 -0.010889 -0.998943 -0.044658 0.803584 0.944572 1 43 1.000000
  43 -25.524452 0.294568 57.854298 -0.203535 -0.976806 -0.066513 0.803586 0.950882 2 43 0.991855 42 0.008145
ring
  43 -25.592373 0.268189 57.958519 0.228578 -0.892010 -0.389961 0.798084 0.938331 1 43 1.000000
  43 -25.578789 0.295440 57.847881 0.182459 -0.982989 -0.021007 0.803581 0.938262 1 43 1.000000
  43 -25.551537 0.300427 57.851341 -0.010889 -0.998943 -0.044658 0.803584 0.944572 1 43 1.000000
ring
  43 -25.551537 0.300427 57.851341 -0.010889 -0.998943 -0.044658 0.803584 0.944572 1 43 1.000000
  43 -25.538170 0.282546 57.736568 -0.053993 -0.939398 0.338549 0.809075 0.944496 2 43 0.991855 42 0.008145
  43 -25.524452 0.294568 57.854298 -0.203535 -0.976806 -0.066513 0.803586 0.950882 2 43 0.991855 42 0.008145
ring
  43 -25.551537 0.300427 57.851341 -0.010889 -0.998943 -0.044658 0.803584 0.944572 1 43 1.000000
  43 -25.578789 0.295440 57.847881 0.182459 -0.982989 -0.021007 0.803581 0.938262 1 43 1.000000
  43 -25.538170 0.282546 57.736568 -0.053993 -0.939398 0.338549 0.809075 0.944496 2 43 0.991855 42 0.008145
ring
  43 -25.538170 0.282546 57.736568 -0.053993 -0.939398 0.338549 0.809075 0.944496 2 43 0.991855 42 0.008145
  43 -25.511236 0.277089 57.741653 -0.244459 -0.919121 0.308961 0.809078 0.950801 2 43 0.991855 42 0.008145
  43 -25.524452 0.294568 57.854298 -0.203535 -0.976806 -0.066513 0.803586 0.950882 2 43 0.991855 42 0.008145
ring
  43 -25.578789 0.295440 57.847881 0.182459 -0.982989 -0.021007 0.803581 0.938262 1 43 1.000000
  43 -25.565611 0.277921 57.735233 0.138678 -0.924689 0.354569 0.809073 0.938191 1 43 1.000000
  43 -25.538170 0.282546 57.736568 -0.053993 -0.939398 0.338549 0.809075 0.944496 2 43 0.991855 42 0.008145
ring
  43 -25.511236 0.277089 57.741653 -0.244459 -0.919121 0.308961 0.809078 0.950801 2 43 0.991855 42 0.008145
  43 -25.538170 0.282546 57.736568 -0.053993 -0.939398 0.338549 0.809075 0.944496 2 43 0.991855 42 0.008145
  43 -25.500456 0.217529 57.644154 -0.280702 -0.720428 0.634185 0.814567 0.950721 2 43 0.991855 42 0.008145
ring
  43 -25.538170 0.282546 57.736568 -0.053993 -0.939398 0.338549 0.809075 0.944496 2 43 0.991855 42 0.008145
  43 -25.565611 0.277921 57.735233 0.138678 -0.924689 0.354569 0.809073 0.938191 1 43 1.000000
  43 -25.527153 0.221889 57.637287 -0.090282 -0.736929 0.669913 0.814564 0.944419 2 43 0.991855 42 0.008145
ring
  43 -25.538170 0.282546 57.736568 -0.053993 -0.939398 0.338549 0.809075 0.944496 2 43 0.991855 42 0.008145
  43 -25.527153 0.221889 57.637287 -0.090282 -0.736929 0.669913 0.814564 0.944419 2 43 0.991855 42 0.008145
  43 -25.500456 0.217529 57.644154 -0.280702 -0.720428 0.634185 0.814567 0.950721 2 43 0.991855 42 0.008145
ring
  43 -25.565611 0.277921 57.735233 0.138678 -0.924689 0.354569 0.809073 0.938191 1 43 1.000000
  43 -25.554838 0.218300 57.637680 0.103470 -0.725705 0.680181 0.814562 0.938115 2 43 0.991855 42 0.008145
  43 -25.527153 0.221889 57.637287 -0.090282 -0.736929 0.669913 0.814564 0.944419 2 43 0.991855 42 0.008145
ring
  43 -25.500456 0.217529 57.644154 -0.280702 -0.720428 0.634185 0.814567 0.950721 2 43 0.991855 42 0.008145
  43 -25.527153 0.221889 57.637287 -0.090282 -0.736929 0.669913 0.814564 0.944419 2 43 0.991855 42 0.008145
  43 -25.493690 0.124989 57.576637 -0.302065 -0.411395 0.859948 0.820054 0.950653 2 43 0.992993 42 0.007007
ring
  43 -25.554838 0.218300 57.637680 0.103470 -0.725705 0.680181 0.814562 0.938115 2 43 0.991855 42 0.008145
  43 -25.548073 0.125725 57.570175 0.080863 -0.416771 0.905407 0.820051 0.938043 2 43 0.992993 42 0.007007
  43 -25.527153 0.221889 57.637287 -0.090282 -0.736929 0.669913 0.814564 0.944419 2 43 0.991855 42 0.008145
ring
  43 -25.527153 0.221889 57.637287 -0.090282 -0.736929 0.669913 0.814564 0.944419 2 43 0.991855 42 0.008145
  43 -25.520267 0.127624 57.568569 -0.112707 -0.422012 0.899557 0.820053 0.944421 2 43 0.992993 42 0.007007
  43 -25.493690 0.124989 57.576637 -0.302065 -0.411395 0.859948 0.820054 0.950653 2 43 0.992993 42 0.007007
ring
  43 -25.548073 0.125725 57.570175 0.080863 -0.416771 0.905407 0.820051 0.938043 2 43 0.992993 42 0.007007
  43 -25.520267 0.127624 57.568569 -0.112707 -0.422012 0.899557 0.820053 0.944421 2 43 0.992993 42 0.007007
  43 -25.527153 0.221889 57.637287 -0.090282 -0.736929 0.669913 0.814564 0.944419 2 43 0.991855 42 0.008145
ring
  43 -25.493690 0.124989 57.576637 -0.302065 -0.411395 0.859948 0.820054 0.950653 2 43 0.992993 42 0.007007
  43 -25.520267 0.127624 57.568569 -0.112707 -0.422012 0.899557 0.820053 0.944421 2 43 0.992993 42 0.007007
  43 -25.492041 0.013560 57.549488 -0.305036 -0.230123 0.924119 0.825667 0.950889 2 43 0.996851 42 0.003149
ring
  43 -25.548073 0.125725 57.570175 0.080863 -0.416771 0.905407 0.820051 0.938043 2 43 0.992993 42 0.007007
  43 -25.546446 0.014304 57.542988 0.073006 -0.235574 0.969110 0.825668 0.937892 2 43 0.996851 42 0.003149
  43 -25.520267 0.127624 57.568569 -0.112707 -0.422012 0.899557 0.820053 0.944421 2 43 0.992993 42 0.007007
ring
  43 -25.520267 0.127624 57.568569 -0.112707 -0.422012 0.899557 0.820053 0.944421 2 43 0.992993 42 0.007007
  43 -25.518604 0.014179 57.540863 -0.118113 -0.237242 0.964243 0.825721 0.944536 2 43 0.996851 42 0.003149
  43 -25.492041 0.013560 57.549488 -0.305036 -0.230123 0.924119 0.825667 0.950889 2 43 0.996851 42 0.003149
ring
  43 -25.546446 0.014304 57.542988 0.073006 -0.235574 0.969110 0.825668 0.937892 2 43 0.996851 42 0.003149
  43 -25.518604 0.014179 57.540863 -0.118113 -0.237242 0.964243 0.825721 0.944536 2 43 0.996851 42 0.003149
  43 -25.520267 0.127624 57.568569 -0.112707 -0.422012 0.899557 0.820053 0.944421 2 43 0.992993 42 0.007007
ring
  43 -25.560497 -0.125971 58.111435 0.081328 -0.417043 0.905240 0.776079 0.951133 1 43 1.000000
  43 -25.562181 -0.012148 58.139244 0.075728 -0.045204 0.996103 0.781581 0.951114 1 43 1.000000
  43 -25.590607 -0.011983 58.141415 -0.118734 -0.043189 0.991986 0.781579 0.944795 1 43 1.000000
ring
  43 -25.590607 -0.011983 58.141415 -0.118734 -0.043189 0.991986 0.781579 0.944795 1 43 1.000000
  43 -25.562181 -0.012148 58.139244 0.075728 -0.045204 0.996103 0.781581 0.951114 1 43 1.000000
  43 -25.558414 0.103667 58.121685 0.088207 0.333150 0.938739 0.787084 0.951081 1 43 1.000000
ring
  43 -25.588888 -0.127901 58.113094 -0.113109 -0.422239 0.899400 0.776078 0.944816 1 43 1.000000
  43 -25.560497 -0.125971 58.111435 0.081328 -0.417043 0.905240 0.776079 0.951133 1 43 1.000000
  43 -25.590607 -0.011983 58.141415 -0.118734 -0.043189 0.991986 0.781579 0.944795 1 43 1.000000
ring
  43 -25.553640 -0.220511 58.042488 0.103608 -0.725731 0.680132 0.770580 0.951139 1 43 1.000000
  43 -25.560497 -0.125971 58.111435 0.081328 -0.417043 0.905240 0.776079 0.951133 1 43 1.000000
  43 -25.588888 -0.127901 58.113094 -0.113109 -0.422239 0.899400 0.776078 0.944816 1 43 1.000000
ring
  43 -25.586773 0.105960 58.123535 -0.106020 0.342444 0.933537 0.787082 0.944761 1 43 1.000000
  43 -25.590607 -0.011983 58.141415 -0.118734 -0.043189 0.991986 0.781579 0.944795 1 43 1.000000
  43 -25.558414 0.103667 58.121685 0.088207 0.333150 0.938739 0.787084 0.951081 1 43 1.000000
ring
  43 -25.586773 0.105960 58.123535 -0.106020 0.342444 0.933537 0.787082 0.944761 1 43 1.000000
  43 -25.558414 0.103667 58.121685 0.088207 0.333150 0.938739 0.787084 0.951081 1 43 1.000000
  43 -25.549803 0.203824 58.061436 0.115997 0.660700 0.741633 0.792588 0.951030 1 43 1.000000
ring
  43 -25.581900 -0.224168 58.042885 -0.089906 -0.736899 0.669997 0.770579 0.944826 1 43 1.000000
  43 -25.553640 -0.220511 58.042488 0.103608 -0.725731 0.680132 0.770580 0.951139 1 43 1.000000
  43 -25.588888 -0.127901 58.113094 -0.113109 -0.422239 0.899400 0.776078 0.944816 1 43 1.000000
ring
  43 -25.542540 -0.281410 57.942848 0.137418 -0.924819 0.354721 0.765085 0.951137 2 43 0.991855 42 0.008145
  43 -25.553640 -0.220511 58.042488 0.103608 -0.725731 0.680132 0.770580 0.951139 1 43 1.000000
  43 -25.581900 -0.224168 58.042885 -0.089906 -0.736899 0.669997 0.770579 0.944826 1 43 1.000000
ring
  43 -25.578005 0.207941 58.062191 -0.077547 0.675929 0.732875 0.792585 0.944711 1 43 1.000000
  43 -25.586773 0.105960 58.123535 -0.106020 0.342444 0.933537 0.787082 0.944761 1 43 1.000000
  43 -25.549803 0.203824 58.061436 0.115997 0.660700 0.741633 0.792588 0.951030 1 43 1.000000
ring
  43 -25.578005 0.207941 58.062191 -0.077547 0.675929 0.732875 0.792585 0.944711 1 43 1.000000
  43 -25.549803 0.203824 58.061436 0.115997 0.660700 0.741633 0.792588 0.951030 1 43 1.000000
  43 -25.537701 0.273010 57.967625 0.158772 0.885946 0.435764 0.798089 0.950961 2 43 0.991855 42 0.008145
ring
  43 -25.613972 0.104453 58.115074 -0.296245 0.338625 0.893069 0.787080 0.938442 1 43 1.000000
  43 -25.586773 0.105960 58.123535 -0.106020 0.342444 0.933537 0.787082 0.944761 1 43 1.000000
  43 -25.578005 0.207941 58.062191 -0.077547 0.675929 0.732875 0.792585 0.944711 1 43 1.000000
ring
  43 -25.590607 -0.011983 58.141415 -0.118734 -0.043189 0.991986 0.781579 0.944795 1 43 1.000000
  43 -25.586773 0.105960 58.123535 -0.106020 0.342444 0.933537 0.787082 0.944761 1 43 1.000000
  43 -25.613972 0.104453 58.115074 -0.296245 0.338625 0.893069 0.787080 0.938442 1 43 1.000000
ring
  43 -25.617741 -0.011362 58.132626 -0.308728 -0.039737 0.950320 0.781577 0.938477 1 43 1.000000
  43 -25.590607 -0.011983 58.141415 -0.118734 -0.043189 0.991986 0.781579 0.944795 1 43 1.000000
  43 -25.613972 0.104453 58.115074 -0.296245 0.338625 0.893069 0.787080 0.938442 1 43 1.000000
ring
  43 -25.605343 0.204609 58.054840 -0.268365 0.665758 0.696238 0.792583 0.938393 1 43 1.000000
  43 -25.613972 0.104453 58.115074 -0.296245 0.338625 0.893069 0.787080 0.938442 1 43 1.000000
  43 -25.578005 0.207941 58.062191 -0.077547 0.675929 0.732875 0.792585 0.944711 1 43 1.000000
ring
  43 -25.617741 -0.011362 58.132626 -0.308728 -0.039737 0.950320 0.781577 0.938477 1 43 1.000000
  43 -25.616051 -0.125184 58.104816 -0.303195 -0.411568 0.859468 0.776076 0.938500 1 43 1.000000
  43 -25.590607 -0.011983 58.141415 -0.118734 -0.043189 0.991986 0.781579 0.944795 1 43 1.000000
ring
  43 -25.616051 -0.125184 58.104816 -0.303195 -0.411568 0.859468 0.776076 0.938500 1 43 1.000000
  43 -25.588888 -0.127901 58.113094 -0.113109 -0.422239 0.899400 0.776078 0.944816 1 43 1.000000
  43 -25.590607 -0.011983 58.141415 -0.118734 -0.043189 0.991986 0.781579 0.944795 1 43 1.000000
ring
  43 -25.581900 -0.224168 58.042885 -0.089906 -0.736899 0.669997 0.770579 0.944826 1 43 1.000000
  43 -25.588888 -0.127901 58.113094 -0.113109 -0.422239 0.899400 0.776078 0.944816 1 43 1.000000
  43 -25.616051 -0.125184 58.104816 -0.303195 -0.411568 0.859468 0.776076 0.938500 1 43 1.000000
ring
  43 -25.609182 -0.219726 58.035892 -0.279816 -0.720439 0.634563 0.770577 0.938514 1 43 1.000000
  43 -25.581900 -0.224168 58.042885 -0.089906 -0.736899 0.669997 0.770579 0.944826 1 43 1.000000
  43 -25.616051 -0.125184 58.104816 -0.303195 -0.411568 0.859468 0.776076 0.938500 1 43 1.000000
ring
  43 -25.605343 0.204609 58.054840 -0.268365 0.665758 0.696238 0.792583 0.938393 1 43 1.000000
  43 -25.578005 0.207941 58.062191 -0.077547 0.675929 0.732875 0.792585 0.944711 1 43 1.000000
  43 -25.565620 0.278475 57.966698 -0.035324 0.906324 0.421103 0.798086 0.944646 1 43 1.000000
ring
  43 -25.565620 0.278475 57.966698 -0.035324 0.906324 0.421103 0.798086 0.944646 1 43 1.000000
  43 -25.578005 0.207941 58.062191 -0.077547 0.675929 0.732875 0.792585 0.944711 1 43 1.000000
  43 -25.537701 0.273010 57.967625 0.158772 0.885946 0.435764 0.798089 0.950961 2 43 0.991855 42 0.008145
ring
  43 -25.593178 0.273884 57.961082 -0.228209 0.892031 0.390129 0.798084 0.938331 1 43 1.000000
  43 -25.605343 0.204609 58.054840 -0.268365 0.665758 0.696238 0.792583 0.938393 1 43 1.000000
  43 -25.565620 0.278475 57.966698 -0.035324 0.906324 0.421103 0.798086 0.944646 1 43 1.000000
ring
  43 -25.565620 0.278475 57.966698 -0.035324 0.906324 0.421103 0.798086 0.944646 1 43 1.000000
  43 -25.537701 0.273010 57.967625 0.158772 0.885946 0.435764 0.798089 0.950961 2 43 0.991855 42 0.008145
  43 -25.523853 0.300812 57.854622 0.204838 0.976500 0.066999 0.803586 0.950882 2 43 0.991855 42 0.008145
ring
  43 -25.593178 0.273884 57.961082 -0.228209 0.892031 0.390129 0.798084 0.938331 1 43 1.000000
  43 -25.565620 0.278475 57.966698 -0.035324 0.906324 0.421103 0.798086 0.944646 1 43 1.000000
  43 -25.579323 0.301681 57.848099 -0.183885 0.982722 0.021056 0.803581 0.938262 1 43 1.000000
ring
  43 -25.551481 0.306817 57.851624 0.010657 0.998934 0.044912 0.803584 0.944572 1 43 1.000000
  43 -25.565620 0.278475 57.966698 -0.035324 0.906324 0.421103 0.798086 0.944646 1 43 1.000000
  43 -25.523853 0.300812 57.854622 0.204838 0.976500 0.066999 0.803586 0.950882 2 43 0.991855 42 0.008145
ring
  43 -25.565620 0.278475 57.966698 -0.035324 0.906324 0.421103 0.798086 0.944646 1 43 1.000000
  43 -25.551481 0.306817 57.851624 0.010657 0.998934 0.044912 0.803584 0.944572 1 43 1.000000
  43 -25.579323 0.301681 57.848099 -0.183885 0.982722 0.021056 0.803581 0.938262 1 43 1.000000
ring
  43 -25.551481 0.306817 57.851624 0.010657 0.998934 0.044912 0.803584 0.944572 1 43 1.000000
  43 -25.523853 0.300812 57.854622 0.204838 0.976500 0.066999 0.803586 0.950882 2 43 0.991855 42 0.008145
  43 -25.510363 0.282944 57.739601 0.244855 0.918884 -0.309352 0.809078 0.950801 2 43 0.991855 42 0.008145
ring
  43 -25.579323 0.301681 57.848099 -0.183885 0.982722 0.021056 0.803581 0.938262 1 43 1.000000
  43 -25.551481 0.306817 57.851624 0.010657 0.998934 0.044912 0.803584 0.944572 1 43 1.000000
  43 -25.565853 0.283810 57.733017 -0.137660 0.924661 -0.355036 0.809073 0.938191 1 43 1.000000
ring
  43 -25.537834 0.288511 57.734421 0.054473 0.939266 -0.338839 0.809075 0.944496 2 43 0.991855 42 0.008145
  43 -25.551481 0.306817 57.851624 0.010657 0.998934 0.044912 0.803584 0.944572 1 43 1.000000
  43 -25.510363 0.282944 57.739601 0.244855 0.918884 -0.309352 0.809078 0.950801 2 43 0.991855 42 0.008145
ring
  43 -25.551481 0.306817 57.851624 0.010657 0.998934 0.044912 0.803584 0.944572 1 43 1.000000
  43 -25.537834 0.288511 57.734421 0.054473 0.939266 -0.338839 0.809075 0.944496 2 43 0.991855 42 0.008145
  43 -25.565853 0.283810 57.733017 -0.137660 0.924661 -0.355036 0.809073 0.938191 1 43 1.000000
ring
  43 -25.537834 0.288511 57.734421 0.054473 0.939266 -0.338839 0.809075 0.944496 2 43 0.991855 42 0.008145
  43 -25.510363 0.282944 57.739601 0.244855 0.918884 -0.309352 0.809078 0.950801 2 43 0.991855 42 0.008145
  43 -25.499292 0.222134 57.640034 0.279988 0.720550 -0.634361 0.814567 0.950721 2 43 0.991855 42 0.008145
ring
  43 -25.565853 0.283810 57.733017 -0.137660 0.924661 -0.355036 0.809073 0.938191 1 43 1.000000
  43 -25.537834 0.288511 57.734421 0.054473 0.939266 -0.338839 0.809075 0.944496 2 43 0.991855 42 0.008145
  43 -25.554848 0.222906 57.633400 -0.102971 0.725853 -0.680098 0.814562 0.938115 2 43 0.991855 42 0.008145
ring
  43 -25.526573 0.226569 57.633026 0.090209 0.737032 -0.669811 0.814564 0.944419 2 43 0.991855 42 0.008145
  43 -25.537834 0.288511 57.734421 0.054473 0.939266 -0.338839 0.809075 0.944496 2 43 0.991855 42 0.008145
  43 -25.499292 0.222134 57.640034 0.279988 0.720550 -0.634361 0.814567 0.950721 2 43 0.991855 42 0.008145
ring
  43 -25.537834 0.288511 57.734421 0.054473 0.939266 -0.338839 0.809075 0.944496 2 43 0.991855 42 0.008145
  43 -25.526573 0.226569 57.633026 0.090209 0.737032 -0.669811 0.814564 0.944419 2 43 0.991855 42 0.008145
  43 -25.554848 0.222906 57.633400 -0.102971 0.725853 -0.680098 0.814562 0.938115 2 43 0.991855 42 0.008145
ring
  43 -25.526573 0.226569 57.633026 0.090209 0.737032 -0.669811 0.814564 0.944419 2 43 0.991855 42 0.008145
  43 -25.499292 0.222134 57.640034 0.279988 0.720550 -0.634361 0.814567 0.950721 2 43 0.991855 42 0.008145
  43 -25.519566 0.130317 57.562809 0.112830 0.422123 -0.899489 0.820053 0.944421 2 43 0.992993 42 0.007007
ring
  43 -25.554848 0.222906 57.633400 -0.102971 0.725853 -0.680098 0.814562 0.938115 2 43 0.991855 42 0.008145
  43 -25.526573 0.226569 57.633026 0.090209 0.737032 -0.669811 0.814564 0.944419 2 43 0.991855 42 0.008145
  43 -25.519566 0.130317 57.562809 0.112830 0.422123 -0.899489 0.820053 0.944421 2 43 0.992993 42 0.007007
ring
  43 -25.499292 0.222134 57.640034 0.279988 0.720550 -0.634361 0.814567 0.950721 2 43 0.991855 42 0.008145
  43 -25.492409 0.127607 57.571091 0.303228 0.411606 -0.859438 0.820054 0.950653 2 43 0.992993 42 0.007007
  43 -25.519566 0.130317 57.562809 0.112830 0.422123 -0.899489 0.820053 0.944421 2 43 0.992993 42 0.007007
ring
  43 -25.547939 0.128379 57.564491 -0.082016 0.416787 -0.905296 0.820051 0.938043 2 43 0.992993 42 0.007007
  43 -25.554848 0.222906 57.633400 -0.102971 0.725853 -0.680098 0.814562 0.938115 2 43 0.991855 42 0.008145
  43 -25.519566 0.130317 57.562809 0.112830 0.422123 -0.899489 0.820053 0.944421 2 43 0.992993 42 0.007007
ring
  43 -25.519566 0.130317 57.562809 0.112830 0.422123 -0.899489 0.820053 0.944421 2 43 0.992993 42 0.007007
  43 -25.492409 0.127607 57.571091 0.303228 0.411606 -0.859438 0.820054 0.950653 2 43 0.992993 42 0.007007
  43 -25.517857 0.014439 57.534519 0.117931 0.237240 -0.964266 0.825721 0.944536 2 43 0.996851 42 0.003149
ring
  43 -25.547939 0.128379 57.564491 -0.082016 0.416787 -0.905296 0.820051 0.938043 2 43 0.992993 42 0.007007
  43 -25.519566 0.130317 57.562809 0.112830 0.422123 -0.899489 0.820053 0.944421 2 43 0.992993 42 0.007007
  43 -25.517857 0.014439 57.534519 0.117931 0.237240 -0.964266 0.825721 0.944536 2 43 0.996851 42 0.003149
ring
  43 -25.492409 0.127607 57.571091 0.303228 0.411606 -0.859438 0.820054 0.950653 2 43 0.992993 42 0.007007
  43 -25.490726 0.013821 57.543316 0.304444 0.230138 -0.924311 0.825667 0.950889 2 43 0.996851 42 0.003149
  43 -25.517857 0.014439 57.534519 0.117931 0.237240 -0.964266 0.825721 0.944536 2 43 0.996851 42 0.003149
ring
  43 -25.546286 0.014601 57.536690 -0.072860 0.235723 -0.969085 0.825668 0.937892 2 43 0.996851 42 0.003149
  43 -25.547939 0.128379 57.564491 -0.082016 0.416787 -0.905296 0.820051 0.938043 2 43 0.992993 42 0.007007
  43 -25.517857 0.014439 57.534519 0.117931 0.237240 -0.964266 0.825721 0.944536 2 43 0.996851 42 0.003149
ring
  43 -25.570700 -0.286111 57.941463 -0.054953 -0.939332 0.338579 0.765083 0.944829 1 43 1.000000
  43 -25.581900 -0.224168 58.042885 -0.089906 -0.736899 0.669997 0.770579 0.944826 1 43 1.000000
  43 -25.609182 -0.219726 58.035892 -0.279816 -0.720439 0.634563 0.770577 0.938514 1 43 1.000000
ring
  43 -25.598169 -0.280538 57.936298 -0.244542 -0.919064 0.309063 0.765082 0.938521 1 43 1.000000
  43 -25.570700 -0.286111 57.941463 -0.054953 -0.939332 0.338579 0.765083 0.944829 1 43 1.000000
  43 -25.609182 -0.219726 58.035892 -0.279816 -0.720439 0.634563 0.770577 0.938514 1 43 1.000000
ring
  43 -25.570700 -0.286111 57.941463 -0.054953 -0.939332 0.338579 0.765083 0.944829 1 43 1.000000
  43 -25.542540 -0.281410 57.942848 0.137418 -0.924819 0.354721 0.765085 0.951137 2 43 0.991855 42 0.008145
  43 -25.581900 -0.224168 58.042885 -0.089906 -0.736899 0.669997 0.770579 0.944826 1 43 1.000000
ring
  43 -25.598169 -0.280538 57.936298 -0.244542 -0.919064 0.309063 0.765082 0.938521 1 43 1.000000
  43 -25.584709 -0.298408 57.821266 -0.203910 -0.976778 -0.065766 0.759592 0.938525 1 43 1.000000
  43 -25.570700 -0.286111 57.941463 -0.054953 -0.939332 0.338579 0.765083 0.944829 1 43 1.000000
ring
  43 -25.570700 -0.286111 57.941463 -0.054953 -0.939332 0.338579 0.765083 0.944829 1 43 1.000000
  43 -25.556885 -0.304422 57.824242 -0.009889 -0.998958 -0.044552 0.759593 0.944826 2 43 0.991855 42 0.008145
  43 -25.542540 -0.281410 57.942848 0.137418 -0.924819 0.354721 0.765085 0.951137 2 43 0.991855 42 0.008145
ring
  43 -25.584709 -0.298408 57.821266 -0.203910 -0.976778 -0.065766 0.759592 0.938525 1 43 1.000000
  43 -25.556885 -0.304422 57.824242 -0.009889 -0.998958 -0.044552 0.759593 0.944826 2 43 0.991855 42 0.008145
  43 -25.570700 -0.286111 57.941463 -0.054953 -0.939332 0.338579 0.765083 0.944829 1 43 1.000000
ring
  43 -25.556885 -0.304422 57.824242 -0.009889 -0.998958 -0.044552 0.759593 0.944826 2 43 0.991855 42 0.008145
  43 -25.529076 -0.299275 57.827797 0.184499 -0.982613 -0.020775 0.759595 0.951126 2 43 0.991855 42 0.008145
  43 -25.542540 -0.281410 57.942848 0.137418 -0.924819 0.354721 0.765085 0.951137 2 43 0.991855 42 0.008145
ring
  43 -25.584709 -0.298408 57.821266 -0.203910 -0.976778 -0.065766 0.759592 0.938525 1 43 1.000000
  43 -25.570726 -0.270706 57.708160 -0.154420 -0.886576 -0.436047 0.754109 0.938526 2 43 0.991855 42 0.008145
  43 -25.556885 -0.304422 57.824242 -0.009889 -0.998958 -0.044552 0.759593 0.944826 2 43 0.991855 42 0.008145
ring
  43 -25.515200 -0.271476 57.714825 0.228632 -0.891872 -0.390247 0.754112 0.951113 2 43 0.991855 42 0.008145
  43 -25.529076 -0.299275 57.827797 0.184499 -0.982613 -0.020775 0.759595 0.951126 2 43 0.991855 42 0.008145
  43 -25.556885 -0.304422 57.824242 -0.009889 -0.998958 -0.044552 0.759593 0.944826 2 43 0.991855 42 0.008145
ring
  43 -25.570726 -0.270706 57.708160 -0.154420 -0.886576 -0.436047 0.754109 0.938526 2 43 0.991855 42 0.008145
  43 -25.542763 -0.276074 57.709194 0.037921 -0.906275 -0.420983 0.754111 0.944820 2 43 0.991855 42 0.008145
  43 -25.556885 -0.304422 57.824242 -0.009889 -0.998958 -0.044552 0.759593 0.944826 2 43 0.991855 42 0.008145
ring
  43 -25.542763 -0.276074 57.709194 0.037921 -0.906275 -0.420983 0.754111 0.944820 2 43 0.991855 42 0.008145
  43 -25.515200 -0.271476 57.714825 0.228632 -0.891872 -0.390247 0.754112 0.951113 2 43 0.991855 42 0.008145
  43 -25.556885 -0.304422 57.824242 -0.009889 -0.998958 -0.044552 0.759593 0.944826 2 43 0.991855 42 0.008145
ring
  43 -25.570726 -0.270706 57.708160 -0.154420 -0.886576 -0.436047 0.754109 0.938526 2 43 0.991855 42 0.008145
  43 -25.558561 -0.201417 57.614437 -0.114820 -0.660408 -0.742076 0.748631 0.938521 2 43 0.992993 42 0.007007
  43 -25.542763 -0.276074 57.709194 0.037921 -0.906275 -0.420983 0.754111 0.944820 2 43 0.991855 42 0.008145
ring
  43 -25.503031 -0.202189 57.621090 0.268591 -0.665796 -0.696113 0.748634 0.951100 2 43 0.992993 42 0.007007
  43 -25.515200 -0.271476 57.714825 0.228632 -0.891872 -0.390247 0.754112 0.951113 2 43 0.991855 42 0.008145
  43 -25.542763 -0.276074 57.709194 0.037921 -0.906275 -0.420983 0.754111 0.944820 2 43 0.991855 42 0.008145
ring
  43 -25.558561 -0.201417 57.614437 -0.114820 -0.660408 -0.742076 0.748631 0.938521 2 43 0.992993 42 0.007007
  43 -25.530365 -0.205527 57.613735 0.078369 -0.675896 -0.732819 0.748633 0.944810 2 43 0.992993 42 0.007007
  43 -25.542763 -0.276074 57.709194 0.037921 -0.906275 -0.420983 0.754111 0.944820 2 43 0.991855 42 0.008145
ring
  43 -25.530365 -0.205527 57.613735 0.078369 -0.675896 -0.732819 0.748633 0.944810 2 43 0.992993 42 0.007007
  43 -25.503031 -0.202189 57.621090 0.268591 -0.665796 -0.696113 0.748634 0.951100 2 43 0.992993 42 0.007007
  43 -25.542763 -0.276074 57.709194 0.037921 -0.906275 -0.420983 0.754111 0.944820 2 43 0.991855 42 0.008145
ring
  43 -25.521599 -0.103545 57.552349 0.106619 -0.342102 -0.933594 0.743156 0.944718 2 43 0.992993 42 0.007007
  43 -25.530365 -0.205527 57.613735 0.078369 -0.675896 -0.732819 0.748633 0.944810 2 43 0.992993 42 0.007007
  43 -25.558561 -0.201417 57.614437 -0.114820 -0.660408 -0.742076 0.748631 0.938521 2 43 0.992993 42 0.007007
ring
  43 -25.530365 -0.205527 57.613735 0.078369 -0.675896 -0.732819 0.748633 0.944810 2 43 0.992993 42 0.007007
  43 -25.521599 -0.103545 57.552349 0.106619 -0.342102 -0.933594 0.743156 0.944718 2 43 0.992993 42 0.007007
  43 -25.503031 -0.202189 57.621090 0.268591 -0.665796 -0.696113 0.748634 0.951100 2 43 0.992993 42 0.007007
ring
  43 -25.549938 -0.101260 57.554218 -0.088751 -0.332807 -0.938809 0.743156 0.938501 2 43 0.992993 42 0.007007
  43 -25.521599 -0.103545 57.552349 0.106619 -0.342102 -0.933594 0.743156 0.944718 2 43 0.992993 42 0.007007
  43 -25.558561 -0.201417 57.614437 -0.114820 -0.660408 -0.742076 0.748631 0.938521 2 43 0.992993 42 0.007007
ring
  43 -25.521599 -0.103545 57.552349 0.106619 -0.342102 -0.933594 0.743156 0.944718 2 43 0.992993 42 0.007007
  43 -25.494434 -0.102030 57.560841 0.297767 -0.338229 -0.892713 0.743157 0.951082 2 43 0.992993 42 0.007007
  43 -25.503031 -0.202189 57.621090 0.268591 -0.665796 -0.696113 0.748634 0.951100 2 43 0.992993 42 0.007007
ring
  43 -25.517857 0.014439 57.534519 0.114804 -0.152172 -0.981664 0.737501 0.944511 2 43 0.996851 42 0.003149
  43 -25.521599 -0.103545 57.552349 0.106619 -0.342102 -0.933594 0.743156 0.944718 2 43 0.992993 42 0.007007
  43 -25.549938 -0.101260 57.554218 -0.088751 -0.332807 -0.938809 0.743156 0.938501 2 43 0.992993 42 0.007007
ring
  43 -25.521599 -0.103545 57.552349 0.106619 -0.342102 -0.933594 0.743156 0.944718 2 43 0.992993 42 0.007007
  43 -25.517857 0.014439 57.534519 0.114804 -0.152172 -0.981664 0.737501 0.944511 2 43 0.996851 42 0.003149
  43 -25.494434 -0.102030 57.560841 0.297767 -0.338229 -0.892713 0.743157 0.951082 2 43 0.992993 42 0.007007
ring
  43 -25.546286 0.014601 57.536690 -0.075938 -0.146774 -0.986251 0.737557 0.938174 2 43 0.996851 42 0.003149
  43 -25.517857 0.014439 57.534519 0.114804 -0.152172 -0.981664 0.737501 0.944511 2 43 0.996851 42 0.003149
  43 -25.549938 -0.101260 57.554218 -0.088751 -0.332807 -0.938809 0.743156 0.938501 2 43 0.992993 42 0.007007
ring
  43 -25.517857 0.014439 57.534519 0.114804 -0.152172 -0.981664 0.737501 0.944511 2 43 0.996851 42 0.003149
  43 -25.490726 0.013821 57.543316 0.301385 -0.152085 -0.941296 0.737553 0.951139 2 43 0.996851 42 0.003149
  43 -25.494434 -0.102030 57.560841 0.297767 -0.338229 -0.892713 0.743157 0.951082 2 43 0.992993 42 0.007007
ring
  43 -25.500456 0.217529 57.644154 0.979589 -0.084615 0.182334 0.814567 0.950721 2 43 0.991855 42 0.008145
  43 -25.499292 0.222134 57.640034 0.979581 -0.084703 0.182338 0.814567 0.950721 2 43 0.991855 42 0.008145
  43 -25.510363 0.282944 57.739601 0.984422 -0.095544 0.147596 0.809078 0.950801 2 43 0.991855 42 0.008145
ring
  43 -25.511236 0.277089 57.741653 0.984453 -0.095383 0.147496 0.809078 0.950801 2 43 0.991855 42 0.008145
  43 -25.500456 0.217529 57.644154 0.979589 -0.084615 0.182334 0.814567 0.950721 2 43 0.991855 42 0.008145
  43 -25.510363 0.282944 57.739601 0.984422 -0.095544 0.147596 0.809078 0.950801 2 43 0.991855 42 0.008145
ring
  43 -25.500456 0.217529 57.644154 0.979589 -0.084615 0.182334 0.814567 0.950721 2 43 0.991855 42 0.008145
  43 -25.493690 0.124989 57.576637 0.978186 -0.053112 0.200828 0.820054 0.950653 2 43 0.992993 42 0.007007
  43 -25.499292 0.222134 57.640034 0.979581 -0.084703 0.182338 0.814567 0.950721 2 43 0.991855 42 0.008145
ring
  43 -25.511236 0.277089 57.741653 0.984453 -0.095383 0.147496 0.809078 0.950801 2 43 0.991855 42 0.008145
  43 -25.510363 0.282944 57.739601 0.984422 -0.095544 0.147596 0.809078 0.950801 2 43 0.991855 42 0.008145
  43 -25.524452 0.294568 57.854298 0.988398 -0.100366 0.113999 0.803586 0.950882 2 43 0.991855 42 0.008145
ring
  43 -25.493690 0.124989 57.576637 0.978186 -0.053112 0.200828 0.820054 0.950653 2 43 0.992993 42 0.007007
  43 -25.492409 0.127607 57.571091 0.978191 -0.053054 0.200817 0.820054 0.950653 2 43 0.992993 42 0.007007
  43 -25.499292 0.222134 57.640034 0.979581 -0.084703 0.182338 0.814567 0.950721 2 43 0.991855 42 0.008145
ring
  43 -25.510363 0.282944 57.739601 0.984422 -0.095544 0.147596 0.809078 0.950801 2 43 0.991855 42 0.008145
  43 -25.523853 0.300812 57.854622 0.988391 -0.100335 0.114083 0.803586 0.950882 2 43 0.991855 42 0.008145
  43 -25.524452 0.294568 57.854298 0.988398 -0.100366 0.113999 0.803586 0.950882 2 43 0.991855 42 0.008145
ring
  43 -25.490726 0.013821 57.543316 0.977691 -0.036217 0.206903 0.825667 0.950889 2 43 0.996851 42 0.003149
  43 -25.492409 0.127607 57.571091 0.978191 -0.053054 0.200817 0.820054 0.950653 2 43 0.992993 42 0.007007
  43 -25.493690 0.124989 57.576637 0.978186 -0.053112 0.200828 0.820054 0.950653 2 43 0.992993 42 0.007007
ring
  43 -25.492041 0.013560 57.549488 0.977705 -0.036211 0.206838 0.825667 0.950889 2 43 0.996851 42 0.003149
  43 -25.490726 0.013821 57.543316 0.977691 -0.036217 0.206903 0.825667 0.950889 2 43 0.996851 42 0.003149
  43 -25.493690 0.124989 57.576637 0.978186 -0.053112 0.200828 0.820054 0.950653 2 43 0.992993 42 0.007007
ring
  43 -25.524452 0.294568 57.854298 0.988398 -0.100366 0.113999 0.803586 0.950882 2 43 0.991855 42 0.008145
  43 -25.523853 0.300812 57.854622 0.988391 -0.100335 0.114083 0.803586 0.950882 2 43 0.991855 42 0.008145
  43 -25.537991 0.267403 57.964977 0.992498 -0.090499 0.082200 0.798089 0.950961 1 43 1.000000
ring
  43 -25.523853 0.300812 57.854622 0.988391 -0.100335 0.114083 0.803586 0.950882 2 43 0.991855 42 0.008145
  43 -25.537701 0.273010 57.967625 0.992496 -0.090418 0.082321 0.798089 0.950961 2 43 0.991855 42 0.008145
  43 -25.537991 0.267403 57.964977 0.992498 -0.090499 0.082200 0.798089 0.950961 1 43 1.000000
ring
  43 -25.537991 0.267403 57.964977 0.992498 -0.090499 0.082200 0.798089 0.950961 1 43 1.000000
  43 -25.537701 0.273010 57.967625 0.992496 -0.090418 0.082321 0.798089 0.950961 2 43 0.991855 42 0.008145
  43 -25.549803 0.203824 58.061436 0.995846 -0.075164 0.051390 0.792588 0.951030 1 43 1.000000
ring
  43 -25.549883 0.199610 58.056801 0.995846 -0.075221 0.051315 0.792588 0.951030 1 43 1.000000
  43 -25.537991 0.267403 57.964977 0.992498 -0.090499 0.082200 0.798089 0.950961 1 43 1.000000
  43 -25.549803 0.203824 58.061436 0.995846 -0.075164 0.051390 0.792588 0.951030 1 43 1.000000
ring
  43 -25.549883 0.199610 58.056801 0.995846 -0.075221 0.051315 0.792588 0.951030 1 43 1.000000
  43 -25.549803 0.203824 58.061436 0.995846 -0.075164 0.051390 0.792588 0.951030 1 43 1.000000
  43 -25.558319 0.101538 58.115791 0.998419 -0.045755 0.032632 0.787084 0.951081 1 43 1.000000
ring
  43 -25.549803 0.203824 58.061436 0.995846 -0.075164 0.051390 0.792588 0.951030 1 43 1.000000
  43 -25.558414 0.103667 58.121685 0.998420 -0.045780 0.032581 0.787084 0.951081 1 43 1.000000
  43 -25.558319 0.101538 58.115791 0.998419 -0.045755 0.032632 0.787084 0.951081 1 43 1.000000
ring
  43 -25.558319 0.101538 58.115791 0.998419 -0.045755 0.032632 0.787084 0.951081 1 43 1.000000
  43 -25.558414 0.103667 58.121685 0.998420 -0.045780 0.032581 0.787084 0.951081 1 43 1.000000
  43 -25.562019 -0.011851 58.132935 0.999628 -0.010229 0.025262 0.781581 0.951114 1 43 1.000000
ring
  43 -25.558414 0.103667 58.121685 0.998420 -0.045780 0.032581 0.787084 0.951081 1 43 1.000000
  43 -25.562181 -0.012148 58.139244 0.999631 -0.010163 0.025195 0.781581 0.951114 1 43 1.000000
  43 -25.562019 -0.011851 58.132935 0.999628 -0.010229 0.025262 0.781581 0.951114 1 43 1.000000
ring
  43 -25.562019 -0.011851 58.132935 0.999628 -0.010229 0.025262 0.781581 0.951114 1 43 1.000000
  43 -25.562181 -0.012148 58.139244 0.999631 -0.010163 0.025195 0.781581 0.951114 1 43 1.000000
  43 -25.560497 -0.125971 58.111435 0.999048 0.024542 0.036066 0.776079 0.951133 1 43 1.000000
ring
  43 -25.560356 -0.123317 58.105751 0.999047 0.024483 0.036126 0.776079 0.951133 1 43 1.000000
  43 -25.562019 -0.011851 58.132935 0.999628 -0.010229 0.025262 0.781581 0.951114 1 43 1.000000
  43 -25.560497 -0.125971 58.111435 0.999048 0.024542 0.036066 0.776079 0.951133 1 43 1.000000
ring
  43 -25.560356 -0.123317 58.105751 0.999047 0.024483 0.036126 0.776079 0.951133 1 43 1.000000
  43 -25.560497 -0.125971 58.111435 0.999048 0.024542 0.036066 0.776079 0.951133 1 43 1.000000
  43 -25.553640 -0.220511 58.042488 0.996955 0.051412 0.058631 0.770580 0.951139 1 43 1.000000
ring
  43 -25.553629 -0.215907 58.038235 0.996951 0.051522 0.058601 0.770580 0.951139 1 43 1.000000
  43 -25.560356 -0.123317 58.105751 0.999047 0.024483 0.036126 0.776079 0.951133 1 43 1.000000
  43 -25.553640 -0.220511 58.042488 0.996955 0.051412 0.058631 0.770580 0.951139 1 43 1.000000
ring
  43 -25.553629 -0.215907 58.038235 0.996951 0.051522 0.058601 0.770580 0.951139 1 43 1.000000
  43 -25.553640 -0.220511 58.042488 0.996955 0.051412 0.058631 0.770580 0.951139 1 43 1.000000
  43 -25.542540 -0.281410 57.942848 0.993276 0.078685 0.084915 0.765085 0.951137 2 43 0.991855 42 0.008145
ring
  43 -25.542818 -0.275519 57.940659 0.993258 0.079050 0.084792 0.765085 0.951137 2 43 0.991855 42 0.008145
  43 -25.553629 -0.215907 58.038235 0.996951 0.051522 0.058601 0.770580 0.951139 1 43 1.000000
  43 -25.542540 -0.281410 57.942848 0.993276 0.078685 0.084915 0.765085 0.951137 2 43 0.991855 42 0.008145
ring
  43 -25.542818 -0.275519 57.940659 0.993258 0.079050 0.084792 0.765085 0.951137 2 43 0.991855 42 0.008145
  43 -25.542540 -0.281410 57.942848 0.993276 0.078685 0.084915 0.765085 0.951137 2 43 0.991855 42 0.008145
  43 -25.529585 -0.293038 57.828037 0.989658 0.075649 0.121877 0.759595 0.951126 2 43 0.991855 42 0.008145
ring
  43 -25.542540 -0.281410 57.942848 0.993276 0.078685 0.084915 0.765085 0.951137 2 43 0.991855 42 0.008145
  43 -25.529076 -0.299275 57.827797 0.989651 0.075521 0.122013 0.759595 0.951126 2 43 0.991855 42 0.008145
  43 -25.529585 -0.293038 57.828037 0.989658 0.075649 0.121877 0.759595 0.951126 2 43 0.991855 42 0.008145
ring
  43 -25.529585 -0.293038 57.828037 0.989658 0.075649 0.121877 0.759595 0.951126 2 43 0.991855 42 0.008145
  43 -25.529076 -0.299275 57.827797 0.989651 0.075521 0.122013 0.759595 0.951126 2 43 0.991855 42 0.008145
  43 -25.515200 -0.271476 57.714825 0.985585 0.066693 0.155478 0.754112 0.951113 2 43 0.991855 42 0.008145
ring
  43 -25.515993 -0.265782 57.717403 0.985606 0.066596 0.155386 0.754112 0.951113 2 43 0.991855 42 0.008145
  43 -25.529585 -0.293038 57.828037 0.989658 0.075649 0.121877 0.759595 0.951126 2 43 0.991855 42 0.008145
  43 -25.515200 -0.271476 57.714825 0.985585 0.066693 0.155478 0.754112 0.951113 2 43 0.991855 42 0.008145
ring
  43 -25.515993 -0.265782 57.717403 0.985606 0.066596 0.155386 0.754112 0.951113 2 43 0.991855 42 0.008145
  43 -25.515200 -0.271476 57.714825 0.985585 0.066693 0.155478 0.754112 0.951113 2 43 0.991855 42 0.008145
  43 -25.504105 -0.197976 57.625591 0.981051 0.049739 0.187257 0.748634 0.951100 2 43 0.992993 42 0.007007
ring
  43 -25.515200 -0.271476 57.714825 0.985585 0.066693 0.155478 0.754112 0.951113 2 43 0.991855 42 0.008145
  43 -25.503031 -0.202189 57.621090 0.981042 0.049750 0.187299 0.748634 0.951100 2 43 0.992993 42 0.007007
  43 -25.504105 -0.197976 57.625591 0.981051 0.049739 0.187257 0.748634 0.951100 2 43 0.992993 42 0.007007
ring
  43 -25.504105 -0.197976 57.625591 0.981051 0.049739 0.187257 0.748634 0.951100 2 43 0.992993 42 0.007007
  43 -25.503031 -0.202189 57.621090 0.981042 0.049750 0.187299 0.748634 0.951100 2 43 0.992993 42 0.007007
  43 -25.495682 -0.099902 57.566612 0.978610 0.017895 0.204946 0.743157 0.951082 2 43 0.992993 42 0.007007
ring
  43 -25.503031 -0.202189 57.621090 0.981042 0.049750 0.187299 0.748634 0.951100 2 43 0.992993 42 0.007007
  43 -25.494434 -0.102030 57.560841 0.978624 0.017801 0.204888 0.743157 0.951082 2 43 0.992993 42 0.007007
  43 -25.495682 -0.099902 57.566612 0.978610 0.017895 0.204946 0.743157 0.951082 2 43 0.992993 42 0.007007
ring
  43 -25.495682 -0.099902 57.566612 0.978610 0.017895 0.204946 0.743157 0.951082 2 43 0.992993 42 0.007007
  43 -25.494434 -0.102030 57.560841 0.978624 0.017801 0.204888 0.743157 0.951082 2 43 0.992993 42 0.007007
  43 -25.492041 0.013560 57.549488 0.978076 0.000137 0.208246 0.737553 0.951139 2 43 0.996851 42 0.003149
ring
  43 -25.494434 -0.102030 57.560841 0.978624 0.017801 0.204888 0.743157 0.951082 2 43 0.992993 42 0.007007
  43 -25.490726 0.013821 57.543316 0.978097 0.000123 0.208151 0.737553 0.951139 2 43 0.996851 42 0.003149
  43 -25.492041 0.013560 57.549488 0.978076 0.000137 0.208246 0.737553 0.951139 2 43 0.996851 42 0.003149
ring
  43 -25.616051 -0.125184 58.104816 -0.978070 0.053358 -0.201327 0.776076 0.938500 1 43 1.000000
  43 -25.617741 -0.011362 58.132626 -0.977086 0.018267 -0.212060 0.781577 0.938477 1 43 1.000000
  43 -25.616402 -0.011103 58.126484 -0.977098 0.018278 -0.212002 0.781577 0.938477 1 43 1.000000
ring
  43 -25.616402 -0.011103 58.126484 -0.977098 0.018278 -0.212002 0.781577 0.938477 1 43 1.000000
  43 -25.617741 -0.011362 58.132626 -0.977086 0.018267 -0.212060 0.781577 0.938477 1 43 1.000000
  43 -25.613972 0.104453 58.115074 -0.978607 -0.017614 -0.204983 0.787080 0.938442 1 43 1.000000
ring
  43 -25.614765 -0.122567 58.099266 -0.978080 0.053390 -0.201269 0.776076 0.938500 1 43 1.000000
  43 -25.616051 -0.125184 58.104816 -0.978070 0.053358 -0.201327 0.776076 0.938500 1 43 1.000000
  43 -25.616402 -0.011103 58.126484 -0.977098 0.018278 -0.212002 0.781577 0.938477 1 43 1.000000
ring
  43 -25.612724 0.102325 58.109303 -0.978613 -0.017701 -0.204948 0.787080 0.938442 1 43 1.000000
  43 -25.616402 -0.011103 58.126484 -0.977098 0.018278 -0.212002 0.781577 0.938477 1 43 1.000000
  43 -25.613972 0.104453 58.115074 -0.978607 -0.017614 -0.204983 0.787080 0.938442 1 43 1.000000
ring
  43 -25.614765 -0.122567 58.099266 -0.978080 0.053390 -0.201269 0.776076 0.938500 1 43 1.000000
  43 -25.608032 -0.215119 58.031746 -0.980236 0.082369 -0.179870 0.770577 0.938514 1 43 1.000000
  43 -25.616051 -0.125184 58.104816 -0.978070 0.053358 -0.201327 0.776076 0.938500 1 43 1.000000
ring
  43 -25.612724 0.102325 58.109303 -0.978613 -0.017701 -0.204948 0.787080 0.938442 1 43 1.000000
  43 -25.613972 0.104453 58.115074 -0.978607 -0.017614 -0.204983 0.787080 0.938442 1 43 1.000000
  43 -25.604284 0.200397 58.050316 -0.981535 -0.047893 -0.185190 0.792583 0.938393 1 43 1.000000
ring
  43 -25.608032 -0.215119 58.031746 -0.980236 0.082369 -0.179870 0.770577 0.938514 1 43 1.000000
  43 -25.609182 -0.219726 58.035892 -0.980236 0.082303 -0.179896 0.770577 0.938514 1 43 1.000000
  43 -25.616051 -0.125184 58.104816 -0.978070 0.053358 -0.201327 0.776076 0.938500 1 43 1.000000
ring
  43 -25.613972 0.104453 58.115074 -0.978607 -0.017614 -0.204983 0.787080 0.938442 1 43 1.000000
  43 -25.605343 0.204609 58.054840 -0.981532 -0.047807 -0.185230 0.792583 0.938393 1 43 1.000000
  43 -25.604284 0.200397 58.050316 -0.981535 -0.047893 -0.185190 0.792583 0.938393 1 43 1.000000
ring
  43 -25.608032 -0.215119 58.031746 -0.980236 0.082369 -0.179870 0.770577 0.938514 1 43 1.000000
  43 -25.597271 -0.274684 57.934265 -0.983852 0.099609 -0.148707 0.765082 0.938521 1 43 1.000000
  43 -25.609182 -0.219726 58.035892 -0.980236 0.082303 -0.179896 0.770577 0.938514 1 43 1.000000
ring
  43 -25.604284 0.200397 58.050316 -0.981535 -0.047893 -0.185190 0.792583 0.938393 1 43 1.000000
  43 -25.605343 0.204609 58.054840 -0.981532 -0.047807 -0.185230 0.792583 0.938393 1 43 1.000000
  43 -25.592373 0.268189 57.958519 -0.985317 -0.068476 -0.156399 0.798084 0.938331 1 43 1.000000
ring
  43 -25.597271 -0.274684 57.934265 -0.983852 0.099609 -0.148707 0.765082 0.938521 1 43 1.000000
  43 -25.598169 -0.280538 57.936298 -0.983861 0.099589 -0.148657 0.765082 0.938521 1 43 1.000000
  43 -25.609182 -0.219726 58.035892 -0.980236 0.082303 -0.179896 0.770577 0.938514 1 43 1.000000
ring
  43 -25.605343 0.204609 58.054840 -0.981532 -0.047807 -0.185230 0.792583 0.938393 1 43 1.000000
  43 -25.593178 0.273884 57.961082 -0.985328 -0.068421 -0.156358 0.798084 0.938331 1 43 1.000000
  43 -25.592373 0.268189 57.958519 -0.985317 -0.068476 -0.156399 0.798084 0.938331 1 43 1.000000
ring
  43 -25.584709 -0.298408 57.821266 -0.987824 0.105562 -0.114282 0.759592 0.938525 1 43 1.000000
  43 -25.598169 -0.280538 57.936298 -0.983861 0.099589 -0.148657 0.765082 0.938521 1 43 1.000000
  43 -25.597271 -0.274684 57.934265 -0.983852 0.099609 -0.148707 0.765082 0.938521 1 43 1.000000
ring
  43 -25.592373 0.268189 57.958519 -0.985317 -0.068476 -0.156399 0.798084 0.938331 1 43 1.000000
  43 -25.593178 0.273884 57.961082 -0.985328 -0.068421 -0.156358 0.798084 0.938331 1 43 1.000000
  43 -25.579323 0.301681 57.848099 -0.989246 -0.080499 -0.122117 0.803581 0.938262 1 43 1.000000
ring
  43 -25.584080 -0.292166 57.821621 -0.987817 0.105578 -0.114324 0.759592 0.938525 1 43 1.000000
  43 -25.584709 -0.298408 57.821266 -0.987824 0.105562 -0.114282 0.759592 0.938525 1 43 1.000000
  43 -25.597271 -0.274684 57.934265 -0.983852 0.099609 -0.148707 0.765082 0.938521 1 43 1.000000
ring
  43 -25.578789 0.295440 57.847881 -0.989244 -0.080548 -0.122101 0.803581 0.938262 1 43 1.000000
  43 -25.592373 0.268189 57.958519 -0.985317 -0.068476 -0.156399 0.798084 0.938331 1 43 1.000000
  43 -25.579323 0.301681 57.848099 -0.989246 -0.080499 -0.122117 0.803581 0.938262 1 43 1.000000
ring
  43 -25.570726 -0.270706 57.708160 -0.992109 0.096631 -0.079889 0.754109 0.938526 2 43 0.991855 42 0.008145
  43 -25.584709 -0.298408 57.821266 -0.987824 0.105562 -0.114282 0.759592 0.938525 1 43 1.000000
  43 -25.584080 -0.292166 57.821621 -0.987817 0.105578 -0.114324 0.759592 0.938525 1 43 1.000000
ring
  43 -25.578789 0.295440 57.847881 -0.989244 -0.080548 -0.122101 0.803581 0.938262 1 43 1.000000
  43 -25.579323 0.301681 57.848099 -0.989246 -0.080499 -0.122117 0.803581 0.938262 1 43 1.000000
  43 -25.565853 0.283810 57.733017 -0.993589 -0.073001 -0.086318 0.809073 0.938191 1 43 1.000000
ring
  43 -25.570391 -0.265010 57.710899 -0.992099 0.096663 -0.079972 0.754109 0.938526 2 43 0.991855 42 0.008145
  43 -25.570726 -0.270706 57.708160 -0.992109 0.096631 -0.079889 0.754109 0.938526 2 43 0.991855 42 0.008145
  43 -25.584080 -0.292166 57.821621 -0.987817 0.105578 -0.114324 0.759592 0.938525 1 43 1.000000
ring
  43 -25.565611 0.277921 57.735233 -0.993581 -0.072991 -0.086420 0.809073 0.938191 1 43 1.000000
  43 -25.578789 0.295440 57.847881 -0.989244 -0.080548 -0.122101 0.803581 0.938262 1 43 1.000000
  43 -25.565853 0.283810 57.733017 -0.993589 -0.073001 -0.086318 0.809073 0.938191 1 43 1.000000
ring
  43 -25.558561 -0.201417 57.614437 -0.995814 0.075484 -0.051536 0.748631 0.938521 2 43 0.992993 42 0.007007
  43 -25.570726 -0.270706 57.708160 -0.992109 0.096631 -0.079889 0.754109 0.938526 2 43 0.991855 42 0.008145
  43 -25.570391 -0.265010 57.710899 -0.992099 0.096663 -0.079972 0.754109 0.938526 2 43 0.991855 42 0.008145
ring
  43 -25.565611 0.277921 57.735233 -0.993581 -0.072991 -0.086420 0.809073 0.938191 1 43 1.000000
  43 -25.565853 0.283810 57.733017 -0.993589 -0.073001 -0.086318 0.809073 0.938191 1 43 1.000000
  43 -25.554848 0.222906 57.633400 -0.996976 -0.053728 -0.056148 0.814562 0.938115 2 43 0.991855 42 0.008145
ring
  43 -25.558485 -0.197203 57.619122 -0.995806 0.075542 -0.051619 0.748631 0.938521 2 43 0.992993 42 0.007007
  43 -25.558561 -0.201417 57.614437 -0.995814 0.075484 -0.051536 0.748631 0.938521 2 43 0.992993 42 0.007007
  43 -25.570391 -0.265010 57.710899 -0.992099 0.096663 -0.079972 0.754109 0.938526 2 43 0.991855 42 0.008145
ring
  43 -25.554838 0.218300 57.637680 -0.996969 -0.053778 -0.056217 0.814562 0.938115 2 43 0.991855 42 0.008145
  43 -25.565611 0.277921 57.735233 -0.993581 -0.072991 -0.086420 0.809073 0.938191 1 43 1.000000
  43 -25.554848 0.222906 57.633400 -0.996976 -0.053728 -0.056148 0.814562 0.938115 2 43 0.991855 42 0.008145
ring
  43 -25.558485 -0.197203 57.619122 -0.995806 0.075542 -0.051619 0.748631 0.938521 2 43 0.992993 42 0.007007
  43 -25.550034 -0.099131 57.560120 -0.998453 0.045133 -0.032473 0.743156 0.938501 2 43 0.992993 42 0.007007
  43 -25.558561 -0.201417 57.614437 -0.995814 0.075484 -0.051536 0.748631 0.938521 2 43 0.992993 42 0.007007
ring
  43 -25.554838 0.218300 57.637680 -0.996969 -0.053778 -0.056217 0.814562 0.938115 2 43 0.991855 42 0.008145
  43 -25.554848 0.222906 57.633400 -0.996976 -0.053728 -0.056148 0.814562 0.938115 2 43 0.991855 42 0.008145
  43 -25.547939 0.128379 57.564491 -0.999081 -0.024673 -0.035058 0.820051 0.938043 2 43 0.992993 42 0.007007
ring
  43 -25.550034 -0.099131 57.560120 -0.998453 0.045133 -0.032473 0.743156 0.938501 2 43 0.992993 42 0.007007
  43 -25.549938 -0.101260 57.554218 -0.998454 0.045143 -0.032414 0.743156 0.938501 2 43 0.992993 42 0.007007
  43 -25.558561 -0.201417 57.614437 -0.995814 0.075484 -0.051536 0.748631 0.938521 2 43 0.992993 42 0.007007
ring
  43 -25.548073 0.125725 57.570175 -0.999083 -0.024653 -0.035018 0.820051 0.938043 2 43 0.992993 42 0.007007
  43 -25.554838 0.218300 57.637680 -0.996969 -0.053778 -0.056217 0.814562 0.938115 2 43 0.991855 42 0.008145
  43 -25.547939 0.128379 57.564491 -0.999081 -0.024673 -0.035058 0.820051 0.938043 2 43 0.992993 42 0.007007
ring
  43 -25.550034 -0.099131 57.560120 -0.998453 0.045133 -0.032473 0.743156 0.938501 2 43 0.992993 42 0.007007
  43 -25.546446 0.014304 57.542988 -0.999325 0.027934 -0.023863 0.737557 0.938174 2 43 0.996851 42 0.003149
  43 -25.549938 -0.101260 57.554218 -0.998454 0.045143 -0.032414 0.743156 0.938501 2 43 0.992993 42 0.007007
ring
  43 -25.546446 0.014304 57.542988 -0.999325 0.027934 -0.023863 0.737557 0.938174 2 43 0.996851 42 0.003149
  43 -25.546286 0.014601 57.536690 -0.999326 0.027943 -0.023792 0.737557 0.938174 2 43 0.996851 42 0.003149
  43 -25.549938 -0.101260 57.554218 -0.998454 0.045143 -0.032414 0.743156 0.938501 2 43 0.992993 42 0.007007
ring
  43 -25.548073 0.125725 57.570175 -0.999083 -0.024653 -0.035018 0.820051 0.938043 2 43 0.992993 42 0.007007
  43 -25.547939 0.128379 57.564491 -0.999081 -0.024673 -0.035058 0.820051 0.938043 2 43 0.992993 42 0.007007
  43 -25.546286 0.014601 57.536690 -0.999637 -0.008524 -0.025562 0.825668 0.937892 2 43 0.996851 42 0.003149
ring
  43 -25.546446 0.014304 57.542988 -0.999638 -0.008554 -0.025499 0.825668 0.937892 2 43 0.996851 42 0.003149
  43 -25.548073 0.125725 57.570175 -0.999083 -0.024653 -0.035018 0.820051 0.938043 2 43 0.992993 42 0.007007
  43 -25.546286 0.014601 57.536690 -0.999637 -0.008524 -0.025562 0.825668 0.937892 2 43 0.996851 42 0.003149
ring
  43 -25.644869 -0.128722 58.126484 0.119072 0.043174 -0.991946 0.766291 0.987856 1 43 1.000000
  43 -25.558069 -0.129973 58.136848 0.118883 0.043195 -0.991968 0.775361 0.987856 1 43 1.000000
  43 -25.560081 -0.353483 58.126858 0.119080 0.043266 -0.991942 0.775361 0.998193 1 43 1.000000
ring
  43 -25.646883 -0.352232 58.116493 0.119056 0.043267 -0.991944 0.766291 0.998193 1 43 1.000000
  43 -25.644869 -0.128722 58.126484 0.119072 0.043174 -0.991946 0.766291 0.987856 1 43 1.000000
  43 -25.560081 -0.353483 58.126858 0.119080 0.043266 -0.991942 0.775361 0.998193 1 43 1.000000
ring
  43 -25.644869 -0.128722 58.126484 0.119072 0.043174 -0.991946 0.766291 0.987856 1 43 1.000000
  43 -25.644142 -0.048863 58.130043 0.119047 0.046523 -0.991798 0.766291 0.984164 1 43 1.000000
  43 -25.558069 -0.129973 58.136848 0.118883 0.043195 -0.991968 0.775361 0.987856 1 43 1.000000
ring
  43 -25.644142 -0.048863 58.130043 0.119047 0.046523 -0.991798 0.766291 0.984164 1 43 1.000000
  43 -25.644869 -0.128722 58.126484 0.119072 0.043174 -0.991946 0.766291 0.987856 1 43 1.000000
  43 -25.776894 -0.126864 58.110737 0.118739 0.043443 -0.991975 0.752498 0.987856 2 43 0.991855 44 0.008145
ring
  43 -25.776192 -0.047032 58.114323 0.118623 0.043608 -0.991981 0.752498 0.984164 2 43 0.986111 44 0.013889
  43 -25.644142 -0.048863 58.130043 0.119047 0.046523 -0.991798 0.766291 0.984164 1 43 1.000000
  43 -25.776894 -0.126864 58.110737 0.118739 0.043443 -0.991975 0.752498 0.987856 2 43 0.991855 44 0.008145
ring
  43 -25.644142 -0.048863 58.130043 0.119047 0.046523 -0.991798 0.766291 0.984164 1 43 1.000000
  43 -25.557339 -0.050114 58.140411 0.118899 0.046470 -0.991818 0.775361 0.984164 1 43 1.000000
  43 -25.558069 -0.129973 58.136848 0.118883 0.043195 -0.991968 0.775361 0.987856 1 43 1.000000
ring
  43 -25.644142 -0.048863 58.130043 0.119047 0.046523 -0.991798 0.766291 0.984164 1 43 1.000000
  43 -25.644791 0.295924 58.148426 0.119171 0.053066 -0.991455 0.766291 0.965942 1 43 1.000000
  43 -25.557339 -0.050114 58.140411 0.118899 0.046470 -0.991818 0.775361 0.984164 1 43 1.000000
ring
  43 -25.644791 0.295924 58.148426 0.119171 0.053066 -0.991455 0.766291 0.965942 1 43 1.000000
  43 -25.557987 0.294672 58.158787 0.119171 0.053062 -0.991455 0.775361 0.965942 1 43 1.000000
  43 -25.557339 -0.050114 58.140411 0.118899 0.046470 -0.991818 0.775361 0.984164 1 43 1.000000
ring
  43 -25.558069 -0.129973 58.136848 0.118883 0.043195 -0.991968 0.775361 0.987856 1 43 1.000000
  43 -25.557339 -0.050114 58.140411 0.118899 0.046470 -0.991818 0.775361 0.984164 1 43 1.000000
  43 -25.427380 -0.131883 58.152370 0.118434 0.043221 -0.992021 0.789017 0.987856 2 43 0.991855 42 0.008145
ring
  43 -25.557339 -0.050114 58.140411 0.118899 0.046470 -0.991818 0.775361 0.984164 1 43 1.000000
  43 -25.426733 -0.052100 58.155922 0.118468 0.043249 -0.992016 0.789017 0.984164 2 43 0.986111 42 0.013889
  43 -25.427380 -0.131883 58.152370 0.118434 0.043221 -0.992021 0.789017 0.987856 2 43 0.991855 42 0.008145
ring
  43 -25.646414 -0.129276 58.139305 -0.118752 -0.043173 0.991985 0.766291 0.987856 1 43 1.000000
  43 -25.648428 -0.352786 58.129314 -0.118735 -0.043271 0.991983 0.766291 0.998193 1 43 1.000000
  43 -25.561598 -0.354039 58.139645 -0.118690 -0.043271 0.991988 0.775361 0.998193 1 43 1.000000
ring
  43 -25.559589 -0.130529 58.149635 -0.118620 -0.043366 0.991992 0.775361 0.987856 1 43 1.000000
  43 -25.646414 -0.129276 58.139305 -0.118752 -0.043173 0.991985 0.766291 0.987856 1 43 1.000000
  43 -25.561598 -0.354039 58.139645 -0.118690 -0.043271 0.991988 0.775361 0.998193 1 43 1.000000
ring
  43 -25.645683 -0.049417 58.142864 -0.118935 -0.046503 0.991812 0.766291 0.984164 1 43 1.000000
  43 -25.646414 -0.129276 58.139305 -0.118752 -0.043173 0.991985 0.766291 0.987856 1 43 1.000000
  43 -25.559589 -0.130529 58.149635 -0.118620 -0.043366 0.991992 0.775361 0.987856 1 43 1.000000
ring
  43 -25.646414 -0.129276 58.139305 -0.118752 -0.043173 0.991985 0.766291 0.987856 1 43 1.000000
  43 -25.645683 -0.049417 58.142864 -0.118935 -0.046503 0.991812 0.766291 0.984164 1 43 1.000000
  43 -25.778437 -0.127418 58.123550 -0.118939 -0.043209 0.991961 0.752498 0.987856 2 43 0.991855 44 0.008145
ring
  43 -25.645683 -0.049417 58.142864 -0.118935 -0.046503 0.991812 0.766291 0.984164 1 43 1.000000
  43 -25.777710 -0.047626 58.127117 -0.118880 -0.043260 0.991966 0.752498 0.984164 2 43 0.986111 44 0.013889
  43 -25.778437 -0.127418 58.123550 -0.118939 -0.043209 0.991961 0.752498 0.987856 2 43 0.991855 44 0.008145
ring
  43 -25.558889 -0.050668 58.153221 -0.118799 -0.046586 0.991825 0.775361 0.984164 1 43 1.000000
  43 -25.645683 -0.049417 58.142864 -0.118935 -0.046503 0.991812 0.766291 0.984164 1 43 1.000000
  43 -25.559589 -0.130529 58.149635 -0.118620 -0.043366 0.991992 0.775361 0.987856 1 43 1.000000
ring
  43 -25.559589 -0.130529 58.149635 -0.118620 -0.043366 0.991992 0.775361 0.987856 1 43 1.000000
  43 -25.428949 -0.132436 58.165157 -0.118274 -0.043125 0.992044 0.789017 0.987856 2 43 0.991855 42 0.008145
  43 -25.558889 -0.050668 58.153221 -0.118799 -0.046586 0.991825 0.775361 0.984164 1 43 1.000000
ring
  43 -25.428949 -0.132436 58.165157 -0.118274 -0.043125 0.992044 0.789017 0.987856 2 43 0.991855 42 0.008145
  43 -25.428274 -0.052655 58.168686 -0.118153 -0.042927 0.992067 0.789017 0.984164 2 43 0.986111 42 0.013889
  43 -25.558889 -0.050668 58.153221 -0.118799 -0.046586 0.991825 0.775361 0.984164 1 43 1.000000
ring
  43 -25.646307 0.295330 58.161217 -0.119048 -0.052989 0.991473 0.766291 0.965942 1 43 1.000000
  43 -25.645683 -0.049417 58.142864 -0.118935 -0.046503 0.991812 0.766291 0.984164 1 43 1.000000
  43 -25.558889 -0.050668 58.153221 -0.118799 -0.046586 0.991825 0.775361 0.984164 1 43 1.000000
ring
  43 -25.559509 0.294117 58.171574 -0.119055 -0.052988 0.991473 0.775361 0.965942 1 43 1.000000
  43 -25.646307 0.295330 58.161217 -0.119048 -0.052989 0.991473 0.766291 0.965942 1 43 1.000000
  43 -25.558889 -0.050668 58.153221 -0.118799 -0.046586 0.991825 0.775361 0.984164 1 43 1.000000
ring
  43 -25.557339 -0.050114 58.140411 0.009927 0.998965 0.044398 0.775361 0.984164 1 43 1.000000
  43 -25.558889 -0.050668 58.153221 0.009930 0.998965 0.044383 0.775361 0.984164 1 43 1.000000
  43 -25.428274 -0.052655 58.168686 0.009896 0.998956 0.044607 0.789017 0.984164 2 43 0.986111 42 0.013889
ring
  43 -25.426733 -0.052100 58.155922 0.009893 0.998955 0.044621 0.789017 0.984164 2 43 0.986111 42 0.013889
  43 -25.557339 -0.050114 58.140411 0.009927 0.998965 0.044398 0.775361 0.984164 1 43 1.000000
  43 -25.428274 -0.052655 58.168686 0.009896 0.998956 0.044607 0.789017 0.984164 2 43 0.986111 42 0.013889
ring
  43 -25.428949 -0.132436 58.165157 -0.009337 -0.998973 -0.044329 0.789017 0.987856 2 43 0.991855 42 0.008145
  43 -25.559589 -0.130529 58.149635 -0.009298 -0.998966 -0.044513 0.775361 0.987856 1 43 1.000000
  43 -25.558069 -0.129973 58.136848 -0.009300 -0.998966 -0.044500 0.775361 0.987856 1 43 1.000000
ring
  43 -25.427380 -0.131883 58.152370 -0.009340 -0.998974 -0.044317 0.789017 0.987856 2 43 0.991855 42 0.008145
  43 -25.428949 -0.132436 58.165157 -0.009337 -0.998973 -0.044329 0.789017 0.987856 2 43 0.991855 42 0.008145
  43 -25.558069 -0.129973 58.136848 -0.009300 -0.998966 -0.044500 0.775361 0.987856 1 43 1.000000
ring
  43 -25.428274 -0.052655 58.168686 0.992747 -0.013439 0.119468 0.789017 0.984164 2 43 0.986111 42 0.013889
  43 -25.428949 -0.132436 58.165157 0.992536 -0.013824 0.121169 0.789017 0.987856 2 43 0.991855 42 0.008145
  43 -25.427380 -0.131883 58.152370 0.992560 -0.013780 0.120977 0.789017 0.987856 2 43 0.991855 42 0.008145
ring
  43 -25.426733 -0.052100 58.155922 0.992771 -0.013395 0.119275 0.789017 0.984164 2 43 0.986111 42 0.013889
  43 -25.428274 -0.052655 58.168686 0.992747 -0.013439 0.119468 0.789017 0.984164 2 43 0.986111 42 0.013889
  43 -25.427380 -0.131883 58.152370 0.992560 -0.013780 0.120977 0.789017 0.987856 2 43 0.991855 42 0.008145
ring
  43 -25.559509 0.294117 58.171574 0.992992 -0.004426 0.118095 0.775361 0.965942 1 43 1.000000
  43 -25.558889 -0.050668 58.153221 0.992763 -0.004599 0.119999 0.775361 0.984164 1 43 1.000000
  43 -25.557339 -0.050114 58.140411 0.992769 -0.004595 0.119953 0.775361 0.984164 1 43 1.000000
ring
  43 -25.557987 0.294672 58.158787 0.992998 -0.004422 0.118049 0.775361 0.965942 1 43 1.000000
  43 -25.559509 0.294117 58.171574 0.992992 -0.004426 0.118095 0.775361 0.965942 1 43 1.000000
  43 -25.557339 -0.050114 58.140411 0.992769 -0.004595 0.119953 0.775361 0.984164 1 43 1.000000
ring
  43 -25.646883 -0.352232 58.116493 -0.992796 0.014236 -0.118966 0.766291 0.998193 1 43 1.000000
  43 -25.648428 -0.352786 58.129314 -0.992797 0.014235 -0.118963 0.766291 0.998193 1 43 1.000000
  43 -25.646414 -0.129276 58.139305 -0.992787 0.014264 -0.119038 0.766291 0.987856 1 43 1.000000
ring
  43 -25.644869 -0.128722 58.126484 -0.992787 0.014265 -0.119041 0.766291 0.987856 1 43 1.000000
  43 -25.646883 -0.352232 58.116493 -0.992796 0.014236 -0.118966 0.766291 0.998193 1 43 1.000000
  43 -25.646414 -0.129276 58.139305 -0.992787 0.014264 -0.119038 0.766291 0.987856 1 43 1.000000
ring
  43 -25.560081 -0.353483 58.126858 -0.009122 -0.998969 -0.044473 0.775361 0.998193 1 43 1.000000
  43 -25.561598 -0.354039 58.139645 -0.009123 -0.998968 -0.044494 0.775361 0.998193 1 43 1.000000
  43 -25.648428 -0.352786 58.129314 -0.009114 -0.998977 -0.044289 0.766291 0.998193 1 43 1.000000
ring
  43 -25.646883 -0.352232 58.116493 -0.009113 -0.998978 -0.044268 0.766291 0.998193 1 43 1.000000
  43 -25.560081 -0.353483 58.126858 -0.009122 -0.998969 -0.044473 0.775361 0.998193 1 43 1.000000
  43 -25.648428 -0.352786 58.129314 -0.009114 -0.998977 -0.044289 0.766291 0.998193 1 43 1.000000
ring
  43 -25.558069 -0.129973 58.136848 0.992978 -0.014163 0.117448 0.775361 0.987856 1 43 1.000000
  43 -25.559589 -0.130529 58.149635 0.992977 -0.014161 0.117459 0.775361 0.987856 1 43 1.000000
  43 -25.561598 -0.354039 58.139645 0.993009 -0.014201 0.117177 0.775361 0.998193 1 43 1.000000
ring
  43 -25.560081 -0.353483 58.126858 0.993011 -0.014203 0.117166 0.775361 0.998193 1 43 1.000000
  43 -25.558069 -0.129973 58.136848 0.992978 -0.014163 0.117448 0.775361 0.987856 1 43 1.000000
  43 -25.561598 -0.354039 58.139645 0.993009 -0.014201 0.117177 0.775361 0.998193 1 43 1.000000
ring
  43 -25.646307 0.295330 58.161217 0.008731 0.998852 0.047099 0.766291 0.965942 1 43 1.000000
  43 -25.559509 0.294117 58.171574 0.008663 0.998975 0.044429 0.775361 0.965942 1 43 1.000000
  43 -25.557987 0.294672 58.158787 0.008670 0.998963 0.044704 0.775361 0.965942 1 43 1.000000
ring
  43 -25.644791 0.295924 58.148426 0.008738 0.998839 0.047373 0.766291 0.965942 1 43 1.000000
  43 -25.646307 0.295330 58.161217 0.008731 0.998852 0.047099 0.766291 0.965942 1 43 1.000000
  43 -25.557987 0.294672 58.158787 0.008670 0.998963 0.044704 0.775361 0.965942 1 43 1.000000
ring
  43 -25.644142 -0.048863 58.130043 -0.992878 0.004549 -0.119049 0.766291 0.984164 1 43 1.000000
  43 -25.645683 -0.049417 58.142864 -0.992874 0.004553 -0.119084 0.766291 0.984164 1 43 1.000000
  43 -25.646307 0.295330 58.161217 -0.993045 0.004399 -0.117652 0.766291 0.965942 1 43 1.000000
ring
  43 -25.644791 0.295924 58.148426 -0.993049 0.004395 -0.117617 0.766291 0.965942 1 43 1.000000
  43 -25.644142 -0.048863 58.130043 -0.992878 0.004549 -0.119049 0.766291 0.984164 1 43 1.000000
  43 -25.646307 0.295330 58.161217 -0.993045 0.004399 -0.117652 0.766291 0.965942 1 43 1.000000
ring
  43 -25.644869 -0.128722 58.126484 -0.008775 -0.998983 -0.044231 0.766291 0.987856 1 43 1.000000
  43 -25.646414 -0.129276 58.139305 -0.008775 -0.998983 -0.044229 0.766291 0.987856 1 43 1.000000
  43 -25.778437 -0.127418 58.123550 -0.008777 -0.998982 -0.044258 0.752498 0.987856 2 43 0.991855 44 0.008145
ring
  43 -25.776894 -0.126864 58.110737 -0.008777 -0.998981 -0.044260 0.752498 0.987856 2 43 0.991855 44 0.008145
  43 -25.644869 -0.128722 58.126484 -0.008775 -0.998983 -0.044231 0.766291 0.987856 1 43 1.000000
  43 -25.778437 -0.127418 58.123550 -0.008777 -0.998982 -0.044258 0.752498 0.987856 2 43 0.991855 44 0.008145
ring
  43 -25.777710 -0.047626 58.127117 0.008217 0.998853 0.047165 0.752498 0.984164 2 43 0.986111 44 0.013889
  43 -25.645683 -0.049417 58.142864 0.008285 0.998990 0.044168 0.766291 0.984164 1 43 1.000000
  43 -25.644142 -0.048863 58.130043 0.008281 0.998981 0.044365 0.766291 0.984164 1 43 1.000000
ring
  43 -25.776192 -0.047032 58.114323 0.008213 0.998844 0.047362 0.752498 0.984164 2 43 0.986111 44 0.013889
  43 -25.777710 -0.047626 58.127117 0.008217 0.998853 0.047165 0.752498 0.984164 2 43 0.986111 44 0.013889
  43 -25.644142 -0.048863 58.130043 0.008281 0.998981 0.044365 0.766291 0.984164 1 43 1.000000
ring
  43 -25.778437 -0.127418 58.123550 -0.992809 0.014100 -0.118878 0.752498 0.987856 2 43 0.991855 44 0.008145
  43 -25.777710 -0.047626 58.127117 -0.992999 0.014244 -0.117263 0.752498 0.984164 2 43 0.986111 44 0.013889
  43 -25.776192 -0.047032 58.114323 -0.992977 0.014227 -0.117447 0.752498 0.984164 2 43 0.986111 44 0.013889
ring
  43 -25.776894 -0.126864 58.110737 -0.992787 0.014084 -0.119061 0.752498 0.987856 2 43 0.991855 44 0.008145
  43 -25.778437 -0.127418 58.123550 -0.992809 0.014100 -0.118878 0.752498 0.987856 2 43 0.991855 44 0.008145
  43 -25.776192 -0.047032 58.114323 -0.992977 0.014227 -0.117447 0.752498 0.984164 2 43 0.986111 44 0.013889
ring
  13 24.629868 1.920911 57.717205 0.040550 0.903987 0.425632 0.724209 0.944323 1 13 1.000000
  13 24.607428 1.925244 57.720631 0.232570 0.884430 0.404592 0.724212 0.950415 1 13 1.000000
  13 24.613232 1.902175 57.812637 0.208575 0.977417 0.033931 0.735638 0.950427 1 13 1.000000
ring
  13 24.603098 1.981816 57.644405 0.250327 0.656456 0.711619 0.712796 0.950403 1 13 1.000000
  13 24.607428 1.925244 57.720631 0.232570 0.884430 0.404592 0.724212 0.950415 1 13 1.000000
  13 24.629868 1.920911 57.717205 0.040550 0.903987 0.425632 0.724209 0.944323 1 13 1.000000
ring
  13 24.635801 1.897418 57.810898 0.016431 0.998719 0.047860 0.735635 0.944323 1 13 1.000000
  13 24.629868 1.920911 57.717205 0.040550 0.903987 0.425632 0.724209 0.944323 1 13 1.000000
  13 24.613232 1.902175 57.812637 0.208575 0.977417 0.033931 0.735638 0.950427 1 13 1.000000
ring
  13 24.625458 1.978505 57.639591 0.058387 0.671768 0.738457 0.712793 0.944323 1 13 1.000000
  13 24.603098 1.981816 57.644405 0.250327 0.656456 0.711619 0.712796 0.950403 1 13 1.000000
  13 24.629868 1.920911 57.717205 0.040550 0.903987 0.425632 0.724209 0.944323 1 13 1.000000
ring
  13 24.600924 2.063316 57.595562 0.258794 0.328143 0.908487 0.701382 0.950386 1 13 1.000000
  13 24.603098 1.981816 57.644405 0.250327 0.656456 0.711619 0.712796 0.950403 1 13 1.000000
  13 24.625458 1.978505 57.639591 0.058387 0.671768 0.738457 0.712793 0.944323 1 13 1.000000
ring
  13 24.635801 1.897418 57.810898 0.016431 0.998719 0.047860 0.735635 0.944323 1 13 1.000000
  13 24.613232 1.902175 57.812637 0.208575 0.977417 0.033931 0.735638 0.950427 1 13 1.000000
  13 24.642353 1.911656 57.906399 -0.009919 0.941483 -0.336915 0.747076 0.944323 1 13 1.000000
ring
  13 24.613232 1.902175 57.812637 0.208575 0.977417 0.033931 0.735638 0.950427 1 13 1.000000
  13 24.619663 1.916157 57.906399 0.182756 0.921255 -0.343349 0.747079 0.950437 1 13 1.000000
  13 24.642353 1.911656 57.906399 -0.009919 0.941483 -0.336915 0.747076 0.944323 1 13 1.000000
ring
  13 24.642353 1.911656 57.906399 -0.009919 0.941483 -0.336915 0.747076 0.944323 1 13 1.000000
  13 24.619663 1.916157 57.906399 0.182756 0.921255 -0.343349 0.747079 0.950437 1 13 1.000000
  13 24.625885 1.964957 57.987724 0.158294 0.724457 -0.670898 0.758531 0.950439 2 13 0.991855 14 0.008145
ring
  13 24.629868 1.920911 57.717205 0.040550 0.903987 0.425632 0.724209 0.944323 1 13 1.000000
  13 24.635801 1.897418 57.810898 0.016431 0.998719 0.047860 0.735635 0.944323 1 13 1.000000
  13 24.658485 1.901567 57.809620 -0.176312 0.982527 0.059629 0.735632 0.938598 1 13 1.000000
ring
  13 24.658485 1.901567 57.809620 -0.176312 0.982527 0.059629 0.735632 0.938598 1 13 1.000000
  13 24.635801 1.897418 57.810898 0.016431 0.998719 0.047860 0.735635 0.944323 1 13 1.000000
  13 24.642353 1.911656 57.906399 -0.009919 0.941483 -0.336915 0.747076 0.944323 1 13 1.000000
ring
  13 24.652683 1.924636 57.717613 -0.152963 0.889639 0.430285 0.724206 0.938599 1 13 1.000000
  13 24.629868 1.920911 57.717205 0.040550 0.903987 0.425632 0.724209 0.944323 1 13 1.000000
  13 24.658485 1.901567 57.809620 -0.176312 0.982527 0.059629 0.735632 0.938598 1 13 1.000000
ring
  13 24.652683 1.924636 57.717613 -0.152963 0.889639 0.430285 0.724206 0.938599 1 13 1.000000
  13 24.648354 1.981208 57.641384 -0.135740 0.661661 0.737414 0.712790 0.938594 1 13 1.000000
  13 24.629868 1.920911 57.717205 0.040550 0.903987 0.425632 0.724209 0.944323 1 13 1.000000
ring
  13 24.648354 1.981208 57.641384 -0.135740 0.661661 0.737414 0.712790 0.938594 1 13 1.000000
  13 24.625458 1.978505 57.639591 0.058387 0.671768 0.738457 0.712793 0.944323 1 13 1.000000
  13 24.629868 1.920911 57.717205 0.040550 0.903987 0.425632 0.724209 0.944323 1 13 1.000000
ring
  13 24.664932 1.915549 57.903370 -0.202428 0.926382 -0.317551 0.747073 0.938595 1 13 1.000000
  13 24.658485 1.901567 57.809620 -0.176312 0.982527 0.059629 0.735632 0.938598 1 13 1.000000
  13 24.642353 1.911656 57.906399 -0.009919 0.941483 -0.336915 0.747076 0.944323 1 13 1.000000
ring
  13 24.648354 1.981208 57.641384 -0.135740 0.661661 0.737414 0.712790 0.938594 1 13 1.000000
  13 24.646185 2.062709 57.592533 -0.126737 0.333388 0.934232 0.701381 0.938576 1 13 1.000000
  13 24.625458 1.978505 57.639591 0.058387 0.671768 0.738457 0.712793 0.944323 1 13 1.000000
ring
  13 24.664932 1.915549 57.903370 -0.202428 0.926382 -0.317551 0.747073 0.938595 1 13 1.000000
  13 24.642353 1.911656 57.906399 -0.009919 0.941483 -0.336915 0.747076 0.944323 1 13 1.000000
  13 24.648678 1.961345 57.989204 -0.035543 0.740960 -0.670608 0.758528 0.944323 2 13 0.991855 14 0.008145
ring
  13 24.648678 1.961345 57.989204 -0.035543 0.740960 -0.670608 0.758528 0.944323 2 13 0.991855 14 0.008145
  13 24.642353 1.911656 57.906399 -0.009919 0.941483 -0.336915 0.747076 0.944323 1 13 1.000000
  13 24.625885 1.964957 57.987724 0.158294 0.724457 -0.670898 0.758531 0.950439 2 13 0.991855 14 0.008145
ring
  13 24.671146 1.964365 57.984692 -0.227965 0.729409 -0.644976 0.758524 0.938587 2 13 0.991855 14 0.008145
  13 24.664932 1.915549 57.903370 -0.202428 0.926382 -0.317551 0.747073 0.938595 1 13 1.000000
  13 24.648678 1.961345 57.989204 -0.035543 0.740960 -0.670608 0.758528 0.944323 2 13 0.991855 14 0.008145
ring
  13 24.648678 1.961345 57.989204 -0.035543 0.740960 -0.670608 0.758528 0.944323 2 13 0.991855 14 0.008145
  13 24.625885 1.964957 57.987724 0.158294 0.724457 -0.670898 0.758531 0.950439 2 13 0.991855 14 0.008145
  13 24.630669 2.041311 58.044125 0.138768 0.416638 -0.898419 0.769991 0.950433 2 13 0.991855 14 0.008145
ring
  13 24.671146 1.964365 57.984692 -0.227965 0.729409 -0.644976 0.758524 0.938587 2 13 0.991855 14 0.008145
  13 24.648678 1.961345 57.989204 -0.035543 0.740960 -0.670608 0.758528 0.944323 2 13 0.991855 14 0.008145
  13 24.675932 2.040718 58.041080 -0.246807 0.421588 -0.872553 0.769984 0.938574 2 13 0.991855 14 0.008145
ring
  13 24.653553 2.039115 58.046631 -0.055034 0.427093 -0.902531 0.769988 0.944323 2 13 0.991855 14 0.008145
  13 24.648678 1.961345 57.989204 -0.035543 0.740960 -0.670608 0.758528 0.944323 2 13 0.991855 14 0.008145
  13 24.630669 2.041311 58.044125 0.138768 0.416638 -0.898419 0.769991 0.950433 2 13 0.991855 14 0.008145
ring
  13 24.648678 1.961345 57.989204 -0.035543 0.740960 -0.670608 0.758528 0.944323 2 13 0.991855 14 0.008145
  13 24.653553 2.039115 58.046631 -0.055034 0.427093 -0.902531 0.769988 0.944323 2 13 0.991855 14 0.008145
  13 24.675932 2.040718 58.041080 -0.246807 0.421588 -0.872553 0.769984 0.938574 2 13 0.991855 14 0.008145
ring
  13 24.653553 2.039115 58.046631 -0.055034 0.427093 -0.902531 0.769988 0.944323 2 13 0.991855 14 0.008145
  13 24.630669 2.041311 58.044125 0.138768 0.416638 -0.898419 0.769991 0.950433 2 13 0.991855 14 0.008145
  13 24.656345 2.132961 58.069969 -0.066296 0.048792 -0.996606 0.781453 0.944323 2 13 0.991855 14 0.008145
ring
  13 24.675932 2.040718 58.041080 -0.246807 0.421588 -0.872553 0.769984 0.938574 2 13 0.991855 14 0.008145
  13 24.653553 2.039115 58.046631 -0.055034 0.427093 -0.902531 0.769988 0.944323 2 13 0.991855 14 0.008145
  13 24.656345 2.132961 58.069969 -0.066296 0.048792 -0.996606 0.781453 0.944323 2 13 0.991855 14 0.008145
ring
  13 24.630669 2.041311 58.044125 0.138768 0.416638 -0.898419 0.769991 0.950433 2 13 0.991855 14 0.008145
  13 24.633413 2.133475 58.067047 0.127158 0.045354 -0.990845 0.781457 0.950416 2 13 0.991855 14 0.008145
  13 24.656345 2.132961 58.069969 -0.066296 0.048792 -0.996606 0.781453 0.944323 2 13 0.991855 14 0.008145
ring
  13 24.678671 2.132882 58.064007 -0.257338 0.050422 -0.965005 0.781449 0.938552 2 13 0.991855 14 0.008145
  13 24.675932 2.040718 58.041080 -0.246807 0.421588 -0.872553 0.769984 0.938574 2 13 0.991855 14 0.008145
  13 24.656345 2.132961 58.069969 -0.066296 0.048792 -0.996606 0.781453 0.944323 2 13 0.991855 14 0.008145
ring
  13 24.656345 2.132961 58.069969 -0.066296 0.048792 -0.996606 0.781453 0.944323 2 13 0.991855 14 0.008145
  13 24.633413 2.133475 58.067047 0.127158 0.045354 -0.990845 0.781457 0.950416 2 13 0.991855 14 0.008145
  13 24.656643 2.228680 58.055695 -0.067447 -0.337172 -0.939024 0.792921 0.944323 2 13 0.991855 14 0.008145
ring
  13 24.678671 2.132882 58.064007 -0.257338 0.050422 -0.965005 0.781449 0.938552 2 13 0.991855 14 0.008145
  13 24.656345 2.132961 58.069969 -0.066296 0.048792 -0.996606 0.781453 0.944323 2 13 0.991855 14 0.008145
  13 24.656643 2.228680 58.055695 -0.067447 -0.337172 -0.939024 0.792921 0.944323 2 13 0.991855 14 0.008145
ring
  13 24.678968 2.226885 58.049988 -0.258546 -0.328434 -0.908452 0.792917 0.938520 2 13 0.991855 14 0.008145
  13 24.678671 2.132882 58.064007 -0.257338 0.050422 -0.965005 0.781449 0.938552 2 13 0.991855 14 0.008145
  13 24.656643 2.228680 58.055695 -0.067447 -0.337172 -0.939024 0.792921 0.944323 2 13 0.991855 14 0.008145
ring
  13 24.633413 2.133475 58.067047 0.127158 0.045354 -0.990845 0.781457 0.950416 2 13 0.991855 14 0.008145
  13 24.633707 2.227478 58.053028 0.126300 -0.333378 -0.934295 0.792925 0.950385 2 13 0.991855 14 0.008145
  13 24.656643 2.228680 58.055695 -0.067447 -0.337172 -0.939024 0.792921 0.944323 2 13 0.991855 14 0.008145
ring
  13 24.678968 2.226885 58.049988 -0.258546 -0.328434 -0.908452 0.792917 0.938520 2 13 0.991855 14 0.008145
  13 24.656643 2.228680 58.055695 -0.067447 -0.337172 -0.939024 0.792921 0.944323 2 13 0.991855 14 0.008145
  13 24.676760 2.308350 58.001137 -0.250384 -0.656534 -0.711527 0.804384 0.938474 2 13 0.991855 14 0.008145
ring
  13 24.656643 2.228680 58.055695 -0.067447 -0.337172 -0.939024 0.792921 0.944323 2 13 0.991855 14 0.008145
  13 24.633707 2.227478 58.053028 0.126300 -0.333378 -0.934295 0.792925 0.950385 2 13 0.991855 14 0.008145
  13 24.654388 2.311653 58.005959 -0.058483 -0.671772 -0.738446 0.804389 0.944323 2 13 0.991855 14 0.008145
ring
  13 24.656643 2.228680 58.055695 -0.067447 -0.337172 -0.939024 0.792921 0.944323 2 13 0.991855 14 0.008145
  13 24.654388 2.311653 58.005959 -0.058483 -0.671772 -0.738446 0.804389 0.944323 2 13 0.991855 14 0.008145
  13 24.676760 2.308350 58.001137 -0.250384 -0.656534 -0.711527 0.804384 0.938474 2 13 0.991855 14 0.008145
ring
  13 24.633707 2.227478 58.053028 0.126300 -0.333378 -0.934295 0.792925 0.950385 2 13 0.991855 14 0.008145
  13 24.631493 2.308943 58.004177 0.135782 -0.661640 -0.737425 0.804393 0.950336 2 13 0.991855 14 0.008145
  13 24.654388 2.311653 58.005959 -0.058483 -0.671772 -0.738446 0.804389 0.944323 2 13 0.991855 14 0.008145
ring
  13 24.676760 2.308350 58.001137 -0.250384 -0.656534 -0.711527 0.804384 0.938474 2 13 0.991855 14 0.008145
  13 24.654388 2.311653 58.005959 -0.058483 -0.671772 -0.738446 0.804389 0.944323 2 13 0.991855 14 0.008145
  13 24.672379 2.364918 57.924915 -0.233536 -0.884216 -0.404503 0.815848 0.938415 2 13 0.991855 14 0.008145
ring
  13 24.654388 2.311653 58.005959 -0.058483 -0.671772 -0.738446 0.804389 0.944323 2 13 0.991855 14 0.008145
  13 24.631493 2.308943 58.004177 0.135782 -0.661640 -0.737425 0.804393 0.950336 2 13 0.991855 14 0.008145
  13 24.627113 2.365511 57.927959 0.154053 -0.889328 -0.430537 0.815858 0.950272 2 13 0.991855 14 0.008145
ring
  13 24.654388 2.311653 58.005959 -0.058483 -0.671772 -0.738446 0.804389 0.944323 2 13 0.991855 14 0.008145
  13 24.649937 2.369278 57.928341 -0.040514 -0.904025 -0.425554 0.815853 0.944323 2 13 0.991855 14 0.008145
  13 24.672379 2.364918 57.924915 -0.233536 -0.884216 -0.404503 0.815848 0.938415 2 13 0.991855 14 0.008145
ring
  13 24.649937 2.369278 57.928341 -0.040514 -0.904025 -0.425554 0.815853 0.944323 2 13 0.991855 14 0.008145
  13 24.654388 2.311653 58.005959 -0.058483 -0.671772 -0.738446 0.804389 0.944323 2 13 0.991855 14 0.008145
  13 24.627113 2.365511 57.927959 0.154053 -0.889328 -0.430537 0.815858 0.950272 2 13 0.991855 14 0.008145
ring
  13 24.672379 2.364918 57.924915 -0.233536 -0.884216 -0.404503 0.815848 0.938415 2 13 0.991855 14 0.008145
  13 24.649937 2.369278 57.928341 -0.040514 -0.904025 -0.425554 0.815853 0.944323 2 13 0.991855 14 0.008145
  13 24.666512 2.387982 57.832947 -0.208688 -0.977400 -0.033734 0.827304 0.938351 2 13 0.991855 14 0.008145
ring
  13 24.649937 2.369278 57.928341 -0.040514 -0.904025 -0.425554 0.815853 0.944323 2 13 0.991855 14 0.008145
  13 24.627113 2.365511 57.927959 0.154053 -0.889328 -0.430537 0.815858 0.950272 2 13 0.991855 14 0.008145
  13 24.621260 2.388575 57.835972 0.176227 -0.982535 -0.059741 0.827315 0.950198 2 13 0.991855 14 0.008145
ring
  13 24.649937 2.369278 57.928341 -0.040514 -0.904025 -0.425554 0.815853 0.944323 2 13 0.991855 14 0.008145
  13 24.643972 2.392732 57.834652 -0.016397 -0.998743 -0.047368 0.827310 0.944323 2 13 0.991855 14 0.008145
  13 24.666512 2.387982 57.832947 -0.208688 -0.977400 -0.033734 0.827304 0.938351 2 13 0.991855 14 0.008145
ring
  13 24.643972 2.392732 57.834652 -0.016397 -0.998743 -0.047368 0.827310 0.944323 2 13 0.991855 14 0.008145
  13 24.649937 2.369278 57.928341 -0.040514 -0.904025 -0.425554 0.815853 0.944323 2 13 0.991855 14 0.008145
  13 24.621260 2.388575 57.835972 0.176227 -0.982535 -0.059741 0.827315 0.950198 2 13 0.991855 14 0.008145
ring
  13 24.666512 2.387982 57.832947 -0.208688 -0.977400 -0.033734 0.827304 0.938351 2 13 0.991855 14 0.008145
  13 24.643972 2.392732 57.834652 -0.016397 -0.998743 -0.047368 0.827310 0.944323 2 13 0.991855 14 0.008145
  13 24.637327 2.378474 57.739201 0.008012 -0.941403 0.337189 0.838754 0.944323 2 13 0.986111 14 0.013889
ring
  13 24.643972 2.392732 57.834652 -0.016397 -0.998743 -0.047368 0.827310 0.944323 2 13 0.991855 14 0.008145
  13 24.621260 2.388575 57.835972 0.176227 -0.982535 -0.059741 0.827315 0.950198 2 13 0.991855 14 0.008145
  13 24.637327 2.378474 57.739201 0.008012 -0.941403 0.337189 0.838754 0.944323 2 13 0.986111 14 0.013889
ring
  13 24.621260 2.388575 57.835972 0.176227 -0.982535 -0.059741 0.827315 0.950198 2 13 0.991855 14 0.008145
  13 24.614899 2.374668 57.742123 0.198657 -0.926902 0.318413 0.838759 0.950122 1 13 1.000000
  13 24.637327 2.378474 57.739201 0.008012 -0.941403 0.337189 0.838754 0.944323 2 13 0.986111 14 0.013889
ring
  13 24.660009 2.373952 57.739201 -0.183524 -0.920907 0.343874 0.838749 0.938285 2 13 0.986111 14 0.013889
  13 24.666512 2.387982 57.832947 -0.208688 -0.977400 -0.033734 0.827304 0.938351 2 13 0.991855 14 0.008145
  13 24.637327 2.378474 57.739201 0.008012 -0.941403 0.337189 0.838754 0.944323 2 13 0.986111 14 0.013889
ring
  13 24.637327 2.378474 57.739201 0.008012 -0.941403 0.337189 0.838754 0.944323 2 13 0.986111 14 0.013889
  13 24.614899 2.374668 57.742123 0.198657 -0.926902 0.318413 0.838759 0.950122 1 13 1.000000
  13 24.608816 2.325801 57.660858 0.224037 -0.729833 0.645873 0.850198 0.950047 1 13 1.000000
ring
  13 24.660009 2.373952 57.739201 -0.183524 -0.920907 0.343874 0.838749 0.938285 2 13 0.986111 14 0.013889
  13 24.637327 2.378474 57.739201 0.008012 -0.941403 0.337189 0.838754 0.944323 2 13 0.986111 14 0.013889
  13 24.631184 2.328738 57.656418 0.033518 -0.740922 0.670754 0.850192 0.944323 2 13 0.991855 14 0.008145
ring
  13 24.631184 2.328738 57.656418 0.033518 -0.740922 0.670754 0.850192 0.944323 2 13 0.991855 14 0.008145
  13 24.637327 2.378474 57.739201 0.008012 -0.941403 0.337189 0.838754 0.944323 2 13 0.986111 14 0.013889
  13 24.608816 2.325801 57.660858 0.224037 -0.729833 0.645873 0.850198 0.950047 1 13 1.000000
ring
  13 24.653976 2.325126 57.657894 -0.158318 -0.724456 0.670894 0.850187 0.938213 2 13 0.991855 14 0.008145
  13 24.660009 2.373952 57.739201 -0.183524 -0.920907 0.343874 0.838749 0.938285 2 13 0.986111 14 0.013889
  13 24.631184 2.328738 57.656418 0.033518 -0.740922 0.670754 0.850192 0.944323 2 13 0.991855 14 0.008145
ring
  13 24.631184 2.328738 57.656418 0.033518 -0.740922 0.670754 0.850192 0.944323 2 13 0.991855 14 0.008145
  13 24.608816 2.325801 57.660858 0.224037 -0.729833 0.645873 0.850198 0.950047 1 13 1.000000
  13 24.604017 2.249483 57.604465 0.246158 -0.422128 0.872475 0.861633 0.949982 1 13 1.000000
ring
  13 24.653976 2.325126 57.657894 -0.158318 -0.724456 0.670894 0.850187 0.938213 2 13 0.991855 14 0.008145
  13 24.631184 2.328738 57.656418 0.033518 -0.740922 0.670754 0.850192 0.944323 2 13 0.991855 14 0.008145
  13 24.649195 2.248806 57.601505 -0.142538 -0.416509 0.897888 0.861627 0.938145 2 13 0.991855 14 0.008145
ring
  13 24.626404 2.251081 57.598919 0.052549 -0.427666 0.902408 0.861631 0.944323 1 13 1.000000
  13 24.631184 2.328738 57.656418 0.033518 -0.740922 0.670754 0.850192 0.944323 2 13 0.991855 14 0.008145
  13 24.604017 2.249483 57.604465 0.246158 -0.422128 0.872475 0.861633 0.949982 1 13 1.000000
ring
  13 24.631184 2.328738 57.656418 0.033518 -0.740922 0.670754 0.850192 0.944323 2 13 0.991855 14 0.008145
  13 24.626404 2.251081 57.598919 0.052549 -0.427666 0.902408 0.861631 0.944323 1 13 1.000000
  13 24.649195 2.248806 57.601505 -0.142538 -0.416509 0.897888 0.861627 0.938145 2 13 0.991855 14 0.008145
ring
  13 24.626404 2.251081 57.598919 0.052549 -0.427666 0.902408 0.861631 0.944323 1 13 1.000000
  13 24.604017 2.249483 57.604465 0.246158 -0.422128 0.872475 0.861633 0.949982 1 13 1.000000
  13 24.601248 2.157286 57.581543 0.249230 -0.240595 0.938082 0.873329 0.950204 1 13 1.000000
ring
  13 24.623583 2.157200 57.575592 0.061244 -0.242840 0.968131 0.873443 0.944323 1 13 1.000000
  13 24.626404 2.251081 57.598919 0.052549 -0.427666 0.902408 0.861631 0.944323 1 13 1.000000
  13 24.601248 2.157286 57.581543 0.249230 -0.240595 0.938082 0.873329 0.950204 1 13 1.000000
ring
  13 24.649195 2.248806 57.601505 -0.142538 -0.416509 0.897888 0.861627 0.938145 2 13 0.991855 14 0.008145
  13 24.626404 2.251081 57.598919 0.052549 -0.427666 0.902408 0.861631 0.944323 1 13 1.000000
  13 24.623583 2.157200 57.575592 0.061244 -0.242840 0.968131 0.873443 0.944323 1 13 1.000000
ring
  13 24.646507 2.156679 57.578522 -0.128214 -0.236488 0.963138 0.873332 0.938004 1 13 1.000000
  13 24.649195 2.248806 57.601505 -0.142538 -0.416509 0.897888 0.861627 0.938145 2 13 0.991855 14 0.008145
  13 24.623583 2.157200 57.575592 0.061244 -0.242840 0.968131 0.873443 0.944323 1 13 1.000000
ring
  13 24.623255 2.061515 57.589851 0.067275 0.337036 0.939085 0.701380 0.944323 1 13 1.000000
  13 24.600924 2.063316 57.595562 0.258794 0.328143 0.908487 0.701382 0.950386 1 13 1.000000
  13 24.625458 1.978505 57.639591 0.058387 0.671768 0.738457 0.712793 0.944323 1 13 1.000000
ring
  13 24.601248 2.157286 57.581543 0.255329 0.141677 0.956418 0.689704 0.950439 1 13 1.000000
  13 24.600924 2.063316 57.595562 0.258794 0.328143 0.908487 0.701382 0.950386 1 13 1.000000
  13 24.623255 2.061515 57.589851 0.067275 0.337036 0.939085 0.701380 0.944323 1 13 1.000000
ring
  13 24.646185 2.062709 57.592533 -0.126737 0.333388 0.934232 0.701381 0.938576 1 13 1.000000
  13 24.623255 2.061515 57.589851 0.067275 0.337036 0.939085 0.701380 0.944323 1 13 1.000000
  13 24.625458 1.978505 57.639591 0.058387 0.671768 0.738457 0.712793 0.944323 1 13 1.000000
ring
  13 24.623583 2.157200 57.575592 0.067819 0.146825 0.986835 0.689596 0.944323 1 13 1.000000
  13 24.601248 2.157286 57.581543 0.255329 0.141677 0.956418 0.689704 0.950439 1 13 1.000000
  13 24.623255 2.061515 57.589851 0.067275 0.337036 0.939085 0.701380 0.944323 1 13 1.000000
ring
  13 24.646185 2.062709 57.592533 -0.126737 0.333388 0.934232 0.701381 0.938576 1 13 1.000000
  13 24.646507 2.156679 57.578522 -0.122118 0.146707 0.981613 0.689712 0.938268 1 13 1.000000
  13 24.623255 2.061515 57.589851 0.067275 0.337036 0.939085 0.701380 0.944323 1 13 1.000000
ring
  13 24.646507 2.156679 57.578522 -0.122118 0.146707 0.981613 0.689712 0.938268 1 13 1.000000
  13 24.623583 2.157200 57.575592 0.067819 0.146825 0.986835 0.689596 0.944323 1 13 1.000000
  13 24.623255 2.061515 57.589851 0.067275 0.337036 0.939085 0.701380 0.944323 1 13 1.000000
ring
  13 24.635712 1.892151 57.810642 -0.016678 -0.998718 -0.047783 0.735635 0.944323 1 13 1.000000
  13 24.612684 1.897016 57.812397 -0.209125 -0.977295 -0.034076 0.735638 0.950427 1 13 1.000000
  13 24.606720 1.920555 57.718437 -0.232629 -0.884338 -0.404758 0.724212 0.950415 1 13 1.000000
ring
  13 24.635712 1.892151 57.810642 -0.016678 -0.998718 -0.047783 0.735635 0.944323 1 13 1.000000
  13 24.642399 1.906663 57.908180 0.009628 -0.941489 0.336906 0.747076 0.944323 1 13 1.000000
  13 24.612684 1.897016 57.812397 -0.209125 -0.977295 -0.034076 0.735638 0.950427 1 13 1.000000
ring
  13 24.642399 1.906663 57.908180 0.009628 -0.941489 0.336906 0.747076 0.944323 1 13 1.000000
  13 24.619255 1.911273 57.908188 -0.183386 -0.921079 0.343486 0.747079 0.950437 1 13 1.000000
  13 24.612684 1.897016 57.812397 -0.209125 -0.977295 -0.034076 0.735638 0.950427 1 13 1.000000
ring
  13 24.629660 1.916115 57.714958 -0.040306 -0.904025 -0.425574 0.724209 0.944323 1 13 1.000000
  13 24.635712 1.892151 57.810642 -0.016678 -0.998718 -0.047783 0.735635 0.944323 1 13 1.000000
  13 24.606720 1.920555 57.718437 -0.232629 -0.884338 -0.404758 0.724212 0.950415 1 13 1.000000
ring
  13 24.629660 1.916115 57.714958 -0.040306 -0.904025 -0.425574 0.724209 0.944323 1 13 1.000000
  13 24.606720 1.920555 57.718437 -0.232629 -0.884338 -0.404758 0.724212 0.950415 1 13 1.000000
  13 24.602293 1.978365 57.640598 -0.249857 -0.656393 -0.711842 0.712796 0.950403 1 13 1.000000
ring
  13 24.635712 1.892151 57.810642 -0.016678 -0.998718 -0.047783 0.735635 0.944323 1 13 1.000000
  13 24.658907 1.896395 57.809311 0.176339 -0.982510 -0.059819 0.735632 0.938598 1 13 1.000000
  13 24.642399 1.906663 57.908180 0.009628 -0.941489 0.336906 0.747076 0.944323 1 13 1.000000
ring
  13 24.652937 1.919934 57.715359 0.153462 -0.889477 -0.430441 0.724206 0.938599 1 13 1.000000
  13 24.658907 1.896395 57.809311 0.176339 -0.982510 -0.059819 0.735632 0.938598 1 13 1.000000
  13 24.635712 1.892151 57.810642 -0.016678 -0.998718 -0.047783 0.735635 0.944323 1 13 1.000000
ring
  13 24.629660 1.916115 57.714958 -0.040306 -0.904025 -0.425574 0.724209 0.944323 1 13 1.000000
  13 24.652937 1.919934 57.715359 0.153462 -0.889477 -0.430441 0.724206 0.938599 1 13 1.000000
  13 24.635712 1.892151 57.810642 -0.016678 -0.998718 -0.047783 0.735635 0.944323 1 13 1.000000
ring
  13 24.658907 1.896395 57.809311 0.176339 -0.982510 -0.059819 0.735632 0.938598 1 13 1.000000
  13 24.665480 1.910652 57.905102 0.202518 -0.926328 0.317653 0.747073 0.938595 1 13 1.000000
  13 24.642399 1.906663 57.908180 0.009628 -0.941489 0.336906 0.747076 0.944323 1 13 1.000000
ring
  13 24.648542 1.977743 57.637535 0.135929 -0.661560 -0.737470 0.712790 0.938594 1 13 1.000000
  13 24.652937 1.919934 57.715359 0.153462 -0.889477 -0.430441 0.724206 0.938599 1 13 1.000000
  13 24.629660 1.916115 57.714958 -0.040306 -0.904025 -0.425574 0.724209 0.944323 1 13 1.000000
ring
  13 24.642399 1.906663 57.908180 0.009628 -0.941489 0.336906 0.747076 0.944323 1 13 1.000000
  13 24.665480 1.910652 57.905102 0.202518 -0.926328 0.317653 0.747073 0.938595 1 13 1.000000
  13 24.648857 1.957458 57.992775 0.035095 -0.740895 0.670703 0.758528 0.944323 2 13 0.991855 14 0.008145
ring
  13 24.642399 1.906663 57.908180 0.009628 -0.941489 0.336906 0.747076 0.944323 1 13 1.000000
  13 24.648857 1.957458 57.992775 0.035095 -0.740895 0.670703 0.758528 0.944323 2 13 0.991855 14 0.008145
  13 24.619255 1.911273 57.908188 -0.183386 -0.921079 0.343486 0.747079 0.950437 1 13 1.000000
ring
  13 24.665480 1.910652 57.905102 0.202518 -0.926328 0.317653 0.747073 0.938595 1 13 1.000000
  13 24.671827 1.960542 57.988152 0.227706 -0.729414 0.645062 0.758524 0.938587 2 13 0.991855 14 0.008145
  13 24.648857 1.957458 57.992775 0.035095 -0.740895 0.670703 0.758528 0.944323 2 13 0.991855 14 0.008145
ring
  13 24.648857 1.957458 57.992775 0.035095 -0.740895 0.670703 0.758528 0.944323 2 13 0.991855 14 0.008145
  13 24.625605 1.961147 57.991257 -0.158947 -0.724338 0.670873 0.758531 0.950439 2 13 0.991855 14 0.008145
  13 24.619255 1.911273 57.908188 -0.183386 -0.921079 0.343486 0.747079 0.950437 1 13 1.000000
ring
  13 24.671827 1.960542 57.988152 0.227706 -0.729414 0.645062 0.758524 0.938587 2 13 0.991855 14 0.008145
  13 24.676706 2.038507 58.045731 0.247488 -0.421516 0.872395 0.769984 0.938574 2 13 0.991855 14 0.008145
  13 24.648857 1.957458 57.992775 0.035095 -0.740895 0.670703 0.758528 0.944323 2 13 0.991855 14 0.008145
ring
  13 24.648857 1.957458 57.992775 0.035095 -0.740895 0.670703 0.758528 0.944323 2 13 0.991855 14 0.008145
  13 24.653847 2.036837 58.051407 0.054899 -0.427235 0.902472 0.769988 0.944323 2 13 0.991855 14 0.008145
  13 24.625605 1.961147 57.991257 -0.158947 -0.724338 0.670873 0.758531 0.950439 2 13 0.991855 14 0.008145
ring
  13 24.676706 2.038507 58.045731 0.247488 -0.421516 0.872395 0.769984 0.938574 2 13 0.991855 14 0.008145
  13 24.653847 2.036837 58.051407 0.054899 -0.427235 0.902472 0.769988 0.944323 2 13 0.991855 14 0.008145
  13 24.648857 1.957458 57.992775 0.035095 -0.740895 0.670703 0.758528 0.944323 2 13 0.991855 14 0.008145
ring
  13 24.653847 2.036837 58.051407 0.054899 -0.427235 0.902472 0.769988 0.944323 2 13 0.991855 14 0.008145
  13 24.630487 2.039113 58.048828 -0.139887 -0.416362 0.898373 0.769991 0.950433 2 13 0.991855 14 0.008145
  13 24.625605 1.961147 57.991257 -0.158947 -0.724338 0.670873 0.758531 0.950439 2 13 0.991855 14 0.008145
ring
  13 24.653847 2.036837 58.051407 0.054899 -0.427235 0.902472 0.769988 0.944323 2 13 0.991855 14 0.008145
  13 24.676706 2.038507 58.045731 0.247488 -0.421516 0.872395 0.769984 0.938574 2 13 0.991855 14 0.008145
  13 24.656675 2.132703 58.075245 0.065976 -0.048759 0.996629 0.781453 0.944323 2 13 0.991855 14 0.008145
ring
  13 24.653847 2.036837 58.051407 0.054899 -0.427235 0.902472 0.769988 0.944323 2 13 0.991855 14 0.008145
  13 24.656675 2.132703 58.075245 0.065976 -0.048759 0.996629 0.781453 0.944323 2 13 0.991855 14 0.008145
  13 24.630487 2.039113 58.048828 -0.139887 -0.416362 0.898373 0.769991 0.950433 2 13 0.991855 14 0.008145
ring
  13 24.676706 2.038507 58.045731 0.247488 -0.421516 0.872395 0.769984 0.938574 2 13 0.991855 14 0.008145
  13 24.679506 2.132623 58.069126 0.258373 -0.050358 0.964732 0.781449 0.938552 2 13 0.991855 14 0.008145
  13 24.656675 2.132703 58.075245 0.065976 -0.048759 0.996629 0.781453 0.944323 2 13 0.991855 14 0.008145
ring
  13 24.656675 2.132703 58.075245 0.065976 -0.048759 0.996629 0.781453 0.944323 2 13 0.991855 14 0.008145
  13 24.633284 2.133229 58.072231 -0.128905 -0.045331 0.990620 0.781457 0.950416 2 13 0.991855 14 0.008145
  13 24.630487 2.039113 58.048828 -0.139887 -0.416362 0.898373 0.769991 0.950433 2 13 0.991855 14 0.008145
ring
  13 24.679506 2.132623 58.069126 0.258373 -0.050358 0.964732 0.781449 0.938552 2 13 0.991855 14 0.008145
  13 24.679808 2.228617 58.054825 0.259110 0.328177 0.908384 0.792917 0.938520 2 13 0.991855 14 0.008145
  13 24.656675 2.132703 58.075245 0.065976 -0.048759 0.996629 0.781453 0.944323 2 13 0.991855 14 0.008145
ring
  13 24.633284 2.133229 58.072231 -0.128905 -0.045331 0.990620 0.781457 0.950416 2 13 0.991855 14 0.008145
  13 24.656675 2.132703 58.075245 0.065976 -0.048759 0.996629 0.781453 0.944323 2 13 0.991855 14 0.008145
  13 24.633587 2.229222 58.057919 -0.126998 0.333296 0.934230 0.792925 0.950385 2 13 0.991855 14 0.008145
ring
  13 24.656675 2.132703 58.075245 0.065976 -0.048759 0.996629 0.781453 0.944323 2 13 0.991855 14 0.008145
  13 24.657007 2.230447 58.060661 0.067349 0.336985 0.939098 0.792921 0.944323 2 13 0.991855 14 0.008145
  13 24.633587 2.229222 58.057919 -0.126998 0.333296 0.934230 0.792925 0.950385 2 13 0.991855 14 0.008145
ring
  13 24.679808 2.228617 58.054825 0.259110 0.328177 0.908384 0.792917 0.938520 2 13 0.991855 14 0.008145
  13 24.657007 2.230447 58.060661 0.067349 0.336985 0.939098 0.792921 0.944323 2 13 0.991855 14 0.008145
  13 24.656675 2.132703 58.075245 0.065976 -0.048759 0.996629 0.781453 0.944323 2 13 0.991855 14 0.008145
ring
  13 24.633587 2.229222 58.057919 -0.126998 0.333296 0.934230 0.792925 0.950385 2 13 0.991855 14 0.008145
  13 24.657007 2.230447 58.060661 0.067349 0.336985 0.939098 0.792921 0.944323 2 13 0.991855 14 0.008145
  13 24.631334 2.312440 58.008057 -0.136185 0.661446 0.737525 0.804393 0.950336 2 13 0.991855 14 0.008145
ring
  13 24.657007 2.230447 58.060661 0.067349 0.336985 0.939098 0.792921 0.944323 2 13 0.991855 14 0.008145
  13 24.679808 2.228617 58.054825 0.259110 0.328177 0.908384 0.792917 0.938520 2 13 0.991855 14 0.008145
  13 24.654690 2.315209 58.009888 0.058262 0.671694 0.738534 0.804389 0.944323 2 13 0.991855 14 0.008145
ring
  13 24.657007 2.230447 58.060661 0.067349 0.336985 0.939098 0.792921 0.944323 2 13 0.991855 14 0.008145
  13 24.654690 2.315209 58.009888 0.058262 0.671694 0.738534 0.804389 0.944323 2 13 0.991855 14 0.008145
  13 24.631334 2.312440 58.008057 -0.136185 0.661446 0.737525 0.804393 0.950336 2 13 0.991855 14 0.008145
ring
  13 24.679808 2.228617 58.054825 0.259110 0.328177 0.908384 0.792917 0.938520 2 13 0.991855 14 0.008145
  13 24.677551 2.311835 58.004948 0.250568 0.656519 0.711476 0.804384 0.938474 2 13 0.991855 14 0.008145
  13 24.654690 2.315209 58.009888 0.058262 0.671694 0.738534 0.804389 0.944323 2 13 0.991855 14 0.008145
ring
  13 24.631334 2.312440 58.008057 -0.136185 0.661446 0.737525 0.804393 0.950336 2 13 0.991855 14 0.008145
  13 24.654690 2.315209 58.009888 0.058262 0.671694 0.738534 0.804389 0.944323 2 13 0.991855 14 0.008145
  13 24.626863 2.370212 57.930210 -0.153178 0.889617 0.430253 0.815858 0.950272 2 13 0.991855 14 0.008145
ring
  13 24.677551 2.311835 58.004948 0.250568 0.656519 0.711476 0.804384 0.938474 2 13 0.991855 14 0.008145
  13 24.673084 2.369607 57.927109 0.232426 0.884471 0.404585 0.815848 0.938415 2 13 0.991855 14 0.008145
  13 24.654690 2.315209 58.009888 0.058262 0.671694 0.738534 0.804389 0.944323 2 13 0.991855 14 0.008145
ring
  13 24.654690 2.315209 58.009888 0.058262 0.671694 0.738534 0.804389 0.944323 2 13 0.991855 14 0.008145
  13 24.650143 2.374040 57.930588 0.040276 0.904135 0.425343 0.815853 0.944323 2 13 0.991855 14 0.008145
  13 24.626863 2.370212 57.930210 -0.153178 0.889617 0.430253 0.815858 0.950272 2 13 0.991855 14 0.008145
ring
  13 24.673084 2.369607 57.927109 0.232426 0.884471 0.404585 0.815848 0.938415 2 13 0.991855 14 0.008145
  13 24.650143 2.374040 57.930588 0.040276 0.904135 0.425343 0.815853 0.944323 2 13 0.991855 14 0.008145
  13 24.654690 2.315209 58.009888 0.058262 0.671694 0.738534 0.804389 0.944323 2 13 0.991855 14 0.008145
ring
  13 24.626863 2.370212 57.930210 -0.153178 0.889617 0.430253 0.815858 0.950272 2 13 0.991855 14 0.008145
  13 24.650143 2.374040 57.930588 0.040276 0.904135 0.425343 0.815853 0.944323 2 13 0.991855 14 0.008145
  13 24.620882 2.393749 57.836227 -0.178138 0.982156 0.060307 0.827315 0.950198 2 13 0.991855 14 0.008145
ring
  13 24.650143 2.374040 57.930588 0.040276 0.904135 0.425343 0.815853 0.944323 2 13 0.991855 14 0.008145
  13 24.673084 2.369607 57.927109 0.232426 0.884471 0.404585 0.815848 0.938415 2 13 0.991855 14 0.008145
  13 24.644060 2.398035 57.834904 0.016379 0.998722 0.047812 0.827310 0.944323 2 13 0.991855 14 0.008145
ring
  13 24.650143 2.374040 57.930588 0.040276 0.904135 0.425343 0.815853 0.944323 2 13 0.991855 14 0.008145
  13 24.644060 2.398035 57.834904 0.016379 0.998722 0.047812 0.827310 0.944323 2 13 0.991855 14 0.008145
  13 24.620882 2.393749 57.836227 -0.178138 0.982156 0.060307 0.827315 0.950198 2 13 0.991855 14 0.008145
ring
  13 24.673084 2.369607 57.927109 0.232426 0.884471 0.404585 0.815848 0.938415 2 13 0.991855 14 0.008145
  13 24.667107 2.393143 57.833118 0.210011 0.977127 0.033424 0.827304 0.938351 2 13 0.991855 14 0.008145
  13 24.644060 2.398035 57.834904 0.016379 0.998722 0.047812 0.827310 0.944323 2 13 0.991855 14 0.008145
ring
  13 24.620882 2.393749 57.836227 -0.178138 0.982156 0.060307 0.827315 0.950198 2 13 0.991855 14 0.008145
  13 24.644060 2.398035 57.834904 0.016379 0.998722 0.047812 0.827310 0.944323 2 13 0.991855 14 0.008145
  13 24.614351 2.379565 57.740395 -0.198099 0.926817 -0.319008 0.838759 0.950122 1 13 1.000000
ring
  13 24.667107 2.393143 57.833118 0.210011 0.977127 0.033424 0.827304 0.938351 2 13 0.991855 14 0.008145
  13 24.660418 2.378836 57.737408 0.182852 0.921026 -0.343913 0.838749 0.938285 2 13 0.986111 14 0.013889
  13 24.644060 2.398035 57.834904 0.016379 0.998722 0.047812 0.827310 0.944323 2 13 0.991855 14 0.008145
ring
  13 24.644060 2.398035 57.834904 0.016379 0.998722 0.047812 0.827310 0.944323 2 13 0.991855 14 0.008145
  13 24.637280 2.383434 57.737423 -0.007747 0.941324 -0.337415 0.838754 0.944323 2 13 0.986111 14 0.013889
  13 24.614351 2.379565 57.740395 -0.198099 0.926817 -0.319008 0.838759 0.950122 1 13 1.000000
ring
  13 24.660418 2.378836 57.737408 0.182852 0.921026 -0.343913 0.838749 0.938285 2 13 0.986111 14 0.013889
  13 24.637280 2.383434 57.737423 -0.007747 0.941324 -0.337415 0.838754 0.944323 2 13 0.986111 14 0.013889
  13 24.644060 2.398035 57.834904 0.016379 0.998722 0.047812 0.827310 0.944323 2 13 0.991855 14 0.008145
ring
  13 24.614351 2.379565 57.740395 -0.198099 0.926817 -0.319008 0.838759 0.950122 1 13 1.000000
  13 24.637280 2.383434 57.737423 -0.007747 0.941324 -0.337415 0.838754 0.944323 2 13 0.986111 14 0.013889
  13 24.608133 2.329658 57.657398 -0.223747 0.730051 -0.645726 0.850198 0.950047 1 13 1.000000
ring
  13 24.660418 2.378836 57.737408 0.182852 0.921026 -0.343913 0.838749 0.938285 2 13 0.986111 14 0.013889
  13 24.654261 2.328970 57.654377 0.158488 0.724678 -0.670614 0.850187 0.938213 2 13 0.991855 14 0.008145
  13 24.637280 2.383434 57.737423 -0.007747 0.941324 -0.337415 0.838754 0.944323 2 13 0.986111 14 0.013889
ring
  13 24.637280 2.383434 57.737423 -0.007747 0.941324 -0.337415 0.838754 0.944323 2 13 0.986111 14 0.013889
  13 24.630987 2.332659 57.652874 -0.033435 0.741200 -0.670451 0.850192 0.944323 2 13 0.991855 14 0.008145
  13 24.608133 2.329658 57.657398 -0.223747 0.730051 -0.645726 0.850198 0.950047 1 13 1.000000
ring
  13 24.654261 2.328970 57.654377 0.158488 0.724678 -0.670614 0.850187 0.938213 2 13 0.991855 14 0.008145
  13 24.630987 2.332659 57.652874 -0.033435 0.741200 -0.670451 0.850192 0.944323 2 13 0.991855 14 0.008145
  13 24.637280 2.383434 57.737423 -0.007747 0.941324 -0.337415 0.838754 0.944323 2 13 0.986111 14 0.013889
ring
  13 24.630987 2.332659 57.652874 -0.033435 0.741200 -0.670451 0.850192 0.944323 2 13 0.991855 14 0.008145
  13 24.626104 2.253324 57.594151 -0.052741 0.427488 -0.902481 0.861631 0.944323 1 13 1.000000
  13 24.608133 2.329658 57.657398 -0.223747 0.730051 -0.645726 0.850198 0.950047 1 13 1.000000
ring
  13 24.630987 2.332659 57.652874 -0.033435 0.741200 -0.670451 0.850192 0.944323 2 13 0.991855 14 0.008145
  13 24.654261 2.328970 57.654377 0.158488 0.724678 -0.670614 0.850187 0.938213 2 13 0.991855 14 0.008145
  13 24.626104 2.253324 57.594151 -0.052741 0.427488 -0.902481 0.861631 0.944323 1 13 1.000000
ring
  13 24.654261 2.328970 57.654377 0.158488 0.724678 -0.670614 0.850187 0.938213 2 13 0.991855 14 0.008145
  13 24.649374 2.251005 57.596798 0.143198 0.416419 -0.897825 0.861627 0.938145 2 13 0.991855 14 0.008145
  13 24.626104 2.253324 57.594151 -0.052741 0.427488 -0.902481 0.861631 0.944323 1 13 1.000000
ring
  13 24.649374 2.251005 57.596798 0.143198 0.416419 -0.897825 0.861627 0.938145 2 13 0.991855 14 0.008145
  13 24.646664 2.156926 57.573303 0.129722 0.235837 -0.963095 0.873332 0.938004 1 13 1.000000
  13 24.626104 2.253324 57.594151 -0.052741 0.427488 -0.902481 0.861631 0.944323 1 13 1.000000
ring
  13 24.626104 2.253324 57.594151 -0.052741 0.427488 -0.902481 0.861631 0.944323 1 13 1.000000
  13 24.603241 2.251695 57.599812 -0.246294 0.421838 -0.872577 0.861633 0.949982 1 13 1.000000
  13 24.608133 2.329658 57.657398 -0.223747 0.730051 -0.645726 0.850198 0.950047 1 13 1.000000
ring
  13 24.646664 2.156926 57.573303 0.129722 0.235837 -0.963095 0.873332 0.938004 1 13 1.000000
  13 24.623251 2.157458 57.570305 -0.061028 0.242668 -0.968188 0.873443 0.944323 1 13 1.000000
  13 24.626104 2.253324 57.594151 -0.052741 0.427488 -0.902481 0.861631 0.944323 1 13 1.000000
ring
  13 24.626104 2.253324 57.594151 -0.052741 0.427488 -0.902481 0.861631 0.944323 1 13 1.000000
  13 24.623251 2.157458 57.570305 -0.061028 0.242668 -0.968188 0.873443 0.944323 1 13 1.000000
  13 24.603241 2.251695 57.599812 -0.246294 0.421838 -0.872577 0.861633 0.949982 1 13 1.000000
ring
  13 24.623251 2.157458 57.570305 -0.061028 0.242668 -0.968188 0.873443 0.944323 1 13 1.000000
  13 24.600443 2.157546 57.576393 -0.249101 0.240821 -0.938059 0.873329 0.950204 1 13 1.000000
  13 24.603241 2.251695 57.599812 -0.246294 0.421838 -0.872577 0.861633 0.949982 1 13 1.000000
ring
  13 24.625137 1.974982 57.635696 -0.058048 -0.671697 -0.738548 0.712793 0.944323 1 13 1.000000
  13 24.629660 1.916115 57.714958 -0.040306 -0.904025 -0.425574 0.724209 0.944323 1 13 1.000000
  13 24.602293 1.978365 57.640598 -0.249857 -0.656393 -0.711842 0.712796 0.950403 1 13 1.000000
ring
  13 24.625137 1.974982 57.635696 -0.058048 -0.671697 -0.738548 0.712793 0.944323 1 13 1.000000
  13 24.648542 1.977743 57.637535 0.135929 -0.661560 -0.737470 0.712790 0.938594 1 13 1.000000
  13 24.629660 1.916115 57.714958 -0.040306 -0.904025 -0.425574 0.724209 0.944323 1 13 1.000000
ring
  13 24.622887 2.059713 57.584892 -0.067227 -0.337220 -0.939022 0.701380 0.944323 1 13 1.000000
  13 24.625137 1.974982 57.635696 -0.058048 -0.671697 -0.738548 0.712793 0.944323 1 13 1.000000
  13 24.602293 1.978365 57.640598 -0.249857 -0.656393 -0.711842 0.712796 0.950403 1 13 1.000000
ring
  13 24.648542 1.977743 57.637535 0.135929 -0.661560 -0.737470 0.712790 0.938594 1 13 1.000000
  13 24.625137 1.974982 57.635696 -0.058048 -0.671697 -0.738548 0.712793 0.944323 1 13 1.000000
  13 24.622887 2.059713 57.584892 -0.067227 -0.337220 -0.939022 0.701380 0.944323 1 13 1.000000
ring
  13 24.600082 2.061585 57.590725 -0.259356 -0.327953 -0.908395 0.701382 0.950386 1 13 1.000000
  13 24.622887 2.059713 57.584892 -0.067227 -0.337220 -0.939022 0.701380 0.944323 1 13 1.000000
  13 24.602293 1.978365 57.640598 -0.249857 -0.656393 -0.711842 0.712796 0.950403 1 13 1.000000
ring
  13 24.646303 2.060965 57.587639 0.127375 -0.333326 -0.934168 0.701381 0.938576 1 13 1.000000
  13 24.648542 1.977743 57.637535 0.135929 -0.661560 -0.737470 0.712790 0.938594 1 13 1.000000
  13 24.622887 2.059713 57.584892 -0.067227 -0.337220 -0.939022 0.701380 0.944323 1 13 1.000000
ring
  13 24.623251 2.157458 57.570305 -0.068035 -0.147137 -0.986773 0.689596 0.944323 1 13 1.000000
  13 24.622887 2.059713 57.584892 -0.067227 -0.337220 -0.939022 0.701380 0.944323 1 13 1.000000
  13 24.600082 2.061585 57.590725 -0.259356 -0.327953 -0.908395 0.701382 0.950386 1 13 1.000000
ring
  13 24.646303 2.060965 57.587639 0.127375 -0.333326 -0.934168 0.701381 0.938576 1 13 1.000000
  13 24.622887 2.059713 57.584892 -0.067227 -0.337220 -0.939022 0.701380 0.944323 1 13 1.000000
  13 24.623251 2.157458 57.570305 -0.068035 -0.147137 -0.986773 0.689596 0.944323 1 13 1.000000
ring
  13 24.600443 2.157546 57.576393 -0.256222 -0.141861 -0.956152 0.689704 0.950439 1 13 1.000000
  13 24.623251 2.157458 57.570305 -0.068035 -0.147137 -0.986773 0.689596 0.944323 1 13 1.000000
  13 24.600082 2.061585 57.590725 -0.259356 -0.327953 -0.908395 0.701382 0.950386 1 13 1.000000
ring
  13 24.646664 2.156926 57.573303 0.122477 -0.147111 -0.981508 0.689712 0.938268 1 13 1.000000
  13 24.646303 2.060965 57.587639 0.127375 -0.333326 -0.934168 0.701381 0.938576 1 13 1.000000
  13 24.623251 2.157458 57.570305 -0.068035 -0.147137 -0.986773 0.689596 0.944323 1 13 1.000000
ring
  13 24.608816 2.325801 57.660858 -0.989708 -0.058177 0.130742 0.850198 0.950047 1 13 1.000000
  13 24.614899 2.374668 57.742123 -0.992246 -0.076564 0.097911 0.838759 0.950122 1 13 1.000000
  13 24.614351 2.379565 57.740395 -0.992251 -0.076428 0.097957 0.838759 0.950122 1 13 1.000000
ring
  13 24.614899 2.374668 57.742123 -0.992246 -0.076564 0.097911 0.838759 0.950122 1 13 1.000000
  13 24.621260 2.388575 57.835972 -0.995257 -0.075122 0.061812 0.827315 0.950198 2 13 0.991855 14 0.008145
  13 24.614351 2.379565 57.740395 -0.992251 -0.076428 0.097957 0.838759 0.950122 1 13 1.000000
ring
  13 24.608133 2.329658 57.657398 -0.989703 -0.058197 0.130773 0.850198 0.950047 1 13 1.000000
  13 24.608816 2.325801 57.660858 -0.989708 -0.058177 0.130742 0.850198 0.950047 1 13 1.000000
  13 24.614351 2.379565 57.740395 -0.992251 -0.076428 0.097957 0.838759 0.950122 1 13 1.000000
ring
  13 24.621260 2.388575 57.835972 -0.995257 -0.075122 0.061812 0.827315 0.950198 2 13 0.991855 14 0.008145
  13 24.620882 2.393749 57.836227 -0.995254 -0.075058 0.061924 0.827315 0.950198 2 13 0.991855 14 0.008145
  13 24.614351 2.379565 57.740395 -0.992251 -0.076428 0.097957 0.838759 0.950122 1 13 1.000000
ring
  13 24.608816 2.325801 57.660858 -0.989708 -0.058177 0.130742 0.850198 0.950047 1 13 1.000000
  13 24.608133 2.329658 57.657398 -0.989703 -0.058197 0.130773 0.850198 0.950047 1 13 1.000000
  13 24.603241 2.251695 57.599812 -0.987995 -0.027213 0.152067 0.861633 0.949982 1 13 1.000000
ring
  13 24.621260 2.388575 57.835972 -0.995257 -0.075122 0.061812 0.827315 0.950198 2 13 0.991855 14 0.008145
  13 24.627113 2.365511 57.927959 -0.997269 -0.067908 0.029025 0.815858 0.950272 2 13 0.991855 14 0.008145
  13 24.620882 2.393749 57.836227 -0.995254 -0.075058 0.061924 0.827315 0.950198 2 13 0.991855 14 0.008145
ring
  13 24.604017 2.249483 57.604465 -0.987980 -0.027260 0.152156 0.861633 0.949982 1 13 1.000000
  13 24.608816 2.325801 57.660858 -0.989708 -0.058177 0.130742 0.850198 0.950047 1 13 1.000000
  13 24.603241 2.251695 57.599812 -0.987995 -0.027213 0.152067 0.861633 0.949982 1 13 1.000000
ring
  13 24.627113 2.365511 57.927959 -0.997269 -0.067908 0.029025 0.815858 0.950272 2 13 0.991855 14 0.008145
  13 24.626863 2.370212 57.930210 -0.997270 -0.067912 0.028982 0.815858 0.950272 2 13 0.991855 14 0.008145
  13 24.620882 2.393749 57.836227 -0.995254 -0.075058 0.061924 0.827315 0.950198 2 13 0.991855 14 0.008145
ring
  13 24.601248 2.157286 57.581543 -0.988056 -0.009243 0.153817 0.873329 0.950204 1 13 1.000000
  13 24.604017 2.249483 57.604465 -0.987980 -0.027260 0.152156 0.861633 0.949982 1 13 1.000000
  13 24.603241 2.251695 57.599812 -0.987995 -0.027213 0.152067 0.861633 0.949982 1 13 1.000000
ring
  13 24.600443 2.157546 57.576393 -0.988086 -0.009214 0.153625 0.873329 0.950204 1 13 1.000000
  13 24.601248 2.157286 57.581543 -0.988056 -0.009243 0.153817 0.873329 0.950204 1 13 1.000000
  13 24.603241 2.251695 57.599812 -0.987995 -0.027213 0.152067 0.861633 0.949982 1 13 1.000000
ring
  13 24.626863 2.370212 57.930210 -0.997270 -0.067912 0.028982 0.815858 0.950272 2 13 0.991855 14 0.008145
  13 24.627113 2.365511 57.927959 -0.997269 -0.067908 0.029025 0.815858 0.950272 2 13 0.991855 14 0.008145
  13 24.631334 2.312440 58.008057 -0.998900 -0.046885 0.000953 0.804393 0.950336 2 13 0.991855 14 0.008145
ring
  13 24.627113 2.365511 57.927959 -0.997269 -0.067908 0.029025 0.815858 0.950272 2 13 0.991855 14 0.008145
  13 24.631493 2.308943 58.004177 -0.998900 -0.046889 0.000985 0.804393 0.950336 2 13 0.991855 14 0.008145
  13 24.631334 2.312440 58.008057 -0.998900 -0.046885 0.000953 0.804393 0.950336 2 13 0.991855 14 0.008145
ring
  13 24.631493 2.308943 58.004177 -0.998900 -0.046889 0.000985 0.804393 0.950336 2 13 0.991855 14 0.008145
  13 24.633707 2.227478 58.053028 -0.999681 -0.017408 -0.018275 0.792925 0.950385 2 13 0.991855 14 0.008145
  13 24.631334 2.312440 58.008057 -0.998900 -0.046885 0.000953 0.804393 0.950336 2 13 0.991855 14 0.008145
ring
  13 24.633707 2.227478 58.053028 -0.999681 -0.017408 -0.018275 0.792925 0.950385 2 13 0.991855 14 0.008145
  13 24.633587 2.229222 58.057919 -0.999681 -0.017384 -0.018313 0.792925 0.950385 2 13 0.991855 14 0.008145
  13 24.631334 2.312440 58.008057 -0.998900 -0.046885 0.000953 0.804393 0.950336 2 13 0.991855 14 0.008145
ring
  13 24.633707 2.227478 58.053028 -0.999681 -0.017408 -0.018275 0.792925 0.950385 2 13 0.991855 14 0.008145
  13 24.633413 2.133475 58.067047 -0.999564 0.017477 -0.023789 0.781457 0.950416 2 13 0.991855 14 0.008145
  13 24.633587 2.229222 58.057919 -0.999681 -0.017384 -0.018313 0.792925 0.950385 2 13 0.991855 14 0.008145
ring
  13 24.633413 2.133475 58.067047 -0.999564 0.017477 -0.023789 0.781457 0.950416 2 13 0.991855 14 0.008145
  13 24.633284 2.133229 58.072231 -0.999564 0.017482 -0.023807 0.781457 0.950416 2 13 0.991855 14 0.008145
  13 24.633587 2.229222 58.057919 -0.999681 -0.017384 -0.018313 0.792925 0.950385 2 13 0.991855 14 0.008145
ring
  13 24.633284 2.133229 58.072231 -0.999564 0.017482 -0.023807 0.781457 0.950416 2 13 0.991855 14 0.008145
  13 24.633413 2.133475 58.067047 -0.999564 0.017477 -0.023789 0.781457 0.950416 2 13 0.991855 14 0.008145
  13 24.630487 2.039113 58.048828 -0.998575 0.051363 -0.014491 0.769991 0.950433 2 13 0.991855 14 0.008145
ring
  13 24.633413 2.133475 58.067047 -0.999564 0.017477 -0.023789 0.781457 0.950416 2 13 0.991855 14 0.008145
  13 24.630669 2.041311 58.044125 -0.998575 0.051379 -0.014453 0.769991 0.950433 2 13 0.991855 14 0.008145
  13 24.630487 2.039113 58.048828 -0.998575 0.051363 -0.014491 0.769991 0.950433 2 13 0.991855 14 0.008145
ring
  13 24.630487 2.039113 58.048828 -0.998575 0.051363 -0.014491 0.769991 0.950433 2 13 0.991855 14 0.008145
  13 24.630669 2.041311 58.044125 -0.998575 0.051379 -0.014453 0.769991 0.950433 2 13 0.991855 14 0.008145
  13 24.625605 1.961147 57.991257 -0.996778 0.079888 0.007227 0.758531 0.950439 2 13 0.991855 14 0.008145
ring
  13 24.630669 2.041311 58.044125 -0.998575 0.051379 -0.014453 0.769991 0.950433 2 13 0.991855 14 0.008145
  13 24.625885 1.964957 57.987724 -0.996771 0.079957 0.007356 0.758531 0.950439 2 13 0.991855 14 0.008145
  13 24.625605 1.961147 57.991257 -0.996778 0.079888 0.007227 0.758531 0.950439 2 13 0.991855 14 0.008145
ring
  13 24.625605 1.961147 57.991257 -0.996778 0.079888 0.007227 0.758531 0.950439 2 13 0.991855 14 0.008145
  13 24.625885 1.964957 57.987724 -0.996771 0.079957 0.007356 0.758531 0.950439 2 13 0.991855 14 0.008145
  13 24.619255 1.911273 57.908188 -0.994702 0.095838 0.037185 0.747079 0.950437 1 13 1.000000
ring
  13 24.625885 1.964957 57.987724 -0.996771 0.079957 0.007356 0.758531 0.950439 2 13 0.991855 14 0.008145
  13 24.619663 1.916157 57.906399 -0.994699 0.095852 0.037227 0.747079 0.950437 1 13 1.000000
  13 24.619255 1.911273 57.908188 -0.994702 0.095838 0.037185 0.747079 0.950437 1 13 1.000000
ring
  13 24.619255 1.911273 57.908188 -0.994702 0.095838 0.037185 0.747079 0.950437 1 13 1.000000
  13 24.619663 1.916157 57.906399 -0.994699 0.095852 0.037227 0.747079 0.950437 1 13 1.000000
  13 24.612684 1.897016 57.812397 -0.992302 0.101762 0.070574 0.735638 0.950427 1 13 1.000000
ring
  13 24.619663 1.916157 57.906399 -0.994699 0.095852 0.037227 0.747079 0.950437 1 13 1.000000
  13 24.613232 1.902175 57.812637 -0.992291 0.101935 0.070483 0.735638 0.950427 1 13 1.000000
  13 24.612684 1.897016 57.812397 -0.992302 0.101762 0.070574 0.735638 0.950427 1 13 1.000000
ring
  13 24.612684 1.897016 57.812397 -0.992302 0.101762 0.070574 0.735638 0.950427 1 13 1.000000
  13 24.613232 1.902175 57.812637 -0.992291 0.101935 0.070483 0.735638 0.950427 1 13 1.000000
  13 24.606720 1.920555 57.718437 -0.989298 0.099520 0.106697 0.724212 0.950415 1 13 1.000000
ring
  13 24.613232 1.902175 57.812637 -0.992291 0.101935 0.070483 0.735638 0.950427 1 13 1.000000
  13 24.607428 1.925244 57.720631 -0.989288 0.099687 0.106639 0.724212 0.950415 1 13 1.000000
  13 24.606720 1.920555 57.718437 -0.989298 0.099520 0.106697 0.724212 0.950415 1 13 1.000000
ring
  13 24.607428 1.925244 57.720631 -0.989288 0.099687 0.106639 0.724212 0.950415 1 13 1.000000
  13 24.603098 1.981816 57.644405 -0.987401 0.077961 0.137701 0.712796 0.950403 1 13 1.000000
  13 24.606720 1.920555 57.718437 -0.989298 0.099520 0.106697 0.724212 0.950415 1 13 1.000000
ring
  13 24.603098 1.981816 57.644405 -0.987401 0.077961 0.137701 0.712796 0.950403 1 13 1.000000
  13 24.602293 1.978365 57.640598 -0.987401 0.077851 0.137764 0.712796 0.950403 1 13 1.000000
  13 24.606720 1.920555 57.718437 -0.989298 0.099520 0.106697 0.724212 0.950415 1 13 1.000000
ring
  13 24.603098 1.981816 57.644405 -0.987401 0.077961 0.137701 0.712796 0.950403 1 13 1.000000
  13 24.600924 2.063316 57.595562 -0.986828 0.045095 0.155362 0.701382 0.950386 1 13 1.000000
  13 24.602293 1.978365 57.640598 -0.987401 0.077851 0.137764 0.712796 0.950403 1 13 1.000000
ring
  13 24.600924 2.063316 57.595562 -0.986828 0.045095 0.155362 0.701382 0.950386 1 13 1.000000
  13 24.600082 2.061585 57.590725 -0.986851 0.045020 0.155237 0.701382 0.950386 1 13 1.000000
  13 24.602293 1.978365 57.640598 -0.987401 0.077851 0.137764 0.712796 0.950403 1 13 1.000000
ring
  13 24.600924 2.063316 57.595562 -0.986828 0.045095 0.155362 0.701382 0.950386 1 13 1.000000
  13 24.601248 2.157286 57.581543 -0.987394 0.027033 0.155955 0.689704 0.950439 1 13 1.000000
  13 24.600082 2.061585 57.590725 -0.986851 0.045020 0.155237 0.701382 0.950386 1 13 1.000000
ring
  13 24.601248 2.157286 57.581543 -0.987394 0.027033 0.155955 0.689704 0.950439 1 13 1.000000
  13 24.600443 2.157546 57.576393 -0.987423 0.027016 0.155776 0.689704 0.950439 1 13 1.000000
  13 24.600082 2.061585 57.590725 -0.986851 0.045020 0.155237 0.701382 0.950386 1 13 1.000000
ring
  13 24.658485 1.901567 57.809620 0.994538 0.084121 -0.061778 0.735632 0.938598 1 13 1.000000
  13 24.658907 1.896395 57.809311 0.994541 0.084217 -0.061604 0.735632 0.938598 1 13 1.000000
  13 24.652937 1.919934 57.715359 0.997297 0.067925 -0.028016 0.724206 0.938599 1 13 1.000000
ring
  13 24.652683 1.924636 57.717613 0.997301 0.067851 -0.028050 0.724206 0.938599 1 13 1.000000
  13 24.658485 1.901567 57.809620 0.994538 0.084121 -0.061778 0.735632 0.938598 1 13 1.000000
  13 24.652937 1.919934 57.715359 0.997297 0.067925 -0.028016 0.724206 0.938599 1 13 1.000000
ring
  13 24.658485 1.901567 57.809620 0.994538 0.084121 -0.061778 0.735632 0.938598 1 13 1.000000
  13 24.664932 1.915549 57.903370 0.992176 0.076258 -0.098849 0.747073 0.938595 1 13 1.000000
  13 24.658907 1.896395 57.809311 0.994541 0.084217 -0.061604 0.735632 0.938598 1 13 1.000000
ring
  13 24.652683 1.924636 57.717613 0.997301 0.067851 -0.028050 0.724206 0.938599 1 13 1.000000
  13 24.652937 1.919934 57.715359 0.997297 0.067925 -0.028016 0.724206 0.938599 1 13 1.000000
  13 24.648542 1.977743 57.637535 0.998745 0.049962 0.003548 0.712790 0.938594 1 13 1.000000
ring
  13 24.664932 1.915549 57.903370 0.992176 0.076258 -0.098849 0.747073 0.938595 1 13 1.000000
  13 24.665480 1.910652 57.905102 0.992175 0.076205 -0.098900 0.747073 0.938595 1 13 1.000000
  13 24.658907 1.896395 57.809311 0.994541 0.084217 -0.061604 0.735632 0.938598 1 13 1.000000
ring
  13 24.648354 1.981208 57.641384 0.998737 0.050107 0.003663 0.712790 0.938594 1 13 1.000000
  13 24.652683 1.924636 57.717613 0.997301 0.067851 -0.028050 0.724206 0.938599 1 13 1.000000
  13 24.648542 1.977743 57.637535 0.998745 0.049962 0.003548 0.712790 0.938594 1 13 1.000000
ring
  13 24.665480 1.910652 57.905102 0.992175 0.076205 -0.098900 0.747073 0.938595 1 13 1.000000
  13 24.664932 1.915549 57.903370 0.992176 0.076258 -0.098849 0.747073 0.938595 1 13 1.000000
  13 24.671827 1.960542 57.988152 0.989708 0.057510 -0.131033 0.758524 0.938587 2 13 0.991855 14 0.008145
ring
  13 24.646185 2.062709 57.592533 0.999687 0.017241 0.018121 0.701381 0.938576 1 13 1.000000
  13 24.648354 1.981208 57.641384 0.998737 0.050107 0.003663 0.712790 0.938594 1 13 1.000000
  13 24.648542 1.977743 57.637535 0.998745 0.049962 0.003548 0.712790 0.938594 1 13 1.000000
ring
  13 24.664932 1.915549 57.903370 0.992176 0.076258 -0.098849 0.747073 0.938595 1 13 1.000000
  13 24.671146 1.964365 57.984692 0.989719 0.057590 -0.130918 0.758524 0.938587 2 13 0.991855 14 0.008145
  13 24.671827 1.960542 57.988152 0.989708 0.057510 -0.131033 0.758524 0.938587 2 13 0.991855 14 0.008145
ring
  13 24.646303 2.060965 57.587639 0.999687 0.017196 0.018183 0.701381 0.938576 1 13 1.000000
  13 24.646185 2.062709 57.592533 0.999687 0.017241 0.018121 0.701381 0.938576 1 13 1.000000
  13 24.648542 1.977743 57.637535 0.998745 0.049962 0.003548 0.712790 0.938594 1 13 1.000000
ring
  13 24.646507 2.156679 57.578522 0.999554 0.000819 0.029836 0.689712 0.938268 1 13 1.000000
  13 24.646185 2.062709 57.592533 0.999687 0.017241 0.018121 0.701381 0.938576 1 13 1.000000
  13 24.646303 2.060965 57.587639 0.999687 0.017196 0.018183 0.701381 0.938576 1 13 1.000000
ring
  13 24.646664 2.156926 57.573303 0.999549 0.000839 0.030013 0.689712 0.938268 1 13 1.000000
  13 24.646507 2.156679 57.578522 0.999554 0.000819 0.029836 0.689712 0.938268 1 13 1.000000
  13 24.646303 2.060965 57.587639 0.999687 0.017196 0.018183 0.701381 0.938576 1 13 1.000000
ring
  13 24.671827 1.960542 57.988152 0.989708 0.057510 -0.131033 0.758524 0.938587 2 13 0.991855 14 0.008145
  13 24.671146 1.964365 57.984692 0.989719 0.057590 -0.130918 0.758524 0.938587 2 13 0.991855 14 0.008145
  13 24.676706 2.038507 58.045731 0.988128 0.027097 -0.151222 0.769984 0.938574 2 13 0.991855 14 0.008145
ring
  13 24.671146 1.964365 57.984692 0.989719 0.057590 -0.130918 0.758524 0.938587 2 13 0.991855 14 0.008145
  13 24.675932 2.040718 58.041080 0.988137 0.027106 -0.151161 0.769984 0.938574 2 13 0.991855 14 0.008145
  13 24.676706 2.038507 58.045731 0.988128 0.027097 -0.151222 0.769984 0.938574 2 13 0.991855 14 0.008145
ring
  13 24.675932 2.040718 58.041080 0.988137 0.027106 -0.151161 0.769984 0.938574 2 13 0.991855 14 0.008145
  13 24.678671 2.132882 58.064007 0.986930 -0.008457 -0.160927 0.781449 0.938552 2 13 0.991855 14 0.008145
  13 24.676706 2.038507 58.045731 0.988128 0.027097 -0.151222 0.769984 0.938574 2 13 0.991855 14 0.008145
ring
  13 24.678671 2.132882 58.064007 0.986930 -0.008457 -0.160927 0.781449 0.938552 2 13 0.991855 14 0.008145
  13 24.679506 2.132623 58.069126 0.986926 -0.008458 -0.160952 0.781449 0.938552 2 13 0.991855 14 0.008145
  13 24.676706 2.038507 58.045731 0.988128 0.027097 -0.151222 0.769984 0.938574 2 13 0.991855 14 0.008145
ring
  13 24.679506 2.132623 58.069126 0.986926 -0.008458 -0.160952 0.781449 0.938552 2 13 0.991855 14 0.008145
  13 24.678671 2.132882 58.064007 0.986930 -0.008457 -0.160927 0.781449 0.938552 2 13 0.991855 14 0.008145
  13 24.679808 2.228617 58.054825 0.986889 -0.044809 -0.155058 0.792917 0.938520 2 13 0.991855 14 0.008145
ring
  13 24.678671 2.132882 58.064007 0.986930 -0.008457 -0.160927 0.781449 0.938552 2 13 0.991855 14 0.008145
  13 24.678968 2.226885 58.049988 0.986889 -0.044847 -0.155041 0.792917 0.938520 2 13 0.991855 14 0.008145
  13 24.679808 2.228617 58.054825 0.986889 -0.044809 -0.155058 0.792917 0.938520 2 13 0.991855 14 0.008145
ring
  13 24.678968 2.226885 58.049988 0.986889 -0.044847 -0.155041 0.792917 0.938520 2 13 0.991855 14 0.008145
  13 24.676760 2.308350 58.001137 0.987768 -0.076224 -0.136030 0.804384 0.938474 2 13 0.991855 14 0.008145
  13 24.679808 2.228617 58.054825 0.986889 -0.044809 -0.155058 0.792917 0.938520 2 13 0.991855 14 0.008145
ring
  13 24.676760 2.308350 58.001137 0.987768 -0.076224 -0.136030 0.804384 0.938474 2 13 0.991855 14 0.008145
  13 24.677551 2.311835 58.004948 0.987765 -0.076216 -0.136055 0.804384 0.938474 2 13 0.991855 14 0.008145
  13 24.679808 2.228617 58.054825 0.986889 -0.044809 -0.155058 0.792917 0.938520 2 13 0.991855 14 0.008145
ring
  13 24.676760 2.308350 58.001137 0.987768 -0.076224 -0.136030 0.804384 0.938474 2 13 0.991855 14 0.008145
  13 24.672379 2.364918 57.924915 0.989341 -0.098837 -0.106933 0.815848 0.938415 2 13 0.991855 14 0.008145
  13 24.677551 2.311835 58.004948 0.987765 -0.076216 -0.136055 0.804384 0.938474 2 13 0.991855 14 0.008145
ring
  13 24.672379 2.364918 57.924915 0.989341 -0.098837 -0.106933 0.815848 0.938415 2 13 0.991855 14 0.008145
  13 24.673084 2.369607 57.927109 0.989345 -0.098758 -0.106974 0.815848 0.938415 2 13 0.991855 14 0.008145
  13 24.677551 2.311835 58.004948 0.987765 -0.076216 -0.136055 0.804384 0.938474 2 13 0.991855 14 0.008145
ring
  13 24.673084 2.369607 57.927109 0.989345 -0.098758 -0.106974 0.815848 0.938415 2 13 0.991855 14 0.008145
  13 24.672379 2.364918 57.924915 0.989341 -0.098837 -0.106933 0.815848 0.938415 2 13 0.991855 14 0.008145
  13 24.667107 2.393143 57.833118 0.991142 -0.111840 -0.071620 0.827304 0.938351 2 13 0.991855 14 0.008145
ring
  13 24.672379 2.364918 57.924915 0.989341 -0.098837 -0.106933 0.815848 0.938415 2 13 0.991855 14 0.008145
  13 24.666512 2.387982 57.832947 0.991135 -0.111769 -0.071827 0.827304 0.938351 2 13 0.991855 14 0.008145
  13 24.667107 2.393143 57.833118 0.991142 -0.111840 -0.071620 0.827304 0.938351 2 13 0.991855 14 0.008145
ring
  13 24.667107 2.393143 57.833118 0.991142 -0.111840 -0.071620 0.827304 0.938351 2 13 0.991855 14 0.008145
  13 24.666512 2.387982 57.832947 0.991135 -0.111769 -0.071827 0.827304 0.938351 2 13 0.991855 14 0.008145
  13 24.660418 2.378836 57.737408 0.994713 -0.095971 -0.036528 0.838749 0.938285 2 13 0.986111 14 0.013889
ring
  13 24.666512 2.387982 57.832947 0.991135 -0.111769 -0.071827 0.827304 0.938351 2 13 0.991855 14 0.008145
  13 24.660009 2.373952 57.739201 0.994726 -0.095821 -0.036581 0.838749 0.938285 2 13 0.986111 14 0.013889
  13 24.660418 2.378836 57.737408 0.994713 -0.095971 -0.036528 0.838749 0.938285 2 13 0.986111 14 0.013889
ring
  13 24.660418 2.378836 57.737408 0.994713 -0.095971 -0.036528 0.838749 0.938285 2 13 0.986111 14 0.013889
  13 24.660009 2.373952 57.739201 0.994726 -0.095821 -0.036581 0.838749 0.938285 2 13 0.986111 14 0.013889
  13 24.654261 2.328970 57.654377 0.996815 -0.079512 -0.006193 0.850187 0.938213 2 13 0.991855 14 0.008145
ring
  13 24.660009 2.373952 57.739201 0.994726 -0.095821 -0.036581 0.838749 0.938285 2 13 0.986111 14 0.013889
  13 24.653976 2.325126 57.657894 0.996811 -0.079559 -0.006189 0.850187 0.938213 2 13 0.991855 14 0.008145
  13 24.654261 2.328970 57.654377 0.996815 -0.079512 -0.006193 0.850187 0.938213 2 13 0.991855 14 0.008145
ring
  13 24.654261 2.328970 57.654377 0.996815 -0.079512 -0.006193 0.850187 0.938213 2 13 0.991855 14 0.008145
  13 24.653976 2.325126 57.657894 0.996811 -0.079559 -0.006189 0.850187 0.938213 2 13 0.991855 14 0.008145
  13 24.649374 2.251005 57.596798 0.998601 -0.050904 0.014333 0.861627 0.938145 2 13 0.991855 14 0.008145
ring
  13 24.653976 2.325126 57.657894 0.996811 -0.079559 -0.006189 0.850187 0.938213 2 13 0.991855 14 0.008145
  13 24.649195 2.248806 57.601505 0.998596 -0.050982 0.014401 0.861627 0.938145 2 13 0.991855 14 0.008145
  13 24.649374 2.251005 57.596798 0.998601 -0.050904 0.014333 0.861627 0.938145 2 13 0.991855 14 0.008145
ring
  13 24.649374 2.251005 57.596798 0.998601 -0.050904 0.014333 0.861627 0.938145 2 13 0.991855 14 0.008145
  13 24.649195 2.248806 57.601505 0.998596 -0.050982 0.014401 0.861627 0.938145 2 13 0.991855 14 0.008145
  13 24.646664 2.156926 57.573303 0.998952 -0.036230 0.027957 0.873332 0.938004 1 13 1.000000
ring
  13 24.649195 2.248806 57.601505 0.998596 -0.050982 0.014401 0.861627 0.938145 2 13 0.991855 14 0.008145
  13 24.646507 2.156679 57.578522 0.998943 -0.036310 0.028193 0.873332 0.938004 1 13 1.000000
  13 24.646664 2.156926 57.573303 0.998952 -0.036230 0.027957 0.873332 0.938004 1 13 1.000000
ring
  13 24.520231 2.037408 58.074852 -0.997740 0.013438 0.065832 0.789114 0.987827 1 13 1.000000
  13 24.520926 2.036888 58.085484 -0.997743 0.013439 0.065791 0.789114 0.987827 1 13 1.000000
  13 24.522026 2.103000 58.088642 -0.997719 0.013428 0.066150 0.789114 0.984142 1 13 1.000000
ring
  13 24.521328 2.103520 58.078011 -0.997717 0.013427 0.066190 0.789114 0.984142 1 13 1.000000
  13 24.520231 2.037408 58.074852 -0.997740 0.013438 0.065832 0.789114 0.987827 1 13 1.000000
  13 24.522026 2.103000 58.088642 -0.997719 0.013428 0.066150 0.789114 0.984142 1 13 1.000000
ring
  13 24.625898 1.850901 58.058773 -0.016607 -0.998719 -0.047804 0.775417 0.998144 1 13 1.000000
  13 24.698122 1.849932 58.053947 -0.016602 -0.998722 -0.047725 0.766321 0.998144 1 13 1.000000
  13 24.698814 1.849412 58.064579 -0.016602 -0.998722 -0.047733 0.766321 0.998144 1 13 1.000000
ring
  13 24.626591 1.850382 58.069397 -0.016607 -0.998718 -0.047812 0.775417 0.998144 1 13 1.000000
  13 24.625898 1.850901 58.058773 -0.016607 -0.998719 -0.047804 0.775417 0.998144 1 13 1.000000
  13 24.698814 1.849412 58.064579 -0.016602 -0.998722 -0.047733 0.766321 0.998144 1 13 1.000000
ring
  13 24.698122 1.849932 58.053947 -0.065854 0.049147 -0.996618 0.766321 0.998144 1 13 1.000000
  13 24.625898 1.850901 58.058773 -0.065721 0.049174 -0.996626 0.775417 0.998144 1 13 1.000000
  13 24.629107 2.035883 58.067688 -0.065750 0.048855 -0.996639 0.775417 0.987827 2 13 0.991855 14 0.008145
ring
  13 24.701328 2.034936 58.062847 -0.065624 0.048804 -0.996650 0.766321 0.987827 2 13 0.991855 14 0.008145
  13 24.698122 1.849932 58.053947 -0.065854 0.049147 -0.996618 0.766321 0.998144 1 13 1.000000
  13 24.629107 2.035883 58.067688 -0.065750 0.048855 -0.996639 0.775417 0.987827 2 13 0.991855 14 0.008145
ring
  13 24.813612 2.099559 58.058731 -0.064286 0.048378 -0.996758 0.752487 0.984142 2 13 0.884945 14 0.115055
  13 24.812809 2.033448 58.055588 -0.064142 0.048171 -0.996777 0.752487 0.987827 2 13 0.884945 14 0.115055
  13 24.701328 2.034936 58.062847 -0.065624 0.048804 -0.996650 0.766321 0.987827 2 13 0.991855 14 0.008145
ring
  13 24.702404 2.101048 58.066010 -0.065560 0.048770 -0.996656 0.766321 0.984142 2 13 0.991855 14 0.008145
  13 24.813612 2.099559 58.058731 -0.064286 0.048378 -0.996758 0.752487 0.984142 2 13 0.884945 14 0.115055
  13 24.701328 2.034936 58.062847 -0.065624 0.048804 -0.996650 0.766321 0.987827 2 13 0.991855 14 0.008145
ring
  13 24.701328 2.034936 58.062847 -0.065624 0.048804 -0.996650 0.766321 0.987827 2 13 0.991855 14 0.008145
  13 24.629107 2.035883 58.067688 -0.065750 0.048855 -0.996639 0.775417 0.987827 2 13 0.991855 14 0.008145
  13 24.630182 2.101994 58.070854 -0.065682 0.048739 -0.996650 0.775417 0.984142 2 13 0.991855 14 0.008145
ring
  13 24.702404 2.101048 58.066010 -0.065560 0.048770 -0.996656 0.766321 0.984142 2 13 0.991855 14 0.008145
  13 24.701328 2.034936 58.062847 -0.065624 0.048804 -0.996650 0.766321 0.987827 2 13 0.991855 14 0.008145
  13 24.630182 2.101994 58.070854 -0.065682 0.048739 -0.996650 0.775417 0.984142 2 13 0.991855 14 0.008145
ring
  13 24.629107 2.035883 58.067688 -0.065750 0.048855 -0.996639 0.775417 0.987827 2 13 0.991855 14 0.008145
  13 24.520231 2.037408 58.074852 -0.064908 0.048708 -0.996702 0.789114 0.987827 1 13 1.000000
  13 24.630182 2.101994 58.070854 -0.065682 0.048739 -0.996650 0.775417 0.984142 2 13 0.991855 14 0.008145
ring
  13 24.520231 2.037408 58.074852 -0.064908 0.048708 -0.996702 0.789114 0.987827 1 13 1.000000
  13 24.521328 2.103520 58.078011 -0.064951 0.048696 -0.996699 0.789114 0.984142 1 13 1.000000
  13 24.630182 2.101994 58.070854 -0.065682 0.048739 -0.996650 0.775417 0.984142 2 13 0.991855 14 0.008145
ring
  13 24.702404 2.101048 58.066010 -0.065560 0.048770 -0.996656 0.766321 0.984142 2 13 0.991855 14 0.008145
  13 24.630182 2.101994 58.070854 -0.065682 0.048739 -0.996650 0.775417 0.984142 2 13 0.991855 14 0.008145
  13 24.635504 2.428169 58.086445 -0.066274 0.048706 -0.996612 0.775417 0.965956 2 13 0.991855 14 0.008145
ring
  13 24.707722 2.427222 58.081600 -0.066319 0.048702 -0.996609 0.766321 0.965956 2 13 0.991855 14 0.008145
  13 24.702404 2.101048 58.066010 -0.065560 0.048770 -0.996656 0.766321 0.984142 2 13 0.991855 14 0.008145
  13 24.635504 2.428169 58.086445 -0.066274 0.048706 -0.996612 0.775417 0.965956 2 13 0.991855 14 0.008145
ring
  13 24.629805 2.035363 58.078316 0.065698 -0.048893 0.996641 0.775417 0.987827 2 13 0.991855 14 0.008145
  13 24.626591 1.850382 58.069397 0.065881 -0.049174 0.996615 0.775417 0.998144 1 13 1.000000
  13 24.698814 1.849412 58.064579 0.065909 -0.049149 0.996614 0.766321 0.998144 1 13 1.000000
ring
  13 24.702026 2.034417 58.073475 0.065361 -0.048811 0.996667 0.766321 0.987827 2 13 0.991855 14 0.008145
  13 24.629805 2.035363 58.078316 0.065698 -0.048893 0.996641 0.775417 0.987827 2 13 0.991855 14 0.008145
  13 24.698814 1.849412 58.064579 0.065909 -0.049149 0.996614 0.766321 0.998144 1 13 1.000000
ring
  13 24.702026 2.034417 58.073475 0.065361 -0.048811 0.996667 0.766321 0.987827 2 13 0.991855 14 0.008145
  13 24.813562 2.032932 58.066257 0.063804 -0.048339 0.996791 0.752487 0.987827 2 13 0.884945 14 0.115055
  13 24.814365 2.099044 58.069412 0.063877 -0.048468 0.996780 0.752487 0.984142 2 13 0.884945 14 0.115055
ring
  13 24.703100 2.100529 58.076637 0.065433 -0.048731 0.996666 0.766321 0.984142 2 13 0.991855 14 0.008145
  13 24.702026 2.034417 58.073475 0.065361 -0.048811 0.996667 0.766321 0.987827 2 13 0.991855 14 0.008145
  13 24.814365 2.099044 58.069412 0.063877 -0.048468 0.996780 0.752487 0.984142 2 13 0.884945 14 0.115055
ring
  13 24.630878 2.101475 58.081478 0.065729 -0.048752 0.996646 0.775417 0.984142 2 13 0.991855 14 0.008145
  13 24.629805 2.035363 58.078316 0.065698 -0.048893 0.996641 0.775417 0.987827 2 13 0.991855 14 0.008145
  13 24.702026 2.034417 58.073475 0.065361 -0.048811 0.996667 0.766321 0.987827 2 13 0.991855 14 0.008145
ring
  13 24.703100 2.100529 58.076637 0.065433 -0.048731 0.996666 0.766321 0.984142 2 13 0.991855 14 0.008145
  13 24.630878 2.101475 58.081478 0.065729 -0.048752 0.996646 0.775417 0.984142 2 13 0.991855 14 0.008145
  13 24.702026 2.034417 58.073475 0.065361 -0.048811 0.996667 0.766321 0.987827 2 13 0.991855 14 0.008145
ring
  13 24.629805 2.035363 58.078316 0.065698 -0.048893 0.996641 0.775417 0.987827 2 13 0.991855 14 0.008145
  13 24.630878 2.101475 58.081478 0.065729 -0.048752 0.996646 0.775417 0.984142 2 13 0.991855 14 0.008145
  13 24.520926 2.036888 58.085484 0.064945 -0.048728 0.996698 0.789114 0.987827 1 13 1.000000
ring
  13 24.630878 2.101475 58.081478 0.065729 -0.048752 0.996646 0.775417 0.984142 2 13 0.991855 14 0.008145
  13 24.522026 2.103000 58.088642 0.064905 -0.048699 0.996702 0.789114 0.984142 1 13 1.000000
  13 24.520926 2.036888 58.085484 0.064945 -0.048728 0.996698 0.789114 0.987827 1 13 1.000000
ring
  13 24.636198 2.427649 58.097076 0.066284 -0.048714 0.996611 0.775417 0.965956 2 13 0.991855 14 0.008145
  13 24.630878 2.101475 58.081478 0.065729 -0.048752 0.996646 0.775417 0.984142 2 13 0.991855 14 0.008145
  13 24.703100 2.100529 58.076637 0.065433 -0.048731 0.996666 0.766321 0.984142 2 13 0.991855 14 0.008145
ring
  13 24.708416 2.426703 58.092228 0.066318 -0.048712 0.996609 0.766321 0.965956 2 13 0.991855 14 0.008145
  13 24.636198 2.427649 58.097076 0.066284 -0.048714 0.996611 0.775417 0.965956 2 13 0.991855 14 0.008145
  13 24.703100 2.100529 58.076637 0.065433 -0.048731 0.996666 0.766321 0.984142 2 13 0.991855 14 0.008145
ring
  13 24.630182 2.101994 58.070854 0.017121 0.998715 0.047698 0.775417 0.984142 2 13 0.991855 14 0.008145
  13 24.521328 2.103520 58.078011 0.017149 0.998714 0.047710 0.789114 0.984142 1 13 1.000000
  13 24.522026 2.103000 58.088642 0.017147 0.998714 0.047709 0.789114 0.984142 1 13 1.000000
ring
  13 24.630878 2.101475 58.081478 0.017119 0.998715 0.047697 0.775417 0.984142 2 13 0.991855 14 0.008145
  13 24.630182 2.101994 58.070854 0.017121 0.998715 0.047698 0.775417 0.984142 2 13 0.991855 14 0.008145
  13 24.522026 2.103000 58.088642 0.017147 0.998714 0.047709 0.789114 0.984142 1 13 1.000000
ring
  13 24.629107 2.035883 58.067688 -0.017127 -0.998714 -0.047705 0.775417 0.987827 2 13 0.991855 14 0.008145
  13 24.629805 2.035363 58.078316 -0.017127 -0.998715 -0.047702 0.775417 0.987827 2 13 0.991855 14 0.008145
  13 24.520926 2.036888 58.085484 -0.017129 -0.998712 -0.047747 0.789114 0.987827 1 13 1.000000
ring
  13 24.520231 2.037408 58.074852 -0.017129 -0.998712 -0.047750 0.789114 0.987827 1 13 1.000000
  13 24.629107 2.035883 58.067688 -0.017127 -0.998714 -0.047705 0.775417 0.987827 2 13 0.991855 14 0.008145
  13 24.520926 2.036888 58.085484 -0.017129 -0.998712 -0.047747 0.789114 0.987827 1 13 1.000000
ring
  13 24.701328 2.034936 58.062847 -0.016385 -0.998728 -0.047675 0.766321 0.987827 2 13 0.991855 14 0.008145
  13 24.812809 2.033448 58.055588 -0.016400 -0.998756 -0.047084 0.752487 0.987827 2 13 0.884945 14 0.115055
  13 24.813562 2.032932 58.066257 -0.016399 -0.998754 -0.047122 0.752487 0.987827 2 13 0.884945 14 0.115055
ring
  13 24.702026 2.034417 58.073475 -0.016384 -0.998727 -0.047713 0.766321 0.987827 2 13 0.991855 14 0.008145
  13 24.701328 2.034936 58.062847 -0.016385 -0.998728 -0.047675 0.766321 0.987827 2 13 0.991855 14 0.008145
  13 24.813562 2.032932 58.066257 -0.016399 -0.998754 -0.047122 0.752487 0.987827 2 13 0.884945 14 0.115055
ring
  13 24.702404 2.101048 58.066010 0.016419 0.998726 0.047721 0.766321 0.984142 2 13 0.991855 14 0.008145
  13 24.703100 2.100529 58.076637 0.016417 0.998723 0.047769 0.766321 0.984142 2 13 0.991855 14 0.008145
  13 24.814365 2.099044 58.069412 0.016449 0.998757 0.047039 0.752487 0.984142 2 13 0.884945 14 0.115055
ring
  13 24.813612 2.099559 58.058731 0.016450 0.998760 0.046991 0.752487 0.984142 2 13 0.884945 14 0.115055
  13 24.702404 2.101048 58.066010 0.016419 0.998726 0.047721 0.766321 0.984142 2 13 0.991855 14 0.008145
  13 24.814365 2.099044 58.069412 0.016449 0.998757 0.047039 0.752487 0.984142 2 13 0.884945 14 0.115055
ring
  13 24.813612 2.099559 58.058731 0.997456 -0.008720 -0.070741 0.752487 0.984142 2 13 0.884945 14 0.115055
  13 24.814365 2.099044 58.069412 0.997456 -0.008712 -0.070746 0.752487 0.984142 2 13 0.884945 14 0.115055
  13 24.813562 2.032932 58.066257 0.997458 -0.008784 -0.070714 0.752487 0.987827 2 13 0.884945 14 0.115055
ring
  13 24.812809 2.033448 58.055588 0.997458 -0.008793 -0.070710 0.752487 0.987827 2 13 0.884945 14 0.115055
  13 24.813612 2.099559 58.058731 0.997456 -0.008720 -0.070741 0.752487 0.984142 2 13 0.884945 14 0.115055
  13 24.813562 2.032932 58.066257 0.997458 -0.008784 -0.070714 0.752487 0.987827 2 13 0.884945 14 0.115055
ring
  13 24.630182 2.101994 58.070854 -0.997735 0.013109 0.065983 0.775417 0.984142 2 13 0.991855 14 0.008145
  13 24.630878 2.101475 58.081478 -0.997734 0.013109 0.065987 0.775417 0.984142 2 13 0.991855 14 0.008145
  13 24.636198 2.427649 58.097076 -0.997746 0.013109 0.065815 0.775417 0.965956 2 13 0.991855 14 0.008145
ring
  13 24.635504 2.428169 58.086445 -0.997746 0.013109 0.065812 0.775417 0.965956 2 13 0.991855 14 0.008145
  13 24.630182 2.101994 58.070854 -0.997735 0.013109 0.065983 0.775417 0.984142 2 13 0.991855 14 0.008145
  13 24.636198 2.427649 58.097076 -0.997746 0.013109 0.065815 0.775417 0.965956 2 13 0.991855 14 0.008145
ring
  13 24.701328 2.034936 58.062847 0.997713 -0.014115 -0.066101 0.766321 0.987827 2 13 0.991855 14 0.008145
  13 24.702026 2.034417 58.073475 0.997712 -0.014114 -0.066116 0.766321 0.987827 2 13 0.991855 14 0.008145
  13 24.698814 1.849412 58.064579 0.997738 -0.014137 -0.065724 0.766321 0.998144 1 13 1.000000
ring
  13 24.698122 1.849932 58.053947 0.997739 -0.014138 -0.065709 0.766321 0.998144 1 13 1.000000
  13 24.701328 2.034936 58.062847 0.997713 -0.014115 -0.066101 0.766321 0.987827 2 13 0.991855 14 0.008145
  13 24.698814 1.849412 58.064579 0.997738 -0.014137 -0.065724 0.766321 0.998144 1 13 1.000000
ring
  13 24.625898 1.850901 58.058773 -0.997737 0.014183 0.065721 0.775417 0.998144 1 13 1.000000
  13 24.626591 1.850382 58.069397 -0.997738 0.014187 0.065703 0.775417 0.998144 1 13 1.000000
  13 24.629805 2.035363 58.078316 -0.997710 0.014086 0.066154 0.775417 0.987827 2 13 0.991855 14 0.008145
ring
  13 24.629107 2.035883 58.067688 -0.997709 0.014083 0.066171 0.775417 0.987827 2 13 0.991855 14 0.008145
  13 24.625898 1.850901 58.058773 -0.997737 0.014183 0.065721 0.775417 0.998144 1 13 1.000000
  13 24.629805 2.035363 58.078316 -0.997710 0.014086 0.066154 0.775417 0.987827 2 13 0.991855 14 0.008145
ring
  13 24.635504 2.428169 58.086445 0.016285 0.998728 0.047713 0.775417 0.965956 2 13 0.991855 14 0.008145
  13 24.636198 2.427649 58.097076 0.016283 0.998728 0.047718 0.775417 0.965956 2 13 0.991855 14 0.008145
  13 24.708416 2.426703 58.092228 0.016305 0.998730 0.047670 0.766321 0.965956 2 13 0.991855 14 0.008145
ring
  13 24.707722 2.427222 58.081600 0.016307 0.998730 0.047665 0.766321 0.965956 2 13 0.991855 14 0.008145
  13 24.635504 2.428169 58.086445 0.016285 0.998728 0.047713 0.775417 0.965956 2 13 0.991855 14 0.008145
  13 24.708416 2.426703 58.092228 0.016305 0.998730 0.047670 0.766321 0.965956 2 13 0.991855 14 0.008145
ring
  13 24.707722 2.427222 58.081600 0.997746 -0.013127 -0.065813 0.766321 0.965956 2 13 0.991855 14 0.008145
  13 24.708416 2.426703 58.092228 0.997746 -0.013127 -0.065809 0.766321 0.965956 2 13 0.991855 14 0.008145
  13 24.703100 2.100529 58.076637 0.997734 -0.013135 -0.065985 0.766321 0.984142 2 13 0.991855 14 0.008145
ring
  13 24.702404 2.101048 58.066010 0.997734 -0.013135 -0.065989 0.766321 0.984142 2 13 0.991855 14 0.008145
  13 24.707722 2.427222 58.081600 0.997746 -0.013127 -0.065813 0.766321 0.965956 2 13 0.991855 14 0.008145
  13 24.703100 2.100529 58.076637 0.997734 -0.013135 -0.065985 0.766321 0.984142 2 13 0.991855 14 0.008145
ring
  19 25.042881 1.028823 57.711849 0.147480 -0.889989 0.431472 0.818165 0.944549 1 19 1.000000
  19 25.062929 1.024862 57.705093 0.002725 -0.859106 0.511790 0.818169 0.950790 1 19 1.000000
  19 25.030313 1.071526 57.962143 -0.211065 -0.976983 0.030914 0.836611 0.950774 1 19 1.000000
ring
  19 25.042881 1.028823 57.711849 0.147480 -0.889989 0.431472 0.818165 0.944549 1 19 1.000000
  19 25.015982 0.907892 57.589298 0.334509 -0.502713 0.797109 0.799722 0.944549 1 19 1.000000
  19 25.062929 1.024862 57.705093 0.002725 -0.859106 0.511790 0.818169 0.950790 1 19 1.000000
ring
  19 25.015982 0.907892 57.589298 0.334509 -0.502713 0.797109 0.799722 0.944549 1 19 1.000000
  19 25.036398 0.905424 57.584072 0.159953 -0.490089 0.856871 0.799726 0.950807 1 19 1.000000
  19 25.062929 1.024862 57.705093 0.002725 -0.859106 0.511790 0.818169 0.950790 1 19 1.000000
ring
  19 25.010693 1.076053 57.970993 -0.007849 -0.999963 -0.003558 0.836607 0.944549 1 19 1.000000
  19 25.042881 1.028823 57.711849 0.147480 -0.889989 0.431472 0.818165 0.944549 1 19 1.000000
  19 25.030313 1.071526 57.962143 -0.211065 -0.976983 0.030914 0.836611 0.950774 1 19 1.000000
ring
  19 25.015982 0.907892 57.589298 0.334509 -0.502713 0.797109 0.799722 0.944549 1 19 1.000000
  19 25.042881 1.028823 57.711849 0.147480 -0.889989 0.431472 0.818165 0.944549 1 19 1.000000
  19 25.023491 1.025877 57.723053 0.342443 -0.865696 0.365107 0.818161 0.938230 1 19 1.000000
ring
  19 25.010693 1.076053 57.970993 -0.007849 -0.999963 -0.003558 0.836607 0.944549 1 19 1.000000
  19 25.030313 1.071526 57.962143 -0.211065 -0.976983 0.030914 0.836611 0.950774 1 19 1.000000
  19 25.042961 1.035244 58.144329 -0.208765 -0.880695 -0.425197 0.855049 0.944549 2 19 0.991855 20 0.008145
ring
  19 25.023491 1.025877 57.723053 0.342443 -0.865696 0.365107 0.818161 0.938230 1 19 1.000000
  19 25.042881 1.028823 57.711849 0.147480 -0.889989 0.431472 0.818165 0.944549 1 19 1.000000
  19 24.990852 1.072541 57.980087 0.138349 -0.987202 -0.079317 0.836603 0.938214 1 19 1.000000
ring
  19 25.042881 1.028823 57.711849 0.147480 -0.889989 0.431472 0.818165 0.944549 1 19 1.000000
  19 25.010693 1.076053 57.970993 -0.007849 -0.999963 -0.003558 0.836607 0.944549 1 19 1.000000
  19 24.990852 1.072541 57.980087 0.138349 -0.987202 -0.079317 0.836603 0.938214 1 19 1.000000
ring
  19 24.990852 1.072541 57.980087 0.138349 -0.987202 -0.079317 0.836603 0.938214 1 19 1.000000
  19 25.010693 1.076053 57.970993 -0.007849 -0.999963 -0.003558 0.836607 0.944549 1 19 1.000000
  19 25.042961 1.035244 58.144329 -0.208765 -0.880695 -0.425197 0.855049 0.944549 2 19 0.991855 20 0.008145
ring
  19 24.996954 0.906439 57.601990 0.507639 -0.496521 0.704109 0.799718 0.938245 1 19 1.000000
  19 25.015982 0.907892 57.589298 0.334509 -0.502713 0.797109 0.799722 0.944549 1 19 1.000000
  19 25.023491 1.025877 57.723053 0.342443 -0.865696 0.365107 0.818161 0.938230 1 19 1.000000
ring
  19 25.022753 1.032258 58.151249 -0.038639 -0.871787 -0.488359 0.855046 0.938202 2 19 0.991855 20 0.008145
  19 24.990852 1.072541 57.980087 0.138349 -0.987202 -0.079317 0.836603 0.938214 1 19 1.000000
  19 25.042961 1.035244 58.144329 -0.208765 -0.880695 -0.425197 0.855049 0.944549 2 19 0.991855 20 0.008145
ring
  19 25.030313 1.071526 57.962143 -0.211065 -0.976983 0.030914 0.836611 0.950774 1 19 1.000000
  19 25.062201 1.031243 58.133335 -0.376151 -0.859711 -0.345554 0.855049 0.950764 2 19 0.991855 20 0.008145
  19 25.042961 1.035244 58.144329 -0.208765 -0.880695 -0.425197 0.855049 0.944549 2 19 0.991855 20 0.008145
ring
  19 25.022753 1.032258 58.151249 -0.038639 -0.871787 -0.488359 0.855046 0.938202 2 19 0.991855 20 0.008145
  19 25.042961 1.035244 58.144329 -0.208765 -0.880695 -0.425197 0.855049 0.944549 2 19 0.991855 20 0.008145
  19 25.064686 0.918296 58.273636 -0.272541 -0.735923 -0.619789 0.873852 0.944549 2 19 0.991855 20 0.008145
ring
  19 25.042961 1.035244 58.144329 -0.208765 -0.880695 -0.425197 0.855049 0.944549 2 19 0.991855 20 0.008145
  19 25.062201 1.031243 58.133335 -0.376151 -0.859711 -0.345554 0.855049 0.950764 2 19 0.991855 20 0.008145
  19 25.064686 0.918296 58.273636 -0.272541 -0.735923 -0.619789 0.873852 0.944549 2 19 0.991855 20 0.008145
ring
  19 25.044209 0.916760 58.278965 -0.114721 -0.746336 -0.655608 0.873852 0.938134 2 19 0.991855 20 0.008145
  19 25.022753 1.032258 58.151249 -0.038639 -0.871787 -0.488359 0.855046 0.938202 2 19 0.991855 20 0.008145
  19 25.064686 0.918296 58.273636 -0.272541 -0.735923 -0.619789 0.873852 0.944549 2 19 0.991855 20 0.008145
ring
  19 25.062201 1.031243 58.133335 -0.376151 -0.859711 -0.345554 0.855049 0.950764 2 19 0.991855 20 0.008145
  19 25.083656 0.915715 58.261044 -0.460635 -0.695354 -0.551631 0.873852 0.950970 2 19 0.991855 20 0.008145
  19 25.064686 0.918296 58.273636 -0.272541 -0.735923 -0.619789 0.873852 0.944549 2 19 0.991855 20 0.008145
ring
  19 25.003597 0.744694 57.547821 0.399642 0.017004 0.916514 0.781278 0.944549 1 19 1.000000
  19 25.015982 0.907892 57.589298 0.334509 -0.502713 0.797109 0.799722 0.944549 1 19 1.000000
  19 24.996954 0.906439 57.601990 0.507639 -0.496521 0.704109 0.799718 0.938245 1 19 1.000000
ring
  19 25.015982 0.907892 57.589298 0.334509 -0.502713 0.797109 0.799722 0.944549 1 19 1.000000
  19 25.003597 0.744694 57.547821 0.399642 0.017004 0.916514 0.781278 0.944549 1 19 1.000000
  19 25.036398 0.905424 57.584072 0.159953 -0.490089 0.856871 0.799726 0.950807 1 19 1.000000
ring
  19 24.984703 0.745287 57.561039 0.573533 0.011866 0.819096 0.781273 0.938262 1 19 1.000000
  19 25.003597 0.744694 57.547821 0.399642 0.017004 0.916514 0.781278 0.944549 1 19 1.000000
  19 24.996954 0.906439 57.601990 0.507639 -0.496521 0.704109 0.799718 0.938245 1 19 1.000000
ring
  19 25.003597 0.744694 57.547821 0.399642 0.017004 0.916514 0.781278 0.944549 1 19 1.000000
  19 25.024166 0.744272 57.543102 0.224070 0.020989 0.974347 0.781282 0.950824 1 19 1.000000
  19 25.036398 0.905424 57.584072 0.159953 -0.490089 0.856871 0.799726 0.950807 1 19 1.000000
ring
  19 24.984703 0.745287 57.561039 0.573533 0.011866 0.819096 0.781273 0.938262 1 19 1.000000
  19 24.990049 0.585572 57.611149 0.521944 0.513324 0.681229 0.762827 0.938278 1 19 1.000000
  19 25.003597 0.744694 57.547821 0.399642 0.017004 0.916514 0.781278 0.944549 1 19 1.000000
ring
  19 25.029509 0.584527 57.593208 0.178153 0.525347 0.832029 0.762836 0.950842 1 19 1.000000
  19 25.024166 0.744272 57.543102 0.224070 0.020989 0.974347 0.781282 0.950824 1 19 1.000000
  19 25.003597 0.744694 57.547821 0.399642 0.017004 0.916514 0.781278 0.944549 1 19 1.000000
ring
  19 24.990049 0.585572 57.611149 0.521944 0.513324 0.681229 0.762827 0.938278 1 19 1.000000
  19 25.009016 0.582990 57.598564 0.351331 0.528967 0.772503 0.762831 0.944549 1 19 1.000000
  19 25.003597 0.744694 57.547821 0.399642 0.017004 0.916514 0.781278 0.944549 1 19 1.000000
ring
  19 25.009016 0.582990 57.598564 0.351331 0.528967 0.772503 0.762831 0.944549 1 19 1.000000
  19 25.029509 0.584527 57.593208 0.178153 0.525347 0.832029 0.762836 0.950842 1 19 1.000000
  19 25.003597 0.744694 57.547821 0.399642 0.017004 0.916514 0.781278 0.944549 1 19 1.000000
ring
  19 24.990049 0.585572 57.611149 0.521944 0.513324 0.681229 0.762827 0.938278 1 19 1.000000
  19 25.011530 0.470077 57.738884 0.372879 0.864086 0.338108 0.744378 0.938295 1 19 1.000000
  19 25.009016 0.582990 57.598564 0.351331 0.528967 0.772503 0.762831 0.944549 1 19 1.000000
ring
  19 25.050997 0.469062 57.720932 0.035910 0.876748 0.479608 0.744386 0.950861 1 19 1.000000
  19 25.029509 0.584527 57.593208 0.178153 0.525347 0.832029 0.762836 0.950842 1 19 1.000000
  19 25.009016 0.582990 57.598564 0.351331 0.528967 0.772503 0.762831 0.944549 1 19 1.000000
ring
  19 25.011530 0.470077 57.738884 0.372879 0.864086 0.338108 0.744378 0.938295 1 19 1.000000
  19 25.030766 0.466076 57.727898 0.180485 0.898383 0.400416 0.744382 0.944549 1 19 1.000000
  19 25.009016 0.582990 57.598564 0.351331 0.528967 0.772503 0.762831 0.944549 1 19 1.000000
ring
  19 25.030766 0.466076 57.727898 0.180485 0.898383 0.400416 0.744382 0.944549 1 19 1.000000
  19 25.050997 0.469062 57.720932 0.035910 0.876748 0.479608 0.744386 0.950861 1 19 1.000000
  19 25.009016 0.582990 57.598564 0.351331 0.528967 0.772503 0.762831 0.944549 1 19 1.000000
ring
  19 25.011530 0.470077 57.738884 0.372879 0.864086 0.338108 0.744378 0.938295 1 19 1.000000
  19 24.977057 0.430746 57.998379 0.174724 0.978195 -0.112277 0.725924 0.938313 1 19 1.000000
  19 25.030766 0.466076 57.727898 0.180485 0.898383 0.400416 0.744382 0.944549 1 19 1.000000
ring
  19 25.016523 0.429731 57.980431 -0.173208 0.984883 0.002139 0.725933 0.950881 1 19 1.000000
  19 25.050997 0.469062 57.720932 0.035910 0.876748 0.479608 0.744386 0.950861 1 19 1.000000
  19 25.030766 0.466076 57.727898 0.180485 0.898383 0.400416 0.744382 0.944549 1 19 1.000000
ring
  19 24.977057 0.430746 57.998379 0.174724 0.978195 -0.112277 0.725924 0.938313 1 19 1.000000
  19 24.996710 0.426220 57.989532 0.029258 0.998928 -0.035862 0.725929 0.944549 1 19 1.000000
  19 25.030766 0.466076 57.727898 0.180485 0.898383 0.400416 0.744382 0.944549 1 19 1.000000
ring
  19 24.996710 0.426220 57.989532 0.029258 0.998928 -0.035862 0.725929 0.944549 1 19 1.000000
  19 25.016523 0.429731 57.980431 -0.173208 0.984883 0.002139 0.725933 0.950881 1 19 1.000000
  19 25.030766 0.466076 57.727898 0.180485 0.898383 0.400416 0.744382 0.944549 1 19 1.000000
ring
  19 25.030790 0.472497 58.160225 -0.180484 0.868822 -0.461057 0.707474 0.944549 2 19 0.991855 20 0.008145
  19 24.996710 0.426220 57.989532 0.029258 0.998928 -0.035862 0.725929 0.944549 1 19 1.000000
  19 24.977057 0.430746 57.998379 0.174724 0.978195 -0.112277 0.725924 0.938313 1 19 1.000000
ring
  19 24.996710 0.426220 57.989532 0.029258 0.998928 -0.035862 0.725929 0.944549 1 19 1.000000
  19 25.030790 0.472497 58.160225 -0.180484 0.868822 -0.461057 0.707474 0.944549 2 19 0.991855 20 0.008145
  19 25.016523 0.429731 57.980431 -0.173208 0.984883 0.002139 0.725933 0.950881 1 19 1.000000
ring
  19 25.010815 0.476465 58.167072 -0.011144 0.850826 -0.525329 0.707473 0.938326 1 19 1.000000
  19 25.030790 0.472497 58.160225 -0.180484 0.868822 -0.461057 0.707474 0.944549 2 19 0.991855 20 0.008145
  19 24.977057 0.430746 57.998379 0.174724 0.978195 -0.112277 0.725924 0.938313 1 19 1.000000
ring
  19 25.030790 0.472497 58.160225 -0.180484 0.868822 -0.461057 0.707474 0.944549 2 19 0.991855 20 0.008145
  19 25.050177 0.475443 58.149025 -0.349658 0.856259 -0.380210 0.707477 0.950897 2 19 0.991855 20 0.008145
  19 25.016523 0.429731 57.980431 -0.173208 0.984883 0.002139 0.725933 0.950881 1 19 1.000000
ring
  19 25.057686 0.593395 58.282806 -0.250191 0.716048 -0.651675 0.688657 0.944549 2 19 0.991855 20 0.008145
  19 25.030790 0.472497 58.160225 -0.180484 0.868822 -0.461057 0.707474 0.944549 2 19 0.991855 20 0.008145
  19 25.010815 0.476465 58.167072 -0.011144 0.850826 -0.525329 0.707473 0.938326 1 19 1.000000
ring
  19 25.030790 0.472497 58.160225 -0.180484 0.868822 -0.461057 0.707474 0.944549 2 19 0.991855 20 0.008145
  19 25.057686 0.593395 58.282806 -0.250191 0.716048 -0.651675 0.688657 0.944549 2 19 0.991855 20 0.008145
  19 25.050177 0.475443 58.149025 -0.349658 0.856259 -0.380210 0.707477 0.950897 2 19 0.991855 20 0.008145
ring
  19 25.037266 0.595863 58.288033 -0.089851 0.718544 -0.689653 0.688657 0.938124 2 19 0.991855 20 0.008145
  19 25.057686 0.593395 58.282806 -0.250191 0.716048 -0.651675 0.688657 0.944549 2 19 0.991855 20 0.008145
  19 25.010815 0.476465 58.167072 -0.011144 0.850826 -0.525329 0.707473 0.938326 1 19 1.000000
ring
  19 25.057686 0.593395 58.282806 -0.250191 0.716048 -0.651675 0.688657 0.944549 2 19 0.991855 20 0.008145
  19 25.076736 0.594848 58.270088 -0.439372 0.685899 -0.580082 0.688657 0.950970 2 19 0.991855 20 0.008145
  19 25.050177 0.475443 58.149025 -0.349658 0.856259 -0.380210 0.707477 0.950897 2 19 0.991855 20 0.008145
ring
  19 25.042374 1.035597 57.708248 -0.148074 0.889668 -0.431933 0.818165 0.944549 1 19 1.000000
  19 25.011002 1.083957 57.971519 0.007738 0.999965 0.003071 0.836607 0.944549 1 19 1.000000
  19 25.031116 1.079311 57.962452 0.210870 0.976984 -0.032175 0.836611 0.950774 1 19 1.000000
ring
  19 25.062920 1.031548 57.701309 -0.003373 0.859087 -0.511818 0.818169 0.950790 1 19 1.000000
  19 25.042374 1.035597 57.708248 -0.148074 0.889668 -0.431933 0.818165 0.944549 1 19 1.000000
  19 25.031116 1.079311 57.962452 0.210870 0.976984 -0.032175 0.836611 0.950774 1 19 1.000000
ring
  19 25.011002 1.083957 57.971519 0.007738 0.999965 0.003071 0.836607 0.944549 1 19 1.000000
  19 25.044064 1.042185 58.149078 0.209301 0.880655 0.425017 0.855049 0.944549 2 19 0.991855 20 0.008145
  19 25.031116 1.079311 57.962452 0.210870 0.976984 -0.032175 0.836611 0.950774 1 19 1.000000
ring
  19 25.044064 1.042185 58.149078 0.209301 0.880655 0.425017 0.855049 0.944549 2 19 0.991855 20 0.008145
  19 25.063755 1.038033 58.137814 0.378355 0.858955 0.345028 0.855049 0.950764 2 19 0.991855 20 0.008145
  19 25.031116 1.079311 57.962452 0.210870 0.976984 -0.032175 0.836611 0.950774 1 19 1.000000
ring
  19 24.990711 1.080353 57.980835 -0.139078 0.987142 0.078785 0.836603 0.938214 1 19 1.000000
  19 25.011002 1.083957 57.971519 0.007738 0.999965 0.003071 0.836607 0.944549 1 19 1.000000
  19 25.042374 1.035597 57.708248 -0.148074 0.889668 -0.431933 0.818165 0.944549 1 19 1.000000
ring
  19 25.011002 1.083957 57.971519 0.007738 0.999965 0.003071 0.836607 0.944549 1 19 1.000000
  19 24.990711 1.080353 57.980835 -0.139078 0.987142 0.078785 0.836603 0.938214 1 19 1.000000
  19 25.044064 1.042185 58.149078 0.209301 0.880655 0.425017 0.855049 0.944549 2 19 0.991855 20 0.008145
ring
  19 25.022509 1.032590 57.719711 -0.341880 0.865822 -0.365336 0.818161 0.938230 1 19 1.000000
  19 24.990711 1.080353 57.980835 -0.139078 0.987142 0.078785 0.836603 0.938214 1 19 1.000000
  19 25.042374 1.035597 57.708248 -0.148074 0.889668 -0.431933 0.818165 0.944549 1 19 1.000000
ring
  19 24.990711 1.080353 57.980835 -0.139078 0.987142 0.078785 0.836603 0.938214 1 19 1.000000
  19 25.023367 1.039105 58.156166 0.037607 0.871714 0.488570 0.855046 0.938202 2 19 0.991855 20 0.008145
  19 25.044064 1.042185 58.149078 0.209301 0.880655 0.425017 0.855049 0.944549 2 19 0.991855 20 0.008145
ring
  19 25.022509 1.032590 57.719711 -0.341880 0.865822 -0.365336 0.818161 0.938230 1 19 1.000000
  19 25.042374 1.035597 57.708248 -0.148074 0.889668 -0.431933 0.818165 0.944549 1 19 1.000000
  19 25.014847 0.911741 57.582680 -0.334258 0.502699 -0.797224 0.799722 0.944549 1 19 1.000000
ring
  19 25.014847 0.911741 57.582680 -0.334258 0.502699 -0.797224 0.799722 0.944549 1 19 1.000000
  19 25.042374 1.035597 57.708248 -0.148074 0.889668 -0.431933 0.818165 0.944549 1 19 1.000000
  19 25.062920 1.031548 57.701309 -0.003373 0.859087 -0.511818 0.818169 0.950790 1 19 1.000000
ring
  19 24.995321 0.910259 57.595703 -0.507273 0.496630 -0.704296 0.799718 0.938245 1 19 1.000000
  19 25.022509 1.032590 57.719711 -0.341880 0.865822 -0.365336 0.818161 0.938230 1 19 1.000000
  19 25.014847 0.911741 57.582680 -0.334258 0.502699 -0.797224 0.799722 0.944549 1 19 1.000000
ring
  19 25.035713 0.909217 57.577347 -0.159763 0.490087 -0.856908 0.799726 0.950807 1 19 1.000000
  19 25.014847 0.911741 57.582680 -0.334258 0.502699 -0.797224 0.799722 0.944549 1 19 1.000000
  19 25.062920 1.031548 57.701309 -0.003373 0.859087 -0.511818 0.818169 0.950790 1 19 1.000000
ring
  19 25.044064 1.042185 58.149078 0.209301 0.880655 0.425017 0.855049 0.944549 2 19 0.991855 20 0.008145
  19 25.023367 1.039105 58.156166 0.037607 0.871714 0.488570 0.855046 0.938202 2 19 0.991855 20 0.008145
  19 25.066315 0.922367 58.281532 0.272209 0.736020 0.619820 0.873852 0.944549 2 19 0.991855 20 0.008145
ring
  19 25.023367 1.039105 58.156166 0.037607 0.871714 0.488570 0.855046 0.938202 2 19 0.991855 20 0.008145
  19 25.045353 0.920796 58.286972 0.114132 0.746342 0.655704 0.873852 0.938134 2 19 0.991855 20 0.008145
  19 25.066315 0.922367 58.281532 0.272209 0.736020 0.619820 0.873852 0.944549 2 19 0.991855 20 0.008145
ring
  19 25.044064 1.042185 58.149078 0.209301 0.880655 0.425017 0.855049 0.944549 2 19 0.991855 20 0.008145
  19 25.066315 0.922367 58.281532 0.272209 0.736020 0.619820 0.873852 0.944549 2 19 0.991855 20 0.008145
  19 25.063755 1.038033 58.137814 0.378355 0.858955 0.345028 0.855049 0.950764 2 19 0.991855 20 0.008145
ring
  19 25.066315 0.922367 58.281532 0.272209 0.736020 0.619820 0.873852 0.944549 2 19 0.991855 20 0.008145
  19 25.085766 0.919725 58.268627 0.460355 0.695574 0.551589 0.873852 0.950970 2 19 0.991855 20 0.008145
  19 25.063755 1.038033 58.137814 0.378355 0.858955 0.345028 0.855049 0.950764 2 19 0.991855 20 0.008145
ring
  19 25.002151 0.744573 57.540207 -0.398974 -0.016876 -0.916807 0.781278 0.944549 1 19 1.000000
  19 25.014847 0.911741 57.582680 -0.334258 0.502699 -0.797224 0.799722 0.944549 1 19 1.000000
  19 25.035713 0.909217 57.577347 -0.159763 0.490087 -0.856908 0.799726 0.950807 1 19 1.000000
ring
  19 24.995321 0.910259 57.595703 -0.507273 0.496630 -0.704296 0.799718 0.938245 1 19 1.000000
  19 25.014847 0.911741 57.582680 -0.334258 0.502699 -0.797224 0.799722 0.944549 1 19 1.000000
  19 25.002151 0.744573 57.540207 -0.398974 -0.016876 -0.916807 0.781278 0.944549 1 19 1.000000
ring
  19 25.023193 0.744126 57.535381 -0.223706 -0.021093 -0.974428 0.781282 0.950824 1 19 1.000000
  19 25.002151 0.744573 57.540207 -0.398974 -0.016876 -0.916807 0.781278 0.944549 1 19 1.000000
  19 25.035713 0.909217 57.577347 -0.159763 0.490087 -0.856908 0.799726 0.950807 1 19 1.000000
ring
  19 24.982779 0.745167 57.553730 -0.572500 -0.012004 -0.819816 0.781273 0.938262 1 19 1.000000
  19 24.995321 0.910259 57.595703 -0.507273 0.496630 -0.704296 0.799718 0.938245 1 19 1.000000
  19 25.002151 0.744573 57.540207 -0.398974 -0.016876 -0.916807 0.781278 0.944549 1 19 1.000000
ring
  19 25.002151 0.744573 57.540207 -0.398974 -0.016876 -0.916807 0.781278 0.944549 1 19 1.000000
  19 25.023193 0.744126 57.535381 -0.223706 -0.021093 -0.974428 0.781282 0.950824 1 19 1.000000
  19 25.028666 0.580524 57.586685 -0.177043 -0.525157 -0.832386 0.762836 0.950842 1 19 1.000000
ring
  19 24.988251 0.581566 57.605080 -0.522520 -0.513262 -0.680834 0.762827 0.938278 1 19 1.000000
  19 24.982779 0.745167 57.553730 -0.572500 -0.012004 -0.819816 0.781273 0.938262 1 19 1.000000
  19 25.002151 0.744573 57.540207 -0.398974 -0.016876 -0.916807 0.781278 0.944549 1 19 1.000000
ring
  19 25.007675 0.578923 57.592167 -0.351144 -0.529007 -0.772560 0.762831 0.944549 1 19 1.000000
  19 25.002151 0.744573 57.540207 -0.398974 -0.016876 -0.916807 0.781278 0.944549 1 19 1.000000
  19 25.028666 0.580524 57.586685 -0.177043 -0.525157 -0.832386 0.762836 0.950842 1 19 1.000000
ring
  19 25.007675 0.578923 57.592167 -0.351144 -0.529007 -0.772560 0.762831 0.944549 1 19 1.000000
  19 24.988251 0.581566 57.605080 -0.522520 -0.513262 -0.680834 0.762827 0.938278 1 19 1.000000
  19 25.002151 0.744573 57.540207 -0.398974 -0.016876 -0.916807 0.781278 0.944549 1 19 1.000000
ring
  19 25.007675 0.578923 57.592167 -0.351144 -0.529007 -0.772560 0.762831 0.944549 1 19 1.000000
  19 25.028666 0.580524 57.586685 -0.177043 -0.525157 -0.832386 0.762836 0.950842 1 19 1.000000
  19 25.050652 0.462250 57.717556 -0.034140 -0.876740 -0.479752 0.744386 0.950861 1 19 1.000000
ring
  19 25.010263 0.463291 57.735912 -0.373936 -0.863683 -0.337968 0.744378 0.938295 1 19 1.000000
  19 24.988251 0.581566 57.605080 -0.522520 -0.513262 -0.680834 0.762827 0.938278 1 19 1.000000
  19 25.007675 0.578923 57.592167 -0.351144 -0.529007 -0.772560 0.762831 0.944549 1 19 1.000000
ring
  19 25.029959 0.459170 57.724651 -0.180552 -0.898117 -0.400981 0.744382 0.944549 1 19 1.000000
  19 25.007675 0.578923 57.592167 -0.351144 -0.529007 -0.772560 0.762831 0.944549 1 19 1.000000
  19 25.050652 0.462250 57.717556 -0.034140 -0.876740 -0.479752 0.744386 0.950861 1 19 1.000000
ring
  19 25.029959 0.459170 57.724651 -0.180552 -0.898117 -0.400981 0.744382 0.944549 1 19 1.000000
  19 25.010263 0.463291 57.735912 -0.373936 -0.863683 -0.337968 0.744378 0.938295 1 19 1.000000
  19 25.007675 0.578923 57.592167 -0.351144 -0.529007 -0.772560 0.762831 0.944549 1 19 1.000000
ring
  19 25.029959 0.459170 57.724651 -0.180552 -0.898117 -0.400981 0.744382 0.944549 1 19 1.000000
  19 25.050652 0.462250 57.717556 -0.034140 -0.876740 -0.479752 0.744386 0.950861 1 19 1.000000
  19 25.016979 0.421925 57.981197 0.171755 -0.985135 -0.002997 0.725933 0.950881 1 19 1.000000
ring
  19 24.976563 0.422996 57.999546 -0.175753 -0.978059 0.111851 0.725924 0.938313 1 19 1.000000
  19 25.010263 0.463291 57.735912 -0.373936 -0.863683 -0.337968 0.744378 0.938295 1 19 1.000000
  19 25.029959 0.459170 57.724651 -0.180552 -0.898117 -0.400981 0.744382 0.944549 1 19 1.000000
ring
  19 24.996660 0.418350 57.990498 -0.030092 -0.998912 0.035624 0.725929 0.944549 1 19 1.000000
  19 25.029959 0.459170 57.724651 -0.180552 -0.898117 -0.400981 0.744382 0.944549 1 19 1.000000
  19 25.016979 0.421925 57.981197 0.171755 -0.985135 -0.002997 0.725933 0.950881 1 19 1.000000
ring
  19 24.996660 0.418350 57.990498 -0.030092 -0.998912 0.035624 0.725929 0.944549 1 19 1.000000
  19 24.976563 0.422996 57.999546 -0.175753 -0.978059 0.111851 0.725924 0.938313 1 19 1.000000
  19 25.029959 0.459170 57.724651 -0.180552 -0.898117 -0.400981 0.744382 0.944549 1 19 1.000000
ring
  19 25.031603 0.465728 58.165348 0.180241 -0.868794 0.461204 0.707474 0.944549 2 19 0.991855 20 0.008145
  19 24.996660 0.418350 57.990498 -0.030092 -0.998912 0.035624 0.725929 0.944549 1 19 1.000000
  19 25.016979 0.421925 57.981197 0.171755 -0.985135 -0.002997 0.725933 0.950881 1 19 1.000000
ring
  19 24.976563 0.422996 57.999546 -0.175753 -0.978059 0.111851 0.725924 0.938313 1 19 1.000000
  19 24.996660 0.418350 57.990498 -0.030092 -0.998912 0.035624 0.725929 0.944549 1 19 1.000000
  19 25.031603 0.465728 58.165348 0.180241 -0.868794 0.461204 0.707474 0.944549 2 19 0.991855 20 0.008145
ring
  19 25.051476 0.468735 58.153885 0.349095 -0.856354 0.380514 0.707477 0.950897 2 19 0.991855 20 0.008145
  19 25.031603 0.465728 58.165348 0.180241 -0.868794 0.461204 0.707474 0.944549 2 19 0.991855 20 0.008145
  19 25.016979 0.421925 57.981197 0.171755 -0.985135 -0.002997 0.725933 0.950881 1 19 1.000000
ring
  19 25.011114 0.469784 58.172359 0.011095 -0.850908 0.525197 0.707473 0.938326 1 19 1.000000
  19 24.976563 0.422996 57.999546 -0.175753 -0.978059 0.111851 0.725924 0.938313 1 19 1.000000
  19 25.031603 0.465728 58.165348 0.180241 -0.868794 0.461204 0.707474 0.944549 2 19 0.991855 20 0.008145
ring
  19 25.059132 0.589578 58.290905 0.250163 -0.716027 0.651708 0.688657 0.944549 2 19 0.991855 20 0.008145
  19 25.031603 0.465728 58.165348 0.180241 -0.868794 0.461204 0.707474 0.944549 2 19 0.991855 20 0.008145
  19 25.051476 0.468735 58.153885 0.349095 -0.856354 0.380514 0.707477 0.950897 2 19 0.991855 20 0.008145
ring
  19 25.011114 0.469784 58.172359 0.011095 -0.850908 0.525197 0.707473 0.938326 1 19 1.000000
  19 25.031603 0.465728 58.165348 0.180241 -0.868794 0.461204 0.707474 0.944549 2 19 0.991855 20 0.008145
  19 25.059132 0.589578 58.290905 0.250163 -0.716027 0.651708 0.688657 0.944549 2 19 0.991855 20 0.008145
ring
  19 25.078630 0.591062 58.277912 0.438962 -0.685936 0.580348 0.688657 0.950970 2 19 0.991855 20 0.008145
  19 25.059132 0.589578 58.290905 0.250163 -0.716027 0.651708 0.688657 0.944549 2 19 0.991855 20 0.008145
  19 25.051476 0.468735 58.153885 0.349095 -0.856354 0.380514 0.707477 0.950897 2 19 0.991855 20 0.008145
ring
  19 25.038240 0.592103 58.296268 0.090232 -0.718593 0.689552 0.688657 0.938124 2 19 0.991855 20 0.008145
  19 25.011114 0.469784 58.172359 0.011095 -0.850908 0.525197 0.707473 0.938326 1 19 1.000000
  19 25.059132 0.589578 58.290905 0.250163 -0.716027 0.651708 0.688657 0.944549 2 19 0.991855 20 0.008145
ring
  19 25.023491 1.025877 57.723053 -0.991454 -0.104637 0.077910 0.818161 0.938230 1 19 1.000000
  19 24.990852 1.072541 57.980087 -0.999607 -0.020120 0.019503 0.836603 0.938214 1 19 1.000000
  19 24.990711 1.080353 57.980835 -0.999166 -0.023242 0.033583 0.836603 0.938214 1 19 1.000000
ring
  19 25.022509 1.032590 57.719711 -0.991351 -0.107559 0.075190 0.818161 0.938230 1 19 1.000000
  19 25.023491 1.025877 57.723053 -0.991454 -0.104637 0.077910 0.818161 0.938230 1 19 1.000000
  19 24.990711 1.080353 57.980835 -0.999166 -0.023242 0.033583 0.836603 0.938214 1 19 1.000000
ring
  19 24.990711 1.080353 57.980835 -0.999166 -0.023242 0.033583 0.836603 0.938214 1 19 1.000000
  19 24.990852 1.072541 57.980087 -0.999607 -0.020120 0.019503 0.836603 0.938214 1 19 1.000000
  19 25.023367 1.039105 58.156166 -0.986649 -0.026563 0.160682 0.855046 0.938202 2 19 0.991855 20 0.008145
ring
  19 24.996954 0.906439 57.601990 -0.969090 -0.008048 0.246576 0.799718 0.938245 1 19 1.000000
  19 25.023491 1.025877 57.723053 -0.991454 -0.104637 0.077910 0.818161 0.938230 1 19 1.000000
  19 25.022509 1.032590 57.719711 -0.991351 -0.107559 0.075190 0.818161 0.938230 1 19 1.000000
ring
  19 24.990852 1.072541 57.980087 -0.999607 -0.020120 0.019503 0.836603 0.938214 1 19 1.000000
  19 25.022753 1.032258 58.151249 -0.986200 -0.028337 0.163113 0.855046 0.938202 2 19 0.991855 20 0.008145
  19 25.023367 1.039105 58.156166 -0.986649 -0.026563 0.160682 0.855046 0.938202 2 19 0.991855 20 0.008145
ring
  19 24.995321 0.910259 57.595703 -0.969095 -0.008056 0.246556 0.799718 0.938245 1 19 1.000000
  19 24.996954 0.906439 57.601990 -0.969090 -0.008048 0.246576 0.799718 0.938245 1 19 1.000000
  19 25.022509 1.032590 57.719711 -0.991351 -0.107559 0.075190 0.818161 0.938230 1 19 1.000000
ring
  19 25.023367 1.039105 58.156166 -0.986649 -0.026563 0.160682 0.855046 0.938202 2 19 0.991855 20 0.008145
  19 25.022753 1.032258 58.151249 -0.986200 -0.028337 0.163113 0.855046 0.938202 2 19 0.991855 20 0.008145
  19 25.045353 0.920796 58.286972 -0.988518 -0.017966 0.150031 0.873852 0.938134 2 19 0.991855 20 0.008145
ring
  19 25.022753 1.032258 58.151249 -0.986200 -0.028337 0.163113 0.855046 0.938202 2 19 0.991855 20 0.008145
  19 25.044209 0.916760 58.278965 -0.988515 -0.017943 0.150055 0.873852 0.938134 2 19 0.991855 20 0.008145
  19 25.045353 0.920796 58.286972 -0.988518 -0.017966 0.150031 0.873852 0.938134 2 19 0.991855 20 0.008145
ring
  19 24.984703 0.745287 57.561039 -0.966756 0.028055 0.254156 0.781273 0.938262 1 19 1.000000
  19 24.996954 0.906439 57.601990 -0.969090 -0.008048 0.246576 0.799718 0.938245 1 19 1.000000
  19 24.995321 0.910259 57.595703 -0.969095 -0.008056 0.246556 0.799718 0.938245 1 19 1.000000
ring
  19 24.982779 0.745167 57.553730 -0.966767 0.027914 0.254128 0.781273 0.938262 1 19 1.000000
  19 24.984703 0.745287 57.561039 -0.966756 0.028055 0.254156 0.781273 0.938262 1 19 1.000000
  19 24.995321 0.910259 57.595703 -0.969095 -0.008056 0.246556 0.799718 0.938245 1 19 1.000000
ring
  19 24.984703 0.745287 57.561039 -0.966756 0.028055 0.254156 0.781273 0.938262 1 19 1.000000
  19 24.982779 0.745167 57.553730 -0.966767 0.027914 0.254128 0.781273 0.938262 1 19 1.000000
  19 24.988251 0.581566 57.605080 -0.967456 0.063483 0.244947 0.762827 0.938278 1 19 1.000000
ring
  19 24.990049 0.585572 57.611149 -0.967464 0.063582 0.244888 0.762827 0.938278 1 19 1.000000
  19 24.984703 0.745287 57.561039 -0.966756 0.028055 0.254156 0.781273 0.938262 1 19 1.000000
  19 24.988251 0.581566 57.605080 -0.967456 0.063483 0.244947 0.762827 0.938278 1 19 1.000000
ring
  19 24.990049 0.585572 57.611149 -0.967464 0.063582 0.244888 0.762827 0.938278 1 19 1.000000
  19 24.988251 0.581566 57.605080 -0.967456 0.063483 0.244947 0.762827 0.938278 1 19 1.000000
  19 25.010263 0.463291 57.735912 -0.985712 0.153598 0.069140 0.744378 0.938295 1 19 1.000000
ring
  19 25.011530 0.470077 57.738884 -0.985907 0.149397 0.075282 0.744378 0.938295 1 19 1.000000
  19 24.990049 0.585572 57.611149 -0.967464 0.063582 0.244888 0.762827 0.938278 1 19 1.000000
  19 25.010263 0.463291 57.735912 -0.985712 0.153598 0.069140 0.744378 0.938295 1 19 1.000000
ring
  19 25.011530 0.470077 57.738884 -0.985907 0.149397 0.075282 0.744378 0.938295 1 19 1.000000
  19 25.010263 0.463291 57.735912 -0.985712 0.153598 0.069140 0.744378 0.938295 1 19 1.000000
  19 24.976563 0.422996 57.999546 -0.996922 0.070500 0.034309 0.725924 0.938313 1 19 1.000000
ring
  19 24.977057 0.430746 57.998379 -0.997680 0.066097 0.016293 0.725924 0.938313 1 19 1.000000
  19 25.011530 0.470077 57.738884 -0.985907 0.149397 0.075282 0.744378 0.938295 1 19 1.000000
  19 24.976563 0.422996 57.999546 -0.996922 0.070500 0.034309 0.725924 0.938313 1 19 1.000000
ring
  19 24.977057 0.430746 57.998379 -0.997680 0.066097 0.016293 0.725924 0.938313 1 19 1.000000
  19 24.976563 0.422996 57.999546 -0.996922 0.070500 0.034309 0.725924 0.938313 1 19 1.000000
  19 25.011114 0.469784 58.172359 -0.984292 0.080352 0.157200 0.707473 0.938326 1 19 1.000000
ring
  19 25.010815 0.476465 58.167072 -0.983717 0.082344 0.159750 0.707473 0.938326 1 19 1.000000
  19 24.977057 0.430746 57.998379 -0.997680 0.066097 0.016293 0.725924 0.938313 1 19 1.000000
  19 25.011114 0.469784 58.172359 -0.984292 0.080352 0.157200 0.707473 0.938326 1 19 1.000000
ring
  19 25.010815 0.476465 58.167072 -0.983717 0.082344 0.159750 0.707473 0.938326 1 19 1.000000
  19 25.011114 0.469784 58.172359 -0.984292 0.080352 0.157200 0.707473 0.938326 1 19 1.000000
  19 25.038240 0.592103 58.296268 -0.986601 0.068539 0.148059 0.688657 0.938124 2 19 0.991855 20 0.008145
ring
  19 25.037266 0.595863 58.288033 -0.986595 0.068415 0.148153 0.688657 0.938124 2 19 0.991855 20 0.008145
  19 25.010815 0.476465 58.167072 -0.983717 0.082344 0.159750 0.707473 0.938326 1 19 1.000000
  19 25.038240 0.592103 58.296268 -0.986601 0.068539 0.148059 0.688657 0.938124 2 19 0.991855 20 0.008145
ring
  19 25.036398 0.905424 57.584072 0.989190 -0.059201 -0.134159 0.799726 0.950807 1 19 1.000000
  19 25.035713 0.909217 57.577347 0.989235 -0.058838 -0.133988 0.799726 0.950807 1 19 1.000000
  19 25.062920 1.031548 57.701309 0.999777 -0.009337 -0.018951 0.818169 0.950790 1 19 1.000000
ring
  19 25.062929 1.024862 57.705093 0.999893 -0.007352 -0.012671 0.818169 0.950790 1 19 1.000000
  19 25.036398 0.905424 57.584072 0.989190 -0.059201 -0.134159 0.799726 0.950807 1 19 1.000000
  19 25.062920 1.031548 57.701309 0.999777 -0.009337 -0.018951 0.818169 0.950790 1 19 1.000000
ring
  19 25.036398 0.905424 57.584072 0.989190 -0.059201 -0.134159 0.799726 0.950807 1 19 1.000000
  19 25.024166 0.744272 57.543102 0.991904 -0.024809 -0.124539 0.781282 0.950824 1 19 1.000000
  19 25.035713 0.909217 57.577347 0.989235 -0.058838 -0.133988 0.799726 0.950807 1 19 1.000000
ring
  19 25.062929 1.024862 57.705093 0.999893 -0.007352 -0.012671 0.818169 0.950790 1 19 1.000000
  19 25.062920 1.031548 57.701309 0.999777 -0.009337 -0.018951 0.818169 0.950790 1 19 1.000000
  19 25.031116 1.079311 57.962452 0.994480 -0.099751 -0.032542 0.836611 0.950774 1 19 1.000000
ring
  19 25.024166 0.744272 57.543102 0.991904 -0.024809 -0.124539 0.781282 0.950824 1 19 1.000000
  19 25.023193 0.744126 57.535381 0.991903 -0.024968 -0.124522 0.781282 0.950824 1 19 1.000000
  19 25.035713 0.909217 57.577347 0.989235 -0.058838 -0.133988 0.799726 0.950807 1 19 1.000000
ring
  19 25.030313 1.071526 57.962143 0.994427 -0.101603 -0.028141 0.836611 0.950774 1 19 1.000000
  19 25.062929 1.024862 57.705093 0.999893 -0.007352 -0.012671 0.818169 0.950790 1 19 1.000000
  19 25.031116 1.079311 57.962452 0.994480 -0.099751 -0.032542 0.836611 0.950774 1 19 1.000000
ring
  19 25.023193 0.744126 57.535381 0.991903 -0.024968 -0.124522 0.781282 0.950824 1 19 1.000000
  19 25.024166 0.744272 57.543102 0.991904 -0.024809 -0.124539 0.781282 0.950824 1 19 1.000000
  19 25.028666 0.580524 57.586685 0.990947 0.009247 -0.133933 0.762836 0.950842 1 19 1.000000
ring
  19 25.030313 1.071526 57.962143 0.994427 -0.101603 -0.028141 0.836611 0.950774 1 19 1.000000
  19 25.031116 1.079311 57.962452 0.994480 -0.099751 -0.032542 0.836611 0.950774 1 19 1.000000
  19 25.063755 1.038033 58.137814 0.972919 -0.079845 -0.216918 0.855049 0.950764 2 19 0.991855 20 0.008145
ring
  19 25.024166 0.744272 57.543102 0.991904 -0.024809 -0.124539 0.781282 0.950824 1 19 1.000000
  19 25.029509 0.584527 57.593208 0.990893 0.009769 -0.134293 0.762836 0.950842 1 19 1.000000
  19 25.028666 0.580524 57.586685 0.990947 0.009247 -0.133933 0.762836 0.950842 1 19 1.000000
ring
  19 25.062201 1.031243 58.133335 0.973264 -0.081259 -0.214835 0.855049 0.950764 2 19 0.991855 20 0.008145
  19 25.030313 1.071526 57.962143 0.994427 -0.101603 -0.028141 0.836611 0.950774 1 19 1.000000
  19 25.063755 1.038033 58.137814 0.972919 -0.079845 -0.216918 0.855049 0.950764 2 19 0.991855 20 0.008145
ring
  19 25.028666 0.580524 57.586685 0.990947 0.009247 -0.133933 0.762836 0.950842 1 19 1.000000
  19 25.029509 0.584527 57.593208 0.990893 0.009769 -0.134293 0.762836 0.950842 1 19 1.000000
  19 25.050652 0.462250 57.717556 0.998960 -0.041091 -0.019757 0.744386 0.950861 1 19 1.000000
ring
  19 25.062201 1.031243 58.133335 0.973264 -0.081259 -0.214835 0.855049 0.950764 2 19 0.991855 20 0.008145
  19 25.063755 1.038033 58.137814 0.972919 -0.079845 -0.216918 0.855049 0.950764 2 19 0.991855 20 0.008145
  19 25.085766 0.919725 58.268627 0.970251 -0.074527 -0.230346 0.873852 0.950970 2 19 0.991855 20 0.008145
ring
  19 25.083656 0.915715 58.261044 0.970225 -0.074634 -0.230419 0.873852 0.950970 2 19 0.991855 20 0.008145
  19 25.062201 1.031243 58.133335 0.973264 -0.081259 -0.214835 0.855049 0.950764 2 19 0.991855 20 0.008145
  19 25.085766 0.919725 58.268627 0.970251 -0.074527 -0.230346 0.873852 0.950970 2 19 0.991855 20 0.008145
ring
  19 25.029509 0.584527 57.593208 0.990893 0.009769 -0.134293 0.762836 0.950842 1 19 1.000000
  19 25.050997 0.469062 57.720932 0.999013 -0.041172 -0.016695 0.744386 0.950861 1 19 1.000000
  19 25.050652 0.462250 57.717556 0.998960 -0.041091 -0.019757 0.744386 0.950861 1 19 1.000000
ring
  19 25.050652 0.462250 57.717556 0.998960 -0.041091 -0.019757 0.744386 0.950861 1 19 1.000000
  19 25.050997 0.469062 57.720932 0.999013 -0.041172 -0.016695 0.744386 0.950861 1 19 1.000000
  19 25.016979 0.421925 57.981197 0.997880 0.052798 -0.038047 0.725933 0.950881 1 19 1.000000
ring
  19 25.050997 0.469062 57.720932 0.999013 -0.041172 -0.016695 0.744386 0.950861 1 19 1.000000
  19 25.016523 0.429731 57.980431 0.998061 0.055650 -0.027874 0.725933 0.950881 1 19 1.000000
  19 25.016979 0.421925 57.981197 0.997880 0.052798 -0.038047 0.725933 0.950881 1 19 1.000000
ring
  19 25.016979 0.421925 57.981197 0.997880 0.052798 -0.038047 0.725933 0.950881 1 19 1.000000
  19 25.016523 0.429731 57.980431 0.998061 0.055650 -0.027874 0.725933 0.950881 1 19 1.000000
  19 25.051476 0.468735 58.153885 0.974957 0.029030 -0.220493 0.707477 0.950897 2 19 0.991855 20 0.008145
ring
  19 25.016523 0.429731 57.980431 0.998061 0.055650 -0.027874 0.725933 0.950881 1 19 1.000000
  19 25.050177 0.475443 58.149025 0.975411 0.030779 -0.218234 0.707477 0.950897 2 19 0.991855 20 0.008145
  19 25.051476 0.468735 58.153885 0.974957 0.029030 -0.220493 0.707477 0.950897 2 19 0.991855 20 0.008145
ring
  19 25.051476 0.468735 58.153885 0.974957 0.029030 -0.220493 0.707477 0.950897 2 19 0.991855 20 0.008145
  19 25.050177 0.475443 58.149025 0.975411 0.030779 -0.218234 0.707477 0.950897 2 19 0.991855 20 0.008145
  19 25.078630 0.591062 58.277912 0.973356 0.015245 -0.228790 0.688657 0.950970 2 19 0.991855 20 0.008145
ring
  19 25.050177 0.475443 58.149025 0.975411 0.030779 -0.218234 0.707477 0.950897 2 19 0.991855 20 0.008145
  19 25.076736 0.594848 58.270088 0.973393 0.015058 -0.228647 0.688657 0.950970 2 19 0.991855 20 0.008145
  19 25.078630 0.591062 58.277912 0.973356 0.015245 -0.228790 0.688657 0.950970 2 19 0.991855 20 0.008145
ring
  19 24.926603 0.830390 58.327721 -0.414563 -0.073533 -0.907045 0.824311 0.970590 1 19 1.000000
  19 24.921562 0.827400 58.330284 -0.415157 -0.074596 -0.906686 0.824835 0.970635 1 19 1.000000
  19 24.883844 0.850505 58.345657 -0.414383 -0.072499 -0.907210 0.826894 0.968962 1 19 1.000000
ring
  19 24.921562 0.827400 58.330284 -0.415157 -0.074596 -0.906686 0.824835 0.970635 1 19 1.000000
  19 24.918142 0.822782 58.332214 -0.414267 -0.072994 -0.907224 0.825293 0.970779 1 19 1.000000
  19 24.883844 0.850505 58.345657 -0.414383 -0.072499 -0.907210 0.826894 0.968962 1 19 1.000000
ring
  19 24.918142 0.822782 58.332214 -0.414267 -0.072994 -0.907224 0.825293 0.970779 1 19 1.000000
  19 24.916908 0.817263 58.333225 -0.415343 -0.070941 -0.906895 0.825615 0.971001 1 19 1.000000
  19 24.883844 0.850505 58.345657 -0.414383 -0.072499 -0.907210 0.826894 0.968962 1 19 1.000000
ring
  19 24.883844 0.850505 58.345657 -0.414383 -0.072499 -0.907210 0.826894 0.968962 1 19 1.000000
  19 24.957308 0.863900 58.311020 -0.413322 -0.072356 -0.907706 0.820513 0.969645 1 19 1.000000
  19 24.926603 0.830390 58.327721 -0.414563 -0.073533 -0.907045 0.824311 0.970590 1 19 1.000000
ring
  19 24.957308 0.863900 58.311020 -0.413322 -0.072356 -0.907706 0.820513 0.969645 1 19 1.000000
  19 24.932570 0.831354 58.324928 -0.413322 -0.073882 -0.907583 0.823800 0.970651 1 19 1.000000
  19 24.926603 0.830390 58.327721 -0.414563 -0.073533 -0.907045 0.824311 0.970590 1 19 1.000000
ring
  19 24.938459 0.830107 58.322346 -0.415077 -0.072452 -0.906897 0.823380 0.970809 1 19 1.000000
  19 24.932570 0.831354 58.324928 -0.413322 -0.073882 -0.907583 0.823800 0.970651 1 19 1.000000
  19 24.957308 0.863900 58.311020 -0.413322 -0.072356 -0.907706 0.820513 0.969645 1 19 1.000000
ring
  19 24.957308 0.863900 58.311020 -0.413322 -0.072356 -0.907706 0.820513 0.969645 1 19 1.000000
  19 24.943468 0.826826 58.320301 -0.414647 -0.072464 -0.907093 0.823115 0.971040 1 19 1.000000
  19 24.938459 0.830107 58.322346 -0.415077 -0.072452 -0.906897 0.823380 0.970809 1 19 1.000000
ring
  19 24.957308 0.863900 58.311020 -0.413322 -0.072356 -0.907706 0.820513 0.969645 1 19 1.000000
  19 24.946764 0.822023 58.319191 -0.415913 -0.071569 -0.906583 0.823046 0.971309 1 19 1.000000
  19 24.943468 0.826826 58.320301 -0.414647 -0.072464 -0.907093 0.823115 0.971040 1 19 1.000000
ring
  19 24.868528 0.782315 58.358101 -0.414387 -0.072272 -0.907227 0.830878 0.971703 1 19 1.000000
  19 24.883844 0.850505 58.345657 -0.414383 -0.072499 -0.907210 0.826894 0.968962 1 19 1.000000
  19 24.916908 0.817263 58.333225 -0.415343 -0.070941 -0.906895 0.825615 0.971001 1 19 1.000000
ring
  19 24.883844 0.850505 58.345657 -0.414383 -0.072499 -0.907210 0.826894 0.968962 1 19 1.000000
  19 24.926060 0.907571 58.321838 -0.414731 -0.072054 -0.907086 0.821226 0.967178 1 19 1.000000
  19 24.957308 0.863900 58.311020 -0.413322 -0.072356 -0.907706 0.820513 0.969645 1 19 1.000000
ring
  19 24.918016 0.811694 58.333126 -0.416462 -0.069493 -0.906493 0.825752 0.971266 1 19 1.000000
  19 24.868528 0.782315 58.358101 -0.414387 -0.072272 -0.907227 0.830878 0.971703 1 19 1.000000
  19 24.916908 0.817263 58.333225 -0.415343 -0.070941 -0.906895 0.825615 0.971001 1 19 1.000000
ring
  19 24.868528 0.782315 58.358101 -0.414387 -0.072272 -0.907227 0.830878 0.971703 1 19 1.000000
  19 24.918016 0.811694 58.333126 -0.416462 -0.069493 -0.906493 0.825752 0.971266 1 19 1.000000
  19 24.921328 0.806921 58.331993 -0.413505 -0.075000 -0.907407 0.825682 0.971534 1 19 1.000000
ring
  19 24.868528 0.782315 58.358101 -0.414387 -0.072272 -0.907227 0.830878 0.971703 1 19 1.000000
  19 24.921328 0.806921 58.331993 -0.413505 -0.075000 -0.907407 0.825682 0.971534 1 19 1.000000
  19 24.926344 0.803641 58.329987 -0.414020 -0.073648 -0.907284 0.825418 0.971765 1 19 1.000000
ring
  19 24.926060 0.907571 58.321838 -0.414731 -0.072054 -0.907086 0.821226 0.967178 1 19 1.000000
  19 24.959049 0.871693 58.309616 -0.413957 -0.071471 -0.907486 0.820058 0.969332 1 19 1.000000
  19 24.957308 0.863900 58.311020 -0.413322 -0.072356 -0.907706 0.820513 0.969645 1 19 1.000000
ring
  19 24.959049 0.871693 58.309616 -0.413957 -0.071471 -0.907486 0.820058 0.969332 1 19 1.000000
  19 24.926060 0.907571 58.321838 -0.414731 -0.072054 -0.907086 0.821226 0.967178 1 19 1.000000
  19 24.963863 0.878195 58.306904 -0.415527 -0.073877 -0.906576 0.819412 0.969129 1 19 1.000000
ring
  19 24.963863 0.878195 58.306904 -0.415527 -0.073877 -0.906576 0.819412 0.969129 1 19 1.000000
  19 24.926060 0.907571 58.321838 -0.414731 -0.072054 -0.907086 0.821226 0.967178 1 19 1.000000
  19 24.970991 0.882430 58.303276 -0.415540 -0.072740 -0.906662 0.818671 0.969065 2 19 0.991855 20 0.008145
ring
  19 24.957308 0.863900 58.311020 -0.413322 -0.072356 -0.907706 0.820513 0.969645 1 19 1.000000
  19 24.958902 0.856032 58.310955 -0.410939 -0.073384 -0.908704 0.820706 0.970020 1 19 1.000000
  19 24.946764 0.822023 58.319191 -0.415913 -0.071569 -0.906583 0.823046 0.971309 1 19 1.000000
ring
  19 24.926060 0.907571 58.321838 -0.414731 -0.072054 -0.907086 0.821226 0.967178 1 19 1.000000
  19 24.988716 0.944785 58.290226 -0.414470 -0.071793 -0.907226 0.814736 0.966623 2 19 0.991855 20 0.008145
  19 24.970991 0.882430 58.303276 -0.415540 -0.072740 -0.906662 0.818671 0.969065 2 19 0.991855 20 0.008145
ring
  19 24.958902 0.856032 58.310955 -0.410939 -0.073384 -0.908704 0.820706 0.970020 1 19 1.000000
  19 24.963543 0.849234 58.309322 -0.417498 -0.070898 -0.905907 0.820609 0.970399 2 19 0.993056 20 0.006944
  19 24.946764 0.822023 58.319191 -0.415913 -0.071569 -0.906583 0.823046 0.971309 1 19 1.000000
ring
  19 24.963543 0.849234 58.309322 -0.417498 -0.070898 -0.905907 0.820609 0.970399 2 19 0.993056 20 0.006944
  19 24.970598 0.844629 58.306461 -0.415056 -0.072874 -0.906872 0.820235 0.970725 2 19 0.993056 20 0.006944
  19 24.946764 0.822023 58.319191 -0.415913 -0.071569 -0.906583 0.823046 0.971309 1 19 1.000000
ring
  19 24.970598 0.844629 58.306461 -0.415056 -0.072874 -0.906872 0.820235 0.970725 2 19 0.993056 20 0.006944
  19 24.978941 0.842847 58.302788 -0.414535 -0.072280 -0.907158 0.819642 0.970948 2 19 0.993056 20 0.006944
  19 24.946764 0.822023 58.319191 -0.415913 -0.071569 -0.906583 0.823046 0.971309 1 19 1.000000
ring
  19 24.947903 0.816454 58.319103 -0.415750 -0.072264 -0.906603 0.823183 0.971574 1 19 1.000000
  19 24.946764 0.822023 58.319191 -0.415913 -0.071569 -0.906583 0.823046 0.971309 1 19 1.000000
  19 24.978941 0.842847 58.302788 -0.414535 -0.072280 -0.907158 0.819642 0.970948 2 19 0.993056 20 0.006944
ring
  19 24.979361 0.883767 58.299335 -0.415239 -0.071594 -0.906891 0.817949 0.969152 2 19 0.991855 20 0.008145
  19 24.970991 0.882430 58.303276 -0.415540 -0.072740 -0.906662 0.818671 0.969065 2 19 0.991855 20 0.008145
  19 24.988716 0.944785 58.290226 -0.414470 -0.071793 -0.907226 0.814736 0.966623 2 19 0.991855 20 0.008145
ring
  19 24.978941 0.842847 58.302788 -0.414535 -0.072280 -0.907158 0.819642 0.970948 2 19 0.993056 20 0.006944
  19 25.002077 0.783935 58.296906 -0.414628 -0.072133 -0.907128 0.820191 0.973946 2 19 0.993056 20 0.006944
  19 24.947903 0.816454 58.319103 -0.415750 -0.072264 -0.906603 0.823183 0.971574 1 19 1.000000
ring
  19 24.987755 0.881985 58.295639 -0.414262 -0.071958 -0.907308 0.817356 0.969375 2 19 0.991855 20 0.008145
  19 24.979361 0.883767 58.299335 -0.415239 -0.071594 -0.906891 0.817949 0.969152 2 19 0.991855 20 0.008145
  19 24.988716 0.944785 58.290226 -0.414470 -0.071793 -0.907226 0.814736 0.966623 2 19 0.991855 20 0.008145
ring
  19 24.987339 0.844185 58.298855 -0.413163 -0.071691 -0.907830 0.818920 0.971034 2 19 0.993056 20 0.006944
  19 25.002077 0.783935 58.296906 -0.414628 -0.072133 -0.907128 0.820191 0.973946 2 19 0.993056 20 0.006944
  19 24.978941 0.842847 58.302788 -0.414535 -0.072280 -0.907158 0.819642 0.970948 2 19 0.993056 20 0.006944
ring
  19 25.002077 0.783935 58.296906 -0.414628 -0.072133 -0.907128 0.820191 0.973946 2 19 0.993056 20 0.006944
  19 24.946661 0.810966 58.320118 -0.415172 -0.072924 -0.906816 0.823505 0.971795 1 19 1.000000
  19 24.947903 0.816454 58.319103 -0.415750 -0.072264 -0.906603 0.823183 0.971574 1 19 1.000000
ring
  19 25.002077 0.783935 58.296906 -0.414628 -0.072133 -0.907128 0.820191 0.973946 2 19 0.993056 20 0.006944
  19 24.987339 0.844185 58.298855 -0.413163 -0.071691 -0.907830 0.818920 0.971034 2 19 0.993056 20 0.006944
  19 24.994497 0.848456 58.295265 -0.413726 -0.072761 -0.907489 0.818180 0.970971 2 19 0.993056 20 0.006944
ring
  19 25.002077 0.783935 58.296906 -0.414628 -0.072133 -0.907128 0.820191 0.973946 2 19 0.993056 20 0.006944
  19 24.943245 0.806348 58.322052 -0.415040 -0.072393 -0.906918 0.823963 0.971939 1 19 1.000000
  19 24.946661 0.810966 58.320118 -0.415172 -0.072924 -0.906816 0.823505 0.971795 1 19 1.000000
ring
  19 24.943245 0.806348 58.322052 -0.415040 -0.072393 -0.906918 0.823963 0.971939 1 19 1.000000
  19 25.002077 0.783935 58.296906 -0.414628 -0.072133 -0.907128 0.820191 0.973946 2 19 0.993056 20 0.006944
  19 24.952345 0.754375 58.322041 -0.414644 -0.072325 -0.907105 0.825346 0.974387 1 19 1.000000
ring
  19 24.938175 0.803328 58.324608 -0.414448 -0.072186 -0.907205 0.824487 0.971984 1 19 1.000000
  19 24.943245 0.806348 58.322052 -0.415040 -0.072393 -0.906918 0.823963 0.971939 1 19 1.000000
  19 24.952345 0.754375 58.322041 -0.414644 -0.072325 -0.907105 0.825346 0.974387 1 19 1.000000
ring
  19 24.932257 0.802394 58.327377 -0.414320 -0.072720 -0.907222 0.824998 0.971923 1 19 1.000000
  19 24.938175 0.803328 58.324608 -0.414448 -0.072186 -0.907205 0.824487 0.971984 1 19 1.000000
  19 24.952345 0.754375 58.322041 -0.414644 -0.072325 -0.907105 0.825346 0.974387 1 19 1.000000
ring
  19 24.926344 0.803641 58.329987 -0.414020 -0.073648 -0.907284 0.825418 0.971765 1 19 1.000000
  19 24.932257 0.802394 58.327377 -0.414320 -0.072720 -0.907222 0.824998 0.971923 1 19 1.000000
  19 24.952345 0.754375 58.322041 -0.414644 -0.072325 -0.907105 0.825346 0.974387 1 19 1.000000
ring
  19 24.952345 0.754375 58.322041 -0.414644 -0.072325 -0.907105 0.825346 0.974387 1 19 1.000000
  19 24.868528 0.782315 58.358101 -0.414387 -0.072272 -0.907227 0.830878 0.971703 1 19 1.000000
  19 24.926344 0.803641 58.329987 -0.414020 -0.073648 -0.907284 0.825418 0.971765 1 19 1.000000
ring
  19 24.868528 0.782315 58.358101 -0.414387 -0.072272 -0.907227 0.830878 0.971703 1 19 1.000000
  19 24.952345 0.754375 58.322041 -0.414644 -0.072325 -0.907105 0.825346 0.974387 1 19 1.000000
  19 24.918825 0.709069 58.340946 -0.414416 -0.072272 -0.907213 0.829848 0.975804 1 19 1.000000
ring
  19 24.882374 0.713338 58.357262 -0.414458 -0.072306 -0.907192 0.832570 0.974983 1 19 1.000000
  19 24.868528 0.782315 58.358101 -0.414387 -0.072272 -0.907227 0.830878 0.971703 1 19 1.000000
  19 24.918825 0.709069 58.340946 -0.414416 -0.072272 -0.907213 0.829848 0.975804 1 19 1.000000
ring
  19 24.918825 0.709069 58.340946 -0.414416 -0.072272 -0.907213 0.829848 0.975804 1 19 1.000000
  19 24.910603 0.672533 58.347626 -0.414551 -0.072547 -0.907129 0.831980 0.977271 1 19 1.000000
  19 24.882374 0.713338 58.357262 -0.414458 -0.072306 -0.907192 0.832570 0.974983 1 19 1.000000
ring
  19 25.060495 0.793268 58.269489 -0.414375 -0.071904 -0.907261 0.815168 0.974548 2 19 0.993056 20 0.006944
  19 25.002077 0.783935 58.296906 -0.414628 -0.072133 -0.907128 0.820191 0.973946 2 19 0.993056 20 0.006944
  19 24.994497 0.848456 58.295265 -0.413726 -0.072761 -0.907489 0.818180 0.970971 2 19 0.993056 20 0.006944
ring
  19 25.060495 0.793268 58.269489 -0.414375 -0.071904 -0.907261 0.815168 0.974548 2 19 0.993056 20 0.006944
  19 24.994497 0.848456 58.295265 -0.413726 -0.072761 -0.907489 0.818180 0.970971 2 19 0.993056 20 0.006944
  19 25.049475 0.861743 58.269100 -0.414673 -0.071945 -0.907122 0.813271 0.971338 2 19 0.993056 20 0.006944
ring
  19 24.994497 0.848456 58.295265 -0.413726 -0.072761 -0.907489 0.818180 0.970971 2 19 0.993056 20 0.006944
  19 24.999325 0.854958 58.292511 -0.413392 -0.076217 -0.907357 0.817533 0.970767 2 19 0.993056 20 0.006944
  19 25.049475 0.861743 58.269100 -0.414673 -0.071945 -0.907122 0.813271 0.971338 2 19 0.993056 20 0.006944
ring
  19 25.049475 0.861743 58.269100 -0.414673 -0.071945 -0.907122 0.813271 0.971338 2 19 0.993056 20 0.006944
  19 25.061241 0.859248 58.263908 -0.414512 -0.072022 -0.907189 0.812437 0.971652 2 19 0.993056 20 0.006944
  19 25.060495 0.793268 58.269489 -0.414375 -0.071904 -0.907261 0.815168 0.974548 2 19 0.993056 20 0.006944
ring
  19 24.999325 0.854958 58.292511 -0.413392 -0.076217 -0.907357 0.817533 0.970767 2 19 0.993056 20 0.006944
  19 25.039545 0.868244 58.273117 -0.413734 -0.072109 -0.907538 0.813797 0.970879 2 19 0.993056 20 0.006944
  19 25.049475 0.861743 58.269100 -0.414673 -0.071945 -0.907122 0.813271 0.971338 2 19 0.993056 20 0.006944
ring
  19 25.039545 0.868244 58.273117 -0.413734 -0.072109 -0.907538 0.813797 0.970879 2 19 0.993056 20 0.006944
  19 24.999325 0.854958 58.292511 -0.413392 -0.076217 -0.907357 0.817533 0.970767 2 19 0.993056 20 0.006944
  19 25.001062 0.862750 58.291088 -0.413756 -0.072736 -0.907478 0.817078 0.970455 2 19 0.993056 20 0.006944
ring
  19 25.032972 0.877753 58.275341 -0.413977 -0.072639 -0.907385 0.813934 0.970346 2 19 0.991855 20 0.008145
  19 25.039545 0.868244 58.273117 -0.413734 -0.072109 -0.907538 0.813797 0.970879 2 19 0.993056 20 0.006944
  19 25.001062 0.862750 58.291088 -0.413756 -0.072736 -0.907478 0.817078 0.970455 2 19 0.993056 20 0.006944
ring
  19 25.032972 0.877753 58.275341 -0.413977 -0.072639 -0.907385 0.813934 0.970346 2 19 0.991855 20 0.008145
  19 25.001062 0.862750 58.291088 -0.413756 -0.072736 -0.907478 0.817078 0.970455 2 19 0.993056 20 0.006944
  19 24.999464 0.870620 58.291206 -0.413991 -0.071753 -0.907449 0.816885 0.970080 2 19 0.993056 20 0.006944
ring
  19 25.030735 0.888800 58.275490 -0.414154 -0.072375 -0.907324 0.813662 0.969820 2 19 0.991855 20 0.008145
  19 25.032972 0.877753 58.275341 -0.413977 -0.072639 -0.907385 0.813934 0.970346 2 19 0.991855 20 0.008145
  19 24.999464 0.870620 58.291206 -0.413991 -0.071753 -0.907449 0.816885 0.970080 2 19 0.993056 20 0.006944
ring
  19 25.030735 0.888800 58.275490 -0.414154 -0.072375 -0.907324 0.813662 0.969820 2 19 0.991855 20 0.008145
  19 24.999464 0.870620 58.291206 -0.413991 -0.071753 -0.907449 0.816885 0.970080 2 19 0.993056 20 0.006944
  19 24.994801 0.877380 58.292793 -0.413702 -0.072617 -0.907512 0.816983 0.969701 2 19 0.991855 20 0.008145
ring
  19 25.030735 0.888800 58.275490 -0.414154 -0.072375 -0.907324 0.813662 0.969820 2 19 0.991855 20 0.008145
  19 24.994801 0.877380 58.292793 -0.413702 -0.072617 -0.907512 0.816983 0.969701 2 19 0.991855 20 0.008145
  19 25.033195 0.899776 58.273487 -0.414290 -0.072204 -0.907276 0.813023 0.969380 2 19 0.991855 20 0.008145
ring
  19 25.033195 0.899776 58.273487 -0.414290 -0.072204 -0.907276 0.813023 0.969380 2 19 0.991855 20 0.008145
  19 24.994801 0.877380 58.292793 -0.413702 -0.072617 -0.907512 0.816983 0.969701 2 19 0.991855 20 0.008145
  19 24.987755 0.881985 58.295639 -0.414262 -0.071958 -0.907308 0.817356 0.969375 2 19 0.991855 20 0.008145
ring
  19 24.988716 0.944785 58.290226 -0.414470 -0.071793 -0.907226 0.814736 0.966623 2 19 0.991855 20 0.008145
  19 25.033195 0.899776 58.273487 -0.414290 -0.072204 -0.907276 0.813023 0.969380 2 19 0.991855 20 0.008145
  19 24.987755 0.881985 58.295639 -0.414262 -0.071958 -0.907308 0.817356 0.969375 2 19 0.991855 20 0.008145
ring
  19 24.988716 0.944785 58.290226 -0.414470 -0.071793 -0.907226 0.814736 0.966623 2 19 0.991855 20 0.008145
  19 25.039978 0.908923 58.269657 -0.413958 -0.071155 -0.907510 0.812113 0.969093 2 19 0.991855 20 0.008145
  19 25.033195 0.899776 58.273487 -0.414290 -0.072204 -0.907276 0.813023 0.969380 2 19 0.991855 20 0.008145
ring
  19 24.988716 0.944785 58.290226 -0.414470 -0.071793 -0.907226 0.814736 0.966623 2 19 0.991855 20 0.008145
  19 25.050045 0.914903 58.264610 -0.413851 -0.070718 -0.907593 0.811072 0.969004 2 19 0.991855 20 0.008145
  19 25.039978 0.908923 58.269657 -0.413958 -0.071155 -0.907510 0.812113 0.969093 2 19 0.991855 20 0.008145
ring
  19 24.988716 0.944785 58.290226 -0.414470 -0.071793 -0.907226 0.814736 0.966623 2 19 0.991855 20 0.008145
  19 25.061850 0.916770 58.259087 -0.416643 -0.080282 -0.905518 0.810057 0.969126 2 19 0.991855 20 0.008145
  19 25.050045 0.914903 58.264610 -0.413851 -0.070718 -0.907593 0.811072 0.969004 2 19 0.991855 20 0.008145
ring
  19 24.988716 0.944785 58.290226 -0.414470 -0.071793 -0.907226 0.814736 0.966623 2 19 0.991855 20 0.008145
  19 25.073616 0.914275 58.253895 -0.414265 -0.072447 -0.907269 0.809223 0.969440 2 19 0.991855 20 0.008145
  19 25.061850 0.916770 58.259087 -0.416643 -0.080282 -0.905518 0.810057 0.969126 2 19 0.991855 20 0.008145
ring
  19 25.073616 0.914275 58.253895 -0.414265 -0.072447 -0.907269 0.809223 0.969440 2 19 0.991855 20 0.008145
  19 24.988716 0.944785 58.290226 -0.414470 -0.071793 -0.907226 0.814736 0.966623 2 19 0.991855 20 0.008145
  19 25.062277 0.956515 58.255726 -0.414231 -0.071770 -0.907338 0.808412 0.967382 2 19 0.991855 20 0.008145
ring
  19 25.062277 0.956515 58.255726 -0.414231 -0.071770 -0.907338 0.808412 0.967382 2 19 0.991855 20 0.008145
  19 25.135557 0.940980 58.223492 -0.414342 -0.071860 -0.907279 0.803218 0.969338 2 19 0.991855 20 0.008145
  19 25.073616 0.914275 58.253895 -0.414265 -0.072447 -0.907269 0.809223 0.969440 2 19 0.991855 20 0.008145
ring
  19 25.135557 0.940980 58.223492 -0.414342 -0.071860 -0.907279 0.803218 0.969338 2 19 0.991855 20 0.008145
  19 25.083534 0.907804 58.249886 -0.414152 -0.072286 -0.907333 0.808697 0.969898 2 19 0.991855 20 0.008145
  19 25.073616 0.914275 58.253895 -0.414265 -0.072447 -0.907269 0.809223 0.969440 2 19 0.991855 20 0.008145
ring
  19 25.083534 0.907804 58.249886 -0.414152 -0.072286 -0.907333 0.808697 0.969898 2 19 0.991855 20 0.008145
  19 25.135557 0.940980 58.223492 -0.414342 -0.071860 -0.907279 0.803218 0.969338 2 19 0.991855 20 0.008145
  19 25.135147 0.878152 58.228642 -0.414395 -0.072262 -0.907224 0.805795 0.972100 2 19 0.991855 20 0.008145
ring
  19 25.090082 0.898289 58.247639 -0.414564 -0.070973 -0.907248 0.808560 0.970432 2 19 0.991855 20 0.008145
  19 25.083534 0.907804 58.249886 -0.414152 -0.072286 -0.907333 0.808697 0.969898 2 19 0.991855 20 0.008145
  19 25.135147 0.878152 58.228642 -0.414395 -0.072262 -0.907224 0.805795 0.972100 2 19 0.991855 20 0.008145
ring
  19 25.092325 0.887212 58.247494 -0.414715 -0.071755 -0.907117 0.808832 0.970958 2 19 0.991855 20 0.008145
  19 25.090082 0.898289 58.247639 -0.414564 -0.070973 -0.907248 0.808560 0.970432 2 19 0.991855 20 0.008145
  19 25.135147 0.878152 58.228642 -0.414395 -0.072262 -0.907224 0.805795 0.972100 2 19 0.991855 20 0.008145
ring
  19 25.089867 0.876266 58.249477 -0.414489 -0.071506 -0.907240 0.809471 0.971398 2 19 0.991855 20 0.008145
  19 25.092325 0.887212 58.247494 -0.414715 -0.071755 -0.907117 0.808832 0.970958 2 19 0.991855 20 0.008145
  19 25.135147 0.878152 58.228642 -0.414395 -0.072262 -0.907224 0.805795 0.972100 2 19 0.991855 20 0.008145
ring
  19 25.083103 0.867119 58.253288 -0.413313 -0.077999 -0.907242 0.810381 0.971684 2 19 0.991855 20 0.008145
  19 25.089867 0.876266 58.249477 -0.414489 -0.071506 -0.907240 0.809471 0.971398 2 19 0.991855 20 0.008145
  19 25.135147 0.878152 58.228642 -0.414395 -0.072262 -0.907224 0.805795 0.972100 2 19 0.991855 20 0.008145
ring
  19 25.073034 0.861146 58.258392 -0.414039 -0.072512 -0.907366 0.811422 0.971773 2 19 0.993056 20 0.006944
  19 25.083103 0.867119 58.253288 -0.413313 -0.077999 -0.907242 0.810381 0.971684 2 19 0.991855 20 0.008145
  19 25.135147 0.878152 58.228642 -0.414395 -0.072262 -0.907224 0.805795 0.972100 2 19 0.991855 20 0.008145
ring
  19 25.135557 0.940980 58.223492 -0.414342 -0.071860 -0.907279 0.803218 0.969338 2 19 0.991855 20 0.008145
  19 25.143545 0.879490 58.224697 -0.412439 -0.071503 -0.908175 0.805073 0.972186 2 19 0.991855 20 0.008145
  19 25.135147 0.878152 58.228642 -0.414395 -0.072262 -0.907224 0.805795 0.972100 2 19 0.991855 20 0.008145
ring
  19 25.135557 0.940980 58.223492 -0.414342 -0.071860 -0.907279 0.803218 0.969338 2 19 0.991855 20 0.008145
  19 25.151913 0.877739 58.221043 -0.413413 -0.071756 -0.907712 0.804480 0.972410 2 19 0.991855 20 0.008145
  19 25.143545 0.879490 58.224697 -0.412439 -0.071503 -0.908175 0.805073 0.972186 2 19 0.991855 20 0.008145
ring
  19 25.073034 0.861146 58.258392 -0.414039 -0.072512 -0.907366 0.811422 0.971773 2 19 0.993056 20 0.006944
  19 25.135147 0.878152 58.228642 -0.414395 -0.072262 -0.907224 0.805795 0.972100 2 19 0.991855 20 0.008145
  19 25.127993 0.873912 58.232265 -0.413033 -0.077896 -0.907379 0.806536 0.972163 2 19 0.991855 20 0.008145
ring
  19 25.151913 0.877739 58.221043 -0.413413 -0.071756 -0.907712 0.804480 0.972410 2 19 0.991855 20 0.008145
  19 25.135557 0.940980 58.223492 -0.414342 -0.071860 -0.907279 0.803218 0.969338 2 19 0.991855 20 0.008145
  19 25.197374 0.900497 58.198460 -0.416149 -0.070522 -0.906558 0.799943 0.972194 2 19 0.991855 20 0.008145
ring
  19 25.073034 0.861146 58.258392 -0.414039 -0.072512 -0.907366 0.811422 0.971773 2 19 0.993056 20 0.006944
  19 25.127993 0.873912 58.232265 -0.413033 -0.077896 -0.907379 0.806536 0.972163 2 19 0.991855 20 0.008145
  19 25.123178 0.867409 58.234985 -0.414367 -0.072024 -0.907256 0.807183 0.972367 2 19 0.991855 20 0.008145
ring
  19 25.158966 0.873103 58.218185 -0.414576 -0.071535 -0.907199 0.804107 0.972735 2 19 0.991855 20 0.008145
  19 25.151913 0.877739 58.221043 -0.413413 -0.071756 -0.907712 0.804480 0.972410 2 19 0.991855 20 0.008145
  19 25.197374 0.900497 58.198460 -0.416149 -0.070522 -0.906558 0.799943 0.972194 2 19 0.991855 20 0.008145
ring
  19 25.073034 0.861146 58.258392 -0.414039 -0.072512 -0.907366 0.811422 0.971773 2 19 0.993056 20 0.006944
  19 25.123178 0.867409 58.234985 -0.414367 -0.072024 -0.907256 0.807183 0.972367 2 19 0.991855 20 0.008145
  19 25.121433 0.859617 58.236393 -0.414589 -0.072360 -0.907127 0.807637 0.972679 2 19 0.991855 20 0.008145
ring
  19 25.163641 0.866337 58.216583 -0.414216 -0.072056 -0.907322 0.804009 0.973115 2 19 0.991855 20 0.008145
  19 25.158966 0.873103 58.218185 -0.414576 -0.071535 -0.907199 0.804107 0.972735 2 19 0.991855 20 0.008145
  19 25.197374 0.900497 58.198460 -0.416149 -0.070522 -0.906558 0.799943 0.972194 2 19 0.991855 20 0.008145
ring
  19 25.121433 0.859617 58.236393 -0.414589 -0.072360 -0.907127 0.807637 0.972679 2 19 0.991855 20 0.008145
  19 25.123009 0.851753 58.236309 -0.414209 -0.071187 -0.907393 0.807831 0.973054 2 19 0.993056 20 0.006944
  19 25.073034 0.861146 58.258392 -0.414039 -0.072512 -0.907366 0.811422 0.971773 2 19 0.993056 20 0.006944
ring
  19 25.165215 0.858468 58.216496 -0.416568 -0.072529 -0.906207 0.804202 0.973489 2 19 0.991855 20 0.008145
  19 25.163641 0.866337 58.216583 -0.414216 -0.072056 -0.907322 0.804009 0.973115 2 19 0.991855 20 0.008145
  19 25.197374 0.900497 58.198460 -0.416149 -0.070522 -0.906558 0.799943 0.972194 2 19 0.991855 20 0.008145
ring
  19 25.123009 0.851753 58.236309 -0.414209 -0.071187 -0.907393 0.807831 0.973054 2 19 0.993056 20 0.006944
  19 25.127680 0.844987 58.234699 -0.413954 -0.071704 -0.907469 0.807733 0.973433 2 19 0.993056 20 0.006944
  19 25.073034 0.861146 58.258392 -0.414039 -0.072512 -0.907366 0.811422 0.971773 2 19 0.993056 20 0.006944
ring
  19 25.165215 0.858468 58.216496 -0.416568 -0.072529 -0.906207 0.804202 0.973489 2 19 0.991855 20 0.008145
  19 25.197374 0.900497 58.198460 -0.416149 -0.070522 -0.906558 0.799943 0.972194 2 19 0.991855 20 0.008145
  19 25.237934 0.840529 58.184319 -0.421224 -0.071809 -0.904109 0.799087 0.975515 2 19 0.833333 20 0.166667
ring
  19 25.060495 0.793268 58.269489 -0.414375 -0.071904 -0.907261 0.815168 0.974548 2 19 0.993056 20 0.006944
  19 25.073034 0.861146 58.258392 -0.414039 -0.072512 -0.907366 0.811422 0.971773 2 19 0.993056 20 0.006944
  19 25.127680 0.844987 58.234699 -0.413954 -0.071704 -0.907469 0.807733 0.973433 2 19 0.993056 20 0.006944
ring
  19 25.061241 0.859248 58.263908 -0.414512 -0.072022 -0.907189 0.812437 0.971652 2 19 0.993056 20 0.006944
  19 25.073034 0.861146 58.258392 -0.414039 -0.072512 -0.907366 0.811422 0.971773 2 19 0.993056 20 0.006944
  19 25.060495 0.793268 58.269489 -0.414375 -0.071904 -0.907261 0.815168 0.974548 2 19 0.993056 20 0.006944
ring
  19 25.118698 0.780912 58.243900 -0.414157 -0.072043 -0.907350 0.811042 0.976102 2 19 0.993056 20 0.006944
  19 25.060495 0.793268 58.269489 -0.414375 -0.071904 -0.907261 0.815168 0.974548 2 19 0.993056 20 0.006944
  19 25.127680 0.844987 58.234699 -0.413954 -0.071704 -0.907469 0.807733 0.973433 2 19 0.993056 20 0.006944
ring
  19 25.118698 0.780912 58.243900 -0.414157 -0.072043 -0.907350 0.811042 0.976102 2 19 0.993056 20 0.006944
  19 25.127680 0.844987 58.234699 -0.413954 -0.071704 -0.907469 0.807733 0.973433 2 19 0.993056 20 0.006944
  19 25.134737 0.840382 58.231850 -0.413217 -0.072492 -0.907742 0.807359 0.973759 2 19 0.993056 20 0.006944
ring
  19 25.134737 0.840382 58.231850 -0.413217 -0.072492 -0.907742 0.807359 0.973759 2 19 0.993056 20 0.006944
  19 25.143103 0.838600 58.228188 -0.413717 -0.072308 -0.907529 0.806766 0.973982 2 19 0.993056 20 0.006944
  19 25.118698 0.780912 58.243900 -0.414157 -0.072043 -0.907350 0.811042 0.976102 2 19 0.993056 20 0.006944
ring
  19 25.195179 0.823400 58.205589 -0.417995 -0.078394 -0.905061 0.803243 0.975555 2 19 0.993056 20 0.006944
  19 25.165215 0.858468 58.216496 -0.416568 -0.072529 -0.906207 0.804202 0.973489 2 19 0.991855 20 0.008145
  19 25.237934 0.840529 58.184319 -0.421224 -0.071809 -0.904109 0.799087 0.975515 2 19 0.833333 20 0.166667
ring
  19 25.163481 0.850676 58.217922 -0.414750 -0.071884 -0.907092 0.804657 0.973802 2 19 0.991855 20 0.008145
  19 25.165215 0.858468 58.216496 -0.416568 -0.072529 -0.906207 0.804202 0.973489 2 19 0.991855 20 0.008145
  19 25.195179 0.823400 58.205589 -0.417995 -0.078394 -0.905061 0.803243 0.975555 2 19 0.993056 20 0.006944
ring
  19 25.195179 0.823400 58.205589 -0.417995 -0.078394 -0.905061 0.803243 0.975555 2 19 0.993056 20 0.006944
  19 25.158659 0.844178 58.220612 -0.414714 -0.073275 -0.906996 0.805304 0.974005 2 19 0.993056 20 0.006944
  19 25.163481 0.850676 58.217922 -0.414750 -0.071884 -0.907092 0.804657 0.973802 2 19 0.991855 20 0.008145
ring
  19 25.195179 0.823400 58.205589 -0.417995 -0.078394 -0.905061 0.803243 0.975555 2 19 0.993056 20 0.006944
  19 25.151501 0.839938 58.224247 -0.414563 -0.072004 -0.907167 0.806044 0.974069 2 19 0.993056 20 0.006944
  19 25.158659 0.844178 58.220612 -0.414714 -0.073275 -0.906996 0.805304 0.974005 2 19 0.993056 20 0.006944
ring
  19 25.195179 0.823400 58.205589 -0.417995 -0.078394 -0.905061 0.803243 0.975555 2 19 0.993056 20 0.006944
  19 25.143103 0.838600 58.228188 -0.413717 -0.072308 -0.907529 0.806766 0.973982 2 19 0.993056 20 0.006944
  19 25.151501 0.839938 58.224247 -0.414563 -0.072004 -0.907167 0.806044 0.974069 2 19 0.993056 20 0.006944
ring
  19 25.200167 0.820119 58.203587 -0.418483 -0.079444 -0.904743 0.802978 0.975786 2 19 0.993056 20 0.006944
  19 25.195179 0.823400 58.205589 -0.417995 -0.078394 -0.905061 0.803243 0.975555 2 19 0.993056 20 0.006944
  19 25.237934 0.840529 58.184319 -0.421224 -0.071809 -0.904109 0.799087 0.975515 2 19 0.833333 20 0.166667
ring
  19 25.237934 0.840529 58.184319 -0.421224 -0.071809 -0.904109 0.799087 0.975515 2 19 0.833333 20 0.166667
  19 25.203485 0.815347 58.202438 -0.420620 -0.075045 -0.904128 0.802909 0.976054 2 19 0.993056 20 0.006944
  19 25.200167 0.820119 58.203587 -0.418483 -0.079444 -0.904743 0.802978 0.975786 2 19 0.993056 20 0.006944
ring
  19 25.195179 0.823400 58.205589 -0.417995 -0.078394 -0.905061 0.803243 0.975555 2 19 0.993056 20 0.006944
  19 25.189262 0.824648 58.208218 -0.420516 -0.110355 -0.900549 0.803663 0.975397 2 19 0.993056 20 0.006944
  19 25.143103 0.838600 58.228188 -0.413717 -0.072308 -0.907529 0.806766 0.973982 2 19 0.993056 20 0.006944
ring
  19 25.237934 0.840529 58.184319 -0.421224 -0.071809 -0.904109 0.799087 0.975515 2 19 0.833333 20 0.166667
  19 25.204594 0.809778 58.202385 -0.424279 -0.071367 -0.902715 0.803046 0.976319 2 19 0.993056 20 0.006944
  19 25.203485 0.815347 58.202438 -0.420620 -0.075045 -0.904128 0.802909 0.976054 2 19 0.993056 20 0.006944
ring
  19 25.189262 0.824648 58.208218 -0.420516 -0.110355 -0.900549 0.803663 0.975397 2 19 0.993056 20 0.006944
  19 25.183298 0.823714 58.211002 -0.414037 -0.069361 -0.907614 0.804174 0.975336 2 19 0.993056 20 0.006944
  19 25.143103 0.838600 58.228188 -0.413717 -0.072308 -0.907529 0.806766 0.973982 2 19 0.993056 20 0.006944
ring
  19 25.251629 0.771561 58.183163 -0.424150 -0.069287 -0.902938 0.800779 0.978796 2 19 0.833333 20 0.166667
  19 25.204594 0.809778 58.202385 -0.424279 -0.071367 -0.902715 0.803046 0.976319 2 19 0.993056 20 0.006944
  19 25.237934 0.840529 58.184319 -0.421224 -0.071809 -0.904109 0.799087 0.975515 2 19 0.833333 20 0.166667
ring
  19 25.183298 0.823714 58.211002 -0.414037 -0.069361 -0.907614 0.804174 0.975336 2 19 0.993056 20 0.006944
  19 25.178257 0.820694 58.213562 -0.414651 -0.073729 -0.906988 0.804698 0.975380 2 19 0.993056 20 0.006944
  19 25.143103 0.838600 58.228188 -0.413717 -0.072308 -0.907529 0.806766 0.973982 2 19 0.993056 20 0.006944
ring
  19 25.251629 0.771561 58.183163 -0.424150 -0.069287 -0.902938 0.800779 0.978796 2 19 0.833333 20 0.166667
  19 25.203360 0.804260 58.203400 -0.424630 -0.067854 -0.902820 0.803368 0.976541 2 19 0.993056 20 0.006944
  19 25.204594 0.809778 58.202385 -0.424279 -0.071367 -0.902715 0.803046 0.976319 2 19 0.993056 20 0.006944
ring
  19 25.178257 0.820694 58.213562 -0.414651 -0.073729 -0.906988 0.804698 0.975380 2 19 0.993056 20 0.006944
  19 25.174839 0.816075 58.215488 -0.414170 -0.072761 -0.907286 0.805156 0.975525 2 19 0.993056 20 0.006944
  19 25.143103 0.838600 58.228188 -0.413717 -0.072308 -0.907529 0.806766 0.973982 2 19 0.993056 20 0.006944
ring
  19 25.251629 0.771561 58.183163 -0.424150 -0.069287 -0.902938 0.800779 0.978796 2 19 0.833333 20 0.166667
  19 25.199940 0.799641 58.205330 -0.420264 -0.058722 -0.905500 0.803826 0.976685 2 19 0.993056 20 0.006944
  19 25.203360 0.804260 58.203400 -0.424630 -0.067854 -0.902820 0.803368 0.976541 2 19 0.993056 20 0.006944
ring
  19 25.174839 0.816075 58.215488 -0.414170 -0.072761 -0.907286 0.805156 0.975525 2 19 0.993056 20 0.006944
  19 25.173599 0.810587 58.216499 -0.415302 -0.070333 -0.906960 0.805478 0.975746 2 19 0.993056 20 0.006944
  19 25.143103 0.838600 58.228188 -0.413717 -0.072308 -0.907529 0.806766 0.973982 2 19 0.993056 20 0.006944
ring
  19 25.143103 0.838600 58.228188 -0.413717 -0.072308 -0.907529 0.806766 0.973982 2 19 0.993056 20 0.006944
  19 25.173599 0.810587 58.216499 -0.415302 -0.070333 -0.906960 0.805478 0.975746 2 19 0.993056 20 0.006944
  19 25.118698 0.780912 58.243900 -0.414157 -0.072043 -0.907350 0.811042 0.976102 2 19 0.993056 20 0.006944
ring
  19 25.174715 0.804987 58.216396 -0.415734 -0.069519 -0.906825 0.805614 0.976011 2 19 0.993056 20 0.006944
  19 25.118698 0.780912 58.243900 -0.414157 -0.072043 -0.907350 0.811042 0.976102 2 19 0.993056 20 0.006944
  19 25.173599 0.810587 58.216499 -0.415302 -0.070333 -0.906960 0.805478 0.975746 2 19 0.993056 20 0.006944
ring
  19 25.118698 0.780912 58.243900 -0.414157 -0.072043 -0.907350 0.811042 0.976102 2 19 0.993056 20 0.006944
  19 25.174715 0.804987 58.216396 -0.415734 -0.069519 -0.906825 0.805614 0.976011 2 19 0.993056 20 0.006944
  19 25.178026 0.800215 58.215267 -0.414375 -0.072328 -0.907227 0.805545 0.976279 2 19 0.993056 20 0.006944
ring
  19 25.251629 0.771561 58.183163 -0.424150 -0.069287 -0.902938 0.800779 0.978796 2 19 0.833333 20 0.166667
  19 25.194895 0.796651 58.207840 -0.420140 -0.064523 -0.905163 0.804350 0.976730 2 19 0.993056 20 0.006944
  19 25.199940 0.799641 58.205330 -0.420264 -0.058722 -0.905500 0.803826 0.976685 2 19 0.993056 20 0.006944
ring
  19 25.167833 0.748766 58.224010 -0.417965 -0.072360 -0.905576 0.808441 0.978371 2 19 0.993056 20 0.006944
  19 25.118698 0.780912 58.243900 -0.414157 -0.072043 -0.907350 0.811042 0.976102 2 19 0.993056 20 0.006944
  19 25.178026 0.800215 58.215267 -0.414375 -0.072328 -0.907227 0.805545 0.976279 2 19 0.993056 20 0.006944
ring
  19 25.167833 0.748766 58.224010 -0.417965 -0.072360 -0.905576 0.808441 0.978371 2 19 0.993056 20 0.006944
  19 25.194895 0.796651 58.207840 -0.420140 -0.064523 -0.905163 0.804350 0.976730 2 19 0.993056 20 0.006944
  19 25.251629 0.771561 58.183163 -0.424150 -0.069287 -0.902938 0.800779 0.978796 2 19 0.833333 20 0.166667
ring
  19 25.178026 0.800215 58.215267 -0.414375 -0.072328 -0.907227 0.805545 0.976279 2 19 0.993056 20 0.006944
  19 25.183012 0.796934 58.213249 -0.413370 -0.072394 -0.907681 0.805281 0.976510 2 19 0.993056 20 0.006944
  19 25.167833 0.748766 58.224010 -0.417965 -0.072360 -0.905576 0.808441 0.978371 2 19 0.993056 20 0.006944
ring
  19 25.188948 0.795687 58.210651 -0.414604 -0.071284 -0.907206 0.804861 0.976668 2 19 0.993056 20 0.006944
  19 25.194895 0.796651 58.207840 -0.420140 -0.064523 -0.905163 0.804350 0.976730 2 19 0.993056 20 0.006944
  19 25.167833 0.748766 58.224010 -0.417965 -0.072360 -0.905576 0.808441 0.978371 2 19 0.993056 20 0.006944
ring
  19 25.183012 0.796934 58.213249 -0.413370 -0.072394 -0.907681 0.805281 0.976510 2 19 0.993056 20 0.006944
  19 25.188948 0.795687 58.210651 -0.414604 -0.071284 -0.907206 0.804861 0.976668 2 19 0.993056 20 0.006944
  19 25.167833 0.748766 58.224010 -0.417965 -0.072360 -0.905576 0.808441 0.978371 2 19 0.993056 20 0.006944
ring
  19 25.200340 0.701702 58.212898 -0.427120 -0.073746 -0.901183 0.807761 0.981009 2 19 0.991855 20 0.008145
  19 25.167833 0.748766 58.224010 -0.417965 -0.072360 -0.905576 0.808441 0.978371 2 19 0.993056 20 0.006944
  19 25.251629 0.771561 58.183163 -0.424150 -0.069287 -0.902938 0.800779 0.978796 2 19 0.833333 20 0.166667
ring
  19 25.200340 0.701702 58.212898 -0.427120 -0.073746 -0.901183 0.807761 0.981009 2 19 0.991855 20 0.008145
  19 25.251629 0.771561 58.183163 -0.424150 -0.069287 -0.902938 0.800779 0.978796 2 19 0.833333 20 0.166667
  19 25.236357 0.703564 58.195484 -0.431506 -0.068933 -0.899473 0.804763 0.981536 2 19 0.883059 20 0.116941
ring
  19 25.207775 0.664777 58.212440 -0.431102 -0.075575 -0.899133 0.808667 0.982765 2 19 0.991855 20 0.008145
  19 25.200340 0.701702 58.212898 -0.427120 -0.073746 -0.901183 0.807761 0.981009 2 19 0.991855 20 0.008145
  19 25.236357 0.703564 58.195484 -0.431506 -0.068933 -0.899473 0.804763 0.981536 2 19 0.883059 20 0.116941
ring
  19 24.952345 0.754375 58.322041 0.631684 -0.771932 -0.071396 0.825346 0.974387 1 19 1.000000
  19 24.957291 0.756072 58.347450 0.664944 -0.742606 -0.079909 0.825346 0.974387 1 19 1.000000
  19 24.923752 0.710736 58.366383 0.891909 -0.428454 -0.144659 0.829848 0.975804 1 19 1.000000
ring
  19 24.952345 0.754375 58.322041 0.631684 -0.771932 -0.071396 0.825346 0.974387 1 19 1.000000
  19 25.002077 0.783935 58.296906 0.315668 -0.948869 0.000882 0.820191 0.973946 2 19 0.993056 20 0.006944
  19 24.957291 0.756072 58.347450 0.664944 -0.742606 -0.079909 0.825346 0.974387 1 19 1.000000
ring
  19 24.918825 0.709069 58.340946 0.878735 -0.456184 -0.140433 0.829848 0.975804 1 19 1.000000
  19 24.952345 0.754375 58.322041 0.631684 -0.771932 -0.071396 0.825346 0.974387 1 19 1.000000
  19 24.923752 0.710736 58.366383 0.891909 -0.428454 -0.144659 0.829848 0.975804 1 19 1.000000
ring
  19 25.002077 0.783935 58.296906 0.315668 -0.948869 0.000882 0.820191 0.973946 2 19 0.993056 20 0.006944
  19 25.007008 0.785596 58.322334 0.362308 -0.932011 -0.009390 0.820191 0.973946 2 19 0.993056 20 0.006944
  19 24.957291 0.756072 58.347450 0.664944 -0.742606 -0.079909 0.825346 0.974387 1 19 1.000000
ring
  19 24.923752 0.710736 58.366383 0.891909 -0.428454 -0.144659 0.829848 0.975804 1 19 1.000000
  19 24.915546 0.674230 58.373032 0.954503 -0.245596 -0.169133 0.831980 0.977271 1 19 1.000000
  19 24.918825 0.709069 58.340946 0.878735 -0.456184 -0.140433 0.829848 0.975804 1 19 1.000000
ring
  19 24.915546 0.674230 58.373032 0.954503 -0.245596 -0.169133 0.831980 0.977271 1 19 1.000000
  19 24.910603 0.672533 58.347626 0.954404 -0.245839 -0.169343 0.831980 0.977271 1 19 1.000000
  19 24.918825 0.709069 58.340946 0.878735 -0.456184 -0.140433 0.829848 0.975804 1 19 1.000000
ring
  19 25.002077 0.783935 58.296906 0.315668 -0.948869 0.000882 0.820191 0.973946 2 19 0.993056 20 0.006944
  19 25.060495 0.793268 58.269489 -0.022291 -0.997328 0.069566 0.815168 0.974548 2 19 0.993056 20 0.006944
  19 25.007008 0.785596 58.322334 0.362308 -0.932011 -0.009390 0.820191 0.973946 2 19 0.993056 20 0.006944
ring
  19 25.060495 0.793268 58.269489 -0.022291 -0.997328 0.069566 0.815168 0.974548 2 19 0.993056 20 0.006944
  19 25.065462 0.794930 58.294910 0.028157 -0.997818 0.059726 0.815168 0.974548 2 19 0.993056 20 0.006944
  19 25.007008 0.785596 58.322334 0.362308 -0.932011 -0.009390 0.820191 0.973946 2 19 0.993056 20 0.006944
ring
  19 25.065462 0.794930 58.294910 0.028157 -0.997818 0.059726 0.815168 0.974548 2 19 0.993056 20 0.006944
  19 25.060495 0.793268 58.269489 -0.022291 -0.997328 0.069566 0.815168 0.974548 2 19 0.993056 20 0.006944
  19 25.123648 0.782573 58.269299 -0.314329 -0.941335 0.122824 0.811042 0.976102 2 19 0.993056 20 0.006944
ring
  19 25.060495 0.793268 58.269489 -0.022291 -0.997328 0.069566 0.815168 0.974548 2 19 0.993056 20 0.006944
  19 25.118698 0.780912 58.243900 -0.360101 -0.923743 0.130480 0.811042 0.976102 2 19 0.993056 20 0.006944
  19 25.123648 0.782573 58.269299 -0.314329 -0.941335 0.122824 0.811042 0.976102 2 19 0.993056 20 0.006944
ring
  19 25.123648 0.782573 58.269299 -0.314329 -0.941335 0.122824 0.811042 0.976102 2 19 0.993056 20 0.006944
  19 25.118698 0.780912 58.243900 -0.360101 -0.923743 0.130480 0.811042 0.976102 2 19 0.993056 20 0.006944
  19 25.172754 0.750428 58.249447 -0.638960 -0.749606 0.172684 0.808441 0.978371 2 19 0.993056 20 0.006944
ring
  19 25.118698 0.780912 58.243900 -0.360101 -0.923743 0.130480 0.811042 0.976102 2 19 0.993056 20 0.006944
  19 25.167833 0.748766 58.224010 -0.670018 -0.720944 0.176961 0.808441 0.978371 2 19 0.993056 20 0.006944
  19 25.172754 0.750428 58.249447 -0.638960 -0.749606 0.172684 0.808441 0.978371 2 19 0.993056 20 0.006944
ring
  19 25.172754 0.750428 58.249447 -0.638960 -0.749606 0.172684 0.808441 0.978371 2 19 0.993056 20 0.006944
  19 25.167833 0.748766 58.224010 -0.670018 -0.720944 0.176961 0.808441 0.978371 2 19 0.993056 20 0.006944
  19 25.205286 0.703392 58.238304 -0.889063 -0.411669 0.200235 0.807761 0.981009 2 19 0.991855 20 0.008145
ring
  19 25.167833 0.748766 58.224010 -0.670018 -0.720944 0.176961 0.808441 0.978371 2 19 0.993056 20 0.006944
  19 25.200340 0.701702 58.212898 -0.898778 -0.389765 0.200703 0.807761 0.981009 2 19 0.991855 20 0.008145
  19 25.205286 0.703392 58.238304 -0.889063 -0.411669 0.200235 0.807761 0.981009 2 19 0.991855 20 0.008145
ring
  19 25.205286 0.703392 58.238304 -0.889063 -0.411669 0.200235 0.807761 0.981009 2 19 0.991855 20 0.008145
  19 25.200340 0.701702 58.212898 -0.898778 -0.389765 0.200703 0.807761 0.981009 2 19 0.991855 20 0.008145
  19 25.212700 0.666468 58.237873 -0.960220 -0.195556 0.199335 0.808667 0.982765 2 19 0.991855 20 0.008145
ring
  19 25.200340 0.701702 58.212898 -0.898778 -0.389765 0.200703 0.807761 0.981009 2 19 0.991855 20 0.008145
  19 25.207775 0.664777 58.212440 -0.960236 -0.195829 0.198993 0.808667 0.982765 2 19 0.991855 20 0.008145
  19 25.212700 0.666468 58.237873 -0.960220 -0.195556 0.199335 0.808667 0.982765 2 19 0.991855 20 0.008145
ring
  19 24.915546 0.674230 58.373032 -0.785292 -0.588592 0.192030 0.831980 0.977271 1 19 1.000000
  19 24.887329 0.715005 58.382660 -0.898593 -0.390108 0.200864 0.832570 0.974983 1 19 1.000000
  19 24.882374 0.713338 58.357262 -0.888951 -0.411790 0.200486 0.832570 0.974983 1 19 1.000000
ring
  19 24.910603 0.672533 58.347626 -0.785296 -0.588559 0.192114 0.831980 0.977271 1 19 1.000000
  19 24.915546 0.674230 58.373032 -0.785292 -0.588592 0.192030 0.831980 0.977271 1 19 1.000000
  19 24.882374 0.713338 58.357262 -0.888951 -0.411790 0.200486 0.832570 0.974983 1 19 1.000000
ring
  19 24.868528 0.782315 58.358101 -0.981518 0.027799 0.189341 0.830878 0.971703 1 19 1.000000
  19 24.882374 0.713338 58.357262 -0.888951 -0.411790 0.200486 0.832570 0.974983 1 19 1.000000
  19 24.887329 0.715005 58.382660 -0.898593 -0.390108 0.200864 0.832570 0.974983 1 19 1.000000
ring
  19 24.873474 0.783983 58.383499 -0.981580 0.023227 0.189634 0.830878 0.971703 1 19 1.000000
  19 24.868528 0.782315 58.358101 -0.981518 0.027799 0.189341 0.830878 0.971703 1 19 1.000000
  19 24.887329 0.715005 58.382660 -0.898593 -0.390108 0.200864 0.832570 0.974983 1 19 1.000000
ring
  19 24.883844 0.850505 58.345657 -0.878784 0.455927 0.140958 0.826894 0.968962 1 19 1.000000
  19 24.868528 0.782315 58.358101 -0.981518 0.027799 0.189341 0.830878 0.971703 1 19 1.000000
  19 24.873474 0.783983 58.383499 -0.981580 0.023227 0.189634 0.830878 0.971703 1 19 1.000000
ring
  19 24.888798 0.852202 58.371056 -0.891675 0.428754 0.145207 0.826894 0.968962 1 19 1.000000
  19 24.883844 0.850505 58.345657 -0.878784 0.455927 0.140958 0.826894 0.968962 1 19 1.000000
  19 24.873474 0.783983 58.383499 -0.981580 0.023227 0.189634 0.830878 0.971703 1 19 1.000000
ring
  19 24.926060 0.907571 58.321838 -0.631764 0.771897 0.071050 0.821226 0.967178 1 19 1.000000
  19 24.883844 0.850505 58.345657 -0.878784 0.455927 0.140958 0.826894 0.968962 1 19 1.000000
  19 24.888798 0.852202 58.371056 -0.891675 0.428754 0.145207 0.826894 0.968962 1 19 1.000000
ring
  19 24.930990 0.909268 58.347267 -0.665133 0.742482 0.079489 0.821226 0.967178 1 19 1.000000
  19 24.926060 0.907571 58.321838 -0.631764 0.771897 0.071050 0.821226 0.967178 1 19 1.000000
  19 24.888798 0.852202 58.371056 -0.891675 0.428754 0.145207 0.826894 0.968962 1 19 1.000000
ring
  19 24.988716 0.944785 58.290226 -0.315407 0.948956 -0.001074 0.814736 0.966623 2 19 0.991855 20 0.008145
  19 24.926060 0.907571 58.321838 -0.631764 0.771897 0.071050 0.821226 0.967178 1 19 1.000000
  19 24.930990 0.909268 58.347267 -0.665133 0.742482 0.079489 0.821226 0.967178 1 19 1.000000
ring
  19 24.993631 0.946445 58.315670 -0.362249 0.932037 0.009081 0.814736 0.966623 2 19 0.991855 20 0.008145
  19 24.988716 0.944785 58.290226 -0.315407 0.948956 -0.001074 0.814736 0.966623 2 19 0.991855 20 0.008145
  19 24.930990 0.909268 58.347267 -0.665133 0.742482 0.079489 0.821226 0.967178 1 19 1.000000
ring
  19 25.062277 0.956515 58.255726 0.022022 0.997276 -0.070401 0.808412 0.967382 2 19 0.991855 20 0.008145
  19 24.988716 0.944785 58.290226 -0.315407 0.948956 -0.001074 0.814736 0.966623 2 19 0.991855 20 0.008145
  19 24.993631 0.946445 58.315670 -0.362249 0.932037 0.009081 0.814736 0.966623 2 19 0.991855 20 0.008145
ring
  19 25.067219 0.958205 58.281132 -0.028737 0.997737 -0.060794 0.808412 0.967382 2 19 0.991855 20 0.008145
  19 25.062277 0.956515 58.255726 0.022022 0.997276 -0.070401 0.808412 0.967382 2 19 0.991855 20 0.008145
  19 24.993631 0.946445 58.315670 -0.362249 0.932037 0.009081 0.814736 0.966623 2 19 0.991855 20 0.008145
ring
  19 25.062277 0.956515 58.255726 0.022022 0.997276 -0.070401 0.808412 0.967382 2 19 0.991855 20 0.008145
  19 25.067219 0.958205 58.281132 -0.028737 0.997737 -0.060794 0.808412 0.967382 2 19 0.991855 20 0.008145
  19 25.140486 0.942641 58.248924 0.314139 0.941446 -0.122455 0.803218 0.969338 2 19 0.991855 20 0.008145
ring
  19 25.135557 0.940980 58.223492 0.360161 0.923756 -0.130222 0.803218 0.969338 2 19 0.991855 20 0.008145
  19 25.062277 0.956515 58.255726 0.022022 0.997276 -0.070401 0.808412 0.967382 2 19 0.991855 20 0.008145
  19 25.140486 0.942641 58.248924 0.314139 0.941446 -0.122455 0.803218 0.969338 2 19 0.991855 20 0.008145
ring
  19 25.135557 0.940980 58.223492 0.360161 0.923756 -0.130222 0.803218 0.969338 2 19 0.991855 20 0.008145
  19 25.140486 0.942641 58.248924 0.314139 0.941446 -0.122455 0.803218 0.969338 2 19 0.991855 20 0.008145
  19 25.202322 0.902188 58.223911 0.642499 0.746186 -0.174361 0.799943 0.972194 2 19 0.991855 20 0.008145
ring
  19 25.197374 0.900497 58.198460 0.674623 0.716347 -0.178130 0.799943 0.972194 2 19 0.991855 20 0.008145
  19 25.135557 0.940980 58.223492 0.360161 0.923756 -0.130222 0.803218 0.969338 2 19 0.991855 20 0.008145
  19 25.202322 0.902188 58.223911 0.642499 0.746186 -0.174361 0.799943 0.972194 2 19 0.991855 20 0.008145
ring
  19 25.197374 0.900497 58.198460 0.674623 0.716347 -0.178130 0.799943 0.972194 2 19 0.991855 20 0.008145
  19 25.202322 0.902188 58.223911 0.642499 0.746186 -0.174361 0.799943 0.972194 2 19 0.991855 20 0.008145
  19 25.242805 0.842086 58.209770 0.892321 0.406518 -0.196230 0.799087 0.975515 2 19 0.833333 20 0.166667
ring
  19 25.237934 0.840529 58.184319 0.901847 0.384936 -0.196205 0.799087 0.975515 2 19 0.833333 20 0.166667
  19 25.197374 0.900497 58.198460 0.674623 0.716347 -0.178130 0.799943 0.972194 2 19 0.991855 20 0.008145
  19 25.242805 0.842086 58.209770 0.892321 0.406518 -0.196230 0.799087 0.975515 2 19 0.833333 20 0.166667
ring
  19 25.237934 0.840529 58.184319 0.901847 0.384936 -0.196205 0.799087 0.975515 2 19 0.833333 20 0.166667
  19 25.242805 0.842086 58.209770 0.892321 0.406518 -0.196230 0.799087 0.975515 2 19 0.833333 20 0.166667
  19 25.256516 0.773087 58.208580 0.981951 -0.028472 -0.186982 0.800779 0.978796 2 19 0.833333 20 0.166667
ring
  19 25.251629 0.771561 58.183163 0.982000 -0.023334 -0.187435 0.800779 0.978796 2 19 0.833333 20 0.166667
  19 25.237934 0.840529 58.184319 0.901847 0.384936 -0.196205 0.799087 0.975515 2 19 0.833333 20 0.166667
  19 25.256516 0.773087 58.208580 0.981951 -0.028472 -0.186982 0.800779 0.978796 2 19 0.833333 20 0.166667
ring
  19 25.251629 0.771561 58.183163 0.982000 -0.023334 -0.187435 0.800779 0.978796 2 19 0.833333 20 0.166667
  19 25.256516 0.773087 58.208580 0.981951 -0.028472 -0.186982 0.800779 0.978796 2 19 0.833333 20 0.166667
  19 25.241262 0.705132 58.220898 0.877816 -0.457737 -0.141126 0.804763 0.981536 2 19 0.883059 20 0.116941
ring
  19 25.236357 0.703564 58.195484 0.892290 -0.427364 -0.145526 0.804763 0.981536 2 19 0.883059 20 0.116941
  19 25.251629 0.771561 58.183163 0.982000 -0.023334 -0.187435 0.800779 0.978796 2 19 0.833333 20 0.166667
  19 25.241262 0.705132 58.220898 0.877816 -0.457737 -0.141126 0.804763 0.981536 2 19 0.883059 20 0.116941
ring
  19 25.236357 0.703564 58.195484 0.892290 -0.427364 -0.145526 0.804763 0.981536 2 19 0.883059 20 0.116941
  19 25.241262 0.705132 58.220898 0.877816 -0.457737 -0.141126 0.804763 0.981536 2 19 0.883059 20 0.116941
  19 25.212700 0.666468 58.237873 0.776309 -0.620707 -0.109846 0.808667 0.982765 2 19 0.991855 20 0.008145
ring
  19 25.207775 0.664777 58.212440 0.776624 -0.620424 -0.109215 0.808667 0.982765 2 19 0.991855 20 0.008145
  19 25.236357 0.703564 58.195484 0.892290 -0.427364 -0.145526 0.804763 0.981536 2 19 0.883059 20 0.116941
  19 25.212700 0.666468 58.237873 0.776309 -0.620707 -0.109846 0.808667 0.982765 2 19 0.991855 20 0.008145
ring
  19 24.888798 0.852202 58.371056 0.413945 0.072407 0.907418 0.826894 0.968962 1 19 1.000000
  19 24.926506 0.829067 58.355686 0.413661 0.071542 0.907616 0.824835 0.970635 1 19 1.000000
  19 24.931557 0.832087 58.353165 0.414042 0.071190 0.907469 0.824311 0.970590 1 19 1.000000
ring
  19 24.888798 0.852202 58.371056 0.413945 0.072407 0.907418 0.826894 0.968962 1 19 1.000000
  19 24.923073 0.824449 58.357647 0.414244 0.072911 0.907241 0.825293 0.970779 1 19 1.000000
  19 24.926506 0.829067 58.355686 0.413661 0.071542 0.907616 0.824835 0.970635 1 19 1.000000
ring
  19 24.888798 0.852202 58.371056 0.413945 0.072407 0.907418 0.826894 0.968962 1 19 1.000000
  19 24.921856 0.818960 58.358627 0.413457 0.072390 0.907641 0.825615 0.971001 1 19 1.000000
  19 24.923073 0.824449 58.357647 0.414244 0.072911 0.907241 0.825293 0.970779 1 19 1.000000
ring
  19 24.888798 0.852202 58.371056 0.413945 0.072407 0.907418 0.826894 0.968962 1 19 1.000000
  19 24.873474 0.783983 58.383499 0.414066 0.072290 0.907372 0.830878 0.971703 1 19 1.000000
  19 24.921856 0.818960 58.358627 0.413457 0.072390 0.907641 0.825615 0.971001 1 19 1.000000
ring
  19 24.873474 0.783983 58.383499 0.414066 0.072290 0.907372 0.830878 0.971703 1 19 1.000000
  19 24.922966 0.813361 58.358578 0.414058 0.072349 0.907371 0.825752 0.971266 1 19 1.000000
  19 24.921856 0.818960 58.358627 0.413457 0.072390 0.907641 0.825615 0.971001 1 19 1.000000
ring
  19 24.873474 0.783983 58.383499 0.414066 0.072290 0.907372 0.830878 0.971703 1 19 1.000000
  19 24.926289 0.808589 58.357430 0.414404 0.072410 0.907208 0.825682 0.971534 1 19 1.000000
  19 24.922966 0.813361 58.358578 0.414058 0.072349 0.907371 0.825752 0.971266 1 19 1.000000
ring
  19 24.926289 0.808589 58.357430 0.414404 0.072410 0.907208 0.825682 0.971534 1 19 1.000000
  19 24.873474 0.783983 58.383499 0.414066 0.072290 0.907372 0.830878 0.971703 1 19 1.000000
  19 24.931269 0.805308 58.355427 0.415158 0.072854 0.906827 0.825418 0.971765 1 19 1.000000
ring
  19 24.957291 0.756072 58.347450 0.414684 0.072352 0.907084 0.825346 0.974387 1 19 1.000000
  19 24.931269 0.805308 58.355427 0.415158 0.072854 0.906827 0.825418 0.971765 1 19 1.000000
  19 24.873474 0.783983 58.383499 0.414066 0.072290 0.907372 0.830878 0.971703 1 19 1.000000
ring
  19 24.937187 0.804061 58.352798 0.416141 0.072929 0.906371 0.824998 0.971923 1 19 1.000000
  19 24.931269 0.805308 58.355427 0.415158 0.072854 0.906827 0.825418 0.971765 1 19 1.000000
  19 24.957291 0.756072 58.347450 0.414684 0.072352 0.907084 0.825346 0.974387 1 19 1.000000
ring
  19 24.943151 0.805025 58.350021 0.414744 0.072042 0.907082 0.824487 0.971984 1 19 1.000000
  19 24.937187 0.804061 58.352798 0.416141 0.072929 0.906371 0.824998 0.971923 1 19 1.000000
  19 24.957291 0.756072 58.347450 0.414684 0.072352 0.907084 0.825346 0.974387 1 19 1.000000
ring
  19 24.948193 0.808014 58.347458 0.415756 0.072706 0.906565 0.823963 0.971939 1 19 1.000000
  19 24.943151 0.805025 58.350021 0.414744 0.072042 0.907082 0.824487 0.971984 1 19 1.000000
  19 24.957291 0.756072 58.347450 0.414684 0.072352 0.907084 0.825346 0.974387 1 19 1.000000
ring
  19 24.923752 0.710736 58.366383 0.414187 0.072248 0.907320 0.829848 0.975804 1 19 1.000000
  19 24.957291 0.756072 58.347450 0.414684 0.072352 0.907084 0.825346 0.974387 1 19 1.000000
  19 24.873474 0.783983 58.383499 0.414066 0.072290 0.907372 0.830878 0.971703 1 19 1.000000
ring
  19 24.887329 0.715005 58.382660 0.413981 0.072139 0.907422 0.832570 0.974983 1 19 1.000000
  19 24.923752 0.710736 58.366383 0.414187 0.072248 0.907320 0.829848 0.975804 1 19 1.000000
  19 24.873474 0.783983 58.383499 0.414066 0.072290 0.907372 0.830878 0.971703 1 19 1.000000
ring
  19 24.887329 0.715005 58.382660 0.413981 0.072139 0.907422 0.832570 0.974983 1 19 1.000000
  19 24.915546 0.674230 58.373032 0.414331 0.072220 0.907256 0.831980 0.977271 1 19 1.000000
  19 24.923752 0.710736 58.366383 0.414187 0.072248 0.907320 0.829848 0.975804 1 19 1.000000
ring
  19 24.957291 0.756072 58.347450 0.414684 0.072352 0.907084 0.825346 0.974387 1 19 1.000000
  19 25.007008 0.785596 58.322334 0.414653 0.072225 0.907109 0.820191 0.973946 2 19 0.993056 20 0.006944
  19 24.948193 0.808014 58.347458 0.415756 0.072706 0.906565 0.823963 0.971939 1 19 1.000000
ring
  19 25.007008 0.785596 58.322334 0.414653 0.072225 0.907109 0.820191 0.973946 2 19 0.993056 20 0.006944
  19 24.951605 0.812633 58.345528 0.414479 0.071289 0.907262 0.823505 0.971795 1 19 1.000000
  19 24.948193 0.808014 58.347458 0.415756 0.072706 0.906565 0.823963 0.971939 1 19 1.000000
ring
  19 24.951605 0.812633 58.345528 0.414479 0.071289 0.907262 0.823505 0.971795 1 19 1.000000
  19 25.007008 0.785596 58.322334 0.414653 0.072225 0.907109 0.820191 0.973946 2 19 0.993056 20 0.006944
  19 24.952827 0.818152 58.344543 0.414601 0.071797 0.907166 0.823183 0.971574 1 19 1.000000
ring
  19 24.983871 0.844538 58.328217 0.415225 0.072578 0.906819 0.819642 0.970948 2 19 0.993056 20 0.006944
  19 24.952827 0.818152 58.344543 0.414601 0.071797 0.907166 0.823183 0.971574 1 19 1.000000
  19 25.007008 0.785596 58.322334 0.414653 0.072225 0.907109 0.820191 0.973946 2 19 0.993056 20 0.006944
ring
  19 24.951714 0.823721 58.344601 0.415608 0.071643 0.906717 0.823046 0.971309 1 19 1.000000
  19 24.952827 0.818152 58.344543 0.414601 0.071797 0.907166 0.823183 0.971574 1 19 1.000000
  19 24.983871 0.844538 58.328217 0.415225 0.072578 0.906819 0.819642 0.970948 2 19 0.993056 20 0.006944
ring
  19 24.948420 0.828493 58.345749 0.414358 0.074648 0.907047 0.823115 0.971040 1 19 1.000000
  19 24.951714 0.823721 58.344601 0.415608 0.071643 0.906717 0.823046 0.971309 1 19 1.000000
  19 24.983871 0.844538 58.328217 0.415225 0.072578 0.906819 0.819642 0.970948 2 19 0.993056 20 0.006944
ring
  19 24.943409 0.831773 58.347752 0.415027 0.072102 0.906947 0.823380 0.970809 1 19 1.000000
  19 24.948420 0.828493 58.345749 0.414358 0.074648 0.907047 0.823115 0.971040 1 19 1.000000
  19 24.983871 0.844538 58.328217 0.415225 0.072578 0.906819 0.819642 0.970948 2 19 0.993056 20 0.006944
ring
  19 24.937502 0.833021 58.350361 0.419637 0.061259 0.905623 0.823800 0.970651 1 19 1.000000
  19 24.943409 0.831773 58.347752 0.415027 0.072102 0.906947 0.823380 0.970809 1 19 1.000000
  19 24.983871 0.844538 58.328217 0.415225 0.072578 0.906819 0.819642 0.970948 2 19 0.993056 20 0.006944
ring
  19 24.931557 0.832087 58.353165 0.414042 0.071190 0.907469 0.824311 0.970590 1 19 1.000000
  19 24.937502 0.833021 58.350361 0.419637 0.061259 0.905623 0.823800 0.970651 1 19 1.000000
  19 24.983871 0.844538 58.328217 0.415225 0.072578 0.906819 0.819642 0.970948 2 19 0.993056 20 0.006944
ring
  19 24.992268 0.845876 58.324276 0.414376 0.072053 0.907249 0.818920 0.971034 2 19 0.993056 20 0.006944
  19 24.983871 0.844538 58.328217 0.415225 0.072578 0.906819 0.819642 0.970948 2 19 0.993056 20 0.006944
  19 25.007008 0.785596 58.322334 0.414653 0.072225 0.907109 0.820191 0.973946 2 19 0.993056 20 0.006944
ring
  19 24.931557 0.832087 58.353165 0.414042 0.071190 0.907469 0.824311 0.970590 1 19 1.000000
  19 24.983871 0.844538 58.328217 0.415225 0.072578 0.906819 0.819642 0.970948 2 19 0.993056 20 0.006944
  19 24.975525 0.846290 58.331890 0.415075 0.073940 0.906778 0.820235 0.970725 2 19 0.993056 20 0.006944
ring
  19 25.007008 0.785596 58.322334 0.414653 0.072225 0.907109 0.820191 0.973946 2 19 0.993056 20 0.006944
  19 24.999449 0.850117 58.320663 0.414041 0.071969 0.907409 0.818180 0.970971 2 19 0.993056 20 0.006944
  19 24.992268 0.845876 58.324276 0.414376 0.072053 0.907249 0.818920 0.971034 2 19 0.993056 20 0.006944
ring
  19 24.931557 0.832087 58.353165 0.414042 0.071190 0.907469 0.824311 0.970590 1 19 1.000000
  19 24.975525 0.846290 58.331890 0.415075 0.073940 0.906778 0.820235 0.970725 2 19 0.993056 20 0.006944
  19 24.968470 0.850926 58.334751 0.415291 0.072338 0.906808 0.820609 0.970399 2 19 0.993056 20 0.006944
ring
  19 24.931557 0.832087 58.353165 0.414042 0.071190 0.907469 0.824311 0.970590 1 19 1.000000
  19 24.968470 0.850926 58.334751 0.415291 0.072338 0.906808 0.820609 0.970399 2 19 0.993056 20 0.006944
  19 24.963802 0.857691 58.336353 0.416941 0.069535 0.906269 0.820706 0.970020 2 19 0.993056 20 0.006944
ring
  19 24.931557 0.832087 58.353165 0.414042 0.071190 0.907469 0.824311 0.970590 1 19 1.000000
  19 24.963802 0.857691 58.336353 0.416941 0.069535 0.906269 0.820706 0.970020 2 19 0.993056 20 0.006944
  19 24.962259 0.865598 58.336475 0.415515 0.071655 0.906760 0.820513 0.969645 1 19 1.000000
ring
  19 24.888798 0.852202 58.371056 0.413945 0.072407 0.907418 0.826894 0.968962 1 19 1.000000
  19 24.931557 0.832087 58.353165 0.414042 0.071190 0.907469 0.824311 0.970590 1 19 1.000000
  19 24.962259 0.865598 58.336475 0.415515 0.071655 0.906760 0.820513 0.969645 1 19 1.000000
ring
  19 24.930990 0.909268 58.347267 0.414515 0.072333 0.907163 0.821226 0.967178 1 19 1.000000
  19 24.888798 0.852202 58.371056 0.413945 0.072407 0.907418 0.826894 0.968962 1 19 1.000000
  19 24.962259 0.865598 58.336475 0.415515 0.071655 0.906760 0.820513 0.969645 1 19 1.000000
ring
  19 24.963989 0.873360 58.335041 0.414543 0.072629 0.907127 0.820058 0.969332 1 19 1.000000
  19 24.930990 0.909268 58.347267 0.414515 0.072333 0.907163 0.821226 0.967178 1 19 1.000000
  19 24.962259 0.865598 58.336475 0.415515 0.071655 0.906760 0.820513 0.969645 1 19 1.000000
ring
  19 24.930990 0.909268 58.347267 0.414515 0.072333 0.907163 0.821226 0.967178 1 19 1.000000
  19 24.963989 0.873360 58.335041 0.414543 0.072629 0.907127 0.820058 0.969332 1 19 1.000000
  19 24.968813 0.879893 58.332348 0.415754 0.074754 0.906400 0.819412 0.969129 1 19 1.000000
ring
  19 24.930990 0.909268 58.347267 0.414515 0.072333 0.907163 0.821226 0.967178 1 19 1.000000
  19 24.968813 0.879893 58.332348 0.415754 0.074754 0.906400 0.819412 0.969129 1 19 1.000000
  19 24.975946 0.884096 58.328690 0.415663 0.073204 0.906568 0.818671 0.969065 2 19 0.993056 20 0.006944
ring
  19 24.993631 0.946445 58.315670 0.414543 0.071815 0.907192 0.814736 0.966623 2 19 0.991855 20 0.008145
  19 24.930990 0.909268 58.347267 0.414515 0.072333 0.907163 0.821226 0.967178 1 19 1.000000
  19 24.975946 0.884096 58.328690 0.415663 0.073204 0.906568 0.818671 0.969065 2 19 0.993056 20 0.006944
ring
  19 25.007008 0.785596 58.322334 0.414653 0.072225 0.907109 0.820191 0.973946 2 19 0.993056 20 0.006944
  19 25.065462 0.794930 58.294910 0.414290 0.072028 0.907290 0.815168 0.974548 2 19 0.993056 20 0.006944
  19 24.999449 0.850117 58.320663 0.414041 0.071969 0.907409 0.818180 0.970971 2 19 0.993056 20 0.006944
ring
  19 24.993631 0.946445 58.315670 0.414543 0.071815 0.907192 0.814736 0.966623 2 19 0.991855 20 0.008145
  19 24.975946 0.884096 58.328690 0.415663 0.073204 0.906568 0.818671 0.969065 2 19 0.993056 20 0.006944
  19 25.044903 0.910583 58.295090 0.413616 0.070771 0.907697 0.812113 0.969093 2 19 0.991855 20 0.008145
ring
  19 24.975946 0.884096 58.328690 0.415663 0.073204 0.906568 0.818671 0.969065 2 19 0.993056 20 0.006944
  19 24.984337 0.885428 58.324741 0.415873 0.066166 0.907013 0.817949 0.969152 2 19 0.991855 20 0.008145
  19 25.044903 0.910583 58.295090 0.413616 0.070771 0.907697 0.812113 0.969093 2 19 0.991855 20 0.008145
ring
  19 25.054977 0.916563 58.290043 0.414670 0.072879 0.907048 0.811072 0.969004 2 19 0.991855 20 0.008145
  19 24.993631 0.946445 58.315670 0.414543 0.071815 0.907192 0.814736 0.966623 2 19 0.991855 20 0.008145
  19 25.044903 0.910583 58.295090 0.413616 0.070771 0.907697 0.812113 0.969093 2 19 0.991855 20 0.008145
ring
  19 24.984337 0.885428 58.324741 0.415873 0.066166 0.907013 0.817949 0.969152 2 19 0.991855 20 0.008145
  19 25.038139 0.901436 58.298904 0.414468 0.071919 0.907218 0.813023 0.969380 2 19 0.991855 20 0.008145
  19 25.044903 0.910583 58.295090 0.413616 0.070771 0.907697 0.812113 0.969093 2 19 0.991855 20 0.008145
ring
  19 25.054977 0.916563 58.290043 0.414670 0.072879 0.907048 0.811072 0.969004 2 19 0.991855 20 0.008145
  19 25.066795 0.918460 58.284481 0.414081 0.072305 0.907363 0.810057 0.969126 2 19 0.991855 20 0.008145
  19 24.993631 0.946445 58.315670 0.414543 0.071815 0.907192 0.814736 0.966623 2 19 0.991855 20 0.008145
ring
  19 24.984337 0.885428 58.324741 0.415873 0.066166 0.907013 0.817949 0.969152 2 19 0.991855 20 0.008145
  19 24.992683 0.883652 58.321075 0.414390 0.074709 0.907028 0.817356 0.969375 2 19 0.993056 20 0.006944
  19 25.038139 0.901436 58.298904 0.414468 0.071919 0.907218 0.813023 0.969380 2 19 0.991855 20 0.008145
ring
  19 25.067219 0.958205 58.281132 0.414208 0.072105 0.907321 0.808412 0.967382 2 19 0.991855 20 0.008145
  19 24.993631 0.946445 58.315670 0.414543 0.071815 0.907192 0.814736 0.966623 2 19 0.991855 20 0.008145
  19 25.066795 0.918460 58.284481 0.414081 0.072305 0.907363 0.810057 0.969126 2 19 0.991855 20 0.008145
ring
  19 24.992683 0.883652 58.321075 0.414390 0.074709 0.907028 0.817356 0.969375 2 19 0.993056 20 0.006944
  19 25.035675 0.890490 58.300888 0.414437 0.072386 0.907194 0.813662 0.969820 2 19 0.991855 20 0.008145
  19 25.038139 0.901436 58.298904 0.414468 0.071919 0.907218 0.813023 0.969380 2 19 0.991855 20 0.008145
ring
  19 25.078541 0.915965 58.279327 0.413984 0.072180 0.907418 0.809223 0.969440 2 19 0.991855 20 0.008145
  19 25.067219 0.958205 58.281132 0.414208 0.072105 0.907321 0.808412 0.967382 2 19 0.991855 20 0.008145
  19 25.066795 0.918460 58.284481 0.414081 0.072305 0.907363 0.810057 0.969126 2 19 0.991855 20 0.008145
ring
  19 24.992683 0.883652 58.321075 0.414390 0.074709 0.907028 0.817356 0.969375 2 19 0.993056 20 0.006944
  19 25.037901 0.879413 58.300774 0.414347 0.073814 0.907120 0.813934 0.970346 2 19 0.991855 20 0.008145
  19 25.035675 0.890490 58.300888 0.414437 0.072386 0.907194 0.813662 0.969820 2 19 0.991855 20 0.008145
ring
  19 25.078541 0.915965 58.279327 0.413984 0.072180 0.907418 0.809223 0.969440 2 19 0.991855 20 0.008145
  19 25.140486 0.942641 58.248924 0.414214 0.071872 0.907337 0.803218 0.969338 2 19 0.991855 20 0.008145
  19 25.067219 0.958205 58.281132 0.414208 0.072105 0.907321 0.808412 0.967382 2 19 0.991855 20 0.008145
ring
  19 25.044479 0.869905 58.298538 0.414252 0.069674 0.907492 0.813797 0.970879 2 19 0.993056 20 0.006944
  19 25.037901 0.879413 58.300774 0.414347 0.073814 0.907120 0.813934 0.970346 2 19 0.991855 20 0.008145
  19 24.992683 0.883652 58.321075 0.414390 0.074709 0.907028 0.817356 0.969375 2 19 0.993056 20 0.006944
ring
  19 25.054422 0.863434 58.294502 0.414110 0.071897 0.907383 0.813271 0.971338 2 19 0.993056 20 0.006944
  19 25.044479 0.869905 58.298538 0.414252 0.069674 0.907492 0.813797 0.970879 2 19 0.993056 20 0.006944
  19 24.992683 0.883652 58.321075 0.414390 0.074709 0.907028 0.817356 0.969375 2 19 0.993056 20 0.006944
ring
  19 25.054422 0.863434 58.294502 0.414110 0.071897 0.907383 0.813271 0.971338 2 19 0.993056 20 0.006944
  19 24.992683 0.883652 58.321075 0.414390 0.074709 0.907028 0.817356 0.969375 2 19 0.993056 20 0.006944
  19 24.999763 0.879047 58.318237 0.415272 0.079514 0.906215 0.816983 0.969701 2 19 0.993056 20 0.006944
ring
  19 25.054422 0.863434 58.294502 0.414110 0.071897 0.907383 0.813271 0.971338 2 19 0.993056 20 0.006944
  19 24.999763 0.879047 58.318237 0.415272 0.079514 0.906215 0.816983 0.969701 2 19 0.993056 20 0.006944
  19 25.004433 0.872281 58.316631 0.414287 0.071131 0.907363 0.816885 0.970080 2 19 0.993056 20 0.006944
ring
  19 25.004433 0.872281 58.316631 0.414287 0.071131 0.907363 0.816885 0.970080 2 19 0.993056 20 0.006944
  19 25.006006 0.864412 58.316540 0.414317 0.072009 0.907280 0.817078 0.970455 2 19 0.993056 20 0.006944
  19 25.054422 0.863434 58.294502 0.414110 0.071897 0.907383 0.813271 0.971338 2 19 0.993056 20 0.006944
ring
  19 25.006006 0.864412 58.316540 0.414317 0.072009 0.907280 0.817078 0.970455 2 19 0.993056 20 0.006944
  19 25.004255 0.856619 58.317955 0.414468 0.071539 0.907248 0.817533 0.970767 2 19 0.993056 20 0.006944
  19 25.054422 0.863434 58.294502 0.414110 0.071897 0.907383 0.813271 0.971338 2 19 0.993056 20 0.006944
ring
  19 25.004255 0.856619 58.317955 0.414468 0.071539 0.907248 0.817533 0.970767 2 19 0.993056 20 0.006944
  19 24.999449 0.850117 58.320663 0.414041 0.071969 0.907409 0.818180 0.970971 2 19 0.993056 20 0.006944
  19 25.054422 0.863434 58.294502 0.414110 0.071897 0.907383 0.813271 0.971338 2 19 0.993056 20 0.006944
ring
  19 25.065462 0.794930 58.294910 0.414290 0.072028 0.907290 0.815168 0.974548 2 19 0.993056 20 0.006944
  19 25.054422 0.863434 58.294502 0.414110 0.071897 0.907383 0.813271 0.971338 2 19 0.993056 20 0.006944
  19 24.999449 0.850117 58.320663 0.414041 0.071969 0.907409 0.818180 0.970971 2 19 0.993056 20 0.006944
ring
  19 25.066164 0.860939 58.289349 0.414375 0.072067 0.907248 0.812437 0.971652 2 19 0.993056 20 0.006944
  19 25.054422 0.863434 58.294502 0.414110 0.071897 0.907383 0.813271 0.971338 2 19 0.993056 20 0.006944
  19 25.065462 0.794930 58.294910 0.414290 0.072028 0.907290 0.815168 0.974548 2 19 0.993056 20 0.006944
ring
  19 25.077982 0.862806 58.283791 0.414404 0.072348 0.907213 0.811422 0.971773 2 19 0.993056 20 0.006944
  19 25.066164 0.860939 58.289349 0.414375 0.072067 0.907248 0.812437 0.971652 2 19 0.993056 20 0.006944
  19 25.065462 0.794930 58.294910 0.414290 0.072028 0.907290 0.815168 0.974548 2 19 0.993056 20 0.006944
ring
  19 25.065462 0.794930 58.294910 0.414290 0.072028 0.907290 0.815168 0.974548 2 19 0.993056 20 0.006944
  19 25.132607 0.846648 58.260143 0.413525 0.072008 0.907641 0.807733 0.973433 2 19 0.993056 20 0.006944
  19 25.077982 0.862806 58.283791 0.414404 0.072348 0.907213 0.811422 0.971773 2 19 0.993056 20 0.006944
ring
  19 25.132607 0.846648 58.260143 0.413525 0.072008 0.907641 0.807733 0.973433 2 19 0.993056 20 0.006944
  19 25.088028 0.868779 58.278725 0.413942 0.072478 0.907413 0.810381 0.971684 2 19 0.991855 20 0.008145
  19 25.077982 0.862806 58.283791 0.414404 0.072348 0.907213 0.811422 0.971773 2 19 0.993056 20 0.006944
ring
  19 25.132607 0.846648 58.260143 0.413525 0.072008 0.907641 0.807733 0.973433 2 19 0.993056 20 0.006944
  19 25.094786 0.877926 58.274918 0.413860 0.072000 0.907489 0.809471 0.971398 2 19 0.991855 20 0.008145
  19 25.088028 0.868779 58.278725 0.413942 0.072478 0.907413 0.810381 0.971684 2 19 0.991855 20 0.008145
ring
  19 25.097256 0.888871 58.272919 0.413714 0.071463 0.907597 0.808832 0.970958 2 19 0.991855 20 0.008145
  19 25.094786 0.877926 58.274918 0.413860 0.072000 0.907489 0.809471 0.971398 2 19 0.991855 20 0.008145
  19 25.132607 0.846648 58.260143 0.413525 0.072008 0.907641 0.807733 0.973433 2 19 0.993056 20 0.006944
ring
  19 25.132607 0.846648 58.260143 0.413525 0.072008 0.907641 0.807733 0.973433 2 19 0.993056 20 0.006944
  19 25.095057 0.899949 58.273052 0.418793 0.048832 0.906767 0.808560 0.970432 2 19 0.991855 20 0.008145
  19 25.097256 0.888871 58.272919 0.413714 0.071463 0.907597 0.808832 0.970958 2 19 0.991855 20 0.008145
ring
  19 25.065462 0.794930 58.294910 0.414290 0.072028 0.907290 0.815168 0.974548 2 19 0.993056 20 0.006944
  19 25.123648 0.782573 58.269299 0.414223 0.071803 0.907339 0.811042 0.976102 2 19 0.993056 20 0.006944
  19 25.132607 0.846648 58.260143 0.413525 0.072008 0.907641 0.807733 0.973433 2 19 0.993056 20 0.006944
ring
  19 25.132607 0.846648 58.260143 0.413525 0.072008 0.907641 0.807733 0.973433 2 19 0.993056 20 0.006944
  19 25.088465 0.909464 58.275311 0.414290 0.072071 0.907287 0.808697 0.969898 2 19 0.991855 20 0.008145
  19 25.095057 0.899949 58.273052 0.418793 0.048832 0.906767 0.808560 0.970432 2 19 0.991855 20 0.008145
ring
  19 25.123648 0.782573 58.269299 0.414223 0.071803 0.907339 0.811042 0.976102 2 19 0.993056 20 0.006944
  19 25.139687 0.842044 58.257294 0.414418 0.071336 0.907287 0.807359 0.973759 2 19 0.993056 20 0.006944
  19 25.132607 0.846648 58.260143 0.413525 0.072008 0.907641 0.807733 0.973433 2 19 0.993056 20 0.006944
ring
  19 25.132607 0.846648 58.260143 0.413525 0.072008 0.907641 0.807733 0.973433 2 19 0.993056 20 0.006944
  19 25.127935 0.853414 58.261738 0.413416 0.072435 0.907657 0.807831 0.973054 2 19 0.993056 20 0.006944
  19 25.088465 0.909464 58.275311 0.414290 0.072071 0.907287 0.808697 0.969898 2 19 0.991855 20 0.008145
ring
  19 25.139687 0.842044 58.257294 0.414418 0.071336 0.907287 0.807359 0.973759 2 19 0.993056 20 0.006944
  19 25.123648 0.782573 58.269299 0.414223 0.071803 0.907339 0.811042 0.976102 2 19 0.993056 20 0.006944
  19 25.148045 0.840261 58.253590 0.415150 0.071518 0.906938 0.806766 0.973982 2 19 0.993056 20 0.006944
ring
  19 25.127935 0.853414 58.261738 0.413416 0.072435 0.907657 0.807831 0.973054 2 19 0.993056 20 0.006944
  19 25.126362 0.861277 58.261826 0.414538 0.072960 0.907103 0.807637 0.972679 2 19 0.991855 20 0.008145
  19 25.088465 0.909464 58.275311 0.414290 0.072071 0.907287 0.808697 0.969898 2 19 0.991855 20 0.008145
ring
  19 25.126362 0.861277 58.261826 0.414538 0.072960 0.907103 0.807637 0.972679 2 19 0.991855 20 0.008145
  19 25.128113 0.869069 58.260406 0.413875 0.071667 0.907508 0.807183 0.972367 2 19 0.991855 20 0.008145
  19 25.088465 0.909464 58.275311 0.414290 0.072071 0.907287 0.808697 0.969898 2 19 0.991855 20 0.008145
ring
  19 25.128113 0.869069 58.260406 0.413875 0.071667 0.907508 0.807183 0.972367 2 19 0.991855 20 0.008145
  19 25.132917 0.875572 58.257710 0.414773 0.071976 0.907073 0.806536 0.972163 2 19 0.991855 20 0.008145
  19 25.088465 0.909464 58.275311 0.414290 0.072071 0.907287 0.808697 0.969898 2 19 0.991855 20 0.008145
ring
  19 25.132917 0.875572 58.257710 0.414773 0.071976 0.907073 0.806536 0.972163 2 19 0.991855 20 0.008145
  19 25.140097 0.879843 58.254082 0.414836 0.073859 0.906893 0.805795 0.972100 2 19 0.991855 20 0.008145
  19 25.088465 0.909464 58.275311 0.414290 0.072071 0.907287 0.808697 0.969898 2 19 0.991855 20 0.008145
ring
  19 25.140097 0.879843 58.254082 0.414836 0.073859 0.906893 0.805795 0.972100 2 19 0.991855 20 0.008145
  19 25.148468 0.881181 58.250141 0.413948 0.072054 0.907444 0.805073 0.972186 2 19 0.991855 20 0.008145
  19 25.088465 0.909464 58.275311 0.414290 0.072071 0.907287 0.808697 0.969898 2 19 0.991855 20 0.008145
ring
  19 25.148468 0.881181 58.250141 0.413948 0.072054 0.907444 0.805073 0.972186 2 19 0.991855 20 0.008145
  19 25.140486 0.942641 58.248924 0.414214 0.071872 0.907337 0.803218 0.969338 2 19 0.991855 20 0.008145
  19 25.088465 0.909464 58.275311 0.414290 0.072071 0.907287 0.808697 0.969898 2 19 0.991855 20 0.008145
ring
  19 25.140486 0.942641 58.248924 0.414214 0.071872 0.907337 0.803218 0.969338 2 19 0.991855 20 0.008145
  19 25.078541 0.915965 58.279327 0.413984 0.072180 0.907418 0.809223 0.969440 2 19 0.991855 20 0.008145
  19 25.088465 0.909464 58.275311 0.414290 0.072071 0.907287 0.808697 0.969898 2 19 0.991855 20 0.008145
ring
  19 25.156841 0.879399 58.246471 0.414008 0.071753 0.907440 0.804480 0.972410 2 19 0.991855 20 0.008145
  19 25.140486 0.942641 58.248924 0.414214 0.071872 0.907337 0.803218 0.969338 2 19 0.991855 20 0.008145
  19 25.148468 0.881181 58.250141 0.413948 0.072054 0.907444 0.805073 0.972186 2 19 0.991855 20 0.008145
ring
  19 25.140486 0.942641 58.248924 0.414214 0.071872 0.907337 0.803218 0.969338 2 19 0.991855 20 0.008145
  19 25.156841 0.879399 58.246471 0.414008 0.071753 0.907440 0.804480 0.972410 2 19 0.991855 20 0.008145
  19 25.202322 0.902188 58.223911 0.415941 0.071712 0.906559 0.799943 0.972194 2 19 0.991855 20 0.008145
ring
  19 25.202322 0.902188 58.223911 0.415941 0.071712 0.906559 0.799943 0.972194 2 19 0.991855 20 0.008145
  19 25.156841 0.879399 58.246471 0.414008 0.071753 0.907440 0.804480 0.972410 2 19 0.991855 20 0.008145
  19 25.163895 0.874763 58.243618 0.414382 0.071712 0.907273 0.804107 0.972735 2 19 0.991855 20 0.008145
ring
  19 25.202322 0.902188 58.223911 0.415941 0.071712 0.906559 0.799943 0.972194 2 19 0.991855 20 0.008145
  19 25.163895 0.874763 58.243618 0.414382 0.071712 0.907273 0.804107 0.972735 2 19 0.991855 20 0.008145
  19 25.168564 0.868028 58.242012 0.414395 0.071885 0.907254 0.804009 0.973115 2 19 0.991855 20 0.008145
ring
  19 25.168564 0.868028 58.242012 0.414395 0.071885 0.907254 0.804009 0.973115 2 19 0.991855 20 0.008145
  19 25.200108 0.825061 58.231030 0.418379 0.074440 0.905217 0.803243 0.975555 2 19 0.993056 20 0.006944
  19 25.202322 0.902188 58.223911 0.415941 0.071712 0.906559 0.799943 0.972194 2 19 0.991855 20 0.008145
ring
  19 25.200108 0.825061 58.231030 0.418379 0.074440 0.905217 0.803243 0.975555 2 19 0.993056 20 0.006944
  19 25.242805 0.842086 58.209770 0.423046 0.071157 0.903310 0.799087 0.975515 2 19 0.833333 20 0.166667
  19 25.202322 0.902188 58.223911 0.415941 0.071712 0.906559 0.799943 0.972194 2 19 0.991855 20 0.008145
ring
  19 25.168564 0.868028 58.242012 0.414395 0.071885 0.907254 0.804009 0.973115 2 19 0.991855 20 0.008145
  19 25.194187 0.826339 58.233646 0.416507 0.073436 0.906162 0.803663 0.975397 2 19 0.993056 20 0.006944
  19 25.200108 0.825061 58.231030 0.418379 0.074440 0.905217 0.803243 0.975555 2 19 0.993056 20 0.006944
ring
  19 25.200108 0.825061 58.231030 0.418379 0.074440 0.905217 0.803243 0.975555 2 19 0.993056 20 0.006944
  19 25.205088 0.821811 58.229019 0.418952 0.078883 0.904575 0.802978 0.975786 2 19 0.993056 20 0.006944
  19 25.242805 0.842086 58.209770 0.423046 0.071157 0.903310 0.799087 0.975515 2 19 0.833333 20 0.166667
ring
  19 25.188271 0.825375 58.236420 0.412809 0.071949 0.907971 0.804174 0.975336 2 19 0.993056 20 0.006944
  19 25.194187 0.826339 58.233646 0.416507 0.073436 0.906162 0.803663 0.975397 2 19 0.993056 20 0.006944
  19 25.168564 0.868028 58.242012 0.414395 0.071885 0.907254 0.804009 0.973115 2 19 0.991855 20 0.008145
ring
  19 25.205088 0.821811 58.229019 0.418952 0.078883 0.904575 0.802978 0.975786 2 19 0.993056 20 0.006944
  19 25.208410 0.817008 58.227875 0.420921 0.075324 0.903965 0.802909 0.976054 2 19 0.993056 20 0.006944
  19 25.242805 0.842086 58.209770 0.423046 0.071157 0.903310 0.799087 0.975515 2 19 0.833333 20 0.166667
ring
  19 25.168564 0.868028 58.242012 0.414395 0.071885 0.907254 0.804009 0.973115 2 19 0.991855 20 0.008145
  19 25.183199 0.822355 58.238964 0.414580 0.072343 0.907133 0.804698 0.975380 2 19 0.993056 20 0.006944
  19 25.188271 0.825375 58.236420 0.412809 0.071949 0.907971 0.804174 0.975336 2 19 0.993056 20 0.006944
ring
  19 25.208410 0.817008 58.227875 0.420921 0.075324 0.903965 0.802909 0.976054 2 19 0.993056 20 0.006944
  19 25.209526 0.811439 58.227818 0.423516 0.069852 0.903191 0.803046 0.976319 2 19 0.993056 20 0.006944
  19 25.242805 0.842086 58.209770 0.423046 0.071157 0.903310 0.799087 0.975515 2 19 0.833333 20 0.166667
ring
  19 25.168564 0.868028 58.242012 0.414395 0.071885 0.907254 0.804009 0.973115 2 19 0.991855 20 0.008145
  19 25.179787 0.817766 58.240898 0.413821 0.071962 0.907510 0.805156 0.975525 2 19 0.993056 20 0.006944
  19 25.183199 0.822355 58.238964 0.414580 0.072343 0.907133 0.804698 0.975380 2 19 0.993056 20 0.006944
ring
  19 25.256516 0.773087 58.208580 0.424495 0.069098 0.902789 0.800779 0.978796 2 19 0.833333 20 0.166667
  19 25.242805 0.842086 58.209770 0.423046 0.071157 0.903310 0.799087 0.975515 2 19 0.833333 20 0.166667
  19 25.209526 0.811439 58.227818 0.423516 0.069852 0.903191 0.803046 0.976319 2 19 0.993056 20 0.006944
ring
  19 25.168564 0.868028 58.242012 0.414395 0.071885 0.907254 0.804009 0.973115 2 19 0.991855 20 0.008145
  19 25.170181 0.860159 58.241913 0.468114 0.084587 0.879610 0.804202 0.973489 2 19 0.991855 20 0.008145
  19 25.179787 0.817766 58.240898 0.413821 0.071962 0.907510 0.805156 0.975525 2 19 0.993056 20 0.006944
ring
  19 25.208298 0.805921 58.228798 0.423068 0.065673 0.903714 0.803368 0.976541 2 19 0.993056 20 0.006944
  19 25.256516 0.773087 58.208580 0.424495 0.069098 0.902789 0.800779 0.978796 2 19 0.833333 20 0.166667
  19 25.209526 0.811439 58.227818 0.423516 0.069852 0.903191 0.803046 0.976319 2 19 0.993056 20 0.006944
ring
  19 25.170181 0.860159 58.241913 0.468114 0.084587 0.879610 0.804202 0.973489 2 19 0.991855 20 0.008145
  19 25.168409 0.852373 58.243351 0.416820 0.072482 0.906094 0.804657 0.973802 2 19 0.993056 20 0.006944
  19 25.179787 0.817766 58.240898 0.413821 0.071962 0.907510 0.805156 0.975525 2 19 0.993056 20 0.006944
ring
  19 25.256516 0.773087 58.208580 0.424495 0.069098 0.902789 0.800779 0.978796 2 19 0.833333 20 0.166667
  19 25.208298 0.805921 58.228798 0.423068 0.065673 0.903714 0.803368 0.976541 2 19 0.993056 20 0.006944
  19 25.204889 0.801332 58.230724 0.421837 0.061422 0.904588 0.803826 0.976685 2 19 0.993056 20 0.006944
ring
  19 25.168409 0.852373 58.243351 0.416820 0.072482 0.906094 0.804657 0.973802 2 19 0.993056 20 0.006944
  19 25.163607 0.845840 58.246071 0.413399 0.071345 0.907750 0.805304 0.974005 2 19 0.993056 20 0.006944
  19 25.179787 0.817766 58.240898 0.413821 0.071962 0.907510 0.805156 0.975525 2 19 0.993056 20 0.006944
ring
  19 25.256516 0.773087 58.208580 0.424495 0.069098 0.902789 0.800779 0.978796 2 19 0.833333 20 0.166667
  19 25.204889 0.801332 58.230724 0.421837 0.061422 0.904588 0.803826 0.976685 2 19 0.993056 20 0.006944
  19 25.199816 0.798312 58.233280 0.420763 0.065618 0.904794 0.804350 0.976730 2 19 0.993056 20 0.006944
ring
  19 25.163607 0.845840 58.246071 0.413399 0.071345 0.907750 0.805304 0.974005 2 19 0.993056 20 0.006944
  19 25.156446 0.841599 58.249649 0.413832 0.071531 0.907538 0.806044 0.974069 2 19 0.993056 20 0.006944
  19 25.179787 0.817766 58.240898 0.413821 0.071962 0.907510 0.805156 0.975525 2 19 0.993056 20 0.006944
ring
  19 25.156446 0.841599 58.249649 0.413832 0.071531 0.907538 0.806044 0.974069 2 19 0.993056 20 0.006944
  19 25.148045 0.840261 58.253590 0.415150 0.071518 0.906938 0.806766 0.973982 2 19 0.993056 20 0.006944
  19 25.179787 0.817766 58.240898 0.413821 0.071962 0.907510 0.805156 0.975525 2 19 0.993056 20 0.006944
ring
  19 25.178543 0.812248 58.241901 0.413000 0.072912 0.907808 0.805478 0.975746 2 19 0.993056 20 0.006944
  19 25.179787 0.817766 58.240898 0.413821 0.071962 0.907510 0.805156 0.975525 2 19 0.993056 20 0.006944
  19 25.148045 0.840261 58.253590 0.415150 0.071518 0.906938 0.806766 0.973982 2 19 0.993056 20 0.006944
ring
  19 25.123648 0.782573 58.269299 0.414223 0.071803 0.907339 0.811042 0.976102 2 19 0.993056 20 0.006944
  19 25.178543 0.812248 58.241901 0.413000 0.072912 0.907808 0.805478 0.975746 2 19 0.993056 20 0.006944
  19 25.148045 0.840261 58.253590 0.415150 0.071518 0.906938 0.806766 0.973982 2 19 0.993056 20 0.006944
ring
  19 25.123648 0.782573 58.269299 0.414223 0.071803 0.907339 0.811042 0.976102 2 19 0.993056 20 0.006944
  19 25.179657 0.806679 58.241852 0.413464 0.072563 0.907624 0.805614 0.976011 2 19 0.993056 20 0.006944
  19 25.178543 0.812248 58.241901 0.413000 0.072912 0.907808 0.805478 0.975746 2 19 0.993056 20 0.006944
ring
  19 25.123648 0.782573 58.269299 0.414223 0.071803 0.907339 0.811042 0.976102 2 19 0.993056 20 0.006944
  19 25.182980 0.801877 58.240711 0.414442 0.071377 0.907272 0.805545 0.976279 2 19 0.993056 20 0.006944
  19 25.179657 0.806679 58.241852 0.413464 0.072563 0.907624 0.805614 0.976011 2 19 0.993056 20 0.006944
ring
  19 25.182980 0.801877 58.240711 0.414442 0.071377 0.907272 0.805545 0.976279 2 19 0.993056 20 0.006944
  19 25.123648 0.782573 58.269299 0.414223 0.071803 0.907339 0.811042 0.976102 2 19 0.993056 20 0.006944
  19 25.172754 0.750428 58.249447 0.418107 0.072140 0.905528 0.808441 0.978371 2 19 0.993056 20 0.006944
ring
  19 25.187963 0.798626 58.238697 0.415412 0.071227 0.906840 0.805281 0.976510 2 19 0.993056 20 0.006944
  19 25.182980 0.801877 58.240711 0.414442 0.071377 0.907272 0.805545 0.976279 2 19 0.993056 20 0.006944
  19 25.172754 0.750428 58.249447 0.418107 0.072140 0.905528 0.808441 0.978371 2 19 0.993056 20 0.006944
ring
  19 25.193882 0.797348 58.236073 0.415620 0.071118 0.906753 0.804861 0.976668 2 19 0.993056 20 0.006944
  19 25.187963 0.798626 58.238697 0.415412 0.071227 0.906840 0.805281 0.976510 2 19 0.993056 20 0.006944
  19 25.172754 0.750428 58.249447 0.418107 0.072140 0.905528 0.808441 0.978371 2 19 0.993056 20 0.006944
ring
  19 25.199816 0.798312 58.233280 0.420763 0.065618 0.904794 0.804350 0.976730 2 19 0.993056 20 0.006944
  19 25.193882 0.797348 58.236073 0.415620 0.071118 0.906753 0.804861 0.976668 2 19 0.993056 20 0.006944
  19 25.172754 0.750428 58.249447 0.418107 0.072140 0.905528 0.808441 0.978371 2 19 0.993056 20 0.006944
ring
  19 25.172754 0.750428 58.249447 0.418107 0.072140 0.905528 0.808441 0.978371 2 19 0.993056 20 0.006944
  19 25.256516 0.773087 58.208580 0.424495 0.069098 0.902789 0.800779 0.978796 2 19 0.833333 20 0.166667
  19 25.199816 0.798312 58.233280 0.420763 0.065618 0.904794 0.804350 0.976730 2 19 0.993056 20 0.006944
ring
  19 25.256516 0.773087 58.208580 0.424495 0.069098 0.902789 0.800779 0.978796 2 19 0.833333 20 0.166667
  19 25.172754 0.750428 58.249447 0.418107 0.072140 0.905528 0.808441 0.978371 2 19 0.993056 20 0.006944
  19 25.205286 0.703392 58.238304 0.427432 0.073965 0.901017 0.807761 0.981009 2 19 0.991855 20 0.008145
ring
  19 25.241262 0.705132 58.220898 0.431834 0.069085 0.899304 0.804763 0.981536 2 19 0.883059 20 0.116941
  19 25.256516 0.773087 58.208580 0.424495 0.069098 0.902789 0.800779 0.978796 2 19 0.833333 20 0.166667
  19 25.205286 0.703392 58.238304 0.427432 0.073965 0.901017 0.807761 0.981009 2 19 0.991855 20 0.008145
ring
  19 25.205286 0.703392 58.238304 0.427432 0.073965 0.901017 0.807761 0.981009 2 19 0.991855 20 0.008145
  19 25.212700 0.666468 58.237873 0.431402 0.076135 0.898942 0.808667 0.982765 2 19 0.991855 20 0.008145
  19 25.241262 0.705132 58.220898 0.431834 0.069085 0.899304 0.804763 0.981536 2 19 0.883059 20 0.116941
ring
  19 24.959049 0.871693 58.309616 0.879013 -0.455508 -0.140888 0.820058 0.969332 1 19 1.000000
  19 24.963989 0.873360 58.335041 0.892387 -0.427302 -0.145117 0.820058 0.969332 1 19 1.000000
  19 24.962259 0.865598 58.336475 0.981615 -0.024953 -0.189234 0.820513 0.969645 1 19 1.000000
ring
  19 24.959049 0.871693 58.309616 0.879013 -0.455508 -0.140888 0.820058 0.969332 1 19 1.000000
  19 24.963863 0.878195 58.306904 0.631347 -0.772197 -0.071497 0.819412 0.969129 1 19 1.000000
  19 24.963989 0.873360 58.335041 0.892387 -0.427302 -0.145117 0.820058 0.969332 1 19 1.000000
ring
  19 24.957308 0.863900 58.311020 0.981714 -0.027249 -0.188402 0.820513 0.969645 1 19 1.000000
  19 24.959049 0.871693 58.309616 0.879013 -0.455508 -0.140888 0.820058 0.969332 1 19 1.000000
  19 24.962259 0.865598 58.336475 0.981615 -0.024953 -0.189234 0.820513 0.969645 1 19 1.000000
ring
  19 24.963863 0.878195 58.306904 0.631347 -0.772197 -0.071497 0.819412 0.969129 1 19 1.000000
  19 24.968813 0.879893 58.332348 0.664560 -0.742927 -0.080127 0.819412 0.969129 1 19 1.000000
  19 24.963989 0.873360 58.335041 0.892387 -0.427302 -0.145117 0.820058 0.969332 1 19 1.000000
ring
  19 24.957308 0.863900 58.311020 0.981714 -0.027249 -0.188402 0.820513 0.969645 1 19 1.000000
  19 24.962259 0.865598 58.336475 0.981615 -0.024953 -0.189234 0.820513 0.969645 1 19 1.000000
  19 24.963802 0.857691 58.336353 0.899983 0.387478 -0.199725 0.820706 0.970020 2 19 0.993056 20 0.006944
ring
  19 24.963863 0.878195 58.306904 0.631347 -0.772197 -0.071497 0.819412 0.969129 1 19 1.000000
  19 24.970991 0.882430 58.303276 0.315273 -0.949000 0.001156 0.818671 0.969065 2 19 0.991855 20 0.008145
  19 24.968813 0.879893 58.332348 0.664560 -0.742927 -0.080127 0.819412 0.969129 1 19 1.000000
ring
  19 24.958902 0.856032 58.310955 0.889969 0.410267 -0.199085 0.820706 0.970020 1 19 1.000000
  19 24.957308 0.863900 58.311020 0.981714 -0.027249 -0.188402 0.820513 0.969645 1 19 1.000000
  19 24.963802 0.857691 58.336353 0.899983 0.387478 -0.199725 0.820706 0.970020 2 19 0.993056 20 0.006944
ring
  19 24.970991 0.882430 58.303276 0.315273 -0.949000 0.001156 0.818671 0.969065 2 19 0.991855 20 0.008145
  19 24.975946 0.884096 58.328690 0.360407 -0.932749 -0.009238 0.818671 0.969065 2 19 0.993056 20 0.006944
  19 24.968813 0.879893 58.332348 0.664560 -0.742927 -0.080127 0.819412 0.969129 1 19 1.000000
ring
  19 24.958902 0.856032 58.310955 0.889969 0.410267 -0.199085 0.820706 0.970020 1 19 1.000000
  19 24.963802 0.857691 58.336353 0.899983 0.387478 -0.199725 0.820706 0.970020 2 19 0.993056 20 0.006944
  19 24.968470 0.850926 58.334751 0.671514 0.719452 -0.177364 0.820609 0.970399 2 19 0.993056 20 0.006944
ring
  19 24.970991 0.882430 58.303276 0.315273 -0.949000 0.001156 0.818671 0.969065 2 19 0.991855 20 0.008145
  19 24.979361 0.883767 58.299335 -0.022414 -0.997317 0.069686 0.817949 0.969152 2 19 0.991855 20 0.008145
  19 24.975946 0.884096 58.328690 0.360407 -0.932749 -0.009238 0.818671 0.969065 2 19 0.993056 20 0.006944
ring
  19 24.963543 0.849234 58.309322 0.640004 0.748562 -0.173350 0.820609 0.970399 2 19 0.993056 20 0.006944
  19 24.958902 0.856032 58.310955 0.889969 0.410267 -0.199085 0.820706 0.970020 1 19 1.000000
  19 24.968470 0.850926 58.334751 0.671514 0.719452 -0.177364 0.820609 0.970399 2 19 0.993056 20 0.006944
ring
  19 24.979361 0.883767 58.299335 -0.022414 -0.997317 0.069686 0.817949 0.969152 2 19 0.991855 20 0.008145
  19 24.984337 0.885428 58.324741 0.027344 -0.997837 0.059774 0.817949 0.969152 2 19 0.991855 20 0.008145
  19 24.975946 0.884096 58.328690 0.360407 -0.932749 -0.009238 0.818671 0.969065 2 19 0.993056 20 0.006944
ring
  19 24.963543 0.849234 58.309322 0.640004 0.748562 -0.173350 0.820609 0.970399 2 19 0.993056 20 0.006944
  19 24.968470 0.850926 58.334751 0.671514 0.719452 -0.177364 0.820609 0.970399 2 19 0.993056 20 0.006944
  19 24.975525 0.846290 58.331890 0.360010 0.923768 -0.130559 0.820235 0.970725 2 19 0.993056 20 0.006944
ring
  19 24.979361 0.883767 58.299335 -0.022414 -0.997317 0.069686 0.817949 0.969152 2 19 0.991855 20 0.008145
  19 24.987755 0.881985 58.295639 -0.359959 -0.923823 0.130307 0.817356 0.969375 2 19 0.991855 20 0.008145
  19 24.984337 0.885428 58.324741 0.027344 -0.997837 0.059774 0.817949 0.969152 2 19 0.991855 20 0.008145
ring
  19 24.970598 0.844629 58.306461 0.313703 0.941540 -0.122849 0.820235 0.970725 2 19 0.993056 20 0.006944
  19 24.963543 0.849234 58.309322 0.640004 0.748562 -0.173350 0.820609 0.970399 2 19 0.993056 20 0.006944
  19 24.975525 0.846290 58.331890 0.360010 0.923768 -0.130559 0.820235 0.970725 2 19 0.993056 20 0.006944
ring
  19 24.987755 0.881985 58.295639 -0.359959 -0.923823 0.130307 0.817356 0.969375 2 19 0.991855 20 0.008145
  19 24.992683 0.883652 58.321075 -0.313767 -0.941539 0.122697 0.817356 0.969375 2 19 0.993056 20 0.006944
  19 24.984337 0.885428 58.324741 0.027344 -0.997837 0.059774 0.817949 0.969152 2 19 0.991855 20 0.008145
ring
  19 24.970598 0.844629 58.306461 0.313703 0.941540 -0.122849 0.820235 0.970725 2 19 0.993056 20 0.006944
  19 24.975525 0.846290 58.331890 0.360010 0.923768 -0.130559 0.820235 0.970725 2 19 0.993056 20 0.006944
  19 24.983871 0.844538 58.328217 0.021414 0.997320 -0.069955 0.819642 0.970948 2 19 0.993056 20 0.006944
ring
  19 24.987755 0.881985 58.295639 -0.359959 -0.923823 0.130307 0.817356 0.969375 2 19 0.991855 20 0.008145
  19 24.994801 0.877380 58.292793 -0.669813 -0.720973 0.177616 0.816983 0.969701 2 19 0.991855 20 0.008145
  19 24.992683 0.883652 58.321075 -0.313767 -0.941539 0.122697 0.817356 0.969375 2 19 0.993056 20 0.006944
ring
  19 24.978941 0.842847 58.302788 -0.028059 0.997749 -0.060911 0.819642 0.970948 2 19 0.993056 20 0.006944
  19 24.970598 0.844629 58.306461 0.313703 0.941540 -0.122849 0.820235 0.970725 2 19 0.993056 20 0.006944
  19 24.983871 0.844538 58.328217 0.021414 0.997320 -0.069955 0.819642 0.970948 2 19 0.993056 20 0.006944
ring
  19 24.994801 0.877380 58.292793 -0.669813 -0.720973 0.177616 0.816983 0.969701 2 19 0.991855 20 0.008145
  19 24.999763 0.879047 58.318237 -0.638107 -0.750102 0.173686 0.816983 0.969701 2 19 0.993056 20 0.006944
  19 24.992683 0.883652 58.321075 -0.313767 -0.941539 0.122697 0.817356 0.969375 2 19 0.993056 20 0.006944
ring
  19 24.978941 0.842847 58.302788 -0.028059 0.997749 -0.060911 0.819642 0.970948 2 19 0.993056 20 0.006944
  19 24.983871 0.844538 58.328217 0.021414 0.997320 -0.069955 0.819642 0.970948 2 19 0.993056 20 0.006944
  19 24.992268 0.845876 58.324276 -0.315230 0.949013 -0.002056 0.818920 0.971034 2 19 0.993056 20 0.006944
ring
  19 24.994801 0.877380 58.292793 -0.669813 -0.720973 0.177616 0.816983 0.969701 2 19 0.991855 20 0.008145
  19 24.999464 0.870620 58.291206 -0.898455 -0.390343 0.201024 0.816885 0.970080 2 19 0.993056 20 0.006944
  19 24.999763 0.879047 58.318237 -0.638107 -0.750102 0.173686 0.816983 0.969701 2 19 0.993056 20 0.006944
ring
  19 24.987339 0.844185 58.298855 -0.362715 0.931856 0.009047 0.818920 0.971034 2 19 0.993056 20 0.006944
  19 24.978941 0.842847 58.302788 -0.028059 0.997749 -0.060911 0.819642 0.970948 2 19 0.993056 20 0.006944
  19 24.992268 0.845876 58.324276 -0.315230 0.949013 -0.002056 0.818920 0.971034 2 19 0.993056 20 0.006944
ring
  19 24.999464 0.870620 58.291206 -0.898455 -0.390343 0.201024 0.816885 0.970080 2 19 0.993056 20 0.006944
  19 25.004433 0.872281 58.316631 -0.889161 -0.411463 0.200224 0.816885 0.970080 2 19 0.993056 20 0.006944
  19 24.999763 0.879047 58.318237 -0.638107 -0.750102 0.173686 0.816983 0.969701 2 19 0.993056 20 0.006944
ring
  19 24.987339 0.844185 58.298855 -0.362715 0.931856 0.009047 0.818920 0.971034 2 19 0.993056 20 0.006944
  19 24.992268 0.845876 58.324276 -0.315230 0.949013 -0.002056 0.818920 0.971034 2 19 0.993056 20 0.006944
  19 24.999449 0.850117 58.320663 -0.631136 0.772341 0.071803 0.818180 0.970971 2 19 0.993056 20 0.006944
ring
  19 24.999464 0.870620 58.291206 -0.898455 -0.390343 0.201024 0.816885 0.970080 2 19 0.993056 20 0.006944
  19 25.001062 0.862750 58.291088 -0.981597 0.021957 0.189699 0.817078 0.970455 2 19 0.993056 20 0.006944
  19 25.004433 0.872281 58.316631 -0.889161 -0.411463 0.200224 0.816885 0.970080 2 19 0.993056 20 0.006944
ring
  19 24.994497 0.848456 58.295265 -0.664586 0.742850 0.080611 0.818180 0.970971 2 19 0.993056 20 0.006944
  19 24.987339 0.844185 58.298855 -0.362715 0.931856 0.009047 0.818920 0.971034 2 19 0.993056 20 0.006944
  19 24.999449 0.850117 58.320663 -0.631136 0.772341 0.071803 0.818180 0.970971 2 19 0.993056 20 0.006944
ring
  19 25.001062 0.862750 58.291088 -0.981597 0.021957 0.189699 0.817078 0.970455 2 19 0.993056 20 0.006944
  19 25.006006 0.864412 58.316540 -0.981635 0.027924 0.188711 0.817078 0.970455 2 19 0.993056 20 0.006944
  19 25.004433 0.872281 58.316631 -0.889161 -0.411463 0.200224 0.816885 0.970080 2 19 0.993056 20 0.006944
ring
  19 24.994497 0.848456 58.295265 -0.664586 0.742850 0.080611 0.818180 0.970971 2 19 0.993056 20 0.006944
  19 24.999449 0.850117 58.320663 -0.631136 0.772341 0.071803 0.818180 0.970971 2 19 0.993056 20 0.006944
  19 25.004255 0.856619 58.317955 -0.878724 0.456055 0.140921 0.817533 0.970767 2 19 0.993056 20 0.006944
ring
  19 25.001062 0.862750 58.291088 -0.981597 0.021957 0.189699 0.817078 0.970455 2 19 0.993056 20 0.006944
  19 24.999325 0.854958 58.292511 -0.891815 0.428515 0.145051 0.817533 0.970767 2 19 0.993056 20 0.006944
  19 25.006006 0.864412 58.316540 -0.981635 0.027924 0.188711 0.817078 0.970455 2 19 0.993056 20 0.006944
ring
  19 24.999325 0.854958 58.292511 -0.891815 0.428515 0.145051 0.817533 0.970767 2 19 0.993056 20 0.006944
  19 24.994497 0.848456 58.295265 -0.664586 0.742850 0.080611 0.818180 0.970971 2 19 0.993056 20 0.006944
  19 25.004255 0.856619 58.317955 -0.878724 0.456055 0.140921 0.817533 0.970767 2 19 0.993056 20 0.006944
ring
  19 24.999325 0.854958 58.292511 -0.891815 0.428515 0.145051 0.817533 0.970767 2 19 0.993056 20 0.006944
  19 25.004255 0.856619 58.317955 -0.878724 0.456055 0.140921 0.817533 0.970767 2 19 0.993056 20 0.006944
  19 25.006006 0.864412 58.316540 -0.981635 0.027924 0.188711 0.817078 0.970455 2 19 0.993056 20 0.006944
ring
  19 24.943245 0.806348 58.322052 -0.665206 0.742279 0.080758 0.823963 0.971939 1 19 1.000000
  19 24.948193 0.808014 58.347458 -0.631008 0.772429 0.071985 0.823963 0.971939 1 19 1.000000
  19 24.951605 0.812633 58.345528 -0.879690 0.454033 0.141421 0.823505 0.971795 1 19 1.000000
ring
  19 24.943245 0.806348 58.322052 -0.665206 0.742279 0.080758 0.823963 0.971939 1 19 1.000000
  19 24.938175 0.803328 58.324608 -0.362117 0.932090 0.008877 0.824487 0.971984 1 19 1.000000
  19 24.948193 0.808014 58.347458 -0.631008 0.772429 0.071985 0.823963 0.971939 1 19 1.000000
ring
  19 24.946661 0.810966 58.320118 -0.891701 0.428843 0.144786 0.823505 0.971795 1 19 1.000000
  19 24.943245 0.806348 58.322052 -0.665206 0.742279 0.080758 0.823963 0.971939 1 19 1.000000
  19 24.951605 0.812633 58.345528 -0.879690 0.454033 0.141421 0.823505 0.971795 1 19 1.000000
ring
  19 24.938175 0.803328 58.324608 -0.362117 0.932090 0.008877 0.824487 0.971984 1 19 1.000000
  19 24.943151 0.805025 58.350021 -0.316208 0.948689 -0.001007 0.824487 0.971984 1 19 1.000000
  19 24.948193 0.808014 58.347458 -0.631008 0.772429 0.071985 0.823963 0.971939 1 19 1.000000
ring
  19 24.946661 0.810966 58.320118 -0.891701 0.428843 0.144786 0.823505 0.971795 1 19 1.000000
  19 24.951605 0.812633 58.345528 -0.879690 0.454033 0.141421 0.823505 0.971795 1 19 1.000000
  19 24.952827 0.818152 58.344543 -0.981655 0.026565 0.188806 0.823183 0.971574 1 19 1.000000
ring
  19 24.938175 0.803328 58.324608 -0.362117 0.932090 0.008877 0.824487 0.971984 1 19 1.000000
  19 24.932257 0.802394 58.327377 -0.028436 0.997771 -0.060361 0.824998 0.971923 1 19 1.000000
  19 24.943151 0.805025 58.350021 -0.316208 0.948689 -0.001007 0.824487 0.971984 1 19 1.000000
ring
  19 24.947903 0.816454 58.319103 -0.981717 0.022552 0.189007 0.823183 0.971574 1 19 1.000000
  19 24.946661 0.810966 58.320118 -0.891701 0.428843 0.144786 0.823505 0.971795 1 19 1.000000
  19 24.952827 0.818152 58.344543 -0.981655 0.026565 0.188806 0.823183 0.971574 1 19 1.000000
ring
  19 24.932257 0.802394 58.327377 -0.028436 0.997771 -0.060361 0.824998 0.971923 1 19 1.000000
  19 24.937187 0.804061 58.352798 0.020651 0.997377 -0.069375 0.824998 0.971923 1 19 1.000000
  19 24.943151 0.805025 58.350021 -0.316208 0.948689 -0.001007 0.824487 0.971984 1 19 1.000000
ring
  19 24.947903 0.816454 58.319103 -0.981717 0.022552 0.189007 0.823183 0.971574 1 19 1.000000
  19 24.952827 0.818152 58.344543 -0.981655 0.026565 0.188806 0.823183 0.971574 1 19 1.000000
  19 24.951714 0.823721 58.344601 -0.889101 -0.411602 0.200206 0.823046 0.971309 1 19 1.000000
ring
  19 24.932257 0.802394 58.327377 -0.028436 0.997771 -0.060361 0.824998 0.971923 1 19 1.000000
  19 24.926344 0.803641 58.329987 0.313651 0.941609 -0.122457 0.825418 0.971765 1 19 1.000000
  19 24.937187 0.804061 58.352798 0.020651 0.997377 -0.069375 0.824998 0.971923 1 19 1.000000
ring
  19 24.946764 0.822023 58.319191 -0.898417 -0.390624 0.200649 0.823046 0.971309 1 19 1.000000
  19 24.947903 0.816454 58.319103 -0.981717 0.022552 0.189007 0.823183 0.971574 1 19 1.000000
  19 24.951714 0.823721 58.344601 -0.889101 -0.411602 0.200206 0.823046 0.971309 1 19 1.000000
ring
  19 24.926344 0.803641 58.329987 0.313651 0.941609 -0.122457 0.825418 0.971765 1 19 1.000000
  19 24.931269 0.805308 58.355427 0.361258 0.923241 -0.130840 0.825418 0.971765 1 19 1.000000
  19 24.937187 0.804061 58.352798 0.020651 0.997377 -0.069375 0.824998 0.971923 1 19 1.000000
ring
  19 24.946764 0.822023 58.319191 -0.898417 -0.390624 0.200649 0.823046 0.971309 1 19 1.000000
  19 24.951714 0.823721 58.344601 -0.889101 -0.411602 0.200206 0.823046 0.971309 1 19 1.000000
  19 24.948420 0.828493 58.345749 -0.639581 -0.748787 0.173934 0.823115 0.971040 1 19 1.000000
ring
  19 24.926344 0.803641 58.329987 0.313651 0.941609 -0.122457 0.825418 0.971765 1 19 1.000000
  19 24.921328 0.806921 58.331993 0.638690 0.749689 -0.173322 0.825682 0.971534 1 19 1.000000
  19 24.931269 0.805308 58.355427 0.361258 0.923241 -0.130840 0.825418 0.971765 1 19 1.000000
ring
  19 24.943468 0.826826 58.320301 -0.671320 -0.719513 0.177848 0.823115 0.971040 1 19 1.000000
  19 24.946764 0.822023 58.319191 -0.898417 -0.390624 0.200649 0.823046 0.971309 1 19 1.000000
  19 24.948420 0.828493 58.345749 -0.639581 -0.748787 0.173934 0.823115 0.971040 1 19 1.000000
ring
  19 24.921328 0.806921 58.331993 0.638690 0.749689 -0.173322 0.825682 0.971534 1 19 1.000000
  19 24.926289 0.808589 58.357430 0.669407 0.721351 -0.177612 0.825682 0.971534 1 19 1.000000
  19 24.931269 0.805308 58.355427 0.361258 0.923241 -0.130840 0.825418 0.971765 1 19 1.000000
ring
  19 24.943468 0.826826 58.320301 -0.671320 -0.719513 0.177848 0.823115 0.971040 1 19 1.000000
  19 24.948420 0.828493 58.345749 -0.639581 -0.748787 0.173934 0.823115 0.971040 1 19 1.000000
  19 24.943409 0.831773 58.347752 -0.314102 -0.941399 0.122916 0.823380 0.970809 1 19 1.000000
ring
  19 24.921328 0.806921 58.331993 0.638690 0.749689 -0.173322 0.825682 0.971534 1 19 1.000000
  19 24.918016 0.811694 58.333126 0.888634 0.412674 -0.200074 0.825752 0.971266 1 19 1.000000
  19 24.926289 0.808589 58.357430 0.669407 0.721351 -0.177612 0.825682 0.971534 1 19 1.000000
ring
  19 24.938459 0.830107 58.322346 -0.359650 -0.923899 0.130621 0.823380 0.970809 1 19 1.000000
  19 24.943468 0.826826 58.320301 -0.671320 -0.719513 0.177848 0.823115 0.971040 1 19 1.000000
  19 24.943409 0.831773 58.347752 -0.314102 -0.941399 0.122916 0.823380 0.970809 1 19 1.000000
ring
  19 24.918016 0.811694 58.333126 0.888634 0.412674 -0.200074 0.825752 0.971266 1 19 1.000000
  19 24.922966 0.813361 58.358578 0.898573 0.390340 -0.200503 0.825752 0.971266 1 19 1.000000
  19 24.926289 0.808589 58.357430 0.669407 0.721351 -0.177612 0.825682 0.971534 1 19 1.000000
ring
  19 24.938459 0.830107 58.322346 -0.359650 -0.923899 0.130621 0.823380 0.970809 1 19 1.000000
  19 24.943409 0.831773 58.347752 -0.314102 -0.941399 0.122916 0.823380 0.970809 1 19 1.000000
  19 24.937502 0.833021 58.350361 0.027699 -0.997807 0.060113 0.823800 0.970651 1 19 1.000000
ring
  19 24.918016 0.811694 58.333126 0.888634 0.412674 -0.200074 0.825752 0.971266 1 19 1.000000
  19 24.916908 0.817263 58.333225 0.981565 -0.027705 -0.189107 0.825615 0.971001 1 19 1.000000
  19 24.922966 0.813361 58.358578 0.898573 0.390340 -0.200503 0.825752 0.971266 1 19 1.000000
ring
  19 24.932570 0.831354 58.324928 -0.021436 -0.997322 0.069921 0.823800 0.970651 1 19 1.000000
  19 24.938459 0.830107 58.322346 -0.359650 -0.923899 0.130621 0.823380 0.970809 1 19 1.000000
  19 24.937502 0.833021 58.350361 0.027699 -0.997807 0.060113 0.823800 0.970651 1 19 1.000000
ring
  19 24.916908 0.817263 58.333225 0.981565 -0.027705 -0.189107 0.825615 0.971001 1 19 1.000000
  19 24.921856 0.818960 58.358627 0.981624 -0.023843 -0.189327 0.825615 0.971001 1 19 1.000000
  19 24.922966 0.813361 58.358578 0.898573 0.390340 -0.200503 0.825752 0.971266 1 19 1.000000
ring
  19 24.932570 0.831354 58.324928 -0.021436 -0.997322 0.069921 0.823800 0.970651 1 19 1.000000
  19 24.937502 0.833021 58.350361 0.027699 -0.997807 0.060113 0.823800 0.970651 1 19 1.000000
  19 24.931557 0.832087 58.353165 0.363247 -0.931650 -0.008943 0.824311 0.970590 1 19 1.000000
ring
  19 24.916908 0.817263 58.333225 0.981565 -0.027705 -0.189107 0.825615 0.971001 1 19 1.000000
  19 24.918142 0.822782 58.332214 0.878908 -0.455758 -0.140730 0.825293 0.970779 1 19 1.000000
  19 24.921856 0.818960 58.358627 0.981624 -0.023843 -0.189327 0.825615 0.971001 1 19 1.000000
ring
  19 24.926603 0.830390 58.327721 0.316804 -0.948490 0.001272 0.824311 0.970590 1 19 1.000000
  19 24.932570 0.831354 58.324928 -0.021436 -0.997322 0.069921 0.823800 0.970651 1 19 1.000000
  19 24.931557 0.832087 58.353165 0.363247 -0.931650 -0.008943 0.824311 0.970590 1 19 1.000000
ring
  19 24.918142 0.822782 58.332214 0.878908 -0.455758 -0.140730 0.825293 0.970779 1 19 1.000000
  19 24.923073 0.824449 58.357647 0.891991 -0.428125 -0.145126 0.825293 0.970779 1 19 1.000000
  19 24.921856 0.818960 58.358627 0.981624 -0.023843 -0.189327 0.825615 0.971001 1 19 1.000000
ring
  19 24.926603 0.830390 58.327721 0.316804 -0.948490 0.001272 0.824311 0.970590 1 19 1.000000
  19 24.931557 0.832087 58.353165 0.363247 -0.931650 -0.008943 0.824311 0.970590 1 19 1.000000
  19 24.926506 0.829067 58.355686 0.664085 -0.743347 -0.080164 0.824835 0.970635 1 19 1.000000
ring
  19 24.918142 0.822782 58.332214 0.878908 -0.455758 -0.140730 0.825293 0.970779 1 19 1.000000
  19 24.921562 0.827400 58.330284 0.630682 -0.772711 -0.071817 0.824835 0.970635 1 19 1.000000
  19 24.923073 0.824449 58.357647 0.891991 -0.428125 -0.145126 0.825293 0.970779 1 19 1.000000
ring
  19 24.921562 0.827400 58.330284 0.630682 -0.772711 -0.071817 0.824835 0.970635 1 19 1.000000
  19 24.926603 0.830390 58.327721 0.316804 -0.948490 0.001272 0.824311 0.970590 1 19 1.000000
  19 24.926506 0.829067 58.355686 0.664085 -0.743347 -0.080164 0.824835 0.970635 1 19 1.000000
ring
  19 24.921562 0.827400 58.330284 0.630682 -0.772711 -0.071817 0.824835 0.970635 1 19 1.000000
  19 24.926506 0.829067 58.355686 0.664085 -0.743347 -0.080164 0.824835 0.970635 1 19 1.000000
  19 24.923073 0.824449 58.357647 0.891991 -0.428125 -0.145126 0.825293 0.970779 1 19 1.000000
ring
  19 25.066063 0.585733 58.327473 0.174035 -0.857365 0.484393 0.815137 0.990320 2 19 0.991855 20 0.008145
  19 25.024900 0.596813 58.325722 -0.682865 -0.656665 0.320134 0.809320 0.989560 2 19 0.991855 20 0.008145
  19 25.037350 0.585678 58.301579 -0.517844 -0.854352 -0.043822 0.811266 0.987711 2 19 0.991855 20 0.008145
ring
  19 25.037350 0.585678 58.301579 -0.517844 -0.854352 -0.043822 0.811266 0.987711 2 19 0.991855 20 0.008145
  19 25.024900 0.596813 58.325722 -0.682865 -0.656665 0.320134 0.809320 0.989560 2 19 0.991855 20 0.008145
  19 25.033461 0.597367 58.279758 -0.679269 -0.690440 -0.248767 0.807712 0.985494 2 19 0.991855 20 0.008145
ring
  19 25.056416 0.585468 58.277493 -0.213028 -0.940259 -0.265578 0.814741 0.985494 2 19 0.991855 20 0.008145
  19 25.037350 0.585678 58.301579 -0.517844 -0.854352 -0.043822 0.811266 0.987711 2 19 0.991855 20 0.008145
  19 25.033461 0.597367 58.279758 -0.679269 -0.690440 -0.248767 0.807712 0.985494 2 19 0.991855 20 0.008145
ring
  19 25.024900 0.596813 58.325722 -0.682865 -0.656665 0.320134 0.809320 0.989560 2 19 0.991855 20 0.008145
  19 25.018177 0.617050 58.287907 -0.925790 -0.376261 -0.036616 0.801831 0.987289 2 19 0.991855 20 0.008145
  19 25.033461 0.597367 58.279758 -0.679269 -0.690440 -0.248767 0.807712 0.985494 2 19 0.991855 20 0.008145
ring
  19 25.056416 0.585468 58.277493 -0.213028 -0.940259 -0.265578 0.814741 0.985494 2 19 0.991855 20 0.008145
  19 25.061106 0.579290 58.302589 0.013687 -0.997863 0.063884 0.815284 0.988313 2 19 0.991855 20 0.008145
  19 25.037350 0.585678 58.301579 -0.517844 -0.854352 -0.043822 0.811266 0.987711 2 19 0.991855 20 0.008145
ring
  19 25.061106 0.579290 58.302589 0.013687 -0.997863 0.063884 0.815284 0.988313 2 19 0.991855 20 0.008145
  19 25.066063 0.585733 58.327473 0.174035 -0.857365 0.484393 0.815137 0.990320 2 19 0.991855 20 0.008145
  19 25.037350 0.585678 58.301579 -0.517844 -0.854352 -0.043822 0.811266 0.987711 2 19 0.991855 20 0.008145
ring
  19 25.056416 0.585468 58.277493 -0.213028 -0.940259 -0.265578 0.814741 0.985494 2 19 0.991855 20 0.008145
  19 25.080973 0.584560 58.281754 0.275592 -0.961073 0.019697 0.820057 0.987459 2 19 0.991855 20 0.008145
  19 25.061106 0.579290 58.302589 0.013687 -0.997863 0.063884 0.815284 0.988313 2 19 0.991855 20 0.008145
ring
  19 25.061106 0.579290 58.302589 0.013687 -0.997863 0.063884 0.815284 0.988313 2 19 0.991855 20 0.008145
  19 25.080973 0.584560 58.281754 0.275592 -0.961073 0.019697 0.820057 0.987459 2 19 0.991855 20 0.008145
  19 25.066063 0.585733 58.327473 0.174035 -0.857365 0.484393 0.815137 0.990320 2 19 0.991855 20 0.008145
ring
  19 25.080973 0.584560 58.281754 0.275592 -0.961073 0.019697 0.820057 0.987459 2 19 0.991855 20 0.008145
  19 25.100468 0.594859 58.291393 0.553173 -0.762907 0.334623 0.823304 0.990049 2 19 0.991855 20 0.008145
  19 25.066063 0.585733 58.327473 0.174035 -0.857365 0.484393 0.815137 0.990320 2 19 0.991855 20 0.008145
ring
  19 25.024900 0.596813 58.325722 -0.682865 -0.656665 0.320134 0.809320 0.989560 2 19 0.991855 20 0.008145
  19 25.022474 0.615901 58.343487 -0.979644 0.041337 0.196441 0.808036 0.991297 2 19 0.991855 20 0.008145
  19 25.018177 0.617050 58.287907 -0.925790 -0.376261 -0.036616 0.801831 0.987289 2 19 0.991855 20 0.008145
ring
  19 25.022474 0.615901 58.343487 -0.979644 0.041337 0.196441 0.808036 0.991297 2 19 0.991855 20 0.008145
  19 25.014694 0.639278 58.299782 -0.982081 0.023091 0.187041 0.798779 0.990197 2 19 0.991855 20 0.008145
  19 25.018177 0.617050 58.287907 -0.925790 -0.376261 -0.036616 0.801831 0.987289 2 19 0.991855 20 0.008145
ring
  19 25.022474 0.615901 58.343487 -0.979644 0.041337 0.196441 0.808036 0.991297 2 19 0.991855 20 0.008145
  19 25.030674 0.637816 58.350048 -0.517977 0.239545 0.821168 0.807277 0.993077 2 19 0.991855 20 0.008145
  19 25.014694 0.639278 58.299782 -0.982081 0.023091 0.187041 0.798779 0.990197 2 19 0.991855 20 0.008145
ring
  19 25.030674 0.637816 58.350048 -0.517977 0.239545 0.821168 0.807277 0.993077 2 19 0.991855 20 0.008145
  19 25.023958 0.658052 58.312222 -0.805645 0.450911 0.384208 0.799110 0.993347 2 19 0.991855 20 0.008145
  19 25.014694 0.639278 58.299782 -0.982081 0.023091 0.187041 0.798779 0.990197 2 19 0.991855 20 0.008145
ring
  19 25.066063 0.585733 58.327473 0.174035 -0.857365 0.484393 0.815137 0.990320 2 19 0.991855 20 0.008145
  19 25.069992 0.603094 58.345482 0.293322 -0.513663 0.806295 0.814378 0.992100 2 19 0.991855 20 0.008145
  19 25.024900 0.596813 58.325722 -0.682865 -0.656665 0.320134 0.809320 0.989560 2 19 0.991855 20 0.008145
ring
  19 25.066063 0.585733 58.327473 0.174035 -0.857365 0.484393 0.815137 0.990320 2 19 0.991855 20 0.008145
  19 25.100468 0.594859 58.291393 0.553173 -0.762907 0.334623 0.823304 0.990049 2 19 0.991855 20 0.008145
  19 25.069992 0.603094 58.345482 0.293322 -0.513663 0.806295 0.814378 0.992100 2 19 0.991855 20 0.008145
ring
  19 25.069992 0.603094 58.345482 0.293322 -0.513663 0.806295 0.814378 0.992100 2 19 0.991855 20 0.008145
  19 25.022474 0.615901 58.343487 -0.162590 -0.468001 0.868642 0.808036 0.991297 2 19 0.991855 20 0.008145
  19 25.024900 0.596813 58.325722 -0.682865 -0.656665 0.320134 0.809320 0.989560 2 19 0.991855 20 0.008145
ring
  19 25.100468 0.594859 58.291393 0.553173 -0.762907 0.334623 0.823304 0.990049 2 19 0.991855 20 0.008145
  19 25.109751 0.613633 58.303802 0.700308 -0.450083 0.554070 0.823635 0.993200 2 19 0.991855 20 0.008145
  19 25.069992 0.603094 58.345482 0.293322 -0.513663 0.806295 0.814378 0.992100 2 19 0.991855 20 0.008145
ring
  19 25.069992 0.603094 58.345482 0.293322 -0.513663 0.806295 0.814378 0.992100 2 19 0.991855 20 0.008145
  19 25.071844 0.626735 58.351780 0.362036 -0.029382 0.931701 0.813094 0.993837 2 19 0.991855 20 0.008145
  19 25.022474 0.615901 58.343487 -0.162590 -0.468001 0.868642 0.808036 0.991297 2 19 0.991855 20 0.008145
ring
  19 25.069992 0.603094 58.345482 0.293322 -0.513663 0.806295 0.814378 0.992100 2 19 0.991855 20 0.008145
  19 25.109751 0.613633 58.303802 0.700308 -0.450083 0.554070 0.823635 0.993200 2 19 0.991855 20 0.008145
  19 25.071844 0.626735 58.351780 0.362036 -0.029382 0.931701 0.813094 0.993837 2 19 0.991855 20 0.008145
ring
  19 25.071844 0.626735 58.351780 0.362036 -0.029382 0.931701 0.813094 0.993837 2 19 0.991855 20 0.008145
  19 25.030674 0.637816 58.350048 -0.517977 0.239545 0.821168 0.807277 0.993077 2 19 0.991855 20 0.008145
  19 25.022474 0.615901 58.343487 -0.162590 -0.468001 0.868642 0.808036 0.991297 2 19 0.991855 20 0.008145
ring
  19 25.109751 0.613633 58.303802 0.700308 -0.450083 0.554070 0.823635 0.993200 2 19 0.991855 20 0.008145
  19 25.106268 0.635861 58.315670 0.730045 -0.060633 0.680704 0.820583 0.996108 2 19 0.991855 20 0.008145
  19 25.071844 0.626735 58.351780 0.362036 -0.029382 0.931701 0.813094 0.993837 2 19 0.991855 20 0.008145
ring
  19 25.071844 0.626735 58.351780 0.362036 -0.029382 0.931701 0.813094 0.993837 2 19 0.991855 20 0.008145
  19 25.106268 0.635861 58.315670 0.730045 -0.060633 0.680704 0.820583 0.996108 2 19 0.991855 20 0.008145
  19 25.071121 0.650275 58.344696 0.358511 0.464184 0.809940 0.811148 0.995686 2 19 0.991855 20 0.008145
ring
  19 25.071844 0.626735 58.351780 0.362036 -0.029382 0.931701 0.813094 0.993837 2 19 0.991855 20 0.008145
  19 25.071121 0.650275 58.344696 0.358511 0.464184 0.809940 0.811148 0.995686 2 19 0.991855 20 0.008145
  19 25.030674 0.637816 58.350048 -0.517977 0.239545 0.821168 0.807277 0.993077 2 19 0.991855 20 0.008145
ring
  19 25.106268 0.635861 58.315670 0.730045 -0.060633 0.680704 0.820583 0.996108 2 19 0.991855 20 0.008145
  19 25.091009 0.655545 58.323845 0.614403 0.391857 0.684804 0.814702 0.997902 2 19 0.991855 20 0.008145
  19 25.071121 0.650275 58.344696 0.358511 0.464184 0.809940 0.811148 0.995686 2 19 0.991855 20 0.008145
ring
  19 25.091009 0.655545 58.323845 0.614403 0.391857 0.684804 0.814702 0.997902 2 19 0.991855 20 0.008145
  19 25.068012 0.667443 58.326122 0.205505 0.785624 0.583577 0.807674 0.997902 2 19 0.991855 20 0.008145
  19 25.071121 0.650275 58.344696 0.358511 0.464184 0.809940 0.811148 0.995686 2 19 0.991855 20 0.008145
ring
  19 25.071121 0.650275 58.344696 0.358511 0.464184 0.809940 0.811148 0.995686 2 19 0.991855 20 0.008145
  19 25.047369 0.656694 58.343693 -0.184849 0.651213 0.736038 0.807131 0.995084 2 19 0.991855 20 0.008145
  19 25.030674 0.637816 58.350048 -0.517977 0.239545 0.821168 0.807277 0.993077 2 19 0.991855 20 0.008145
ring
  19 25.071121 0.650275 58.344696 0.358511 0.464184 0.809940 0.811148 0.995686 2 19 0.991855 20 0.008145
  19 25.068012 0.667443 58.326122 0.205505 0.785624 0.583577 0.807674 0.997902 2 19 0.991855 20 0.008145
  19 25.047369 0.656694 58.343693 -0.184849 0.651213 0.736038 0.807131 0.995084 2 19 0.991855 20 0.008145
ring
  19 25.030674 0.637816 58.350048 -0.517977 0.239545 0.821168 0.807277 0.993077 2 19 0.991855 20 0.008145
  19 25.047369 0.656694 58.343693 -0.184849 0.651213 0.736038 0.807131 0.995084 2 19 0.991855 20 0.008145
  19 25.023958 0.658052 58.312222 -0.805645 0.450911 0.384208 0.799110 0.993347 2 19 0.991855 20 0.008145
ring
  19 25.047369 0.656694 58.343693 -0.184849 0.651213 0.736038 0.807131 0.995084 2 19 0.991855 20 0.008145
  19 25.068012 0.667443 58.326122 0.205505 0.785624 0.583577 0.807674 0.997902 2 19 0.991855 20 0.008145
  19 25.043476 0.668352 58.321861 -0.383060 0.784736 0.487293 0.802357 0.995938 2 19 0.991855 20 0.008145
ring
  19 25.047369 0.656694 58.343693 -0.184849 0.651213 0.736038 0.807131 0.995084 2 19 0.991855 20 0.008145
  19 25.043476 0.668352 58.321861 -0.383060 0.784736 0.487293 0.802357 0.995938 2 19 0.991855 20 0.008145
  19 25.023958 0.658052 58.312222 -0.805645 0.450911 0.384208 0.799110 0.993347 2 19 0.991855 20 0.008145
ring
  19 25.018177 0.617050 58.287907 -0.729985 0.060412 -0.680788 0.823305 0.990050 2 19 0.991855 20 0.008145
  19 25.052588 0.626176 58.251831 -0.362012 0.029273 -0.931713 0.815138 0.990321 2 19 0.991855 20 0.008145
  19 25.053305 0.602637 58.258911 -0.358350 -0.464380 -0.809899 0.815284 0.988313 2 19 0.991855 20 0.008145
ring
  19 25.033461 0.597367 58.279758 -0.614088 -0.393354 -0.684228 0.820058 0.987460 2 19 0.991855 20 0.008145
  19 25.018177 0.617050 58.287907 -0.729985 0.060412 -0.680788 0.823305 0.990050 2 19 0.991855 20 0.008145
  19 25.053305 0.602637 58.258911 -0.358350 -0.464380 -0.809899 0.815284 0.988313 2 19 0.991855 20 0.008145
ring
  19 25.018177 0.617050 58.287907 -0.729985 0.060412 -0.680788 0.823305 0.990050 2 19 0.991855 20 0.008145
  19 25.014694 0.639278 58.299782 -0.700198 0.450283 -0.554046 0.823636 0.993200 2 19 0.991855 20 0.008145
  19 25.052588 0.626176 58.251831 -0.362012 0.029273 -0.931713 0.815138 0.990321 2 19 0.991855 20 0.008145
ring
  19 25.056416 0.585468 58.277493 -0.205521 -0.785578 -0.583633 0.814742 0.985495 2 19 0.991855 20 0.008145
  19 25.033461 0.597367 58.279758 -0.614088 -0.393354 -0.684228 0.820058 0.987460 2 19 0.991855 20 0.008145
  19 25.053305 0.602637 58.258911 -0.358350 -0.464380 -0.809899 0.815284 0.988313 2 19 0.991855 20 0.008145
ring
  19 25.014694 0.639278 58.299782 -0.700198 0.450283 -0.554046 0.823636 0.993200 2 19 0.991855 20 0.008145
  19 25.054436 0.649818 58.258129 -0.708120 0.416615 -0.570086 0.814379 0.992101 2 19 0.991855 20 0.008145
  19 25.052588 0.626176 58.251831 -0.362012 0.029273 -0.931713 0.815138 0.990321 2 19 0.991855 20 0.008145
ring
  19 25.014694 0.639278 58.299782 -0.700198 0.450283 -0.554046 0.823636 0.993200 2 19 0.991855 20 0.008145
  19 25.023958 0.658052 58.312222 -0.553006 0.763086 -0.334491 0.820584 0.996108 2 19 0.991855 20 0.008145
  19 25.054436 0.649818 58.258129 -0.708120 0.416615 -0.570086 0.814379 0.992101 2 19 0.991855 20 0.008145
ring
  19 25.023958 0.658052 58.312222 -0.553006 0.763086 -0.334491 0.820584 0.996108 2 19 0.991855 20 0.008145
  19 25.058380 0.667178 58.276115 -0.173747 0.857240 -0.484717 0.813095 0.993837 2 19 0.991855 20 0.008145
  19 25.054436 0.649818 58.258129 -0.708120 0.416615 -0.570086 0.814379 0.992101 2 19 0.991855 20 0.008145
ring
  19 25.023958 0.658052 58.312222 -0.553006 0.763086 -0.334491 0.820584 0.996108 2 19 0.991855 20 0.008145
  19 25.043476 0.668352 58.321861 -0.275394 0.961131 -0.019633 0.814703 0.997903 2 19 0.991855 20 0.008145
  19 25.058380 0.667178 58.276115 -0.173747 0.857240 -0.484717 0.813095 0.993837 2 19 0.991855 20 0.008145
ring
  19 25.056416 0.585468 58.277493 -0.205521 -0.785578 -0.583633 0.814742 0.985495 2 19 0.991855 20 0.008145
  19 25.053305 0.602637 58.258911 -0.358350 -0.464380 -0.809899 0.815284 0.988313 2 19 0.991855 20 0.008145
  19 25.077084 0.596218 58.259930 0.185314 -0.651412 -0.735745 0.811268 0.987712 2 19 0.991855 20 0.008145
ring
  19 25.056416 0.585468 58.277493 -0.205521 -0.785578 -0.583633 0.814742 0.985495 2 19 0.991855 20 0.008145
  19 25.077084 0.596218 58.259930 0.185314 -0.651412 -0.735745 0.811268 0.987712 2 19 0.991855 20 0.008145
  19 25.080973 0.584560 58.281754 0.383408 -0.784453 -0.487475 0.807713 0.985495 2 19 0.991855 20 0.008145
ring
  19 25.080973 0.584560 58.281754 0.383408 -0.784453 -0.487475 0.807713 0.985495 2 19 0.991855 20 0.008145
  19 25.077084 0.596218 58.259930 0.185314 -0.651412 -0.735745 0.811268 0.987712 2 19 0.991855 20 0.008145
  19 25.100468 0.594859 58.291393 0.805399 -0.451212 -0.384369 0.801832 0.987290 2 19 0.991855 20 0.008145
ring
  19 25.077084 0.596218 58.259930 0.185314 -0.651412 -0.735745 0.811268 0.987712 2 19 0.991855 20 0.008145
  19 25.053305 0.602637 58.258911 -0.358350 -0.464380 -0.809899 0.815284 0.988313 2 19 0.991855 20 0.008145
  19 25.093754 0.615096 58.253571 0.517671 -0.240217 -0.821165 0.809321 0.989561 2 19 0.991855 20 0.008145
ring
  19 25.077084 0.596218 58.259930 0.185314 -0.651412 -0.735745 0.811268 0.987712 2 19 0.991855 20 0.008145
  19 25.093754 0.615096 58.253571 0.517671 -0.240217 -0.821165 0.809321 0.989561 2 19 0.991855 20 0.008145
  19 25.100468 0.594859 58.291393 0.805399 -0.451212 -0.384369 0.801832 0.987290 2 19 0.991855 20 0.008145
ring
  19 25.053305 0.602637 58.258911 -0.358350 -0.464380 -0.809899 0.815284 0.988313 2 19 0.991855 20 0.008145
  19 25.052588 0.626176 58.251831 -0.362012 0.029273 -0.931713 0.815138 0.990321 2 19 0.991855 20 0.008145
  19 25.093754 0.615096 58.253571 0.517671 -0.240217 -0.821165 0.809321 0.989561 2 19 0.991855 20 0.008145
ring
  19 25.100468 0.594859 58.291393 0.805399 -0.451212 -0.384369 0.801832 0.987290 2 19 0.991855 20 0.008145
  19 25.093754 0.615096 58.253571 0.517671 -0.240217 -0.821165 0.809321 0.989561 2 19 0.991855 20 0.008145
  19 25.109751 0.613633 58.303802 0.982017 -0.023641 -0.187308 0.798780 0.990198 2 19 0.991855 20 0.008145
ring
  19 25.093754 0.615096 58.253571 0.517671 -0.240217 -0.821165 0.809321 0.989561 2 19 0.991855 20 0.008145
  19 25.052588 0.626176 58.251831 -0.362012 0.029273 -0.931713 0.815138 0.990321 2 19 0.991855 20 0.008145
  19 25.101969 0.637010 58.260101 0.704268 0.264188 -0.658947 0.808037 0.991297 2 19 0.991855 20 0.008145
ring
  19 25.093754 0.615096 58.253571 0.517671 -0.240217 -0.821165 0.809321 0.989561 2 19 0.991855 20 0.008145
  19 25.101969 0.637010 58.260101 0.704268 0.264188 -0.658947 0.808037 0.991297 2 19 0.991855 20 0.008145
  19 25.109751 0.613633 58.303802 0.982017 -0.023641 -0.187308 0.798780 0.990198 2 19 0.991855 20 0.008145
ring
  19 25.052588 0.626176 58.251831 -0.362012 0.029273 -0.931713 0.815138 0.990321 2 19 0.991855 20 0.008145
  19 25.054436 0.649818 58.258129 0.168530 0.492646 -0.853755 0.814379 0.992101 2 19 0.991855 20 0.008145
  19 25.101969 0.637010 58.260101 0.704268 0.264188 -0.658947 0.808037 0.991297 2 19 0.991855 20 0.008145
ring
  19 25.109751 0.613633 58.303802 0.982017 -0.023641 -0.187308 0.798780 0.990198 2 19 0.991855 20 0.008145
  19 25.101969 0.637010 58.260101 0.704268 0.264188 -0.658947 0.808037 0.991297 2 19 0.991855 20 0.008145
  19 25.106268 0.635861 58.315670 0.925870 0.376096 0.036280 0.799111 0.993348 2 19 0.991855 20 0.008145
ring
  19 25.101969 0.637010 58.260101 0.704268 0.264188 -0.658947 0.808037 0.991297 2 19 0.991855 20 0.008145
  19 25.054436 0.649818 58.258129 0.168530 0.492646 -0.853755 0.814379 0.992101 2 19 0.991855 20 0.008145
  19 25.099522 0.656099 58.277893 0.682629 0.656925 -0.320104 0.807278 0.993077 2 19 0.991855 20 0.008145
ring
  19 25.101969 0.637010 58.260101 0.704268 0.264188 -0.658947 0.808037 0.991297 2 19 0.991855 20 0.008145
  19 25.099522 0.656099 58.277893 0.682629 0.656925 -0.320104 0.807278 0.993077 2 19 0.991855 20 0.008145
  19 25.106268 0.635861 58.315670 0.925870 0.376096 0.036280 0.799111 0.993348 2 19 0.991855 20 0.008145
ring
  19 25.054436 0.649818 58.258129 0.168530 0.492646 -0.853755 0.814379 0.992101 2 19 0.991855 20 0.008145
  19 25.058380 0.667178 58.276115 -0.173747 0.857240 -0.484717 0.813095 0.993837 2 19 0.991855 20 0.008145
  19 25.099522 0.656099 58.277893 0.682629 0.656925 -0.320104 0.807278 0.993077 2 19 0.991855 20 0.008145
ring
  19 25.106268 0.635861 58.315670 0.925870 0.376096 0.036280 0.799111 0.993348 2 19 0.991855 20 0.008145
  19 25.099522 0.656099 58.277893 0.682629 0.656925 -0.320104 0.807278 0.993077 2 19 0.991855 20 0.008145
  19 25.091009 0.655545 58.323845 0.679412 0.690366 0.248581 0.802358 0.995938 2 19 0.991855 20 0.008145
ring
  19 25.099522 0.656099 58.277893 0.682629 0.656925 -0.320104 0.807278 0.993077 2 19 0.991855 20 0.008145
  19 25.087118 0.667233 58.302017 0.518204 0.854141 0.043663 0.807132 0.995085 2 19 0.991855 20 0.008145
  19 25.091009 0.655545 58.323845 0.679412 0.690366 0.248581 0.802358 0.995938 2 19 0.991855 20 0.008145
ring
  19 25.099522 0.656099 58.277893 0.682629 0.656925 -0.320104 0.807278 0.993077 2 19 0.991855 20 0.008145
  19 25.058380 0.667178 58.276115 -0.173747 0.857240 -0.484717 0.813095 0.993837 2 19 0.991855 20 0.008145
  19 25.087118 0.667233 58.302017 0.518204 0.854141 0.043663 0.807132 0.995085 2 19 0.991855 20 0.008145
ring
  19 25.087118 0.667233 58.302017 0.518204 0.854141 0.043663 0.807132 0.995085 2 19 0.991855 20 0.008145
  19 25.068012 0.667443 58.326122 0.212640 0.940370 0.265496 0.807674 0.997903 2 19 0.991855 20 0.008145
  19 25.091009 0.655545 58.323845 0.679412 0.690366 0.248581 0.802358 0.995938 2 19 0.991855 20 0.008145
ring
  19 25.058380 0.667178 58.276115 -0.173747 0.857240 -0.484717 0.813095 0.993837 2 19 0.991855 20 0.008145
  19 25.063345 0.673621 58.300999 -0.013686 0.997858 -0.063967 0.811149 0.995686 2 19 0.991855 20 0.008145
  19 25.087118 0.667233 58.302017 0.518204 0.854141 0.043663 0.807132 0.995085 2 19 0.991855 20 0.008145
ring
  19 25.063345 0.673621 58.300999 -0.013686 0.997858 -0.063967 0.811149 0.995686 2 19 0.991855 20 0.008145
  19 25.068012 0.667443 58.326122 0.212640 0.940370 0.265496 0.807674 0.997903 2 19 0.991855 20 0.008145
  19 25.087118 0.667233 58.302017 0.518204 0.854141 0.043663 0.807132 0.995085 2 19 0.991855 20 0.008145
ring
  19 25.043476 0.668352 58.321861 -0.275394 0.961131 -0.019633 0.814703 0.997903 2 19 0.991855 20 0.008145
  19 25.063345 0.673621 58.300999 -0.013686 0.997858 -0.063967 0.811149 0.995686 2 19 0.991855 20 0.008145
  19 25.058380 0.667178 58.276115 -0.173747 0.857240 -0.484717 0.813095 0.993837 2 19 0.991855 20 0.008145
ring
  19 25.043476 0.668352 58.321861 -0.275394 0.961131 -0.019633 0.814703 0.997903 2 19 0.991855 20 0.008145
  19 25.068012 0.667443 58.326122 0.212640 0.940370 0.265496 0.807674 0.997903 2 19 0.991855 20 0.008145
  19 25.063345 0.673621 58.300999 -0.013686 0.997858 -0.063967 0.811149 0.995686 2 19 0.991855 20 0.008145
ring
  19 25.083656 0.915715 58.261044 0.161425 -0.890323 0.425754 0.873852 0.950970 2 19 0.991855 20 0.008145
  19 25.085766 0.919725 58.268627 0.161539 -0.890287 0.425788 0.873852 0.950970 2 19 0.991855 20 0.008145
  19 25.066315 0.922367 58.281532 0.169769 -0.889760 0.423681 0.873852 0.944549 2 19 0.991855 20 0.008145
ring
  19 25.064686 0.918296 58.273636 0.167821 -0.889884 0.424195 0.873852 0.944549 2 19 0.991855 20 0.008145
  19 25.083656 0.915715 58.261044 0.161425 -0.890323 0.425754 0.873852 0.950970 2 19 0.991855 20 0.008145
  19 25.066315 0.922367 58.281532 0.169769 -0.889760 0.423681 0.873852 0.944549 2 19 0.991855 20 0.008145
ring
  19 25.064686 0.918296 58.273636 0.167821 -0.889884 0.424195 0.873852 0.944549 2 19 0.991855 20 0.008145
  19 25.066315 0.922367 58.281532 0.169769 -0.889760 0.423681 0.873852 0.944549 2 19 0.991855 20 0.008145
  19 25.045353 0.920796 58.286972 0.176625 -0.888913 0.422654 0.873852 0.938134 2 19 0.991855 20 0.008145
ring
  19 25.044209 0.916760 58.278965 0.176794 -0.888797 0.422827 0.873852 0.938134 2 19 0.991855 20 0.008145
  19 25.064686 0.918296 58.273636 0.167821 -0.889884 0.424195 0.873852 0.944549 2 19 0.991855 20 0.008145
  19 25.045353 0.920796 58.286972 0.176625 -0.888913 0.422654 0.873852 0.938134 2 19 0.991855 20 0.008145
ring
  19 25.057686 0.593395 58.282806 0.198752 0.899694 0.388650 0.688657 0.944549 2 19 0.991855 20 0.008145
  19 25.059132 0.589578 58.290905 0.200938 0.899451 0.388088 0.688657 0.944549 2 19 0.991855 20 0.008145
  19 25.078630 0.591062 58.277912 0.191568 0.900727 0.389863 0.688657 0.950970 2 19 0.991855 20 0.008145
ring
  19 25.076736 0.594848 58.270088 0.191589 0.900772 0.389747 0.688657 0.950970 2 19 0.991855 20 0.008145
  19 25.057686 0.593395 58.282806 0.198752 0.899694 0.388650 0.688657 0.944549 2 19 0.991855 20 0.008145
  19 25.078630 0.591062 58.277912 0.191568 0.900727 0.389863 0.688657 0.950970 2 19 0.991855 20 0.008145
ring
  19 25.057686 0.593395 58.282806 0.198752 0.899694 0.388650 0.688657 0.944549 2 19 0.991855 20 0.008145
  19 25.037266 0.595863 58.288033 0.207830 0.898792 0.385979 0.688657 0.938124 2 19 0.991855 20 0.008145
  19 25.059132 0.589578 58.290905 0.200938 0.899451 0.388088 0.688657 0.944549 2 19 0.991855 20 0.008145
ring
  19 25.037266 0.595863 58.288033 0.207830 0.898792 0.385979 0.688657 0.938124 2 19 0.991855 20 0.008145
  19 25.038240 0.592103 58.296268 0.207799 0.898895 0.385755 0.688657 0.938124 2 19 0.991855 20 0.008145
  19 25.059132 0.589578 58.290905 0.200938 0.899451 0.388088 0.688657 0.944549 2 19 0.991855 20 0.008145
ring
  19 25.049475 0.861743 58.269100 0.313730 0.941422 -0.123687 0.813271 0.971338 2 19 0.993056 20 0.006944
  19 25.054422 0.863434 58.294502 0.358914 0.924153 -0.130852 0.813271 0.971338 2 19 0.993056 20 0.006944
  19 25.066164 0.860939 58.289349 0.022533 0.997263 -0.070415 0.812437 0.971652 2 19 0.993056 20 0.006944
ring
  19 25.049475 0.861743 58.269100 0.313730 0.941422 -0.123687 0.813271 0.971338 2 19 0.993056 20 0.006944
  19 25.039545 0.868244 58.273117 0.638884 0.749470 -0.173554 0.813797 0.970879 2 19 0.993056 20 0.006944
  19 25.054422 0.863434 58.294502 0.358914 0.924153 -0.130852 0.813271 0.971338 2 19 0.993056 20 0.006944
ring
  19 25.061241 0.859248 58.263908 -0.029541 0.997723 -0.060635 0.812437 0.971652 2 19 0.993056 20 0.006944
  19 25.049475 0.861743 58.269100 0.313730 0.941422 -0.123687 0.813271 0.971338 2 19 0.993056 20 0.006944
  19 25.066164 0.860939 58.289349 0.022533 0.997263 -0.070415 0.812437 0.971652 2 19 0.993056 20 0.006944
ring
  19 25.039545 0.868244 58.273117 0.638884 0.749470 -0.173554 0.813797 0.970879 2 19 0.993056 20 0.006944
  19 25.044479 0.869905 58.298538 0.669117 0.721788 -0.176929 0.813797 0.970879 2 19 0.993056 20 0.006944
  19 25.054422 0.863434 58.294502 0.358914 0.924153 -0.130852 0.813271 0.971338 2 19 0.993056 20 0.006944
ring
  19 25.073034 0.861146 58.258392 -0.361984 0.932139 0.009195 0.811422 0.971773 2 19 0.993056 20 0.006944
  19 25.061241 0.859248 58.263908 -0.029541 0.997723 -0.060635 0.812437 0.971652 2 19 0.993056 20 0.006944
  19 25.066164 0.860939 58.289349 0.022533 0.997263 -0.070415 0.812437 0.971652 2 19 0.993056 20 0.006944
ring
  19 25.039545 0.868244 58.273117 0.638884 0.749470 -0.173554 0.813797 0.970879 2 19 0.993056 20 0.006944
  19 25.032972 0.877753 58.275341 0.888973 0.412324 -0.199289 0.813934 0.970346 2 19 0.991855 20 0.008145
  19 25.044479 0.869905 58.298538 0.669117 0.721788 -0.176929 0.813797 0.970879 2 19 0.993056 20 0.006944
ring
  19 25.077982 0.862806 58.283791 -0.314918 0.949119 -0.000874 0.811422 0.971773 2 19 0.993056 20 0.006944
  19 25.073034 0.861146 58.258392 -0.361984 0.932139 0.009195 0.811422 0.971773 2 19 0.993056 20 0.006944
  19 25.066164 0.860939 58.289349 0.022533 0.997263 -0.070415 0.812437 0.971652 2 19 0.993056 20 0.006944
ring
  19 25.032972 0.877753 58.275341 0.888973 0.412324 -0.199289 0.813934 0.970346 2 19 0.991855 20 0.008145
  19 25.037901 0.879413 58.300774 0.898655 0.390394 -0.200028 0.813934 0.970346 2 19 0.991855 20 0.008145
  19 25.044479 0.869905 58.298538 0.669117 0.721788 -0.176929 0.813797 0.970879 2 19 0.993056 20 0.006944
ring
  19 25.083103 0.867119 58.253288 -0.664835 0.742651 0.080397 0.810381 0.971684 2 19 0.991855 20 0.008145
  19 25.073034 0.861146 58.258392 -0.361984 0.932139 0.009195 0.811422 0.971773 2 19 0.993056 20 0.006944
  19 25.077982 0.862806 58.283791 -0.314918 0.949119 -0.000874 0.811422 0.971773 2 19 0.993056 20 0.006944
ring
  19 25.032972 0.877753 58.275341 0.888973 0.412324 -0.199289 0.813934 0.970346 2 19 0.991855 20 0.008145
  19 25.030735 0.888800 58.275490 0.981654 -0.026714 -0.188792 0.813662 0.969820 2 19 0.991855 20 0.008145
  19 25.037901 0.879413 58.300774 0.898655 0.390394 -0.200028 0.813934 0.970346 2 19 0.991855 20 0.008145
ring
  19 25.088028 0.868779 58.278725 -0.631777 0.771811 0.071865 0.810381 0.971684 2 19 0.991855 20 0.008145
  19 25.083103 0.867119 58.253288 -0.664835 0.742651 0.080397 0.810381 0.971684 2 19 0.991855 20 0.008145
  19 25.077982 0.862806 58.283791 -0.314918 0.949119 -0.000874 0.811422 0.971773 2 19 0.993056 20 0.006944
ring
  19 25.030735 0.888800 58.275490 0.981654 -0.026714 -0.188792 0.813662 0.969820 2 19 0.991855 20 0.008145
  19 25.035675 0.890490 58.300888 0.981601 -0.023651 -0.189474 0.813662 0.969820 2 19 0.991855 20 0.008145
  19 25.037901 0.879413 58.300774 0.898655 0.390394 -0.200028 0.813934 0.970346 2 19 0.991855 20 0.008145
ring
  19 25.089867 0.876266 58.249477 -0.892001 0.428280 0.144604 0.809471 0.971398 2 19 0.991855 20 0.008145
  19 25.083103 0.867119 58.253288 -0.664835 0.742651 0.080397 0.810381 0.971684 2 19 0.991855 20 0.008145
  19 25.088028 0.868779 58.278725 -0.631777 0.771811 0.071865 0.810381 0.971684 2 19 0.991855 20 0.008145
ring
  19 25.030735 0.888800 58.275490 0.981654 -0.026714 -0.188792 0.813662 0.969820 2 19 0.991855 20 0.008145
  19 25.033195 0.899776 58.273487 0.878568 -0.456350 -0.140935 0.813023 0.969380 2 19 0.991855 20 0.008145
  19 25.035675 0.890490 58.300888 0.981601 -0.023651 -0.189474 0.813662 0.969820 2 19 0.991855 20 0.008145
ring
  19 25.094786 0.877926 58.274918 -0.878889 0.455918 0.140333 0.809471 0.971398 2 19 0.991855 20 0.008145
  19 25.089867 0.876266 58.249477 -0.892001 0.428280 0.144604 0.809471 0.971398 2 19 0.991855 20 0.008145
  19 25.088028 0.868779 58.278725 -0.631777 0.771811 0.071865 0.810381 0.971684 2 19 0.991855 20 0.008145
ring
  19 25.033195 0.899776 58.273487 0.878568 -0.456350 -0.140935 0.813023 0.969380 2 19 0.991855 20 0.008145
  19 25.038139 0.901436 58.298904 0.891649 -0.428813 -0.145192 0.813023 0.969380 2 19 0.991855 20 0.008145
  19 25.035675 0.890490 58.300888 0.981601 -0.023651 -0.189474 0.813662 0.969820 2 19 0.991855 20 0.008145
ring
  19 25.092325 0.887212 58.247494 -0.981772 0.022441 0.188730 0.808832 0.970958 2 19 0.991855 20 0.008145
  19 25.089867 0.876266 58.249477 -0.892001 0.428280 0.144604 0.809471 0.971398 2 19 0.991855 20 0.008145
  19 25.094786 0.877926 58.274918 -0.878889 0.455918 0.140333 0.809471 0.971398 2 19 0.991855 20 0.008145
ring
  19 25.033195 0.899776 58.273487 0.878568 -0.456350 -0.140935 0.813023 0.969380 2 19 0.991855 20 0.008145
  19 25.039978 0.908923 58.269657 0.631180 -0.772287 -0.072002 0.812113 0.969093 2 19 0.991855 20 0.008145
  19 25.038139 0.901436 58.298904 0.891649 -0.428813 -0.145192 0.813023 0.969380 2 19 0.991855 20 0.008145
ring
  19 25.097256 0.888871 58.272919 -0.981539 0.028854 0.189073 0.808832 0.970958 2 19 0.991855 20 0.008145
  19 25.092325 0.887212 58.247494 -0.981772 0.022441 0.188730 0.808832 0.970958 2 19 0.991855 20 0.008145
  19 25.094786 0.877926 58.274918 -0.878889 0.455918 0.140333 0.809471 0.971398 2 19 0.991855 20 0.008145
ring
  19 25.039978 0.908923 58.269657 0.631180 -0.772287 -0.072002 0.812113 0.969093 2 19 0.991855 20 0.008145
  19 25.044903 0.910583 58.295090 0.664743 -0.742743 -0.080303 0.812113 0.969093 2 19 0.991855 20 0.008145
  19 25.038139 0.901436 58.298904 0.891649 -0.428813 -0.145192 0.813023 0.969380 2 19 0.991855 20 0.008145
ring
  19 25.090082 0.898289 58.247639 -0.898862 -0.389540 0.200761 0.808560 0.970432 2 19 0.991855 20 0.008145
  19 25.092325 0.887212 58.247494 -0.981772 0.022441 0.188730 0.808832 0.970958 2 19 0.991855 20 0.008145
  19 25.097256 0.888871 58.272919 -0.981539 0.028854 0.189073 0.808832 0.970958 2 19 0.991855 20 0.008145
ring
  19 25.039978 0.908923 58.269657 0.631180 -0.772287 -0.072002 0.812113 0.969093 2 19 0.991855 20 0.008145
  19 25.050045 0.914903 58.264610 0.315069 -0.949068 0.000893 0.811072 0.969004 2 19 0.991855 20 0.008145
  19 25.044903 0.910583 58.295090 0.664743 -0.742743 -0.080303 0.812113 0.969093 2 19 0.991855 20 0.008145
ring
  19 25.095057 0.899949 58.273052 -0.889404 -0.410865 0.200374 0.808560 0.970432 2 19 0.991855 20 0.008145
  19 25.090082 0.898289 58.247639 -0.898862 -0.389540 0.200761 0.808560 0.970432 2 19 0.991855 20 0.008145
  19 25.097256 0.888871 58.272919 -0.981539 0.028854 0.189073 0.808832 0.970958 2 19 0.991855 20 0.008145
ring
  19 25.050045 0.914903 58.264610 0.315069 -0.949068 0.000893 0.811072 0.969004 2 19 0.991855 20 0.008145
  19 25.054977 0.916563 58.290043 0.362330 -0.932005 -0.009104 0.811072 0.969004 2 19 0.991855 20 0.008145
  19 25.044903 0.910583 58.295090 0.664743 -0.742743 -0.080303 0.812113 0.969093 2 19 0.991855 20 0.008145
ring
  19 25.083534 0.907804 58.249886 -0.669994 -0.720798 0.177647 0.808697 0.969898 2 19 0.991855 20 0.008145
  19 25.090082 0.898289 58.247639 -0.898862 -0.389540 0.200761 0.808560 0.970432 2 19 0.991855 20 0.008145
  19 25.095057 0.899949 58.273052 -0.889404 -0.410865 0.200374 0.808560 0.970432 2 19 0.991855 20 0.008145
ring
  19 25.050045 0.914903 58.264610 0.315069 -0.949068 0.000893 0.811072 0.969004 2 19 0.991855 20 0.008145
  19 25.061850 0.916770 58.259087 -0.022330 -0.997277 0.070290 0.810057 0.969126 2 19 0.991855 20 0.008145
  19 25.054977 0.916563 58.290043 0.362330 -0.932005 -0.009104 0.811072 0.969004 2 19 0.991855 20 0.008145
ring
  19 25.088465 0.909464 58.275311 -0.638608 -0.749802 0.173135 0.808697 0.969898 2 19 0.991855 20 0.008145
  19 25.083534 0.907804 58.249886 -0.669994 -0.720798 0.177647 0.808697 0.969898 2 19 0.991855 20 0.008145
  19 25.095057 0.899949 58.273052 -0.889404 -0.410865 0.200374 0.808560 0.970432 2 19 0.991855 20 0.008145
ring
  19 25.061850 0.916770 58.259087 -0.022330 -0.997277 0.070290 0.810057 0.969126 2 19 0.991855 20 0.008145
  19 25.066795 0.918460 58.284481 0.029107 -0.997730 0.060732 0.810057 0.969126 2 19 0.991855 20 0.008145
  19 25.054977 0.916563 58.290043 0.362330 -0.932005 -0.009104 0.811072 0.969004 2 19 0.991855 20 0.008145
ring
  19 25.073616 0.914275 58.253895 -0.359628 -0.923896 0.130706 0.809223 0.969440 2 19 0.991855 20 0.008145
  19 25.083534 0.907804 58.249886 -0.669994 -0.720798 0.177647 0.808697 0.969898 2 19 0.991855 20 0.008145
  19 25.088465 0.909464 58.275311 -0.638608 -0.749802 0.173135 0.808697 0.969898 2 19 0.991855 20 0.008145
ring
  19 25.066795 0.918460 58.284481 0.029107 -0.997730 0.060732 0.810057 0.969126 2 19 0.991855 20 0.008145
  19 25.061850 0.916770 58.259087 -0.022330 -0.997277 0.070290 0.810057 0.969126 2 19 0.991855 20 0.008145
  19 25.078541 0.915965 58.279327 -0.314012 -0.941353 0.123490 0.809223 0.969440 2 19 0.991855 20 0.008145
ring
  19 25.078541 0.915965 58.279327 -0.314012 -0.941353 0.123490 0.809223 0.969440 2 19 0.991855 20 0.008145
  19 25.073616 0.914275 58.253895 -0.359628 -0.923896 0.130706 0.809223 0.969440 2 19 0.991855 20 0.008145
  19 25.088465 0.909464 58.275311 -0.638608 -0.749802 0.173135 0.808697 0.969898 2 19 0.991855 20 0.008145
ring
  19 25.061850 0.916770 58.259087 -0.022330 -0.997277 0.070290 0.810057 0.969126 2 19 0.991855 20 0.008145
  19 25.073616 0.914275 58.253895 -0.359628 -0.923896 0.130706 0.809223 0.969440 2 19 0.991855 20 0.008145
  19 25.078541 0.915965 58.279327 -0.314012 -0.941353 0.123490 0.809223 0.969440 2 19 0.991855 20 0.008145
ring
  19 25.123009 0.851753 58.236309 0.889495 0.411247 -0.199182 0.807831 0.973054 2 19 0.993056 20 0.006944
  19 25.127935 0.853414 58.261738 0.899158 0.389428 -0.199648 0.807831 0.973054 2 19 0.993056 20 0.006944
  19 25.132607 0.846648 58.260143 0.669541 0.721433 -0.176772 0.807733 0.973433 2 19 0.993056 20 0.006944
ring
  19 25.123009 0.851753 58.236309 0.889495 0.411247 -0.199182 0.807831 0.973054 2 19 0.993056 20 0.006944
  19 25.121433 0.859617 58.236393 0.981694 -0.027760 -0.188432 0.807637 0.972679 2 19 0.991855 20 0.008145
  19 25.127935 0.853414 58.261738 0.899158 0.389428 -0.199648 0.807831 0.973054 2 19 0.993056 20 0.006944
ring
  19 25.127680 0.844987 58.234699 0.638590 0.749885 -0.172845 0.807733 0.973433 2 19 0.993056 20 0.006944
  19 25.123009 0.851753 58.236309 0.889495 0.411247 -0.199182 0.807831 0.973054 2 19 0.993056 20 0.006944
  19 25.132607 0.846648 58.260143 0.669541 0.721433 -0.176772 0.807733 0.973433 2 19 0.993056 20 0.006944
ring
  19 25.121433 0.859617 58.236393 0.981694 -0.027760 -0.188432 0.807637 0.972679 2 19 0.991855 20 0.008145
  19 25.126362 0.861277 58.261826 0.981735 -0.023338 -0.188818 0.807637 0.972679 2 19 0.991855 20 0.008145
  19 25.127935 0.853414 58.261738 0.899158 0.389428 -0.199648 0.807831 0.973054 2 19 0.993056 20 0.006944
ring
  19 25.127680 0.844987 58.234699 0.638590 0.749885 -0.172845 0.807733 0.973433 2 19 0.993056 20 0.006944
  19 25.132607 0.846648 58.260143 0.669541 0.721433 -0.176772 0.807733 0.973433 2 19 0.993056 20 0.006944
  19 25.139687 0.842044 58.257294 0.359345 0.924104 -0.130007 0.807359 0.973759 2 19 0.993056 20 0.006944
ring
  19 25.121433 0.859617 58.236393 0.981694 -0.027760 -0.188432 0.807637 0.972679 2 19 0.991855 20 0.008145
  19 25.123178 0.867409 58.234985 0.878819 -0.455935 -0.140712 0.807183 0.972367 2 19 0.991855 20 0.008145
  19 25.126362 0.861277 58.261826 0.981735 -0.023338 -0.188818 0.807637 0.972679 2 19 0.991855 20 0.008145
ring
  19 25.134737 0.840382 58.231850 0.314375 0.941338 -0.122684 0.807359 0.973759 2 19 0.993056 20 0.006944
  19 25.127680 0.844987 58.234699 0.638590 0.749885 -0.172845 0.807733 0.973433 2 19 0.993056 20 0.006944
  19 25.139687 0.842044 58.257294 0.359345 0.924104 -0.130007 0.807359 0.973759 2 19 0.993056 20 0.006944
ring
  19 25.123178 0.867409 58.234985 0.878819 -0.455935 -0.140712 0.807183 0.972367 2 19 0.991855 20 0.008145
  19 25.128113 0.869069 58.260406 0.891926 -0.428300 -0.145008 0.807183 0.972367 2 19 0.991855 20 0.008145
  19 25.126362 0.861277 58.261826 0.981735 -0.023338 -0.188818 0.807637 0.972679 2 19 0.991855 20 0.008145
ring
  19 25.134737 0.840382 58.231850 0.314375 0.941338 -0.122684 0.807359 0.973759 2 19 0.993056 20 0.006944
  19 25.139687 0.842044 58.257294 0.359345 0.924104 -0.130007 0.807359 0.973759 2 19 0.993056 20 0.006944
  19 25.148045 0.840261 58.253590 0.023089 0.997304 -0.069650 0.806766 0.973982 2 19 0.993056 20 0.006944
ring
  19 25.123178 0.867409 58.234985 0.878819 -0.455935 -0.140712 0.807183 0.972367 2 19 0.991855 20 0.008145
  19 25.127993 0.873912 58.232265 0.630608 -0.772774 -0.071789 0.806536 0.972163 2 19 0.991855 20 0.008145
  19 25.128113 0.869069 58.260406 0.891926 -0.428300 -0.145008 0.807183 0.972367 2 19 0.991855 20 0.008145
ring
  19 25.143103 0.838600 58.228188 -0.027568 0.997826 -0.059867 0.806766 0.973982 2 19 0.993056 20 0.006944
  19 25.134737 0.840382 58.231850 0.314375 0.941338 -0.122684 0.807359 0.973759 2 19 0.993056 20 0.006944
  19 25.148045 0.840261 58.253590 0.023089 0.997304 -0.069650 0.806766 0.973982 2 19 0.993056 20 0.006944
ring
  19 25.127993 0.873912 58.232265 0.630608 -0.772774 -0.071789 0.806536 0.972163 2 19 0.991855 20 0.008145
  19 25.132917 0.875572 58.257710 0.665282 -0.742277 -0.080147 0.806536 0.972163 2 19 0.991855 20 0.008145
  19 25.128113 0.869069 58.260406 0.891926 -0.428300 -0.145008 0.807183 0.972367 2 19 0.991855 20 0.008145
ring
  19 25.143103 0.838600 58.228188 -0.027568 0.997826 -0.059867 0.806766 0.973982 2 19 0.993056 20 0.006944
  19 25.148045 0.840261 58.253590 0.023089 0.997304 -0.069650 0.806766 0.973982 2 19 0.993056 20 0.006944
  19 25.156446 0.841599 58.249649 -0.315099 0.949059 -0.000687 0.806044 0.974069 2 19 0.993056 20 0.006944
ring
  19 25.127993 0.873912 58.232265 0.630608 -0.772774 -0.071789 0.806536 0.972163 2 19 0.991855 20 0.008145
  19 25.135147 0.878152 58.228642 0.315411 -0.948954 0.001521 0.805795 0.972100 2 19 0.991855 20 0.008145
  19 25.132917 0.875572 58.257710 0.665282 -0.742277 -0.080147 0.806536 0.972163 2 19 0.991855 20 0.008145
ring
  19 25.151501 0.839938 58.224247 -0.361532 0.932312 0.009388 0.806044 0.974069 2 19 0.993056 20 0.006944
  19 25.143103 0.838600 58.228188 -0.027568 0.997826 -0.059867 0.806766 0.973982 2 19 0.993056 20 0.006944
  19 25.156446 0.841599 58.249649 -0.315099 0.949059 -0.000687 0.806044 0.974069 2 19 0.993056 20 0.006944
ring
  19 25.135147 0.878152 58.228642 0.315411 -0.948954 0.001521 0.805795 0.972100 2 19 0.991855 20 0.008145
  19 25.140097 0.879843 58.254082 0.362954 -0.931767 -0.008625 0.805795 0.972100 2 19 0.991855 20 0.008145
  19 25.132917 0.875572 58.257710 0.665282 -0.742277 -0.080147 0.806536 0.972163 2 19 0.991855 20 0.008145
ring
  19 25.151501 0.839938 58.224247 -0.361532 0.932312 0.009388 0.806044 0.974069 2 19 0.993056 20 0.006944
  19 25.156446 0.841599 58.249649 -0.315099 0.949059 -0.000687 0.806044 0.974069 2 19 0.993056 20 0.006944
  19 25.163607 0.845840 58.246071 -0.631822 0.771721 0.072444 0.805304 0.974005 2 19 0.993056 20 0.006944
ring
  19 25.135147 0.878152 58.228642 0.315411 -0.948954 0.001521 0.805795 0.972100 2 19 0.991855 20 0.008145
  19 25.143545 0.879490 58.224697 -0.020664 -0.997316 0.070243 0.805073 0.972186 2 19 0.991855 20 0.008145
  19 25.140097 0.879843 58.254082 0.362954 -0.931767 -0.008625 0.805795 0.972100 2 19 0.991855 20 0.008145
ring
  19 25.158659 0.844178 58.220612 -0.664347 0.743133 0.079977 0.805304 0.974005 2 19 0.993056 20 0.006944
  19 25.151501 0.839938 58.224247 -0.361532 0.932312 0.009388 0.806044 0.974069 2 19 0.993056 20 0.006944
  19 25.163607 0.845840 58.246071 -0.631822 0.771721 0.072444 0.805304 0.974005 2 19 0.993056 20 0.006944
ring
  19 25.143545 0.879490 58.224697 -0.020664 -0.997316 0.070243 0.805073 0.972186 2 19 0.991855 20 0.008145
  19 25.148468 0.881181 58.250141 0.028726 -0.997762 0.060383 0.805073 0.972186 2 19 0.991855 20 0.008145
  19 25.140097 0.879843 58.254082 0.362954 -0.931767 -0.008625 0.805795 0.972100 2 19 0.991855 20 0.008145
ring
  19 25.158659 0.844178 58.220612 -0.664347 0.743133 0.079977 0.805304 0.974005 2 19 0.993056 20 0.006944
  19 25.163607 0.845840 58.246071 -0.631822 0.771721 0.072444 0.805304 0.974005 2 19 0.993056 20 0.006944
  19 25.168409 0.852373 58.243351 -0.878720 0.456211 0.140440 0.804657 0.973802 2 19 0.993056 20 0.006944
ring
  19 25.143545 0.879490 58.224697 -0.020664 -0.997316 0.070243 0.805073 0.972186 2 19 0.991855 20 0.008145
  19 25.151913 0.877739 58.221043 -0.360259 -0.923679 0.130503 0.804480 0.972410 2 19 0.991855 20 0.008145
  19 25.148468 0.881181 58.250141 0.028726 -0.997762 0.060383 0.805073 0.972186 2 19 0.991855 20 0.008145
ring
  19 25.163481 0.850676 58.217922 -0.891753 0.428680 0.144946 0.804657 0.973802 2 19 0.991855 20 0.008145
  19 25.158659 0.844178 58.220612 -0.664347 0.743133 0.079977 0.805304 0.974005 2 19 0.993056 20 0.006944
  19 25.168409 0.852373 58.243351 -0.878720 0.456211 0.140440 0.804657 0.973802 2 19 0.993056 20 0.006944
ring
  19 25.151913 0.877739 58.221043 -0.360259 -0.923679 0.130503 0.804480 0.972410 2 19 0.991855 20 0.008145
  19 25.156841 0.879399 58.246471 -0.315558 -0.940953 0.122600 0.804480 0.972410 2 19 0.991855 20 0.008145
  19 25.148468 0.881181 58.250141 0.028726 -0.997762 0.060383 0.805073 0.972186 2 19 0.991855 20 0.008145
ring
  19 25.163481 0.850676 58.217922 -0.891753 0.428680 0.144946 0.804657 0.973802 2 19 0.991855 20 0.008145
  19 25.168409 0.852373 58.243351 -0.878720 0.456211 0.140440 0.804657 0.973802 2 19 0.993056 20 0.006944
  19 25.170181 0.860159 58.241913 -0.981527 0.026808 0.189436 0.804202 0.973489 2 19 0.991855 20 0.008145
ring
  19 25.151913 0.877739 58.221043 -0.360259 -0.923679 0.130503 0.804480 0.972410 2 19 0.991855 20 0.008145
  19 25.158966 0.873103 58.218185 -0.670472 -0.720517 0.176984 0.804107 0.972735 2 19 0.991855 20 0.008145
  19 25.156841 0.879399 58.246471 -0.315558 -0.940953 0.122600 0.804480 0.972410 2 19 0.991855 20 0.008145
ring
  19 25.165215 0.858468 58.216496 -0.981607 0.022453 0.189589 0.804202 0.973489 2 19 0.991855 20 0.008145
  19 25.163481 0.850676 58.217922 -0.891753 0.428680 0.144946 0.804657 0.973802 2 19 0.991855 20 0.008145
  19 25.170181 0.860159 58.241913 -0.981527 0.026808 0.189436 0.804202 0.973489 2 19 0.991855 20 0.008145
ring
  19 25.158966 0.873103 58.218185 -0.670472 -0.720517 0.176984 0.804107 0.972735 2 19 0.991855 20 0.008145
  19 25.163895 0.874763 58.243618 -0.639461 -0.749100 0.173029 0.804107 0.972735 2 19 0.991855 20 0.008145
  19 25.156841 0.879399 58.246471 -0.315558 -0.940953 0.122600 0.804480 0.972410 2 19 0.991855 20 0.008145
ring
  19 25.165215 0.858468 58.216496 -0.981607 0.022453 0.189589 0.804202 0.973489 2 19 0.991855 20 0.008145
  19 25.170181 0.860159 58.241913 -0.981527 0.026808 0.189436 0.804202 0.973489 2 19 0.991855 20 0.008145
  19 25.168564 0.868028 58.242012 -0.888028 -0.413948 0.200133 0.804009 0.973115 2 19 0.991855 20 0.008145
ring
  19 25.158966 0.873103 58.218185 -0.670472 -0.720517 0.176984 0.804107 0.972735 2 19 0.991855 20 0.008145
  19 25.163641 0.866337 58.216583 -0.899112 -0.389505 0.199709 0.804009 0.973115 2 19 0.991855 20 0.008145
  19 25.163895 0.874763 58.243618 -0.639461 -0.749100 0.173029 0.804107 0.972735 2 19 0.991855 20 0.008145
ring
  19 25.163641 0.866337 58.216583 -0.899112 -0.389505 0.199709 0.804009 0.973115 2 19 0.991855 20 0.008145
  19 25.165215 0.858468 58.216496 -0.981607 0.022453 0.189589 0.804202 0.973489 2 19 0.991855 20 0.008145
  19 25.168564 0.868028 58.242012 -0.888028 -0.413948 0.200133 0.804009 0.973115 2 19 0.991855 20 0.008145
ring
  19 25.163641 0.866337 58.216583 -0.899112 -0.389505 0.199709 0.804009 0.973115 2 19 0.991855 20 0.008145
  19 25.168564 0.868028 58.242012 -0.888028 -0.413948 0.200133 0.804009 0.973115 2 19 0.991855 20 0.008145
  19 25.163895 0.874763 58.243618 -0.639461 -0.749100 0.173029 0.804107 0.972735 2 19 0.991855 20 0.008145
ring
  19 25.174715 0.804987 58.216396 0.888641 0.412785 -0.199812 0.805614 0.976011 2 19 0.993056 20 0.006944
  19 25.179657 0.806679 58.241852 0.898872 0.389634 -0.200535 0.805614 0.976011 2 19 0.993056 20 0.006944
  19 25.182980 0.801877 58.240711 0.668978 0.721785 -0.177467 0.805545 0.976279 2 19 0.993056 20 0.006944
ring
  19 25.174715 0.804987 58.216396 0.888641 0.412785 -0.199812 0.805614 0.976011 2 19 0.993056 20 0.006944
  19 25.173599 0.810587 58.216499 0.981561 -0.028300 -0.189040 0.805478 0.975746 2 19 0.993056 20 0.006944
  19 25.179657 0.806679 58.241852 0.898872 0.389634 -0.200535 0.805614 0.976011 2 19 0.993056 20 0.006944
ring
  19 25.178026 0.800215 58.215267 0.639033 0.749284 -0.173808 0.805545 0.976279 2 19 0.993056 20 0.006944
  19 25.174715 0.804987 58.216396 0.888641 0.412785 -0.199812 0.805614 0.976011 2 19 0.993056 20 0.006944
  19 25.182980 0.801877 58.240711 0.668978 0.721785 -0.177467 0.805545 0.976279 2 19 0.993056 20 0.006944
ring
  19 25.173599 0.810587 58.216499 0.981561 -0.028300 -0.189040 0.805478 0.975746 2 19 0.993056 20 0.006944
  19 25.178543 0.812248 58.241901 0.981591 -0.024522 -0.189416 0.805478 0.975746 2 19 0.993056 20 0.006944
  19 25.179657 0.806679 58.241852 0.898872 0.389634 -0.200535 0.805614 0.976011 2 19 0.993056 20 0.006944
ring
  19 25.178026 0.800215 58.215267 0.639033 0.749284 -0.173808 0.805545 0.976279 2 19 0.993056 20 0.006944
  19 25.182980 0.801877 58.240711 0.668978 0.721785 -0.177467 0.805545 0.976279 2 19 0.993056 20 0.006944
  19 25.187963 0.798626 58.238697 0.360829 0.923368 -0.131126 0.805281 0.976510 2 19 0.993056 20 0.006944
ring
  19 25.173599 0.810587 58.216499 0.981561 -0.028300 -0.189040 0.805478 0.975746 2 19 0.993056 20 0.006944
  19 25.174839 0.816075 58.215488 0.878738 -0.456076 -0.140762 0.805156 0.975525 2 19 0.993056 20 0.006944
  19 25.178543 0.812248 58.241901 0.981591 -0.024522 -0.189416 0.805478 0.975746 2 19 0.993056 20 0.006944
ring
  19 25.183012 0.796934 58.213249 0.314556 0.941208 -0.123210 0.805281 0.976510 2 19 0.993056 20 0.006944
  19 25.178026 0.800215 58.215267 0.639033 0.749284 -0.173808 0.805545 0.976279 2 19 0.993056 20 0.006944
  19 25.187963 0.798626 58.238697 0.360829 0.923368 -0.131126 0.805281 0.976510 2 19 0.993056 20 0.006944
ring
  19 25.174839 0.816075 58.215488 0.878738 -0.456076 -0.140762 0.805156 0.975525 2 19 0.993056 20 0.006944
  19 25.179787 0.817766 58.240898 0.890949 -0.430288 -0.145127 0.805156 0.975525 2 19 0.993056 20 0.006944
  19 25.178543 0.812248 58.241901 0.981591 -0.024522 -0.189416 0.805478 0.975746 2 19 0.993056 20 0.006944
ring
  19 25.183012 0.796934 58.213249 0.314556 0.941208 -0.123210 0.805281 0.976510 2 19 0.993056 20 0.006944
  19 25.187963 0.798626 58.238697 0.360829 0.923368 -0.131126 0.805281 0.976510 2 19 0.993056 20 0.006944
  19 25.193882 0.797348 58.236073 0.022697 0.997277 -0.070170 0.804861 0.976668 2 19 0.993056 20 0.006944
ring
  19 25.174839 0.816075 58.215488 0.878738 -0.456076 -0.140762 0.805156 0.975525 2 19 0.993056 20 0.006944
  19 25.178257 0.820694 58.213562 0.632694 -0.771010 -0.072393 0.804698 0.975380 2 19 0.993056 20 0.006944
  19 25.179787 0.817766 58.240898 0.890949 -0.430288 -0.145127 0.805156 0.975525 2 19 0.993056 20 0.006944
ring
  19 25.188948 0.795687 58.210651 -0.030361 0.997776 -0.059337 0.804861 0.976668 2 19 0.993056 20 0.006944
  19 25.183012 0.796934 58.213249 0.314556 0.941208 -0.123210 0.805281 0.976510 2 19 0.993056 20 0.006944
  19 25.193882 0.797348 58.236073 0.022697 0.997277 -0.070170 0.804861 0.976668 2 19 0.993056 20 0.006944
ring
  19 25.178257 0.820694 58.213562 0.632694 -0.771010 -0.072393 0.804698 0.975380 2 19 0.993056 20 0.006944
  19 25.183199 0.822355 58.238964 0.663844 -0.743498 -0.080755 0.804698 0.975380 2 19 0.993056 20 0.006944
  19 25.179787 0.817766 58.240898 0.890949 -0.430288 -0.145127 0.805156 0.975525 2 19 0.993056 20 0.006944
ring
  19 25.188948 0.795687 58.210651 -0.030361 0.997776 -0.059337 0.804861 0.976668 2 19 0.993056 20 0.006944
  19 25.193882 0.797348 58.236073 0.022697 0.997277 -0.070170 0.804861 0.976668 2 19 0.993056 20 0.006944
  19 25.199816 0.798312 58.233280 -0.317320 0.948318 -0.000498 0.804350 0.976730 2 19 0.993056 20 0.006944
ring
  19 25.178257 0.820694 58.213562 0.632694 -0.771010 -0.072393 0.804698 0.975380 2 19 0.993056 20 0.006944
  19 25.183298 0.823714 58.211002 0.315429 -0.948949 0.000535 0.804174 0.975336 2 19 0.993056 20 0.006944
  19 25.183199 0.822355 58.238964 0.663844 -0.743498 -0.080755 0.804698 0.975380 2 19 0.993056 20 0.006944
ring
  19 25.194895 0.796651 58.207840 -0.363036 0.931730 0.009197 0.804350 0.976730 2 19 0.993056 20 0.006944
  19 25.188948 0.795687 58.210651 -0.030361 0.997776 -0.059337 0.804861 0.976668 2 19 0.993056 20 0.006944
  19 25.199816 0.798312 58.233280 -0.317320 0.948318 -0.000498 0.804350 0.976730 2 19 0.993056 20 0.006944
ring
  19 25.183298 0.823714 58.211002 0.315429 -0.948949 0.000535 0.804174 0.975336 2 19 0.993056 20 0.006944
  19 25.188271 0.825375 58.236420 0.363555 -0.931522 -0.009688 0.804174 0.975336 2 19 0.993056 20 0.006944
  19 25.183199 0.822355 58.238964 0.663844 -0.743498 -0.080755 0.804698 0.975380 2 19 0.993056 20 0.006944
ring
  19 25.194895 0.796651 58.207840 -0.363036 0.931730 0.009197 0.804350 0.976730 2 19 0.993056 20 0.006944
  19 25.199816 0.798312 58.233280 -0.317320 0.948318 -0.000498 0.804350 0.976730 2 19 0.993056 20 0.006944
  19 25.204889 0.801332 58.230724 -0.631045 0.772419 0.071771 0.803826 0.976685 2 19 0.993056 20 0.006944
ring
  19 25.183298 0.823714 58.211002 0.315429 -0.948949 0.000535 0.804174 0.975336 2 19 0.993056 20 0.006944
  19 25.189262 0.824648 58.208218 -0.022260 -0.997290 0.070122 0.803663 0.975397 2 19 0.993056 20 0.006944
  19 25.188271 0.825375 58.236420 0.363555 -0.931522 -0.009688 0.804174 0.975336 2 19 0.993056 20 0.006944
ring
  19 25.199940 0.799641 58.205330 -0.663834 0.743582 0.080056 0.803826 0.976685 2 19 0.993056 20 0.006944
  19 25.194895 0.796651 58.207840 -0.363036 0.931730 0.009197 0.804350 0.976730 2 19 0.993056 20 0.006944
  19 25.204889 0.801332 58.230724 -0.631045 0.772419 0.071771 0.803826 0.976685 2 19 0.993056 20 0.006944
ring
  19 25.189262 0.824648 58.208218 -0.022260 -0.997290 0.070122 0.803663 0.975397 2 19 0.993056 20 0.006944
  19 25.194187 0.826339 58.233646 0.029416 -0.997752 0.060214 0.803663 0.975397 2 19 0.993056 20 0.006944
  19 25.188271 0.825375 58.236420 0.363555 -0.931522 -0.009688 0.804174 0.975336 2 19 0.993056 20 0.006944
ring
  19 25.199940 0.799641 58.205330 -0.663834 0.743582 0.080056 0.803826 0.976685 2 19 0.993056 20 0.006944
  19 25.204889 0.801332 58.230724 -0.631045 0.772419 0.071771 0.803826 0.976685 2 19 0.993056 20 0.006944
  19 25.208298 0.805921 58.228798 -0.878970 0.455575 0.140939 0.803368 0.976541 2 19 0.993056 20 0.006944
ring
  19 25.189262 0.824648 58.208218 -0.022260 -0.997290 0.070122 0.803663 0.975397 2 19 0.993056 20 0.006944
  19 25.195179 0.823400 58.205589 -0.361343 -0.923220 0.130748 0.803243 0.975555 2 19 0.993056 20 0.006944
  19 25.194187 0.826339 58.233646 0.029416 -0.997752 0.060214 0.803663 0.975397 2 19 0.993056 20 0.006944
ring
  19 25.203360 0.804260 58.203400 -0.891973 0.428136 0.145204 0.803368 0.976541 2 19 0.993056 20 0.006944
  19 25.199940 0.799641 58.205330 -0.663834 0.743582 0.080056 0.803826 0.976685 2 19 0.993056 20 0.006944
  19 25.208298 0.805921 58.228798 -0.878970 0.455575 0.140939 0.803368 0.976541 2 19 0.993056 20 0.006944
ring
  19 25.195179 0.823400 58.205589 -0.361343 -0.923220 0.130748 0.803243 0.975555 2 19 0.993056 20 0.006944
  19 25.200108 0.825061 58.231030 -0.315620 -0.940892 0.122905 0.803243 0.975555 2 19 0.993056 20 0.006944
  19 25.194187 0.826339 58.233646 0.029416 -0.997752 0.060214 0.803663 0.975397 2 19 0.993056 20 0.006944
ring
  19 25.203360 0.804260 58.203400 -0.891973 0.428136 0.145204 0.803368 0.976541 2 19 0.993056 20 0.006944
  19 25.208298 0.805921 58.228798 -0.878970 0.455575 0.140939 0.803368 0.976541 2 19 0.993056 20 0.006944
  19 25.209526 0.811439 58.227818 -0.981643 0.026752 0.188839 0.803046 0.976319 2 19 0.993056 20 0.006944
ring
  19 25.195179 0.823400 58.205589 -0.361343 -0.923220 0.130748 0.803243 0.975555 2 19 0.993056 20 0.006944
  19 25.200167 0.820119 58.203587 -0.669573 -0.721299 0.177198 0.802978 0.975786 2 19 0.993056 20 0.006944
  19 25.200108 0.825061 58.231030 -0.315620 -0.940892 0.122905 0.803243 0.975555 2 19 0.993056 20 0.006944
ring
  19 25.204594 0.809778 58.202385 -0.981745 0.023759 0.188713 0.803046 0.976319 2 19 0.993056 20 0.006944
  19 25.203360 0.804260 58.203400 -0.891973 0.428136 0.145204 0.803368 0.976541 2 19 0.993056 20 0.006944
  19 25.209526 0.811439 58.227818 -0.981643 0.026752 0.188839 0.803046 0.976319 2 19 0.993056 20 0.006944
ring
  19 25.200167 0.820119 58.203587 -0.669573 -0.721299 0.177198 0.802978 0.975786 2 19 0.993056 20 0.006944
  19 25.205088 0.821811 58.229019 -0.638067 -0.750265 0.173127 0.802978 0.975786 2 19 0.993056 20 0.006944
  19 25.200108 0.825061 58.231030 -0.315620 -0.940892 0.122905 0.803243 0.975555 2 19 0.993056 20 0.006944
ring
  19 25.204594 0.809778 58.202385 -0.981745 0.023759 0.188713 0.803046 0.976319 2 19 0.993056 20 0.006944
  19 25.209526 0.811439 58.227818 -0.981643 0.026752 0.188839 0.803046 0.976319 2 19 0.993056 20 0.006944
  19 25.208410 0.817008 58.227875 -0.889243 -0.411768 0.199233 0.802909 0.976054 2 19 0.993056 20 0.006944
ring
  19 25.200167 0.820119 58.203587 -0.669573 -0.721299 0.177198 0.802978 0.975786 2 19 0.993056 20 0.006944
  19 25.203485 0.815347 58.202438 -0.899016 -0.389687 0.199782 0.802909 0.976054 2 19 0.993056 20 0.006944
  19 25.205088 0.821811 58.229019 -0.638067 -0.750265 0.173127 0.802978 0.975786 2 19 0.993056 20 0.006944
ring
  19 25.203485 0.815347 58.202438 -0.899016 -0.389687 0.199782 0.802909 0.976054 2 19 0.993056 20 0.006944
  19 25.204594 0.809778 58.202385 -0.981745 0.023759 0.188713 0.803046 0.976319 2 19 0.993056 20 0.006944
  19 25.208410 0.817008 58.227875 -0.889243 -0.411768 0.199233 0.802909 0.976054 2 19 0.993056 20 0.006944
ring
  19 25.203485 0.815347 58.202438 -0.899016 -0.389687 0.199782 0.802909 0.976054 2 19 0.993056 20 0.006944
  19 25.208410 0.817008 58.227875 -0.889243 -0.411768 0.199233 0.802909 0.976054 2 19 0.993056 20 0.006944
  19 25.205088 0.821811 58.229019 -0.638067 -0.750265 0.173127 0.802978 0.975786 2 19 0.993056 20 0.006944
ring
  20 25.979115 0.477953 57.755192 -0.412704 -0.791791 -0.450269 0.796634 0.950803 1 20 1.000000
  20 25.972067 0.591535 57.648277 -0.434703 -0.429373 -0.791626 0.811978 0.950803 1 20 1.000000
  20 25.996281 0.585945 57.638004 -0.173215 -0.469726 -0.865653 0.811968 0.944559 1 20 1.000000
ring
  20 25.996281 0.585945 57.638004 -0.173215 -0.469726 -0.865653 0.811968 0.944559 1 20 1.000000
  20 25.972067 0.591535 57.648277 -0.434703 -0.429373 -0.791626 0.811978 0.950803 1 20 1.000000
  20 25.979002 0.743064 57.611370 -0.412901 0.053930 -0.909178 0.827322 0.950803 1 20 1.000000
ring
  20 26.003517 0.469616 57.747486 -0.149920 -0.846208 -0.511327 0.796624 0.944559 1 20 1.000000
  20 25.979115 0.477953 57.755192 -0.412704 -0.791791 -0.450269 0.796634 0.950803 1 20 1.000000
  20 25.996281 0.585945 57.638004 -0.173215 -0.469726 -0.865653 0.811968 0.944559 1 20 1.000000
ring
  20 25.998295 0.432774 57.903358 -0.352192 -0.935660 0.022394 0.781291 0.950803 1 20 1.000000
  20 25.979115 0.477953 57.755192 -0.412704 -0.791791 -0.450269 0.796634 0.950803 1 20 1.000000
  20 26.003517 0.469616 57.747486 -0.149920 -0.846208 -0.511327 0.796624 0.944559 1 20 1.000000
ring
  20 26.003391 0.741157 57.600182 -0.150403 0.032600 -0.988087 0.827312 0.944559 1 20 1.000000
  20 25.996281 0.585945 57.638004 -0.173215 -0.469726 -0.865653 0.811968 0.944559 1 20 1.000000
  20 25.979002 0.743064 57.611370 -0.412901 0.053930 -0.909178 0.827322 0.950803 1 20 1.000000
ring
  20 26.023163 0.423314 57.899273 -0.086839 -0.996028 -0.019673 0.781281 0.944559 1 20 1.000000
  20 25.998295 0.432774 57.903358 -0.352192 -0.935660 0.022394 0.781291 0.950803 1 20 1.000000
  20 26.003517 0.469616 57.747486 -0.149920 -0.846208 -0.511327 0.796624 0.944559 1 20 1.000000
ring
  20 26.024443 0.468073 58.053169 -0.268082 -0.823054 0.500714 0.765948 0.950803 1 20 1.000000
  20 25.998295 0.432774 57.903358 -0.352192 -0.935660 0.022394 0.781291 0.950803 1 20 1.000000
  20 26.023163 0.423314 57.899273 -0.086839 -0.996028 -0.019673 0.781281 0.944559 1 20 1.000000
ring
  20 26.003391 0.741157 57.600182 -0.150403 0.032600 -0.988087 0.827312 0.944559 1 20 1.000000
  20 25.979002 0.743064 57.611370 -0.412901 0.053930 -0.909178 0.827322 0.950803 1 20 1.000000
  20 26.022921 0.893670 57.644112 -0.087316 0.526472 -0.845697 0.842657 0.944559 1 20 1.000000
ring
  20 25.979002 0.743064 57.611370 -0.412901 0.053930 -0.909178 0.827322 0.950803 1 20 1.000000
  20 25.998074 0.891944 57.654305 -0.353092 0.529053 -0.771640 0.842666 0.950803 1 20 1.000000
  20 26.022921 0.893670 57.644112 -0.087316 0.526472 -0.845697 0.842657 0.944559 1 20 1.000000
ring
  20 25.996281 0.585945 57.638004 -0.173215 -0.469726 -0.865653 0.811968 0.944559 1 20 1.000000
  20 26.003391 0.741157 57.600182 -0.150403 0.032600 -0.988087 0.827312 0.944559 1 20 1.000000
  20 26.029963 0.738775 57.603466 0.123457 0.008862 -0.992310 0.827303 0.938316 1 20 1.000000
ring
  20 26.029963 0.738775 57.603466 0.123457 0.008862 -0.992310 0.827303 0.938316 1 20 1.000000
  20 26.003391 0.741157 57.600182 -0.150403 0.032600 -0.988087 0.827312 0.944559 1 20 1.000000
  20 26.022921 0.893670 57.644112 -0.087316 0.526472 -0.845697 0.842657 0.944559 1 20 1.000000
ring
  20 26.023054 0.587248 57.640396 0.101406 -0.474439 -0.874428 0.811959 0.938316 1 20 1.000000
  20 25.996281 0.585945 57.638004 -0.173215 -0.469726 -0.865653 0.811968 0.944559 1 20 1.000000
  20 26.029963 0.738775 57.603466 0.123457 0.008862 -0.992310 0.827303 0.938316 1 20 1.000000
ring
  20 26.023054 0.587248 57.640396 0.101406 -0.474439 -0.874428 0.811959 0.938316 1 20 1.000000
  20 26.030128 0.473700 57.747284 0.124323 -0.836532 -0.533627 0.796615 0.938316 1 20 1.000000
  20 25.996281 0.585945 57.638004 -0.173215 -0.469726 -0.865653 0.811968 0.944559 1 20 1.000000
ring
  20 26.030128 0.473700 57.747284 0.124323 -0.836532 -0.533627 0.796615 0.938316 1 20 1.000000
  20 26.003517 0.469616 57.747486 -0.149920 -0.846208 -0.511327 0.796624 0.944559 1 20 1.000000
  20 25.996281 0.585945 57.638004 -0.173215 -0.469726 -0.865653 0.811968 0.944559 1 20 1.000000
ring
  20 26.049055 0.887657 57.646370 0.185103 0.483918 -0.855313 0.842647 0.938316 1 20 1.000000
  20 26.029963 0.738775 57.603466 0.123457 0.008862 -0.992310 0.827303 0.938316 1 20 1.000000
  20 26.022921 0.893670 57.644112 -0.087316 0.526472 -0.845697 0.842657 0.944559 1 20 1.000000
ring
  20 26.030128 0.473700 57.747284 0.124323 -0.836532 -0.533627 0.796615 0.938316 1 20 1.000000
  20 26.049339 0.428498 57.895367 0.185046 -0.980803 -0.061508 0.781272 0.938316 2 20 0.991855 21 0.008145
  20 26.003517 0.469616 57.747486 -0.149920 -0.846208 -0.511327 0.796624 0.944559 1 20 1.000000
ring
  20 26.049339 0.428498 57.895367 0.185046 -0.980803 -0.061508 0.781272 0.938316 2 20 0.991855 21 0.008145
  20 26.023163 0.423314 57.899273 -0.086839 -0.996028 -0.019673 0.781281 0.944559 1 20 1.000000
  20 26.003517 0.469616 57.747486 -0.149920 -0.846208 -0.511327 0.796624 0.944559 1 20 1.000000
ring
  20 26.049339 0.428498 57.895367 0.185046 -0.980803 -0.061508 0.781272 0.938316 2 20 0.991855 21 0.008145
  20 26.075481 0.463752 58.045193 0.269340 -0.868159 0.416841 0.765929 0.938316 2 20 0.991855 21 0.008145
  20 26.023163 0.423314 57.899273 -0.086839 -0.996028 -0.019673 0.781281 0.944559 1 20 1.000000
ring
  20 26.049055 0.887657 57.646370 0.185103 0.483918 -0.855313 0.842647 0.938316 1 20 1.000000
  20 26.022921 0.893670 57.644112 -0.087316 0.526472 -0.845697 0.842657 0.944559 1 20 1.000000
  20 26.049639 1.002632 57.758194 0.000114 0.879208 -0.476438 0.858006 0.944559 2 20 0.991855 21 0.008145
ring
  20 26.022921 0.893670 57.644112 -0.087316 0.526472 -0.845697 0.842657 0.944559 1 20 1.000000
  20 25.998074 0.891944 57.654305 -0.353092 0.529053 -0.771640 0.842666 0.950803 1 20 1.000000
  20 26.049639 1.002632 57.758194 0.000114 0.879208 -0.476438 0.858006 0.944559 2 20 0.991855 21 0.008145
ring
  20 26.075138 0.994027 57.757748 0.268901 0.823153 -0.500111 0.857999 0.938316 2 20 0.991855 21 0.008145
  20 26.049055 0.887657 57.646370 0.185103 0.483918 -0.855313 0.842647 0.938316 1 20 1.000000
  20 26.049639 1.002632 57.758194 0.000114 0.879208 -0.476438 0.858006 0.944559 2 20 0.991855 21 0.008145
ring
  20 25.998074 0.891944 57.654305 -0.353092 0.529053 -0.771640 0.842666 0.950803 1 20 1.000000
  20 26.024191 0.998293 57.765553 -0.268681 0.868042 -0.417509 0.858006 0.950803 1 20 1.000000
  20 26.049639 1.002632 57.758194 0.000114 0.879208 -0.476438 0.858006 0.944559 2 20 0.991855 21 0.008145
ring
  20 26.075138 0.994027 57.757748 0.268901 0.823153 -0.500111 0.857999 0.938316 2 20 0.991855 21 0.008145
  20 26.049639 1.002632 57.758194 0.000114 0.879208 -0.476438 0.858006 0.944559 2 20 0.991855 21 0.008145
  20 26.076439 1.038736 57.911640 0.044243 0.970675 -0.236287 0.873757 0.944559 2 20 0.991855 21 0.008145
ring
  20 26.049639 1.002632 57.758194 0.000114 0.879208 -0.476438 0.858006 0.944559 2 20 0.991855 21 0.008145
  20 26.024191 0.998293 57.765553 -0.268681 0.868042 -0.417509 0.858006 0.950803 1 20 1.000000
  20 26.076439 1.038736 57.911640 0.044243 0.970675 -0.236287 0.873757 0.944559 2 20 0.991855 21 0.008145
ring
  20 26.101301 1.029315 57.907547 0.302480 0.914612 -0.268309 0.873757 0.938316 2 20 0.991855 21 0.008145
  20 26.075138 0.994027 57.757748 0.268901 0.823153 -0.500111 0.857999 0.938316 2 20 0.991855 21 0.008145
  20 26.076439 1.038736 57.911640 0.044243 0.970675 -0.236287 0.873757 0.944559 2 20 0.991855 21 0.008145
ring
  20 26.024191 0.998293 57.765553 -0.268681 0.868042 -0.417509 0.858006 0.950803 1 20 1.000000
  20 26.050293 1.033558 57.915459 -0.217228 0.957935 -0.187543 0.873757 0.950803 2 20 0.991855 21 0.008145
  20 26.076439 1.038736 57.911640 0.044243 0.970675 -0.236287 0.873757 0.944559 2 20 0.991855 21 0.008145
ring
  20 26.075481 0.463752 58.045193 0.269340 -0.868159 0.416841 0.765929 0.938316 2 20 0.991855 21 0.008145
  20 26.049994 0.459424 58.052639 0.000543 -0.879251 0.476358 0.765939 0.944559 2 20 0.991855 21 0.008145
  20 26.023163 0.423314 57.899273 -0.086839 -0.996028 -0.019673 0.781281 0.944559 1 20 1.000000
ring
  20 26.049994 0.459424 58.052639 0.000543 -0.879251 0.476358 0.765939 0.944559 2 20 0.991855 21 0.008145
  20 26.024443 0.468073 58.053169 -0.268082 -0.823054 0.500714 0.765948 0.950803 1 20 1.000000
  20 26.023163 0.423314 57.899273 -0.086839 -0.996028 -0.019673 0.781281 0.944559 1 20 1.000000
ring
  20 26.075481 0.463752 58.045193 0.269340 -0.868159 0.416841 0.765929 0.938316 2 20 0.991855 21 0.008145
  20 26.101610 0.570067 58.156502 0.360728 -0.475185 0.802543 0.750588 0.938316 2 20 0.991855 21 0.008145
  20 26.049994 0.459424 58.052639 0.000543 -0.879251 0.476358 0.765939 0.944559 2 20 0.991855 21 0.008145
ring
  20 26.050604 0.574311 58.164406 -0.174412 -0.430806 0.885430 0.750607 0.950803 2 20 0.991855 21 0.008145
  20 26.024443 0.468073 58.053169 -0.268082 -0.823054 0.500714 0.765948 0.950803 1 20 1.000000
  20 26.049994 0.459424 58.052639 0.000543 -0.879251 0.476358 0.765939 0.944559 2 20 0.991855 21 0.008145
ring
  20 26.101610 0.570067 58.156502 0.360728 -0.475185 0.802543 0.750588 0.938316 2 20 0.991855 21 0.008145
  20 26.076757 0.568334 58.166641 0.095820 -0.476761 0.873795 0.750597 0.944559 2 20 0.991855 21 0.008145
  20 26.049994 0.459424 58.052639 0.000543 -0.879251 0.476358 0.765939 0.944559 2 20 0.991855 21 0.008145
ring
  20 26.076757 0.568334 58.166641 0.095820 -0.476761 0.873795 0.750597 0.944559 2 20 0.991855 21 0.008145
  20 26.050604 0.574311 58.164406 -0.174412 -0.430806 0.885430 0.750607 0.950803 2 20 0.991855 21 0.008145
  20 26.049994 0.459424 58.052639 0.000543 -0.879251 0.476358 0.765939 0.944559 2 20 0.991855 21 0.008145
ring
  20 26.101610 0.570067 58.156502 0.360728 -0.475185 0.802543 0.750588 0.938316 2 20 0.991855 21 0.008145
  20 26.117771 0.719562 58.180424 0.412722 -0.054189 0.909243 0.735248 0.938316 2 20 0.991855 21 0.008145
  20 26.076757 0.568334 58.166641 0.095820 -0.476761 0.873795 0.750597 0.944559 2 20 0.991855 21 0.008145
ring
  20 26.066784 0.723838 58.188354 -0.122252 -0.009547 0.992453 0.735267 0.950803 2 20 0.991855 21 0.008145
  20 26.050604 0.574311 58.164406 -0.174412 -0.430806 0.885430 0.750607 0.950803 2 20 0.991855 21 0.008145
  20 26.076757 0.568334 58.166641 0.095820 -0.476761 0.873795 0.750597 0.944559 2 20 0.991855 21 0.008145
ring
  20 26.117771 0.719562 58.180424 0.412722 -0.054189 0.909243 0.735248 0.938316 2 20 0.991855 21 0.008145
  20 26.093388 0.721460 58.191658 0.150939 -0.033092 0.987989 0.735258 0.944559 2 20 0.991855 21 0.008145
  20 26.076757 0.568334 58.166641 0.095820 -0.476761 0.873795 0.750597 0.944559 2 20 0.991855 21 0.008145
ring
  20 26.093388 0.721460 58.191658 0.150939 -0.033092 0.987989 0.735258 0.944559 2 20 0.991855 21 0.008145
  20 26.066784 0.723838 58.188354 -0.122252 -0.009547 0.992453 0.735267 0.950803 2 20 0.991855 21 0.008145
  20 26.076757 0.568334 58.166641 0.095820 -0.476761 0.873795 0.750597 0.944559 2 20 0.991855 21 0.008145
ring
  20 26.103359 0.876060 58.172894 0.173371 0.417804 0.891842 0.719919 0.944559 2 20 0.991855 21 0.008145
  20 26.093388 0.721460 58.191658 0.150939 -0.033092 0.987989 0.735258 0.944559 2 20 0.991855 21 0.008145
  20 26.117771 0.719562 58.180424 0.412722 -0.054189 0.909243 0.735248 0.938316 2 20 0.991855 21 0.008145
ring
  20 26.093388 0.721460 58.191658 0.150939 -0.033092 0.987989 0.735258 0.944559 2 20 0.991855 21 0.008145
  20 26.103359 0.876060 58.172894 0.173371 0.417804 0.891842 0.719919 0.944559 2 20 0.991855 21 0.008145
  20 26.066784 0.723838 58.188354 -0.122252 -0.009547 0.992453 0.735267 0.950803 2 20 0.991855 21 0.008145
ring
  20 26.127590 0.870477 58.162586 0.434825 0.373353 0.819472 0.719909 0.938316 2 20 0.991855 21 0.008145
  20 26.103359 0.876060 58.172894 0.173371 0.417804 0.891842 0.719919 0.944559 2 20 0.991855 21 0.008145
  20 26.117771 0.719562 58.180424 0.412722 -0.054189 0.909243 0.735248 0.938316 2 20 0.991855 21 0.008145
ring
  20 26.103359 0.876060 58.172894 0.173371 0.417804 0.891842 0.719919 0.944559 2 20 0.991855 21 0.008145
  20 26.076580 0.874719 58.170509 -0.101337 0.418024 0.902766 0.719928 0.950803 2 20 0.991855 21 0.008145
  20 26.066784 0.723838 58.188354 -0.122252 -0.009547 0.992453 0.735267 0.950803 2 20 0.991855 21 0.008145
ring
  20 26.096094 0.992421 58.063450 0.149766 0.846079 0.511587 0.704574 0.944559 2 20 0.991855 21 0.008145
  20 26.103359 0.876060 58.172894 0.173371 0.417804 0.891842 0.719919 0.944559 2 20 0.991855 21 0.008145
  20 26.127590 0.870477 58.162586 0.434825 0.373353 0.819472 0.719909 0.938316 2 20 0.991855 21 0.008145
ring
  20 26.103359 0.876060 58.172894 0.173371 0.417804 0.891842 0.719919 0.944559 2 20 0.991855 21 0.008145
  20 26.096094 0.992421 58.063450 0.149766 0.846079 0.511587 0.704574 0.944559 2 20 0.991855 21 0.008145
  20 26.076580 0.874719 58.170509 -0.101337 0.418024 0.902766 0.719928 0.950803 2 20 0.991855 21 0.008145
ring
  20 26.120476 0.984091 58.055717 0.413134 0.791605 0.450201 0.704574 0.938316 2 20 0.991855 21 0.008145
  20 26.096094 0.992421 58.063450 0.149766 0.846079 0.511587 0.704574 0.944559 2 20 0.991855 21 0.008145
  20 26.127590 0.870477 58.162586 0.434825 0.373353 0.819472 0.719909 0.938316 2 20 0.991855 21 0.008145
ring
  20 26.096094 0.992421 58.063450 0.149766 0.846079 0.511587 0.704574 0.944559 2 20 0.991855 21 0.008145
  20 26.069508 0.988333 58.063629 -0.125055 0.836403 0.533658 0.704581 0.950803 2 20 0.991855 21 0.008145
  20 26.076580 0.874719 58.170509 -0.101337 0.418024 0.902766 0.719928 0.950803 2 20 0.991855 21 0.008145
ring
  20 26.120476 0.984091 58.055717 0.413134 0.791605 0.450201 0.704574 0.938316 2 20 0.991855 21 0.008145
  20 26.101301 1.029315 57.907547 0.377404 0.898259 0.225160 0.688828 0.938316 2 20 0.991855 21 0.008145
  20 26.096094 0.992421 58.063450 0.149766 0.846079 0.511587 0.704574 0.944559 2 20 0.991855 21 0.008145
ring
  20 26.050293 1.033558 57.915459 -0.141865 0.941519 0.305641 0.688828 0.950803 2 20 0.991855 21 0.008145
  20 26.069508 0.988333 58.063629 -0.125055 0.836403 0.533658 0.704581 0.950803 2 20 0.991855 21 0.008145
  20 26.096094 0.992421 58.063450 0.149766 0.846079 0.511587 0.704574 0.944559 2 20 0.991855 21 0.008145
ring
  20 26.101301 1.029315 57.907547 0.377404 0.898259 0.225160 0.688828 0.938316 2 20 0.991855 21 0.008145
  20 26.076439 1.038736 57.911640 0.122129 0.953623 0.275112 0.688828 0.944559 2 20 0.991855 21 0.008145
  20 26.096094 0.992421 58.063450 0.149766 0.846079 0.511587 0.704574 0.944559 2 20 0.991855 21 0.008145
ring
  20 26.076439 1.038736 57.911640 0.122129 0.953623 0.275112 0.688828 0.944559 2 20 0.991855 21 0.008145
  20 26.050293 1.033558 57.915459 -0.141865 0.941519 0.305641 0.688828 0.950803 2 20 0.991855 21 0.008145
  20 26.096094 0.992421 58.063450 0.149766 0.846079 0.511587 0.704574 0.944559 2 20 0.991855 21 0.008145
ring
  20 26.023357 0.891079 57.648254 0.087165 -0.526306 0.845816 0.842657 0.944559 1 20 1.000000
  20 25.998898 0.889389 57.658268 0.352624 -0.528935 0.771935 0.842666 0.950803 1 20 1.000000
  20 25.980131 0.742850 57.616024 0.414277 -0.053939 0.908551 0.827322 0.950803 1 20 1.000000
ring
  20 25.998898 0.889389 57.658268 0.352624 -0.528935 0.771935 0.842666 0.950803 1 20 1.000000
  20 26.023357 0.891079 57.648254 0.087165 -0.526306 0.845816 0.842657 0.944559 1 20 1.000000
  20 26.024601 0.994052 57.767761 0.268474 -0.868056 0.417612 0.858006 0.950803 1 20 1.000000
ring
  20 26.075994 1.033870 57.911552 -0.044098 -0.970711 0.236169 0.873757 0.944559 2 20 0.991855 21 0.008145
  20 26.050297 1.028760 57.915291 0.217637 -0.957859 0.187455 0.873757 0.950803 2 20 0.991855 21 0.008145
  20 26.024601 0.994052 57.767761 0.268474 -0.868056 0.417612 0.858006 0.950803 1 20 1.000000
ring
  20 26.049656 0.998321 57.760532 0.000255 -0.879274 0.476317 0.858006 0.944559 2 20 0.991855 21 0.008145
  20 26.075994 1.033870 57.911552 -0.044098 -0.970711 0.236169 0.873757 0.944559 2 20 0.991855 21 0.008145
  20 26.024601 0.994052 57.767761 0.268474 -0.868056 0.417612 0.858006 0.950803 1 20 1.000000
ring
  20 26.023357 0.891079 57.648254 0.087165 -0.526306 0.845816 0.842657 0.944559 1 20 1.000000
  20 26.049656 0.998321 57.760532 0.000255 -0.879274 0.476317 0.858006 0.944559 2 20 0.991855 21 0.008145
  20 26.024601 0.994052 57.767761 0.268474 -0.868056 0.417612 0.858006 0.950803 1 20 1.000000
ring
  20 26.100481 1.024585 57.907509 -0.302682 -0.914609 0.268094 0.873757 0.938316 2 20 0.991855 21 0.008145
  20 26.075994 1.033870 57.911552 -0.044098 -0.970711 0.236169 0.873757 0.944559 2 20 0.991855 21 0.008145
  20 26.049656 0.998321 57.760532 0.000255 -0.879274 0.476317 0.858006 0.944559 2 20 0.991855 21 0.008145
ring
  20 26.074734 0.989886 57.760063 -0.267717 -0.823501 0.500174 0.857999 0.938316 2 20 0.991855 21 0.008145
  20 26.100481 1.024585 57.907509 -0.302682 -0.914609 0.268094 0.873757 0.938316 2 20 0.991855 21 0.008145
  20 26.049656 0.998321 57.760532 0.000255 -0.879274 0.476317 0.858006 0.944559 2 20 0.991855 21 0.008145
ring
  20 26.074734 0.989886 57.760063 -0.267717 -0.823501 0.500174 0.857999 0.938316 2 20 0.991855 21 0.008145
  20 26.049656 0.998321 57.760532 0.000255 -0.879274 0.476317 0.858006 0.944559 2 20 0.991855 21 0.008145
  20 26.023357 0.891079 57.648254 0.087165 -0.526306 0.845816 0.842657 0.944559 1 20 1.000000
ring
  20 26.049074 0.885202 57.650490 -0.184892 -0.484173 0.855214 0.842647 0.938316 1 20 1.000000
  20 26.074734 0.989886 57.760063 -0.267717 -0.823501 0.500174 0.857999 0.938316 2 20 0.991855 21 0.008145
  20 26.023357 0.891079 57.648254 0.087165 -0.526306 0.845816 0.842657 0.944559 1 20 1.000000
ring
  20 26.049074 0.885202 57.650490 -0.184892 -0.484173 0.855214 0.842647 0.938316 1 20 1.000000
  20 26.023357 0.891079 57.648254 0.087165 -0.526306 0.845816 0.842657 0.944559 1 20 1.000000
  20 26.004101 0.741011 57.604988 0.150709 -0.032834 0.988033 0.827312 0.944559 1 20 1.000000
ring
  20 26.004101 0.741011 57.604988 0.150709 -0.032834 0.988033 0.827312 0.944559 1 20 1.000000
  20 26.023357 0.891079 57.648254 0.087165 -0.526306 0.845816 0.842657 0.944559 1 20 1.000000
  20 25.980131 0.742850 57.616024 0.414277 -0.053939 0.908551 0.827322 0.950803 1 20 1.000000
ring
  20 26.030306 0.738664 57.608250 -0.124261 -0.008854 0.992210 0.827303 0.938316 1 20 1.000000
  20 26.049074 0.885202 57.650490 -0.184892 -0.484173 0.855214 0.842647 0.938316 1 20 1.000000
  20 26.004101 0.741011 57.604988 0.150709 -0.032834 0.988033 0.827312 0.944559 1 20 1.000000
ring
  20 26.004101 0.741011 57.604988 0.150709 -0.032834 0.988033 0.827312 0.944559 1 20 1.000000
  20 25.980131 0.742850 57.616024 0.414277 -0.053939 0.908551 0.827322 0.950803 1 20 1.000000
  20 25.973261 0.593744 57.652370 0.435424 0.429434 0.791197 0.811978 0.950803 1 20 1.000000
ring
  20 26.023466 0.589557 57.644611 -0.103242 0.474205 0.874340 0.811959 0.938316 1 20 1.000000
  20 26.030306 0.738664 57.608250 -0.124261 -0.008854 0.992210 0.827303 0.938316 1 20 1.000000
  20 26.004101 0.741011 57.604988 0.150709 -0.032834 0.988033 0.827312 0.944559 1 20 1.000000
ring
  20 25.997128 0.588254 57.642212 0.172656 0.469617 0.865823 0.811968 0.944559 1 20 1.000000
  20 26.023466 0.589557 57.644611 -0.103242 0.474205 0.874340 0.811959 0.938316 1 20 1.000000
  20 26.004101 0.741011 57.604988 0.150709 -0.032834 0.988033 0.827312 0.944559 1 20 1.000000
ring
  20 25.997128 0.588254 57.642212 0.172656 0.469617 0.865823 0.811968 0.944559 1 20 1.000000
  20 26.004101 0.741011 57.604988 0.150709 -0.032834 0.988033 0.827312 0.944559 1 20 1.000000
  20 25.973261 0.593744 57.652370 0.435424 0.429434 0.791197 0.811978 0.950803 1 20 1.000000
ring
  20 26.030416 0.477761 57.749779 -0.124364 0.836623 0.533475 0.796615 0.938316 1 20 1.000000
  20 26.023466 0.589557 57.644611 -0.103242 0.474205 0.874340 0.811959 0.938316 1 20 1.000000
  20 25.997128 0.588254 57.642212 0.172656 0.469617 0.865823 0.811968 0.944559 1 20 1.000000
ring
  20 26.004248 0.473745 57.749977 0.149857 0.846281 0.511226 0.796624 0.944559 1 20 1.000000
  20 25.997128 0.588254 57.642212 0.172656 0.469617 0.865823 0.811968 0.944559 1 20 1.000000
  20 25.973261 0.593744 57.652370 0.435424 0.429434 0.791197 0.811978 0.950803 1 20 1.000000
ring
  20 26.004248 0.473745 57.749977 0.149857 0.846281 0.511226 0.796624 0.944559 1 20 1.000000
  20 26.030416 0.477761 57.749779 -0.124364 0.836623 0.533475 0.796615 0.938316 1 20 1.000000
  20 25.997128 0.588254 57.642212 0.172656 0.469617 0.865823 0.811968 0.944559 1 20 1.000000
ring
  20 25.980240 0.481948 57.757561 0.412742 0.791812 0.450198 0.796634 0.950803 1 20 1.000000
  20 26.004248 0.473745 57.749977 0.149857 0.846281 0.511226 0.796624 0.944559 1 20 1.000000
  20 25.973261 0.593744 57.652370 0.435424 0.429434 0.791197 0.811978 0.950803 1 20 1.000000
ring
  20 26.004248 0.473745 57.749977 0.149857 0.846281 0.511226 0.796624 0.944559 1 20 1.000000
  20 25.980240 0.481948 57.757561 0.412742 0.791812 0.450198 0.796634 0.950803 1 20 1.000000
  20 25.999121 0.437505 57.903389 0.351822 0.935799 -0.022370 0.781291 0.950803 1 20 1.000000
ring
  20 26.030416 0.477761 57.749779 -0.124364 0.836623 0.533475 0.796615 0.938316 1 20 1.000000
  20 26.004248 0.473745 57.749977 0.149857 0.846281 0.511226 0.796624 0.944559 1 20 1.000000
  20 26.023582 0.428214 57.899384 0.086830 0.996030 0.019599 0.781281 0.944559 1 20 1.000000
ring
  20 26.023582 0.428214 57.899384 0.086830 0.996030 0.019599 0.781281 0.944559 1 20 1.000000
  20 26.004248 0.473745 57.749977 0.149857 0.846281 0.511226 0.796624 0.944559 1 20 1.000000
  20 25.999121 0.437505 57.903389 0.351822 0.935799 -0.022370 0.781291 0.950803 1 20 1.000000
ring
  20 26.049328 0.433295 57.895538 -0.184480 0.980911 0.061493 0.781272 0.938316 2 20 0.991855 21 0.008145
  20 26.030416 0.477761 57.749779 -0.124364 0.836623 0.533475 0.796615 0.938316 1 20 1.000000
  20 26.023582 0.428214 57.899384 0.086830 0.996030 0.019599 0.781281 0.944559 1 20 1.000000
ring
  20 26.023582 0.428214 57.899384 0.086830 0.996030 0.019599 0.781281 0.944559 1 20 1.000000
  20 25.999121 0.437505 57.903389 0.351822 0.935799 -0.022370 0.781291 0.950803 1 20 1.000000
  20 26.024843 0.472247 58.050854 0.267764 0.823143 -0.500738 0.765948 0.950803 1 20 1.000000
ring
  20 26.049328 0.433295 57.895538 -0.184480 0.980911 0.061493 0.781272 0.938316 2 20 0.991855 21 0.008145
  20 26.023582 0.428214 57.899384 0.086830 0.996030 0.019599 0.781281 0.944559 1 20 1.000000
  20 26.050005 0.463735 58.050320 -0.000850 0.879256 -0.476349 0.765939 0.944559 2 20 0.991855 21 0.008145
ring
  20 26.050005 0.463735 58.050320 -0.000850 0.879256 -0.476349 0.765939 0.944559 2 20 0.991855 21 0.008145
  20 26.023582 0.428214 57.899384 0.086830 0.996030 0.019599 0.781281 0.944559 1 20 1.000000
  20 26.024843 0.472247 58.050854 0.267764 0.823143 -0.500738 0.765948 0.950803 1 20 1.000000
ring
  20 26.075096 0.467994 58.042953 -0.269468 0.868230 -0.416609 0.765929 0.938316 2 20 0.991855 21 0.008145
  20 26.049328 0.433295 57.895538 -0.184480 0.980911 0.061493 0.781272 0.938316 2 20 0.991855 21 0.008145
  20 26.050005 0.463735 58.050320 -0.000850 0.879256 -0.476349 0.765939 0.944559 2 20 0.991855 21 0.008145
ring
  20 26.076319 0.570893 58.162502 -0.095728 0.476025 -0.874206 0.750597 0.944559 2 20 0.991855 21 0.008145
  20 26.050005 0.463735 58.050320 -0.000850 0.879256 -0.476349 0.765939 0.944559 2 20 0.991855 21 0.008145
  20 26.024843 0.472247 58.050854 0.267764 0.823143 -0.500738 0.765948 0.950803 1 20 1.000000
ring
  20 26.075096 0.467994 58.042953 -0.269468 0.868230 -0.416609 0.765929 0.938316 2 20 0.991855 21 0.008145
  20 26.050005 0.463735 58.050320 -0.000850 0.879256 -0.476349 0.765939 0.944559 2 20 0.991855 21 0.008145
  20 26.076319 0.570893 58.162502 -0.095728 0.476025 -0.874206 0.750597 0.944559 2 20 0.991855 21 0.008145
ring
  20 26.050587 0.576800 58.160286 0.175292 0.429453 -0.885913 0.750607 0.950803 2 20 0.991855 21 0.008145
  20 26.076319 0.570893 58.162502 -0.095728 0.476025 -0.874206 0.750597 0.944559 2 20 0.991855 21 0.008145
  20 26.024843 0.472247 58.050854 0.267764 0.823143 -0.500738 0.765948 0.950803 1 20 1.000000
ring
  20 26.100807 0.572624 58.152500 -0.361412 0.474272 -0.802775 0.750588 0.938316 2 20 0.991855 21 0.008145
  20 26.075096 0.467994 58.042953 -0.269468 0.868230 -0.416609 0.765929 0.938316 2 20 0.991855 21 0.008145
  20 26.076319 0.570893 58.162502 -0.095728 0.476025 -0.874206 0.750597 0.944559 2 20 0.991855 21 0.008145
ring
  20 26.076319 0.570893 58.162502 -0.095728 0.476025 -0.874206 0.750597 0.944559 2 20 0.991855 21 0.008145
  20 26.050587 0.576800 58.160286 0.175292 0.429453 -0.885913 0.750607 0.950803 2 20 0.991855 21 0.008145
  20 26.066458 0.723952 58.183548 0.122900 0.009427 -0.992374 0.735267 0.950803 2 20 0.991855 21 0.008145
ring
  20 26.116667 0.719777 58.175789 -0.411916 0.053975 -0.909622 0.735248 0.938316 2 20 0.991855 21 0.008145
  20 26.100807 0.572624 58.152500 -0.361412 0.474272 -0.802775 0.750588 0.938316 2 20 0.991855 21 0.008145
  20 26.076319 0.570893 58.162502 -0.095728 0.476025 -0.874206 0.750597 0.944559 2 20 0.991855 21 0.008145
ring
  20 26.092649 0.721609 58.186825 -0.150135 0.033040 -0.988113 0.735258 0.944559 2 20 0.991855 21 0.008145
  20 26.076319 0.570893 58.162502 -0.095728 0.476025 -0.874206 0.750597 0.944559 2 20 0.991855 21 0.008145
  20 26.066458 0.723952 58.183548 0.122900 0.009427 -0.992374 0.735267 0.950803 2 20 0.991855 21 0.008145
ring
  20 26.092649 0.721609 58.186825 -0.150135 0.033040 -0.988113 0.735258 0.944559 2 20 0.991855 21 0.008145
  20 26.116667 0.719777 58.175789 -0.411916 0.053975 -0.909622 0.735248 0.938316 2 20 0.991855 21 0.008145
  20 26.076319 0.570893 58.162502 -0.095728 0.476025 -0.874206 0.750597 0.944559 2 20 0.991855 21 0.008145
ring
  20 26.102501 0.873752 58.168633 -0.172999 -0.417008 -0.892287 0.719919 0.944559 2 20 0.991855 21 0.008145
  20 26.092649 0.721609 58.186825 -0.150135 0.033040 -0.988113 0.735258 0.944559 2 20 0.991855 21 0.008145
  20 26.066458 0.723952 58.183548 0.122900 0.009427 -0.992374 0.735267 0.950803 2 20 0.991855 21 0.008145
ring
  20 26.116667 0.719777 58.175789 -0.411916 0.053975 -0.909622 0.735248 0.938316 2 20 0.991855 21 0.008145
  20 26.092649 0.721609 58.186825 -0.150135 0.033040 -0.988113 0.735258 0.944559 2 20 0.991855 21 0.008145
  20 26.102501 0.873752 58.168633 -0.172999 -0.417008 -0.892287 0.719919 0.944559 2 20 0.991855 21 0.008145
ring
  20 26.076172 0.872445 58.166286 0.101177 -0.417197 -0.903167 0.719928 0.950803 2 20 0.991855 21 0.008145
  20 26.102501 0.873752 58.168633 -0.172999 -0.417008 -0.892287 0.719919 0.944559 2 20 0.991855 21 0.008145
  20 26.066458 0.723952 58.183548 0.122900 0.009427 -0.992374 0.735267 0.950803 2 20 0.991855 21 0.008145
ring
  20 26.126347 0.868269 58.158508 -0.434098 -0.372712 -0.820149 0.719909 0.938316 2 20 0.991855 21 0.008145
  20 26.116667 0.719777 58.175789 -0.411916 0.053975 -0.909622 0.735248 0.938316 2 20 0.991855 21 0.008145
  20 26.102501 0.873752 58.168633 -0.172999 -0.417008 -0.892287 0.719919 0.944559 2 20 0.991855 21 0.008145
ring
  20 26.095345 0.988259 58.060936 -0.149834 -0.846100 -0.511532 0.704574 0.944559 2 20 0.991855 21 0.008145
  20 26.102501 0.873752 58.168633 -0.172999 -0.417008 -0.892287 0.719919 0.944559 2 20 0.991855 21 0.008145
  20 26.076172 0.872445 58.166286 0.101177 -0.417197 -0.903167 0.719928 0.950803 2 20 0.991855 21 0.008145
ring
  20 26.126347 0.868269 58.158508 -0.434098 -0.372712 -0.820149 0.719909 0.938316 2 20 0.991855 21 0.008145
  20 26.102501 0.873752 58.168633 -0.172999 -0.417008 -0.892287 0.719919 0.944559 2 20 0.991855 21 0.008145
  20 26.095345 0.988259 58.060936 -0.149834 -0.846100 -0.511532 0.704574 0.944559 2 20 0.991855 21 0.008145
ring
  20 26.069170 0.984239 58.061134 0.124252 -0.836409 -0.533836 0.704581 0.950803 2 20 0.991855 21 0.008145
  20 26.095345 0.988259 58.060936 -0.149834 -0.846100 -0.511532 0.704574 0.944559 2 20 0.991855 21 0.008145
  20 26.076172 0.872445 58.166286 0.101177 -0.417197 -0.903167 0.719928 0.950803 2 20 0.991855 21 0.008145
ring
  20 26.119350 0.980063 58.053352 -0.412644 -0.791666 -0.450544 0.704574 0.938316 2 20 0.991855 21 0.008145
  20 26.126347 0.868269 58.158508 -0.434098 -0.372712 -0.820149 0.719909 0.938316 2 20 0.991855 21 0.008145
  20 26.095345 0.988259 58.060936 -0.149834 -0.846100 -0.511532 0.704574 0.944559 2 20 0.991855 21 0.008145
ring
  20 26.095345 0.988259 58.060936 -0.149834 -0.846100 -0.511532 0.704574 0.944559 2 20 0.991855 21 0.008145
  20 26.069170 0.984239 58.061134 0.124252 -0.836409 -0.533836 0.704581 0.950803 2 20 0.991855 21 0.008145
  20 26.050297 1.028760 57.915291 0.142591 -0.941339 -0.305857 0.688828 0.950803 2 20 0.991855 21 0.008145
ring
  20 26.100481 1.024585 57.907509 -0.377741 -0.898084 -0.225293 0.688828 0.938316 2 20 0.991855 21 0.008145
  20 26.119350 0.980063 58.053352 -0.412644 -0.791666 -0.450544 0.704574 0.938316 2 20 0.991855 21 0.008145
  20 26.095345 0.988259 58.060936 -0.149834 -0.846100 -0.511532 0.704574 0.944559 2 20 0.991855 21 0.008145
ring
  20 26.075994 1.033870 57.911552 -0.121898 -0.953583 -0.275356 0.688828 0.944559 2 20 0.991855 21 0.008145
  20 26.095345 0.988259 58.060936 -0.149834 -0.846100 -0.511532 0.704574 0.944559 2 20 0.991855 21 0.008145
  20 26.050297 1.028760 57.915291 0.142591 -0.941339 -0.305857 0.688828 0.950803 2 20 0.991855 21 0.008145
ring
  20 26.075994 1.033870 57.911552 -0.121898 -0.953583 -0.275356 0.688828 0.944559 2 20 0.991855 21 0.008145
  20 26.100481 1.024585 57.907509 -0.377741 -0.898084 -0.225293 0.688828 0.938316 2 20 0.991855 21 0.008145
  20 26.095345 0.988259 58.060936 -0.149834 -0.846100 -0.511532 0.704574 0.944559 2 20 0.991855 21 0.008145
ring
  20 25.998074 0.891944 57.654305 -0.973564 0.035754 0.225597 0.842666 0.950803 1 20 1.000000
  20 25.979002 0.743064 57.611370 -0.967994 0.078849 0.238264 0.827322 0.950803 1 20 1.000000
  20 25.980131 0.742850 57.616024 -0.968006 0.078973 0.238177 0.827322 0.950803 1 20 1.000000
ring
  20 25.980131 0.742850 57.616024 -0.968006 0.078973 0.238177 0.827322 0.950803 1 20 1.000000
  20 25.979002 0.743064 57.611370 -0.967994 0.078849 0.238264 0.827322 0.950803 1 20 1.000000
  20 25.972067 0.591535 57.648277 -0.968613 0.118473 0.218525 0.811978 0.950803 1 20 1.000000
ring
  20 25.998898 0.889389 57.658268 -0.973552 0.035830 0.225640 0.842666 0.950803 1 20 1.000000
  20 25.998074 0.891944 57.654305 -0.973564 0.035754 0.225597 0.842666 0.950803 1 20 1.000000
  20 25.980131 0.742850 57.616024 -0.968006 0.078973 0.238177 0.827322 0.950803 1 20 1.000000
ring
  20 25.973261 0.593744 57.652370 -0.968624 0.118550 0.218434 0.811978 0.950803 1 20 1.000000
  20 25.980131 0.742850 57.616024 -0.968006 0.078973 0.238177 0.827322 0.950803 1 20 1.000000
  20 25.972067 0.591535 57.648277 -0.968613 0.118473 0.218525 0.811978 0.950803 1 20 1.000000
ring
  20 26.024191 0.998293 57.765553 -0.981130 0.005748 0.193263 0.858006 0.950803 1 20 1.000000
  20 25.998074 0.891944 57.654305 -0.973564 0.035754 0.225597 0.842666 0.950803 1 20 1.000000
  20 25.998898 0.889389 57.658268 -0.973552 0.035830 0.225640 0.842666 0.950803 1 20 1.000000
ring
  20 25.973261 0.593744 57.652370 -0.968624 0.118550 0.218434 0.811978 0.950803 1 20 1.000000
  20 25.972067 0.591535 57.648277 -0.968613 0.118473 0.218525 0.811978 0.950803 1 20 1.000000
  20 25.979115 0.477953 57.755192 -0.968051 0.155569 0.196658 0.796634 0.950803 1 20 1.000000
ring
  20 26.024601 0.994052 57.767761 -0.981120 0.005769 0.193315 0.858006 0.950803 1 20 1.000000
  20 26.024191 0.998293 57.765553 -0.981130 0.005748 0.193263 0.858006 0.950803 1 20 1.000000
  20 25.998898 0.889389 57.658268 -0.973552 0.035830 0.225640 0.842666 0.950803 1 20 1.000000
ring
  20 25.980240 0.481948 57.757561 -0.968022 0.155639 0.196749 0.796634 0.950803 1 20 1.000000
  20 25.973261 0.593744 57.652370 -0.968624 0.118550 0.218434 0.811978 0.950803 1 20 1.000000
  20 25.979115 0.477953 57.755192 -0.968051 0.155569 0.196658 0.796634 0.950803 1 20 1.000000
ring
  20 26.050293 1.033558 57.915459 -0.984854 -0.006661 0.173256 0.873757 0.950803 2 20 0.991855 21 0.008145
  20 26.024191 0.998293 57.765553 -0.981130 0.005748 0.193263 0.858006 0.950803 1 20 1.000000
  20 26.024601 0.994052 57.767761 -0.981120 0.005769 0.193315 0.858006 0.950803 1 20 1.000000
ring
  20 26.050297 1.028760 57.915291 -0.984852 -0.006694 0.173269 0.873757 0.950803 2 20 0.991855 21 0.008145
  20 26.050293 1.033558 57.915459 -0.984854 -0.006661 0.173256 0.873757 0.950803 2 20 0.991855 21 0.008145
  20 26.024601 0.994052 57.767761 -0.981120 0.005769 0.193315 0.858006 0.950803 1 20 1.000000
ring
  20 25.980240 0.481948 57.757561 -0.968022 0.155639 0.196749 0.796634 0.950803 1 20 1.000000
  20 25.979115 0.477953 57.755192 -0.968051 0.155569 0.196658 0.796634 0.950803 1 20 1.000000
  20 25.998295 0.432774 57.903358 -0.973519 0.169239 0.153682 0.781291 0.950803 1 20 1.000000
ring
  20 25.999121 0.437505 57.903389 -0.973513 0.169279 0.153677 0.781291 0.950803 1 20 1.000000
  20 25.980240 0.481948 57.757561 -0.968022 0.155639 0.196749 0.796634 0.950803 1 20 1.000000
  20 25.998295 0.432774 57.903358 -0.973519 0.169239 0.153682 0.781291 0.950803 1 20 1.000000
ring
  20 25.999121 0.437505 57.903389 -0.973513 0.169279 0.153677 0.781291 0.950803 1 20 1.000000
  20 25.998295 0.432774 57.903358 -0.973519 0.169239 0.153682 0.781291 0.950803 1 20 1.000000
  20 26.024843 0.472247 58.050854 -0.981282 0.156828 0.111757 0.765948 0.950803 1 20 1.000000
ring
  20 25.998295 0.432774 57.903358 -0.973519 0.169239 0.153682 0.781291 0.950803 1 20 1.000000
  20 26.024443 0.468073 58.053169 -0.981259 0.156876 0.111897 0.765948 0.950803 1 20 1.000000
  20 26.024843 0.472247 58.050854 -0.981282 0.156828 0.111757 0.765948 0.950803 1 20 1.000000
ring
  20 26.024843 0.472247 58.050854 -0.981282 0.156828 0.111757 0.765948 0.950803 1 20 1.000000
  20 26.024443 0.468073 58.053169 -0.981259 0.156876 0.111897 0.765948 0.950803 1 20 1.000000
  20 26.050604 0.574311 58.164406 -0.989360 0.122823 0.077980 0.750607 0.950803 2 20 0.991855 21 0.008145
ring
  20 26.050587 0.576800 58.160286 -0.989703 0.120851 0.076696 0.750607 0.950803 2 20 0.991855 21 0.008145
  20 26.024843 0.472247 58.050854 -0.981282 0.156828 0.111757 0.765948 0.950803 1 20 1.000000
  20 26.050604 0.574311 58.164406 -0.989360 0.122823 0.077980 0.750607 0.950803 2 20 0.991855 21 0.008145
ring
  20 26.050587 0.576800 58.160286 -0.989703 0.120851 0.076696 0.750607 0.950803 2 20 0.991855 21 0.008145
  20 26.050604 0.574311 58.164406 -0.989360 0.122823 0.077980 0.750607 0.950803 2 20 0.991855 21 0.008145
  20 26.066458 0.723952 58.183548 -0.994035 0.084541 0.068906 0.735267 0.950803 2 20 0.991855 21 0.008145
ring
  20 26.050604 0.574311 58.164406 -0.989360 0.122823 0.077980 0.750607 0.950803 2 20 0.991855 21 0.008145
  20 26.066784 0.723838 58.188354 -0.994027 0.084505 0.069056 0.735267 0.950803 2 20 0.991855 21 0.008145
  20 26.066458 0.723952 58.183548 -0.994035 0.084541 0.068906 0.735267 0.950803 2 20 0.991855 21 0.008145
ring
  20 26.066458 0.723952 58.183548 -0.994035 0.084541 0.068906 0.735267 0.950803 2 20 0.991855 21 0.008145
  20 26.066784 0.723838 58.188354 -0.994027 0.084505 0.069056 0.735267 0.950803 2 20 0.991855 21 0.008145
  20 26.076580 0.874719 58.170509 -0.996319 0.044538 0.073249 0.719928 0.950803 2 20 0.991855 21 0.008145
ring
  20 26.076172 0.872445 58.166286 -0.996324 0.046518 0.071933 0.719928 0.950803 2 20 0.991855 21 0.008145
  20 26.066458 0.723952 58.183548 -0.994035 0.084541 0.068906 0.735267 0.950803 2 20 0.991855 21 0.008145
  20 26.076580 0.874719 58.170509 -0.996319 0.044538 0.073249 0.719928 0.950803 2 20 0.991855 21 0.008145
ring
  20 26.076172 0.872445 58.166286 -0.996324 0.046518 0.071933 0.719928 0.950803 2 20 0.991855 21 0.008145
  20 26.076580 0.874719 58.170509 -0.996319 0.044538 0.073249 0.719928 0.950803 2 20 0.991855 21 0.008145
  20 26.069170 0.984239 58.061134 -0.993717 0.013665 0.111084 0.704581 0.950803 2 20 0.991855 21 0.008145
ring
  20 26.076580 0.874719 58.170509 -0.996319 0.044538 0.073249 0.719928 0.950803 2 20 0.991855 21 0.008145
  20 26.069508 0.988333 58.063629 -0.993706 0.013578 0.111194 0.704581 0.950803 2 20 0.991855 21 0.008145
  20 26.069170 0.984239 58.061134 -0.993717 0.013665 0.111084 0.704581 0.950803 2 20 0.991855 21 0.008145
ring
  20 26.069170 0.984239 58.061134 -0.993717 0.013665 0.111084 0.704581 0.950803 2 20 0.991855 21 0.008145
  20 26.069508 0.988333 58.063629 -0.993706 0.013578 0.111194 0.704581 0.950803 2 20 0.991855 21 0.008145
  20 26.050297 1.028760 57.915291 -0.991893 -0.005008 0.126973 0.688828 0.950803 2 20 0.991855 21 0.008145
ring
  20 26.069508 0.988333 58.063629 -0.993706 0.013578 0.111194 0.704581 0.950803 2 20 0.991855 21 0.008145
  20 26.050293 1.033558 57.915459 -0.991898 -0.005124 0.126934 0.688828 0.950803 2 20 0.991855 21 0.008145
  20 26.050297 1.028760 57.915291 -0.991893 -0.005008 0.126973 0.688828 0.950803 2 20 0.991855 21 0.008145
ring
  20 26.023054 0.587248 57.640396 0.996340 -0.040386 -0.075341 0.811959 0.938316 1 20 1.000000
  20 26.029963 0.738775 57.603466 0.993738 -0.084396 -0.073230 0.827303 0.938316 1 20 1.000000
  20 26.030306 0.738664 57.608250 0.993737 -0.084426 -0.073209 0.827303 0.938316 1 20 1.000000
ring
  20 26.023466 0.589557 57.644611 0.996350 -0.040455 -0.075161 0.811959 0.938316 1 20 1.000000
  20 26.023054 0.587248 57.640396 0.996340 -0.040386 -0.075341 0.811959 0.938316 1 20 1.000000
  20 26.030306 0.738664 57.608250 0.993737 -0.084426 -0.073209 0.827303 0.938316 1 20 1.000000
ring
  20 26.030306 0.738664 57.608250 0.993737 -0.084426 -0.073209 0.827303 0.938316 1 20 1.000000
  20 26.029963 0.738775 57.603466 0.993738 -0.084396 -0.073230 0.827303 0.938316 1 20 1.000000
  20 26.049074 0.885202 57.650490 0.988697 -0.126698 -0.080164 0.842647 0.938316 1 20 1.000000
ring
  20 26.030128 0.473700 57.747284 0.994367 -0.004733 -0.105883 0.796615 0.938316 1 20 1.000000
  20 26.023054 0.587248 57.640396 0.996340 -0.040386 -0.075341 0.811959 0.938316 1 20 1.000000
  20 26.023466 0.589557 57.644611 0.996350 -0.040455 -0.075161 0.811959 0.938316 1 20 1.000000
ring
  20 26.029963 0.738775 57.603466 0.993738 -0.084396 -0.073230 0.827303 0.938316 1 20 1.000000
  20 26.049055 0.887657 57.646370 0.988727 -0.126556 -0.080010 0.842647 0.938316 1 20 1.000000
  20 26.049074 0.885202 57.650490 0.988697 -0.126698 -0.080164 0.842647 0.938316 1 20 1.000000
ring
  20 26.030416 0.477761 57.749779 0.994371 -0.004708 -0.105847 0.796615 0.938316 1 20 1.000000
  20 26.030128 0.473700 57.747284 0.994367 -0.004733 -0.105883 0.796615 0.938316 1 20 1.000000
  20 26.023466 0.589557 57.644611 0.996350 -0.040455 -0.075161 0.811959 0.938316 1 20 1.000000
ring
  20 26.049074 0.885202 57.650490 0.988697 -0.126698 -0.080164 0.842647 0.938316 1 20 1.000000
  20 26.049055 0.887657 57.646370 0.988727 -0.126556 -0.080010 0.842647 0.938316 1 20 1.000000
  20 26.074734 0.989886 57.760063 0.981249 -0.157907 -0.110523 0.857999 0.938316 2 20 0.991855 21 0.008145
ring
  20 26.030416 0.477761 57.749779 0.994371 -0.004708 -0.105847 0.796615 0.938316 1 20 1.000000
  20 26.049328 0.433295 57.895538 0.988615 0.007342 -0.150289 0.781272 0.938316 2 20 0.991855 21 0.008145
  20 26.030128 0.473700 57.747284 0.994367 -0.004733 -0.105883 0.796615 0.938316 1 20 1.000000
ring
  20 26.049055 0.887657 57.646370 0.988727 -0.126556 -0.080010 0.842647 0.938316 1 20 1.000000
  20 26.075138 0.994027 57.757748 0.981239 -0.157936 -0.110568 0.857999 0.938316 2 20 0.991855 21 0.008145
  20 26.074734 0.989886 57.760063 0.981249 -0.157907 -0.110523 0.857999 0.938316 2 20 0.991855 21 0.008145
ring
  20 26.049328 0.433295 57.895538 0.988615 0.007342 -0.150289 0.781272 0.938316 2 20 0.991855 21 0.008145
  20 26.049339 0.428498 57.895367 0.988621 0.007407 -0.150247 0.781272 0.938316 2 20 0.991855 21 0.008145
  20 26.030128 0.473700 57.747284 0.994367 -0.004733 -0.105883 0.796615 0.938316 1 20 1.000000
ring
  20 26.074734 0.989886 57.760063 0.981249 -0.157907 -0.110523 0.857999 0.938316 2 20 0.991855 21 0.008145
  20 26.075138 0.994027 57.757748 0.981239 -0.157936 -0.110568 0.857999 0.938316 2 20 0.991855 21 0.008145
  20 26.100481 1.024585 57.907509 0.976961 -0.168550 -0.130915 0.873757 0.938316 2 20 0.991855 21 0.008145
ring
  20 26.075138 0.994027 57.757748 0.981239 -0.157936 -0.110568 0.857999 0.938316 2 20 0.991855 21 0.008145
  20 26.101301 1.029315 57.907547 0.976962 -0.168539 -0.130917 0.873757 0.938316 2 20 0.991855 21 0.008145
  20 26.100481 1.024585 57.907509 0.976961 -0.168550 -0.130915 0.873757 0.938316 2 20 0.991855 21 0.008145
ring
  20 26.075481 0.463752 58.045193 0.981659 -0.011397 -0.190305 0.765929 0.938316 2 20 0.991855 21 0.008145
  20 26.049339 0.428498 57.895367 0.988621 0.007407 -0.150247 0.781272 0.938316 2 20 0.991855 21 0.008145
  20 26.049328 0.433295 57.895538 0.988615 0.007342 -0.150289 0.781272 0.938316 2 20 0.991855 21 0.008145
ring
  20 26.075096 0.467994 58.042953 0.981675 -0.011458 -0.190219 0.765929 0.938316 2 20 0.991855 21 0.008145
  20 26.075481 0.463752 58.045193 0.981659 -0.011397 -0.190305 0.765929 0.938316 2 20 0.991855 21 0.008145
  20 26.049328 0.433295 57.895538 0.988615 0.007342 -0.150289 0.781272 0.938316 2 20 0.991855 21 0.008145
ring
  20 26.101610 0.570067 58.156502 0.973871 -0.043080 -0.222978 0.750588 0.938316 2 20 0.991855 21 0.008145
  20 26.075481 0.463752 58.045193 0.981659 -0.011397 -0.190305 0.765929 0.938316 2 20 0.991855 21 0.008145
  20 26.075096 0.467994 58.042953 0.981675 -0.011458 -0.190219 0.765929 0.938316 2 20 0.991855 21 0.008145
ring
  20 26.100807 0.572624 58.152500 0.973511 -0.044926 -0.224182 0.750588 0.938316 2 20 0.991855 21 0.008145
  20 26.101610 0.570067 58.156502 0.973871 -0.043080 -0.222978 0.750588 0.938316 2 20 0.991855 21 0.008145
  20 26.075096 0.467994 58.042953 0.981675 -0.011458 -0.190219 0.765929 0.938316 2 20 0.991855 21 0.008145
ring
  20 26.100807 0.572624 58.152500 0.973511 -0.044926 -0.224182 0.750588 0.938316 2 20 0.991855 21 0.008145
  20 26.116667 0.719777 58.175789 0.968769 -0.079058 -0.235022 0.735248 0.938316 2 20 0.991855 21 0.008145
  20 26.101610 0.570067 58.156502 0.973871 -0.043080 -0.222978 0.750588 0.938316 2 20 0.991855 21 0.008145
ring
  20 26.116667 0.719777 58.175789 0.968769 -0.079058 -0.235022 0.735248 0.938316 2 20 0.991855 21 0.008145
  20 26.117771 0.719562 58.180424 0.968804 -0.078974 -0.234906 0.735248 0.938316 2 20 0.991855 21 0.008145
  20 26.101610 0.570067 58.156502 0.973871 -0.043080 -0.222978 0.750588 0.938316 2 20 0.991855 21 0.008145
ring
  20 26.127590 0.870477 58.162586 0.965887 -0.118621 -0.230199 0.719909 0.938316 2 20 0.991855 21 0.008145
  20 26.117771 0.719562 58.180424 0.968804 -0.078974 -0.234906 0.735248 0.938316 2 20 0.991855 21 0.008145
  20 26.116667 0.719777 58.175789 0.968769 -0.079058 -0.235022 0.735248 0.938316 2 20 0.991855 21 0.008145
ring
  20 26.126347 0.868269 58.158508 0.965832 -0.116556 -0.231479 0.719909 0.938316 2 20 0.991855 21 0.008145
  20 26.127590 0.870477 58.162586 0.965887 -0.118621 -0.230199 0.719909 0.938316 2 20 0.991855 21 0.008145
  20 26.116667 0.719777 58.175789 0.968769 -0.079058 -0.235022 0.735248 0.938316 2 20 0.991855 21 0.008145
ring
  20 26.126347 0.868269 58.158508 0.965832 -0.116556 -0.231479 0.719909 0.938316 2 20 0.991855 21 0.008145
  20 26.119350 0.980063 58.053352 0.968183 -0.154945 -0.196502 0.704574 0.938316 2 20 0.991855 21 0.008145
  20 26.127590 0.870477 58.162586 0.965887 -0.118621 -0.230199 0.719909 0.938316 2 20 0.991855 21 0.008145
ring
  20 26.119350 0.980063 58.053352 0.968183 -0.154945 -0.196502 0.704574 0.938316 2 20 0.991855 21 0.008145
  20 26.120476 0.984091 58.055717 0.968197 -0.155022 -0.196374 0.704574 0.938316 2 20 0.991855 21 0.008145
  20 26.127590 0.870477 58.162586 0.965887 -0.118621 -0.230199 0.719909 0.938316 2 20 0.991855 21 0.008145
ring
  20 26.119350 0.980063 58.053352 0.968183 -0.154945 -0.196502 0.704574 0.938316 2 20 0.991855 21 0.008145
  20 26.100481 1.024585 57.907509 0.970004 -0.167148 -0.176504 0.688828 0.938316 2 20 0.991855 21 0.008145
  20 26.120476 0.984091 58.055717 0.968197 -0.155022 -0.196374 0.704574 0.938316 2 20 0.991855 21 0.008145
ring
  20 26.100481 1.024585 57.907509 0.970004 -0.167148 -0.176504 0.688828 0.938316 2 20 0.991855 21 0.008145
  20 26.101301 1.029315 57.907547 0.970003 -0.167152 -0.176503 0.688828 0.938316 2 20 0.991855 21 0.008145
  20 26.120476 0.984091 58.055717 0.968197 -0.155022 -0.196374 0.704574 0.938316 2 20 0.991855 21 0.008145
ring
  20 26.027918 0.656682 58.181393 -0.210597 0.081909 -0.974135 0.858274 0.965039 2 20 0.991855 21 0.008145
  20 26.020741 0.718493 58.188137 -0.210678 0.082178 -0.974095 0.862995 0.965481 2 20 0.991855 21 0.008145
  20 26.121279 0.712180 58.165863 -0.210638 0.082013 -0.974118 0.860127 0.968952 2 20 0.991855 21 0.008145
ring
  20 26.020741 0.718493 58.188137 -0.210678 0.082178 -0.974095 0.862995 0.965481 2 20 0.991855 21 0.008145
  20 26.037426 0.778738 58.189629 -0.210799 0.082153 -0.974071 0.867038 0.966744 2 20 0.986111 21 0.013889
  20 26.121279 0.712180 58.165863 -0.210638 0.082013 -0.974118 0.860127 0.968952 2 20 0.991855 21 0.008145
ring
  20 26.126532 0.666655 58.160912 -0.212758 0.084326 -0.973459 0.856652 0.968627 2 20 0.991855 21 0.008145
  20 26.027918 0.656682 58.181393 -0.210597 0.081909 -0.974135 0.858274 0.965039 2 20 0.991855 21 0.008145
  20 26.121279 0.712180 58.165863 -0.210638 0.082013 -0.974118 0.860127 0.968952 2 20 0.991855 21 0.008145
ring
  20 26.037426 0.778738 58.189629 -0.210799 0.082153 -0.974071 0.867038 0.966744 2 20 0.986111 21 0.013889
  20 26.133545 0.756481 58.166946 -0.208936 0.083640 -0.974346 0.863101 0.969881 2 20 0.986111 21 0.013889
  20 26.121279 0.712180 58.165863 -0.210638 0.082013 -0.974118 0.860127 0.968952 2 20 0.991855 21 0.008145
ring
  20 26.126532 0.666655 58.160912 -0.212758 0.084326 -0.973459 0.856652 0.968627 2 20 0.991855 21 0.008145
  20 26.057758 0.602741 58.170395 -0.212736 0.081772 -0.973682 0.853592 0.965487 2 20 0.991855 21 0.008145
  20 26.027918 0.656682 58.181393 -0.210597 0.081909 -0.974135 0.858274 0.965039 2 20 0.991855 21 0.008145
ring
  20 26.075333 0.828374 58.185589 -0.209530 0.081379 -0.974410 0.869785 0.968637 2 20 0.986111 21 0.013889
  20 26.133545 0.756481 58.166946 -0.208936 0.083640 -0.974346 0.863101 0.969881 2 20 0.986111 21 0.013889
  20 26.037426 0.778738 58.189629 -0.210799 0.082153 -0.974071 0.867038 0.966744 2 20 0.986111 21 0.013889
ring
  20 26.057758 0.602741 58.170395 -0.212736 0.081772 -0.973682 0.853592 0.965487 2 20 0.991855 21 0.008145
  20 26.126532 0.666655 58.160912 -0.212758 0.084326 -0.973459 0.856652 0.968627 2 20 0.991855 21 0.008145
  20 26.148918 0.625778 58.152206 -0.216562 0.084605 -0.972596 0.853207 0.968956 2 20 0.883059 21 0.116941
ring
  20 26.075333 0.828374 58.185589 -0.209530 0.081379 -0.974410 0.869785 0.968637 2 20 0.986111 21 0.013889
  20 26.161518 0.791214 58.164101 -0.206766 0.082970 -0.974866 0.865122 0.971274 2 20 0.833333 21 0.166667
  20 26.133545 0.756481 58.166946 -0.208936 0.083640 -0.974346 0.863101 0.969881 2 20 0.986111 21 0.013889
ring
  20 26.057758 0.602741 58.170395 -0.212736 0.081772 -0.973682 0.853592 0.965487 2 20 0.991855 21 0.008145
  20 26.148918 0.625778 58.152206 -0.216562 0.084605 -0.972596 0.853207 0.968956 2 20 0.883059 21 0.116941
  20 26.105785 0.564959 58.156837 -0.217544 0.080215 -0.972749 0.849662 0.966755 2 20 0.991855 21 0.008145
ring
  20 26.075333 0.828374 58.185589 -0.209530 0.081379 -0.974410 0.869785 0.968637 2 20 0.986111 21 0.013889
  20 26.128773 0.859859 58.176655 -0.206630 0.079752 -0.975163 0.870820 0.970871 2 20 0.991855 21 0.008145
  20 26.161518 0.791214 58.164101 -0.206766 0.082970 -0.974866 0.865122 0.971274 2 20 0.833333 21 0.166667
ring
  20 26.148918 0.625778 58.152206 -0.216562 0.084605 -0.972596 0.853207 0.968956 2 20 0.883059 21 0.116941
  20 26.165266 0.547844 58.141762 -0.215986 0.084757 -0.972711 0.847083 0.968652 2 20 0.879115 21 0.120885
  20 26.105785 0.564959 58.156837 -0.217544 0.080215 -0.972749 0.849662 0.966755 2 20 0.991855 21 0.008145
ring
  20 26.161518 0.791214 58.164101 -0.206766 0.082970 -0.974866 0.865122 0.971274 2 20 0.833333 21 0.166667
  20 26.128773 0.859859 58.176655 -0.206630 0.079752 -0.975163 0.870820 0.970871 2 20 0.991855 21 0.008145
  20 26.189449 0.867032 58.164608 -0.198660 0.084810 -0.976392 0.869984 0.973106 2 20 0.883059 21 0.116941
ring
  20 26.148918 0.625778 58.152206 -0.216562 0.084605 -0.972596 0.853207 0.968956 2 20 0.883059 21 0.116941
  20 26.184330 0.598050 58.142025 -0.212209 0.085691 -0.973460 0.850316 0.969890 2 20 0.879115 21 0.120885
  20 26.165266 0.547844 58.141762 -0.215986 0.084757 -0.972711 0.847083 0.968652 2 20 0.879115 21 0.120885
ring
  20 26.200773 0.814482 58.157654 -0.199816 0.087562 -0.975913 0.865884 0.972918 2 20 0.833333 21 0.166667
  20 26.161518 0.791214 58.164101 -0.206766 0.082970 -0.974866 0.865122 0.971274 2 20 0.833333 21 0.166667
  20 26.189449 0.867032 58.164608 -0.198660 0.084810 -0.976392 0.869984 0.973106 2 20 0.883059 21 0.116941
ring
  20 26.226009 0.556430 58.129314 -0.227137 0.085281 -0.970121 0.846247 0.970887 2 20 0.879115 21 0.120885
  20 26.165266 0.547844 58.141762 -0.215986 0.084757 -0.972711 0.847083 0.968652 2 20 0.879115 21 0.120885
  20 26.184330 0.598050 58.142025 -0.212209 0.085691 -0.973460 0.850316 0.969890 2 20 0.879115 21 0.120885
ring
  20 26.248106 0.847658 58.151608 -0.195276 0.098271 -0.975812 0.867404 0.975003 2 20 0.500000 21 0.500000
  20 26.200773 0.814482 58.157654 -0.199816 0.087562 -0.975913 0.865884 0.972918 2 20 0.833333 21 0.166667
  20 26.189449 0.867032 58.164608 -0.198660 0.084810 -0.976392 0.869984 0.973106 2 20 0.883059 21 0.116941
ring
  20 26.227682 0.586453 58.131607 -0.232353 0.086909 -0.968741 0.848418 0.971285 2 20 0.879115 21 0.120885
  20 26.226009 0.556430 58.129314 -0.227137 0.085281 -0.970121 0.846247 0.970887 2 20 0.879115 21 0.120885
  20 26.184330 0.598050 58.142025 -0.212209 0.085691 -0.973460 0.850316 0.969890 2 20 0.879115 21 0.120885
ring
  20 26.248106 0.847658 58.151608 -0.195276 0.098271 -0.975812 0.867404 0.975003 2 20 0.500000 21 0.500000
  21 26.245451 0.817696 58.149143 -0.203345 0.098160 -0.974174 0.865269 0.974563 2 21 0.501886 20 0.498114
  20 26.200773 0.814482 58.157654 -0.199816 0.087562 -0.975913 0.865884 0.972918 2 20 0.833333 21 0.166667
ring
  20 26.226009 0.556430 58.129314 -0.227137 0.085281 -0.970121 0.846247 0.970887 2 20 0.879115 21 0.120885
  20 26.227682 0.586453 58.131607 -0.232353 0.086909 -0.968741 0.848418 0.971285 2 20 0.879115 21 0.120885
  20 26.274006 0.589857 58.119648 -0.232774 0.075981 -0.969558 0.847803 0.972930 2 20 0.500000 21 0.500000
ring
  20 26.248106 0.847658 58.151608 -0.195276 0.098271 -0.975812 0.867404 0.975003 2 20 0.500000 21 0.500000
  21 26.288853 0.806589 58.138474 -0.137211 0.170912 -0.975685 0.863371 0.975958 2 21 0.501886 20 0.498114
  21 26.245451 0.817696 58.149143 -0.203345 0.098160 -0.974174 0.865269 0.974563 2 21 0.501886 20 0.498114
ring
  20 26.281040 0.585151 58.117630 -0.222886 0.083052 -0.971300 0.847282 0.973121 2 20 0.500000 21 0.500000
  20 26.226009 0.556430 58.129314 -0.227137 0.085281 -0.970121 0.846247 0.970887 2 20 0.879115 21 0.120885
  20 26.274006 0.589857 58.119648 -0.232774 0.075981 -0.969558 0.847803 0.972930 2 20 0.500000 21 0.500000
ring
  20 26.274006 0.589857 58.119648 -0.232774 0.075981 -0.969558 0.847803 0.972930 2 20 0.500000 21 0.500000
  20 26.293234 0.601471 58.116585 -0.213349 0.097355 -0.972113 0.848178 0.973739 2 20 0.500000 21 0.500000
  20 26.281040 0.585151 58.117630 -0.222886 0.083052 -0.971300 0.847282 0.973121 2 20 0.500000 21 0.500000
ring
  21 26.288853 0.806589 58.138474 -0.137211 0.170912 -0.975685 0.863371 0.975958 2 21 0.501886 20 0.498114
  20 26.248106 0.847658 58.151608 -0.195276 0.098271 -0.975812 0.867404 0.975003 2 20 0.500000 21 0.500000
  21 26.296482 0.807612 58.137703 -0.122030 0.174252 -0.977110 0.863475 0.976271 2 21 0.879115 20 0.120885
ring
  21 26.306503 0.790324 58.133488 -0.120549 0.168232 -0.978348 0.861948 0.976417 2 21 0.879115 20 0.120885
  21 26.288853 0.806589 58.138474 -0.137211 0.170912 -0.975685 0.863371 0.975958 2 21 0.501886 20 0.498114
  21 26.296482 0.807612 58.137703 -0.122030 0.174252 -0.977110 0.863475 0.976271 2 21 0.879115 20 0.120885
ring
  20 26.189449 0.867032 58.164608 0.112898 0.991496 0.064718 0.869984 0.973106 2 20 0.883059 21 0.116941
  20 26.193356 0.865427 58.182701 0.116776 0.991208 0.062208 0.869984 0.973106 2 20 0.883059 21 0.116941
  20 26.252066 0.845807 58.169632 0.484027 0.874876 -0.017568 0.867404 0.975003 2 20 0.500000 21 0.500000
ring
  20 26.189449 0.867032 58.164608 0.112898 0.991496 0.064718 0.869984 0.973106 2 20 0.883059 21 0.116941
  20 26.128773 0.859859 58.176655 -0.293113 0.945410 0.142420 0.870820 0.970871 2 20 0.991855 21 0.008145
  20 26.193356 0.865427 58.182701 0.116776 0.991208 0.062208 0.869984 0.973106 2 20 0.883059 21 0.116941
ring
  20 26.248106 0.847658 58.151608 0.479788 0.877265 -0.014442 0.867404 0.975003 2 20 0.500000 21 0.500000
  20 26.189449 0.867032 58.164608 0.112898 0.991496 0.064718 0.869984 0.973106 2 20 0.883059 21 0.116941
  20 26.252066 0.845807 58.169632 0.484027 0.874876 -0.017568 0.867404 0.975003 2 20 0.500000 21 0.500000
ring
  20 26.128773 0.859859 58.176655 -0.293113 0.945410 0.142420 0.870820 0.970871 2 20 0.991855 21 0.008145
  20 26.132679 0.858359 58.194721 -0.292181 0.945793 0.141793 0.870820 0.970871 2 20 0.991855 21 0.008145
  20 26.193356 0.865427 58.182701 0.116776 0.991208 0.062208 0.869984 0.973106 2 20 0.883059 21 0.116941
ring
  20 26.248106 0.847658 58.151608 0.479788 0.877265 -0.014442 0.867404 0.975003 2 20 0.500000 21 0.500000
  20 26.252066 0.845807 58.169632 0.484027 0.874876 -0.017568 0.867404 0.975003 2 20 0.500000 21 0.500000
  21 26.300484 0.805514 58.155739 0.747947 0.657514 -0.090829 0.863475 0.976271 2 21 0.879115 20 0.120885
ring
  20 26.128773 0.859859 58.176655 -0.293113 0.945410 0.142420 0.870820 0.970871 2 20 0.991855 21 0.008145
  20 26.075333 0.828374 58.185589 -0.634884 0.746215 0.200212 0.869785 0.968637 2 20 0.986111 21 0.013889
  20 26.132679 0.858359 58.194721 -0.292181 0.945793 0.141793 0.870820 0.970871 2 20 0.991855 21 0.008145
ring
  21 26.296482 0.807612 58.137703 0.746767 0.659105 -0.088991 0.863475 0.976271 2 21 0.879115 20 0.120885
  20 26.248106 0.847658 58.151608 0.479788 0.877265 -0.014442 0.867404 0.975003 2 20 0.500000 21 0.500000
  21 26.300484 0.805514 58.155739 0.747947 0.657514 -0.090829 0.863475 0.976271 2 21 0.879115 20 0.120885
ring
  20 26.075333 0.828374 58.185589 -0.634884 0.746215 0.200212 0.869785 0.968637 2 20 0.986111 21 0.013889
  20 26.079275 0.826870 58.203682 -0.634645 0.746405 0.200264 0.869785 0.968637 2 20 0.986111 21 0.013889
  20 26.132679 0.858359 58.194721 -0.292181 0.945793 0.141793 0.870820 0.970871 2 20 0.991855 21 0.008145
ring
  21 26.306503 0.790324 58.133488 0.843551 0.521637 -0.127732 0.861948 0.976417 2 21 0.879115 20 0.120885
  21 26.296482 0.807612 58.137703 0.746767 0.659105 -0.088991 0.863475 0.976271 2 21 0.879115 20 0.120885
  21 26.300484 0.805514 58.155739 0.747947 0.657514 -0.090829 0.863475 0.976271 2 21 0.879115 20 0.120885
ring
  21 26.310528 0.788262 58.151501 0.842882 0.522517 -0.128557 0.861948 0.976417 2 21 0.879115 20 0.120885
  21 26.306503 0.790324 58.133488 0.843551 0.521637 -0.127732 0.861948 0.976417 2 21 0.879115 20 0.120885
  21 26.300484 0.805514 58.155739 0.747947 0.657514 -0.090829 0.863475 0.976271 2 21 0.879115 20 0.120885
ring
  20 26.075333 0.828374 58.185589 -0.634884 0.746215 0.200212 0.869785 0.968637 2 20 0.986111 21 0.013889
  20 26.037426 0.778738 58.189629 -0.870389 0.437606 0.225662 0.867038 0.966744 2 20 0.986111 21 0.013889
  20 26.079275 0.826870 58.203682 -0.634645 0.746405 0.200264 0.869785 0.968637 2 20 0.986111 21 0.013889
ring
  20 26.037426 0.778738 58.189629 -0.870389 0.437606 0.225662 0.867038 0.966744 2 20 0.986111 21 0.013889
  20 26.041336 0.777200 58.207695 -0.870476 0.437457 0.225615 0.867038 0.966744 2 20 0.986111 21 0.013889
  20 26.079275 0.826870 58.203682 -0.634645 0.746405 0.200264 0.869785 0.968637 2 20 0.986111 21 0.013889
ring
  20 26.024681 0.716992 58.206234 -0.974148 0.062080 0.217214 0.862995 0.965481 2 20 0.991855 21 0.008145
  20 26.041336 0.777200 58.207695 -0.870476 0.437457 0.225615 0.867038 0.966744 2 20 0.986111 21 0.013889
  20 26.037426 0.778738 58.189629 -0.870389 0.437606 0.225662 0.867038 0.966744 2 20 0.986111 21 0.013889
ring
  20 26.020741 0.718493 58.188137 -0.974254 0.061685 0.216849 0.862995 0.965481 2 20 0.991855 21 0.008145
  20 26.024681 0.716992 58.206234 -0.974148 0.062080 0.217214 0.862995 0.965481 2 20 0.991855 21 0.008145
  20 26.037426 0.778738 58.189629 -0.870389 0.437606 0.225662 0.867038 0.966744 2 20 0.986111 21 0.013889
ring
  20 26.031784 0.655147 58.199512 -0.930431 -0.323688 0.171824 0.858274 0.965039 2 20 0.991855 21 0.008145
  20 26.024681 0.716992 58.206234 -0.974148 0.062080 0.217214 0.862995 0.965481 2 20 0.991855 21 0.008145
  20 26.020741 0.718493 58.188137 -0.974254 0.061685 0.216849 0.862995 0.965481 2 20 0.991855 21 0.008145
ring
  20 26.027918 0.656682 58.181393 -0.930558 -0.323695 0.171122 0.858274 0.965039 2 20 0.991855 21 0.008145
  20 26.031784 0.655147 58.199512 -0.930431 -0.323688 0.171824 0.858274 0.965039 2 20 0.991855 21 0.008145
  20 26.020741 0.718493 58.188137 -0.974254 0.061685 0.216849 0.862995 0.965481 2 20 0.991855 21 0.008145
ring
  20 26.027918 0.656682 58.181393 -0.930558 -0.323695 0.171122 0.858274 0.965039 2 20 0.991855 21 0.008145
  20 26.057758 0.602741 58.170395 -0.743682 -0.660145 0.105574 0.853592 0.965487 2 20 0.991855 21 0.008145
  20 26.031784 0.655147 58.199512 -0.930431 -0.323688 0.171824 0.858274 0.965039 2 20 0.991855 21 0.008145
ring
  20 26.057758 0.602741 58.170395 -0.743682 -0.660145 0.105574 0.853592 0.965487 2 20 0.991855 21 0.008145
  20 26.061674 0.601240 58.188507 -0.743742 -0.660004 0.106029 0.853592 0.965487 2 20 0.991855 21 0.008145
  20 26.031784 0.655147 58.199512 -0.930431 -0.323688 0.171824 0.858274 0.965039 2 20 0.991855 21 0.008145
ring
  20 26.109697 0.563424 58.174908 -0.452283 -0.891594 0.022355 0.849662 0.966755 2 20 0.991855 21 0.008145
  20 26.061674 0.601240 58.188507 -0.743742 -0.660004 0.106029 0.853592 0.965487 2 20 0.991855 21 0.008145
  20 26.057758 0.602741 58.170395 -0.743682 -0.660145 0.105574 0.853592 0.965487 2 20 0.991855 21 0.008145
ring
  20 26.105785 0.564959 58.156837 -0.451143 -0.892187 0.021742 0.849662 0.966755 2 20 0.991855 21 0.008145
  20 26.109697 0.563424 58.174908 -0.452283 -0.891594 0.022355 0.849662 0.966755 2 20 0.991855 21 0.008145
  20 26.057758 0.602741 58.170395 -0.743682 -0.660145 0.105574 0.853592 0.965487 2 20 0.991855 21 0.008145
ring
  20 26.169184 0.546271 58.159824 -0.085338 -0.994033 -0.067938 0.847083 0.968652 2 20 0.879115 21 0.120885
  20 26.109697 0.563424 58.174908 -0.452283 -0.891594 0.022355 0.849662 0.966755 2 20 0.991855 21 0.008145
  20 26.105785 0.564959 58.156837 -0.451143 -0.892187 0.021742 0.849662 0.966755 2 20 0.991855 21 0.008145
ring
  20 26.165266 0.547844 58.141762 -0.083994 -0.994102 -0.068600 0.847083 0.968652 2 20 0.879115 21 0.120885
  20 26.169184 0.546271 58.159824 -0.085338 -0.994033 -0.067938 0.847083 0.968652 2 20 0.879115 21 0.120885
  20 26.105785 0.564959 58.156837 -0.451143 -0.892187 0.021742 0.849662 0.966755 2 20 0.991855 21 0.008145
ring
  20 26.229958 0.554822 58.147400 0.272973 -0.951011 -0.145132 0.846247 0.970887 2 20 0.879115 21 0.120885
  20 26.169184 0.546271 58.159824 -0.085338 -0.994033 -0.067938 0.847083 0.968652 2 20 0.879115 21 0.120885
  20 26.165266 0.547844 58.141762 -0.083994 -0.994102 -0.068600 0.847083 0.968652 2 20 0.879115 21 0.120885
ring
  20 26.226009 0.556430 58.129314 0.276928 -0.949904 -0.144889 0.846247 0.970887 2 20 0.879115 21 0.120885
  20 26.229958 0.554822 58.147400 0.272973 -0.951011 -0.145132 0.846247 0.970887 2 20 0.879115 21 0.120885
  20 26.165266 0.547844 58.141762 -0.083994 -0.994102 -0.068600 0.847083 0.968652 2 20 0.879115 21 0.120885
ring
  20 26.226009 0.556430 58.129314 0.276928 -0.949904 -0.144889 0.846247 0.970887 2 20 0.879115 21 0.120885
  20 26.281040 0.585151 58.117630 0.615842 -0.758794 -0.212059 0.847282 0.973121 2 20 0.500000 21 0.500000
  20 26.229958 0.554822 58.147400 0.272973 -0.951011 -0.145132 0.846247 0.970887 2 20 0.879115 21 0.120885
ring
  20 26.281040 0.585151 58.117630 0.615842 -0.758794 -0.212059 0.847282 0.973121 2 20 0.500000 21 0.500000
  20 26.285000 0.583300 58.135658 0.610763 -0.762770 -0.212484 0.847282 0.973121 2 20 0.500000 21 0.500000
  20 26.229958 0.554822 58.147400 0.272973 -0.951011 -0.145132 0.846247 0.970887 2 20 0.879115 21 0.120885
ring
  20 26.281040 0.585151 58.117630 0.615842 -0.758794 -0.212059 0.847282 0.973121 2 20 0.500000 21 0.500000
  20 26.293234 0.601471 58.116585 0.772308 -0.591995 -0.230395 0.848178 0.973739 2 20 0.500000 21 0.500000
  20 26.285000 0.583300 58.135658 0.610763 -0.762770 -0.212484 0.847282 0.973121 2 20 0.500000 21 0.500000
ring
  20 26.293234 0.601471 58.116585 0.772308 -0.591995 -0.230395 0.848178 0.973739 2 20 0.500000 21 0.500000
  20 26.297201 0.599618 58.134655 0.772466 -0.591834 -0.230278 0.848178 0.973739 2 20 0.500000 21 0.500000
  20 26.285000 0.583300 58.135658 0.610763 -0.762770 -0.212484 0.847282 0.973121 2 20 0.500000 21 0.500000
ring
  20 26.031784 0.655147 58.199512 0.210908 -0.081768 0.974080 0.858274 0.965039 2 20 0.991855 21 0.008145
  20 26.130440 0.665154 58.178989 0.213086 -0.084356 0.973385 0.856652 0.968627 2 20 0.991855 21 0.008145
  20 26.125216 0.710645 58.183945 0.210898 -0.081819 0.974078 0.860127 0.968952 2 20 0.991855 21 0.008145
ring
  20 26.031784 0.655147 58.199512 0.210908 -0.081768 0.974080 0.858274 0.965039 2 20 0.991855 21 0.008145
  20 26.061674 0.601240 58.188507 0.213059 -0.081775 0.973611 0.853592 0.965487 2 20 0.991855 21 0.008145
  20 26.130440 0.665154 58.178989 0.213086 -0.084356 0.973385 0.856652 0.968627 2 20 0.991855 21 0.008145
ring
  20 26.031784 0.655147 58.199512 0.210908 -0.081768 0.974080 0.858274 0.965039 2 20 0.991855 21 0.008145
  20 26.125216 0.710645 58.183945 0.210898 -0.081819 0.974078 0.860127 0.968952 2 20 0.991855 21 0.008145
  20 26.024681 0.716992 58.206234 0.210800 -0.081829 0.974098 0.862995 0.965481 2 20 0.991855 21 0.008145
ring
  20 26.061674 0.601240 58.188507 0.213059 -0.081775 0.973611 0.853592 0.965487 2 20 0.991855 21 0.008145
  20 26.152836 0.624174 58.170273 0.216396 -0.084706 0.972624 0.853207 0.968956 2 20 0.883059 21 0.116941
  20 26.130440 0.665154 58.178989 0.213086 -0.084356 0.973385 0.856652 0.968627 2 20 0.991855 21 0.008145
ring
  20 26.125216 0.710645 58.183945 0.210898 -0.081819 0.974078 0.860127 0.968952 2 20 0.991855 21 0.008145
  20 26.041336 0.777200 58.207695 0.210873 -0.082110 0.974059 0.867038 0.966744 2 20 0.986111 21 0.013889
  20 26.024681 0.716992 58.206234 0.210800 -0.081829 0.974098 0.862995 0.965481 2 20 0.991855 21 0.008145
ring
  20 26.109697 0.563424 58.174908 0.217876 -0.080475 0.972653 0.849662 0.966755 2 20 0.991855 21 0.008145
  20 26.152836 0.624174 58.170273 0.216396 -0.084706 0.972624 0.853207 0.968956 2 20 0.883059 21 0.116941
  20 26.061674 0.601240 58.188507 0.213059 -0.081775 0.973611 0.853592 0.965487 2 20 0.991855 21 0.008145
ring
  20 26.041336 0.777200 58.207695 0.210873 -0.082110 0.974059 0.867038 0.966744 2 20 0.986111 21 0.013889
  20 26.125216 0.710645 58.183945 0.210898 -0.081819 0.974078 0.860127 0.968952 2 20 0.991855 21 0.008145
  20 26.137459 0.754978 58.185009 0.208890 -0.083709 0.974350 0.863101 0.969881 2 20 0.986111 21 0.013889
ring
  20 26.109697 0.563424 58.174908 0.217876 -0.080475 0.972653 0.849662 0.966755 2 20 0.991855 21 0.008145
  20 26.169184 0.546271 58.159824 0.215527 -0.085262 0.972768 0.847083 0.968652 2 20 0.879115 21 0.120885
  20 26.152836 0.624174 58.170273 0.216396 -0.084706 0.972624 0.853207 0.968956 2 20 0.883059 21 0.116941
ring
  20 26.041336 0.777200 58.207695 0.210873 -0.082110 0.974059 0.867038 0.966744 2 20 0.986111 21 0.013889
  20 26.137459 0.754978 58.185009 0.208890 -0.083709 0.974350 0.863101 0.969881 2 20 0.986111 21 0.013889
  20 26.079275 0.826870 58.203682 0.209586 -0.081584 0.974381 0.869785 0.968637 2 20 0.986111 21 0.013889
ring
  20 26.169184 0.546271 58.159824 0.215527 -0.085262 0.972768 0.847083 0.968652 2 20 0.879115 21 0.120885
  20 26.188259 0.596442 58.160133 0.211272 -0.086109 0.973627 0.850316 0.969890 2 20 0.879115 21 0.120885
  20 26.152836 0.624174 58.170273 0.216396 -0.084706 0.972624 0.853207 0.968956 2 20 0.883059 21 0.116941
ring
  20 26.079275 0.826870 58.203682 0.209586 -0.081584 0.974381 0.869785 0.968637 2 20 0.986111 21 0.013889
  20 26.137459 0.754978 58.185009 0.208890 -0.083709 0.974350 0.863101 0.969881 2 20 0.986111 21 0.013889
  20 26.165470 0.789611 58.182175 0.206558 -0.083088 0.974900 0.865122 0.971274 2 20 0.833333 21 0.166667
ring
  20 26.229958 0.554822 58.147400 0.227355 -0.085017 0.970093 0.846247 0.970887 2 20 0.879115 21 0.120885
  20 26.188259 0.596442 58.160133 0.211272 -0.086109 0.973627 0.850316 0.969890 2 20 0.879115 21 0.120885
  20 26.169184 0.546271 58.159824 0.215527 -0.085262 0.972768 0.847083 0.968652 2 20 0.879115 21 0.120885
ring
  20 26.132679 0.858359 58.194721 0.206587 -0.079464 0.975196 0.870820 0.970871 2 20 0.991855 21 0.008145
  20 26.079275 0.826870 58.203682 0.209586 -0.081584 0.974381 0.869785 0.968637 2 20 0.986111 21 0.013889
  20 26.165470 0.789611 58.182175 0.206558 -0.083088 0.974900 0.865122 0.971274 2 20 0.833333 21 0.166667
ring
  20 26.229958 0.554822 58.147400 0.227355 -0.085017 0.970093 0.846247 0.970887 2 20 0.879115 21 0.120885
  20 26.231604 0.584880 58.149670 0.232761 -0.085877 0.968735 0.848418 0.971285 2 20 0.879115 21 0.120885
  20 26.188259 0.596442 58.160133 0.211272 -0.086109 0.973627 0.850316 0.969890 2 20 0.879115 21 0.120885
ring
  20 26.193356 0.865427 58.182701 0.198699 -0.084727 0.976391 0.869984 0.973106 2 20 0.883059 21 0.116941
  20 26.132679 0.858359 58.194721 0.206587 -0.079464 0.975196 0.870820 0.970871 2 20 0.991855 21 0.008145
  20 26.165470 0.789611 58.182175 0.206558 -0.083088 0.974900 0.865122 0.971274 2 20 0.833333 21 0.166667
ring
  20 26.229958 0.554822 58.147400 0.227355 -0.085017 0.970093 0.846247 0.970887 2 20 0.879115 21 0.120885
  20 26.277994 0.588005 58.137691 0.234373 -0.077920 0.969019 0.847803 0.972930 2 20 0.500000 21 0.500000
  20 26.231604 0.584880 58.149670 0.232761 -0.085877 0.968735 0.848418 0.971285 2 20 0.879115 21 0.120885
ring
  20 26.204674 0.812879 58.175743 0.200002 -0.087552 0.975876 0.865884 0.972918 2 20 0.833333 21 0.166667
  20 26.193356 0.865427 58.182701 0.198699 -0.084727 0.976391 0.869984 0.973106 2 20 0.883059 21 0.116941
  20 26.165470 0.789611 58.182175 0.206558 -0.083088 0.974900 0.865122 0.971274 2 20 0.833333 21 0.166667
ring
  20 26.277994 0.588005 58.137691 0.234373 -0.077920 0.969019 0.847803 0.972930 2 20 0.500000 21 0.500000
  20 26.229958 0.554822 58.147400 0.227355 -0.085017 0.970093 0.846247 0.970887 2 20 0.879115 21 0.120885
  20 26.285000 0.583300 58.135658 0.224785 -0.085786 0.970625 0.847282 0.973121 2 20 0.500000 21 0.500000
ring
  20 26.297201 0.599618 58.134655 0.215100 -0.100510 0.971406 0.848178 0.973739 2 20 0.500000 21 0.500000
  20 26.277994 0.588005 58.137691 0.234373 -0.077920 0.969019 0.847803 0.972930 2 20 0.500000 21 0.500000
  20 26.285000 0.583300 58.135658 0.224785 -0.085786 0.970625 0.847282 0.973121 2 20 0.500000 21 0.500000
ring
  20 26.204674 0.812879 58.175743 0.200002 -0.087552 0.975876 0.865884 0.972918 2 20 0.833333 21 0.166667
  20 26.252066 0.845807 58.169632 0.195462 -0.098441 0.975758 0.867404 0.975003 2 20 0.500000 21 0.500000
  20 26.193356 0.865427 58.182701 0.198699 -0.084727 0.976391 0.869984 0.973106 2 20 0.883059 21 0.116941
ring
  21 26.249411 0.815843 58.167168 0.203794 -0.098163 0.974080 0.865269 0.974563 2 21 0.501886 20 0.498114
  20 26.252066 0.845807 58.169632 0.195462 -0.098441 0.975758 0.867404 0.975003 2 20 0.500000 21 0.500000
  20 26.204674 0.812879 58.175743 0.200002 -0.087552 0.975876 0.865884 0.972918 2 20 0.833333 21 0.166667
ring
  20 26.252066 0.845807 58.169632 0.195462 -0.098441 0.975758 0.867404 0.975003 2 20 0.500000 21 0.500000
  21 26.249411 0.815843 58.167168 0.203794 -0.098163 0.974080 0.865269 0.974563 2 21 0.501886 20 0.498114
  21 26.292809 0.804770 58.156498 0.128625 -0.178081 0.975573 0.863371 0.975958 2 21 0.501886 20 0.498114
ring
  21 26.300484 0.805514 58.155739 0.113625 -0.180992 0.976899 0.863475 0.976271 2 21 0.879115 20 0.120885
  20 26.252066 0.845807 58.169632 0.195462 -0.098441 0.975758 0.867404 0.975003 2 20 0.500000 21 0.500000
  21 26.292809 0.804770 58.156498 0.128625 -0.178081 0.975573 0.863371 0.975958 2 21 0.501886 20 0.498114
ring
  21 26.292809 0.804770 58.156498 0.128625 -0.178081 0.975573 0.863371 0.975958 2 21 0.501886 20 0.498114
  21 26.310528 0.788262 58.151501 0.113356 -0.174511 0.978108 0.861948 0.976417 2 21 0.879115 20 0.120885
  21 26.300484 0.805514 58.155739 0.113625 -0.180992 0.976899 0.863475 0.976271 2 21 0.879115 20 0.120885
ring
  20 26.231604 0.584880 58.149670 0.112677 0.991584 0.063752 0.847083 0.968652 2 20 0.879115 21 0.120885
  20 26.277994 0.588005 58.137691 -0.266303 0.951132 0.156304 0.846247 0.970887 2 20 0.500000 21 0.500000
  20 26.274006 0.589857 58.119648 -0.273265 0.949212 0.155960 0.846247 0.970887 2 20 0.500000 21 0.500000
ring
  20 26.274006 0.589857 58.119648 -0.273265 0.949212 0.155960 0.846247 0.970887 2 20 0.500000 21 0.500000
  20 26.277994 0.588005 58.137691 -0.266303 0.951132 0.156304 0.846247 0.970887 2 20 0.500000 21 0.500000
  20 26.293234 0.601471 58.116585 -0.484712 0.852837 0.194227 0.846757 0.971986 2 20 0.500000 21 0.500000
ring
  20 26.277994 0.588005 58.137691 -0.266303 0.951132 0.156304 0.846247 0.970887 2 20 0.500000 21 0.500000
  20 26.297201 0.599618 58.134655 -0.485055 0.852714 0.193909 0.846757 0.971986 2 20 0.500000 21 0.500000
  20 26.293234 0.601471 58.116585 -0.484712 0.852837 0.194227 0.846757 0.971986 2 20 0.500000 21 0.500000
ring
  20 26.227682 0.586453 58.131607 0.107166 0.992220 0.063359 0.847083 0.968652 2 20 0.879115 21 0.120885
  20 26.231604 0.584880 58.149670 0.112677 0.991584 0.063752 0.847083 0.968652 2 20 0.879115 21 0.120885
  20 26.274006 0.589857 58.119648 -0.273265 0.949212 0.155960 0.846247 0.970887 2 20 0.500000 21 0.500000
ring
  20 26.188259 0.596442 58.160133 0.442953 0.896388 -0.016741 0.849662 0.966755 2 20 0.879115 21 0.120885
  20 26.231604 0.584880 58.149670 0.112677 0.991584 0.063752 0.847083 0.968652 2 20 0.879115 21 0.120885
  20 26.227682 0.586453 58.131607 0.107166 0.992220 0.063359 0.847083 0.968652 2 20 0.879115 21 0.120885
ring
  20 26.184330 0.598050 58.142025 0.443032 0.896353 -0.016537 0.849662 0.966755 2 20 0.879115 21 0.120885
  20 26.188259 0.596442 58.160133 0.442953 0.896388 -0.016741 0.849662 0.966755 2 20 0.879115 21 0.120885
  20 26.227682 0.586453 58.131607 0.107166 0.992220 0.063359 0.847083 0.968652 2 20 0.879115 21 0.120885
ring
  20 26.152836 0.624174 58.170273 0.745200 0.658832 -0.103041 0.853592 0.965487 2 20 0.883059 21 0.116941
  20 26.188259 0.596442 58.160133 0.442953 0.896388 -0.016741 0.849662 0.966755 2 20 0.879115 21 0.120885
  20 26.184330 0.598050 58.142025 0.443032 0.896353 -0.016537 0.849662 0.966755 2 20 0.879115 21 0.120885
ring
  20 26.148918 0.625778 58.152206 0.744657 0.659425 -0.103169 0.853592 0.965487 2 20 0.883059 21 0.116941
  20 26.152836 0.624174 58.170273 0.745200 0.658832 -0.103041 0.853592 0.965487 2 20 0.883059 21 0.116941
  20 26.184330 0.598050 58.142025 0.443032 0.896353 -0.016537 0.849662 0.966755 2 20 0.879115 21 0.120885
ring
  20 26.130440 0.665154 58.178989 0.930687 0.321526 -0.174477 0.858274 0.965039 2 20 0.991855 21 0.008145
  20 26.152836 0.624174 58.170273 0.745200 0.658832 -0.103041 0.853592 0.965487 2 20 0.883059 21 0.116941
  20 26.148918 0.625778 58.152206 0.744657 0.659425 -0.103169 0.853592 0.965487 2 20 0.883059 21 0.116941
ring
  20 26.126532 0.666655 58.160912 0.930194 0.322980 -0.174419 0.858274 0.965039 2 20 0.991855 21 0.008145
  20 26.130440 0.665154 58.178989 0.930687 0.321526 -0.174477 0.858274 0.965039 2 20 0.991855 21 0.008145
  20 26.148918 0.625778 58.152206 0.744657 0.659425 -0.103169 0.853592 0.965487 2 20 0.883059 21 0.116941
ring
  20 26.126532 0.666655 58.160912 0.930194 0.322980 -0.174419 0.858274 0.965039 2 20 0.991855 21 0.008145
  20 26.121279 0.712180 58.165863 0.974215 -0.061777 -0.216997 0.862995 0.965481 2 20 0.991855 21 0.008145
  20 26.130440 0.665154 58.178989 0.930687 0.321526 -0.174477 0.858274 0.965039 2 20 0.991855 21 0.008145
ring
  20 26.121279 0.712180 58.165863 0.974215 -0.061777 -0.216997 0.862995 0.965481 2 20 0.991855 21 0.008145
  20 26.125216 0.710645 58.183945 0.974164 -0.061569 -0.217285 0.862995 0.965481 2 20 0.991855 21 0.008145
  20 26.130440 0.665154 58.178989 0.930687 0.321526 -0.174477 0.858274 0.965039 2 20 0.991855 21 0.008145
ring
  20 26.137459 0.754978 58.185009 0.864244 -0.450016 -0.224872 0.867038 0.966744 2 20 0.986111 21 0.013889
  20 26.125216 0.710645 58.183945 0.974164 -0.061569 -0.217285 0.862995 0.965481 2 20 0.991855 21 0.008145
  20 26.121279 0.712180 58.165863 0.974215 -0.061777 -0.216997 0.862995 0.965481 2 20 0.991855 21 0.008145
ring
  20 26.133545 0.756481 58.166946 0.864756 -0.448803 -0.225328 0.867038 0.966744 2 20 0.986111 21 0.013889
  20 26.137459 0.754978 58.185009 0.864244 -0.450016 -0.224872 0.867038 0.966744 2 20 0.986111 21 0.013889
  20 26.121279 0.712180 58.165863 0.974215 -0.061777 -0.216997 0.862995 0.965481 2 20 0.991855 21 0.008145
ring
  20 26.165470 0.789611 58.182175 0.625441 -0.753423 -0.202924 0.869785 0.968637 2 20 0.833333 21 0.166667
  20 26.137459 0.754978 58.185009 0.864244 -0.450016 -0.224872 0.867038 0.966744 2 20 0.986111 21 0.013889
  20 26.133545 0.756481 58.166946 0.864756 -0.448803 -0.225328 0.867038 0.966744 2 20 0.986111 21 0.013889
ring
  20 26.161518 0.791214 58.164101 0.626026 -0.752801 -0.203426 0.869785 0.968637 2 20 0.833333 21 0.166667
  20 26.165470 0.789611 58.182175 0.625441 -0.753423 -0.202924 0.869785 0.968637 2 20 0.833333 21 0.166667
  20 26.133545 0.756481 58.166946 0.864756 -0.448803 -0.225328 0.867038 0.966744 2 20 0.986111 21 0.013889
ring
  20 26.204674 0.812879 58.175743 0.269476 -0.952373 -0.142715 0.870820 0.970871 2 20 0.833333 21 0.166667
  20 26.165470 0.789611 58.182175 0.625441 -0.753423 -0.202924 0.869785 0.968637 2 20 0.833333 21 0.166667
  20 26.161518 0.791214 58.164101 0.626026 -0.752801 -0.203426 0.869785 0.968637 2 20 0.833333 21 0.166667
ring
  20 26.200773 0.814482 58.157654 0.272115 -0.951307 -0.144801 0.870820 0.970871 2 20 0.833333 21 0.166667
  20 26.204674 0.812879 58.175743 0.269476 -0.952373 -0.142715 0.870820 0.970871 2 20 0.833333 21 0.166667
  20 26.161518 0.791214 58.164101 0.626026 -0.752801 -0.203426 0.869785 0.968637 2 20 0.833333 21 0.166667
ring
  21 26.249411 0.815843 58.167168 -0.106409 -0.991371 -0.076552 0.869984 0.973106 2 21 0.501886 20 0.498114
  20 26.204674 0.812879 58.175743 0.269476 -0.952373 -0.142715 0.870820 0.970871 2 20 0.833333 21 0.166667
  20 26.200773 0.814482 58.157654 0.272115 -0.951307 -0.144801 0.870820 0.970871 2 20 0.833333 21 0.166667
ring
  21 26.245451 0.817696 58.149143 -0.104178 -0.991412 -0.079047 0.869984 0.973106 2 21 0.501886 20 0.498114
  21 26.249411 0.815843 58.167168 -0.106409 -0.991371 -0.076552 0.869984 0.973106 2 21 0.501886 20 0.498114
  20 26.200773 0.814482 58.157654 0.272115 -0.951307 -0.144801 0.870820 0.970871 2 20 0.833333 21 0.166667
ring
  21 26.245451 0.817696 58.149143 -0.104178 -0.991412 -0.079047 0.869984 0.973106 2 21 0.501886 20 0.498114
  21 26.288853 0.806589 58.138474 -0.473349 -0.880751 0.014766 0.867404 0.975003 2 21 0.501886 20 0.498114
  21 26.249411 0.815843 58.167168 -0.106409 -0.991371 -0.076552 0.869984 0.973106 2 21 0.501886 20 0.498114
ring
  21 26.288853 0.806589 58.138474 -0.473349 -0.880751 0.014766 0.867404 0.975003 2 21 0.501886 20 0.498114
  21 26.292809 0.804770 58.156498 -0.477226 -0.878661 0.014502 0.867404 0.975003 2 21 0.501886 20 0.498114
  21 26.249411 0.815843 58.167168 -0.106409 -0.991371 -0.076552 0.869984 0.973106 2 21 0.501886 20 0.498114
ring
  21 26.292809 0.804770 58.156498 -0.477226 -0.878661 0.014502 0.867404 0.975003 2 21 0.501886 20 0.498114
  21 26.288853 0.806589 58.138474 -0.473349 -0.880751 0.014766 0.867404 0.975003 2 21 0.501886 20 0.498114
  21 26.306503 0.790324 58.133488 -0.668146 -0.740960 0.067523 0.865471 0.975627 2 21 0.879115 20 0.120885
ring
  21 26.310528 0.788262 58.151501 -0.670221 -0.739294 0.065172 0.865471 0.975627 2 21 0.879115 20 0.120885
  21 26.292809 0.804770 58.156498 -0.477226 -0.878661 0.014502 0.867404 0.975003 2 21 0.501886 20 0.498114
  21 26.306503 0.790324 58.133488 -0.668146 -0.740960 0.067523 0.865471 0.975627 2 21 0.879115 20 0.120885
ring
  22 24.833223 0.340867 57.675903 0.036986 -0.898584 0.437241 0.858050 0.938396 1 22 1.000000
  22 24.880966 0.338429 57.666859 0.037127 -0.898265 0.437882 0.858050 0.950802 1 22 1.000000
  22 24.915266 0.371752 57.840103 -0.013464 -0.981434 0.191326 0.873405 0.950801 1 22 1.000000
ring
  22 24.867514 0.374157 57.849098 -0.013392 -0.981441 0.191294 0.873405 0.938395 1 22 1.000000
  22 24.833223 0.340867 57.675903 0.036986 -0.898584 0.437241 0.858050 0.938396 1 22 1.000000
  22 24.915266 0.371752 57.840103 -0.013464 -0.981434 0.191326 0.873405 0.950801 1 22 1.000000
ring
  22 24.850203 0.219356 57.533657 0.126397 -0.558224 0.820006 0.842695 0.950803 1 22 1.000000
  22 24.880966 0.338429 57.666859 0.037127 -0.898265 0.437882 0.858050 0.950802 1 22 1.000000
  22 24.833223 0.340867 57.675903 0.036986 -0.898584 0.437241 0.858050 0.938396 1 22 1.000000
ring
  22 24.802435 0.221793 57.542679 0.126235 -0.559072 0.819453 0.842695 0.938397 1 22 1.000000
  22 24.850203 0.219356 57.533657 0.126397 -0.558224 0.820006 0.842695 0.950803 1 22 1.000000
  22 24.833223 0.340867 57.675903 0.036986 -0.898584 0.437241 0.858050 0.938396 1 22 1.000000
ring
  22 24.831161 0.046391 57.476143 0.181722 -0.076774 0.980348 0.827340 0.950804 1 22 1.000000
  22 24.850203 0.219356 57.533657 0.126397 -0.558224 0.820006 0.842695 0.950803 1 22 1.000000
  22 24.802435 0.221793 57.542679 0.126235 -0.559072 0.819453 0.842695 0.938397 1 22 1.000000
ring
  22 24.783422 0.048829 57.485180 0.181613 -0.078005 0.980271 0.827340 0.938399 1 22 1.000000
  22 24.831161 0.046391 57.476143 0.181722 -0.076774 0.980348 0.827340 0.950804 1 22 1.000000
  22 24.802435 0.221793 57.542679 0.126235 -0.559072 0.819453 0.842695 0.938397 1 22 1.000000
ring
  22 24.829010 -0.134067 57.509750 0.188920 0.422979 0.886227 0.811986 0.950805 1 22 1.000000
  22 24.831161 0.046391 57.476143 0.181722 -0.076774 0.980348 0.827340 0.950804 1 22 1.000000
  22 24.783422 0.048829 57.485180 0.181613 -0.078005 0.980271 0.827340 0.938399 1 22 1.000000
ring
  22 24.781239 -0.131630 57.518768 0.188871 0.421949 0.886728 0.811986 0.938400 1 22 1.000000
  22 24.829010 -0.134067 57.509750 0.188920 0.422979 0.886227 0.811986 0.950805 1 22 1.000000
  22 24.783422 0.048829 57.485180 0.181613 -0.078005 0.980271 0.827340 0.938399 1 22 1.000000
ring
  22 24.844269 -0.273709 57.625465 0.146649 0.817653 0.556720 0.796632 0.950806 1 22 1.000000
  22 24.829010 -0.134067 57.509750 0.188920 0.422979 0.886227 0.811986 0.950805 1 22 1.000000
  22 24.781239 -0.131630 57.518768 0.188871 0.421949 0.886728 0.811986 0.938400 1 22 1.000000
ring
  22 24.796522 -0.271272 57.634468 0.146719 0.817182 0.557393 0.796632 0.938401 1 22 1.000000
  22 24.844269 -0.273709 57.625465 0.146649 0.817653 0.556720 0.796632 0.950806 1 22 1.000000
  22 24.781239 -0.131630 57.518768 0.188871 0.421949 0.886728 0.811986 0.938400 1 22 1.000000
ring
  22 24.796522 -0.271272 57.634468 0.146719 0.817182 0.557393 0.796632 0.938401 1 22 1.000000
  22 24.825134 -0.332656 57.801281 0.064084 0.995455 0.070447 0.781278 0.938402 1 22 1.000000
  22 24.844269 -0.273709 57.625465 0.146649 0.817653 0.556720 0.796632 0.950806 1 22 1.000000
ring
  22 24.825134 -0.332656 57.801281 0.064084 0.995455 0.070447 0.781278 0.938402 1 22 1.000000
  22 24.872898 -0.335093 57.792259 0.064016 0.995474 0.070240 0.781278 0.950808 1 22 1.000000
  22 24.844269 -0.273709 57.625465 0.146649 0.817653 0.556720 0.796632 0.950806 1 22 1.000000
ring
  22 24.825134 -0.332656 57.801281 0.064084 0.995455 0.070447 0.781278 0.938402 1 22 1.000000
  22 24.859497 -0.299473 57.974342 -0.037007 0.898472 -0.437469 0.765924 0.938404 2 22 0.991855 23 0.008145
  22 24.872898 -0.335093 57.792259 0.064016 0.995474 0.070240 0.781278 0.950808 1 22 1.000000
ring
  22 24.859497 -0.299473 57.974342 -0.037007 0.898472 -0.437469 0.765924 0.938404 2 22 0.991855 23 0.008145
  22 24.907274 -0.301894 57.965324 -0.036962 0.898637 -0.437133 0.765924 0.950810 2 22 0.991855 23 0.008145
  22 24.872898 -0.335093 57.792259 0.064016 0.995474 0.070240 0.781278 0.950808 1 22 1.000000
ring
  22 24.937973 -0.182828 58.098564 -0.126264 0.559164 -0.819385 0.750570 0.950813 2 22 0.991855 23 0.008145
  22 24.907274 -0.301894 57.965324 -0.036962 0.898637 -0.437133 0.765924 0.950810 2 22 0.991855 23 0.008145
  22 24.859497 -0.299473 57.974342 -0.037007 0.898472 -0.437469 0.765924 0.938404 2 22 0.991855 23 0.008145
ring
  22 24.890223 -0.180437 58.107559 -0.126378 0.558494 -0.819825 0.750570 0.938408 2 22 0.991855 23 0.008145
  22 24.937973 -0.182828 58.098564 -0.126264 0.559164 -0.819385 0.750570 0.950813 2 22 0.991855 23 0.008145
  22 24.859497 -0.299473 57.974342 -0.037007 0.898472 -0.437469 0.765924 0.938404 2 22 0.991855 23 0.008145
ring
  22 24.890223 -0.180437 58.107559 -0.126378 0.558494 -0.819825 0.750570 0.938408 2 22 0.991855 23 0.008145
  22 24.909161 -0.007605 58.165085 -0.180951 0.077337 -0.980446 0.735216 0.938413 2 22 0.986111 23 0.013889
  22 24.937973 -0.182828 58.098564 -0.126264 0.559164 -0.819385 0.750570 0.950813 2 22 0.991855 23 0.008145
ring
  22 24.909161 -0.007605 58.165085 -0.180951 0.077337 -0.980446 0.735216 0.938413 2 22 0.986111 23 0.013889
  22 24.956892 -0.010017 58.156094 -0.180907 0.078503 -0.980362 0.735217 0.950818 2 22 0.986111 23 0.013889
  22 24.937973 -0.182828 58.098564 -0.126264 0.559164 -0.819385 0.750570 0.950813 2 22 0.991855 23 0.008145
ring
  22 24.909161 -0.007605 58.165085 -0.180951 0.077337 -0.980446 0.735216 0.938413 2 22 0.986111 23 0.013889
  22 24.911295 0.172977 58.131626 -0.188689 -0.422551 -0.886480 0.719862 0.938419 2 22 0.991855 23 0.008145
  22 24.956892 -0.010017 58.156094 -0.180907 0.078503 -0.980362 0.735217 0.950818 2 22 0.986111 23 0.013889
ring
  22 24.911295 0.172977 58.131626 -0.188689 -0.422551 -0.886480 0.719862 0.938419 2 22 0.991855 23 0.008145
  22 24.959064 0.170556 58.122608 -0.188749 -0.421571 -0.886934 0.719863 0.950824 2 22 0.991855 23 0.008145
  22 24.956892 -0.010017 58.156094 -0.180907 0.078503 -0.980362 0.735217 0.950818 2 22 0.986111 23 0.013889
ring
  22 24.943790 0.310232 58.006927 -0.146678 -0.816982 -0.557697 0.704509 0.950832 2 22 0.991855 23 0.008145
  22 24.959064 0.170556 58.122608 -0.188749 -0.421571 -0.886934 0.719863 0.950824 2 22 0.991855 23 0.008145
  22 24.911295 0.172977 58.131626 -0.188689 -0.422551 -0.886480 0.719862 0.938419 2 22 0.991855 23 0.008145
ring
  22 24.896019 0.312653 58.015945 -0.146558 -0.817339 -0.557205 0.704509 0.938427 2 22 0.991855 23 0.008145
  22 24.943790 0.310232 58.006927 -0.146678 -0.816982 -0.557697 0.704509 0.950832 2 22 0.991855 23 0.008145
  22 24.911295 0.172977 58.131626 -0.188689 -0.422551 -0.886480 0.719862 0.938419 2 22 0.991855 23 0.008145
ring
  22 24.915266 0.371752 57.840103 -0.108989 -0.938581 -0.327395 0.689156 0.950840 1 22 1.000000
  22 24.943790 0.310232 58.006927 -0.146678 -0.816982 -0.557697 0.704509 0.950832 2 22 0.991855 23 0.008145
  22 24.896019 0.312653 58.015945 -0.146558 -0.817339 -0.557205 0.704509 0.938427 2 22 0.991855 23 0.008145
ring
  22 24.867514 0.374157 57.849098 -0.108903 -0.938594 -0.327386 0.689155 0.938435 1 22 1.000000
  22 24.915266 0.371752 57.840103 -0.108989 -0.938581 -0.327395 0.689156 0.950840 1 22 1.000000
  22 24.896019 0.312653 58.015945 -0.146558 -0.817339 -0.557205 0.704509 0.938427 2 22 0.991855 23 0.008145
ring
  22 24.892256 0.387248 57.845570 0.013763 0.981405 -0.191456 0.873405 0.944598 1 22 1.000000
  22 24.916344 0.380174 57.840553 0.230439 0.946098 -0.227587 0.873405 0.950801 1 22 1.000000
  22 24.881210 0.346073 57.663174 0.187296 0.863232 -0.468776 0.858050 0.950802 1 22 1.000000
ring
  22 24.856558 0.352595 57.665344 -0.037094 0.898721 -0.436949 0.858050 0.944599 1 22 1.000000
  22 24.892256 0.387248 57.845570 0.013763 0.981405 -0.191456 0.873405 0.944598 1 22 1.000000
  22 24.881210 0.346073 57.663174 0.187296 0.863232 -0.468776 0.858050 0.950802 1 22 1.000000
ring
  22 24.856558 0.352595 57.665344 -0.037094 0.898721 -0.436949 0.858050 0.944599 1 22 1.000000
  22 24.881210 0.346073 57.663174 0.187296 0.863232 -0.468776 0.858050 0.950802 1 22 1.000000
  22 24.849707 0.224155 57.526779 0.096767 0.532758 -0.840717 0.842695 0.950803 1 22 1.000000
ring
  22 24.832336 0.348569 57.672424 -0.259706 0.885853 -0.384469 0.858050 0.938396 1 22 1.000000
  22 24.867451 0.382670 57.849777 -0.203480 0.968150 -0.145883 0.873405 0.938395 1 22 1.000000
  22 24.892256 0.387248 57.845570 0.013763 0.981405 -0.191456 0.873405 0.944598 1 22 1.000000
ring
  22 24.856558 0.352595 57.665344 -0.037094 0.898721 -0.436949 0.858050 0.944599 1 22 1.000000
  22 24.832336 0.348569 57.672424 -0.259706 0.885853 -0.384469 0.858050 0.938396 1 22 1.000000
  22 24.892256 0.387248 57.845570 0.013763 0.981405 -0.191456 0.873405 0.944598 1 22 1.000000
ring
  22 24.832336 0.348569 57.672424 -0.259706 0.885853 -0.384469 0.858050 0.938396 1 22 1.000000
  22 24.856558 0.352595 57.665344 -0.037094 0.898721 -0.436949 0.858050 0.944599 1 22 1.000000
  22 24.824535 0.228696 57.526760 -0.126644 0.559268 -0.819256 0.842695 0.944600 1 22 1.000000
ring
  22 24.824535 0.228696 57.526760 -0.126644 0.559268 -0.819256 0.842695 0.944600 1 22 1.000000
  22 24.856558 0.352595 57.665344 -0.037094 0.898721 -0.436949 0.858050 0.944599 1 22 1.000000
  22 24.849707 0.224155 57.526779 0.096767 0.532758 -0.840717 0.842695 0.950803 1 22 1.000000
ring
  22 24.800817 0.226619 57.536007 -0.343841 0.554672 -0.757702 0.842695 0.938397 1 22 1.000000
  22 24.832336 0.348569 57.672424 -0.259706 0.885853 -0.384469 0.858050 0.938396 1 22 1.000000
  22 24.824535 0.228696 57.526760 -0.126644 0.559268 -0.819256 0.842695 0.944600 1 22 1.000000
ring
  22 24.804750 0.048753 57.466911 -0.181159 0.077467 -0.980398 0.827340 0.944602 1 22 1.000000
  22 24.824535 0.228696 57.526760 -0.126644 0.559268 -0.819256 0.842695 0.944600 1 22 1.000000
  22 24.849707 0.224155 57.526779 0.096767 0.532758 -0.840717 0.842695 0.950803 1 22 1.000000
ring
  22 24.800817 0.226619 57.536007 -0.343841 0.554672 -0.757702 0.842695 0.938397 1 22 1.000000
  22 24.824535 0.228696 57.526760 -0.126644 0.559268 -0.819256 0.842695 0.944600 1 22 1.000000
  22 24.804750 0.048753 57.466911 -0.181159 0.077467 -0.980398 0.827340 0.944602 1 22 1.000000
ring
  22 24.830231 0.047048 57.467892 0.042690 0.064370 -0.997012 0.827340 0.950804 1 22 1.000000
  22 24.804750 0.048753 57.466911 -0.181159 0.077467 -0.980398 0.827340 0.944602 1 22 1.000000
  22 24.849707 0.224155 57.526779 0.096767 0.532758 -0.840717 0.842695 0.950803 1 22 1.000000
ring
  22 24.781338 0.049544 57.477116 -0.395842 0.086246 -0.914259 0.827340 0.938399 1 22 1.000000
  22 24.800817 0.226619 57.536007 -0.343841 0.554672 -0.757702 0.842695 0.938397 1 22 1.000000
  22 24.804750 0.048753 57.466911 -0.181159 0.077467 -0.980398 0.827340 0.944602 1 22 1.000000
ring
  22 24.804750 0.048753 57.466911 -0.181159 0.077467 -0.980398 0.827340 0.944602 1 22 1.000000
  22 24.830231 0.047048 57.467892 0.042690 0.064370 -0.997012 0.827340 0.950804 1 22 1.000000
  22 24.828020 -0.137735 57.502312 0.036820 -0.422107 -0.905798 0.811986 0.950805 1 22 1.000000
ring
  22 24.779125 -0.135271 57.511547 -0.404663 -0.400160 -0.822265 0.811986 0.938400 1 22 1.000000
  22 24.781338 0.049544 57.477116 -0.395842 0.086246 -0.914259 0.827340 0.938399 1 22 1.000000
  22 24.804750 0.048753 57.466911 -0.181159 0.077467 -0.980398 0.827340 0.944602 1 22 1.000000
ring
  22 24.802490 -0.139021 57.501873 -0.188649 -0.423068 -0.886242 0.811986 0.944603 1 22 1.000000
  22 24.804750 0.048753 57.466911 -0.181159 0.077467 -0.980398 0.827340 0.944602 1 22 1.000000
  22 24.828020 -0.137735 57.502312 0.036820 -0.422107 -0.905798 0.811986 0.950805 1 22 1.000000
ring
  22 24.802490 -0.139021 57.501873 -0.188649 -0.423068 -0.886242 0.811986 0.944603 1 22 1.000000
  22 24.779125 -0.135271 57.511547 -0.404663 -0.400160 -0.822265 0.811986 0.938400 1 22 1.000000
  22 24.804750 0.048753 57.466911 -0.181159 0.077467 -0.980398 0.827340 0.944602 1 22 1.000000
ring
  22 24.818375 -0.284278 57.622272 -0.146809 -0.817792 -0.556474 0.796632 0.944604 1 22 1.000000
  22 24.802490 -0.139021 57.501873 -0.188649 -0.423068 -0.886242 0.811986 0.944603 1 22 1.000000
  22 24.828020 -0.137735 57.502312 0.036820 -0.422107 -0.905798 0.811986 0.950805 1 22 1.000000
ring
  22 24.779125 -0.135271 57.511547 -0.404663 -0.400160 -0.822265 0.811986 0.938400 1 22 1.000000
  22 24.802490 -0.139021 57.501873 -0.188649 -0.423068 -0.886242 0.811986 0.944603 1 22 1.000000
  22 24.818375 -0.284278 57.622272 -0.146809 -0.817792 -0.556474 0.796632 0.944604 1 22 1.000000
ring
  22 24.843657 -0.280740 57.620777 0.078182 -0.807061 -0.585269 0.796632 0.950806 1 22 1.000000
  22 24.818375 -0.284278 57.622272 -0.146809 -0.817792 -0.556474 0.796632 0.944604 1 22 1.000000
  22 24.828020 -0.137735 57.502312 0.036820 -0.422107 -0.905798 0.811986 0.950805 1 22 1.000000
ring
  22 24.794760 -0.278245 57.630013 -0.364790 -0.784609 -0.501315 0.796632 0.938401 1 22 1.000000
  22 24.779125 -0.135271 57.511547 -0.404663 -0.400160 -0.822265 0.811986 0.938400 1 22 1.000000
  22 24.818375 -0.284278 57.622272 -0.146809 -0.817792 -0.556474 0.796632 0.944604 1 22 1.000000
ring
  22 24.848169 -0.348152 57.795834 -0.063600 -0.995510 -0.070112 0.781278 0.944605 1 22 1.000000
  22 24.818375 -0.284278 57.622272 -0.146809 -0.817792 -0.556474 0.796632 0.944604 1 22 1.000000
  22 24.843657 -0.280740 57.620777 0.078182 -0.807061 -0.585269 0.796632 0.950806 1 22 1.000000
ring
  22 24.794760 -0.278245 57.630013 -0.364790 -0.784609 -0.501315 0.796632 0.938401 1 22 1.000000
  22 24.818375 -0.284278 57.622272 -0.146809 -0.817792 -0.556474 0.796632 0.944604 1 22 1.000000
  22 24.848169 -0.348152 57.795834 -0.063600 -0.995510 -0.070112 0.781278 0.944605 1 22 1.000000
ring
  22 24.872948 -0.343607 57.791599 0.160969 -0.980715 -0.110847 0.781278 0.950808 1 22 1.000000
  22 24.848169 -0.348152 57.795834 -0.063600 -0.995510 -0.070112 0.781278 0.944605 1 22 1.000000
  22 24.843657 -0.280740 57.620777 0.078182 -0.807061 -0.585269 0.796632 0.950806 1 22 1.000000
ring
  22 24.824055 -0.341111 57.800827 -0.285159 -0.958111 -0.026595 0.781278 0.938402 1 22 1.000000
  22 24.794760 -0.278245 57.630013 -0.364790 -0.784609 -0.501315 0.796632 0.938401 1 22 1.000000
  22 24.848169 -0.348152 57.795834 -0.063600 -0.995510 -0.070112 0.781278 0.944605 1 22 1.000000
ring
  22 24.848169 -0.348152 57.795834 -0.063600 -0.995510 -0.070112 0.781278 0.944605 1 22 1.000000
  22 24.872948 -0.343607 57.791599 0.160969 -0.980715 -0.110847 0.781278 0.950808 1 22 1.000000
  22 24.908144 -0.309598 57.968811 0.258036 -0.886200 0.384796 0.765924 0.950810 2 22 0.991855 23 0.008145
ring
  22 24.859251 -0.307118 57.978031 -0.185858 -0.863720 0.468449 0.765924 0.938404 2 22 0.991855 23 0.008145
  22 24.824055 -0.341111 57.800827 -0.285159 -0.958111 -0.026595 0.781278 0.938402 1 22 1.000000
  22 24.848169 -0.348152 57.795834 -0.063600 -0.995510 -0.070112 0.781278 0.944605 1 22 1.000000
ring
  22 24.883905 -0.313601 57.975853 0.036975 -0.898834 0.436726 0.765924 0.944607 2 22 0.991855 23 0.008145
  22 24.848169 -0.348152 57.795834 -0.063600 -0.995510 -0.070112 0.781278 0.944605 1 22 1.000000
  22 24.908144 -0.309598 57.968811 0.258036 -0.886200 0.384796 0.765924 0.950810 2 22 0.991855 23 0.008145
ring
  22 24.883905 -0.313601 57.975853 0.036975 -0.898834 0.436726 0.765924 0.944607 2 22 0.991855 23 0.008145
  22 24.859251 -0.307118 57.978031 -0.185858 -0.863720 0.468449 0.765924 0.938404 2 22 0.991855 23 0.008145
  22 24.848169 -0.348152 57.795834 -0.063600 -0.995510 -0.070112 0.781278 0.944605 1 22 1.000000
ring
  22 24.883905 -0.313601 57.975853 0.036975 -0.898834 0.436726 0.765924 0.944607 2 22 0.991855 23 0.008145
  22 24.908144 -0.309598 57.968811 0.258036 -0.886200 0.384796 0.765924 0.950810 2 22 0.991855 23 0.008145
  22 24.939590 -0.187687 58.105251 0.343603 -0.554776 0.757733 0.750570 0.950813 2 22 0.991855 23 0.008145
ring
  22 24.890694 -0.185208 58.114475 -0.097029 -0.532897 0.840599 0.750570 0.938408 2 22 0.991855 23 0.008145
  22 24.859251 -0.307118 57.978031 -0.185858 -0.863720 0.468449 0.765924 0.938404 2 22 0.991855 23 0.008145
  22 24.883905 -0.313601 57.975853 0.036975 -0.898834 0.436726 0.765924 0.944607 2 22 0.991855 23 0.008145
ring
  22 24.915859 -0.189774 58.114487 0.126355 -0.559597 0.819076 0.750570 0.944611 2 22 0.991855 23 0.008145
  22 24.883905 -0.313601 57.975853 0.036975 -0.898834 0.436726 0.765924 0.944607 2 22 0.991855 23 0.008145
  22 24.939590 -0.187687 58.105251 0.343603 -0.554776 0.757733 0.750570 0.950813 2 22 0.991855 23 0.008145
ring
  22 24.915859 -0.189774 58.114487 0.126355 -0.559597 0.819076 0.750570 0.944611 2 22 0.991855 23 0.008145
  22 24.890694 -0.185208 58.114475 -0.097029 -0.532897 0.840599 0.750570 0.938408 2 22 0.991855 23 0.008145
  22 24.883905 -0.313601 57.975853 0.036975 -0.898834 0.436726 0.765924 0.944607 2 22 0.991855 23 0.008145
ring
  22 24.915859 -0.189774 58.114487 0.126355 -0.559597 0.819076 0.750570 0.944611 2 22 0.991855 23 0.008145
  22 24.939590 -0.187687 58.105251 0.343603 -0.554776 0.757733 0.750570 0.950813 2 22 0.991855 23 0.008145
  22 24.958965 -0.010736 58.164150 0.395489 -0.086758 0.914364 0.735217 0.950818 2 22 0.986111 23 0.013889
ring
  22 24.890694 -0.185208 58.114475 -0.097029 -0.532897 0.840599 0.750570 0.938408 2 22 0.991855 23 0.008145
  22 24.915859 -0.189774 58.114487 0.126355 -0.559597 0.819076 0.750570 0.944611 2 22 0.991855 23 0.008145
  22 24.935556 -0.009961 58.174355 0.180882 -0.078007 0.980406 0.735216 0.944615 2 22 0.986111 23 0.013889
ring
  22 24.935556 -0.009961 58.174355 0.180882 -0.078007 0.980406 0.735216 0.944615 2 22 0.986111 23 0.013889
  22 24.915859 -0.189774 58.114487 0.126355 -0.559597 0.819076 0.750570 0.944611 2 22 0.991855 23 0.008145
  22 24.958965 -0.010736 58.164150 0.395489 -0.086758 0.914364 0.735217 0.950818 2 22 0.986111 23 0.013889
ring
  22 24.910074 -0.008267 58.173363 -0.042883 -0.064949 0.996967 0.735216 0.938413 2 22 0.986111 23 0.013889
  22 24.890694 -0.185208 58.114475 -0.097029 -0.532897 0.840599 0.750570 0.938408 2 22 0.991855 23 0.008145
  22 24.935556 -0.009961 58.174355 0.180882 -0.078007 0.980406 0.735216 0.944615 2 22 0.986111 23 0.013889
ring
  22 24.935556 -0.009961 58.174355 0.180882 -0.078007 0.980406 0.735216 0.944615 2 22 0.986111 23 0.013889
  22 24.958965 -0.010736 58.164150 0.395489 -0.086758 0.914364 0.735217 0.950818 2 22 0.986111 23 0.013889
  22 24.961197 0.174196 58.129868 0.403361 0.399924 0.823019 0.719863 0.950824 2 22 0.991855 23 0.008145
ring
  22 24.912302 0.176676 58.139072 -0.036037 0.421783 0.905980 0.719862 0.938419 2 22 0.991855 23 0.008145
  22 24.910074 -0.008267 58.173363 -0.042883 -0.064949 0.996967 0.735216 0.938413 2 22 0.986111 23 0.013889
  22 24.935556 -0.009961 58.174355 0.180882 -0.078007 0.980406 0.735216 0.944615 2 22 0.986111 23 0.013889
ring
  22 24.937809 0.177935 58.139503 0.188362 0.422628 0.886513 0.719863 0.944622 2 22 0.991855 23 0.008145
  22 24.935556 -0.009961 58.174355 0.180882 -0.078007 0.980406 0.735216 0.944615 2 22 0.986111 23 0.013889
  22 24.961197 0.174196 58.129868 0.403361 0.399924 0.823019 0.719863 0.950824 2 22 0.991855 23 0.008145
ring
  22 24.937809 0.177935 58.139503 0.188362 0.422628 0.886513 0.719863 0.944622 2 22 0.991855 23 0.008145
  22 24.912302 0.176676 58.139072 -0.036037 0.421783 0.905980 0.719862 0.938419 2 22 0.991855 23 0.008145
  22 24.935556 -0.009961 58.174355 0.180882 -0.078007 0.980406 0.735216 0.944615 2 22 0.986111 23 0.013889
ring
  22 24.937809 0.177935 58.139503 0.188362 0.422628 0.886513 0.719863 0.944622 2 22 0.991855 23 0.008145
  22 24.961197 0.174196 58.129868 0.403361 0.399924 0.823019 0.719863 0.950824 2 22 0.991855 23 0.008145
  22 24.945534 0.317204 58.011417 0.365179 0.784247 0.501598 0.704509 0.950832 2 22 0.991855 23 0.008145
ring
  22 24.896637 0.319684 58.020626 -0.080014 0.806595 0.585663 0.704509 0.938427 2 22 0.991855 23 0.008145
  22 24.912302 0.176676 58.139072 -0.036037 0.421783 0.905980 0.719862 0.938419 2 22 0.991855 23 0.008145
  22 24.937809 0.177935 58.139503 0.188362 0.422628 0.886513 0.719863 0.944622 2 22 0.991855 23 0.008145
ring
  22 24.921911 0.323260 58.019150 0.146059 0.817683 0.556831 0.704509 0.944630 2 22 0.991855 23 0.008145
  22 24.937809 0.177935 58.139503 0.188362 0.422628 0.886513 0.719863 0.944622 2 22 0.991855 23 0.008145
  22 24.945534 0.317204 58.011417 0.365179 0.784247 0.501598 0.704509 0.950832 2 22 0.991855 23 0.008145
ring
  22 24.921911 0.323260 58.019150 0.146059 0.817683 0.556831 0.704509 0.944630 2 22 0.991855 23 0.008145
  22 24.896637 0.319684 58.020626 -0.080014 0.806595 0.585663 0.704509 0.938427 2 22 0.991855 23 0.008145
  22 24.937809 0.177935 58.139503 0.188362 0.422628 0.886513 0.719863 0.944622 2 22 0.991855 23 0.008145
ring
  22 24.921911 0.323260 58.019150 0.146059 0.817683 0.556831 0.704509 0.944630 2 22 0.991855 23 0.008145
  22 24.945534 0.317204 58.011417 0.365179 0.784247 0.501598 0.704509 0.950832 2 22 0.991855 23 0.008145
  22 24.916344 0.380174 57.840553 0.323421 0.904464 0.278106 0.689156 0.950840 1 22 1.000000
ring
  22 24.867451 0.382670 57.849777 -0.109801 0.926350 0.360305 0.689155 0.938435 1 22 1.000000
  22 24.896637 0.319684 58.020626 -0.080014 0.806595 0.585663 0.704509 0.938427 2 22 0.991855 23 0.008145
  22 24.921911 0.323260 58.019150 0.146059 0.817683 0.556831 0.704509 0.944630 2 22 0.991855 23 0.008145
ring
  22 24.892256 0.387248 57.845570 0.109415 0.938564 0.327302 0.689155 0.944638 1 22 1.000000
  22 24.921911 0.323260 58.019150 0.146059 0.817683 0.556831 0.704509 0.944630 2 22 0.991855 23 0.008145
  22 24.916344 0.380174 57.840553 0.323421 0.904464 0.278106 0.689156 0.950840 1 22 1.000000
ring
  22 24.892256 0.387248 57.845570 0.109415 0.938564 0.327302 0.689155 0.944638 1 22 1.000000
  22 24.867451 0.382670 57.849777 -0.109801 0.926350 0.360305 0.689155 0.938435 1 22 1.000000
  22 24.921911 0.323260 58.019150 0.146059 0.817683 0.556831 0.704509 0.944630 2 22 0.991855 23 0.008145
ring
  22 24.831161 0.046391 57.476143 0.991889 -0.051647 -0.116138 0.827340 0.950804 1 22 1.000000
  22 24.830231 0.047048 57.467892 0.991884 -0.051778 -0.116128 0.827340 0.950804 1 22 1.000000
  22 24.849707 0.224155 57.526779 0.987965 -0.084118 -0.129803 0.842695 0.950803 1 22 1.000000
ring
  22 24.831161 0.046391 57.476143 0.991889 -0.051647 -0.116138 0.827340 0.950804 1 22 1.000000
  22 24.829010 -0.134067 57.509750 0.992202 -0.017321 -0.123432 0.811986 0.950805 1 22 1.000000
  22 24.830231 0.047048 57.467892 0.991884 -0.051778 -0.116128 0.827340 0.950804 1 22 1.000000
ring
  22 24.850203 0.219356 57.533657 0.988030 -0.083709 -0.129577 0.842695 0.950803 1 22 1.000000
  22 24.831161 0.046391 57.476143 0.991889 -0.051647 -0.116138 0.827340 0.950804 1 22 1.000000
  22 24.849707 0.224155 57.526779 0.987965 -0.084118 -0.129803 0.842695 0.950803 1 22 1.000000
ring
  22 24.829010 -0.134067 57.509750 0.992202 -0.017321 -0.123432 0.811986 0.950805 1 22 1.000000
  22 24.828020 -0.137735 57.502312 0.992189 -0.016957 -0.123587 0.811986 0.950805 1 22 1.000000
  22 24.830231 0.047048 57.467892 0.991884 -0.051778 -0.116128 0.827340 0.950804 1 22 1.000000
ring
  22 24.880966 0.338429 57.666859 0.982121 -0.106041 -0.155543 0.858050 0.950802 1 22 1.000000
  22 24.850203 0.219356 57.533657 0.988030 -0.083709 -0.129577 0.842695 0.950803 1 22 1.000000
  22 24.849707 0.224155 57.526779 0.987965 -0.084118 -0.129803 0.842695 0.950803 1 22 1.000000
ring
  22 24.829010 -0.134067 57.509750 0.992202 -0.017321 -0.123432 0.811986 0.950805 1 22 1.000000
  22 24.844269 -0.273709 57.625465 0.989268 0.010817 -0.145712 0.796632 0.950806 1 22 1.000000
  22 24.828020 -0.137735 57.502312 0.992189 -0.016957 -0.123587 0.811986 0.950805 1 22 1.000000
ring
  22 24.881210 0.346073 57.663174 0.982047 -0.106235 -0.155878 0.858050 0.950802 1 22 1.000000
  22 24.880966 0.338429 57.666859 0.982121 -0.106041 -0.155543 0.858050 0.950802 1 22 1.000000
  22 24.849707 0.224155 57.526779 0.987965 -0.084118 -0.129803 0.842695 0.950803 1 22 1.000000
ring
  22 24.844269 -0.273709 57.625465 0.989268 0.010817 -0.145712 0.796632 0.950806 1 22 1.000000
  22 24.843657 -0.280740 57.620777 0.989206 0.011059 -0.146114 0.796632 0.950806 1 22 1.000000
  22 24.828020 -0.137735 57.502312 0.992189 -0.016957 -0.123587 0.811986 0.950805 1 22 1.000000
ring
  22 24.915266 0.371752 57.840103 0.978407 -0.115412 -0.171466 0.873405 0.950801 1 22 1.000000
  22 24.880966 0.338429 57.666859 0.982121 -0.106041 -0.155543 0.858050 0.950802 1 22 1.000000
  22 24.881210 0.346073 57.663174 0.982047 -0.106235 -0.155878 0.858050 0.950802 1 22 1.000000
ring
  22 24.916344 0.380174 57.840553 0.978402 -0.115460 -0.171457 0.873405 0.950801 1 22 1.000000
  22 24.915266 0.371752 57.840103 0.978407 -0.115412 -0.171466 0.873405 0.950801 1 22 1.000000
  22 24.881210 0.346073 57.663174 0.982047 -0.106235 -0.155878 0.858050 0.950802 1 22 1.000000
ring
  22 24.844269 -0.273709 57.625465 0.989268 0.010817 -0.145712 0.796632 0.950806 1 22 1.000000
  22 24.872898 -0.335093 57.792259 0.983376 0.019845 -0.180495 0.781278 0.950808 1 22 1.000000
  22 24.843657 -0.280740 57.620777 0.989206 0.011059 -0.146114 0.796632 0.950806 1 22 1.000000
ring
  22 24.872898 -0.335093 57.792259 0.983376 0.019845 -0.180495 0.781278 0.950808 1 22 1.000000
  22 24.872948 -0.343607 57.791599 0.983348 0.019815 -0.180650 0.781278 0.950808 1 22 1.000000
  22 24.843657 -0.280740 57.620777 0.989206 0.011059 -0.146114 0.796632 0.950806 1 22 1.000000
ring
  22 24.872948 -0.343607 57.791599 0.983348 0.019815 -0.180650 0.781278 0.950808 1 22 1.000000
  22 24.872898 -0.335093 57.792259 0.983376 0.019845 -0.180495 0.781278 0.950808 1 22 1.000000
  22 24.908144 -0.309598 57.968811 0.976758 0.013749 -0.213905 0.765924 0.950810 2 22 0.991855 23 0.008145
ring
  22 24.872898 -0.335093 57.792259 0.983376 0.019845 -0.180495 0.781278 0.950808 1 22 1.000000
  22 24.907274 -0.301894 57.965324 0.976688 0.013614 -0.214230 0.765924 0.950810 2 22 0.991855 23 0.008145
  22 24.908144 -0.309598 57.968811 0.976758 0.013749 -0.213905 0.765924 0.950810 2 22 0.991855 23 0.008145
ring
  22 24.908144 -0.309598 57.968811 0.976758 0.013749 -0.213905 0.765924 0.950810 2 22 0.991855 23 0.008145
  22 24.907274 -0.301894 57.965324 0.976688 0.013614 -0.214230 0.765924 0.950810 2 22 0.991855 23 0.008145
  22 24.939590 -0.187687 58.105251 0.970664 -0.007687 -0.240317 0.750570 0.950813 2 22 0.991855 23 0.008145
ring
  22 24.907274 -0.301894 57.965324 0.976688 0.013614 -0.214230 0.765924 0.950810 2 22 0.991855 23 0.008145
  22 24.937973 -0.182828 58.098564 0.970592 -0.008049 -0.240596 0.750570 0.950813 2 22 0.991855 23 0.008145
  22 24.939590 -0.187687 58.105251 0.970664 -0.007687 -0.240317 0.750570 0.950813 2 22 0.991855 23 0.008145
ring
  22 24.939590 -0.187687 58.105251 0.970664 -0.007687 -0.240317 0.750570 0.950813 2 22 0.991855 23 0.008145
  22 24.937973 -0.182828 58.098564 0.970592 -0.008049 -0.240596 0.750570 0.950813 2 22 0.991855 23 0.008145
  22 24.958965 -0.010736 58.164150 0.966784 -0.040456 -0.252372 0.735217 0.950818 2 22 0.986111 23 0.013889
ring
  22 24.937973 -0.182828 58.098564 0.970592 -0.008049 -0.240596 0.750570 0.950813 2 22 0.991855 23 0.008145
  22 24.956892 -0.010017 58.156094 0.966772 -0.040580 -0.252399 0.735217 0.950818 2 22 0.986111 23 0.013889
  22 24.958965 -0.010736 58.164150 0.966784 -0.040456 -0.252372 0.735217 0.950818 2 22 0.986111 23 0.013889
ring
  22 24.958965 -0.010736 58.164150 0.966784 -0.040456 -0.252372 0.735217 0.950818 2 22 0.986111 23 0.013889
  22 24.956892 -0.010017 58.156094 0.966772 -0.040580 -0.252399 0.735217 0.950818 2 22 0.986111 23 0.013889
  22 24.961197 0.174196 58.129868 0.966302 -0.075439 -0.246106 0.719863 0.950824 2 22 0.991855 23 0.008145
ring
  22 24.956892 -0.010017 58.156094 0.966772 -0.040580 -0.252399 0.735217 0.950818 2 22 0.986111 23 0.013889
  22 24.959064 0.170556 58.122608 0.966289 -0.075043 -0.246281 0.719863 0.950824 2 22 0.991855 23 0.008145
  22 24.961197 0.174196 58.129868 0.966302 -0.075439 -0.246106 0.719863 0.950824 2 22 0.991855 23 0.008145
ring
  22 24.961197 0.174196 58.129868 0.966302 -0.075439 -0.246106 0.719863 0.950824 2 22 0.991855 23 0.008145
  22 24.959064 0.170556 58.122608 0.966289 -0.075043 -0.246281 0.719863 0.950824 2 22 0.991855 23 0.008145
  22 24.945534 0.317204 58.011417 0.970051 -0.100064 -0.221332 0.704509 0.950832 2 22 0.991855 23 0.008145
ring
  22 24.959064 0.170556 58.122608 0.966289 -0.075043 -0.246281 0.719863 0.950824 2 22 0.991855 23 0.008145
  22 24.943790 0.310232 58.006927 0.970017 -0.099707 -0.221642 0.704509 0.950832 2 22 0.991855 23 0.008145
  22 24.945534 0.317204 58.011417 0.970051 -0.100064 -0.221332 0.704509 0.950832 2 22 0.991855 23 0.008145
ring
  22 24.943790 0.310232 58.006927 0.970017 -0.099707 -0.221642 0.704509 0.950832 2 22 0.991855 23 0.008145
  22 24.915266 0.371752 57.840103 0.971524 -0.114159 -0.207624 0.689156 0.950840 1 22 1.000000
  22 24.945534 0.317204 58.011417 0.970051 -0.100064 -0.221332 0.704509 0.950832 2 22 0.991855 23 0.008145
ring
  22 24.915266 0.371752 57.840103 0.971524 -0.114159 -0.207624 0.689156 0.950840 1 22 1.000000
  22 24.916344 0.380174 57.840553 0.971508 -0.114259 -0.207647 0.689156 0.950840 1 22 1.000000
  22 24.945534 0.317204 58.011417 0.970051 -0.100064 -0.221332 0.704509 0.950832 2 22 0.991855 23 0.008145
ring
  22 24.833223 0.340867 57.675903 -0.976474 -0.015150 0.215103 0.858050 0.938396 1 22 1.000000
  22 24.832336 0.348569 57.672424 -0.976544 -0.015305 0.214770 0.858050 0.938396 1 22 1.000000
  22 24.800817 0.226619 57.536007 -0.970503 0.007704 0.240964 0.842695 0.938397 1 22 1.000000
ring
  22 24.833223 0.340867 57.675903 -0.976474 -0.015150 0.215103 0.858050 0.938396 1 22 1.000000
  22 24.867514 0.374157 57.849098 -0.979849 -0.022643 0.198452 0.873405 0.938395 1 22 1.000000
  22 24.832336 0.348569 57.672424 -0.976544 -0.015305 0.214770 0.858050 0.938396 1 22 1.000000
ring
  22 24.867514 0.374157 57.849098 -0.979849 -0.022643 0.198452 0.873405 0.938395 1 22 1.000000
  22 24.867451 0.382670 57.849777 -0.979849 -0.022629 0.198452 0.873405 0.938395 1 22 1.000000
  22 24.832336 0.348569 57.672424 -0.976544 -0.015305 0.214770 0.858050 0.938396 1 22 1.000000
ring
  22 24.802435 0.221793 57.542679 -0.970450 0.008057 0.241169 0.842695 0.938397 1 22 1.000000
  22 24.833223 0.340867 57.675903 -0.976474 -0.015150 0.215103 0.858050 0.938396 1 22 1.000000
  22 24.800817 0.226619 57.536007 -0.970503 0.007704 0.240964 0.842695 0.938397 1 22 1.000000
ring
  22 24.783422 0.048829 57.485180 -0.966480 0.040826 0.253476 0.827340 0.938399 1 22 1.000000
  22 24.802435 0.221793 57.542679 -0.970450 0.008057 0.241169 0.842695 0.938397 1 22 1.000000
  22 24.800817 0.226619 57.536007 -0.970503 0.007704 0.240964 0.842695 0.938397 1 22 1.000000
ring
  22 24.781338 0.049544 57.477116 -0.966478 0.040702 0.253503 0.827340 0.938399 1 22 1.000000
  22 24.783422 0.048829 57.485180 -0.966480 0.040826 0.253476 0.827340 0.938399 1 22 1.000000
  22 24.800817 0.226619 57.536007 -0.970503 0.007704 0.240964 0.842695 0.938397 1 22 1.000000
ring
  22 24.783422 0.048829 57.485180 -0.966480 0.040826 0.253476 0.827340 0.938399 1 22 1.000000
  22 24.781338 0.049544 57.477116 -0.966478 0.040702 0.253503 0.827340 0.938399 1 22 1.000000
  22 24.779125 -0.135271 57.511547 -0.966572 0.075153 0.245134 0.811986 0.938400 1 22 1.000000
ring
  22 24.781239 -0.131630 57.518768 -0.966566 0.074738 0.245284 0.811986 0.938400 1 22 1.000000
  22 24.783422 0.048829 57.485180 -0.966480 0.040826 0.253476 0.827340 0.938399 1 22 1.000000
  22 24.779125 -0.135271 57.511547 -0.966572 0.075153 0.245134 0.811986 0.938400 1 22 1.000000
ring
  22 24.796522 -0.271272 57.634468 -0.969349 0.101989 0.223517 0.796632 0.938401 1 22 1.000000
  22 24.781239 -0.131630 57.518768 -0.966566 0.074738 0.245284 0.811986 0.938400 1 22 1.000000
  22 24.779125 -0.135271 57.511547 -0.966572 0.075153 0.245134 0.811986 0.938400 1 22 1.000000
ring
  22 24.794760 -0.278245 57.630013 -0.969407 0.102305 0.223120 0.796632 0.938401 1 22 1.000000
  22 24.796522 -0.271272 57.634468 -0.969349 0.101989 0.223517 0.796632 0.938401 1 22 1.000000
  22 24.779125 -0.135271 57.511547 -0.966572 0.075153 0.245134 0.811986 0.938400 1 22 1.000000
ring
  22 24.825134 -0.332656 57.801281 -0.975002 0.114816 0.190232 0.781278 0.938402 1 22 1.000000
  22 24.796522 -0.271272 57.634468 -0.969349 0.101989 0.223517 0.796632 0.938401 1 22 1.000000
  22 24.794760 -0.278245 57.630013 -0.969407 0.102305 0.223120 0.796632 0.938401 1 22 1.000000
ring
  22 24.824055 -0.341111 57.800827 -0.975022 0.114850 0.190111 0.781278 0.938402 1 22 1.000000
  22 24.825134 -0.332656 57.801281 -0.975002 0.114816 0.190232 0.781278 0.938402 1 22 1.000000
  22 24.794760 -0.278245 57.630013 -0.969407 0.102305 0.223120 0.796632 0.938401 1 22 1.000000
ring
  22 24.825134 -0.332656 57.801281 -0.975002 0.114816 0.190232 0.781278 0.938402 1 22 1.000000
  22 24.824055 -0.341111 57.800827 -0.975022 0.114850 0.190111 0.781278 0.938402 1 22 1.000000
  22 24.859251 -0.307118 57.978031 -0.981999 0.106826 0.155774 0.765924 0.938404 2 22 0.991855 23 0.008145
ring
  22 24.859497 -0.299473 57.974342 -0.982073 0.106672 0.155413 0.765924 0.938404 2 22 0.991855 23 0.008145
  22 24.825134 -0.332656 57.801281 -0.975002 0.114816 0.190232 0.781278 0.938402 1 22 1.000000
  22 24.859251 -0.307118 57.978031 -0.981999 0.106826 0.155774 0.765924 0.938404 2 22 0.991855 23 0.008145
ring
  22 24.859497 -0.299473 57.974342 -0.982073 0.106672 0.155413 0.765924 0.938404 2 22 0.991855 23 0.008145
  22 24.859251 -0.307118 57.978031 -0.981999 0.106826 0.155774 0.765924 0.938404 2 22 0.991855 23 0.008145
  22 24.890694 -0.185208 58.114475 -0.988245 0.085680 0.126614 0.750570 0.938408 2 22 0.991855 23 0.008145
ring
  22 24.890223 -0.180437 58.107559 -0.988297 0.085405 0.126391 0.750570 0.938408 2 22 0.991855 23 0.008145
  22 24.859497 -0.299473 57.974342 -0.982073 0.106672 0.155413 0.765924 0.938404 2 22 0.991855 23 0.008145
  22 24.890694 -0.185208 58.114475 -0.988245 0.085680 0.126614 0.750570 0.938408 2 22 0.991855 23 0.008145
ring
  22 24.909161 -0.007605 58.165085 -0.992224 0.051413 0.113346 0.735216 0.938413 2 22 0.986111 23 0.013889
  22 24.890223 -0.180437 58.107559 -0.988297 0.085405 0.126391 0.750570 0.938408 2 22 0.991855 23 0.008145
  22 24.890694 -0.185208 58.114475 -0.988245 0.085680 0.126614 0.750570 0.938408 2 22 0.991855 23 0.008145
ring
  22 24.910074 -0.008267 58.173363 -0.992227 0.051525 0.113273 0.735216 0.938413 2 22 0.986111 23 0.013889
  22 24.909161 -0.007605 58.165085 -0.992224 0.051413 0.113346 0.735216 0.938413 2 22 0.986111 23 0.013889
  22 24.890694 -0.185208 58.114475 -0.988245 0.085680 0.126614 0.750570 0.938408 2 22 0.991855 23 0.008145
ring
  22 24.909161 -0.007605 58.165085 -0.992224 0.051413 0.113346 0.735216 0.938413 2 22 0.986111 23 0.013889
  22 24.910074 -0.008267 58.173363 -0.992227 0.051525 0.113273 0.735216 0.938413 2 22 0.986111 23 0.013889
  22 24.912302 0.176676 58.139072 -0.991986 0.017390 0.125145 0.719862 0.938419 2 22 0.991855 23 0.008145
ring
  22 24.911295 0.172977 58.131626 -0.991987 0.017833 0.125075 0.719862 0.938419 2 22 0.991855 23 0.008145
  22 24.909161 -0.007605 58.165085 -0.992224 0.051413 0.113346 0.735216 0.938413 2 22 0.986111 23 0.013889
  22 24.912302 0.176676 58.139072 -0.991986 0.017390 0.125145 0.719862 0.938419 2 22 0.991855 23 0.008145
ring
  22 24.896019 0.312653 58.015945 -0.989272 -0.010587 0.145699 0.704509 0.938427 2 22 0.991855 23 0.008145
  22 24.911295 0.172977 58.131626 -0.991987 0.017833 0.125075 0.719862 0.938419 2 22 0.991855 23 0.008145
  22 24.912302 0.176676 58.139072 -0.991986 0.017390 0.125145 0.719862 0.938419 2 22 0.991855 23 0.008145
ring
  22 24.896637 0.319684 58.020626 -0.989213 -0.010875 0.146081 0.704509 0.938427 2 22 0.991855 23 0.008145
  22 24.896019 0.312653 58.015945 -0.989272 -0.010587 0.145699 0.704509 0.938427 2 22 0.991855 23 0.008145
  22 24.912302 0.176676 58.139072 -0.991986 0.017390 0.125145 0.719862 0.938419 2 22 0.991855 23 0.008145
ring
  22 24.867514 0.374157 57.849098 -0.986738 -0.020138 0.161066 0.689155 0.938435 1 22 1.000000
  22 24.896019 0.312653 58.015945 -0.989272 -0.010587 0.145699 0.704509 0.938427 2 22 0.991855 23 0.008145
  22 24.896637 0.319684 58.020626 -0.989213 -0.010875 0.146081 0.704509 0.938427 2 22 0.991855 23 0.008145
ring
  22 24.867451 0.382670 57.849777 -0.986738 -0.020104 0.161069 0.689155 0.938435 1 22 1.000000
  22 24.867514 0.374157 57.849098 -0.986738 -0.020138 0.161066 0.689155 0.938435 1 22 1.000000
  22 24.896637 0.319684 58.020626 -0.989213 -0.010875 0.146081 0.704509 0.938427 2 22 0.991855 23 0.008145
ring
  22 24.936586 0.041042 57.456268 -0.966655 0.040881 0.252797 0.827340 0.938399 1 22 1.000000
  22 24.934505 0.041757 57.448196 -0.966666 0.040759 0.252774 0.827340 0.938399 1 22 1.000000
  22 24.932276 -0.143059 57.482597 -0.966103 0.075338 0.246920 0.811986 0.938400 1 22 1.000000
ring
  22 24.934505 0.041757 57.448196 -0.966666 0.040759 0.252774 0.827340 0.938399 1 22 1.000000
  22 24.936586 0.041042 57.456268 -0.966655 0.040881 0.252797 0.827340 0.938399 1 22 1.000000
  22 24.953985 0.218832 57.507084 -0.970460 0.007625 0.241142 0.842695 0.938397 1 22 1.000000
ring
  22 24.934412 -0.139417 57.489841 -0.966080 0.074959 0.247123 0.811986 0.938400 1 22 1.000000
  22 24.936586 0.041042 57.456268 -0.966655 0.040881 0.252797 0.827340 0.938399 1 22 1.000000
  22 24.932276 -0.143059 57.482597 -0.966103 0.075338 0.246920 0.811986 0.938400 1 22 1.000000
ring
  22 24.936586 0.041042 57.456268 -0.966655 0.040881 0.252797 0.827340 0.938399 1 22 1.000000
  22 24.955605 0.213974 57.513756 -0.970386 0.008041 0.241425 0.842695 0.938397 1 22 1.000000
  22 24.953985 0.218832 57.507084 -0.970460 0.007625 0.241142 0.842695 0.938397 1 22 1.000000
ring
  22 24.949835 -0.279020 57.605400 -0.969313 0.102009 0.223666 0.796632 0.938401 2 22 0.991855 23 0.008145
  22 24.934412 -0.139417 57.489841 -0.966080 0.074959 0.247123 0.811986 0.938400 1 22 1.000000
  22 24.932276 -0.143059 57.482597 -0.966103 0.075338 0.246920 0.811986 0.938400 1 22 1.000000
ring
  22 24.955605 0.213974 57.513756 -0.970386 0.008041 0.241425 0.842695 0.938397 1 22 1.000000
  22 24.986340 0.333106 57.647030 -0.976553 -0.015301 0.214734 0.858050 0.938396 2 22 0.991855 23 0.008145
  22 24.953985 0.218832 57.507084 -0.970460 0.007625 0.241142 0.842695 0.938397 1 22 1.000000
ring
  22 24.948072 -0.285993 57.600937 -0.969384 0.102254 0.223244 0.796632 0.938401 2 22 0.991855 23 0.008145
  22 24.949835 -0.279020 57.605400 -0.969313 0.102009 0.223666 0.796632 0.938401 2 22 0.991855 23 0.008145
  22 24.932276 -0.143059 57.482597 -0.966103 0.075338 0.246920 0.811986 0.938400 1 22 1.000000
ring
  22 24.986340 0.333106 57.647030 -0.976553 -0.015301 0.214734 0.858050 0.938396 2 22 0.991855 23 0.008145
  22 24.985455 0.340809 57.643547 -0.976623 -0.015468 0.214399 0.858050 0.938396 2 22 0.991855 23 0.008145
  22 24.953985 0.218832 57.507084 -0.970460 0.007625 0.241142 0.842695 0.938397 1 22 1.000000
ring
  22 24.978403 -0.340486 57.772221 -0.975467 0.111820 0.189630 0.781278 0.938402 2 22 0.991855 23 0.008145
  22 24.949835 -0.279020 57.605400 -0.969313 0.102009 0.223666 0.796632 0.938401 2 22 0.991855 23 0.008145
  22 24.948072 -0.285993 57.600937 -0.969384 0.102254 0.223244 0.796632 0.938401 2 22 0.991855 23 0.008145
ring
  22 24.986340 0.333106 57.647030 -0.976553 -0.015301 0.214734 0.858050 0.938396 2 22 0.991855 23 0.008145
  22 25.020611 0.366347 57.820267 -0.979854 -0.023253 0.198356 0.873405 0.938395 2 22 0.991855 23 0.008145
  22 24.985455 0.340809 57.643547 -0.976623 -0.015468 0.214399 0.858050 0.938396 2 22 0.991855 23 0.008145
ring
  22 25.020611 0.366347 57.820267 -0.979854 -0.023253 0.198356 0.873405 0.938395 2 22 0.991855 23 0.008145
  22 25.020544 0.374860 57.820938 -0.979853 -0.023254 0.198360 0.873405 0.938395 2 22 0.991855 23 0.008145
  22 24.985455 0.340809 57.643547 -0.976623 -0.015468 0.214399 0.858050 0.938396 2 22 0.991855 23 0.008145
ring
  22 24.977345 -0.348908 57.771744 -0.975478 0.111877 0.189543 0.781278 0.938402 2 22 0.991855 23 0.008145
  22 24.978403 -0.340486 57.772221 -0.975467 0.111820 0.189630 0.781278 0.938402 2 22 0.991855 23 0.008145
  22 24.948072 -0.285993 57.600937 -0.969384 0.102254 0.223244 0.796632 0.938401 2 22 0.991855 23 0.008145
ring
  22 25.012680 -0.307213 57.945446 -0.981764 0.110215 0.154896 0.765924 0.938404 2 22 0.991855 23 0.008145
  22 24.978403 -0.340486 57.772221 -0.975467 0.111820 0.189630 0.781278 0.938402 2 22 0.991855 23 0.008145
  22 24.977345 -0.348908 57.771744 -0.975478 0.111877 0.189543 0.781278 0.938402 2 22 0.991855 23 0.008145
ring
  22 25.012402 -0.314858 57.949120 -0.981680 0.110479 0.155238 0.765924 0.938404 2 22 0.991855 23 0.008145
  22 25.012680 -0.307213 57.945446 -0.981764 0.110215 0.154896 0.765924 0.938404 2 22 0.991855 23 0.008145
  22 24.977345 -0.348908 57.771744 -0.975478 0.111877 0.189543 0.781278 0.938402 2 22 0.991855 23 0.008145
ring
  22 25.012680 -0.307213 57.945446 -0.981764 0.110215 0.154896 0.765924 0.938404 2 22 0.991855 23 0.008145
  22 25.012402 -0.314858 57.949120 -0.981680 0.110479 0.155238 0.765924 0.938404 2 22 0.991855 23 0.008145
  22 25.044043 -0.194370 58.084133 -0.988289 0.082596 0.128306 0.750570 0.938408 2 22 0.879115 23 0.120885
ring
  22 25.043554 -0.189539 58.077282 -0.988381 0.082012 0.127971 0.750570 0.938408 2 22 0.879115 23 0.120885
  22 25.012680 -0.307213 57.945446 -0.981764 0.110215 0.154896 0.765924 0.938404 2 22 0.991855 23 0.008145
  22 25.044043 -0.194370 58.084133 -0.988289 0.082596 0.128306 0.750570 0.938408 2 22 0.879115 23 0.120885
ring
  22 25.043554 -0.189539 58.077282 -0.988381 0.082012 0.127971 0.750570 0.938408 2 22 0.879115 23 0.120885
  22 25.044043 -0.194370 58.084133 -0.988289 0.082596 0.128306 0.750570 0.938408 2 22 0.879115 23 0.120885
  22 25.062378 -0.018173 58.143719 -0.992217 0.047294 0.115190 0.735216 0.938413 2 22 0.833333 23 0.166667
ring
  22 25.061455 -0.017465 58.135452 -0.992217 0.047184 0.115233 0.735216 0.938413 2 22 0.833333 23 0.166667
  22 25.043554 -0.189539 58.077282 -0.988381 0.082012 0.127971 0.750570 0.938408 2 22 0.879115 23 0.120885
  22 25.062378 -0.018173 58.143719 -0.992217 0.047294 0.115190 0.735216 0.938413 2 22 0.833333 23 0.166667
ring
  22 25.063297 0.163786 58.102993 -0.992835 0.016672 0.118323 0.719862 0.938419 2 22 0.879115 23 0.120885
  22 25.061455 -0.017465 58.135452 -0.992217 0.047184 0.115233 0.735216 0.938413 2 22 0.833333 23 0.166667
  22 25.062378 -0.018173 58.143719 -0.992217 0.047294 0.115190 0.735216 0.938413 2 22 0.833333 23 0.166667
ring
  22 25.064247 0.167421 58.110447 -0.992825 0.016374 0.118452 0.719862 0.938419 2 22 0.879115 23 0.120885
  22 25.063297 0.163786 58.102993 -0.992835 0.016672 0.118323 0.719862 0.938419 2 22 0.879115 23 0.120885
  22 25.062378 -0.018173 58.143719 -0.992217 0.047294 0.115190 0.735216 0.938413 2 22 0.833333 23 0.166667
ring
  22 25.049196 0.304915 57.987064 -0.989670 -0.008113 0.143135 0.704509 0.938427 2 22 0.991855 23 0.008145
  22 25.063297 0.163786 58.102993 -0.992835 0.016672 0.118323 0.719862 0.938419 2 22 0.879115 23 0.120885
  22 25.064247 0.167421 58.110447 -0.992825 0.016374 0.118452 0.719862 0.938419 2 22 0.879115 23 0.120885
ring
  22 25.049814 0.311945 57.991745 -0.989588 -0.008470 0.143680 0.704509 0.938427 2 22 0.991855 23 0.008145
  22 25.049196 0.304915 57.987064 -0.989670 -0.008113 0.143135 0.704509 0.938427 2 22 0.991855 23 0.008145
  22 25.064247 0.167421 58.110447 -0.992825 0.016374 0.118452 0.719862 0.938419 2 22 0.879115 23 0.120885
ring
  22 25.020611 0.366347 57.820267 -0.986658 -0.020740 0.161479 0.689155 0.938435 2 22 0.991855 23 0.008145
  22 25.049196 0.304915 57.987064 -0.989670 -0.008113 0.143135 0.704509 0.938427 2 22 0.991855 23 0.008145
  22 25.049814 0.311945 57.991745 -0.989588 -0.008470 0.143680 0.704509 0.938427 2 22 0.991855 23 0.008145
ring
  22 25.020544 0.374860 57.820938 -0.986658 -0.020744 0.161478 0.689155 0.938435 2 22 0.991855 23 0.008145
  22 25.020611 0.366347 57.820267 -0.986658 -0.020740 0.161479 0.689155 0.938435 2 22 0.991855 23 0.008145
  22 25.049814 0.311945 57.991745 -0.989588 -0.008470 0.143680 0.704509 0.938427 2 22 0.991855 23 0.008145
ring
  22 24.934505 0.041757 57.448196 -0.395737 0.086408 -0.914290 0.827340 0.938399 1 22 1.000000
  22 24.953985 0.218832 57.507084 -0.343394 0.554746 -0.757851 0.842695 0.938397 1 22 1.000000
  22 24.977711 0.220909 57.497845 -0.126272 0.559455 -0.819186 0.842695 0.944600 1 22 1.000000
ring
  22 24.977711 0.220909 57.497845 -0.126272 0.559455 -0.819186 0.842695 0.944600 1 22 1.000000
  22 24.953985 0.218832 57.507084 -0.343394 0.554746 -0.757851 0.842695 0.938397 1 22 1.000000
  22 25.009699 0.344813 57.636494 -0.036993 0.898772 -0.436852 0.858050 0.944599 2 22 0.991855 23 0.008145
ring
  22 24.953985 0.218832 57.507084 -0.343394 0.554746 -0.757851 0.842695 0.938397 1 22 1.000000
  22 24.985455 0.340809 57.643547 -0.258352 0.886106 -0.384798 0.858050 0.938396 2 22 0.991855 23 0.008145
  22 25.009699 0.344813 57.636494 -0.036993 0.898772 -0.436852 0.858050 0.944599 2 22 0.991855 23 0.008145
ring
  22 24.985455 0.340809 57.643547 -0.258352 0.886106 -0.384798 0.858050 0.938396 2 22 0.991855 23 0.008145
  22 25.020544 0.374860 57.820938 -0.202866 0.968301 -0.145734 0.873405 0.938395 2 22 0.991855 23 0.008145
  22 25.045319 0.379413 57.816711 0.013323 0.981494 -0.191026 0.873405 0.944598 2 22 0.991855 23 0.008145
ring
  22 25.009699 0.344813 57.636494 -0.036993 0.898772 -0.436852 0.858050 0.944599 2 22 0.991855 23 0.008145
  22 24.985455 0.340809 57.643547 -0.258352 0.886106 -0.384798 0.858050 0.938396 2 22 0.991855 23 0.008145
  22 25.045319 0.379413 57.816711 0.013323 0.981494 -0.191026 0.873405 0.944598 2 22 0.991855 23 0.008145
ring
  22 25.045319 0.379413 57.816711 0.013323 0.981494 -0.191026 0.873405 0.944598 2 22 0.991855 23 0.008145
  22 25.069445 0.372380 57.811718 0.228953 0.946608 -0.226967 0.873405 0.950801 2 22 0.991855 23 0.008145
  22 25.034351 0.338329 57.634331 0.186007 0.863674 -0.468475 0.858050 0.950802 2 22 0.991855 23 0.008145
ring
  22 25.009699 0.344813 57.636494 -0.036993 0.898772 -0.436852 0.858050 0.944599 2 22 0.991855 23 0.008145
  22 25.045319 0.379413 57.816711 0.013323 0.981494 -0.191026 0.873405 0.944598 2 22 0.991855 23 0.008145
  22 25.034351 0.338329 57.634331 0.186007 0.863674 -0.468475 0.858050 0.950802 2 22 0.991855 23 0.008145
ring
  22 25.009699 0.344813 57.636494 -0.036993 0.898772 -0.436852 0.858050 0.944599 2 22 0.991855 23 0.008145
  22 25.034351 0.338329 57.634331 0.186007 0.863674 -0.468475 0.858050 0.950802 2 22 0.991855 23 0.008145
  22 25.002880 0.216336 57.497852 0.096929 0.532681 -0.840747 0.842695 0.950803 1 22 1.000000
ring
  22 24.977711 0.220909 57.497845 -0.126272 0.559455 -0.819186 0.842695 0.944600 1 22 1.000000
  22 25.009699 0.344813 57.636494 -0.036993 0.898772 -0.436852 0.858050 0.944599 2 22 0.991855 23 0.008145
  22 25.002880 0.216336 57.497852 0.096929 0.532681 -0.840747 0.842695 0.950803 1 22 1.000000
ring
  22 24.977711 0.220909 57.497845 -0.126272 0.559455 -0.819186 0.842695 0.944600 1 22 1.000000
  22 25.002880 0.216336 57.497852 0.096929 0.532681 -0.840747 0.842695 0.950803 1 22 1.000000
  22 24.983437 0.039300 57.438953 0.041891 0.064733 -0.997023 0.827340 0.950804 2 22 0.996851 23 0.003149
ring
  22 24.957916 0.040966 57.437988 -0.181471 0.077471 -0.980340 0.827340 0.944602 1 22 1.000000
  22 24.977711 0.220909 57.497845 -0.126272 0.559455 -0.819186 0.842695 0.944600 1 22 1.000000
  22 24.983437 0.039300 57.438953 0.041891 0.064733 -0.997023 0.827340 0.950804 2 22 0.996851 23 0.003149
ring
  22 24.957916 0.040966 57.437988 -0.181471 0.077471 -0.980340 0.827340 0.944602 1 22 1.000000
  22 24.934505 0.041757 57.448196 -0.395737 0.086408 -0.914290 0.827340 0.938399 1 22 1.000000
  22 24.977711 0.220909 57.497845 -0.126272 0.559455 -0.819186 0.842695 0.944600 1 22 1.000000
ring
  22 24.955660 -0.146808 57.472954 -0.189535 -0.423050 -0.886061 0.811986 0.944603 1 22 1.000000
  22 24.957916 0.040966 57.437988 -0.181471 0.077471 -0.980340 0.827340 0.944602 1 22 1.000000
  22 24.983437 0.039300 57.438953 0.041891 0.064733 -0.997023 0.827340 0.950804 2 22 0.996851 23 0.003149
ring
  22 24.934505 0.041757 57.448196 -0.395737 0.086408 -0.914290 0.827340 0.938399 1 22 1.000000
  22 24.957916 0.040966 57.437988 -0.181471 0.077471 -0.980340 0.827340 0.944602 1 22 1.000000
  22 24.955660 -0.146808 57.472954 -0.189535 -0.423050 -0.886061 0.811986 0.944603 1 22 1.000000
ring
  22 24.981285 -0.145478 57.473293 0.033805 -0.421437 -0.906227 0.811986 0.950805 2 22 0.992993 23 0.007007
  22 24.955660 -0.146808 57.472954 -0.189535 -0.423050 -0.886061 0.811986 0.944603 1 22 1.000000
  22 24.983437 0.039300 57.438953 0.041891 0.064733 -0.997023 0.827340 0.950804 2 22 0.996851 23 0.003149
ring
  22 24.932276 -0.143059 57.482597 -0.403536 -0.400106 -0.822845 0.811986 0.938400 1 22 1.000000
  22 24.934505 0.041757 57.448196 -0.395737 0.086408 -0.914290 0.827340 0.938399 1 22 1.000000
  22 24.955660 -0.146808 57.472954 -0.189535 -0.423050 -0.886061 0.811986 0.944603 1 22 1.000000
ring
  22 24.971695 -0.292049 57.593201 -0.146143 -0.817774 -0.556675 0.796632 0.944604 2 22 0.991855 23 0.008145
  22 24.955660 -0.146808 57.472954 -0.189535 -0.423050 -0.886061 0.811986 0.944603 1 22 1.000000
  22 24.981285 -0.145478 57.473293 0.033805 -0.421437 -0.906227 0.811986 0.950805 2 22 0.992993 23 0.007007
ring
  22 24.932276 -0.143059 57.482597 -0.403536 -0.400106 -0.822845 0.811986 0.938400 1 22 1.000000
  22 24.955660 -0.146808 57.472954 -0.189535 -0.423050 -0.886061 0.811986 0.944603 1 22 1.000000
  22 24.971695 -0.292049 57.593201 -0.146143 -0.817774 -0.556675 0.796632 0.944604 2 22 0.991855 23 0.008145
ring
  22 24.948072 -0.285993 57.600937 -0.365181 -0.784360 -0.501420 0.796632 0.938401 2 22 0.991855 23 0.008145
  22 24.932276 -0.143059 57.482597 -0.403536 -0.400106 -0.822845 0.811986 0.938400 1 22 1.000000
  22 24.971695 -0.292049 57.593201 -0.146143 -0.817774 -0.556675 0.796632 0.944604 2 22 0.991855 23 0.008145
ring
  22 24.996969 -0.288473 57.591721 0.079847 -0.806678 -0.585572 0.796632 0.950806 2 22 0.991855 23 0.008145
  22 24.971695 -0.292049 57.593201 -0.146143 -0.817774 -0.556675 0.796632 0.944604 2 22 0.991855 23 0.008145
  22 24.981285 -0.145478 57.473293 0.033805 -0.421437 -0.906227 0.811986 0.950805 2 22 0.992993 23 0.007007
ring
  22 24.977345 -0.348908 57.771744 -0.286373 -0.957756 -0.026350 0.781278 0.938402 2 22 0.991855 23 0.008145
  22 24.948072 -0.285993 57.600937 -0.365181 -0.784360 -0.501420 0.796632 0.938401 2 22 0.991855 23 0.008145
  22 24.971695 -0.292049 57.593201 -0.146143 -0.817774 -0.556675 0.796632 0.944604 2 22 0.991855 23 0.008145
ring
  22 25.001438 -0.355974 57.766724 -0.063571 -0.995489 -0.070421 0.781278 0.944605 2 22 0.991855 23 0.008145
  22 24.971695 -0.292049 57.593201 -0.146143 -0.817774 -0.556675 0.796632 0.944604 2 22 0.991855 23 0.008145
  22 24.996969 -0.288473 57.591721 0.079847 -0.806678 -0.585572 0.796632 0.950806 2 22 0.991855 23 0.008145
ring
  22 25.001438 -0.355974 57.766724 -0.063571 -0.995489 -0.070421 0.781278 0.944605 2 22 0.991855 23 0.008145
  22 24.977345 -0.348908 57.771744 -0.286373 -0.957756 -0.026350 0.781278 0.938402 2 22 0.991855 23 0.008145
  22 24.971695 -0.292049 57.593201 -0.146143 -0.817774 -0.556675 0.796632 0.944604 2 22 0.991855 23 0.008145
ring
  22 25.026257 -0.351387 57.762497 0.161480 -0.980669 -0.110513 0.781278 0.950808 2 22 0.991855 23 0.008145
  22 25.001438 -0.355974 57.766724 -0.063571 -0.995489 -0.070421 0.781278 0.944605 2 22 0.991855 23 0.008145
  22 24.996969 -0.288473 57.591721 0.079847 -0.806678 -0.585572 0.796632 0.950806 2 22 0.991855 23 0.008145
ring
  22 25.012402 -0.314858 57.949120 -0.187229 -0.863609 0.468107 0.765924 0.938404 2 22 0.991855 23 0.008145
  22 24.977345 -0.348908 57.771744 -0.286373 -0.957756 -0.026350 0.781278 0.938402 2 22 0.991855 23 0.008145
  22 25.001438 -0.355974 57.766724 -0.063571 -0.995489 -0.070421 0.781278 0.944605 2 22 0.991855 23 0.008145
ring
  22 25.037083 -0.321373 57.946968 0.036867 -0.896971 0.440549 0.765924 0.944607 2 22 0.991855 23 0.008145
  22 25.001438 -0.355974 57.766724 -0.063571 -0.995489 -0.070421 0.781278 0.944605 2 22 0.991855 23 0.008145
  22 25.026257 -0.351387 57.762497 0.161480 -0.980669 -0.110513 0.781278 0.950808 2 22 0.991855 23 0.008145
ring
  22 25.037083 -0.321373 57.946968 0.036867 -0.896971 0.440549 0.765924 0.944607 2 22 0.991855 23 0.008145
  22 25.012402 -0.314858 57.949120 -0.187229 -0.863609 0.468107 0.765924 0.938404 2 22 0.991855 23 0.008145
  22 25.001438 -0.355974 57.766724 -0.063571 -0.995489 -0.070421 0.781278 0.944605 2 22 0.991855 23 0.008145
ring
  22 25.062304 -0.317940 57.938065 0.253025 -0.892113 0.374315 0.765924 0.950810 2 22 0.884945 23 0.115055
  22 25.037083 -0.321373 57.946968 0.036867 -0.896971 0.440549 0.765924 0.944607 2 22 0.991855 23 0.008145
  22 25.026257 -0.351387 57.762497 0.161480 -0.980669 -0.110513 0.781278 0.950808 2 22 0.991855 23 0.008145
ring
  22 25.044043 -0.194370 58.084133 -0.097216 -0.535565 0.838880 0.750570 0.938408 2 22 0.879115 23 0.120885
  22 25.012402 -0.314858 57.949120 -0.187229 -0.863609 0.468107 0.765924 0.938404 2 22 0.991855 23 0.008145
  22 25.037083 -0.321373 57.946968 0.036867 -0.896971 0.440549 0.765924 0.944607 2 22 0.991855 23 0.008145
ring
  22 25.069223 -0.198816 58.084217 0.126960 -0.561746 0.817510 0.750570 0.944611 2 22 0.879115 23 0.120885
  22 25.037083 -0.321373 57.946968 0.036867 -0.896971 0.440549 0.765924 0.944607 2 22 0.991855 23 0.008145
  22 25.062304 -0.317940 57.938065 0.253025 -0.892113 0.374315 0.765924 0.950810 2 22 0.884945 23 0.115055
ring
  22 25.069223 -0.198816 58.084217 0.126960 -0.561746 0.817510 0.750570 0.944611 2 22 0.879115 23 0.120885
  22 25.044043 -0.194370 58.084133 -0.097216 -0.535565 0.838880 0.750570 0.938408 2 22 0.879115 23 0.120885
  22 25.037083 -0.321373 57.946968 0.036867 -0.896971 0.440549 0.765924 0.944607 2 22 0.991855 23 0.008145
ring
  22 25.092972 -0.196605 58.075066 0.343106 -0.557032 0.756303 0.750570 0.950813 2 22 0.879115 23 0.120885
  22 25.069223 -0.198816 58.084217 0.126960 -0.561746 0.817510 0.750570 0.944611 2 22 0.879115 23 0.120885
  22 25.062304 -0.317940 57.938065 0.253025 -0.892113 0.374315 0.765924 0.950810 2 22 0.884945 23 0.115055
ring
  22 25.044043 -0.194370 58.084133 -0.097216 -0.535565 0.838880 0.750570 0.938408 2 22 0.879115 23 0.120885
  22 25.069223 -0.198816 58.084217 0.126960 -0.561746 0.817510 0.750570 0.944611 2 22 0.879115 23 0.120885
  22 25.087860 -0.019754 58.144802 0.177082 -0.082454 0.980736 0.735216 0.944615 2 22 0.833333 23 0.166667
ring
  22 25.087860 -0.019754 58.144802 0.177082 -0.082454 0.980736 0.735216 0.944615 2 22 0.833333 23 0.166667
  22 25.069223 -0.198816 58.084217 0.126960 -0.561746 0.817510 0.750570 0.944611 2 22 0.879115 23 0.120885
  22 25.092972 -0.196605 58.075066 0.343106 -0.557032 0.756303 0.750570 0.950813 2 22 0.879115 23 0.120885
ring
  22 25.062378 -0.018173 58.143719 -0.046720 -0.070517 0.996416 0.735216 0.938413 2 22 0.833333 23 0.166667
  22 25.044043 -0.194370 58.084133 -0.097216 -0.535565 0.838880 0.750570 0.938408 2 22 0.879115 23 0.120885
  22 25.087860 -0.019754 58.144802 0.177082 -0.082454 0.980736 0.735216 0.944615 2 22 0.833333 23 0.166667
ring
  22 25.111320 -0.020353 58.134697 0.391979 -0.089727 0.915588 0.735217 0.950818 2 22 0.833333 23 0.166667
  22 25.087860 -0.019754 58.144802 0.177082 -0.082454 0.980736 0.735216 0.944615 2 22 0.833333 23 0.166667
  22 25.092972 -0.196605 58.075066 0.343106 -0.557032 0.756303 0.750570 0.950813 2 22 0.879115 23 0.120885
ring
  22 25.064247 0.167421 58.110447 -0.040962 0.416106 0.908393 0.719862 0.938419 2 22 0.879115 23 0.120885
  22 25.062378 -0.018173 58.143719 -0.046720 -0.070517 0.996416 0.735216 0.938413 2 22 0.833333 23 0.166667
  22 25.087860 -0.019754 58.144802 0.177082 -0.082454 0.980736 0.735216 0.944615 2 22 0.833333 23 0.166667
ring
  22 25.087860 -0.019754 58.144802 0.177082 -0.082454 0.980736 0.735216 0.944615 2 22 0.833333 23 0.166667
  22 25.111320 -0.020353 58.134697 0.391979 -0.089727 0.915588 0.735217 0.950818 2 22 0.833333 23 0.166667
  22 25.113178 0.165186 58.101372 0.399697 0.396806 0.826309 0.719863 0.950824 2 22 0.879115 23 0.120885
ring
  22 25.089767 0.168799 58.110962 0.184127 0.418601 0.889309 0.719863 0.944622 2 22 0.879115 23 0.120885
  22 25.087860 -0.019754 58.144802 0.177082 -0.082454 0.980736 0.735216 0.944615 2 22 0.833333 23 0.166667
  22 25.113178 0.165186 58.101372 0.399697 0.396806 0.826309 0.719863 0.950824 2 22 0.879115 23 0.120885
ring
  22 25.089767 0.168799 58.110962 0.184127 0.418601 0.889309 0.719863 0.944622 2 22 0.879115 23 0.120885
  22 25.064247 0.167421 58.110447 -0.040962 0.416106 0.908393 0.719862 0.938419 2 22 0.879115 23 0.120885
  22 25.087860 -0.019754 58.144802 0.177082 -0.082454 0.980736 0.735216 0.944615 2 22 0.833333 23 0.166667
ring
  22 25.089767 0.168799 58.110962 0.184127 0.418601 0.889309 0.719863 0.944622 2 22 0.879115 23 0.120885
  22 25.113178 0.165186 58.101372 0.399697 0.396806 0.826309 0.719863 0.950824 2 22 0.879115 23 0.120885
  22 25.097454 0.308711 57.983501 0.360377 0.783724 0.505871 0.704509 0.950832 2 22 0.884945 23 0.115055
ring
  22 25.064247 0.167421 58.110447 -0.040962 0.416106 0.908393 0.719862 0.938419 2 22 0.879115 23 0.120885
  22 25.089767 0.168799 58.110962 0.184127 0.418601 0.889309 0.719863 0.944622 2 22 0.879115 23 0.120885
  22 25.073784 0.314623 57.991203 0.145147 0.813736 0.562820 0.704509 0.944630 2 22 0.884945 23 0.115055
ring
  22 25.073784 0.314623 57.991203 0.145147 0.813736 0.562820 0.704509 0.944630 2 22 0.884945 23 0.115055
  22 25.089767 0.168799 58.110962 0.184127 0.418601 0.889309 0.719863 0.944622 2 22 0.879115 23 0.120885
  22 25.097454 0.308711 57.983501 0.360377 0.783724 0.505871 0.704509 0.950832 2 22 0.884945 23 0.115055
ring
  22 25.073784 0.314623 57.991203 0.145147 0.813736 0.562820 0.704509 0.944630 2 22 0.884945 23 0.115055
  22 25.097454 0.308711 57.983501 0.360377 0.783724 0.505871 0.704509 0.950832 2 22 0.884945 23 0.115055
  22 25.069445 0.372380 57.811718 0.321642 0.903578 0.283006 0.689156 0.950840 2 22 0.991855 23 0.008145
ring
  22 25.049814 0.311945 57.991745 -0.078009 0.809679 0.581665 0.704509 0.938427 2 22 0.991855 23 0.008145
  22 25.064247 0.167421 58.110447 -0.040962 0.416106 0.908393 0.719862 0.938419 2 22 0.879115 23 0.120885
  22 25.073784 0.314623 57.991203 0.145147 0.813736 0.562820 0.704509 0.944630 2 22 0.884945 23 0.115055
ring
  22 25.045319 0.379413 57.816711 0.110587 0.937726 0.329303 0.689155 0.944638 2 22 0.991855 23 0.008145
  22 25.073784 0.314623 57.991203 0.145147 0.813736 0.562820 0.704509 0.944630 2 22 0.884945 23 0.115055
  22 25.069445 0.372380 57.811718 0.321642 0.903578 0.283006 0.689156 0.950840 2 22 0.991855 23 0.008145
ring
  22 25.049814 0.311945 57.991745 -0.078009 0.809679 0.581665 0.704509 0.938427 2 22 0.991855 23 0.008145
  22 25.073784 0.314623 57.991203 0.145147 0.813736 0.562820 0.704509 0.944630 2 22 0.884945 23 0.115055
  22 25.045319 0.379413 57.816711 0.110587 0.937726 0.329303 0.689155 0.944638 2 22 0.991855 23 0.008145
ring
  22 25.020544 0.374860 57.820938 -0.108971 0.926568 0.359996 0.689155 0.938435 2 22 0.991855 23 0.008145
  22 25.049814 0.311945 57.991745 -0.078009 0.809679 0.581665 0.704509 0.938427 2 22 0.991855 23 0.008145
  22 25.045319 0.379413 57.816711 0.110587 0.937726 0.329303 0.689155 0.944638 2 22 0.991855 23 0.008145
ring
  22 24.771109 0.036854 58.190983 -0.310520 0.830122 -0.463115 0.840519 0.987765 1 22 1.000000
  22 24.664568 0.000427 58.313572 -0.604722 0.776635 0.176495 0.851456 0.986774 1 22 1.000000
  22 24.794508 0.105195 58.297798 -0.309470 0.830263 -0.463563 0.846233 0.981763 1 22 1.000000
ring
  22 24.850088 0.032508 58.175907 -0.055914 0.846416 -0.529578 0.834093 0.987384 2 22 0.986111 23 0.013889
  22 24.771109 0.036854 58.190983 -0.310520 0.830122 -0.463115 0.840519 0.987765 1 22 1.000000
  22 24.794508 0.105195 58.297798 -0.309470 0.830263 -0.463563 0.846233 0.981763 1 22 1.000000
ring
  22 24.873497 0.100947 58.282799 -0.056023 0.846382 -0.529621 0.845211 0.978571 2 22 0.991855 23 0.008145
  22 24.850088 0.032508 58.175907 -0.055914 0.846416 -0.529578 0.834093 0.987384 2 22 0.986111 23 0.013889
  22 24.794508 0.105195 58.297798 -0.309470 0.830263 -0.463563 0.846233 0.981763 1 22 1.000000
ring
  22 24.905102 0.029730 58.165539 -0.057159 0.846429 -0.529424 0.830880 0.987193 2 22 0.986111 23 0.013889
  22 24.850088 0.032508 58.175907 -0.055914 0.846416 -0.529578 0.834093 0.987384 2 22 0.986111 23 0.013889
  22 24.873497 0.100947 58.282799 -0.056023 0.846382 -0.529621 0.845211 0.978571 2 22 0.991855 23 0.008145
ring
  22 24.928514 0.098157 58.272415 -0.057078 0.846447 -0.529405 0.844699 0.976975 2 22 0.991855 23 0.008145
  22 24.905102 0.029730 58.165539 -0.057159 0.846429 -0.529424 0.830880 0.987193 2 22 0.986111 23 0.013889
  22 24.873497 0.100947 58.282799 -0.056023 0.846382 -0.529621 0.845211 0.978571 2 22 0.991855 23 0.008145
ring
  22 24.999779 0.024976 58.147694 -0.049723 0.846220 -0.530508 0.827667 0.987003 2 22 0.986111 23 0.013889
  22 24.905102 0.029730 58.165539 -0.057159 0.846429 -0.529424 0.830880 0.987193 2 22 0.986111 23 0.013889
  22 24.928514 0.098157 58.272415 -0.057078 0.846447 -0.529405 0.844699 0.976975 2 22 0.991855 23 0.008145
ring
  22 25.023193 0.093382 58.254555 -0.049470 0.846074 -0.530765 0.844188 0.975379 2 22 0.991855 23 0.008145
  22 24.999779 0.024976 58.147694 -0.049723 0.846220 -0.530508 0.827667 0.987003 2 22 0.986111 23 0.013889
  22 24.928514 0.098157 58.272415 -0.057078 0.846447 -0.529405 0.844699 0.976975 2 22 0.991855 23 0.008145
ring
  22 25.023193 0.093382 58.254555 -0.049470 0.846074 -0.530765 0.844188 0.975379 2 22 0.991855 23 0.008145
  22 25.116562 0.086790 58.236763 -0.050525 0.846550 -0.529906 0.844699 0.976975 2 22 0.883059 23 0.116941
  22 24.999779 0.024976 58.147694 -0.049723 0.846220 -0.530508 0.827667 0.987003 2 22 0.986111 23 0.013889
ring
  22 25.116562 0.086790 58.236763 -0.050525 0.846550 -0.529906 0.844699 0.976975 2 22 0.883059 23 0.116941
  22 25.093445 0.018250 58.129448 -0.051379 0.846629 -0.529697 0.830880 0.987193 2 22 0.833333 23 0.166667
  22 24.999779 0.024976 58.147694 -0.049723 0.846220 -0.530508 0.827667 0.987003 2 22 0.986111 23 0.013889
ring
  22 25.093445 0.018250 58.129448 -0.051379 0.846629 -0.529697 0.830880 0.987193 2 22 0.833333 23 0.166667
  22 25.116562 0.086790 58.236763 -0.050525 0.846550 -0.529906 0.844699 0.976975 2 22 0.883059 23 0.116941
  22 25.148533 0.015798 58.119274 -0.045848 0.846472 -0.530455 0.834093 0.987384 2 22 0.833333 23 0.166667
ring
  22 25.116562 0.086790 58.236763 -0.050525 0.846550 -0.529906 0.844699 0.976975 2 22 0.883059 23 0.116941
  22 25.171658 0.084233 58.226528 -0.035210 0.849002 -0.527215 0.845211 0.978571 2 22 0.883059 23 0.116941
  22 25.148533 0.015798 58.119274 -0.045848 0.846472 -0.530455 0.834093 0.987384 2 22 0.833333 23 0.166667
ring
  22 25.148533 0.015798 58.119274 -0.045848 0.846472 -0.530455 0.834093 0.987384 2 22 0.833333 23 0.166667
  22 25.171658 0.084233 58.226528 -0.035210 0.849002 -0.527215 0.845211 0.978571 2 22 0.883059 23 0.116941
  22 25.225775 0.009705 58.104931 0.231982 0.804986 -0.546060 0.840519 0.987765 2 22 0.500000 23 0.500000
ring
  22 25.171658 0.084233 58.226528 -0.035210 0.849002 -0.527215 0.845211 0.978571 2 22 0.883059 23 0.116941
  22 25.246647 0.076176 58.213364 0.233607 0.808290 -0.540458 0.846233 0.981763 2 22 0.501886 23 0.498114
  22 25.225775 0.009705 58.104931 0.231982 0.804986 -0.546060 0.840519 0.987765 2 22 0.500000 23 0.500000
ring
  22 25.225775 0.009705 58.104931 0.231982 0.804986 -0.546060 0.840519 0.987765 2 22 0.500000 23 0.500000
  22 25.246647 0.076176 58.213364 0.233607 0.808290 -0.540458 0.846233 0.981763 2 22 0.501886 23 0.498114
  23 25.363422 -0.040791 58.182724 0.700682 0.711910 -0.047213 0.851456 0.986774 2 23 0.833333 22 0.166667
ring
  22 25.246647 0.076176 58.213364 0.416931 0.700671 0.578990 0.846233 0.981763 2 22 0.501886 23 0.498114
  22 25.260897 -0.010694 58.308228 0.434081 0.697689 0.569916 0.859165 0.982687 2 22 0.500000 23 0.500000
  23 25.363422 -0.040791 58.182724 0.700682 0.711910 -0.047213 0.851456 0.986774 2 23 0.833333 22 0.166667
ring
  22 25.260897 -0.010694 58.308228 0.434081 0.697689 0.569916 0.859165 0.982687 2 22 0.500000 23 0.500000
  22 25.246647 0.076176 58.213364 0.416931 0.700671 0.578990 0.846233 0.981763 2 22 0.501886 23 0.498114
  22 25.171658 0.084233 58.226528 0.175706 0.742366 0.646545 0.845211 0.978571 2 22 0.883059 23 0.116941
ring
  22 25.185299 -0.002194 58.322529 0.179183 0.743454 0.644336 0.865043 0.981253 2 22 0.833333 23 0.166667
  22 25.260897 -0.010694 58.308228 0.434081 0.697689 0.569916 0.859165 0.982687 2 22 0.500000 23 0.500000
  22 25.171658 0.084233 58.226528 0.175706 0.742366 0.646545 0.845211 0.978571 2 22 0.883059 23 0.116941
ring
  22 25.185299 -0.002194 58.322529 0.179183 0.743454 0.644336 0.865043 0.981253 2 22 0.833333 23 0.166667
  22 25.171658 0.084233 58.226528 0.175706 0.742366 0.646545 0.845211 0.978571 2 22 0.883059 23 0.116941
  22 25.116562 0.086790 58.236763 0.165078 0.744130 0.647317 0.844699 0.976975 2 22 0.883059 23 0.116941
ring
  22 25.130236 0.000258 58.332680 0.157882 0.740920 0.652772 0.867981 0.980536 2 22 0.833333 23 0.166667
  22 25.185299 -0.002194 58.322529 0.179183 0.743454 0.644336 0.865043 0.981253 2 22 0.833333 23 0.166667
  22 25.116562 0.086790 58.236763 0.165078 0.744130 0.647317 0.844699 0.976975 2 22 0.883059 23 0.116941
ring
  22 25.130236 0.000258 58.332680 0.157882 0.740920 0.652772 0.867981 0.980536 2 22 0.833333 23 0.166667
  22 25.116562 0.086790 58.236763 0.165078 0.744130 0.647317 0.844699 0.976975 2 22 0.883059 23 0.116941
  22 25.023193 0.093382 58.254555 0.170691 0.740947 0.649509 0.844188 0.975379 2 22 0.991855 23 0.008145
ring
  22 25.035469 0.004453 58.350143 0.175944 0.731901 0.658304 0.870920 0.979819 2 22 0.833333 23 0.166667
  22 25.130236 0.000258 58.332680 0.157882 0.740920 0.652772 0.867981 0.980536 2 22 0.833333 23 0.166667
  22 25.023193 0.093382 58.254555 0.170691 0.740947 0.649509 0.844188 0.975379 2 22 0.991855 23 0.008145
ring
  22 25.035469 0.004453 58.350143 0.175944 0.731901 0.658304 0.870920 0.979819 2 22 0.833333 23 0.166667
  22 25.023193 0.093382 58.254555 0.170691 0.740947 0.649509 0.844188 0.975379 2 22 0.991855 23 0.008145
  22 24.942648 0.012841 58.368790 0.170362 0.744725 0.645261 0.867981 0.980536 2 22 0.986111 23 0.013889
ring
  22 25.023193 0.093382 58.254555 0.170691 0.740947 0.649509 0.844188 0.975379 2 22 0.991855 23 0.008145
  22 24.928514 0.098157 58.272415 0.158890 0.750652 0.641308 0.844699 0.976975 2 22 0.991855 23 0.008145
  22 24.942648 0.012841 58.368790 0.170362 0.744725 0.645261 0.867981 0.980536 2 22 0.986111 23 0.013889
ring
  22 24.942648 0.012841 58.368790 0.170362 0.744725 0.645261 0.867981 0.980536 2 22 0.986111 23 0.013889
  22 24.928514 0.098157 58.272415 0.158890 0.750652 0.641308 0.844699 0.976975 2 22 0.991855 23 0.008145
  22 24.887604 0.015618 58.379147 0.161777 0.750454 0.640817 0.865043 0.981253 2 22 0.986111 23 0.013889
ring
  22 24.928514 0.098157 58.272415 0.158890 0.750652 0.641308 0.844699 0.976975 2 22 0.991855 23 0.008145
  22 24.873497 0.100947 58.282799 0.160939 0.750816 0.640605 0.845211 0.978571 2 22 0.991855 23 0.008145
  22 24.887604 0.015618 58.379147 0.161777 0.750454 0.640817 0.865043 0.981253 2 22 0.986111 23 0.013889
ring
  22 24.887604 0.015618 58.379147 0.161777 0.750454 0.640817 0.865043 0.981253 2 22 0.986111 23 0.013889
  22 24.873497 0.100947 58.282799 0.160939 0.750816 0.640605 0.845211 0.978571 2 22 0.991855 23 0.008145
  22 24.808718 0.020065 58.394238 -0.099670 0.738169 0.667212 0.859165 0.982687 1 22 1.000000
ring
  22 24.873497 0.100947 58.282799 0.160939 0.750816 0.640605 0.845211 0.978571 2 22 0.991855 23 0.008145
  22 24.794508 0.105195 58.297798 -0.099106 0.738701 0.666708 0.846233 0.981763 1 22 1.000000
  22 24.808718 0.020065 58.394238 -0.099670 0.738169 0.667212 0.859165 0.982687 1 22 1.000000
ring
  22 24.794508 0.105195 58.297798 -0.099106 0.738701 0.666708 0.846233 0.981763 1 22 1.000000
  22 24.664568 0.000427 58.313572 -0.604722 0.776635 0.176495 0.851456 0.986774 1 22 1.000000
  22 24.808718 0.020065 58.394238 -0.099670 0.738169 0.667212 0.859165 0.982687 1 22 1.000000
ring
  22 24.794094 -0.100889 58.347019 -0.321509 -0.946724 -0.018561 0.861444 0.989259 1 22 1.000000
  22 24.664568 0.000427 58.313572 -0.605146 -0.601488 0.521546 0.851456 0.986774 1 22 1.000000
  22 24.770844 -0.090530 58.221394 -0.321250 -0.946805 -0.018920 0.849919 0.992397 1 22 1.000000
ring
  22 24.873058 -0.105313 58.331844 -0.066140 -0.995326 -0.070372 0.866182 0.991723 2 22 0.986111 23 0.013889
  22 24.794094 -0.100889 58.347019 -0.321509 -0.946724 -0.018561 0.861444 0.989259 1 22 1.000000
  22 24.770844 -0.090530 58.221394 -0.321250 -0.946805 -0.018920 0.849919 0.992397 1 22 1.000000
ring
  22 24.849857 -0.094860 58.206261 -0.065039 -0.995340 -0.071194 0.847054 0.995512 2 22 0.986111 23 0.013889
  22 24.873058 -0.105313 58.331844 -0.066140 -0.995326 -0.070372 0.866182 0.991723 2 22 0.986111 23 0.013889
  22 24.770844 -0.090530 58.221394 -0.321250 -0.946805 -0.018920 0.849919 0.992397 1 22 1.000000
ring
  22 24.928097 -0.108090 58.321499 -0.063424 -0.995411 -0.071647 0.868551 0.992954 2 22 0.986111 23 0.013889
  22 24.873058 -0.105313 58.331844 -0.066140 -0.995326 -0.070372 0.866182 0.991723 2 22 0.986111 23 0.013889
  22 24.849857 -0.094860 58.206261 -0.065039 -0.995340 -0.071194 0.847054 0.995512 2 22 0.986111 23 0.013889
ring
  22 24.904900 -0.097515 58.195969 -0.062849 -0.995405 -0.072235 0.845621 0.997069 2 22 0.991855 23 0.008145
  22 24.928097 -0.108090 58.321499 -0.063424 -0.995411 -0.071647 0.868551 0.992954 2 22 0.986111 23 0.013889
  22 24.849857 -0.094860 58.206261 -0.065039 -0.995340 -0.071194 0.847054 0.995512 2 22 0.986111 23 0.013889
ring
  22 24.904900 -0.097515 58.195969 -0.062849 -0.995405 -0.072235 0.845621 0.997069 2 22 0.991855 23 0.008145
  22 24.999577 -0.102323 58.178112 -0.072924 -0.994812 -0.070930 0.844188 0.998626 2 22 0.991855 23 0.008145
  22 24.928097 -0.108090 58.321499 -0.063424 -0.995411 -0.071647 0.868551 0.992954 2 22 0.986111 23 0.013889
ring
  22 24.999577 -0.102323 58.178112 -0.072924 -0.994812 -0.070930 0.844188 0.998626 2 22 0.991855 23 0.008145
  22 25.022755 -0.112845 58.303631 -0.073673 -0.994838 -0.069786 0.870920 0.994186 2 22 0.986111 23 0.013889
  22 24.928097 -0.108090 58.321499 -0.063424 -0.995411 -0.071647 0.868551 0.992954 2 22 0.986111 23 0.013889
ring
  22 25.022755 -0.112845 58.303631 -0.073673 -0.994838 -0.069786 0.870920 0.994186 2 22 0.986111 23 0.013889
  22 24.999577 -0.102323 58.178112 -0.072924 -0.994812 -0.070930 0.844188 0.998626 2 22 0.991855 23 0.008145
  22 25.116762 -0.119502 58.284996 -0.071393 -0.994825 -0.072293 0.868551 0.992954 2 22 0.883059 23 0.116941
ring
  22 24.999577 -0.102323 58.178112 -0.072924 -0.994812 -0.070930 0.844188 0.998626 2 22 0.991855 23 0.008145
  22 25.093899 -0.108620 58.159378 -0.070364 -0.994820 -0.073367 0.845621 0.997069 2 22 0.883059 23 0.116941
  22 25.116762 -0.119502 58.284996 -0.071393 -0.994825 -0.072293 0.868551 0.992954 2 22 0.883059 23 0.116941
ring
  22 25.116762 -0.119502 58.284996 -0.071393 -0.994825 -0.072293 0.868551 0.992954 2 22 0.883059 23 0.116941
  22 25.093899 -0.108620 58.159378 -0.070364 -0.994820 -0.073367 0.845621 0.997069 2 22 0.883059 23 0.116941
  22 25.171837 -0.122059 58.274754 -0.089938 -0.993161 -0.074443 0.866182 0.991723 2 22 0.883059 23 0.116941
ring
  22 25.093899 -0.108620 58.159378 -0.070364 -0.994820 -0.073367 0.845621 0.997069 2 22 0.883059 23 0.116941
  22 25.148956 -0.111178 58.149155 -0.081932 -0.994092 -0.071193 0.847054 0.995512 2 22 0.883059 23 0.116941
  22 25.171837 -0.122059 58.274754 -0.089938 -0.993161 -0.074443 0.866182 0.991723 2 22 0.883059 23 0.116941
ring
  22 25.148956 -0.111178 58.149155 -0.081932 -0.994092 -0.071193 0.847054 0.995512 2 22 0.883059 23 0.116941
  23 25.227150 -0.118210 58.132729 0.176226 -0.976657 -0.122825 0.849919 0.992397 2 23 0.501886 22 0.498114
  22 25.171837 -0.122059 58.274754 -0.089938 -0.993161 -0.074443 0.866182 0.991723 2 22 0.883059 23 0.116941
ring
  23 25.227150 -0.118210 58.132729 0.176226 -0.976657 -0.122825 0.849919 0.992397 2 23 0.501886 22 0.498114
  23 25.248837 -0.130841 58.258373 0.161241 -0.978810 -0.126225 0.861444 0.989259 2 23 0.501886 22 0.498114
  22 25.171837 -0.122059 58.274754 -0.089938 -0.993161 -0.074443 0.866182 0.991723 2 22 0.883059 23 0.116941
ring
  23 25.248837 -0.130841 58.258373 0.161241 -0.978810 -0.126225 0.861444 0.989259 2 23 0.501886 22 0.498114
  23 25.227150 -0.118210 58.132729 0.176226 -0.976657 -0.122825 0.849919 0.992397 2 23 0.501886 22 0.498114
  23 25.363422 -0.040791 58.182724 0.699125 -0.661405 0.271604 0.851456 0.986774 2 23 0.833333 22 0.166667
ring
  22 25.260897 -0.010694 58.308228 0.382041 -0.382087 0.841459 0.859165 0.982687 2 22 0.500000 23 0.500000
  23 25.248837 -0.130841 58.258373 0.405122 -0.384805 0.829338 0.861444 0.989259 2 23 0.501886 22 0.498114
  23 25.363422 -0.040791 58.182724 0.699125 -0.661405 0.271604 0.851456 0.986774 2 23 0.833333 22 0.166667
ring
  22 25.171837 -0.122059 58.274754 0.147093 -0.384265 0.911429 0.866182 0.991723 2 22 0.883059 23 0.116941
  23 25.248837 -0.130841 58.258373 0.405122 -0.384805 0.829338 0.861444 0.989259 2 23 0.501886 22 0.498114
  22 25.260897 -0.010694 58.308228 0.382041 -0.382087 0.841459 0.859165 0.982687 2 22 0.500000 23 0.500000
ring
  22 25.185299 -0.002194 58.322529 0.141234 -0.380091 0.914102 0.865043 0.981253 2 22 0.833333 23 0.166667
  22 25.171837 -0.122059 58.274754 0.147093 -0.384265 0.911429 0.866182 0.991723 2 22 0.883059 23 0.116941
  22 25.260897 -0.010694 58.308228 0.382041 -0.382087 0.841459 0.859165 0.982687 2 22 0.500000 23 0.500000
ring
  22 25.116762 -0.119502 58.284996 0.152839 -0.380473 0.912074 0.868551 0.992954 2 22 0.883059 23 0.116941
  22 25.171837 -0.122059 58.274754 0.147093 -0.384265 0.911429 0.866182 0.991723 2 22 0.883059 23 0.116941
  22 25.185299 -0.002194 58.322529 0.141234 -0.380091 0.914102 0.865043 0.981253 2 22 0.833333 23 0.166667
ring
  22 25.130236 0.000258 58.332680 0.151824 -0.379797 0.912526 0.867981 0.980536 2 22 0.833333 23 0.166667
  22 25.116762 -0.119502 58.284996 0.152839 -0.380473 0.912074 0.868551 0.992954 2 22 0.883059 23 0.116941
  22 25.185299 -0.002194 58.322529 0.141234 -0.380091 0.914102 0.865043 0.981253 2 22 0.833333 23 0.166667
ring
  22 25.022755 -0.112845 58.303631 0.152435 -0.378274 0.913056 0.870920 0.994186 2 22 0.986111 23 0.013889
  22 25.116762 -0.119502 58.284996 0.152839 -0.380473 0.912074 0.868551 0.992954 2 22 0.883059 23 0.116941
  22 25.130236 0.000258 58.332680 0.151824 -0.379797 0.912526 0.867981 0.980536 2 22 0.833333 23 0.166667
ring
  22 25.035469 0.004453 58.350143 0.150425 -0.378467 0.913310 0.870920 0.979819 2 22 0.833333 23 0.166667
  22 25.022755 -0.112845 58.303631 0.152435 -0.378274 0.913056 0.870920 0.994186 2 22 0.986111 23 0.013889
  22 25.130236 0.000258 58.332680 0.151824 -0.379797 0.912526 0.867981 0.980536 2 22 0.833333 23 0.166667
ring
  22 25.022755 -0.112845 58.303631 0.152435 -0.378274 0.913056 0.870920 0.994186 2 22 0.986111 23 0.013889
  22 25.035469 0.004453 58.350143 0.150425 -0.378467 0.913310 0.870920 0.979819 2 22 0.833333 23 0.166667
  22 24.942648 0.012841 58.368790 0.151989 -0.376586 0.913828 0.867981 0.980536 2 22 0.986111 23 0.013889
ring
  22 24.928097 -0.108090 58.321499 0.153272 -0.375853 0.913916 0.868551 0.992954 2 22 0.986111 23 0.013889
  22 25.022755 -0.112845 58.303631 0.152435 -0.378274 0.913056 0.870920 0.994186 2 22 0.986111 23 0.013889
  22 24.942648 0.012841 58.368790 0.151989 -0.376586 0.913828 0.867981 0.980536 2 22 0.986111 23 0.013889
ring
  22 24.928097 -0.108090 58.321499 0.153272 -0.375853 0.913916 0.868551 0.992954 2 22 0.986111 23 0.013889
  22 24.942648 0.012841 58.368790 0.151989 -0.376586 0.913828 0.867981 0.980536 2 22 0.986111 23 0.013889
  22 24.887604 0.015618 58.379147 0.153273 -0.375863 0.913911 0.865043 0.981253 2 22 0.986111 23 0.013889
ring
  22 24.873058 -0.105313 58.331844 0.153556 -0.375735 0.913916 0.866182 0.991723 2 22 0.986111 23 0.013889
  22 24.928097 -0.108090 58.321499 0.153272 -0.375853 0.913916 0.868551 0.992954 2 22 0.986111 23 0.013889
  22 24.887604 0.015618 58.379147 0.153273 -0.375863 0.913911 0.865043 0.981253 2 22 0.986111 23 0.013889
ring
  22 24.873058 -0.105313 58.331844 0.153556 -0.375735 0.913916 0.866182 0.991723 2 22 0.986111 23 0.013889
  22 24.887604 0.015618 58.379147 0.153273 -0.375863 0.913911 0.865043 0.981253 2 22 0.986111 23 0.013889
  22 24.808718 0.020065 58.394238 -0.106229 -0.350616 0.930475 0.859165 0.982687 1 22 1.000000
ring
  22 24.794094 -0.100889 58.347019 -0.101452 -0.351116 0.930819 0.861444 0.989259 1 22 1.000000
  22 24.873058 -0.105313 58.331844 0.153556 -0.375735 0.913916 0.866182 0.991723 2 22 0.986111 23 0.013889
  22 24.808718 0.020065 58.394238 -0.106229 -0.350616 0.930475 0.859165 0.982687 1 22 1.000000
ring
  22 24.808718 0.020065 58.394238 -0.106229 -0.350616 0.930475 0.859165 0.982687 1 22 1.000000
  22 24.664568 0.000427 58.313572 -0.605146 -0.601488 0.521546 0.851456 0.986774 1 22 1.000000
  22 24.794094 -0.100889 58.347019 -0.101452 -0.351116 0.930819 0.861444 0.989259 1 22 1.000000
ring
  22 24.770844 -0.090530 58.221394 -0.437658 -0.207783 -0.874804 0.849919 0.992397 1 22 1.000000
  22 24.664568 0.000427 58.313572 -0.721198 -0.159424 -0.674134 0.851456 0.986774 1 22 1.000000
  22 24.771109 0.036854 58.190983 -0.440462 -0.207594 -0.873440 0.840519 0.987765 1 22 1.000000
ring
  22 24.771109 0.036854 58.190983 -0.440462 -0.207594 -0.873440 0.840519 0.987765 1 22 1.000000
  22 24.850088 0.032508 58.175907 -0.193175 -0.227245 -0.954486 0.834093 0.987384 2 22 0.986111 23 0.013889
  22 24.770844 -0.090530 58.221394 -0.437658 -0.207783 -0.874804 0.849919 0.992397 1 22 1.000000
ring
  22 24.850088 0.032508 58.175907 -0.193175 -0.227245 -0.954486 0.834093 0.987384 2 22 0.986111 23 0.013889
  22 24.849857 -0.094860 58.206261 -0.192607 -0.227424 -0.954558 0.847054 0.995512 2 22 0.986111 23 0.013889
  22 24.770844 -0.090530 58.221394 -0.437658 -0.207783 -0.874804 0.849919 0.992397 1 22 1.000000
ring
  22 24.850088 0.032508 58.175907 -0.193175 -0.227245 -0.954486 0.834093 0.987384 2 22 0.986111 23 0.013889
  22 24.905102 0.029730 58.165539 -0.191222 -0.227706 -0.954769 0.830880 0.987193 2 22 0.986111 23 0.013889
  22 24.849857 -0.094860 58.206261 -0.192607 -0.227424 -0.954558 0.847054 0.995512 2 22 0.986111 23 0.013889
ring
  22 24.905102 0.029730 58.165539 -0.191222 -0.227706 -0.954769 0.830880 0.987193 2 22 0.986111 23 0.013889
  22 24.904900 -0.097515 58.195969 -0.190537 -0.227954 -0.954847 0.845621 0.997069 2 22 0.991855 23 0.008145
  22 24.849857 -0.094860 58.206261 -0.192607 -0.227424 -0.954558 0.847054 0.995512 2 22 0.986111 23 0.013889
ring
  22 24.905102 0.029730 58.165539 -0.191222 -0.227706 -0.954769 0.830880 0.987193 2 22 0.986111 23 0.013889
  22 24.999779 0.024976 58.147694 -0.197123 -0.227072 -0.953720 0.827667 0.987003 2 22 0.986111 23 0.013889
  22 24.904900 -0.097515 58.195969 -0.190537 -0.227954 -0.954847 0.845621 0.997069 2 22 0.991855 23 0.008145
ring
  22 24.999779 0.024976 58.147694 -0.197123 -0.227072 -0.953720 0.827667 0.987003 2 22 0.986111 23 0.013889
  22 24.999577 -0.102323 58.178112 -0.198015 -0.227486 -0.953436 0.844188 0.998626 2 22 0.991855 23 0.008145
  22 24.904900 -0.097515 58.195969 -0.190537 -0.227954 -0.954847 0.845621 0.997069 2 22 0.991855 23 0.008145
ring
  22 24.999577 -0.102323 58.178112 -0.198015 -0.227486 -0.953436 0.844188 0.998626 2 22 0.991855 23 0.008145
  22 24.999779 0.024976 58.147694 -0.197123 -0.227072 -0.953720 0.827667 0.987003 2 22 0.986111 23 0.013889
  22 25.093899 -0.108620 58.159378 -0.195441 -0.226133 -0.954289 0.845621 0.997069 2 22 0.883059 23 0.116941
ring
  22 24.999779 0.024976 58.147694 -0.197123 -0.227072 -0.953720 0.827667 0.987003 2 22 0.986111 23 0.013889
  22 25.093445 0.018250 58.129448 -0.194290 -0.225901 -0.954579 0.830880 0.987193 2 22 0.833333 23 0.166667
  22 25.093899 -0.108620 58.159378 -0.195441 -0.226133 -0.954289 0.845621 0.997069 2 22 0.883059 23 0.116941
ring
  22 25.093445 0.018250 58.129448 -0.194290 -0.225901 -0.954579 0.830880 0.987193 2 22 0.833333 23 0.166667
  22 25.148533 0.015798 58.119274 -0.190911 -0.225673 -0.955314 0.834093 0.987384 2 22 0.833333 23 0.166667
  22 25.093899 -0.108620 58.159378 -0.195441 -0.226133 -0.954289 0.845621 0.997069 2 22 0.883059 23 0.116941
ring
  22 25.148533 0.015798 58.119274 -0.190911 -0.225673 -0.955314 0.834093 0.987384 2 22 0.833333 23 0.166667
  22 25.148956 -0.111178 58.149155 -0.199626 -0.220172 -0.954816 0.847054 0.995512 2 22 0.883059 23 0.116941
  22 25.093899 -0.108620 58.159378 -0.195441 -0.226133 -0.954289 0.845621 0.997069 2 22 0.883059 23 0.116941
ring
  22 25.148533 0.015798 58.119274 -0.190911 -0.225673 -0.955314 0.834093 0.987384 2 22 0.833333 23 0.166667
  22 25.225775 0.009705 58.104931 0.063561 -0.217296 -0.974034 0.840519 0.987765 2 22 0.500000 23 0.500000
  22 25.148956 -0.111178 58.149155 -0.199626 -0.220172 -0.954816 0.847054 0.995512 2 22 0.883059 23 0.116941
ring
  22 25.225775 0.009705 58.104931 0.063561 -0.217296 -0.974034 0.840519 0.987765 2 22 0.500000 23 0.500000
  23 25.227150 -0.118210 58.132729 0.067709 -0.211177 -0.975100 0.849919 0.992397 2 23 0.501886 22 0.498114
  22 25.148956 -0.111178 58.149155 -0.199626 -0.220172 -0.954816 0.847054 0.995512 2 22 0.883059 23 0.116941
ring
  23 25.227150 -0.118210 58.132729 0.067709 -0.211177 -0.975100 0.849919 0.992397 2 23 0.501886 22 0.498114
  22 25.225775 0.009705 58.104931 0.063561 -0.217296 -0.974034 0.840519 0.987765 2 22 0.500000 23 0.500000
  23 25.363422 -0.040791 58.182724 0.430372 -0.187255 -0.883015 0.851456 0.986774 2 23 0.833333 22 0.166667
ring
  22 25.034107 0.330684 57.638016 0.036966 -0.898430 0.437558 0.858050 0.950802 2 22 0.991855 23 0.008145
  22 25.068350 0.363925 57.811226 -0.013588 -0.981485 0.191055 0.873405 0.950801 2 22 0.991855 23 0.008145
  22 25.020611 0.366347 57.820267 -0.013614 -0.981485 0.191053 0.873405 0.938395 2 22 0.991855 23 0.008145
ring
  22 24.986340 0.333106 57.647030 0.036918 -0.898661 0.437087 0.858050 0.938396 2 22 0.991855 23 0.008145
  22 25.034107 0.330684 57.638016 0.036966 -0.898430 0.437558 0.858050 0.950802 2 22 0.991855 23 0.008145
  22 25.020611 0.366347 57.820267 -0.013614 -0.981485 0.191053 0.873405 0.938395 2 22 0.991855 23 0.008145
ring
  22 25.003342 0.211568 57.504715 0.127010 -0.558240 0.819900 0.842695 0.950803 1 22 1.000000
  22 25.034107 0.330684 57.638016 0.036966 -0.898430 0.437558 0.858050 0.950802 2 22 0.991855 23 0.008145
  22 24.986340 0.333106 57.647030 0.036918 -0.898661 0.437087 0.858050 0.938396 2 22 0.991855 23 0.008145
ring
  22 24.955605 0.213974 57.513756 0.126976 -0.559070 0.819340 0.842695 0.938397 1 22 1.000000
  22 25.003342 0.211568 57.504715 0.127010 -0.558240 0.819900 0.842695 0.950803 1 22 1.000000
  22 24.986340 0.333106 57.647030 0.036918 -0.898661 0.437087 0.858050 0.938396 2 22 0.991855 23 0.008145
ring
  22 24.984371 0.038642 57.447201 0.182104 -0.076954 0.980263 0.827340 0.950804 2 22 0.996851 23 0.003149
  22 25.003342 0.211568 57.504715 0.127010 -0.558240 0.819900 0.842695 0.950803 1 22 1.000000
  22 24.955605 0.213974 57.513756 0.126976 -0.559070 0.819340 0.842695 0.938397 1 22 1.000000
ring
  22 24.936586 0.041042 57.456268 0.182097 -0.077982 0.980183 0.827340 0.938399 1 22 1.000000
  22 24.984371 0.038642 57.447201 0.182104 -0.076954 0.980263 0.827340 0.950804 2 22 0.996851 23 0.003149
  22 24.955605 0.213974 57.513756 0.126976 -0.559070 0.819340 0.842695 0.938397 1 22 1.000000
ring
  22 24.936586 0.041042 57.456268 0.182097 -0.077982 0.980183 0.827340 0.938399 1 22 1.000000
  22 24.934412 -0.139417 57.489841 0.189287 0.421948 0.886640 0.811986 0.938400 1 22 1.000000
  22 24.984371 0.038642 57.447201 0.182104 -0.076954 0.980263 0.827340 0.950804 2 22 0.996851 23 0.003149
ring
  22 24.934412 -0.139417 57.489841 0.189287 0.421948 0.886640 0.811986 0.938400 1 22 1.000000
  22 24.982292 -0.141778 57.480743 0.189202 0.422494 0.886398 0.811986 0.950805 2 22 0.992993 23 0.007007
  22 24.984371 0.038642 57.447201 0.182104 -0.076954 0.980263 0.827340 0.950804 2 22 0.996851 23 0.003149
ring
  22 24.934412 -0.139417 57.489841 0.189287 0.421948 0.886640 0.811986 0.938400 1 22 1.000000
  22 24.949835 -0.279020 57.605400 0.146499 0.816974 0.557756 0.796632 0.938401 2 22 0.991855 23 0.008145
  22 24.982292 -0.141778 57.480743 0.189202 0.422494 0.886398 0.811986 0.950805 2 22 0.992993 23 0.007007
ring
  22 24.949835 -0.279020 57.605400 0.146499 0.816974 0.557756 0.796632 0.938401 2 22 0.991855 23 0.008145
  22 24.997581 -0.281443 57.596416 0.146287 0.817507 0.557030 0.796632 0.950806 2 22 0.991855 23 0.008145
  22 24.982292 -0.141778 57.480743 0.189202 0.422494 0.886398 0.811986 0.950805 2 22 0.992993 23 0.007007
ring
  22 24.949835 -0.279020 57.605400 0.146499 0.816974 0.557756 0.796632 0.938401 2 22 0.991855 23 0.008145
  22 24.978403 -0.340486 57.772221 0.063114 0.995510 0.070540 0.781278 0.938402 2 22 0.991855 23 0.008145
  22 24.997581 -0.281443 57.596416 0.146287 0.817507 0.557030 0.796632 0.950806 2 22 0.991855 23 0.008145
ring
  22 24.978403 -0.340486 57.772221 0.063114 0.995510 0.070540 0.781278 0.938402 2 22 0.991855 23 0.008145
  22 25.026176 -0.342875 57.763206 0.063411 0.995538 0.069877 0.781278 0.950808 2 22 0.991855 23 0.008145
  22 24.997581 -0.281443 57.596416 0.146287 0.817507 0.557030 0.796632 0.950806 2 22 0.991855 23 0.008145
ring
  22 24.978403 -0.340486 57.772221 0.063114 0.995510 0.070540 0.781278 0.938402 2 22 0.991855 23 0.008145
  22 25.012680 -0.307213 57.945446 -0.043060 0.896696 -0.440547 0.765924 0.938404 2 22 0.991855 23 0.008145
  22 25.026176 -0.342875 57.763206 0.063411 0.995538 0.069877 0.781278 0.950808 2 22 0.991855 23 0.008145
ring
  22 25.012680 -0.307213 57.945446 -0.043060 0.896696 -0.440547 0.765924 0.938404 2 22 0.991855 23 0.008145
  22 25.061409 -0.310225 57.934608 -0.038999 0.901714 -0.430570 0.765924 0.950810 2 22 0.884945 23 0.115055
  22 25.026176 -0.342875 57.763206 0.063411 0.995538 0.069877 0.781278 0.950808 2 22 0.991855 23 0.008145
ring
  22 25.012680 -0.307213 57.945446 -0.043060 0.896696 -0.440547 0.765924 0.938404 2 22 0.991855 23 0.008145
  22 25.043554 -0.189539 58.077282 -0.126897 0.561861 -0.817441 0.750570 0.938408 2 22 0.879115 23 0.120885
  22 25.061409 -0.310225 57.934608 -0.038999 0.901714 -0.430570 0.765924 0.950810 2 22 0.884945 23 0.115055
ring
  22 25.043554 -0.189539 58.077282 -0.126897 0.561861 -0.817441 0.750570 0.938408 2 22 0.879115 23 0.120885
  22 25.091354 -0.191752 58.068409 -0.125660 0.562491 -0.817199 0.750570 0.950813 2 22 0.879115 23 0.120885
  22 25.061409 -0.310225 57.934608 -0.038999 0.901714 -0.430570 0.765924 0.950810 2 22 0.884945 23 0.115055
ring
  22 25.043554 -0.189539 58.077282 -0.126897 0.561861 -0.817441 0.750570 0.938408 2 22 0.879115 23 0.120885
  22 25.061455 -0.017465 58.135452 -0.177245 0.082143 -0.980733 0.735216 0.938413 2 22 0.833333 23 0.166667
  22 25.091354 -0.191752 58.068409 -0.125660 0.562491 -0.817199 0.750570 0.950813 2 22 0.879115 23 0.120885
ring
  22 25.061455 -0.017465 58.135452 -0.177245 0.082143 -0.980733 0.735216 0.938413 2 22 0.833333 23 0.166667
  22 25.109272 -0.019594 58.126640 -0.177321 0.082775 -0.980666 0.735217 0.950818 2 22 0.833333 23 0.166667
  22 25.091354 -0.191752 58.068409 -0.125660 0.562491 -0.817199 0.750570 0.950813 2 22 0.879115 23 0.120885
ring
  22 25.061455 -0.017465 58.135452 -0.177245 0.082143 -0.980733 0.735216 0.938413 2 22 0.833333 23 0.166667
  22 25.063297 0.163786 58.102993 -0.185127 -0.417781 -0.889487 0.719862 0.938419 2 22 0.879115 23 0.120885
  22 25.109272 -0.019594 58.126640 -0.177321 0.082775 -0.980666 0.735217 0.950818 2 22 0.833333 23 0.166667
ring
  22 25.063297 0.163786 58.102993 -0.185127 -0.417781 -0.889487 0.719862 0.938419 2 22 0.879115 23 0.120885
  22 25.111074 0.161572 58.094097 -0.184945 -0.417706 -0.889560 0.719863 0.950824 2 22 0.879115 23 0.120885
  22 25.109272 -0.019594 58.126640 -0.177321 0.082775 -0.980666 0.735217 0.950818 2 22 0.833333 23 0.166667
ring
  22 25.095715 0.301753 57.978973 -0.152557 -0.812769 -0.562257 0.704509 0.950832 2 22 0.884945 23 0.115055
  22 25.111074 0.161572 58.094097 -0.184945 -0.417706 -0.889560 0.719863 0.950824 2 22 0.879115 23 0.120885
  22 25.063297 0.163786 58.102993 -0.185127 -0.417781 -0.889487 0.719862 0.938419 2 22 0.879115 23 0.120885
ring
  22 25.049196 0.304915 57.987064 -0.151291 -0.816801 -0.556729 0.704509 0.938427 2 22 0.991855 23 0.008145
  22 25.095715 0.301753 57.978973 -0.152557 -0.812769 -0.562257 0.704509 0.950832 2 22 0.884945 23 0.115055
  22 25.063297 0.163786 58.102993 -0.185127 -0.417781 -0.889487 0.719862 0.938419 2 22 0.879115 23 0.120885
ring
  22 25.068350 0.363925 57.811226 -0.111375 -0.938413 -0.327072 0.689156 0.950840 2 22 0.991855 23 0.008145
  22 25.095715 0.301753 57.978973 -0.152557 -0.812769 -0.562257 0.704509 0.950832 2 22 0.884945 23 0.115055
  22 25.049196 0.304915 57.987064 -0.151291 -0.816801 -0.556729 0.704509 0.938427 2 22 0.991855 23 0.008145
ring
  22 25.020611 0.366347 57.820267 -0.109548 -0.938666 -0.326963 0.689155 0.938435 2 22 0.991855 23 0.008145
  22 25.068350 0.363925 57.811226 -0.111375 -0.938413 -0.327072 0.689156 0.950840 2 22 0.991855 23 0.008145
  22 25.049196 0.304915 57.987064 -0.151291 -0.816801 -0.556729 0.704509 0.938427 2 22 0.991855 23 0.008145
ring
  22 24.984371 0.038642 57.447201 0.991913 -0.051087 -0.116187 0.827340 0.950804 2 22 0.996851 23 0.003149
  22 24.983437 0.039300 57.438953 0.991897 -0.051210 -0.116266 0.827340 0.950804 2 22 0.996851 23 0.003149
  22 25.002880 0.216336 57.497852 0.988230 -0.086325 -0.126294 0.842695 0.950803 1 22 1.000000
ring
  22 24.984371 0.038642 57.447201 0.991913 -0.051087 -0.116187 0.827340 0.950804 2 22 0.996851 23 0.003149
  22 24.982292 -0.141778 57.480743 0.991957 -0.017889 -0.125303 0.811986 0.950805 2 22 0.992993 23 0.007007
  22 24.983437 0.039300 57.438953 0.991897 -0.051210 -0.116266 0.827340 0.950804 2 22 0.996851 23 0.003149
ring
  22 25.003342 0.211568 57.504715 0.988300 -0.085915 -0.126023 0.842695 0.950803 1 22 1.000000
  22 24.984371 0.038642 57.447201 0.991913 -0.051087 -0.116187 0.827340 0.950804 2 22 0.996851 23 0.003149
  22 25.002880 0.216336 57.497852 0.988230 -0.086325 -0.126294 0.842695 0.950803 1 22 1.000000
ring
  22 24.982292 -0.141778 57.480743 0.991957 -0.017889 -0.125303 0.811986 0.950805 2 22 0.992993 23 0.007007
  22 24.981285 -0.145478 57.473293 0.991943 -0.017461 -0.125477 0.811986 0.950805 2 22 0.992993 23 0.007007
  22 24.983437 0.039300 57.438953 0.991897 -0.051210 -0.116266 0.827340 0.950804 2 22 0.996851 23 0.003149
ring
  22 25.003342 0.211568 57.504715 0.988300 -0.085915 -0.126023 0.842695 0.950803 1 22 1.000000
  22 25.002880 0.216336 57.497852 0.988230 -0.086325 -0.126294 0.842695 0.950803 1 22 1.000000
  22 25.034351 0.338329 57.634331 0.982063 -0.106594 -0.155530 0.858050 0.950802 2 22 0.991855 23 0.008145
ring
  22 24.982292 -0.141778 57.480743 0.991957 -0.017889 -0.125303 0.811986 0.950805 2 22 0.992993 23 0.007007
  22 24.997581 -0.281443 57.596416 0.989291 0.011278 -0.145522 0.796632 0.950806 2 22 0.991855 23 0.008145
  22 24.981285 -0.145478 57.473293 0.991943 -0.017461 -0.125477 0.811986 0.950805 2 22 0.992993 23 0.007007
ring
  22 25.034107 0.330684 57.638016 0.982131 -0.106418 -0.155218 0.858050 0.950802 2 22 0.991855 23 0.008145
  22 25.003342 0.211568 57.504715 0.988300 -0.085915 -0.126023 0.842695 0.950803 1 22 1.000000
  22 25.034351 0.338329 57.634331 0.982063 -0.106594 -0.155530 0.858050 0.950802 2 22 0.991855 23 0.008145
ring
  22 24.997581 -0.281443 57.596416 0.989291 0.011278 -0.145522 0.796632 0.950806 2 22 0.991855 23 0.008145
  22 24.996969 -0.288473 57.591721 0.989237 0.011575 -0.145866 0.796632 0.950806 2 22 0.991855 23 0.008145
  22 24.981285 -0.145478 57.473293 0.991943 -0.017461 -0.125477 0.811986 0.950805 2 22 0.992993 23 0.007007
ring
  22 25.034107 0.330684 57.638016 0.982131 -0.106418 -0.155218 0.858050 0.950802 2 22 0.991855 23 0.008145
  22 25.034351 0.338329 57.634331 0.982063 -0.106594 -0.155530 0.858050 0.950802 2 22 0.991855 23 0.008145
  22 25.069445 0.372380 57.811718 0.978329 -0.116561 -0.171130 0.873405 0.950801 2 22 0.991855 23 0.008145
ring
  22 25.068350 0.363925 57.811226 0.978322 -0.116652 -0.171111 0.873405 0.950801 2 22 0.991855 23 0.008145
  22 25.034107 0.330684 57.638016 0.982131 -0.106418 -0.155218 0.858050 0.950802 2 22 0.991855 23 0.008145
  22 25.069445 0.372380 57.811718 0.978329 -0.116561 -0.171130 0.873405 0.950801 2 22 0.991855 23 0.008145
ring
  22 24.997581 -0.281443 57.596416 0.989291 0.011278 -0.145522 0.796632 0.950806 2 22 0.991855 23 0.008145
  22 25.026176 -0.342875 57.763206 0.982745 0.024244 -0.183370 0.781278 0.950808 2 22 0.991855 23 0.008145
  22 24.996969 -0.288473 57.591721 0.989237 0.011575 -0.145866 0.796632 0.950806 2 22 0.991855 23 0.008145
ring
  22 25.026176 -0.342875 57.763206 0.982745 0.024244 -0.183370 0.781278 0.950808 2 22 0.991855 23 0.008145
  22 25.026257 -0.351387 57.762497 0.982729 0.024319 -0.183444 0.781278 0.950808 2 22 0.991855 23 0.008145
  22 24.996969 -0.288473 57.591721 0.989237 0.011575 -0.145866 0.796632 0.950806 2 22 0.991855 23 0.008145
ring
  22 25.026257 -0.351387 57.762497 0.982729 0.024319 -0.183444 0.781278 0.950808 2 22 0.991855 23 0.008145
  22 25.026176 -0.342875 57.763206 0.982745 0.024244 -0.183370 0.781278 0.950808 2 22 0.991855 23 0.008145
  22 25.062304 -0.317940 57.938065 0.976194 0.016434 -0.216278 0.765924 0.950810 2 22 0.884945 23 0.115055
ring
  22 25.026176 -0.342875 57.763206 0.982745 0.024244 -0.183370 0.781278 0.950808 2 22 0.991855 23 0.008145
  22 25.061409 -0.310225 57.934608 0.976147 0.016242 -0.216502 0.765924 0.950810 2 22 0.884945 23 0.115055
  22 25.062304 -0.317940 57.938065 0.976194 0.016434 -0.216278 0.765924 0.950810 2 22 0.884945 23 0.115055
ring
  22 25.062304 -0.317940 57.938065 0.976194 0.016434 -0.216278 0.765924 0.950810 2 22 0.884945 23 0.115055
  22 25.061409 -0.310225 57.934608 0.976147 0.016242 -0.216502 0.765924 0.950810 2 22 0.884945 23 0.115055
  22 25.092972 -0.196605 58.075066 0.971303 -0.002538 -0.237833 0.750570 0.950813 2 22 0.879115 23 0.120885
ring
  22 25.061409 -0.310225 57.934608 0.976147 0.016242 -0.216502 0.765924 0.950810 2 22 0.884945 23 0.115055
  22 25.091354 -0.191752 58.068409 0.971244 -0.002861 -0.238069 0.750570 0.950813 2 22 0.879115 23 0.120885
  22 25.092972 -0.196605 58.075066 0.971303 -0.002538 -0.237833 0.750570 0.950813 2 22 0.879115 23 0.120885
ring
  22 25.092972 -0.196605 58.075066 0.971303 -0.002538 -0.237833 0.750570 0.950813 2 22 0.879115 23 0.120885
  22 25.091354 -0.191752 58.068409 0.971244 -0.002861 -0.238069 0.750570 0.950813 2 22 0.879115 23 0.120885
  22 25.111320 -0.020353 58.134697 0.967732 -0.035805 -0.249424 0.735217 0.950818 2 22 0.833333 23 0.166667
ring
  22 25.091354 -0.191752 58.068409 0.971244 -0.002861 -0.238069 0.750570 0.950813 2 22 0.879115 23 0.120885
  22 25.109272 -0.019594 58.126640 0.967721 -0.035955 -0.249446 0.735217 0.950818 2 22 0.833333 23 0.166667
  22 25.111320 -0.020353 58.134697 0.967732 -0.035805 -0.249424 0.735217 0.950818 2 22 0.833333 23 0.166667
ring
  22 25.111320 -0.020353 58.134697 0.967732 -0.035805 -0.249424 0.735217 0.950818 2 22 0.833333 23 0.166667
  22 25.109272 -0.019594 58.126640 0.967721 -0.035955 -0.249446 0.735217 0.950818 2 22 0.833333 23 0.166667
  22 25.113178 0.165186 58.101372 0.967119 -0.071760 -0.243989 0.719863 0.950824 2 22 0.879115 23 0.120885
ring
  22 25.109272 -0.019594 58.126640 0.967721 -0.035955 -0.249446 0.735217 0.950818 2 22 0.833333 23 0.166667
  22 25.111074 0.161572 58.094097 0.967099 -0.071364 -0.244186 0.719863 0.950824 2 22 0.879115 23 0.120885
  22 25.113178 0.165186 58.101372 0.967119 -0.071760 -0.243989 0.719863 0.950824 2 22 0.879115 23 0.120885
ring
  22 25.111074 0.161572 58.094097 0.967099 -0.071364 -0.244186 0.719863 0.950824 2 22 0.879115 23 0.120885
  22 25.095715 0.301753 57.978973 0.970670 -0.100046 -0.218609 0.704509 0.950832 2 22 0.884945 23 0.115055
  22 25.113178 0.165186 58.101372 0.967119 -0.071760 -0.243989 0.719863 0.950824 2 22 0.879115 23 0.120885
ring
  22 25.095715 0.301753 57.978973 0.970670 -0.100046 -0.218609 0.704509 0.950832 2 22 0.884945 23 0.115055
  22 25.097454 0.308711 57.983501 0.970726 -0.100346 -0.218225 0.704509 0.950832 2 22 0.884945 23 0.115055
  22 25.113178 0.165186 58.101372 0.967119 -0.071760 -0.243989 0.719863 0.950824 2 22 0.879115 23 0.120885
ring
  22 25.095715 0.301753 57.978973 0.970670 -0.100046 -0.218609 0.704509 0.950832 2 22 0.884945 23 0.115055
  22 25.068350 0.363925 57.811226 0.972916 -0.114367 -0.200886 0.689156 0.950840 2 22 0.991855 23 0.008145
  22 25.097454 0.308711 57.983501 0.970726 -0.100346 -0.218225 0.704509 0.950832 2 22 0.884945 23 0.115055
ring
  22 25.068350 0.363925 57.811226 0.972916 -0.114367 -0.200886 0.689156 0.950840 2 22 0.991855 23 0.008145
  22 25.069445 0.372380 57.811718 0.972907 -0.114424 -0.200896 0.689156 0.950840 2 22 0.991855 23 0.008145
  22 25.097454 0.308711 57.983501 0.970726 -0.100346 -0.218225 0.704509 0.950832 2 22 0.884945 23 0.115055
ring
  22 25.115475 0.092562 58.237457 0.059301 -0.847340 0.527729 0.762864 0.952375 2 22 0.883059 23 0.116941
  22 25.091181 0.020531 58.124588 0.059836 -0.847230 0.527845 0.726111 0.952376 2 22 0.833333 23 0.166667
  22 25.149107 0.017966 58.113907 0.059648 -0.847269 0.527804 0.726111 0.963297 2 22 0.833333 23 0.166667
ring
  22 25.173401 0.089887 58.226677 0.059113 -0.847379 0.527688 0.762864 0.963297 2 22 0.883059 23 0.116941
  22 25.115475 0.092562 58.237457 0.059301 -0.847340 0.527729 0.762864 0.952375 2 22 0.883059 23 0.116941
  22 25.149107 0.017966 58.113907 0.059648 -0.847269 0.527804 0.726111 0.963297 2 22 0.833333 23 0.166667
ring
  22 25.091181 0.020531 58.124588 0.186732 0.225703 0.956133 0.726111 0.952376 2 22 0.833333 23 0.166667
  22 25.091621 -0.112904 58.156075 0.187675 0.226148 0.955843 0.689357 0.952376 2 22 0.883059 23 0.116941
  22 25.149530 -0.115580 58.145325 0.187346 0.225992 0.955944 0.689357 0.963298 2 22 0.883059 23 0.116941
ring
  22 25.149107 0.017966 58.113907 0.186403 0.225547 0.956234 0.726111 0.963297 2 22 0.833333 23 0.166667
  22 25.091181 0.020531 58.124588 0.186732 0.225703 0.956133 0.726111 0.952376 2 22 0.833333 23 0.166667
  22 25.149530 -0.115580 58.145325 0.187346 0.225992 0.955944 0.689357 0.963298 2 22 0.883059 23 0.116941
ring
  22 25.115673 -0.124361 58.288132 0.059942 0.995349 0.075417 0.836370 0.952375 2 22 0.883059 23 0.116941
  22 25.173605 -0.127037 58.277401 0.059934 0.995349 0.075416 0.836370 0.963297 2 22 0.883059 23 0.116941
  22 25.149530 -0.115580 58.145325 0.059961 0.995347 0.075419 0.873123 0.963297 2 22 0.883059 23 0.116941
ring
  22 25.091621 -0.112904 58.156075 0.059969 0.995347 0.075421 0.873123 0.952375 2 22 0.883059 23 0.116941
  22 25.115673 -0.124361 58.288132 0.059942 0.995349 0.075417 0.836370 0.952375 2 22 0.883059 23 0.116941
  22 25.149530 -0.115580 58.145325 0.059961 0.995347 0.075419 0.873123 0.963297 2 22 0.883059 23 0.116941
ring
  22 25.115673 -0.124361 58.288132 -0.151299 0.380458 -0.912338 0.836370 0.952375 2 22 0.883059 23 0.116941
  22 25.129852 0.001623 58.338310 -0.151258 0.380410 -0.912365 0.799617 0.952375 2 22 0.833333 23 0.166667
  22 25.187777 -0.000941 58.327637 -0.151273 0.380426 -0.912355 0.799617 0.963297 2 22 0.833333 23 0.166667
ring
  22 25.173605 -0.127037 58.277401 -0.151314 0.380474 -0.912328 0.836370 0.963297 2 22 0.883059 23 0.116941
  22 25.115673 -0.124361 58.288132 -0.151299 0.380458 -0.912338 0.836370 0.952375 2 22 0.883059 23 0.116941
  22 25.187777 -0.000941 58.327637 -0.151273 0.380426 -0.912355 0.799617 0.963297 2 22 0.833333 23 0.166667
ring
  22 25.129852 0.001623 58.338310 -0.153233 -0.745204 -0.648992 0.799617 0.952375 2 22 0.833333 23 0.166667
  22 25.115475 0.092562 58.237457 -0.155128 -0.744571 -0.649268 0.762864 0.952375 2 22 0.883059 23 0.116941
  22 25.173401 0.089887 58.226677 -0.154464 -0.744793 -0.649172 0.762864 0.963297 2 22 0.883059 23 0.116941
ring
  22 25.187777 -0.000941 58.327637 -0.152568 -0.745426 -0.648894 0.799617 0.963297 2 22 0.833333 23 0.166667
  22 25.129852 0.001623 58.338310 -0.153233 -0.745204 -0.648992 0.799617 0.952375 2 22 0.833333 23 0.166667
  22 25.173401 0.089887 58.226677 -0.154464 -0.744793 -0.649172 0.762864 0.963297 2 22 0.883059 23 0.116941
ring
  22 25.144835 0.098782 58.232605 -0.059528 0.847305 -0.527759 0.762864 0.957836 2 22 0.883059 23 0.116941
  22 25.173401 0.089887 58.226677 0.140475 0.820754 -0.553741 0.762864 0.963297 2 22 0.883059 23 0.116941
  22 25.149107 0.017966 58.113907 0.140991 0.820692 -0.553702 0.726111 0.963297 2 22 0.833333 23 0.166667
ring
  22 25.119007 0.022207 58.112534 -0.060163 0.847418 -0.527506 0.726111 0.957836 2 22 0.833333 23 0.166667
  22 25.144835 0.098782 58.232605 -0.059528 0.847305 -0.527759 0.762864 0.957836 2 22 0.883059 23 0.116941
  22 25.149107 0.017966 58.113907 0.140991 0.820692 -0.553702 0.726111 0.963297 2 22 0.833333 23 0.166667
ring
  22 25.144835 0.098782 58.232605 -0.059528 0.847305 -0.527759 0.762864 0.957836 2 22 0.883059 23 0.116941
  22 25.119007 0.022207 58.112534 -0.060163 0.847418 -0.527506 0.726111 0.957836 2 22 0.833333 23 0.166667
  22 25.091181 0.020531 58.124588 -0.258180 0.838730 -0.479452 0.726111 0.952376 2 22 0.833333 23 0.166667
ring
  22 25.115475 0.092562 58.237457 -0.256905 0.838789 -0.480035 0.762864 0.952375 2 22 0.883059 23 0.116941
  22 25.144835 0.098782 58.232605 -0.059528 0.847305 -0.527759 0.762864 0.957836 2 22 0.883059 23 0.116941
  22 25.091181 0.020531 58.124588 -0.258180 0.838730 -0.479452 0.726111 0.952376 2 22 0.833333 23 0.166667
ring
  22 25.149107 0.017966 58.113907 0.012251 -0.228830 -0.973389 0.726111 0.963297 2 22 0.833333 23 0.166667
  22 25.149530 -0.115580 58.145325 0.012975 -0.228913 -0.973360 0.689357 0.963298 2 22 0.883059 23 0.116941
  22 25.119446 -0.119984 58.145958 -0.186949 -0.225767 -0.956075 0.689357 0.957837 2 22 0.883059 23 0.116941
ring
  22 25.119007 0.022207 58.112534 -0.187055 -0.225353 -0.956152 0.726111 0.957836 2 22 0.833333 23 0.166667
  22 25.149107 0.017966 58.113907 0.012251 -0.228830 -0.973389 0.726111 0.963297 2 22 0.833333 23 0.166667
  22 25.119446 -0.119984 58.145958 -0.186949 -0.225767 -0.956075 0.689357 0.957837 2 22 0.883059 23 0.116941
ring
  22 25.091181 0.020531 58.124588 -0.378227 -0.213028 -0.900868 0.726111 0.952376 2 22 0.833333 23 0.166667
  22 25.119007 0.022207 58.112534 -0.187055 -0.225353 -0.956152 0.726111 0.957836 2 22 0.833333 23 0.166667
  22 25.119446 -0.119984 58.145958 -0.186949 -0.225767 -0.956075 0.689357 0.957837 2 22 0.883059 23 0.116941
ring
  22 25.091621 -0.112904 58.156075 -0.381108 -0.213508 -0.899540 0.689357 0.952376 2 22 0.883059 23 0.116941
  22 25.091181 0.020531 58.124588 -0.378227 -0.213028 -0.900868 0.726111 0.952376 2 22 0.833333 23 0.166667
  22 25.119446 -0.119984 58.145958 -0.186949 -0.225767 -0.956075 0.689357 0.957837 2 22 0.883059 23 0.116941
ring
  22 25.149530 -0.115580 58.145325 0.141642 -0.983664 -0.111093 0.873123 0.963297 2 22 0.883059 23 0.116941
  22 25.173605 -0.127037 58.277401 0.141423 -0.983695 -0.111101 0.836370 0.963297 2 22 0.883059 23 0.116941
  22 25.145081 -0.132177 58.286613 -0.059645 -0.995362 -0.075478 0.836370 0.957836 2 22 0.883059 23 0.116941
ring
  22 25.119446 -0.119984 58.145958 -0.059959 -0.995352 -0.075355 0.873123 0.957836 2 22 0.883059 23 0.116941
  22 25.149530 -0.115580 58.145325 0.141642 -0.983664 -0.111093 0.873123 0.963297 2 22 0.883059 23 0.116941
  22 25.145081 -0.132177 58.286613 -0.059645 -0.995362 -0.075478 0.836370 0.957836 2 22 0.883059 23 0.116941
ring
  22 25.091621 -0.112904 58.156075 -0.258813 -0.965237 -0.036512 0.873123 0.952375 2 22 0.883059 23 0.116941
  22 25.119446 -0.119984 58.145958 -0.059959 -0.995352 -0.075355 0.873123 0.957836 2 22 0.883059 23 0.116941
  22 25.145081 -0.132177 58.286613 -0.059645 -0.995362 -0.075478 0.836370 0.957836 2 22 0.883059 23 0.116941
ring
  22 25.115673 -0.124361 58.288132 -0.258421 -0.965336 -0.036678 0.836370 0.952375 2 22 0.883059 23 0.116941
  22 25.091621 -0.112904 58.156075 -0.258813 -0.965237 -0.036512 0.873123 0.952375 2 22 0.883059 23 0.116941
  22 25.145081 -0.132177 58.286613 -0.059645 -0.995362 -0.075478 0.836370 0.957836 2 22 0.883059 23 0.116941
ring
  22 25.173605 -0.127037 58.277401 0.345580 -0.380483 0.857792 0.836370 0.963297 2 22 0.883059 23 0.116941
  22 25.187777 -0.000941 58.327637 0.345211 -0.380606 0.857886 0.799617 0.963297 2 22 0.833333 23 0.166667
  22 25.160183 0.002059 58.340076 0.150633 -0.380396 0.912474 0.799617 0.957836 2 22 0.833333 23 0.166667
ring
  22 25.145081 -0.132177 58.286613 0.152224 -0.380435 0.912194 0.836370 0.957836 2 22 0.883059 23 0.116941
  22 25.173605 -0.127037 58.277401 0.345580 -0.380483 0.857792 0.836370 0.963297 2 22 0.883059 23 0.116941
  22 25.160183 0.002059 58.340076 0.150633 -0.380396 0.912474 0.799617 0.957836 2 22 0.833333 23 0.166667
ring
  22 25.145081 -0.132177 58.286613 0.152224 -0.380435 0.912194 0.836370 0.957836 2 22 0.883059 23 0.116941
  22 25.160183 0.002059 58.340076 0.150633 -0.380396 0.912474 0.799617 0.957836 2 22 0.833333 23 0.166667
  22 25.129852 0.001623 58.338310 -0.048908 -0.364814 0.929795 0.799617 0.952375 2 22 0.833333 23 0.166667
ring
  22 25.115673 -0.124361 58.288132 -0.049264 -0.364834 0.929768 0.836370 0.952375 2 22 0.883059 23 0.116941
  22 25.145081 -0.132177 58.286613 0.152224 -0.380435 0.912194 0.836370 0.957836 2 22 0.883059 23 0.116941
  22 25.129852 0.001623 58.338310 -0.048908 -0.364814 0.929795 0.799617 0.952375 2 22 0.833333 23 0.166667
ring
  22 25.160183 0.002059 58.340076 0.152349 0.745310 0.649078 0.799617 0.957836 2 22 0.833333 23 0.166667
  22 25.187777 -0.000941 58.327637 0.348599 0.720854 0.599039 0.799617 0.963297 2 22 0.833333 23 0.166667
  22 25.173401 0.089887 58.226677 0.348611 0.720920 0.598953 0.762864 0.963297 2 22 0.883059 23 0.116941
ring
  22 25.144835 0.098782 58.232605 0.154673 0.745014 0.648869 0.762864 0.957836 2 22 0.883059 23 0.116941
  22 25.160183 0.002059 58.340076 0.152349 0.745310 0.649078 0.799617 0.957836 2 22 0.833333 23 0.166667
  22 25.173401 0.089887 58.226677 0.348611 0.720920 0.598953 0.762864 0.963297 2 22 0.883059 23 0.116941
ring
  22 25.129852 0.001623 58.338310 -0.049355 0.738767 0.672151 0.799617 0.952375 2 22 0.833333 23 0.166667
  22 25.160183 0.002059 58.340076 0.152349 0.745310 0.649078 0.799617 0.957836 2 22 0.833333 23 0.166667
  22 25.144835 0.098782 58.232605 0.154673 0.745014 0.648869 0.762864 0.957836 2 22 0.883059 23 0.116941
ring
  22 25.115475 0.092562 58.237457 -0.045320 0.738734 0.672472 0.762864 0.952375 2 22 0.883059 23 0.116941
  22 25.129852 0.001623 58.338310 -0.049355 0.738767 0.672151 0.799617 0.952375 2 22 0.833333 23 0.166667
  22 25.144835 0.098782 58.232605 0.154673 0.745014 0.648869 0.762864 0.957836 2 22 0.883059 23 0.116941
ring
  22 24.930285 0.103807 58.272530 0.064701 -0.848856 0.524649 0.762864 0.952375 2 22 0.991855 23 0.008145
  22 24.872404 0.106758 58.283455 0.056719 -0.846431 0.529468 0.762864 0.963297 2 22 0.991855 23 0.008145
  22 24.847790 0.034800 58.171066 0.079243 -0.853074 0.515737 0.726111 0.963297 2 22 0.986111 23 0.013889
ring
  22 24.905924 0.032798 58.157810 0.087022 -0.855225 0.510898 0.726111 0.952376 2 22 0.986111 23 0.013889
  22 24.930285 0.103807 58.272530 0.064701 -0.848856 0.524649 0.762864 0.952375 2 22 0.991855 23 0.008145
  22 24.847790 0.034800 58.171066 0.079243 -0.853074 0.515737 0.726111 0.963297 2 22 0.986111 23 0.013889
ring
  22 24.847790 0.034800 58.171066 0.215691 0.236969 0.947271 0.726111 0.963297 2 22 0.986111 23 0.013889
  22 24.847607 -0.099016 58.203083 0.191922 0.228116 0.954531 0.689357 0.963298 2 22 0.991855 23 0.008145
  22 24.905458 -0.101968 58.192154 0.200231 0.231223 0.952073 0.689357 0.952376 2 22 0.991855 23 0.008145
ring
  22 24.905924 0.032798 58.157810 0.223746 0.239945 0.944650 0.726111 0.952376 2 22 0.986111 23 0.013889
  22 24.847790 0.034800 58.171066 0.215691 0.236969 0.947271 0.726111 0.963297 2 22 0.986111 23 0.013889
  22 24.905458 -0.101968 58.192154 0.200231 0.231223 0.952073 0.689357 0.952376 2 22 0.991855 23 0.008145
ring
  22 24.905458 -0.101968 58.192154 0.073624 0.994535 0.074023 0.873123 0.952375 2 22 0.991855 23 0.008145
  22 24.847607 -0.099016 58.203083 0.064382 0.995332 0.071901 0.873123 0.963297 2 22 0.991855 23 0.008145
  22 24.871958 -0.110124 58.335056 0.090222 0.992877 0.077820 0.836370 0.963297 2 22 0.986111 23 0.013889
ring
  22 24.930578 -0.115203 58.325306 0.099219 0.991855 0.079872 0.836370 0.952375 2 22 0.986111 23 0.013889
  22 24.905458 -0.101968 58.192154 0.073624 0.994535 0.074023 0.873123 0.952375 2 22 0.991855 23 0.008145
  22 24.871958 -0.110124 58.335056 0.090222 0.992877 0.077820 0.836370 0.963297 2 22 0.986111 23 0.013889
ring
  22 24.871958 -0.110124 58.335056 -0.130379 0.364768 -0.921925 0.836370 0.963297 2 22 0.986111 23 0.013889
  22 24.887251 0.017020 58.384769 -0.153338 0.375763 -0.913942 0.799617 0.963297 2 22 0.986111 23 0.013889
  22 24.945122 0.014114 58.373867 -0.145348 0.371960 -0.916798 0.799617 0.952375 2 22 0.986111 23 0.013889
ring
  22 24.930578 -0.115203 58.325306 -0.122551 0.360970 -0.924490 0.836370 0.952375 2 22 0.986111 23 0.013889
  22 24.871958 -0.110124 58.335056 -0.130379 0.364768 -0.921925 0.836370 0.963297 2 22 0.986111 23 0.013889
  22 24.945122 0.014114 58.373867 -0.145348 0.371960 -0.916798 0.799617 0.952375 2 22 0.986111 23 0.013889
ring
  22 24.945122 0.014114 58.373867 -0.158742 -0.750587 -0.641420 0.799617 0.952375 2 22 0.986111 23 0.013889
  22 24.887251 0.017020 58.384769 -0.158591 -0.750542 -0.641510 0.799617 0.963297 2 22 0.986111 23 0.013889
  22 24.872404 0.106758 58.283455 -0.159020 -0.750670 -0.641254 0.762864 0.963297 2 22 0.991855 23 0.008145
ring
  22 24.930285 0.103807 58.272530 -0.159171 -0.750715 -0.641164 0.762864 0.952375 2 22 0.991855 23 0.008145
  22 24.945122 0.014114 58.373867 -0.158742 -0.750587 -0.641420 0.799617 0.952375 2 22 0.986111 23 0.013889
  22 24.872404 0.106758 58.283455 -0.159020 -0.750670 -0.641254 0.762864 0.963297 2 22 0.991855 23 0.008145
ring
  22 24.901785 0.112826 58.278526 -0.059999 0.850171 -0.523076 0.762864 0.957836 2 22 0.991855 23 0.008145
  22 24.875591 0.036237 58.158859 -0.088121 0.847642 -0.523199 0.726111 0.957836 2 22 0.986111 23 0.013889
  22 24.847790 0.034800 58.171066 -0.254612 0.838835 -0.481173 0.726111 0.963297 2 22 0.986111 23 0.013889
ring
  22 24.872404 0.106758 58.283455 -0.253811 0.838907 -0.481471 0.762864 0.963297 2 22 0.991855 23 0.008145
  22 24.901785 0.112826 58.278526 -0.059999 0.850171 -0.523076 0.762864 0.957836 2 22 0.991855 23 0.008145
  22 24.847790 0.034800 58.171066 -0.254612 0.838835 -0.481173 0.726111 0.963297 2 22 0.986111 23 0.013889
ring
  22 24.905924 0.032798 58.157810 0.084432 0.831863 -0.548521 0.726111 0.952376 2 22 0.986111 23 0.013889
  22 24.875591 0.036237 58.158859 -0.088121 0.847642 -0.523199 0.726111 0.957836 2 22 0.986111 23 0.013889
  22 24.901785 0.112826 58.278526 -0.059999 0.850171 -0.523076 0.762864 0.957836 2 22 0.991855 23 0.008145
ring
  22 24.930285 0.103807 58.272530 0.147492 0.826669 -0.543014 0.762864 0.952375 2 22 0.991855 23 0.008145
  22 24.905924 0.032798 58.157810 0.084432 0.831863 -0.548521 0.726111 0.952376 2 22 0.986111 23 0.013889
  22 24.901785 0.112826 58.278526 -0.059999 0.850171 -0.523076 0.762864 0.957836 2 22 0.991855 23 0.008145
ring
  22 24.875591 0.036237 58.158859 -0.222575 -0.226465 -0.948248 0.726111 0.957836 2 22 0.986111 23 0.013889
  22 24.875383 -0.106236 58.192921 -0.195331 -0.234088 -0.952391 0.689357 0.957837 2 22 0.991855 23 0.008145
  22 24.847607 -0.099016 58.203083 -0.384139 -0.214199 -0.898085 0.689357 0.963298 2 22 0.991855 23 0.008145
ring
  22 24.847790 0.034800 58.171066 -0.383448 -0.214410 -0.898330 0.726111 0.963297 2 22 0.986111 23 0.013889
  22 24.875591 0.036237 58.158859 -0.222575 -0.226465 -0.948248 0.726111 0.957836 2 22 0.986111 23 0.013889
  22 24.847607 -0.099016 58.203083 -0.384139 -0.214199 -0.898085 0.689357 0.963298 2 22 0.991855 23 0.008145
ring
  22 24.875591 0.036237 58.158859 -0.222575 -0.226465 -0.948248 0.726111 0.957836 2 22 0.986111 23 0.013889
  22 24.905924 0.032798 58.157810 -0.051288 -0.233931 -0.970900 0.726111 0.952376 2 22 0.986111 23 0.013889
  22 24.875383 -0.106236 58.192921 -0.195331 -0.234088 -0.952391 0.689357 0.957837 2 22 0.991855 23 0.008145
ring
  22 24.905924 0.032798 58.157810 -0.051288 -0.233931 -0.970900 0.726111 0.952376 2 22 0.986111 23 0.013889
  22 24.905458 -0.101968 58.192154 0.010392 -0.246938 -0.968976 0.689357 0.952376 2 22 0.991855 23 0.008145
  22 24.875383 -0.106236 58.192921 -0.195331 -0.234088 -0.952391 0.689357 0.957837 2 22 0.991855 23 0.008145
ring
  22 24.875383 -0.106236 58.192921 -0.064114 -0.995352 -0.071856 0.873123 0.957836 2 22 0.991855 23 0.008145
  22 24.901314 -0.118042 58.333458 -0.091701 -0.993080 -0.073372 0.836370 0.957836 2 22 0.986111 23 0.013889
  22 24.871958 -0.110124 58.335056 -0.262044 -0.964502 -0.032696 0.836370 0.963297 2 22 0.986111 23 0.013889
ring
  22 24.847607 -0.099016 58.203083 -0.262662 -0.964333 -0.032708 0.873123 0.963297 2 22 0.991855 23 0.008145
  22 24.875383 -0.106236 58.192921 -0.064114 -0.995352 -0.071856 0.873123 0.957836 2 22 0.991855 23 0.008145
  22 24.871958 -0.110124 58.335056 -0.262044 -0.964502 -0.032696 0.836370 0.963297 2 22 0.986111 23 0.013889
ring
  22 24.875383 -0.106236 58.192921 -0.064114 -0.995352 -0.071856 0.873123 0.957836 2 22 0.991855 23 0.008145
  22 24.905458 -0.101968 58.192154 0.128038 -0.985829 -0.108387 0.873123 0.952375 2 22 0.991855 23 0.008145
  22 24.901314 -0.118042 58.333458 -0.091701 -0.993080 -0.073372 0.836370 0.957836 2 22 0.986111 23 0.013889
ring
  22 24.905458 -0.101968 58.192154 0.128038 -0.985829 -0.108387 0.873123 0.952375 2 22 0.991855 23 0.008145
  22 24.930578 -0.115203 58.325306 0.065319 -0.991683 -0.110899 0.836370 0.952375 2 22 0.986111 23 0.013889
  22 24.901314 -0.118042 58.333458 -0.091701 -0.993080 -0.073372 0.836370 0.957836 2 22 0.986111 23 0.013889
ring
  22 24.917614 0.017324 58.386383 0.149755 -0.369578 0.917052 0.799617 0.957836 2 22 0.986111 23 0.013889
  22 24.887251 0.017020 58.384769 -0.045883 -0.358989 0.932213 0.799617 0.963297 2 22 0.986111 23 0.013889
  22 24.871958 -0.110124 58.335056 -0.046312 -0.358857 0.932243 0.836370 0.963297 2 22 0.986111 23 0.013889
ring
  22 24.901314 -0.118042 58.333458 0.122998 -0.374139 0.919180 0.836370 0.957836 2 22 0.986111 23 0.013889
  22 24.917614 0.017324 58.386383 0.149755 -0.369578 0.917052 0.799617 0.957836 2 22 0.986111 23 0.013889
  22 24.871958 -0.110124 58.335056 -0.046312 -0.358857 0.932243 0.836370 0.963297 2 22 0.986111 23 0.013889
ring
  22 24.901314 -0.118042 58.333458 0.122998 -0.374139 0.919180 0.836370 0.957836 2 22 0.986111 23 0.013889
  22 24.930578 -0.115203 58.325306 0.291013 -0.376826 0.879382 0.836370 0.952375 2 22 0.986111 23 0.013889
  22 24.917614 0.017324 58.386383 0.149755 -0.369578 0.917052 0.799617 0.957836 2 22 0.986111 23 0.013889
ring
  22 24.930578 -0.115203 58.325306 0.291013 -0.376826 0.879382 0.836370 0.952375 2 22 0.986111 23 0.013889
  22 24.945122 0.014114 58.373867 0.350310 -0.363536 0.863206 0.799617 0.952375 2 22 0.986111 23 0.013889
  22 24.917614 0.017324 58.386383 0.149755 -0.369578 0.917052 0.799617 0.957836 2 22 0.986111 23 0.013889
ring
  22 24.917614 0.017324 58.386383 0.158791 0.750587 0.641409 0.799617 0.957836 2 22 0.986111 23 0.013889
  22 24.901785 0.112826 58.278526 0.158701 0.750684 0.641317 0.762864 0.957836 2 22 0.991855 23 0.008145
  22 24.872404 0.106758 58.283455 -0.042265 0.744927 0.665806 0.762864 0.963297 2 22 0.991855 23 0.008145
ring
  22 24.887251 0.017020 58.384769 -0.042820 0.744717 0.666005 0.799617 0.963297 2 22 0.986111 23 0.013889
  22 24.917614 0.017324 58.386383 0.158791 0.750587 0.641409 0.799617 0.957836 2 22 0.986111 23 0.013889
  22 24.872404 0.106758 58.283455 -0.042265 0.744927 0.665806 0.762864 0.963297 2 22 0.991855 23 0.008145
ring
  22 24.930285 0.103807 58.272530 0.353585 0.725530 0.590410 0.762864 0.952375 2 22 0.991855 23 0.008145
  22 24.901785 0.112826 58.278526 0.158701 0.750684 0.641317 0.762864 0.957836 2 22 0.991855 23 0.008145
  22 24.917614 0.017324 58.386383 0.158791 0.750587 0.641409 0.799617 0.957836 2 22 0.986111 23 0.013889
ring
  22 24.945122 0.014114 58.373867 0.353134 0.725588 0.590609 0.799617 0.952375 2 22 0.986111 23 0.013889
  22 24.930285 0.103807 58.272530 0.353585 0.725530 0.590410 0.762864 0.952375 2 22 0.991855 23 0.008145
  22 24.917614 0.017324 58.386383 0.158791 0.750587 0.641409 0.799617 0.957836 2 22 0.986111 23 0.013889
ring
  33 -24.704134 1.941087 57.829990 -0.506193 0.862363 -0.009920 0.739136 0.938036 2 33 0.971655 34 0.028345
  33 -24.696409 1.982308 57.690784 -0.550965 0.728176 0.407674 0.723944 0.938036 1 33 1.000000
  33 -24.717567 1.971418 57.681648 -0.267855 0.866051 0.422148 0.724200 0.939041 2 33 0.991855 34 0.008145
ring
  33 -24.717567 1.971418 57.681648 -0.267855 0.866051 0.422148 0.724200 0.939041 2 33 0.991855 34 0.008145
  33 -24.696409 1.982308 57.690784 -0.550965 0.728176 0.407674 0.723944 0.938036 1 33 1.000000
  33 -24.715919 2.077655 57.578228 -0.283271 0.532267 0.797778 0.707812 0.939041 2 33 0.991855 34 0.008145
ring
  33 -24.696409 1.982308 57.690784 -0.550965 0.728176 0.407674 0.723944 0.938036 1 33 1.000000
  33 -24.694853 2.084076 57.591705 -0.577382 0.395039 0.714545 0.707482 0.938036 2 33 0.991855 34 0.008145
  33 -24.715919 2.077655 57.578228 -0.283271 0.532267 0.797778 0.707812 0.939041 2 33 0.991855 34 0.008145
ring
  33 -24.694853 2.084076 57.591705 -0.577382 0.395039 0.714545 0.707482 0.938036 2 33 0.991855 34 0.008145
  33 -24.699614 2.219336 57.559059 -0.567638 0.174196 0.804638 0.690008 0.938036 2 33 0.991855 34 0.008145
  33 -24.720898 2.218772 57.544167 -0.567643 0.174199 0.804634 0.690008 0.939041 2 33 0.991855 34 0.008145
ring
  33 -24.715919 2.077655 57.578228 -0.283271 0.532267 0.797778 0.707812 0.939041 2 33 0.991855 34 0.008145
  33 -24.694853 2.084076 57.591705 -0.577382 0.395039 0.714545 0.707482 0.938036 2 33 0.991855 34 0.008145
  33 -24.720898 2.218772 57.544167 -0.567643 0.174199 0.804634 0.690008 0.939041 2 33 0.991855 34 0.008145
ring
  33 -24.740765 1.980123 57.687771 0.416230 0.775982 0.473924 0.724744 0.939725 2 33 0.991855 34 0.008145
  33 -24.717567 1.971418 57.681648 0.410700 0.632720 0.656498 0.724200 0.939041 2 33 0.991855 34 0.008145
  33 -24.715919 2.077655 57.578228 -0.283271 0.532267 0.797778 0.707812 0.939041 2 33 0.991855 34 0.008145
ring
  33 -24.739187 2.081938 57.588638 0.432765 0.445910 0.783504 0.708359 0.939725 2 33 0.991855 34 0.008145
  33 -24.740765 1.980123 57.687771 0.416230 0.775982 0.473924 0.724744 0.939725 2 33 0.991855 34 0.008145
  33 -24.715919 2.077655 57.578228 -0.283271 0.532267 0.797778 0.707812 0.939041 2 33 0.991855 34 0.008145
ring
  33 -24.740765 1.980123 57.687771 0.416230 0.775982 0.473924 0.724744 0.939725 2 33 0.991855 34 0.008145
  33 -24.748466 1.938957 57.826881 0.416078 0.907715 0.054154 0.739868 0.939725 2 33 0.971655 34 0.028345
  33 -24.717567 1.971418 57.681648 -0.267855 0.866051 0.422148 0.724200 0.939041 2 33 0.991855 34 0.008145
ring
  33 -24.739187 2.081938 57.588638 0.432765 0.445910 0.783504 0.708359 0.939725 2 33 0.991855 34 0.008145
  33 -24.715919 2.077655 57.578228 0.432313 0.225950 0.872956 0.707812 0.939041 2 33 0.991855 34 0.008145
  33 -24.720898 2.218772 57.544167 0.432282 0.225930 0.872976 0.690008 0.939041 2 33 0.991855 34 0.008145
ring
  33 -24.743954 2.217196 57.555992 0.432277 0.225927 0.872980 0.690008 0.939725 2 33 0.991855 34 0.008145
  33 -24.739187 2.081938 57.588638 0.432765 0.445910 0.783504 0.708359 0.939725 2 33 0.991855 34 0.008145
  33 -24.720898 2.218772 57.544167 0.432282 0.225930 0.872976 0.690008 0.939041 2 33 0.991855 34 0.008145
ring
  33 -24.748466 1.938957 57.826881 0.416078 0.907715 0.054154 0.739868 0.939725 2 33 0.971655 34 0.028345
  33 -24.725567 1.928468 57.826805 -0.051809 0.997825 0.040752 0.739356 0.939041 2 33 0.971655 34 0.028345
  33 -24.717567 1.971418 57.681648 -0.267855 0.866051 0.422148 0.724200 0.939041 2 33 0.991855 34 0.008145
ring
  33 -24.725567 1.928468 57.826805 -0.051809 0.997825 0.040752 0.739356 0.939041 2 33 0.971655 34 0.028345
  33 -24.704134 1.941087 57.829990 -0.506193 0.862363 -0.009920 0.739136 0.938036 2 33 0.971655 34 0.028345
  33 -24.717567 1.971418 57.681648 -0.267855 0.866051 0.422148 0.724200 0.939041 2 33 0.991855 34 0.008145
ring
  33 -24.748466 1.938957 57.826881 0.416078 0.907715 0.054154 0.739868 0.939725 2 33 0.971655 34 0.028345
  33 -24.759657 1.969673 57.968521 0.433940 0.826582 -0.358410 0.753920 0.939725 2 33 0.991855 34 0.008145
  33 -24.725567 1.928468 57.826805 -0.051809 0.997825 0.040752 0.739356 0.939041 2 33 0.971655 34 0.028345
ring
  33 -24.715319 1.971838 57.971596 -0.458041 0.772785 -0.439320 0.753246 0.938036 2 33 0.991855 34 0.008145
  33 -24.704134 1.941087 57.829990 -0.506193 0.862363 -0.009920 0.739136 0.938036 2 33 0.971655 34 0.028345
  33 -24.725567 1.928468 57.826805 -0.051809 0.997825 0.040752 0.739356 0.939041 2 33 0.971655 34 0.028345
ring
  33 -24.759657 1.969673 57.968521 0.433940 0.826582 -0.358410 0.753920 0.939725 2 33 0.991855 34 0.008145
  33 -24.737247 1.960530 57.974564 -0.020413 0.897117 -0.441322 0.753467 0.939041 2 33 0.991855 34 0.008145
  33 -24.725567 1.928468 57.826805 -0.051809 0.997825 0.040752 0.739356 0.939041 2 33 0.971655 34 0.028345
ring
  33 -24.737247 1.960530 57.974564 -0.020413 0.897117 -0.441322 0.753467 0.939041 2 33 0.991855 34 0.008145
  33 -24.715319 1.971838 57.971596 -0.458041 0.772785 -0.439320 0.753246 0.938036 2 33 0.991855 34 0.008145
  33 -24.725567 1.928468 57.826805 -0.051809 0.997825 0.040752 0.739356 0.939041 2 33 0.971655 34 0.028345
ring
  33 -24.759657 1.969673 57.968521 0.433940 0.826582 -0.358410 0.753920 0.939725 2 33 0.991855 34 0.008145
  33 -24.768141 2.016417 58.025032 0.391110 0.734235 -0.554916 0.761162 0.939725 2 33 0.879115 34 0.120885
  33 -24.737247 1.960530 57.974564 -0.020413 0.897117 -0.441322 0.753467 0.939041 2 33 0.991855 34 0.008145
ring
  33 -24.721439 2.018907 58.024780 -0.452714 0.647789 -0.612715 0.760267 0.938036 2 33 0.991855 34 0.008145
  33 -24.715319 1.971838 57.971596 -0.458041 0.772785 -0.439320 0.753246 0.938036 2 33 0.991855 34 0.008145
  33 -24.737247 1.960530 57.974564 -0.020413 0.897117 -0.441322 0.753467 0.939041 2 33 0.991855 34 0.008145
ring
  33 -24.744011 2.009624 58.031612 -0.048084 0.754631 -0.654386 0.760646 0.939041 2 33 0.991855 34 0.008145
  33 -24.721439 2.018907 58.024780 -0.452714 0.647789 -0.612715 0.760267 0.938036 2 33 0.991855 34 0.008145
  33 -24.737247 1.960530 57.974564 -0.020413 0.897117 -0.441322 0.753467 0.939041 2 33 0.991855 34 0.008145
ring
  33 -24.768141 2.016417 58.025032 0.391110 0.734235 -0.554916 0.761162 0.939725 2 33 0.879115 34 0.120885
  33 -24.744011 2.009624 58.031612 -0.048084 0.754631 -0.654386 0.760646 0.939041 2 33 0.991855 34 0.008145
  33 -24.737247 1.960530 57.974564 -0.020413 0.897117 -0.441322 0.753467 0.939041 2 33 0.991855 34 0.008145
ring
  33 -24.744011 2.009624 58.031612 -0.048084 0.754631 -0.654386 0.760646 0.939041 2 33 0.991855 34 0.008145
  33 -24.750324 2.057616 58.087490 -0.043613 0.462264 -0.885669 0.767462 0.939041 2 33 0.991855 34 0.008145
  33 -24.721439 2.018907 58.024780 -0.452714 0.647789 -0.612715 0.760267 0.938036 2 33 0.991855 34 0.008145
ring
  33 -24.750324 2.057616 58.087490 -0.043613 0.462264 -0.885669 0.767462 0.939041 2 33 0.991855 34 0.008145
  33 -24.744011 2.009624 58.031612 -0.048084 0.754631 -0.654386 0.760646 0.939041 2 33 0.991855 34 0.008145
  33 -24.768141 2.016417 58.025032 0.391110 0.734235 -0.554916 0.761162 0.939725 2 33 0.879115 34 0.120885
ring
  33 -24.750324 2.057616 58.087490 -0.043613 0.462264 -0.885669 0.767462 0.939041 2 33 0.991855 34 0.008145
  33 -24.727573 2.066001 58.077991 -0.468896 0.355984 -0.808339 0.767355 0.938036 2 33 0.991855 34 0.008145
  33 -24.721439 2.018907 58.024780 -0.452714 0.647789 -0.612715 0.760267 0.938036 2 33 0.991855 34 0.008145
ring
  33 -24.735403 2.199560 58.090881 -0.396380 0.014429 -0.917973 0.780944 0.938036 2 33 0.991855 34 0.008145
  33 -24.727573 2.066001 58.077991 -0.468896 0.355984 -0.808339 0.767355 0.938036 2 33 0.991855 34 0.008145
  33 -24.750324 2.057616 58.087490 -0.043613 0.462264 -0.885669 0.767462 0.939041 2 33 0.991855 34 0.008145
ring
  33 -24.774082 2.061389 58.078888 0.390402 0.552683 -0.736293 0.767800 0.939725 2 33 0.884945 34 0.115055
  33 -24.750324 2.057616 58.087490 -0.043613 0.462264 -0.885669 0.767462 0.939041 2 33 0.991855 34 0.008145
  33 -24.768141 2.016417 58.025032 0.391110 0.734235 -0.554916 0.761162 0.939725 2 33 0.879115 34 0.120885
ring
  33 -24.774082 2.061389 58.078888 0.390402 0.552683 -0.736293 0.767800 0.939725 2 33 0.884945 34 0.115055
  33 -24.768141 2.016417 58.025032 0.391110 0.734235 -0.554916 0.761162 0.939725 2 33 0.879115 34 0.120885
  33 -24.810648 2.078763 58.074314 0.452383 0.656700 -0.603402 0.769631 0.941586 2 33 0.884945 34 0.115055
ring
  33 -24.774082 2.061389 58.078888 0.390402 0.552683 -0.736293 0.767800 0.939725 2 33 0.884945 34 0.115055
  33 -24.781372 2.197106 58.089336 0.469499 0.062290 -0.880733 0.781063 0.939725 2 33 0.879115 34 0.120885
  33 -24.750324 2.057616 58.087490 -0.043613 0.462264 -0.885669 0.767462 0.939041 2 33 0.991855 34 0.008145
ring
  34 -24.979507 2.192951 58.064419 -0.199197 0.282944 -0.938223 0.781501 0.948553 2 34 0.879115 33 0.120885
  33 -24.810648 2.078763 58.074314 0.452383 0.656700 -0.603402 0.769631 0.941586 2 33 0.884945 34 0.115055
  33 -24.789928 2.047300 58.057632 0.493439 0.750910 -0.438921 0.765942 0.940939 2 33 0.884945 34 0.115055
ring
  34 -25.004963 2.192311 58.070293 0.288505 0.583756 -0.758942 0.781562 0.949816 2 34 0.879115 33 0.120885
  33 -24.789928 2.047300 58.057632 0.493439 0.750910 -0.438921 0.765942 0.940939 2 33 0.884945 34 0.115055
  33 -24.768141 2.016417 58.025032 0.391110 0.734235 -0.554916 0.761162 0.939725 2 33 0.879115 34 0.120885
ring
  34 -25.035475 2.192929 58.059803 -0.308078 0.546299 -0.778874 0.781634 0.951335 2 34 0.991855 33 0.008145
  34 -25.004963 2.192311 58.070293 0.288505 0.583756 -0.758942 0.781562 0.949816 2 34 0.879115 33 0.120885
  33 -24.768141 2.016417 58.025032 0.391110 0.734235 -0.554916 0.761162 0.939725 2 33 0.879115 34 0.120885
ring
  34 -25.004963 2.192311 58.070293 -0.225492 0.022094 -0.973994 0.781562 0.949816 2 34 0.879115 33 0.120885
  33 -24.804932 2.348348 58.066753 -0.223407 0.264715 -0.938091 0.796503 0.940553 2 33 0.884945 34 0.115055
  34 -24.979507 2.192951 58.064419 -0.199197 0.282944 -0.938223 0.781501 0.948553 2 34 0.879115 33 0.120885
ring
  34 -25.004963 2.192311 58.070293 -0.225492 0.022094 -0.973994 0.781562 0.949816 2 34 0.879115 33 0.120885
  34 -24.979507 2.192951 58.064419 -0.184449 -0.250821 -0.950299 0.781501 0.948553 2 34 0.879115 33 0.120885
  33 -24.789928 2.047300 58.057632 -0.213146 -0.233114 -0.948803 0.765942 0.940939 2 33 0.884945 34 0.115055
ring
  33 -24.804932 2.348348 58.066753 0.532405 -0.674585 -0.511350 0.796503 0.940553 2 33 0.884945 34 0.115055
  33 -24.822472 2.312880 58.082962 0.494514 -0.578181 -0.648971 0.792681 0.941277 2 33 0.884945 34 0.115055
  34 -24.979507 2.192951 58.064419 -0.184449 -0.250821 -0.950299 0.781501 0.948553 2 34 0.879115 33 0.120885
ring
  33 -24.786251 2.384400 58.034657 -0.804410 0.312331 -0.505346 0.801456 0.939725 2 33 0.879115 34 0.120885
  34 -25.035475 2.192929 58.059803 -0.308078 0.546299 -0.778874 0.781634 0.951335 2 34 0.991855 33 0.008145
  34 -25.041813 2.192703 58.063644 -0.461067 0.503655 -0.730581 0.781634 0.951335 2 34 0.991855 33 0.008145
ring
  33 -24.786789 2.388651 58.037968 -0.888790 0.206222 -0.409298 0.801456 0.939725 2 33 0.879115 34 0.120885
  33 -24.786251 2.384400 58.034657 -0.804410 0.312331 -0.505346 0.801456 0.939725 2 33 0.879115 34 0.120885
  34 -25.041813 2.192703 58.063644 -0.461067 0.503655 -0.730581 0.781634 0.951335 2 34 0.991855 33 0.008145
ring
  33 -24.822472 2.312880 58.082962 -0.903972 0.424735 -0.049333 0.792681 0.941277 2 33 0.884945 34 0.115055
  33 -24.804932 2.348348 58.066753 -0.903972 0.424735 -0.049333 0.796503 0.940553 2 33 0.884945 34 0.115055
  33 -24.786251 2.384400 58.034657 -0.804410 0.312331 -0.505346 0.801456 0.939725 2 33 0.879115 34 0.120885
ring
  33 -24.786251 2.384400 58.034657 -0.804410 0.312331 -0.505346 0.801456 0.939725 2 33 0.879115 34 0.120885
  33 -24.786789 2.388651 58.037968 -0.888790 0.206222 -0.409298 0.801456 0.939725 2 33 0.879115 34 0.120885
  33 -24.785110 2.438515 57.988152 -0.994548 -0.061393 -0.084297 0.808317 0.939725 2 33 0.879115 34 0.120885
ring
  33 -24.784594 2.433128 57.985985 -0.994457 -0.060843 -0.085752 0.808317 0.939725 2 33 0.879115 34 0.120885
  33 -24.786251 2.384400 58.034657 -0.804410 0.312331 -0.505346 0.801456 0.939725 2 33 0.879115 34 0.120885
  33 -24.785110 2.438515 57.988152 -0.994548 -0.061393 -0.084297 0.808317 0.939725 2 33 0.879115 34 0.120885
ring
  33 -24.784594 2.433128 57.985985 -0.994457 -0.060843 -0.085752 0.808317 0.939725 2 33 0.879115 34 0.120885
  33 -24.785110 2.438515 57.988152 -0.994548 -0.061393 -0.084297 0.808317 0.939725 2 33 0.879115 34 0.120885
  33 -24.776649 2.480523 57.845863 -0.995078 -0.063289 -0.076254 0.822451 0.939725 2 33 0.883059 34 0.116941
ring
  33 -24.776333 2.474175 57.846973 -0.995051 -0.063240 -0.076639 0.822451 0.939725 2 33 0.883059 34 0.116941
  33 -24.784594 2.433128 57.985985 -0.994457 -0.060843 -0.085752 0.808317 0.939725 2 33 0.879115 34 0.120885
  33 -24.776649 2.480523 57.845863 -0.995078 -0.063289 -0.076254 0.822451 0.939725 2 33 0.883059 34 0.116941
ring
  33 -24.776333 2.474175 57.846973 -0.995051 -0.063240 -0.076639 0.822451 0.939725 2 33 0.883059 34 0.116941
  33 -24.776649 2.480523 57.845863 -0.995078 -0.063289 -0.076254 0.822451 0.939725 2 33 0.883059 34 0.116941
  33 -24.763725 2.448926 57.701057 -0.996747 -0.047447 -0.065139 0.837680 0.939725 2 33 0.833333 34 0.166667
ring
  33 -24.763748 2.443295 57.705498 -0.996483 -0.049470 -0.067636 0.837680 0.939725 2 33 0.833333 34 0.166667
  33 -24.776333 2.474175 57.846973 -0.995051 -0.063240 -0.076639 0.822451 0.939725 2 33 0.883059 34 0.116941
  33 -24.763725 2.448926 57.701057 -0.996747 -0.047447 -0.065139 0.837680 0.939725 2 33 0.833333 34 0.166667
ring
  33 -24.763748 2.443295 57.705498 -0.996483 -0.049470 -0.067636 0.837680 0.939725 2 33 0.833333 34 0.166667
  33 -24.763725 2.448926 57.701057 -0.996747 -0.047447 -0.065139 0.837680 0.939725 2 33 0.833333 34 0.166667
  33 -24.753557 2.353051 57.591621 -0.997148 -0.051027 -0.055609 0.854177 0.939725 2 33 0.991855 34 0.008145
ring
  33 -24.753771 2.349658 57.598579 -0.997210 -0.050332 -0.055126 0.854177 0.939725 2 33 0.991855 34 0.008145
  33 -24.763748 2.443295 57.705498 -0.996483 -0.049470 -0.067636 0.837680 0.939725 2 33 0.833333 34 0.166667
  33 -24.753557 2.353051 57.591621 -0.997148 -0.051027 -0.055609 0.854177 0.939725 2 33 0.991855 34 0.008145
ring
  33 -24.753771 2.349658 57.598579 -0.997210 -0.050332 -0.055126 0.854177 0.939725 2 33 0.991855 34 0.008145
  33 -24.753557 2.353051 57.591621 -0.997148 -0.051027 -0.055609 0.854177 0.939725 2 33 0.991855 34 0.008145
  33 -24.743513 2.217471 57.548050 -0.996821 -0.055641 -0.057024 0.872572 0.939725 2 33 0.991855 34 0.008145
ring
  33 -24.743954 2.217196 57.555992 -0.996822 -0.055652 -0.056997 0.872572 0.939725 2 33 0.991855 34 0.008145
  33 -24.753771 2.349658 57.598579 -0.997210 -0.050332 -0.055126 0.854177 0.939725 2 33 0.991855 34 0.008145
  33 -24.743513 2.217471 57.548050 -0.996821 -0.055641 -0.057024 0.872572 0.939725 2 33 0.991855 34 0.008145
ring
  33 -24.786251 2.384400 58.034657 0.490653 -0.638140 -0.593328 0.801456 0.939725 2 33 0.879115 34 0.120885
  33 -24.804932 2.348348 58.066753 0.532405 -0.674585 -0.511350 0.796503 0.940553 2 33 0.884945 34 0.115055
  34 -25.004963 2.192311 58.070293 0.293329 -0.486417 -0.823017 0.781562 0.949816 2 34 0.879115 33 0.120885
ring
  34 -25.035475 2.192929 58.059803 -0.271881 -0.525679 -0.806065 0.781634 0.951335 2 34 0.991855 33 0.008145
  33 -24.786251 2.384400 58.034657 0.490653 -0.638140 -0.593328 0.801456 0.939725 2 33 0.879115 34 0.120885
  34 -25.004963 2.192311 58.070293 0.293329 -0.486417 -0.823017 0.781562 0.949816 2 34 0.879115 33 0.120885
ring
  34 -25.035475 2.192929 58.059803 -0.271881 -0.525679 -0.806065 0.781634 0.951335 2 34 0.991855 33 0.008145
  33 -24.768141 2.016417 58.025032 -0.775974 -0.362315 -0.516326 0.761162 0.939725 2 33 0.879115 34 0.120885
  34 -25.041813 2.192703 58.063644 -0.432320 -0.509155 -0.744218 0.781634 0.951335 2 34 0.991855 33 0.008145
ring
  33 -24.768141 2.016417 58.025032 -0.775974 -0.362315 -0.516326 0.761162 0.939725 2 33 0.879115 34 0.120885
  33 -24.768248 2.011999 58.028118 -0.861757 -0.276129 -0.425591 0.761162 0.939725 2 33 0.879115 34 0.120885
  34 -25.041813 2.192703 58.063644 -0.432320 -0.509155 -0.744218 0.781634 0.951335 2 34 0.991855 33 0.008145
ring
  33 -24.768141 2.016417 58.025032 -0.775974 -0.362315 -0.516326 0.761162 0.939725 2 33 0.879115 34 0.120885
  33 -24.789928 2.047300 58.057632 -0.850898 -0.519794 -0.076071 0.765942 0.940939 2 33 0.884945 34 0.115055
  33 -24.810648 2.078763 58.074314 -0.850898 -0.519794 -0.076071 0.769631 0.941586 2 33 0.884945 34 0.115055
ring
  33 -24.768248 2.011999 58.028118 -0.861757 -0.276129 -0.425591 0.761162 0.939725 2 33 0.879115 34 0.120885
  33 -24.768141 2.016417 58.025032 -0.775974 -0.362315 -0.516326 0.761162 0.939725 2 33 0.879115 34 0.120885
  33 -24.759537 1.964125 57.970303 -0.995222 -0.048212 -0.084909 0.753920 0.939725 2 33 0.992993 34 0.007007
ring
  33 -24.768141 2.016417 58.025032 -0.775974 -0.362315 -0.516326 0.761162 0.939725 2 33 0.879115 34 0.120885
  33 -24.759657 1.969673 57.968521 -0.994897 -0.049217 -0.088075 0.753920 0.939725 2 33 0.991855 34 0.008145
  33 -24.759537 1.964125 57.970303 -0.995222 -0.048212 -0.084909 0.753920 0.939725 2 33 0.992993 34 0.007007
ring
  33 -24.759537 1.964125 57.970303 -0.995222 -0.048212 -0.084909 0.753920 0.939725 2 33 0.992993 34 0.007007
  33 -24.759657 1.969673 57.968521 -0.994897 -0.049217 -0.088075 0.753920 0.939725 2 33 0.991855 34 0.008145
  33 -24.748100 1.932690 57.825325 -0.996813 -0.041053 -0.068405 0.739868 0.939725 2 33 0.971655 34 0.028345
ring
  33 -24.759657 1.969673 57.968521 -0.994897 -0.049217 -0.088075 0.753920 0.939725 2 33 0.991855 34 0.008145
  33 -24.748466 1.938957 57.826881 -0.996799 -0.040773 -0.068769 0.739868 0.939725 2 33 0.971655 34 0.028345
  33 -24.748100 1.932690 57.825325 -0.996813 -0.041053 -0.068405 0.739868 0.939725 2 33 0.971655 34 0.028345
ring
  33 -24.748100 1.932690 57.825325 -0.996813 -0.041053 -0.068405 0.739868 0.939725 2 33 0.971655 34 0.028345
  33 -24.748466 1.938957 57.826881 -0.996799 -0.040773 -0.068769 0.739868 0.939725 2 33 0.971655 34 0.028345
  33 -24.740223 1.974818 57.682919 -0.996996 -0.043154 -0.064321 0.724744 0.939725 2 33 0.991855 34 0.008145
ring
  33 -24.748466 1.938957 57.826881 -0.996799 -0.040773 -0.068769 0.739868 0.939725 2 33 0.971655 34 0.028345
  33 -24.740765 1.980123 57.687771 -0.996982 -0.042522 -0.064953 0.724744 0.939725 2 33 0.991855 34 0.008145
  33 -24.740223 1.974818 57.682919 -0.996996 -0.043154 -0.064321 0.724744 0.939725 2 33 0.991855 34 0.008145
ring
  33 -24.740223 1.974818 57.682919 -0.996996 -0.043154 -0.064321 0.724744 0.939725 2 33 0.991855 34 0.008145
  33 -24.740765 1.980123 57.687771 -0.996982 -0.042522 -0.064953 0.724744 0.939725 2 33 0.991855 34 0.008145
  33 -24.738623 2.079036 57.581451 -0.997133 -0.046816 -0.059441 0.708359 0.939725 2 33 0.991855 34 0.008145
ring
  33 -24.740765 1.980123 57.687771 -0.996982 -0.042522 -0.064953 0.724744 0.939725 2 33 0.991855 34 0.008145
  33 -24.739187 2.081938 57.588638 -0.997148 -0.046333 -0.059571 0.708359 0.939725 2 33 0.991855 34 0.008145
  33 -24.738623 2.079036 57.581451 -0.997133 -0.046816 -0.059441 0.708359 0.939725 2 33 0.991855 34 0.008145
ring
  33 -24.738623 2.079036 57.581451 -0.997133 -0.046816 -0.059441 0.708359 0.939725 2 33 0.991855 34 0.008145
  33 -24.739187 2.081938 57.588638 -0.997148 -0.046333 -0.059571 0.708359 0.939725 2 33 0.991855 34 0.008145
  33 -24.743513 2.217471 57.548050 -0.997186 -0.048860 -0.056852 0.690008 0.939725 2 33 0.991855 34 0.008145
ring
  33 -24.739187 2.081938 57.588638 -0.997148 -0.046333 -0.059571 0.708359 0.939725 2 33 0.991855 34 0.008145
  33 -24.743954 2.217196 57.555992 -0.997191 -0.048838 -0.056786 0.690008 0.939725 2 33 0.991855 34 0.008145
  33 -24.743513 2.217471 57.548050 -0.997186 -0.048860 -0.056852 0.690008 0.939725 2 33 0.991855 34 0.008145
ring
  33 -24.787819 2.331728 58.090210 0.457549 -0.449066 -0.767456 0.794167 0.939725 2 33 0.884945 34 0.115055
  33 -24.822472 2.312880 58.082962 0.494514 -0.578181 -0.648971 0.792681 0.941277 2 33 0.884945 34 0.115055
  33 -24.786251 2.384400 58.034657 0.490653 -0.638140 -0.593328 0.801456 0.939725 2 33 0.879115 34 0.120885
ring
  33 -24.787819 2.331728 58.090210 0.457549 -0.449066 -0.767456 0.794167 0.939725 2 33 0.884945 34 0.115055
  33 -24.786251 2.384400 58.034657 0.490653 -0.638140 -0.593328 0.801456 0.939725 2 33 0.879115 34 0.120885
  33 -24.766243 2.337998 58.098919 0.015962 -0.400028 -0.916364 0.794471 0.939041 2 33 0.884945 34 0.115055
ring
  33 -24.787819 2.331728 58.090210 0.457549 -0.449066 -0.767456 0.794167 0.939725 2 33 0.884945 34 0.115055
  33 -24.766243 2.337998 58.098919 0.015962 -0.400028 -0.916364 0.794471 0.939041 2 33 0.884945 34 0.115055
  33 -24.781372 2.197106 58.089336 0.469499 0.062290 -0.880733 0.781063 0.939725 2 33 0.879115 34 0.120885
ring
  33 -24.766243 2.337998 58.098919 0.015962 -0.400028 -0.916364 0.794471 0.939041 2 33 0.884945 34 0.115055
  33 -24.759781 2.197715 58.101307 0.051117 0.043590 -0.997741 0.781007 0.939041 2 33 0.879115 34 0.120885
  33 -24.781372 2.197106 58.089336 0.469499 0.062290 -0.880733 0.781063 0.939725 2 33 0.879115 34 0.120885
ring
  33 -24.781372 2.197106 58.089336 0.469499 0.062290 -0.880733 0.781063 0.939725 2 33 0.879115 34 0.120885
  33 -24.759781 2.197715 58.101307 0.051117 0.043590 -0.997741 0.781007 0.939041 2 33 0.879115 34 0.120885
  33 -24.750324 2.057616 58.087490 -0.043613 0.462264 -0.885669 0.767462 0.939041 2 33 0.991855 34 0.008145
ring
  33 -24.759781 2.197715 58.101307 0.051117 0.043590 -0.997741 0.781007 0.939041 2 33 0.879115 34 0.120885
  33 -24.735403 2.199560 58.090881 -0.396380 0.014429 -0.917973 0.780944 0.938036 2 33 0.991855 34 0.008145
  33 -24.750324 2.057616 58.087490 -0.043613 0.462264 -0.885669 0.767462 0.939041 2 33 0.991855 34 0.008145
ring
  33 -24.759781 2.197715 58.101307 0.051117 0.043590 -0.997741 0.781007 0.939041 2 33 0.879115 34 0.120885
  33 -24.766243 2.337998 58.098919 0.015962 -0.400028 -0.916364 0.794471 0.939041 2 33 0.884945 34 0.115055
  33 -24.735403 2.199560 58.090881 -0.396380 0.014429 -0.917973 0.780944 0.938036 2 33 0.991855 34 0.008145
ring
  33 -24.766243 2.337998 58.098919 0.015962 -0.400028 -0.916364 0.794471 0.939041 2 33 0.884945 34 0.115055
  33 -24.742147 2.333722 58.087936 -0.439042 -0.354373 -0.825628 0.794543 0.938036 2 33 0.991855 34 0.008145
  33 -24.735403 2.199560 58.090881 -0.396380 0.014429 -0.917973 0.780944 0.938036 2 33 0.991855 34 0.008145
ring
  33 -24.741371 2.384630 58.038376 -0.370844 -0.650232 -0.663079 0.801686 0.938036 2 33 0.991855 34 0.008145
  33 -24.742147 2.333722 58.087936 -0.439042 -0.354373 -0.825628 0.794543 0.938036 2 33 0.991855 34 0.008145
  33 -24.766243 2.337998 58.098919 0.015962 -0.400028 -0.916364 0.794471 0.939041 2 33 0.884945 34 0.115055
ring
  33 -24.786251 2.384400 58.034657 0.490653 -0.638140 -0.593328 0.801456 0.939725 2 33 0.879115 34 0.120885
  33 -24.764801 2.392005 58.044098 0.067882 -0.706580 -0.704370 0.801654 0.939041 2 33 0.879115 34 0.120885
  33 -24.766243 2.337998 58.098919 0.015962 -0.400028 -0.916364 0.794471 0.939041 2 33 0.884945 34 0.115055
ring
  33 -24.764801 2.392005 58.044098 0.067882 -0.706580 -0.704370 0.801654 0.939041 2 33 0.879115 34 0.120885
  33 -24.741371 2.384630 58.038376 -0.370844 -0.650232 -0.663079 0.801686 0.938036 2 33 0.991855 34 0.008145
  33 -24.766243 2.337998 58.098919 0.015962 -0.400028 -0.916364 0.794471 0.939041 2 33 0.884945 34 0.115055
ring
  33 -24.763300 2.443960 57.992874 0.074562 -0.858703 -0.507021 0.808662 0.939041 2 33 0.879115 34 0.120885
  33 -24.764801 2.392005 58.044098 0.067882 -0.706580 -0.704370 0.801654 0.939041 2 33 0.879115 34 0.120885
  33 -24.786251 2.384400 58.034657 0.490653 -0.638140 -0.593328 0.801456 0.939725 2 33 0.879115 34 0.120885
ring
  33 -24.764801 2.392005 58.044098 0.067882 -0.706580 -0.704370 0.801654 0.939041 2 33 0.879115 34 0.120885
  33 -24.763300 2.443960 57.992874 0.074562 -0.858703 -0.507021 0.808662 0.939041 2 33 0.879115 34 0.120885
  33 -24.741371 2.384630 58.038376 -0.370844 -0.650232 -0.663079 0.801686 0.938036 2 33 0.991855 34 0.008145
ring
  33 -24.784594 2.433128 57.985985 0.515909 -0.745432 -0.422101 0.808317 0.939725 2 33 0.879115 34 0.120885
  33 -24.763300 2.443960 57.992874 0.074562 -0.858703 -0.507021 0.808662 0.939041 2 33 0.879115 34 0.120885
  33 -24.786251 2.384400 58.034657 0.490653 -0.638140 -0.593328 0.801456 0.939725 2 33 0.879115 34 0.120885
ring
  33 -24.763300 2.443960 57.992874 0.074562 -0.858703 -0.507021 0.808662 0.939041 2 33 0.879115 34 0.120885
  33 -24.740284 2.435098 57.989269 -0.378945 -0.782256 -0.494444 0.808764 0.938036 2 33 0.879115 34 0.120885
  33 -24.741371 2.384630 58.038376 -0.370844 -0.650232 -0.663079 0.801686 0.938036 2 33 0.991855 34 0.008145
ring
  33 -24.754673 2.486801 57.847847 -0.130291 -0.983728 -0.123705 0.822842 0.939041 2 33 0.883059 34 0.116941
  33 -24.763300 2.443960 57.992874 0.074562 -0.858703 -0.507021 0.808662 0.939041 2 33 0.879115 34 0.120885
  33 -24.784594 2.433128 57.985985 0.515909 -0.745432 -0.422101 0.808317 0.939725 2 33 0.879115 34 0.120885
ring
  33 -24.763300 2.443960 57.992874 0.074562 -0.858703 -0.507021 0.808662 0.939041 2 33 0.879115 34 0.120885
  33 -24.754673 2.486801 57.847847 -0.130291 -0.983728 -0.123705 0.822842 0.939041 2 33 0.883059 34 0.116941
  33 -24.740284 2.435098 57.989269 -0.378945 -0.782256 -0.494444 0.808764 0.938036 2 33 0.879115 34 0.120885
ring
  33 -24.776333 2.474175 57.846973 0.506850 -0.862008 -0.006705 0.822451 0.939725 2 33 0.883059 34 0.116941
  33 -24.754673 2.486801 57.847847 -0.130291 -0.983728 -0.123705 0.822842 0.939041 2 33 0.883059 34 0.116941
  33 -24.784594 2.433128 57.985985 0.515909 -0.745432 -0.422101 0.808317 0.939725 2 33 0.879115 34 0.120885
ring
  33 -24.754673 2.486801 57.847847 -0.130291 -0.983728 -0.123705 0.822842 0.939041 2 33 0.883059 34 0.116941
  33 -24.733084 2.476607 57.849758 -0.420974 -0.904523 -0.067961 0.822939 0.938036 2 33 0.991855 34 0.008145
  33 -24.740284 2.435098 57.989269 -0.378945 -0.782256 -0.494444 0.808764 0.938036 2 33 0.879115 34 0.120885
ring
  33 -24.754673 2.486801 57.847847 -0.130291 -0.983728 -0.123705 0.822842 0.939041 2 33 0.883059 34 0.116941
  33 -24.743818 2.455190 57.699638 -0.430896 -0.888538 0.157571 0.838090 0.939041 2 33 0.986111 34 0.013889
  33 -24.733084 2.476607 57.849758 -0.420974 -0.904523 -0.067961 0.822939 0.938036 2 33 0.991855 34 0.008145
ring
  33 -24.743818 2.455190 57.699638 -0.430896 -0.888538 0.157571 0.838090 0.939041 2 33 0.986111 34 0.013889
  33 -24.721622 2.445931 57.708084 -0.471486 -0.807776 0.353834 0.838212 0.938036 2 33 0.986111 34 0.013889
  33 -24.733084 2.476607 57.849758 -0.420974 -0.904523 -0.067961 0.822939 0.938036 2 33 0.991855 34 0.008145
ring
  33 -24.743818 2.455190 57.699638 0.215121 -0.813753 0.539934 0.838090 0.939041 2 33 0.986111 34 0.013889
  33 -24.754673 2.486801 57.847847 0.485233 -0.847225 0.216237 0.822842 0.939041 2 33 0.883059 34 0.116941
  33 -24.776333 2.474175 57.846973 0.506850 -0.862008 -0.006705 0.822451 0.939725 2 33 0.883059 34 0.116941
ring
  33 -24.763748 2.443295 57.705498 0.550346 -0.725944 0.412462 0.837680 0.939725 2 33 0.833333 34 0.166667
  33 -24.743818 2.455190 57.699638 0.215121 -0.813753 0.539934 0.838090 0.939041 2 33 0.986111 34 0.013889
  33 -24.776333 2.474175 57.846973 0.506850 -0.862008 -0.006705 0.822451 0.939725 2 33 0.883059 34 0.116941
ring
  33 -24.743818 2.455190 57.699638 0.215121 -0.813753 0.539934 0.838090 0.939041 2 33 0.986111 34 0.013889
  33 -24.731142 2.356957 57.588604 -0.222351 -0.618554 0.753625 0.854579 0.939041 2 33 0.991855 34 0.008145
  33 -24.721622 2.445931 57.708084 -0.471486 -0.807776 0.353834 0.838212 0.938036 2 33 0.986111 34 0.013889
ring
  33 -24.731142 2.356957 57.588604 -0.222351 -0.618554 0.753625 0.854579 0.939041 2 33 0.991855 34 0.008145
  33 -24.743818 2.455190 57.699638 0.215121 -0.813753 0.539934 0.838090 0.939041 2 33 0.986111 34 0.013889
  33 -24.763748 2.443295 57.705498 0.550346 -0.725944 0.412462 0.837680 0.939725 2 33 0.833333 34 0.166667
ring
  33 -24.731142 2.356957 57.588604 -0.222351 -0.618554 0.753625 0.854579 0.939041 2 33 0.991855 34 0.008145
  33 -24.709436 2.351798 57.601643 -0.529679 -0.504714 0.681692 0.854761 0.938036 2 33 0.991855 34 0.008145
  33 -24.721622 2.445931 57.708084 -0.471486 -0.807776 0.353834 0.838212 0.938036 2 33 0.986111 34 0.013889
ring
  33 -24.753771 2.349658 57.598579 0.478172 -0.458542 0.749060 0.854177 0.939725 2 33 0.991855 34 0.008145
  33 -24.731142 2.356957 57.588604 -0.222351 -0.618554 0.753625 0.854579 0.939041 2 33 0.991855 34 0.008145
  33 -24.763748 2.443295 57.705498 0.550346 -0.725944 0.412462 0.837680 0.939725 2 33 0.833333 34 0.166667
ring
  33 -24.731142 2.356957 57.588604 -0.222351 -0.618554 0.753625 0.854579 0.939041 2 33 0.991855 34 0.008145
  33 -24.720898 2.218772 57.544167 -0.542782 -0.293273 0.787006 0.872572 0.939041 2 33 0.991855 34 0.008145
  33 -24.709436 2.351798 57.601643 -0.529679 -0.504714 0.681692 0.854761 0.938036 2 33 0.991855 34 0.008145
ring
  33 -24.720898 2.218772 57.544167 -0.542782 -0.293273 0.787006 0.872572 0.939041 2 33 0.991855 34 0.008145
  33 -24.699614 2.219336 57.559059 -0.542806 -0.293255 0.786996 0.872572 0.938036 2 33 0.991855 34 0.008145
  33 -24.709436 2.351798 57.601643 -0.529679 -0.504714 0.681692 0.854761 0.938036 2 33 0.991855 34 0.008145
ring
  33 -24.743954 2.217196 57.555992 0.455932 -0.241606 0.856593 0.872572 0.939725 2 33 0.991855 34 0.008145
  33 -24.720898 2.218772 57.544167 0.455897 -0.241618 0.856609 0.872572 0.939041 2 33 0.991855 34 0.008145
  33 -24.753771 2.349658 57.598579 0.478172 -0.458542 0.749060 0.854177 0.939725 2 33 0.991855 34 0.008145
ring
  33 -24.720898 2.218772 57.544167 0.455897 -0.241618 0.856609 0.872572 0.939041 2 33 0.991855 34 0.008145
  33 -24.731142 2.356957 57.588604 0.455649 -0.241709 0.856715 0.854579 0.939041 2 33 0.991855 34 0.008145
  33 -24.753771 2.349658 57.598579 0.478172 -0.458542 0.749060 0.854177 0.939725 2 33 0.991855 34 0.008145
ring
  33 -24.714788 2.074660 57.570801 0.084787 -0.475240 -0.875762 0.707812 0.939041 2 33 0.991855 34 0.008145
  33 -24.693245 2.081244 57.584606 0.578280 -0.394649 -0.714034 0.707482 0.938036 2 33 0.991855 34 0.008145
  33 -24.694820 1.977072 57.686020 0.551489 -0.727825 -0.407590 0.723944 0.938036 1 33 1.000000
ring
  33 -24.719875 2.219083 57.535927 0.568756 -0.174141 -0.803860 0.690008 0.939041 2 33 0.991855 34 0.008145
  33 -24.698118 2.219678 57.551178 0.568806 -0.174146 -0.803824 0.690008 0.938036 2 33 0.991855 34 0.008145
  33 -24.693245 2.081244 57.584606 0.578280 -0.394649 -0.714034 0.707482 0.938036 2 33 0.991855 34 0.008145
ring
  33 -24.714788 2.074660 57.570801 0.084787 -0.475240 -0.875762 0.707812 0.939041 2 33 0.991855 34 0.008145
  33 -24.719875 2.219083 57.535927 0.568756 -0.174141 -0.803860 0.690008 0.939041 2 33 0.991855 34 0.008145
  33 -24.693245 2.081244 57.584606 0.578280 -0.394649 -0.714034 0.707482 0.938036 2 33 0.991855 34 0.008145
ring
  33 -24.716467 1.965916 57.676655 0.078456 -0.850184 -0.520607 0.724200 0.939041 2 33 0.991855 34 0.008145
  33 -24.714788 2.074660 57.570801 0.084787 -0.475240 -0.875762 0.707812 0.939041 2 33 0.991855 34 0.008145
  33 -24.694820 1.977072 57.686020 0.551489 -0.727825 -0.407590 0.723944 0.938036 1 33 1.000000
ring
  33 -24.716467 1.965916 57.676655 0.078456 -0.850184 -0.520607 0.724200 0.939041 2 33 0.991855 34 0.008145
  33 -24.694820 1.977072 57.686020 0.551489 -0.727825 -0.407590 0.723944 0.938036 1 33 1.000000
  33 -24.702724 1.934862 57.828472 0.505636 -0.862692 0.009717 0.739136 0.938036 2 33 0.971655 34 0.028345
ring
  33 -24.716467 1.965916 57.676655 0.078456 -0.850184 -0.520607 0.724200 0.939041 2 33 0.991855 34 0.008145
  33 -24.740223 1.974818 57.682919 -0.415812 -0.776192 -0.473947 0.724744 0.939725 2 33 0.991855 34 0.008145
  33 -24.714788 2.074660 57.570801 0.084787 -0.475240 -0.875762 0.707812 0.939041 2 33 0.991855 34 0.008145
ring
  33 -24.740223 1.974818 57.682919 -0.415812 -0.776192 -0.473947 0.724744 0.939725 2 33 0.991855 34 0.008145
  33 -24.738623 2.079036 57.581451 -0.431959 -0.446164 -0.783804 0.708359 0.939725 2 33 0.991855 34 0.008145
  33 -24.714788 2.074660 57.570801 0.084787 -0.475240 -0.875762 0.707812 0.939041 2 33 0.991855 34 0.008145
ring
  33 -24.714788 2.074660 57.570801 0.084787 -0.475240 -0.875762 0.707812 0.939041 2 33 0.991855 34 0.008145
  33 -24.738623 2.079036 57.581451 -0.431959 -0.446164 -0.783804 0.708359 0.939725 2 33 0.991855 34 0.008145
  33 -24.719875 2.219083 57.535927 -0.432351 -0.225933 -0.872941 0.690008 0.939041 2 33 0.991855 34 0.008145
ring
  33 -24.738623 2.079036 57.581451 -0.431959 -0.446164 -0.783804 0.708359 0.939725 2 33 0.991855 34 0.008145
  33 -24.743513 2.217471 57.548050 -0.432467 -0.225915 -0.872888 0.690008 0.939725 2 33 0.991855 34 0.008145
  33 -24.719875 2.219083 57.535927 -0.432351 -0.225933 -0.872941 0.690008 0.939041 2 33 0.991855 34 0.008145
ring
  33 -24.748100 1.932690 57.825325 -0.416569 -0.907488 -0.054187 0.739868 0.939725 2 33 0.971655 34 0.028345
  33 -24.740223 1.974818 57.682919 -0.415812 -0.776192 -0.473947 0.724744 0.939725 2 33 0.991855 34 0.008145
  33 -24.716467 1.965916 57.676655 0.078456 -0.850184 -0.520607 0.724200 0.939041 2 33 0.991855 34 0.008145
ring
  33 -24.724693 1.921951 57.825237 0.051108 -0.997861 -0.040761 0.739356 0.939041 2 33 0.971655 34 0.028345
  33 -24.716467 1.965916 57.676655 0.078456 -0.850184 -0.520607 0.724200 0.939041 2 33 0.991855 34 0.008145
  33 -24.702724 1.934862 57.828472 0.505636 -0.862692 0.009717 0.739136 0.938036 2 33 0.971655 34 0.028345
ring
  33 -24.724693 1.921951 57.825237 0.051108 -0.997861 -0.040761 0.739356 0.939041 2 33 0.971655 34 0.028345
  33 -24.748100 1.932690 57.825325 -0.416569 -0.907488 -0.054187 0.739868 0.939725 2 33 0.971655 34 0.028345
  33 -24.716467 1.965916 57.676655 0.078456 -0.850184 -0.520607 0.724200 0.939041 2 33 0.991855 34 0.008145
ring
  33 -24.724693 1.921951 57.825237 0.051108 -0.997861 -0.040761 0.739356 0.939041 2 33 0.971655 34 0.028345
  33 -24.702724 1.934862 57.828472 0.505636 -0.862692 0.009717 0.739136 0.938036 2 33 0.971655 34 0.028345
  33 -24.714178 1.966329 57.973427 0.457519 -0.773055 0.439389 0.753246 0.938036 2 33 0.991855 34 0.008145
ring
  33 -24.759537 1.964125 57.970303 -0.434949 -0.826090 0.358322 0.753920 0.939725 2 33 0.992993 34 0.007007
  33 -24.748100 1.932690 57.825325 -0.416569 -0.907488 -0.054187 0.739868 0.939725 2 33 0.971655 34 0.028345
  33 -24.724693 1.921951 57.825237 0.051108 -0.997861 -0.040761 0.739356 0.939041 2 33 0.971655 34 0.028345
ring
  33 -24.736654 1.954753 57.976471 0.019575 -0.897142 0.441309 0.753467 0.939041 2 33 0.991855 34 0.008145
  33 -24.724693 1.921951 57.825237 0.051108 -0.997861 -0.040761 0.739356 0.939041 2 33 0.971655 34 0.028345
  33 -24.714178 1.966329 57.973427 0.457519 -0.773055 0.439389 0.753246 0.938036 2 33 0.991855 34 0.008145
ring
  33 -24.736654 1.954753 57.976471 0.019575 -0.897142 0.441309 0.753467 0.939041 2 33 0.991855 34 0.008145
  33 -24.759537 1.964125 57.970303 -0.434949 -0.826090 0.358322 0.753920 0.939725 2 33 0.992993 34 0.007007
  33 -24.724693 1.921951 57.825237 0.051108 -0.997861 -0.040761 0.739356 0.939041 2 33 0.971655 34 0.028345
ring
  33 -24.736654 1.954753 57.976471 0.019575 -0.897142 0.441309 0.753467 0.939041 2 33 0.991855 34 0.008145
  33 -24.714178 1.966329 57.973427 0.457519 -0.773055 0.439389 0.753246 0.938036 2 33 0.991855 34 0.008145
  33 -24.720451 2.014530 58.027885 0.452558 -0.647858 0.612757 0.760267 0.938036 2 33 0.991855 34 0.008145
ring
  33 -24.768248 2.011999 58.028118 -0.391496 -0.734195 0.554697 0.761162 0.939725 2 33 0.879115 34 0.120885
  33 -24.759537 1.964125 57.970303 -0.434949 -0.826090 0.358322 0.753920 0.939725 2 33 0.992993 34 0.007007
  33 -24.736654 1.954753 57.976471 0.019575 -0.897142 0.441309 0.753467 0.939041 2 33 0.991855 34 0.008145
ring
  33 -24.743536 2.005032 58.034866 0.047964 -0.754623 0.654404 0.760646 0.939041 2 33 0.991855 34 0.008145
  33 -24.736654 1.954753 57.976471 0.019575 -0.897142 0.441309 0.753467 0.939041 2 33 0.991855 34 0.008145
  33 -24.720451 2.014530 58.027885 0.452558 -0.647858 0.612757 0.760267 0.938036 2 33 0.991855 34 0.008145
ring
  33 -24.743536 2.005032 58.034866 0.047964 -0.754623 0.654404 0.760646 0.939041 2 33 0.991855 34 0.008145
  33 -24.768248 2.011999 58.028118 -0.391496 -0.734195 0.554697 0.761162 0.939725 2 33 0.879115 34 0.120885
  33 -24.736654 1.954753 57.976471 0.019575 -0.897142 0.441309 0.753467 0.939041 2 33 0.991855 34 0.008145
ring
  33 -24.750025 2.054131 58.092037 0.043209 -0.462535 0.885547 0.767462 0.939041 2 33 0.991855 34 0.008145
  33 -24.743536 2.005032 58.034866 0.047964 -0.754623 0.654404 0.760646 0.939041 2 33 0.991855 34 0.008145
  33 -24.720451 2.014530 58.027885 0.452558 -0.647858 0.612757 0.760267 0.938036 2 33 0.991855 34 0.008145
ring
  33 -24.768248 2.011999 58.028118 -0.391496 -0.734195 0.554697 0.761162 0.939725 2 33 0.879115 34 0.120885
  33 -24.743536 2.005032 58.034866 0.047964 -0.754623 0.654404 0.760646 0.939041 2 33 0.991855 34 0.008145
  33 -24.750025 2.054131 58.092037 0.043209 -0.462535 0.885547 0.767462 0.939041 2 33 0.991855 34 0.008145
ring
  33 -24.726707 2.062732 58.082348 0.467740 -0.356115 0.808951 0.767355 0.938036 2 33 0.991855 34 0.008145
  33 -24.750025 2.054131 58.092037 0.043209 -0.462535 0.885547 0.767462 0.939041 2 33 0.991855 34 0.008145
  33 -24.720451 2.014530 58.027885 0.452558 -0.647858 0.612757 0.760267 0.938036 2 33 0.991855 34 0.008145
ring
  33 -24.768248 2.011999 58.028118 -0.391496 -0.734195 0.554697 0.761162 0.939725 2 33 0.879115 34 0.120885
  33 -24.790545 2.043597 58.061485 -0.494072 -0.750997 0.438060 0.765942 0.940939 2 33 0.884945 34 0.115055
  34 -25.010607 2.192073 58.074398 -0.497096 -0.771007 0.398049 0.781562 0.949816 2 34 0.879115 33 0.120885
ring
  33 -24.750025 2.054131 58.092037 0.043209 -0.462535 0.885547 0.767462 0.939041 2 33 0.991855 34 0.008145
  33 -24.726707 2.062732 58.082348 0.467740 -0.356115 0.808951 0.767355 0.938036 2 33 0.991855 34 0.008145
  33 -24.734734 2.199437 58.095528 0.396519 -0.014519 0.917912 0.780944 0.938036 2 33 0.991855 34 0.008145
ring
  33 -24.790545 2.043597 58.061485 -0.494072 -0.750997 0.438060 0.765942 0.940939 2 33 0.884945 34 0.115055
  33 -24.811789 2.075777 58.078564 -0.452939 -0.657500 0.602112 0.769631 0.941586 2 33 0.884945 34 0.115055
  34 -24.984539 2.192729 58.068382 0.308924 -0.025030 0.950757 0.781501 0.948553 2 34 0.879115 33 0.120885
ring
  33 -24.768248 2.011999 58.028118 -0.391496 -0.734195 0.554697 0.761162 0.939725 2 33 0.879115 34 0.120885
  33 -24.774342 2.058000 58.083256 -0.390042 -0.552872 0.736342 0.767800 0.939725 2 33 0.884945 34 0.115055
  33 -24.811789 2.075777 58.078564 -0.452939 -0.657500 0.602112 0.769631 0.941586 2 33 0.884945 34 0.115055
ring
  33 -24.774342 2.058000 58.083256 -0.390042 -0.552872 0.736342 0.767800 0.939725 2 33 0.884945 34 0.115055
  33 -24.768248 2.011999 58.028118 -0.391496 -0.734195 0.554697 0.761162 0.939725 2 33 0.879115 34 0.120885
  33 -24.750025 2.054131 58.092037 0.043209 -0.462535 0.885547 0.767462 0.939041 2 33 0.991855 34 0.008145
ring
  33 -24.781784 2.196942 58.093948 -0.469911 -0.062293 0.880513 0.781063 0.939725 2 33 0.879115 34 0.120885
  33 -24.774342 2.058000 58.083256 -0.390042 -0.552872 0.736342 0.767800 0.939725 2 33 0.884945 34 0.115055
  33 -24.750025 2.054131 58.092037 0.043209 -0.462535 0.885547 0.767462 0.939041 2 33 0.991855 34 0.008145
ring
  34 -25.041813 2.192703 58.063644 -0.277668 -0.571965 0.771852 0.781634 0.951335 2 34 0.991855 33 0.008145
  33 -24.768248 2.011999 58.028118 -0.391496 -0.734195 0.554697 0.761162 0.939725 2 33 0.879115 34 0.120885
  34 -25.010607 2.192073 58.074398 -0.208917 -0.042052 0.977029 0.781562 0.949816 2 34 0.879115 33 0.120885
ring
  33 -24.759687 2.197556 58.106213 -0.051336 -0.043658 0.997727 0.781007 0.939041 2 33 0.879115 34 0.120885
  33 -24.781784 2.196942 58.093948 -0.469911 -0.062293 0.880513 0.781063 0.939725 2 33 0.879115 34 0.120885
  33 -24.750025 2.054131 58.092037 0.043209 -0.462535 0.885547 0.767462 0.939041 2 33 0.991855 34 0.008145
ring
  33 -24.759687 2.197556 58.106213 -0.051336 -0.043658 0.997727 0.781007 0.939041 2 33 0.879115 34 0.120885
  33 -24.750025 2.054131 58.092037 0.043209 -0.462535 0.885547 0.767462 0.939041 2 33 0.991855 34 0.008145
  33 -24.734734 2.199437 58.095528 0.396519 -0.014519 0.917912 0.780944 0.938036 2 33 0.991855 34 0.008145
ring
  33 -24.805912 2.351741 58.070835 0.223188 -0.265107 0.938032 0.796503 0.940553 2 33 0.884945 34 0.115055
  34 -25.010607 2.192073 58.074398 -0.208917 -0.042052 0.977029 0.781562 0.949816 2 34 0.879115 33 0.120885
  34 -24.984539 2.192729 58.068382 0.308924 -0.025030 0.950757 0.781501 0.948553 2 34 0.879115 33 0.120885
ring
  34 -25.010607 2.192073 58.074398 -0.208917 -0.042052 0.977029 0.781562 0.949816 2 34 0.879115 33 0.120885
  33 -24.790545 2.043597 58.061485 0.213205 0.233286 0.948747 0.765942 0.940939 2 33 0.884945 34 0.115055
  34 -24.984539 2.192729 58.068382 0.308924 -0.025030 0.950757 0.781501 0.948553 2 34 0.879115 33 0.120885
ring
  33 -24.766291 2.341143 58.103760 -0.015399 0.400141 0.916324 0.794471 0.939041 2 33 0.884945 34 0.115055
  33 -24.759687 2.197556 58.106213 -0.051336 -0.043658 0.997727 0.781007 0.939041 2 33 0.879115 34 0.120885
  33 -24.734734 2.199437 58.095528 0.396519 -0.014519 0.917912 0.780944 0.938036 2 33 0.991855 34 0.008145
ring
  33 -24.781784 2.196942 58.093948 -0.469911 -0.062293 0.880513 0.781063 0.939725 2 33 0.879115 34 0.120885
  33 -24.759687 2.197556 58.106213 -0.051336 -0.043658 0.997727 0.781007 0.939041 2 33 0.879115 34 0.120885
  33 -24.766291 2.341143 58.103760 -0.015399 0.400141 0.916324 0.794471 0.939041 2 33 0.884945 34 0.115055
ring
  33 -24.741640 2.336746 58.092510 0.440001 0.354115 0.825228 0.794543 0.938036 2 33 0.991855 34 0.008145
  33 -24.766291 2.341143 58.103760 -0.015399 0.400141 0.916324 0.794471 0.939041 2 33 0.884945 34 0.115055
  33 -24.734734 2.199437 58.095528 0.396519 -0.014519 0.917912 0.780944 0.938036 2 33 0.991855 34 0.008145
ring
  33 -24.788395 2.334712 58.094849 -0.457179 0.449031 0.767697 0.794167 0.939725 2 33 0.884945 34 0.115055
  33 -24.781784 2.196942 58.093948 -0.469911 -0.062293 0.880513 0.781063 0.939725 2 33 0.879115 34 0.120885
  33 -24.766291 2.341143 58.103760 -0.015399 0.400141 0.916324 0.794471 0.939041 2 33 0.884945 34 0.115055
ring
  33 -24.766291 2.341143 58.103760 -0.015399 0.400141 0.916324 0.794471 0.939041 2 33 0.884945 34 0.115055
  33 -24.741640 2.336746 58.092510 0.440001 0.354115 0.825228 0.794543 0.938036 2 33 0.991855 34 0.008145
  33 -24.740852 2.388869 58.041794 0.371270 0.650166 0.662904 0.801686 0.938036 2 33 0.991855 34 0.008145
ring
  33 -24.786789 2.388651 58.037968 -0.490434 0.638232 0.593410 0.801456 0.939725 2 33 0.879115 34 0.120885
  33 -24.788395 2.334712 58.094849 -0.457179 0.449031 0.767697 0.794167 0.939725 2 33 0.884945 34 0.115055
  33 -24.766291 2.341143 58.103760 -0.015399 0.400141 0.916324 0.794471 0.939041 2 33 0.884945 34 0.115055
ring
  33 -24.786789 2.388651 58.037968 -0.490434 0.638232 0.593410 0.801456 0.939725 2 33 0.879115 34 0.120885
  34 -25.041813 2.192703 58.063644 -0.278679 0.472262 0.836246 0.781634 0.951335 2 34 0.991855 33 0.008145
  34 -25.010607 2.192073 58.074398 -0.208917 -0.042052 0.977029 0.781562 0.949816 2 34 0.879115 33 0.120885
ring
  33 -24.788395 2.334712 58.094849 -0.457179 0.449031 0.767697 0.794167 0.939725 2 33 0.884945 34 0.115055
  33 -24.786789 2.388651 58.037968 -0.490434 0.638232 0.593410 0.801456 0.939725 2 33 0.879115 34 0.120885
  33 -24.823881 2.315441 58.087410 -0.494485 0.578283 0.648902 0.792681 0.941277 2 33 0.884945 34 0.115055
ring
  33 -24.823881 2.315441 58.087410 -0.494485 0.578283 0.648902 0.792681 0.941277 2 33 0.884945 34 0.115055
  33 -24.805912 2.351741 58.070835 -0.532660 0.674595 0.511073 0.796503 0.940553 2 33 0.884945 34 0.115055
  34 -24.984539 2.192729 58.068382 -0.500610 0.552254 0.666636 0.781501 0.948553 2 34 0.879115 33 0.120885
ring
  33 -24.805912 2.351741 58.070835 -0.532660 0.674595 0.511073 0.796503 0.940553 2 33 0.884945 34 0.115055
  33 -24.786789 2.388651 58.037968 -0.490434 0.638232 0.593410 0.801456 0.939725 2 33 0.879115 34 0.120885
  34 -25.010607 2.192073 58.074398 -0.208917 -0.042052 0.977029 0.781562 0.949816 2 34 0.879115 33 0.120885
ring
  33 -24.764809 2.396417 58.047653 -0.067511 0.706622 0.704364 0.801654 0.939041 2 33 0.879115 34 0.120885
  33 -24.766291 2.341143 58.103760 -0.015399 0.400141 0.916324 0.794471 0.939041 2 33 0.884945 34 0.115055
  33 -24.740852 2.388869 58.041794 0.371270 0.650166 0.662904 0.801686 0.938036 2 33 0.991855 34 0.008145
ring
  33 -24.764809 2.396417 58.047653 -0.067511 0.706622 0.704364 0.801654 0.939041 2 33 0.879115 34 0.120885
  33 -24.786789 2.388651 58.037968 -0.490434 0.638232 0.593410 0.801456 0.939725 2 33 0.879115 34 0.120885
  33 -24.766291 2.341143 58.103760 -0.015399 0.400141 0.916324 0.794471 0.939041 2 33 0.884945 34 0.115055
ring
  33 -24.763271 2.449612 57.995197 -0.073834 0.858827 0.506918 0.808662 0.939041 2 33 0.879115 34 0.120885
  33 -24.764809 2.396417 58.047653 -0.067511 0.706622 0.704364 0.801654 0.939041 2 33 0.879115 34 0.120885
  33 -24.740852 2.388869 58.041794 0.371270 0.650166 0.662904 0.801686 0.938036 2 33 0.991855 34 0.008145
ring
  33 -24.786789 2.388651 58.037968 -0.490434 0.638232 0.593410 0.801456 0.939725 2 33 0.879115 34 0.120885
  33 -24.764809 2.396417 58.047653 -0.067511 0.706622 0.704364 0.801654 0.939041 2 33 0.879115 34 0.120885
  33 -24.763271 2.449612 57.995197 -0.073834 0.858827 0.506918 0.808662 0.939041 2 33 0.879115 34 0.120885
ring
  33 -24.739725 2.440525 57.991508 0.379496 0.782135 0.494214 0.808764 0.938036 2 33 0.879115 34 0.120885
  33 -24.763271 2.449612 57.995197 -0.073834 0.858827 0.506918 0.808662 0.939041 2 33 0.879115 34 0.120885
  33 -24.740852 2.388869 58.041794 0.371270 0.650166 0.662904 0.801686 0.938036 2 33 0.991855 34 0.008145
ring
  33 -24.785110 2.438515 57.988152 -0.515135 0.745736 0.422509 0.808317 0.939725 2 33 0.879115 34 0.120885
  33 -24.786789 2.388651 58.037968 -0.490434 0.638232 0.593410 0.801456 0.939725 2 33 0.879115 34 0.120885
  33 -24.763271 2.449612 57.995197 -0.073834 0.858827 0.506918 0.808662 0.939041 2 33 0.879115 34 0.120885
ring
  33 -24.754480 2.493440 57.846729 -0.045202 0.998540 0.029583 0.822842 0.939041 2 33 0.883059 34 0.116941
  33 -24.763271 2.449612 57.995197 -0.073834 0.858827 0.506918 0.808662 0.939041 2 33 0.879115 34 0.120885
  33 -24.739725 2.440525 57.991508 0.379496 0.782135 0.494214 0.808764 0.938036 2 33 0.879115 34 0.120885
ring
  33 -24.785110 2.438515 57.988152 -0.515135 0.745736 0.422509 0.808317 0.939725 2 33 0.879115 34 0.120885
  33 -24.763271 2.449612 57.995197 -0.073834 0.858827 0.506918 0.808662 0.939041 2 33 0.879115 34 0.120885
  33 -24.754480 2.493440 57.846729 -0.045202 0.998540 0.029583 0.822842 0.939041 2 33 0.883059 34 0.116941
ring
  33 -24.732388 2.483023 57.848736 0.420262 0.904826 0.068334 0.822939 0.938036 2 33 0.991855 34 0.008145
  33 -24.754480 2.493440 57.846729 -0.045202 0.998540 0.029583 0.822842 0.939041 2 33 0.883059 34 0.116941
  33 -24.739725 2.440525 57.991508 0.379496 0.782135 0.494214 0.808764 0.938036 2 33 0.879115 34 0.120885
ring
  33 -24.776649 2.480523 57.845863 -0.506725 0.862080 0.006894 0.822451 0.939725 2 33 0.883059 34 0.116941
  33 -24.785110 2.438515 57.988152 -0.515135 0.745736 0.422509 0.808317 0.939725 2 33 0.879115 34 0.120885
  33 -24.754480 2.493440 57.846729 -0.045202 0.998540 0.029583 0.822842 0.939041 2 33 0.883059 34 0.116941
ring
  33 -24.776649 2.480523 57.845863 -0.506725 0.862080 0.006894 0.822451 0.939725 2 33 0.883059 34 0.116941
  33 -24.754480 2.493440 57.846729 -0.045202 0.998540 0.029583 0.822842 0.939041 2 33 0.883059 34 0.116941
  33 -24.743374 2.461089 57.695053 -0.485246 0.847220 -0.216228 0.838090 0.939041 2 33 0.986111 34 0.013889
ring
  33 -24.743374 2.461089 57.695053 -0.027751 0.882276 -0.469915 0.838090 0.939041 2 33 0.986111 34 0.013889
  33 -24.754480 2.493440 57.846729 -0.045202 0.998540 0.029583 0.822842 0.939041 2 33 0.883059 34 0.116941
  33 -24.732388 2.483023 57.848736 0.420262 0.904826 0.068334 0.822939 0.938036 2 33 0.991855 34 0.008145
ring
  33 -24.763725 2.448926 57.701057 -0.550884 0.725581 -0.412382 0.837680 0.939725 2 33 0.833333 34 0.166667
  33 -24.776649 2.480523 57.845863 -0.506725 0.862080 0.006894 0.822451 0.939725 2 33 0.883059 34 0.116941
  33 -24.743374 2.461089 57.695053 -0.027751 0.882276 -0.469915 0.838090 0.939041 2 33 0.986111 34 0.013889
ring
  33 -24.720644 2.451632 57.703705 0.470884 0.808124 -0.353841 0.838212 0.938036 2 33 0.986111 34 0.013889
  33 -24.743374 2.461089 57.695053 -0.027751 0.882276 -0.469915 0.838090 0.939041 2 33 0.986111 34 0.013889
  33 -24.732388 2.483023 57.848736 0.420262 0.904826 0.068334 0.822939 0.938036 2 33 0.991855 34 0.008145
ring
  33 -24.763725 2.448926 57.701057 -0.550884 0.725581 -0.412382 0.837680 0.939725 2 33 0.833333 34 0.166667
  33 -24.743374 2.461089 57.695053 -0.027751 0.882276 -0.469915 0.838090 0.939041 2 33 0.986111 34 0.013889
  33 -24.730371 2.360542 57.581413 -0.481016 0.445262 -0.755226 0.854579 0.939041 2 33 0.991855 34 0.008145
ring
  33 -24.730371 2.360542 57.581413 0.532044 0.494217 -0.687516 0.854579 0.939041 2 33 0.991855 34 0.008145
  33 -24.743374 2.461089 57.695053 -0.027751 0.882276 -0.469915 0.838090 0.939041 2 33 0.986111 34 0.013889
  33 -24.720644 2.451632 57.703705 0.470884 0.808124 -0.353841 0.838212 0.938036 2 33 0.986111 34 0.013889
ring
  33 -24.753557 2.353051 57.591621 -0.478094 0.458393 -0.749201 0.854177 0.939725 2 33 0.991855 34 0.008145
  33 -24.763725 2.448926 57.701057 -0.550884 0.725581 -0.412382 0.837680 0.939725 2 33 0.833333 34 0.166667
  33 -24.730371 2.360542 57.581413 -0.481016 0.445262 -0.755226 0.854579 0.939041 2 33 0.991855 34 0.008145
ring
  33 -24.708183 2.355259 57.594776 0.530631 0.504411 -0.681175 0.854761 0.938036 2 33 0.991855 34 0.008145
  33 -24.730371 2.360542 57.581413 0.532044 0.494217 -0.687516 0.854579 0.939041 2 33 0.991855 34 0.008145
  33 -24.720644 2.451632 57.703705 0.470884 0.808124 -0.353841 0.838212 0.938036 2 33 0.986111 34 0.013889
ring
  33 -24.753557 2.353051 57.591621 -0.478094 0.458393 -0.749201 0.854177 0.939725 2 33 0.991855 34 0.008145
  33 -24.730371 2.360542 57.581413 -0.481016 0.445262 -0.755226 0.854579 0.939041 2 33 0.991855 34 0.008145
  33 -24.719875 2.219083 57.535927 -0.455930 0.241586 -0.856600 0.872572 0.939041 2 33 0.991855 34 0.008145
ring
  33 -24.743513 2.217471 57.548050 -0.455996 0.241567 -0.856570 0.872572 0.939725 2 33 0.991855 34 0.008145
  33 -24.753557 2.353051 57.591621 -0.478094 0.458393 -0.749201 0.854177 0.939725 2 33 0.991855 34 0.008145
  33 -24.719875 2.219083 57.535927 -0.455930 0.241586 -0.856600 0.872572 0.939041 2 33 0.991855 34 0.008145
ring
  33 -24.719875 2.219083 57.535927 0.543245 0.293334 -0.786664 0.872572 0.939041 2 33 0.991855 34 0.008145
  33 -24.730371 2.360542 57.581413 0.532044 0.494217 -0.687516 0.854579 0.939041 2 33 0.991855 34 0.008145
  33 -24.708183 2.355259 57.594776 0.530631 0.504411 -0.681175 0.854761 0.938036 2 33 0.991855 34 0.008145
ring
  33 -24.698118 2.219678 57.551178 0.543179 0.293354 -0.786702 0.872572 0.938036 2 33 0.991855 34 0.008145
  33 -24.719875 2.219083 57.535927 0.543245 0.293334 -0.786664 0.872572 0.939041 2 33 0.991855 34 0.008145
  33 -24.708183 2.355259 57.594776 0.530631 0.504411 -0.681175 0.854761 0.938036 2 33 0.991855 34 0.008145
ring
  33 -24.735403 2.199560 58.090881 0.988244 0.059159 -0.140972 0.780944 0.938036 2 33 0.991855 34 0.008145
  33 -24.734734 2.199437 58.095528 0.988247 0.059118 -0.140968 0.780944 0.938036 2 33 0.991855 34 0.008145
  33 -24.726707 2.062732 58.082348 0.986072 0.139163 -0.091078 0.767355 0.938036 2 33 0.991855 34 0.008145
ring
  33 -24.734734 2.199437 58.095528 0.988247 0.059118 -0.140968 0.780944 0.938036 2 33 0.991855 34 0.008145
  33 -24.735403 2.199560 58.090881 0.988244 0.059159 -0.140972 0.780944 0.938036 2 33 0.991855 34 0.008145
  33 -24.741640 2.336746 58.092510 0.995217 -0.023149 -0.094907 0.794543 0.938036 2 33 0.991855 34 0.008145
ring
  33 -24.727573 2.066001 58.077991 0.986906 0.124885 -0.102074 0.767355 0.938036 2 33 0.991855 34 0.008145
  33 -24.735403 2.199560 58.090881 0.988244 0.059159 -0.140972 0.780944 0.938036 2 33 0.991855 34 0.008145
  33 -24.726707 2.062732 58.082348 0.986072 0.139163 -0.091078 0.767355 0.938036 2 33 0.991855 34 0.008145
ring
  33 -24.735403 2.199560 58.090881 0.988244 0.059159 -0.140972 0.780944 0.938036 2 33 0.991855 34 0.008145
  33 -24.742147 2.333722 58.087936 0.994459 -0.008165 -0.104808 0.794543 0.938036 2 33 0.991855 34 0.008145
  33 -24.741640 2.336746 58.092510 0.995217 -0.023149 -0.094907 0.794543 0.938036 2 33 0.991855 34 0.008145
ring
  33 -24.721439 2.018907 58.024780 0.981462 0.184773 -0.050909 0.760267 0.938036 2 33 0.991855 34 0.008145
  33 -24.727573 2.066001 58.077991 0.986906 0.124885 -0.102074 0.767355 0.938036 2 33 0.991855 34 0.008145
  33 -24.726707 2.062732 58.082348 0.986072 0.139163 -0.091078 0.767355 0.938036 2 33 0.991855 34 0.008145
ring
  33 -24.742147 2.333722 58.087936 0.994459 -0.008165 -0.104808 0.794543 0.938036 2 33 0.991855 34 0.008145
  33 -24.741371 2.384630 58.038376 0.995497 -0.074860 -0.058152 0.801686 0.938036 2 33 0.991855 34 0.008145
  33 -24.741640 2.336746 58.092510 0.995217 -0.023149 -0.094907 0.794543 0.938036 2 33 0.991855 34 0.008145
ring
  33 -24.720451 2.014530 58.027885 0.981484 0.184683 -0.050800 0.760267 0.938036 2 33 0.991855 34 0.008145
  33 -24.721439 2.018907 58.024780 0.981462 0.184773 -0.050909 0.760267 0.938036 2 33 0.991855 34 0.008145
  33 -24.726707 2.062732 58.082348 0.986072 0.139163 -0.091078 0.767355 0.938036 2 33 0.991855 34 0.008145
ring
  33 -24.741371 2.384630 58.038376 0.995497 -0.074860 -0.058152 0.801686 0.938036 2 33 0.991855 34 0.008145
  33 -24.740852 2.388869 58.041794 0.995504 -0.075072 -0.057762 0.801686 0.938036 2 33 0.991855 34 0.008145
  33 -24.741640 2.336746 58.092510 0.995217 -0.023149 -0.094907 0.794543 0.938036 2 33 0.991855 34 0.008145
ring
  33 -24.721439 2.018907 58.024780 0.981462 0.184773 -0.050909 0.760267 0.938036 2 33 0.991855 34 0.008145
  33 -24.720451 2.014530 58.027885 0.981484 0.184683 -0.050800 0.760267 0.938036 2 33 0.991855 34 0.008145
  33 -24.714178 1.966329 57.973427 0.979512 0.201314 -0.005408 0.753246 0.938036 2 33 0.991855 34 0.008145
ring
  33 -24.740852 2.388869 58.041794 0.995504 -0.075072 -0.057762 0.801686 0.938036 2 33 0.991855 34 0.008145
  33 -24.741371 2.384630 58.038376 0.995497 -0.074860 -0.058152 0.801686 0.938036 2 33 0.991855 34 0.008145
  33 -24.739725 2.440525 57.991508 0.995297 -0.095589 -0.015688 0.808764 0.938036 2 33 0.879115 34 0.120885
ring
  33 -24.715319 1.971838 57.971596 0.980009 0.198447 -0.014182 0.753246 0.938036 2 33 0.991855 34 0.008145
  33 -24.721439 2.018907 58.024780 0.981462 0.184773 -0.050909 0.760267 0.938036 2 33 0.991855 34 0.008145
  33 -24.714178 1.966329 57.973427 0.979512 0.201314 -0.005408 0.753246 0.938036 2 33 0.991855 34 0.008145
ring
  33 -24.741371 2.384630 58.038376 0.995497 -0.074860 -0.058152 0.801686 0.938036 2 33 0.991855 34 0.008145
  33 -24.740284 2.435098 57.989269 0.995432 -0.092510 -0.023577 0.808764 0.938036 2 33 0.879115 34 0.120885
  33 -24.739725 2.440525 57.991508 0.995297 -0.095589 -0.015688 0.808764 0.938036 2 33 0.879115 34 0.120885
ring
  33 -24.715319 1.971838 57.971596 0.980009 0.198447 -0.014182 0.753246 0.938036 2 33 0.991855 34 0.008145
  33 -24.714178 1.966329 57.973427 0.979512 0.201314 -0.005408 0.753246 0.938036 2 33 0.991855 34 0.008145
  33 -24.702724 1.934862 57.828472 0.976321 0.201931 0.077595 0.739136 0.938036 2 33 0.971655 34 0.028345
ring
  33 -24.739725 2.440525 57.991508 0.995297 -0.095589 -0.015688 0.808764 0.938036 2 33 0.879115 34 0.120885
  33 -24.740284 2.435098 57.989269 0.995432 -0.092510 -0.023577 0.808764 0.938036 2 33 0.879115 34 0.120885
  33 -24.732388 2.483023 57.848736 0.993023 -0.097587 0.066199 0.822939 0.938036 2 33 0.991855 34 0.008145
ring
  33 -24.704134 1.941087 57.829990 0.976583 0.204621 0.066455 0.739136 0.938036 2 33 0.971655 34 0.028345
  33 -24.715319 1.971838 57.971596 0.980009 0.198447 -0.014182 0.753246 0.938036 2 33 0.991855 34 0.008145
  33 -24.702724 1.934862 57.828472 0.976321 0.201931 0.077595 0.739136 0.938036 2 33 0.971655 34 0.028345
ring
  33 -24.740284 2.435098 57.989269 0.995432 -0.092510 -0.023577 0.808764 0.938036 2 33 0.879115 34 0.120885
  33 -24.733084 2.476607 57.849758 0.993495 -0.099308 0.055733 0.822939 0.938036 2 33 0.991855 34 0.008145
  33 -24.732388 2.483023 57.848736 0.993023 -0.097587 0.066199 0.822939 0.938036 2 33 0.991855 34 0.008145
ring
  33 -24.704134 1.941087 57.829990 0.976583 0.204621 0.066455 0.739136 0.938036 2 33 0.971655 34 0.028345
  33 -24.702724 1.934862 57.828472 0.976321 0.201931 0.077595 0.739136 0.938036 2 33 0.971655 34 0.028345
  33 -24.694820 1.977072 57.686020 0.975684 0.166626 0.142395 0.723944 0.938036 1 33 1.000000
ring
  33 -24.732388 2.483023 57.848736 0.993023 -0.097587 0.066199 0.822939 0.938036 2 33 0.991855 34 0.008145
  33 -24.733084 2.476607 57.849758 0.993495 -0.099308 0.055733 0.822939 0.938036 2 33 0.991855 34 0.008145
  33 -24.720644 2.451632 57.703705 0.988861 -0.067744 0.132533 0.838212 0.938036 2 33 0.986111 34 0.013889
ring
  33 -24.696409 1.982308 57.690784 0.975602 0.172747 0.135496 0.723944 0.938036 1 33 1.000000
  33 -24.704134 1.941087 57.829990 0.976583 0.204621 0.066455 0.739136 0.938036 2 33 0.971655 34 0.028345
  33 -24.694820 1.977072 57.686020 0.975684 0.166626 0.142395 0.723944 0.938036 1 33 1.000000
ring
  33 -24.733084 2.476607 57.849758 0.993495 -0.099308 0.055733 0.822939 0.938036 2 33 0.991855 34 0.008145
  33 -24.721622 2.445931 57.708084 0.989397 -0.073333 0.125362 0.838212 0.938036 2 33 0.986111 34 0.013889
  33 -24.720644 2.451632 57.703705 0.988861 -0.067744 0.132533 0.838212 0.938036 2 33 0.986111 34 0.013889
ring
  33 -24.696409 1.982308 57.690784 0.975602 0.172747 0.135496 0.723944 0.938036 1 33 1.000000
  33 -24.694820 1.977072 57.686020 0.975684 0.166626 0.142395 0.723944 0.938036 1 33 1.000000
  33 -24.693245 2.081244 57.584606 0.977945 0.109242 0.178019 0.707482 0.938036 2 33 0.991855 34 0.008145
ring
  33 -24.720644 2.451632 57.703705 0.988861 -0.067744 0.132533 0.838212 0.938036 2 33 0.986111 34 0.013889
  33 -24.721622 2.445931 57.708084 0.989397 -0.073333 0.125362 0.838212 0.938036 2 33 0.986111 34 0.013889
  33 -24.708183 2.355259 57.594776 0.984932 -0.014843 0.172302 0.854761 0.938036 2 33 0.991855 34 0.008145
ring
  33 -24.694853 2.084076 57.591705 0.977755 0.114198 0.175938 0.707482 0.938036 2 33 0.991855 34 0.008145
  33 -24.696409 1.982308 57.690784 0.975602 0.172747 0.135496 0.723944 0.938036 1 33 1.000000
  33 -24.693245 2.081244 57.584606 0.977945 0.109242 0.178019 0.707482 0.938036 2 33 0.991855 34 0.008145
ring
  33 -24.721622 2.445931 57.708084 0.989397 -0.073333 0.125362 0.838212 0.938036 2 33 0.986111 34 0.013889
  33 -24.709436 2.351798 57.601643 0.985266 -0.019831 0.169875 0.854761 0.938036 2 33 0.991855 34 0.008145
  33 -24.708183 2.355259 57.594776 0.984932 -0.014843 0.172302 0.854761 0.938036 2 33 0.991855 34 0.008145
ring
  33 -24.694853 2.084076 57.591705 0.977755 0.114198 0.175938 0.707482 0.938036 2 33 0.991855 34 0.008145
  33 -24.693245 2.081244 57.584606 0.977945 0.109242 0.178019 0.707482 0.938036 2 33 0.991855 34 0.008145
  33 -24.698118 2.219678 57.551178 0.978613 0.080362 0.189361 0.690008 0.938036 2 33 0.991855 34 0.008145
ring
  33 -24.699614 2.219336 57.559059 0.978616 0.080371 0.189344 0.690008 0.938036 2 33 0.991855 34 0.008145
  33 -24.694853 2.084076 57.591705 0.977755 0.114198 0.175938 0.707482 0.938036 2 33 0.991855 34 0.008145
  33 -24.698118 2.219678 57.551178 0.978613 0.080362 0.189361 0.690008 0.938036 2 33 0.991855 34 0.008145
ring
  33 -24.708183 2.355259 57.594776 0.984932 -0.014843 0.172302 0.854761 0.938036 2 33 0.991855 34 0.008145
  33 -24.709436 2.351798 57.601643 0.985266 -0.019831 0.169875 0.854761 0.938036 2 33 0.991855 34 0.008145
  33 -24.698118 2.219678 57.551178 0.982322 0.012602 0.186776 0.872572 0.938036 2 33 0.991855 34 0.008145
ring
  33 -24.709436 2.351798 57.601643 0.985266 -0.019831 0.169875 0.854761 0.938036 2 33 0.991855 34 0.008145
  33 -24.699614 2.219336 57.559059 0.982314 0.012576 0.186817 0.872572 0.938036 2 33 0.991855 34 0.008145
  33 -24.698118 2.219678 57.551178 0.982322 0.012602 0.186776 0.872572 0.938036 2 33 0.991855 34 0.008145
ring
  33 -24.701584 2.446949 57.709469 0.493833 -0.760576 0.421489 0.723944 0.938036 2 33 0.986111 34 0.013889
  33 -24.689411 2.352818 57.603039 0.477985 -0.454010 0.751934 0.707482 0.938036 2 33 0.991855 34 0.008145
  33 -24.666773 2.360118 57.593048 0.177400 -0.594549 0.784245 0.707812 0.939041 2 33 0.991855 34 0.008145
ring
  33 -24.689411 2.352818 57.603039 0.477985 -0.454010 0.751934 0.707482 0.938036 2 33 0.991855 34 0.008145
  33 -24.679592 2.220357 57.560455 0.455403 -0.241663 0.856859 0.690008 0.938036 2 33 0.991855 34 0.008145
  33 -24.656507 2.221934 57.548634 0.455453 -0.241633 0.856841 0.690008 0.939041 2 33 0.991855 34 0.008145
ring
  33 -24.666773 2.360118 57.593048 0.177400 -0.594549 0.784245 0.707812 0.939041 2 33 0.991855 34 0.008145
  33 -24.689411 2.352818 57.603039 0.477985 -0.454010 0.751934 0.707482 0.938036 2 33 0.991855 34 0.008145
  33 -24.656507 2.221934 57.548634 0.455453 -0.241633 0.856841 0.690008 0.939041 2 33 0.991855 34 0.008145
ring
  33 -24.679468 2.458335 57.704109 0.212179 -0.897138 0.387456 0.724200 0.939041 2 33 0.986111 34 0.013889
  33 -24.701584 2.446949 57.709469 0.493833 -0.760576 0.421489 0.723944 0.938036 2 33 0.986111 34 0.013889
  33 -24.666773 2.360118 57.593048 0.177400 -0.594549 0.784245 0.707812 0.939041 2 33 0.991855 34 0.008145
ring
  33 -24.713064 2.477629 57.851147 0.506949 -0.861960 -0.005220 0.739136 0.938036 2 33 0.991855 34 0.008145
  33 -24.701584 2.446949 57.709469 0.493833 -0.760576 0.421489 0.723944 0.938036 2 33 0.986111 34 0.013889
  33 -24.679468 2.458335 57.704109 0.212179 -0.897138 0.387456 0.724200 0.939041 2 33 0.986111 34 0.013889
ring
  33 -24.657248 2.449105 57.712551 -0.470302 -0.808352 0.354094 0.724744 0.939725 2 33 0.986111 34 0.013889
  33 -24.679468 2.458335 57.704109 -0.489663 -0.680212 0.545474 0.724200 0.939041 2 33 0.986111 34 0.013889
  33 -24.666773 2.360118 57.593048 0.177400 -0.594549 0.784245 0.707812 0.939041 2 33 0.991855 34 0.008145
ring
  33 -24.645081 2.354984 57.606106 -0.529842 -0.504917 0.681415 0.708359 0.939725 2 33 0.991855 34 0.008145
  33 -24.657248 2.449105 57.712551 -0.470302 -0.808352 0.354094 0.724744 0.939725 2 33 0.986111 34 0.013889
  33 -24.666773 2.360118 57.593048 0.177400 -0.594549 0.784245 0.707812 0.939041 2 33 0.991855 34 0.008145
ring
  33 -24.657248 2.449105 57.712551 -0.470302 -0.808352 0.354094 0.724744 0.939725 2 33 0.986111 34 0.013889
  33 -24.668734 2.479794 57.854218 -0.414890 -0.907243 -0.069106 0.739868 0.939725 2 33 0.991855 34 0.008145
  33 -24.679468 2.458335 57.704109 0.212179 -0.897138 0.387456 0.724200 0.939041 2 33 0.986111 34 0.013889
ring
  33 -24.668734 2.479794 57.854218 -0.414890 -0.907243 -0.069106 0.739868 0.939725 2 33 0.991855 34 0.008145
  33 -24.691429 2.490349 57.851906 -0.429584 -0.889128 0.157827 0.739356 0.939041 2 33 0.991855 34 0.008145
  33 -24.679468 2.458335 57.704109 0.212179 -0.897138 0.387456 0.724200 0.939041 2 33 0.986111 34 0.013889
ring
  33 -24.691429 2.490349 57.851906 0.236290 -0.966754 -0.097738 0.739356 0.939041 2 33 0.991855 34 0.008145
  33 -24.713064 2.477629 57.851147 0.506949 -0.861960 -0.005220 0.739136 0.938036 2 33 0.991855 34 0.008145
  33 -24.679468 2.458335 57.704109 0.212179 -0.897138 0.387456 0.724200 0.939041 2 33 0.986111 34 0.013889
ring
  33 -24.668734 2.479794 57.854218 -0.414890 -0.907243 -0.069106 0.739868 0.939725 2 33 0.991855 34 0.008145
  33 -24.676216 2.438699 57.993263 -0.379010 -0.791300 -0.479787 0.753920 0.939725 2 33 0.991855 34 0.008145
  33 -24.691429 2.490349 57.851906 0.236290 -0.966754 -0.097738 0.739356 0.939041 2 33 0.991855 34 0.008145
ring
  33 -24.720552 2.436534 57.990192 0.517247 -0.739342 -0.431079 0.753246 0.938036 2 33 0.991855 34 0.008145
  33 -24.713064 2.477629 57.851147 0.506949 -0.861960 -0.005220 0.739136 0.938036 2 33 0.991855 34 0.008145
  33 -24.691429 2.490349 57.851906 0.236290 -0.966754 -0.097738 0.739356 0.939041 2 33 0.991855 34 0.008145
ring
  33 -24.645081 2.354984 57.606106 -0.529842 -0.504917 0.681415 0.708359 0.939725 2 33 0.991855 34 0.008145
  33 -24.666773 2.360118 57.593048 -0.543152 -0.293293 0.786743 0.707812 0.939041 2 33 0.991855 34 0.008145
  33 -24.656507 2.221934 57.548634 -0.542350 -0.293434 0.787244 0.690008 0.939041 2 33 0.991855 34 0.008145
ring
  33 -24.635355 2.222590 57.563446 -0.542236 -0.293454 0.787315 0.690008 0.939725 1 33 1.000000
  33 -24.645081 2.354984 57.606106 -0.529842 -0.504917 0.681415 0.708359 0.939725 2 33 0.991855 34 0.008145
  33 -24.656507 2.221934 57.548634 -0.542350 -0.293434 0.787244 0.690008 0.939041 2 33 0.991855 34 0.008145
ring
  33 -24.699247 2.447486 57.996967 0.081256 -0.859897 -0.503960 0.753467 0.939041 2 33 0.991855 34 0.008145
  33 -24.720552 2.436534 57.990192 0.517247 -0.739342 -0.431079 0.753246 0.938036 2 33 0.991855 34 0.008145
  33 -24.691429 2.490349 57.851906 0.236290 -0.966754 -0.097738 0.739356 0.939041 2 33 0.991855 34 0.008145
ring
  33 -24.676216 2.438699 57.993263 -0.379010 -0.791300 -0.479787 0.753920 0.939725 2 33 0.991855 34 0.008145
  33 -24.699247 2.447486 57.996967 0.081256 -0.859897 -0.503960 0.753467 0.939041 2 33 0.991855 34 0.008145
  33 -24.691429 2.490349 57.851906 0.236290 -0.966754 -0.097738 0.739356 0.939041 2 33 0.991855 34 0.008145
ring
  33 -24.721331 2.385626 58.039753 0.535355 -0.600164 -0.594305 0.760267 0.938036 2 33 0.991855 34 0.008145
  33 -24.720552 2.436534 57.990192 0.517247 -0.739342 -0.431079 0.753246 0.938036 2 33 0.991855 34 0.008145
  33 -24.699247 2.447486 57.996967 0.081256 -0.859897 -0.503960 0.753467 0.939041 2 33 0.991855 34 0.008145
ring
  33 -24.676216 2.438699 57.993263 -0.379010 -0.791300 -0.479787 0.753920 0.939725 2 33 0.991855 34 0.008145
  33 -24.676739 2.387611 58.045868 -0.332433 -0.679572 -0.653964 0.761162 0.939725 2 33 0.991855 34 0.008145
  33 -24.699247 2.447486 57.996967 0.081256 -0.859897 -0.503960 0.753467 0.939041 2 33 0.991855 34 0.008145
ring
  33 -24.699924 2.394278 58.050274 0.118484 -0.703772 -0.700476 0.760646 0.939041 2 33 0.991855 34 0.008145
  33 -24.721331 2.385626 58.039753 0.535355 -0.600164 -0.594305 0.760267 0.938036 2 33 0.991855 34 0.008145
  33 -24.699247 2.447486 57.996967 0.081256 -0.859897 -0.503960 0.753467 0.939041 2 33 0.991855 34 0.008145
ring
  33 -24.676739 2.387611 58.045868 -0.332433 -0.679572 -0.653964 0.761162 0.939725 2 33 0.991855 34 0.008145
  33 -24.699924 2.394278 58.050274 0.118484 -0.703772 -0.700476 0.760646 0.939041 2 33 0.991855 34 0.008145
  33 -24.699247 2.447486 57.996967 0.081256 -0.859897 -0.503960 0.753467 0.939041 2 33 0.991855 34 0.008145
ring
  33 -24.699924 2.394278 58.050274 0.118484 -0.703772 -0.700476 0.760646 0.939041 2 33 0.991855 34 0.008145
  33 -24.700882 2.342254 58.102417 0.146518 -0.393023 -0.907781 0.767462 0.939041 2 33 0.991855 34 0.008145
  33 -24.721331 2.385626 58.039753 0.535355 -0.600164 -0.594305 0.760267 0.938036 2 33 0.991855 34 0.008145
ring
  33 -24.700882 2.342254 58.102417 0.146518 -0.393023 -0.907781 0.767462 0.939041 2 33 0.991855 34 0.008145
  33 -24.699924 2.394278 58.050274 0.118484 -0.703772 -0.700476 0.760646 0.939041 2 33 0.991855 34 0.008145
  33 -24.676739 2.387611 58.045868 -0.332433 -0.679572 -0.653964 0.761162 0.939725 2 33 0.991855 34 0.008145
ring
  33 -24.700882 2.342254 58.102417 0.146518 -0.393023 -0.907781 0.767462 0.939041 2 33 0.991855 34 0.008145
  33 -24.722111 2.334718 58.089310 0.575326 -0.292742 -0.763742 0.767355 0.938036 2 33 0.991855 34 0.008145
  33 -24.721331 2.385626 58.039753 0.535355 -0.600164 -0.594305 0.760267 0.938036 2 33 0.991855 34 0.008145
ring
  33 -24.715342 2.200557 58.092266 0.520513 0.058094 -0.851875 0.780944 0.938036 2 33 0.991855 34 0.008145
  33 -24.722111 2.334718 58.089310 0.575326 -0.292742 -0.763742 0.767355 0.938036 2 33 0.991855 34 0.008145
  33 -24.700882 2.342254 58.102417 0.146518 -0.393023 -0.907781 0.767462 0.939041 2 33 0.991855 34 0.008145
ring
  33 -24.677750 2.338816 58.096279 -0.308041 -0.488764 -0.816223 0.767800 0.939725 2 33 0.991855 34 0.008145
  33 -24.700882 2.342254 58.102417 0.146518 -0.393023 -0.907781 0.767462 0.939041 2 33 0.991855 34 0.008145
  33 -24.676739 2.387611 58.045868 -0.332433 -0.679572 -0.653964 0.761162 0.939725 2 33 0.991855 34 0.008145
ring
  33 -24.677750 2.338816 58.096279 -0.308041 -0.488764 -0.816223 0.767800 0.939725 2 33 0.991855 34 0.008145
  33 -24.676739 2.387611 58.045868 -0.332433 -0.679572 -0.653964 0.761162 0.939725 2 33 0.991855 34 0.008145
  33 -24.640724 2.321784 58.095432 -0.351075 -0.605294 -0.714398 0.769631 0.941586 2 33 0.991855 34 0.008145
ring
  33 -24.677750 2.338816 58.096279 -0.308041 -0.488764 -0.816223 0.767800 0.939725 2 33 0.991855 34 0.008145
  33 -24.670725 2.202699 58.096680 -0.344834 0.013764 -0.938563 0.781063 0.939725 2 33 0.991855 34 0.008145
  33 -24.700882 2.342254 58.102417 0.146518 -0.393023 -0.907781 0.767462 0.939041 2 33 0.991855 34 0.008145
ring
  33 -24.479000 2.212354 58.103039 0.364349 -0.205163 -0.908382 0.781501 0.948553 1 33 1.000000
  33 -24.640724 2.321784 58.095432 -0.351075 -0.605294 -0.714398 0.769631 0.941586 2 33 0.991855 34 0.008145
  33 -24.659266 2.354396 58.078621 -0.413298 -0.716420 -0.562073 0.765942 0.940939 2 33 0.991855 34 0.008145
ring
  33 -24.454926 2.213233 58.113213 -0.116895 -0.483553 -0.867475 0.781562 0.949816 1 33 1.000000
  33 -24.659266 2.354396 58.078621 -0.413298 -0.716420 -0.562073 0.765942 0.940939 2 33 0.991855 34 0.008145
  33 -24.676739 2.387611 58.045868 -0.332433 -0.679572 -0.653964 0.761162 0.939725 2 33 0.991855 34 0.008145
ring
  33 -24.424335 2.214913 58.108791 0.456789 -0.465539 -0.758035 0.781634 0.951335 2 33 0.997284 31 0.002716
  33 -24.454926 2.213233 58.113213 -0.116895 -0.483553 -0.867475 0.781562 0.949816 1 33 1.000000
  33 -24.676739 2.387611 58.045868 -0.332433 -0.679572 -0.653964 0.761162 0.939725 2 33 0.991855 34 0.008145
ring
  33 -24.454926 2.213233 58.113213 0.386868 0.061609 -0.920075 0.781562 0.949816 1 33 1.000000
  33 -24.642786 2.053530 58.065453 0.388652 -0.186727 -0.902265 0.796503 0.940553 2 33 0.991855 34 0.008145
  33 -24.479000 2.212354 58.103039 0.364349 -0.205163 -0.908382 0.781501 0.948553 1 33 1.000000
ring
  33 -24.454926 2.213233 58.113213 0.386868 0.061609 -0.920075 0.781562 0.949816 1 33 1.000000
  33 -24.479000 2.212354 58.103039 0.332208 0.324614 -0.885587 0.781501 0.948553 1 33 1.000000
  33 -24.659266 2.354396 58.078621 0.361011 0.306700 -0.880685 0.765942 0.940939 2 33 0.991855 34 0.008145
ring
  33 -24.642786 2.053530 58.065453 -0.488941 0.708856 -0.508390 0.796503 0.940553 2 33 0.991855 34 0.008145
  33 -24.627958 2.087677 58.086746 -0.422942 0.628554 -0.652717 0.792681 0.941277 2 33 0.991855 34 0.008145
  33 -24.479000 2.212354 58.103039 0.332208 0.324614 -0.885587 0.781501 0.948553 1 33 1.000000
ring
  33 -24.656506 2.019986 58.028252 0.881281 -0.262378 -0.393066 0.801456 0.939725 2 33 0.991855 34 0.008145
  33 -24.424335 2.214913 58.108791 0.456789 -0.465539 -0.758035 0.781634 0.951335 2 33 0.997284 31 0.002716
  33 -24.418755 2.215026 58.113686 0.599109 -0.434925 -0.672242 0.781634 0.951335 2 33 0.997284 31 0.002716
ring
  33 -24.656397 2.015518 58.031258 0.945099 -0.166167 -0.281383 0.801456 0.939725 2 33 0.991855 34 0.008145
  33 -24.656506 2.019986 58.028252 0.881281 -0.262378 -0.393066 0.801456 0.939725 2 33 0.991855 34 0.008145
  33 -24.418755 2.215026 58.113686 0.599109 -0.434925 -0.672242 0.781634 0.951335 2 33 0.997284 31 0.002716
ring
  33 -24.627958 2.087677 58.086746 0.905294 -0.422199 0.046793 0.792681 0.941277 2 33 0.991855 34 0.008145
  33 -24.642786 2.053530 58.065453 0.905294 -0.422199 0.046793 0.796503 0.940553 2 33 0.991855 34 0.008145
  33 -24.656506 2.019986 58.028252 0.881281 -0.262378 -0.393066 0.801456 0.939725 2 33 0.991855 34 0.008145
ring
  33 -24.656506 2.019986 58.028252 0.881281 -0.262378 -0.393066 0.801456 0.939725 2 33 0.991855 34 0.008145
  33 -24.656397 2.015518 58.031258 0.945099 -0.166167 -0.281383 0.801456 0.939725 2 33 0.991855 34 0.008145
  33 -24.650682 1.969450 57.977829 0.996120 0.063609 0.060817 0.808317 0.939725 2 33 0.991855 34 0.008145
ring
  33 -24.650928 1.974999 57.976048 0.996229 0.063143 0.059510 0.808317 0.939725 2 33 0.991855 34 0.008145
  33 -24.656506 2.019986 58.028252 0.881281 -0.262378 -0.393066 0.801456 0.939725 2 33 0.991855 34 0.008145
  33 -24.650682 1.969450 57.977829 0.996120 0.063609 0.060817 0.808317 0.939725 2 33 0.991855 34 0.008145
ring
  33 -24.650928 1.974999 57.976048 0.996229 0.063143 0.059510 0.808317 0.939725 2 33 0.991855 34 0.008145
  33 -24.650682 1.969450 57.977829 0.996120 0.063609 0.060817 0.808317 0.939725 2 33 0.991855 34 0.008145
  33 -24.638933 1.938151 57.832706 0.995521 0.063894 0.069680 0.822451 0.939725 1 33 1.000000
ring
  33 -24.639444 1.944416 57.834270 0.995564 0.063987 0.068975 0.822451 0.939725 1 33 1.000000
  33 -24.650928 1.974999 57.976048 0.996229 0.063143 0.059510 0.808317 0.939725 2 33 0.991855 34 0.008145
  33 -24.638933 1.938151 57.832706 0.995521 0.063894 0.069680 0.822451 0.939725 1 33 1.000000
ring
  33 -24.639444 1.944416 57.834270 0.995564 0.063987 0.068975 0.822451 0.939725 1 33 1.000000
  33 -24.638933 1.938151 57.832706 0.995521 0.063894 0.069680 0.822451 0.939725 1 33 1.000000
  33 -24.631342 1.980212 57.690388 0.995498 0.059824 0.073515 0.837680 0.939725 1 33 1.000000
ring
  33 -24.632017 1.985515 57.695225 0.995503 0.060294 0.073058 0.837680 0.939725 1 33 1.000000
  33 -24.639444 1.944416 57.834270 0.995564 0.063987 0.068975 0.822451 0.939725 1 33 1.000000
  33 -24.631342 1.980212 57.690388 0.995498 0.059824 0.073515 0.837680 0.939725 1 33 1.000000
ring
  33 -24.632017 1.985515 57.695225 0.995503 0.060294 0.073058 0.837680 0.939725 1 33 1.000000
  33 -24.631342 1.980212 57.690388 0.995498 0.059824 0.073515 0.837680 0.939725 1 33 1.000000
  33 -24.629786 2.084435 57.588913 0.995215 0.057683 0.078865 0.854177 0.939725 1 33 1.000000
ring
  33 -24.630524 2.087332 57.596104 0.995197 0.058194 0.078721 0.854177 0.939725 1 33 1.000000
  33 -24.632017 1.985515 57.695225 0.995503 0.060294 0.073058 0.837680 0.939725 1 33 1.000000
  33 -24.629786 2.084435 57.588913 0.995215 0.057683 0.078865 0.854177 0.939725 1 33 1.000000
ring
  33 -24.630524 2.087332 57.596104 0.995197 0.058194 0.078721 0.854177 0.939725 1 33 1.000000
  33 -24.629786 2.084435 57.588913 0.995215 0.057683 0.078865 0.854177 0.939725 1 33 1.000000
  33 -24.634733 2.222893 57.555500 0.995295 0.054643 0.080018 0.872572 0.939725 1 33 1.000000
ring
  33 -24.635355 2.222590 57.563446 0.995296 0.054625 0.080018 0.872572 0.939725 1 33 1.000000
  33 -24.630524 2.087332 57.596104 0.995197 0.058194 0.078721 0.854177 0.939725 1 33 1.000000
  33 -24.634733 2.222893 57.555500 0.995295 0.054643 0.080018 0.872572 0.939725 1 33 1.000000
ring
  33 -24.656506 2.019986 58.028252 -0.412309 0.682029 -0.604018 0.801456 0.939725 2 33 0.991855 34 0.008145
  33 -24.642786 2.053530 58.065453 -0.488941 0.708856 -0.508390 0.796503 0.940553 2 33 0.991855 34 0.008145
  33 -24.454926 2.213233 58.113213 -0.168465 0.538310 -0.825737 0.781562 0.949816 1 33 1.000000
ring
  33 -24.424335 2.214913 58.108791 0.393090 0.579636 -0.713794 0.781634 0.951335 2 33 0.997284 31 0.002716
  33 -24.656506 2.019986 58.028252 -0.412309 0.682029 -0.604018 0.801456 0.939725 2 33 0.991855 34 0.008145
  33 -24.454926 2.213233 58.113213 -0.168465 0.538310 -0.825737 0.781562 0.949816 1 33 1.000000
ring
  33 -24.424335 2.214913 58.108791 0.393090 0.579636 -0.713794 0.781634 0.951335 2 33 0.997284 31 0.002716
  33 -24.676739 2.387611 58.045868 0.846967 0.390501 -0.360771 0.761162 0.939725 2 33 0.991855 34 0.008145
  33 -24.418755 2.215026 58.113686 0.539364 0.559913 -0.628954 0.781634 0.951335 2 33 0.997284 31 0.002716
ring
  33 -24.676739 2.387611 58.045868 0.846967 0.390501 -0.360771 0.761162 0.939725 2 33 0.991855 34 0.008145
  33 -24.677095 2.391784 58.049290 0.916159 0.298263 -0.267752 0.761162 0.939725 2 33 0.991855 34 0.008145
  33 -24.418755 2.215026 58.113686 0.539364 0.559913 -0.628954 0.781634 0.951335 2 33 0.997284 31 0.002716
ring
  33 -24.676739 2.387611 58.045868 0.846967 0.390501 -0.360771 0.761162 0.939725 2 33 0.991855 34 0.008145
  33 -24.659266 2.354396 58.078621 0.849334 0.522247 0.076745 0.765942 0.940939 2 33 0.991855 34 0.008145
  33 -24.640724 2.321784 58.095432 0.849334 0.522247 0.076745 0.769631 0.941586 2 33 0.991855 34 0.008145
ring
  33 -24.677095 2.391784 58.049290 0.916159 0.298263 -0.267752 0.761162 0.939725 2 33 0.991855 34 0.008145
  33 -24.676739 2.387611 58.045868 0.846967 0.390501 -0.360771 0.761162 0.939725 2 33 0.991855 34 0.008145
  33 -24.676565 2.444087 57.995441 0.997411 0.040680 0.059292 0.753920 0.939725 2 33 0.991855 34 0.008145
ring
  33 -24.676739 2.387611 58.045868 0.846967 0.390501 -0.360771 0.761162 0.939725 2 33 0.991855 34 0.008145
  33 -24.676216 2.438699 57.993263 0.997461 0.041195 0.058088 0.753920 0.939725 2 33 0.991855 34 0.008145
  33 -24.676565 2.444087 57.995441 0.997411 0.040680 0.059292 0.753920 0.939725 2 33 0.991855 34 0.008145
ring
  33 -24.676565 2.444087 57.995441 0.997411 0.040680 0.059292 0.753920 0.939725 2 33 0.991855 34 0.008145
  33 -24.676216 2.438699 57.993263 0.997461 0.041195 0.058088 0.753920 0.939725 2 33 0.991855 34 0.008145
  33 -24.668898 2.486144 57.853115 0.996887 0.037828 0.069169 0.739868 0.939725 2 33 0.991855 34 0.008145
ring
  33 -24.676216 2.438699 57.993263 0.997461 0.041195 0.058088 0.753920 0.939725 2 33 0.991855 34 0.008145
  33 -24.668734 2.479794 57.854218 0.996959 0.037848 0.068123 0.739868 0.939725 2 33 0.991855 34 0.008145
  33 -24.668898 2.486144 57.853115 0.996887 0.037828 0.069169 0.739868 0.939725 2 33 0.991855 34 0.008145
ring
  33 -24.668898 2.486144 57.853115 0.996887 0.037828 0.069169 0.739868 0.939725 2 33 0.991855 34 0.008145
  33 -24.668734 2.479794 57.854218 0.996959 0.037848 0.068123 0.739868 0.939725 2 33 0.991855 34 0.008145
  33 -24.657146 2.454740 57.708138 0.996369 0.040959 0.074640 0.724744 0.939725 2 33 0.986111 34 0.013889
ring
  33 -24.668734 2.479794 57.854218 0.996959 0.037848 0.068123 0.739868 0.939725 2 33 0.991855 34 0.008145
  33 -24.657248 2.449105 57.712551 0.996420 0.040688 0.074107 0.724744 0.939725 2 33 0.986111 34 0.013889
  33 -24.657146 2.454740 57.708138 0.996369 0.040959 0.074640 0.724744 0.939725 2 33 0.986111 34 0.013889
ring
  33 -24.657146 2.454740 57.708138 0.996369 0.040959 0.074640 0.724744 0.939725 2 33 0.986111 34 0.013889
  33 -24.657248 2.449105 57.712551 0.996420 0.040688 0.074107 0.724744 0.939725 2 33 0.986111 34 0.013889
  33 -24.644703 2.358406 57.599171 0.996003 0.045822 0.076672 0.708359 0.939725 2 33 0.991855 34 0.008145
ring
  33 -24.657248 2.449105 57.712551 0.996420 0.040688 0.074107 0.724744 0.939725 2 33 0.986111 34 0.013889
  33 -24.645081 2.354984 57.606106 0.996032 0.045465 0.076499 0.708359 0.939725 2 33 0.991855 34 0.008145
  33 -24.644703 2.358406 57.599171 0.996003 0.045822 0.076672 0.708359 0.939725 2 33 0.991855 34 0.008145
ring
  33 -24.644703 2.358406 57.599171 0.996003 0.045822 0.076672 0.708359 0.939725 2 33 0.991855 34 0.008145
  33 -24.645081 2.354984 57.606106 0.996032 0.045465 0.076499 0.708359 0.939725 2 33 0.991855 34 0.008145
  33 -24.634733 2.222893 57.555500 0.564719 0.290505 -0.772463 0.690008 0.939725 1 33 1.000000
ring
  33 -24.645081 2.354984 57.606106 0.996032 0.045465 0.076499 0.708359 0.939725 2 33 0.991855 34 0.008145
  33 -24.635355 2.222590 57.563446 0.995690 0.047413 0.079704 0.690008 0.939725 1 33 1.000000
  33 -24.634733 2.222893 57.555500 0.995690 0.047413 0.079704 0.690008 0.939725 1 33 1.000000
ring
  33 -24.644703 2.358406 57.599171 0.529842 0.505006 -0.681349 0.708359 0.939725 2 33 0.991855 34 0.008145
  33 -24.634733 2.222893 57.555500 0.564719 0.290505 -0.772463 0.690008 0.939725 1 33 1.000000
  33 -24.656397 2.222229 57.540321 0.542413 0.293580 -0.787146 0.690008 0.939041 2 33 0.991855 34 0.008145
ring
  33 -24.666897 2.363662 57.585804 0.030913 0.543294 -0.838973 0.707812 0.939041 2 33 0.991855 34 0.008145
  33 -24.644703 2.358406 57.599171 0.529842 0.505006 -0.681349 0.708359 0.939725 2 33 0.991855 34 0.008145
  33 -24.656397 2.222229 57.540321 0.542413 0.293580 -0.787146 0.690008 0.939041 2 33 0.991855 34 0.008145
ring
  33 -24.657146 2.454740 57.708138 0.470847 0.808183 -0.353756 0.724744 0.939725 2 33 0.986111 34 0.013889
  33 -24.644703 2.358406 57.599171 0.529842 0.505006 -0.681349 0.708359 0.939725 2 33 0.991855 34 0.008145
  33 -24.666897 2.363662 57.585804 0.030913 0.543294 -0.838973 0.707812 0.939041 2 33 0.991855 34 0.008145
ring
  33 -24.679897 2.464195 57.699459 -0.011829 0.887730 -0.460212 0.724200 0.939041 2 33 0.986111 34 0.013889
  33 -24.657146 2.454740 57.708138 0.470847 0.808183 -0.353756 0.724744 0.939725 2 33 0.986111 34 0.013889
  33 -24.666897 2.363662 57.585804 0.030913 0.543294 -0.838973 0.707812 0.939041 2 33 0.991855 34 0.008145
ring
  33 -24.668898 2.486144 57.853115 0.414496 0.907426 0.069072 0.739868 0.939725 2 33 0.991855 34 0.008145
  33 -24.657146 2.454740 57.708138 0.470847 0.808183 -0.353756 0.724744 0.939725 2 33 0.986111 34 0.013889
  33 -24.679897 2.464195 57.699459 -0.011829 0.887730 -0.460212 0.724200 0.939041 2 33 0.986111 34 0.013889
ring
  33 -24.679897 2.464195 57.699459 -0.011829 0.887730 -0.460212 0.724200 0.939041 2 33 0.986111 34 0.013889
  33 -24.666897 2.363662 57.585804 0.030913 0.543294 -0.838973 0.707812 0.939041 2 33 0.991855 34 0.008145
  33 -24.702518 2.452543 57.704971 -0.494324 0.760342 -0.421336 0.723944 0.938036 2 33 0.986111 34 0.013889
ring
  33 -24.666897 2.363662 57.585804 0.030913 0.543294 -0.838973 0.707812 0.939041 2 33 0.991855 34 0.008145
  33 -24.690060 2.356199 57.596031 -0.478262 0.454018 -0.751753 0.707482 0.938036 2 33 0.991855 34 0.008145
  33 -24.702518 2.452543 57.704971 -0.494324 0.760342 -0.421336 0.723944 0.938036 2 33 0.986111 34 0.013889
ring
  33 -24.666897 2.363662 57.585804 0.030913 0.543294 -0.838973 0.707812 0.939041 2 33 0.991855 34 0.008145
  33 -24.656397 2.222229 57.540321 -0.455558 0.241854 -0.856722 0.690008 0.939041 2 33 0.991855 34 0.008145
  33 -24.690060 2.356199 57.596031 -0.478262 0.454018 -0.751753 0.707482 0.938036 2 33 0.991855 34 0.008145
ring
  33 -24.656397 2.222229 57.540321 -0.455558 0.241854 -0.856722 0.690008 0.939041 2 33 0.991855 34 0.008145
  33 -24.680016 2.220618 57.552425 -0.455480 0.241895 -0.856752 0.690008 0.938036 2 33 0.991855 34 0.008145
  33 -24.690060 2.356199 57.596031 -0.478262 0.454018 -0.751753 0.707482 0.938036 2 33 0.991855 34 0.008145
ring
  33 -24.679897 2.464195 57.699459 -0.011829 0.887730 -0.460212 0.724200 0.939041 2 33 0.986111 34 0.013889
  33 -24.702518 2.452543 57.704971 -0.494324 0.760342 -0.421336 0.723944 0.938036 2 33 0.986111 34 0.013889
  33 -24.714266 2.483937 57.849991 -0.507270 0.861771 0.005275 0.739136 0.938036 2 33 0.991855 34 0.008145
ring
  33 -24.692162 2.496948 57.850758 -0.051598 0.998301 0.027074 0.739356 0.939041 2 33 0.991855 34 0.008145
  33 -24.668898 2.486144 57.853115 0.414496 0.907426 0.069072 0.739868 0.939725 2 33 0.991855 34 0.008145
  33 -24.679897 2.464195 57.699459 -0.011829 0.887730 -0.460212 0.724200 0.939041 2 33 0.986111 34 0.013889
ring
  33 -24.692162 2.496948 57.850758 -0.051598 0.998301 0.027074 0.739356 0.939041 2 33 0.991855 34 0.008145
  33 -24.679897 2.464195 57.699459 -0.011829 0.887730 -0.460212 0.724200 0.939041 2 33 0.986111 34 0.013889
  33 -24.714266 2.483937 57.849991 -0.507270 0.861771 0.005275 0.739136 0.938036 2 33 0.991855 34 0.008145
ring
  33 -24.676565 2.444087 57.995441 0.378788 0.791391 0.479812 0.753920 0.939725 2 33 0.991855 34 0.008145
  33 -24.668898 2.486144 57.853115 0.414496 0.907426 0.069072 0.739868 0.939725 2 33 0.991855 34 0.008145
  33 -24.692162 2.496948 57.850758 -0.051598 0.998301 0.027074 0.739356 0.939041 2 33 0.991855 34 0.008145
ring
  33 -24.692162 2.496948 57.850758 -0.051598 0.998301 0.027074 0.739356 0.939041 2 33 0.991855 34 0.008145
  33 -24.714266 2.483937 57.849991 -0.507270 0.861771 0.005275 0.739136 0.938036 2 33 0.991855 34 0.008145
  33 -24.721939 2.441880 57.992325 -0.517237 0.739400 0.430990 0.753246 0.938036 2 33 0.991855 34 0.008145
ring
  33 -24.700172 2.453071 57.999256 -0.081405 0.859828 0.504052 0.753467 0.939041 2 33 0.991855 34 0.008145
  33 -24.676565 2.444087 57.995441 0.378788 0.791391 0.479812 0.753920 0.939725 2 33 0.991855 34 0.008145
  33 -24.692162 2.496948 57.850758 -0.051598 0.998301 0.027074 0.739356 0.939041 2 33 0.991855 34 0.008145
ring
  33 -24.700172 2.453071 57.999256 -0.081405 0.859828 0.504052 0.753467 0.939041 2 33 0.991855 34 0.008145
  33 -24.692162 2.496948 57.850758 -0.051598 0.998301 0.027074 0.739356 0.939041 2 33 0.991855 34 0.008145
  33 -24.721939 2.441880 57.992325 -0.517237 0.739400 0.430990 0.753246 0.938036 2 33 0.991855 34 0.008145
ring
  33 -24.677095 2.391784 58.049290 0.332242 0.679705 0.653923 0.761162 0.939725 2 33 0.991855 34 0.008145
  33 -24.676565 2.444087 57.995441 0.378788 0.791391 0.479812 0.753920 0.939725 2 33 0.991855 34 0.008145
  33 -24.700172 2.453071 57.999256 -0.081405 0.859828 0.504052 0.753467 0.939041 2 33 0.991855 34 0.008145
ring
  33 -24.700172 2.453071 57.999256 -0.081405 0.859828 0.504052 0.753467 0.939041 2 33 0.991855 34 0.008145
  33 -24.721939 2.441880 57.992325 -0.517237 0.739400 0.430990 0.753246 0.938036 2 33 0.991855 34 0.008145
  33 -24.722746 2.389782 58.043030 -0.534967 0.600316 0.594501 0.760267 0.938036 2 33 0.991855 34 0.008145
ring
  33 -24.677095 2.391784 58.049290 0.332242 0.679705 0.653923 0.761162 0.939725 2 33 0.991855 34 0.008145
  33 -24.659225 2.357801 58.082817 0.413169 0.716504 0.562061 0.765942 0.940939 2 33 0.991855 34 0.008145
  33 -24.450052 2.213334 58.118237 0.421771 0.739494 0.524649 0.781562 0.949816 1 33 1.000000
ring
  33 -24.700848 2.398622 58.053780 -0.118385 0.703802 0.700462 0.760646 0.939041 2 33 0.991855 34 0.008145
  33 -24.700172 2.453071 57.999256 -0.081405 0.859828 0.504052 0.753467 0.939041 2 33 0.991855 34 0.008145
  33 -24.722746 2.389782 58.043030 -0.534967 0.600316 0.594501 0.760267 0.938036 2 33 0.991855 34 0.008145
ring
  33 -24.700848 2.398622 58.053780 -0.118385 0.703802 0.700462 0.760646 0.939041 2 33 0.991855 34 0.008145
  33 -24.677095 2.391784 58.049290 0.332242 0.679705 0.653923 0.761162 0.939725 2 33 0.991855 34 0.008145
  33 -24.700172 2.453071 57.999256 -0.081405 0.859828 0.504052 0.753467 0.939041 2 33 0.991855 34 0.008145
ring
  33 -24.701818 2.345384 58.107174 -0.146264 0.393138 0.907771 0.767462 0.939041 2 33 0.991855 34 0.008145
  33 -24.700848 2.398622 58.053780 -0.118385 0.703802 0.700462 0.760646 0.939041 2 33 0.991855 34 0.008145
  33 -24.722746 2.389782 58.043030 -0.534967 0.600316 0.594501 0.760267 0.938036 2 33 0.991855 34 0.008145
ring
  33 -24.677095 2.391784 58.049290 0.332242 0.679705 0.653923 0.761162 0.939725 2 33 0.991855 34 0.008145
  33 -24.700848 2.398622 58.053780 -0.118385 0.703802 0.700462 0.760646 0.939041 2 33 0.991855 34 0.008145
  33 -24.701818 2.345384 58.107174 -0.146264 0.393138 0.907771 0.767462 0.939041 2 33 0.991855 34 0.008145
ring
  33 -24.723555 2.337660 58.093773 -0.575156 0.292633 0.763912 0.767355 0.938036 2 33 0.991855 34 0.008145
  33 -24.701818 2.345384 58.107174 -0.146264 0.393138 0.907771 0.767462 0.939041 2 33 0.991855 34 0.008145
  33 -24.722746 2.389782 58.043030 -0.534967 0.600316 0.594501 0.760267 0.938036 2 33 0.991855 34 0.008145
ring
  33 -24.701818 2.345384 58.107174 -0.146264 0.393138 0.907771 0.767462 0.939041 2 33 0.991855 34 0.008145
  33 -24.723555 2.337660 58.093773 -0.575156 0.292633 0.763912 0.767355 0.938036 2 33 0.991855 34 0.008145
  33 -24.716648 2.200350 58.096786 -0.520173 -0.057999 0.852089 0.780944 0.938036 2 33 0.991855 34 0.008145
ring
  33 -24.678139 2.341851 58.100887 0.308121 0.488747 0.816203 0.767800 0.939725 2 33 0.991855 34 0.008145
  33 -24.677095 2.391784 58.049290 0.332242 0.679705 0.653923 0.761162 0.939725 2 33 0.991855 34 0.008145
  33 -24.701818 2.345384 58.107174 -0.146264 0.393138 0.907771 0.767462 0.939041 2 33 0.991855 34 0.008145
ring
  33 -24.677095 2.391784 58.049290 0.332242 0.679705 0.653923 0.761162 0.939725 2 33 0.991855 34 0.008145
  33 -24.678139 2.341851 58.100887 0.308121 0.488747 0.816203 0.767800 0.939725 2 33 0.991855 34 0.008145
  33 -24.640244 2.324421 58.100018 0.350430 0.605346 0.714671 0.769631 0.941586 2 33 0.991855 34 0.008145
ring
  33 -24.659225 2.357801 58.082817 0.413169 0.716504 0.562061 0.765942 0.940939 2 33 0.991855 34 0.008145
  33 -24.640244 2.324421 58.100018 0.350430 0.605346 0.714671 0.769631 0.941586 2 33 0.991855 34 0.008145
  33 -24.474703 2.212420 58.107826 -0.467668 -0.053489 0.882284 0.781501 0.948553 1 33 1.000000
ring
  33 -24.670952 2.202535 58.101276 0.345687 -0.013682 0.938250 0.781063 0.939725 2 33 0.991855 34 0.008145
  33 -24.678139 2.341851 58.100887 0.308121 0.488747 0.816203 0.767800 0.939725 2 33 0.991855 34 0.008145
  33 -24.701818 2.345384 58.107174 -0.146264 0.393138 0.907771 0.767462 0.939041 2 33 0.991855 34 0.008145
ring
  33 -24.418755 2.215026 58.113686 0.102317 0.469012 0.877245 0.781634 0.951335 2 33 0.997284 31 0.002716
  33 -24.677095 2.391784 58.049290 0.332242 0.679705 0.653923 0.761162 0.939725 2 33 0.991855 34 0.008145
  33 -24.450052 2.213334 58.118237 0.027612 -0.054723 0.998120 0.781562 0.949816 1 33 1.000000
ring
  33 -24.694553 2.201031 58.110271 -0.089832 -0.039400 0.995177 0.781007 0.939041 2 33 0.991855 34 0.008145
  33 -24.670952 2.202535 58.101276 0.345687 -0.013682 0.938250 0.781063 0.939725 2 33 0.991855 34 0.008145
  33 -24.701818 2.345384 58.107174 -0.146264 0.393138 0.907771 0.767462 0.939041 2 33 0.991855 34 0.008145
ring
  33 -24.694553 2.201031 58.110271 -0.089832 -0.039400 0.995177 0.781007 0.939041 2 33 0.991855 34 0.008145
  33 -24.701818 2.345384 58.107174 -0.146264 0.393138 0.907771 0.767462 0.939041 2 33 0.991855 34 0.008145
  33 -24.716648 2.200350 58.096786 -0.520173 -0.057999 0.852089 0.780944 0.938036 2 33 0.991855 34 0.008145
ring
  33 -24.670952 2.202535 58.101276 0.345687 -0.013682 0.938250 0.781063 0.939725 2 33 0.991855 34 0.008145
  33 -24.694553 2.201031 58.110271 -0.089832 -0.039400 0.995177 0.781007 0.939041 2 33 0.991855 34 0.008145
  33 -24.686224 2.058056 58.097240 0.358737 -0.063952 0.931245 0.794471 0.939041 2 33 0.991855 34 0.008145
ring
  33 -24.686224 2.058056 58.097240 -0.124391 -0.483770 0.866310 0.794471 0.939041 2 33 0.991855 34 0.008145
  33 -24.694553 2.201031 58.110271 -0.089832 -0.039400 0.995177 0.781007 0.939041 2 33 0.991855 34 0.008145
  33 -24.716648 2.200350 58.096786 -0.520173 -0.057999 0.852089 0.780944 0.938036 2 33 0.991855 34 0.008145
ring
  33 -24.708616 2.063645 58.083599 -0.546693 -0.413006 0.728390 0.794543 0.938036 2 33 0.991855 34 0.008145
  33 -24.686224 2.058056 58.097240 -0.124391 -0.483770 0.866310 0.794471 0.939041 2 33 0.991855 34 0.008145
  33 -24.716648 2.200350 58.096786 -0.520173 -0.057999 0.852089 0.780944 0.938036 2 33 0.991855 34 0.008145
ring
  33 -24.663183 2.065073 58.091995 0.350712 -0.509156 0.785978 0.794167 0.939725 2 33 0.991855 34 0.008145
  33 -24.670952 2.202535 58.101276 0.345687 -0.013682 0.938250 0.781063 0.939725 2 33 0.991855 34 0.008145
  33 -24.686224 2.058056 58.097240 -0.124391 -0.483770 0.866310 0.794471 0.939041 2 33 0.991855 34 0.008145
ring
  33 -24.686224 2.058056 58.097240 -0.124391 -0.483770 0.866310 0.794471 0.939041 2 33 0.991855 34 0.008145
  33 -24.708616 2.063645 58.083599 -0.546693 -0.413006 0.728390 0.794543 0.938036 2 33 0.991855 34 0.008145
  33 -24.702347 2.015443 58.029137 -0.453311 -0.698698 0.553471 0.801686 0.938036 2 33 0.991855 34 0.008145
ring
  33 -24.656397 2.015518 58.031258 0.412322 -0.682085 0.603946 0.801456 0.939725 2 33 0.991855 34 0.008145
  33 -24.663183 2.065073 58.091995 0.350712 -0.509156 0.785978 0.794167 0.939725 2 33 0.991855 34 0.008145
  33 -24.686224 2.058056 58.097240 -0.124391 -0.483770 0.866310 0.794471 0.939041 2 33 0.991855 34 0.008145
ring
  33 -24.663183 2.065073 58.091995 0.350712 -0.509156 0.785978 0.794167 0.939725 2 33 0.991855 34 0.008145
  33 -24.656397 2.015518 58.031258 0.412322 -0.682085 0.603946 0.801456 0.939725 2 33 0.991855 34 0.008145
  33 -24.627193 2.084819 58.091114 0.422380 -0.627918 0.653693 0.792681 0.941277 2 33 0.991855 34 0.008145
ring
  33 -24.627193 2.084819 58.091114 0.422380 -0.627918 0.653693 0.792681 0.941277 2 33 0.991855 34 0.008145
  33 -24.642334 2.049867 58.069363 0.488915 -0.708810 0.508479 0.796503 0.940553 2 33 0.991855 34 0.008145
  33 -24.474703 2.212420 58.107826 0.432256 -0.603914 0.669658 0.781501 0.948553 1 33 1.000000
ring
  33 -24.642334 2.049867 58.069363 0.488915 -0.708810 0.508479 0.796503 0.940553 2 33 0.991855 34 0.008145
  33 -24.656397 2.015518 58.031258 0.412322 -0.682085 0.603946 0.801456 0.939725 2 33 0.991855 34 0.008145
  33 -24.450052 2.213334 58.118237 0.027612 -0.054723 0.998120 0.781562 0.949816 1 33 1.000000
ring
  33 -24.656397 2.015518 58.031258 0.412322 -0.682085 0.603946 0.801456 0.939725 2 33 0.991855 34 0.008145
  33 -24.418755 2.215026 58.113686 0.150223 -0.525022 0.837726 0.781634 0.951335 2 33 0.997284 31 0.002716
  33 -24.450052 2.213334 58.118237 0.027612 -0.054723 0.998120 0.781562 0.949816 1 33 1.000000
ring
  33 -24.642334 2.049867 58.069363 -0.388035 0.186609 0.902555 0.796503 0.940553 2 33 0.991855 34 0.008145
  33 -24.450052 2.213334 58.118237 0.027612 -0.054723 0.998120 0.781562 0.949816 1 33 1.000000
  33 -24.474703 2.212420 58.107826 -0.467668 -0.053489 0.882284 0.781501 0.948553 1 33 1.000000
ring
  33 -24.450052 2.213334 58.118237 0.027612 -0.054723 0.998120 0.781562 0.949816 1 33 1.000000
  33 -24.659225 2.357801 58.082817 -0.360503 -0.306287 0.881037 0.765942 0.940939 2 33 0.991855 34 0.008145
  33 -24.474703 2.212420 58.107826 -0.467668 -0.053489 0.882284 0.781501 0.948553 1 33 1.000000
ring
  33 -24.679411 2.007055 58.037125 -0.024188 -0.758915 0.650741 0.801654 0.939041 2 33 0.991855 34 0.008145
  33 -24.656397 2.015518 58.031258 0.412322 -0.682085 0.603946 0.801456 0.939725 2 33 0.991855 34 0.008145
  33 -24.686224 2.058056 58.097240 -0.124391 -0.483770 0.866310 0.794471 0.939041 2 33 0.991855 34 0.008145
ring
  33 -24.679411 2.007055 58.037125 -0.024188 -0.758915 0.650741 0.801654 0.939041 2 33 0.991855 34 0.008145
  33 -24.686224 2.058056 58.097240 -0.124391 -0.483770 0.866310 0.794471 0.939041 2 33 0.991855 34 0.008145
  33 -24.702347 2.015443 58.029137 -0.453311 -0.698698 0.553471 0.801686 0.938036 2 33 0.991855 34 0.008145
ring
  33 -24.656397 2.015518 58.031258 0.412322 -0.682085 0.603946 0.801456 0.939725 2 33 0.991855 34 0.008145
  33 -24.679411 2.007055 58.037125 -0.024188 -0.758915 0.650741 0.801654 0.939041 2 33 0.991855 34 0.008145
  33 -24.673168 1.957900 57.980869 0.011194 -0.894892 0.446142 0.808662 0.939041 2 33 0.991855 34 0.008145
ring
  33 -24.673168 1.957900 57.980869 0.011194 -0.894892 0.446142 0.808662 0.939041 2 33 0.991855 34 0.008145
  33 -24.679411 2.007055 58.037125 -0.024188 -0.758915 0.650741 0.801654 0.939041 2 33 0.991855 34 0.008145
  33 -24.702347 2.015443 58.029137 -0.453311 -0.698698 0.553471 0.801686 0.938036 2 33 0.991855 34 0.008145
ring
  33 -24.650682 1.969450 57.977829 0.457434 -0.776729 0.432951 0.808317 0.939725 2 33 0.991855 34 0.008145
  33 -24.656397 2.015518 58.031258 0.412322 -0.682085 0.603946 0.801456 0.939725 2 33 0.991855 34 0.008145
  33 -24.673168 1.957900 57.980869 0.011194 -0.894892 0.446142 0.808662 0.939041 2 33 0.991855 34 0.008145
ring
  33 -24.696074 1.967242 57.974693 -0.434978 -0.817734 0.376969 0.808764 0.938036 2 33 0.991855 34 0.008145
  33 -24.673168 1.957900 57.980869 0.011194 -0.894892 0.446142 0.808662 0.939041 2 33 0.991855 34 0.008145
  33 -24.702347 2.015443 58.029137 -0.453311 -0.698698 0.553471 0.801686 0.938036 2 33 0.991855 34 0.008145
ring
  33 -24.650682 1.969450 57.977829 0.457434 -0.776729 0.432951 0.808317 0.939725 2 33 0.991855 34 0.008145
  33 -24.673168 1.957900 57.980869 0.011194 -0.894892 0.446142 0.808662 0.939041 2 33 0.991855 34 0.008145
  33 -24.660910 1.925215 57.829479 0.052518 -0.997775 -0.041069 0.822842 0.939041 1 33 1.000000
ring
  33 -24.660910 1.925215 57.829479 0.052518 -0.997775 -0.041069 0.822842 0.939041 1 33 1.000000
  33 -24.673168 1.957900 57.980869 0.011194 -0.894892 0.446142 0.808662 0.939041 2 33 0.991855 34 0.008145
  33 -24.696074 1.967242 57.974693 -0.434978 -0.817734 0.376969 0.808764 0.938036 2 33 0.991855 34 0.008145
ring
  33 -24.638933 1.938151 57.832706 0.506401 -0.862249 0.009251 0.822451 0.939725 1 33 1.000000
  33 -24.650682 1.969450 57.977829 0.457434 -0.776729 0.432951 0.808317 0.939725 2 33 0.991855 34 0.008145
  33 -24.660910 1.925215 57.829479 0.052518 -0.997775 -0.041069 0.822842 0.939041 1 33 1.000000
ring
  33 -24.638933 1.938151 57.832706 0.506401 -0.862249 0.009251 0.822451 0.939725 1 33 1.000000
  33 -24.660910 1.925215 57.829479 0.052518 -0.997775 -0.041069 0.822842 0.939041 1 33 1.000000
  33 -24.652966 1.969095 57.680969 0.518785 -0.826988 -0.216684 0.838090 0.939041 1 33 1.000000
ring
  33 -24.684330 1.935929 57.829586 -0.415576 -0.907932 -0.054370 0.822939 0.938036 1 33 1.000000
  33 -24.660910 1.925215 57.829479 0.052518 -0.997775 -0.041069 0.822842 0.939041 1 33 1.000000
  33 -24.696074 1.967242 57.974693 -0.434978 -0.817734 0.376969 0.808764 0.938036 2 33 0.991855 34 0.008145
ring
  33 -24.652966 1.969095 57.680969 0.062674 -0.846538 -0.528626 0.838090 0.939041 1 33 1.000000
  33 -24.660910 1.925215 57.829479 0.052518 -0.997775 -0.041069 0.822842 0.939041 1 33 1.000000
  33 -24.684330 1.935929 57.829586 -0.415576 -0.907932 -0.054370 0.822939 0.938036 1 33 1.000000
ring
  33 -24.631342 1.980212 57.690388 0.551558 -0.727903 -0.407359 0.837680 0.939725 1 33 1.000000
  33 -24.638933 1.938151 57.832706 0.506401 -0.862249 0.009251 0.822451 0.939725 1 33 1.000000
  33 -24.652966 1.969095 57.680969 0.062674 -0.846538 -0.528626 0.838090 0.939041 1 33 1.000000
ring
  33 -24.676712 1.977991 57.687260 -0.416121 -0.776355 -0.473408 0.838212 0.938036 1 33 1.000000
  33 -24.652966 1.969095 57.680969 0.062674 -0.846538 -0.528626 0.838090 0.939041 1 33 1.000000
  33 -24.684330 1.935929 57.829586 -0.415576 -0.907932 -0.054370 0.822939 0.938036 1 33 1.000000
ring
  33 -24.631342 1.980212 57.690388 0.551558 -0.727903 -0.407359 0.837680 0.939725 1 33 1.000000
  33 -24.652966 1.969095 57.680969 0.062674 -0.846538 -0.528626 0.838090 0.939041 1 33 1.000000
  33 -24.651352 2.077842 57.575134 0.577608 -0.383388 -0.720682 0.854579 0.939041 1 33 1.000000
ring
  33 -24.651352 2.077842 57.575134 -0.433011 -0.435744 -0.789068 0.854579 0.939041 1 33 1.000000
  33 -24.652966 1.969095 57.680969 0.062674 -0.846538 -0.528626 0.838090 0.939041 1 33 1.000000
  33 -24.676712 1.977991 57.687260 -0.416121 -0.776355 -0.473408 0.838212 0.938036 1 33 1.000000
ring
  33 -24.629786 2.084435 57.588913 0.577312 -0.394867 -0.714696 0.854177 0.939725 1 33 1.000000
  33 -24.631342 1.980212 57.690388 0.551558 -0.727903 -0.407359 0.837680 0.939725 1 33 1.000000
  33 -24.651352 2.077842 57.575134 0.577608 -0.383388 -0.720682 0.854579 0.939041 1 33 1.000000
ring
  33 -24.675184 2.082212 57.585793 -0.432424 -0.446004 -0.783639 0.854761 0.938036 1 33 1.000000
  33 -24.651352 2.077842 57.575134 -0.433011 -0.435744 -0.789068 0.854579 0.939041 1 33 1.000000
  33 -24.676712 1.977991 57.687260 -0.416121 -0.776355 -0.473408 0.838212 0.938036 1 33 1.000000
ring
  33 -24.629786 2.084435 57.588913 0.577312 -0.394867 -0.714696 0.854177 0.939725 1 33 1.000000
  33 -24.651352 2.077842 57.575134 0.577608 -0.383388 -0.720682 0.854579 0.939041 1 33 1.000000
  33 -24.656397 2.222229 57.540321 0.568497 -0.173769 -0.804124 0.872572 0.939041 2 33 0.991855 34 0.008145
ring
  33 -24.634733 2.222893 57.555500 0.568666 -0.173703 -0.804019 0.872572 0.939725 1 33 1.000000
  33 -24.629786 2.084435 57.588913 0.577312 -0.394867 -0.714696 0.854177 0.939725 1 33 1.000000
  33 -24.656397 2.222229 57.540321 0.568497 -0.173769 -0.804124 0.872572 0.939041 2 33 0.991855 34 0.008145
ring
  33 -24.656397 2.222229 57.540321 -0.432045 -0.225576 -0.873185 0.872572 0.939041 2 33 0.991855 34 0.008145
  33 -24.651352 2.077842 57.575134 -0.433011 -0.435744 -0.789068 0.854579 0.939041 1 33 1.000000
  33 -24.675184 2.082212 57.585793 -0.432424 -0.446004 -0.783639 0.854761 0.938036 1 33 1.000000
ring
  33 -24.680016 2.220618 57.552425 -0.432064 -0.225563 -0.873179 0.872572 0.938036 2 33 0.991855 34 0.008145
  33 -24.656397 2.222229 57.540321 -0.432045 -0.225576 -0.873185 0.872572 0.939041 2 33 0.991855 34 0.008145
  33 -24.675184 2.082212 57.585793 -0.432424 -0.446004 -0.783639 0.854761 0.938036 1 33 1.000000
ring
  33 -24.479000 2.212354 58.103039 -0.582328 0.629340 0.514612 0.781501 0.948553 1 33 1.000000
  33 -24.627958 2.087677 58.086746 -0.500305 0.681984 0.533472 0.792681 0.941277 2 33 0.991855 34 0.008145
  33 -24.474703 2.212420 58.107826 -0.467668 -0.053489 0.882284 0.781501 0.948553 1 33 1.000000
ring
  33 -24.627958 2.087677 58.086746 -0.500305 0.681984 0.533472 0.792681 0.941277 2 33 0.991855 34 0.008145
  33 -24.663137 2.068409 58.087597 -0.389453 0.735509 0.554393 0.794167 0.939725 2 33 0.991855 34 0.008145
  33 -24.663183 2.065073 58.091995 -0.389668 0.735692 0.554001 0.794167 0.939725 2 33 0.991855 34 0.008145
ring
  33 -24.627193 2.084819 58.091114 -0.507668 0.689448 0.516657 0.792681 0.941277 2 33 0.991855 34 0.008145
  33 -24.627958 2.087677 58.086746 -0.500305 0.681984 0.533472 0.792681 0.941277 2 33 0.991855 34 0.008145
  33 -24.663183 2.065073 58.091995 -0.389668 0.735692 0.554001 0.794167 0.939725 2 33 0.991855 34 0.008145
ring
  33 -24.627958 2.087677 58.086746 -0.500305 0.681984 0.533472 0.792681 0.941277 2 33 0.991855 34 0.008145
  33 -24.627193 2.084819 58.091114 -0.507668 0.689448 0.516657 0.792681 0.941277 2 33 0.991855 34 0.008145
  33 -24.474703 2.212420 58.107826 -0.467668 -0.053489 0.882284 0.781501 0.948553 1 33 1.000000
ring
  33 -24.656397 2.015518 58.031258 -0.906672 0.419530 -0.044036 0.801456 0.939725 2 33 0.991855 34 0.008145
  33 -24.642334 2.049867 58.069363 -0.906672 0.419530 -0.044036 0.796503 0.940553 2 33 0.991855 34 0.008145
  33 -24.627193 2.084819 58.091114 -0.507668 0.689448 0.516657 0.792681 0.941277 2 33 0.991855 34 0.008145
ring
  33 -24.640724 2.321784 58.095432 -0.440493 -0.757453 0.481903 0.769631 0.941586 2 33 0.991855 34 0.008145
  33 -24.479000 2.212354 58.103039 -0.510776 -0.721321 0.467764 0.781501 0.948553 1 33 1.000000
  33 -24.474703 2.212420 58.107826 -0.467668 -0.053489 0.882284 0.781501 0.948553 1 33 1.000000
ring
  33 -24.640244 2.324421 58.100018 -0.451828 -0.762833 0.462533 0.769631 0.941586 2 33 0.991855 34 0.008145
  33 -24.640724 2.321784 58.095432 -0.440493 -0.757453 0.481903 0.769631 0.941586 2 33 0.991855 34 0.008145
  33 -24.474703 2.212420 58.107826 -0.467668 -0.053489 0.882284 0.781501 0.948553 1 33 1.000000
ring
  33 -24.659225 2.357801 58.082817 -0.848687 -0.523231 -0.077195 0.765942 0.940939 2 33 0.991855 34 0.008145
  33 -24.677095 2.391784 58.049290 -0.848687 -0.523231 -0.077195 0.761162 0.939725 2 33 0.991855 34 0.008145
  33 -24.640244 2.324421 58.100018 -0.451828 -0.762833 0.462533 0.769631 0.941586 2 33 0.991855 34 0.008145
ring
  33 -24.640724 2.321784 58.095432 -0.440493 -0.757453 0.481903 0.769631 0.941586 2 33 0.991855 34 0.008145
  33 -24.640244 2.324421 58.100018 -0.451828 -0.762833 0.462533 0.769631 0.941586 2 33 0.991855 34 0.008145
  33 -24.678139 2.341851 58.100887 -0.354647 -0.793982 0.493780 0.767800 0.939725 2 33 0.991855 34 0.008145
ring
  33 -24.677750 2.338816 58.096279 -0.354885 -0.793901 0.493738 0.767800 0.939725 2 33 0.991855 34 0.008145
  33 -24.640724 2.321784 58.095432 -0.440493 -0.757453 0.481903 0.769631 0.941586 2 33 0.991855 34 0.008145
  33 -24.678139 2.341851 58.100887 -0.354647 -0.793982 0.493780 0.767800 0.939725 2 33 0.991855 34 0.008145
ring
  33 -24.693781 2.201230 58.105446 0.090520 0.039495 -0.995111 0.781007 0.939041 2 33 0.991855 34 0.008145
  33 -24.715342 2.200557 58.092266 0.520513 0.058094 -0.851875 0.780944 0.938036 2 33 0.991855 34 0.008145
  33 -24.700882 2.342254 58.102417 0.146518 -0.393023 -0.907781 0.767462 0.939041 2 33 0.991855 34 0.008145
ring
  33 -24.670725 2.202699 58.096680 -0.344834 0.013764 -0.938563 0.781063 0.939725 2 33 0.991855 34 0.008145
  33 -24.693781 2.201230 58.105446 0.090520 0.039495 -0.995111 0.781007 0.939041 2 33 0.991855 34 0.008145
  33 -24.700882 2.342254 58.102417 0.146518 -0.393023 -0.907781 0.767462 0.939041 2 33 0.991855 34 0.008145
ring
  33 -24.693781 2.201230 58.105446 0.090520 0.039495 -0.995111 0.781007 0.939041 2 33 0.991855 34 0.008145
  33 -24.685633 2.061556 58.092697 0.107609 0.471864 -0.875080 0.794471 0.939041 2 33 0.991855 34 0.008145
  33 -24.715342 2.200557 58.092266 0.520513 0.058094 -0.851875 0.780944 0.938036 2 33 0.991855 34 0.008145
ring
  33 -24.685633 2.061556 58.092697 0.107609 0.471864 -0.875080 0.794471 0.939041 2 33 0.991855 34 0.008145
  33 -24.693781 2.201230 58.105446 0.090520 0.039495 -0.995111 0.781007 0.939041 2 33 0.991855 34 0.008145
  33 -24.670725 2.202699 58.096680 -0.344834 0.013764 -0.938563 0.781063 0.939725 2 33 0.991855 34 0.008145
ring
  33 -24.685633 2.061556 58.092697 0.107609 0.471864 -0.875080 0.794471 0.939041 2 33 0.991855 34 0.008145
  33 -24.707512 2.066998 58.079380 0.546266 0.413248 -0.728574 0.794543 0.938036 2 33 0.991855 34 0.008145
  33 -24.715342 2.200557 58.092266 0.520513 0.058094 -0.851875 0.780944 0.938036 2 33 0.991855 34 0.008145
ring
  33 -24.663137 2.068409 58.087597 -0.349957 0.509329 -0.786202 0.794167 0.939725 2 33 0.991855 34 0.008145
  33 -24.685633 2.061556 58.092697 0.107609 0.471864 -0.875080 0.794471 0.939041 2 33 0.991855 34 0.008145
  33 -24.670725 2.202699 58.096680 -0.344834 0.013764 -0.938563 0.781063 0.939725 2 33 0.991855 34 0.008145
ring
  33 -24.701401 2.019929 58.026192 0.453471 0.698538 -0.553542 0.801686 0.938036 2 33 0.991855 34 0.008145
  33 -24.707512 2.066998 58.079380 0.546266 0.413248 -0.728574 0.794543 0.938036 2 33 0.991855 34 0.008145
  33 -24.685633 2.061556 58.092697 0.107609 0.471864 -0.875080 0.794471 0.939041 2 33 0.991855 34 0.008145
ring
  33 -24.663137 2.068409 58.087597 -0.349957 0.509329 -0.786202 0.794167 0.939725 2 33 0.991855 34 0.008145
  33 -24.627958 2.087677 58.086746 -0.422942 0.628554 -0.652717 0.792681 0.941277 2 33 0.991855 34 0.008145
  33 -24.656506 2.019986 58.028252 -0.412309 0.682029 -0.604018 0.801456 0.939725 2 33 0.991855 34 0.008145
ring
  33 -24.663137 2.068409 58.087597 -0.349957 0.509329 -0.786202 0.794167 0.939725 2 33 0.991855 34 0.008145
  33 -24.656506 2.019986 58.028252 -0.412309 0.682029 -0.604018 0.801456 0.939725 2 33 0.991855 34 0.008145
  33 -24.685633 2.061556 58.092697 0.107609 0.471864 -0.875080 0.794471 0.939041 2 33 0.991855 34 0.008145
ring
  33 -24.678995 2.011713 58.033981 0.024340 0.758773 -0.650901 0.801654 0.939041 2 33 0.991855 34 0.008145
  33 -24.701401 2.019929 58.026192 0.453471 0.698538 -0.553542 0.801686 0.938036 2 33 0.991855 34 0.008145
  33 -24.685633 2.061556 58.092697 0.107609 0.471864 -0.875080 0.794471 0.939041 2 33 0.991855 34 0.008145
ring
  33 -24.656506 2.019986 58.028252 -0.412309 0.682029 -0.604018 0.801456 0.939725 2 33 0.991855 34 0.008145
  33 -24.678995 2.011713 58.033981 0.024340 0.758773 -0.650901 0.801654 0.939041 2 33 0.991855 34 0.008145
  33 -24.685633 2.061556 58.092697 0.107609 0.471864 -0.875080 0.794471 0.939041 2 33 0.991855 34 0.008145
ring
  33 -24.678995 2.011713 58.033981 0.024340 0.758773 -0.650901 0.801654 0.939041 2 33 0.991855 34 0.008145
  33 -24.672892 1.963690 57.979031 -0.011303 0.894942 -0.446039 0.808662 0.939041 2 33 0.991855 34 0.008145
  33 -24.701401 2.019929 58.026192 0.453471 0.698538 -0.553542 0.801686 0.938036 2 33 0.991855 34 0.008145
ring
  33 -24.672892 1.963690 57.979031 -0.011303 0.894942 -0.446039 0.808662 0.939041 2 33 0.991855 34 0.008145
  33 -24.678995 2.011713 58.033981 0.024340 0.758773 -0.650901 0.801654 0.939041 2 33 0.991855 34 0.008145
  33 -24.656506 2.019986 58.028252 -0.412309 0.682029 -0.604018 0.801456 0.939725 2 33 0.991855 34 0.008145
ring
  33 -24.672892 1.963690 57.979031 -0.011303 0.894942 -0.446039 0.808662 0.939041 2 33 0.991855 34 0.008145
  33 -24.695263 1.972834 57.972984 0.435885 0.817455 -0.376526 0.808764 0.938036 2 33 0.991855 34 0.008145
  33 -24.701401 2.019929 58.026192 0.453471 0.698538 -0.553542 0.801686 0.938036 2 33 0.991855 34 0.008145
ring
  33 -24.650928 1.974999 57.976048 -0.458519 0.776296 -0.432579 0.808317 0.939725 2 33 0.991855 34 0.008145
  33 -24.672892 1.963690 57.979031 -0.011303 0.894942 -0.446039 0.808662 0.939041 2 33 0.991855 34 0.008145
  33 -24.656506 2.019986 58.028252 -0.412309 0.682029 -0.604018 0.801456 0.939725 2 33 0.991855 34 0.008145
ring
  33 -24.672892 1.963690 57.979031 -0.011303 0.894942 -0.446039 0.808662 0.939041 2 33 0.991855 34 0.008145
  33 -24.660915 1.931772 57.831104 -0.052509 0.997775 0.041077 0.822842 0.939041 1 33 1.000000
  33 -24.695263 1.972834 57.972984 0.435885 0.817455 -0.376526 0.808764 0.938036 2 33 0.991855 34 0.008145
ring
  33 -24.660915 1.931772 57.831104 -0.052509 0.997775 0.041077 0.822842 0.939041 1 33 1.000000
  33 -24.672892 1.963690 57.979031 -0.011303 0.894942 -0.446039 0.808662 0.939041 2 33 0.991855 34 0.008145
  33 -24.650928 1.974999 57.976048 -0.458519 0.776296 -0.432579 0.808317 0.939725 2 33 0.991855 34 0.008145
ring
  33 -24.660915 1.931772 57.831104 -0.052509 0.997775 0.041077 0.822842 0.939041 1 33 1.000000
  33 -24.683786 1.942237 57.831207 0.415700 0.907875 0.054372 0.822939 0.938036 1 33 1.000000
  33 -24.695263 1.972834 57.972984 0.435885 0.817455 -0.376526 0.808764 0.938036 2 33 0.991855 34 0.008145
ring
  33 -24.639444 1.944416 57.834270 -0.506452 0.862217 -0.009374 0.822451 0.939725 1 33 1.000000
  33 -24.660915 1.931772 57.831104 -0.052509 0.997775 0.041077 0.822842 0.939041 1 33 1.000000
  33 -24.650928 1.974999 57.976048 -0.458519 0.776296 -0.432579 0.808317 0.939725 2 33 0.991855 34 0.008145
ring
  33 -24.660915 1.931772 57.831104 -0.052509 0.997775 0.041077 0.822842 0.939041 1 33 1.000000
  33 -24.653151 1.974638 57.686035 -0.078384 0.850140 0.520689 0.838090 0.939041 1 33 1.000000
  33 -24.683786 1.942237 57.831207 0.415700 0.907875 0.054372 0.822939 0.938036 1 33 1.000000
ring
  33 -24.653151 1.974638 57.686035 -0.078384 0.850140 0.520689 0.838090 0.939041 1 33 1.000000
  33 -24.660915 1.931772 57.831104 -0.052509 0.997775 0.041077 0.822842 0.939041 1 33 1.000000
  33 -24.639444 1.944416 57.834270 -0.506452 0.862217 -0.009374 0.822451 0.939725 1 33 1.000000
ring
  33 -24.653151 1.974638 57.686035 -0.078384 0.850140 0.520689 0.838090 0.939041 1 33 1.000000
  33 -24.676352 1.983336 57.692165 0.416034 0.776340 0.473510 0.838212 0.938036 1 33 1.000000
  33 -24.683786 1.942237 57.831207 0.415700 0.907875 0.054372 0.822939 0.938036 1 33 1.000000
ring
  33 -24.632017 1.985515 57.695225 -0.551644 0.727785 0.407453 0.837680 0.939725 1 33 1.000000
  33 -24.653151 1.974638 57.686035 -0.078384 0.850140 0.520689 0.838090 0.939041 1 33 1.000000
  33 -24.639444 1.944416 57.834270 -0.506452 0.862217 -0.009374 0.822451 0.939725 1 33 1.000000
ring
  33 -24.653151 1.974638 57.686035 -0.078384 0.850140 0.520689 0.838090 0.939041 1 33 1.000000
  33 -24.651573 2.080878 57.582623 0.118125 0.552993 0.824769 0.854579 0.939041 1 33 1.000000
  33 -24.676352 1.983336 57.692165 0.416034 0.776340 0.473510 0.838212 0.938036 1 33 1.000000
ring
  33 -24.651573 2.080878 57.582623 0.118125 0.552993 0.824769 0.854579 0.939041 1 33 1.000000
  33 -24.653151 1.974638 57.686035 -0.078384 0.850140 0.520689 0.838090 0.939041 1 33 1.000000
  33 -24.632017 1.985515 57.695225 -0.551644 0.727785 0.407453 0.837680 0.939725 1 33 1.000000
ring
  33 -24.651573 2.080878 57.582623 0.118125 0.552993 0.824769 0.854579 0.939041 1 33 1.000000
  33 -24.674841 2.085154 57.593037 0.432553 0.445847 0.783657 0.854761 0.938036 1 33 1.000000
  33 -24.676352 1.983336 57.692165 0.416034 0.776340 0.473510 0.838212 0.938036 1 33 1.000000
ring
  33 -24.630524 2.087332 57.596104 -0.578278 0.394423 0.714160 0.854177 0.939725 1 33 1.000000
  33 -24.651573 2.080878 57.582623 0.118125 0.552993 0.824769 0.854579 0.939041 1 33 1.000000
  33 -24.632017 1.985515 57.695225 -0.551644 0.727785 0.407453 0.837680 0.939725 1 33 1.000000
ring
  33 -24.651573 2.080878 57.582623 0.118125 0.552993 0.824769 0.854579 0.939041 1 33 1.000000
  33 -24.656507 2.221934 57.548634 0.432008 0.225578 0.873203 0.872572 0.939041 2 33 0.991855 34 0.008145
  33 -24.674841 2.085154 57.593037 0.432553 0.445847 0.783657 0.854761 0.938036 1 33 1.000000
ring
  33 -24.656507 2.221934 57.548634 0.432008 0.225578 0.873203 0.872572 0.939041 2 33 0.991855 34 0.008145
  33 -24.679592 2.220357 57.560455 0.431999 0.225582 0.873206 0.872572 0.938036 2 33 0.991855 34 0.008145
  33 -24.674841 2.085154 57.593037 0.432553 0.445847 0.783657 0.854761 0.938036 1 33 1.000000
ring
  33 -24.635355 2.222590 57.563446 -0.568608 0.173877 0.804022 0.872572 0.939725 1 33 1.000000
  33 -24.656507 2.221934 57.548634 -0.568570 0.173880 0.804048 0.872572 0.939041 2 33 0.991855 34 0.008145
  33 -24.630524 2.087332 57.596104 -0.578278 0.394423 0.714160 0.854177 0.939725 1 33 1.000000
ring
  33 -24.656507 2.221934 57.548634 -0.568570 0.173880 0.804048 0.872572 0.939041 2 33 0.991855 34 0.008145
  33 -24.651573 2.080878 57.582623 -0.568300 0.173903 0.804234 0.854579 0.939041 1 33 1.000000
  33 -24.630524 2.087332 57.596104 -0.578278 0.394423 0.714160 0.854177 0.939725 1 33 1.000000
ring
  33 -24.786789 2.388651 58.037968 0.903733 -0.425363 0.048293 0.801456 0.939725 2 33 0.879115 34 0.120885
  33 -24.805912 2.351741 58.070835 0.903733 -0.425363 0.048293 0.796503 0.940553 2 33 0.884945 34 0.115055
  33 -24.823881 2.315441 58.087410 0.412140 -0.739298 0.532522 0.792681 0.941277 2 33 0.884945 34 0.115055
ring
  33 -24.823881 2.315441 58.087410 0.412140 -0.739298 0.532522 0.792681 0.941277 2 33 0.884945 34 0.115055
  33 -24.822472 2.312880 58.082962 0.397268 -0.735690 0.548579 0.792681 0.941277 2 33 0.884945 34 0.115055
  33 -24.788395 2.334712 58.094849 0.310988 -0.780961 0.541652 0.794167 0.939725 2 33 0.884945 34 0.115055
ring
  33 -24.822472 2.312880 58.082962 0.397268 -0.735690 0.548579 0.792681 0.941277 2 33 0.884945 34 0.115055
  33 -24.787819 2.331728 58.090210 0.311129 -0.781212 0.541207 0.794167 0.939725 2 33 0.884945 34 0.115055
  33 -24.788395 2.334712 58.094849 0.310988 -0.780961 0.541652 0.794167 0.939725 2 33 0.884945 34 0.115055
ring
  33 -24.822472 2.312880 58.082962 0.397268 -0.735690 0.548579 0.792681 0.941277 2 33 0.884945 34 0.115055
  33 -24.823881 2.315441 58.087410 0.412140 -0.739298 0.532522 0.792681 0.941277 2 33 0.884945 34 0.115055
  34 -24.984539 2.192729 58.068382 0.308924 -0.025030 0.950757 0.781501 0.948553 2 34 0.879115 33 0.120885
ring
  34 -24.979507 2.192951 58.064419 0.464731 -0.693400 0.550656 0.781501 0.948553 2 34 0.879115 33 0.120885
  33 -24.822472 2.312880 58.082962 0.397268 -0.735690 0.548579 0.792681 0.941277 2 33 0.884945 34 0.115055
  34 -24.984539 2.192729 58.068382 0.308924 -0.025030 0.950757 0.781501 0.948553 2 34 0.879115 33 0.120885
ring
  33 -24.810648 2.078763 58.074314 0.361772 0.714386 0.598976 0.769631 0.941586 2 33 0.884945 34 0.115055
  34 -24.979507 2.192951 58.064419 0.430315 0.687293 0.585198 0.781501 0.948553 2 34 0.879115 33 0.120885
  34 -24.984539 2.192729 58.068382 0.308924 -0.025030 0.950757 0.781501 0.948553 2 34 0.879115 33 0.120885
ring
  33 -24.811789 2.075777 58.078564 0.377157 0.720802 0.581547 0.769631 0.941586 2 33 0.884945 34 0.115055
  33 -24.810648 2.078763 58.074314 0.361772 0.714386 0.598976 0.769631 0.941586 2 33 0.884945 34 0.115055
  34 -24.984539 2.192729 58.068382 0.308924 -0.025030 0.950757 0.781501 0.948553 2 34 0.879115 33 0.120885
ring
  33 -24.790545 2.043597 58.061485 0.849754 0.521991 0.073783 0.765942 0.940939 2 33 0.884945 34 0.115055
  33 -24.768248 2.011999 58.028118 0.849754 0.521991 0.073783 0.761162 0.939725 2 33 0.879115 34 0.120885
  33 -24.811789 2.075777 58.078564 0.377157 0.720802 0.581547 0.769631 0.941586 2 33 0.884945 34 0.115055
ring
  33 -24.810648 2.078763 58.074314 0.361772 0.714386 0.598976 0.769631 0.941586 2 33 0.884945 34 0.115055
  33 -24.811789 2.075777 58.078564 0.377157 0.720802 0.581547 0.769631 0.941586 2 33 0.884945 34 0.115055
  33 -24.774342 2.058000 58.083256 0.281975 0.749655 0.598756 0.767800 0.939725 2 33 0.884945 34 0.115055
ring
  33 -24.774082 2.061389 58.078888 0.282195 0.749789 0.598483 0.767800 0.939725 2 33 0.884945 34 0.115055
  33 -24.810648 2.078763 58.074314 0.361772 0.714386 0.598976 0.769631 0.941586 2 33 0.884945 34 0.115055
  33 -24.774342 2.058000 58.083256 0.281975 0.749655 0.598756 0.767800 0.939725 2 33 0.884945 34 0.115055
ring
  33 -24.781372 2.197106 58.089336 -0.994802 -0.046707 -0.090480 0.781063 0.939725 2 33 0.879115 34 0.120885
  33 -24.774082 2.061389 58.078888 -0.994411 -0.046171 -0.094951 0.767800 0.939725 2 33 0.884945 34 0.115055
  33 -24.774342 2.058000 58.083256 -0.994425 -0.046177 -0.094801 0.767800 0.939725 2 33 0.884945 34 0.115055
ring
  33 -24.781784 2.196942 58.093948 -0.994809 -0.046714 -0.090402 0.781063 0.939725 2 33 0.879115 34 0.120885
  33 -24.781372 2.197106 58.089336 -0.994802 -0.046707 -0.090480 0.781063 0.939725 2 33 0.879115 34 0.120885
  33 -24.774342 2.058000 58.083256 -0.994425 -0.046177 -0.094801 0.767800 0.939725 2 33 0.884945 34 0.115055
ring
  33 -24.781372 2.197106 58.089336 -0.994802 -0.046707 -0.090480 0.781063 0.939725 2 33 0.879115 34 0.120885
  33 -24.781784 2.196942 58.093948 -0.994809 -0.046714 -0.090402 0.781063 0.939725 2 33 0.879115 34 0.120885
  33 -24.788395 2.334712 58.094849 -0.994538 -0.047048 -0.093167 0.794167 0.939725 2 33 0.884945 34 0.115055
ring
  33 -24.787819 2.331728 58.090210 -0.994529 -0.047048 -0.093267 0.794167 0.939725 2 33 0.884945 34 0.115055
  33 -24.781372 2.197106 58.089336 -0.994802 -0.046707 -0.090480 0.781063 0.939725 2 33 0.879115 34 0.120885
  33 -24.788395 2.334712 58.094849 -0.994538 -0.047048 -0.093167 0.794167 0.939725 2 33 0.884945 34 0.115055
ring
  33 -24.720552 2.436534 57.990192 -0.969296 -0.189286 -0.156961 0.753246 0.938036 2 33 0.991855 34 0.008145
  33 -24.721939 2.441880 57.992325 -0.969895 -0.192567 -0.149069 0.753246 0.938036 2 33 0.991855 34 0.008145
  33 -24.714266 2.483937 57.849991 -0.977545 -0.198884 -0.069647 0.739136 0.938036 2 33 0.991855 34 0.008145
ring
  33 -24.713064 2.477629 57.851147 -0.976472 -0.200427 -0.079574 0.739136 0.938036 2 33 0.991855 34 0.008145
  33 -24.720552 2.436534 57.990192 -0.969296 -0.189286 -0.156961 0.753246 0.938036 2 33 0.991855 34 0.008145
  33 -24.714266 2.483937 57.849991 -0.977545 -0.198884 -0.069647 0.739136 0.938036 2 33 0.991855 34 0.008145
ring
  33 -24.720552 2.436534 57.990192 -0.969296 -0.189286 -0.156961 0.753246 0.938036 2 33 0.991855 34 0.008145
  33 -24.721331 2.385626 58.039753 -0.965111 -0.174813 -0.194937 0.760267 0.938036 2 33 0.991855 34 0.008145
  33 -24.721939 2.441880 57.992325 -0.969895 -0.192567 -0.149069 0.753246 0.938036 2 33 0.991855 34 0.008145
ring
  33 -24.713064 2.477629 57.851147 -0.976472 -0.200427 -0.079574 0.739136 0.938036 2 33 0.991855 34 0.008145
  33 -24.714266 2.483937 57.849991 -0.977545 -0.198884 -0.069647 0.739136 0.938036 2 33 0.991855 34 0.008145
  33 -24.702518 2.452543 57.704971 -0.985660 -0.168676 -0.004868 0.723944 0.938036 2 33 0.986111 34 0.013889
ring
  33 -24.721331 2.385626 58.039753 -0.965111 -0.174813 -0.194937 0.760267 0.938036 2 33 0.991855 34 0.008145
  33 -24.722746 2.389782 58.043030 -0.965105 -0.174825 -0.194960 0.760267 0.938036 2 33 0.991855 34 0.008145
  33 -24.721939 2.441880 57.992325 -0.969895 -0.192567 -0.149069 0.753246 0.938036 2 33 0.991855 34 0.008145
ring
  33 -24.701584 2.446949 57.709469 -0.984637 -0.174192 -0.012116 0.723944 0.938036 2 33 0.986111 34 0.013889
  33 -24.713064 2.477629 57.851147 -0.976472 -0.200427 -0.079574 0.739136 0.938036 2 33 0.991855 34 0.008145
  33 -24.702518 2.452543 57.704971 -0.985660 -0.168676 -0.004868 0.723944 0.938036 2 33 0.986111 34 0.013889
ring
  33 -24.722746 2.389782 58.043030 -0.965105 -0.174825 -0.194960 0.760267 0.938036 2 33 0.991855 34 0.008145
  33 -24.721331 2.385626 58.039753 -0.965111 -0.174813 -0.194937 0.760267 0.938036 2 33 0.991855 34 0.008145
  33 -24.723555 2.337660 58.093773 -0.965202 -0.124721 -0.229847 0.767355 0.938036 2 33 0.991855 34 0.008145
ring
  33 -24.701584 2.446949 57.709469 -0.984637 -0.174192 -0.012116 0.723944 0.938036 2 33 0.986111 34 0.013889
  33 -24.702518 2.452543 57.704971 -0.985660 -0.168676 -0.004868 0.723944 0.938036 2 33 0.986111 34 0.013889
  33 -24.690060 2.356199 57.596031 -0.992533 -0.116754 0.035312 0.707482 0.938036 2 33 0.991855 34 0.008145
ring
  33 -24.721331 2.385626 58.039753 -0.965111 -0.174813 -0.194937 0.760267 0.938036 2 33 0.991855 34 0.008145
  33 -24.722111 2.334718 58.089310 -0.964651 -0.109658 -0.239631 0.767355 0.938036 2 33 0.991855 34 0.008145
  33 -24.723555 2.337660 58.093773 -0.965202 -0.124721 -0.229847 0.767355 0.938036 2 33 0.991855 34 0.008145
ring
  33 -24.689411 2.352818 57.603039 -0.992040 -0.121529 0.032965 0.707482 0.938036 2 33 0.991855 34 0.008145
  33 -24.701584 2.446949 57.709469 -0.984637 -0.174192 -0.012116 0.723944 0.938036 2 33 0.986111 34 0.013889
  33 -24.690060 2.356199 57.596031 -0.992533 -0.116754 0.035312 0.707482 0.938036 2 33 0.991855 34 0.008145
ring
  33 -24.689411 2.352818 57.603039 -0.992040 -0.121529 0.032965 0.707482 0.938036 2 33 0.991855 34 0.008145
  33 -24.690060 2.356199 57.596031 -0.992533 -0.116754 0.035312 0.707482 0.938036 2 33 0.991855 34 0.008145
  33 -24.680016 2.220618 57.552425 -0.994759 -0.089583 0.049285 0.690008 0.938036 2 33 0.991855 34 0.008145
ring
  33 -24.679592 2.220357 57.560455 -0.994757 -0.089589 0.049312 0.690008 0.938036 2 33 0.991855 34 0.008145
  33 -24.689411 2.352818 57.603039 -0.992040 -0.121529 0.032965 0.707482 0.938036 2 33 0.991855 34 0.008145
  33 -24.680016 2.220618 57.552425 -0.994759 -0.089583 0.049285 0.690008 0.938036 2 33 0.991855 34 0.008145
ring
  33 -24.722111 2.334718 58.089310 -0.964651 -0.109658 -0.239631 0.767355 0.938036 2 33 0.991855 34 0.008145
  33 -24.715342 2.200557 58.092266 -0.959296 -0.041866 -0.279281 0.780944 0.938036 2 33 0.991855 34 0.008145
  33 -24.723555 2.337660 58.093773 -0.965202 -0.124721 -0.229847 0.767355 0.938036 2 33 0.991855 34 0.008145
ring
  33 -24.715342 2.200557 58.092266 -0.959296 -0.041866 -0.279281 0.780944 0.938036 2 33 0.991855 34 0.008145
  33 -24.716648 2.200350 58.096786 -0.959263 -0.041969 -0.279380 0.780944 0.938036 2 33 0.991855 34 0.008145
  33 -24.723555 2.337660 58.093773 -0.965202 -0.124721 -0.229847 0.767355 0.938036 2 33 0.991855 34 0.008145
ring
  33 -24.716648 2.200350 58.096786 -0.959263 -0.041969 -0.279380 0.780944 0.938036 2 33 0.991855 34 0.008145
  33 -24.715342 2.200557 58.092266 -0.959296 -0.041866 -0.279281 0.780944 0.938036 2 33 0.991855 34 0.008145
  33 -24.708616 2.063645 58.083599 -0.973440 0.036881 -0.225951 0.794543 0.938036 2 33 0.991855 34 0.008145
ring
  33 -24.715342 2.200557 58.092266 -0.959296 -0.041866 -0.279281 0.780944 0.938036 2 33 0.991855 34 0.008145
  33 -24.707512 2.066998 58.079380 -0.971362 0.022903 -0.236497 0.794543 0.938036 2 33 0.991855 34 0.008145
  33 -24.708616 2.063645 58.083599 -0.973440 0.036881 -0.225951 0.794543 0.938036 2 33 0.991855 34 0.008145
ring
  33 -24.707512 2.066998 58.079380 -0.971362 0.022903 -0.236497 0.794543 0.938036 2 33 0.991855 34 0.008145
  33 -24.701401 2.019929 58.026192 -0.978846 0.083449 -0.186808 0.801686 0.938036 2 33 0.991855 34 0.008145
  33 -24.708616 2.063645 58.083599 -0.973440 0.036881 -0.225951 0.794543 0.938036 2 33 0.991855 34 0.008145
ring
  33 -24.701401 2.019929 58.026192 -0.978846 0.083449 -0.186808 0.801686 0.938036 2 33 0.991855 34 0.008145
  33 -24.702347 2.015443 58.029137 -0.978865 0.083338 -0.186756 0.801686 0.938036 2 33 0.991855 34 0.008145
  33 -24.708616 2.063645 58.083599 -0.973440 0.036881 -0.225951 0.794543 0.938036 2 33 0.991855 34 0.008145
ring
  33 -24.702347 2.015443 58.029137 -0.978865 0.083338 -0.186756 0.801686 0.938036 2 33 0.991855 34 0.008145
  33 -24.701401 2.019929 58.026192 -0.978846 0.083449 -0.186808 0.801686 0.938036 2 33 0.991855 34 0.008145
  33 -24.696074 1.967242 57.974693 -0.984926 0.099908 -0.141205 0.808764 0.938036 2 33 0.991855 34 0.008145
ring
  33 -24.701401 2.019929 58.026192 -0.978846 0.083449 -0.186808 0.801686 0.938036 2 33 0.991855 34 0.008145
  33 -24.695263 1.972834 57.972984 -0.983902 0.097353 -0.149867 0.808764 0.938036 2 33 0.991855 34 0.008145
  33 -24.696074 1.967242 57.974693 -0.984926 0.099908 -0.141205 0.808764 0.938036 2 33 0.991855 34 0.008145
ring
  33 -24.696074 1.967242 57.974693 -0.984926 0.099908 -0.141205 0.808764 0.938036 2 33 0.991855 34 0.008145
  33 -24.695263 1.972834 57.972984 -0.983902 0.097353 -0.149867 0.808764 0.938036 2 33 0.991855 34 0.008145
  33 -24.684330 1.935929 57.829586 -0.993124 0.101123 -0.058981 0.822939 0.938036 1 33 1.000000
ring
  33 -24.695263 1.972834 57.972984 -0.983902 0.097353 -0.149867 0.808764 0.938036 2 33 0.991855 34 0.008145
  33 -24.683786 1.942237 57.831207 -0.992169 0.103750 -0.069550 0.822939 0.938036 1 33 1.000000
  33 -24.684330 1.935929 57.829586 -0.993124 0.101123 -0.058981 0.822939 0.938036 1 33 1.000000
ring
  33 -24.684330 1.935929 57.829586 -0.993124 0.101123 -0.058981 0.822939 0.938036 1 33 1.000000
  33 -24.683786 1.942237 57.831207 -0.992169 0.103750 -0.069550 0.822939 0.938036 1 33 1.000000
  33 -24.676712 1.977991 57.687260 -0.998002 0.062995 0.004881 0.838212 0.938036 1 33 1.000000
ring
  33 -24.683786 1.942237 57.831207 -0.992169 0.103750 -0.069550 0.822939 0.938036 1 33 1.000000
  33 -24.676352 1.983336 57.692165 -0.997592 0.069322 -0.002086 0.838212 0.938036 1 33 1.000000
  33 -24.676712 1.977991 57.687260 -0.998002 0.062995 0.004881 0.838212 0.938036 1 33 1.000000
ring
  33 -24.676712 1.977991 57.687260 -0.998002 0.062995 0.004881 0.838212 0.938036 1 33 1.000000
  33 -24.676352 1.983336 57.692165 -0.997592 0.069322 -0.002086 0.838212 0.938036 1 33 1.000000
  33 -24.675184 2.082212 57.585793 -0.998999 0.008275 0.043962 0.854761 0.938036 1 33 1.000000
ring
  33 -24.676352 1.983336 57.692165 -0.997592 0.069322 -0.002086 0.838212 0.938036 1 33 1.000000
  33 -24.674841 2.085154 57.593037 -0.999033 0.013396 0.041875 0.854761 0.938036 1 33 1.000000
  33 -24.675184 2.082212 57.585793 -0.998999 0.008275 0.043962 0.854761 0.938036 1 33 1.000000
ring
  33 -24.675184 2.082212 57.585793 -0.998999 0.008275 0.043962 0.854761 0.938036 1 33 1.000000
  33 -24.674841 2.085154 57.593037 -0.999033 0.013396 0.041875 0.854761 0.938036 1 33 1.000000
  33 -24.680016 2.220618 57.552425 -0.998397 -0.022606 0.051878 0.872572 0.938036 2 33 0.991855 34 0.008145
ring
  33 -24.674841 2.085154 57.593037 -0.999033 0.013396 0.041875 0.854761 0.938036 1 33 1.000000
  33 -24.679592 2.220357 57.560455 -0.998405 -0.022659 0.051700 0.872572 0.938036 2 33 0.991855 34 0.008145
  33 -24.680016 2.220618 57.552425 -0.998397 -0.022606 0.051878 0.872572 0.938036 2 33 0.991855 34 0.008145
ring
  33 -24.670725 2.202699 58.096680 0.997327 0.052248 0.051071 0.781063 0.939725 2 33 0.991855 34 0.008145
  33 -24.677750 2.338816 58.096279 0.997421 0.051641 0.049840 0.767800 0.939725 2 33 0.991855 34 0.008145
  33 -24.678139 2.341851 58.100887 0.997419 0.051638 0.049880 0.767800 0.939725 2 33 0.991855 34 0.008145
ring
  33 -24.670952 2.202535 58.101276 0.997326 0.052248 0.051089 0.781063 0.939725 2 33 0.991855 34 0.008145
  33 -24.670725 2.202699 58.096680 0.997327 0.052248 0.051071 0.781063 0.939725 2 33 0.991855 34 0.008145
  33 -24.678139 2.341851 58.100887 0.997419 0.051638 0.049880 0.767800 0.939725 2 33 0.991855 34 0.008145
ring
  33 -24.670725 2.202699 58.096680 0.997327 0.052248 0.051071 0.781063 0.939725 2 33 0.991855 34 0.008145
  33 -24.670952 2.202535 58.101276 0.997326 0.052248 0.051089 0.781063 0.939725 2 33 0.991855 34 0.008145
  33 -24.663183 2.065073 58.091995 0.997317 0.052926 0.050575 0.794167 0.939725 2 33 0.991855 34 0.008145
ring
  33 -24.663137 2.068409 58.087597 0.997318 0.052925 0.050555 0.794167 0.939725 2 33 0.991855 34 0.008145
  33 -24.670725 2.202699 58.096680 0.997327 0.052248 0.051071 0.781063 0.939725 2 33 0.991855 34 0.008145
  33 -24.663183 2.065073 58.091995 0.997317 0.052926 0.050575 0.794167 0.939725 2 33 0.991855 34 0.008145
ring
  39 -25.500423 1.056399 57.830585 -0.041467 -0.858677 0.510837 0.838919 0.944356 2 39 0.500000 40 0.500000
  39 -25.472982 1.050757 57.839111 -0.311500 -0.838205 0.447638 0.838919 0.950228 2 39 0.500000 40 0.500000
  39 -25.500586 1.096661 58.000202 -0.237746 -0.945117 0.224123 0.851334 0.950499 2 39 0.500000 40 0.500000
ring
  40 -25.530140 1.103001 57.995968 0.018667 -0.961470 0.274274 0.851334 0.944506 2 40 0.884945 39 0.115055
  39 -25.500423 1.056399 57.830585 -0.041467 -0.858677 0.510837 0.838919 0.944356 2 39 0.500000 40 0.500000
  39 -25.500586 1.096661 58.000202 -0.237746 -0.945117 0.224123 0.851334 0.950499 2 39 0.500000 40 0.500000
ring
  39 -25.500423 1.056399 57.830585 -0.041467 -0.858677 0.510837 0.838919 0.944356 2 39 0.500000 40 0.500000
  40 -25.530140 1.103001 57.995968 0.018667 -0.961470 0.274274 0.851334 0.944506 2 40 0.884945 39 0.115055
  40 -25.557558 1.093639 57.991844 0.265541 -0.914492 0.305274 0.851334 0.938262 2 40 0.884945 39 0.115055
ring
  39 -25.449207 0.929328 57.722813 -0.381344 -0.482993 0.788222 0.826827 0.950237 2 39 0.500000 40 0.500000
  39 -25.472982 1.050757 57.839111 -0.311500 -0.838205 0.447638 0.838919 0.950228 2 39 0.500000 40 0.500000
  39 -25.500423 1.056399 57.830585 -0.041467 -0.858677 0.510837 0.838919 0.944356 2 39 0.500000 40 0.500000
ring
  40 -25.530554 1.047832 57.830608 0.231790 -0.815371 0.530513 0.838913 0.938355 2 40 0.879115 39 0.120885
  39 -25.500423 1.056399 57.830585 -0.041467 -0.858677 0.510837 0.838919 0.944356 2 39 0.500000 40 0.500000
  40 -25.557558 1.093639 57.991844 0.265541 -0.914492 0.305274 0.851334 0.938262 2 40 0.884945 39 0.115055
ring
  39 -25.476046 0.932019 57.711472 -0.115063 -0.489559 0.864345 0.826820 0.944306 2 39 0.500000 40 0.500000
  39 -25.449207 0.929328 57.722813 -0.381344 -0.482993 0.788222 0.826827 0.950237 2 39 0.500000 40 0.500000
  39 -25.500423 1.056399 57.830585 -0.041467 -0.858677 0.510837 0.838919 0.944356 2 39 0.500000 40 0.500000
ring
  39 -25.476046 0.932019 57.711472 -0.115063 -0.489559 0.864345 0.826820 0.944306 2 39 0.500000 40 0.500000
  39 -25.500423 1.056399 57.830585 -0.041467 -0.858677 0.510837 0.838919 0.944356 2 39 0.500000 40 0.500000
  40 -25.530554 1.047832 57.830608 0.231790 -0.815371 0.530513 0.838913 0.938355 2 40 0.879115 39 0.120885
ring
  39 -25.434177 0.765022 57.682568 -0.405562 0.001883 0.914066 0.814732 0.950256 2 39 0.908487 40 0.091513
  39 -25.449207 0.929328 57.722813 -0.381344 -0.482993 0.788222 0.826827 0.950237 2 39 0.500000 40 0.500000
  39 -25.476046 0.932019 57.711472 -0.115063 -0.489559 0.864345 0.826820 0.944306 2 39 0.500000 40 0.500000
ring
  39 -25.504744 0.926916 57.713997 0.158761 -0.459846 0.873692 0.826813 0.938371 2 39 0.500000 40 0.500000
  39 -25.476046 0.932019 57.711472 -0.115063 -0.489559 0.864345 0.826820 0.944306 2 39 0.500000 40 0.500000
  40 -25.530554 1.047832 57.830608 0.231790 -0.815371 0.530513 0.838913 0.938355 2 40 0.879115 39 0.120885
ring
  39 -25.462095 0.763639 57.670212 -0.149512 0.013165 0.988672 0.814725 0.944323 2 39 0.500000 40 0.500000
  39 -25.434177 0.765022 57.682568 -0.405562 0.001883 0.914066 0.814732 0.950256 2 39 0.908487 40 0.091513
  39 -25.476046 0.932019 57.711472 -0.115063 -0.489559 0.864345 0.826820 0.944306 2 39 0.500000 40 0.500000
ring
  39 -25.462095 0.763639 57.670212 -0.149512 0.013165 0.988672 0.814725 0.944323 2 39 0.500000 40 0.500000
  39 -25.476046 0.932019 57.711472 -0.115063 -0.489559 0.864345 0.826820 0.944306 2 39 0.500000 40 0.500000
  39 -25.504744 0.926916 57.713997 0.158761 -0.459846 0.873692 0.826813 0.938371 2 39 0.500000 40 0.500000
ring
  39 -25.435596 0.601681 57.728981 -0.416545 0.479899 0.772132 0.802637 0.950274 2 39 0.886082 40 0.113918
  39 -25.434177 0.765022 57.682568 -0.405562 0.001883 0.914066 0.814732 0.950256 2 39 0.908487 40 0.091513
  39 -25.462095 0.763639 57.670212 -0.149512 0.013165 0.988672 0.814725 0.944323 2 39 0.500000 40 0.500000
ring
  39 -25.491135 0.762532 57.673676 0.117564 0.023448 0.992788 0.814717 0.938390 2 39 0.500000 40 0.500000
  39 -25.462095 0.763639 57.670212 -0.149512 0.013165 0.988672 0.814725 0.944323 2 39 0.500000 40 0.500000
  39 -25.504744 0.926916 57.713997 0.158761 -0.459846 0.873692 0.826813 0.938371 2 39 0.500000 40 0.500000
ring
  40 -25.462303 0.596397 57.717834 -0.156012 0.510678 0.845499 0.802630 0.944341 2 40 0.501137 39 0.498863
  39 -25.435596 0.601681 57.728981 -0.416545 0.479899 0.772132 0.802637 0.950274 2 39 0.886082 40 0.113918
  39 -25.462095 0.763639 57.670212 -0.149512 0.013165 0.988672 0.814725 0.944323 2 39 0.500000 40 0.500000
ring
  40 -25.462303 0.596397 57.717834 -0.156012 0.510678 0.845499 0.802630 0.944341 2 40 0.501137 39 0.498863
  39 -25.462095 0.763639 57.670212 -0.149512 0.013165 0.988672 0.814725 0.944323 2 39 0.500000 40 0.500000
  39 -25.491135 0.762532 57.673676 0.117564 0.023448 0.992788 0.814717 0.938390 2 39 0.500000 40 0.500000
ring
  39 -25.450882 0.483268 57.849686 -0.391126 0.822061 0.413805 0.790543 0.950293 2 39 0.884945 40 0.115055
  39 -25.435596 0.601681 57.728981 -0.416545 0.479899 0.772132 0.802637 0.950274 2 39 0.886082 40 0.113918
  40 -25.462303 0.596397 57.717834 -0.156012 0.510678 0.845499 0.802630 0.944341 2 40 0.501137 39 0.498863
ring
  40 -25.491379 0.599245 57.720165 0.117793 0.502612 0.856450 0.802622 0.938408 2 40 0.501137 39 0.498863
  40 -25.462303 0.596397 57.717834 -0.156012 0.510678 0.845499 0.802630 0.944341 2 40 0.501137 39 0.498863
  39 -25.491135 0.762532 57.673676 0.117564 0.023448 0.992788 0.814717 0.938390 2 39 0.500000 40 0.500000
ring
  39 -25.476658 0.475044 57.841587 -0.120763 0.870696 0.476766 0.790535 0.944360 2 39 0.500000 40 0.500000
  39 -25.450882 0.483268 57.849686 -0.391126 0.822061 0.413805 0.790543 0.950293 2 39 0.884945 40 0.115055
  40 -25.462303 0.596397 57.717834 -0.156012 0.510678 0.845499 0.802630 0.944341 2 40 0.501137 39 0.498863
ring
  39 -25.476658 0.475044 57.841587 -0.120763 0.870696 0.476766 0.790535 0.944360 2 39 0.500000 40 0.500000
  40 -25.462303 0.596397 57.717834 -0.156012 0.510678 0.845499 0.802630 0.944341 2 40 0.501137 39 0.498863
  40 -25.491379 0.599245 57.720165 0.117793 0.502612 0.856450 0.802622 0.938408 2 40 0.501137 39 0.498863
ring
  39 -25.473824 0.441321 58.012577 -0.312054 0.948262 -0.058492 0.778448 0.950311 2 39 0.500000 40 0.500000
  39 -25.450882 0.483268 57.849686 -0.391126 0.822061 0.413805 0.790543 0.950293 2 39 0.884945 40 0.115055
  39 -25.476658 0.475044 57.841587 -0.120763 0.870696 0.476766 0.790535 0.944360 2 39 0.500000 40 0.500000
ring
  39 -25.505342 0.480765 57.840969 0.158927 0.849523 0.503043 0.790528 0.938428 2 39 0.500000 40 0.500000
  39 -25.476658 0.475044 57.841587 -0.120763 0.870696 0.476766 0.790535 0.944360 2 39 0.500000 40 0.500000
  40 -25.491379 0.599245 57.720165 0.117793 0.502612 0.856450 0.802622 0.938408 2 40 0.501137 39 0.498863
ring
  39 -25.501295 0.432108 58.008316 -0.038077 0.999134 -0.016763 0.778441 0.944379 2 39 0.500000 40 0.500000
  39 -25.476658 0.475044 57.841587 -0.120763 0.870696 0.476766 0.790535 0.944360 2 39 0.500000 40 0.500000
  39 -25.505342 0.480765 57.840969 0.158927 0.849523 0.503043 0.790528 0.938428 2 39 0.500000 40 0.500000
ring
  39 -25.501295 0.432108 58.008316 -0.038077 0.999134 -0.016763 0.778441 0.944379 2 39 0.500000 40 0.500000
  39 -25.473824 0.441321 58.012577 -0.312054 0.948262 -0.058492 0.778448 0.950311 2 39 0.500000 40 0.500000
  39 -25.476658 0.475044 57.841587 -0.120763 0.870696 0.476766 0.790535 0.944360 2 39 0.500000 40 0.500000
ring
  40 -25.527191 0.438447 58.004337 0.233859 0.971982 0.023689 0.778433 0.938446 2 40 0.884945 39 0.115055
  39 -25.501295 0.432108 58.008316 -0.038077 0.999134 -0.016763 0.778441 0.944379 2 39 0.500000 40 0.500000
  39 -25.505342 0.480765 57.840969 0.158927 0.849523 0.503043 0.790528 0.938428 2 39 0.500000 40 0.500000
ring
  39 -25.501295 0.432108 58.008316 -0.038077 0.999134 -0.016763 0.778441 0.944379 2 39 0.500000 40 0.500000
  40 -25.526714 0.478814 58.173908 0.018024 0.858158 -0.513070 0.766347 0.944397 2 40 0.879115 39 0.120885
  39 -25.473824 0.441321 58.012577 -0.312054 0.948262 -0.058492 0.778448 0.950311 2 39 0.500000 40 0.500000
ring
  40 -25.526714 0.478814 58.173908 0.018024 0.858158 -0.513070 0.766347 0.944397 2 40 0.879115 39 0.120885
  39 -25.501295 0.432108 58.008316 -0.038077 0.999134 -0.016763 0.778441 0.944379 2 39 0.500000 40 0.500000
  40 -25.527191 0.438447 58.004337 0.233859 0.971982 0.023689 0.778433 0.938446 2 40 0.884945 39 0.115055
ring
  40 -25.526714 0.478814 58.173908 0.018024 0.858158 -0.513070 0.766347 0.944397 2 40 0.879115 39 0.120885
  39 -25.501423 0.487225 58.173679 -0.269147 0.801009 -0.534738 0.766355 0.950329 2 39 0.500000 40 0.500000
  39 -25.473824 0.441321 58.012577 -0.312054 0.948262 -0.058492 0.778448 0.950311 2 39 0.500000 40 0.500000
ring
  40 -25.554239 0.484307 58.165573 0.303896 0.839698 -0.450060 0.766340 0.938465 2 40 0.879115 39 0.120885
  40 -25.526714 0.478814 58.173908 0.018024 0.858158 -0.513070 0.766347 0.944397 2 40 0.879115 39 0.120885
  40 -25.527191 0.438447 58.004337 0.233859 0.971982 0.023689 0.778433 0.938446 2 40 0.884945 39 0.115055
ring
  40 -25.526714 0.478814 58.173908 0.018024 0.858158 -0.513070 0.766347 0.944397 2 40 0.879115 39 0.120885
  40 -25.551090 0.603066 58.293106 0.114440 0.438194 -0.891566 0.754255 0.944415 2 40 0.883059 39 0.116941
  39 -25.501423 0.487225 58.173679 -0.269147 0.801009 -0.534738 0.766355 0.950329 2 39 0.500000 40 0.500000
ring
  40 -25.551090 0.603066 58.293106 0.114440 0.438194 -0.891566 0.754255 0.944415 2 40 0.883059 39 0.116941
  40 -25.526714 0.478814 58.173908 0.018024 0.858158 -0.513070 0.766347 0.944397 2 40 0.879115 39 0.120885
  40 -25.554239 0.484307 58.165573 0.303896 0.839698 -0.450060 0.766340 0.938465 2 40 0.879115 39 0.120885
ring
  40 -25.551090 0.603066 58.293106 0.114440 0.438194 -0.891566 0.754255 0.944415 2 40 0.883059 39 0.116941
  40 -25.522432 0.608359 58.290485 -0.156636 0.402119 -0.902089 0.754262 0.950347 2 40 0.883059 39 0.116941
  39 -25.501423 0.487225 58.173679 -0.269147 0.801009 -0.534738 0.766355 0.950329 2 39 0.500000 40 0.500000
ring
  40 -25.578030 0.605609 58.281933 0.380486 0.427539 -0.820025 0.754247 0.938484 2 40 0.883059 39 0.116941
  40 -25.551090 0.603066 58.293106 0.114440 0.438194 -0.891566 0.754255 0.944415 2 40 0.883059 39 0.116941
  40 -25.554239 0.484307 58.165573 0.303896 0.839698 -0.450060 0.766340 0.938465 2 40 0.879115 39 0.120885
ring
  40 -25.533741 0.772466 58.309708 -0.121181 -0.024525 -0.992327 0.742171 0.950365 2 40 0.833333 39 0.166667
  40 -25.522432 0.608359 58.290485 -0.156636 0.402119 -0.902089 0.754262 0.950347 2 40 0.883059 39 0.116941
  40 -25.551090 0.603066 58.293106 0.114440 0.438194 -0.891566 0.754255 0.944415 2 40 0.883059 39 0.116941
ring
  40 -25.578030 0.605609 58.281933 0.380486 0.427539 -0.820025 0.754247 0.938484 2 40 0.883059 39 0.116941
  40 -25.589314 0.769755 58.301144 0.415244 0.001819 -0.909708 0.742156 0.938503 2 40 0.833333 39 0.166667
  40 -25.551090 0.603066 58.293106 0.114440 0.438194 -0.891566 0.754255 0.944415 2 40 0.883059 39 0.116941
ring
  40 -25.562740 0.771187 58.313339 0.153083 -0.011670 -0.988144 0.742163 0.944434 2 40 0.833333 39 0.166667
  40 -25.533741 0.772466 58.309708 -0.121181 -0.024525 -0.992327 0.742171 0.950365 2 40 0.833333 39 0.166667
  40 -25.551090 0.603066 58.293106 0.114440 0.438194 -0.891566 0.754255 0.944415 2 40 0.883059 39 0.116941
ring
  40 -25.589314 0.769755 58.301144 0.415244 0.001819 -0.909708 0.742156 0.938503 2 40 0.833333 39 0.166667
  40 -25.562740 0.771187 58.313339 0.153083 -0.011670 -0.988144 0.742163 0.944434 2 40 0.833333 39 0.166667
  40 -25.551090 0.603066 58.293106 0.114440 0.438194 -0.891566 0.754255 0.944415 2 40 0.883059 39 0.116941
ring
  40 -25.562740 0.771187 58.313339 0.153083 -0.011670 -0.988144 0.742163 0.944434 2 40 0.833333 39 0.166667
  40 -25.566637 0.938649 58.286736 0.156624 -0.458117 -0.874985 0.730072 0.944451 2 40 0.883059 39 0.116941
  40 -25.533741 0.772466 58.309708 -0.121181 -0.024525 -0.992327 0.742171 0.950365 2 40 0.833333 39 0.166667
ring
  40 -25.566637 0.938649 58.286736 0.156624 -0.458117 -0.874985 0.730072 0.944451 2 40 0.883059 39 0.116941
  40 -25.562740 0.771187 58.313339 0.153083 -0.011670 -0.988144 0.742163 0.944434 2 40 0.833333 39 0.166667
  40 -25.589314 0.769755 58.301144 0.415244 0.001819 -0.909708 0.742156 0.938503 2 40 0.833333 39 0.166667
ring
  40 -25.566637 0.938649 58.286736 0.156624 -0.458117 -0.874985 0.730072 0.944451 2 40 0.883059 39 0.116941
  40 -25.537607 0.935955 58.284241 -0.117988 -0.447982 -0.886223 0.730080 0.950384 2 40 0.883059 39 0.116941
  40 -25.533741 0.772466 58.309708 -0.121181 -0.024525 -0.992327 0.742171 0.950365 2 40 0.833333 39 0.166667
ring
  40 -25.593187 0.933206 58.275719 0.419836 -0.421421 -0.803830 0.730065 0.938522 2 40 0.883059 39 0.116941
  40 -25.566637 0.938649 58.286736 0.156624 -0.458117 -0.874985 0.730072 0.944451 2 40 0.883059 39 0.116941
  40 -25.589314 0.769755 58.301144 0.415244 0.001819 -0.909708 0.742156 0.938503 2 40 0.833333 39 0.166667
ring
  40 -25.566637 0.938649 58.286736 0.156624 -0.458117 -0.874985 0.730072 0.944451 2 40 0.883059 39 0.116941
  40 -25.553585 1.060039 58.162849 0.116045 -0.870897 -0.477569 0.717977 0.944403 2 40 0.879115 39 0.120885
  40 -25.537607 0.935955 58.284241 -0.117988 -0.447982 -0.886223 0.730080 0.950384 2 40 0.883059 39 0.116941
ring
  40 -25.553585 1.060039 58.162849 0.116045 -0.870897 -0.477569 0.717977 0.944403 2 40 0.879115 39 0.120885
  40 -25.566637 0.938649 58.286736 0.156624 -0.458117 -0.874985 0.730072 0.944451 2 40 0.883059 39 0.116941
  40 -25.593187 0.933206 58.275719 0.419836 -0.421421 -0.803830 0.730065 0.938522 2 40 0.883059 39 0.116941
ring
  40 -25.580467 1.051687 58.154774 0.381837 -0.824247 -0.418110 0.717977 0.938532 2 40 0.879115 39 0.120885
  40 -25.553585 1.060039 58.162849 0.116045 -0.870897 -0.477569 0.717977 0.944403 2 40 0.879115 39 0.120885
  40 -25.593187 0.933206 58.275719 0.419836 -0.421421 -0.803830 0.730065 0.938522 2 40 0.883059 39 0.116941
ring
  40 -25.580467 1.051687 58.154774 0.381837 -0.824247 -0.418110 0.717977 0.938532 2 40 0.879115 39 0.120885
  40 -25.557558 1.093639 57.991844 0.342661 -0.920292 -0.188800 0.705565 0.938262 2 40 0.884945 39 0.115055
  40 -25.553585 1.060039 58.162849 0.116045 -0.870897 -0.477569 0.717977 0.944403 2 40 0.879115 39 0.120885
ring
  40 -25.553585 1.060039 58.162849 0.116045 -0.870897 -0.477569 0.717977 0.944403 2 40 0.879115 39 0.120885
  40 -25.524897 1.054432 58.163292 -0.157731 -0.851339 -0.500342 0.717983 0.950401 2 40 0.879115 39 0.120885
  40 -25.537607 0.935955 58.284241 -0.117988 -0.447982 -0.886223 0.730080 0.950384 2 40 0.883059 39 0.116941
ring
  40 -25.557558 1.093639 57.991844 0.342661 -0.920292 -0.188800 0.705565 0.938262 2 40 0.884945 39 0.115055
  40 -25.530140 1.103001 57.995968 0.089702 -0.967187 -0.237703 0.705565 0.944254 2 40 0.884945 39 0.115055
  40 -25.553585 1.060039 58.162849 0.116045 -0.870897 -0.477569 0.717977 0.944403 2 40 0.879115 39 0.120885
ring
  40 -25.553585 1.060039 58.162849 0.116045 -0.870897 -0.477569 0.717977 0.944403 2 40 0.879115 39 0.120885
  40 -25.530140 1.103001 57.995968 0.089702 -0.967187 -0.237703 0.705565 0.944254 2 40 0.884945 39 0.115055
  40 -25.524897 1.054432 58.163292 -0.157731 -0.851339 -0.500342 0.717983 0.950401 2 40 0.879115 39 0.120885
ring
  40 -25.530140 1.103001 57.995968 0.089702 -0.967187 -0.237703 0.705565 0.944254 2 40 0.884945 39 0.115055
  39 -25.500586 1.096661 58.000202 -0.164837 -0.948593 -0.270186 0.705565 0.950495 2 39 0.500000 40 0.500000
  40 -25.524897 1.054432 58.163292 -0.157731 -0.851339 -0.500342 0.717983 0.950401 2 40 0.879115 39 0.120885
ring
  40 -25.461487 0.593632 57.713257 0.155343 -0.511167 -0.845326 0.802630 0.944341 2 40 0.501137 39 0.498863
  39 -25.434317 0.599020 57.724579 0.416763 -0.480751 -0.771484 0.802637 0.950274 2 39 0.886082 40 0.113918
  39 -25.449879 0.478667 57.847248 0.391174 -0.822158 -0.413567 0.790543 0.950293 2 39 0.884945 40 0.115055
ring
  39 -25.434317 0.599020 57.724579 0.416763 -0.480751 -0.771484 0.802637 0.950274 2 39 0.886082 40 0.113918
  40 -25.461487 0.593632 57.713257 0.155343 -0.511167 -0.845326 0.802630 0.944341 2 40 0.501137 39 0.498863
  39 -25.432869 0.764973 57.677422 0.405264 0.000404 -0.914200 0.814732 0.950256 2 39 0.908487 40 0.091513
ring
  39 -25.476049 0.470339 57.838985 0.120821 -0.870627 -0.476877 0.790535 0.944360 2 39 0.500000 40 0.500000
  40 -25.461487 0.593632 57.713257 0.155343 -0.511167 -0.845326 0.802630 0.944341 2 40 0.501137 39 0.498863
  39 -25.449879 0.478667 57.847248 0.391174 -0.822158 -0.413567 0.790543 0.950293 2 39 0.884945 40 0.115055
ring
  39 -25.476049 0.470339 57.838985 0.120821 -0.870627 -0.476877 0.790535 0.944360 2 39 0.500000 40 0.500000
  39 -25.449879 0.478667 57.847248 0.391174 -0.822158 -0.413567 0.790543 0.950293 2 39 0.884945 40 0.115055
  39 -25.473160 0.436054 58.012749 0.308506 -0.949248 0.061254 0.778448 0.950311 2 39 0.500000 40 0.500000
ring
  40 -25.461487 0.593632 57.713257 0.155343 -0.511167 -0.845326 0.802630 0.944341 2 40 0.501137 39 0.498863
  39 -25.461241 0.763599 57.664867 0.149470 -0.011874 -0.988695 0.814725 0.944323 2 39 0.500000 40 0.500000
  39 -25.432869 0.764973 57.677422 0.405264 0.000404 -0.914200 0.814732 0.950256 2 39 0.908487 40 0.091513
ring
  39 -25.432869 0.764973 57.677422 0.405264 0.000404 -0.914200 0.814732 0.950256 2 39 0.908487 40 0.091513
  39 -25.461241 0.763599 57.664867 0.149470 -0.011874 -0.988695 0.814725 0.944323 2 39 0.500000 40 0.500000
  39 -25.448126 0.931935 57.718300 0.379751 0.481732 -0.789761 0.826827 0.950237 2 39 0.500000 40 0.500000
ring
  40 -25.490971 0.596521 57.715614 -0.117839 -0.502472 -0.856525 0.802622 0.938408 2 40 0.501137 39 0.498863
  40 -25.461487 0.593632 57.713257 0.155343 -0.511167 -0.845326 0.802630 0.944341 2 40 0.501137 39 0.498863
  39 -25.476049 0.470339 57.838985 0.120821 -0.870627 -0.476877 0.790535 0.944360 2 39 0.500000 40 0.500000
ring
  40 -25.490971 0.596521 57.715614 -0.117839 -0.502472 -0.856525 0.802622 0.938408 2 40 0.501137 39 0.498863
  39 -25.490746 0.762457 57.668396 -0.117723 -0.023529 -0.992768 0.814717 0.938390 2 39 0.500000 40 0.500000
  40 -25.461487 0.593632 57.713257 0.155343 -0.511167 -0.845326 0.802630 0.944341 2 40 0.501137 39 0.498863
ring
  39 -25.490746 0.762457 57.668396 -0.117723 -0.023529 -0.992768 0.814717 0.938390 2 39 0.500000 40 0.500000
  39 -25.461241 0.763599 57.664867 0.149470 -0.011874 -0.988695 0.814725 0.944323 2 39 0.500000 40 0.500000
  40 -25.461487 0.593632 57.713257 0.155343 -0.511167 -0.845326 0.802630 0.944341 2 40 0.501137 39 0.498863
ring
  39 -25.505186 0.476137 57.838383 -0.158929 -0.849683 -0.502772 0.790528 0.938428 2 39 0.500000 40 0.500000
  40 -25.490971 0.596521 57.715614 -0.117839 -0.502472 -0.856525 0.802622 0.938408 2 40 0.501137 39 0.498863
  39 -25.476049 0.470339 57.838985 0.120821 -0.870627 -0.476877 0.790535 0.944360 2 39 0.500000 40 0.500000
ring
  39 -25.461241 0.763599 57.664867 0.149470 -0.011874 -0.988695 0.814725 0.944323 2 39 0.500000 40 0.500000
  39 -25.490746 0.762457 57.668396 -0.117723 -0.023529 -0.992768 0.814717 0.938390 2 39 0.500000 40 0.500000
  39 -25.475395 0.934666 57.706821 0.116228 0.488947 -0.864536 0.826820 0.944306 2 39 0.500000 40 0.500000
ring
  39 -25.461241 0.763599 57.664867 0.149470 -0.011874 -0.988695 0.814725 0.944323 2 39 0.500000 40 0.500000
  39 -25.475395 0.934666 57.706821 0.116228 0.488947 -0.864536 0.826820 0.944306 2 39 0.500000 40 0.500000
  39 -25.448126 0.931935 57.718300 0.379751 0.481732 -0.789761 0.826827 0.950237 2 39 0.500000 40 0.500000
ring
  39 -25.490746 0.762457 57.668396 -0.117723 -0.023529 -0.992768 0.814717 0.938390 2 39 0.500000 40 0.500000
  39 -25.504578 0.929455 57.709332 -0.157289 0.459400 -0.874192 0.826813 0.938371 2 39 0.500000 40 0.500000
  39 -25.475395 0.934666 57.706821 0.116228 0.488947 -0.864536 0.826820 0.944306 2 39 0.500000 40 0.500000
ring
  39 -25.448126 0.931935 57.718300 0.379751 0.481732 -0.789761 0.826827 0.950237 2 39 0.500000 40 0.500000
  39 -25.475395 0.934666 57.706821 0.116228 0.488947 -0.864536 0.826820 0.944306 2 39 0.500000 40 0.500000
  39 -25.472307 1.055307 57.836456 0.308747 0.839719 -0.446707 0.838919 0.950228 2 39 0.500000 40 0.500000
ring
  39 -25.475395 0.934666 57.706821 0.116228 0.488947 -0.864536 0.826820 0.944306 2 39 0.500000 40 0.500000
  39 -25.504578 0.929455 57.709332 -0.157289 0.459400 -0.874192 0.826813 0.938371 2 39 0.500000 40 0.500000
  39 -25.500175 1.061026 57.827850 0.042202 0.859458 -0.509461 0.838919 0.944356 2 39 0.500000 40 0.500000
ring
  39 -25.475395 0.934666 57.706821 0.116228 0.488947 -0.864536 0.826820 0.944306 2 39 0.500000 40 0.500000
  39 -25.500175 1.061026 57.827850 0.042202 0.859458 -0.509461 0.838919 0.944356 2 39 0.500000 40 0.500000
  39 -25.472307 1.055307 57.836456 0.308747 0.839719 -0.446707 0.838919 0.950228 2 39 0.500000 40 0.500000
ring
  39 -25.504578 0.929455 57.709332 -0.157289 0.459400 -0.874192 0.826813 0.938371 2 39 0.500000 40 0.500000
  40 -25.530800 1.052348 57.827831 -0.230955 0.815850 -0.530141 0.838913 0.938355 2 40 0.879115 39 0.120885
  39 -25.500175 1.061026 57.827850 0.042202 0.859458 -0.509461 0.838919 0.944356 2 39 0.500000 40 0.500000
ring
  40 -25.530800 1.052348 57.827831 -0.230955 0.815850 -0.530141 0.838913 0.938355 2 40 0.879115 39 0.120885
  40 -25.558249 1.098902 57.991673 -0.265184 0.914543 -0.305432 0.851334 0.938262 2 40 0.884945 39 0.115055
  39 -25.500175 1.061026 57.827850 0.042202 0.859458 -0.509461 0.838919 0.944356 2 39 0.500000 40 0.500000
ring
  40 -25.558249 1.098902 57.991673 -0.265184 0.914543 -0.305432 0.851334 0.938262 2 40 0.884945 39 0.115055
  40 -25.530386 1.108413 57.995884 -0.016666 0.960973 -0.276140 0.851334 0.944506 2 40 0.884945 39 0.115055
  39 -25.500175 1.061026 57.827850 0.042202 0.859458 -0.509461 0.838919 0.944356 2 39 0.500000 40 0.500000
ring
  39 -25.500175 1.061026 57.827850 0.042202 0.859458 -0.509461 0.838919 0.944356 2 39 0.500000 40 0.500000
  40 -25.530386 1.108413 57.995884 -0.016666 0.960973 -0.276140 0.851334 0.944506 2 40 0.884945 39 0.115055
  39 -25.472307 1.055307 57.836456 0.308747 0.839719 -0.446707 0.838919 0.950228 2 39 0.500000 40 0.500000
ring
  40 -25.530386 1.108413 57.995884 -0.016666 0.960973 -0.276140 0.851334 0.944506 2 40 0.884945 39 0.115055
  39 -25.500387 1.101959 58.000172 0.235856 0.944496 -0.228691 0.851334 0.950499 2 39 0.500000 40 0.500000
  39 -25.472307 1.055307 57.836456 0.308747 0.839719 -0.446707 0.838919 0.950228 2 39 0.500000 40 0.500000
ring
  39 -25.505186 0.476137 57.838383 -0.158929 -0.849683 -0.502772 0.790528 0.938428 2 39 0.500000 40 0.500000
  39 -25.476049 0.470339 57.838985 0.120821 -0.870627 -0.476877 0.790535 0.944360 2 39 0.500000 40 0.500000
  39 -25.501057 0.426732 58.008430 0.038998 -0.999069 0.018424 0.778441 0.944379 2 39 0.500000 40 0.500000
ring
  39 -25.501057 0.426732 58.008430 0.038998 -0.999069 0.018424 0.778441 0.944379 2 39 0.500000 40 0.500000
  39 -25.476049 0.470339 57.838985 0.120821 -0.870627 -0.476877 0.790535 0.944360 2 39 0.500000 40 0.500000
  39 -25.473160 0.436054 58.012749 0.308506 -0.949248 0.061254 0.778448 0.950311 2 39 0.500000 40 0.500000
ring
  40 -25.527414 0.433148 58.004364 -0.232628 -0.972277 -0.023703 0.778433 0.938446 2 40 0.884945 39 0.115055
  39 -25.505186 0.476137 57.838383 -0.158929 -0.849683 -0.502772 0.790528 0.938428 2 39 0.500000 40 0.500000
  39 -25.501057 0.426732 58.008430 0.038998 -0.999069 0.018424 0.778441 0.944379 2 39 0.500000 40 0.500000
ring
  39 -25.501057 0.426732 58.008430 0.038998 -0.999069 0.018424 0.778441 0.944379 2 39 0.500000 40 0.500000
  39 -25.473160 0.436054 58.012749 0.308506 -0.949248 0.061254 0.778448 0.950311 2 39 0.500000 40 0.500000
  39 -25.501190 0.482707 58.176479 0.267020 -0.803614 0.531888 0.766355 0.950329 2 39 0.500000 40 0.500000
ring
  40 -25.527414 0.433148 58.004364 -0.232628 -0.972277 -0.023703 0.778433 0.938446 2 40 0.884945 39 0.115055
  39 -25.501057 0.426732 58.008430 0.038998 -0.999069 0.018424 0.778441 0.944379 2 39 0.500000 40 0.500000
  40 -25.526903 0.474149 58.176674 -0.016755 -0.859002 0.511697 0.766347 0.944397 2 40 0.879115 39 0.120885
ring
  40 -25.526903 0.474149 58.176674 -0.016755 -0.859002 0.511697 0.766347 0.944397 2 40 0.879115 39 0.120885
  39 -25.501057 0.426732 58.008430 0.038998 -0.999069 0.018424 0.778441 0.944379 2 39 0.500000 40 0.500000
  39 -25.501190 0.482707 58.176479 0.267020 -0.803614 0.531888 0.766355 0.950329 2 39 0.500000 40 0.500000
ring
  40 -25.554876 0.479718 58.168190 -0.303767 -0.839788 0.449979 0.766340 0.938465 2 40 0.879115 39 0.120885
  40 -25.527414 0.433148 58.004364 -0.232628 -0.972277 -0.023703 0.778433 0.938446 2 40 0.884945 39 0.115055
  40 -25.526903 0.474149 58.176674 -0.016755 -0.859002 0.511697 0.766347 0.944397 2 40 0.879115 39 0.120885
ring
  40 -25.551678 0.600417 58.297802 -0.113976 -0.438890 0.891283 0.754255 0.944415 2 40 0.883059 39 0.116941
  40 -25.526903 0.474149 58.176674 -0.016755 -0.859002 0.511697 0.766347 0.944397 2 40 0.879115 39 0.120885
  39 -25.501190 0.482707 58.176479 0.267020 -0.803614 0.531888 0.766355 0.950329 2 39 0.500000 40 0.500000
ring
  40 -25.554876 0.479718 58.168190 -0.303767 -0.839788 0.449979 0.766340 0.938465 2 40 0.879115 39 0.120885
  40 -25.526903 0.474149 58.176674 -0.016755 -0.859002 0.511697 0.766347 0.944397 2 40 0.879115 39 0.120885
  40 -25.551678 0.600417 58.297802 -0.113976 -0.438890 0.891283 0.754255 0.944415 2 40 0.883059 39 0.116941
ring
  40 -25.522556 0.605783 58.295094 0.158240 -0.403019 0.901407 0.754262 0.950347 2 40 0.883059 39 0.116941
  40 -25.551678 0.600417 58.297802 -0.113976 -0.438890 0.891283 0.754255 0.944415 2 40 0.883059 39 0.116941
  39 -25.501190 0.482707 58.176479 0.267020 -0.803614 0.531888 0.766355 0.950329 2 39 0.500000 40 0.500000
ring
  40 -25.579044 0.602998 58.286442 -0.380865 -0.428427 0.819385 0.754247 0.938484 2 40 0.883059 39 0.116941
  40 -25.554876 0.479718 58.168190 -0.303767 -0.839788 0.449979 0.766340 0.938465 2 40 0.879115 39 0.120885
  40 -25.551678 0.600417 58.297802 -0.113976 -0.438890 0.891283 0.754255 0.944415 2 40 0.883059 39 0.116941
ring
  40 -25.551678 0.600417 58.297802 -0.113976 -0.438890 0.891283 0.754255 0.944415 2 40 0.883059 39 0.116941
  40 -25.522556 0.605783 58.295094 0.158240 -0.403019 0.901407 0.754262 0.950347 2 40 0.883059 39 0.116941
  40 -25.534081 0.772540 58.315010 0.119978 0.024445 0.992475 0.742171 0.950365 2 40 0.833333 39 0.166667
ring
  40 -25.590588 0.769795 58.306282 -0.414756 -0.001791 0.909931 0.742156 0.938503 2 40 0.833333 39 0.166667
  40 -25.579044 0.602998 58.286442 -0.380865 -0.428427 0.819385 0.754247 0.938484 2 40 0.883059 39 0.116941
  40 -25.551678 0.600417 58.297802 -0.113976 -0.438890 0.891283 0.754255 0.944415 2 40 0.883059 39 0.116941
ring
  40 -25.563591 0.771262 58.318653 -0.153481 0.011749 0.988082 0.742163 0.944434 2 40 0.833333 39 0.166667
  40 -25.551678 0.600417 58.297802 -0.113976 -0.438890 0.891283 0.754255 0.944415 2 40 0.883059 39 0.116941
  40 -25.534081 0.772540 58.315010 0.119978 0.024445 0.992475 0.742171 0.950365 2 40 0.833333 39 0.166667
ring
  40 -25.563591 0.771262 58.318653 -0.153481 0.011749 0.988082 0.742163 0.944434 2 40 0.833333 39 0.166667
  40 -25.590588 0.769795 58.306282 -0.414756 -0.001791 0.909931 0.742156 0.938503 2 40 0.833333 39 0.166667
  40 -25.551678 0.600417 58.297802 -0.113976 -0.438890 0.891283 0.754255 0.944415 2 40 0.883059 39 0.116941
ring
  40 -25.567490 0.941411 58.291313 -0.156682 0.459136 0.874440 0.730072 0.944451 2 40 0.883059 39 0.116941
  40 -25.563591 0.771262 58.318653 -0.153481 0.011749 0.988082 0.742163 0.944434 2 40 0.833333 39 0.166667
  40 -25.534081 0.772540 58.315010 0.119978 0.024445 0.992475 0.742171 0.950365 2 40 0.833333 39 0.166667
ring
  40 -25.590588 0.769795 58.306282 -0.414756 -0.001791 0.909931 0.742156 0.938503 2 40 0.833333 39 0.166667
  40 -25.563591 0.771262 58.318653 -0.153481 0.011749 0.988082 0.742163 0.944434 2 40 0.833333 39 0.166667
  40 -25.567490 0.941411 58.291313 -0.156682 0.459136 0.874440 0.730072 0.944451 2 40 0.883059 39 0.116941
ring
  40 -25.537977 0.938642 58.288765 0.118507 0.448792 0.885743 0.730080 0.950384 2 40 0.883059 39 0.116941
  40 -25.567490 0.941411 58.291313 -0.156682 0.459136 0.874440 0.730072 0.944451 2 40 0.883059 39 0.116941
  40 -25.534081 0.772540 58.315010 0.119978 0.024445 0.992475 0.742171 0.950365 2 40 0.833333 39 0.166667
ring
  40 -25.594463 0.935857 58.280109 -0.420500 0.422222 0.803062 0.730065 0.938522 2 40 0.883059 39 0.116941
  40 -25.590588 0.769795 58.306282 -0.414756 -0.001791 0.909931 0.742156 0.938503 2 40 0.833333 39 0.166667
  40 -25.567490 0.941411 58.291313 -0.156682 0.459136 0.874440 0.730072 0.944451 2 40 0.883059 39 0.116941
ring
  40 -25.554232 1.064742 58.165424 -0.116286 0.870828 0.477637 0.717977 0.944403 2 40 0.879115 39 0.120885
  40 -25.567490 0.941411 58.291313 -0.156682 0.459136 0.874440 0.730072 0.944451 2 40 0.883059 39 0.116941
  40 -25.537977 0.938642 58.288765 0.118507 0.448792 0.885743 0.730080 0.950384 2 40 0.883059 39 0.116941
ring
  40 -25.594463 0.935857 58.280109 -0.420500 0.422222 0.803062 0.730065 0.938522 2 40 0.883059 39 0.116941
  40 -25.567490 0.941411 58.291313 -0.156682 0.459136 0.874440 0.730072 0.944451 2 40 0.883059 39 0.116941
  40 -25.554232 1.064742 58.165424 -0.116286 0.870828 0.477637 0.717977 0.944403 2 40 0.879115 39 0.120885
ring
  40 -25.581551 1.056279 58.157211 -0.381143 0.824528 0.418190 0.717977 0.938532 2 40 0.879115 39 0.120885
  40 -25.594463 0.935857 58.280109 -0.420500 0.422222 0.803062 0.730065 0.938522 2 40 0.883059 39 0.116941
  40 -25.554232 1.064742 58.165424 -0.116286 0.870828 0.477637 0.717977 0.944403 2 40 0.879115 39 0.120885
ring
  40 -25.558249 1.098902 57.991673 -0.342590 0.920310 0.188841 0.705565 0.938262 2 40 0.884945 39 0.115055
  40 -25.581551 1.056279 58.157211 -0.381143 0.824528 0.418190 0.717977 0.938532 2 40 0.879115 39 0.120885
  40 -25.554232 1.064742 58.165424 -0.116286 0.870828 0.477637 0.717977 0.944403 2 40 0.879115 39 0.120885
ring
  40 -25.525036 1.059060 58.165909 0.156593 0.851377 0.500635 0.717983 0.950401 2 40 0.879115 39 0.120885
  40 -25.554232 1.064742 58.165424 -0.116286 0.870828 0.477637 0.717977 0.944403 2 40 0.879115 39 0.120885
  40 -25.537977 0.938642 58.288765 0.118507 0.448792 0.885743 0.730080 0.950384 2 40 0.883059 39 0.116941
ring
  40 -25.530386 1.108413 57.995884 -0.089542 0.967205 0.237689 0.705565 0.944254 2 40 0.884945 39 0.115055
  40 -25.558249 1.098902 57.991673 -0.342590 0.920310 0.188841 0.705565 0.938262 2 40 0.884945 39 0.115055
  40 -25.554232 1.064742 58.165424 -0.116286 0.870828 0.477637 0.717977 0.944403 2 40 0.879115 39 0.120885
ring
  40 -25.530386 1.108413 57.995884 -0.089542 0.967205 0.237689 0.705565 0.944254 2 40 0.884945 39 0.115055
  40 -25.554232 1.064742 58.165424 -0.116286 0.870828 0.477637 0.717977 0.944403 2 40 0.879115 39 0.120885
  40 -25.525036 1.059060 58.165909 0.156593 0.851377 0.500635 0.717983 0.950401 2 40 0.879115 39 0.120885
ring
  39 -25.500387 1.101959 58.000172 0.165391 0.948526 0.270081 0.705565 0.950495 2 39 0.500000 40 0.500000
  40 -25.530386 1.108413 57.995884 -0.089542 0.967205 0.237689 0.705565 0.944254 2 40 0.884945 39 0.115055
  40 -25.525036 1.059060 58.165909 0.156593 0.851377 0.500635 0.717983 0.950401 2 40 0.879115 39 0.120885
ring
  39 -25.513262 0.917627 58.313843 0.153398 -0.012395 -0.988087 0.858331 0.965143 2 39 0.501886 40 0.498114
  40 -25.523956 0.813604 58.313557 0.154844 -0.012580 -0.987859 0.856723 0.968690 2 40 0.833333 39 0.166667
  40 -25.570414 0.820650 58.306282 0.152140 -0.011639 -0.988290 0.860225 0.969017 2 40 0.833333 39 0.166667
ring
  39 -25.513262 0.917627 58.313843 0.153398 -0.012395 -0.988087 0.858331 0.965143 2 39 0.501886 40 0.498114
  39 -25.458776 0.884071 58.322994 0.156873 -0.012684 -0.987537 0.853618 0.965578 2 39 0.500000 40 0.500000
  40 -25.523956 0.813604 58.313557 0.154844 -0.012580 -0.987859 0.856723 0.968690 2 40 0.833333 39 0.166667
ring
  39 -25.513262 0.917627 58.313843 0.153398 -0.012395 -0.988087 0.858331 0.965143 2 39 0.501886 40 0.498114
  40 -25.570414 0.820650 58.306282 0.152140 -0.011639 -0.988290 0.860225 0.969017 2 40 0.833333 39 0.166667
  40 -25.575106 0.926905 58.304379 0.150854 -0.011082 -0.988494 0.863092 0.965588 2 40 0.883059 39 0.116941
ring
  39 -25.458776 0.884071 58.322994 0.156873 -0.012684 -0.987537 0.853618 0.965578 2 39 0.500000 40 0.500000
  39 -25.485489 0.789208 58.319908 0.158994 -0.012465 -0.987201 0.853254 0.969010 2 39 0.500000 40 0.500000
  40 -25.523956 0.813604 58.313557 0.154844 -0.012580 -0.987859 0.856723 0.968690 2 40 0.833333 39 0.166667
ring
  40 -25.570414 0.820650 58.306282 0.152140 -0.011639 -0.988290 0.860225 0.969017 2 40 0.833333 39 0.166667
  40 -25.637062 0.911217 58.295013 0.149908 -0.011422 -0.988634 0.867173 0.966845 2 40 0.883059 39 0.116941
  40 -25.575106 0.926905 58.304379 0.150854 -0.011082 -0.988494 0.863092 0.965588 2 40 0.883059 39 0.116941
ring
  39 -25.421186 0.831975 58.329590 0.158645 -0.015227 -0.987218 0.849667 0.966826 2 39 0.500000 40 0.500000
  39 -25.485489 0.789208 58.319908 0.158994 -0.012465 -0.987201 0.853254 0.969010 2 39 0.500000 40 0.500000
  39 -25.458776 0.884071 58.322994 0.156873 -0.012684 -0.987537 0.853618 0.965578 2 39 0.500000 40 0.500000
ring
  40 -25.637062 0.911217 58.295013 0.149908 -0.011422 -0.988634 0.867173 0.966845 2 40 0.883059 39 0.116941
  40 -25.570414 0.820650 58.306282 0.152140 -0.011639 -0.988290 0.860225 0.969017 2 40 0.833333 39 0.166667
  40 -25.616028 0.809148 58.299377 0.148901 -0.012004 -0.988779 0.863229 0.969942 2 40 0.833333 39 0.166667
ring
  39 -25.421186 0.831975 58.329590 0.158645 -0.015227 -0.987218 0.849667 0.966826 2 39 0.500000 40 0.500000
  39 -25.408051 0.768904 58.332977 0.164604 -0.014601 -0.986252 0.847082 0.968698 2 39 0.833333 40 0.166667
  39 -25.485489 0.789208 58.319908 0.158994 -0.012465 -0.987201 0.853254 0.969010 2 39 0.500000 40 0.500000
ring
  40 -25.637062 0.911217 58.295013 0.149908 -0.011422 -0.988634 0.867173 0.966845 2 40 0.883059 39 0.116941
  40 -25.616028 0.809148 58.299377 0.148901 -0.012004 -0.988779 0.863229 0.969942 2 40 0.833333 39 0.166667
  40 -25.688099 0.872469 58.287910 0.147727 -0.012056 -0.988955 0.869955 0.968723 2 40 0.986111 39 0.013889
ring
  39 -25.408051 0.768904 58.332977 0.164604 -0.014601 -0.986252 0.847082 0.968698 2 39 0.833333 40 0.166667
  39 -25.457813 0.750839 58.324768 0.167349 -0.009130 -0.985855 0.850348 0.969928 2 39 0.500000 40 0.500000
  39 -25.485489 0.789208 58.319908 0.158994 -0.012465 -0.987201 0.853254 0.969010 2 39 0.500000 40 0.500000
ring
  40 -25.688099 0.872469 58.287910 0.147727 -0.012056 -0.988955 0.869955 0.968723 2 40 0.986111 39 0.013889
  40 -25.616028 0.809148 58.299377 0.148901 -0.012004 -0.988779 0.863229 0.969942 2 40 0.833333 39 0.166667
  40 -25.653067 0.780478 58.294304 0.148766 -0.012174 -0.988797 0.865275 0.971324 2 40 0.986111 39 0.013889
ring
  39 -25.418512 0.705091 58.332134 0.172656 -0.012372 -0.984904 0.846255 0.970908 2 39 0.883059 40 0.116941
  39 -25.457813 0.750839 58.324768 0.167349 -0.009130 -0.985855 0.850348 0.969928 2 39 0.500000 40 0.500000
  39 -25.408051 0.768904 58.332977 0.164604 -0.014601 -0.986252 0.847082 0.968698 2 39 0.833333 40 0.166667
ring
  40 -25.720961 0.817019 58.283546 0.150408 -0.011415 -0.988558 0.871013 0.970935 2 40 0.986111 39 0.013889
  40 -25.688099 0.872469 58.287910 0.147727 -0.012056 -0.988955 0.869955 0.968723 2 40 0.986111 39 0.013889
  40 -25.653067 0.780478 58.294304 0.148766 -0.012174 -0.988797 0.865275 0.971324 2 40 0.986111 39 0.013889
ring
  39 -25.418512 0.705091 58.332134 0.172656 -0.012372 -0.984904 0.846255 0.970908 2 39 0.883059 40 0.116941
  40 -25.446753 0.704675 58.327103 0.175509 -0.011484 -0.984411 0.848446 0.971305 2 40 0.501886 39 0.498114
  39 -25.457813 0.750839 58.324768 0.167349 -0.009130 -0.985855 0.850348 0.969928 2 39 0.500000 40 0.500000
ring
  40 -25.730373 0.753095 58.282852 0.150488 -0.011693 -0.988543 0.870186 0.973145 2 40 0.986111 39 0.013889
  40 -25.720961 0.817019 58.283546 0.150408 -0.011415 -0.988558 0.871013 0.970935 2 40 0.986111 39 0.013889
  40 -25.653067 0.780478 58.294304 0.148766 -0.012174 -0.988797 0.865275 0.971324 2 40 0.986111 39 0.013889
ring
  39 -25.418512 0.705091 58.332134 0.172656 -0.012372 -0.984904 0.846255 0.970908 2 39 0.883059 40 0.116941
  40 -25.454006 0.657705 58.326542 0.165412 -0.010516 -0.986169 0.847837 0.972932 2 40 0.501886 39 0.498114
  40 -25.446753 0.704675 58.327103 0.175509 -0.011484 -0.984411 0.848446 0.971305 2 40 0.501886 39 0.498114
ring
  40 -25.677242 0.739692 58.291107 0.150669 -0.011907 -0.988512 0.866054 0.972952 2 40 0.986111 39 0.013889
  40 -25.730373 0.753095 58.282852 0.150488 -0.011693 -0.988543 0.870186 0.973145 2 40 0.986111 39 0.013889
  40 -25.653067 0.780478 58.294304 0.148766 -0.012174 -0.988797 0.865275 0.971324 2 40 0.986111 39 0.013889
ring
  40 -25.454006 0.657705 58.326542 0.165412 -0.010516 -0.986169 0.847837 0.972932 2 40 0.501886 39 0.498114
  39 -25.418512 0.705091 58.332134 0.172656 -0.012372 -0.984904 0.846255 0.970908 2 39 0.883059 40 0.116941
  40 -25.449217 0.650171 58.327412 0.162071 -0.010705 -0.986721 0.847313 0.973121 2 40 0.501886 39 0.498114
ring
  40 -25.466028 0.637711 58.324848 0.159155 -0.012395 -0.987176 0.848220 0.973733 2 40 0.501886 39 0.498114
  40 -25.454006 0.657705 58.326542 0.165412 -0.010516 -0.986169 0.847837 0.972932 2 40 0.501886 39 0.498114
  40 -25.449217 0.650171 58.327412 0.162071 -0.010705 -0.986721 0.847313 0.973121 2 40 0.501886 39 0.498114
ring
  40 -25.677242 0.739692 58.291107 0.150669 -0.011907 -0.988512 0.866054 0.972952 2 40 0.986111 39 0.013889
  40 -25.714891 0.690417 58.285965 0.151151 -0.011855 -0.988440 0.867601 0.975017 2 40 0.991855 39 0.008145
  40 -25.730373 0.753095 58.282852 0.150488 -0.011693 -0.988543 0.870186 0.973145 2 40 0.986111 39 0.013889
ring
  40 -25.684153 0.692655 58.290638 0.151372 -0.011961 -0.988404 0.865445 0.974578 2 40 0.991855 39 0.008145
  40 -25.714891 0.690417 58.285965 0.151151 -0.011855 -0.988440 0.867601 0.975017 2 40 0.991855 39 0.008145
  40 -25.677242 0.739692 58.291107 0.150669 -0.011907 -0.988512 0.866054 0.972952 2 40 0.986111 39 0.013889
ring
  40 -25.714891 0.690417 58.285965 0.151151 -0.011855 -0.988440 0.867601 0.975017 2 40 0.991855 39 0.008145
  40 -25.684153 0.692655 58.290638 0.151372 -0.011961 -0.988404 0.865445 0.974578 2 40 0.991855 39 0.008145
  40 -25.672766 0.646530 58.292923 0.152069 -0.010340 -0.988316 0.863543 0.975955 2 40 0.991855 39 0.008145
ring
  40 -25.676872 0.638582 58.292374 0.151875 -0.009983 -0.988349 0.863650 0.976265 2 40 0.991855 39 0.008145
  40 -25.714891 0.690417 58.285965 0.151151 -0.011855 -0.988440 0.867601 0.975017 2 40 0.991855 39 0.008145
  40 -25.672766 0.646530 58.292923 0.152069 -0.010340 -0.988316 0.863543 0.975955 2 40 0.991855 39 0.008145
ring
  40 -25.672766 0.646530 58.292923 0.152069 -0.010340 -0.988316 0.863543 0.975955 2 40 0.991855 39 0.008145
  40 -25.659012 0.627796 58.295212 0.151233 -0.009730 -0.988450 0.862113 0.976407 2 40 0.991855 39 0.008145
  40 -25.676872 0.638582 58.292374 0.151875 -0.009983 -0.988349 0.863650 0.976265 2 40 0.991855 39 0.008145
ring
  40 -25.714891 0.690417 58.285965 -0.893982 -0.428730 -0.130334 0.867601 0.975017 2 40 0.991855 39 0.008145
  40 -25.717762 0.690641 58.304943 -0.893943 -0.428823 -0.130294 0.867601 0.975017 2 40 0.991855 39 0.008145
  40 -25.733276 0.753319 58.301796 -0.987340 -0.050248 -0.150451 0.870186 0.973145 2 40 0.986111 39 0.013889
ring
  40 -25.714891 0.690417 58.285965 -0.893982 -0.428730 -0.130334 0.867601 0.975017 2 40 0.991855 39 0.008145
  40 -25.676872 0.638582 58.292374 -0.664028 -0.741933 -0.092752 0.863650 0.976265 2 40 0.991855 39 0.008145
  40 -25.717762 0.690641 58.304943 -0.893943 -0.428823 -0.130294 0.867601 0.975017 2 40 0.991855 39 0.008145
ring
  40 -25.730373 0.753095 58.282852 -0.987314 -0.050205 -0.150635 0.870186 0.973145 2 40 0.986111 39 0.013889
  40 -25.714891 0.690417 58.285965 -0.893982 -0.428730 -0.130334 0.867601 0.975017 2 40 0.991855 39 0.008145
  40 -25.733276 0.753319 58.301796 -0.987340 -0.050248 -0.150451 0.870186 0.973145 2 40 0.986111 39 0.013889
ring
  40 -25.676872 0.638582 58.292374 -0.664028 -0.741933 -0.092752 0.863650 0.976265 2 40 0.991855 39 0.008145
  40 -25.679770 0.638806 58.311302 -0.664120 -0.741831 -0.092904 0.863650 0.976265 2 40 0.991855 39 0.008145
  40 -25.717762 0.690641 58.304943 -0.893943 -0.428823 -0.130294 0.867601 0.975017 2 40 0.991855 39 0.008145
ring
  40 -25.720961 0.817019 58.283546 -0.930501 0.335774 -0.146365 0.871013 0.970935 2 40 0.986111 39 0.013889
  40 -25.730373 0.753095 58.282852 -0.987314 -0.050205 -0.150635 0.870186 0.973145 2 40 0.986111 39 0.013889
  40 -25.733276 0.753319 58.301796 -0.987340 -0.050248 -0.150451 0.870186 0.973145 2 40 0.986111 39 0.013889
ring
  40 -25.679770 0.638806 58.311302 -0.664120 -0.741831 -0.092904 0.863650 0.976265 2 40 0.991855 39 0.008145
  40 -25.676872 0.638582 58.292374 -0.664028 -0.741933 -0.092752 0.863650 0.976265 2 40 0.991855 39 0.008145
  40 -25.659012 0.627796 58.295212 -0.507860 -0.858785 -0.067572 0.862113 0.976407 2 40 0.991855 39 0.008145
ring
  40 -25.661911 0.628020 58.314148 -0.507682 -0.858893 -0.067541 0.862113 0.976407 2 40 0.991855 39 0.008145
  40 -25.679770 0.638806 58.311302 -0.664120 -0.741831 -0.092904 0.863650 0.976265 2 40 0.991855 39 0.008145
  40 -25.659012 0.627796 58.295212 -0.507860 -0.858785 -0.067572 0.862113 0.976407 2 40 0.991855 39 0.008145
ring
  40 -25.723860 0.817243 58.302490 -0.930527 0.335794 -0.146156 0.871013 0.970935 2 40 0.986111 39 0.013889
  40 -25.720961 0.817019 58.283546 -0.930501 0.335774 -0.146365 0.871013 0.970935 2 40 0.986111 39 0.013889
  40 -25.733276 0.753319 58.301796 -0.987340 -0.050248 -0.150451 0.870186 0.973145 2 40 0.986111 39 0.013889
ring
  40 -25.688099 0.872469 58.287910 -0.733845 0.668967 -0.118131 0.869955 0.968723 2 40 0.986111 39 0.013889
  40 -25.720961 0.817019 58.283546 -0.930501 0.335774 -0.146365 0.871013 0.970935 2 40 0.986111 39 0.013889
  40 -25.723860 0.817243 58.302490 -0.930527 0.335794 -0.146156 0.871013 0.970935 2 40 0.986111 39 0.013889
ring
  40 -25.690968 0.872656 58.306828 -0.734271 0.668466 -0.118314 0.869955 0.968723 2 40 0.986111 39 0.013889
  40 -25.688099 0.872469 58.287910 -0.733845 0.668967 -0.118131 0.869955 0.968723 2 40 0.986111 39 0.013889
  40 -25.723860 0.817243 58.302490 -0.930527 0.335794 -0.146156 0.871013 0.970935 2 40 0.986111 39 0.013889
ring
  40 -25.637062 0.911217 58.295013 -0.423975 0.902477 -0.076037 0.867173 0.966845 2 40 0.883059 39 0.116941
  40 -25.688099 0.872469 58.287910 -0.733845 0.668967 -0.118131 0.869955 0.968723 2 40 0.986111 39 0.013889
  40 -25.690968 0.872656 58.306828 -0.734271 0.668466 -0.118314 0.869955 0.968723 2 40 0.986111 39 0.013889
ring
  40 -25.639988 0.911444 58.313946 -0.424596 0.902149 -0.076450 0.867173 0.966845 2 40 0.883059 39 0.116941
  40 -25.637062 0.911217 58.295013 -0.423975 0.902477 -0.076037 0.867173 0.966845 2 40 0.883059 39 0.116941
  40 -25.690968 0.872656 58.306828 -0.734271 0.668466 -0.118314 0.869955 0.968723 2 40 0.986111 39 0.013889
ring
  40 -25.637062 0.911217 58.295013 -0.423975 0.902477 -0.076037 0.867173 0.966845 2 40 0.883059 39 0.116941
  40 -25.639988 0.911444 58.313946 -0.424596 0.902149 -0.076450 0.867173 0.966845 2 40 0.883059 39 0.116941
  40 -25.578035 0.927132 58.323318 -0.046889 0.998716 -0.019191 0.863092 0.965588 2 40 0.883059 39 0.116941
ring
  40 -25.575106 0.926905 58.304379 -0.046453 0.998737 -0.019113 0.863092 0.965588 2 40 0.883059 39 0.116941
  40 -25.637062 0.911217 58.295013 -0.423975 0.902477 -0.076037 0.867173 0.966845 2 40 0.883059 39 0.116941
  40 -25.578035 0.927132 58.323318 -0.046889 0.998716 -0.019191 0.863092 0.965588 2 40 0.883059 39 0.116941
ring
  40 -25.575106 0.926905 58.304379 -0.046453 0.998737 -0.019113 0.863092 0.965588 2 40 0.883059 39 0.116941
  40 -25.578035 0.927132 58.323318 -0.046889 0.998716 -0.019191 0.863092 0.965588 2 40 0.883059 39 0.116941
  39 -25.516272 0.917863 58.332790 0.336986 0.940581 0.041803 0.858331 0.965143 2 39 0.501886 40 0.498114
ring
  39 -25.513262 0.917627 58.313843 0.337719 0.940310 0.041984 0.858331 0.965143 2 39 0.501886 40 0.498114
  40 -25.575106 0.926905 58.304379 -0.046453 0.998737 -0.019113 0.863092 0.965588 2 40 0.883059 39 0.116941
  39 -25.516272 0.917863 58.332790 0.336986 0.940581 0.041803 0.858331 0.965143 2 39 0.501886 40 0.498114
ring
  39 -25.513262 0.917627 58.313843 0.337719 0.940310 0.041984 0.858331 0.965143 2 39 0.501886 40 0.498114
  39 -25.516272 0.917863 58.332790 0.336986 0.940581 0.041803 0.858331 0.965143 2 39 0.501886 40 0.498114
  39 -25.461803 0.884307 58.341911 0.668796 0.736991 0.097752 0.853618 0.965578 2 39 0.500000 40 0.500000
ring
  39 -25.458776 0.884071 58.322994 0.668905 0.736900 0.097696 0.853618 0.965578 2 39 0.500000 40 0.500000
  39 -25.513262 0.917627 58.313843 0.337719 0.940310 0.041984 0.858331 0.965143 2 39 0.501886 40 0.498114
  39 -25.461803 0.884307 58.341911 0.668796 0.736991 0.097752 0.853618 0.965578 2 39 0.500000 40 0.500000
ring
  39 -25.458776 0.884071 58.322994 0.668905 0.736900 0.097696 0.853618 0.965578 2 39 0.500000 40 0.500000
  39 -25.461803 0.884307 58.341911 0.668796 0.736991 0.097752 0.853618 0.965578 2 39 0.500000 40 0.500000
  39 -25.424189 0.832210 58.348549 0.902627 0.407720 0.137945 0.849667 0.966826 2 39 0.500000 40 0.500000
ring
  39 -25.421186 0.831975 58.329590 0.902061 0.408841 0.138327 0.849667 0.966826 2 39 0.500000 40 0.500000
  39 -25.458776 0.884071 58.322994 0.668905 0.736900 0.097696 0.853618 0.965578 2 39 0.500000 40 0.500000
  39 -25.424189 0.832210 58.348549 0.902627 0.407720 0.137945 0.849667 0.966826 2 39 0.500000 40 0.500000
ring
  39 -25.421186 0.831975 58.329590 0.902061 0.408841 0.138327 0.849667 0.966826 2 39 0.500000 40 0.500000
  39 -25.424189 0.832210 58.348549 0.902627 0.407720 0.137945 0.849667 0.966826 2 39 0.500000 40 0.500000
  39 -25.411171 0.769148 58.351883 0.986502 0.023673 0.162028 0.847082 0.968698 2 39 0.833333 40 0.166667
ring
  39 -25.408051 0.768904 58.332977 0.986388 0.024682 0.162574 0.847082 0.968698 2 39 0.833333 40 0.166667
  39 -25.421186 0.831975 58.329590 0.902061 0.408841 0.138327 0.849667 0.966826 2 39 0.500000 40 0.500000
  39 -25.411171 0.769148 58.351883 0.986502 0.023673 0.162028 0.847082 0.968698 2 39 0.833333 40 0.166667
ring
  39 -25.418512 0.705091 58.332134 0.929756 -0.332475 0.158160 0.846255 0.970908 2 39 0.883059 40 0.116941
  39 -25.408051 0.768904 58.332977 0.986388 0.024682 0.162574 0.847082 0.968698 2 39 0.833333 40 0.166667
  39 -25.411171 0.769148 58.351883 0.986502 0.023673 0.162028 0.847082 0.968698 2 39 0.833333 40 0.166667
ring
  39 -25.421640 0.705336 58.351032 0.930081 -0.331801 0.157663 0.846255 0.970908 2 39 0.883059 40 0.116941
  39 -25.418512 0.705091 58.332134 0.929756 -0.332475 0.158160 0.846255 0.970908 2 39 0.883059 40 0.116941
  39 -25.411171 0.769148 58.351883 0.986502 0.023673 0.162028 0.847082 0.968698 2 39 0.833333 40 0.166667
ring
  40 -25.449217 0.650171 58.327412 0.736768 -0.664325 0.125877 0.847313 0.973121 2 40 0.501886 39 0.498114
  39 -25.418512 0.705091 58.332134 0.929756 -0.332475 0.158160 0.846255 0.970908 2 39 0.883059 40 0.116941
  39 -25.421640 0.705336 58.351032 0.930081 -0.331801 0.157663 0.846255 0.970908 2 39 0.883059 40 0.116941
ring
  40 -25.452217 0.650407 58.346306 0.737923 -0.663136 0.125376 0.847313 0.973121 2 40 0.501886 39 0.498114
  40 -25.449217 0.650171 58.327412 0.736768 -0.664325 0.125877 0.847313 0.973121 2 40 0.501886 39 0.498114
  39 -25.421640 0.705336 58.351032 0.930081 -0.331801 0.157663 0.846255 0.970908 2 39 0.883059 40 0.116941
ring
  40 -25.466028 0.637711 58.324848 0.582414 -0.806421 0.102362 0.848220 0.973733 2 40 0.501886 39 0.498114
  40 -25.449217 0.650171 58.327412 0.736768 -0.664325 0.125877 0.847313 0.973121 2 40 0.501886 39 0.498114
  40 -25.452217 0.650407 58.346306 0.737923 -0.663136 0.125376 0.847313 0.973121 2 40 0.501886 39 0.498114
ring
  40 -25.469030 0.637947 58.343807 0.582671 -0.806254 0.102218 0.848220 0.973733 2 40 0.501886 39 0.498114
  40 -25.466028 0.637711 58.324848 0.582414 -0.806421 0.102362 0.848220 0.973733 2 40 0.501886 39 0.498114
  40 -25.452217 0.650407 58.346306 0.737923 -0.663136 0.125376 0.847313 0.973121 2 40 0.501886 39 0.498114
ring
  39 -25.516272 0.917863 58.332790 -0.153391 0.012259 0.988089 0.858331 0.965143 2 39 0.501886 40 0.498114
  40 -25.578035 0.927132 58.323318 -0.151163 0.011083 0.988447 0.863092 0.965588 2 40 0.883059 39 0.116941
  40 -25.573351 0.820878 58.325226 -0.152101 0.011581 0.988297 0.860225 0.969017 2 40 0.833333 39 0.166667
ring
  40 -25.578035 0.927132 58.323318 -0.151163 0.011083 0.988447 0.863092 0.965588 2 40 0.883059 39 0.116941
  40 -25.639988 0.911444 58.313946 -0.150222 0.011416 0.988586 0.867173 0.966845 2 40 0.883059 39 0.116941
  40 -25.573351 0.820878 58.325226 -0.152101 0.011581 0.988297 0.860225 0.969017 2 40 0.833333 39 0.166667
ring
  40 -25.526897 0.813832 58.332497 -0.154454 0.012298 0.987923 0.856723 0.968690 2 40 0.833333 39 0.166667
  39 -25.516272 0.917863 58.332790 -0.153391 0.012259 0.988089 0.858331 0.965143 2 39 0.501886 40 0.498114
  40 -25.573351 0.820878 58.325226 -0.152101 0.011581 0.988297 0.860225 0.969017 2 40 0.833333 39 0.166667
ring
  40 -25.639988 0.911444 58.313946 -0.150222 0.011416 0.988586 0.867173 0.966845 2 40 0.883059 39 0.116941
  40 -25.618967 0.809376 58.318314 -0.148778 0.012265 0.988795 0.863229 0.969942 2 40 0.833333 39 0.166667
  40 -25.573351 0.820878 58.325226 -0.152101 0.011581 0.988297 0.860225 0.969017 2 40 0.833333 39 0.166667
ring
  40 -25.526897 0.813832 58.332497 -0.154454 0.012298 0.987923 0.856723 0.968690 2 40 0.833333 39 0.166667
  39 -25.461803 0.884307 58.341911 -0.157036 0.012504 0.987514 0.853618 0.965578 2 39 0.500000 40 0.500000
  39 -25.516272 0.917863 58.332790 -0.153391 0.012259 0.988089 0.858331 0.965143 2 39 0.501886 40 0.498114
ring
  40 -25.690968 0.872656 58.306828 -0.148005 0.012332 0.988910 0.869955 0.968723 2 40 0.986111 39 0.013889
  40 -25.618967 0.809376 58.318314 -0.148778 0.012265 0.988795 0.863229 0.969942 2 40 0.833333 39 0.166667
  40 -25.639988 0.911444 58.313946 -0.150222 0.011416 0.988586 0.867173 0.966845 2 40 0.883059 39 0.116941
ring
  39 -25.461803 0.884307 58.341911 -0.157036 0.012504 0.987514 0.853618 0.965578 2 39 0.500000 40 0.500000
  40 -25.526897 0.813832 58.332497 -0.154454 0.012298 0.987923 0.856723 0.968690 2 40 0.833333 39 0.166667
  39 -25.488491 0.789444 58.338806 -0.159198 0.012293 0.987170 0.853254 0.969010 2 39 0.500000 40 0.500000
ring
  40 -25.690968 0.872656 58.306828 -0.148005 0.012332 0.988910 0.869955 0.968723 2 40 0.986111 39 0.013889
  40 -25.655945 0.780702 58.313278 -0.148792 0.012415 0.988791 0.865275 0.971324 2 40 0.986111 39 0.013889
  40 -25.618967 0.809376 58.318314 -0.148778 0.012265 0.988795 0.863229 0.969942 2 40 0.833333 39 0.166667
ring
  39 -25.461803 0.884307 58.341911 -0.157036 0.012504 0.987514 0.853618 0.965578 2 39 0.500000 40 0.500000
  39 -25.488491 0.789444 58.338806 -0.159198 0.012293 0.987170 0.853254 0.969010 2 39 0.500000 40 0.500000
  39 -25.424189 0.832210 58.348549 -0.159604 0.014950 0.987068 0.849667 0.966826 2 39 0.500000 40 0.500000
ring
  40 -25.690968 0.872656 58.306828 -0.148005 0.012332 0.988910 0.869955 0.968723 2 40 0.986111 39 0.013889
  40 -25.723860 0.817243 58.302490 -0.150723 0.011735 0.988506 0.871013 0.970935 2 40 0.986111 39 0.013889
  40 -25.655945 0.780702 58.313278 -0.148792 0.012415 0.988791 0.865275 0.971324 2 40 0.986111 39 0.013889
ring
  39 -25.488491 0.789444 58.338806 -0.159198 0.012293 0.987170 0.853254 0.969010 2 39 0.500000 40 0.500000
  39 -25.411171 0.769148 58.351883 -0.164840 0.014449 0.986214 0.847082 0.968698 2 39 0.833333 40 0.166667
  39 -25.424189 0.832210 58.348549 -0.159604 0.014950 0.987068 0.849667 0.966826 2 39 0.500000 40 0.500000
ring
  40 -25.655945 0.780702 58.313278 -0.148792 0.012415 0.988791 0.865275 0.971324 2 40 0.986111 39 0.013889
  40 -25.723860 0.817243 58.302490 -0.150723 0.011735 0.988506 0.871013 0.970935 2 40 0.986111 39 0.013889
  40 -25.733276 0.753319 58.301796 -0.150634 0.011755 0.988520 0.870186 0.973145 2 40 0.986111 39 0.013889
ring
  39 -25.488491 0.789444 58.338806 -0.159198 0.012293 0.987170 0.853254 0.969010 2 39 0.500000 40 0.500000
  39 -25.460846 0.751075 58.343689 -0.167324 0.009438 0.985857 0.850348 0.969928 2 39 0.500000 40 0.500000
  39 -25.411171 0.769148 58.351883 -0.164840 0.014449 0.986214 0.847082 0.968698 2 39 0.833333 40 0.166667
ring
  40 -25.680141 0.739916 58.310051 -0.150520 0.011694 0.988538 0.866054 0.972952 2 40 0.986111 39 0.013889
  40 -25.655945 0.780702 58.313278 -0.148792 0.012415 0.988791 0.865275 0.971324 2 40 0.986111 39 0.013889
  40 -25.733276 0.753319 58.301796 -0.150634 0.011755 0.988520 0.870186 0.973145 2 40 0.986111 39 0.013889
ring
  39 -25.421640 0.705336 58.351032 -0.172404 0.012188 0.984951 0.846255 0.970908 2 39 0.883059 40 0.116941
  39 -25.411171 0.769148 58.351883 -0.164840 0.014449 0.986214 0.847082 0.968698 2 39 0.833333 40 0.166667
  39 -25.460846 0.751075 58.343689 -0.167324 0.009438 0.985857 0.850348 0.969928 2 39 0.500000 40 0.500000
ring
  40 -25.717762 0.690641 58.304943 -0.150317 0.011999 0.988565 0.867601 0.975017 2 40 0.991855 39 0.008145
  40 -25.680141 0.739916 58.310051 -0.150520 0.011694 0.988538 0.866054 0.972952 2 40 0.986111 39 0.013889
  40 -25.733276 0.753319 58.301796 -0.150634 0.011755 0.988520 0.870186 0.973145 2 40 0.986111 39 0.013889
ring
  40 -25.449774 0.704911 58.346027 -0.175287 0.011319 0.984452 0.848446 0.971305 2 40 0.501886 39 0.498114
  39 -25.421640 0.705336 58.351032 -0.172404 0.012188 0.984951 0.846255 0.970908 2 39 0.883059 40 0.116941
  39 -25.460846 0.751075 58.343689 -0.167324 0.009438 0.985857 0.850348 0.969928 2 39 0.500000 40 0.500000
ring
  40 -25.717762 0.690641 58.304943 -0.150317 0.011999 0.988565 0.867601 0.975017 2 40 0.991855 39 0.008145
  40 -25.687050 0.692879 58.309574 -0.150062 0.012059 0.988603 0.865445 0.974578 2 40 0.991855 39 0.008145
  40 -25.680141 0.739916 58.310051 -0.150520 0.011694 0.988538 0.866054 0.972952 2 40 0.986111 39 0.013889
ring
  39 -25.421640 0.705336 58.351032 -0.172404 0.012188 0.984951 0.846255 0.970908 2 39 0.883059 40 0.116941
  40 -25.449774 0.704911 58.346027 -0.175287 0.011319 0.984452 0.848446 0.971305 2 40 0.501886 39 0.498114
  40 -25.457001 0.657941 58.345451 -0.163612 0.009959 0.986475 0.847837 0.972932 2 40 0.501886 39 0.498114
ring
  40 -25.717762 0.690641 58.304943 -0.150317 0.011999 0.988565 0.867601 0.975017 2 40 0.991855 39 0.008145
  40 -25.675661 0.646754 58.311867 -0.152183 0.009306 0.988308 0.863543 0.975955 2 40 0.991855 39 0.008145
  40 -25.687050 0.692879 58.309574 -0.150062 0.012059 0.988603 0.865445 0.974578 2 40 0.991855 39 0.008145
ring
  40 -25.452217 0.650407 58.346306 -0.159668 0.010496 0.987115 0.847313 0.973121 2 40 0.501886 39 0.498114
  39 -25.421640 0.705336 58.351032 -0.172404 0.012188 0.984951 0.846255 0.970908 2 39 0.883059 40 0.116941
  40 -25.457001 0.657941 58.345451 -0.163612 0.009959 0.986475 0.847837 0.972932 2 40 0.501886 39 0.498114
ring
  40 -25.457001 0.657941 58.345451 -0.163612 0.009959 0.986475 0.847837 0.972932 2 40 0.501886 39 0.498114
  40 -25.469030 0.637947 58.343807 -0.156121 0.012800 0.987655 0.848220 0.973733 2 40 0.501886 39 0.498114
  40 -25.452217 0.650407 58.346306 -0.159668 0.010496 0.987115 0.847313 0.973121 2 40 0.501886 39 0.498114
ring
  40 -25.675661 0.646754 58.311867 -0.152183 0.009306 0.988308 0.863543 0.975955 2 40 0.991855 39 0.008145
  40 -25.717762 0.690641 58.304943 -0.150317 0.011999 0.988565 0.867601 0.975017 2 40 0.991855 39 0.008145
  40 -25.679770 0.638806 58.311302 -0.152401 0.008725 0.988280 0.863650 0.976265 2 40 0.991855 39 0.008145
ring
  40 -25.661911 0.628020 58.314148 -0.152113 0.008549 0.988326 0.862113 0.976407 2 40 0.991855 39 0.008145
  40 -25.675661 0.646754 58.311867 -0.152183 0.009306 0.988308 0.863543 0.975955 2 40 0.991855 39 0.008145
  40 -25.679770 0.638806 58.311302 -0.152401 0.008725 0.988280 0.863650 0.976265 2 40 0.991855 39 0.008145
ring
  40 -25.446753 0.704675 58.327103 -0.986680 -0.043430 -0.156767 0.847082 0.968698 2 40 0.501886 39 0.498114
  40 -25.454006 0.657705 58.326542 -0.927316 0.342417 -0.151113 0.846255 0.970908 2 40 0.501886 39 0.498114
  40 -25.457001 0.657941 58.345451 -0.927340 0.342283 -0.151270 0.846255 0.970908 2 40 0.501886 39 0.498114
ring
  40 -25.454006 0.657705 58.326542 -0.927316 0.342417 -0.151113 0.846255 0.970908 2 40 0.501886 39 0.498114
  40 -25.466028 0.637711 58.324848 -0.843232 0.518999 -0.140000 0.846776 0.971997 2 40 0.501886 39 0.498114
  40 -25.457001 0.657941 58.345451 -0.927340 0.342283 -0.151270 0.846255 0.970908 2 40 0.501886 39 0.498114
ring
  40 -25.466028 0.637711 58.324848 -0.843232 0.518999 -0.140000 0.846776 0.971997 2 40 0.501886 39 0.498114
  40 -25.469030 0.637947 58.343807 -0.843244 0.518980 -0.139998 0.846776 0.971997 2 40 0.501886 39 0.498114
  40 -25.457001 0.657941 58.345451 -0.927340 0.342283 -0.151270 0.846255 0.970908 2 40 0.501886 39 0.498114
ring
  40 -25.449774 0.704911 58.346027 -0.986636 -0.043551 -0.157012 0.847082 0.968698 2 40 0.501886 39 0.498114
  40 -25.446753 0.704675 58.327103 -0.986680 -0.043430 -0.156767 0.847082 0.968698 2 40 0.501886 39 0.498114
  40 -25.457001 0.657941 58.345451 -0.927340 0.342283 -0.151270 0.846255 0.970908 2 40 0.501886 39 0.498114
ring
  39 -25.457813 0.750839 58.324768 -0.895851 -0.422292 -0.138276 0.849667 0.966826 2 39 0.500000 40 0.500000
  40 -25.446753 0.704675 58.327103 -0.986680 -0.043430 -0.156767 0.847082 0.968698 2 40 0.501886 39 0.498114
  40 -25.449774 0.704911 58.346027 -0.986636 -0.043551 -0.157012 0.847082 0.968698 2 40 0.501886 39 0.498114
ring
  39 -25.460846 0.751075 58.343689 -0.895804 -0.422411 -0.138221 0.849667 0.966826 2 39 0.500000 40 0.500000
  39 -25.457813 0.750839 58.324768 -0.895851 -0.422292 -0.138276 0.849667 0.966826 2 39 0.500000 40 0.500000
  40 -25.449774 0.704911 58.346027 -0.986636 -0.043551 -0.157012 0.847082 0.968698 2 40 0.501886 39 0.498114
ring
  39 -25.485489 0.789208 58.319908 -0.674290 -0.731944 -0.097934 0.853618 0.965578 2 39 0.500000 40 0.500000
  39 -25.457813 0.750839 58.324768 -0.895851 -0.422292 -0.138276 0.849667 0.966826 2 39 0.500000 40 0.500000
  39 -25.460846 0.751075 58.343689 -0.895804 -0.422411 -0.138221 0.849667 0.966826 2 39 0.500000 40 0.500000
ring
  39 -25.488491 0.789444 58.338806 -0.674240 -0.731986 -0.097963 0.853618 0.965578 2 39 0.500000 40 0.500000
  39 -25.485489 0.789208 58.319908 -0.674290 -0.731944 -0.097934 0.853618 0.965578 2 39 0.500000 40 0.500000
  39 -25.460846 0.751075 58.343689 -0.895804 -0.422411 -0.138221 0.849667 0.966826 2 39 0.500000 40 0.500000
ring
  39 -25.485489 0.789208 58.319908 -0.674290 -0.731944 -0.097934 0.853618 0.965578 2 39 0.500000 40 0.500000
  39 -25.488491 0.789444 58.338806 -0.674240 -0.731986 -0.097963 0.853618 0.965578 2 39 0.500000 40 0.500000
  40 -25.526897 0.813832 58.332497 -0.344327 -0.937891 -0.042410 0.858331 0.965143 2 40 0.833333 39 0.166667
ring
  40 -25.523956 0.813604 58.313557 -0.344225 -0.937938 -0.042203 0.858331 0.965143 2 40 0.833333 39 0.166667
  39 -25.485489 0.789208 58.319908 -0.674290 -0.731944 -0.097934 0.853618 0.965578 2 39 0.500000 40 0.500000
  40 -25.526897 0.813832 58.332497 -0.344327 -0.937891 -0.042410 0.858331 0.965143 2 40 0.833333 39 0.166667
ring
  40 -25.523956 0.813604 58.313557 -0.344225 -0.937938 -0.042203 0.858331 0.965143 2 40 0.833333 39 0.166667
  40 -25.526897 0.813832 58.332497 -0.344327 -0.937891 -0.042410 0.858331 0.965143 2 40 0.833333 39 0.166667
  40 -25.573351 0.820878 58.325226 0.045383 -0.998788 0.019055 0.863092 0.965588 2 40 0.833333 39 0.166667
ring
  40 -25.570414 0.820650 58.306282 0.045253 -0.998794 0.019049 0.863092 0.965588 2 40 0.833333 39 0.166667
  40 -25.523956 0.813604 58.313557 -0.344225 -0.937938 -0.042203 0.858331 0.965143 2 40 0.833333 39 0.166667
  40 -25.573351 0.820878 58.325226 0.045383 -0.998788 0.019055 0.863092 0.965588 2 40 0.833333 39 0.166667
ring
  40 -25.570414 0.820650 58.306282 0.045253 -0.998794 0.019049 0.863092 0.965588 2 40 0.833333 39 0.166667
  40 -25.573351 0.820878 58.325226 0.045383 -0.998788 0.019055 0.863092 0.965588 2 40 0.833333 39 0.166667
  40 -25.618967 0.809376 58.318314 0.428586 -0.900186 0.077325 0.867173 0.966845 2 40 0.833333 39 0.166667
ring
  40 -25.616028 0.809148 58.299377 0.427546 -0.900717 0.076896 0.867173 0.966845 2 40 0.833333 39 0.166667
  40 -25.570414 0.820650 58.306282 0.045253 -0.998794 0.019049 0.863092 0.965588 2 40 0.833333 39 0.166667
  40 -25.618967 0.809376 58.318314 0.428586 -0.900186 0.077325 0.867173 0.966845 2 40 0.833333 39 0.166667
ring
  40 -25.616028 0.809148 58.299377 0.427546 -0.900717 0.076896 0.867173 0.966845 2 40 0.833333 39 0.166667
  40 -25.618967 0.809376 58.318314 0.428586 -0.900186 0.077325 0.867173 0.966845 2 40 0.833333 39 0.166667
  40 -25.655945 0.780702 58.313278 0.737320 -0.664782 0.120101 0.869955 0.968723 2 40 0.986111 39 0.013889
ring
  40 -25.653067 0.780478 58.294304 0.736982 -0.665239 0.119641 0.869955 0.968723 2 40 0.986111 39 0.013889
  40 -25.616028 0.809148 58.299377 0.427546 -0.900717 0.076896 0.867173 0.966845 2 40 0.833333 39 0.166667
  40 -25.655945 0.780702 58.313278 0.737320 -0.664782 0.120101 0.869955 0.968723 2 40 0.986111 39 0.013889
ring
  40 -25.677242 0.739692 58.291107 0.930534 -0.335761 0.146184 0.871013 0.970935 2 40 0.986111 39 0.013889
  40 -25.653067 0.780478 58.294304 0.736982 -0.665239 0.119641 0.869955 0.968723 2 40 0.986111 39 0.013889
  40 -25.655945 0.780702 58.313278 0.737320 -0.664782 0.120101 0.869955 0.968723 2 40 0.986111 39 0.013889
ring
  40 -25.680141 0.739916 58.310051 0.930514 -0.335769 0.146296 0.871013 0.970935 2 40 0.986111 39 0.013889
  40 -25.677242 0.739692 58.291107 0.930534 -0.335761 0.146184 0.871013 0.970935 2 40 0.986111 39 0.013889
  40 -25.655945 0.780702 58.313278 0.737320 -0.664782 0.120101 0.869955 0.968723 2 40 0.986111 39 0.013889
ring
  40 -25.677242 0.739692 58.291107 0.930534 -0.335761 0.146184 0.871013 0.970935 2 40 0.986111 39 0.013889
  40 -25.680141 0.739916 58.310051 0.930514 -0.335769 0.146296 0.871013 0.970935 2 40 0.986111 39 0.013889
  40 -25.687050 0.692879 58.309574 0.987314 0.050423 0.150563 0.870186 0.973145 2 40 0.991855 39 0.008145
ring
  40 -25.684153 0.692655 58.290638 0.987316 0.050373 0.150562 0.870186 0.973145 2 40 0.991855 39 0.008145
  40 -25.677242 0.739692 58.291107 0.930534 -0.335761 0.146184 0.871013 0.970935 2 40 0.986111 39 0.013889
  40 -25.687050 0.692879 58.309574 0.987314 0.050423 0.150563 0.870186 0.973145 2 40 0.991855 39 0.008145
ring
  40 -25.684153 0.692655 58.290638 0.987316 0.050373 0.150562 0.870186 0.973145 2 40 0.991855 39 0.008145
  40 -25.687050 0.692879 58.309574 0.987314 0.050423 0.150563 0.870186 0.973145 2 40 0.991855 39 0.008145
  40 -25.675661 0.646754 58.311867 0.893877 0.428562 0.131600 0.867601 0.975017 2 40 0.991855 39 0.008145
ring
  40 -25.672766 0.646530 58.292923 0.893828 0.428692 0.131507 0.867601 0.975017 2 40 0.991855 39 0.008145
  40 -25.684153 0.692655 58.290638 0.987316 0.050373 0.150562 0.870186 0.973145 2 40 0.991855 39 0.008145
  40 -25.675661 0.646754 58.311867 0.893877 0.428562 0.131600 0.867601 0.975017 2 40 0.991855 39 0.008145
ring
  40 -25.672766 0.646530 58.292923 0.893828 0.428692 0.131507 0.867601 0.975017 2 40 0.991855 39 0.008145
  40 -25.675661 0.646754 58.311867 0.893877 0.428562 0.131600 0.867601 0.975017 2 40 0.991855 39 0.008145
  40 -25.659012 0.627796 58.295212 0.794161 0.596850 0.114359 0.865657 0.975631 2 40 0.991855 39 0.008145
ring
  40 -25.675661 0.646754 58.311867 0.893877 0.428562 0.131600 0.867601 0.975017 2 40 0.991855 39 0.008145
  40 -25.661911 0.628020 58.314148 0.794089 0.596925 0.114465 0.865657 0.975631 2 40 0.991855 39 0.008145
  40 -25.659012 0.627796 58.295212 0.794161 0.596850 0.114359 0.865657 0.975631 2 40 0.991855 39 0.008145
ring
  39 -25.449207 0.929328 57.722813 0.971985 0.003120 0.235024 0.826827 0.950237 2 39 0.500000 40 0.500000
  39 -25.434177 0.765022 57.682568 0.968288 0.044976 0.245757 0.814732 0.950256 2 39 0.908487 40 0.091513
  39 -25.432869 0.764973 57.677422 0.968283 0.044988 0.245774 0.814732 0.950256 2 39 0.908487 40 0.091513
ring
  39 -25.434177 0.765022 57.682568 0.968288 0.044976 0.245757 0.814732 0.950256 2 39 0.908487 40 0.091513
  39 -25.435596 0.601681 57.728981 0.969175 0.080578 0.232824 0.802637 0.950274 2 39 0.886082 40 0.113918
  39 -25.432869 0.764973 57.677422 0.968283 0.044988 0.245774 0.814732 0.950256 2 39 0.908487 40 0.091513
ring
  39 -25.448126 0.931935 57.718300 0.971964 0.003140 0.235110 0.826827 0.950237 2 39 0.500000 40 0.500000
  39 -25.449207 0.929328 57.722813 0.971985 0.003120 0.235024 0.826827 0.950237 2 39 0.500000 40 0.500000
  39 -25.432869 0.764973 57.677422 0.968283 0.044988 0.245774 0.814732 0.950256 2 39 0.908487 40 0.091513
ring
  39 -25.435596 0.601681 57.728981 0.969175 0.080578 0.232824 0.802637 0.950274 2 39 0.886082 40 0.113918
  39 -25.434317 0.599020 57.724579 0.969183 0.080433 0.232840 0.802637 0.950274 2 39 0.886082 40 0.113918
  39 -25.432869 0.764973 57.677422 0.968283 0.044988 0.245774 0.814732 0.950256 2 39 0.908487 40 0.091513
ring
  39 -25.449207 0.929328 57.722813 0.971985 0.003120 0.235024 0.826827 0.950237 2 39 0.500000 40 0.500000
  39 -25.448126 0.931935 57.718300 0.971964 0.003140 0.235110 0.826827 0.950237 2 39 0.500000 40 0.500000
  39 -25.472307 1.055307 57.836456 0.979534 -0.028973 0.199182 0.838919 0.950228 2 39 0.500000 40 0.500000
ring
  39 -25.435596 0.601681 57.728981 0.969175 0.080578 0.232824 0.802637 0.950274 2 39 0.886082 40 0.113918
  39 -25.450882 0.483268 57.849686 0.974878 0.109846 0.193772 0.790543 0.950293 2 39 0.884945 40 0.115055
  39 -25.434317 0.599020 57.724579 0.969183 0.080433 0.232840 0.802637 0.950274 2 39 0.886082 40 0.113918
ring
  39 -25.472982 1.050757 57.839111 0.979574 -0.028972 0.198987 0.838919 0.950228 2 39 0.500000 40 0.500000
  39 -25.449207 0.929328 57.722813 0.971985 0.003120 0.235024 0.826827 0.950237 2 39 0.500000 40 0.500000
  39 -25.472307 1.055307 57.836456 0.979534 -0.028973 0.199182 0.838919 0.950228 2 39 0.500000 40 0.500000
ring
  39 -25.450882 0.483268 57.849686 0.974878 0.109846 0.193772 0.790543 0.950293 2 39 0.884945 40 0.115055
  39 -25.449879 0.478667 57.847248 0.974914 0.109852 0.193586 0.790543 0.950293 2 39 0.884945 40 0.115055
  39 -25.434317 0.599020 57.724579 0.969183 0.080433 0.232840 0.802637 0.950274 2 39 0.886082 40 0.113918
ring
  39 -25.472982 1.050757 57.839111 0.979574 -0.028972 0.198987 0.838919 0.950228 2 39 0.500000 40 0.500000
  39 -25.472307 1.055307 57.836456 0.979534 -0.028973 0.199182 0.838919 0.950228 2 39 0.500000 40 0.500000
  39 -25.500387 1.101959 58.000172 0.983236 -0.036303 0.178686 0.851334 0.950499 2 39 0.500000 40 0.500000
ring
  39 -25.500586 1.096661 58.000202 0.983246 -0.036193 0.178652 0.851334 0.950499 2 39 0.500000 40 0.500000
  39 -25.472982 1.050757 57.839111 0.979574 -0.028972 0.198987 0.838919 0.950228 2 39 0.500000 40 0.500000
  39 -25.500387 1.101959 58.000172 0.983236 -0.036303 0.178686 0.851334 0.950499 2 39 0.500000 40 0.500000
ring
  39 -25.449879 0.478667 57.847248 0.974914 0.109852 0.193586 0.790543 0.950293 2 39 0.884945 40 0.115055
  39 -25.450882 0.483268 57.849686 0.974878 0.109846 0.193772 0.790543 0.950293 2 39 0.884945 40 0.115055
  39 -25.473160 0.436054 58.012749 0.980070 0.128860 0.151187 0.778448 0.950311 2 39 0.500000 40 0.500000
ring
  39 -25.450882 0.483268 57.849686 0.974878 0.109846 0.193772 0.790543 0.950293 2 39 0.884945 40 0.115055
  39 -25.473824 0.441321 58.012577 0.980055 0.128941 0.151214 0.778448 0.950311 2 39 0.500000 40 0.500000
  39 -25.473160 0.436054 58.012749 0.980070 0.128860 0.151187 0.778448 0.950311 2 39 0.500000 40 0.500000
ring
  39 -25.473160 0.436054 58.012749 0.980070 0.128860 0.151187 0.778448 0.950311 2 39 0.500000 40 0.500000
  39 -25.473824 0.441321 58.012577 0.980055 0.128941 0.151214 0.778448 0.950311 2 39 0.500000 40 0.500000
  39 -25.501190 0.482707 58.176479 0.987955 0.114925 0.103623 0.766355 0.950329 2 39 0.500000 40 0.500000
ring
  39 -25.473824 0.441321 58.012577 0.980055 0.128941 0.151214 0.778448 0.950311 2 39 0.500000 40 0.500000
  39 -25.501423 0.487225 58.173679 0.987912 0.115054 0.103882 0.766355 0.950329 2 39 0.500000 40 0.500000
  39 -25.501190 0.482707 58.176479 0.987955 0.114925 0.103623 0.766355 0.950329 2 39 0.500000 40 0.500000
ring
  39 -25.501190 0.482707 58.176479 0.987955 0.114925 0.103623 0.766355 0.950329 2 39 0.500000 40 0.500000
  39 -25.501423 0.487225 58.173679 0.987912 0.115054 0.103882 0.766355 0.950329 2 39 0.500000 40 0.500000
  40 -25.522556 0.605783 58.295094 0.994316 0.079034 0.071344 0.754262 0.950347 2 40 0.883059 39 0.116941
ring
  39 -25.501423 0.487225 58.173679 0.987912 0.115054 0.103882 0.766355 0.950329 2 39 0.500000 40 0.500000
  40 -25.522432 0.608359 58.290485 0.994489 0.077540 0.070567 0.754262 0.950347 2 40 0.883059 39 0.116941
  40 -25.522556 0.605783 58.295094 0.994316 0.079034 0.071344 0.754262 0.950347 2 40 0.883059 39 0.116941
ring
  40 -25.522432 0.608359 58.290485 0.994489 0.077540 0.070567 0.754262 0.950347 2 40 0.883059 39 0.116941
  40 -25.533741 0.772466 58.309708 0.996873 0.047471 0.063176 0.742171 0.950365 2 40 0.833333 39 0.166667
  40 -25.522556 0.605783 58.295094 0.994316 0.079034 0.071344 0.754262 0.950347 2 40 0.883059 39 0.116941
ring
  40 -25.533741 0.772466 58.309708 0.996873 0.047471 0.063176 0.742171 0.950365 2 40 0.833333 39 0.166667
  40 -25.534081 0.772540 58.315010 0.996869 0.047512 0.063202 0.742171 0.950365 2 40 0.833333 39 0.166667
  40 -25.522556 0.605783 58.295094 0.994316 0.079034 0.071344 0.754262 0.950347 2 40 0.883059 39 0.116941
ring
  40 -25.534081 0.772540 58.315010 0.996869 0.047512 0.063202 0.742171 0.950365 2 40 0.833333 39 0.166667
  40 -25.533741 0.772466 58.309708 0.996873 0.047471 0.063176 0.742171 0.950365 2 40 0.833333 39 0.166667
  40 -25.537977 0.938642 58.288765 0.997026 0.007802 0.076673 0.730080 0.950384 2 40 0.883059 39 0.116941
ring
  40 -25.533741 0.772466 58.309708 0.996873 0.047471 0.063176 0.742171 0.950365 2 40 0.833333 39 0.166667
  40 -25.537607 0.935955 58.284241 0.997098 0.009633 0.075517 0.730080 0.950384 2 40 0.883059 39 0.116941
  40 -25.537977 0.938642 58.288765 0.997026 0.007802 0.076673 0.730080 0.950384 2 40 0.883059 39 0.116941
ring
  40 -25.537977 0.938642 58.288765 0.997026 0.007802 0.076673 0.730080 0.950384 2 40 0.883059 39 0.116941
  40 -25.537607 0.935955 58.284241 0.997098 0.009633 0.075517 0.730080 0.950384 2 40 0.883059 39 0.116941
  40 -25.525036 1.059060 58.165909 0.993297 -0.032528 0.110914 0.717983 0.950401 2 40 0.879115 39 0.120885
ring
  40 -25.537607 0.935955 58.284241 0.997098 0.009633 0.075517 0.730080 0.950384 2 40 0.883059 39 0.116941
  40 -25.524897 1.054432 58.163292 0.993290 -0.032727 0.110918 0.717983 0.950401 2 40 0.879115 39 0.120885
  40 -25.525036 1.059060 58.165909 0.993297 -0.032528 0.110914 0.717983 0.950401 2 40 0.879115 39 0.120885
ring
  40 -25.524897 1.054432 58.163292 0.993290 -0.032727 0.110918 0.717983 0.950401 2 40 0.879115 39 0.120885
  39 -25.500586 1.096661 58.000202 0.989784 -0.036767 0.137753 0.705565 0.950495 2 39 0.500000 40 0.500000
  40 -25.525036 1.059060 58.165909 0.993297 -0.032528 0.110914 0.717983 0.950401 2 40 0.879115 39 0.120885
ring
  39 -25.500586 1.096661 58.000202 0.989784 -0.036767 0.137753 0.705565 0.950495 2 39 0.500000 40 0.500000
  39 -25.500387 1.101959 58.000172 0.989785 -0.036599 0.137792 0.705565 0.950495 2 39 0.500000 40 0.500000
  40 -25.525036 1.059060 58.165909 0.993297 -0.032528 0.110914 0.717983 0.950401 2 40 0.879115 39 0.120885
ring
  39 -25.504744 0.926916 57.713997 -0.992259 -0.090854 -0.084667 0.826813 0.938371 2 39 0.500000 40 0.500000
  40 -25.530554 1.047832 57.830608 -0.985882 -0.123190 -0.113407 0.838913 0.938355 2 40 0.879115 39 0.120885
  40 -25.530800 1.052348 57.827831 -0.985888 -0.123201 -0.113339 0.838913 0.938355 2 40 0.879115 39 0.120885
ring
  40 -25.530554 1.047832 57.830608 -0.985882 -0.123190 -0.113407 0.838913 0.938355 2 40 0.879115 39 0.120885
  40 -25.557558 1.093639 57.991844 -0.982891 -0.133532 -0.126860 0.851334 0.938262 2 40 0.884945 39 0.115055
  40 -25.530800 1.052348 57.827831 -0.985888 -0.123201 -0.113339 0.838913 0.938355 2 40 0.879115 39 0.120885
ring
  40 -25.557558 1.093639 57.991844 -0.982891 -0.133532 -0.126860 0.851334 0.938262 2 40 0.884945 39 0.115055
  40 -25.558249 1.098902 57.991673 -0.982888 -0.133565 -0.126854 0.851334 0.938262 2 40 0.884945 39 0.115055
  40 -25.530800 1.052348 57.827831 -0.985888 -0.123201 -0.113339 0.838913 0.938355 2 40 0.879115 39 0.120885
ring
  39 -25.504578 0.929455 57.709332 -0.992296 -0.090598 -0.084499 0.826813 0.938371 2 39 0.500000 40 0.500000
  39 -25.504744 0.926916 57.713997 -0.992259 -0.090854 -0.084667 0.826813 0.938371 2 39 0.500000 40 0.500000
  40 -25.530800 1.052348 57.827831 -0.985888 -0.123201 -0.113339 0.838913 0.938355 2 40 0.879115 39 0.120885
ring
  39 -25.504744 0.926916 57.713997 -0.992259 -0.090854 -0.084667 0.826813 0.938371 2 39 0.500000 40 0.500000
  39 -25.504578 0.929455 57.709332 -0.992296 -0.090598 -0.084499 0.826813 0.938371 2 39 0.500000 40 0.500000
  39 -25.490746 0.762457 57.668396 -0.996462 -0.042030 -0.072777 0.814717 0.938390 2 39 0.500000 40 0.500000
ring
  39 -25.491135 0.762532 57.673676 -0.996467 -0.041960 -0.072750 0.814717 0.938390 2 39 0.500000 40 0.500000
  39 -25.504744 0.926916 57.713997 -0.992259 -0.090854 -0.084667 0.826813 0.938371 2 39 0.500000 40 0.500000
  39 -25.490746 0.762457 57.668396 -0.996462 -0.042030 -0.072777 0.814717 0.938390 2 39 0.500000 40 0.500000
ring
  40 -25.491379 0.599245 57.720165 -0.996110 -0.002513 -0.088084 0.802622 0.938408 2 40 0.501137 39 0.498863
  39 -25.491135 0.762532 57.673676 -0.996467 -0.041960 -0.072750 0.814717 0.938390 2 39 0.500000 40 0.500000
  39 -25.490746 0.762457 57.668396 -0.996462 -0.042030 -0.072777 0.814717 0.938390 2 39 0.500000 40 0.500000
ring
  40 -25.490971 0.596521 57.715614 -0.996104 -0.002563 -0.088146 0.802622 0.938408 2 40 0.501137 39 0.498863
  40 -25.491379 0.599245 57.720165 -0.996110 -0.002513 -0.088084 0.802622 0.938408 2 40 0.501137 39 0.498863
  39 -25.490746 0.762457 57.668396 -0.996462 -0.042030 -0.072777 0.814717 0.938390 2 39 0.500000 40 0.500000
ring
  40 -25.491379 0.599245 57.720165 -0.996110 -0.002513 -0.088084 0.802622 0.938408 2 40 0.501137 39 0.498863
  40 -25.490971 0.596521 57.715614 -0.996104 -0.002563 -0.088146 0.802622 0.938408 2 40 0.501137 39 0.498863
  39 -25.505186 0.476137 57.838383 -0.993589 0.027864 -0.109561 0.790528 0.938428 2 39 0.500000 40 0.500000
ring
  39 -25.505342 0.480765 57.840969 -0.993598 0.027832 -0.109494 0.790528 0.938428 2 39 0.500000 40 0.500000
  40 -25.491379 0.599245 57.720165 -0.996110 -0.002513 -0.088084 0.802622 0.938408 2 40 0.501137 39 0.498863
  39 -25.505186 0.476137 57.838383 -0.993589 0.027864 -0.109561 0.790528 0.938428 2 39 0.500000 40 0.500000
ring
  40 -25.527191 0.438447 58.004337 -0.987955 0.040560 -0.149331 0.778433 0.938446 2 40 0.884945 39 0.115055
  39 -25.505342 0.480765 57.840969 -0.993598 0.027832 -0.109494 0.790528 0.938428 2 39 0.500000 40 0.500000
  39 -25.505186 0.476137 57.838383 -0.993589 0.027864 -0.109561 0.790528 0.938428 2 39 0.500000 40 0.500000
ring
  40 -25.527414 0.433148 58.004364 -0.987953 0.040574 -0.149342 0.778433 0.938446 2 40 0.884945 39 0.115055
  40 -25.527191 0.438447 58.004337 -0.987955 0.040560 -0.149331 0.778433 0.938446 2 40 0.884945 39 0.115055
  39 -25.505186 0.476137 57.838383 -0.993589 0.027864 -0.109561 0.790528 0.938428 2 39 0.500000 40 0.500000
ring
  40 -25.554239 0.484307 58.165573 -0.980545 0.025341 -0.194653 0.766340 0.938465 2 40 0.879115 39 0.120885
  40 -25.527191 0.438447 58.004337 -0.987955 0.040560 -0.149331 0.778433 0.938446 2 40 0.884945 39 0.115055
  40 -25.527414 0.433148 58.004364 -0.987953 0.040574 -0.149342 0.778433 0.938446 2 40 0.884945 39 0.115055
ring
  40 -25.554876 0.479718 58.168190 -0.980571 0.025382 -0.194513 0.766340 0.938465 2 40 0.879115 39 0.120885
  40 -25.554239 0.484307 58.165573 -0.980545 0.025341 -0.194653 0.766340 0.938465 2 40 0.879115 39 0.120885
  40 -25.527414 0.433148 58.004364 -0.987953 0.040574 -0.149342 0.778433 0.938446 2 40 0.884945 39 0.115055
ring
  40 -25.578030 0.605609 58.281933 -0.973800 -0.014216 -0.226961 0.754247 0.938484 2 40 0.883059 39 0.116941
  40 -25.554239 0.484307 58.165573 -0.980545 0.025341 -0.194653 0.766340 0.938465 2 40 0.879115 39 0.120885
  40 -25.554876 0.479718 58.168190 -0.980571 0.025382 -0.194513 0.766340 0.938465 2 40 0.879115 39 0.120885
ring
  40 -25.579044 0.602998 58.286442 -0.974094 -0.012145 -0.225815 0.754247 0.938484 2 40 0.883059 39 0.116941
  40 -25.578030 0.605609 58.281933 -0.973800 -0.014216 -0.226961 0.754247 0.938484 2 40 0.883059 39 0.116941
  40 -25.554876 0.479718 58.168190 -0.980571 0.025382 -0.194513 0.766340 0.938465 2 40 0.879115 39 0.120885
ring
  40 -25.589314 0.769755 58.301144 -0.969358 -0.049521 -0.240609 0.742156 0.938503 2 40 0.833333 39 0.166667
  40 -25.578030 0.605609 58.281933 -0.973800 -0.014216 -0.226961 0.754247 0.938484 2 40 0.883059 39 0.116941
  40 -25.579044 0.602998 58.286442 -0.974094 -0.012145 -0.225815 0.754247 0.938484 2 40 0.883059 39 0.116941
ring
  40 -25.590588 0.769795 58.306282 -0.969367 -0.049515 -0.240573 0.742156 0.938503 2 40 0.833333 39 0.166667
  40 -25.589314 0.769755 58.301144 -0.969358 -0.049521 -0.240609 0.742156 0.938503 2 40 0.833333 39 0.166667
  40 -25.579044 0.602998 58.286442 -0.974094 -0.012145 -0.225815 0.754247 0.938484 2 40 0.883059 39 0.116941
ring
  40 -25.589314 0.769755 58.301144 -0.969358 -0.049521 -0.240609 0.742156 0.938503 2 40 0.833333 39 0.166667
  40 -25.590588 0.769795 58.306282 -0.969367 -0.049515 -0.240573 0.742156 0.938503 2 40 0.833333 39 0.166667
  40 -25.594463 0.935857 58.280109 -0.969435 -0.088946 -0.228656 0.730065 0.938522 2 40 0.883059 39 0.116941
ring
  40 -25.593187 0.933206 58.275719 -0.969318 -0.086847 -0.229956 0.730065 0.938522 2 40 0.883059 39 0.116941
  40 -25.589314 0.769755 58.301144 -0.969358 -0.049521 -0.240609 0.742156 0.938503 2 40 0.833333 39 0.166667
  40 -25.594463 0.935857 58.280109 -0.969435 -0.088946 -0.228656 0.730065 0.938522 2 40 0.883059 39 0.116941
ring
  40 -25.580467 1.051687 58.154774 -0.972842 -0.126748 -0.193684 0.717977 0.938532 2 40 0.879115 39 0.120885
  40 -25.593187 0.933206 58.275719 -0.969318 -0.086847 -0.229956 0.730065 0.938522 2 40 0.883059 39 0.116941
  40 -25.594463 0.935857 58.280109 -0.969435 -0.088946 -0.228656 0.730065 0.938522 2 40 0.883059 39 0.116941
ring
  40 -25.581551 1.056279 58.157211 -0.972846 -0.126843 -0.193604 0.717977 0.938532 2 40 0.879115 39 0.120885
  40 -25.580467 1.051687 58.154774 -0.972842 -0.126748 -0.193684 0.717977 0.938532 2 40 0.879115 39 0.120885
  40 -25.594463 0.935857 58.280109 -0.969435 -0.088946 -0.228656 0.730065 0.938522 2 40 0.883059 39 0.116941
ring
  40 -25.580467 1.051687 58.154774 -0.972842 -0.126748 -0.193684 0.717977 0.938532 2 40 0.879115 39 0.120885
  40 -25.581551 1.056279 58.157211 -0.972846 -0.126843 -0.193604 0.717977 0.938532 2 40 0.879115 39 0.120885
  40 -25.558249 1.098902 57.991673 -0.975897 -0.134741 -0.171669 0.705565 0.938262 2 40 0.884945 39 0.115055
ring
  40 -25.557558 1.093639 57.991844 -0.975914 -0.134647 -0.171644 0.705565 0.938262 2 40 0.884945 39 0.115055
  40 -25.580467 1.051687 58.154774 -0.972842 -0.126748 -0.193684 0.717977 0.938532 2 40 0.879115 39 0.120885
  40 -25.558249 1.098902 57.991673 -0.975897 -0.134741 -0.171669 0.705565 0.938262 2 40 0.884945 39 0.115055
end
