// Created by Crowbar++ 0.74
version 1
nodes
  0 "ValveBiped.Bip01_Pelvis" -1
  1 "ValveBiped.Bip01_Spine" 0
  2 "ValveBiped.Bip01_Spine1" 1
  3 "ValveBiped.Bip01_Spine2" 2
  4 "ValveBiped.Bip01_Spine4" 3
  5 "ValveBiped.Bip01_Neck1" 4
  6 "ValveBiped.Bip01_Head1" 5
  7 "ValveBiped.forward" 6
  8 "ValveBiped.Bip01_L_Clavicle" 4
  9 "ValveBiped.Bip01_L_UpperArm" 8
  10 "ValveBiped.Bip01_L_Forearm" 9
  11 "ValveBiped.Bip01_L_Hand" 10
  12 "ValveBiped.Anim_Attachment_LH" 11
  13 "ValveBiped.Bip01_L_Finger4" 11
  14 "ValveBiped.Bip01_L_Finger41" 13
  15 "ValveBiped.Bip01_L_Finger42" 14
  16 "ValveBiped.Bip01_L_Finger3" 11
  17 "ValveBiped.Bip01_L_Finger31" 16
  18 "ValveBiped.Bip01_L_Finger32" 17
  19 "ValveBiped.Bip01_L_Finger2" 11
  20 "ValveBiped.Bip01_L_Finger21" 19
  21 "ValveBiped.Bip01_L_Finger22" 20
  22 "ValveBiped.Bip01_L_Finger1" 11
  23 "ValveBiped.Bip01_L_Finger11" 22
  24 "ValveBiped.Bip01_L_Finger12" 23
  25 "ValveBiped.Bip01_L_Finger0" 11
  26 "ValveBiped.Bip01_L_Finger01" 25
  27 "ValveBiped.Bip01_L_Finger02" 26
  28 "ValveBiped.Bip01_R_Clavicle" 4
  29 "ValveBiped.Bip01_R_UpperArm" 28
  30 "ValveBiped.Bip01_R_Forearm" 29
  31 "ValveBiped.Bip01_R_Hand" 30
  32 "ValveBiped.Anim_Attachment_RH" 31
  33 "ValveBiped.Bip01_R_Finger4" 31
  34 "ValveBiped.Bip01_R_Finger41" 33
  35 "ValveBiped.Bip01_R_Finger42" 34
  36 "ValveBiped.Bip01_R_Finger3" 31
  37 "ValveBiped.Bip01_R_Finger31" 36
  38 "ValveBiped.Bip01_R_Finger32" 37
  39 "ValveBiped.Bip01_R_Finger2" 31
  40 "ValveBiped.Bip01_R_Finger21" 39
  41 "ValveBiped.Bip01_R_Finger22" 40
  42 "ValveBiped.Bip01_R_Finger1" 31
  43 "ValveBiped.Bip01_R_Finger11" 42
  44 "ValveBiped.Bip01_R_Finger12" 43
  45 "ValveBiped.Bip01_R_Finger0" 31
  46 "ValveBiped.Bip01_R_Finger01" 45
  47 "ValveBiped.Bip01_R_Finger02" 46
  48 "ValveBiped.Bip01_L_Thigh" 0
  49 "ValveBiped.Bip01_L_Calf" 48
  50 "ValveBiped.Bip01_L_Foot" 49
  51 "ValveBiped.Bip01_L_Toe0" 50
  52 "ValveBiped.Bip01_R_Thigh" 0
  53 "ValveBiped.Bip01_R_Calf" 52
  54 "ValveBiped.Bip01_R_Foot" 53
  55 "ValveBiped.Bip01_R_Toe0" 54
  56 "ValveBiped.Bip2" 0
  57 "ValveBiped.Bip3" 0
  58 "ValveBiped.Bip4" 0
  59 "ValveBiped.Bip5" 0
  60 "ValveBiped.Bip8" 0
  61 "ValveBiped.Bip9" 0
  62 "ValveBiped.Bip10" 0
  63 "ValveBiped.Bip11" 0
  64 "ValveBiped.Bip12" 0
  65 "ValveBiped.Bip1" 64
  66 "ValveBiped.Bip7" 0
  67 "ValveBiped.Bip6" 66
  68 "ValveBiped.Bip14" 0
  69 "ValveBiped.Bip13" 68
  70 "pd.103" 4
  71 "pd.104" 4
  72 "pd.128" 56
  73 "pd.129" 72
  74 "pd.130" 73
  75 "pd.131" 74
  76 "pd.132" 57
  77 "pd.133" 76
  78 "pd.134" 77
  79 "pd.135" 78
  80 "pd.136" 58
  81 "pd.137" 80
  82 "pd.138" 81
  83 "pd.139" 82
  84 "pd.140" 59
  85 "pd.141" 84
  86 "pd.142" 85
  87 "pd.143" 86
  88 "pd.144" 60
  89 "pd.145" 88
  90 "pd.146" 89
  91 "pd.147" 90
  92 "pd.148" 61
  93 "pd.149" 92
  94 "pd.150" 93
  95 "pd.151" 94
  96 "pd.152" 62
  97 "pd.153" 96
  98 "pd.154" 97
  99 "pd.155" 98
  100 "pd.156" 63
  101 "pd.157" 100
  102 "pd.158" 101
  103 "pd.159" 102
  104 "pd.160" 65
  105 "pd.161" 104
  106 "pd.162" 105
  107 "pd.163" 106
  108 "pd.164" 67
  109 "pd.165" 108
  110 "pd.166" 109
  111 "pd.167" 110
  112 "pd" 6
  113 "pd.001" 6
  114 "pd.002" 6
  115 "pd.003" 6
  116 "pd.004" 6
  117 "pd.005" 6
  118 "pd.006" 6
  119 "pd.007" 6
  120 "pd.008" 6
  121 "pd.015" 6
  122 "pd.016" 121
  123 "pd.017" 122
  124 "pd.018" 123
  125 "pd.019" 124
  126 "pd.020" 125
  127 "pd.021" 126
  128 "pd.022" 127
  129 "pd.023" 128
  130 "pd.024" 129
  131 "pd.025" 130
  132 "pd.026" 131
  133 "pd.027" 132
  134 "pd.028" 133
  135 "pd.029" 134
  136 "pd.030" 135
  137 "pd.031" 136
  138 "pd.032" 137
  139 "pd.033" 138
  140 "pd.034" 128
  141 "pd.035" 140
  142 "pd.036" 141
  143 "pd.037" 142
  144 "pd.038" 143
  145 "pd.039" 144
  146 "pd.040" 145
  147 "pd.041" 146
  148 "pd.042" 147
  149 "pd.043" 148
  150 "pd.044" 149
  151 "pd.045" 150
  152 "pd.046" 151
  153 "pd.047" 128
  154 "pd.048" 153
  155 "pd.049" 154
  156 "pd.050" 155
  157 "pd.051" 156
  158 "pd.052" 157
  159 "pd.053" 158
  160 "pd.054" 159
  161 "pd.055" 160
  162 "pd.056" 161
  163 "pd.057" 162
  164 "pd.058" 6
  165 "pd.059" 164
  166 "pd.060" 165
  167 "pd.061" 166
  168 "pd.062" 167
  169 "pd.063" 168
  170 "pd.064" 169
  171 "pd.065" 170
  172 "pd.066" 171
  173 "pd.067" 172
  174 "pd.068" 173
  175 "pd.069" 174
  176 "pd.070" 175
  177 "pd.071" 176
  178 "pd.072" 177
  179 "pd.073" 178
  180 "pd.074" 179
  181 "pd.075" 180
  182 "pd.076" 181
  183 "pd.077" 171
  184 "pd.078" 183
  185 "pd.079" 184
  186 "pd.080" 185
  187 "pd.081" 186
  188 "pd.082" 187
  189 "pd.083" 188
  190 "pd.084" 189
  191 "pd.085" 190
  192 "pd.086" 191
  193 "pd.087" 192
  194 "pd.088" 193
  195 "pd.089" 194
  196 "pd.090" 171
  197 "pd.091" 196
  198 "pd.092" 197
  199 "pd.093" 198
  200 "pd.094" 199
  201 "pd.095" 200
  202 "pd.096" 201
  203 "pd.097" 202
  204 "pd.098" 203
  205 "pd.099" 204
  206 "pd.100" 205
  207 "pd.107" 1
  208 "pd.108" 207
  209 "pd.109" 208
  210 "pd.110" 209
  211 "pd.111" 207
  212 "pd.112" 211
  213 "pd.113" 212
  214 "pd.114" 213
  215 "pd.115" 207
  216 "pd.116" 215
  217 "pd.117" 216
  218 "pd.118" 207
  219 "pd.119" 218
  220 "pd.120" 219
  221 "pd.121" 207
  222 "pd.122" 221
  223 "pd.123" 222
  224 "pd.124" 223
  225 "pd.125" 207
  226 "pd.126" 225
  227 "pd.127" 226
  228 "pd.009" 6
  229 "pd.010" 228
  230 "pd.011" 228
  231 "pd.012" 6
  232 "pd.013" 231
  233 "pd.014" 231
  234 "pd.101" 6
  235 "pd.102" 6
  236 "pd.105" 4
  237 "pd.106" 4
  238 "pd.168" 69
  239 "pd.169" 238
  240 "pd.170" 239
  241 "pd.171" 240
  242 "pd.172" 241
  243 "pd.173" 242
  244 "pd.174" 243
end
skeleton
  time 0
    0 0.000000 -0.967105 44.122166 1.570796 0.000000 0.000000
    1 0.000000 3.523758 0.029950 1.570796 -0.027985 1.570796
    2 0.000000 0.000000 0.000000 0.000000 0.000000 -0.112621
    3 3.710045 0.150944 -0.000002 0.000000 0.000000 -0.012638
    4 0.000004 -0.000001 0.000000 0.000000 0.000000 0.155823
    5 8.192108 -2.246392 -0.000003 3.141589 0.000000 0.224089
    6 2.810970 0.786394 0.000004 0.000000 0.000000 0.109869
    7 0.000000 0.000000 0.000000 -1.570795 0.000000 -1.326470
    8 7.248871 -2.063121 0.799392 1.638345 -1.334142 2.900122
    9 3.406890 -0.117195 -0.331688 -1.453546 0.015826 0.236135
    10 8.927933 0.000001 -0.000004 0.000000 0.000000 0.000000
    11 8.244890 0.000000 -0.000004 1.570796 0.000000 0.000000
    12 2.676094 -1.712418 -0.000012 1.570821 -0.000023 1.570619
    13 2.602129 0.043274 -1.213689 0.000000 0.000000 0.000000
    14 0.978357 0.000000 0.000000 0.000000 0.000000 0.000000
    15 0.578138 0.000000 0.000000 0.000000 0.000000 0.000000
    16 2.666882 0.187336 -0.542830 0.000000 0.000000 0.000000
    17 1.355406 0.000000 0.000000 0.000000 0.000000 0.000000
    18 0.832703 0.000000 0.000000 0.000000 0.000000 0.000000
    19 2.710474 0.161205 0.196588 0.000000 0.000000 0.000000
    20 1.473167 0.000000 0.000000 0.000000 0.000000 0.000000
    21 0.846321 0.000000 0.000000 0.000000 0.000000 0.000000
    22 2.591167 0.126434 0.967711 0.000000 0.000000 0.000000
    23 1.352854 0.000000 0.000000 0.000000 0.000000 0.000000
    24 0.781221 0.000000 0.000000 0.000000 0.000000 0.000000
    25 0.584726 -0.519913 0.370771 -1.301623 -0.446182 -0.627531
    26 1.518351 -0.367496 0.544430 0.000854 0.001836 0.392753
    27 0.979181 -0.236278 0.537338 0.004490 0.012339 0.062293
    28 7.248871 -2.063119 -0.799398 -1.710090 1.334149 2.900126
    29 3.406892 -0.140697 0.322426 1.523337 -0.032557 0.234439
    30 8.927931 -0.000001 0.000004 0.000000 0.000000 0.000000
    31 8.244888 -0.000001 0.000004 -1.570796 0.000000 0.000000
    32 2.676144 -1.712357 0.000080 -1.570742 -0.000010 -1.571256
    33 2.602133 0.043266 1.213689 0.000000 0.000000 0.000000
    34 0.978361 -0.000004 0.000000 0.000000 0.000000 0.000000
    35 0.578136 0.000000 0.000000 0.000000 0.000000 0.000000
    36 2.666882 0.187328 0.542829 0.000000 0.000000 0.000000
    37 1.355406 0.000000 0.000000 0.000000 0.000000 0.000000
    38 0.832703 -0.000004 0.000000 0.000000 0.000000 0.000000
    39 2.710476 0.161201 -0.196589 0.000000 0.000000 0.000000
    40 1.473166 0.000000 0.000000 0.000000 0.000000 0.000000
    41 0.846323 -0.000004 0.000000 0.000000 0.000000 0.000000
    42 2.591166 0.126427 -0.967711 0.000000 0.000000 0.000000
    43 1.352856 0.000000 0.000000 0.000000 0.000000 0.000000
    44 0.781223 -0.000004 0.000000 0.000000 0.000000 0.000000
    45 0.584728 -0.519913 -0.370771 1.301648 0.446144 -0.627495
    46 1.518348 -0.367567 -0.544395 -0.000880 -0.001832 0.392738
    47 0.979185 -0.236300 -0.537319 -0.004467 -0.012334 0.062301
    48 3.050961 -1.782368 -1.228622 -1.570796 0.000000 -1.570796
    49 16.332626 -0.000004 -0.000009 0.000000 0.000000 0.000000
    50 20.043091 -0.000004 -0.000011 0.014671 -0.023907 -1.075671
    51 6.307809 1.971855 -0.164771 -0.011148 0.000933 -0.500514
    52 -3.050961 -1.782368 -1.228622 -1.570796 0.000000 -1.570796
    53 16.332621 -0.000004 -0.000005 0.000000 0.000000 0.000000
    54 20.043093 -0.000004 -0.000006 -0.010594 0.011412 -1.078506
    55 6.303392 1.991225 0.078041 -0.078652 -0.006186 -0.498944
    56 2.711403 5.259277 3.132617 1.371211 -0.247101 0.301329
    57 4.387142 5.259281 1.076985 1.499231 -0.393673 0.422072
    58 4.387142 5.259281 -1.463916 1.706652 -0.391307 0.342493
    59 2.711402 5.259277 -3.519549 1.901471 -0.238775 0.170884
    60 -2.711403 5.259277 -3.519548 1.901471 0.237171 -0.169732
    61 -4.387142 5.259281 -1.463915 1.706652 0.388846 -0.340325
    62 -4.387142 5.259281 1.076986 1.499232 0.391200 -0.419431
    63 -2.711403 5.259277 3.132617 1.371210 0.245443 -0.299324
    64 0.000000 5.259277 3.917799 1.323785 0.000000 0.000000
    65 0.000000 0.000000 0.000004 0.000000 0.000000 0.000000
    66 0.000000 5.259281 -4.304729 1.970281 0.000000 0.000000
    67 0.000000 -0.000004 0.000004 0.000000 0.000000 0.000000
    68 0.000000 3.365860 -2.270664 -3.016978 0.000000 0.000000
    69 0.000000 0.000004 0.000000 0.000000 0.000000 0.000000
    70 3.894241 1.243716 -2.273654 1.965025 -0.040515 3.131485
    71 3.894238 1.243715 2.273654 -1.176566 -0.040514 -0.010107
    72 -0.021326 -0.017084 3.075672 0.022751 -0.028101 -0.026980
    73 -0.073547 -0.051170 4.743092 0.032584 -0.044850 -0.044624
    74 -0.077495 -0.047066 5.165989 0.026438 -0.041664 -0.042026
    75 -0.074110 -0.038752 5.888031 0.018344 -0.034146 -0.034681
    76 -0.032290 -0.011740 3.170059 0.014622 -0.041277 -0.035567
    77 -0.107449 -0.020611 4.862347 0.013008 -0.064785 -0.059688
    78 -0.111515 -0.002520 5.261139 0.002053 -0.060101 -0.057736
    79 -0.106655 0.014372 5.961823 -0.006441 -0.049617 -0.049160
    80 -0.026825 0.001395 3.190907 -0.002934 -0.034445 -0.029117
    81 -0.089855 0.025994 4.906704 -0.016522 -0.055039 -0.049700
    82 -0.095390 0.049047 5.307724 -0.026490 -0.052409 -0.049634
    83 -0.093845 0.065496 6.001842 -0.030397 -0.044484 -0.043642
    84 -0.011630 0.020613 3.179478 -0.027449 -0.015638 -0.015519
    85 -0.042721 0.080910 4.884434 -0.050135 -0.027670 -0.027213
    86 -0.049829 0.096235 5.281723 -0.052275 -0.028571 -0.028122
    87 -0.052511 0.100945 5.976290 -0.046859 -0.025621 -0.025339
    88 0.015903 0.021338 3.177238 -0.028113 0.020374 0.018820
    89 0.047289 0.081381 4.877136 -0.050187 0.028997 0.027920
    90 0.043223 0.094965 5.276382 -0.051666 0.023554 0.024140
    91 0.035468 0.098776 5.977041 -0.046042 0.016383 0.018087
    92 0.033083 0.003553 3.185020 -0.004793 0.041400 0.035424
    93 0.096363 0.027191 4.887688 -0.016423 0.056944 0.051228
    94 0.084818 0.045254 5.293816 -0.024684 0.044623 0.042711
    95 0.067105 0.059410 6.003803 -0.028195 0.030099 0.031089
    96 0.038330 -0.009118 3.164131 0.012460 0.047969 0.043268
    97 0.113415 -0.019338 4.843170 0.013353 0.066404 0.061570
    98 0.100536 -0.007123 5.247093 0.004238 0.052229 0.049703
    99 0.079924 0.007468 5.963799 -0.004057 0.035424 0.035002
    100 0.025406 -0.015861 3.073360 0.021744 0.032580 0.032742
    101 0.077185 -0.050655 4.735600 0.032812 0.045605 0.045842
    102 0.069947 -0.049222 5.160545 0.027450 0.036395 0.036073
    103 0.056913 -0.041794 5.888805 0.019348 0.025229 0.024706
    104 0.000001 -0.022074 3.017406 0.029728 -0.000001 0.000000
    105 0.000007 -0.072325 4.674877 0.045213 0.000001 0.000000
    106 0.000004 -0.072306 5.116188 0.039499 -0.000001 0.000000
    107 0.000008 -0.065177 5.851667 0.030159 -0.000003 0.000000
    108 0.000000 0.027422 3.170170 -0.036187 0.000000 0.000000
    109 0.000002 0.099876 4.862431 -0.061972 0.000000 0.000000
    110 0.000003 0.111992 5.256622 -0.061199 0.000001 0.000000
    111 -0.000001 0.112280 5.953030 -0.052385 -0.000003 0.000000
    112 3.761497 -0.484362 -3.660547 -0.900179 1.161913 2.643719
    113 3.752853 -1.560328 -3.605245 -0.789065 0.912032 2.532620
    114 4.474640 -3.523696 -2.361130 2.675599 0.700163 -0.932028
    115 7.239937 -2.863720 -1.353375 2.392258 1.211417 -0.648675
    116 5.828751 -3.266319 -0.422032 2.581944 0.323357 -0.838376
    117 6.404037 -2.955704 0.813580 2.356718 1.046823 -0.613147
    118 3.398285 -0.913291 3.507390 2.329320 1.057333 -0.585752
    119 3.304718 -2.181828 3.297226 2.389322 1.112993 -0.645736
    120 5.089508 -2.145199 2.833681 2.371626 1.510808 -0.628243
    121 3.309242 3.021448 2.807659 0.145870 0.352522 1.597699
    122 -0.000002 1.299175 0.000000 2.863876 -1.026024 0.140310
    123 1.483128 0.889118 -0.760393 -1.723425 -0.954308 -2.931849
    124 0.000001 0.000006 1.098301 -0.011182 0.114293 0.088735
    125 -0.031181 -0.045309 2.776104 0.072845 -0.059048 -0.048706
    126 -0.063147 -0.055231 3.387466 0.053852 -0.069808 -0.055545
    127 -0.073409 -0.021782 3.800297 0.017832 -0.053762 -0.039335
    128 0.000000 0.000000 1.901588 -0.191357 0.059709 0.055031
    129 0.508658 0.249132 2.020947 0.152654 -0.080674 -0.091023
    130 -0.021115 -0.005932 3.975941 0.018894 -0.028664 -0.023641
    131 -0.068426 0.014626 3.999939 -0.000226 -0.062980 -0.043719
    132 -0.007289 0.005527 4.039022 0.012551 0.027198 0.016563
    133 -0.000628 -0.025537 3.672590 0.024792 0.003099 -0.002792
    134 -0.135418 -0.087128 4.137640 0.062914 0.003334 -0.010280
    135 0.098037 -0.014038 3.938133 0.050502 0.075713 0.040403
    136 0.000000 0.000000 1.657495 0.041547 0.036246 0.016576
    137 0.152488 -0.043791 3.310966 0.069626 0.165611 0.093920
    138 0.319344 -0.179604 4.414724 0.182635 0.192651 0.123485
    139 0.315797 -0.299946 4.960559 -0.172145 0.156200 0.030440
    140 -1.403287 -1.245106 1.653469 0.359794 -0.150586 -0.212232
    141 -0.036385 -0.040253 4.010429 0.027873 -0.013964 -0.014459
    142 0.039886 -0.009483 4.181780 0.011456 0.007395 0.001500
    143 -0.012575 0.024719 4.669813 -0.037712 -0.000559 0.008144
    144 0.003522 0.076195 4.128000 -0.144606 0.004083 0.033468
    145 0.057060 0.140339 3.777660 -0.156636 0.079873 0.079571
    146 -0.000002 0.000002 1.827112 -0.096845 0.068789 0.065894
    147 0.000005 0.000008 1.819405 -0.025411 0.082010 0.074106
    148 -0.000027 0.000006 1.796610 -0.053664 0.068113 0.061034
    149 0.143147 0.090977 3.417555 -0.078907 0.233384 0.206127
    150 0.299864 0.076643 3.734957 0.073279 0.346200 0.399053
    151 0.205663 -0.102530 3.289310 0.188572 0.187720 0.357340
    152 0.187447 -0.369926 3.245319 0.063889 -0.263370 -0.208770
    153 2.697930 0.437963 2.522320 0.120394 0.014650 0.003640
    154 -0.107486 -0.161879 4.179699 0.166631 -0.086351 -0.087082
    155 -0.105448 -0.232380 4.477386 0.197241 -0.070590 -0.081981
    156 -0.054009 -0.142471 4.558023 0.126629 -0.045738 -0.050372
    157 -0.032272 -0.069145 3.613425 0.064674 -0.047010 -0.035167
    158 -0.037061 0.026768 3.770075 -0.065050 -0.050752 -0.000997
    159 -0.069773 0.200871 3.797598 -0.258059 -0.065538 0.050786
    160 -0.097511 0.349506 3.709995 -0.367298 -0.091252 0.075873
    161 -0.030209 0.308874 3.588842 -0.337832 0.077508 0.172665
    162 0.153002 0.295004 3.523855 -0.288480 0.299089 0.389546
    163 0.192851 0.188094 2.468798 0.033129 0.438087 0.812831
    164 3.309235 3.021465 -2.807641 -2.995720 0.352528 -1.543893
    165 0.000000 1.299175 0.000000 2.863876 1.026010 -0.140306
    166 -1.483133 0.889126 -0.760418 -1.723435 0.954314 2.931837
    167 -0.000006 -0.000002 1.098301 -0.011182 -0.114298 -0.088737
    168 0.031177 -0.045311 2.776096 0.072845 0.059047 0.048706
    169 0.063149 -0.055231 3.387466 0.053852 0.069808 0.055545
    170 0.073413 -0.021780 3.800289 0.017832 0.053764 0.039335
    171 0.000002 -0.000002 1.901588 -0.191357 -0.059713 -0.055024
    172 -0.508654 0.249136 2.020947 0.152655 0.080680 0.091018
    173 0.021119 -0.005928 3.975933 0.018894 0.028663 0.023643
    174 0.068434 0.014627 3.999947 -0.000226 0.062982 0.043718
    175 0.007291 0.005524 4.039026 0.012551 -0.027196 -0.016564
    176 0.000624 -0.025537 3.672588 0.024791 -0.003099 0.002793
    177 0.135412 -0.087130 4.137642 0.062914 -0.003335 0.010281
    178 -0.098038 -0.014040 3.938129 0.050502 -0.075712 -0.040404
    179 0.000000 0.000000 1.657490 0.041547 -0.036248 -0.016575
    180 -0.152492 -0.043795 3.310970 0.069626 -0.165611 -0.093922
    181 -0.319357 -0.179602 4.414725 0.182634 -0.192652 -0.123486
    182 -0.315814 -0.299955 4.960563 -0.172145 -0.156203 -0.030440
    183 1.403308 -1.245113 1.653461 0.359794 0.150591 0.212228
    184 0.036398 -0.040260 4.010426 0.027874 0.013967 0.014459
    185 -0.039887 -0.009483 4.181797 0.011455 -0.007395 -0.001500
    186 0.012575 0.024708 4.669821 -0.037712 0.000559 -0.008144
    187 -0.003523 0.076199 4.128008 -0.144605 -0.004083 -0.033468
    188 -0.057062 0.140339 3.777658 -0.156635 -0.079873 -0.079572
    189 0.000000 0.000006 1.827118 -0.096844 -0.068790 -0.065895
    190 -0.000009 0.000010 1.819410 -0.025411 -0.082011 -0.074107
    191 0.000027 0.000004 1.796608 -0.053664 -0.068114 -0.061034
    192 -0.143153 0.090969 3.417557 -0.078908 -0.233386 -0.206128
    193 -0.299873 0.076631 3.734959 0.073278 -0.346198 -0.399055
    194 -0.205668 -0.102563 3.289330 0.188570 -0.187718 -0.357339
    195 -0.187449 -0.369966 3.245340 0.063889 0.263368 0.208768
    196 -2.697953 0.437979 2.522327 0.120394 -0.014646 -0.003645
    197 0.107490 -0.161877 4.179699 0.166631 0.086351 0.087082
    198 0.105456 -0.232386 4.477375 0.197240 0.070591 0.081982
    199 0.054015 -0.142471 4.558029 0.126629 0.045739 0.050372
    200 0.032275 -0.069153 3.613431 0.064673 0.047011 0.035167
    201 0.037062 0.026764 3.770080 -0.065051 0.050752 0.000997
    202 0.069780 0.200867 3.797603 -0.258059 0.065538 -0.050786
    203 0.097515 0.349510 3.710004 -0.367299 0.091254 -0.075876
    204 0.030205 0.308855 3.588852 -0.337830 -0.077508 -0.172666
    205 -0.153004 0.295002 3.523855 -0.288478 -0.299090 -0.389552
    206 -0.192861 0.188094 2.468803 0.033133 -0.438087 -0.812839
    207 3.038773 -3.186367 -0.000004 0.000000 -1.570796 -1.598781
    208 -1.259778 -0.110737 0.228234 1.581472 1.308281 -1.297982
    209 -0.000001 0.000000 1.663316 0.000004 -0.000002 -0.000002
    210 0.000000 0.000000 1.663315 -0.000002 0.000000 0.000000
    211 -1.301082 -0.448425 -0.122918 2.040421 0.526409 -0.327875
    212 0.000001 0.000004 4.296974 0.216396 0.205320 0.064361
    213 0.000000 0.000000 5.293940 -0.136099 0.001000 0.029709
    214 0.000002 0.000004 4.673290 -0.052714 0.003415 0.013170
    215 -1.181794 -0.334217 -0.513912 2.246439 0.707787 -0.351069
    216 0.000001 -0.000008 4.514694 0.102094 0.071610 -0.013054
    217 0.000005 0.000004 4.566620 -0.095016 0.147985 0.081109
    218 1.259783 -0.110741 0.228234 1.581473 -1.308280 1.297974
    219 0.000001 0.000000 1.663319 0.000004 0.000002 0.000003
    220 -0.000003 0.000004 1.663315 -0.000001 -0.000001 0.000001
    221 1.301088 -0.448425 -0.122919 2.040421 -0.526409 0.327874
    222 0.000000 0.000000 4.296982 0.216396 -0.205320 -0.064361
    223 0.000000 -0.000004 5.293945 -0.136099 -0.001000 -0.029708
    224 -0.000002 0.000004 4.673294 -0.052713 -0.003415 -0.013171
    225 1.181799 -0.334221 -0.513912 2.246439 -0.707787 0.351070
    226 0.000000 0.000004 4.514696 0.102093 -0.071611 0.013055
    227 0.000000 0.000000 4.566618 -0.095016 -0.147985 -0.081109
    228 6.151886 0.783840 1.728969 0.536693 0.361792 1.206873
    229 0.000000 0.000011 2.411968 0.020495 0.016009 -0.025840
    230 -0.631569 -0.002724 1.030853 -0.105429 0.014364 0.078393
    231 6.151878 0.783848 -1.729018 -2.604900 0.361798 -1.934721
    232 0.000004 0.000008 2.411964 0.020495 -0.016009 0.025840
    233 0.631573 -0.002724 1.030849 -0.105429 -0.014364 -0.078393
    234 1.230007 -0.544867 -2.682516 2.356555 1.563104 -0.612323
    235 1.230003 -0.544881 2.682512 -0.785755 1.563102 2.528558
    236 7.641582 1.695580 0.170169 -0.854575 -0.689729 0.657673
    237 7.641582 1.695581 -0.170173 2.287016 -0.689729 -2.483919
    238 0.000000 0.000004 2.319757 -0.210121 0.000000 0.000000
    239 0.000000 -0.000011 2.593413 -0.089771 0.000000 0.000000
    240 0.000001 -0.000019 2.777902 -0.004359 0.000000 0.000000
    241 0.000000 -0.000019 2.801039 0.078065 0.000000 0.000000
    242 0.000001 -0.000011 2.659531 0.187856 0.000000 0.000000
    243 0.000000 -0.000004 2.413889 0.343753 0.000000 0.000000
    244 0.000000 0.000023 2.236877 0.463603 0.000000 0.000000
end
triangles
shoe
  54 -2.125052 1.217425 2.157749 -0.028256 -0.591150 -0.806066 0.021091 0.017409 1 54 1.000000
  54 -4.071391 1.259804 2.194898 -0.028256 -0.591150 -0.806066 0.021091 0.128822 1 54 1.000000
  54 -4.038157 1.407069 2.085732 -0.028714 -0.821350 -0.569702 0.036090 0.128822 1 54 1.000000
shoe
  54 -2.134872 1.363591 2.059334 -0.022932 -0.794506 -0.606823 0.037522 0.017409 1 54 1.000000
  54 -2.125052 1.217425 2.157749 -0.024272 -0.559469 -0.828496 0.021091 0.017409 1 54 1.000000
  54 -4.038157 1.407069 2.085732 -0.028714 -0.821350 -0.569702 0.036090 0.128822 1 54 1.000000
shoe
  54 -4.002684 1.435129 1.919160 -0.022334 -0.993344 -0.112996 0.046320 0.128822 1 54 1.000000
  54 -2.134872 1.363591 2.059334 -0.022932 -0.794506 -0.606823 0.037522 0.017409 1 54 1.000000
  54 -4.038157 1.407069 2.085732 -0.028714 -0.821350 -0.569702 0.036090 0.128822 1 54 1.000000
shoe
  54 -2.134872 1.363591 2.059334 -0.022932 -0.794506 -0.606823 0.037522 0.017409 1 54 1.000000
  54 -4.002684 1.435129 1.919160 -0.022334 -0.993344 -0.112996 0.046320 0.128822 1 54 1.000000
  54 -2.171616 1.405435 1.905510 -0.017185 -0.987368 -0.157507 0.047713 0.017409 1 54 1.000000
shoe
  54 -2.260083 1.420286 1.394046 -0.018463 -0.999829 0.001140 0.083634 0.017409 1 54 1.000000
  54 -2.171616 1.405435 1.905510 -0.017185 -0.987368 -0.157507 0.047713 0.017409 1 54 1.000000
  54 -4.002684 1.435129 1.919160 -0.022334 -0.993344 -0.112996 0.046320 0.128822 1 54 1.000000
shoe
  54 -3.952940 1.454515 1.398760 -0.020856 -0.999768 -0.005396 0.082424 0.128822 1 54 1.000000
  54 -2.260083 1.420286 1.394046 -0.018463 -0.999829 0.001140 0.083634 0.017409 1 54 1.000000
  54 -4.002684 1.435129 1.919160 -0.022334 -0.993344 -0.112996 0.046320 0.128822 1 54 1.000000
shoe
  54 -2.260083 1.420286 1.394046 -0.018463 -0.999829 0.001140 0.083634 0.017409 1 54 1.000000
  54 -3.952940 1.454515 1.398760 -0.020856 -0.999768 -0.005396 0.082424 0.128822 1 54 1.000000
  54 -2.313067 1.401844 0.850629 -0.021060 -0.998985 0.039808 0.123118 0.017409 1 54 1.000000
shoe
  54 -3.952940 1.454515 1.398760 -0.020856 -0.999768 -0.005396 0.082424 0.128822 1 54 1.000000
  54 -3.921768 1.436987 0.852639 -0.023163 -0.999159 0.033845 0.122156 0.128822 1 54 1.000000
  54 -2.313067 1.401844 0.850629 -0.021060 -0.998985 0.039808 0.123118 0.017409 1 54 1.000000
shoe
  54 -2.313067 1.401844 0.850629 -0.021060 -0.998985 0.039808 0.123118 0.017409 1 54 1.000000
  54 -3.921768 1.436987 0.852639 -0.023163 -0.999159 0.033845 0.122156 0.128822 1 54 1.000000
  54 -2.352178 1.378239 0.310936 -0.023824 -0.998442 0.050462 0.162074 0.017409 1 54 1.000000
shoe
  54 -3.921768 1.436987 0.852639 -0.023163 -0.999159 0.033845 0.122156 0.128822 1 54 1.000000
  54 -3.908170 1.417893 0.314096 -0.027075 -0.998761 0.041751 0.161044 0.128822 1 54 1.000000
  54 -2.352178 1.378239 0.310936 -0.023824 -0.998442 0.050462 0.162074 0.017409 1 54 1.000000
shoe
  54 -2.352178 1.378239 0.310936 -0.023824 -0.998442 0.050462 0.162074 0.017409 1 54 1.000000
  54 -3.908170 1.417893 0.314096 -0.027075 -0.998761 0.041751 0.161044 0.128822 1 54 1.000000
  54 -2.413241 1.346707 -0.252086 -0.026324 -0.998084 0.055987 0.198379 0.017409 1 54 1.000000
shoe
  54 -3.908170 1.417893 0.314096 -0.027075 -0.998761 0.041751 0.161044 0.128822 1 54 1.000000
  54 -3.862055 1.390562 -0.246054 -0.030030 -0.998478 0.046247 0.197163 0.128822 1 54 1.000000
  54 -2.413241 1.346707 -0.252086 -0.026324 -0.998084 0.055987 0.198379 0.017409 1 54 1.000000
shoe
  54 -1.684561 -3.149002 2.027788 0.821969 -0.159022 0.546881 0.612974 0.337259 2 54 0.772173 55 0.227827
  54 -1.627688 -2.719563 2.036402 0.909386 -0.104348 0.402652 0.583096 0.310072 2 54 0.966601 55 0.033399
  54 -1.764787 -2.848085 2.258565 0.840482 -0.227789 0.491632 0.579114 0.337355 2 54 0.904870 55 0.095130
shoe
  54 -1.627688 -2.719563 2.036402 0.909386 -0.104348 0.402652 0.583096 0.310072 2 54 0.966601 55 0.033399
  54 -1.684561 -3.149002 2.027788 0.821969 -0.159022 0.546881 0.612974 0.337259 2 54 0.772173 55 0.227827
  54 -1.485536 -2.986796 1.664557 0.951750 -0.056024 0.301717 0.622047 0.296162 2 54 0.851336 55 0.148664
shoe
  54 -1.627688 -2.719563 2.036402 0.909386 -0.104348 0.402652 0.583096 0.310072 2 54 0.966601 55 0.033399
  54 -1.696981 -2.433404 2.292911 0.920777 -0.133962 0.366366 0.549729 0.310938 1 54 1.000000
  54 -1.764787 -2.848085 2.258565 0.840482 -0.227789 0.491632 0.579114 0.337355 2 54 0.904870 55 0.095130
shoe
  54 -1.485536 -2.986796 1.664557 0.951750 -0.056024 0.301717 0.622047 0.296162 2 54 0.851336 55 0.148664
  54 -1.684561 -3.149002 2.027788 0.821969 -0.159022 0.546881 0.612974 0.337259 2 54 0.772173 55 0.227827
  54 -1.521574 -3.424727 1.673221 0.933335 -0.119262 0.338618 0.652198 0.322241 2 54 0.652880 55 0.347120
shoe
  54 -1.696981 -2.433404 2.292911 0.920777 -0.133962 0.366366 0.549729 0.310938 1 54 1.000000
  54 -1.767559 -2.490933 2.432484 0.897873 -0.177606 0.402839 0.545875 0.324493 1 54 1.000000
  54 -1.764787 -2.848085 2.258565 0.840482 -0.227789 0.491632 0.579114 0.337355 2 54 0.904870 55 0.095130
shoe
  54 -1.764787 -2.848085 2.258565 0.840482 -0.227789 0.491632 0.579114 0.337355 2 54 0.904870 55 0.095130
  54 -1.767559 -2.490933 2.432484 0.897873 -0.177606 0.402839 0.545875 0.324493 1 54 1.000000
  54 -1.855164 -2.884618 2.391066 0.791222 -0.308859 0.527800 0.573622 0.351909 2 54 0.886186 55 0.113814
shoe
  54 -1.742684 -2.039141 2.555981 0.934256 -0.113450 0.338075 0.509745 0.306555 1 54 1.000000
  54 -1.767559 -2.490933 2.432484 0.897873 -0.177606 0.402839 0.545875 0.324493 1 54 1.000000
  54 -1.696981 -2.433404 2.292911 0.920777 -0.133962 0.366366 0.549729 0.310938 1 54 1.000000
shoe
  54 -1.764787 -2.848085 2.258565 0.840482 -0.227789 0.491632 0.579114 0.337355 2 54 0.904870 55 0.095130
  54 -1.855164 -2.884618 2.391066 0.791222 -0.308859 0.527800 0.573622 0.351909 2 54 0.886186 55 0.113814
  54 -1.977885 -3.301158 2.293763 0.548059 -0.305758 0.778552 0.605341 0.379416 2 54 0.698656 55 0.301344
shoe
  54 -1.684561 -3.149002 2.027788 0.821969 -0.159022 0.546881 0.612974 0.337259 2 54 0.772173 55 0.227827
  54 -1.764787 -2.848085 2.258565 0.840482 -0.227789 0.491632 0.579114 0.337355 2 54 0.904870 55 0.095130
  54 -1.977885 -3.301158 2.293763 0.548059 -0.305758 0.778552 0.605341 0.379416 2 54 0.698656 55 0.301344
shoe
  54 -1.855164 -2.884618 2.391066 0.791222 -0.308859 0.527800 0.573622 0.351909 2 54 0.886186 55 0.113814
  54 -2.068477 -3.171163 2.396943 0.411020 -0.358382 0.838227 0.587545 0.385854 2 54 0.755765 55 0.244235
  54 -1.977885 -3.301158 2.293763 0.548059 -0.305758 0.778552 0.605341 0.379416 2 54 0.698656 55 0.301344
shoe
  54 -1.690745 -1.937750 2.442147 0.955172 -0.075193 0.286343 0.508846 0.293122 1 54 1.000000
  54 -1.742684 -2.039141 2.555981 0.934256 -0.113450 0.338075 0.509745 0.306555 1 54 1.000000
  54 -1.696981 -2.433404 2.292911 0.920777 -0.133962 0.366366 0.549729 0.310938 1 54 1.000000
shoe
  54 -1.742684 -2.039141 2.555981 0.934256 -0.113450 0.338075 0.509745 0.306555 1 54 1.000000
  54 -1.690745 -1.937750 2.442147 0.955172 -0.075193 0.286343 0.508846 0.293122 1 54 1.000000
  54 -1.764412 -1.540192 2.772981 0.942932 -0.098472 0.318091 0.466187 0.297304 1 54 1.000000
shoe
  54 -1.606606 -2.281707 2.075479 0.953698 -0.047160 0.297045 0.551076 0.286180 1 54 1.000000
  54 -1.690745 -1.937750 2.442147 0.955172 -0.075193 0.286343 0.508846 0.293122 1 54 1.000000
  54 -1.696981 -2.433404 2.292911 0.920777 -0.133962 0.366366 0.549729 0.310938 1 54 1.000000
shoe
  54 -1.627688 -2.719563 2.036402 0.909386 -0.104348 0.402652 0.583096 0.310072 2 54 0.966601 55 0.033399
  54 -1.606606 -2.281707 2.075479 0.953698 -0.047160 0.297045 0.551076 0.286180 1 54 1.000000
  54 -1.696981 -2.433404 2.292911 0.920777 -0.133962 0.366366 0.549729 0.310938 1 54 1.000000
shoe
  54 -1.690745 -1.937750 2.442147 0.955172 -0.075193 0.286343 0.508846 0.293122 1 54 1.000000
  54 -1.709270 -1.435623 2.640863 0.973874 -0.027896 0.225369 0.465503 0.282540 1 54 1.000000
  54 -1.764412 -1.540192 2.772981 0.942932 -0.098472 0.318091 0.466187 0.297304 1 54 1.000000
shoe
  54 -1.764412 -1.540192 2.772981 0.942932 -0.098472 0.318091 0.466187 0.297304 1 54 1.000000
  54 -1.709270 -1.435623 2.640863 0.973874 -0.027896 0.225369 0.465503 0.282540 1 54 1.000000
  54 -1.784026 -1.034004 3.001662 0.982072 -0.013496 0.188024 0.422767 0.291127 1 54 1.000000
shoe
  54 -1.606606 -2.281707 2.075479 0.953698 -0.047160 0.297045 0.551076 0.286180 1 54 1.000000
  54 -1.633928 -1.781127 2.223129 0.980266 0.014262 0.197169 0.509076 0.269435 1 54 1.000000
  54 -1.690745 -1.937750 2.442147 0.955172 -0.075193 0.286343 0.508846 0.293122 1 54 1.000000
shoe
  54 -1.709270 -1.435623 2.640863 0.973874 -0.027896 0.225369 0.465503 0.282540 1 54 1.000000
  54 -1.690745 -1.937750 2.442147 0.955172 -0.075193 0.286343 0.508846 0.293122 1 54 1.000000
  54 -1.633928 -1.781127 2.223129 0.980266 0.014262 0.197169 0.509076 0.269435 1 54 1.000000
shoe
  54 -1.606606 -2.281707 2.075479 0.953698 -0.047160 0.297045 0.551076 0.286180 1 54 1.000000
  54 -1.627688 -2.719563 2.036402 0.909386 -0.104348 0.402652 0.583096 0.310072 2 54 0.966601 55 0.033399
  54 -1.487267 -2.518106 1.692204 0.968319 0.003710 0.249690 0.587807 0.271076 1 54 1.000000
shoe
  54 -1.487267 -2.518106 1.692204 0.968319 0.003710 0.249690 0.587807 0.271076 1 54 1.000000
  54 -1.627688 -2.719563 2.036402 0.909386 -0.104348 0.402652 0.583096 0.310072 2 54 0.966601 55 0.033399
  54 -1.485536 -2.986796 1.664557 0.951750 -0.056024 0.301717 0.622047 0.296162 2 54 0.851336 55 0.148664
shoe
  54 -1.633928 -1.781127 2.223129 0.980266 0.014262 0.197169 0.509076 0.269435 1 54 1.000000
  54 -1.606606 -2.281707 2.075479 0.953698 -0.047160 0.297045 0.551076 0.286180 1 54 1.000000
  54 -1.523247 -2.066679 1.766693 0.980874 0.068590 0.182157 0.552194 0.251275 1 54 1.000000
shoe
  54 -1.523247 -2.066679 1.766693 0.980874 0.068590 0.182157 0.552194 0.251275 1 54 1.000000
  54 -1.606606 -2.281707 2.075479 0.953698 -0.047160 0.297045 0.551076 0.286180 1 54 1.000000
  54 -1.487267 -2.518106 1.692204 0.968319 0.003710 0.249690 0.587807 0.271076 1 54 1.000000
shoe
  54 -1.683532 -1.284872 2.401872 0.991297 0.072180 0.110092 0.465952 0.258181 1 54 1.000000
  54 -1.709270 -1.435623 2.640863 0.973874 -0.027896 0.225369 0.465503 0.282540 1 54 1.000000
  54 -1.633928 -1.781127 2.223129 0.980266 0.014262 0.197169 0.509076 0.269435 1 54 1.000000
shoe
  54 -1.709270 -1.435623 2.640863 0.973874 -0.027896 0.225369 0.465503 0.282540 1 54 1.000000
  54 -1.761060 -0.931994 2.873739 0.990340 0.010492 0.138260 0.421019 0.277715 1 54 1.000000
  54 -1.784026 -1.034004 3.001662 0.982072 -0.013496 0.188024 0.422767 0.291127 1 54 1.000000
shoe
  54 -1.761060 -0.931994 2.873739 0.990340 0.010492 0.138260 0.421019 0.277715 1 54 1.000000
  54 -1.709270 -1.435623 2.640863 0.973874 -0.027896 0.225369 0.465503 0.282540 1 54 1.000000
  54 -1.683532 -1.284872 2.401872 0.991297 0.072180 0.110092 0.465952 0.258181 1 54 1.000000
shoe
  54 -1.784026 -1.034004 3.001662 0.982072 -0.013496 0.188024 0.422767 0.291127 1 54 1.000000
  54 -1.761060 -0.931994 2.873739 0.990340 0.010492 0.138260 0.421019 0.277715 1 54 1.000000
  54 -1.822089 -0.484186 3.312633 0.980459 -0.071945 0.183095 0.373972 0.294068 1 54 1.000000
shoe
  54 -1.683532 -1.284872 2.401872 0.991297 0.072180 0.110092 0.465952 0.258181 1 54 1.000000
  54 -1.633928 -1.781127 2.223129 0.980266 0.014262 0.197169 0.509076 0.269435 1 54 1.000000
  54 -1.594884 -1.600324 1.912220 0.986637 0.131549 0.096134 0.511500 0.237367 1 54 1.000000
shoe
  54 -1.594884 -1.600324 1.912220 0.986637 0.131549 0.096134 0.511500 0.237367 1 54 1.000000
  54 -1.633928 -1.781127 2.223129 0.980266 0.014262 0.197169 0.509076 0.269435 1 54 1.000000
  54 -1.523247 -2.066679 1.766693 0.980874 0.068590 0.182157 0.552194 0.251275 1 54 1.000000
shoe
  54 -1.761060 -0.931994 2.873739 0.990340 0.010492 0.138260 0.421019 0.277715 1 54 1.000000
  54 -1.783955 -0.377470 3.154932 0.989574 -0.064716 0.128666 0.371743 0.278514 1 54 1.000000
  54 -1.822089 -0.484186 3.312633 0.980459 -0.071945 0.183095 0.373972 0.294068 1 54 1.000000
shoe
  54 -1.832159 0.121312 3.686946 0.941378 -0.205751 0.267346 0.319270 0.307148 1 54 1.000000
  54 -1.822089 -0.484186 3.312633 0.980459 -0.071945 0.183095 0.373972 0.294068 1 54 1.000000
  54 -1.783955 -0.377470 3.154932 0.989574 -0.064716 0.128666 0.371743 0.278514 1 54 1.000000
shoe
  54 -1.741256 -0.764924 2.617662 0.996922 0.047492 0.062372 0.419636 0.251678 1 54 1.000000
  54 -1.761060 -0.931994 2.873739 0.990340 0.010492 0.138260 0.421019 0.277715 1 54 1.000000
  54 -1.683532 -1.284872 2.401872 0.991297 0.072180 0.110092 0.465952 0.258181 1 54 1.000000
shoe
  54 -1.783955 -0.377470 3.154932 0.989574 -0.064716 0.128666 0.371743 0.278514 1 54 1.000000
  54 -1.761060 -0.931994 2.873739 0.990340 0.010492 0.138260 0.421019 0.277715 1 54 1.000000
  54 -1.741256 -0.764924 2.617662 0.996922 0.047492 0.062372 0.419636 0.251678 1 54 1.000000
shoe
  54 -1.681174 -1.114306 2.116433 0.988458 0.150990 0.012359 0.466592 0.228614 1 54 1.000000
  54 -1.683532 -1.284872 2.401872 0.991297 0.072180 0.110092 0.465952 0.258181 1 54 1.000000
  54 -1.594884 -1.600324 1.912220 0.986637 0.131549 0.096134 0.511500 0.237367 1 54 1.000000
shoe
  54 -1.741256 -0.764924 2.617662 0.996922 0.047492 0.062372 0.419636 0.251678 1 54 1.000000
  54 -1.683532 -1.284872 2.401872 0.991297 0.072180 0.110092 0.465952 0.258181 1 54 1.000000
  54 -1.681174 -1.114306 2.116433 0.988458 0.150990 0.012359 0.466592 0.228614 1 54 1.000000
shoe
  54 -1.594884 -1.600324 1.912220 0.986637 0.131549 0.096134 0.511500 0.237367 1 54 1.000000
  54 -1.523247 -2.066679 1.766693 0.980874 0.068590 0.182157 0.552194 0.251275 1 54 1.000000
  54 -1.505872 -1.892801 1.408408 0.977837 0.207829 -0.025320 0.557705 0.214936 1 54 1.000000
shoe
  54 -1.681174 -1.114306 2.116433 0.988458 0.150990 0.012359 0.466592 0.228614 1 54 1.000000
  54 -1.594884 -1.600324 1.912220 0.986637 0.131549 0.096134 0.511500 0.237367 1 54 1.000000
  54 -1.617567 -1.437882 1.574466 0.956186 0.276650 -0.095776 0.515491 0.203342 1 54 1.000000
shoe
  54 -1.617567 -1.437882 1.574466 0.956186 0.276650 -0.095776 0.515491 0.203342 1 54 1.000000
  54 -1.594884 -1.600324 1.912220 0.986637 0.131549 0.096134 0.511500 0.237367 1 54 1.000000
  54 -1.505872 -1.892801 1.408408 0.977837 0.207829 -0.025320 0.557705 0.214936 1 54 1.000000
shoe
  54 -1.743321 -0.622053 2.322757 0.992361 0.110904 -0.054028 0.421278 0.222499 1 54 1.000000
  54 -1.741256 -0.764924 2.617662 0.996922 0.047492 0.062372 0.419636 0.251678 1 54 1.000000
  54 -1.681174 -1.114306 2.116433 0.988458 0.150990 0.012359 0.466592 0.228614 1 54 1.000000
shoe
  54 -1.505872 -1.892801 1.408408 0.977837 0.207829 -0.025320 0.557705 0.214936 1 54 1.000000
  54 -1.523247 -2.066679 1.766693 0.980874 0.068590 0.182157 0.552194 0.251275 1 54 1.000000
  54 -1.433071 -2.333448 1.315777 0.995156 0.096933 0.016362 0.594061 0.232413 1 54 1.000000
shoe
  54 -1.523247 -2.066679 1.766693 0.980874 0.068590 0.182157 0.552194 0.251275 1 54 1.000000
  54 -1.487267 -2.518106 1.692204 0.968319 0.003710 0.249690 0.587807 0.271076 1 54 1.000000
  54 -1.433071 -2.333448 1.315777 0.995156 0.096933 0.016362 0.594061 0.232413 1 54 1.000000
shoe
  54 -1.681174 -1.114306 2.116433 0.988458 0.150990 0.012359 0.466592 0.228614 1 54 1.000000
  54 -1.729590 -0.972428 1.790641 0.938383 0.287344 -0.192018 0.470517 0.195844 1 54 1.000000
  54 -1.743321 -0.622053 2.322757 0.992361 0.110904 -0.054028 0.421278 0.222499 1 54 1.000000
shoe
  54 -1.729590 -0.972428 1.790641 0.938383 0.287344 -0.192018 0.470517 0.195844 1 54 1.000000
  54 -1.681174 -1.114306 2.116433 0.988458 0.150990 0.012359 0.466592 0.228614 1 54 1.000000
  54 -1.617567 -1.437882 1.574466 0.956186 0.276650 -0.095776 0.515491 0.203342 1 54 1.000000
shoe
  54 -1.741256 -0.764924 2.617662 0.996922 0.047492 0.062372 0.419636 0.251678 1 54 1.000000
  54 -1.743321 -0.622053 2.322757 0.992361 0.110904 -0.054028 0.421278 0.222499 1 54 1.000000
  54 -1.760602 -0.230641 2.876307 0.999423 -0.022853 0.025111 0.370737 0.251747 1 54 1.000000
shoe
  54 -1.760602 -0.230641 2.876307 0.999423 -0.022853 0.025111 0.370737 0.251747 1 54 1.000000
  54 -1.783955 -0.377470 3.154932 0.989574 -0.064716 0.128666 0.371743 0.278514 1 54 1.000000
  54 -1.741256 -0.764924 2.617662 0.996922 0.047492 0.062372 0.419636 0.251678 1 54 1.000000
shoe
  54 -1.729590 -0.972428 1.790641 0.938383 0.287344 -0.192018 0.470517 0.195844 1 54 1.000000
  54 -1.810696 -0.479633 2.015262 0.918352 0.254391 -0.303173 0.423252 0.190432 1 54 1.000000
  54 -1.743321 -0.622053 2.322757 0.992361 0.110904 -0.054028 0.421278 0.222499 1 54 1.000000
shoe
  54 -1.743321 -0.622053 2.322757 0.992361 0.110904 -0.054028 0.421278 0.222499 1 54 1.000000
  54 -1.762706 -0.083130 2.564495 0.993285 0.045103 -0.106537 0.370750 0.221334 1 54 1.000000
  54 -1.760602 -0.230641 2.876307 0.999423 -0.022853 0.025111 0.370737 0.251747 1 54 1.000000
shoe
  54 -1.762706 -0.083130 2.564495 0.993285 0.045103 -0.106537 0.370750 0.221334 1 54 1.000000
  54 -1.743321 -0.622053 2.322757 0.992361 0.110904 -0.054028 0.421278 0.222499 1 54 1.000000
  54 -1.810696 -0.479633 2.015262 0.918352 0.254391 -0.303173 0.423252 0.190432 1 54 1.000000
shoe
  54 -1.760602 -0.230641 2.876307 0.999423 -0.022853 0.025111 0.370737 0.251747 1 54 1.000000
  54 -1.723450 0.388046 3.167707 0.998275 -0.058377 0.006298 0.314338 0.255478 1 54 1.000000
  54 -1.783955 -0.377470 3.154932 0.989574 -0.064716 0.128666 0.371743 0.278514 1 54 1.000000
shoe
  54 -1.762706 -0.083130 2.564495 0.993285 0.045103 -0.106537 0.370750 0.221334 1 54 1.000000
  54 -1.734036 0.519443 2.811395 0.989286 0.001747 -0.145978 0.314713 0.221559 1 54 1.000000
  54 -1.760602 -0.230641 2.876307 0.999423 -0.022853 0.025111 0.370737 0.251747 1 54 1.000000
shoe
  54 -1.734036 0.519443 2.811395 0.989286 0.001747 -0.145978 0.314713 0.221559 1 54 1.000000
  54 -1.723450 0.388046 3.167707 0.998275 -0.058377 0.006298 0.314338 0.255478 1 54 1.000000
  54 -1.760602 -0.230641 2.876307 0.999423 -0.022853 0.025111 0.370737 0.251747 1 54 1.000000
shoe
  54 -1.723450 0.388046 3.167707 0.998275 -0.058377 0.006298 0.314338 0.255478 1 54 1.000000
  54 -1.755031 0.234296 3.524976 0.973504 -0.149077 0.173395 0.315374 0.289707 1 54 1.000000
  54 -1.783955 -0.377470 3.154932 0.989574 -0.064716 0.128666 0.371743 0.278514 1 54 1.000000
shoe
  54 -1.755031 0.234296 3.524976 0.973504 -0.149077 0.173395 0.315374 0.289707 1 54 1.000000
  54 -1.832159 0.121312 3.686946 0.941378 -0.205751 0.267346 0.319270 0.307148 1 54 1.000000
  54 -1.783955 -0.377470 3.154932 0.989574 -0.064716 0.128666 0.371743 0.278514 1 54 1.000000
shoe
  54 -1.734036 0.519443 2.811395 0.989286 0.001747 -0.145978 0.314713 0.221559 1 54 1.000000
  54 -1.697260 1.145354 3.083608 0.993823 0.011311 -0.110400 0.256715 0.225443 1 54 1.000000
  54 -1.723450 0.388046 3.167707 0.998275 -0.058377 0.006298 0.314338 0.255478 1 54 1.000000
shoe
  54 -1.755031 0.234296 3.524976 0.973504 -0.149077 0.173395 0.315374 0.289707 1 54 1.000000
  54 -1.733202 0.860935 3.932246 0.987580 -0.097840 0.122938 0.257104 0.308599 1 54 1.000000
  54 -1.832159 0.121312 3.686946 0.941378 -0.205751 0.267346 0.319270 0.307148 1 54 1.000000
shoe
  54 -1.733202 0.860935 3.932246 0.987580 -0.097840 0.122938 0.257104 0.308599 1 54 1.000000
  54 -1.775142 0.772459 4.120786 0.979619 -0.122165 0.159444 0.258896 0.327989 1 54 1.000000
  54 -1.832159 0.121312 3.686946 0.941378 -0.205751 0.267346 0.319270 0.307148 1 54 1.000000
shoe
  54 -1.723450 0.388046 3.167707 0.998275 -0.058377 0.006298 0.314338 0.255478 1 54 1.000000
  54 -1.690786 1.022942 3.428662 0.999011 -0.040389 0.018562 0.257867 0.259000 1 54 1.000000
  54 -1.755031 0.234296 3.524976 0.973504 -0.149077 0.173395 0.315374 0.289707 1 54 1.000000
shoe
  54 -1.690786 1.022942 3.428662 0.999011 -0.040389 0.018562 0.257867 0.259000 1 54 1.000000
  54 -1.733202 0.860935 3.932246 0.987580 -0.097840 0.122938 0.257104 0.308599 1 54 1.000000
  54 -1.755031 0.234296 3.524976 0.973504 -0.149077 0.173395 0.315374 0.289707 1 54 1.000000
shoe
  54 -1.697260 1.145354 3.083608 0.993823 0.011311 -0.110400 0.256715 0.225443 1 54 1.000000
  54 -1.690786 1.022942 3.428662 0.999011 -0.040389 0.018562 0.257867 0.259000 1 54 1.000000
  54 -1.723450 0.388046 3.167707 0.998275 -0.058377 0.006298 0.314338 0.255478 1 54 1.000000
shoe
  54 -1.757702 1.417080 4.303706 0.975874 -0.010979 0.218059 0.205372 0.327955 1 54 1.000000
  54 -1.775142 0.772459 4.120786 0.979619 -0.122165 0.159444 0.258896 0.327989 1 54 1.000000
  54 -1.733202 0.860935 3.932246 0.987580 -0.097840 0.122938 0.257104 0.308599 1 54 1.000000
shoe
  54 -1.757702 1.417080 4.303706 0.975874 -0.010979 0.218059 0.205372 0.327955 1 54 1.000000
  54 -1.797751 1.345876 4.501534 0.978481 0.016885 0.205643 0.205751 0.349228 1 54 1.000000
  54 -1.775142 0.772459 4.120786 0.979619 -0.122165 0.159444 0.258896 0.327989 1 54 1.000000
shoe
  54 -1.690786 1.022942 3.428662 0.999011 -0.040389 0.018562 0.257867 0.259000 1 54 1.000000
  54 -1.683816 1.620357 3.715785 0.998423 0.031520 0.046443 0.205336 0.266644 1 54 1.000000
  54 -1.733202 0.860935 3.932246 0.987580 -0.097840 0.122938 0.257104 0.308599 1 54 1.000000
shoe
  54 -1.893000 1.927375 4.703140 0.946371 0.155335 0.283290 0.153669 0.347399 1 54 1.000000
  54 -1.797751 1.345876 4.501534 0.978481 0.016885 0.205643 0.205751 0.349228 1 54 1.000000
  54 -1.757702 1.417080 4.303706 0.975874 -0.010979 0.218059 0.205372 0.327955 1 54 1.000000
shoe
  54 -1.893000 1.927375 4.703140 0.946371 0.155335 0.283290 0.153669 0.347399 1 54 1.000000
  54 -1.939854 1.855840 4.917353 0.937367 0.213457 0.275281 0.152528 0.369976 1 54 1.000000
  54 -1.797751 1.345876 4.501534 0.978481 0.016885 0.205643 0.205751 0.349228 1 54 1.000000
shoe
  54 -1.722415 1.476686 4.163884 0.985266 -0.000701 0.171027 0.204590 0.312000 1 54 1.000000
  54 -1.757702 1.417080 4.303706 0.975874 -0.010979 0.218059 0.205372 0.327955 1 54 1.000000
  54 -1.733202 0.860935 3.932246 0.987580 -0.097840 0.122938 0.257104 0.308599 1 54 1.000000
shoe
  54 -1.683816 1.620357 3.715785 0.998423 0.031520 0.046443 0.205336 0.266644 1 54 1.000000
  54 -1.722415 1.476686 4.163884 0.985266 -0.000701 0.171027 0.204590 0.312000 1 54 1.000000
  54 -1.733202 0.860935 3.932246 0.987580 -0.097840 0.122938 0.257104 0.308599 1 54 1.000000
shoe
  54 -1.819315 2.043724 4.401290 0.954505 0.162999 0.249703 0.154204 0.315592 1 54 1.000000
  54 -1.893000 1.927375 4.703140 0.946371 0.155335 0.283290 0.153669 0.347399 1 54 1.000000
  54 -1.757702 1.417080 4.303706 0.975874 -0.010979 0.218059 0.205372 0.327955 1 54 1.000000
shoe
  54 -1.757702 1.417080 4.303706 0.975874 -0.010979 0.218059 0.205372 0.327955 1 54 1.000000
  54 -1.722415 1.476686 4.163884 0.985266 -0.000701 0.171027 0.204590 0.312000 1 54 1.000000
  54 -1.819315 2.043724 4.401290 0.954505 0.162999 0.249703 0.154204 0.315592 1 54 1.000000
shoe
  54 -2.185410 2.406143 5.131642 0.852061 0.377255 0.362864 0.098961 0.366363 1 54 1.000000
  54 -1.939854 1.855840 4.917353 0.937367 0.213457 0.275281 0.152528 0.369976 1 54 1.000000
  54 -1.893000 1.927375 4.703140 0.946371 0.155335 0.283290 0.153669 0.347399 1 54 1.000000
shoe
  54 -1.939854 1.855840 4.917353 0.937367 0.213457 0.275281 0.152528 0.369976 1 54 1.000000
  54 -2.185410 2.406143 5.131642 0.852061 0.377255 0.362864 0.098961 0.366363 1 54 1.000000
  54 -2.218813 2.316957 5.328740 0.847086 0.414865 0.332163 0.100349 0.384797 1 54 1.000000
shoe
  54 -1.893000 1.927375 4.703140 0.946371 0.155335 0.283290 0.153669 0.347399 1 54 1.000000
  54 -1.819315 2.043724 4.401290 0.954505 0.162999 0.249703 0.154204 0.315592 1 54 1.000000
  54 -2.051412 2.607621 4.699049 0.853037 0.406620 0.327090 0.099980 0.322519 1 54 1.000000
shoe
  54 -2.051412 2.607621 4.699049 0.853037 0.406620 0.327090 0.099980 0.322519 1 54 1.000000
  54 -2.185410 2.406143 5.131642 0.852061 0.377255 0.362864 0.098961 0.366363 1 54 1.000000
  54 -1.893000 1.927375 4.703140 0.946371 0.155335 0.283290 0.153669 0.347399 1 54 1.000000
shoe
  54 -1.753326 2.229526 3.978268 0.965622 0.220780 0.137223 0.152321 0.271613 1 54 1.000000
  54 -1.819315 2.043724 4.401290 0.954505 0.162999 0.249703 0.154204 0.315592 1 54 1.000000
  54 -1.722415 1.476686 4.163884 0.985266 -0.000701 0.171027 0.204590 0.312000 1 54 1.000000
shoe
  54 -1.683816 1.620357 3.715785 0.998423 0.031520 0.046443 0.205336 0.266644 1 54 1.000000
  54 -1.753326 2.229526 3.978268 0.965622 0.220780 0.137223 0.152321 0.271613 1 54 1.000000
  54 -1.722415 1.476686 4.163884 0.985266 -0.000701 0.171027 0.204590 0.312000 1 54 1.000000
shoe
  54 -2.013240 2.810020 4.224771 0.830163 0.521277 0.197737 0.098395 0.276558 1 54 1.000000
  54 -2.051412 2.607621 4.699049 0.853037 0.406620 0.327090 0.099980 0.322519 1 54 1.000000
  54 -1.819315 2.043724 4.401290 0.954505 0.162999 0.249703 0.154204 0.315592 1 54 1.000000
shoe
  54 -1.753326 2.229526 3.978268 0.965622 0.220780 0.137223 0.152321 0.271613 1 54 1.000000
  54 -2.013240 2.810020 4.224771 0.830163 0.521277 0.197737 0.098395 0.276558 1 54 1.000000
  54 -1.819315 2.043724 4.401290 0.954505 0.162999 0.249703 0.154204 0.315592 1 54 1.000000
shoe
  54 -2.051412 2.607621 4.699049 0.853037 0.406620 0.327090 0.099980 0.322519 1 54 1.000000
  54 -2.438962 3.016593 4.907177 0.583550 0.713391 0.387998 0.052450 0.330141 1 54 1.000000
  54 -2.185410 2.406143 5.131642 0.852061 0.377255 0.362864 0.098961 0.366363 1 54 1.000000
shoe
  54 -2.218813 2.316957 5.328740 0.847086 0.414865 0.332163 0.100349 0.384797 1 54 1.000000
  54 -2.185410 2.406143 5.131642 0.852061 0.377255 0.362864 0.098961 0.366363 1 54 1.000000
  54 -2.491788 2.753248 5.340971 0.603460 0.652407 0.458477 0.053350 0.374233 1 54 1.000000
shoe
  54 -2.438962 3.016593 4.907177 0.583550 0.713391 0.387998 0.052450 0.330141 1 54 1.000000
  54 -2.491788 2.753248 5.340971 0.603460 0.652407 0.458477 0.053350 0.374233 1 54 1.000000
  54 -2.185410 2.406143 5.131642 0.852061 0.377255 0.362864 0.098961 0.366363 1 54 1.000000
shoe
  54 -2.501247 2.594900 5.576231 0.594031 0.648834 0.475544 0.054758 0.397391 1 54 1.000000
  54 -2.218813 2.316957 5.328740 0.847086 0.414865 0.332163 0.100349 0.384797 1 54 1.000000
  54 -2.491788 2.753248 5.340971 0.603460 0.652407 0.458477 0.053350 0.374233 1 54 1.000000
shoe
  54 -2.901134 2.894758 5.440801 0.378415 0.765620 0.520219 0.015312 0.384402 1 54 1.000000
  54 -2.894529 2.710983 5.668521 0.352829 0.733122 0.581416 0.015312 0.401503 1 54 1.000000
  54 -2.501247 2.594900 5.576231 0.594031 0.648834 0.475544 0.054758 0.397391 1 54 1.000000
shoe
  54 -2.491788 2.753248 5.340971 0.603460 0.652407 0.458477 0.053350 0.374233 1 54 1.000000
  54 -2.901134 2.894758 5.440801 0.378415 0.765620 0.520219 0.015312 0.384402 1 54 1.000000
  54 -2.501247 2.594900 5.576231 0.594031 0.648834 0.475544 0.054758 0.397391 1 54 1.000000
shoe
  54 -2.896912 3.184268 4.962047 0.363962 0.835400 0.411872 0.015312 0.335380 1 54 1.000000
  54 -2.901134 2.894758 5.440801 0.378415 0.765620 0.520219 0.015312 0.384402 1 54 1.000000
  54 -2.491788 2.753248 5.340971 0.603460 0.652407 0.458477 0.053350 0.374233 1 54 1.000000
shoe
  54 -2.438962 3.016593 4.907177 0.583550 0.713391 0.387998 0.052450 0.330141 1 54 1.000000
  54 -2.896912 3.184268 4.962047 0.363962 0.835400 0.411872 0.015312 0.335380 1 54 1.000000
  54 -2.491788 2.753248 5.340971 0.603460 0.652407 0.458477 0.053350 0.374233 1 54 1.000000
shoe
  54 -2.445550 3.208567 4.400029 0.539333 0.814787 0.212701 0.050915 0.282103 1 54 1.000000
  54 -2.438962 3.016593 4.907177 0.583550 0.713391 0.387998 0.052450 0.330141 1 54 1.000000
  54 -2.051412 2.607621 4.699049 0.853037 0.406620 0.327090 0.099980 0.322519 1 54 1.000000
shoe
  54 -2.438962 3.016593 4.907177 0.583550 0.713391 0.387998 0.052450 0.330141 1 54 1.000000
  54 -2.445550 3.208567 4.400029 0.539333 0.814787 0.212701 0.050915 0.282103 1 54 1.000000
  54 -2.896912 3.184268 4.962047 0.363962 0.835400 0.411872 0.015312 0.335380 1 54 1.000000
shoe
  54 -2.013240 2.810020 4.224771 0.830163 0.521277 0.197737 0.098395 0.276558 1 54 1.000000
  54 -2.445550 3.208567 4.400029 0.539333 0.814787 0.212701 0.050915 0.282103 1 54 1.000000
  54 -2.051412 2.607621 4.699049 0.853037 0.406620 0.327090 0.099980 0.322519 1 54 1.000000
shoe
  54 -2.445550 3.208567 4.400029 0.539333 0.814787 0.212701 0.050915 0.282103 1 54 1.000000
  54 -2.900473 3.368342 4.467559 0.351445 0.912881 0.207688 0.015312 0.284366 1 54 1.000000
  54 -2.896912 3.184268 4.962047 0.363962 0.835400 0.411872 0.015312 0.335380 1 54 1.000000
shoe
  54 -2.900473 3.368342 4.467559 0.351445 0.912881 0.207688 0.015312 0.284366 1 54 1.000000
  54 -2.445550 3.208567 4.400029 0.539333 0.814787 0.212701 0.050915 0.282103 1 54 1.000000
  54 -2.917239 3.417354 3.976696 0.276515 0.960736 0.022904 0.015312 0.237169 1 54 1.000000
shoe
  54 -2.445550 3.208567 4.400029 0.539333 0.814787 0.212701 0.050915 0.282103 1 54 1.000000
  54 -2.473072 3.301338 3.923534 0.463470 0.885318 0.037520 0.050971 0.238203 1 54 1.000000
  54 -2.917239 3.417354 3.976696 0.276515 0.960736 0.022904 0.015312 0.237169 1 54 1.000000
shoe
  54 -2.445550 3.208567 4.400029 0.539333 0.814787 0.212701 0.050915 0.282103 1 54 1.000000
  54 -2.013240 2.810020 4.224771 0.830163 0.521277 0.197737 0.098395 0.276558 1 54 1.000000
  54 -2.473072 3.301338 3.923534 0.463470 0.885318 0.037520 0.050971 0.238203 1 54 1.000000
shoe
  54 -2.917239 3.417354 3.976696 0.276515 0.960736 0.022904 0.015312 0.237169 1 54 1.000000
  54 -2.473072 3.301338 3.923534 0.463470 0.885318 0.037520 0.050971 0.238203 1 54 1.000000
  54 -2.940819 3.379380 3.507198 0.214570 0.958079 -0.189853 0.015312 0.194504 1 54 1.000000
shoe
  54 -2.013240 2.810020 4.224771 0.830163 0.521277 0.197737 0.098395 0.276558 1 54 1.000000
  54 -2.028939 2.932498 3.785846 0.789948 0.612625 0.025931 0.098839 0.235272 1 54 1.000000
  54 -2.473072 3.301338 3.923534 0.463470 0.885318 0.037520 0.050971 0.238203 1 54 1.000000
shoe
  54 -2.028939 2.932498 3.785846 0.789948 0.612625 0.025931 0.098839 0.235272 1 54 1.000000
  54 -2.013240 2.810020 4.224771 0.830163 0.521277 0.197737 0.098395 0.276558 1 54 1.000000
  54 -1.753326 2.229526 3.978268 0.965622 0.220780 0.137223 0.152321 0.271613 1 54 1.000000
shoe
  54 -2.473072 3.301338 3.923534 0.463470 0.885318 0.037520 0.050971 0.238203 1 54 1.000000
  54 -2.531955 3.292100 3.491749 0.388355 0.899765 -0.199007 0.051885 0.198662 1 54 1.000000
  54 -2.940819 3.379380 3.507198 0.214570 0.958079 -0.189853 0.015312 0.194504 1 54 1.000000
shoe
  54 -2.473072 3.301338 3.923534 0.463470 0.885318 0.037520 0.050971 0.238203 1 54 1.000000
  54 -2.028939 2.932498 3.785846 0.789948 0.612625 0.025931 0.098839 0.235272 1 54 1.000000
  54 -2.531955 3.292100 3.491749 0.388355 0.899765 -0.199007 0.051885 0.198662 1 54 1.000000
shoe
  54 -1.765713 2.379753 3.592162 0.954454 0.296844 -0.030014 0.150592 0.233017 1 54 1.000000
  54 -2.028939 2.932498 3.785846 0.789948 0.612625 0.025931 0.098839 0.235272 1 54 1.000000
  54 -1.753326 2.229526 3.978268 0.965622 0.220780 0.137223 0.152321 0.271613 1 54 1.000000
shoe
  54 -1.765713 2.379753 3.592162 0.954454 0.296844 -0.030014 0.150592 0.233017 1 54 1.000000
  54 -1.753326 2.229526 3.978268 0.965622 0.220780 0.137223 0.152321 0.271613 1 54 1.000000
  54 -1.683816 1.620357 3.715785 0.998423 0.031520 0.046443 0.205336 0.266644 1 54 1.000000
shoe
  54 -2.028939 2.932498 3.785846 0.789948 0.612625 0.025931 0.098839 0.235272 1 54 1.000000
  54 -2.107225 2.980290 3.408386 0.715038 0.672836 -0.189767 0.100861 0.199172 1 54 1.000000
  54 -2.531955 3.292100 3.491749 0.388355 0.899765 -0.199007 0.051885 0.198662 1 54 1.000000
shoe
  54 -2.107225 2.980290 3.408386 0.715038 0.672836 -0.189767 0.100861 0.199172 1 54 1.000000
  54 -2.028939 2.932498 3.785846 0.789948 0.612625 0.025931 0.098839 0.235272 1 54 1.000000
  54 -1.765713 2.379753 3.592162 0.954454 0.296844 -0.030014 0.150592 0.233017 1 54 1.000000
shoe
  54 -2.531955 3.292100 3.491749 0.388355 0.899765 -0.199007 0.051885 0.198662 1 54 1.000000
  54 -2.580496 3.224489 3.275375 0.297825 0.821640 -0.486012 0.053265 0.177015 1 54 1.000000
  54 -2.940819 3.379380 3.507198 0.214570 0.958079 -0.189853 0.015312 0.194504 1 54 1.000000
shoe
  54 -2.531955 3.292100 3.491749 0.388355 0.899765 -0.199007 0.051885 0.198662 1 54 1.000000
  54 -2.107225 2.980290 3.408386 0.715038 0.672836 -0.189767 0.100861 0.199172 1 54 1.000000
  54 -2.580496 3.224489 3.275375 0.297825 0.821640 -0.486012 0.053265 0.177015 1 54 1.000000
shoe
  54 -2.580496 3.224489 3.275375 0.297825 0.821640 -0.486012 0.053265 0.177015 1 54 1.000000
  54 -2.955151 3.318192 3.305579 0.173993 0.853831 -0.490611 0.015312 0.168627 1 54 1.000000
  54 -2.940819 3.379380 3.507198 0.214570 0.958079 -0.189853 0.015312 0.194504 1 54 1.000000
shoe
  54 -2.955151 3.318192 3.305579 0.173993 0.853831 -0.490611 0.015312 0.168627 1 54 1.000000
  54 -2.580496 3.224489 3.275375 0.297825 0.821640 -0.486012 0.053265 0.177015 1 54 1.000000
  54 -2.972714 3.180151 3.158041 0.116958 0.734457 -0.668501 0.015312 0.160165 1 54 1.000000
shoe
  54 -2.580496 3.224489 3.275375 0.297825 0.821640 -0.486012 0.053265 0.177015 1 54 1.000000
  54 -2.622846 3.116298 3.133393 0.233114 0.739684 -0.631289 0.055847 0.160196 1 54 1.000000
  54 -2.972714 3.180151 3.158041 0.116958 0.734457 -0.668501 0.015312 0.160165 1 54 1.000000
shoe
  54 -2.580496 3.224489 3.275375 0.297825 0.821640 -0.486012 0.053265 0.177015 1 54 1.000000
  54 -2.185420 2.966367 3.211136 0.577718 0.668640 -0.468149 0.103702 0.178699 1 54 1.000000
  54 -2.622846 3.116298 3.133393 0.233114 0.739684 -0.631289 0.055847 0.160196 1 54 1.000000
shoe
  54 -2.107225 2.980290 3.408386 0.715038 0.672836 -0.189767 0.100861 0.199172 1 54 1.000000
  54 -2.185420 2.966367 3.211136 0.577718 0.668640 -0.468149 0.103702 0.178699 1 54 1.000000
  54 -2.580496 3.224489 3.275375 0.297825 0.821640 -0.486012 0.053265 0.177015 1 54 1.000000
shoe
  54 -2.185420 2.966367 3.211136 0.577718 0.668640 -0.468149 0.103702 0.178699 1 54 1.000000
  54 -2.298700 2.896975 3.069322 0.447333 0.615346 -0.649032 0.108946 0.158716 1 54 1.000000
  54 -2.622846 3.116298 3.133393 0.233114 0.739684 -0.631289 0.055847 0.160196 1 54 1.000000
shoe
  54 -2.107225 2.980290 3.408386 0.715038 0.672836 -0.189767 0.100861 0.199172 1 54 1.000000
  54 -1.844812 2.472448 3.262321 0.897256 0.371848 -0.238034 0.150484 0.199794 1 54 1.000000
  54 -2.185420 2.966367 3.211136 0.577718 0.668640 -0.468149 0.103702 0.178699 1 54 1.000000
shoe
  54 -1.844812 2.472448 3.262321 0.897256 0.371848 -0.238034 0.150484 0.199794 1 54 1.000000
  54 -2.107225 2.980290 3.408386 0.715038 0.672836 -0.189767 0.100861 0.199172 1 54 1.000000
  54 -1.765713 2.379753 3.592162 0.954454 0.296844 -0.030014 0.150592 0.233017 1 54 1.000000
shoe
  54 -2.185420 2.966367 3.211136 0.577718 0.668640 -0.468149 0.103702 0.178699 1 54 1.000000
  54 -1.960714 2.518369 3.042037 0.740485 0.436508 -0.511022 0.150629 0.174377 1 54 1.000000
  54 -2.298700 2.896975 3.069322 0.447333 0.615346 -0.649032 0.108946 0.158716 1 54 1.000000
shoe
  54 -1.844812 2.472448 3.262321 0.897256 0.371848 -0.238034 0.150484 0.199794 1 54 1.000000
  54 -1.960714 2.518369 3.042037 0.740485 0.436508 -0.511022 0.150629 0.174377 1 54 1.000000
  54 -2.185420 2.966367 3.211136 0.577718 0.668640 -0.468149 0.103702 0.178699 1 54 1.000000
shoe
  54 -1.960714 2.518369 3.042037 0.740485 0.436508 -0.511022 0.150629 0.174377 1 54 1.000000
  54 -2.078183 2.520726 2.936090 0.601171 0.460133 -0.653354 0.151116 0.158695 1 54 1.000000
  54 -2.298700 2.896975 3.069322 0.447333 0.615346 -0.649032 0.108946 0.158716 1 54 1.000000
shoe
  54 -1.765713 2.379753 3.592162 0.954454 0.296844 -0.030014 0.150592 0.233017 1 54 1.000000
  54 -1.688661 1.752038 3.329768 0.992579 0.090701 -0.080996 0.204968 0.227857 1 54 1.000000
  54 -1.844812 2.472448 3.262321 0.897256 0.371848 -0.238034 0.150484 0.199794 1 54 1.000000
shoe
  54 -1.688661 1.752038 3.329768 0.992579 0.090701 -0.080996 0.204968 0.227857 1 54 1.000000
  54 -1.765713 2.379753 3.592162 0.954454 0.296844 -0.030014 0.150592 0.233017 1 54 1.000000
  54 -1.683816 1.620357 3.715785 0.998423 0.031520 0.046443 0.205336 0.266644 1 54 1.000000
shoe
  54 -1.688661 1.752038 3.329768 0.992579 0.090701 -0.080996 0.204968 0.227857 1 54 1.000000
  54 -1.683816 1.620357 3.715785 0.998423 0.031520 0.046443 0.205336 0.266644 1 54 1.000000
  54 -1.690786 1.022942 3.428662 0.999011 -0.040389 0.018562 0.257867 0.259000 1 54 1.000000
shoe
  54 -1.697260 1.145354 3.083608 0.993823 0.011311 -0.110400 0.256715 0.225443 1 54 1.000000
  54 -1.688661 1.752038 3.329768 0.992579 0.090701 -0.080996 0.204968 0.227857 1 54 1.000000
  54 -1.690786 1.022942 3.428662 0.999011 -0.040389 0.018562 0.257867 0.259000 1 54 1.000000
shoe
  54 -1.688661 1.752038 3.329768 0.992579 0.090701 -0.080996 0.204968 0.227857 1 54 1.000000
  54 -1.751467 1.865703 3.034452 0.942553 0.177597 -0.282936 0.203352 0.197211 1 54 1.000000
  54 -1.844812 2.472448 3.262321 0.897256 0.371848 -0.238034 0.150484 0.199794 1 54 1.000000
shoe
  54 -1.688661 1.752038 3.329768 0.992579 0.090701 -0.080996 0.204968 0.227857 1 54 1.000000
  54 -1.697260 1.145354 3.083608 0.993823 0.011311 -0.110400 0.256715 0.225443 1 54 1.000000
  54 -1.751467 1.865703 3.034452 0.942553 0.177597 -0.282936 0.203352 0.197211 1 54 1.000000
shoe
  54 -1.844812 2.472448 3.262321 0.897256 0.371848 -0.238034 0.150484 0.199794 1 54 1.000000
  54 -1.751467 1.865703 3.034452 0.942553 0.177597 -0.282936 0.203352 0.197211 1 54 1.000000
  54 -1.960714 2.518369 3.042037 0.740485 0.436508 -0.511022 0.150629 0.174377 1 54 1.000000
shoe
  54 -1.960714 2.518369 3.042037 0.740485 0.436508 -0.511022 0.150629 0.174377 1 54 1.000000
  54 -1.865403 1.914148 2.810798 0.788581 0.265305 -0.554755 0.204764 0.172709 1 54 1.000000
  54 -2.078183 2.520726 2.936090 0.601171 0.460133 -0.653354 0.151116 0.158695 1 54 1.000000
shoe
  54 -1.751467 1.865703 3.034452 0.942553 0.177597 -0.282936 0.203352 0.197211 1 54 1.000000
  54 -1.865403 1.914148 2.810798 0.788581 0.265305 -0.554755 0.204764 0.172709 1 54 1.000000
  54 -1.960714 2.518369 3.042037 0.740485 0.436508 -0.511022 0.150629 0.174377 1 54 1.000000
shoe
  54 -1.865403 1.914148 2.810798 0.788581 0.265305 -0.554755 0.204764 0.172709 1 54 1.000000
  54 -1.987085 1.937503 2.705855 0.651073 0.309592 -0.693005 0.205304 0.156641 1 54 1.000000
  54 -2.078183 2.520726 2.936090 0.601171 0.460133 -0.653354 0.151116 0.158695 1 54 1.000000
shoe
  54 -1.697260 1.145354 3.083608 0.993823 0.011311 -0.110400 0.256715 0.225443 1 54 1.000000
  54 -1.757217 1.234285 2.800606 0.936273 0.092273 -0.338939 0.256743 0.197367 1 54 1.000000
  54 -1.751467 1.865703 3.034452 0.942553 0.177597 -0.282936 0.203352 0.197211 1 54 1.000000
shoe
  54 -1.865403 1.914148 2.810798 0.788581 0.265305 -0.554755 0.204764 0.172709 1 54 1.000000
  54 -1.751467 1.865703 3.034452 0.942553 0.177597 -0.282936 0.203352 0.197211 1 54 1.000000
  54 -1.757217 1.234285 2.800606 0.936273 0.092273 -0.338939 0.256743 0.197367 1 54 1.000000
shoe
  54 -1.697260 1.145354 3.083608 0.993823 0.011311 -0.110400 0.256715 0.225443 1 54 1.000000
  54 -1.734036 0.519443 2.811395 0.989286 0.001747 -0.145978 0.314713 0.221559 1 54 1.000000
  54 -1.757217 1.234285 2.800606 0.936273 0.092273 -0.338939 0.256743 0.197367 1 54 1.000000
shoe
  54 -1.987085 1.937503 2.705855 0.651073 0.309592 -0.693005 0.205304 0.156641 1 54 1.000000
  54 -1.865403 1.914148 2.810798 0.788581 0.265305 -0.554755 0.204764 0.172709 1 54 1.000000
  54 -1.916707 1.235184 2.514246 0.754284 0.199632 -0.625461 0.262237 0.169979 1 54 1.000000
shoe
  54 -1.865403 1.914148 2.810798 0.788581 0.265305 -0.554755 0.204764 0.172709 1 54 1.000000
  54 -1.757217 1.234285 2.800606 0.936273 0.092273 -0.338939 0.256743 0.197367 1 54 1.000000
  54 -1.916707 1.235184 2.514246 0.754284 0.199632 -0.625461 0.262237 0.169979 1 54 1.000000
shoe
  54 -1.987085 1.937503 2.705855 0.651073 0.309592 -0.693005 0.205304 0.156641 1 54 1.000000
  54 -1.916707 1.235184 2.514246 0.754284 0.199632 -0.625461 0.262237 0.169979 1 54 1.000000
  54 -2.081079 1.148330 2.347640 0.617769 0.250088 -0.745532 0.271352 0.152469 1 54 1.000000
shoe
  54 -1.734036 0.519443 2.811395 0.989286 0.001747 -0.145978 0.314713 0.221559 1 54 1.000000
  54 -1.812513 0.633064 2.533994 0.913234 0.106365 -0.393306 0.314316 0.193763 1 54 1.000000
  54 -1.757217 1.234285 2.800606 0.936273 0.092273 -0.338939 0.256743 0.197367 1 54 1.000000
shoe
  54 -1.916707 1.235184 2.514246 0.754284 0.199632 -0.625461 0.262237 0.169979 1 54 1.000000
  54 -1.757217 1.234285 2.800606 0.936273 0.092273 -0.338939 0.256743 0.197367 1 54 1.000000
  54 -1.812513 0.633064 2.533994 0.913234 0.106365 -0.393306 0.314316 0.193763 1 54 1.000000
shoe
  54 -1.734036 0.519443 2.811395 0.989286 0.001747 -0.145978 0.314713 0.221559 1 54 1.000000
  54 -1.762706 -0.083130 2.564495 0.993285 0.045103 -0.106537 0.370750 0.221334 1 54 1.000000
  54 -1.812513 0.633064 2.533994 0.913234 0.106365 -0.393306 0.314316 0.193763 1 54 1.000000
shoe
  54 -1.916707 1.235184 2.514246 0.754284 0.199632 -0.625461 0.262237 0.169979 1 54 1.000000
  54 -1.996879 0.745819 2.285435 0.722729 0.226995 -0.652792 0.313578 0.164323 1 54 1.000000
  54 -2.081079 1.148330 2.347640 0.617769 0.250088 -0.745532 0.271352 0.152469 1 54 1.000000
shoe
  54 -1.996879 0.745819 2.285435 0.722729 0.226995 -0.652792 0.313578 0.164323 1 54 1.000000
  54 -1.916707 1.235184 2.514246 0.754284 0.199632 -0.625461 0.262237 0.169979 1 54 1.000000
  54 -1.812513 0.633064 2.533994 0.913234 0.106365 -0.393306 0.314316 0.193763 1 54 1.000000
shoe
  54 -1.996879 0.745819 2.285435 0.722729 0.226995 -0.652792 0.313578 0.164323 1 54 1.000000
  54 -2.140661 0.779101 2.182474 0.595429 0.288098 -0.749976 0.315920 0.148513 1 54 1.000000
  54 -2.081079 1.148330 2.347640 0.617769 0.250088 -0.745532 0.271352 0.152469 1 54 1.000000
shoe
  54 -1.762706 -0.083130 2.564495 0.993285 0.045103 -0.106537 0.370750 0.221334 1 54 1.000000
  54 -1.842210 0.050022 2.250943 0.907046 0.176909 -0.382060 0.372010 0.189669 1 54 1.000000
  54 -1.812513 0.633064 2.533994 0.913234 0.106365 -0.393306 0.314316 0.193763 1 54 1.000000
shoe
  54 -1.812513 0.633064 2.533994 0.913234 0.106365 -0.393306 0.314316 0.193763 1 54 1.000000
  54 -1.842210 0.050022 2.250943 0.907046 0.176909 -0.382060 0.372010 0.189669 1 54 1.000000
  54 -1.996879 0.745819 2.285435 0.722729 0.226995 -0.652792 0.313578 0.164323 1 54 1.000000
shoe
  54 -1.842210 0.050022 2.250943 0.907046 0.176909 -0.382060 0.372010 0.189669 1 54 1.000000
  54 -1.762706 -0.083130 2.564495 0.993285 0.045103 -0.106537 0.370750 0.221334 1 54 1.000000
  54 -1.810696 -0.479633 2.015262 0.918352 0.254391 -0.303173 0.423252 0.190432 1 54 1.000000
shoe
  54 -1.996879 0.745819 2.285435 0.722729 0.226995 -0.652792 0.313578 0.164323 1 54 1.000000
  54 -2.061854 0.143949 1.967240 0.677730 0.319366 -0.662335 0.375523 0.156266 1 54 1.000000
  54 -2.140661 0.779101 2.182474 0.595429 0.288098 -0.749976 0.315920 0.148513 1 54 1.000000
shoe
  54 -1.842210 0.050022 2.250943 0.907046 0.176909 -0.382060 0.372010 0.189669 1 54 1.000000
  54 -2.061854 0.143949 1.967240 0.677730 0.319366 -0.662335 0.375523 0.156266 1 54 1.000000
  54 -1.996879 0.745819 2.285435 0.722729 0.226995 -0.652792 0.313578 0.164323 1 54 1.000000
shoe
  54 -1.842210 0.050022 2.250943 0.907046 0.176909 -0.382060 0.372010 0.189669 1 54 1.000000
  54 -1.810696 -0.479633 2.015262 0.918352 0.254391 -0.303173 0.423252 0.190432 1 54 1.000000
  54 -2.061854 0.143949 1.967240 0.677730 0.319366 -0.662335 0.375523 0.156266 1 54 1.000000
shoe
  54 -2.061854 0.143949 1.967240 0.677730 0.319366 -0.662335 0.375523 0.156266 1 54 1.000000
  54 -2.193137 0.171765 1.890991 0.523593 0.377431 -0.763803 0.376278 0.142816 1 54 1.000000
  54 -2.140661 0.779101 2.182474 0.595429 0.288098 -0.749976 0.315920 0.148513 1 54 1.000000
shoe
  54 -2.149961 -0.336611 1.634192 0.573447 0.435367 -0.693985 0.427613 0.138758 1 54 1.000000
  54 -2.193137 0.171765 1.890991 0.523593 0.377431 -0.763803 0.376278 0.142816 1 54 1.000000
  54 -2.061854 0.143949 1.967240 0.677730 0.319366 -0.662335 0.375523 0.156266 1 54 1.000000
shoe
  54 -2.017263 -0.376955 1.719952 0.706962 0.403204 -0.581061 0.427374 0.154685 1 54 1.000000
  54 -2.149961 -0.336611 1.634192 0.573447 0.435367 -0.693985 0.427613 0.138758 1 54 1.000000
  54 -2.061854 0.143949 1.967240 0.677730 0.319366 -0.662335 0.375523 0.156266 1 54 1.000000
shoe
  54 -1.810696 -0.479633 2.015262 0.918352 0.254391 -0.303173 0.423252 0.190432 1 54 1.000000
  54 -2.017263 -0.376955 1.719952 0.706962 0.403204 -0.581061 0.427374 0.154685 1 54 1.000000
  54 -2.061854 0.143949 1.967240 0.677730 0.319366 -0.662335 0.375523 0.156266 1 54 1.000000
shoe
  54 -2.063406 -0.831390 1.352423 0.591439 0.504743 -0.628835 0.476297 0.142085 1 54 1.000000
  54 -2.149961 -0.336611 1.634192 0.573447 0.435367 -0.693985 0.427613 0.138758 1 54 1.000000
  54 -2.017263 -0.376955 1.719952 0.706962 0.403204 -0.581061 0.427374 0.154685 1 54 1.000000
shoe
  54 -2.017263 -0.376955 1.719952 0.706962 0.403204 -0.581061 0.427374 0.154685 1 54 1.000000
  54 -1.810696 -0.479633 2.015262 0.918352 0.254391 -0.303173 0.423252 0.190432 1 54 1.000000
  54 -1.895436 -0.857281 1.485497 0.733983 0.458087 -0.501424 0.474190 0.161825 1 54 1.000000
shoe
  54 -1.895436 -0.857281 1.485497 0.733983 0.458087 -0.501424 0.474190 0.161825 1 54 1.000000
  54 -2.063406 -0.831390 1.352423 0.591439 0.504743 -0.628835 0.476297 0.142085 1 54 1.000000
  54 -2.017263 -0.376955 1.719952 0.706962 0.403204 -0.581061 0.427374 0.154685 1 54 1.000000
shoe
  54 -1.810696 -0.479633 2.015262 0.918352 0.254391 -0.303173 0.423252 0.190432 1 54 1.000000
  54 -1.729590 -0.972428 1.790641 0.938383 0.287344 -0.192018 0.470517 0.195844 1 54 1.000000
  54 -1.895436 -0.857281 1.485497 0.733983 0.458087 -0.501424 0.474190 0.161825 1 54 1.000000
shoe
  54 -1.895436 -0.857281 1.485497 0.733983 0.458087 -0.501424 0.474190 0.161825 1 54 1.000000
  54 -1.750334 -1.295779 1.246606 0.793578 0.459632 -0.398715 0.518604 0.168477 1 54 1.000000
  54 -2.063406 -0.831390 1.352423 0.591439 0.504743 -0.628835 0.476297 0.142085 1 54 1.000000
shoe
  54 -1.750334 -1.295779 1.246606 0.793578 0.459632 -0.398715 0.518604 0.168477 1 54 1.000000
  54 -1.895436 -0.857281 1.485497 0.733983 0.458087 -0.501424 0.474190 0.161825 1 54 1.000000
  54 -1.729590 -0.972428 1.790641 0.938383 0.287344 -0.192018 0.470517 0.195844 1 54 1.000000
shoe
  54 -1.750334 -1.295779 1.246606 0.793578 0.459632 -0.398715 0.518604 0.168477 1 54 1.000000
  54 -1.881528 -1.283722 1.096419 0.662522 0.522408 -0.536799 0.522267 0.151185 1 54 1.000000
  54 -2.063406 -0.831390 1.352423 0.591439 0.504743 -0.628835 0.476297 0.142085 1 54 1.000000
shoe
  54 -1.617567 -1.437882 1.574466 0.956186 0.276650 -0.095776 0.515491 0.203342 1 54 1.000000
  54 -1.750334 -1.295779 1.246606 0.793578 0.459632 -0.398715 0.518604 0.168477 1 54 1.000000
  54 -1.729590 -0.972428 1.790641 0.938383 0.287344 -0.192018 0.470517 0.195844 1 54 1.000000
shoe
  54 -1.881528 -1.283722 1.096419 0.662522 0.522408 -0.536799 0.522267 0.151185 1 54 1.000000
  54 -1.750334 -1.295779 1.246606 0.793578 0.459632 -0.398715 0.518604 0.168477 1 54 1.000000
  54 -1.705397 -1.712152 0.931811 0.728144 0.414815 -0.545650 0.566866 0.162245 1 54 1.000000
shoe
  54 -1.607187 -1.745113 1.039985 0.856893 0.358080 -0.370827 0.564473 0.176679 1 54 1.000000
  54 -1.750334 -1.295779 1.246606 0.793578 0.459632 -0.398715 0.518604 0.168477 1 54 1.000000
  54 -1.617567 -1.437882 1.574466 0.956186 0.276650 -0.095776 0.515491 0.203342 1 54 1.000000
shoe
  54 -1.750334 -1.295779 1.246606 0.793578 0.459632 -0.398715 0.518604 0.168477 1 54 1.000000
  54 -1.607187 -1.745113 1.039985 0.856893 0.358080 -0.370827 0.564473 0.176679 1 54 1.000000
  54 -1.705397 -1.712152 0.931811 0.728144 0.414815 -0.545650 0.566866 0.162245 1 54 1.000000
shoe
  54 -1.505872 -1.892801 1.408408 0.977837 0.207829 -0.025320 0.557705 0.214936 1 54 1.000000
  54 -1.607187 -1.745113 1.039985 0.856893 0.358080 -0.370827 0.564473 0.176679 1 54 1.000000
  54 -1.617567 -1.437882 1.574466 0.956186 0.276650 -0.095776 0.515491 0.203342 1 54 1.000000
shoe
  54 -1.705397 -1.712152 0.931811 0.728144 0.414815 -0.545650 0.566866 0.162245 1 54 1.000000
  54 -1.607187 -1.745113 1.039985 0.856893 0.358080 -0.370827 0.564473 0.176679 1 54 1.000000
  54 -1.578771 -2.159578 0.832566 0.820592 0.235060 -0.520936 0.605519 0.182377 1 54 1.000000
shoe
  54 -1.607187 -1.745113 1.039985 0.856893 0.358080 -0.370827 0.564473 0.176679 1 54 1.000000
  54 -1.505872 -1.892801 1.408408 0.977837 0.207829 -0.025320 0.557705 0.214936 1 54 1.000000
  54 -1.493545 -2.193480 0.955166 0.924807 0.192139 -0.328351 0.601790 0.196444 1 54 1.000000
shoe
  54 -1.607187 -1.745113 1.039985 0.856893 0.358080 -0.370827 0.564473 0.176679 1 54 1.000000
  54 -1.493545 -2.193480 0.955166 0.924807 0.192139 -0.328351 0.601790 0.196444 1 54 1.000000
  54 -1.578771 -2.159578 0.832566 0.820592 0.235060 -0.520936 0.605519 0.182377 1 54 1.000000
shoe
  54 -1.505872 -1.892801 1.408408 0.977837 0.207829 -0.025320 0.557705 0.214936 1 54 1.000000
  54 -1.433071 -2.333448 1.315777 0.995156 0.096933 0.016362 0.594061 0.232413 1 54 1.000000
  54 -1.493545 -2.193480 0.955166 0.924807 0.192139 -0.328351 0.601790 0.196444 1 54 1.000000
shoe
  54 -1.578771 -2.159578 0.832566 0.820592 0.235060 -0.520936 0.605519 0.182377 1 54 1.000000
  54 -1.493545 -2.193480 0.955166 0.924807 0.192139 -0.328351 0.601790 0.196444 1 54 1.000000
  54 -1.515062 -2.650269 0.806513 0.851278 0.071515 -0.519818 0.643045 0.210198 1 54 1.000000
shoe
  54 -1.493545 -2.193480 0.955166 0.924807 0.192139 -0.328351 0.601790 0.196444 1 54 1.000000
  54 -1.454790 -2.686821 0.901349 0.942636 0.038444 -0.331602 0.640208 0.220979 2 54 0.998024 55 0.001976
  54 -1.515062 -2.650269 0.806513 0.851278 0.071515 -0.519818 0.643045 0.210198 1 54 1.000000
shoe
  54 -1.454790 -2.686821 0.901349 0.942636 0.038444 -0.331602 0.640208 0.220979 2 54 0.998024 55 0.001976
  54 -1.493545 -2.193480 0.955166 0.924807 0.192139 -0.328351 0.601790 0.196444 1 54 1.000000
  54 -1.433071 -2.333448 1.315777 0.995156 0.096933 0.016362 0.594061 0.232413 1 54 1.000000
shoe
  54 -1.515062 -2.650269 0.806513 0.851278 0.071515 -0.519818 0.643045 0.210198 1 54 1.000000
  54 -1.454790 -2.686821 0.901349 0.942636 0.038444 -0.331602 0.640208 0.220979 2 54 0.998024 55 0.001976
  54 -1.521685 -3.108203 0.802972 0.853087 -0.061934 -0.518079 0.676893 0.237621 2 54 0.808484 55 0.191516
shoe
  54 -1.408964 -2.822556 1.270884 0.999696 -0.006931 0.023644 0.630903 0.256878 2 54 0.931485 55 0.068515
  54 -1.454790 -2.686821 0.901349 0.942636 0.038444 -0.331602 0.640208 0.220979 2 54 0.998024 55 0.001976
  54 -1.433071 -2.333448 1.315777 0.995156 0.096933 0.016362 0.594061 0.232413 1 54 1.000000
shoe
  54 -1.433071 -2.333448 1.315777 0.995156 0.096933 0.016362 0.594061 0.232413 1 54 1.000000
  54 -1.487267 -2.518106 1.692204 0.968319 0.003710 0.249690 0.587807 0.271076 1 54 1.000000
  54 -1.408964 -2.822556 1.270884 0.999696 -0.006931 0.023644 0.630903 0.256878 2 54 0.931485 55 0.068515
shoe
  54 -1.487267 -2.518106 1.692204 0.968319 0.003710 0.249690 0.587807 0.271076 1 54 1.000000
  54 -1.485536 -2.986796 1.664557 0.951750 -0.056024 0.301717 0.622047 0.296162 2 54 0.851336 55 0.148664
  54 -1.408964 -2.822556 1.270884 0.999696 -0.006931 0.023644 0.630903 0.256878 2 54 0.931485 55 0.068515
shoe
  54 -1.454790 -2.686821 0.901349 0.942636 0.038444 -0.331602 0.640208 0.220979 2 54 0.998024 55 0.001976
  54 -1.470909 -3.141516 0.891287 0.939025 -0.083997 -0.333431 0.673625 0.247110 2 54 0.792306 55 0.207694
  54 -1.521685 -3.108203 0.802972 0.853087 -0.061934 -0.518079 0.676893 0.237621 2 54 0.808484 55 0.191516
shoe
  54 -1.470909 -3.141516 0.891287 0.939025 -0.083997 -0.333431 0.673625 0.247110 2 54 0.792306 55 0.207694
  54 -1.454790 -2.686821 0.901349 0.942636 0.038444 -0.331602 0.640208 0.220979 2 54 0.998024 55 0.001976
  54 -1.408964 -2.822556 1.270884 0.999696 -0.006931 0.023644 0.630903 0.256878 2 54 0.931485 55 0.068515
shoe
  54 -1.572895 -3.539445 0.824930 0.839718 -0.183090 -0.511225 0.707667 0.265848 2 54 0.612823 55 0.387177
  54 -1.521685 -3.108203 0.802972 0.853087 -0.061934 -0.518079 0.676893 0.237621 2 54 0.808484 55 0.191516
  54 -1.470909 -3.141516 0.891287 0.939025 -0.083997 -0.333431 0.673625 0.247110 2 54 0.792306 55 0.207694
shoe
  54 -1.408964 -2.822556 1.270884 0.999696 -0.006931 0.023644 0.630903 0.256878 2 54 0.931485 55 0.068515
  54 -1.485536 -2.986796 1.664557 0.951750 -0.056024 0.301717 0.622047 0.296162 2 54 0.851336 55 0.148664
  54 -1.433454 -3.276872 1.278858 0.994197 -0.105025 0.023258 0.662356 0.283815 2 54 0.725657 55 0.274343
shoe
  54 -1.433454 -3.276872 1.278858 0.994197 -0.105025 0.023258 0.662356 0.283815 2 54 0.725657 55 0.274343
  54 -1.470909 -3.141516 0.891287 0.939025 -0.083997 -0.333431 0.673625 0.247110 2 54 0.792306 55 0.207694
  54 -1.408964 -2.822556 1.270884 0.999696 -0.006931 0.023644 0.630903 0.256878 2 54 0.931485 55 0.068515
shoe
  54 -1.485536 -2.986796 1.664557 0.951750 -0.056024 0.301717 0.622047 0.296162 2 54 0.851336 55 0.148664
  54 -1.521574 -3.424727 1.673221 0.933335 -0.119262 0.338618 0.652198 0.322241 2 54 0.652880 55 0.347120
  54 -1.433454 -3.276872 1.278858 0.994197 -0.105025 0.023258 0.662356 0.283815 2 54 0.725657 55 0.274343
shoe
  54 -1.527924 -3.569802 0.910228 0.921042 -0.199496 -0.334489 0.703774 0.274465 2 54 0.598008 55 0.401992
  54 -1.572895 -3.539445 0.824930 0.839718 -0.183090 -0.511225 0.707667 0.265848 2 54 0.612823 55 0.387177
  54 -1.470909 -3.141516 0.891287 0.939025 -0.083997 -0.333431 0.673625 0.247110 2 54 0.792306 55 0.207694
shoe
  54 -1.527924 -3.569802 0.910228 0.921042 -0.199496 -0.334489 0.703774 0.274465 2 54 0.598008 55 0.401992
  54 -1.470909 -3.141516 0.891287 0.939025 -0.083997 -0.333431 0.673625 0.247110 2 54 0.792306 55 0.207694
  54 -1.433454 -3.276872 1.278858 0.994197 -0.105025 0.023258 0.662356 0.283815 2 54 0.725657 55 0.274343
shoe
  55 -1.685660 -3.989549 0.865027 0.801034 -0.292545 -0.522266 0.739323 0.297653 2 55 0.591816 54 0.408184
  54 -1.572895 -3.539445 0.824930 0.839718 -0.183090 -0.511225 0.707667 0.265848 2 54 0.612823 55 0.387177
  54 -1.527924 -3.569802 0.910228 0.921042 -0.199496 -0.334489 0.703774 0.274465 2 54 0.598008 55 0.401992
shoe
  54 -1.499072 -3.692194 1.285049 0.979797 -0.199985 -0.001903 0.691022 0.308847 2 54 0.537383 55 0.462617
  54 -1.527924 -3.569802 0.910228 0.921042 -0.199496 -0.334489 0.703774 0.274465 2 54 0.598008 55 0.401992
  54 -1.433454 -3.276872 1.278858 0.994197 -0.105025 0.023258 0.662356 0.283815 2 54 0.725657 55 0.274343
shoe
  54 -1.499072 -3.692194 1.285049 0.979797 -0.199985 -0.001903 0.691022 0.308847 2 54 0.537383 55 0.462617
  54 -1.433454 -3.276872 1.278858 0.994197 -0.105025 0.023258 0.662356 0.283815 2 54 0.725657 55 0.274343
  54 -1.521574 -3.424727 1.673221 0.933335 -0.119262 0.338618 0.652198 0.322241 2 54 0.652880 55 0.347120
shoe
  55 -1.638588 -4.016809 0.952521 0.885712 -0.304888 -0.350082 0.734200 0.305852 2 55 0.605255 54 0.394745
  55 -1.685660 -3.989549 0.865027 0.801034 -0.292545 -0.522266 0.739323 0.297653 2 55 0.591816 54 0.408184
  54 -1.527924 -3.569802 0.910228 0.921042 -0.199496 -0.334489 0.703774 0.274465 2 54 0.598008 55 0.401992
shoe
  55 -1.638588 -4.016809 0.952521 0.885712 -0.304888 -0.350082 0.734200 0.305852 2 55 0.605255 54 0.394745
  54 -1.527924 -3.569802 0.910228 0.921042 -0.199496 -0.334489 0.703774 0.274465 2 54 0.598008 55 0.401992
  54 -1.499072 -3.692194 1.285049 0.979797 -0.199985 -0.001903 0.691022 0.308847 2 54 0.537383 55 0.462617
shoe
  55 -1.835532 -4.404936 0.916136 0.754025 -0.379288 -0.536271 0.768216 0.330242 2 55 0.781009 54 0.218991
  55 -1.685660 -3.989549 0.865027 0.801034 -0.292545 -0.522266 0.739323 0.297653 2 55 0.591816 54 0.408184
  55 -1.638588 -4.016809 0.952521 0.885712 -0.304888 -0.350082 0.734200 0.305852 2 55 0.605255 54 0.394745
shoe
  55 -1.576658 -3.813835 1.666703 0.923339 -0.190457 0.333423 0.679401 0.343901 2 55 0.523317 54 0.476683
  54 -1.499072 -3.692194 1.285049 0.979797 -0.199985 -0.001903 0.691022 0.308847 2 54 0.537383 55 0.462617
  54 -1.521574 -3.424727 1.673221 0.933335 -0.119262 0.338618 0.652198 0.322241 2 54 0.652880 55 0.347120
shoe
  55 -1.785362 -4.416667 0.994740 0.843096 -0.393457 -0.366581 0.761352 0.336434 2 55 0.787283 54 0.212717
  55 -1.835532 -4.404936 0.916136 0.754025 -0.379288 -0.536271 0.768216 0.330242 2 55 0.781009 54 0.218991
  55 -1.638588 -4.016809 0.952521 0.885712 -0.304888 -0.350082 0.734200 0.305852 2 55 0.605255 54 0.394745
shoe
  55 -1.999012 -4.742785 0.954998 0.692156 -0.488485 -0.531321 0.790672 0.362915 2 55 0.934971 54 0.065029
  55 -1.835532 -4.404936 0.916136 0.754025 -0.379288 -0.536271 0.768216 0.330242 2 55 0.781009 54 0.218991
  55 -1.785362 -4.416667 0.994740 0.843096 -0.393457 -0.366581 0.761352 0.336434 2 55 0.787283 54 0.212717
shoe
  55 -1.601134 -4.094730 1.300444 0.953728 -0.298915 -0.032441 0.717948 0.334584 2 55 0.645344 54 0.354656
  55 -1.638588 -4.016809 0.952521 0.885712 -0.304888 -0.350082 0.734200 0.305852 2 55 0.605255 54 0.394745
  54 -1.499072 -3.692194 1.285049 0.979797 -0.199985 -0.001903 0.691022 0.308847 2 54 0.537383 55 0.462617
shoe
  55 -1.785362 -4.416667 0.994740 0.843096 -0.393457 -0.366581 0.761352 0.336434 2 55 0.787283 54 0.212717
  55 -1.638588 -4.016809 0.952521 0.885712 -0.304888 -0.350082 0.734200 0.305852 2 55 0.605255 54 0.394745
  55 -1.601134 -4.094730 1.300444 0.953728 -0.298915 -0.032441 0.717948 0.334584 2 55 0.645344 54 0.354656
shoe
  55 -1.601134 -4.094730 1.300444 0.953728 -0.298915 -0.032441 0.717948 0.334584 2 55 0.645344 54 0.354656
  54 -1.499072 -3.692194 1.285049 0.979797 -0.199985 -0.001903 0.691022 0.308847 2 54 0.537383 55 0.462617
  55 -1.576658 -3.813835 1.666703 0.923339 -0.190457 0.333423 0.679401 0.343901 2 55 0.523317 54 0.476683
shoe
  55 -1.955131 -4.770430 1.037594 0.775185 -0.519065 -0.360083 0.783235 0.368944 2 55 0.948523 54 0.051477
  55 -1.999012 -4.742785 0.954998 0.692156 -0.488485 -0.531321 0.790672 0.362915 2 55 0.934971 54 0.065029
  55 -1.785362 -4.416667 0.994740 0.843096 -0.393457 -0.366581 0.761352 0.336434 2 55 0.787283 54 0.212717
shoe
  55 -2.233509 -5.043770 0.993410 0.536730 -0.643737 -0.545458 0.809749 0.397409 1 55 1.000000
  55 -1.999012 -4.742785 0.954998 0.692156 -0.488485 -0.531321 0.790672 0.362915 2 55 0.934971 54 0.065029
  55 -1.955131 -4.770430 1.037594 0.775185 -0.519065 -0.360083 0.783235 0.368944 2 55 0.948523 54 0.051477
shoe
  55 -1.742003 -4.469224 1.315681 0.913730 -0.402406 -0.056266 0.742248 0.360352 2 55 0.815491 54 0.184509
  55 -1.785362 -4.416667 0.994740 0.843096 -0.393457 -0.366581 0.761352 0.336434 2 55 0.787283 54 0.212717
  55 -1.601134 -4.094730 1.300444 0.953728 -0.298915 -0.032441 0.717948 0.334584 2 55 0.645344 54 0.354656
shoe
  55 -1.785362 -4.416667 0.994740 0.843096 -0.393457 -0.366581 0.761352 0.336434 2 55 0.787283 54 0.212717
  55 -1.742003 -4.469224 1.315681 0.913730 -0.402406 -0.056266 0.742248 0.360352 2 55 0.815491 54 0.184509
  55 -1.955131 -4.770430 1.037594 0.775185 -0.519065 -0.360083 0.783235 0.368944 2 55 0.948523 54 0.051477
shoe
  55 -2.185813 -5.080937 1.083679 0.624112 -0.697388 -0.352327 0.800137 0.402630 1 55 1.000000
  55 -2.233509 -5.043770 0.993410 0.536730 -0.643737 -0.545458 0.809749 0.397409 1 55 1.000000
  55 -1.955131 -4.770430 1.037594 0.775185 -0.519065 -0.360083 0.783235 0.368944 2 55 0.948523 54 0.051477
shoe
  55 -2.485222 -5.217953 1.024849 0.338803 -0.756974 -0.558752 0.821662 0.428798 1 55 1.000000
  55 -2.233509 -5.043770 0.993410 0.536730 -0.643737 -0.545458 0.809749 0.397409 1 55 1.000000
  55 -2.185813 -5.080937 1.083679 0.624112 -0.697388 -0.352327 0.800137 0.402630 1 55 1.000000
shoe
  55 -1.742003 -4.469224 1.315681 0.913730 -0.402406 -0.056266 0.742248 0.360352 2 55 0.815491 54 0.184509
  55 -1.920140 -4.812553 1.331509 0.837287 -0.543980 -0.055099 0.762887 0.387168 2 55 0.971651 54 0.028349
  55 -1.955131 -4.770430 1.037594 0.775185 -0.519065 -0.360083 0.783235 0.368944 2 55 0.948523 54 0.051477
shoe
  55 -1.955131 -4.770430 1.037594 0.775185 -0.519065 -0.360083 0.783235 0.368944 2 55 0.948523 54 0.051477
  55 -1.920140 -4.812553 1.331509 0.837287 -0.543980 -0.055099 0.762887 0.387168 2 55 0.971651 54 0.028349
  55 -2.185813 -5.080937 1.083679 0.624112 -0.697388 -0.352327 0.800137 0.402630 1 55 1.000000
shoe
  55 -1.742003 -4.469224 1.315681 0.913730 -0.402406 -0.056266 0.742248 0.360352 2 55 0.815491 54 0.184509
  55 -1.601134 -4.094730 1.300444 0.953728 -0.298915 -0.032441 0.717948 0.334584 2 55 0.645344 54 0.354656
  55 -1.668216 -4.185712 1.659826 0.912350 -0.279450 0.299207 0.704533 0.364901 2 55 0.691818 54 0.308182
shoe
  55 -1.668216 -4.185712 1.659826 0.912350 -0.279450 0.299207 0.704533 0.364901 2 55 0.691818 54 0.308182
  55 -1.601134 -4.094730 1.300444 0.953728 -0.298915 -0.032441 0.717948 0.334584 2 55 0.645344 54 0.354656
  55 -1.576658 -3.813835 1.666703 0.923339 -0.190457 0.333423 0.679401 0.343901 2 55 0.523317 54 0.476683
shoe
  55 -2.465029 -5.276661 1.116074 0.392634 -0.851486 -0.347577 0.811439 0.434182 1 55 1.000000
  55 -2.485222 -5.217953 1.024849 0.338803 -0.756974 -0.558752 0.821662 0.428798 1 55 1.000000
  55 -2.185813 -5.080937 1.083679 0.624112 -0.697388 -0.352327 0.800137 0.402630 1 55 1.000000
shoe
  55 -2.758960 -5.305218 1.040808 0.146837 -0.830970 -0.536588 0.829494 0.460150 1 55 1.000000
  55 -2.485222 -5.217953 1.024849 0.338803 -0.756974 -0.558752 0.821662 0.428798 1 55 1.000000
  55 -2.465029 -5.276661 1.116074 0.392634 -0.851486 -0.347577 0.811439 0.434182 1 55 1.000000
shoe
  55 -2.465029 -5.276661 1.116074 0.392634 -0.851486 -0.347577 0.811439 0.434182 1 55 1.000000
  55 -2.185813 -5.080937 1.083679 0.624112 -0.697388 -0.352327 0.800137 0.402630 1 55 1.000000
  55 -2.159263 -5.111847 1.357410 0.672828 -0.739180 -0.030241 0.778713 0.415692 1 55 1.000000
shoe
  55 -1.920140 -4.812553 1.331509 0.837287 -0.543980 -0.055099 0.762887 0.387168 2 55 0.971651 54 0.028349
  55 -2.159263 -5.111847 1.357410 0.672828 -0.739180 -0.030241 0.778713 0.415692 1 55 1.000000
  55 -2.185813 -5.080937 1.083679 0.624112 -0.697388 -0.352327 0.800137 0.402630 1 55 1.000000
shoe
  55 -2.753159 -5.378026 1.156340 0.171555 -0.935037 -0.310282 0.815901 0.464292 1 55 1.000000
  55 -2.758960 -5.305218 1.040808 0.146837 -0.830970 -0.536588 0.829494 0.460150 1 55 1.000000
  55 -2.465029 -5.276661 1.116074 0.392634 -0.851486 -0.347577 0.811439 0.434182 1 55 1.000000
shoe
  55 -3.059561 -5.337998 1.055399 -0.001004 -0.849950 -0.526862 0.832910 0.494187 1 55 1.000000
  55 -2.758960 -5.305218 1.040808 0.146837 -0.830970 -0.536588 0.829494 0.460150 1 55 1.000000
  55 -2.753159 -5.378026 1.156340 0.171555 -0.935037 -0.310282 0.815901 0.464292 1 55 1.000000
shoe
  55 -2.455950 -5.309855 1.394613 0.430329 -0.902669 0.002362 0.787985 0.444150 1 55 1.000000
  55 -2.465029 -5.276661 1.116074 0.392634 -0.851486 -0.347577 0.811439 0.434182 1 55 1.000000
  55 -2.159263 -5.111847 1.357410 0.672828 -0.739180 -0.030241 0.778713 0.415692 1 55 1.000000
shoe
  55 -2.753159 -5.378026 1.156340 0.171555 -0.935037 -0.310282 0.815901 0.464292 1 55 1.000000
  55 -2.465029 -5.276661 1.116074 0.392634 -0.851486 -0.347577 0.811439 0.434182 1 55 1.000000
  55 -2.455950 -5.309855 1.394613 0.430329 -0.902669 0.002362 0.787985 0.444150 1 55 1.000000
shoe
  55 -1.920140 -4.812553 1.331509 0.837287 -0.543980 -0.055099 0.762887 0.387168 2 55 0.971651 54 0.028349
  55 -1.974693 -4.854632 1.663161 0.803543 -0.551714 0.223450 0.744795 0.408170 2 55 0.995561 54 0.004439
  55 -2.159263 -5.111847 1.357410 0.672828 -0.739180 -0.030241 0.778713 0.415692 1 55 1.000000
shoe
  55 -3.058480 -5.403475 1.162104 0.003214 -0.948873 -0.315643 0.819270 0.494419 1 55 1.000000
  55 -3.059561 -5.337998 1.055399 -0.001004 -0.849950 -0.526862 0.832910 0.494187 1 55 1.000000
  55 -2.753159 -5.378026 1.156340 0.171555 -0.935037 -0.310282 0.815901 0.464292 1 55 1.000000
shoe
  55 -1.742003 -4.469224 1.315681 0.913730 -0.402406 -0.056266 0.742248 0.360352 2 55 0.815491 54 0.184509
  55 -1.795807 -4.536767 1.648951 0.885805 -0.394002 0.245176 0.727147 0.385588 2 55 0.850947 54 0.149053
  55 -1.920140 -4.812553 1.331509 0.837287 -0.543980 -0.055099 0.762887 0.387168 2 55 0.971651 54 0.028349
shoe
  55 -1.795807 -4.536767 1.648951 0.885805 -0.394002 0.245176 0.727147 0.385588 2 55 0.850947 54 0.149053
  55 -1.974693 -4.854632 1.663161 0.803543 -0.551714 0.223450 0.744795 0.408170 2 55 0.995561 54 0.004439
  55 -1.920140 -4.812553 1.331509 0.837287 -0.543980 -0.055099 0.762887 0.387168 2 55 0.971651 54 0.028349
shoe
  55 -1.795807 -4.536767 1.648951 0.885805 -0.394002 0.245176 0.727147 0.385588 2 55 0.850947 54 0.149053
  55 -1.742003 -4.469224 1.315681 0.913730 -0.402406 -0.056266 0.742248 0.360352 2 55 0.815491 54 0.184509
  55 -1.668216 -4.185712 1.659826 0.912350 -0.279450 0.299207 0.704533 0.364901 2 55 0.691818 54 0.308182
shoe
  55 -3.058480 -5.403475 1.162104 0.003214 -0.948873 -0.315643 0.819270 0.494419 1 55 1.000000
  55 -2.753159 -5.378026 1.156340 0.171555 -0.935037 -0.310282 0.815901 0.464292 1 55 1.000000
  55 -2.743879 -5.401781 1.436076 0.203019 -0.978765 0.028327 0.791097 0.469081 1 55 1.000000
shoe
  55 -2.743879 -5.401781 1.436076 0.203019 -0.978765 0.028327 0.791097 0.469081 1 55 1.000000
  55 -2.753159 -5.378026 1.156340 0.171555 -0.935037 -0.310282 0.815901 0.464292 1 55 1.000000
  55 -2.455950 -5.309855 1.394613 0.430329 -0.902669 0.002362 0.787985 0.444150 1 55 1.000000
shoe
  55 -1.668216 -4.185712 1.659826 0.912350 -0.279450 0.299207 0.704533 0.364901 2 55 0.691818 54 0.308182
  55 -1.869818 -4.257555 1.977651 0.726743 -0.204893 0.655639 0.693824 0.395274 2 55 0.729444 54 0.270556
  55 -1.795807 -4.536767 1.648951 0.885805 -0.394002 0.245176 0.727147 0.385588 2 55 0.850947 54 0.149053
shoe
  55 -2.743879 -5.401781 1.436076 0.203019 -0.978765 0.028327 0.791097 0.469081 1 55 1.000000
  55 -2.455950 -5.309855 1.394613 0.430329 -0.902669 0.002362 0.787985 0.444150 1 55 1.000000
  55 -2.434072 -5.257161 1.697043 0.440546 -0.863304 0.246222 0.764633 0.449434 1 55 1.000000
shoe
  55 -1.869818 -4.257555 1.977651 0.726743 -0.204893 0.655639 0.693824 0.395274 2 55 0.729444 54 0.270556
  55 -1.668216 -4.185712 1.659826 0.912350 -0.279450 0.299207 0.704533 0.364901 2 55 0.691818 54 0.308182
  55 -1.804115 -3.904811 1.991572 0.707601 -0.168262 0.686286 0.668889 0.378579 2 55 0.569779 54 0.430221
shoe
  55 -1.668216 -4.185712 1.659826 0.912350 -0.279450 0.299207 0.704533 0.364901 2 55 0.691818 54 0.308182
  55 -1.576658 -3.813835 1.666703 0.923339 -0.190457 0.333423 0.679401 0.343901 2 55 0.523317 54 0.476683
  55 -1.804115 -3.904811 1.991572 0.707601 -0.168262 0.686286 0.668889 0.378579 2 55 0.569779 54 0.430221
shoe
  55 -1.869818 -4.257555 1.977651 0.726743 -0.204893 0.655639 0.693824 0.395274 2 55 0.729444 54 0.270556
  55 -1.983115 -4.598381 1.978065 0.733607 -0.319765 0.599642 0.715030 0.413265 2 55 0.884058 54 0.115942
  55 -1.795807 -4.536767 1.648951 0.885805 -0.394002 0.245176 0.727147 0.385588 2 55 0.850947 54 0.149053
shoe
  55 -1.795807 -4.536767 1.648951 0.885805 -0.394002 0.245176 0.727147 0.385588 2 55 0.850947 54 0.149053
  55 -1.983115 -4.598381 1.978065 0.733607 -0.319765 0.599642 0.715030 0.413265 2 55 0.884058 54 0.115942
  55 -1.974693 -4.854632 1.663161 0.803543 -0.551714 0.223450 0.744795 0.408170 2 55 0.995561 54 0.004439
shoe
  55 -1.804115 -3.904811 1.991572 0.707601 -0.168262 0.686286 0.668889 0.378579 2 55 0.569779 54 0.430221
  55 -1.576658 -3.813835 1.666703 0.923339 -0.190457 0.333423 0.679401 0.343901 2 55 0.523317 54 0.476683
  54 -1.746420 -3.546243 2.011717 0.740133 -0.171059 0.650340 0.642033 0.360480 2 54 0.592410 55 0.407590
shoe
  55 -1.576658 -3.813835 1.666703 0.923339 -0.190457 0.333423 0.679401 0.343901 2 55 0.523317 54 0.476683
  54 -1.521574 -3.424727 1.673221 0.933335 -0.119262 0.338618 0.652198 0.322241 2 54 0.652880 55 0.347120
  54 -1.746420 -3.546243 2.011717 0.740133 -0.171059 0.650340 0.642033 0.360480 2 54 0.592410 55 0.407590
shoe
  54 -1.684561 -3.149002 2.027788 0.821969 -0.159022 0.546881 0.612974 0.337259 2 54 0.772173 55 0.227827
  54 -1.746420 -3.546243 2.011717 0.740133 -0.171059 0.650340 0.642033 0.360480 2 54 0.592410 55 0.407590
  54 -1.521574 -3.424727 1.673221 0.933335 -0.119262 0.338618 0.652198 0.322241 2 54 0.652880 55 0.347120
shoe
  54 -1.684561 -3.149002 2.027788 0.821969 -0.159022 0.546881 0.612974 0.337259 2 54 0.772173 55 0.227827
  54 -1.977885 -3.301158 2.293763 0.548059 -0.305758 0.778552 0.605341 0.379416 2 54 0.698656 55 0.301344
  54 -1.746420 -3.546243 2.011717 0.740133 -0.171059 0.650340 0.642033 0.360480 2 54 0.592410 55 0.407590
shoe
  54 -1.746420 -3.546243 2.011717 0.740133 -0.171059 0.650340 0.642033 0.360480 2 54 0.592410 55 0.407590
  54 -2.097968 -3.630983 2.243165 0.436716 -0.231902 0.869195 0.632561 0.400312 2 54 0.549723 55 0.450277
  55 -1.804115 -3.904811 1.991572 0.707601 -0.168262 0.686286 0.668889 0.378579 2 55 0.569779 54 0.430221
shoe
  54 -1.977885 -3.301158 2.293763 0.548059 -0.305758 0.778552 0.605341 0.379416 2 54 0.698656 55 0.301344
  54 -2.097968 -3.630983 2.243165 0.436716 -0.231902 0.869195 0.632561 0.400312 2 54 0.549723 55 0.450277
  54 -1.746420 -3.546243 2.011717 0.740133 -0.171059 0.650340 0.642033 0.360480 2 54 0.592410 55 0.407590
shoe
  55 -1.869818 -4.257555 1.977651 0.726743 -0.204893 0.655639 0.693824 0.395274 2 55 0.729444 54 0.270556
  55 -1.804115 -3.904811 1.991572 0.707601 -0.168262 0.686286 0.668889 0.378579 2 55 0.569779 54 0.430221
  55 -2.155873 -3.967543 2.206507 0.415077 -0.130088 0.900438 0.660299 0.414632 2 55 0.602270 54 0.397730
shoe
  54 -2.097968 -3.630983 2.243165 0.436716 -0.231902 0.869195 0.632561 0.400312 2 54 0.549723 55 0.450277
  55 -2.155873 -3.967543 2.206507 0.415077 -0.130088 0.900438 0.660299 0.414632 2 55 0.602270 54 0.397730
  55 -1.804115 -3.904811 1.991572 0.707601 -0.168262 0.686286 0.668889 0.378579 2 55 0.569779 54 0.430221
shoe
  54 -1.977885 -3.301158 2.293763 0.548059 -0.305758 0.778552 0.605341 0.379416 2 54 0.698656 55 0.301344
  54 -2.496655 -3.474200 2.438710 0.186843 -0.293544 0.937508 0.603772 0.436827 2 54 0.616728 55 0.383272
  54 -2.097968 -3.630983 2.243165 0.436716 -0.231902 0.869195 0.632561 0.400312 2 54 0.549723 55 0.450277
shoe
  54 -1.977885 -3.301158 2.293763 0.548059 -0.305758 0.778552 0.605341 0.379416 2 54 0.698656 55 0.301344
  54 -2.068477 -3.171163 2.396943 0.411020 -0.358382 0.838227 0.587545 0.385854 2 54 0.755765 55 0.244235
  54 -2.496655 -3.474200 2.438710 0.186843 -0.293544 0.937508 0.603772 0.436827 2 54 0.616728 55 0.383272
shoe
  54 -2.068477 -3.171163 2.396943 0.411020 -0.358382 0.838227 0.587545 0.385854 2 54 0.755765 55 0.244235
  54 -2.500637 -3.347657 2.472984 0.162547 -0.253188 0.953664 0.590092 0.434346 2 54 0.673509 55 0.326491
  54 -2.496655 -3.474200 2.438710 0.186843 -0.293544 0.937508 0.603772 0.436827 2 54 0.616728 55 0.383272
shoe
  54 -2.500637 -3.347657 2.472984 0.162547 -0.253188 0.953664 0.590092 0.434346 2 54 0.673509 55 0.326491
  54 -2.946507 -3.371438 2.484437 -0.032532 -0.202370 0.978769 0.588483 0.483744 2 54 0.661251 55 0.338749
  54 -2.496655 -3.474200 2.438710 0.186843 -0.293544 0.937508 0.603772 0.436827 2 54 0.616728 55 0.383272
shoe
  54 -2.496655 -3.474200 2.438710 0.186843 -0.293544 0.937508 0.603772 0.436827 2 54 0.616728 55 0.383272
  54 -2.529104 -3.710702 2.360726 0.181925 -0.240047 0.953562 0.628020 0.444208 2 54 0.510686 55 0.489314
  54 -2.097968 -3.630983 2.243165 0.436716 -0.231902 0.869195 0.632561 0.400312 2 54 0.549723 55 0.450277
shoe
  54 -2.097968 -3.630983 2.243165 0.436716 -0.231902 0.869195 0.632561 0.400312 2 54 0.549723 55 0.450277
  54 -2.529104 -3.710702 2.360726 0.181925 -0.240047 0.953562 0.628020 0.444208 2 54 0.510686 55 0.489314
  55 -2.155873 -3.967543 2.206507 0.415077 -0.130088 0.900438 0.660299 0.414632 2 55 0.602270 54 0.397730
shoe
  54 -2.946507 -3.371438 2.484437 -0.032532 -0.202370 0.978769 0.588483 0.483744 2 54 0.661251 55 0.338749
  54 -2.955038 -3.516752 2.455373 -0.028925 -0.249221 0.968014 0.603924 0.485534 2 54 0.595862 55 0.404138
  54 -2.496655 -3.474200 2.438710 0.186843 -0.293544 0.937508 0.603772 0.436827 2 54 0.616728 55 0.383272
shoe
  54 -2.496655 -3.474200 2.438710 0.186843 -0.293544 0.937508 0.603772 0.436827 2 54 0.616728 55 0.383272
  54 -2.955038 -3.516752 2.455373 -0.028925 -0.249221 0.968014 0.603924 0.485534 2 54 0.595862 55 0.404138
  54 -2.529104 -3.710702 2.360726 0.181925 -0.240047 0.953562 0.628020 0.444208 2 54 0.510686 55 0.489314
shoe
  54 -2.955038 -3.516752 2.455373 -0.028925 -0.249221 0.968014 0.603924 0.485534 2 54 0.595862 55 0.404138
  54 -2.946507 -3.371438 2.484437 -0.032532 -0.202370 0.978769 0.588483 0.483744 2 54 0.661251 55 0.338749
  54 -3.398027 -3.458808 2.411136 -0.189340 -0.229388 0.954742 0.601756 0.534504 2 54 0.621395 55 0.378605
shoe
  54 -2.946507 -3.371438 2.484437 -0.032532 -0.202370 0.978769 0.588483 0.483744 2 54 0.661251 55 0.338749
  54 -3.390673 -3.327148 2.441626 -0.191298 -0.222311 0.956024 0.587809 0.536021 2 54 0.680579 55 0.319421
  54 -3.398027 -3.458808 2.411136 -0.189340 -0.229388 0.954742 0.601756 0.534504 2 54 0.621395 55 0.378605
shoe
  54 -2.955038 -3.516752 2.455373 -0.028925 -0.249221 0.968014 0.603924 0.485534 2 54 0.595862 55 0.404138
  54 -2.969325 -3.726056 2.389206 -0.017408 -0.219699 0.975412 0.625575 0.487934 2 54 0.502018 55 0.497982
  54 -2.529104 -3.710702 2.360726 0.181925 -0.240047 0.953562 0.628020 0.444208 2 54 0.510686 55 0.489314
shoe
  54 -3.398027 -3.458808 2.411136 -0.189340 -0.229388 0.954742 0.601756 0.534504 2 54 0.621395 55 0.378605
  54 -3.390673 -3.327148 2.441626 -0.191298 -0.222311 0.956024 0.587809 0.536021 2 54 0.680579 55 0.319421
  54 -3.831778 -3.316102 2.323774 -0.321187 -0.251046 0.913134 0.598211 0.583624 2 54 0.685932 55 0.314068
shoe
  54 -3.390673 -3.327148 2.441626 -0.191298 -0.222311 0.956024 0.587809 0.536021 2 54 0.680579 55 0.319421
  54 -3.826239 -3.188924 2.370950 -0.354275 -0.307269 0.883218 0.584367 0.586457 2 54 0.742846 55 0.257154
  54 -3.831778 -3.316102 2.323774 -0.321187 -0.251046 0.913134 0.598211 0.583624 2 54 0.685932 55 0.314068
shoe
  54 -3.398027 -3.458808 2.411136 -0.189340 -0.229388 0.954742 0.601756 0.534504 2 54 0.621395 55 0.378605
  54 -3.400672 -3.675699 2.352336 -0.170256 -0.187080 0.967478 0.623731 0.531908 2 54 0.524047 55 0.475953
  54 -2.955038 -3.516752 2.455373 -0.028925 -0.249221 0.968014 0.603924 0.485534 2 54 0.595862 55 0.404138
shoe
  54 -3.400672 -3.675699 2.352336 -0.170256 -0.187080 0.967478 0.623731 0.531908 2 54 0.524047 55 0.475953
  54 -2.969325 -3.726056 2.389206 -0.017408 -0.219699 0.975412 0.625575 0.487934 2 54 0.502018 55 0.497982
  54 -2.955038 -3.516752 2.455373 -0.028925 -0.249221 0.968014 0.603924 0.485534 2 54 0.595862 55 0.404138
shoe
  54 -3.831778 -3.316102 2.323774 -0.321187 -0.251046 0.913134 0.598211 0.583624 2 54 0.685932 55 0.314068
  54 -3.825522 -3.564969 2.269869 -0.287756 -0.155122 0.945058 0.622361 0.576368 2 54 0.574067 55 0.425933
  54 -3.398027 -3.458808 2.411136 -0.189340 -0.229388 0.954742 0.601756 0.534504 2 54 0.621395 55 0.378605
shoe
  54 -3.825522 -3.564969 2.269869 -0.287756 -0.155122 0.945058 0.622361 0.576368 2 54 0.574067 55 0.425933
  54 -3.400672 -3.675699 2.352336 -0.170256 -0.187080 0.967478 0.623731 0.531908 2 54 0.524047 55 0.475953
  54 -3.398027 -3.458808 2.411136 -0.189340 -0.229388 0.954742 0.601756 0.534504 2 54 0.621395 55 0.378605
shoe
  54 -3.831778 -3.316102 2.323774 -0.321187 -0.251046 0.913134 0.598211 0.583624 2 54 0.685932 55 0.314068
  54 -3.826239 -3.188924 2.370950 -0.354275 -0.307269 0.883218 0.584367 0.586457 2 54 0.742846 55 0.257154
  54 -4.244993 -3.030157 2.220438 -0.455407 -0.232569 0.859370 0.590655 0.636989 2 54 0.815593 55 0.184407
shoe
  54 -3.826239 -3.188924 2.370950 -0.354275 -0.307269 0.883218 0.584367 0.586457 2 54 0.742846 55 0.257154
  54 -4.145231 -2.922792 2.299225 -0.411825 -0.258556 0.873813 0.576753 0.631733 2 54 0.863371 55 0.136629
  54 -4.244993 -3.030157 2.220438 -0.455407 -0.232569 0.859370 0.590655 0.636989 2 54 0.815593 55 0.184407
shoe
  54 -4.244993 -3.030157 2.220438 -0.455407 -0.232569 0.859370 0.590655 0.636989 2 54 0.815593 55 0.184407
  54 -4.145231 -2.922792 2.299225 -0.411825 -0.258556 0.873813 0.576753 0.631733 2 54 0.863371 55 0.136629
  54 -4.365347 -2.571487 2.299554 -0.433259 -0.279081 0.856972 0.555535 0.668174 1 54 1.000000
shoe
  54 -3.831778 -3.316102 2.323774 -0.321187 -0.251046 0.913134 0.598211 0.583624 2 54 0.685932 55 0.314068
  54 -4.246600 -3.404841 2.141365 -0.428386 -0.143286 0.892163 0.623163 0.622465 2 54 0.647112 55 0.352888
  54 -3.825522 -3.564969 2.269869 -0.287756 -0.155122 0.945058 0.622361 0.576368 2 54 0.574067 55 0.425933
shoe
  54 -4.246600 -3.404841 2.141365 -0.428386 -0.143286 0.892163 0.623163 0.622465 2 54 0.647112 55 0.352888
  54 -3.831778 -3.316102 2.323774 -0.321187 -0.251046 0.913134 0.598211 0.583624 2 54 0.685932 55 0.314068
  54 -4.244993 -3.030157 2.220438 -0.455407 -0.232569 0.859370 0.590655 0.636989 2 54 0.815593 55 0.184407
shoe
  54 -4.506149 -2.597891 2.219142 -0.580403 -0.265944 0.769680 0.564362 0.679592 1 54 1.000000
  54 -4.244993 -3.030157 2.220438 -0.455407 -0.232569 0.859370 0.590655 0.636989 2 54 0.815593 55 0.184407
  54 -4.365347 -2.571487 2.299554 -0.433259 -0.279081 0.856972 0.555535 0.668174 1 54 1.000000
shoe
  54 -4.506149 -2.597891 2.219142 -0.580403 -0.265944 0.769680 0.564362 0.679592 1 54 1.000000
  54 -4.365347 -2.571487 2.299554 -0.433259 -0.279081 0.856972 0.555535 0.668174 1 54 1.000000
  54 -4.472877 -2.171061 2.385399 -0.584228 -0.305220 0.752009 0.526359 0.694801 1 54 1.000000
shoe
  54 -4.246600 -3.404841 2.141365 -0.428386 -0.143286 0.892163 0.623163 0.622465 2 54 0.647112 55 0.352888
  54 -4.244993 -3.030157 2.220438 -0.455407 -0.232569 0.859370 0.590655 0.636989 2 54 0.815593 55 0.184407
  54 -4.625055 -3.267119 1.941186 -0.659840 -0.140221 0.738207 0.628915 0.664718 2 54 0.711157 55 0.288843
shoe
  54 -4.617780 -2.141077 2.279665 -0.730055 -0.249099 0.636372 0.531720 0.709067 1 54 1.000000
  54 -4.506149 -2.597891 2.219142 -0.580403 -0.265944 0.769680 0.564362 0.679592 1 54 1.000000
  54 -4.472877 -2.171061 2.385399 -0.584228 -0.305220 0.752009 0.526359 0.694801 1 54 1.000000
shoe
  54 -4.617780 -2.141077 2.279665 -0.730055 -0.249099 0.636372 0.531720 0.709067 1 54 1.000000
  54 -4.472877 -2.171061 2.385399 -0.584228 -0.305220 0.752009 0.526359 0.694801 1 54 1.000000
  54 -4.522049 -1.797283 2.531505 -0.721292 -0.305840 0.621449 0.495465 0.710689 1 54 1.000000
shoe
  54 -4.675028 -2.874448 1.976035 -0.705420 -0.181367 0.685192 0.599121 0.686182 2 54 0.888252 55 0.111748
  54 -4.244993 -3.030157 2.220438 -0.455407 -0.232569 0.859370 0.590655 0.636989 2 54 0.815593 55 0.184407
  54 -4.506149 -2.597891 2.219142 -0.580403 -0.265944 0.769680 0.564362 0.679592 1 54 1.000000
shoe
  54 -4.244993 -3.030157 2.220438 -0.455407 -0.232569 0.859370 0.590655 0.636989 2 54 0.815593 55 0.184407
  54 -4.675028 -2.874448 1.976035 -0.705420 -0.181367 0.685192 0.599121 0.686182 2 54 0.888252 55 0.111748
  54 -4.625055 -3.267119 1.941186 -0.659840 -0.140221 0.738207 0.628915 0.664718 2 54 0.711157 55 0.288843
shoe
  54 -4.506149 -2.597891 2.219142 -0.580403 -0.265944 0.769680 0.564362 0.679592 1 54 1.000000
  54 -4.617780 -2.141077 2.279665 -0.730055 -0.249099 0.636372 0.531720 0.709067 1 54 1.000000
  54 -4.745980 -2.457038 1.999093 -0.802843 -0.166961 0.572335 0.569244 0.712031 1 54 1.000000
shoe
  54 -4.745980 -2.457038 1.999093 -0.802843 -0.166961 0.572335 0.569244 0.712031 1 54 1.000000
  54 -4.675028 -2.874448 1.976035 -0.705420 -0.181367 0.685192 0.599121 0.686182 2 54 0.888252 55 0.111748
  54 -4.506149 -2.597891 2.219142 -0.580403 -0.265944 0.769680 0.564362 0.679592 1 54 1.000000
shoe
  54 -4.650303 -1.749946 2.398303 -0.827009 -0.221265 0.516815 0.499867 0.725397 1 54 1.000000
  54 -4.617780 -2.141077 2.279665 -0.730055 -0.249099 0.636372 0.531720 0.709067 1 54 1.000000
  54 -4.522049 -1.797283 2.531505 -0.721292 -0.305840 0.621449 0.495465 0.710689 1 54 1.000000
shoe
  54 -4.650303 -1.749946 2.398303 -0.827009 -0.221265 0.516815 0.499867 0.725397 1 54 1.000000
  54 -4.522049 -1.797283 2.531505 -0.721292 -0.305840 0.621449 0.495465 0.710689 1 54 1.000000
  54 -4.547311 -1.386984 2.730083 -0.817537 -0.240140 0.523417 0.458145 0.719923 1 54 1.000000
shoe
  54 -4.617780 -2.141077 2.279665 -0.730055 -0.249099 0.636372 0.531720 0.709067 1 54 1.000000
  54 -4.781105 -2.032321 2.059921 -0.878429 -0.121328 0.462214 0.537190 0.734366 1 54 1.000000
  54 -4.745980 -2.457038 1.999093 -0.802843 -0.166961 0.572335 0.569244 0.712031 1 54 1.000000
shoe
  54 -4.617780 -2.141077 2.279665 -0.730055 -0.249099 0.636372 0.531720 0.709067 1 54 1.000000
  54 -4.650303 -1.749946 2.398303 -0.827009 -0.221265 0.516815 0.499867 0.725397 1 54 1.000000
  54 -4.781105 -2.032321 2.059921 -0.878429 -0.121328 0.462214 0.537190 0.734366 1 54 1.000000
shoe
  54 -4.653651 -1.295508 2.599238 -0.899457 -0.128632 0.417649 0.459119 0.735880 1 54 1.000000
  54 -4.650303 -1.749946 2.398303 -0.827009 -0.221265 0.516815 0.499867 0.725397 1 54 1.000000
  54 -4.547311 -1.386984 2.730083 -0.817537 -0.240140 0.523417 0.458145 0.719923 1 54 1.000000
shoe
  54 -4.653651 -1.295508 2.599238 -0.899457 -0.128632 0.417649 0.459119 0.735880 1 54 1.000000
  54 -4.547311 -1.386984 2.730083 -0.817537 -0.240140 0.523417 0.458145 0.719923 1 54 1.000000
  54 -4.516139 -0.951281 2.968688 -0.918930 -0.082263 0.385747 0.418061 0.723509 1 54 1.000000
shoe
  54 -4.650303 -1.749946 2.398303 -0.827009 -0.221265 0.516815 0.499867 0.725397 1 54 1.000000
  54 -4.780726 -1.594502 2.172885 -0.930629 -0.078913 0.357354 0.501339 0.751506 1 54 1.000000
  54 -4.781105 -2.032321 2.059921 -0.878429 -0.121328 0.462214 0.537190 0.734366 1 54 1.000000
shoe
  54 -4.650303 -1.749946 2.398303 -0.827009 -0.221265 0.516815 0.499867 0.725397 1 54 1.000000
  54 -4.653651 -1.295508 2.599238 -0.899457 -0.128632 0.417649 0.459119 0.735880 1 54 1.000000
  54 -4.780726 -1.594502 2.172885 -0.930629 -0.078913 0.357354 0.501339 0.751506 1 54 1.000000
shoe
  54 -4.745980 -2.457038 1.999093 -0.802843 -0.166961 0.572335 0.569244 0.712031 1 54 1.000000
  54 -4.781105 -2.032321 2.059921 -0.878429 -0.121328 0.462214 0.537190 0.734366 1 54 1.000000
  54 -4.947526 -2.300498 1.690468 -0.946518 -0.038437 0.320354 0.576010 0.747788 1 54 1.000000
shoe
  54 -4.586812 -0.864084 2.810267 -0.938470 -0.039207 0.343127 0.419506 0.740299 1 54 1.000000
  54 -4.653651 -1.295508 2.599238 -0.899457 -0.128632 0.417649 0.459119 0.735880 1 54 1.000000
  54 -4.516139 -0.951281 2.968688 -0.918930 -0.082263 0.385747 0.418061 0.723509 1 54 1.000000
shoe
  54 -4.745980 -2.457038 1.999093 -0.802843 -0.166961 0.572335 0.569244 0.712031 1 54 1.000000
  54 -4.947526 -2.300498 1.690468 -0.946518 -0.038437 0.320354 0.576010 0.747788 1 54 1.000000
  54 -4.925633 -2.713587 1.652389 -0.918959 -0.097510 0.382109 0.606659 0.726226 2 54 0.964903 55 0.035097
shoe
  54 -4.675028 -2.874448 1.976035 -0.705420 -0.181367 0.685192 0.599121 0.686182 2 54 0.888252 55 0.111748
  54 -4.745980 -2.457038 1.999093 -0.802843 -0.166961 0.572335 0.569244 0.712031 1 54 1.000000
  54 -4.925633 -2.713587 1.652389 -0.918959 -0.097510 0.382109 0.606659 0.726226 2 54 0.964903 55 0.035097
shoe
  54 -4.781105 -2.032321 2.059921 -0.878429 -0.121328 0.462214 0.537190 0.734366 1 54 1.000000
  54 -4.918446 -1.875968 1.758777 -0.969168 0.020420 0.245553 0.542624 0.766728 1 54 1.000000
  54 -4.947526 -2.300498 1.690468 -0.946518 -0.038437 0.320354 0.576010 0.747788 1 54 1.000000
shoe
  54 -4.781105 -2.032321 2.059921 -0.878429 -0.121328 0.462214 0.537190 0.734366 1 54 1.000000
  54 -4.780726 -1.594502 2.172885 -0.930629 -0.078913 0.357354 0.501339 0.751506 1 54 1.000000
  54 -4.918446 -1.875968 1.758777 -0.969168 0.020420 0.245553 0.542624 0.766728 1 54 1.000000
shoe
  54 -4.675028 -2.874448 1.976035 -0.705420 -0.181367 0.685192 0.599121 0.686182 2 54 0.888252 55 0.111748
  54 -4.925633 -2.713587 1.652389 -0.918959 -0.097510 0.382109 0.606659 0.726226 2 54 0.964903 55 0.035097
  54 -4.890329 -3.121004 1.634692 -0.902861 -0.135690 0.407960 0.636105 0.703749 2 54 0.780846 55 0.219154
shoe
  54 -4.625055 -3.267119 1.941186 -0.659840 -0.140221 0.738207 0.628915 0.664718 2 54 0.711157 55 0.288843
  54 -4.675028 -2.874448 1.976035 -0.705420 -0.181367 0.685192 0.599121 0.686182 2 54 0.888252 55 0.111748
  54 -4.890329 -3.121004 1.634692 -0.902861 -0.135690 0.407960 0.636105 0.703749 2 54 0.780846 55 0.219154
shoe
  54 -4.925633 -2.713587 1.652389 -0.918959 -0.097510 0.382109 0.606659 0.726226 2 54 0.964903 55 0.035097
  54 -4.947526 -2.300498 1.690468 -0.946518 -0.038437 0.320354 0.576010 0.747788 1 54 1.000000
  54 -5.020943 -2.533837 1.244816 -0.999804 -0.013657 0.014307 0.614725 0.766880 1 54 1.000000
shoe
  54 -4.890329 -3.121004 1.634692 -0.902861 -0.135690 0.407960 0.636105 0.703749 2 54 0.780846 55 0.219154
  54 -4.925633 -2.713587 1.652389 -0.918959 -0.097510 0.382109 0.606659 0.726226 2 54 0.964903 55 0.035097
  54 -4.996087 -2.951471 1.243291 -0.993230 -0.113163 0.026233 0.644111 0.742942 2 54 0.862814 55 0.137186
shoe
  54 -4.925633 -2.713587 1.652389 -0.918959 -0.097510 0.382109 0.606659 0.726226 2 54 0.964903 55 0.035097
  54 -5.020943 -2.533837 1.244816 -0.999804 -0.013657 0.014307 0.614725 0.766880 1 54 1.000000
  54 -4.996087 -2.951471 1.243291 -0.993230 -0.113163 0.026233 0.644111 0.742942 2 54 0.862814 55 0.137186
shoe
  54 -4.890329 -3.121004 1.634692 -0.902861 -0.135690 0.407960 0.636105 0.703749 2 54 0.780846 55 0.219154
  54 -4.830146 -3.516757 1.617157 -0.902694 -0.190495 0.385817 0.664415 0.681984 2 54 0.602141 55 0.397859
  54 -4.625055 -3.267119 1.941186 -0.659840 -0.140221 0.738207 0.628915 0.664718 2 54 0.711157 55 0.288843
shoe
  54 -4.947526 -2.300498 1.690468 -0.946518 -0.038437 0.320354 0.576010 0.747788 1 54 1.000000
  54 -4.999213 -2.124312 1.288680 -0.995848 0.090557 -0.009291 0.583672 0.786921 1 54 1.000000
  54 -5.020943 -2.533837 1.244816 -0.999804 -0.013657 0.014307 0.614725 0.766880 1 54 1.000000
shoe
  54 -4.947526 -2.300498 1.690468 -0.946518 -0.038437 0.320354 0.576010 0.747788 1 54 1.000000
  54 -4.918446 -1.875968 1.758777 -0.969168 0.020420 0.245553 0.542624 0.766728 1 54 1.000000
  54 -4.999213 -2.124312 1.288680 -0.995848 0.090557 -0.009291 0.583672 0.786921 1 54 1.000000
shoe
  54 -4.996087 -2.951471 1.243291 -0.993230 -0.113163 0.026233 0.644111 0.742942 2 54 0.862814 55 0.137186
  54 -4.926589 -3.367505 1.246212 -0.980292 -0.197341 0.009150 0.673263 0.718129 2 54 0.674667 55 0.325333
  54 -4.890329 -3.121004 1.634692 -0.902861 -0.135690 0.407960 0.636105 0.703749 2 54 0.780846 55 0.219154
shoe
  54 -4.926589 -3.367505 1.246212 -0.980292 -0.197341 0.009150 0.673263 0.718129 2 54 0.674667 55 0.325333
  54 -4.830146 -3.516757 1.617157 -0.902694 -0.190495 0.385817 0.664415 0.681984 2 54 0.602141 55 0.397859
  54 -4.890329 -3.121004 1.634692 -0.902861 -0.135690 0.407960 0.636105 0.703749 2 54 0.780846 55 0.219154
shoe
  54 -4.996087 -2.951471 1.243291 -0.993230 -0.113163 0.026233 0.644111 0.742942 2 54 0.862814 55 0.137186
  54 -5.020943 -2.533837 1.244816 -0.999804 -0.013657 0.014307 0.614725 0.766880 1 54 1.000000
  54 -4.951375 -2.818230 0.865571 -0.930892 -0.086746 -0.354846 0.654525 0.778178 2 54 0.928611 55 0.071389
shoe
  54 -4.887693 -3.257808 0.879476 -0.893204 -0.186600 -0.409105 0.686005 0.750719 2 54 0.729634 55 0.270366
  54 -4.926589 -3.367505 1.246212 -0.980292 -0.197341 0.009150 0.673263 0.718129 2 54 0.674667 55 0.325333
  54 -4.996087 -2.951471 1.243291 -0.993230 -0.113163 0.026233 0.644111 0.742942 2 54 0.862814 55 0.137186
shoe
  54 -4.951375 -2.818230 0.865571 -0.930892 -0.086746 -0.354846 0.654525 0.778178 2 54 0.928611 55 0.071389
  54 -4.887693 -3.257808 0.879476 -0.893204 -0.186600 -0.409105 0.686005 0.750719 2 54 0.729634 55 0.270366
  54 -4.996087 -2.951471 1.243291 -0.993230 -0.113163 0.026233 0.644111 0.742942 2 54 0.862814 55 0.137186
shoe
  54 -5.020943 -2.533837 1.244816 -0.999804 -0.013657 0.014307 0.614725 0.766880 1 54 1.000000
  54 -4.999213 -2.124312 1.288680 -0.995848 0.090557 -0.009291 0.583672 0.786921 1 54 1.000000
  54 -4.964458 -2.386308 0.888803 -0.949719 0.048856 -0.309269 0.622443 0.802097 1 54 1.000000
shoe
  54 -5.020943 -2.533837 1.244816 -0.999804 -0.013657 0.014307 0.614725 0.766880 1 54 1.000000
  54 -4.964458 -2.386308 0.888803 -0.949719 0.048856 -0.309269 0.622443 0.802097 1 54 1.000000
  54 -4.951375 -2.818230 0.865571 -0.930892 -0.086746 -0.354846 0.654525 0.778178 2 54 0.928611 55 0.071389
shoe
  54 -4.822126 -3.232719 0.792912 -0.766276 -0.171355 -0.619240 0.690914 0.759476 2 54 0.742412 55 0.257588
  54 -4.887693 -3.257808 0.879476 -0.893204 -0.186600 -0.409105 0.686005 0.750719 2 54 0.729634 55 0.270366
  54 -4.951375 -2.818230 0.865571 -0.930892 -0.086746 -0.354846 0.654525 0.778178 2 54 0.928611 55 0.071389
shoe
  54 -4.898735 -2.797596 0.777412 -0.851256 -0.074108 -0.519491 0.658538 0.786728 2 54 0.939357 55 0.060643
  54 -4.822126 -3.232719 0.792912 -0.766276 -0.171355 -0.619240 0.690914 0.759476 2 54 0.742412 55 0.257588
  54 -4.951375 -2.818230 0.865571 -0.930892 -0.086746 -0.354846 0.654525 0.778178 2 54 0.928611 55 0.071389
shoe
  54 -4.898735 -2.797596 0.777412 -0.851256 -0.074108 -0.519491 0.658538 0.786728 2 54 0.939357 55 0.060643
  54 -4.951375 -2.818230 0.865571 -0.930892 -0.086746 -0.354846 0.654525 0.778178 2 54 0.928611 55 0.071389
  54 -4.964458 -2.386308 0.888803 -0.949719 0.048856 -0.309269 0.622443 0.802097 1 54 1.000000
shoe
  54 -4.822126 -3.232719 0.792912 -0.766276 -0.171355 -0.619240 0.690914 0.759476 2 54 0.742412 55 0.257588
  54 -4.733585 -3.648384 0.829048 -0.759113 -0.256195 -0.598424 0.720758 0.730629 2 54 0.554018 55 0.445982
  54 -4.887693 -3.257808 0.879476 -0.893204 -0.186600 -0.409105 0.686005 0.750719 2 54 0.729634 55 0.270366
shoe
  54 -4.897106 -2.344377 0.761495 -0.888768 0.075671 -0.452068 0.626311 0.815334 1 54 1.000000
  54 -4.898735 -2.797596 0.777412 -0.851256 -0.074108 -0.519491 0.658538 0.786728 2 54 0.939357 55 0.060643
  54 -4.964458 -2.386308 0.888803 -0.949719 0.048856 -0.309269 0.622443 0.802097 1 54 1.000000
shoe
  54 -4.733585 -3.648384 0.829048 -0.759113 -0.256195 -0.598424 0.720758 0.730629 2 54 0.554018 55 0.445982
  54 -4.798488 -3.671834 0.922097 -0.880646 -0.274570 -0.386101 0.714399 0.721990 2 54 0.541891 55 0.458109
  54 -4.887693 -3.257808 0.879476 -0.893204 -0.186600 -0.409105 0.686005 0.750719 2 54 0.729634 55 0.270366
shoe
  54 -4.926589 -3.367505 1.246212 -0.980292 -0.197341 0.009150 0.673263 0.718129 2 54 0.674667 55 0.325333
  54 -4.887693 -3.257808 0.879476 -0.893204 -0.186600 -0.409105 0.686005 0.750719 2 54 0.729634 55 0.270366
  54 -4.798488 -3.671834 0.922097 -0.880646 -0.274570 -0.386101 0.714399 0.721990 2 54 0.541891 55 0.458109
shoe
  54 -4.733585 -3.648384 0.829048 -0.759113 -0.256195 -0.598424 0.720758 0.730629 2 54 0.554018 55 0.445982
  55 -4.595753 -4.087257 0.870976 -0.736103 -0.351708 -0.578320 0.751591 0.697703 2 55 0.644816 54 0.355184
  54 -4.798488 -3.671834 0.922097 -0.880646 -0.274570 -0.386101 0.714399 0.721990 2 54 0.541891 55 0.458109
shoe
  54 -4.897106 -2.344377 0.761495 -0.888768 0.075671 -0.452068 0.626311 0.815334 1 54 1.000000
  54 -4.964458 -2.386308 0.888803 -0.949719 0.048856 -0.309269 0.622443 0.802097 1 54 1.000000
  54 -4.920517 -1.963737 0.927891 -0.930046 0.189558 -0.314771 0.590219 0.823990 1 54 1.000000
shoe
  54 -4.999213 -2.124312 1.288680 -0.995848 0.090557 -0.009291 0.583672 0.786921 1 54 1.000000
  54 -4.920517 -1.963737 0.927891 -0.930046 0.189558 -0.314771 0.590219 0.823990 1 54 1.000000
  54 -4.964458 -2.386308 0.888803 -0.949719 0.048856 -0.309269 0.622443 0.802097 1 54 1.000000
shoe
  54 -4.845969 -1.937504 0.797502 -0.864742 0.220694 -0.451127 0.594838 0.837263 1 54 1.000000
  54 -4.897106 -2.344377 0.761495 -0.888768 0.075671 -0.452068 0.626311 0.815334 1 54 1.000000
  54 -4.920517 -1.963737 0.927891 -0.930046 0.189558 -0.314771 0.590219 0.823990 1 54 1.000000
shoe
  54 -4.999213 -2.124312 1.288680 -0.995848 0.090557 -0.009291 0.583672 0.786921 1 54 1.000000
  54 -4.944726 -1.698072 1.385790 -0.985357 0.164469 -0.044965 0.548508 0.803908 1 54 1.000000
  54 -4.920517 -1.963737 0.927891 -0.930046 0.189558 -0.314771 0.590219 0.823990 1 54 1.000000
shoe
  54 -4.918446 -1.875968 1.758777 -0.969168 0.020420 0.245553 0.542624 0.766728 1 54 1.000000
  54 -4.944726 -1.698072 1.385790 -0.985357 0.164469 -0.044965 0.548508 0.803908 1 54 1.000000
  54 -4.999213 -2.124312 1.288680 -0.995848 0.090557 -0.009291 0.583672 0.786921 1 54 1.000000
shoe
  54 -4.920517 -1.963737 0.927891 -0.930046 0.189558 -0.314771 0.590219 0.823990 1 54 1.000000
  54 -4.842477 -1.566788 1.030389 -0.896726 0.309623 -0.316251 0.556244 0.839750 1 54 1.000000
  54 -4.845969 -1.937504 0.797502 -0.864742 0.220694 -0.451127 0.594838 0.837263 1 54 1.000000
shoe
  54 -4.944726 -1.698072 1.385790 -0.985357 0.164469 -0.044965 0.548508 0.803908 1 54 1.000000
  54 -4.842477 -1.566788 1.030389 -0.896726 0.309623 -0.316251 0.556244 0.839750 1 54 1.000000
  54 -4.920517 -1.963737 0.927891 -0.930046 0.189558 -0.314771 0.590219 0.823990 1 54 1.000000
shoe
  54 -4.842477 -1.566788 1.030389 -0.896726 0.309623 -0.316251 0.556244 0.839750 1 54 1.000000
  54 -4.768035 -1.540035 0.903448 -0.837977 0.345471 -0.422426 0.560154 0.852988 1 54 1.000000
  54 -4.845969 -1.937504 0.797502 -0.864742 0.220694 -0.451127 0.594838 0.837263 1 54 1.000000
shoe
  54 -4.918446 -1.875968 1.758777 -0.969168 0.020420 0.245553 0.542624 0.766728 1 54 1.000000
  54 -4.876878 -1.440337 1.879595 -0.982518 0.063159 0.175124 0.505679 0.781907 1 54 1.000000
  54 -4.944726 -1.698072 1.385790 -0.985357 0.164469 -0.044965 0.548508 0.803908 1 54 1.000000
shoe
  54 -4.780726 -1.594502 2.172885 -0.930629 -0.078913 0.357354 0.501339 0.751506 1 54 1.000000
  54 -4.876878 -1.440337 1.879595 -0.982518 0.063159 0.175124 0.505679 0.781907 1 54 1.000000
  54 -4.918446 -1.875968 1.758777 -0.969168 0.020420 0.245553 0.542624 0.766728 1 54 1.000000
shoe
  54 -4.842477 -1.566788 1.030389 -0.896726 0.309623 -0.316251 0.556244 0.839750 1 54 1.000000
  54 -4.944726 -1.698072 1.385790 -0.985357 0.164469 -0.044965 0.548508 0.803908 1 54 1.000000
  54 -4.874137 -1.303211 1.532222 -0.959714 0.257354 -0.112770 0.512596 0.815080 1 54 1.000000
shoe
  54 -4.876878 -1.440337 1.879595 -0.982518 0.063159 0.175124 0.505679 0.781907 1 54 1.000000
  54 -4.874137 -1.303211 1.532222 -0.959714 0.257354 -0.112770 0.512596 0.815080 1 54 1.000000
  54 -4.944726 -1.698072 1.385790 -0.985357 0.164469 -0.044965 0.548508 0.803908 1 54 1.000000
shoe
  54 -4.768035 -1.540035 0.903448 -0.837977 0.345471 -0.422426 0.560154 0.852988 1 54 1.000000
  54 -4.842477 -1.566788 1.030389 -0.896726 0.309623 -0.316251 0.556244 0.839750 1 54 1.000000
  54 -4.723460 -1.168634 1.185668 -0.848614 0.413619 -0.329809 0.518842 0.852850 1 54 1.000000
shoe
  54 -4.723460 -1.168634 1.185668 -0.848614 0.413619 -0.329809 0.518842 0.852850 1 54 1.000000
  54 -4.842477 -1.566788 1.030389 -0.896726 0.309623 -0.316251 0.556244 0.839750 1 54 1.000000
  54 -4.874137 -1.303211 1.532222 -0.959714 0.257354 -0.112770 0.512596 0.815080 1 54 1.000000
shoe
  54 -4.649674 -1.132036 1.081899 -0.781477 0.455191 -0.426725 0.520539 0.864740 1 54 1.000000
  54 -4.768035 -1.540035 0.903448 -0.837977 0.345471 -0.422426 0.560154 0.852988 1 54 1.000000
  54 -4.723460 -1.168634 1.185668 -0.848614 0.413619 -0.329809 0.518842 0.852850 1 54 1.000000
shoe
  54 -4.649674 -1.132036 1.081899 -0.781477 0.455191 -0.426725 0.520539 0.864740 1 54 1.000000
  54 -4.723460 -1.168634 1.185668 -0.848614 0.413619 -0.329809 0.518842 0.852850 1 54 1.000000
  54 -4.610379 -0.791530 1.399978 -0.756353 0.486750 -0.437039 0.478781 0.857577 1 54 1.000000
shoe
  54 -4.610379 -0.791530 1.399978 -0.756353 0.486750 -0.437039 0.478781 0.857577 1 54 1.000000
  54 -4.723460 -1.168634 1.185668 -0.848614 0.413619 -0.329809 0.518842 0.852850 1 54 1.000000
  54 -4.874137 -1.303211 1.532222 -0.959714 0.257354 -0.112770 0.512596 0.815080 1 54 1.000000
shoe
  54 -4.495963 -0.763055 1.295381 -0.626620 0.571479 -0.529867 0.480813 0.872341 1 54 1.000000
  54 -4.649674 -1.132036 1.081899 -0.781477 0.455191 -0.426725 0.520539 0.864740 1 54 1.000000
  54 -4.610379 -0.791530 1.399978 -0.756353 0.486750 -0.437039 0.478781 0.857577 1 54 1.000000
shoe
  54 -4.323905 -0.394739 1.491479 -0.549734 0.530345 -0.645388 0.436380 0.881214 1 54 1.000000
  54 -4.495963 -0.763055 1.295381 -0.626620 0.571479 -0.529867 0.480813 0.872341 1 54 1.000000
  54 -4.610379 -0.791530 1.399978 -0.756353 0.486750 -0.437039 0.478781 0.857577 1 54 1.000000
shoe
  54 -4.777133 -0.868114 1.722390 -0.928336 0.313938 -0.199086 0.470538 0.823969 1 54 1.000000
  54 -4.610379 -0.791530 1.399978 -0.756353 0.486750 -0.437039 0.478781 0.857577 1 54 1.000000
  54 -4.874137 -1.303211 1.532222 -0.959714 0.257354 -0.112770 0.512596 0.815080 1 54 1.000000
shoe
  54 -4.490285 -0.350292 1.663249 -0.687819 0.472030 -0.551446 0.428892 0.860537 1 54 1.000000
  54 -4.323905 -0.394739 1.491479 -0.549734 0.530345 -0.645388 0.436380 0.881214 1 54 1.000000
  54 -4.610379 -0.791530 1.399978 -0.756353 0.486750 -0.437039 0.478781 0.857577 1 54 1.000000
shoe
  54 -4.490285 -0.350292 1.663249 -0.687819 0.472030 -0.551446 0.428892 0.860537 1 54 1.000000
  54 -4.610379 -0.791530 1.399978 -0.756353 0.486750 -0.437039 0.478781 0.857577 1 54 1.000000
  54 -4.777133 -0.868114 1.722390 -0.928336 0.313938 -0.199086 0.470538 0.823969 1 54 1.000000
shoe
  54 -4.192185 0.163490 1.812456 -0.511200 0.466810 -0.721639 0.379741 0.882237 1 54 1.000000
  54 -4.323905 -0.394739 1.491479 -0.549734 0.530345 -0.645388 0.436380 0.881214 1 54 1.000000
  54 -4.490285 -0.350292 1.663249 -0.687819 0.472030 -0.551446 0.428892 0.860537 1 54 1.000000
shoe
  54 -4.811296 -0.990283 2.041035 -0.985337 0.133866 0.105787 0.465019 0.793173 1 54 1.000000
  54 -4.777133 -0.868114 1.722390 -0.928336 0.313938 -0.199086 0.470538 0.823969 1 54 1.000000
  54 -4.874137 -1.303211 1.532222 -0.959714 0.257354 -0.112770 0.512596 0.815080 1 54 1.000000
shoe
  54 -4.876878 -1.440337 1.879595 -0.982518 0.063159 0.175124 0.505679 0.781907 1 54 1.000000
  54 -4.811296 -0.990283 2.041035 -0.985337 0.133866 0.105787 0.465019 0.793173 1 54 1.000000
  54 -4.874137 -1.303211 1.532222 -0.959714 0.257354 -0.112770 0.512596 0.815080 1 54 1.000000
shoe
  54 -4.674534 -0.413536 1.946513 -0.909448 0.322121 -0.262949 0.424268 0.829297 1 54 1.000000
  54 -4.490285 -0.350292 1.663249 -0.687819 0.472030 -0.551446 0.428892 0.860537 1 54 1.000000
  54 -4.777133 -0.868114 1.722390 -0.928336 0.313938 -0.199086 0.470538 0.823969 1 54 1.000000
shoe
  54 -4.674534 -0.413536 1.946513 -0.909448 0.322121 -0.262949 0.424268 0.829297 1 54 1.000000
  54 -4.777133 -0.868114 1.722390 -0.928336 0.313938 -0.199086 0.470538 0.823969 1 54 1.000000
  54 -4.811296 -0.990283 2.041035 -0.985337 0.133866 0.105787 0.465019 0.793173 1 54 1.000000
shoe
  54 -4.386539 0.160901 1.945562 -0.666832 0.423532 -0.613152 0.376768 0.861677 1 54 1.000000
  54 -4.192185 0.163490 1.812456 -0.511200 0.466810 -0.721639 0.379741 0.882237 1 54 1.000000
  54 -4.490285 -0.350292 1.663249 -0.687819 0.472030 -0.551446 0.428892 0.860537 1 54 1.000000
shoe
  54 -4.490285 -0.350292 1.663249 -0.687819 0.472030 -0.551446 0.428892 0.860537 1 54 1.000000
  54 -4.674534 -0.413536 1.946513 -0.909448 0.322121 -0.262949 0.424268 0.829297 1 54 1.000000
  54 -4.386539 0.160901 1.945562 -0.666832 0.423532 -0.613152 0.376768 0.861677 1 54 1.000000
shoe
  54 -4.132974 0.744246 2.106016 -0.510086 0.406633 -0.757932 0.321796 0.882069 1 54 1.000000
  54 -4.192185 0.163490 1.812456 -0.511200 0.466810 -0.721639 0.379741 0.882237 1 54 1.000000
  54 -4.386539 0.160901 1.945562 -0.666832 0.423532 -0.613152 0.376768 0.861677 1 54 1.000000
shoe
  54 -4.811296 -0.990283 2.041035 -0.985337 0.133866 0.105787 0.465019 0.793173 1 54 1.000000
  54 -4.876878 -1.440337 1.879595 -0.982518 0.063159 0.175124 0.505679 0.781907 1 54 1.000000
  54 -4.744132 -1.134386 2.344961 -0.959008 0.004680 0.283340 0.460601 0.762995 1 54 1.000000
shoe
  54 -4.876878 -1.440337 1.879595 -0.982518 0.063159 0.175124 0.505679 0.781907 1 54 1.000000
  54 -4.780726 -1.594502 2.172885 -0.930629 -0.078913 0.357354 0.501339 0.751506 1 54 1.000000
  54 -4.744132 -1.134386 2.344961 -0.959008 0.004680 0.283340 0.460601 0.762995 1 54 1.000000
shoe
  54 -4.653651 -1.295508 2.599238 -0.899457 -0.128632 0.417649 0.459119 0.735880 1 54 1.000000
  54 -4.744132 -1.134386 2.344961 -0.959008 0.004680 0.283340 0.460601 0.762995 1 54 1.000000
  54 -4.780726 -1.594502 2.172885 -0.930629 -0.078913 0.357354 0.501339 0.751506 1 54 1.000000
shoe
  54 -4.653651 -1.295508 2.599238 -0.899457 -0.128632 0.417649 0.459119 0.735880 1 54 1.000000
  54 -4.586812 -0.864084 2.810267 -0.938470 -0.039207 0.343127 0.419506 0.740299 1 54 1.000000
  54 -4.744132 -1.134386 2.344961 -0.959008 0.004680 0.283340 0.460601 0.762995 1 54 1.000000
shoe
  54 -4.744132 -1.134386 2.344961 -0.959008 0.004680 0.283340 0.460601 0.762995 1 54 1.000000
  54 -4.678738 -0.679917 2.533846 -0.967007 0.037219 0.252018 0.419173 0.770570 1 54 1.000000
  54 -4.811296 -0.990283 2.041035 -0.985337 0.133866 0.105787 0.465019 0.793173 1 54 1.000000
shoe
  54 -4.586812 -0.864084 2.810267 -0.938470 -0.039207 0.343127 0.419506 0.740299 1 54 1.000000
  54 -4.678738 -0.679917 2.533846 -0.967007 0.037219 0.252018 0.419173 0.770570 1 54 1.000000
  54 -4.744132 -1.134386 2.344961 -0.959008 0.004680 0.283340 0.460601 0.762995 1 54 1.000000
shoe
  54 -4.726782 -0.527143 2.246139 -0.985516 0.158622 0.059976 0.420706 0.799944 1 54 1.000000
  54 -4.674534 -0.413536 1.946513 -0.909448 0.322121 -0.262949 0.424268 0.829297 1 54 1.000000
  54 -4.811296 -0.990283 2.041035 -0.985337 0.133866 0.105787 0.465019 0.793173 1 54 1.000000
shoe
  54 -4.678738 -0.679917 2.533846 -0.967007 0.037219 0.252018 0.419173 0.770570 1 54 1.000000
  54 -4.726782 -0.527143 2.246139 -0.985516 0.158622 0.059976 0.420706 0.799944 1 54 1.000000
  54 -4.811296 -0.990283 2.041035 -0.985337 0.133866 0.105787 0.465019 0.793173 1 54 1.000000
shoe
  54 -4.674534 -0.413536 1.946513 -0.909448 0.322121 -0.262949 0.424268 0.829297 1 54 1.000000
  54 -4.726782 -0.527143 2.246139 -0.985516 0.158622 0.059976 0.420706 0.799944 1 54 1.000000
  54 -4.574243 0.088699 2.206824 -0.910017 0.297014 -0.289226 0.374044 0.832065 1 54 1.000000
shoe
  54 -4.674534 -0.413536 1.946513 -0.909448 0.322121 -0.262949 0.424268 0.829297 1 54 1.000000
  54 -4.574243 0.088699 2.206824 -0.910017 0.297014 -0.289226 0.374044 0.832065 1 54 1.000000
  54 -4.386539 0.160901 1.945562 -0.666832 0.423532 -0.613152 0.376768 0.861677 1 54 1.000000
shoe
  54 -4.726782 -0.527143 2.246139 -0.985516 0.158622 0.059976 0.420706 0.799944 1 54 1.000000
  54 -4.678738 -0.679917 2.533846 -0.967007 0.037219 0.252018 0.419173 0.770570 1 54 1.000000
  54 -4.628871 -0.020668 2.496500 -0.988719 0.147001 0.028723 0.371691 0.803719 1 54 1.000000
shoe
  54 -4.726782 -0.527143 2.246139 -0.985516 0.158622 0.059976 0.420706 0.799944 1 54 1.000000
  54 -4.628871 -0.020668 2.496500 -0.988719 0.147001 0.028723 0.371691 0.803719 1 54 1.000000
  54 -4.574243 0.088699 2.206824 -0.910017 0.297014 -0.289226 0.374044 0.832065 1 54 1.000000
shoe
  54 -4.678738 -0.679917 2.533846 -0.967007 0.037219 0.252018 0.419173 0.770570 1 54 1.000000
  54 -4.586812 -0.864084 2.810267 -0.938470 -0.039207 0.343127 0.419506 0.740299 1 54 1.000000
  54 -4.512640 -0.351565 3.106399 -0.960217 -0.028239 0.277822 0.371135 0.741653 1 54 1.000000
shoe
  54 -4.512640 -0.351565 3.106399 -0.960217 -0.028239 0.277822 0.371135 0.741653 1 54 1.000000
  54 -4.586812 -0.864084 2.810267 -0.938470 -0.039207 0.343127 0.419506 0.740299 1 54 1.000000
  54 -4.516139 -0.951281 2.968688 -0.918930 -0.082263 0.385747 0.418061 0.723509 1 54 1.000000
shoe
  54 -4.455118 -0.449670 3.274103 -0.956641 -0.057847 0.285467 0.371025 0.724465 1 54 1.000000
  54 -4.512640 -0.351565 3.106399 -0.960217 -0.028239 0.277822 0.371135 0.741653 1 54 1.000000
  54 -4.516139 -0.951281 2.968688 -0.918930 -0.082263 0.385747 0.418061 0.723509 1 54 1.000000
shoe
  54 -4.678738 -0.679917 2.533846 -0.967007 0.037219 0.252018 0.419173 0.770570 1 54 1.000000
  54 -4.592768 -0.170632 2.799521 -0.977218 0.044219 0.207581 0.370744 0.773429 1 54 1.000000
  54 -4.628871 -0.020668 2.496500 -0.988719 0.147001 0.028723 0.371691 0.803719 1 54 1.000000
shoe
  54 -4.592768 -0.170632 2.799521 -0.977218 0.044219 0.207581 0.370744 0.773429 1 54 1.000000
  54 -4.678738 -0.679917 2.533846 -0.967007 0.037219 0.252018 0.419173 0.770570 1 54 1.000000
  54 -4.512640 -0.351565 3.106399 -0.960217 -0.028239 0.277822 0.371135 0.741653 1 54 1.000000
shoe
  54 -4.439074 0.206430 3.457009 -0.976489 -0.018996 0.214728 0.318773 0.738190 1 54 1.000000
  54 -4.512640 -0.351565 3.106399 -0.960217 -0.028239 0.277822 0.371135 0.741653 1 54 1.000000
  54 -4.455118 -0.449670 3.274103 -0.956641 -0.057847 0.285467 0.371025 0.724465 1 54 1.000000
shoe
  54 -4.393250 0.109837 3.640632 -0.974741 -0.031645 0.221084 0.319297 0.720333 1 54 1.000000
  54 -4.439074 0.206430 3.457009 -0.976489 -0.018996 0.214728 0.318773 0.738190 1 54 1.000000
  54 -4.455118 -0.449670 3.274103 -0.956641 -0.057847 0.285467 0.371025 0.724465 1 54 1.000000
shoe
  54 -4.592768 -0.170632 2.799521 -0.977218 0.044219 0.207581 0.370744 0.773429 1 54 1.000000
  54 -4.512640 -0.351565 3.106399 -0.960217 -0.028239 0.277822 0.371135 0.741653 1 54 1.000000
  54 -4.513455 0.375512 3.088346 -0.984646 0.021670 0.173214 0.319315 0.773965 1 54 1.000000
shoe
  54 -4.512640 -0.351565 3.106399 -0.960217 -0.028239 0.277822 0.371135 0.741653 1 54 1.000000
  54 -4.439074 0.206430 3.457009 -0.976489 -0.018996 0.214728 0.318773 0.738190 1 54 1.000000
  54 -4.513455 0.375512 3.088346 -0.984646 0.021670 0.173214 0.319315 0.773965 1 54 1.000000
shoe
  54 -4.554874 0.524685 2.749854 -0.993120 0.116938 -0.006210 0.319759 0.807072 1 54 1.000000
  54 -4.628871 -0.020668 2.496500 -0.988719 0.147001 0.028723 0.371691 0.803719 1 54 1.000000
  54 -4.592768 -0.170632 2.799521 -0.977218 0.044219 0.207581 0.370744 0.773429 1 54 1.000000
shoe
  54 -4.513455 0.375512 3.088346 -0.984646 0.021670 0.173214 0.319315 0.773965 1 54 1.000000
  54 -4.554874 0.524685 2.749854 -0.993120 0.116938 -0.006210 0.319759 0.807072 1 54 1.000000
  54 -4.592768 -0.170632 2.799521 -0.977218 0.044219 0.207581 0.370744 0.773429 1 54 1.000000
shoe
  54 -4.484386 0.635385 2.429387 -0.900489 0.269928 -0.340967 0.321711 0.838106 1 54 1.000000
  54 -4.574243 0.088699 2.206824 -0.910017 0.297014 -0.289226 0.374044 0.832065 1 54 1.000000
  54 -4.628871 -0.020668 2.496500 -0.988719 0.147001 0.028723 0.371691 0.803719 1 54 1.000000
shoe
  54 -4.554874 0.524685 2.749854 -0.993120 0.116938 -0.006210 0.319759 0.807072 1 54 1.000000
  54 -4.484386 0.635385 2.429387 -0.900489 0.269928 -0.340967 0.321711 0.838106 1 54 1.000000
  54 -4.628871 -0.020668 2.496500 -0.988719 0.147001 0.028723 0.371691 0.803719 1 54 1.000000
shoe
  54 -4.574243 0.088699 2.206824 -0.910017 0.297014 -0.289226 0.374044 0.832065 1 54 1.000000
  54 -4.484386 0.635385 2.429387 -0.900489 0.269928 -0.340967 0.321711 0.838106 1 54 1.000000
  54 -4.386539 0.160901 1.945562 -0.666832 0.423532 -0.613152 0.376768 0.861677 1 54 1.000000
shoe
  54 -4.554874 0.524685 2.749854 -0.993120 0.116938 -0.006210 0.319759 0.807072 1 54 1.000000
  54 -4.513455 0.375512 3.088346 -0.984646 0.021670 0.173214 0.319315 0.773965 1 54 1.000000
  54 -4.505958 1.101474 2.982862 -0.993780 0.098692 -0.051578 0.266334 0.811752 1 54 1.000000
shoe
  54 -4.484386 0.635385 2.429387 -0.900489 0.269928 -0.340967 0.321711 0.838106 1 54 1.000000
  54 -4.296710 0.720386 2.203116 -0.656976 0.379480 -0.651443 0.321389 0.865379 1 54 1.000000
  54 -4.386539 0.160901 1.945562 -0.666832 0.423532 -0.613152 0.376768 0.861677 1 54 1.000000
shoe
  54 -4.296710 0.720386 2.203116 -0.656976 0.379480 -0.651443 0.321389 0.865379 1 54 1.000000
  54 -4.132974 0.744246 2.106016 -0.510086 0.406633 -0.757932 0.321796 0.882069 1 54 1.000000
  54 -4.386539 0.160901 1.945562 -0.666832 0.423532 -0.613152 0.376768 0.861677 1 54 1.000000
shoe
  54 -4.132974 0.744246 2.106016 -0.510086 0.406633 -0.757932 0.321796 0.882069 1 54 1.000000
  54 -4.296710 0.720386 2.203116 -0.656976 0.379480 -0.651443 0.321389 0.865379 1 54 1.000000
  54 -4.125623 1.193230 2.325763 -0.550219 0.380769 -0.743151 0.274691 0.881116 1 54 1.000000
shoe
  54 -4.422431 1.198438 2.681796 -0.897112 0.241946 -0.369665 0.267228 0.841584 1 54 1.000000
  54 -4.484386 0.635385 2.429387 -0.900489 0.269928 -0.340967 0.321711 0.838106 1 54 1.000000
  54 -4.554874 0.524685 2.749854 -0.993120 0.116938 -0.006210 0.319759 0.807072 1 54 1.000000
shoe
  54 -4.505958 1.101474 2.982862 -0.993780 0.098692 -0.051578 0.266334 0.811752 1 54 1.000000
  54 -4.422431 1.198438 2.681796 -0.897112 0.241946 -0.369665 0.267228 0.841584 1 54 1.000000
  54 -4.554874 0.524685 2.749854 -0.993120 0.116938 -0.006210 0.319759 0.807072 1 54 1.000000
shoe
  54 -4.296710 0.720386 2.203116 -0.656976 0.379480 -0.651443 0.321389 0.865379 1 54 1.000000
  54 -4.484386 0.635385 2.429387 -0.900489 0.269928 -0.340967 0.321711 0.838106 1 54 1.000000
  54 -4.248497 1.230479 2.437188 -0.684965 0.344699 -0.641876 0.269850 0.867908 1 54 1.000000
shoe
  54 -4.296710 0.720386 2.203116 -0.656976 0.379480 -0.651443 0.321389 0.865379 1 54 1.000000
  54 -4.248497 1.230479 2.437188 -0.684965 0.344699 -0.641876 0.269850 0.867908 1 54 1.000000
  54 -4.125623 1.193230 2.325763 -0.550219 0.380769 -0.743151 0.274691 0.881116 1 54 1.000000
shoe
  54 -4.484386 0.635385 2.429387 -0.900489 0.269928 -0.340967 0.321711 0.838106 1 54 1.000000
  54 -4.422431 1.198438 2.681796 -0.897112 0.241946 -0.369665 0.267228 0.841584 1 54 1.000000
  54 -4.248497 1.230479 2.437188 -0.684965 0.344699 -0.641876 0.269850 0.867908 1 54 1.000000
shoe
  54 -4.125623 1.193230 2.325763 -0.550219 0.380769 -0.743151 0.274691 0.881116 1 54 1.000000
  54 -4.248497 1.230479 2.437188 -0.684965 0.344699 -0.641876 0.269850 0.867908 1 54 1.000000
  54 -4.121098 1.826308 2.632592 -0.592400 0.362982 -0.719240 0.215151 0.881619 1 54 1.000000
shoe
  54 -4.248497 1.230479 2.437188 -0.684965 0.344699 -0.641876 0.269850 0.867908 1 54 1.000000
  54 -4.212291 1.831093 2.710607 -0.707731 0.332356 -0.623423 0.213857 0.870770 1 54 1.000000
  54 -4.121098 1.826308 2.632592 -0.592400 0.362982 -0.719240 0.215151 0.881619 1 54 1.000000
shoe
  54 -4.212291 1.831093 2.710607 -0.707731 0.332356 -0.623423 0.213857 0.870770 1 54 1.000000
  54 -4.248497 1.230479 2.437188 -0.684965 0.344699 -0.641876 0.269850 0.867908 1 54 1.000000
  54 -4.422431 1.198438 2.681796 -0.897112 0.241946 -0.369665 0.267228 0.841584 1 54 1.000000
shoe
  54 -4.121098 1.826308 2.632592 -0.592400 0.362982 -0.719240 0.215151 0.881619 1 54 1.000000
  54 -4.212291 1.831093 2.710607 -0.707731 0.332356 -0.623423 0.213857 0.870770 1 54 1.000000
  54 -4.049197 2.460391 2.894250 -0.575087 0.442443 -0.688127 0.156904 0.884623 1 54 1.000000
shoe
  54 -4.369769 1.800068 2.936903 -0.891345 0.250004 -0.378156 0.212180 0.845177 1 54 1.000000
  54 -4.212291 1.831093 2.710607 -0.707731 0.332356 -0.623423 0.213857 0.870770 1 54 1.000000
  54 -4.422431 1.198438 2.681796 -0.897112 0.241946 -0.369665 0.267228 0.841584 1 54 1.000000
shoe
  54 -4.369769 1.800068 2.936903 -0.891345 0.250004 -0.378156 0.212180 0.845177 1 54 1.000000
  54 -4.422431 1.198438 2.681796 -0.897112 0.241946 -0.369665 0.267228 0.841584 1 54 1.000000
  54 -4.505958 1.101474 2.982862 -0.993780 0.098692 -0.051578 0.266334 0.811752 1 54 1.000000
shoe
  54 -4.212291 1.831093 2.710607 -0.707731 0.332356 -0.623423 0.213857 0.870770 1 54 1.000000
  54 -4.143942 2.456468 2.970956 -0.698431 0.430536 -0.571692 0.157631 0.872217 1 54 1.000000
  54 -4.049197 2.460391 2.894250 -0.575087 0.442443 -0.688127 0.156904 0.884623 1 54 1.000000
shoe
  54 -4.212291 1.831093 2.710607 -0.707731 0.332356 -0.623423 0.213857 0.870770 1 54 1.000000
  54 -4.369769 1.800068 2.936903 -0.891345 0.250004 -0.378156 0.212180 0.845177 1 54 1.000000
  54 -4.143942 2.456468 2.970956 -0.698431 0.430536 -0.571692 0.157631 0.872217 1 54 1.000000
shoe
  54 -4.049197 2.460391 2.894250 -0.575087 0.442443 -0.688127 0.156904 0.884623 1 54 1.000000
  54 -4.143942 2.456468 2.970956 -0.698431 0.430536 -0.571692 0.157631 0.872217 1 54 1.000000
  54 -3.917232 2.937332 3.158809 -0.576083 0.655440 -0.488391 0.108785 0.869742 1 54 1.000000
shoe
  54 -3.816999 2.912271 3.055259 -0.451716 0.653834 -0.607003 0.107044 0.884856 1 54 1.000000
  54 -4.049197 2.460391 2.894250 -0.575087 0.442443 -0.688127 0.156904 0.884623 1 54 1.000000
  54 -3.917232 2.937332 3.158809 -0.576083 0.655440 -0.488391 0.108785 0.869742 1 54 1.000000
shoe
  54 -4.369769 1.800068 2.936903 -0.891345 0.250004 -0.378156 0.212180 0.845177 1 54 1.000000
  54 -4.280753 2.415857 3.172680 -0.869002 0.383946 -0.312123 0.158633 0.847840 1 54 1.000000
  54 -4.143942 2.456468 2.970956 -0.698431 0.430536 -0.571692 0.157631 0.872217 1 54 1.000000
shoe
  54 -3.816999 2.912271 3.055259 -0.451716 0.653834 -0.607003 0.107044 0.884856 1 54 1.000000
  54 -3.917232 2.937332 3.158809 -0.576083 0.655440 -0.488391 0.108785 0.869742 1 54 1.000000
  54 -3.395052 3.275114 3.275715 -0.202881 0.848570 -0.488638 0.051456 0.867663 1 54 1.000000
shoe
  54 -3.363988 3.177605 3.146228 -0.150789 0.771978 -0.617505 0.052361 0.883286 1 54 1.000000
  54 -3.816999 2.912271 3.055259 -0.451716 0.653834 -0.607003 0.107044 0.884856 1 54 1.000000
  54 -3.395052 3.275114 3.275715 -0.202881 0.848570 -0.488638 0.051456 0.867663 1 54 1.000000
shoe
  54 -3.363988 3.177605 3.146228 -0.150789 0.771978 -0.617505 0.052361 0.883286 1 54 1.000000
  54 -3.395052 3.275114 3.275715 -0.202881 0.848570 -0.488638 0.051456 0.867663 1 54 1.000000
  54 -2.972714 3.180151 3.158041 -0.016959 0.747471 -0.664078 0.015312 0.883076 1 54 1.000000
shoe
  54 -3.395052 3.275114 3.275715 -0.202881 0.848570 -0.488638 0.051456 0.867663 1 54 1.000000
  54 -2.955151 3.318192 3.305579 -0.040315 0.875381 -0.481750 0.015312 0.874396 1 54 1.000000
  54 -2.972714 3.180151 3.158041 -0.016959 0.747471 -0.664078 0.015312 0.883076 1 54 1.000000
shoe
  54 -4.045814 2.901631 3.345943 -0.759469 0.611938 -0.220766 0.113393 0.847978 1 54 1.000000
  54 -3.917232 2.937332 3.158809 -0.576083 0.655440 -0.488391 0.108785 0.869742 1 54 1.000000
  54 -4.143942 2.456468 2.970956 -0.698431 0.430536 -0.571692 0.157631 0.872217 1 54 1.000000
shoe
  54 -4.280753 2.415857 3.172680 -0.869002 0.383946 -0.312123 0.158633 0.847840 1 54 1.000000
  54 -4.045814 2.901631 3.345943 -0.759469 0.611938 -0.220766 0.113393 0.847978 1 54 1.000000
  54 -4.143942 2.456468 2.970956 -0.698431 0.430536 -0.571692 0.157631 0.872217 1 54 1.000000
shoe
  54 -3.755597 3.188643 3.442915 -0.519826 0.823918 -0.225699 0.080159 0.845646 1 54 1.000000
  54 -3.395052 3.275114 3.275715 -0.202881 0.848570 -0.488638 0.051456 0.867663 1 54 1.000000
  54 -3.917232 2.937332 3.158809 -0.576083 0.655440 -0.488391 0.108785 0.869742 1 54 1.000000
shoe
  54 -4.045814 2.901631 3.345943 -0.759469 0.611938 -0.220766 0.113393 0.847978 1 54 1.000000
  54 -3.755597 3.188643 3.442915 -0.519826 0.823918 -0.225699 0.080159 0.845646 1 54 1.000000
  54 -3.917232 2.937332 3.158809 -0.576083 0.655440 -0.488391 0.108785 0.869742 1 54 1.000000
shoe
  54 -3.395052 3.275114 3.275715 -0.202881 0.848570 -0.488638 0.051456 0.867663 1 54 1.000000
  54 -3.400337 3.351213 3.483111 -0.232198 0.950713 -0.205496 0.049724 0.847076 1 54 1.000000
  54 -2.955151 3.318192 3.305579 -0.040315 0.875381 -0.481750 0.015312 0.874396 1 54 1.000000
shoe
  54 -3.755597 3.188643 3.442915 -0.519826 0.823918 -0.225699 0.080159 0.845646 1 54 1.000000
  54 -3.400337 3.351213 3.483111 -0.232198 0.950713 -0.205496 0.049724 0.847076 1 54 1.000000
  54 -3.395052 3.275114 3.275715 -0.202881 0.848570 -0.488638 0.051456 0.867663 1 54 1.000000
shoe
  54 -3.400337 3.351213 3.483111 -0.232198 0.950713 -0.205496 0.049724 0.847076 1 54 1.000000
  54 -2.940819 3.379380 3.507198 -0.046315 0.982607 -0.179830 0.015312 0.848454 1 54 1.000000
  54 -2.955151 3.318192 3.305579 -0.040315 0.875381 -0.481750 0.015312 0.874396 1 54 1.000000
shoe
  54 -3.755597 3.188643 3.442915 -0.519826 0.823918 -0.225699 0.080159 0.845646 1 54 1.000000
  54 -4.045814 2.901631 3.345943 -0.759469 0.611938 -0.220766 0.113393 0.847978 1 54 1.000000
  54 -4.133997 2.837627 3.715859 -0.834065 0.550666 0.033197 0.114420 0.812028 1 54 1.000000
shoe
  54 -3.400337 3.351213 3.483111 -0.232198 0.950713 -0.205496 0.049724 0.847076 1 54 1.000000
  54 -3.415122 3.394023 3.941579 -0.273603 0.960294 0.054555 0.048143 0.805524 1 54 1.000000
  54 -2.940819 3.379380 3.507198 -0.046315 0.982607 -0.179830 0.015312 0.848454 1 54 1.000000
shoe
  54 -3.415122 3.394023 3.941579 -0.273603 0.960294 0.054555 0.048143 0.805524 1 54 1.000000
  54 -2.917239 3.417354 3.976696 -0.074837 0.996266 0.043055 0.015312 0.805693 1 54 1.000000
  54 -2.940819 3.379380 3.507198 -0.046315 0.982607 -0.179830 0.015312 0.848454 1 54 1.000000
shoe
  54 -3.400337 3.351213 3.483111 -0.232198 0.950713 -0.205496 0.049724 0.847076 1 54 1.000000
  54 -3.755597 3.188643 3.442915 -0.519826 0.823918 -0.225699 0.080159 0.845646 1 54 1.000000
  54 -3.817881 3.179709 3.863170 -0.618573 0.783762 0.055537 0.079601 0.807532 1 54 1.000000
shoe
  54 -3.415122 3.394023 3.941579 -0.273603 0.960294 0.054555 0.048143 0.805524 1 54 1.000000
  54 -3.400337 3.351213 3.483111 -0.232198 0.950713 -0.205496 0.049724 0.847076 1 54 1.000000
  54 -3.817881 3.179709 3.863170 -0.618573 0.783762 0.055537 0.079601 0.807532 1 54 1.000000
shoe
  54 -3.817881 3.179709 3.863170 -0.618573 0.783762 0.055537 0.079601 0.807532 1 54 1.000000
  54 -3.755597 3.188643 3.442915 -0.519826 0.823918 -0.225699 0.080159 0.845646 1 54 1.000000
  54 -4.133997 2.837627 3.715859 -0.834065 0.550666 0.033197 0.114420 0.812028 1 54 1.000000
shoe
  54 -3.415122 3.394023 3.941579 -0.273603 0.960294 0.054555 0.048143 0.805524 1 54 1.000000
  54 -3.410506 3.298085 4.426710 -0.336532 0.903977 0.263764 0.047707 0.762170 1 54 1.000000
  54 -2.917239 3.417354 3.976696 -0.074837 0.996266 0.043055 0.015312 0.805693 1 54 1.000000
shoe
  54 -3.410506 3.298085 4.426710 -0.336532 0.903977 0.263764 0.047707 0.762170 1 54 1.000000
  54 -2.900473 3.368342 4.467559 -0.153071 0.960266 0.233363 0.015312 0.758584 1 54 1.000000
  54 -2.917239 3.417354 3.976696 -0.074837 0.996266 0.043055 0.015312 0.805693 1 54 1.000000
shoe
  54 -3.415122 3.394023 3.941579 -0.273603 0.960294 0.054555 0.048143 0.805524 1 54 1.000000
  54 -3.817881 3.179709 3.863170 -0.618573 0.783762 0.055537 0.079601 0.807532 1 54 1.000000
  54 -3.827725 3.068842 4.308575 -0.676092 0.690061 0.258293 0.079729 0.767321 1 54 1.000000
shoe
  54 -3.410506 3.298085 4.426710 -0.336532 0.903977 0.263764 0.047707 0.762170 1 54 1.000000
  54 -3.415122 3.394023 3.941579 -0.273603 0.960294 0.054555 0.048143 0.805524 1 54 1.000000
  54 -3.827725 3.068842 4.308575 -0.676092 0.690061 0.258293 0.079729 0.767321 1 54 1.000000
shoe
  54 -3.817881 3.179709 3.863170 -0.618573 0.783762 0.055537 0.079601 0.807532 1 54 1.000000
  54 -4.133997 2.837627 3.715859 -0.834065 0.550666 0.033197 0.114420 0.812028 1 54 1.000000
  54 -4.139337 2.703410 4.128316 -0.867884 0.435086 0.239745 0.115124 0.773054 1 54 1.000000
shoe
  54 -3.827725 3.068842 4.308575 -0.676092 0.690061 0.258293 0.079729 0.767321 1 54 1.000000
  54 -3.817881 3.179709 3.863170 -0.618573 0.783762 0.055537 0.079601 0.807532 1 54 1.000000
  54 -4.139337 2.703410 4.128316 -0.867884 0.435086 0.239745 0.115124 0.773054 1 54 1.000000
shoe
  54 -3.410506 3.298085 4.426710 -0.336532 0.903977 0.263764 0.047707 0.762170 1 54 1.000000
  54 -3.364606 3.122858 4.905165 -0.361646 0.832047 0.420607 0.045940 0.718382 1 54 1.000000
  54 -2.900473 3.368342 4.467559 -0.153071 0.960266 0.233363 0.015312 0.758584 1 54 1.000000
shoe
  54 -3.364606 3.122858 4.905165 -0.361646 0.832047 0.420607 0.045940 0.718382 1 54 1.000000
  54 -2.896912 3.184268 4.962047 -0.164727 0.888709 0.427857 0.015312 0.707678 1 54 1.000000
  54 -2.900473 3.368342 4.467559 -0.153071 0.960266 0.233363 0.015312 0.758584 1 54 1.000000
shoe
  54 -3.410506 3.298085 4.426710 -0.336532 0.903977 0.263764 0.047707 0.762170 1 54 1.000000
  54 -3.827725 3.068842 4.308575 -0.676092 0.690061 0.258293 0.079729 0.767321 1 54 1.000000
  54 -3.770410 2.886437 4.786194 -0.710306 0.593923 0.377784 0.078416 0.724512 1 54 1.000000
shoe
  54 -3.364606 3.122858 4.905165 -0.361646 0.832047 0.420607 0.045940 0.718382 1 54 1.000000
  54 -3.410506 3.298085 4.426710 -0.336532 0.903977 0.263764 0.047707 0.762170 1 54 1.000000
  54 -3.770410 2.886437 4.786194 -0.710306 0.593923 0.377784 0.078416 0.724512 1 54 1.000000
shoe
  54 -3.827725 3.068842 4.308575 -0.676092 0.690061 0.258293 0.079729 0.767321 1 54 1.000000
  54 -4.139337 2.703410 4.128316 -0.867884 0.435086 0.239745 0.115124 0.773054 1 54 1.000000
  54 -4.041409 2.504761 4.596848 -0.875868 0.326056 0.355728 0.114022 0.728438 1 54 1.000000
shoe
  54 -3.770410 2.886437 4.786194 -0.710306 0.593923 0.377784 0.078416 0.724512 1 54 1.000000
  54 -3.827725 3.068842 4.308575 -0.676092 0.690061 0.258293 0.079729 0.767321 1 54 1.000000
  54 -4.041409 2.504761 4.596848 -0.875868 0.326056 0.355728 0.114022 0.728438 1 54 1.000000
shoe
  54 -3.364606 3.122858 4.905165 -0.361646 0.832047 0.420607 0.045940 0.718382 1 54 1.000000
  54 -3.280497 2.855225 5.392489 -0.344311 0.750440 0.564172 0.042576 0.672776 1 54 1.000000
  54 -2.896912 3.184268 4.962047 -0.164727 0.888709 0.427857 0.015312 0.707678 1 54 1.000000
shoe
  54 -3.280497 2.855225 5.392489 -0.344311 0.750440 0.564172 0.042576 0.672776 1 54 1.000000
  54 -2.901134 2.894758 5.440801 -0.161928 0.803218 0.573254 0.015312 0.662741 1 54 1.000000
  54 -2.896912 3.184268 4.962047 -0.164727 0.888709 0.427857 0.015312 0.707678 1 54 1.000000
shoe
  54 -3.770410 2.886437 4.786194 -0.710306 0.593923 0.377784 0.078416 0.724512 1 54 1.000000
  54 -3.675546 2.655513 5.250002 -0.710598 0.513752 0.480738 0.076021 0.680653 1 54 1.000000
  54 -3.364606 3.122858 4.905165 -0.361646 0.832047 0.420607 0.045940 0.718382 1 54 1.000000
shoe
  54 -3.675546 2.655513 5.250002 -0.710598 0.513752 0.480738 0.076021 0.680653 1 54 1.000000
  54 -3.280497 2.855225 5.392489 -0.344311 0.750440 0.564172 0.042576 0.672776 1 54 1.000000
  54 -3.364606 3.122858 4.905165 -0.361646 0.832047 0.420607 0.045940 0.718382 1 54 1.000000
shoe
  54 -3.236530 2.680406 5.609048 -0.321359 0.707616 0.629292 0.041656 0.651080 1 54 1.000000
  54 -2.894529 2.710983 5.668521 -0.176299 0.763500 0.621278 0.015312 0.648162 1 54 1.000000
  54 -2.901134 2.894758 5.440801 -0.161928 0.803218 0.573254 0.015312 0.662741 1 54 1.000000
shoe
  54 -3.280497 2.855225 5.392489 -0.344311 0.750440 0.564172 0.042576 0.672776 1 54 1.000000
  54 -3.236530 2.680406 5.609048 -0.321359 0.707616 0.629292 0.041656 0.651080 1 54 1.000000
  54 -2.901134 2.894758 5.440801 -0.161928 0.803218 0.573254 0.015312 0.662741 1 54 1.000000
shoe
  54 -3.587098 2.522298 5.477799 -0.651540 0.510720 0.560946 0.073068 0.656908 1 54 1.000000
  54 -3.236530 2.680406 5.609048 -0.321359 0.707616 0.629292 0.041656 0.651080 1 54 1.000000
  54 -3.280497 2.855225 5.392489 -0.344311 0.750440 0.564172 0.042576 0.672776 1 54 1.000000
shoe
  54 -3.675546 2.655513 5.250002 -0.710598 0.513752 0.480738 0.076021 0.680653 1 54 1.000000
  54 -3.587098 2.522298 5.477799 -0.651540 0.510720 0.560946 0.073068 0.656908 1 54 1.000000
  54 -3.280497 2.855225 5.392489 -0.344311 0.750440 0.564172 0.042576 0.672776 1 54 1.000000
shoe
  54 -3.830196 2.248974 5.239401 -0.859585 0.284404 0.424534 0.107028 0.665190 1 54 1.000000
  54 -3.587098 2.522298 5.477799 -0.651540 0.510720 0.560946 0.073068 0.656908 1 54 1.000000
  54 -3.675546 2.655513 5.250002 -0.710598 0.513752 0.480738 0.076021 0.680653 1 54 1.000000
shoe
  54 -3.675546 2.655513 5.250002 -0.710598 0.513752 0.480738 0.076021 0.680653 1 54 1.000000
  54 -3.770410 2.886437 4.786194 -0.710306 0.593923 0.377784 0.078416 0.724512 1 54 1.000000
  54 -3.910608 2.344783 5.001318 -0.876113 0.290556 0.384711 0.109656 0.688509 1 54 1.000000
shoe
  54 -3.910608 2.344783 5.001318 -0.876113 0.290556 0.384711 0.109656 0.688509 1 54 1.000000
  54 -3.830196 2.248974 5.239401 -0.859585 0.284404 0.424534 0.107028 0.665190 1 54 1.000000
  54 -3.675546 2.655513 5.250002 -0.710598 0.513752 0.480738 0.076021 0.680653 1 54 1.000000
shoe
  54 -3.770410 2.886437 4.786194 -0.710306 0.593923 0.377784 0.078416 0.724512 1 54 1.000000
  54 -4.041409 2.504761 4.596848 -0.875868 0.326056 0.355728 0.114022 0.728438 1 54 1.000000
  54 -3.910608 2.344783 5.001318 -0.876113 0.290556 0.384711 0.109656 0.688509 1 54 1.000000
shoe
  54 -3.910608 2.344783 5.001318 -0.876113 0.290556 0.384711 0.109656 0.688509 1 54 1.000000
  54 -4.110688 1.826921 4.866934 -0.943432 0.199551 0.264793 0.151138 0.678339 1 54 1.000000
  54 -3.830196 2.248974 5.239401 -0.859585 0.284404 0.424534 0.107028 0.665190 1 54 1.000000
shoe
  54 -4.110688 1.826921 4.866934 -0.943432 0.199551 0.264793 0.151138 0.678339 1 54 1.000000
  54 -3.910608 2.344783 5.001318 -0.876113 0.290556 0.384711 0.109656 0.688509 1 54 1.000000
  54 -4.153537 1.912704 4.631600 -0.943605 0.139034 0.300464 0.153974 0.702294 1 54 1.000000
shoe
  54 -3.910608 2.344783 5.001318 -0.876113 0.290556 0.384711 0.109656 0.688509 1 54 1.000000
  54 -4.041409 2.504761 4.596848 -0.875868 0.326056 0.355728 0.114022 0.728438 1 54 1.000000
  54 -4.153537 1.912704 4.631600 -0.943605 0.139034 0.300464 0.153974 0.702294 1 54 1.000000
shoe
  54 -4.153537 1.912704 4.631600 -0.943605 0.139034 0.300464 0.153974 0.702294 1 54 1.000000
  54 -4.240193 1.283972 4.452343 -0.968043 0.024837 0.249550 0.206908 0.694514 1 54 1.000000
  54 -4.110688 1.826921 4.866934 -0.943432 0.199551 0.264793 0.151138 0.678339 1 54 1.000000
shoe
  54 -4.153537 1.912704 4.631600 -0.943605 0.139034 0.300464 0.153974 0.702294 1 54 1.000000
  54 -4.041409 2.504761 4.596848 -0.875868 0.326056 0.355728 0.114022 0.728438 1 54 1.000000
  54 -4.252513 2.034881 4.334129 -0.941827 0.124696 0.312110 0.156352 0.733597 1 54 1.000000
shoe
  54 -4.252513 2.034881 4.334129 -0.941827 0.124696 0.312110 0.156352 0.733597 1 54 1.000000
  54 -4.041409 2.504761 4.596848 -0.875868 0.326056 0.355728 0.114022 0.728438 1 54 1.000000
  54 -4.139337 2.703410 4.128316 -0.867884 0.435086 0.239745 0.115124 0.773054 1 54 1.000000
shoe
  54 -4.240193 1.283972 4.452343 -0.968043 0.024837 0.249550 0.206908 0.694514 1 54 1.000000
  54 -4.153537 1.912704 4.631600 -0.943605 0.139034 0.300464 0.153974 0.702294 1 54 1.000000
  54 -4.295008 1.370699 4.238699 -0.969484 0.006358 0.245071 0.207526 0.716510 1 54 1.000000
shoe
  54 -4.153537 1.912704 4.631600 -0.943605 0.139034 0.300464 0.153974 0.702294 1 54 1.000000
  54 -4.252513 2.034881 4.334129 -0.941827 0.124696 0.312110 0.156352 0.733597 1 54 1.000000
  54 -4.295008 1.370699 4.238699 -0.969484 0.006358 0.245071 0.207526 0.716510 1 54 1.000000
shoe
  54 -4.333058 0.665827 4.010591 -0.981333 -0.013457 0.191846 0.268219 0.709917 1 54 1.000000
  54 -4.240193 1.283972 4.452343 -0.968043 0.024837 0.249550 0.206908 0.694514 1 54 1.000000
  54 -4.295008 1.370699 4.238699 -0.969484 0.006358 0.245071 0.207526 0.716510 1 54 1.000000
shoe
  54 -4.364535 2.188859 3.888058 -0.962310 0.186438 0.197989 0.159534 0.777273 1 54 1.000000
  54 -4.252513 2.034881 4.334129 -0.941827 0.124696 0.312110 0.156352 0.733597 1 54 1.000000
  54 -4.139337 2.703410 4.128316 -0.867884 0.435086 0.239745 0.115124 0.773054 1 54 1.000000
shoe
  54 -4.139337 2.703410 4.128316 -0.867884 0.435086 0.239745 0.115124 0.773054 1 54 1.000000
  54 -4.133997 2.837627 3.715859 -0.834065 0.550666 0.033197 0.114420 0.812028 1 54 1.000000
  54 -4.364535 2.188859 3.888058 -0.962310 0.186438 0.197989 0.159534 0.777273 1 54 1.000000
shoe
  54 -4.295008 1.370699 4.238699 -0.969484 0.006358 0.245071 0.207526 0.716510 1 54 1.000000
  54 -4.252513 2.034881 4.334129 -0.941827 0.124696 0.312110 0.156352 0.733597 1 54 1.000000
  54 -4.340881 1.440072 4.043160 -0.971920 -0.003762 0.235280 0.208671 0.736023 1 54 1.000000
shoe
  54 -4.340881 1.440072 4.043160 -0.971920 -0.003762 0.235280 0.208671 0.736023 1 54 1.000000
  54 -4.252513 2.034881 4.334129 -0.941827 0.124696 0.312110 0.156352 0.733597 1 54 1.000000
  54 -4.364535 2.188859 3.888058 -0.962310 0.186438 0.197989 0.159534 0.777273 1 54 1.000000
shoe
  54 -4.333058 0.665827 4.010591 -0.981333 -0.013457 0.191846 0.268219 0.709917 1 54 1.000000
  54 -4.295008 1.370699 4.238699 -0.969484 0.006358 0.245071 0.207526 0.716510 1 54 1.000000
  54 -4.372102 0.759971 3.811260 -0.980454 -0.020062 0.195724 0.267108 0.729985 1 54 1.000000
shoe
  54 -4.295008 1.370699 4.238699 -0.969484 0.006358 0.245071 0.207526 0.716510 1 54 1.000000
  54 -4.340881 1.440072 4.043160 -0.971920 -0.003762 0.235280 0.208671 0.736023 1 54 1.000000
  54 -4.372102 0.759971 3.811260 -0.980454 -0.020062 0.195724 0.267108 0.729985 1 54 1.000000
shoe
  54 -4.393250 0.109837 3.640632 -0.974741 -0.031645 0.221084 0.319297 0.720333 1 54 1.000000
  54 -4.333058 0.665827 4.010591 -0.981333 -0.013457 0.191846 0.268219 0.709917 1 54 1.000000
  54 -4.372102 0.759971 3.811260 -0.980454 -0.020062 0.195724 0.267108 0.729985 1 54 1.000000
shoe
  54 -4.439074 0.206430 3.457009 -0.976489 -0.018996 0.214728 0.318773 0.738190 1 54 1.000000
  54 -4.393250 0.109837 3.640632 -0.974741 -0.031645 0.221084 0.319297 0.720333 1 54 1.000000
  54 -4.372102 0.759971 3.811260 -0.980454 -0.020062 0.195724 0.267108 0.729985 1 54 1.000000
shoe
  54 -4.443769 1.576407 3.634008 -0.988020 0.022107 0.152734 0.211395 0.776614 1 54 1.000000
  54 -4.340881 1.440072 4.043160 -0.971920 -0.003762 0.235280 0.208671 0.736023 1 54 1.000000
  54 -4.364535 2.188859 3.888058 -0.962310 0.186438 0.197989 0.159534 0.777273 1 54 1.000000
shoe
  54 -4.372102 0.759971 3.811260 -0.980454 -0.020062 0.195724 0.267108 0.729985 1 54 1.000000
  54 -4.340881 1.440072 4.043160 -0.971920 -0.003762 0.235280 0.208671 0.736023 1 54 1.000000
  54 -4.443769 1.576407 3.634008 -0.988020 0.022107 0.152734 0.211395 0.776614 1 54 1.000000
shoe
  54 -4.439074 0.206430 3.457009 -0.976489 -0.018996 0.214728 0.318773 0.738190 1 54 1.000000
  54 -4.372102 0.759971 3.811260 -0.980454 -0.020062 0.195724 0.267108 0.729985 1 54 1.000000
  54 -4.466670 0.958869 3.348482 -0.989132 -0.002963 0.146999 0.266441 0.776151 1 54 1.000000
shoe
  54 -4.466670 0.958869 3.348482 -0.989132 -0.002963 0.146999 0.266441 0.776151 1 54 1.000000
  54 -4.372102 0.759971 3.811260 -0.980454 -0.020062 0.195724 0.267108 0.729985 1 54 1.000000
  54 -4.443769 1.576407 3.634008 -0.988020 0.022107 0.152734 0.211395 0.776614 1 54 1.000000
shoe
  54 -4.513455 0.375512 3.088346 -0.984646 0.021670 0.173214 0.319315 0.773965 1 54 1.000000
  54 -4.439074 0.206430 3.457009 -0.976489 -0.018996 0.214728 0.318773 0.738190 1 54 1.000000
  54 -4.466670 0.958869 3.348482 -0.989132 -0.002963 0.146999 0.266441 0.776151 1 54 1.000000
shoe
  54 -4.513455 0.375512 3.088346 -0.984646 0.021670 0.173214 0.319315 0.773965 1 54 1.000000
  54 -4.466670 0.958869 3.348482 -0.989132 -0.002963 0.146999 0.266441 0.776151 1 54 1.000000
  54 -4.505958 1.101474 2.982862 -0.993780 0.098692 -0.051578 0.266334 0.811752 1 54 1.000000
shoe
  54 -4.505958 1.101474 2.982862 -0.993780 0.098692 -0.051578 0.266334 0.811752 1 54 1.000000
  54 -4.466670 0.958869 3.348482 -0.989132 -0.002963 0.146999 0.266441 0.776151 1 54 1.000000
  54 -4.465899 1.705430 3.237376 -0.988503 0.127827 -0.080755 0.212626 0.814706 1 54 1.000000
shoe
  54 -4.466670 0.958869 3.348482 -0.989132 -0.002963 0.146999 0.266441 0.776151 1 54 1.000000
  54 -4.443769 1.576407 3.634008 -0.988020 0.022107 0.152734 0.211395 0.776614 1 54 1.000000
  54 -4.465899 1.705430 3.237376 -0.988503 0.127827 -0.080755 0.212626 0.814706 1 54 1.000000
shoe
  54 -4.465899 1.705430 3.237376 -0.988503 0.127827 -0.080755 0.212626 0.814706 1 54 1.000000
  54 -4.369769 1.800068 2.936903 -0.891345 0.250004 -0.378156 0.212180 0.845177 1 54 1.000000
  54 -4.505958 1.101474 2.982862 -0.993780 0.098692 -0.051578 0.266334 0.811752 1 54 1.000000
shoe
  54 -4.280753 2.415857 3.172680 -0.869002 0.383946 -0.312123 0.158633 0.847840 1 54 1.000000
  54 -4.369769 1.800068 2.936903 -0.891345 0.250004 -0.378156 0.212180 0.845177 1 54 1.000000
  54 -4.465899 1.705430 3.237376 -0.988503 0.127827 -0.080755 0.212626 0.814706 1 54 1.000000
shoe
  54 -4.382618 2.315824 3.510669 -0.955969 0.292721 -0.020915 0.160100 0.813325 1 54 1.000000
  54 -4.465899 1.705430 3.237376 -0.988503 0.127827 -0.080755 0.212626 0.814706 1 54 1.000000
  54 -4.443769 1.576407 3.634008 -0.988020 0.022107 0.152734 0.211395 0.776614 1 54 1.000000
shoe
  54 -4.382618 2.315824 3.510669 -0.955969 0.292721 -0.020915 0.160100 0.813325 1 54 1.000000
  54 -4.280753 2.415857 3.172680 -0.869002 0.383946 -0.312123 0.158633 0.847840 1 54 1.000000
  54 -4.465899 1.705430 3.237376 -0.988503 0.127827 -0.080755 0.212626 0.814706 1 54 1.000000
shoe
  54 -4.364535 2.188859 3.888058 -0.962310 0.186438 0.197989 0.159534 0.777273 1 54 1.000000
  54 -4.382618 2.315824 3.510669 -0.955969 0.292721 -0.020915 0.160100 0.813325 1 54 1.000000
  54 -4.443769 1.576407 3.634008 -0.988020 0.022107 0.152734 0.211395 0.776614 1 54 1.000000
shoe
  54 -4.133997 2.837627 3.715859 -0.834065 0.550666 0.033197 0.114420 0.812028 1 54 1.000000
  54 -4.382618 2.315824 3.510669 -0.955969 0.292721 -0.020915 0.160100 0.813325 1 54 1.000000
  54 -4.364535 2.188859 3.888058 -0.962310 0.186438 0.197989 0.159534 0.777273 1 54 1.000000
shoe
  54 -4.045814 2.901631 3.345943 -0.759469 0.611938 -0.220766 0.113393 0.847978 1 54 1.000000
  54 -4.280753 2.415857 3.172680 -0.869002 0.383946 -0.312123 0.158633 0.847840 1 54 1.000000
  54 -4.382618 2.315824 3.510669 -0.955969 0.292721 -0.020915 0.160100 0.813325 1 54 1.000000
shoe
  54 -4.133997 2.837627 3.715859 -0.834065 0.550666 0.033197 0.114420 0.812028 1 54 1.000000
  54 -4.045814 2.901631 3.345943 -0.759469 0.611938 -0.220766 0.113393 0.847978 1 54 1.000000
  54 -4.382618 2.315824 3.510669 -0.955969 0.292721 -0.020915 0.160100 0.813325 1 54 1.000000
shoe
  55 -2.197005 -4.303236 2.196660 0.432773 -0.103668 0.895522 0.685736 0.426490 2 55 0.754201 54 0.245799
  55 -1.869818 -4.257555 1.977651 0.726743 -0.204893 0.655639 0.693824 0.395274 2 55 0.729444 54 0.270556
  55 -2.155873 -3.967543 2.206507 0.415077 -0.130088 0.900438 0.660299 0.414632 2 55 0.602270 54 0.397730
shoe
  55 -1.869818 -4.257555 1.977651 0.726743 -0.204893 0.655639 0.693824 0.395274 2 55 0.729444 54 0.270556
  55 -2.197005 -4.303236 2.196660 0.432773 -0.103668 0.895522 0.685736 0.426490 2 55 0.754201 54 0.245799
  55 -1.983115 -4.598381 1.978065 0.733607 -0.319765 0.599642 0.715030 0.413265 2 55 0.884058 54 0.115942
shoe
  55 -2.197005 -4.303236 2.196660 0.432773 -0.103668 0.895522 0.685736 0.426490 2 55 0.754201 54 0.245799
  55 -2.155873 -3.967543 2.206507 0.415077 -0.130088 0.900438 0.660299 0.414632 2 55 0.602270 54 0.397730
  55 -2.564691 -4.006351 2.319021 0.171227 -0.103607 0.979769 0.654607 0.452249 2 55 0.622652 54 0.377348
shoe
  54 -2.529104 -3.710702 2.360726 0.181925 -0.240047 0.953562 0.628020 0.444208 2 54 0.510686 55 0.489314
  55 -2.564691 -4.006351 2.319021 0.171227 -0.103607 0.979769 0.654607 0.452249 2 55 0.622652 54 0.377348
  55 -2.155873 -3.967543 2.206507 0.415077 -0.130088 0.900438 0.660299 0.414632 2 55 0.602270 54 0.397730
shoe
  54 -2.529104 -3.710702 2.360726 0.181925 -0.240047 0.953562 0.628020 0.444208 2 54 0.510686 55 0.489314
  54 -2.969325 -3.726056 2.389206 -0.017408 -0.219699 0.975412 0.625575 0.487934 2 54 0.502018 55 0.497982
  55 -2.564691 -4.006351 2.319021 0.171227 -0.103607 0.979769 0.654607 0.452249 2 55 0.622652 54 0.377348
shoe
  55 -2.197005 -4.303236 2.196660 0.432773 -0.103668 0.895522 0.685736 0.426490 2 55 0.754201 54 0.245799
  55 -2.251776 -4.642347 2.181301 0.463250 -0.221208 0.858176 0.708867 0.437526 2 55 0.907643 54 0.092357
  55 -1.983115 -4.598381 1.978065 0.733607 -0.319765 0.599642 0.715030 0.413265 2 55 0.884058 54 0.115942
shoe
  55 -2.595407 -4.328827 2.308041 0.172189 -0.053220 0.983625 0.680511 0.459337 2 55 0.768553 54 0.231447
  55 -2.197005 -4.303236 2.196660 0.432773 -0.103668 0.895522 0.685736 0.426490 2 55 0.754201 54 0.245799
  55 -2.564691 -4.006351 2.319021 0.171227 -0.103607 0.979769 0.654607 0.452249 2 55 0.622652 54 0.377348
shoe
  55 -2.197005 -4.303236 2.196660 0.432773 -0.103668 0.895522 0.685736 0.426490 2 55 0.754201 54 0.245799
  55 -2.595407 -4.328827 2.308041 0.172189 -0.053220 0.983625 0.680511 0.459337 2 55 0.768553 54 0.231447
  55 -2.251776 -4.642347 2.181301 0.463250 -0.221208 0.858176 0.708867 0.437526 2 55 0.907643 54 0.092357
shoe
  54 -2.969325 -3.726056 2.389206 -0.017408 -0.219699 0.975412 0.625575 0.487934 2 54 0.502018 55 0.497982
  55 -2.988401 -4.005847 2.347057 -0.010703 -0.093755 0.995538 0.651410 0.490458 2 55 0.624086 54 0.375914
  55 -2.564691 -4.006351 2.319021 0.171227 -0.103607 0.979769 0.654607 0.452249 2 55 0.622652 54 0.377348
shoe
  55 -2.595407 -4.328827 2.308041 0.172189 -0.053220 0.983625 0.680511 0.459337 2 55 0.768553 54 0.231447
  55 -2.564691 -4.006351 2.319021 0.171227 -0.103607 0.979769 0.654607 0.452249 2 55 0.622652 54 0.377348
  55 -2.988401 -4.005847 2.347057 -0.010703 -0.093755 0.995538 0.651410 0.490458 2 55 0.624086 54 0.375914
shoe
  55 -2.988401 -4.005847 2.347057 -0.010703 -0.093755 0.995538 0.651410 0.490458 2 55 0.624086 54 0.375914
  54 -2.969325 -3.726056 2.389206 -0.017408 -0.219699 0.975412 0.625575 0.487934 2 54 0.502018 55 0.497982
  55 -3.406889 -3.959413 2.316096 -0.144687 -0.084663 0.985849 0.649685 0.529022 2 55 0.603879 54 0.396121
shoe
  54 -2.969325 -3.726056 2.389206 -0.017408 -0.219699 0.975412 0.625575 0.487934 2 54 0.502018 55 0.497982
  54 -3.400672 -3.675699 2.352336 -0.170256 -0.187080 0.967478 0.623731 0.531908 2 54 0.524047 55 0.475953
  55 -3.406889 -3.959413 2.316096 -0.144687 -0.084663 0.985849 0.649685 0.529022 2 55 0.603879 54 0.396121
shoe
  55 -3.008978 -4.325305 2.333382 -0.014988 -0.044659 0.998890 0.677818 0.492681 2 55 0.768553 54 0.231447
  55 -2.595407 -4.328827 2.308041 0.172189 -0.053220 0.983625 0.680511 0.459337 2 55 0.768553 54 0.231447
  55 -2.988401 -4.005847 2.347057 -0.010703 -0.093755 0.995538 0.651410 0.490458 2 55 0.624086 54 0.375914
shoe
  55 -3.825573 -3.870981 2.238370 -0.261602 -0.079018 0.961936 0.649457 0.568741 2 55 0.563999 54 0.436001
  55 -3.406889 -3.959413 2.316096 -0.144687 -0.084663 0.985849 0.649685 0.529022 2 55 0.603879 54 0.396121
  54 -3.400672 -3.675699 2.352336 -0.170256 -0.187080 0.967478 0.623731 0.531908 2 54 0.524047 55 0.475953
shoe
  54 -3.825522 -3.564969 2.269869 -0.287756 -0.155122 0.945058 0.622361 0.576368 2 54 0.574067 55 0.425933
  55 -3.825573 -3.870981 2.238370 -0.261602 -0.079018 0.961936 0.649457 0.568741 2 55 0.563999 54 0.436001
  54 -3.400672 -3.675699 2.352336 -0.170256 -0.187080 0.967478 0.623731 0.531908 2 54 0.524047 55 0.475953
shoe
  55 -3.406889 -3.959413 2.316096 -0.144687 -0.084663 0.985849 0.649685 0.529022 2 55 0.603879 54 0.396121
  55 -3.417222 -4.281773 2.300713 -0.146873 -0.050234 0.987879 0.676394 0.526380 2 55 0.749604 54 0.250396
  55 -2.988401 -4.005847 2.347057 -0.010703 -0.093755 0.995538 0.651410 0.490458 2 55 0.624086 54 0.375914
shoe
  55 -3.417222 -4.281773 2.300713 -0.146873 -0.050234 0.987879 0.676394 0.526380 2 55 0.749604 54 0.250396
  55 -3.008978 -4.325305 2.333382 -0.014988 -0.044659 0.998890 0.677818 0.492681 2 55 0.768553 54 0.231447
  55 -2.988401 -4.005847 2.347057 -0.010703 -0.093755 0.995538 0.651410 0.490458 2 55 0.624086 54 0.375914
shoe
  55 -3.825573 -3.870981 2.238370 -0.261602 -0.079018 0.961936 0.649457 0.568741 2 55 0.563999 54 0.436001
  55 -3.833391 -4.201078 2.218602 -0.275336 -0.072203 0.958633 0.676401 0.562183 2 55 0.713158 54 0.286842
  55 -3.406889 -3.959413 2.316096 -0.144687 -0.084663 0.985849 0.649685 0.529022 2 55 0.603879 54 0.396121
shoe
  55 -3.833391 -4.201078 2.218602 -0.275336 -0.072203 0.958633 0.676401 0.562183 2 55 0.713158 54 0.286842
  55 -3.417222 -4.281773 2.300713 -0.146873 -0.050234 0.987879 0.676394 0.526380 2 55 0.749604 54 0.250396
  55 -3.406889 -3.959413 2.316096 -0.144687 -0.084663 0.985849 0.649685 0.529022 2 55 0.603879 54 0.396121
shoe
  55 -3.825573 -3.870981 2.238370 -0.261602 -0.079018 0.961936 0.649457 0.568741 2 55 0.563999 54 0.436001
  54 -3.825522 -3.564969 2.269869 -0.287756 -0.155122 0.945058 0.622361 0.576368 2 54 0.574067 55 0.425933
  55 -4.225341 -3.758129 2.114417 -0.418555 -0.090682 0.903653 0.651737 0.608155 2 55 0.512355 54 0.487645
shoe
  54 -3.825522 -3.564969 2.269869 -0.287756 -0.155122 0.945058 0.622361 0.576368 2 54 0.574067 55 0.425933
  54 -4.246600 -3.404841 2.141365 -0.428386 -0.143286 0.892163 0.623163 0.622465 2 54 0.647112 55 0.352888
  55 -4.225341 -3.758129 2.114417 -0.418555 -0.090682 0.903653 0.651737 0.608155 2 55 0.512355 54 0.487645
shoe
  55 -4.213325 -4.105579 2.093538 -0.458722 -0.120951 0.880309 0.678662 0.596554 2 55 0.669293 54 0.330707
  55 -3.833391 -4.201078 2.218602 -0.275336 -0.072203 0.958633 0.676401 0.562183 2 55 0.713158 54 0.286842
  55 -3.825573 -3.870981 2.238370 -0.261602 -0.079018 0.961936 0.649457 0.568741 2 55 0.563999 54 0.436001
shoe
  55 -4.225341 -3.758129 2.114417 -0.418555 -0.090682 0.903653 0.651737 0.608155 2 55 0.512355 54 0.487645
  55 -4.213325 -4.105579 2.093538 -0.458722 -0.120951 0.880309 0.678662 0.596554 2 55 0.669293 54 0.330707
  55 -3.825573 -3.870981 2.238370 -0.261602 -0.079018 0.961936 0.649457 0.568741 2 55 0.563999 54 0.436001
shoe
  54 -4.586192 -3.642815 1.918350 -0.672411 -0.140603 0.726700 0.657144 0.646161 2 54 0.541542 55 0.458458
  55 -4.225341 -3.758129 2.114417 -0.418555 -0.090682 0.903653 0.651737 0.608155 2 55 0.512355 54 0.487645
  54 -4.246600 -3.404841 2.141365 -0.428386 -0.143286 0.892163 0.623163 0.622465 2 54 0.647112 55 0.352888
shoe
  54 -4.625055 -3.267119 1.941186 -0.659840 -0.140221 0.738207 0.628915 0.664718 2 54 0.711157 55 0.288843
  54 -4.586192 -3.642815 1.918350 -0.672411 -0.140603 0.726700 0.657144 0.646161 2 54 0.541542 55 0.458458
  54 -4.246600 -3.404841 2.141365 -0.428386 -0.143286 0.892163 0.623163 0.622465 2 54 0.647112 55 0.352888
shoe
  54 -4.830146 -3.516757 1.617157 -0.902694 -0.190495 0.385817 0.664415 0.681984 2 54 0.602141 55 0.397859
  54 -4.586192 -3.642815 1.918350 -0.672411 -0.140603 0.726700 0.657144 0.646161 2 54 0.541542 55 0.458458
  54 -4.625055 -3.267119 1.941186 -0.659840 -0.140221 0.738207 0.628915 0.664718 2 54 0.711157 55 0.288843
shoe
  54 -4.586192 -3.642815 1.918350 -0.672411 -0.140603 0.726700 0.657144 0.646161 2 54 0.541542 55 0.458458
  55 -4.532669 -4.008606 1.893474 -0.712273 -0.200187 0.672749 0.683595 0.629032 2 55 0.623518 54 0.376482
  55 -4.225341 -3.758129 2.114417 -0.418555 -0.090682 0.903653 0.651737 0.608155 2 55 0.512355 54 0.487645
shoe
  55 -4.532669 -4.008606 1.893474 -0.712273 -0.200187 0.672749 0.683595 0.629032 2 55 0.623518 54 0.376482
  55 -4.213325 -4.105579 2.093538 -0.458722 -0.120951 0.880309 0.678662 0.596554 2 55 0.669293 54 0.330707
  55 -4.225341 -3.758129 2.114417 -0.418555 -0.090682 0.903653 0.651737 0.608155 2 55 0.512355 54 0.487645
shoe
  54 -4.830146 -3.516757 1.617157 -0.902694 -0.190495 0.385817 0.664415 0.681984 2 54 0.602141 55 0.397859
  55 -4.737919 -3.896839 1.599709 -0.904920 -0.262459 0.335014 0.690978 0.660657 2 55 0.569376 54 0.430624
  54 -4.586192 -3.642815 1.918350 -0.672411 -0.140603 0.726700 0.657144 0.646161 2 54 0.541542 55 0.458458
shoe
  55 -4.737919 -3.896839 1.599709 -0.904920 -0.262459 0.335014 0.690978 0.660657 2 55 0.569376 54 0.430624
  55 -4.532669 -4.008606 1.893474 -0.712273 -0.200187 0.672749 0.683595 0.629032 2 55 0.623518 54 0.376482
  54 -4.586192 -3.642815 1.918350 -0.672411 -0.140603 0.726700 0.657144 0.646161 2 54 0.541542 55 0.458458
shoe
  55 -4.826866 -3.771692 1.259011 -0.959848 -0.280350 -0.009769 0.700866 0.692541 2 55 0.508167 54 0.491833
  55 -4.737919 -3.896839 1.599709 -0.904920 -0.262459 0.335014 0.690978 0.660657 2 55 0.569376 54 0.430624
  54 -4.830146 -3.516757 1.617157 -0.902694 -0.190495 0.385817 0.664415 0.681984 2 54 0.602141 55 0.397859
shoe
  54 -4.926589 -3.367505 1.246212 -0.980292 -0.197341 0.009150 0.673263 0.718129 2 54 0.674667 55 0.325333
  55 -4.826866 -3.771692 1.259011 -0.959848 -0.280350 -0.009769 0.700866 0.692541 2 55 0.508167 54 0.491833
  54 -4.830146 -3.516757 1.617157 -0.902694 -0.190495 0.385817 0.664415 0.681984 2 54 0.602141 55 0.397859
shoe
  55 -4.826866 -3.771692 1.259011 -0.959848 -0.280350 -0.009769 0.700866 0.692541 2 55 0.508167 54 0.491833
  54 -4.926589 -3.367505 1.246212 -0.980292 -0.197341 0.009150 0.673263 0.718129 2 54 0.674667 55 0.325333
  54 -4.798488 -3.671834 0.922097 -0.880646 -0.274570 -0.386101 0.714399 0.721990 2 54 0.541891 55 0.458109
shoe
  55 -4.737919 -3.896839 1.599709 -0.904920 -0.262459 0.335014 0.690978 0.660657 2 55 0.569376 54 0.430624
  55 -4.619462 -4.261023 1.580360 -0.890520 -0.360530 0.277474 0.715522 0.639569 2 55 0.733593 54 0.266407
  55 -4.532669 -4.008606 1.893474 -0.712273 -0.200187 0.672749 0.683595 0.629032 2 55 0.623518 54 0.376482
shoe
  54 -4.798488 -3.671834 0.922097 -0.880646 -0.274570 -0.386101 0.714399 0.721990 2 54 0.541891 55 0.458109
  55 -4.650629 -4.107008 0.953116 -0.839884 -0.372197 -0.395050 0.744906 0.690704 2 55 0.655084 54 0.344916
  55 -4.826866 -3.771692 1.259011 -0.959848 -0.280350 -0.009769 0.700866 0.692541 2 55 0.508167 54 0.491833
shoe
  55 -4.595753 -4.087257 0.870976 -0.736103 -0.351708 -0.578320 0.751591 0.697703 2 55 0.644816 54 0.355184
  55 -4.650629 -4.107008 0.953116 -0.839884 -0.372197 -0.395050 0.744906 0.690704 2 55 0.655084 54 0.344916
  54 -4.798488 -3.671834 0.922097 -0.880646 -0.274570 -0.386101 0.714399 0.721990 2 54 0.541891 55 0.458109
shoe
  55 -4.595753 -4.087257 0.870976 -0.736103 -0.351708 -0.578320 0.751591 0.697703 2 55 0.644816 54 0.355184
  55 -4.404193 -4.485071 0.916950 -0.675656 -0.444157 -0.588399 0.778260 0.663020 2 55 0.824961 54 0.175039
  55 -4.650629 -4.107008 0.953116 -0.839884 -0.372197 -0.395050 0.744906 0.690704 2 55 0.655084 54 0.344916
shoe
  55 -4.826866 -3.771692 1.259011 -0.959848 -0.280350 -0.009769 0.700866 0.692541 2 55 0.508167 54 0.491833
  55 -4.688960 -4.183758 1.267093 -0.925709 -0.375240 -0.047513 0.728438 0.665362 2 55 0.694387 54 0.305613
  55 -4.737919 -3.896839 1.599709 -0.904920 -0.262459 0.335014 0.690978 0.660657 2 55 0.569376 54 0.430624
shoe
  55 -4.650629 -4.107008 0.953116 -0.839884 -0.372197 -0.395050 0.744906 0.690704 2 55 0.655084 54 0.344916
  55 -4.688960 -4.183758 1.267093 -0.925709 -0.375240 -0.047513 0.728438 0.665362 2 55 0.694387 54 0.305613
  55 -4.826866 -3.771692 1.259011 -0.959848 -0.280350 -0.009769 0.700866 0.692541 2 55 0.508167 54 0.491833
shoe
  55 -4.688960 -4.183758 1.267093 -0.925709 -0.375240 -0.047513 0.728438 0.665362 2 55 0.694387 54 0.305613
  55 -4.619462 -4.261023 1.580360 -0.890520 -0.360530 0.277474 0.715522 0.639569 2 55 0.733593 54 0.266407
  55 -4.737919 -3.896839 1.599709 -0.904920 -0.262459 0.335014 0.690978 0.660657 2 55 0.569376 54 0.430624
shoe
  55 -4.404193 -4.485071 0.916950 -0.675656 -0.444157 -0.588399 0.778260 0.663020 2 55 0.824961 54 0.175039
  55 -4.453503 -4.515528 0.996324 -0.771410 -0.476524 -0.421724 0.771337 0.656269 2 55 0.840019 54 0.159981
  55 -4.650629 -4.107008 0.953116 -0.839884 -0.372197 -0.395050 0.744906 0.690704 2 55 0.655084 54 0.344916
shoe
  55 -4.650629 -4.107008 0.953116 -0.839884 -0.372197 -0.395050 0.744906 0.690704 2 55 0.655084 54 0.344916
  55 -4.453503 -4.515528 0.996324 -0.771410 -0.476524 -0.421724 0.771337 0.656269 2 55 0.840019 54 0.159981
  55 -4.688960 -4.183758 1.267093 -0.925709 -0.375240 -0.047513 0.728438 0.665362 2 55 0.694387 54 0.305613
shoe
  55 -4.404193 -4.485071 0.916950 -0.675656 -0.444157 -0.588399 0.778260 0.663020 2 55 0.824961 54 0.175039
  55 -4.202461 -4.799427 0.959333 -0.594817 -0.550827 -0.585476 0.797055 0.629740 2 55 0.967250 54 0.032750
  55 -4.453503 -4.515528 0.996324 -0.771410 -0.476524 -0.421724 0.771337 0.656269 2 55 0.840019 54 0.159981
shoe
  55 -4.453503 -4.515528 0.996324 -0.771410 -0.476524 -0.421724 0.771337 0.656269 2 55 0.840019 54 0.159981
  55 -4.508971 -4.564957 1.278561 -0.865226 -0.494970 -0.079926 0.752334 0.637230 2 55 0.866559 54 0.133441
  55 -4.688960 -4.183758 1.267093 -0.925709 -0.375240 -0.047513 0.728438 0.665362 2 55 0.694387 54 0.305613
shoe
  55 -4.688960 -4.183758 1.267093 -0.925709 -0.375240 -0.047513 0.728438 0.665362 2 55 0.694387 54 0.305613
  55 -4.508971 -4.564957 1.278561 -0.865226 -0.494970 -0.079926 0.752334 0.637230 2 55 0.866559 54 0.133441
  55 -4.619462 -4.261023 1.580360 -0.890520 -0.360530 0.277474 0.715522 0.639569 2 55 0.733593 54 0.266407
shoe
  55 -4.202461 -4.799427 0.959333 -0.594817 -0.550827 -0.585476 0.797055 0.629740 2 55 0.967250 54 0.032750
  55 -4.241789 -4.843750 1.041128 -0.675693 -0.605313 -0.420756 0.789860 0.623183 2 55 0.988588 54 0.011412
  55 -4.453503 -4.515528 0.996324 -0.771410 -0.476524 -0.421724 0.771337 0.656269 2 55 0.840019 54 0.159981
shoe
  55 -4.453503 -4.515528 0.996324 -0.771410 -0.476524 -0.421724 0.771337 0.656269 2 55 0.840019 54 0.159981
  55 -4.241789 -4.843750 1.041128 -0.675693 -0.605313 -0.420756 0.789860 0.623183 2 55 0.988588 54 0.011412
  55 -4.508971 -4.564957 1.278561 -0.865226 -0.494970 -0.079926 0.752334 0.637230 2 55 0.866559 54 0.133441
shoe
  55 -4.241789 -4.843750 1.041128 -0.675693 -0.605313 -0.420756 0.789860 0.623183 2 55 0.988588 54 0.011412
  55 -4.202461 -4.799427 0.959333 -0.594817 -0.550827 -0.585476 0.797055 0.629740 2 55 0.967250 54 0.032750
  55 -3.943706 -5.058673 0.999774 -0.456201 -0.663225 -0.593307 0.814212 0.595618 1 55 1.000000
shoe
  55 -4.508971 -4.564957 1.278561 -0.865226 -0.494970 -0.079926 0.752334 0.637230 2 55 0.866559 54 0.133441
  55 -4.466101 -4.588057 1.558284 -0.841277 -0.487798 0.233035 0.736683 0.618853 2 55 0.880850 54 0.119150
  55 -4.619462 -4.261023 1.580360 -0.890520 -0.360530 0.277474 0.715522 0.639569 2 55 0.733593 54 0.266407
shoe
  55 -3.981395 -5.112832 1.089193 -0.531629 -0.750854 -0.391904 0.804361 0.589787 1 55 1.000000
  55 -4.241789 -4.843750 1.041128 -0.675693 -0.605313 -0.420756 0.789860 0.623183 2 55 0.988588 54 0.011412
  55 -3.943706 -5.058673 0.999774 -0.456201 -0.663225 -0.593307 0.814212 0.595618 1 55 1.000000
shoe
  55 -3.981395 -5.112832 1.089193 -0.531629 -0.750854 -0.391904 0.804361 0.589787 1 55 1.000000
  55 -3.943706 -5.058673 0.999774 -0.456201 -0.663225 -0.593307 0.814212 0.595618 1 55 1.000000
  55 -3.671223 -5.225194 1.028814 -0.288283 -0.782094 -0.552468 0.823903 0.562911 1 55 1.000000
shoe
  55 -4.241789 -4.843750 1.041128 -0.675693 -0.605313 -0.420756 0.789860 0.623183 2 55 0.988588 54 0.011412
  55 -4.293180 -4.882544 1.294566 -0.759354 -0.646694 -0.071898 0.770650 0.609648 1 55 1.000000
  55 -4.508971 -4.564957 1.278561 -0.865226 -0.494970 -0.079926 0.752334 0.637230 2 55 0.866559 54 0.133441
shoe
  55 -4.241789 -4.843750 1.041128 -0.675693 -0.605313 -0.420756 0.789860 0.623183 2 55 0.988588 54 0.011412
  55 -3.981395 -5.112832 1.089193 -0.531629 -0.750854 -0.391904 0.804361 0.589787 1 55 1.000000
  55 -4.293180 -4.882544 1.294566 -0.759354 -0.646694 -0.071898 0.770650 0.609648 1 55 1.000000
shoe
  55 -4.466101 -4.588057 1.558284 -0.841277 -0.487798 0.233035 0.736683 0.618853 2 55 0.880850 54 0.119150
  55 -4.508971 -4.564957 1.278561 -0.865226 -0.494970 -0.079926 0.752334 0.637230 2 55 0.866559 54 0.133441
  55 -4.293180 -4.882544 1.294566 -0.759354 -0.646694 -0.071898 0.770650 0.609648 1 55 1.000000
shoe
  55 -3.703192 -5.282838 1.128109 -0.347143 -0.872353 -0.344226 0.812332 0.559118 1 55 1.000000
  55 -3.981395 -5.112832 1.089193 -0.531629 -0.750854 -0.391904 0.804361 0.589787 1 55 1.000000
  55 -3.671223 -5.225194 1.028814 -0.288283 -0.782094 -0.552468 0.823903 0.562911 1 55 1.000000
shoe
  55 -3.703192 -5.282838 1.128109 -0.347143 -0.872353 -0.344226 0.812332 0.559118 1 55 1.000000
  55 -3.671223 -5.225194 1.028814 -0.288283 -0.782094 -0.552468 0.823903 0.562911 1 55 1.000000
  55 -3.387161 -5.303791 1.044650 -0.135587 -0.829440 -0.541890 0.830014 0.530837 1 55 1.000000
shoe
  55 -3.981395 -5.112832 1.089193 -0.531629 -0.750854 -0.391904 0.804361 0.589787 1 55 1.000000
  55 -4.021033 -5.142031 1.352338 -0.597200 -0.801999 -0.012246 0.782270 0.579497 1 55 1.000000
  55 -4.293180 -4.882544 1.294566 -0.759354 -0.646694 -0.071898 0.770650 0.609648 1 55 1.000000
shoe
  55 -3.981395 -5.112832 1.089193 -0.531629 -0.750854 -0.391904 0.804361 0.589787 1 55 1.000000
  55 -3.703192 -5.282838 1.128109 -0.347143 -0.872353 -0.344226 0.812332 0.559118 1 55 1.000000
  55 -4.021033 -5.142031 1.352338 -0.597200 -0.801999 -0.012246 0.782270 0.579497 1 55 1.000000
shoe
  55 -3.398904 -5.375019 1.156535 -0.160939 -0.931064 -0.327443 0.816771 0.528169 1 55 1.000000
  55 -3.703192 -5.282838 1.128109 -0.347143 -0.872353 -0.344226 0.812332 0.559118 1 55 1.000000
  55 -3.387161 -5.303791 1.044650 -0.135587 -0.829440 -0.541890 0.830014 0.530837 1 55 1.000000
shoe
  55 -3.387161 -5.303791 1.044650 -0.135587 -0.829440 -0.541890 0.830014 0.530837 1 55 1.000000
  55 -3.059561 -5.337998 1.055399 -0.001004 -0.849950 -0.526862 0.832910 0.494187 1 55 1.000000
  55 -3.398904 -5.375019 1.156535 -0.160939 -0.931064 -0.327443 0.816771 0.528169 1 55 1.000000
shoe
  55 -3.059561 -5.337998 1.055399 -0.001004 -0.849950 -0.526862 0.832910 0.494187 1 55 1.000000
  55 -3.058480 -5.403475 1.162104 0.003214 -0.948873 -0.315643 0.819270 0.494419 1 55 1.000000
  55 -3.398904 -5.375019 1.156535 -0.160939 -0.931064 -0.327443 0.816771 0.528169 1 55 1.000000
shoe
  55 -3.732629 -5.309704 1.403764 -0.397955 -0.916995 0.027431 0.788379 0.552081 1 55 1.000000
  55 -3.703192 -5.282838 1.128109 -0.347143 -0.872353 -0.344226 0.812332 0.559118 1 55 1.000000
  55 -3.398904 -5.375019 1.156535 -0.160939 -0.931064 -0.327443 0.816771 0.528169 1 55 1.000000
shoe
  55 -3.703192 -5.282838 1.128109 -0.347143 -0.872353 -0.344226 0.812332 0.559118 1 55 1.000000
  55 -3.732629 -5.309704 1.403764 -0.397955 -0.916995 0.027431 0.788379 0.552081 1 55 1.000000
  55 -4.021033 -5.142031 1.352338 -0.597200 -0.801999 -0.012246 0.782270 0.579497 1 55 1.000000
shoe
  55 -3.407665 -5.406453 1.438472 -0.191076 -0.980944 0.035191 0.791783 0.524153 1 55 1.000000
  55 -3.398904 -5.375019 1.156535 -0.160939 -0.931064 -0.327443 0.816771 0.528169 1 55 1.000000
  55 -3.058480 -5.403475 1.162104 0.003214 -0.948873 -0.315643 0.819270 0.494419 1 55 1.000000
shoe
  55 -3.407665 -5.406453 1.438472 -0.191076 -0.980944 0.035191 0.791783 0.524153 1 55 1.000000
  55 -3.732629 -5.309704 1.403764 -0.397955 -0.916995 0.027431 0.788379 0.552081 1 55 1.000000
  55 -3.398904 -5.375019 1.156535 -0.160939 -0.931064 -0.327443 0.816771 0.528169 1 55 1.000000
shoe
  55 -3.066581 -5.434349 1.448644 0.007643 -0.999586 0.027744 0.792896 0.495787 1 55 1.000000
  55 -3.407665 -5.406453 1.438472 -0.191076 -0.980944 0.035191 0.791783 0.524153 1 55 1.000000
  55 -3.058480 -5.403475 1.162104 0.003214 -0.948873 -0.315643 0.819270 0.494419 1 55 1.000000
shoe
  55 -3.066581 -5.434349 1.448644 0.007643 -0.999586 0.027744 0.792896 0.495787 1 55 1.000000
  55 -3.058480 -5.403475 1.162104 0.003214 -0.948873 -0.315643 0.819270 0.494419 1 55 1.000000
  55 -2.743879 -5.401781 1.436076 0.203019 -0.978765 0.028327 0.791097 0.469081 1 55 1.000000
shoe
  55 -2.743879 -5.401781 1.436076 0.203019 -0.978765 0.028327 0.791097 0.469081 1 55 1.000000
  55 -2.733065 -5.356542 1.729298 0.212369 -0.937163 0.276811 0.768393 0.472056 1 55 1.000000
  55 -3.066581 -5.434349 1.448644 0.007643 -0.999586 0.027744 0.792896 0.495787 1 55 1.000000
shoe
  55 -2.733065 -5.356542 1.729298 0.212369 -0.937163 0.276811 0.768393 0.472056 1 55 1.000000
  55 -2.743879 -5.401781 1.436076 0.203019 -0.978765 0.028327 0.791097 0.469081 1 55 1.000000
  55 -2.434072 -5.257161 1.697043 0.440546 -0.863304 0.246222 0.764633 0.449434 1 55 1.000000
shoe
  55 -3.407665 -5.406453 1.438472 -0.191076 -0.980944 0.035191 0.791783 0.524153 1 55 1.000000
  55 -3.066581 -5.434349 1.448644 0.007643 -0.999586 0.027744 0.792896 0.495787 1 55 1.000000
  55 -3.069387 -5.385933 1.748776 -0.003724 -0.953115 0.302585 0.769372 0.496450 1 55 1.000000
shoe
  55 -2.733065 -5.356542 1.729298 0.212369 -0.937163 0.276811 0.768393 0.472056 1 55 1.000000
  55 -3.069387 -5.385933 1.748776 -0.003724 -0.953115 0.302585 0.769372 0.496450 1 55 1.000000
  55 -3.066581 -5.434349 1.448644 0.007643 -0.999586 0.027744 0.792896 0.495787 1 55 1.000000
shoe
  55 -3.424251 -5.347838 1.734799 -0.220095 -0.926732 0.304510 0.768480 0.522476 1 55 1.000000
  55 -3.407665 -5.406453 1.438472 -0.191076 -0.980944 0.035191 0.791783 0.524153 1 55 1.000000
  55 -3.069387 -5.385933 1.748776 -0.003724 -0.953115 0.302585 0.769372 0.496450 1 55 1.000000
shoe
  55 -3.066050 -5.253215 2.027138 -0.008896 -0.788120 0.615457 0.748066 0.496511 1 55 1.000000
  55 -3.069387 -5.385933 1.748776 -0.003724 -0.953115 0.302585 0.769372 0.496450 1 55 1.000000
  55 -2.733065 -5.356542 1.729298 0.212369 -0.937163 0.276811 0.768393 0.472056 1 55 1.000000
shoe
  55 -3.424251 -5.347838 1.734799 -0.220095 -0.926732 0.304510 0.768480 0.522476 1 55 1.000000
  55 -3.069387 -5.385933 1.748776 -0.003724 -0.953115 0.302585 0.769372 0.496450 1 55 1.000000
  55 -3.066050 -5.253215 2.027138 -0.008896 -0.788120 0.615457 0.748066 0.496511 1 55 1.000000
shoe
  55 -3.407665 -5.406453 1.438472 -0.191076 -0.980944 0.035191 0.791783 0.524153 1 55 1.000000
  55 -3.424251 -5.347838 1.734799 -0.220095 -0.926732 0.304510 0.768480 0.522476 1 55 1.000000
  55 -3.754031 -5.244403 1.686011 -0.426457 -0.859198 0.282689 0.765981 0.548178 1 55 1.000000
shoe
  55 -3.732629 -5.309704 1.403764 -0.397955 -0.916995 0.027431 0.788379 0.552081 1 55 1.000000
  55 -3.407665 -5.406453 1.438472 -0.191076 -0.980944 0.035191 0.791783 0.524153 1 55 1.000000
  55 -3.754031 -5.244403 1.686011 -0.426457 -0.859198 0.282689 0.765981 0.548178 1 55 1.000000
shoe
  55 -3.440175 -5.210524 2.009786 -0.227467 -0.754407 0.615735 0.747037 0.522005 1 55 1.000000
  55 -3.424251 -5.347838 1.734799 -0.220095 -0.926732 0.304510 0.768480 0.522476 1 55 1.000000
  55 -3.066050 -5.253215 2.027138 -0.008896 -0.788120 0.615457 0.748066 0.496511 1 55 1.000000
shoe
  55 -3.754031 -5.244403 1.686011 -0.426457 -0.859198 0.282689 0.765981 0.548178 1 55 1.000000
  55 -3.424251 -5.347838 1.734799 -0.220095 -0.926732 0.304510 0.768480 0.522476 1 55 1.000000
  55 -3.440175 -5.210524 2.009786 -0.227467 -0.754407 0.615735 0.747037 0.522005 1 55 1.000000
shoe
  55 -2.700076 -5.221457 2.009321 0.211740 -0.787725 0.578494 0.746881 0.471948 1 55 1.000000
  55 -3.066050 -5.253215 2.027138 -0.008896 -0.788120 0.615457 0.748066 0.496511 1 55 1.000000
  55 -2.733065 -5.356542 1.729298 0.212369 -0.937163 0.276811 0.768393 0.472056 1 55 1.000000
shoe
  55 -2.700076 -5.221457 2.009321 0.211740 -0.787725 0.578494 0.746881 0.471948 1 55 1.000000
  55 -2.733065 -5.356542 1.729298 0.212369 -0.937163 0.276811 0.768393 0.472056 1 55 1.000000
  55 -2.434072 -5.257161 1.697043 0.440546 -0.863304 0.246222 0.764633 0.449434 1 55 1.000000
shoe
  55 -3.732629 -5.309704 1.403764 -0.397955 -0.916995 0.027431 0.788379 0.552081 1 55 1.000000
  55 -3.754031 -5.244403 1.686011 -0.426457 -0.859198 0.282689 0.765981 0.548178 1 55 1.000000
  55 -4.033942 -5.081435 1.621328 -0.610650 -0.750818 0.251751 0.761119 0.572750 1 55 1.000000
shoe
  55 -4.021033 -5.142031 1.352338 -0.597200 -0.801999 -0.012246 0.782270 0.579497 1 55 1.000000
  55 -3.732629 -5.309704 1.403764 -0.397955 -0.916995 0.027431 0.788379 0.552081 1 55 1.000000
  55 -4.033942 -5.081435 1.621328 -0.610650 -0.750818 0.251751 0.761119 0.572750 1 55 1.000000
shoe
  55 -3.775249 -5.101414 1.955570 -0.434272 -0.690625 0.578312 0.744249 0.546470 1 55 1.000000
  55 -3.754031 -5.244403 1.686011 -0.426457 -0.859198 0.282689 0.765981 0.548178 1 55 1.000000
  55 -3.440175 -5.210524 2.009786 -0.227467 -0.754407 0.615735 0.747037 0.522005 1 55 1.000000
shoe
  55 -3.754031 -5.244403 1.686011 -0.426457 -0.859198 0.282689 0.765981 0.548178 1 55 1.000000
  55 -3.775249 -5.101414 1.955570 -0.434272 -0.690625 0.578312 0.744249 0.546470 1 55 1.000000
  55 -4.033942 -5.081435 1.621328 -0.610650 -0.750818 0.251751 0.761119 0.572750 1 55 1.000000
shoe
  55 -3.440175 -5.210524 2.009786 -0.227467 -0.754407 0.615735 0.747037 0.522005 1 55 1.000000
  55 -3.066050 -5.253215 2.027138 -0.008896 -0.788120 0.615457 0.748066 0.496511 1 55 1.000000
  55 -3.051625 -5.000337 2.233613 -0.018599 -0.449381 0.893147 0.726559 0.495772 1 55 1.000000
shoe
  55 -3.051625 -5.000337 2.233613 -0.018599 -0.449381 0.893147 0.726559 0.495772 1 55 1.000000
  55 -3.066050 -5.253215 2.027138 -0.008896 -0.788120 0.615457 0.748066 0.496511 1 55 1.000000
  55 -2.700076 -5.221457 2.009321 0.211740 -0.787725 0.578494 0.746881 0.471948 1 55 1.000000
shoe
  55 -3.775249 -5.101414 1.955570 -0.434272 -0.690625 0.578312 0.744249 0.546470 1 55 1.000000
  55 -3.440175 -5.210524 2.009786 -0.227467 -0.754407 0.615735 0.747037 0.522005 1 55 1.000000
  55 -3.443702 -4.952425 2.202176 -0.214426 -0.411084 0.886020 0.725520 0.522752 1 55 1.000000
shoe
  55 -3.443702 -4.952425 2.202176 -0.214426 -0.411084 0.886020 0.725520 0.522752 1 55 1.000000
  55 -3.440175 -5.210524 2.009786 -0.227467 -0.754407 0.615735 0.747037 0.522005 1 55 1.000000
  55 -3.051625 -5.000337 2.233613 -0.018599 -0.449381 0.893147 0.726559 0.495772 1 55 1.000000
shoe
  55 -3.775249 -5.101414 1.955570 -0.434272 -0.690625 0.578312 0.744249 0.546470 1 55 1.000000
  55 -4.062403 -4.919656 1.880347 -0.603727 -0.604077 0.520197 0.738475 0.570774 1 55 1.000000
  55 -4.033942 -5.081435 1.621328 -0.610650 -0.750818 0.251751 0.761119 0.572750 1 55 1.000000
shoe
  55 -4.033942 -5.081435 1.621328 -0.610650 -0.750818 0.251751 0.761119 0.572750 1 55 1.000000
  55 -4.275182 -4.858510 1.566405 -0.750227 -0.622831 0.221903 0.751908 0.597149 1 55 1.000000
  55 -4.021033 -5.142031 1.352338 -0.597200 -0.801999 -0.012246 0.782270 0.579497 1 55 1.000000
shoe
  55 -4.275182 -4.858510 1.566405 -0.750227 -0.622831 0.221903 0.751908 0.597149 1 55 1.000000
  55 -4.033942 -5.081435 1.621328 -0.610650 -0.750818 0.251751 0.761119 0.572750 1 55 1.000000
  55 -4.062403 -4.919656 1.880347 -0.603727 -0.604077 0.520197 0.738475 0.570774 1 55 1.000000
shoe
  55 -4.275182 -4.858510 1.566405 -0.750227 -0.622831 0.221903 0.751908 0.597149 1 55 1.000000
  55 -4.293180 -4.882544 1.294566 -0.759354 -0.646694 -0.071898 0.770650 0.609648 1 55 1.000000
  55 -4.021033 -5.142031 1.352338 -0.597200 -0.801999 -0.012246 0.782270 0.579497 1 55 1.000000
shoe
  55 -4.275182 -4.858510 1.566405 -0.750227 -0.622831 0.221903 0.751908 0.597149 1 55 1.000000
  55 -4.466101 -4.588057 1.558284 -0.841277 -0.487798 0.233035 0.736683 0.618853 2 55 0.880850 54 0.119150
  55 -4.293180 -4.882544 1.294566 -0.759354 -0.646694 -0.071898 0.770650 0.609648 1 55 1.000000
shoe
  55 -3.775249 -5.101414 1.955570 -0.434272 -0.690625 0.578312 0.744249 0.546470 1 55 1.000000
  55 -3.801250 -4.861012 2.116487 -0.392718 -0.394668 0.830668 0.724488 0.549284 1 55 1.000000
  55 -4.062403 -4.919656 1.880347 -0.603727 -0.604077 0.520197 0.738475 0.570774 1 55 1.000000
shoe
  55 -3.801250 -4.861012 2.116487 -0.392718 -0.394668 0.830668 0.724488 0.549284 1 55 1.000000
  55 -3.775249 -5.101414 1.955570 -0.434272 -0.690625 0.578312 0.744249 0.546470 1 55 1.000000
  55 -3.443702 -4.952425 2.202176 -0.214426 -0.411084 0.886020 0.725520 0.522752 1 55 1.000000
shoe
  55 -4.205086 -4.791222 1.831842 -0.705315 -0.535169 0.464893 0.733926 0.584823 2 55 0.975909 54 0.024091
  55 -4.275182 -4.858510 1.566405 -0.750227 -0.622831 0.221903 0.751908 0.597149 1 55 1.000000
  55 -4.062403 -4.919656 1.880347 -0.603727 -0.604077 0.520197 0.738475 0.570774 1 55 1.000000
shoe
  55 -3.801250 -4.861012 2.116487 -0.392718 -0.394668 0.830668 0.724488 0.549284 1 55 1.000000
  55 -4.102912 -4.710693 2.002477 -0.559282 -0.377311 0.738133 0.721373 0.575040 2 55 0.941571 54 0.058429
  55 -4.062403 -4.919656 1.880347 -0.603727 -0.604077 0.520197 0.738475 0.570774 1 55 1.000000
shoe
  55 -4.062403 -4.919656 1.880347 -0.603727 -0.604077 0.520197 0.738475 0.570774 1 55 1.000000
  55 -4.102912 -4.710693 2.002477 -0.559282 -0.377311 0.738133 0.721373 0.575040 2 55 0.941571 54 0.058429
  55 -4.205086 -4.791222 1.831842 -0.705315 -0.535169 0.464893 0.733926 0.584823 2 55 0.975909 54 0.024091
shoe
  55 -4.205086 -4.791222 1.831842 -0.705315 -0.535169 0.464893 0.733926 0.584823 2 55 0.975909 54 0.024091
  55 -4.320175 -4.616404 1.835246 -0.737080 -0.429574 0.521709 0.723908 0.597122 2 55 0.897171 54 0.102829
  55 -4.275182 -4.858510 1.566405 -0.750227 -0.622831 0.221903 0.751908 0.597149 1 55 1.000000
shoe
  55 -4.102912 -4.710693 2.002477 -0.559282 -0.377311 0.738133 0.721373 0.575040 2 55 0.941571 54 0.058429
  55 -4.320175 -4.616404 1.835246 -0.737080 -0.429574 0.521709 0.723908 0.597122 2 55 0.897171 54 0.102829
  55 -4.205086 -4.791222 1.831842 -0.705315 -0.535169 0.464893 0.733926 0.584823 2 55 0.975909 54 0.024091
shoe
  55 -4.320175 -4.616404 1.835246 -0.737080 -0.429574 0.521709 0.723908 0.597122 2 55 0.897171 54 0.102829
  55 -4.466101 -4.588057 1.558284 -0.841277 -0.487798 0.233035 0.736683 0.618853 2 55 0.880850 54 0.119150
  55 -4.275182 -4.858510 1.566405 -0.750227 -0.622831 0.221903 0.751908 0.597149 1 55 1.000000
shoe
  55 -3.801250 -4.861012 2.116487 -0.392718 -0.394668 0.830668 0.724488 0.549284 1 55 1.000000
  55 -3.828279 -4.537655 2.192251 -0.326334 -0.163533 0.931001 0.701539 0.555564 2 55 0.865116 54 0.134884
  55 -4.102912 -4.710693 2.002477 -0.559282 -0.377311 0.738133 0.721373 0.575040 2 55 0.941571 54 0.058429
shoe
  55 -4.466101 -4.588057 1.558284 -0.841277 -0.487798 0.233035 0.736683 0.618853 2 55 0.880850 54 0.119150
  55 -4.320175 -4.616404 1.835246 -0.737080 -0.429574 0.521709 0.723908 0.597122 2 55 0.897171 54 0.102829
  55 -4.441384 -4.352360 1.858210 -0.739887 -0.314689 0.594590 0.707168 0.612360 2 55 0.778341 54 0.221659
shoe
  55 -4.619462 -4.261023 1.580360 -0.890520 -0.360530 0.277474 0.715522 0.639569 2 55 0.733593 54 0.266407
  55 -4.466101 -4.588057 1.558284 -0.841277 -0.487798 0.233035 0.736683 0.618853 2 55 0.880850 54 0.119150
  55 -4.441384 -4.352360 1.858210 -0.739887 -0.314689 0.594590 0.707168 0.612360 2 55 0.778341 54 0.221659
shoe
  55 -4.619462 -4.261023 1.580360 -0.890520 -0.360530 0.277474 0.715522 0.639569 2 55 0.733593 54 0.266407
  55 -4.441384 -4.352360 1.858210 -0.739887 -0.314689 0.594590 0.707168 0.612360 2 55 0.778341 54 0.221659
  55 -4.532669 -4.008606 1.893474 -0.712273 -0.200187 0.672749 0.683595 0.629032 2 55 0.623518 54 0.376482
shoe
  55 -4.532669 -4.008606 1.893474 -0.712273 -0.200187 0.672749 0.683595 0.629032 2 55 0.623518 54 0.376482
  55 -4.441384 -4.352360 1.858210 -0.739887 -0.314689 0.594590 0.707168 0.612360 2 55 0.778341 54 0.221659
  55 -4.213325 -4.105579 2.093538 -0.458722 -0.120951 0.880309 0.678662 0.596554 2 55 0.669293 54 0.330707
shoe
  55 -4.320175 -4.616404 1.835246 -0.737080 -0.429574 0.521709 0.723908 0.597122 2 55 0.897171 54 0.102829
  55 -4.102912 -4.710693 2.002477 -0.559282 -0.377311 0.738133 0.721373 0.575040 2 55 0.941571 54 0.058429
  55 -4.159101 -4.445119 2.062750 -0.513801 -0.222138 0.828652 0.702746 0.583938 2 55 0.822384 54 0.177616
shoe
  55 -4.441384 -4.352360 1.858210 -0.739887 -0.314689 0.594590 0.707168 0.612360 2 55 0.778341 54 0.221659
  55 -4.320175 -4.616404 1.835246 -0.737080 -0.429574 0.521709 0.723908 0.597122 2 55 0.897171 54 0.102829
  55 -4.159101 -4.445119 2.062750 -0.513801 -0.222138 0.828652 0.702746 0.583938 2 55 0.822384 54 0.177616
shoe
  55 -4.441384 -4.352360 1.858210 -0.739887 -0.314689 0.594590 0.707168 0.612360 2 55 0.778341 54 0.221659
  55 -4.159101 -4.445119 2.062750 -0.513801 -0.222138 0.828652 0.702746 0.583938 2 55 0.822384 54 0.177616
  55 -4.213325 -4.105579 2.093538 -0.458722 -0.120951 0.880309 0.678662 0.596554 2 55 0.669293 54 0.330707
shoe
  55 -3.828279 -4.537655 2.192251 -0.326334 -0.163533 0.931001 0.701539 0.555564 2 55 0.865116 54 0.134884
  55 -4.159101 -4.445119 2.062750 -0.513801 -0.222138 0.828652 0.702746 0.583938 2 55 0.822384 54 0.177616
  55 -4.102912 -4.710693 2.002477 -0.559282 -0.377311 0.738133 0.721373 0.575040 2 55 0.941571 54 0.058429
shoe
  55 -4.213325 -4.105579 2.093538 -0.458722 -0.120951 0.880309 0.678662 0.596554 2 55 0.669293 54 0.330707
  55 -4.159101 -4.445119 2.062750 -0.513801 -0.222138 0.828652 0.702746 0.583938 2 55 0.822384 54 0.177616
  55 -3.833391 -4.201078 2.218602 -0.275336 -0.072203 0.958633 0.676401 0.562183 2 55 0.713158 54 0.286842
shoe
  55 -4.159101 -4.445119 2.062750 -0.513801 -0.222138 0.828652 0.702746 0.583938 2 55 0.822384 54 0.177616
  55 -3.828279 -4.537655 2.192251 -0.326334 -0.163533 0.931001 0.701539 0.555564 2 55 0.865116 54 0.134884
  55 -3.833391 -4.201078 2.218602 -0.275336 -0.072203 0.958633 0.676401 0.562183 2 55 0.713158 54 0.286842
shoe
  55 -3.833391 -4.201078 2.218602 -0.275336 -0.072203 0.958633 0.676401 0.562183 2 55 0.713158 54 0.286842
  55 -3.828279 -4.537655 2.192251 -0.326334 -0.163533 0.931001 0.701539 0.555564 2 55 0.865116 54 0.134884
  55 -3.417222 -4.281773 2.300713 -0.146873 -0.050234 0.987879 0.676394 0.526380 2 55 0.749604 54 0.250396
shoe
  55 -3.828279 -4.537655 2.192251 -0.326334 -0.163533 0.931001 0.701539 0.555564 2 55 0.865116 54 0.134884
  55 -3.431391 -4.619123 2.280692 -0.175756 -0.139437 0.974509 0.701811 0.524274 2 55 0.902061 54 0.097939
  55 -3.417222 -4.281773 2.300713 -0.146873 -0.050234 0.987879 0.676394 0.526380 2 55 0.749604 54 0.250396
shoe
  55 -3.828279 -4.537655 2.192251 -0.326334 -0.163533 0.931001 0.701539 0.555564 2 55 0.865116 54 0.134884
  55 -3.801250 -4.861012 2.116487 -0.392718 -0.394668 0.830668 0.724488 0.549284 1 55 1.000000
  55 -3.431391 -4.619123 2.280692 -0.175756 -0.139437 0.974509 0.701811 0.524274 2 55 0.902061 54 0.097939
shoe
  55 -3.801250 -4.861012 2.116487 -0.392718 -0.394668 0.830668 0.724488 0.549284 1 55 1.000000
  55 -3.443702 -4.952425 2.202176 -0.214426 -0.411084 0.886020 0.725520 0.522752 1 55 1.000000
  55 -3.431391 -4.619123 2.280692 -0.175756 -0.139437 0.974509 0.701811 0.524274 2 55 0.902061 54 0.097939
shoe
  55 -3.417222 -4.281773 2.300713 -0.146873 -0.050234 0.987879 0.676394 0.526380 2 55 0.749604 54 0.250396
  55 -3.431391 -4.619123 2.280692 -0.175756 -0.139437 0.974509 0.701811 0.524274 2 55 0.902061 54 0.097939
  55 -3.008978 -4.325305 2.333382 -0.014988 -0.044659 0.998890 0.677818 0.492681 2 55 0.768553 54 0.231447
shoe
  55 -3.431391 -4.619123 2.280692 -0.175756 -0.139437 0.974509 0.701811 0.524274 2 55 0.902061 54 0.097939
  55 -3.443702 -4.952425 2.202176 -0.214426 -0.411084 0.886020 0.725520 0.522752 1 55 1.000000
  55 -3.030468 -4.664199 2.316853 -0.023534 -0.148942 0.988566 0.703014 0.494475 2 55 0.921779 54 0.078221
shoe
  55 -3.431391 -4.619123 2.280692 -0.175756 -0.139437 0.974509 0.701811 0.524274 2 55 0.902061 54 0.097939
  55 -3.030468 -4.664199 2.316853 -0.023534 -0.148942 0.988566 0.703014 0.494475 2 55 0.921779 54 0.078221
  55 -3.008978 -4.325305 2.333382 -0.014988 -0.044659 0.998890 0.677818 0.492681 2 55 0.768553 54 0.231447
shoe
  55 -3.443702 -4.952425 2.202176 -0.214426 -0.411084 0.886020 0.725520 0.522752 1 55 1.000000
  55 -3.051625 -5.000337 2.233613 -0.018599 -0.449381 0.893147 0.726559 0.495772 1 55 1.000000
  55 -3.030468 -4.664199 2.316853 -0.023534 -0.148942 0.988566 0.703014 0.494475 2 55 0.921779 54 0.078221
shoe
  55 -3.008978 -4.325305 2.333382 -0.014988 -0.044659 0.998890 0.677818 0.492681 2 55 0.768553 54 0.231447
  55 -3.030468 -4.664199 2.316853 -0.023534 -0.148942 0.988566 0.703014 0.494475 2 55 0.921779 54 0.078221
  55 -2.623190 -4.667549 2.296696 0.179362 -0.170706 0.968859 0.704898 0.465159 2 55 0.921793 54 0.078207
shoe
  55 -2.595407 -4.328827 2.308041 0.172189 -0.053220 0.983625 0.680511 0.459337 2 55 0.768553 54 0.231447
  55 -3.008978 -4.325305 2.333382 -0.014988 -0.044659 0.998890 0.677818 0.492681 2 55 0.768553 54 0.231447
  55 -2.623190 -4.667549 2.296696 0.179362 -0.170706 0.968859 0.704898 0.465159 2 55 0.921793 54 0.078207
shoe
  55 -3.030468 -4.664199 2.316853 -0.023534 -0.148942 0.988566 0.703014 0.494475 2 55 0.921779 54 0.078221
  55 -3.051625 -5.000337 2.233613 -0.018599 -0.449381 0.893147 0.726559 0.495772 1 55 1.000000
  55 -2.658292 -4.992025 2.205865 0.196842 -0.480881 0.854404 0.727189 0.469439 1 55 1.000000
shoe
  55 -2.623190 -4.667549 2.296696 0.179362 -0.170706 0.968859 0.704898 0.465159 2 55 0.921793 54 0.078207
  55 -3.030468 -4.664199 2.316853 -0.023534 -0.148942 0.988566 0.703014 0.494475 2 55 0.921779 54 0.078221
  55 -2.658292 -4.992025 2.205865 0.196842 -0.480881 0.854404 0.727189 0.469439 1 55 1.000000
shoe
  55 -2.658292 -4.992025 2.205865 0.196842 -0.480881 0.854404 0.727189 0.469439 1 55 1.000000
  55 -3.051625 -5.000337 2.233613 -0.018599 -0.449381 0.893147 0.726559 0.495772 1 55 1.000000
  55 -2.700076 -5.221457 2.009321 0.211740 -0.787725 0.578494 0.746881 0.471948 1 55 1.000000
shoe
  55 -2.595407 -4.328827 2.308041 0.172189 -0.053220 0.983625 0.680511 0.459337 2 55 0.768553 54 0.231447
  55 -2.623190 -4.667549 2.296696 0.179362 -0.170706 0.968859 0.704898 0.465159 2 55 0.921793 54 0.078207
  55 -2.251776 -4.642347 2.181301 0.463250 -0.221208 0.858176 0.708867 0.437526 2 55 0.907643 54 0.092357
shoe
  55 -2.658292 -4.992025 2.205865 0.196842 -0.480881 0.854404 0.727189 0.469439 1 55 1.000000
  55 -2.700076 -5.221457 2.009321 0.211740 -0.787725 0.578494 0.746881 0.471948 1 55 1.000000
  55 -2.396521 -5.106482 1.977545 0.437149 -0.726296 0.530466 0.742327 0.450566 1 55 1.000000
shoe
  55 -2.396521 -5.106482 1.977545 0.437149 -0.726296 0.530466 0.742327 0.450566 1 55 1.000000
  55 -2.700076 -5.221457 2.009321 0.211740 -0.787725 0.578494 0.746881 0.471948 1 55 1.000000
  55 -2.434072 -5.257161 1.697043 0.440546 -0.863304 0.246222 0.764633 0.449434 1 55 1.000000
shoe
  55 -2.623190 -4.667549 2.296696 0.179362 -0.170706 0.968859 0.704898 0.465159 2 55 0.921793 54 0.078207
  55 -2.658292 -4.992025 2.205865 0.196842 -0.480881 0.854404 0.727189 0.469439 1 55 1.000000
  55 -2.328906 -4.902747 2.120490 0.452210 -0.449886 0.770135 0.725913 0.445961 1 55 1.000000
shoe
  55 -2.328906 -4.902747 2.120490 0.452210 -0.449886 0.770135 0.725913 0.445961 1 55 1.000000
  55 -2.658292 -4.992025 2.205865 0.196842 -0.480881 0.854404 0.727189 0.469439 1 55 1.000000
  55 -2.396521 -5.106482 1.977545 0.437149 -0.726296 0.530466 0.742327 0.450566 1 55 1.000000
shoe
  55 -2.251776 -4.642347 2.181301 0.463250 -0.221208 0.858176 0.708867 0.437526 2 55 0.907643 54 0.092357
  55 -2.623190 -4.667549 2.296696 0.179362 -0.170706 0.968859 0.704898 0.465159 2 55 0.921793 54 0.078207
  55 -2.328906 -4.902747 2.120490 0.452210 -0.449886 0.770135 0.725913 0.445961 1 55 1.000000
shoe
  55 -2.396521 -5.106482 1.977545 0.437149 -0.726296 0.530466 0.742327 0.450566 1 55 1.000000
  55 -2.434072 -5.257161 1.697043 0.440546 -0.863304 0.246222 0.764633 0.449434 1 55 1.000000
  55 -2.187975 -5.097680 1.667083 0.646995 -0.730954 0.217033 0.757769 0.428806 1 55 1.000000
shoe
  55 -2.434072 -5.257161 1.697043 0.440546 -0.863304 0.246222 0.764633 0.449434 1 55 1.000000
  55 -2.455950 -5.309855 1.394613 0.430329 -0.902669 0.002362 0.787985 0.444150 1 55 1.000000
  55 -2.187975 -5.097680 1.667083 0.646995 -0.730954 0.217033 0.757769 0.428806 1 55 1.000000
shoe
  55 -2.455950 -5.309855 1.394613 0.430329 -0.902669 0.002362 0.787985 0.444150 1 55 1.000000
  55 -2.159263 -5.111847 1.357410 0.672828 -0.739180 -0.030241 0.778713 0.415692 1 55 1.000000
  55 -2.187975 -5.097680 1.667083 0.646995 -0.730954 0.217033 0.757769 0.428806 1 55 1.000000
shoe
  55 -1.974693 -4.854632 1.663161 0.803543 -0.551714 0.223450 0.744795 0.408170 2 55 0.995561 54 0.004439
  55 -2.187975 -5.097680 1.667083 0.646995 -0.730954 0.217033 0.757769 0.428806 1 55 1.000000
  55 -2.159263 -5.111847 1.357410 0.672828 -0.739180 -0.030241 0.778713 0.415692 1 55 1.000000
shoe
  55 -2.328906 -4.902747 2.120490 0.452210 -0.449886 0.770135 0.725913 0.445961 1 55 1.000000
  55 -2.396521 -5.106482 1.977545 0.437149 -0.726296 0.530466 0.742327 0.450566 1 55 1.000000
  55 -2.253657 -5.012065 1.955147 0.592187 -0.647590 0.479522 0.738534 0.439444 1 55 1.000000
shoe
  55 -2.253657 -5.012065 1.955147 0.592187 -0.647590 0.479522 0.738534 0.439444 1 55 1.000000
  55 -2.396521 -5.106482 1.977545 0.437149 -0.726296 0.530466 0.742327 0.450566 1 55 1.000000
  55 -2.187975 -5.097680 1.667083 0.646995 -0.730954 0.217033 0.757769 0.428806 1 55 1.000000
shoe
  55 -2.328906 -4.902747 2.120490 0.452210 -0.449886 0.770135 0.725913 0.445961 1 55 1.000000
  55 -2.132490 -4.873198 1.963857 0.688256 -0.498035 0.527507 0.730917 0.429215 1 55 1.000000
  55 -2.251776 -4.642347 2.181301 0.463250 -0.221208 0.858176 0.708867 0.437526 2 55 0.907643 54 0.092357
shoe
  55 -2.132490 -4.873198 1.963857 0.688256 -0.498035 0.527507 0.730917 0.429215 1 55 1.000000
  55 -2.328906 -4.902747 2.120490 0.452210 -0.449886 0.770135 0.725913 0.445961 1 55 1.000000
  55 -2.253657 -5.012065 1.955147 0.592187 -0.647590 0.479522 0.738534 0.439444 1 55 1.000000
shoe
  55 -2.132490 -4.873198 1.963857 0.688256 -0.498035 0.527507 0.730917 0.429215 1 55 1.000000
  55 -2.253657 -5.012065 1.955147 0.592187 -0.647590 0.479522 0.738534 0.439444 1 55 1.000000
  55 -2.187975 -5.097680 1.667083 0.646995 -0.730954 0.217033 0.757769 0.428806 1 55 1.000000
shoe
  55 -1.974693 -4.854632 1.663161 0.803543 -0.551714 0.223450 0.744795 0.408170 2 55 0.995561 54 0.004439
  55 -2.132490 -4.873198 1.963857 0.688256 -0.498035 0.527507 0.730917 0.429215 1 55 1.000000
  55 -2.187975 -5.097680 1.667083 0.646995 -0.730954 0.217033 0.757769 0.428806 1 55 1.000000
shoe
  55 -2.132490 -4.873198 1.963857 0.688256 -0.498035 0.527507 0.730917 0.429215 1 55 1.000000
  55 -1.983115 -4.598381 1.978065 0.733607 -0.319765 0.599642 0.715030 0.413265 2 55 0.884058 54 0.115942
  55 -2.251776 -4.642347 2.181301 0.463250 -0.221208 0.858176 0.708867 0.437526 2 55 0.907643 54 0.092357
shoe
  55 -1.983115 -4.598381 1.978065 0.733607 -0.319765 0.599642 0.715030 0.413265 2 55 0.884058 54 0.115942
  55 -2.132490 -4.873198 1.963857 0.688256 -0.498035 0.527507 0.730917 0.429215 1 55 1.000000
  55 -1.974693 -4.854632 1.663161 0.803543 -0.551714 0.223450 0.744795 0.408170 2 55 0.995561 54 0.004439
shoe
  54 -2.061994 -0.997586 4.755993 0.867988 -0.391150 0.305938 0.980962 0.691785 1 54 1.000000
  54 -2.205584 -1.025168 5.204519 0.870715 -0.440878 0.217904 0.947837 0.691785 1 54 1.000000
  54 -2.447475 -1.407465 5.059415 0.678605 -0.657112 0.328175 0.947837 0.720313 1 54 1.000000
shoe
  54 -2.205584 -1.025168 5.204519 0.870715 -0.440878 0.217904 0.947837 0.691785 1 54 1.000000
  54 -2.061994 -0.997586 4.755993 0.867988 -0.391150 0.305938 0.980962 0.691785 1 54 1.000000
  54 -1.954854 -0.516611 4.843289 0.952163 -0.233872 0.196696 0.980962 0.660651 1 54 1.000000
shoe
  54 -2.239947 -1.435251 4.648847 0.671237 -0.595728 0.441076 0.980962 0.720313 1 54 1.000000
  54 -2.061994 -0.997586 4.755993 0.867988 -0.391150 0.305938 0.980962 0.691785 1 54 1.000000
  54 -2.447475 -1.407465 5.059415 0.678605 -0.657112 0.328175 0.947837 0.720313 1 54 1.000000
shoe
  54 -2.051336 -0.578220 5.310961 0.953022 -0.270457 0.136387 0.947837 0.660651 1 54 1.000000
  54 -2.205584 -1.025168 5.204519 0.870715 -0.440878 0.217904 0.947837 0.691785 1 54 1.000000
  54 -1.954854 -0.516611 4.843289 0.952163 -0.233872 0.196696 0.980962 0.660651 1 54 1.000000
shoe
  54 -2.447475 -1.407465 5.059415 0.678605 -0.657112 0.328175 0.947837 0.720313 1 54 1.000000
  54 -2.746279 -1.671881 4.875922 0.339430 -0.851047 0.400632 0.947837 0.748902 1 54 1.000000
  54 -2.239947 -1.435251 4.648847 0.671237 -0.595728 0.441076 0.980962 0.720313 1 54 1.000000
shoe
  54 -2.051336 -0.578220 5.310961 0.953022 -0.270457 0.136387 0.947837 0.660651 1 54 1.000000
  54 -1.954854 -0.516611 4.843289 0.952163 -0.233872 0.196696 0.980962 0.660651 1 54 1.000000
  54 -1.894613 -0.020633 4.949223 0.984029 -0.147300 0.099950 0.980962 0.627417 1 54 1.000000
shoe
  54 -2.746279 -1.671881 4.875922 0.339430 -0.851047 0.400632 0.947837 0.748902 1 54 1.000000
  54 -2.506649 -1.778981 4.509320 0.346388 -0.767737 0.539068 0.980962 0.748902 1 54 1.000000
  54 -2.239947 -1.435251 4.648847 0.671237 -0.595728 0.441076 0.980962 0.720313 1 54 1.000000
shoe
  54 -1.957982 -0.142745 5.416648 0.978845 -0.186582 0.083960 0.947837 0.627417 1 54 1.000000
  54 -2.051336 -0.578220 5.310961 0.953022 -0.270457 0.136387 0.947837 0.660651 1 54 1.000000
  54 -1.894613 -0.020633 4.949223 0.984029 -0.147300 0.099950 0.980962 0.627417 1 54 1.000000
shoe
  54 -2.746279 -1.671881 4.875922 0.339430 -0.851047 0.400632 0.947837 0.748902 1 54 1.000000
  54 -3.124289 -1.795833 4.655344 -0.054324 -0.879493 0.472801 0.947837 0.778353 1 54 1.000000
  54 -2.506649 -1.778981 4.509320 0.346388 -0.767737 0.539068 0.980962 0.748902 1 54 1.000000
shoe
  54 -1.901318 0.317413 5.531740 0.995848 -0.048691 0.076912 0.947837 0.592765 1 54 1.000000
  54 -1.957982 -0.142745 5.416648 0.978845 -0.186582 0.083960 0.947837 0.627417 1 54 1.000000
  54 -1.894613 -0.020633 4.949223 0.984029 -0.147300 0.099950 0.980962 0.627417 1 54 1.000000
shoe
  54 -3.124289 -1.795833 4.655344 -0.054324 -0.879493 0.472801 0.947837 0.778353 1 54 1.000000
  54 -2.873155 -2.005667 4.357800 -0.019274 -0.794927 0.606398 0.980962 0.778353 1 54 1.000000
  54 -2.506649 -1.778981 4.509320 0.346388 -0.767737 0.539068 0.980962 0.748902 1 54 1.000000
shoe
  54 -1.866351 0.488602 5.073304 0.998120 -0.010374 0.060400 0.980962 0.592765 1 54 1.000000
  54 -1.901318 0.317413 5.531740 0.995848 -0.048691 0.076912 0.947837 0.592765 1 54 1.000000
  54 -1.894613 -0.020633 4.949223 0.984029 -0.147300 0.099950 0.980962 0.627417 1 54 1.000000
shoe
  54 -3.124289 -1.795833 4.655344 -0.054324 -0.879493 0.472801 0.947837 0.778353 1 54 1.000000
  54 -3.516733 -1.811918 4.395384 -0.382312 -0.804172 0.455132 0.947837 0.807519 1 54 1.000000
  54 -2.873155 -2.005667 4.357800 -0.019274 -0.794927 0.606398 0.980962 0.778353 1 54 1.000000
shoe
  54 -1.920247 0.823459 5.662732 0.991148 0.104945 0.081316 0.947837 0.556606 1 54 1.000000
  54 -1.901318 0.317413 5.531740 0.995848 -0.048691 0.076912 0.947837 0.592765 1 54 1.000000
  54 -1.866351 0.488602 5.073304 0.998120 -0.010374 0.060400 0.980962 0.592765 1 54 1.000000
shoe
  54 -3.516733 -1.811918 4.395384 -0.382312 -0.804172 0.455132 0.947837 0.807519 1 54 1.000000
  54 -3.300010 -2.107672 4.097810 -0.368596 -0.758434 0.537508 0.980962 0.807519 1 54 1.000000
  54 -2.873155 -2.005667 4.357800 -0.019274 -0.794927 0.606398 0.980962 0.778353 1 54 1.000000
shoe
  54 -1.907455 1.001722 5.209829 0.989316 0.123500 0.077462 0.980962 0.556606 1 54 1.000000
  54 -1.920247 0.823459 5.662732 0.991148 0.104945 0.081316 0.947837 0.556606 1 54 1.000000
  54 -1.866351 0.488602 5.073304 0.998120 -0.010374 0.060400 0.980962 0.592765 1 54 1.000000
shoe
  54 -3.516733 -1.811918 4.395384 -0.382312 -0.804172 0.455132 0.947837 0.807519 1 54 1.000000
  54 -3.854067 -1.736810 4.054873 -0.632974 -0.677010 0.375500 0.947837 0.837517 1 54 1.000000
  54 -3.300010 -2.107672 4.097810 -0.368596 -0.758434 0.537508 0.980962 0.807519 1 54 1.000000
shoe
  54 -2.025528 1.329022 5.808268 0.965474 0.231359 0.119718 0.947837 0.520872 1 54 1.000000
  54 -1.920247 0.823459 5.662732 0.991148 0.104945 0.081316 0.947837 0.556606 1 54 1.000000
  54 -1.907455 1.001722 5.209829 0.989316 0.123500 0.077462 0.980962 0.556606 1 54 1.000000
shoe
  54 -3.854067 -1.736810 4.054873 -0.632974 -0.677010 0.375500 0.947837 0.837517 1 54 1.000000
  54 -3.687572 -2.074892 3.768519 -0.624137 -0.634752 0.455569 0.980962 0.837517 1 54 1.000000
  54 -3.300010 -2.107672 4.097810 -0.368596 -0.758434 0.537508 0.980962 0.807519 1 54 1.000000
shoe
  54 -2.009313 1.497220 5.355789 0.965647 0.227203 0.126112 0.980962 0.520872 1 54 1.000000
  54 -2.025528 1.329022 5.808268 0.965474 0.231359 0.119718 0.947837 0.520872 1 54 1.000000
  54 -1.907455 1.001722 5.209829 0.989316 0.123500 0.077462 0.980962 0.556606 1 54 1.000000
shoe
  54 -3.854067 -1.736810 4.054873 -0.632974 -0.677010 0.375500 0.947837 0.837517 1 54 1.000000
  54 -4.121104 -1.591672 3.671941 -0.789471 -0.509922 0.341636 0.947837 0.869034 1 54 1.000000
  54 -3.687572 -2.074892 3.768519 -0.624137 -0.634752 0.455569 0.980962 0.837517 1 54 1.000000
shoe
  54 -2.203718 1.831912 5.960670 0.918906 0.345930 0.189590 0.947837 0.484564 1 54 1.000000
  54 -2.025528 1.329022 5.808268 0.965474 0.231359 0.119718 0.947837 0.520872 1 54 1.000000
  54 -2.009313 1.497220 5.355789 0.965647 0.227203 0.126112 0.980962 0.520872 1 54 1.000000
shoe
  54 -4.121104 -1.591672 3.671941 -0.789471 -0.509922 0.341636 0.947837 0.869034 1 54 1.000000
  54 -4.009677 -1.973810 3.415370 -0.769917 -0.471047 0.430514 0.980962 0.869034 1 54 1.000000
  54 -3.687572 -2.074892 3.768519 -0.624137 -0.634752 0.455569 0.980962 0.837517 1 54 1.000000
shoe
  54 -2.171841 1.991736 5.514350 0.923190 0.336165 0.186314 0.980962 0.484564 1 54 1.000000
  54 -2.203718 1.831912 5.960670 0.918906 0.345930 0.189590 0.947837 0.484564 1 54 1.000000
  54 -2.009313 1.497220 5.355789 0.965647 0.227203 0.126112 0.980962 0.520872 1 54 1.000000
shoe
  54 -4.121104 -1.591672 3.671941 -0.789471 -0.509922 0.341636 0.947837 0.869034 1 54 1.000000
  54 -4.338966 -1.412051 3.303302 -0.881041 -0.334538 0.334441 0.947837 0.901812 1 54 1.000000
  54 -4.009677 -1.973810 3.415370 -0.769917 -0.471047 0.430514 0.980962 0.869034 1 54 1.000000
shoe
  54 -2.203718 1.831912 5.960670 0.918906 0.345930 0.189590 0.947837 0.484564 1 54 1.000000
  54 -2.171841 1.991736 5.514350 0.923190 0.336165 0.186314 0.980962 0.484564 1 54 1.000000
  54 -2.427557 2.460459 5.680808 0.767005 0.582153 0.269817 0.980962 0.446901 1 54 1.000000
shoe
  54 -4.338966 -1.412051 3.303302 -0.881041 -0.334538 0.334441 0.947837 0.901812 1 54 1.000000
  54 -4.286685 -1.823120 3.051649 -0.860541 -0.341064 0.378343 0.980962 0.901812 1 54 1.000000
  54 -4.009677 -1.973810 3.415370 -0.769917 -0.471047 0.430514 0.980962 0.869034 1 54 1.000000
shoe
  54 -2.469745 2.294326 6.117554 0.773862 0.563519 0.289109 0.947837 0.446901 1 54 1.000000
  54 -2.203718 1.831912 5.960670 0.918906 0.345930 0.189590 0.947837 0.484564 1 54 1.000000
  54 -2.427557 2.460459 5.680808 0.767005 0.582153 0.269817 0.980962 0.446901 1 54 1.000000
shoe
  54 -4.286685 -1.823120 3.051649 -0.860541 -0.341064 0.378343 0.980962 0.901812 1 54 1.000000
  54 -4.338966 -1.412051 3.303302 -0.881041 -0.334538 0.334441 0.947837 0.901812 1 54 1.000000
  54 -4.483875 -1.623951 2.659364 -0.934506 -0.222546 0.277797 0.980962 0.934332 1 54 1.000000
shoe
  54 -2.722900 2.502372 6.188422 0.366222 0.865688 0.341270 0.947837 0.415876 1 54 1.000000
  54 -2.469745 2.294326 6.117554 0.773862 0.563519 0.289109 0.947837 0.446901 1 54 1.000000
  54 -2.427557 2.460459 5.680808 0.767005 0.582153 0.269817 0.980962 0.446901 1 54 1.000000
shoe
  54 -4.338966 -1.412051 3.303302 -0.881041 -0.334538 0.334441 0.947837 0.901812 1 54 1.000000
  54 -4.513948 -1.184623 2.875288 -0.947531 -0.184384 0.261127 0.947837 0.934332 1 54 1.000000
  54 -4.483875 -1.623951 2.659364 -0.934506 -0.222546 0.277797 0.980962 0.934332 1 54 1.000000
shoe
  54 -2.715117 2.667790 5.734635 0.329695 0.888492 0.319192 0.980962 0.415876 1 54 1.000000
  54 -2.722900 2.502372 6.188422 0.366222 0.865688 0.341270 0.947837 0.415876 1 54 1.000000
  54 -2.427557 2.460459 5.680808 0.767005 0.582153 0.269817 0.980962 0.446901 1 54 1.000000
shoe
  54 -4.483875 -1.623951 2.659364 -0.934506 -0.222546 0.277797 0.980962 0.934332 1 54 1.000000
  54 -4.513948 -1.184623 2.875288 -0.947531 -0.184384 0.261127 0.947837 0.934332 1 54 1.000000
  54 -4.563203 -1.519857 2.453147 -0.948624 -0.184397 0.257119 0.980962 0.953882 1 54 1.000000
shoe
  54 -4.513948 -1.184623 2.875288 -0.947531 -0.184384 0.261127 0.947837 0.934332 1 54 1.000000
  54 -4.579968 -1.085629 2.674195 -0.958604 -0.157701 0.237084 0.947837 0.953882 1 54 1.000000
  54 -4.563203 -1.519857 2.453147 -0.948624 -0.184397 0.257119 0.980962 0.953882 1 54 1.000000
shoe
  54 -3.168147 2.534612 6.183068 -0.274036 0.905737 0.323333 0.947837 0.388223 1 54 1.000000
  54 -2.722900 2.502372 6.188422 0.366222 0.865688 0.341270 0.947837 0.415876 1 54 1.000000
  54 -2.715117 2.667790 5.734635 0.329695 0.888492 0.319192 0.980962 0.415876 1 54 1.000000
shoe
  54 -3.192729 2.683492 5.728244 -0.296220 0.902877 0.311555 0.980962 0.388223 1 54 1.000000
  54 -3.168147 2.534612 6.183068 -0.274036 0.905737 0.323333 0.947837 0.388223 1 54 1.000000
  54 -2.715117 2.667790 5.734635 0.329695 0.888492 0.319192 0.980962 0.415876 1 54 1.000000
shoe
  54 -3.168147 2.534612 6.183068 -0.274036 0.905737 0.323333 0.947837 0.388223 1 54 1.000000
  54 -3.192729 2.683492 5.728244 -0.296220 0.902877 0.311555 0.980962 0.388223 1 54 1.000000
  54 -3.575524 2.420680 5.663363 -0.713959 0.652826 0.253142 0.980962 0.355456 1 54 1.000000
shoe
  54 -3.544662 2.270728 6.125857 -0.710879 0.653732 0.259393 0.947837 0.355456 1 54 1.000000
  54 -3.168147 2.534612 6.183068 -0.274036 0.905737 0.323333 0.947837 0.388223 1 54 1.000000
  54 -3.575524 2.420680 5.663363 -0.713959 0.652826 0.253142 0.980962 0.355456 1 54 1.000000
shoe
  54 -3.544662 2.270728 6.125857 -0.710879 0.653732 0.259393 0.947837 0.355456 1 54 1.000000
  54 -3.575524 2.420680 5.663363 -0.713959 0.652826 0.253142 0.980962 0.355456 1 54 1.000000
  54 -3.858400 1.832443 6.000966 -0.874561 0.447835 0.185974 0.947837 0.319183 1 54 1.000000
shoe
  54 -3.575524 2.420680 5.663363 -0.713959 0.652826 0.253142 0.980962 0.355456 1 54 1.000000
  54 -3.893550 1.960399 5.529424 -0.881096 0.435712 0.183912 0.980962 0.319183 1 54 1.000000
  54 -3.858400 1.832443 6.000966 -0.874561 0.447835 0.185974 0.947837 0.319183 1 54 1.000000
shoe
  54 -3.893550 1.960399 5.529424 -0.881096 0.435712 0.183912 0.980962 0.319183 1 54 1.000000
  54 -4.155640 1.365766 5.354497 -0.943369 0.310702 0.116272 0.980962 0.285740 1 54 1.000000
  54 -3.858400 1.832443 6.000966 -0.874561 0.447835 0.185974 0.947837 0.319183 1 54 1.000000
shoe
  54 -4.155640 1.365766 5.354497 -0.943369 0.310702 0.116272 0.980962 0.285740 1 54 1.000000
  54 -4.151891 1.201962 5.817030 -0.939437 0.320595 0.121150 0.947837 0.285740 1 54 1.000000
  54 -3.858400 1.832443 6.000966 -0.874561 0.447835 0.185974 0.947837 0.319183 1 54 1.000000
shoe
  54 -4.151891 1.201962 5.817030 -0.939437 0.320595 0.121150 0.947837 0.285740 1 54 1.000000
  54 -4.155640 1.365766 5.354497 -0.943369 0.310702 0.116272 0.980962 0.285740 1 54 1.000000
  54 -4.252873 0.870440 5.704588 -0.991091 0.120471 0.056794 0.947837 0.246623 1 54 1.000000
shoe
  54 -4.155640 1.365766 5.354497 -0.943369 0.310702 0.116272 0.980962 0.285740 1 54 1.000000
  54 -4.251323 1.016715 5.213306 -0.989183 0.141410 0.038983 0.980962 0.246623 1 54 1.000000
  54 -4.252873 0.870440 5.704588 -0.991091 0.120471 0.056794 0.947837 0.246623 1 54 1.000000
shoe
  54 -4.251323 1.016715 5.213306 -0.989183 0.141410 0.038983 0.980962 0.246623 1 54 1.000000
  54 -4.266017 0.723449 5.135283 -0.999695 0.015770 0.019008 0.980962 0.223331 1 54 1.000000
  54 -4.252873 0.870440 5.704588 -0.991091 0.120471 0.056794 0.947837 0.246623 1 54 1.000000
shoe
  54 -4.266017 0.723449 5.135283 -0.999695 0.015770 0.019008 0.980962 0.223331 1 54 1.000000
  54 -4.242610 0.565849 5.621933 -0.998496 -0.042904 0.034130 0.947837 0.223331 1 54 1.000000
  54 -4.252873 0.870440 5.704588 -0.991091 0.120471 0.056794 0.947837 0.246623 1 54 1.000000
shoe
  54 -4.208264 1.589249 5.781082 -0.970030 0.155685 0.186556 0.930319 0.293061 1 54 1.000000
  54 -4.142193 1.975673 5.857995 -0.963873 0.159316 0.213462 0.930319 0.262006 1 54 1.000000
  54 -4.219236 2.047477 5.411187 -0.974655 0.123972 0.186222 0.897044 0.262006 1 54 1.000000
shoe
  54 -4.219236 2.047477 5.411187 -0.974655 0.123972 0.186222 0.897044 0.262006 1 54 1.000000
  54 -4.142193 1.975673 5.857995 -0.963873 0.159316 0.213462 0.930319 0.262006 1 54 1.000000
  54 -4.180945 2.288996 5.453054 -0.966430 0.150032 0.208574 0.897044 0.240119 1 54 1.000000
shoe
  54 -4.142193 1.975673 5.857995 -0.963873 0.159316 0.213462 0.930319 0.262006 1 54 1.000000
  54 -4.077478 2.200085 5.909290 -0.942944 0.213534 0.255459 0.930319 0.240119 1 54 1.000000
  54 -4.180945 2.288996 5.453054 -0.966430 0.150032 0.208574 0.897044 0.240119 1 54 1.000000
shoe
  54 -4.282724 1.642930 5.344604 -0.971941 0.151414 0.180011 0.897044 0.293061 1 54 1.000000
  54 -4.208264 1.589249 5.781082 -0.970030 0.155685 0.186556 0.930319 0.293061 1 54 1.000000
  54 -4.219236 2.047477 5.411187 -0.974655 0.123972 0.186222 0.897044 0.262006 1 54 1.000000
shoe
  54 -4.208264 1.589249 5.781082 -0.970030 0.155685 0.186556 0.930319 0.293061 1 54 1.000000
  54 -4.282724 1.642930 5.344604 -0.971941 0.151414 0.180011 0.897044 0.293061 1 54 1.000000
  54 -4.265315 1.359737 5.721197 -0.864210 0.466045 0.189583 0.930319 0.311963 1 54 1.000000
shoe
  54 -4.282724 1.642930 5.344604 -0.971941 0.151414 0.180011 0.897044 0.293061 1 54 1.000000
  54 -4.331427 1.398318 5.313967 -0.853344 0.490786 0.175879 0.897044 0.311963 1 54 1.000000
  54 -4.265315 1.359737 5.721197 -0.864210 0.466045 0.189583 0.930319 0.311963 1 54 1.000000
shoe
  54 -4.265315 1.359737 5.721197 -0.864210 0.466045 0.189583 0.930319 0.311963 1 54 1.000000
  54 -4.331427 1.398318 5.313967 -0.853344 0.490786 0.175879 0.897044 0.311963 1 54 1.000000
  54 -4.426575 1.216717 5.724895 -0.901551 0.391137 0.184980 0.930319 0.327889 1 54 1.000000
shoe
  54 -4.331427 1.398318 5.313967 -0.853344 0.490786 0.175879 0.897044 0.311963 1 54 1.000000
  54 -4.502414 1.241132 5.281379 -0.928341 0.325379 0.179754 0.897044 0.327889 1 54 1.000000
  54 -4.426575 1.216717 5.724895 -0.901551 0.391137 0.184980 0.930319 0.327889 1 54 1.000000
shoe
  54 -4.426575 1.216717 5.724895 -0.901551 0.391137 0.184980 0.930319 0.327889 1 54 1.000000
  54 -4.502414 1.241132 5.281379 -0.928341 0.325379 0.179754 0.897044 0.327889 1 54 1.000000
  54 -4.418451 0.980474 5.697549 -0.899670 -0.416161 0.131923 0.930319 0.343571 1 54 1.000000
shoe
  54 -4.502414 1.241132 5.281379 -0.928341 0.325379 0.179754 0.897044 0.327889 1 54 1.000000
  54 -4.498012 1.008381 5.252734 -0.888090 -0.442761 0.123530 0.897044 0.343571 1 54 1.000000
  54 -4.418451 0.980474 5.697549 -0.899670 -0.416161 0.131923 0.930319 0.343571 1 54 1.000000
shoe
  54 -4.418451 0.980474 5.697549 -0.899670 -0.416161 0.131923 0.930319 0.343571 1 54 1.000000
  54 -4.498012 1.008381 5.252734 -0.888090 -0.442761 0.123530 0.897044 0.343571 1 54 1.000000
  54 -4.320256 0.890090 5.663420 -0.836576 -0.541497 0.083201 0.930319 0.358563 1 54 1.000000
shoe
  54 -4.498012 1.008381 5.252734 -0.888090 -0.442761 0.123530 0.897044 0.343571 1 54 1.000000
  54 -4.365126 0.901208 5.236549 -0.837017 -0.543931 0.059507 0.897044 0.358563 1 54 1.000000
  54 -4.320256 0.890090 5.663420 -0.836576 -0.541497 0.083201 0.930319 0.358563 1 54 1.000000
shoe
  54 -4.320256 0.890090 5.663420 -0.836576 -0.541497 0.083201 0.930319 0.358563 1 54 1.000000
  54 -4.365126 0.901208 5.236549 -0.837017 -0.543931 0.059507 0.897044 0.358563 1 54 1.000000
  54 -4.270719 0.685105 5.638452 -0.968635 -0.236560 0.076070 0.930319 0.375754 1 54 1.000000
shoe
  54 -4.365126 0.901208 5.236549 -0.837017 -0.543931 0.059507 0.897044 0.358563 1 54 1.000000
  54 -4.309245 0.718995 5.180583 -0.966884 -0.243463 0.076554 0.897044 0.375754 1 54 1.000000
  54 -4.270719 0.685105 5.638452 -0.968635 -0.236560 0.076070 0.930319 0.375754 1 54 1.000000
shoe
  54 -4.270719 0.685105 5.638452 -0.968635 -0.236560 0.076070 0.930319 0.375754 1 54 1.000000
  54 -4.309245 0.718995 5.180583 -0.966884 -0.243463 0.076554 0.897044 0.375754 1 54 1.000000
  54 -4.181577 0.244637 5.562568 -0.966855 -0.232744 0.104982 0.930319 0.409626 1 54 1.000000
shoe
  54 -4.309245 0.718995 5.180583 -0.966884 -0.243463 0.076554 0.897044 0.375754 1 54 1.000000
  54 -4.234570 0.220961 5.084586 -0.964650 -0.225651 0.136130 0.897044 0.409626 1 54 1.000000
  54 -4.181577 0.244637 5.562568 -0.966855 -0.232744 0.104982 0.930319 0.409626 1 54 1.000000
shoe
  54 -4.181577 0.244637 5.562568 -0.966855 -0.232744 0.104982 0.930319 0.409626 1 54 1.000000
  54 -4.234570 0.220961 5.084586 -0.964650 -0.225651 0.136130 0.897044 0.409626 1 54 1.000000
  54 -4.023883 -0.316461 5.457777 -0.926526 -0.334375 0.172460 0.930319 0.452146 1 54 1.000000
shoe
  54 -4.234570 0.220961 5.084586 -0.964650 -0.225651 0.136130 0.897044 0.409626 1 54 1.000000
  54 -4.113563 -0.333392 4.991432 -0.922494 -0.311545 0.227913 0.897044 0.452146 1 54 1.000000
  54 -4.023883 -0.316461 5.457777 -0.926526 -0.334375 0.172460 0.930319 0.452146 1 54 1.000000
shoe
  54 -4.023883 -0.316461 5.457777 -0.926526 -0.334375 0.172460 0.930319 0.452146 1 54 1.000000
  54 -4.113563 -0.333392 4.991432 -0.922494 -0.311545 0.227913 0.897044 0.452146 1 54 1.000000
  54 -3.824468 -0.785531 5.347696 -0.844177 -0.449382 0.292268 0.930319 0.488909 1 54 1.000000
shoe
  54 -4.113563 -0.333392 4.991432 -0.922494 -0.311545 0.227913 0.897044 0.452146 1 54 1.000000
  54 -3.975133 -0.829019 4.908483 -0.832096 -0.421538 0.360447 0.897044 0.488909 1 54 1.000000
  54 -3.824468 -0.785531 5.347696 -0.844177 -0.449382 0.292268 0.930319 0.488909 1 54 1.000000
shoe
  54 -3.824468 -0.785531 5.347696 -0.844177 -0.449382 0.292268 0.930319 0.488909 1 54 1.000000
  54 -3.975133 -0.829019 4.908483 -0.832096 -0.421538 0.360447 0.897044 0.488909 1 54 1.000000
  54 -3.565726 -1.225638 5.212097 -0.690713 -0.611453 0.386058 0.930319 0.522901 1 54 1.000000
shoe
  54 -3.975133 -0.829019 4.908483 -0.832096 -0.421538 0.360447 0.897044 0.488909 1 54 1.000000
  54 -3.772501 -1.280595 4.791234 -0.682440 -0.567912 0.460165 0.897044 0.522901 1 54 1.000000
  54 -3.565726 -1.225638 5.212097 -0.690713 -0.611453 0.386058 0.930319 0.522901 1 54 1.000000
shoe
  54 -3.565726 -1.225638 5.212097 -0.690713 -0.611453 0.386058 0.930319 0.522901 1 54 1.000000
  54 -3.772501 -1.280595 4.791234 -0.682440 -0.567912 0.460165 0.897044 0.522901 1 54 1.000000
  54 -3.242484 -1.568852 5.059459 -0.427951 -0.781090 0.454705 0.930319 0.555965 1 54 1.000000
shoe
  54 -3.772501 -1.280595 4.791234 -0.682440 -0.567912 0.460165 0.897044 0.522901 1 54 1.000000
  54 -3.497407 -1.683392 4.670195 -0.423038 -0.708463 0.564907 0.897044 0.555965 1 54 1.000000
  54 -3.242484 -1.568852 5.059459 -0.427951 -0.781090 0.454705 0.930319 0.555965 1 54 1.000000
shoe
  54 -3.242484 -1.568852 5.059459 -0.427951 -0.781090 0.454705 0.930319 0.555965 1 54 1.000000
  54 -3.497407 -1.683392 4.670195 -0.423038 -0.708463 0.564907 0.897044 0.555965 1 54 1.000000
  54 -2.887216 -1.760122 4.836559 -0.045747 -0.861110 0.506356 0.930319 0.587156 1 54 1.000000
shoe
  54 -3.497407 -1.683392 4.670195 -0.423038 -0.708463 0.564907 0.897044 0.555965 1 54 1.000000
  54 -3.149901 -1.983499 4.496222 -0.044017 -0.790891 0.610372 0.897044 0.587156 1 54 1.000000
  54 -2.887216 -1.760122 4.836559 -0.045747 -0.861110 0.506356 0.930319 0.587156 1 54 1.000000
shoe
  54 -2.887216 -1.760122 4.836559 -0.045747 -0.861110 0.506356 0.930319 0.587156 1 54 1.000000
  54 -3.149901 -1.983499 4.496222 -0.044017 -0.790891 0.610372 0.897044 0.587156 1 54 1.000000
  54 -2.541842 -1.818377 4.573299 0.321140 -0.826405 0.462519 0.930319 0.617501 1 54 1.000000
shoe
  54 -3.149901 -1.983499 4.496222 -0.044017 -0.790891 0.610372 0.897044 0.587156 1 54 1.000000
  54 -2.751385 -2.103575 4.253403 0.316711 -0.771426 0.551902 0.897044 0.617501 1 54 1.000000
  54 -2.541842 -1.818377 4.573299 0.321140 -0.826405 0.462519 0.930319 0.617501 1 54 1.000000
shoe
  54 -2.541842 -1.818377 4.573299 0.321140 -0.826405 0.462519 0.930319 0.617501 1 54 1.000000
  54 -2.751385 -2.103575 4.253403 0.316711 -0.771426 0.551902 0.897044 0.617501 1 54 1.000000
  54 -2.257580 -1.778830 4.275054 0.600716 -0.688278 0.406710 0.930319 0.647298 1 54 1.000000
shoe
  54 -2.751385 -2.103575 4.253403 0.316711 -0.771426 0.551902 0.897044 0.617501 1 54 1.000000
  54 -2.402503 -2.117268 3.976635 0.599403 -0.627746 0.496639 0.897044 0.647298 1 54 1.000000
  54 -2.257580 -1.778830 4.275054 0.600716 -0.688278 0.406710 0.930319 0.647298 1 54 1.000000
shoe
  54 -2.257580 -1.778830 4.275054 0.600716 -0.688278 0.406710 0.930319 0.647298 1 54 1.000000
  54 -2.402503 -2.117268 3.976635 0.599403 -0.627746 0.496639 0.897044 0.647298 1 54 1.000000
  54 -2.025189 -1.672010 3.921768 0.811844 -0.491425 0.315295 0.930319 0.675331 1 54 1.000000
shoe
  54 -2.402503 -2.117268 3.976635 0.599403 -0.627746 0.496639 0.897044 0.647298 1 54 1.000000
  54 -2.143615 -2.059994 3.685416 0.795992 -0.453833 0.400539 0.897044 0.675331 1 54 1.000000
  54 -2.025189 -1.672010 3.921768 0.811844 -0.491425 0.315295 0.930319 0.675331 1 54 1.000000
shoe
  54 -2.025189 -1.672010 3.921768 0.811844 -0.491425 0.315295 0.930319 0.675331 1 54 1.000000
  54 -2.143615 -2.059994 3.685416 0.795992 -0.453833 0.400539 0.897044 0.675331 1 54 1.000000
  54 -1.878145 -1.528812 3.585682 0.940072 -0.300653 0.160849 0.930319 0.702267 1 54 1.000000
shoe
  54 -2.143615 -2.059994 3.685416 0.795992 -0.453833 0.400539 0.897044 0.675331 1 54 1.000000
  54 -1.953895 -1.937815 3.344984 0.931882 -0.273106 0.238764 0.897044 0.702267 1 54 1.000000
  54 -1.878145 -1.528812 3.585682 0.940072 -0.300653 0.160849 0.930319 0.702267 1 54 1.000000
shoe
  54 -1.878145 -1.528812 3.585682 0.940072 -0.300653 0.160849 0.930319 0.702267 1 54 1.000000
  54 -1.953895 -1.937815 3.344984 0.931882 -0.273106 0.238764 0.897044 0.702267 1 54 1.000000
  54 -1.832946 -1.359947 3.250740 0.992550 -0.112631 0.046448 0.930319 0.727660 1 54 1.000000
shoe
  54 -1.953895 -1.937815 3.344984 0.931882 -0.273106 0.238764 0.897044 0.702267 1 54 1.000000
  54 -1.850838 -1.772241 2.994859 0.988578 -0.091904 0.119446 0.897044 0.727660 1 54 1.000000
  54 -1.832946 -1.359947 3.250740 0.992550 -0.112631 0.046448 0.930319 0.727660 1 54 1.000000
shoe
  54 -1.832946 -1.359947 3.250740 0.992550 -0.112631 0.046448 0.930319 0.727660 1 54 1.000000
  54 -1.850838 -1.772241 2.994859 0.988578 -0.091904 0.119446 0.897044 0.727660 1 54 1.000000
  54 -1.834416 -1.173149 2.909587 0.997470 -0.025755 0.066256 0.930319 0.754614 1 54 1.000000
shoe
  54 -1.850838 -1.772241 2.994859 0.988578 -0.091904 0.119446 0.897044 0.727660 1 54 1.000000
  54 -1.819595 -1.595866 2.670675 0.994304 -0.021463 0.104397 0.897044 0.754614 1 54 1.000000
  54 -1.834416 -1.173149 2.909587 0.997470 -0.025755 0.066256 0.930319 0.754614 1 54 1.000000
shoe
  54 -1.834416 -1.173149 2.909587 0.997470 -0.025755 0.066256 0.930319 0.754614 1 54 1.000000
  54 -1.819595 -1.595866 2.670675 0.994304 -0.021463 0.104397 0.897044 0.754614 1 54 1.000000
  54 -1.807010 -1.067853 2.689528 0.993037 -0.027754 0.114488 0.930319 0.772691 1 54 1.000000
shoe
  54 -1.819595 -1.595866 2.670675 0.994304 -0.021463 0.104397 0.897044 0.754614 1 54 1.000000
  54 -1.790911 -1.486768 2.466946 0.991809 -0.028086 0.124599 0.897044 0.772691 1 54 1.000000
  54 -1.807010 -1.067853 2.689528 0.993037 -0.027754 0.114488 0.930319 0.772691 1 54 1.000000
shoe
  54 -3.142839 2.440260 6.156095 -0.041551 -0.996722 -0.069415 0.880675 0.319613 1 54 1.000000
  54 -2.660527 2.419129 6.134765 -0.056317 -0.997883 -0.032527 0.842405 0.319613 1 54 1.000000
  54 -2.658351 2.449962 6.281273 -0.031988 -0.979334 0.199704 0.842405 0.331553 1 54 1.000000
shoe
  54 -3.142369 2.462751 6.288242 -0.023626 -0.985534 0.167824 0.880675 0.331553 1 54 1.000000
  54 -3.142839 2.440260 6.156095 -0.041551 -0.996722 -0.069415 0.880675 0.319613 1 54 1.000000
  54 -2.658351 2.449962 6.281273 -0.031988 -0.979334 0.199704 0.842405 0.331553 1 54 1.000000
shoe
  54 -3.142839 2.440260 6.156095 -0.041551 -0.996722 -0.069415 0.880675 0.319613 1 54 1.000000
  54 -3.145192 2.495621 5.992381 -0.075753 -0.920564 -0.383174 0.880675 0.305657 1 54 1.000000
  54 -2.660527 2.419129 6.134765 -0.056317 -0.997883 -0.032527 0.842405 0.319613 1 54 1.000000
shoe
  54 -3.145192 2.495621 5.992381 -0.075753 -0.920564 -0.383174 0.880675 0.305657 1 54 1.000000
  54 -2.663453 2.464157 5.958386 -0.081486 -0.924040 -0.373510 0.842405 0.305657 1 54 1.000000
  54 -2.660527 2.419129 6.134765 -0.056317 -0.997883 -0.032527 0.842405 0.319613 1 54 1.000000
shoe
  54 -3.145192 2.495621 5.992381 -0.075753 -0.920564 -0.383174 0.880675 0.305657 1 54 1.000000
  54 -3.144286 2.572235 5.846833 -0.081715 -0.889401 -0.449764 0.880675 0.292297 1 54 1.000000
  54 -2.663453 2.464157 5.958386 -0.081486 -0.924040 -0.373510 0.842405 0.305657 1 54 1.000000
shoe
  54 -3.144286 2.572235 5.846833 -0.081715 -0.889401 -0.449764 0.880675 0.292297 1 54 1.000000
  54 -2.664994 2.549439 5.810620 -0.075315 -0.881968 -0.465252 0.842405 0.292297 1 54 1.000000
  54 -2.663453 2.464157 5.958386 -0.081486 -0.924040 -0.373510 0.842405 0.305657 1 54 1.000000
shoe
  54 -3.144286 2.572235 5.846833 -0.081715 -0.889401 -0.449764 0.880675 0.292297 1 54 1.000000
  54 -3.142012 2.657513 5.666026 -0.063638 -0.965624 -0.252033 0.880675 0.273874 1 54 1.000000
  54 -2.664994 2.549439 5.810620 -0.075315 -0.881968 -0.465252 0.842405 0.292297 1 54 1.000000
shoe
  54 -3.142012 2.657513 5.666026 -0.063638 -0.965624 -0.252033 0.880675 0.273874 1 54 1.000000
  54 -2.665401 2.635369 5.634002 -0.066716 -0.970813 -0.230370 0.842405 0.273874 1 54 1.000000
  54 -2.664994 2.549439 5.810620 -0.075315 -0.881968 -0.465252 0.842405 0.292297 1 54 1.000000
shoe
  54 -3.142012 2.657513 5.666026 -0.063638 -0.965624 -0.252033 0.880675 0.273874 1 54 1.000000
  54 -3.134798 2.669239 5.413530 -0.054178 -0.997810 -0.037941 0.880675 0.248977 1 54 1.000000
  54 -2.665401 2.635369 5.634002 -0.066716 -0.970813 -0.230370 0.842405 0.273874 1 54 1.000000
shoe
  54 -3.134798 2.669239 5.413530 -0.054178 -0.997810 -0.037941 0.880675 0.248977 1 54 1.000000
  54 -2.668516 2.639822 5.373152 -0.064357 -0.997794 -0.016266 0.842405 0.248977 1 54 1.000000
  54 -2.665401 2.635369 5.634002 -0.066716 -0.970813 -0.230370 0.842405 0.273874 1 54 1.000000
shoe
  54 -2.658229 2.554262 6.296681 0.026586 0.297163 0.954456 0.842405 0.341025 1 54 1.000000
  54 -3.141014 2.565870 6.307201 0.027658 0.280707 0.959395 0.880675 0.341025 1 54 1.000000
  54 -3.142369 2.462751 6.288242 0.016168 -0.176296 0.984204 0.880675 0.331553 1 54 1.000000
shoe
  54 -2.658351 2.449962 6.281273 0.010377 -0.146141 0.989209 0.842405 0.331553 1 54 1.000000
  54 -2.658229 2.554262 6.296681 0.026586 0.297163 0.954456 0.842405 0.341025 1 54 1.000000
  54 -3.142369 2.462751 6.288242 0.016168 -0.176296 0.984204 0.880675 0.331553 1 54 1.000000
shoe
  54 -3.141014 2.565870 6.307201 0.027658 0.280707 0.959395 0.880675 0.341025 1 54 1.000000
  54 -2.658229 2.554262 6.296681 0.026586 0.297163 0.954456 0.842405 0.341025 1 54 1.000000
  54 -3.139469 2.653960 6.225061 0.033654 0.846060 0.532025 0.880675 0.351483 1 54 1.000000
shoe
  54 -2.658229 2.554262 6.296681 0.026586 0.297163 0.954456 0.842405 0.341025 1 54 1.000000
  54 -2.659493 2.642125 6.211444 0.037698 0.854870 0.517470 0.842405 0.351483 1 54 1.000000
  54 -3.139469 2.653960 6.225061 0.033654 0.846060 0.532025 0.880675 0.351483 1 54 1.000000
shoe
  54 -3.139469 2.653960 6.225061 0.033654 0.846060 0.532025 0.880675 0.351483 1 54 1.000000
  54 -2.659493 2.642125 6.211444 0.037698 0.854870 0.517470 0.842405 0.351483 1 54 1.000000
  54 -3.140030 2.710973 6.040792 0.033699 0.977557 0.207958 0.880675 0.366928 1 54 1.000000
shoe
  54 -2.659493 2.642125 6.211444 0.037698 0.854870 0.517470 0.842405 0.351483 1 54 1.000000
  54 -2.659237 2.695730 6.030248 0.043776 0.982378 0.181708 0.842405 0.366928 1 54 1.000000
  54 -3.140030 2.710973 6.040792 0.033699 0.977557 0.207958 0.880675 0.366928 1 54 1.000000
shoe
  54 -3.140030 2.710973 6.040792 0.033699 0.977557 0.207958 0.880675 0.366928 1 54 1.000000
  54 -2.659237 2.695730 6.030248 0.043776 0.982378 0.181708 0.842405 0.366928 1 54 1.000000
  54 -3.142500 2.735041 5.844178 0.045157 0.996824 -0.065595 0.880675 0.382656 1 54 1.000000
shoe
  54 -2.659237 2.695730 6.030248 0.043776 0.982378 0.181708 0.842405 0.366928 1 54 1.000000
  54 -2.660888 2.708583 5.837142 0.060877 0.992223 -0.108569 0.842405 0.382656 1 54 1.000000
  54 -3.142500 2.735041 5.844178 0.045157 0.996824 -0.065595 0.880675 0.382656 1 54 1.000000
shoe
  54 -3.142500 2.735041 5.844178 0.045157 0.996824 -0.065595 0.880675 0.382656 1 54 1.000000
  54 -2.660888 2.708583 5.837142 0.060877 0.992223 -0.108569 0.842405 0.382656 1 54 1.000000
  54 -3.137577 2.686199 5.649729 0.068567 0.991277 -0.112556 0.880675 0.398398 1 54 1.000000
shoe
  54 -2.660888 2.708583 5.837142 0.060877 0.992223 -0.108569 0.842405 0.382656 1 54 1.000000
  54 -2.663852 2.647638 5.635588 0.088767 0.986101 -0.140447 0.842405 0.398398 1 54 1.000000
  54 -3.137577 2.686199 5.649729 0.068567 0.991277 -0.112556 0.880675 0.398398 1 54 1.000000
shoe
  54 -3.137577 2.686199 5.649729 0.068567 0.991277 -0.112556 0.880675 0.398398 1 54 1.000000
  54 -2.663852 2.647638 5.635588 0.088767 0.986101 -0.140447 0.842405 0.398398 1 54 1.000000
  54 -3.116199 2.696223 5.418769 0.092120 0.995270 0.030835 0.880675 0.419936 1 54 1.000000
shoe
  54 -2.663852 2.647638 5.635588 0.088767 0.986101 -0.140447 0.842405 0.398398 1 54 1.000000
  54 -2.657096 2.642690 5.388075 0.114702 0.993259 -0.016723 0.842405 0.419936 1 54 1.000000
  54 -3.116199 2.696223 5.418769 0.092120 0.995270 0.030835 0.880675 0.419936 1 54 1.000000
shoe
  54 -4.121098 1.826308 2.632592 -0.861246 -0.167378 0.479833 0.688268 0.198730 1 54 1.000000
  54 -4.165614 1.351927 2.332247 -0.988308 -0.152362 0.005750 0.659832 0.181484 1 54 1.000000
  54 -4.125623 1.193230 2.325763 -0.947832 -0.229818 -0.220903 0.650136 0.181683 1 54 1.000000
shoe
  54 -4.125623 1.193230 2.325763 -0.947832 -0.229818 -0.220903 0.650136 0.181683 1 54 1.000000
  54 -4.165614 1.351927 2.332247 -0.988308 -0.152362 0.005750 0.659832 0.181484 1 54 1.000000
  54 -4.071391 1.259804 2.194898 -0.865296 -0.199254 -0.459957 0.650240 0.172725 1 54 1.000000
shoe
  54 -4.038157 1.407069 2.085732 -0.812499 -0.217564 -0.540843 0.663457 0.166162 1 54 1.000000
  54 -4.071391 1.259804 2.194898 -0.865296 -0.199254 -0.459957 0.650240 0.172725 1 54 1.000000
  54 -4.099823 1.494645 2.143142 -0.954093 -0.066334 -0.292072 0.669814 0.170137 1 54 1.000000
shoe
  54 -4.071391 1.259804 2.194898 -0.865296 -0.199254 -0.459957 0.650240 0.172725 1 54 1.000000
  54 -4.165614 1.351927 2.332247 -0.988308 -0.152362 0.005750 0.659832 0.181484 1 54 1.000000
  54 -4.099823 1.494645 2.143142 -0.954093 -0.066334 -0.292072 0.669814 0.170137 1 54 1.000000
shoe
  54 -4.165614 1.351927 2.332247 -0.988308 -0.152362 0.005750 0.659832 0.181484 1 54 1.000000
  54 -4.121098 1.826308 2.632592 -0.861246 -0.167378 0.479833 0.688268 0.198730 1 54 1.000000
  54 -4.150496 1.858685 2.590667 -0.987308 -0.001678 0.158809 0.690661 0.195978 1 54 1.000000
shoe
  54 -4.099823 1.494645 2.143142 -0.954093 -0.066334 -0.292072 0.669814 0.170137 1 54 1.000000
  54 -4.165614 1.351927 2.332247 -0.988308 -0.152362 0.005750 0.659832 0.181484 1 54 1.000000
  54 -4.150496 1.858685 2.590667 -0.987308 -0.001678 0.158809 0.690661 0.195978 1 54 1.000000
shoe
  54 -4.150496 1.858685 2.590667 -0.987308 -0.001678 0.158809 0.690661 0.195978 1 54 1.000000
  54 -4.121098 1.826308 2.632592 -0.861246 -0.167378 0.479833 0.688268 0.198730 1 54 1.000000
  54 -4.086632 2.471598 2.839186 -0.957808 0.200900 0.205531 0.725646 0.211301 1 54 1.000000
shoe
  54 -4.121098 1.826308 2.632592 -0.861246 -0.167378 0.479833 0.688268 0.198730 1 54 1.000000
  54 -4.049197 2.460391 2.894250 -0.818491 0.060201 0.571356 0.724419 0.214931 1 54 1.000000
  54 -4.086632 2.471598 2.839186 -0.957808 0.200900 0.205531 0.725646 0.211301 1 54 1.000000
shoe
  54 -4.150496 1.858685 2.590667 -0.987308 -0.001678 0.158809 0.690661 0.195978 1 54 1.000000
  54 -4.068650 1.918844 2.244603 -0.974579 0.142948 -0.172516 0.697335 0.175796 1 54 1.000000
  54 -4.099823 1.494645 2.143142 -0.954093 -0.066334 -0.292072 0.669814 0.170137 1 54 1.000000
shoe
  54 -4.086632 2.471598 2.839186 -0.957808 0.200900 0.205531 0.725646 0.211301 1 54 1.000000
  54 -4.049197 2.460391 2.894250 -0.818491 0.060201 0.571356 0.724419 0.214931 1 54 1.000000
  54 -3.852699 2.940193 3.003582 -0.746618 0.605890 0.274697 0.756893 0.221063 1 54 1.000000
shoe
  54 -4.049197 2.460391 2.894250 -0.818491 0.060201 0.571356 0.724419 0.214931 1 54 1.000000
  54 -3.816999 2.912271 3.055259 -0.619850 0.427496 0.658052 0.756025 0.224552 1 54 1.000000
  54 -3.852699 2.940193 3.003582 -0.746618 0.605890 0.274697 0.756893 0.221063 1 54 1.000000
shoe
  54 -4.086632 2.471598 2.839186 -0.957808 0.200900 0.205531 0.725646 0.211301 1 54 1.000000
  54 -3.997555 2.443755 2.387107 -0.938155 0.308776 -0.156594 0.730576 0.185432 1 54 1.000000
  54 -4.150496 1.858685 2.590667 -0.987308 -0.001678 0.158809 0.690661 0.195978 1 54 1.000000
shoe
  54 -3.997555 2.443755 2.387107 -0.938155 0.308776 -0.156594 0.730576 0.185432 1 54 1.000000
  54 -4.068650 1.918844 2.244603 -0.974579 0.142948 -0.172516 0.697335 0.175796 1 54 1.000000
  54 -4.150496 1.858685 2.590667 -0.987308 -0.001678 0.158809 0.690661 0.195978 1 54 1.000000
shoe
  54 -3.852699 2.940193 3.003582 -0.746618 0.605890 0.274697 0.756893 0.221063 1 54 1.000000
  54 -3.799043 2.880979 2.520301 -0.718248 0.680941 -0.142965 0.761279 0.194634 1 54 1.000000
  54 -4.086632 2.471598 2.839186 -0.957808 0.200900 0.205531 0.725646 0.211301 1 54 1.000000
shoe
  54 -3.799043 2.880979 2.520301 -0.718248 0.680941 -0.142965 0.761279 0.194634 1 54 1.000000
  54 -3.997555 2.443755 2.387107 -0.938155 0.308776 -0.156594 0.730576 0.185432 1 54 1.000000
  54 -4.086632 2.471598 2.839186 -0.957808 0.200900 0.205531 0.725646 0.211301 1 54 1.000000
shoe
  54 -3.852699 2.940193 3.003582 -0.746618 0.605890 0.274697 0.756893 0.221063 1 54 1.000000
  54 -3.816999 2.912271 3.055259 -0.619850 0.427496 0.658052 0.756025 0.224552 1 54 1.000000
  54 -3.394084 3.220121 3.082930 -0.339627 0.906313 0.251497 0.791154 0.227344 1 54 1.000000
shoe
  54 -3.816999 2.912271 3.055259 -0.619850 0.427496 0.658052 0.756025 0.224552 1 54 1.000000
  54 -3.363988 3.177605 3.146228 -0.268701 0.714668 0.645794 0.791281 0.231896 1 54 1.000000
  54 -3.394084 3.220121 3.082930 -0.339627 0.906313 0.251497 0.791154 0.227344 1 54 1.000000
shoe
  54 -3.395958 3.132729 2.593170 -0.306657 0.940569 -0.145915 0.792586 0.199958 1 54 1.000000
  54 -3.799043 2.880979 2.520301 -0.718248 0.680941 -0.142965 0.761279 0.194634 1 54 1.000000
  54 -3.852699 2.940193 3.003582 -0.746618 0.605890 0.274697 0.756893 0.221063 1 54 1.000000
shoe
  54 -3.394084 3.220121 3.082930 -0.339627 0.906313 0.251497 0.791154 0.227344 1 54 1.000000
  54 -3.395958 3.132729 2.593170 -0.306657 0.940569 -0.145915 0.792586 0.199958 1 54 1.000000
  54 -3.852699 2.940193 3.003582 -0.746618 0.605890 0.274697 0.756893 0.221063 1 54 1.000000
shoe
  54 -3.363988 3.177605 3.146228 -0.268701 0.714668 0.645794 0.791281 0.231896 1 54 1.000000
  54 -2.975972 3.262920 3.110202 0.060507 0.523717 0.849741 0.817703 0.228843 1 54 1.000000
  54 -3.394084 3.220121 3.082930 -0.339627 0.906313 0.251497 0.791154 0.227344 1 54 1.000000
shoe
  54 -3.363988 3.177605 3.146228 -0.268701 0.714668 0.645794 0.791281 0.231896 1 54 1.000000
  54 -2.972714 3.180151 3.158041 0.077348 0.506892 0.858532 0.817253 0.233806 1 54 1.000000
  54 -2.975972 3.262920 3.110202 0.060507 0.523717 0.849741 0.817703 0.228843 1 54 1.000000
shoe
  54 -2.975972 3.262920 3.110202 0.060507 0.523717 0.849741 0.817703 0.228843 1 54 1.000000
  54 -2.972714 3.180151 3.158041 0.077348 0.506892 0.858532 0.817253 0.233806 1 54 1.000000
  54 -2.596946 3.182580 3.080378 0.322615 0.512567 0.795735 0.845496 0.227997 1 54 1.000000
shoe
  54 -2.972714 3.180151 3.158041 0.077348 0.506892 0.858532 0.817253 0.233806 1 54 1.000000
  54 -2.622846 3.116298 3.133393 0.306064 0.518823 0.798215 0.845983 0.233059 1 54 1.000000
  54 -2.596946 3.182580 3.080378 0.322615 0.512567 0.795735 0.845496 0.227997 1 54 1.000000
shoe
  54 -2.596946 3.182580 3.080378 0.322615 0.512567 0.795735 0.845496 0.227997 1 54 1.000000
  54 -2.622846 3.116298 3.133393 0.306064 0.518823 0.798215 0.845983 0.233059 1 54 1.000000
  54 -2.298700 2.896975 3.069322 0.618295 0.376623 0.689831 0.880518 0.227246 1 54 1.000000
shoe
  54 -2.254867 2.947217 3.000360 0.738436 0.618768 0.268027 0.877418 0.222312 1 54 1.000000
  54 -2.596946 3.182580 3.080378 0.322615 0.512567 0.795735 0.845496 0.227997 1 54 1.000000
  54 -2.298700 2.896975 3.069322 0.618295 0.376623 0.689831 0.880518 0.227246 1 54 1.000000
shoe
  54 -2.996572 3.173514 2.612822 0.048011 0.986349 -0.157515 0.819548 0.201504 1 54 1.000000
  54 -3.395958 3.132729 2.593170 -0.306657 0.940569 -0.145915 0.792586 0.199958 1 54 1.000000
  54 -3.394084 3.220121 3.082930 -0.339627 0.906313 0.251497 0.791154 0.227344 1 54 1.000000
shoe
  54 -2.975972 3.262920 3.110202 0.053445 0.982431 -0.178811 0.817703 0.228843 1 54 1.000000
  54 -2.996572 3.173514 2.612822 0.048011 0.986349 -0.157515 0.819548 0.201504 1 54 1.000000
  54 -3.394084 3.220121 3.082930 -0.339627 0.906313 0.251497 0.791154 0.227344 1 54 1.000000
shoe
  54 -2.996572 3.173514 2.612822 0.048011 0.986349 -0.157515 0.819548 0.201504 1 54 1.000000
  54 -2.975972 3.262920 3.110202 0.053445 0.982431 -0.178811 0.817703 0.228843 1 54 1.000000
  54 -2.596946 3.182580 3.080378 0.351090 0.917633 -0.186241 0.845496 0.227997 1 54 1.000000
shoe
  54 -2.254867 2.947217 3.000360 0.738436 0.618768 0.268027 0.877418 0.222312 1 54 1.000000
  54 -2.298700 2.896975 3.069322 0.618295 0.376623 0.689831 0.880518 0.227246 1 54 1.000000
  54 -2.034622 2.564896 2.889621 0.926126 0.245917 0.286034 0.904082 0.214834 1 54 1.000000
shoe
  54 -2.298700 2.896975 3.069322 0.618295 0.376623 0.689831 0.880518 0.227246 1 54 1.000000
  54 -2.078183 2.520726 2.936090 0.732714 -0.006902 0.680502 0.907378 0.218217 1 54 1.000000
  54 -2.034622 2.564896 2.889621 0.926126 0.245917 0.286034 0.904082 0.214834 1 54 1.000000
shoe
  54 -2.645772 3.104382 2.598295 0.359086 0.918634 -0.164829 0.844400 0.200914 1 54 1.000000
  54 -2.596946 3.182580 3.080378 0.351090 0.917633 -0.186241 0.845496 0.227997 1 54 1.000000
  54 -2.254867 2.947217 3.000360 0.738436 0.618768 0.268027 0.877418 0.222312 1 54 1.000000
shoe
  54 -2.645772 3.104382 2.598295 0.359086 0.918634 -0.164829 0.844400 0.200914 1 54 1.000000
  54 -2.996572 3.173514 2.612822 0.048011 0.986349 -0.157515 0.819548 0.201504 1 54 1.000000
  54 -2.596946 3.182580 3.080378 0.351090 0.917633 -0.186241 0.845496 0.227997 1 54 1.000000
shoe
  54 -2.311331 2.885562 2.550909 0.700001 0.693051 -0.172276 0.872344 0.197691 1 54 1.000000
  54 -2.254867 2.947217 3.000360 0.738436 0.618768 0.268027 0.877418 0.222312 1 54 1.000000
  54 -2.034622 2.564896 2.889621 0.926126 0.245917 0.286034 0.904082 0.214834 1 54 1.000000
shoe
  54 -2.311331 2.885562 2.550909 0.700001 0.693051 -0.172276 0.872344 0.197691 1 54 1.000000
  54 -2.645772 3.104382 2.598295 0.359086 0.918634 -0.164829 0.844400 0.200914 1 54 1.000000
  54 -2.254867 2.947217 3.000360 0.738436 0.618768 0.268027 0.877418 0.222312 1 54 1.000000
shoe
  54 -2.034622 2.564896 2.889621 0.926126 0.245917 0.286034 0.904082 0.214834 1 54 1.000000
  54 -2.078183 2.520726 2.936090 0.732714 -0.006902 0.680502 0.907378 0.218217 1 54 1.000000
  54 -1.948038 1.960030 2.661296 0.968041 -0.123397 0.218334 0.939254 0.201182 1 54 1.000000
shoe
  54 -2.078183 2.520726 2.936090 0.732714 -0.006902 0.680502 0.907378 0.218217 1 54 1.000000
  54 -1.987085 1.937503 2.705855 0.765437 -0.145212 0.626912 0.941510 0.203908 1 54 1.000000
  54 -1.948038 1.960030 2.661296 0.968041 -0.123397 0.218334 0.939254 0.201182 1 54 1.000000
shoe
  54 -1.987085 1.937503 2.705855 0.765437 -0.145212 0.626912 0.941510 0.203908 1 54 1.000000
  54 -2.081079 1.148330 2.347640 0.607855 -0.387097 0.693302 0.982819 0.182488 1 54 1.000000
  54 -1.982765 1.250182 2.318310 0.873113 -0.235270 0.426990 0.976607 0.180372 1 54 1.000000
shoe
  54 -2.100537 2.516469 2.475934 0.915695 0.358809 -0.180996 0.900334 0.192186 1 54 1.000000
  54 -2.034622 2.564896 2.889621 0.926126 0.245917 0.286034 0.904082 0.214834 1 54 1.000000
  54 -1.948038 1.960030 2.661296 0.968041 -0.123397 0.218334 0.939254 0.201182 1 54 1.000000
shoe
  54 -2.100537 2.516469 2.475934 0.915695 0.358809 -0.180996 0.900334 0.192186 1 54 1.000000
  54 -2.311331 2.885562 2.550909 0.700001 0.693051 -0.172276 0.872344 0.197691 1 54 1.000000
  54 -2.034622 2.564896 2.889621 0.926126 0.245917 0.286034 0.904082 0.214834 1 54 1.000000
shoe
  54 -1.987085 1.937503 2.705855 0.852516 -0.413867 0.319266 0.941510 0.203908 1 54 1.000000
  54 -1.982765 1.250182 2.318310 0.873113 -0.235270 0.426990 0.976607 0.180372 1 54 1.000000
  54 -2.033358 1.423627 2.163272 0.929052 -0.151424 -0.337539 0.967688 0.172711 1 54 1.000000
shoe
  54 -1.948038 1.960030 2.661296 0.968041 -0.123397 0.218334 0.939254 0.201182 1 54 1.000000
  54 -1.987085 1.937503 2.705855 0.852516 -0.413867 0.319266 0.941510 0.203908 1 54 1.000000
  54 -2.033358 1.423627 2.163272 0.929052 -0.151424 -0.337539 0.967688 0.172711 1 54 1.000000
shoe
  54 -2.015115 1.974169 2.338821 0.974059 0.112685 -0.196243 0.934662 0.182945 1 54 1.000000
  54 -2.100537 2.516469 2.475934 0.915695 0.358809 -0.180996 0.900334 0.192186 1 54 1.000000
  54 -1.948038 1.960030 2.661296 0.968041 -0.123397 0.218334 0.939254 0.201182 1 54 1.000000
shoe
  54 -2.033358 1.423627 2.163272 0.929052 -0.151424 -0.337539 0.967688 0.172711 1 54 1.000000
  54 -2.015115 1.974169 2.338821 0.974059 0.112685 -0.196243 0.934662 0.182945 1 54 1.000000
  54 -1.948038 1.960030 2.661296 0.968041 -0.123397 0.218334 0.939254 0.201182 1 54 1.000000
shoe
  54 -2.360777 2.821868 2.069776 0.724631 0.668132 -0.168844 0.870010 0.169896 1 54 1.000000
  54 -2.311331 2.885562 2.550909 0.700001 0.693051 -0.172276 0.872344 0.197691 1 54 1.000000
  54 -2.100537 2.516469 2.475934 0.915695 0.358809 -0.180996 0.900334 0.192186 1 54 1.000000
shoe
  54 -2.166383 2.448393 2.014609 0.929782 0.323131 -0.176328 0.898722 0.165354 1 54 1.000000
  54 -2.100537 2.516469 2.475934 0.915695 0.358809 -0.180996 0.900334 0.192186 1 54 1.000000
  54 -2.015115 1.974169 2.338821 0.974059 0.112685 -0.196243 0.934662 0.182945 1 54 1.000000
shoe
  54 -2.166383 2.448393 2.014609 0.929782 0.323131 -0.176328 0.898722 0.165354 1 54 1.000000
  54 -2.360777 2.821868 2.069776 0.724631 0.668132 -0.168844 0.870010 0.169896 1 54 1.000000
  54 -2.100537 2.516469 2.475934 0.915695 0.358809 -0.180996 0.900334 0.192186 1 54 1.000000
shoe
  54 -2.093012 1.958578 1.960376 0.977239 0.093004 -0.190666 0.931812 0.160939 1 54 1.000000
  54 -2.015115 1.974169 2.338821 0.974059 0.112685 -0.196243 0.934662 0.182945 1 54 1.000000
  54 -2.033358 1.423627 2.163272 0.929052 -0.151424 -0.337539 0.967688 0.172711 1 54 1.000000
shoe
  54 -2.093012 1.958578 1.960376 0.977239 0.093004 -0.190666 0.931812 0.160939 1 54 1.000000
  54 -2.166383 2.448393 2.014609 0.929782 0.323131 -0.176328 0.898722 0.165354 1 54 1.000000
  54 -2.015115 1.974169 2.338821 0.974059 0.112685 -0.196243 0.934662 0.182945 1 54 1.000000
shoe
  54 -2.360777 2.821868 2.069776 0.724631 0.668132 -0.168844 0.870010 0.169896 1 54 1.000000
  54 -2.658936 3.029112 2.099448 0.381800 0.910493 -0.158844 0.844955 0.172031 1 54 1.000000
  54 -2.311331 2.885562 2.550909 0.700001 0.693051 -0.172276 0.872344 0.197691 1 54 1.000000
shoe
  54 -2.658936 3.029112 2.099448 0.381800 0.910493 -0.158844 0.844955 0.172031 1 54 1.000000
  54 -2.645772 3.104382 2.598295 0.359086 0.918634 -0.164829 0.844400 0.200914 1 54 1.000000
  54 -2.311331 2.885562 2.550909 0.700001 0.693051 -0.172276 0.872344 0.197691 1 54 1.000000
shoe
  54 -2.360777 2.821868 2.069776 0.724631 0.668132 -0.168844 0.870010 0.169896 1 54 1.000000
  54 -2.166383 2.448393 2.014609 0.929782 0.323131 -0.176328 0.898722 0.165354 1 54 1.000000
  54 -2.417274 2.717357 1.414245 0.758359 0.631815 -0.160314 0.869796 0.128871 1 54 1.000000
shoe
  54 -2.658936 3.029112 2.099448 0.381800 0.910493 -0.158844 0.844955 0.172031 1 54 1.000000
  54 -3.025064 3.104022 2.095256 0.048544 0.987944 -0.147006 0.819286 0.171527 1 54 1.000000
  54 -2.645772 3.104382 2.598295 0.359086 0.918634 -0.164829 0.844400 0.200914 1 54 1.000000
shoe
  54 -3.025064 3.104022 2.095256 0.048544 0.987944 -0.147006 0.819286 0.171527 1 54 1.000000
  54 -2.996572 3.173514 2.612822 0.048011 0.986349 -0.157515 0.819548 0.201504 1 54 1.000000
  54 -2.645772 3.104382 2.598295 0.359086 0.918634 -0.164829 0.844400 0.200914 1 54 1.000000
shoe
  54 -2.996572 3.173514 2.612822 0.048011 0.986349 -0.157515 0.819548 0.201504 1 54 1.000000
  54 -3.025064 3.104022 2.095256 0.048544 0.987944 -0.147006 0.819286 0.171527 1 54 1.000000
  54 -3.395958 3.132729 2.593170 -0.306657 0.940569 -0.145915 0.792586 0.199958 1 54 1.000000
shoe
  54 -2.658936 3.029112 2.099448 0.381800 0.910493 -0.158844 0.844955 0.172031 1 54 1.000000
  54 -2.360777 2.821868 2.069776 0.724631 0.668132 -0.168844 0.870010 0.169896 1 54 1.000000
  54 -2.699375 2.929999 1.449214 0.401378 0.901585 -0.161370 0.844522 0.131556 1 54 1.000000
shoe
  54 -3.025064 3.104022 2.095256 0.048544 0.987944 -0.147006 0.819286 0.171527 1 54 1.000000
  54 -2.658936 3.029112 2.099448 0.381800 0.910493 -0.158844 0.844955 0.172031 1 54 1.000000
  54 -2.699375 2.929999 1.449214 0.401378 0.901585 -0.161370 0.844522 0.131556 1 54 1.000000
shoe
  54 -2.360777 2.821868 2.069776 0.724631 0.668132 -0.168844 0.870010 0.169896 1 54 1.000000
  54 -2.417274 2.717357 1.414245 0.758359 0.631815 -0.160314 0.869796 0.128871 1 54 1.000000
  54 -2.699375 2.929999 1.449214 0.401378 0.901585 -0.161370 0.844522 0.131556 1 54 1.000000
shoe
  54 -3.025064 3.104022 2.095256 0.048544 0.987944 -0.147006 0.819286 0.171527 1 54 1.000000
  54 -3.408156 3.063474 2.089768 -0.322654 0.937370 -0.131269 0.793071 0.170697 1 54 1.000000
  54 -3.395958 3.132729 2.593170 -0.306657 0.940569 -0.145915 0.792586 0.199958 1 54 1.000000
shoe
  54 -3.799043 2.880979 2.520301 -0.718248 0.680941 -0.142965 0.761279 0.194634 1 54 1.000000
  54 -3.395958 3.132729 2.593170 -0.306657 0.940569 -0.145915 0.792586 0.199958 1 54 1.000000
  54 -3.408156 3.063474 2.089768 -0.322654 0.937370 -0.131269 0.793071 0.170697 1 54 1.000000
shoe
  54 -3.043168 3.006207 1.451711 0.057250 0.986836 -0.151250 0.819554 0.131516 1 54 1.000000
  54 -3.025064 3.104022 2.095256 0.048544 0.987944 -0.147006 0.819286 0.171527 1 54 1.000000
  54 -2.699375 2.929999 1.449214 0.401378 0.901585 -0.161370 0.844522 0.131556 1 54 1.000000
shoe
  54 -3.408156 3.063474 2.089768 -0.322654 0.937370 -0.131269 0.793071 0.170697 1 54 1.000000
  54 -3.025064 3.104022 2.095256 0.048544 0.987944 -0.147006 0.819286 0.171527 1 54 1.000000
  54 -3.043168 3.006207 1.451711 0.057250 0.986836 -0.151250 0.819554 0.131516 1 54 1.000000
shoe
  54 -3.784607 2.819158 2.051590 -0.751535 0.649662 -0.114605 0.762702 0.167227 1 54 1.000000
  54 -3.799043 2.880979 2.520301 -0.718248 0.680941 -0.142965 0.761279 0.194634 1 54 1.000000
  54 -3.408156 3.063474 2.089768 -0.322654 0.937370 -0.131269 0.793071 0.170697 1 54 1.000000
shoe
  54 -3.997555 2.443755 2.387107 -0.938155 0.308776 -0.156594 0.730576 0.185432 1 54 1.000000
  54 -3.799043 2.880979 2.520301 -0.718248 0.680941 -0.142965 0.761279 0.194634 1 54 1.000000
  54 -3.784607 2.819158 2.051590 -0.751535 0.649662 -0.114605 0.762702 0.167227 1 54 1.000000
shoe
  54 -3.419913 2.966123 1.439847 -0.332236 0.933350 -0.135929 0.792852 0.130254 1 54 1.000000
  54 -3.408156 3.063474 2.089768 -0.322654 0.937370 -0.131269 0.793071 0.170697 1 54 1.000000
  54 -3.043168 3.006207 1.451711 0.057250 0.986836 -0.151250 0.819554 0.131516 1 54 1.000000
shoe
  54 -3.408156 3.063474 2.089768 -0.322654 0.937370 -0.131269 0.793071 0.170697 1 54 1.000000
  54 -3.419913 2.966123 1.439847 -0.332236 0.933350 -0.135929 0.792852 0.130254 1 54 1.000000
  54 -3.784607 2.819158 2.051590 -0.751535 0.649662 -0.114605 0.762702 0.167227 1 54 1.000000
shoe
  54 -3.065718 2.911136 0.822967 0.058228 0.987987 -0.143144 0.819206 0.089104 1 54 1.000000
  54 -3.043168 3.006207 1.451711 0.057250 0.986836 -0.151250 0.819554 0.131516 1 54 1.000000
  54 -2.699375 2.929999 1.449214 0.401378 0.901585 -0.161370 0.844522 0.131556 1 54 1.000000
shoe
  54 -3.419913 2.966123 1.439847 -0.332236 0.933350 -0.135929 0.792852 0.130254 1 54 1.000000
  54 -3.043168 3.006207 1.451711 0.057250 0.986836 -0.151250 0.819554 0.131516 1 54 1.000000
  54 -3.065718 2.911136 0.822967 0.058228 0.987987 -0.143144 0.819206 0.089104 1 54 1.000000
shoe
  54 -3.954802 2.419812 1.997075 -0.954052 0.278020 -0.111754 0.733405 0.162230 1 54 1.000000
  54 -3.997555 2.443755 2.387107 -0.938155 0.308776 -0.156594 0.730576 0.185432 1 54 1.000000
  54 -3.784607 2.819158 2.051590 -0.751535 0.649662 -0.114605 0.762702 0.167227 1 54 1.000000
shoe
  54 -3.997555 2.443755 2.387107 -0.938155 0.308776 -0.156594 0.730576 0.185432 1 54 1.000000
  54 -3.954802 2.419812 1.997075 -0.954052 0.278020 -0.111754 0.733405 0.162230 1 54 1.000000
  54 -4.068650 1.918844 2.244603 -0.974579 0.142948 -0.172516 0.697335 0.175796 1 54 1.000000
shoe
  54 -3.419913 2.966123 1.439847 -0.332236 0.933350 -0.135929 0.792852 0.130254 1 54 1.000000
  54 -3.758326 2.739070 1.423853 -0.770156 0.627643 -0.113685 0.764006 0.128016 1 54 1.000000
  54 -3.784607 2.819158 2.051590 -0.751535 0.649662 -0.114605 0.762702 0.167227 1 54 1.000000
shoe
  54 -3.784607 2.819158 2.051590 -0.751535 0.649662 -0.114605 0.762702 0.167227 1 54 1.000000
  54 -3.758326 2.739070 1.423853 -0.770156 0.627643 -0.113685 0.764006 0.128016 1 54 1.000000
  54 -3.954802 2.419812 1.997075 -0.954052 0.278020 -0.111754 0.733405 0.162230 1 54 1.000000
shoe
  54 -3.954802 2.419812 1.997075 -0.954052 0.278020 -0.111754 0.733405 0.162230 1 54 1.000000
  54 -4.020757 1.938890 1.948403 -0.984429 0.120960 -0.127548 0.701045 0.158005 1 54 1.000000
  54 -4.068650 1.918844 2.244603 -0.974579 0.142948 -0.172516 0.697335 0.175796 1 54 1.000000
shoe
  54 -4.099823 1.494645 2.143142 -0.954093 -0.066334 -0.292072 0.669814 0.170137 1 54 1.000000
  54 -4.068650 1.918844 2.244603 -0.974579 0.142948 -0.172516 0.697335 0.175796 1 54 1.000000
  54 -4.020757 1.938890 1.948403 -0.984429 0.120960 -0.127548 0.701045 0.158005 1 54 1.000000
shoe
  54 -3.758326 2.739070 1.423853 -0.770156 0.627643 -0.113685 0.764006 0.128016 1 54 1.000000
  54 -3.904547 2.367894 1.396424 -0.962067 0.257065 -0.091348 0.735448 0.124418 1 54 1.000000
  54 -3.954802 2.419812 1.997075 -0.954052 0.278020 -0.111754 0.733405 0.162230 1 54 1.000000
shoe
  54 -3.954802 2.419812 1.997075 -0.954052 0.278020 -0.111754 0.733405 0.162230 1 54 1.000000
  54 -3.904547 2.367894 1.396424 -0.962067 0.257065 -0.091348 0.735448 0.124418 1 54 1.000000
  54 -4.020757 1.938890 1.948403 -0.984429 0.120960 -0.127548 0.701045 0.158005 1 54 1.000000
shoe
  54 -3.758326 2.739070 1.423853 -0.770156 0.627643 -0.113685 0.764006 0.128016 1 54 1.000000
  54 -3.419913 2.966123 1.439847 -0.332236 0.933350 -0.135929 0.792852 0.130254 1 54 1.000000
  54 -3.432545 2.874635 0.829935 -0.346174 0.928910 -0.131490 0.792057 0.089153 1 54 1.000000
shoe
  54 -3.432545 2.874635 0.829935 -0.346174 0.928910 -0.131490 0.792057 0.089153 1 54 1.000000
  54 -3.419913 2.966123 1.439847 -0.332236 0.933350 -0.135929 0.792852 0.130254 1 54 1.000000
  54 -3.065718 2.911136 0.822967 0.058228 0.987987 -0.143144 0.819206 0.089104 1 54 1.000000
shoe
  54 -3.904547 2.367894 1.396424 -0.962067 0.257065 -0.091348 0.735448 0.124418 1 54 1.000000
  54 -3.758326 2.739070 1.423853 -0.770156 0.627643 -0.113685 0.764006 0.128016 1 54 1.000000
  54 -3.731832 2.664424 0.823594 -0.778333 0.619851 -0.099909 0.764897 0.087542 1 54 1.000000
shoe
  54 -3.731832 2.664424 0.823594 -0.778333 0.619851 -0.099909 0.764897 0.087542 1 54 1.000000
  54 -3.758326 2.739070 1.423853 -0.770156 0.627643 -0.113685 0.764006 0.128016 1 54 1.000000
  54 -3.432545 2.874635 0.829935 -0.346174 0.928910 -0.131490 0.792057 0.089153 1 54 1.000000
shoe
  54 -3.904547 2.367894 1.396424 -0.962067 0.257065 -0.091348 0.735448 0.124418 1 54 1.000000
  54 -3.963925 1.936358 1.393210 -0.989636 0.118701 -0.080808 0.704094 0.122809 1 54 1.000000
  54 -4.020757 1.938890 1.948403 -0.984429 0.120960 -0.127548 0.701045 0.158005 1 54 1.000000
shoe
  54 -4.051124 1.527358 1.896651 -0.967450 -0.197666 -0.158013 0.674133 0.155221 1 54 1.000000
  54 -4.099823 1.494645 2.143142 -0.954093 -0.066334 -0.292072 0.669814 0.170137 1 54 1.000000
  54 -4.020757 1.938890 1.948403 -0.984429 0.120960 -0.127548 0.701045 0.158005 1 54 1.000000
shoe
  54 -4.051124 1.527358 1.896651 -0.967450 -0.197666 -0.158013 0.674133 0.155221 1 54 1.000000
  54 -4.020757 1.938890 1.948403 -0.984429 0.120960 -0.127548 0.701045 0.158005 1 54 1.000000
  54 -3.963925 1.936358 1.393210 -0.989636 0.118701 -0.080808 0.704094 0.122809 1 54 1.000000
shoe
  54 -4.099823 1.494645 2.143142 -0.954093 -0.066334 -0.292072 0.669814 0.170137 1 54 1.000000
  54 -4.051124 1.527358 1.896651 -0.967450 -0.197666 -0.158013 0.674133 0.155221 1 54 1.000000
  54 -4.038157 1.407069 2.085732 -0.852833 -0.465100 -0.237398 0.663457 0.166162 1 54 1.000000
shoe
  54 -4.051124 1.527358 1.896651 -0.967450 -0.197666 -0.158013 0.674133 0.155221 1 54 1.000000
  54 -4.002684 1.435129 1.919160 -0.827278 -0.497974 -0.260062 0.667911 0.156722 1 54 1.000000
  54 -4.038157 1.407069 2.085732 -0.852833 -0.465100 -0.237398 0.663457 0.166162 1 54 1.000000
shoe
  54 -3.963925 1.936358 1.393210 -0.989636 0.118701 -0.080808 0.704094 0.122809 1 54 1.000000
  54 -3.904547 2.367894 1.396424 -0.962067 0.257065 -0.091348 0.735448 0.124418 1 54 1.000000
  54 -3.871741 2.318975 0.827339 -0.962939 0.262669 -0.061256 0.736631 0.086102 1 54 1.000000
shoe
  54 -3.871741 2.318975 0.827339 -0.962939 0.262669 -0.061256 0.736631 0.086102 1 54 1.000000
  54 -3.904547 2.367894 1.396424 -0.962067 0.257065 -0.091348 0.735448 0.124418 1 54 1.000000
  54 -3.731832 2.664424 0.823594 -0.778333 0.619851 -0.099909 0.764897 0.087542 1 54 1.000000
shoe
  54 -4.005509 1.534593 1.396481 -0.970099 -0.232749 -0.068813 0.674856 0.122724 1 54 1.000000
  54 -4.051124 1.527358 1.896651 -0.967450 -0.197666 -0.158013 0.674133 0.155221 1 54 1.000000
  54 -3.963925 1.936358 1.393210 -0.989636 0.118701 -0.080808 0.704094 0.122809 1 54 1.000000
shoe
  54 -4.051124 1.527358 1.896651 -0.967450 -0.197666 -0.158013 0.674133 0.155221 1 54 1.000000
  54 -3.952940 1.454515 1.398760 -0.836042 -0.545781 -0.056181 0.667901 0.122671 1 54 1.000000
  54 -4.002684 1.435129 1.919160 -0.870402 -0.481839 -0.101149 0.667911 0.156722 1 54 1.000000
shoe
  54 -4.051124 1.527358 1.896651 -0.967450 -0.197666 -0.158013 0.674133 0.155221 1 54 1.000000
  54 -4.005509 1.534593 1.396481 -0.970099 -0.232749 -0.068813 0.674856 0.122724 1 54 1.000000
  54 -3.952940 1.454515 1.398760 -0.836042 -0.545781 -0.056181 0.667901 0.122671 1 54 1.000000
shoe
  54 -4.005509 1.534593 1.396481 -0.970099 -0.232749 -0.068813 0.674856 0.122724 1 54 1.000000
  54 -3.963925 1.936358 1.393210 -0.989636 0.118701 -0.080808 0.704094 0.122809 1 54 1.000000
  54 -3.932395 1.913695 0.841642 -0.990786 0.125789 -0.050191 0.705464 0.085768 1 54 1.000000
shoe
  54 -3.932395 1.913695 0.841642 -0.990786 0.125789 -0.050191 0.705464 0.085768 1 54 1.000000
  54 -3.963925 1.936358 1.393210 -0.989636 0.118701 -0.080808 0.704094 0.122809 1 54 1.000000
  54 -3.871741 2.318975 0.827339 -0.962939 0.262669 -0.061256 0.736631 0.086102 1 54 1.000000
shoe
  54 -4.005509 1.534593 1.396481 -0.970099 -0.232749 -0.068813 0.674856 0.122724 1 54 1.000000
  54 -3.977210 1.517821 0.852850 -0.969293 -0.242499 -0.040800 0.675211 0.085949 1 54 1.000000
  54 -3.952940 1.454515 1.398760 -0.836042 -0.545781 -0.056181 0.667901 0.122671 1 54 1.000000
shoe
  54 -3.977210 1.517821 0.852850 -0.969293 -0.242499 -0.040800 0.675211 0.085949 1 54 1.000000
  54 -4.005509 1.534593 1.396481 -0.970099 -0.232749 -0.068813 0.674856 0.122724 1 54 1.000000
  54 -3.932395 1.913695 0.841642 -0.990786 0.125789 -0.050191 0.705464 0.085768 1 54 1.000000
shoe
  54 -3.977210 1.517821 0.852850 -0.969293 -0.242499 -0.040800 0.675211 0.085949 1 54 1.000000
  54 -3.921768 1.436987 0.852639 -0.828178 -0.559943 -0.024178 0.667901 0.085631 1 54 1.000000
  54 -3.952940 1.454515 1.398760 -0.836042 -0.545781 -0.056181 0.667901 0.122671 1 54 1.000000
shoe
  54 -3.977210 1.517821 0.852850 -0.969293 -0.242499 -0.040800 0.675211 0.085949 1 54 1.000000
  54 -3.953863 1.503633 0.332050 -0.979325 -0.195455 -0.052158 0.675468 0.050636 1 54 1.000000
  54 -3.921768 1.436987 0.852639 -0.828178 -0.559943 -0.024178 0.667901 0.085631 1 54 1.000000
shoe
  54 -3.977210 1.517821 0.852850 -0.969293 -0.242499 -0.040800 0.675211 0.085949 1 54 1.000000
  54 -3.932395 1.913695 0.841642 -0.990786 0.125789 -0.050191 0.705464 0.085768 1 54 1.000000
  54 -3.953863 1.503633 0.332050 -0.979325 -0.195455 -0.052158 0.675468 0.050636 1 54 1.000000
shoe
  54 -3.953863 1.503633 0.332050 -0.979325 -0.195455 -0.052158 0.675468 0.050636 1 54 1.000000
  54 -3.908170 1.417893 0.314096 -0.890004 -0.453461 -0.047601 0.667901 0.049596 1 54 1.000000
  54 -3.921768 1.436987 0.852639 -0.828178 -0.559943 -0.024178 0.667901 0.085631 1 54 1.000000
shoe
  54 -3.905654 1.512827 -0.249654 -0.987957 -0.141912 -0.061660 0.678213 0.010755 1 54 1.000000
  54 -3.862055 1.390562 -0.246054 -0.939589 -0.336840 -0.060917 0.667901 0.010755 1 54 1.000000
  54 -3.908170 1.417893 0.314096 -0.890004 -0.453461 -0.047601 0.667901 0.049596 1 54 1.000000
shoe
  54 -3.953863 1.503633 0.332050 -0.979325 -0.195455 -0.052158 0.675468 0.050636 1 54 1.000000
  54 -3.905654 1.512827 -0.249654 -0.987957 -0.141912 -0.061660 0.678213 0.010755 1 54 1.000000
  54 -3.908170 1.417893 0.314096 -0.890004 -0.453461 -0.047601 0.667901 0.049596 1 54 1.000000
shoe
  54 -3.953863 1.503633 0.332050 -0.979325 -0.195455 -0.052158 0.675468 0.050636 1 54 1.000000
  54 -3.913932 1.894406 0.317676 -0.992276 0.114280 -0.048257 0.706619 0.049169 1 54 1.000000
  54 -3.905654 1.512827 -0.249654 -0.987957 -0.141912 -0.061660 0.678213 0.010755 1 54 1.000000
shoe
  54 -3.932395 1.913695 0.841642 -0.990786 0.125789 -0.050191 0.705464 0.085768 1 54 1.000000
  54 -3.913932 1.894406 0.317676 -0.992276 0.114280 -0.048257 0.706619 0.049169 1 54 1.000000
  54 -3.953863 1.503633 0.332050 -0.979325 -0.195455 -0.052158 0.675468 0.050636 1 54 1.000000
shoe
  54 -3.913932 1.894406 0.317676 -0.992276 0.114280 -0.048257 0.706619 0.049169 1 54 1.000000
  54 -3.889537 1.874083 -0.261035 -0.994249 0.095539 -0.048379 0.707839 0.010755 1 54 1.000000
  54 -3.905654 1.512827 -0.249654 -0.987957 -0.141912 -0.061660 0.678213 0.010755 1 54 1.000000
shoe
  54 -3.913932 1.894406 0.317676 -0.992276 0.114280 -0.048257 0.706619 0.049169 1 54 1.000000
  54 -3.932395 1.913695 0.841642 -0.990786 0.125789 -0.050191 0.705464 0.085768 1 54 1.000000
  54 -3.858378 2.285392 0.303452 -0.960290 0.273760 -0.053837 0.737911 0.049038 1 54 1.000000
shoe
  54 -3.913932 1.894406 0.317676 -0.992276 0.114280 -0.048257 0.706619 0.049169 1 54 1.000000
  54 -3.858378 2.285392 0.303452 -0.960290 0.273760 -0.053837 0.737911 0.049038 1 54 1.000000
  54 -3.889537 1.874083 -0.261035 -0.994249 0.095539 -0.048379 0.707839 0.010755 1 54 1.000000
shoe
  54 -3.932395 1.913695 0.841642 -0.990786 0.125789 -0.050191 0.705464 0.085768 1 54 1.000000
  54 -3.871741 2.318975 0.827339 -0.962939 0.262669 -0.061256 0.736631 0.086102 1 54 1.000000
  54 -3.858378 2.285392 0.303452 -0.960290 0.273760 -0.053837 0.737911 0.049038 1 54 1.000000
shoe
  54 -3.858378 2.285392 0.303452 -0.960290 0.273760 -0.053837 0.737911 0.049038 1 54 1.000000
  54 -3.829060 2.259517 -0.273399 -0.954255 0.292575 -0.061623 0.740176 0.010755 1 54 1.000000
  54 -3.889537 1.874083 -0.261035 -0.994249 0.095539 -0.048379 0.707839 0.010755 1 54 1.000000
shoe
  54 -3.690356 2.552096 -0.282075 -0.758866 0.644349 -0.094534 0.766954 0.010755 1 54 1.000000
  54 -3.829060 2.259517 -0.273399 -0.954255 0.292575 -0.061623 0.740176 0.010755 1 54 1.000000
  54 -3.858378 2.285392 0.303452 -0.960290 0.273760 -0.053837 0.737911 0.049038 1 54 1.000000
shoe
  54 -3.858378 2.285392 0.303452 -0.960290 0.273760 -0.053837 0.737911 0.049038 1 54 1.000000
  54 -3.871741 2.318975 0.827339 -0.962939 0.262669 -0.061256 0.736631 0.086102 1 54 1.000000
  54 -3.716133 2.611718 0.289208 -0.766345 0.635975 -0.090830 0.765930 0.049377 1 54 1.000000
shoe
  54 -3.716133 2.611718 0.289208 -0.766345 0.635975 -0.090830 0.765930 0.049377 1 54 1.000000
  54 -3.690356 2.552096 -0.282075 -0.758866 0.644349 -0.094534 0.766954 0.010755 1 54 1.000000
  54 -3.858378 2.285392 0.303452 -0.960290 0.273760 -0.053837 0.737911 0.049038 1 54 1.000000
shoe
  54 -3.871741 2.318975 0.827339 -0.962939 0.262669 -0.061256 0.736631 0.086102 1 54 1.000000
  54 -3.731832 2.664424 0.823594 -0.778333 0.619851 -0.099909 0.764897 0.087542 1 54 1.000000
  54 -3.716133 2.611718 0.289208 -0.766345 0.635975 -0.090830 0.765930 0.049377 1 54 1.000000
shoe
  54 -3.690356 2.552096 -0.282075 -0.758866 0.644349 -0.094534 0.766954 0.010755 1 54 1.000000
  54 -3.716133 2.611718 0.289208 -0.766345 0.635975 -0.090830 0.765930 0.049377 1 54 1.000000
  54 -3.423283 2.727066 -0.286592 -0.332854 0.934876 -0.123350 0.792652 0.010755 1 54 1.000000
shoe
  54 -3.433208 2.799925 0.286427 -0.342782 0.931089 -0.124792 0.792037 0.050072 1 54 1.000000
  54 -3.716133 2.611718 0.289208 -0.766345 0.635975 -0.090830 0.765930 0.049377 1 54 1.000000
  54 -3.731832 2.664424 0.823594 -0.778333 0.619851 -0.099909 0.764897 0.087542 1 54 1.000000
shoe
  54 -3.716133 2.611718 0.289208 -0.766345 0.635975 -0.090830 0.765930 0.049377 1 54 1.000000
  54 -3.433208 2.799925 0.286427 -0.342782 0.931089 -0.124792 0.792037 0.050072 1 54 1.000000
  54 -3.423283 2.727066 -0.286592 -0.332854 0.934876 -0.123350 0.792652 0.010755 1 54 1.000000
shoe
  54 -3.432545 2.874635 0.829935 -0.346174 0.928910 -0.131490 0.792057 0.089153 1 54 1.000000
  54 -3.433208 2.799925 0.286427 -0.342782 0.931089 -0.124792 0.792037 0.050072 1 54 1.000000
  54 -3.731832 2.664424 0.823594 -0.778333 0.619851 -0.099909 0.764897 0.087542 1 54 1.000000
shoe
  54 -3.108551 2.756971 -0.290609 0.042827 0.989610 -0.137247 0.817662 0.010755 1 54 1.000000
  54 -3.423283 2.727066 -0.286592 -0.332854 0.934876 -0.123350 0.792652 0.010755 1 54 1.000000
  54 -3.433208 2.799925 0.286427 -0.342782 0.931089 -0.124792 0.792037 0.050072 1 54 1.000000
shoe
  54 -3.093091 2.837492 0.282056 0.044063 0.989373 -0.138565 0.818072 0.050088 1 54 1.000000
  54 -3.433208 2.799925 0.286427 -0.342782 0.931089 -0.124792 0.792037 0.050072 1 54 1.000000
  54 -3.432545 2.874635 0.829935 -0.346174 0.928910 -0.131490 0.792057 0.089153 1 54 1.000000
shoe
  54 -3.093091 2.837492 0.282056 0.044063 0.989373 -0.138565 0.818072 0.050088 1 54 1.000000
  54 -3.108551 2.756971 -0.290609 0.042827 0.989610 -0.137247 0.817662 0.010755 1 54 1.000000
  54 -3.433208 2.799925 0.286427 -0.342782 0.931089 -0.124792 0.792037 0.050072 1 54 1.000000
shoe
  54 -3.065718 2.911136 0.822967 0.058228 0.987987 -0.143144 0.819206 0.089104 1 54 1.000000
  54 -3.093091 2.837492 0.282056 0.044063 0.989373 -0.138565 0.818072 0.050088 1 54 1.000000
  54 -3.432545 2.874635 0.829935 -0.346174 0.928910 -0.131490 0.792057 0.089153 1 54 1.000000
shoe
  54 -3.108551 2.756971 -0.290609 0.042827 0.989610 -0.137247 0.817662 0.010755 1 54 1.000000
  54 -3.093091 2.837492 0.282056 0.044063 0.989373 -0.138565 0.818072 0.050088 1 54 1.000000
  54 -2.794099 2.696304 -0.289040 0.378283 0.916006 -0.133544 0.843316 0.010755 1 54 1.000000
shoe
  54 -3.093091 2.837492 0.282056 0.044063 0.989373 -0.138565 0.818072 0.050088 1 54 1.000000
  54 -3.065718 2.911136 0.822967 0.058228 0.987987 -0.143144 0.819206 0.089104 1 54 1.000000
  54 -2.763761 2.769531 0.281329 0.395131 0.908513 -0.135926 0.843736 0.050133 1 54 1.000000
shoe
  54 -3.093091 2.837492 0.282056 0.044063 0.989373 -0.138565 0.818072 0.050088 1 54 1.000000
  54 -2.763761 2.769531 0.281329 0.395131 0.908513 -0.135926 0.843736 0.050133 1 54 1.000000
  54 -2.794099 2.696304 -0.289040 0.378283 0.916006 -0.133544 0.843316 0.010755 1 54 1.000000
shoe
  54 -3.065718 2.911136 0.822967 0.058228 0.987987 -0.143144 0.819206 0.089104 1 54 1.000000
  54 -2.730797 2.835074 0.820442 0.411214 0.899805 -0.145788 0.844577 0.089063 1 54 1.000000
  54 -2.763761 2.769531 0.281329 0.395131 0.908513 -0.135926 0.843736 0.050133 1 54 1.000000
shoe
  54 -2.730797 2.835074 0.820442 0.411214 0.899805 -0.145788 0.844577 0.089063 1 54 1.000000
  54 -3.065718 2.911136 0.822967 0.058228 0.987987 -0.143144 0.819206 0.089104 1 54 1.000000
  54 -2.699375 2.929999 1.449214 0.401378 0.901585 -0.161370 0.844522 0.131556 1 54 1.000000
shoe
  54 -2.730797 2.835074 0.820442 0.411214 0.899805 -0.145788 0.844577 0.089063 1 54 1.000000
  54 -2.699375 2.929999 1.449214 0.401378 0.901585 -0.161370 0.844522 0.131556 1 54 1.000000
  54 -2.417274 2.717357 1.414245 0.758359 0.631815 -0.160314 0.869796 0.128871 1 54 1.000000
shoe
  54 -2.763761 2.769531 0.281329 0.395131 0.908513 -0.135926 0.843736 0.050133 1 54 1.000000
  54 -2.489580 2.578218 0.285977 0.761744 0.638345 -0.110737 0.869554 0.050102 1 54 1.000000
  54 -2.794099 2.696304 -0.289040 0.378283 0.916006 -0.133544 0.843316 0.010755 1 54 1.000000
shoe
  54 -2.489580 2.578218 0.285977 0.761744 0.638345 -0.110737 0.869554 0.050102 1 54 1.000000
  54 -2.518413 2.516717 -0.288141 0.760806 0.639264 -0.111877 0.869901 0.010755 1 54 1.000000
  54 -2.794099 2.696304 -0.289040 0.378283 0.916006 -0.133544 0.843316 0.010755 1 54 1.000000
shoe
  54 -2.730797 2.835074 0.820442 0.411214 0.899805 -0.145788 0.844577 0.089063 1 54 1.000000
  54 -2.458503 2.634871 0.816640 0.772256 0.621806 -0.130300 0.869875 0.088357 1 54 1.000000
  54 -2.763761 2.769531 0.281329 0.395131 0.908513 -0.135926 0.843736 0.050133 1 54 1.000000
shoe
  54 -2.458503 2.634871 0.816640 0.772256 0.621806 -0.130300 0.869875 0.088357 1 54 1.000000
  54 -2.730797 2.835074 0.820442 0.411214 0.899805 -0.145788 0.844577 0.089063 1 54 1.000000
  54 -2.417274 2.717357 1.414245 0.758359 0.631815 -0.160314 0.869796 0.128871 1 54 1.000000
shoe
  54 -2.458503 2.634871 0.816640 0.772256 0.621806 -0.130300 0.869875 0.088357 1 54 1.000000
  54 -2.489580 2.578218 0.285977 0.761744 0.638345 -0.110737 0.869554 0.050102 1 54 1.000000
  54 -2.763761 2.769531 0.281329 0.395131 0.908513 -0.135926 0.843736 0.050133 1 54 1.000000
shoe
  54 -2.458503 2.634871 0.816640 0.772256 0.621806 -0.130300 0.869875 0.088357 1 54 1.000000
  54 -2.417274 2.717357 1.414245 0.758359 0.631815 -0.160314 0.869796 0.128871 1 54 1.000000
  54 -2.256417 2.363075 1.385966 0.948240 0.279932 -0.149928 0.897959 0.125801 1 54 1.000000
shoe
  54 -2.166383 2.448393 2.014609 0.929782 0.323131 -0.176328 0.898722 0.165354 1 54 1.000000
  54 -2.256417 2.363075 1.385966 0.948240 0.279932 -0.149928 0.897959 0.125801 1 54 1.000000
  54 -2.417274 2.717357 1.414245 0.758359 0.631815 -0.160314 0.869796 0.128871 1 54 1.000000
shoe
  54 -2.166383 2.448393 2.014609 0.929782 0.323131 -0.176328 0.898722 0.165354 1 54 1.000000
  54 -2.093012 1.958578 1.960376 0.977239 0.093004 -0.190666 0.931812 0.160939 1 54 1.000000
  54 -2.256417 2.363075 1.385966 0.948240 0.279932 -0.149928 0.897959 0.125801 1 54 1.000000
shoe
  54 -2.489580 2.578218 0.285977 0.761744 0.638345 -0.110737 0.869554 0.050102 1 54 1.000000
  54 -2.458503 2.634871 0.816640 0.772256 0.621806 -0.130300 0.869875 0.088357 1 54 1.000000
  54 -2.311559 2.300349 0.819567 0.958801 0.265289 -0.101596 0.897731 0.087385 1 54 1.000000
shoe
  54 -2.311559 2.300349 0.819567 0.958801 0.265289 -0.101596 0.897731 0.087385 1 54 1.000000
  54 -2.458503 2.634871 0.816640 0.772256 0.621806 -0.130300 0.869875 0.088357 1 54 1.000000
  54 -2.256417 2.363075 1.385966 0.948240 0.279932 -0.149928 0.897959 0.125801 1 54 1.000000
shoe
  54 -2.489580 2.578218 0.285977 0.761744 0.638345 -0.110737 0.869554 0.050102 1 54 1.000000
  54 -2.343397 2.265396 0.298930 0.957505 0.273981 -0.090105 0.896742 0.050149 1 54 1.000000
  54 -2.518413 2.516717 -0.288141 0.760806 0.639264 -0.111877 0.869901 0.010755 1 54 1.000000
shoe
  54 -2.343397 2.265396 0.298930 0.957505 0.273981 -0.090105 0.896742 0.050149 1 54 1.000000
  54 -2.489580 2.578218 0.285977 0.761744 0.638345 -0.110737 0.869554 0.050102 1 54 1.000000
  54 -2.311559 2.300349 0.819567 0.958801 0.265289 -0.101596 0.897731 0.087385 1 54 1.000000
shoe
  54 -2.343397 2.265396 0.298930 0.957505 0.273981 -0.090105 0.896742 0.050149 1 54 1.000000
  54 -2.395488 2.234956 -0.279957 0.962924 0.250623 -0.099826 0.895204 0.010755 1 54 1.000000
  54 -2.518413 2.516717 -0.288141 0.760806 0.639264 -0.111877 0.869901 0.010755 1 54 1.000000
shoe
  54 -2.356939 1.863695 -0.268543 0.992804 0.050397 -0.108631 0.926004 0.010755 1 54 1.000000
  54 -2.395488 2.234956 -0.279957 0.962924 0.250623 -0.099826 0.895204 0.010755 1 54 1.000000
  54 -2.343397 2.265396 0.298930 0.957505 0.273981 -0.090105 0.896742 0.050149 1 54 1.000000
shoe
  54 -2.289678 1.883776 0.316634 0.993526 0.069341 -0.089990 0.927195 0.050842 1 54 1.000000
  54 -2.356939 1.863695 -0.268543 0.992804 0.050397 -0.108631 0.926004 0.010755 1 54 1.000000
  54 -2.343397 2.265396 0.298930 0.957505 0.273981 -0.090105 0.896742 0.050149 1 54 1.000000
shoe
  54 -2.343397 2.265396 0.298930 0.957505 0.273981 -0.090105 0.896742 0.050149 1 54 1.000000
  54 -2.311559 2.300349 0.819567 0.958801 0.265289 -0.101596 0.897731 0.087385 1 54 1.000000
  54 -2.289678 1.883776 0.316634 0.993526 0.069341 -0.089990 0.927195 0.050842 1 54 1.000000
shoe
  54 -2.360179 1.476084 -0.256404 0.972667 -0.207368 -0.104484 0.957678 0.010755 1 54 1.000000
  54 -2.356939 1.863695 -0.268543 0.992804 0.050397 -0.108631 0.926004 0.010755 1 54 1.000000
  54 -2.289678 1.883776 0.316634 0.993526 0.069341 -0.089990 0.927195 0.050842 1 54 1.000000
shoe
  54 -2.352178 1.378239 0.310936 0.779815 -0.621129 -0.078016 0.968688 0.051491 1 54 1.000000
  54 -2.413241 1.346707 -0.252086 0.921420 -0.380530 -0.078621 0.968688 0.010755 1 54 1.000000
  54 -2.360179 1.476084 -0.256404 0.972667 -0.207368 -0.104484 0.957678 0.010755 1 54 1.000000
shoe
  54 -2.284029 1.457833 0.327551 0.936612 -0.339090 -0.088184 0.960743 0.052476 1 54 1.000000
  54 -2.352178 1.378239 0.310936 0.779815 -0.621129 -0.078016 0.968688 0.051491 1 54 1.000000
  54 -2.360179 1.476084 -0.256404 0.972667 -0.207368 -0.104484 0.957678 0.010755 1 54 1.000000
shoe
  54 -2.284029 1.457833 0.327551 0.936612 -0.339090 -0.088184 0.960743 0.052476 1 54 1.000000
  54 -2.360179 1.476084 -0.256404 0.972667 -0.207368 -0.104484 0.957678 0.010755 1 54 1.000000
  54 -2.289678 1.883776 0.316634 0.993526 0.069341 -0.089990 0.927195 0.050842 1 54 1.000000
shoe
  54 -2.313067 1.401844 0.850629 0.728041 -0.684406 -0.039302 0.968688 0.087767 1 54 1.000000
  54 -2.352178 1.378239 0.310936 0.779815 -0.621129 -0.078016 0.968688 0.051491 1 54 1.000000
  54 -2.284029 1.457833 0.327551 0.936612 -0.339090 -0.088184 0.960743 0.052476 1 54 1.000000
shoe
  54 -2.311559 2.300349 0.819567 0.958801 0.265289 -0.101596 0.897731 0.087385 1 54 1.000000
  54 -2.261051 1.896400 0.840680 0.992439 0.080025 -0.093062 0.928882 0.087804 1 54 1.000000
  54 -2.289678 1.883776 0.316634 0.993526 0.069341 -0.089990 0.927195 0.050842 1 54 1.000000
shoe
  54 -2.289678 1.883776 0.316634 0.993526 0.069341 -0.089990 0.927195 0.050842 1 54 1.000000
  54 -2.261051 1.896400 0.840680 0.992439 0.080025 -0.093062 0.928882 0.087804 1 54 1.000000
  54 -2.284029 1.457833 0.327551 0.936612 -0.339090 -0.088184 0.960743 0.052476 1 54 1.000000
shoe
  54 -2.238445 1.480272 0.857689 0.933947 -0.348827 -0.077859 0.960672 0.088710 1 54 1.000000
  54 -2.313067 1.401844 0.850629 0.728041 -0.684406 -0.039302 0.968688 0.087767 1 54 1.000000
  54 -2.284029 1.457833 0.327551 0.936612 -0.339090 -0.088184 0.960743 0.052476 1 54 1.000000
shoe
  54 -2.261051 1.896400 0.840680 0.992439 0.080025 -0.093062 0.928882 0.087804 1 54 1.000000
  54 -2.238445 1.480272 0.857689 0.933947 -0.348827 -0.077859 0.960672 0.088710 1 54 1.000000
  54 -2.284029 1.457833 0.327551 0.936612 -0.339090 -0.088184 0.960743 0.052476 1 54 1.000000
shoe
  54 -2.260083 1.420286 1.394046 0.707716 -0.700374 -0.092813 0.968688 0.124704 1 54 1.000000
  54 -2.313067 1.401844 0.850629 0.728041 -0.684406 -0.039302 0.968688 0.087767 1 54 1.000000
  54 -2.238445 1.480272 0.857689 0.933947 -0.348827 -0.077859 0.960672 0.088710 1 54 1.000000
shoe
  54 -2.198768 1.921312 1.370485 0.985867 0.083573 -0.145197 0.930179 0.123646 1 54 1.000000
  54 -2.261051 1.896400 0.840680 0.992439 0.080025 -0.093062 0.928882 0.087804 1 54 1.000000
  54 -2.311559 2.300349 0.819567 0.958801 0.265289 -0.101596 0.897731 0.087385 1 54 1.000000
shoe
  54 -2.261051 1.896400 0.840680 0.992439 0.080025 -0.093062 0.928882 0.087804 1 54 1.000000
  54 -2.198768 1.921312 1.370485 0.985867 0.083573 -0.145197 0.930179 0.123646 1 54 1.000000
  54 -2.238445 1.480272 0.857689 0.933947 -0.348827 -0.077859 0.960672 0.088710 1 54 1.000000
shoe
  54 -2.256417 2.363075 1.385966 0.948240 0.279932 -0.149928 0.897959 0.125801 1 54 1.000000
  54 -2.198768 1.921312 1.370485 0.985867 0.083573 -0.145197 0.930179 0.123646 1 54 1.000000
  54 -2.311559 2.300349 0.819567 0.958801 0.265289 -0.101596 0.897731 0.087385 1 54 1.000000
shoe
  54 -2.093012 1.958578 1.960376 0.977239 0.093004 -0.190666 0.931812 0.160939 1 54 1.000000
  54 -2.198768 1.921312 1.370485 0.985867 0.083573 -0.145197 0.930179 0.123646 1 54 1.000000
  54 -2.256417 2.363075 1.385966 0.948240 0.279932 -0.149928 0.897959 0.125801 1 54 1.000000
shoe
  54 -2.178365 1.502453 1.395158 0.926094 -0.354053 -0.130369 0.960486 0.125311 1 54 1.000000
  54 -2.260083 1.420286 1.394046 0.707716 -0.700374 -0.092813 0.968688 0.124704 1 54 1.000000
  54 -2.238445 1.480272 0.857689 0.933947 -0.348827 -0.077859 0.960672 0.088710 1 54 1.000000
shoe
  54 -2.198768 1.921312 1.370485 0.985867 0.083573 -0.145197 0.930179 0.123646 1 54 1.000000
  54 -2.178365 1.502453 1.395158 0.926094 -0.354053 -0.130369 0.960486 0.125311 1 54 1.000000
  54 -2.238445 1.480272 0.857689 0.933947 -0.348827 -0.077859 0.960672 0.088710 1 54 1.000000
shoe
  54 -2.260083 1.420286 1.394046 0.707716 -0.700374 -0.092813 0.968688 0.124704 1 54 1.000000
  54 -2.178365 1.502453 1.395158 0.926094 -0.354053 -0.130369 0.960486 0.125311 1 54 1.000000
  54 -2.171616 1.405435 1.905510 0.688022 -0.687618 -0.231965 0.968688 0.158603 1 54 1.000000
shoe
  54 -2.198768 1.921312 1.370485 0.985867 0.083573 -0.145197 0.930179 0.123646 1 54 1.000000
  54 -2.093012 1.958578 1.960376 0.977239 0.093004 -0.190666 0.931812 0.160939 1 54 1.000000
  54 -2.090302 1.481404 1.920899 0.910678 -0.335360 -0.241246 0.962651 0.159373 1 54 1.000000
shoe
  54 -2.178365 1.502453 1.395158 0.926094 -0.354053 -0.130369 0.960486 0.125311 1 54 1.000000
  54 -2.198768 1.921312 1.370485 0.985867 0.083573 -0.145197 0.930179 0.123646 1 54 1.000000
  54 -2.090302 1.481404 1.920899 0.910678 -0.335360 -0.241246 0.962651 0.159373 1 54 1.000000
shoe
  54 -2.178365 1.502453 1.395158 0.926094 -0.354053 -0.130369 0.960486 0.125311 1 54 1.000000
  54 -2.090302 1.481404 1.920899 0.910678 -0.335360 -0.241246 0.962651 0.159373 1 54 1.000000
  54 -2.171616 1.405435 1.905510 0.688022 -0.687618 -0.231965 0.968688 0.158603 1 54 1.000000
shoe
  54 -2.090302 1.481404 1.920899 0.910678 -0.335360 -0.241246 0.962651 0.159373 1 54 1.000000
  54 -2.093012 1.958578 1.960376 0.977239 0.093004 -0.190666 0.931812 0.160939 1 54 1.000000
  54 -2.033358 1.423627 2.163272 0.929052 -0.151424 -0.337539 0.967688 0.172711 1 54 1.000000
shoe
  54 -2.171616 1.405435 1.905510 0.688022 -0.687618 -0.231965 0.968688 0.158603 1 54 1.000000
  54 -2.090302 1.481404 1.920899 0.910678 -0.335360 -0.241246 0.962651 0.159373 1 54 1.000000
  54 -2.134872 1.363591 2.059334 0.735898 -0.528339 -0.423452 0.974305 0.166759 1 54 1.000000
shoe
  54 -2.090302 1.481404 1.920899 0.910678 -0.335360 -0.241246 0.962651 0.159373 1 54 1.000000
  54 -2.033358 1.423627 2.163272 0.929052 -0.151424 -0.337539 0.967688 0.172711 1 54 1.000000
  54 -2.134872 1.363591 2.059334 0.735898 -0.528339 -0.423452 0.974305 0.166759 1 54 1.000000
shoe
  54 -2.134872 1.363591 2.059334 0.735898 -0.528339 -0.423452 0.974305 0.166759 1 54 1.000000
  54 -2.033358 1.423627 2.163272 0.929052 -0.151424 -0.337539 0.967688 0.172711 1 54 1.000000
  54 -2.125052 1.217425 2.157749 0.725232 -0.427406 -0.539780 0.986142 0.171251 1 54 1.000000
shoe
  54 -2.033358 1.423627 2.163272 0.929052 -0.151424 -0.337539 0.967688 0.172711 1 54 1.000000
  54 -1.982765 1.250182 2.318310 0.685943 -0.528635 -0.500027 0.976607 0.180372 1 54 1.000000
  54 -2.125052 1.217425 2.157749 0.725232 -0.427406 -0.539780 0.986142 0.171251 1 54 1.000000
shoe
  54 -1.982765 1.250182 2.318310 0.685943 -0.528635 -0.500027 0.976607 0.180372 1 54 1.000000
  54 -2.081079 1.148330 2.347640 0.602736 -0.694795 -0.392390 0.982819 0.182488 1 54 1.000000
  54 -2.125052 1.217425 2.157749 0.725232 -0.427406 -0.539780 0.986142 0.171251 1 54 1.000000
shoe
  54 -4.838802 -1.496918 0.836697 -0.938494 0.156986 0.307546 0.832688 0.976733 1 54 1.000000
  54 -4.702816 -1.095693 1.041797 -0.934908 0.323772 0.145321 0.862850 0.980189 1 54 1.000000
  54 -4.538685 -0.893021 0.712646 -0.912341 0.406014 -0.052783 0.877550 0.953522 1 54 1.000000
shoe
  54 -4.445903 -0.654181 1.112257 -0.890819 0.454039 -0.017006 0.897754 0.969543 1 54 1.000000
  54 -4.538685 -0.893021 0.712646 -0.912341 0.406014 -0.052783 0.877550 0.953522 1 54 1.000000
  54 -4.702816 -1.095693 1.041797 -0.934908 0.323772 0.145321 0.862850 0.980189 1 54 1.000000
shoe
  54 -4.518484 -0.743153 1.249435 -0.707729 0.609234 0.357706 0.893223 0.981670 1 54 1.000000
  54 -4.445903 -0.654181 1.112257 -0.890819 0.454039 -0.017006 0.897754 0.969543 1 54 1.000000
  54 -4.702816 -1.095693 1.041797 -0.934908 0.323772 0.145321 0.862850 0.980189 1 54 1.000000
shoe
  54 -4.702816 -1.095693 1.041797 -0.934908 0.323772 0.145321 0.862850 0.980189 1 54 1.000000
  54 -4.649674 -1.132036 1.081899 -0.660154 -0.114689 0.742323 0.861311 0.985299 1 54 1.000000
  54 -4.518484 -0.743153 1.249435 -0.707729 0.609234 0.357706 0.893223 0.981670 1 54 1.000000
shoe
  54 -4.649674 -1.132036 1.081899 -0.660154 -0.114689 0.742323 0.861311 0.985299 1 54 1.000000
  54 -4.495963 -0.763055 1.295381 -0.849661 0.428325 0.307594 0.893540 0.985299 1 54 1.000000
  54 -4.518484 -0.743153 1.249435 -0.707729 0.609234 0.357706 0.893223 0.981670 1 54 1.000000
shoe
  54 -4.518484 -0.743153 1.249435 -0.707729 0.609234 0.357706 0.893223 0.981670 1 54 1.000000
  54 -4.495963 -0.763055 1.295381 -0.849661 0.428325 0.307594 0.893540 0.985299 1 54 1.000000
  54 -4.445903 -0.654181 1.112257 -0.890819 0.454039 -0.017006 0.897754 0.969543 1 54 1.000000
shoe
  54 -4.495963 -0.763055 1.295381 -0.849661 0.428325 0.307594 0.893540 0.985299 1 54 1.000000
  54 -4.323905 -0.394739 1.491479 -0.931730 0.362606 -0.019911 0.927245 0.985299 1 54 1.000000
  54 -4.445903 -0.654181 1.112257 -0.890819 0.454039 -0.017006 0.897754 0.969543 1 54 1.000000
shoe
  54 -4.768035 -1.540035 0.903448 -0.710429 -0.085393 0.698569 0.829753 0.985299 1 54 1.000000
  54 -4.649674 -1.132036 1.081899 -0.660154 -0.114689 0.742323 0.861311 0.985299 1 54 1.000000
  54 -4.702816 -1.095693 1.041797 -0.663373 -0.131968 0.736560 0.862850 0.980189 1 54 1.000000
shoe
  54 -4.838802 -1.496918 0.836697 -0.938494 0.156986 0.307546 0.832688 0.976733 1 54 1.000000
  54 -4.768035 -1.540035 0.903448 -0.710429 -0.085393 0.698569 0.829753 0.985299 1 54 1.000000
  54 -4.702816 -1.095693 1.041797 -0.663373 -0.131968 0.736560 0.862850 0.980189 1 54 1.000000
shoe
  54 -4.323905 -0.394739 1.491479 -0.931730 0.362606 -0.019911 0.927245 0.985299 1 54 1.000000
  54 -4.273246 -0.264983 1.419864 -0.941358 0.331243 -0.064211 0.927245 0.970694 1 54 1.000000
  54 -4.445903 -0.654181 1.112257 -0.890819 0.454039 -0.017006 0.897754 0.969543 1 54 1.000000
shoe
  54 -4.323905 -0.394739 1.491479 -0.931730 0.362606 -0.019911 0.927245 0.985299 1 54 1.000000
  54 -4.192185 0.163490 1.812456 -0.967676 0.222768 -0.118223 0.954050 0.985299 1 54 1.000000
  54 -4.273246 -0.264983 1.419864 -0.941358 0.331243 -0.064211 0.927245 0.970694 1 54 1.000000
shoe
  54 -4.273246 -0.264983 1.419864 -0.941358 0.331243 -0.064211 0.927245 0.970694 1 54 1.000000
  54 -4.415525 -0.581824 0.991426 -0.923852 0.382749 0.000300 0.900096 0.959713 1 54 1.000000
  54 -4.445903 -0.654181 1.112257 -0.890819 0.454039 -0.017006 0.897754 0.969543 1 54 1.000000
shoe
  54 -4.538685 -0.893021 0.712646 -0.912341 0.406014 -0.052783 0.877550 0.953522 1 54 1.000000
  54 -4.445903 -0.654181 1.112257 -0.890819 0.454039 -0.017006 0.897754 0.969543 1 54 1.000000
  54 -4.415525 -0.581824 0.991426 -0.923852 0.382749 0.000300 0.900096 0.959713 1 54 1.000000
shoe
  54 -4.192185 0.163490 1.812456 -0.967676 0.222768 -0.118223 0.954050 0.985299 1 54 1.000000
  54 -4.166969 0.230853 1.732211 -0.969387 0.208638 -0.129457 0.954050 0.970694 1 54 1.000000
  54 -4.273246 -0.264983 1.419864 -0.941358 0.331243 -0.064211 0.927245 0.970694 1 54 1.000000
shoe
  54 -4.508173 -0.808917 0.620061 -0.937275 0.348444 0.010117 0.882357 0.946880 1 54 1.000000
  54 -4.538685 -0.893021 0.712646 -0.912341 0.406014 -0.052783 0.877550 0.953522 1 54 1.000000
  54 -4.415525 -0.581824 0.991426 -0.923852 0.382749 0.000300 0.900096 0.959713 1 54 1.000000
shoe
  54 -4.166969 0.230853 1.732211 -0.969387 0.208638 -0.129457 0.954050 0.970694 1 54 1.000000
  54 -4.192185 0.163490 1.812456 -0.967676 0.222768 -0.118223 0.954050 0.985299 1 54 1.000000
  54 -4.122180 0.757958 2.008213 -0.985559 0.141480 -0.093044 0.974962 0.970694 1 54 1.000000
shoe
  54 -4.192185 0.163490 1.812456 -0.967676 0.222768 -0.118223 0.954050 0.985299 1 54 1.000000
  54 -4.132974 0.744246 2.106016 -0.983785 0.141414 -0.110311 0.974962 0.985299 1 54 1.000000
  54 -4.122180 0.757958 2.008213 -0.985559 0.141480 -0.093044 0.974962 0.970694 1 54 1.000000
shoe
  54 -4.122180 0.757958 2.008213 -0.985559 0.141480 -0.093044 0.974962 0.970694 1 54 1.000000
  54 -4.132974 0.744246 2.106016 -0.983785 0.141414 -0.110311 0.974962 0.985299 1 54 1.000000
  54 -4.071391 1.259804 2.194898 -0.946994 0.161042 -0.277970 0.992168 0.970694 1 54 1.000000
shoe
  54 -4.132974 0.744246 2.106016 -0.983785 0.141414 -0.110311 0.974962 0.985299 1 54 1.000000
  54 -4.125623 1.193230 2.325763 -0.938020 0.164627 -0.304984 0.992168 0.985299 1 54 1.000000
  54 -4.071391 1.259804 2.194898 -0.946994 0.161042 -0.277970 0.992168 0.970694 1 54 1.000000
shoe
  54 -4.538685 -0.893021 0.712646 -0.912341 0.406014 -0.052783 0.877550 0.953522 1 54 1.000000
  54 -4.508173 -0.808917 0.620061 -0.937275 0.348444 0.010117 0.882357 0.946880 1 54 1.000000
  54 -4.630056 -1.138719 0.359850 -0.924105 0.381561 -0.021008 0.861345 0.934068 1 54 1.000000
shoe
  54 -4.538685 -0.893021 0.712646 -0.912341 0.406014 -0.052783 0.877550 0.953522 1 54 1.000000
  54 -4.630056 -1.138719 0.359850 -0.924105 0.381561 -0.021008 0.861345 0.934068 1 54 1.000000
  54 -4.838802 -1.496918 0.836697 -0.938494 0.156986 0.307546 0.832688 0.976733 1 54 1.000000
shoe
  54 -4.508173 -0.808917 0.620061 -0.937275 0.348444 0.010117 0.882357 0.946880 1 54 1.000000
  54 -4.604196 -1.060271 0.267628 -0.938745 0.344588 0.004050 0.867609 0.927173 1 54 1.000000
  54 -4.630056 -1.138719 0.359850 -0.924105 0.381561 -0.021008 0.861345 0.934068 1 54 1.000000
shoe
  54 -4.630056 -1.138719 0.359850 -0.924105 0.381561 -0.021008 0.861345 0.934068 1 54 1.000000
  54 -4.604196 -1.060271 0.267628 -0.938745 0.344588 0.004050 0.867609 0.927173 1 54 1.000000
  54 -4.703350 -1.323630 0.196409 -0.929457 0.357212 -0.092239 0.847916 0.923925 1 54 1.000000
shoe
  54 -4.630056 -1.138719 0.359850 -0.924105 0.381561 -0.021008 0.861345 0.934068 1 54 1.000000
  54 -4.703350 -1.323630 0.196409 -0.929457 0.357212 -0.092239 0.847916 0.923925 1 54 1.000000
  54 -4.838802 -1.496918 0.836697 -0.938494 0.156986 0.307546 0.832688 0.976733 1 54 1.000000
shoe
  54 -4.604196 -1.060271 0.267628 -0.938745 0.344588 0.004050 0.867609 0.927173 1 54 1.000000
  54 -4.680080 -1.307863 0.043929 -0.934986 0.342003 -0.093995 0.850661 0.910791 1 54 1.000000
  54 -4.703350 -1.323630 0.196409 -0.929457 0.357212 -0.092239 0.847916 0.923925 1 54 1.000000
shoe
  54 -4.703350 -1.323630 0.196409 -0.929457 0.357212 -0.092239 0.847916 0.923925 1 54 1.000000
  54 -4.680080 -1.307863 0.043929 -0.934986 0.342003 -0.093995 0.850661 0.910791 1 54 1.000000
  54 -4.826970 -1.728989 0.072503 -0.967655 0.243821 -0.064760 0.816066 0.921626 1 54 1.000000
shoe
  54 -4.703350 -1.323630 0.196409 -0.929457 0.357212 -0.092239 0.847916 0.923925 1 54 1.000000
  54 -4.826970 -1.728989 0.072503 -0.967655 0.243821 -0.064760 0.816066 0.921626 1 54 1.000000
  54 -4.838802 -1.496918 0.836697 -0.938494 0.156986 0.307546 0.832688 0.976733 1 54 1.000000
shoe
  54 -4.680080 -1.307863 0.043929 -0.934986 0.342003 -0.093995 0.850661 0.910791 1 54 1.000000
  54 -4.812867 -1.691025 -0.073411 -0.965753 0.258139 -0.026179 0.817716 0.910791 1 54 1.000000
  54 -4.826970 -1.728989 0.072503 -0.967655 0.243821 -0.064760 0.816066 0.921626 1 54 1.000000
shoe
  54 -4.826970 -1.728989 0.072503 -0.967655 0.243821 -0.064760 0.816066 0.921626 1 54 1.000000
  54 -4.812867 -1.691025 -0.073411 -0.965753 0.258139 -0.026179 0.817716 0.910791 1 54 1.000000
  54 -4.892975 -2.146674 -0.124269 -0.991508 0.110146 -0.069132 0.785565 0.910791 1 54 1.000000
shoe
  54 -4.826970 -1.728989 0.072503 -0.967655 0.243821 -0.064760 0.816066 0.921626 1 54 1.000000
  54 -4.914860 -1.902929 0.724200 -0.944178 0.100797 0.313637 0.804229 0.975848 1 54 1.000000
  54 -4.838802 -1.496918 0.836697 -0.938494 0.156986 0.307546 0.832688 0.976733 1 54 1.000000
shoe
  54 -4.768035 -1.540035 0.903448 -0.710429 -0.085393 0.698569 0.829753 0.985299 1 54 1.000000
  54 -4.838802 -1.496918 0.836697 -0.938494 0.156986 0.307546 0.832688 0.976733 1 54 1.000000
  54 -4.914860 -1.902929 0.724200 -0.944178 0.100797 0.313637 0.804229 0.975848 1 54 1.000000
shoe
  54 -4.845969 -1.937504 0.797502 -0.726813 0.001493 0.686833 0.801980 0.985299 1 54 1.000000
  54 -4.768035 -1.540035 0.903448 -0.710429 -0.085393 0.698569 0.829753 0.985299 1 54 1.000000
  54 -4.914860 -1.902929 0.724200 -0.944178 0.100797 0.313637 0.804229 0.975848 1 54 1.000000
shoe
  54 -4.905865 -2.163199 0.030907 -0.991035 0.108864 -0.077443 0.785354 0.922428 1 54 1.000000
  54 -4.826970 -1.728989 0.072503 -0.967655 0.243821 -0.064760 0.816066 0.921626 1 54 1.000000
  54 -4.892975 -2.146674 -0.124269 -0.991508 0.110146 -0.069132 0.785565 0.910791 1 54 1.000000
shoe
  54 -4.826970 -1.728989 0.072503 -0.967655 0.243821 -0.064760 0.816066 0.921626 1 54 1.000000
  54 -4.905865 -2.163199 0.030907 -0.991035 0.108864 -0.077443 0.785354 0.922428 1 54 1.000000
  54 -4.914860 -1.902929 0.724200 -0.944178 0.100797 0.313637 0.804229 0.975848 1 54 1.000000
shoe
  54 -4.905865 -2.163199 0.030907 -0.991035 0.108864 -0.077443 0.785354 0.922428 1 54 1.000000
  54 -4.892975 -2.146674 -0.124269 -0.991508 0.110146 -0.069132 0.785565 0.910791 1 54 1.000000
  54 -4.907358 -2.618809 -0.133161 -0.995149 -0.008368 -0.098023 0.754133 0.910791 1 54 1.000000
shoe
  54 -4.845969 -1.937504 0.797502 -0.726813 0.001493 0.686833 0.801980 0.985299 1 54 1.000000
  54 -4.914860 -1.902929 0.724200 -0.944178 0.100797 0.313637 0.804229 0.975848 1 54 1.000000
  54 -4.970796 -2.319797 0.687814 -0.941554 0.046605 0.333622 0.777374 0.976226 1 54 1.000000
shoe
  54 -4.905865 -2.163199 0.030907 -0.991035 0.108864 -0.077443 0.785354 0.922428 1 54 1.000000
  54 -4.970796 -2.319797 0.687814 -0.941554 0.046605 0.333622 0.777374 0.976226 1 54 1.000000
  54 -4.914860 -1.902929 0.724200 -0.944178 0.100797 0.313637 0.804229 0.975848 1 54 1.000000
shoe
  54 -4.897106 -2.344377 0.761495 -0.710643 0.013702 0.703419 0.776387 0.985299 1 54 1.000000
  54 -4.845969 -1.937504 0.797502 -0.726813 0.001493 0.686833 0.801980 0.985299 1 54 1.000000
  54 -4.970796 -2.319797 0.687814 -0.941554 0.046605 0.333622 0.777374 0.976226 1 54 1.000000
shoe
  54 -4.922776 -2.632992 0.021720 -0.995768 -0.015156 -0.090641 0.754015 0.922594 1 54 1.000000
  54 -4.905865 -2.163199 0.030907 -0.991035 0.108864 -0.077443 0.785354 0.922428 1 54 1.000000
  54 -4.907358 -2.618809 -0.133161 -0.995149 -0.008368 -0.098023 0.754133 0.910791 1 54 1.000000
shoe
  54 -4.905865 -2.163199 0.030907 -0.991035 0.108864 -0.077443 0.785354 0.922428 1 54 1.000000
  54 -4.922776 -2.632992 0.021720 -0.995768 -0.015156 -0.090641 0.754015 0.922594 1 54 1.000000
  54 -4.970796 -2.319797 0.687814 -0.941554 0.046605 0.333622 0.777374 0.976226 1 54 1.000000
shoe
  54 -4.922776 -2.632992 0.021720 -0.995768 -0.015156 -0.090641 0.754015 0.922594 1 54 1.000000
  54 -4.907358 -2.618809 -0.133161 -0.995149 -0.008368 -0.098023 0.754133 0.910791 1 54 1.000000
  54 -4.881640 -3.092884 -0.104472 -0.988724 -0.117808 -0.092444 0.723004 0.910791 2 54 0.818247 55 0.181753
shoe
  54 -4.970796 -2.319797 0.687814 -0.941554 0.046605 0.333622 0.777374 0.976226 1 54 1.000000
  54 -4.969578 -2.758403 0.689414 -0.955033 -0.035168 0.294405 0.749831 0.976186 2 54 0.958133 55 0.041867
  54 -4.897106 -2.344377 0.761495 -0.710643 0.013702 0.703419 0.776387 0.985299 1 54 1.000000
shoe
  54 -4.922776 -2.632992 0.021720 -0.995768 -0.015156 -0.090641 0.754015 0.922594 1 54 1.000000
  54 -4.969578 -2.758403 0.689414 -0.955033 -0.035168 0.294405 0.749831 0.976186 2 54 0.958133 55 0.041867
  54 -4.970796 -2.319797 0.687814 -0.941554 0.046605 0.333622 0.777374 0.976226 1 54 1.000000
shoe
  54 -4.969578 -2.758403 0.689414 -0.955033 -0.035168 0.294405 0.749831 0.976186 2 54 0.958133 55 0.041867
  54 -4.898735 -2.797596 0.777412 -0.772982 -0.029578 0.633738 0.748576 0.985299 2 54 0.939357 55 0.060643
  54 -4.897106 -2.344377 0.761495 -0.710643 0.013702 0.703419 0.776387 0.985299 1 54 1.000000
shoe
  54 -4.893756 -3.092322 0.034494 -0.989729 -0.120314 -0.077206 0.723280 0.921974 2 54 0.816496 55 0.183504
  54 -4.922776 -2.632992 0.021720 -0.995768 -0.015156 -0.090641 0.754015 0.922594 1 54 1.000000
  54 -4.881640 -3.092884 -0.104472 -0.988724 -0.117808 -0.092444 0.723004 0.910791 2 54 0.818247 55 0.181753
shoe
  54 -4.922776 -2.632992 0.021720 -0.995768 -0.015156 -0.090641 0.754015 0.922594 1 54 1.000000
  54 -4.893756 -3.092322 0.034494 -0.989729 -0.120314 -0.077206 0.723280 0.921974 2 54 0.816496 55 0.183504
  54 -4.969578 -2.758403 0.689414 -0.955033 -0.035168 0.294405 0.749831 0.976186 2 54 0.958133 55 0.041867
shoe
  54 -4.969578 -2.758403 0.689414 -0.955033 -0.035168 0.294405 0.749831 0.976186 2 54 0.958133 55 0.041867
  54 -4.919144 -3.199018 0.713220 -0.916940 -0.132170 0.376499 0.717516 0.975932 2 54 0.758506 55 0.241494
  54 -4.898735 -2.797596 0.777412 -0.772982 -0.029578 0.633738 0.748576 0.985299 2 54 0.939357 55 0.060643
shoe
  54 -4.893756 -3.092322 0.034494 -0.989729 -0.120314 -0.077206 0.723280 0.921974 2 54 0.816496 55 0.183504
  54 -4.919144 -3.199018 0.713220 -0.916940 -0.132170 0.376499 0.717516 0.975932 2 54 0.758506 55 0.241494
  54 -4.969578 -2.758403 0.689414 -0.955033 -0.035168 0.294405 0.749831 0.976186 2 54 0.958133 55 0.041867
shoe
  54 -4.919144 -3.199018 0.713220 -0.916940 -0.132170 0.376499 0.717516 0.975932 2 54 0.758506 55 0.241494
  54 -4.822126 -3.232719 0.792912 -0.648661 -0.077432 0.757129 0.714376 0.985299 2 54 0.742412 55 0.257588
  54 -4.898735 -2.797596 0.777412 -0.772982 -0.029578 0.633738 0.748576 0.985299 2 54 0.939357 55 0.060643
shoe
  54 -4.813385 -3.565936 0.057585 -0.971441 -0.219860 -0.089240 0.690212 0.921660 2 54 0.602032 55 0.397968
  54 -4.893756 -3.092322 0.034494 -0.989729 -0.120314 -0.077206 0.723280 0.921974 2 54 0.816496 55 0.183504
  54 -4.881640 -3.092884 -0.104472 -0.988724 -0.117808 -0.092444 0.723004 0.910791 2 54 0.818247 55 0.181753
shoe
  54 -4.919144 -3.199018 0.713220 -0.916940 -0.132170 0.376499 0.717516 0.975932 2 54 0.758506 55 0.241494
  54 -4.893756 -3.092322 0.034494 -0.989729 -0.120314 -0.077206 0.723280 0.921974 2 54 0.816496 55 0.183504
  54 -4.813385 -3.565936 0.057585 -0.971441 -0.219860 -0.089240 0.690212 0.921660 2 54 0.602032 55 0.397968
shoe
  54 -4.791395 -3.578230 -0.080100 -0.966007 -0.220732 -0.134565 0.689617 0.910791 2 54 0.598484 55 0.401516
  54 -4.813385 -3.565936 0.057585 -0.971441 -0.219860 -0.089240 0.690212 0.921660 2 54 0.602032 55 0.397968
  54 -4.881640 -3.092884 -0.104472 -0.988724 -0.117808 -0.092444 0.723004 0.910791 2 54 0.818247 55 0.181753
shoe
  54 -4.813385 -3.565936 0.057585 -0.971441 -0.219860 -0.089240 0.690212 0.921660 2 54 0.602032 55 0.397968
  54 -4.791395 -3.578230 -0.080100 -0.966007 -0.220732 -0.134565 0.689617 0.910791 2 54 0.598484 55 0.401516
  55 -4.669123 -4.070278 -0.030194 -0.945082 -0.323142 -0.048980 0.653131 0.910791 2 55 0.624578 54 0.375422
shoe
  54 -4.919144 -3.199018 0.713220 -0.916940 -0.132170 0.376499 0.717516 0.975932 2 54 0.758506 55 0.241494
  54 -4.831596 -3.633839 0.746910 -0.900914 -0.191109 0.389657 0.684007 0.975771 2 54 0.561473 55 0.438527
  54 -4.822126 -3.232719 0.792912 -0.648661 -0.077432 0.757129 0.714376 0.985299 2 54 0.742412 55 0.257588
shoe
  54 -4.831596 -3.633839 0.746910 -0.900914 -0.191109 0.389657 0.684007 0.975771 2 54 0.561473 55 0.438527
  54 -4.919144 -3.199018 0.713220 -0.916940 -0.132170 0.376499 0.717516 0.975932 2 54 0.758506 55 0.241494
  54 -4.813385 -3.565936 0.057585 -0.971441 -0.219860 -0.089240 0.690212 0.921660 2 54 0.602032 55 0.397968
shoe
  54 -4.831596 -3.633839 0.746910 -0.900914 -0.191109 0.389657 0.684007 0.975771 2 54 0.561473 55 0.438527
  54 -4.733585 -3.648384 0.829048 -0.646236 -0.104202 0.755990 0.680677 0.985299 2 54 0.554018 55 0.445982
  54 -4.822126 -3.232719 0.792912 -0.648661 -0.077432 0.757129 0.714376 0.985299 2 54 0.742412 55 0.257588
shoe
  55 -4.674693 -4.072456 0.114360 -0.941237 -0.335763 -0.036548 0.652575 0.922093 2 55 0.627630 54 0.372370
  54 -4.813385 -3.565936 0.057585 -0.971441 -0.219860 -0.089240 0.690212 0.921660 2 54 0.602032 55 0.397968
  55 -4.669123 -4.070278 -0.030194 -0.945082 -0.323142 -0.048980 0.653131 0.910791 2 55 0.624578 54 0.375422
shoe
  54 -4.831596 -3.633839 0.746910 -0.900914 -0.191109 0.389657 0.684007 0.975771 2 54 0.561473 55 0.438527
  54 -4.813385 -3.565936 0.057585 -0.971441 -0.219860 -0.089240 0.690212 0.921660 2 54 0.602032 55 0.397968
  55 -4.674693 -4.072456 0.114360 -0.941237 -0.335763 -0.036548 0.652575 0.922093 2 55 0.627630 54 0.372370
shoe
  55 -4.674693 -4.072456 0.114360 -0.941237 -0.335763 -0.036548 0.652575 0.922093 2 55 0.627630 54 0.372370
  55 -4.669123 -4.070278 -0.030194 -0.945082 -0.323142 -0.048980 0.653131 0.910791 2 55 0.624578 54 0.375422
  55 -4.491036 -4.498835 0.029441 -0.887919 -0.459994 0.002066 0.619349 0.910791 2 55 0.818873 54 0.181127
shoe
  54 -4.831596 -3.633839 0.746910 -0.900914 -0.191109 0.389657 0.684007 0.975771 2 54 0.561473 55 0.438527
  55 -4.690581 -4.086179 0.793529 -0.867151 -0.291811 0.403604 0.650241 0.976037 2 55 0.643513 54 0.356487
  54 -4.733585 -3.648384 0.829048 -0.646236 -0.104202 0.755990 0.680677 0.985299 2 54 0.554018 55 0.445982
shoe
  55 -4.690581 -4.086179 0.793529 -0.867151 -0.291811 0.403604 0.650241 0.976037 2 55 0.643513 54 0.356487
  54 -4.831596 -3.633839 0.746910 -0.900914 -0.191109 0.389657 0.684007 0.975771 2 54 0.561473 55 0.438527
  55 -4.674693 -4.072456 0.114360 -0.941237 -0.335763 -0.036548 0.652575 0.922093 2 55 0.627630 54 0.372370
shoe
  55 -4.690581 -4.086179 0.793529 -0.867151 -0.291811 0.403604 0.650241 0.976037 2 55 0.643513 54 0.356487
  55 -4.595753 -4.087257 0.870976 -0.623655 -0.176967 0.761405 0.648042 0.985299 2 55 0.644816 54 0.355184
  54 -4.733585 -3.648384 0.829048 -0.646236 -0.104202 0.755990 0.680677 0.985299 2 54 0.554018 55 0.445982
shoe
  55 -4.488111 -4.502157 0.180207 -0.878798 -0.477192 -0.000964 0.618572 0.922688 2 55 0.822505 54 0.177495
  55 -4.674693 -4.072456 0.114360 -0.941237 -0.335763 -0.036548 0.652575 0.922093 2 55 0.627630 54 0.372370
  55 -4.491036 -4.498835 0.029441 -0.887919 -0.459994 0.002066 0.619349 0.910791 2 55 0.818873 54 0.181127
shoe
  55 -4.690581 -4.086179 0.793529 -0.867151 -0.291811 0.403604 0.650241 0.976037 2 55 0.643513 54 0.356487
  55 -4.674693 -4.072456 0.114360 -0.941237 -0.335763 -0.036548 0.652575 0.922093 2 55 0.627630 54 0.372370
  55 -4.488111 -4.502157 0.180207 -0.878798 -0.477192 -0.000964 0.618572 0.922688 2 55 0.822505 54 0.177495
shoe
  55 -4.488111 -4.502157 0.180207 -0.878798 -0.477192 -0.000964 0.618572 0.922688 2 55 0.822505 54 0.177495
  55 -4.491036 -4.498835 0.029441 -0.887919 -0.459994 0.002066 0.619349 0.910791 2 55 0.818873 54 0.181127
  55 -4.246534 -4.882751 0.098042 -0.786141 -0.616038 0.049792 0.586927 0.910791 2 55 0.992891 54 0.007109
shoe
  55 -4.690581 -4.086179 0.793529 -0.867151 -0.291811 0.403604 0.650241 0.976037 2 55 0.643513 54 0.356487
  55 -4.486634 -4.512277 0.842100 -0.814994 -0.412363 0.407115 0.615702 0.976080 2 55 0.836461 54 0.163539
  55 -4.595753 -4.087257 0.870976 -0.623655 -0.176967 0.761405 0.648042 0.985299 2 55 0.644816 54 0.355184
shoe
  55 -4.486634 -4.512277 0.842100 -0.814994 -0.412363 0.407115 0.615702 0.976080 2 55 0.836461 54 0.163539
  55 -4.690581 -4.086179 0.793529 -0.867151 -0.291811 0.403604 0.650241 0.976037 2 55 0.643513 54 0.356487
  55 -4.488111 -4.502157 0.180207 -0.878798 -0.477192 -0.000964 0.618572 0.922688 2 55 0.822505 54 0.177495
shoe
  55 -4.486634 -4.512277 0.842100 -0.814994 -0.412363 0.407115 0.615702 0.976080 2 55 0.836461 54 0.163539
  55 -4.404193 -4.485071 0.916950 -0.604918 -0.258724 0.753085 0.614794 0.985299 2 55 0.824961 54 0.175039
  55 -4.595753 -4.087257 0.870976 -0.623655 -0.176967 0.761405 0.648042 0.985299 2 55 0.644816 54 0.355184
shoe
  55 -4.237511 -4.881070 0.244594 -0.776486 -0.629683 0.023848 0.585781 0.922781 2 55 0.994179 54 0.005821
  55 -4.488111 -4.502157 0.180207 -0.878798 -0.477192 -0.000964 0.618572 0.922688 2 55 0.822505 54 0.177495
  55 -4.246534 -4.882751 0.098042 -0.786141 -0.616038 0.049792 0.586927 0.910791 2 55 0.992891 54 0.007109
shoe
  55 -4.486634 -4.512277 0.842100 -0.814994 -0.412363 0.407115 0.615702 0.976080 2 55 0.836461 54 0.163539
  55 -4.488111 -4.502157 0.180207 -0.878798 -0.477192 -0.000964 0.618572 0.922688 2 55 0.822505 54 0.177495
  55 -4.237511 -4.881070 0.244594 -0.776486 -0.629683 0.023848 0.585781 0.922781 2 55 0.994179 54 0.005821
shoe
  55 -4.237511 -4.881070 0.244594 -0.776486 -0.629683 0.023848 0.585781 0.922781 2 55 0.994179 54 0.005821
  55 -4.246534 -4.882751 0.098042 -0.786141 -0.616038 0.049792 0.586927 0.910791 2 55 0.992891 54 0.007109
  55 -3.979104 -5.149495 0.155995 -0.608093 -0.793303 0.029870 0.560049 0.910791 1 55 1.000000
shoe
  55 -4.404193 -4.485071 0.916950 -0.604918 -0.258724 0.753085 0.614794 0.985299 2 55 0.824961 54 0.175039
  55 -4.486634 -4.512277 0.842100 -0.814994 -0.412363 0.407115 0.615702 0.976080 2 55 0.836461 54 0.163539
  55 -4.252266 -4.868141 0.886252 -0.737719 -0.550454 0.390861 0.583472 0.975879 2 55 0.997465 54 0.002535
shoe
  55 -4.252266 -4.868141 0.886252 -0.737719 -0.550454 0.390861 0.583472 0.975879 2 55 0.997465 54 0.002535
  55 -4.486634 -4.512277 0.842100 -0.814994 -0.412363 0.407115 0.615702 0.976080 2 55 0.836461 54 0.163539
  55 -4.237511 -4.881070 0.244594 -0.776486 -0.629683 0.023848 0.585781 0.922781 2 55 0.994179 54 0.005821
shoe
  55 -4.202461 -4.799427 0.959333 -0.582712 -0.355100 0.730993 0.584897 0.985299 2 55 0.967250 54 0.032750
  55 -4.404193 -4.485071 0.916950 -0.604918 -0.258724 0.753085 0.614794 0.985299 2 55 0.824961 54 0.175039
  55 -4.252266 -4.868141 0.886252 -0.737719 -0.550454 0.390861 0.583472 0.975879 2 55 0.997465 54 0.002535
shoe
  55 -3.943706 -5.058673 0.999774 -0.455633 -0.438628 0.774600 0.556400 0.985299 1 55 1.000000
  55 -4.202461 -4.799427 0.959333 -0.582712 -0.355100 0.730993 0.584897 0.985299 2 55 0.967250 54 0.032750
  55 -4.252266 -4.868141 0.886252 -0.737719 -0.550454 0.390861 0.583472 0.975879 2 55 0.997465 54 0.002535
shoe
  55 -3.973211 -5.148910 0.304294 -0.594349 -0.804083 0.014146 0.558518 0.923406 1 55 1.000000
  55 -4.237511 -4.881070 0.244594 -0.776486 -0.629683 0.023848 0.585781 0.922781 2 55 0.994179 54 0.005821
  55 -3.979104 -5.149495 0.155995 -0.608093 -0.793303 0.029870 0.560049 0.910791 1 55 1.000000
shoe
  55 -4.237511 -4.881070 0.244594 -0.776486 -0.629683 0.023848 0.585781 0.922781 2 55 0.994179 54 0.005821
  55 -3.973211 -5.148910 0.304294 -0.594349 -0.804083 0.014146 0.558518 0.923406 1 55 1.000000
  55 -4.252266 -4.868141 0.886252 -0.737719 -0.550454 0.390861 0.583472 0.975879 2 55 0.997465 54 0.002535
shoe
  55 -3.979104 -5.149495 0.155995 -0.608093 -0.793303 0.029870 0.560049 0.910791 1 55 1.000000
  55 -3.685718 -5.300640 0.196631 -0.329488 -0.944153 -0.003594 0.535771 0.910791 1 55 1.000000
  55 -3.973211 -5.148910 0.304294 -0.594349 -0.804083 0.014146 0.558518 0.923406 1 55 1.000000
shoe
  55 -3.983910 -5.132771 0.934514 -0.585506 -0.691443 0.423188 0.555874 0.976250 1 55 1.000000
  55 -3.943706 -5.058673 0.999774 -0.455633 -0.438628 0.774600 0.556400 0.985299 1 55 1.000000
  55 -4.252266 -4.868141 0.886252 -0.737719 -0.550454 0.390861 0.583472 0.975879 2 55 0.997465 54 0.002535
shoe
  55 -3.973211 -5.148910 0.304294 -0.594349 -0.804083 0.014146 0.558518 0.923406 1 55 1.000000
  55 -3.983910 -5.132771 0.934514 -0.585506 -0.691443 0.423188 0.555874 0.976250 1 55 1.000000
  55 -4.252266 -4.868141 0.886252 -0.737719 -0.550454 0.390861 0.583472 0.975879 2 55 0.997465 54 0.002535
shoe
  55 -3.671223 -5.225194 1.028814 -0.293137 -0.525208 0.798891 0.534003 0.985299 1 55 1.000000
  55 -3.943706 -5.058673 0.999774 -0.455633 -0.438628 0.774600 0.556400 0.985299 1 55 1.000000
  55 -3.983910 -5.132771 0.934514 -0.585506 -0.691443 0.423188 0.555874 0.976250 1 55 1.000000
shoe
  55 -3.685718 -5.300640 0.196631 -0.329488 -0.944153 -0.003594 0.535771 0.910791 1 55 1.000000
  55 -3.690660 -5.300223 0.342604 -0.351229 -0.936148 -0.016275 0.535163 0.923693 1 55 1.000000
  55 -3.973211 -5.148910 0.304294 -0.594349 -0.804083 0.014146 0.558518 0.923406 1 55 1.000000
shoe
  55 -3.973211 -5.148910 0.304294 -0.594349 -0.804083 0.014146 0.558518 0.923406 1 55 1.000000
  55 -3.690660 -5.300223 0.342604 -0.351229 -0.936148 -0.016275 0.535163 0.923693 1 55 1.000000
  55 -3.983910 -5.132771 0.934514 -0.585506 -0.691443 0.423188 0.555874 0.976250 1 55 1.000000
shoe
  55 -3.685718 -5.300640 0.196631 -0.329488 -0.944153 -0.003594 0.535771 0.910791 1 55 1.000000
  55 -3.379708 -5.354065 0.216295 -0.121948 -0.984220 -0.128213 0.512345 0.910791 1 55 1.000000
  55 -3.690660 -5.300223 0.342604 -0.351229 -0.936148 -0.016275 0.535163 0.923693 1 55 1.000000
shoe
  55 -3.698164 -5.305528 0.966115 -0.386790 -0.815820 0.429919 0.533193 0.976309 1 55 1.000000
  55 -3.671223 -5.225194 1.028814 -0.293137 -0.525208 0.798891 0.534003 0.985299 1 55 1.000000
  55 -3.983910 -5.132771 0.934514 -0.585506 -0.691443 0.423188 0.555874 0.976250 1 55 1.000000
shoe
  55 -3.690660 -5.300223 0.342604 -0.351229 -0.936148 -0.016275 0.535163 0.923693 1 55 1.000000
  55 -3.698164 -5.305528 0.966115 -0.386790 -0.815820 0.429919 0.533193 0.976309 1 55 1.000000
  55 -3.983910 -5.132771 0.934514 -0.585506 -0.691443 0.423188 0.555874 0.976250 1 55 1.000000
shoe
  55 -3.387161 -5.303791 1.044650 -0.146485 -0.518047 0.842716 0.512715 0.985299 1 55 1.000000
  55 -3.671223 -5.225194 1.028814 -0.293137 -0.525208 0.798891 0.534003 0.985299 1 55 1.000000
  55 -3.698164 -5.305528 0.966115 -0.386790 -0.815820 0.429919 0.533193 0.976309 1 55 1.000000
shoe
  55 -3.379708 -5.354065 0.216295 -0.121948 -0.984220 -0.128213 0.512345 0.910791 1 55 1.000000
  55 -3.380962 -5.377918 0.375196 -0.131695 -0.987715 -0.084117 0.511684 0.924774 1 55 1.000000
  55 -3.690660 -5.300223 0.342604 -0.351229 -0.936148 -0.016275 0.535163 0.923693 1 55 1.000000
shoe
  55 -3.698164 -5.305528 0.966115 -0.386790 -0.815820 0.429919 0.533193 0.976309 1 55 1.000000
  55 -3.690660 -5.300223 0.342604 -0.351229 -0.936148 -0.016275 0.535163 0.923693 1 55 1.000000
  55 -3.380962 -5.377918 0.375196 -0.131695 -0.987715 -0.084117 0.511684 0.924774 1 55 1.000000
shoe
  55 -3.379708 -5.354065 0.216295 -0.121948 -0.984220 -0.128213 0.512345 0.910791 1 55 1.000000
  55 -3.085990 -5.362984 0.229337 0.038481 -0.988384 -0.147023 0.489803 0.910791 1 55 1.000000
  55 -3.380962 -5.377918 0.375196 -0.131695 -0.987715 -0.084117 0.511684 0.924774 1 55 1.000000
shoe
  55 -3.398445 -5.396475 0.986629 -0.216577 -0.754199 0.619902 0.511911 0.976273 1 55 1.000000
  55 -3.387161 -5.303791 1.044650 -0.146485 -0.518047 0.842716 0.512715 0.985299 1 55 1.000000
  55 -3.698164 -5.305528 0.966115 -0.386790 -0.815820 0.429919 0.533193 0.976309 1 55 1.000000
shoe
  55 -3.398445 -5.396475 0.986629 -0.216577 -0.754199 0.619902 0.511911 0.976273 1 55 1.000000
  55 -3.698164 -5.305528 0.966115 -0.386790 -0.815820 0.429919 0.533193 0.976309 1 55 1.000000
  55 -3.380962 -5.377918 0.375196 -0.131695 -0.987715 -0.084117 0.511684 0.924774 1 55 1.000000
shoe
  55 -3.059561 -5.337998 1.055399 0.000488 -0.561942 0.827176 0.488703 0.985299 1 55 1.000000
  55 -3.387161 -5.303791 1.044650 -0.146485 -0.518047 0.842716 0.512715 0.985299 1 55 1.000000
  55 -3.398445 -5.396475 0.986629 -0.216577 -0.754199 0.619902 0.511911 0.976273 1 55 1.000000
shoe
  55 -3.064033 -5.433342 0.987998 -0.004442 -0.577109 0.816655 0.488748 0.975800 1 55 1.000000
  55 -3.059561 -5.337998 1.055399 0.000488 -0.561942 0.827176 0.488703 0.985299 1 55 1.000000
  55 -3.398445 -5.396475 0.986629 -0.216577 -0.754199 0.619902 0.511911 0.976273 1 55 1.000000
shoe
  55 -3.059561 -5.337998 1.055399 0.000488 -0.561942 0.827176 0.488703 0.985299 1 55 1.000000
  55 -3.064033 -5.433342 0.987998 -0.004442 -0.577109 0.816655 0.488748 0.975800 1 55 1.000000
  55 -2.748079 -5.402925 0.986123 0.149665 -0.482286 0.863134 0.466669 0.976100 1 55 1.000000
shoe
  55 -2.758960 -5.305218 1.040808 0.157971 -0.474246 0.866104 0.465647 0.985299 1 55 1.000000
  55 -3.059561 -5.337998 1.055399 0.000488 -0.561942 0.827176 0.488703 0.985299 1 55 1.000000
  55 -2.748079 -5.402925 0.986123 0.149665 -0.482286 0.863134 0.466669 0.976100 1 55 1.000000
shoe
  55 -2.758960 -5.305218 1.040808 0.157971 -0.474246 0.866104 0.465647 0.985299 1 55 1.000000
  55 -2.748079 -5.402925 0.986123 0.149665 -0.482286 0.863134 0.466669 0.976100 1 55 1.000000
  55 -2.448363 -5.303421 0.963299 0.311111 -0.465566 0.828528 0.445030 0.975933 1 55 1.000000
shoe
  55 -2.485222 -5.217953 1.024849 0.303332 -0.467237 0.830469 0.444095 0.985299 1 55 1.000000
  55 -2.758960 -5.305218 1.040808 0.157971 -0.474246 0.866104 0.465647 0.985299 1 55 1.000000
  55 -2.448363 -5.303421 0.963299 0.311111 -0.465566 0.828528 0.445030 0.975933 1 55 1.000000
shoe
  55 -2.233509 -5.043770 0.993410 0.486614 -0.398436 0.777467 0.422019 0.985299 1 55 1.000000
  55 -2.485222 -5.217953 1.024849 0.303332 -0.467237 0.830469 0.444095 0.985299 1 55 1.000000
  55 -2.448363 -5.303421 0.963299 0.311111 -0.465566 0.828528 0.445030 0.975933 1 55 1.000000
shoe
  55 -2.158910 -5.098089 0.917617 0.670377 -0.641576 0.372794 0.420905 0.975143 1 55 1.000000
  55 -2.233509 -5.043770 0.993410 0.486614 -0.398436 0.777467 0.422019 0.985299 1 55 1.000000
  55 -2.448363 -5.303421 0.963299 0.311111 -0.465566 0.828528 0.445030 0.975933 1 55 1.000000
shoe
  55 -1.999012 -4.742785 0.954998 0.585475 -0.275576 0.762415 0.393777 0.985299 2 55 0.934971 54 0.065029
  55 -2.233509 -5.043770 0.993410 0.486614 -0.398436 0.777467 0.422019 0.985299 1 55 1.000000
  55 -2.158910 -5.098089 0.917617 0.670377 -0.641576 0.372794 0.420905 0.975143 1 55 1.000000
shoe
  55 -1.918241 -4.786282 0.877023 0.803724 -0.457857 0.379991 0.393304 0.975115 2 55 0.953313 54 0.046687
  55 -1.999012 -4.742785 0.954998 0.585475 -0.275576 0.762415 0.393777 0.985299 2 55 0.934971 54 0.065029
  55 -2.158910 -5.098089 0.917617 0.670377 -0.641576 0.372794 0.420905 0.975143 1 55 1.000000
shoe
  55 -1.835532 -4.404936 0.916136 0.638891 -0.187132 0.746190 0.365276 0.985299 2 55 0.781009 54 0.218991
  55 -1.999012 -4.742785 0.954998 0.585475 -0.275576 0.762415 0.393777 0.985299 2 55 0.934971 54 0.065029
  55 -1.918241 -4.786282 0.877023 0.803724 -0.457857 0.379991 0.393304 0.975115 2 55 0.953313 54 0.046687
shoe
  55 -1.723616 -4.394722 0.822338 0.871702 -0.318135 0.372727 0.362083 0.974338 2 55 0.774722 54 0.225278
  55 -1.835532 -4.404936 0.916136 0.638891 -0.187132 0.746190 0.365276 0.985299 2 55 0.781009 54 0.218991
  55 -1.918241 -4.786282 0.877023 0.803724 -0.457857 0.379991 0.393304 0.975115 2 55 0.953313 54 0.046687
shoe
  55 -1.685660 -3.989549 0.865027 0.648886 -0.122734 0.750921 0.332950 0.985299 2 55 0.591816 54 0.408184
  55 -1.835532 -4.404936 0.916136 0.638891 -0.187132 0.746190 0.365276 0.985299 2 55 0.781009 54 0.218991
  55 -1.723616 -4.394722 0.822338 0.871702 -0.318135 0.372727 0.362083 0.974338 2 55 0.774722 54 0.225278
shoe
  55 -1.918241 -4.786282 0.877023 0.803724 -0.457857 0.379991 0.393304 0.975115 2 55 0.953313 54 0.046687
  55 -2.158910 -5.098089 0.917617 0.670377 -0.641576 0.372794 0.420905 0.975143 1 55 1.000000
  55 -2.193654 -5.068741 0.319964 0.666781 -0.740202 -0.086627 0.418239 0.923710 1 55 1.000000
shoe
  55 -1.576538 -3.977005 0.772636 0.900524 -0.225037 0.372041 0.331443 0.974215 2 55 0.584504 54 0.415496
  55 -1.685660 -3.989549 0.865027 0.648886 -0.122734 0.750921 0.332950 0.985299 2 55 0.591816 54 0.408184
  55 -1.723616 -4.394722 0.822338 0.871702 -0.318135 0.372727 0.362083 0.974338 2 55 0.774722 54 0.225278
shoe
  54 -1.572895 -3.539445 0.824930 0.685500 -0.073514 0.724351 0.303508 0.985299 2 54 0.612823 55 0.387177
  55 -1.685660 -3.989549 0.865027 0.648886 -0.122734 0.750921 0.332950 0.985299 2 55 0.591816 54 0.408184
  55 -1.576538 -3.977005 0.772636 0.900524 -0.225037 0.372041 0.331443 0.974215 2 55 0.584504 54 0.415496
shoe
  55 -1.723616 -4.394722 0.822338 0.871702 -0.318135 0.372727 0.362083 0.974338 2 55 0.774722 54 0.225278
  55 -1.918241 -4.786282 0.877023 0.803724 -0.457857 0.379991 0.393304 0.975115 2 55 0.953313 54 0.046687
  55 -1.948780 -4.758993 0.265411 0.838807 -0.540787 -0.062872 0.390362 0.922910 2 55 0.932385 54 0.067615
shoe
  55 -1.948780 -4.758993 0.265411 0.838807 -0.540787 -0.062872 0.390362 0.922910 2 55 0.932385 54 0.067615
  55 -1.918241 -4.786282 0.877023 0.803724 -0.457857 0.379991 0.393304 0.975115 2 55 0.953313 54 0.046687
  55 -2.193654 -5.068741 0.319964 0.666781 -0.740202 -0.086627 0.418239 0.923710 1 55 1.000000
shoe
  55 -1.576538 -3.977005 0.772636 0.900524 -0.225037 0.372041 0.331443 0.974215 2 55 0.584504 54 0.415496
  55 -1.723616 -4.394722 0.822338 0.871702 -0.318135 0.372727 0.362083 0.974338 2 55 0.774722 54 0.225278
  55 -1.746296 -4.335649 0.187868 0.924017 -0.381032 -0.031739 0.358959 0.921530 2 55 0.739059 54 0.260941
shoe
  55 -1.746296 -4.335649 0.187868 0.924017 -0.381032 -0.031739 0.358959 0.921530 2 55 0.739059 54 0.260941
  55 -1.723616 -4.394722 0.822338 0.871702 -0.318135 0.372727 0.362083 0.974338 2 55 0.774722 54 0.225278
  55 -1.948780 -4.758993 0.265411 0.838807 -0.540787 -0.062872 0.390362 0.922910 2 55 0.932385 54 0.067615
shoe
  54 -1.470898 -3.515410 0.729810 0.927176 -0.130317 0.351229 0.301214 0.974182 2 54 0.625355 55 0.374645
  54 -1.572895 -3.539445 0.824930 0.685500 -0.073514 0.724351 0.303508 0.985299 2 54 0.612823 55 0.387177
  55 -1.576538 -3.977005 0.772636 0.900524 -0.225037 0.372041 0.331443 0.974215 2 55 0.584504 54 0.415496
shoe
  54 -1.572895 -3.539445 0.824930 0.685500 -0.073514 0.724351 0.303508 0.985299 2 54 0.612823 55 0.387177
  54 -1.470898 -3.515410 0.729810 0.927176 -0.130317 0.351229 0.301214 0.974182 2 54 0.625355 55 0.374645
  54 -1.521685 -3.108203 0.802972 0.703290 -0.029515 0.710290 0.275256 0.985299 2 54 0.808484 55 0.191516
shoe
  55 -1.591592 -3.863147 0.122936 0.964198 -0.254826 -0.073388 0.325993 0.921631 2 55 0.523804 54 0.476196
  55 -1.576538 -3.977005 0.772636 0.900524 -0.225037 0.372041 0.331443 0.974215 2 55 0.584504 54 0.415496
  55 -1.746296 -4.335649 0.187868 0.924017 -0.381032 -0.031739 0.358959 0.921530 2 55 0.739059 54 0.260941
shoe
  54 -1.470898 -3.515410 0.729810 0.927176 -0.130317 0.351229 0.301214 0.974182 2 54 0.625355 55 0.374645
  55 -1.576538 -3.977005 0.772636 0.900524 -0.225037 0.372041 0.331443 0.974215 2 55 0.584504 54 0.415496
  55 -1.591592 -3.863147 0.122936 0.964198 -0.254826 -0.073388 0.325993 0.921631 2 55 0.523804 54 0.476196
shoe
  55 -1.948780 -4.758993 0.265411 0.838807 -0.540787 -0.062872 0.390362 0.922910 2 55 0.932385 54 0.067615
  55 -1.952075 -4.750718 0.123993 0.845781 -0.531588 -0.045488 0.389023 0.910791 2 55 0.926645 54 0.073355
  55 -1.746296 -4.335649 0.187868 0.924017 -0.381032 -0.031739 0.358959 0.921530 2 55 0.739059 54 0.260941
shoe
  55 -2.200728 -5.054820 0.172767 0.675587 -0.730898 -0.096803 0.416477 0.910791 1 55 1.000000
  55 -1.952075 -4.750718 0.123993 0.845781 -0.531588 -0.045488 0.389023 0.910791 2 55 0.926645 54 0.073355
  55 -1.948780 -4.758993 0.265411 0.838807 -0.540787 -0.062872 0.390362 0.922910 2 55 0.932385 54 0.067615
shoe
  55 -2.193654 -5.068741 0.319964 0.666781 -0.740202 -0.086627 0.418239 0.923710 1 55 1.000000
  55 -2.200728 -5.054820 0.172767 0.675587 -0.730898 -0.096803 0.416477 0.910791 1 55 1.000000
  55 -1.948780 -4.758993 0.265411 0.838807 -0.540787 -0.062872 0.390362 0.922910 2 55 0.932385 54 0.067615
shoe
  55 -1.952075 -4.750718 0.123993 0.845781 -0.531588 -0.045488 0.389023 0.910791 2 55 0.926645 54 0.073355
  55 -1.743963 -4.334989 0.059455 0.928644 -0.370910 0.006818 0.358889 0.910791 2 55 0.736933 54 0.263067
  55 -1.746296 -4.335649 0.187868 0.924017 -0.381032 -0.031739 0.358959 0.921530 2 55 0.739059 54 0.260941
shoe
  55 -1.746296 -4.335649 0.187868 0.924017 -0.381032 -0.031739 0.358959 0.921530 2 55 0.739059 54 0.260941
  55 -1.743963 -4.334989 0.059455 0.928644 -0.370910 0.006818 0.358889 0.910791 2 55 0.736933 54 0.263067
  55 -1.591592 -3.863147 0.122936 0.964198 -0.254826 -0.073388 0.325993 0.921631 2 55 0.523804 54 0.476196
shoe
  55 -2.497627 -5.253185 0.214977 0.409269 -0.906544 -0.103326 0.443306 0.910791 1 55 1.000000
  55 -2.200728 -5.054820 0.172767 0.675587 -0.730898 -0.096803 0.416477 0.910791 1 55 1.000000
  55 -2.193654 -5.068741 0.319964 0.666781 -0.740202 -0.086627 0.418239 0.923710 1 55 1.000000
shoe
  55 -1.743963 -4.334989 0.059455 0.928644 -0.370910 0.006818 0.358889 0.910791 2 55 0.736933 54 0.263067
  55 -1.603688 -3.866622 -0.012753 0.965636 -0.248066 -0.077525 0.326561 0.910791 2 55 0.523490 54 0.476510
  55 -1.591592 -3.863147 0.122936 0.964198 -0.254826 -0.073388 0.325993 0.921631 2 55 0.523804 54 0.476196
shoe
  55 -2.493412 -5.267448 0.357806 0.411002 -0.906597 -0.095703 0.444591 0.923971 1 55 1.000000
  55 -2.497627 -5.253185 0.214977 0.409269 -0.906544 -0.103326 0.443306 0.910791 1 55 1.000000
  55 -2.193654 -5.068741 0.319964 0.666781 -0.740202 -0.086627 0.418239 0.923710 1 55 1.000000
shoe
  55 -2.193654 -5.068741 0.319964 0.666781 -0.740202 -0.086627 0.418239 0.923710 1 55 1.000000
  55 -2.158910 -5.098089 0.917617 0.670377 -0.641576 0.372794 0.420905 0.975143 1 55 1.000000
  55 -2.493412 -5.267448 0.357806 0.411002 -0.906597 -0.095703 0.444591 0.923971 1 55 1.000000
shoe
  55 -2.785822 -5.329423 0.227175 0.190508 -0.968791 -0.158589 0.466513 0.910791 1 55 1.000000
  55 -2.497627 -5.253185 0.214977 0.409269 -0.906544 -0.103326 0.443306 0.910791 1 55 1.000000
  55 -2.493412 -5.267448 0.357806 0.411002 -0.906597 -0.095703 0.444591 0.923971 1 55 1.000000
shoe
  55 -2.158910 -5.098089 0.917617 0.670377 -0.641576 0.372794 0.420905 0.975143 1 55 1.000000
  55 -2.448363 -5.303421 0.963299 0.433060 -0.896823 -0.090369 0.445030 0.975933 1 55 1.000000
  55 -2.493412 -5.267448 0.357806 0.411002 -0.906597 -0.095703 0.444591 0.923971 1 55 1.000000
shoe
  55 -2.782424 -5.354839 0.377752 0.191360 -0.973856 -0.122413 0.467113 0.924486 1 55 1.000000
  55 -2.785822 -5.329423 0.227175 0.190508 -0.968791 -0.158589 0.466513 0.910791 1 55 1.000000
  55 -2.493412 -5.267448 0.357806 0.411002 -0.906597 -0.095703 0.444591 0.923971 1 55 1.000000
shoe
  55 -2.493412 -5.267448 0.357806 0.411002 -0.906597 -0.095703 0.444591 0.923971 1 55 1.000000
  55 -2.448363 -5.303421 0.963299 0.433060 -0.896823 -0.090369 0.445030 0.975933 1 55 1.000000
  55 -2.782424 -5.354839 0.377752 0.191360 -0.973856 -0.122413 0.467113 0.924486 1 55 1.000000
shoe
  55 -2.448363 -5.303421 0.963299 0.433060 -0.896823 -0.090369 0.445030 0.975933 1 55 1.000000
  55 -2.748079 -5.402925 0.986123 0.202375 -0.975300 -0.088514 0.466669 0.976100 1 55 1.000000
  55 -2.782424 -5.354839 0.377752 0.191360 -0.973856 -0.122413 0.467113 0.924486 1 55 1.000000
shoe
  55 -3.085990 -5.362984 0.229337 0.038481 -0.988384 -0.147023 0.489803 0.910791 1 55 1.000000
  55 -2.785822 -5.329423 0.227175 0.190508 -0.968791 -0.158589 0.466513 0.910791 1 55 1.000000
  55 -2.782424 -5.354839 0.377752 0.191360 -0.973856 -0.122413 0.467113 0.924486 1 55 1.000000
shoe
  55 -2.782424 -5.354839 0.377752 0.191360 -0.973856 -0.122413 0.467113 0.924486 1 55 1.000000
  55 -2.748079 -5.402925 0.986123 0.202375 -0.975300 -0.088514 0.466669 0.976100 1 55 1.000000
  55 -3.064033 -5.433342 0.987998 -0.004620 -0.996760 -0.080295 0.488748 0.975800 1 55 1.000000
shoe
  55 -3.084139 -5.384354 0.378536 0.030390 -0.994240 -0.102781 0.489719 0.924208 1 55 1.000000
  55 -3.085990 -5.362984 0.229337 0.038481 -0.988384 -0.147023 0.489803 0.910791 1 55 1.000000
  55 -2.782424 -5.354839 0.377752 0.191360 -0.973856 -0.122413 0.467113 0.924486 1 55 1.000000
shoe
  55 -3.084139 -5.384354 0.378536 0.030390 -0.994240 -0.102781 0.489719 0.924208 1 55 1.000000
  55 -2.782424 -5.354839 0.377752 0.191360 -0.973856 -0.122413 0.467113 0.924486 1 55 1.000000
  55 -3.064033 -5.433342 0.987998 -0.004620 -0.996760 -0.080295 0.488748 0.975800 1 55 1.000000
shoe
  55 -3.085990 -5.362984 0.229337 0.038481 -0.988384 -0.147023 0.489803 0.910791 1 55 1.000000
  55 -3.084139 -5.384354 0.378536 0.030390 -0.994240 -0.102781 0.489719 0.924208 1 55 1.000000
  55 -3.380962 -5.377918 0.375196 -0.131695 -0.987715 -0.084117 0.511684 0.924774 1 55 1.000000
shoe
  55 -3.064033 -5.433342 0.987998 -0.004620 -0.996760 -0.080295 0.488748 0.975800 1 55 1.000000
  55 -3.398445 -5.396475 0.986629 -0.083708 -0.994491 -0.063090 0.511911 0.976273 1 55 1.000000
  55 -3.084139 -5.384354 0.378536 0.030390 -0.994240 -0.102781 0.489719 0.924208 1 55 1.000000
shoe
  55 -3.398445 -5.396475 0.986629 -0.083708 -0.994491 -0.063090 0.511911 0.976273 1 55 1.000000
  55 -3.380962 -5.377918 0.375196 -0.131695 -0.987715 -0.084117 0.511684 0.924774 1 55 1.000000
  55 -3.084139 -5.384354 0.378536 0.030390 -0.994240 -0.102781 0.489719 0.924208 1 55 1.000000
shoe
  55 -1.591592 -3.863147 0.122936 0.964198 -0.254826 -0.073388 0.325993 0.921631 2 55 0.523804 54 0.476196
  55 -1.603688 -3.866622 -0.012753 0.965636 -0.248066 -0.077525 0.326561 0.910791 2 55 0.523490 54 0.476510
  54 -1.498372 -3.396461 0.082558 0.986506 -0.151361 -0.062419 0.294573 0.921726 2 54 0.688287 55 0.311713
shoe
  54 -1.498372 -3.396461 0.082558 0.986506 -0.151361 -0.062419 0.294573 0.921726 2 54 0.688287 55 0.311713
  54 -1.470898 -3.515410 0.729810 0.927176 -0.130317 0.351229 0.301214 0.974182 2 54 0.625355 55 0.374645
  55 -1.591592 -3.863147 0.122936 0.964198 -0.254826 -0.073388 0.325993 0.921631 2 55 0.523804 54 0.476196
shoe
  55 -1.603688 -3.866622 -0.012753 0.965636 -0.248066 -0.077525 0.326561 0.910791 2 55 0.523490 54 0.476510
  54 -1.502945 -3.378957 -0.057350 0.988063 -0.146541 -0.047509 0.293315 0.910791 2 54 0.698179 55 0.301821
  54 -1.498372 -3.396461 0.082558 0.986506 -0.151361 -0.062419 0.294573 0.921726 2 54 0.688287 55 0.311713
shoe
  54 -1.425673 -3.085760 0.708306 0.937021 -0.046239 0.346199 0.273321 0.974190 2 54 0.820271 55 0.179729
  54 -1.470898 -3.515410 0.729810 0.927176 -0.130317 0.351229 0.301214 0.974182 2 54 0.625355 55 0.374645
  54 -1.498372 -3.396461 0.082558 0.986506 -0.151361 -0.062419 0.294573 0.921726 2 54 0.688287 55 0.311713
shoe
  54 -1.470898 -3.515410 0.729810 0.927176 -0.130317 0.351229 0.301214 0.974182 2 54 0.625355 55 0.374645
  54 -1.425673 -3.085760 0.708306 0.937021 -0.046239 0.346199 0.273321 0.974190 2 54 0.820271 55 0.179729
  54 -1.521685 -3.108203 0.802972 0.703290 -0.029515 0.710290 0.275256 0.985299 2 54 0.808484 55 0.191516
shoe
  54 -1.515062 -2.650269 0.806513 0.745791 0.028188 0.665583 0.242805 0.985299 1 54 1.000000
  54 -1.521685 -3.108203 0.802972 0.703290 -0.029515 0.710290 0.275256 0.985299 2 54 0.808484 55 0.191516
  54 -1.425673 -3.085760 0.708306 0.937021 -0.046239 0.346199 0.273321 0.974190 2 54 0.820271 55 0.179729
shoe
  54 -1.498372 -3.396461 0.082558 0.986506 -0.151361 -0.062419 0.294573 0.921726 2 54 0.688287 55 0.311713
  54 -1.502945 -3.378957 -0.057350 0.988063 -0.146541 -0.047509 0.293315 0.910791 2 54 0.698179 55 0.301821
  54 -1.451559 -2.906391 0.056753 0.998964 -0.037259 -0.026109 0.263038 0.921489 2 54 0.910616 55 0.089384
shoe
  54 -1.451559 -2.906391 0.056753 0.998964 -0.037259 -0.026109 0.263038 0.921489 2 54 0.910616 55 0.089384
  54 -1.425673 -3.085760 0.708306 0.937021 -0.046239 0.346199 0.273321 0.974190 2 54 0.820271 55 0.179729
  54 -1.498372 -3.396461 0.082558 0.986506 -0.151361 -0.062419 0.294573 0.921726 2 54 0.688287 55 0.311713
shoe
  54 -1.502945 -3.378957 -0.057350 0.988063 -0.146541 -0.047509 0.293315 0.910791 2 54 0.698179 55 0.301821
  54 -1.448701 -2.863909 -0.082913 0.999726 -0.019809 0.012474 0.260669 0.910791 2 54 0.931834 55 0.068166
  54 -1.451559 -2.906391 0.056753 0.998964 -0.037259 -0.026109 0.263038 0.921489 2 54 0.910616 55 0.089384
shoe
  54 -1.427374 -2.609325 0.705005 0.943895 0.057346 0.325227 0.241171 0.973871 1 54 1.000000
  54 -1.515062 -2.650269 0.806513 0.745791 0.028188 0.665583 0.242805 0.985299 1 54 1.000000
  54 -1.425673 -3.085760 0.708306 0.937021 -0.046239 0.346199 0.273321 0.974190 2 54 0.820271 55 0.179729
shoe
  54 -1.427374 -2.609325 0.705005 0.943895 0.057346 0.325227 0.241171 0.973871 1 54 1.000000
  54 -1.425673 -3.085760 0.708306 0.937021 -0.046239 0.346199 0.273321 0.974190 2 54 0.820271 55 0.179729
  54 -1.451559 -2.906391 0.056753 0.998964 -0.037259 -0.026109 0.263038 0.921489 2 54 0.910616 55 0.089384
shoe
  54 -1.578771 -2.159578 0.832566 0.726475 0.051932 0.685228 0.210290 0.985299 1 54 1.000000
  54 -1.515062 -2.650269 0.806513 0.745791 0.028188 0.665583 0.242805 0.985299 1 54 1.000000
  54 -1.427374 -2.609325 0.705005 0.943895 0.057346 0.325227 0.241171 0.973871 1 54 1.000000
shoe
  54 -1.451559 -2.906391 0.056753 0.998964 -0.037259 -0.026109 0.263038 0.921489 2 54 0.910616 55 0.089384
  54 -1.448701 -2.863909 -0.082913 0.999726 -0.019809 0.012474 0.260669 0.910791 2 54 0.931834 55 0.068166
  54 -1.469776 -2.401461 0.056950 0.994108 0.108391 -0.000796 0.230742 0.921016 1 54 1.000000
shoe
  54 -1.469776 -2.401461 0.056950 0.994108 0.108391 -0.000796 0.230742 0.921016 1 54 1.000000
  54 -1.427374 -2.609325 0.705005 0.943895 0.057346 0.325227 0.241171 0.973871 1 54 1.000000
  54 -1.451559 -2.906391 0.056753 0.998964 -0.037259 -0.026109 0.263038 0.921489 2 54 0.910616 55 0.089384
shoe
  54 -1.448701 -2.863909 -0.082913 0.999726 -0.019809 0.012474 0.260669 0.910791 2 54 0.931834 55 0.068166
  54 -1.470713 -2.342553 -0.075130 0.989629 0.137202 0.042544 0.227914 0.910791 1 54 1.000000
  54 -1.469776 -2.401461 0.056950 0.994108 0.108391 -0.000796 0.230742 0.921016 1 54 1.000000
shoe
  54 -1.496672 -2.120184 0.743000 0.927976 0.151927 0.340262 0.208766 0.974247 1 54 1.000000
  54 -1.578771 -2.159578 0.832566 0.726475 0.051932 0.685228 0.210290 0.985299 1 54 1.000000
  54 -1.427374 -2.609325 0.705005 0.943895 0.057346 0.325227 0.241171 0.973871 1 54 1.000000
shoe
  54 -1.496672 -2.120184 0.743000 0.927976 0.151927 0.340262 0.208766 0.974247 1 54 1.000000
  54 -1.427374 -2.609325 0.705005 0.943895 0.057346 0.325227 0.241171 0.973871 1 54 1.000000
  54 -1.469776 -2.401461 0.056950 0.994108 0.108391 -0.000796 0.230742 0.921016 1 54 1.000000
shoe
  54 -1.705397 -1.712152 0.931811 0.738942 0.056638 0.671384 0.177709 0.985299 1 54 1.000000
  54 -1.578771 -2.159578 0.832566 0.726475 0.051932 0.685228 0.210290 0.985299 1 54 1.000000
  54 -1.496672 -2.120184 0.743000 0.927976 0.151927 0.340262 0.208766 0.974247 1 54 1.000000
shoe
  54 -1.469776 -2.401461 0.056950 0.994108 0.108391 -0.000796 0.230742 0.921016 1 54 1.000000
  54 -1.470713 -2.342553 -0.075130 0.989629 0.137202 0.042544 0.227914 0.910791 1 54 1.000000
  54 -1.576045 -1.867141 0.092953 0.959151 0.282154 -0.020452 0.194345 0.919993 1 54 1.000000
shoe
  54 -1.576045 -1.867141 0.092953 0.959151 0.282154 -0.020452 0.194345 0.919993 1 54 1.000000
  54 -1.496672 -2.120184 0.743000 0.927976 0.151927 0.340262 0.208766 0.974247 1 54 1.000000
  54 -1.469776 -2.401461 0.056950 0.994108 0.108391 -0.000796 0.230742 0.921016 1 54 1.000000
shoe
  54 -1.470713 -2.342553 -0.075130 0.989629 0.137202 0.042544 0.227914 0.910791 1 54 1.000000
  54 -1.594181 -1.816344 -0.027301 0.949183 0.313934 -0.022283 0.191923 0.910791 1 54 1.000000
  54 -1.576045 -1.867141 0.092953 0.959151 0.282154 -0.020452 0.194345 0.919993 1 54 1.000000
shoe
  54 -1.637531 -1.656286 0.852089 0.910664 0.237237 0.338243 0.175132 0.975182 1 54 1.000000
  54 -1.705397 -1.712152 0.931811 0.738942 0.056638 0.671384 0.177709 0.985299 1 54 1.000000
  54 -1.496672 -2.120184 0.743000 0.927976 0.151927 0.340262 0.208766 0.974247 1 54 1.000000
shoe
  54 -1.496672 -2.120184 0.743000 0.927976 0.151927 0.340262 0.208766 0.974247 1 54 1.000000
  54 -1.576045 -1.867141 0.092953 0.959151 0.282154 -0.020452 0.194345 0.919993 1 54 1.000000
  54 -1.637531 -1.656286 0.852089 0.910664 0.237237 0.338243 0.175132 0.975182 1 54 1.000000
shoe
  54 -1.881528 -1.283722 1.096419 0.737133 -0.018055 0.675506 0.142390 0.985299 1 54 1.000000
  54 -1.705397 -1.712152 0.931811 0.738942 0.056638 0.671384 0.177709 0.985299 1 54 1.000000
  54 -1.637531 -1.656286 0.852089 0.910664 0.237237 0.338243 0.175132 0.975182 1 54 1.000000
shoe
  54 -1.576045 -1.867141 0.092953 0.959151 0.282154 -0.020452 0.194345 0.919993 1 54 1.000000
  54 -1.594181 -1.816344 -0.027301 0.949183 0.313934 -0.022283 0.191923 0.910791 1 54 1.000000
  54 -1.744801 -1.434813 0.194244 0.915073 0.399959 -0.051720 0.160456 0.920142 1 54 1.000000
shoe
  54 -1.576045 -1.867141 0.092953 0.959151 0.282154 -0.020452 0.194345 0.919993 1 54 1.000000
  54 -1.744801 -1.434813 0.194244 0.915073 0.399959 -0.051720 0.160456 0.920142 1 54 1.000000
  54 -1.637531 -1.656286 0.852089 0.910664 0.237237 0.338243 0.175132 0.975182 1 54 1.000000
shoe
  54 -1.594181 -1.816344 -0.027301 0.949183 0.313934 -0.022283 0.191923 0.910791 1 54 1.000000
  54 -1.778103 -1.387007 0.071498 0.897909 0.430890 -0.089961 0.155884 0.910791 1 54 1.000000
  54 -1.744801 -1.434813 0.194244 0.915073 0.399959 -0.051720 0.160456 0.920142 1 54 1.000000
shoe
  54 -1.837512 -1.220857 1.050638 0.906457 0.240511 0.347116 0.139251 0.978133 1 54 1.000000
  54 -1.881528 -1.283722 1.096419 0.737133 -0.018055 0.675506 0.142390 0.985299 1 54 1.000000
  54 -1.637531 -1.656286 0.852089 0.910664 0.237237 0.338243 0.175132 0.975182 1 54 1.000000
shoe
  54 -1.881528 -1.283722 1.096419 0.737133 -0.018055 0.675506 0.142390 0.985299 1 54 1.000000
  54 -1.837512 -1.220857 1.050638 0.906457 0.240511 0.347116 0.139251 0.978133 1 54 1.000000
  54 -2.063406 -0.831390 1.352423 0.841524 -0.045166 0.538328 0.103522 0.985299 1 54 1.000000
shoe
  54 -1.744801 -1.434813 0.194244 0.915073 0.399959 -0.051720 0.160456 0.920142 1 54 1.000000
  54 -1.828800 -1.231411 0.342241 0.886606 0.459887 -0.049331 0.145647 0.926200 1 54 1.000000
  54 -1.637531 -1.656286 0.852089 0.910664 0.237237 0.338243 0.175132 0.975182 1 54 1.000000
shoe
  54 -1.744801 -1.434813 0.194244 0.915073 0.399959 -0.051720 0.160456 0.920142 1 54 1.000000
  54 -1.778103 -1.387007 0.071498 0.897909 0.430890 -0.089961 0.155884 0.910791 1 54 1.000000
  54 -1.828800 -1.231411 0.342241 0.886606 0.459887 -0.049331 0.145647 0.926200 1 54 1.000000
shoe
  54 -1.837512 -1.220857 1.050638 0.906457 0.240511 0.347116 0.139251 0.978133 1 54 1.000000
  54 -1.637531 -1.656286 0.852089 0.910664 0.237237 0.338243 0.175132 0.975182 1 54 1.000000
  54 -1.828800 -1.231411 0.342241 0.886606 0.459887 -0.049331 0.145647 0.926200 1 54 1.000000
shoe
  54 -1.778103 -1.387007 0.071498 0.897909 0.430890 -0.089961 0.155884 0.910791 1 54 1.000000
  54 -1.896869 -1.139716 0.228959 0.857403 0.503214 -0.107875 0.139331 0.915952 1 54 1.000000
  54 -1.828800 -1.231411 0.342241 0.886606 0.459887 -0.049331 0.145647 0.926200 1 54 1.000000
shoe
  54 -1.828800 -1.231411 0.342241 0.886606 0.459887 -0.049331 0.145647 0.926200 1 54 1.000000
  54 -1.896869 -1.139716 0.228959 0.857403 0.503214 -0.107875 0.139331 0.915952 1 54 1.000000
  54 -2.007194 -0.896205 0.551445 0.915030 0.403055 0.016365 0.119595 0.931754 1 54 1.000000
shoe
  54 -1.970234 -0.993557 0.659620 0.903708 0.427987 0.011825 0.125407 0.941833 1 54 1.000000
  54 -1.828800 -1.231411 0.342241 0.886606 0.459887 -0.049331 0.145647 0.926200 1 54 1.000000
  54 -2.007194 -0.896205 0.551445 0.915030 0.403055 0.016365 0.119595 0.931754 1 54 1.000000
shoe
  54 -1.970234 -0.993557 0.659620 0.903708 0.427987 0.011825 0.125407 0.941833 1 54 1.000000
  54 -1.837512 -1.220857 1.050638 0.906457 0.240511 0.347116 0.139251 0.978133 1 54 1.000000
  54 -1.828800 -1.231411 0.342241 0.886606 0.459887 -0.049331 0.145647 0.926200 1 54 1.000000
shoe
  54 -2.099205 -0.624024 1.015876 0.968171 0.244576 0.053175 0.095416 0.952164 1 54 1.000000
  54 -1.970234 -0.993557 0.659620 0.903708 0.427987 0.011825 0.125407 0.941833 1 54 1.000000
  54 -2.007194 -0.896205 0.551445 0.915030 0.403055 0.016365 0.119595 0.931754 1 54 1.000000
shoe
  54 -2.099205 -0.624024 1.015876 0.968171 0.244576 0.053175 0.095416 0.952164 1 54 1.000000
  54 -2.085633 -0.715076 1.154571 0.944777 0.326196 -0.031497 0.099411 0.965499 1 54 1.000000
  54 -1.970234 -0.993557 0.659620 0.903708 0.427987 0.011825 0.125407 0.941833 1 54 1.000000
shoe
  54 -2.085633 -0.715076 1.154571 0.944777 0.326196 -0.031497 0.099411 0.965499 1 54 1.000000
  54 -1.837512 -1.220857 1.050638 0.906457 0.240511 0.347116 0.139251 0.978133 1 54 1.000000
  54 -1.970234 -0.993557 0.659620 0.903708 0.427987 0.011825 0.125407 0.941833 1 54 1.000000
shoe
  54 -2.085633 -0.715076 1.154571 0.944777 0.326196 -0.031497 0.099411 0.965499 1 54 1.000000
  54 -2.099205 -0.624024 1.015876 0.968171 0.244576 0.053175 0.095416 0.952164 1 54 1.000000
  54 -2.185245 -0.281078 1.503753 0.960298 0.238505 -0.144721 0.067491 0.972855 1 54 1.000000
shoe
  54 -2.085633 -0.715076 1.154571 0.944777 0.326196 -0.031497 0.099411 0.965499 1 54 1.000000
  54 -2.034957 -0.787946 1.310804 0.957237 0.188882 0.219136 0.101867 0.979898 1 54 1.000000
  54 -1.837512 -1.220857 1.050638 0.906457 0.240511 0.347116 0.139251 0.978133 1 54 1.000000
shoe
  54 -2.034957 -0.787946 1.310804 0.957237 0.188882 0.219136 0.101867 0.979898 1 54 1.000000
  54 -2.085633 -0.715076 1.154571 0.944777 0.326196 -0.031497 0.099411 0.965499 1 54 1.000000
  54 -2.185245 -0.281078 1.503753 0.960298 0.238505 -0.144721 0.067491 0.972855 1 54 1.000000
shoe
  54 -1.837512 -1.220857 1.050638 0.906457 0.240511 0.347116 0.139251 0.978133 1 54 1.000000
  54 -2.034957 -0.787946 1.310804 0.957237 0.188882 0.219136 0.101867 0.979898 1 54 1.000000
  54 -2.063406 -0.831390 1.352423 0.841524 -0.045166 0.538328 0.103522 0.985299 1 54 1.000000
shoe
  54 -2.063406 -0.831390 1.352423 0.841524 -0.045166 0.538328 0.103522 0.985299 1 54 1.000000
  54 -2.034957 -0.787946 1.310804 0.957237 0.188882 0.219136 0.101867 0.979898 1 54 1.000000
  54 -2.149961 -0.336611 1.634192 0.968289 0.214065 -0.128816 0.067491 0.985299 1 54 1.000000
shoe
  54 -2.149961 -0.336611 1.634192 0.968289 0.214065 -0.128816 0.067491 0.985299 1 54 1.000000
  54 -2.034957 -0.787946 1.310804 0.957237 0.188882 0.219136 0.101867 0.979898 1 54 1.000000
  54 -2.185245 -0.281078 1.503753 0.960298 0.238505 -0.144721 0.067491 0.972855 1 54 1.000000
shoe
  54 -2.185245 -0.281078 1.503753 0.960298 0.238505 -0.144721 0.067491 0.972855 1 54 1.000000
  54 -2.206920 0.233695 1.760066 0.994169 0.059658 -0.089827 0.048857 0.972855 1 54 1.000000
  54 -2.149961 -0.336611 1.634192 0.968289 0.214065 -0.128816 0.067491 0.985299 1 54 1.000000
shoe
  54 -2.206920 0.233695 1.760066 0.994169 0.059658 -0.089827 0.048857 0.972855 1 54 1.000000
  54 -2.193137 0.171765 1.890991 0.994305 0.058532 -0.089052 0.048857 0.985299 1 54 1.000000
  54 -2.149961 -0.336611 1.634192 0.968289 0.214065 -0.128816 0.067491 0.985299 1 54 1.000000
shoe
  54 -2.206920 0.233695 1.760066 0.994169 0.059658 -0.089827 0.048857 0.972855 1 54 1.000000
  54 -2.178494 0.811343 2.044423 0.967069 -0.003614 -0.254487 0.021772 0.972855 1 54 1.000000
  54 -2.193137 0.171765 1.890991 0.994305 0.058532 -0.089052 0.048857 0.985299 1 54 1.000000
shoe
  54 -2.178494 0.811343 2.044423 0.967069 -0.003614 -0.254487 0.021772 0.972855 1 54 1.000000
  54 -2.140661 0.779101 2.182474 0.965078 -0.011429 -0.261715 0.021772 0.985299 1 54 1.000000
  54 -2.193137 0.171765 1.890991 0.994305 0.058532 -0.089052 0.048857 0.985299 1 54 1.000000
shoe
  54 -2.178494 0.811343 2.044423 0.967069 -0.003614 -0.254487 0.021772 0.972855 1 54 1.000000
  54 -2.125052 1.217425 2.157749 0.967216 -0.048504 -0.249280 0.005351 0.972855 1 54 1.000000
  54 -2.140661 0.779101 2.182474 0.965078 -0.011429 -0.261715 0.021772 0.985299 1 54 1.000000
shoe
  54 -2.125052 1.217425 2.157749 0.967216 -0.048504 -0.249280 0.005351 0.972855 1 54 1.000000
  54 -2.081079 1.148330 2.347640 0.969095 -0.048157 -0.241940 0.005351 0.985299 1 54 1.000000
  54 -2.140661 0.779101 2.182474 0.965078 -0.011429 -0.261715 0.021772 0.985299 1 54 1.000000
shoe
  54 -4.812867 -1.691025 -0.073411 0.018152 0.183013 -0.982943 0.289977 0.407985 1 54 1.000000
  54 -4.680080 -1.307863 0.043929 0.014366 0.454621 -0.890569 0.260611 0.415464 1 54 1.000000
  54 -1.778103 -1.387007 0.071498 0.022995 0.355582 -0.934362 0.261820 0.613556 1 54 1.000000
shoe
  54 -1.778103 -1.387007 0.071498 0.022995 0.355582 -0.934362 0.261820 0.613556 1 54 1.000000
  54 -1.594181 -1.816344 -0.027301 0.020980 0.149056 -0.988606 0.293705 0.625804 1 54 1.000000
  54 -4.812867 -1.691025 -0.073411 0.018152 0.183013 -0.982943 0.289977 0.407985 1 54 1.000000
shoe
  54 -1.896869 -1.139716 0.228959 0.019508 0.658619 -0.752223 0.241878 0.605197 1 54 1.000000
  54 -1.778103 -1.387007 0.071498 0.022995 0.355582 -0.934362 0.261820 0.613556 1 54 1.000000
  54 -4.680080 -1.307863 0.043929 0.014366 0.454621 -0.890569 0.260611 0.415464 1 54 1.000000
shoe
  54 -1.594181 -1.816344 -0.027301 0.020980 0.149056 -0.988606 0.293705 0.625804 1 54 1.000000
  54 -4.892975 -2.146674 -0.124269 0.016959 0.061067 -0.997990 0.322324 0.403211 1 54 1.000000
  54 -4.812867 -1.691025 -0.073411 0.018152 0.183013 -0.982943 0.289977 0.407985 1 54 1.000000
shoe
  54 -4.604196 -1.060271 0.267628 0.010670 0.735491 -0.677451 0.237914 0.420570 1 54 1.000000
  54 -1.896869 -1.139716 0.228959 0.019508 0.658619 -0.752223 0.241878 0.605197 1 54 1.000000
  54 -4.680080 -1.307863 0.043929 0.014366 0.454621 -0.890569 0.260611 0.415464 1 54 1.000000
shoe
  54 -1.594181 -1.816344 -0.027301 0.020980 0.149056 -0.988606 0.293705 0.625804 1 54 1.000000
  54 -1.470713 -2.342553 -0.075130 0.017418 0.050338 -0.998580 0.330746 0.634020 1 54 1.000000
  54 -4.892975 -2.146674 -0.124269 0.016959 0.061067 -0.997990 0.322324 0.403211 1 54 1.000000
shoe
  54 -1.896869 -1.139716 0.228959 0.019508 0.658619 -0.752223 0.241878 0.605197 1 54 1.000000
  54 -4.604196 -1.060271 0.267628 0.010670 0.735491 -0.677451 0.237914 0.420570 1 54 1.000000
  54 -2.007194 -0.896205 0.551445 0.015418 0.829054 -0.558955 0.213373 0.598210 1 54 1.000000
shoe
  54 -1.470713 -2.342553 -0.075130 0.017418 0.050338 -0.998580 0.330746 0.634020 1 54 1.000000
  54 -4.907358 -2.618809 -0.133161 0.012993 -0.018779 -0.999739 0.355554 0.402920 1 54 1.000000
  54 -4.892975 -2.146674 -0.124269 0.016959 0.061067 -0.997990 0.322324 0.403211 1 54 1.000000
shoe
  54 -4.604196 -1.060271 0.267628 0.010670 0.735491 -0.677451 0.237914 0.420570 1 54 1.000000
  54 -4.508173 -0.808917 0.620061 0.015915 0.830975 -0.556081 0.206332 0.426466 1 54 1.000000
  54 -2.007194 -0.896205 0.551445 0.015418 0.829054 -0.558955 0.213373 0.598210 1 54 1.000000
shoe
  54 -1.470713 -2.342553 -0.075130 0.017418 0.050338 -0.998580 0.330746 0.634020 1 54 1.000000
  54 -1.448701 -2.863909 -0.082913 0.012593 -0.018810 -0.999744 0.367076 0.636099 2 54 0.931834 55 0.068166
  54 -4.907358 -2.618809 -0.133161 0.012993 -0.018779 -0.999739 0.355554 0.402920 1 54 1.000000
shoe
  54 -2.007194 -0.896205 0.551445 0.015418 0.829054 -0.558955 0.213373 0.598210 1 54 1.000000
  54 -4.508173 -0.808917 0.620061 0.015915 0.830975 -0.556081 0.206332 0.426466 1 54 1.000000
  54 -2.099205 -0.624024 1.015876 0.021824 0.842839 -0.537724 0.176163 0.591432 1 54 1.000000
shoe
  54 -1.448701 -2.863909 -0.082913 0.012593 -0.018810 -0.999744 0.367076 0.636099 2 54 0.931834 55 0.068166
  54 -4.881640 -3.092884 -0.104472 0.010047 -0.054401 -0.998469 0.388963 0.405004 2 54 0.818247 55 0.181753
  54 -4.907358 -2.618809 -0.133161 0.012993 -0.018779 -0.999739 0.355554 0.402920 1 54 1.000000
shoe
  54 -4.508173 -0.808917 0.620061 0.015915 0.830975 -0.556081 0.206332 0.426466 1 54 1.000000
  54 -4.415525 -0.581824 0.991426 0.021006 0.830147 -0.557149 0.175838 0.432655 1 54 1.000000
  54 -2.099205 -0.624024 1.015876 0.021824 0.842839 -0.537724 0.176163 0.591432 1 54 1.000000
shoe
  54 -1.448701 -2.863909 -0.082913 0.012593 -0.018810 -0.999744 0.367076 0.636099 2 54 0.931834 55 0.068166
  54 -1.502945 -3.378957 -0.057350 0.010910 -0.068995 -0.997557 0.403024 0.633391 2 54 0.698179 55 0.301821
  54 -4.881640 -3.092884 -0.104472 0.010047 -0.054401 -0.998469 0.388963 0.405004 2 54 0.818247 55 0.181753
shoe
  54 -4.415525 -0.581824 0.991426 0.021006 0.830147 -0.557149 0.175838 0.432655 1 54 1.000000
  54 -4.273246 -0.264983 1.419864 0.029469 0.697892 -0.715596 0.136935 0.439246 1 54 1.000000
  54 -2.099205 -0.624024 1.015876 0.021824 0.842839 -0.537724 0.176163 0.591432 1 54 1.000000
shoe
  54 -1.502945 -3.378957 -0.057350 0.010910 -0.068995 -0.997557 0.403024 0.633391 2 54 0.698179 55 0.301821
  54 -4.791395 -3.578230 -0.080100 0.010909 -0.070461 -0.997455 0.422769 0.412455 2 54 0.598484 55 0.401516
  54 -4.881640 -3.092884 -0.104472 0.010047 -0.054401 -0.998469 0.388963 0.405004 2 54 0.818247 55 0.181753
shoe
  54 -4.273246 -0.264983 1.419864 0.029469 0.697892 -0.715596 0.136935 0.439246 1 54 1.000000
  54 -2.185245 -0.281078 1.503753 0.024077 0.667972 -0.743797 0.133620 0.584642 1 54 1.000000
  54 -2.099205 -0.624024 1.015876 0.021824 0.842839 -0.537724 0.176163 0.591432 1 54 1.000000
shoe
  54 -1.502945 -3.378957 -0.057350 0.010910 -0.068995 -0.997557 0.403024 0.633391 2 54 0.698179 55 0.301821
  55 -1.603688 -3.866622 -0.012753 0.013938 -0.119179 -0.992775 0.437797 0.627514 2 55 0.523490 54 0.476510
  54 -4.791395 -3.578230 -0.080100 0.010909 -0.070461 -0.997455 0.422769 0.412455 2 54 0.598484 55 0.401516
shoe
  54 -4.273246 -0.264983 1.419864 0.029469 0.697892 -0.715596 0.136935 0.439246 1 54 1.000000
  54 -4.166969 0.230853 1.732211 0.023897 0.490945 -0.870863 0.094330 0.444560 1 54 1.000000
  54 -2.185245 -0.281078 1.503753 0.024077 0.667972 -0.743797 0.133620 0.584642 1 54 1.000000
shoe
  55 -1.603688 -3.866622 -0.012753 0.013938 -0.119179 -0.992775 0.437797 0.627514 2 55 0.523490 54 0.476510
  55 -4.669123 -4.070278 -0.030194 0.014710 -0.112790 -0.993510 0.456876 0.421346 2 55 0.624578 54 0.375422
  54 -4.791395 -3.578230 -0.080100 0.010909 -0.070461 -0.997455 0.422769 0.412455 2 54 0.598484 55 0.401516
shoe
  54 -4.166969 0.230853 1.732211 0.023897 0.490945 -0.870863 0.094330 0.444560 1 54 1.000000
  54 -2.206920 0.233695 1.760066 0.008992 0.445797 -0.895089 0.093462 0.583228 1 54 1.000000
  54 -2.185245 -0.281078 1.503753 0.024077 0.667972 -0.743797 0.133620 0.584642 1 54 1.000000
shoe
  55 -1.603688 -3.866622 -0.012753 0.013938 -0.119179 -0.992775 0.437797 0.627514 2 55 0.523490 54 0.476510
  55 -1.743963 -4.334989 0.059455 0.017768 -0.157938 -0.987289 0.471242 0.617653 2 55 0.736933 54 0.263067
  55 -4.669123 -4.070278 -0.030194 0.014710 -0.112790 -0.993510 0.456876 0.421346 2 55 0.624578 54 0.375422
shoe
  54 -4.166969 0.230853 1.732211 0.023897 0.490945 -0.870863 0.094330 0.444560 1 54 1.000000
  54 -4.122180 0.757958 2.008213 0.009317 0.408322 -0.912790 0.052973 0.446591 1 54 1.000000
  54 -2.206920 0.233695 1.760066 0.008992 0.445797 -0.895089 0.093462 0.583228 1 54 1.000000
shoe
  55 -1.743963 -4.334989 0.059455 0.017768 -0.157938 -0.987289 0.471242 0.617653 2 55 0.736933 54 0.263067
  55 -4.491036 -4.498835 0.029441 0.019298 -0.142088 -0.989666 0.485850 0.434274 2 55 0.818873 54 0.181127
  55 -4.669123 -4.070278 -0.030194 0.014710 -0.112790 -0.993510 0.456876 0.421346 2 55 0.624578 54 0.375422
shoe
  54 -4.122180 0.757958 2.008213 0.009317 0.408322 -0.912790 0.052973 0.446591 1 54 1.000000
  54 -2.178494 0.811343 2.044423 -0.002831 0.357697 -0.933833 0.049211 0.583535 1 54 1.000000
  54 -2.206920 0.233695 1.760066 0.008992 0.445797 -0.895089 0.093462 0.583228 1 54 1.000000
shoe
  55 -1.743963 -4.334989 0.059455 0.017768 -0.157938 -0.987289 0.471242 0.617653 2 55 0.736933 54 0.263067
  55 -1.952075 -4.750718 0.123993 0.020722 -0.166771 -0.985778 0.500236 0.604556 2 55 0.926645 54 0.073355
  55 -4.491036 -4.498835 0.029441 0.019298 -0.142088 -0.989666 0.485850 0.434274 2 55 0.818873 54 0.181127
shoe
  54 -4.122180 0.757958 2.008213 0.009317 0.408322 -0.912790 0.052973 0.446591 1 54 1.000000
  54 -4.071391 1.259804 2.194898 0.005193 0.337733 -0.941228 0.021358 0.446950 1 54 1.000000
  54 -2.178494 0.811343 2.044423 -0.002831 0.357697 -0.933833 0.049211 0.583535 1 54 1.000000
shoe
  54 -4.071391 1.259804 2.194898 0.005193 0.337733 -0.941228 0.021358 0.446950 1 54 1.000000
  54 -2.125052 1.217425 2.157749 -0.012488 0.270308 -0.962693 0.021358 0.585426 1 54 1.000000
  54 -2.178494 0.811343 2.044423 -0.002831 0.357697 -0.933833 0.049211 0.583535 1 54 1.000000
shoe
  55 -1.952075 -4.750718 0.123993 0.020722 -0.166771 -0.985778 0.500236 0.604556 2 55 0.926645 54 0.073355
  55 -4.246534 -4.882751 0.098042 0.020340 -0.171099 -0.985044 0.511885 0.451162 2 55 0.992891 54 0.007109
  55 -4.491036 -4.498835 0.029441 0.019298 -0.142088 -0.989666 0.485850 0.434274 2 55 0.818873 54 0.181127
shoe
  55 -1.952075 -4.750718 0.123993 0.020722 -0.166771 -0.985778 0.500236 0.604556 2 55 0.926645 54 0.073355
  55 -2.200728 -5.054820 0.172767 0.021663 -0.188425 -0.981849 0.521903 0.588743 1 55 1.000000
  55 -4.246534 -4.882751 0.098042 0.020340 -0.171099 -0.985044 0.511885 0.451162 2 55 0.992891 54 0.007109
shoe
  55 -2.200728 -5.054820 0.172767 0.021663 -0.188425 -0.981849 0.521903 0.588743 1 55 1.000000
  55 -3.979104 -5.149495 0.155995 0.019825 -0.198828 -0.979834 0.529890 0.469583 1 55 1.000000
  55 -4.246534 -4.882751 0.098042 0.020340 -0.171099 -0.985044 0.511885 0.451162 2 55 0.992891 54 0.007109
shoe
  55 -3.979104 -5.149495 0.155995 0.019825 -0.198828 -0.979834 0.529890 0.469583 1 55 1.000000
  55 -2.200728 -5.054820 0.172767 0.021663 -0.188425 -0.981849 0.521903 0.588743 1 55 1.000000
  55 -3.685718 -5.300640 0.196631 0.021373 -0.222418 -0.974717 0.540283 0.489331 1 55 1.000000
shoe
  55 -2.200728 -5.054820 0.172767 0.021663 -0.188425 -0.981849 0.521903 0.588743 1 55 1.000000
  55 -2.497627 -5.253185 0.214977 0.024875 -0.243723 -0.969526 0.536894 0.569433 1 55 1.000000
  55 -3.685718 -5.300640 0.196631 0.021373 -0.222418 -0.974717 0.540283 0.489331 1 55 1.000000
shoe
  55 -3.685718 -5.300640 0.196631 0.021373 -0.222418 -0.974717 0.540283 0.489331 1 55 1.000000
  55 -2.497627 -5.253185 0.214977 0.024875 -0.243723 -0.969526 0.536894 0.569433 1 55 1.000000
  55 -3.379708 -5.354065 0.216295 0.024222 -0.225908 -0.973847 0.543993 0.509848 1 55 1.000000
shoe
  55 -2.497627 -5.253185 0.214977 0.024875 -0.243723 -0.969526 0.536894 0.569433 1 55 1.000000
  55 -2.785822 -5.329423 0.227175 0.028624 -0.264237 -0.964033 0.542514 0.549847 1 55 1.000000
  55 -3.379708 -5.354065 0.216295 0.024222 -0.225908 -0.973847 0.543993 0.509848 1 55 1.000000
shoe
  55 -3.379708 -5.354065 0.216295 0.024222 -0.225908 -0.973847 0.543993 0.509848 1 55 1.000000
  55 -2.785822 -5.329423 0.227175 0.028624 -0.264237 -0.964033 0.542514 0.549847 1 55 1.000000
  55 -3.085990 -5.362984 0.229337 0.031361 -0.341037 -0.939527 0.545045 0.529600 1 55 1.000000
shoe
  54 -2.794099 2.696304 -0.289040 -0.005594 -0.016424 -0.999849 0.313169 0.053930 1 54 1.000000
  54 -3.423283 2.727066 -0.286592 -0.004909 -0.020821 -0.999771 0.312988 0.097414 1 54 1.000000
  54 -3.108551 2.756971 -0.290609 -0.006894 -0.061551 -0.998080 0.316174 0.076009 1 54 1.000000
shoe
  54 -3.690356 2.552096 -0.282075 -0.005762 -0.024490 -0.999683 0.299695 0.115212 1 54 1.000000
  54 -3.423283 2.727066 -0.286592 -0.004909 -0.020821 -0.999771 0.312988 0.097414 1 54 1.000000
  54 -2.794099 2.696304 -0.289040 -0.005594 -0.016424 -0.999849 0.313169 0.053930 1 54 1.000000
shoe
  54 -2.518413 2.516717 -0.288141 -0.005287 -0.027090 -0.999619 0.301217 0.034182 1 54 1.000000
  54 -3.690356 2.552096 -0.282075 -0.005762 -0.024490 -0.999683 0.299695 0.115212 1 54 1.000000
  54 -2.794099 2.696304 -0.289040 -0.005594 -0.016424 -0.999849 0.313169 0.053930 1 54 1.000000
shoe
  54 -3.829060 2.259517 -0.273399 -0.005395 -0.029802 -0.999541 0.278576 0.124240 1 54 1.000000
  54 -3.690356 2.552096 -0.282075 -0.005762 -0.024490 -0.999683 0.299695 0.115212 1 54 1.000000
  54 -2.518413 2.516717 -0.288141 -0.005287 -0.027090 -0.999619 0.301217 0.034182 1 54 1.000000
shoe
  54 -2.395488 2.234956 -0.279957 -0.005108 -0.031259 -0.999498 0.281710 0.024309 1 54 1.000000
  54 -3.829060 2.259517 -0.273399 -0.005395 -0.029802 -0.999541 0.278576 0.124240 1 54 1.000000
  54 -2.518413 2.516717 -0.288141 -0.005287 -0.027090 -0.999619 0.301217 0.034182 1 54 1.000000
shoe
  54 -3.829060 2.259517 -0.273399 -0.005395 -0.029802 -0.999541 0.278576 0.124240 1 54 1.000000
  54 -2.395488 2.234956 -0.279957 -0.005108 -0.031259 -0.999498 0.281710 0.024309 1 54 1.000000
  54 -2.356939 1.863695 -0.268543 -0.005108 -0.031259 -0.999498 0.255530 0.019179 1 54 1.000000
shoe
  54 -3.889537 1.874083 -0.261035 -0.005108 -0.031259 -0.999498 0.251229 0.128467 1 54 1.000000
  54 -3.829060 2.259517 -0.273399 -0.005395 -0.029802 -0.999541 0.278576 0.124240 1 54 1.000000
  54 -2.356939 1.863695 -0.268543 -0.005108 -0.031259 -0.999498 0.255530 0.019179 1 54 1.000000
shoe
  54 -2.356939 1.863695 -0.268543 -0.005108 -0.031259 -0.999498 0.255530 0.019179 1 54 1.000000
  54 -2.360179 1.476084 -0.256404 -0.005108 -0.031259 -0.999498 0.227963 0.015471 1 54 1.000000
  54 -3.889537 1.874083 -0.261035 -0.005108 -0.031259 -0.999498 0.251229 0.128467 1 54 1.000000
shoe
  54 -2.360179 1.476084 -0.256404 -0.005108 -0.031259 -0.999498 0.227963 0.015471 1 54 1.000000
  54 -3.905654 1.512827 -0.249654 -0.005108 -0.031259 -0.999498 0.225886 0.130992 1 54 1.000000
  54 -3.889537 1.874083 -0.261035 -0.005108 -0.031259 -0.999498 0.251229 0.128467 1 54 1.000000
shoe
  54 -3.905654 1.512827 -0.249654 -0.005108 -0.031259 -0.999498 0.225886 0.130992 1 54 1.000000
  54 -2.360179 1.476084 -0.256404 -0.005108 -0.031259 -0.999498 0.227963 0.015471 1 54 1.000000
  54 -3.862055 1.390562 -0.246054 -0.005108 -0.031259 -0.999498 0.217446 0.128822 1 54 1.000000
shoe
  54 -2.360179 1.476084 -0.256404 -0.005108 -0.031259 -0.999498 0.227963 0.015471 1 54 1.000000
  54 -2.413241 1.346707 -0.252086 -0.005108 -0.031260 -0.999498 0.218662 0.017409 1 54 1.000000
  54 -3.862055 1.390562 -0.246054 -0.005108 -0.031259 -0.999498 0.217446 0.128822 1 54 1.000000
shoe
  54 -4.353570 1.039590 5.709108 -0.985556 0.022782 0.167812 0.840070 0.722129 1 54 1.000000
  54 -4.349371 1.136821 5.720557 -0.985555 0.022788 0.167815 0.866817 0.722129 1 54 1.000000
  54 -4.427120 1.191310 5.256542 -0.985559 0.022743 0.167800 0.866817 0.592165 1 54 1.000000
shoe
  54 -4.432363 1.094806 5.238836 -0.985559 0.022737 0.167798 0.840070 0.592165 1 54 1.000000
  54 -4.353570 1.039590 5.709108 -0.985556 0.022782 0.167812 0.840070 0.722129 1 54 1.000000
  54 -4.427120 1.191310 5.256542 -0.985559 0.022743 0.167800 0.866817 0.592165 1 54 1.000000
shoe
  54 -4.467497 0.686273 5.374496 -0.986043 0.029743 0.163813 0.926433 0.798212 1 54 1.000000
  54 -4.451843 0.673175 5.471106 -0.986045 0.029750 0.163802 0.900589 0.798212 1 54 1.000000
  54 -4.440025 0.908602 5.499489 -0.972085 0.147995 0.182067 0.900589 0.860683 1 54 1.000000
shoe
  54 -4.455678 0.921726 5.402910 -0.973039 0.147043 0.177688 0.926433 0.860683 1 54 1.000000
  54 -4.467497 0.686273 5.374496 -0.986043 0.029743 0.163813 0.926433 0.798212 1 54 1.000000
  54 -4.440025 0.908602 5.499489 -0.972085 0.147995 0.182067 0.900589 0.860683 1 54 1.000000
shoe
  54 -4.455678 0.921726 5.402910 -0.973039 0.147043 0.177688 0.926433 0.860683 1 54 1.000000
  54 -4.440025 0.908602 5.499489 -0.972085 0.147995 0.182067 0.900589 0.860683 1 54 1.000000
  54 -4.387688 1.151924 5.424145 -0.938864 0.268626 0.215344 0.926433 0.923155 1 54 1.000000
shoe
  54 -4.440025 0.908602 5.499489 -0.972085 0.147995 0.182067 0.900589 0.860683 1 54 1.000000
  54 -4.368478 1.138739 5.520412 -0.936261 0.270715 0.223892 0.900589 0.923155 1 54 1.000000
  54 -4.387688 1.151924 5.424145 -0.938864 0.268626 0.215344 0.926433 0.923155 1 54 1.000000
shoe
  54 -4.368053 0.772004 5.431508 -0.664513 0.726570 0.174695 0.726625 0.816119 1 54 1.000000
  54 -4.383139 0.822234 5.313250 -0.652973 0.533758 0.537335 0.732985 0.793859 1 54 1.000000
  54 -4.439240 0.779227 5.291183 -0.630945 0.569585 0.526765 0.724174 0.787443 1 54 1.000000
shoe
  54 -4.423792 0.719785 5.440805 -0.667782 0.730330 0.143825 0.716977 0.816013 1 54 1.000000
  54 -4.368053 0.772004 5.431508 -0.664513 0.726570 0.174695 0.726625 0.816119 1 54 1.000000
  54 -4.439240 0.779227 5.291183 -0.630945 0.569585 0.526765 0.724174 0.787443 1 54 1.000000
shoe
  54 -4.439240 0.779227 5.291183 -0.630945 0.569585 0.526765 0.724174 0.787443 1 54 1.000000
  54 -4.383139 0.822234 5.313250 -0.652973 0.533758 0.537335 0.732985 0.793859 1 54 1.000000
  54 -4.454153 0.895701 5.205129 -0.661170 0.209223 0.720472 0.743343 0.768707 1 54 1.000000
shoe
  54 -4.368053 0.772004 5.431508 -0.664513 0.726570 0.174695 0.726625 0.816119 1 54 1.000000
  54 -4.423792 0.719785 5.440805 -0.667782 0.730330 0.143825 0.716977 0.816013 1 54 1.000000
  54 -4.355425 0.790041 5.555762 -0.757897 0.621168 -0.199353 0.732494 0.838562 1 54 1.000000
shoe
  54 -4.383139 0.822234 5.313250 -0.652973 0.533758 0.537335 0.732985 0.793859 1 54 1.000000
  54 -4.397761 0.925272 5.250884 -0.683716 0.163156 0.711275 0.750415 0.780119 1 54 1.000000
  54 -4.454153 0.895701 5.205129 -0.661170 0.209223 0.720472 0.743343 0.768707 1 54 1.000000
shoe
  54 -4.423792 0.719785 5.440805 -0.667782 0.730330 0.143825 0.716977 0.816013 1 54 1.000000
  54 -4.408656 0.738031 5.598186 -0.780528 0.590987 -0.203740 0.723544 0.844765 1 54 1.000000
  54 -4.355425 0.790041 5.555762 -0.757897 0.621168 -0.199353 0.732494 0.838562 1 54 1.000000
shoe
  54 -4.454153 0.895701 5.205129 -0.661170 0.209223 0.720472 0.743343 0.768707 1 54 1.000000
  54 -4.397761 0.925272 5.250884 -0.683716 0.163156 0.711275 0.750415 0.780119 1 54 1.000000
  54 -4.467318 1.031036 5.183455 -0.688454 -0.025161 0.724844 0.768182 0.761687 1 54 1.000000
shoe
  54 -4.355425 0.790041 5.555762 -0.757897 0.621168 -0.199353 0.732494 0.838562 1 54 1.000000
  54 -4.408656 0.738031 5.598186 -0.780528 0.590987 -0.203740 0.723544 0.844765 1 54 1.000000
  54 -4.348058 0.873434 5.642897 -0.853330 0.338007 -0.396961 0.749633 0.852783 1 54 1.000000
shoe
  54 -4.397761 0.925272 5.250884 -0.683716 0.163156 0.711275 0.750415 0.780119 1 54 1.000000
  54 -4.406671 1.028188 5.242436 -0.699657 -0.035532 0.713594 0.769438 0.775994 1 54 1.000000
  54 -4.467318 1.031036 5.183455 -0.688454 -0.025161 0.724844 0.768182 0.761687 1 54 1.000000
shoe
  54 -4.408656 0.738031 5.598186 -0.780528 0.590987 -0.203740 0.723544 0.844765 1 54 1.000000
  54 -4.396643 0.826782 5.712636 -0.863873 0.332481 -0.378391 0.742295 0.864005 1 54 1.000000
  54 -4.348058 0.873434 5.642897 -0.853330 0.338007 -0.396961 0.749633 0.852783 1 54 1.000000
shoe
  54 -4.457383 1.292386 5.218666 -0.712434 -0.123615 0.690765 0.816415 0.762307 1 54 1.000000
  54 -4.467318 1.031036 5.183455 -0.688454 -0.025161 0.724844 0.768182 0.761687 1 54 1.000000
  54 -4.406671 1.028188 5.242436 -0.699657 -0.035532 0.713594 0.769438 0.775994 1 54 1.000000
shoe
  54 -4.348058 0.873434 5.642897 -0.853330 0.338007 -0.396961 0.749633 0.852783 1 54 1.000000
  54 -4.396643 0.826782 5.712636 -0.863873 0.332481 -0.378391 0.742295 0.864005 1 54 1.000000
  54 -4.346145 0.971002 5.680770 -0.865927 0.153121 -0.476156 0.768559 0.857454 1 54 1.000000
shoe
  54 -4.398636 1.276311 5.277937 -0.721025 -0.116607 0.683026 0.814837 0.776591 1 54 1.000000
  54 -4.457383 1.292386 5.218666 -0.712434 -0.123615 0.690765 0.816415 0.762307 1 54 1.000000
  54 -4.406671 1.028188 5.242436 -0.699657 -0.035532 0.713594 0.769438 0.775994 1 54 1.000000
shoe
  54 -4.396643 0.826782 5.712636 -0.863873 0.332481 -0.378391 0.742295 0.864005 1 54 1.000000
  54 -4.398587 0.952617 5.770442 -0.866525 0.150460 -0.475915 0.766965 0.871711 1 54 1.000000
  54 -4.346145 0.971002 5.680770 -0.865927 0.153121 -0.476156 0.768559 0.857454 1 54 1.000000
shoe
  54 -4.457383 1.292386 5.218666 -0.712434 -0.123615 0.690765 0.816415 0.762307 1 54 1.000000
  54 -4.398636 1.276311 5.277937 -0.721025 -0.116607 0.683026 0.814837 0.776591 1 54 1.000000
  54 -4.385494 1.375537 5.314897 -0.723635 -0.283039 0.629477 0.833787 0.781035 1 54 1.000000
shoe
  54 -4.398587 0.952617 5.770442 -0.866525 0.150460 -0.475915 0.766965 0.871711 1 54 1.000000
  54 -4.386830 1.207818 5.804530 -0.869437 0.061930 -0.490146 0.815240 0.872241 1 54 1.000000
  54 -4.346145 0.971002 5.680770 -0.865927 0.153121 -0.476156 0.768559 0.857454 1 54 1.000000
shoe
  54 -4.437989 1.422160 5.276953 -0.707556 -0.332162 0.623725 0.841101 0.769782 1 54 1.000000
  54 -4.457383 1.292386 5.218666 -0.712434 -0.123615 0.690765 0.816415 0.762307 1 54 1.000000
  54 -4.385494 1.375537 5.314897 -0.723635 -0.283039 0.629477 0.833787 0.781035 1 54 1.000000
shoe
  54 -4.386830 1.207818 5.804530 -0.869437 0.061930 -0.490146 0.815240 0.872241 1 54 1.000000
  54 -4.335121 1.210652 5.713235 -0.869397 0.058767 -0.490607 0.813974 0.857932 1 54 1.000000
  54 -4.346145 0.971002 5.680770 -0.865927 0.153121 -0.476156 0.768559 0.857454 1 54 1.000000
shoe
  54 -4.437989 1.422160 5.276953 -0.707556 -0.332162 0.623725 0.841101 0.769782 1 54 1.000000
  54 -4.385494 1.375537 5.314897 -0.723635 -0.283039 0.629477 0.833787 0.781035 1 54 1.000000
  54 -4.366534 1.457069 5.397369 -0.716167 -0.579444 0.389035 0.850915 0.795156 1 54 1.000000
shoe
  54 -4.335121 1.210652 5.713235 -0.869397 0.058767 -0.490607 0.813974 0.857932 1 54 1.000000
  54 -4.386830 1.207818 5.804530 -0.869437 0.061930 -0.490146 0.815240 0.872241 1 54 1.000000
  54 -4.327925 1.316218 5.703419 -0.876368 -0.147240 -0.458585 0.833000 0.853756 1 54 1.000000
shoe
  54 -4.418585 1.510092 5.385448 -0.694436 -0.615366 0.372938 0.859860 0.788931 1 54 1.000000
  54 -4.437989 1.422160 5.276953 -0.707556 -0.332162 0.623725 0.841101 0.769782 1 54 1.000000
  54 -4.366534 1.457069 5.397369 -0.716167 -0.579444 0.389035 0.850915 0.795156 1 54 1.000000
shoe
  54 -4.386830 1.207818 5.804530 -0.869437 0.061930 -0.490146 0.815240 0.872241 1 54 1.000000
  54 -4.372991 1.345999 5.783939 -0.885291 -0.144911 -0.441882 0.840090 0.865131 1 54 1.000000
  54 -4.327925 1.316218 5.703419 -0.876368 -0.147240 -0.458585 0.833000 0.853756 1 54 1.000000
shoe
  54 -4.418585 1.510092 5.385448 -0.694436 -0.615366 0.372938 0.859860 0.788931 1 54 1.000000
  54 -4.366534 1.457069 5.397369 -0.716167 -0.579444 0.389035 0.850915 0.795156 1 54 1.000000
  54 -4.345195 1.473063 5.521501 -0.725987 -0.687631 0.010301 0.856785 0.817555 1 54 1.000000
shoe
  54 -4.372991 1.345999 5.783939 -0.885291 -0.144911 -0.441882 0.840090 0.865131 1 54 1.000000
  54 -4.377490 1.464206 5.696044 -0.823864 -0.462206 -0.328045 0.859231 0.846257 1 54 1.000000
  54 -4.327925 1.316218 5.703419 -0.876368 -0.147240 -0.458585 0.833000 0.853756 1 54 1.000000
shoe
  54 -4.395673 1.525354 5.543820 -0.724174 -0.689436 -0.015774 0.866432 0.817659 1 54 1.000000
  54 -4.418585 1.510092 5.385448 -0.694436 -0.615366 0.372938 0.859860 0.788931 1 54 1.000000
  54 -4.345195 1.473063 5.521501 -0.725987 -0.687631 0.010301 0.856785 0.817555 1 54 1.000000
shoe
  54 -4.377490 1.464206 5.696044 -0.823864 -0.462206 -0.328045 0.859231 0.846257 1 54 1.000000
  54 -4.329284 1.422070 5.640368 -0.805554 -0.495138 -0.325454 0.850409 0.839859 1 54 1.000000
  54 -4.327925 1.316218 5.703419 -0.876368 -0.147240 -0.458585 0.833000 0.853756 1 54 1.000000
shoe
  54 -4.395673 1.525354 5.543820 -0.724174 -0.689436 -0.015774 0.866432 0.817659 1 54 1.000000
  54 -4.345195 1.473063 5.521501 -0.725987 -0.687631 0.010301 0.856785 0.817555 1 54 1.000000
  54 -4.329284 1.422070 5.640368 -0.805554 -0.495138 -0.325454 0.850409 0.839859 1 54 1.000000
shoe
  54 -4.377490 1.464206 5.696044 -0.823864 -0.462206 -0.328045 0.859231 0.846257 1 54 1.000000
  54 -4.395673 1.525354 5.543820 -0.724174 -0.689436 -0.015774 0.866432 0.817659 1 54 1.000000
  54 -4.329284 1.422070 5.640368 -0.805554 -0.495138 -0.325454 0.850409 0.839859 1 54 1.000000
shoe
  54 -4.340352 1.577291 5.535836 -0.663176 0.723137 0.193055 0.876079 0.817762 1 54 1.000000
  54 -4.371462 1.562882 5.344151 -0.792854 0.599400 -0.110007 0.868806 0.782707 1 54 1.000000
  54 -4.418585 1.510092 5.385448 -0.773282 0.626604 -0.096961 0.859860 0.788931 1 54 1.000000
shoe
  54 -4.395673 1.525354 5.543820 -0.652010 0.729118 0.208015 0.866432 0.817659 1 54 1.000000
  54 -4.340352 1.577291 5.535836 -0.663176 0.723137 0.193055 0.876079 0.817762 1 54 1.000000
  54 -4.418585 1.510092 5.385448 -0.773282 0.626604 -0.096961 0.859860 0.788931 1 54 1.000000
shoe
  54 -4.418585 1.510092 5.385448 -0.773282 0.626604 -0.096961 0.859860 0.788931 1 54 1.000000
  54 -4.371462 1.562882 5.344151 -0.792854 0.599400 -0.110007 0.868806 0.782707 1 54 1.000000
  54 -4.437989 1.422160 5.276953 -0.868989 0.399221 -0.292369 0.841101 0.769782 1 54 1.000000
shoe
  54 -4.340352 1.577291 5.535836 -0.663176 0.723137 0.193055 0.876079 0.817762 1 54 1.000000
  54 -4.395673 1.525354 5.543820 -0.652010 0.729118 0.208015 0.866432 0.817659 1 54 1.000000
  54 -4.313104 1.505849 5.720551 -0.596378 0.615388 0.515394 0.868053 0.852655 1 54 1.000000
shoe
  54 -4.371462 1.562882 5.344151 -0.792854 0.599400 -0.110007 0.868806 0.782707 1 54 1.000000
  54 -4.395402 1.468616 5.210280 -0.873624 0.396946 -0.281450 0.848415 0.758529 1 54 1.000000
  54 -4.437989 1.422160 5.276953 -0.868989 0.399221 -0.292369 0.841101 0.769782 1 54 1.000000
shoe
  54 -4.395673 1.525354 5.543820 -0.652010 0.729118 0.208015 0.866432 0.817659 1 54 1.000000
  54 -4.377490 1.464206 5.696044 -0.603142 0.611392 0.512269 0.859231 0.846257 1 54 1.000000
  54 -4.313104 1.505849 5.720551 -0.596378 0.615388 0.515394 0.868053 0.852655 1 54 1.000000
shoe
  54 -4.437989 1.422160 5.276953 -0.868989 0.399221 -0.292369 0.841101 0.769782 1 54 1.000000
  54 -4.395402 1.468616 5.210280 -0.873624 0.396946 -0.281450 0.848415 0.758529 1 54 1.000000
  54 -4.418341 1.308403 5.135633 -0.902241 0.189947 -0.387145 0.817994 0.748024 1 54 1.000000
shoe
  54 -4.313104 1.505849 5.720551 -0.596378 0.615388 0.515394 0.868053 0.852655 1 54 1.000000
  54 -4.377490 1.464206 5.696044 -0.603142 0.611392 0.512269 0.859231 0.846257 1 54 1.000000
  54 -4.301079 1.375177 5.832883 -0.611100 0.328952 0.719963 0.847180 0.876506 1 54 1.000000
shoe
  54 -4.457383 1.292386 5.218666 -0.901484 0.195418 -0.386183 0.816415 0.762307 1 54 1.000000
  54 -4.437989 1.422160 5.276953 -0.868989 0.399221 -0.292369 0.841101 0.769782 1 54 1.000000
  54 -4.418341 1.308403 5.135633 -0.902241 0.189947 -0.387145 0.817994 0.748024 1 54 1.000000
shoe
  54 -4.377490 1.464206 5.696044 -0.603142 0.611392 0.512269 0.859231 0.846257 1 54 1.000000
  54 -4.372991 1.345999 5.783939 -0.615757 0.306914 0.725704 0.840090 0.865131 1 54 1.000000
  54 -4.301079 1.375177 5.832883 -0.611100 0.328952 0.719963 0.847180 0.876506 1 54 1.000000
shoe
  54 -4.467318 1.031036 5.183455 -0.911283 -0.033599 -0.410408 0.768182 0.761687 1 54 1.000000
  54 -4.457383 1.292386 5.218666 -0.901484 0.195418 -0.386183 0.816415 0.762307 1 54 1.000000
  54 -4.418341 1.308403 5.135633 -0.902241 0.189947 -0.387145 0.817994 0.748024 1 54 1.000000
shoe
  54 -4.301079 1.375177 5.832883 -0.611100 0.328952 0.719963 0.847180 0.876506 1 54 1.000000
  54 -4.372991 1.345999 5.783939 -0.615757 0.306914 0.725704 0.840090 0.865131 1 54 1.000000
  54 -4.308399 1.204230 5.864277 -0.605816 0.047272 0.794199 0.816505 0.886551 1 54 1.000000
shoe
  54 -4.430197 1.033831 5.100691 -0.911973 -0.027201 -0.409346 0.766926 0.747380 1 54 1.000000
  54 -4.467318 1.031036 5.183455 -0.911283 -0.033599 -0.410408 0.768182 0.761687 1 54 1.000000
  54 -4.418341 1.308403 5.135633 -0.902241 0.189947 -0.387145 0.817994 0.748024 1 54 1.000000
shoe
  54 -4.372991 1.345999 5.783939 -0.615757 0.306914 0.725704 0.840090 0.865131 1 54 1.000000
  54 -4.386830 1.207818 5.804530 -0.603876 0.048419 0.795606 0.815240 0.872241 1 54 1.000000
  54 -4.308399 1.204230 5.864277 -0.605816 0.047272 0.794199 0.816505 0.886551 1 54 1.000000
shoe
  54 -4.454153 0.895701 5.205129 -0.890561 -0.267990 -0.367536 0.743343 0.768707 1 54 1.000000
  54 -4.467318 1.031036 5.183455 -0.911283 -0.033599 -0.410408 0.768182 0.761687 1 54 1.000000
  54 -4.430197 1.033831 5.100691 -0.911973 -0.027201 -0.409346 0.766926 0.747380 1 54 1.000000
shoe
  54 -4.386830 1.207818 5.804530 -0.603876 0.048419 0.795606 0.815240 0.872241 1 54 1.000000
  54 -4.398587 0.952617 5.770442 -0.618238 -0.207579 0.758085 0.766965 0.871711 1 54 1.000000
  54 -4.308399 1.204230 5.864277 -0.605816 0.047272 0.794199 0.816505 0.886551 1 54 1.000000
shoe
  54 -4.415563 0.865995 5.130461 -0.895200 -0.268118 -0.355989 0.736271 0.757294 1 54 1.000000
  54 -4.454153 0.895701 5.205129 -0.890561 -0.267990 -0.367536 0.743343 0.768707 1 54 1.000000
  54 -4.430197 1.033831 5.100691 -0.911973 -0.027201 -0.409346 0.766926 0.747380 1 54 1.000000
shoe
  54 -4.398587 0.952617 5.770442 -0.618238 -0.207579 0.758085 0.766965 0.871711 1 54 1.000000
  54 -4.320889 0.933469 5.828625 -0.619924 -0.204365 0.757581 0.765371 0.885969 1 54 1.000000
  54 -4.308399 1.204230 5.864277 -0.605816 0.047272 0.794199 0.816505 0.886551 1 54 1.000000
shoe
  54 -4.454153 0.895701 5.205129 -0.890561 -0.267990 -0.367536 0.743343 0.768707 1 54 1.000000
  54 -4.415563 0.865995 5.130461 -0.895200 -0.268118 -0.355989 0.736271 0.757294 1 54 1.000000
  54 -4.396052 0.736030 5.239408 -0.830168 -0.493633 -0.259127 0.715364 0.781026 1 54 1.000000
shoe
  54 -4.398587 0.952617 5.770442 -0.618238 -0.207579 0.758085 0.766965 0.871711 1 54 1.000000
  54 -4.396643 0.826782 5.712636 -0.649494 -0.440714 0.619620 0.742295 0.864005 1 54 1.000000
  54 -4.320889 0.933469 5.828625 -0.619924 -0.204365 0.757581 0.765371 0.885969 1 54 1.000000
shoe
  54 -4.439240 0.779227 5.291183 -0.815045 -0.518888 -0.257791 0.724174 0.787443 1 54 1.000000
  54 -4.454153 0.895701 5.205129 -0.890561 -0.267990 -0.367536 0.743343 0.768707 1 54 1.000000
  54 -4.396052 0.736030 5.239408 -0.830168 -0.493633 -0.259127 0.715364 0.781026 1 54 1.000000
shoe
  54 -4.396643 0.826782 5.712636 -0.649494 -0.440714 0.619620 0.742295 0.864005 1 54 1.000000
  54 -4.328350 0.779516 5.750904 -0.647432 -0.459153 0.608285 0.734956 0.875228 1 54 1.000000
  54 -4.320889 0.933469 5.828625 -0.619924 -0.204365 0.757581 0.765371 0.885969 1 54 1.000000
shoe
  54 -4.439240 0.779227 5.291183 -0.815045 -0.518888 -0.257791 0.724174 0.787443 1 54 1.000000
  54 -4.396052 0.736030 5.239408 -0.830168 -0.493633 -0.259127 0.715364 0.781026 1 54 1.000000
  54 -4.373580 0.667228 5.419635 -0.731969 -0.681128 -0.016904 0.707330 0.815907 1 54 1.000000
shoe
  54 -4.396643 0.826782 5.712636 -0.649494 -0.440714 0.619620 0.742295 0.864005 1 54 1.000000
  54 -4.408656 0.738031 5.598186 -0.666520 -0.667068 0.332825 0.723544 0.844765 1 54 1.000000
  54 -4.328350 0.779516 5.750904 -0.647432 -0.459153 0.608285 0.734956 0.875228 1 54 1.000000
shoe
  54 -4.423792 0.719785 5.440805 -0.721597 -0.692313 -0.000549 0.716977 0.816013 1 54 1.000000
  54 -4.439240 0.779227 5.291183 -0.815045 -0.518888 -0.257791 0.724174 0.787443 1 54 1.000000
  54 -4.373580 0.667228 5.419635 -0.731969 -0.681128 -0.016904 0.707330 0.815907 1 54 1.000000
shoe
  54 -4.408656 0.738031 5.598186 -0.666520 -0.667068 0.332825 0.723544 0.844765 1 54 1.000000
  54 -4.349371 0.685520 5.609509 -0.662102 -0.673409 0.328849 0.714595 0.850968 1 54 1.000000
  54 -4.328350 0.779516 5.750904 -0.647432 -0.459153 0.608285 0.734956 0.875228 1 54 1.000000
shoe
  54 -4.423792 0.719785 5.440805 -0.721597 -0.692313 -0.000549 0.716977 0.816013 1 54 1.000000
  54 -4.373580 0.667228 5.419635 -0.731969 -0.681128 -0.016904 0.707330 0.815907 1 54 1.000000
  54 -4.349371 0.685520 5.609509 -0.662102 -0.673409 0.328849 0.714595 0.850968 1 54 1.000000
shoe
  54 -4.408656 0.738031 5.598186 -0.666520 -0.667068 0.332825 0.723544 0.844765 1 54 1.000000
  54 -4.423792 0.719785 5.440805 -0.721597 -0.692313 -0.000549 0.716977 0.816013 1 54 1.000000
  54 -4.349371 0.685520 5.609509 -0.662102 -0.673409 0.328849 0.714595 0.850968 1 54 1.000000
shoe
  50 1.634220 -1.781232 2.223245 -0.980294 0.014397 0.197017 0.509076 0.269435 1 50 1.000000
  50 1.606853 -2.281807 2.075590 -0.953750 -0.047030 0.296898 0.551076 0.286180 1 50 1.000000
  50 1.690982 -1.937862 2.442272 -0.955226 -0.075063 0.286196 0.508846 0.293122 1 50 1.000000
shoe
  50 1.606853 -2.281807 2.075590 -0.953750 -0.047030 0.296898 0.551076 0.286180 1 50 1.000000
  50 1.634220 -1.781232 2.223245 -0.980294 0.014397 0.197017 0.509076 0.269435 1 50 1.000000
  50 1.523572 -2.066767 1.766793 -0.980893 0.068724 0.182005 0.552194 0.251275 1 50 1.000000
shoe
  50 1.690982 -1.937862 2.442272 -0.955226 -0.075063 0.286196 0.508846 0.293122 1 50 1.000000
  50 1.606853 -2.281807 2.075590 -0.953750 -0.047030 0.296898 0.551076 0.286180 1 50 1.000000
  50 1.697173 -2.433517 2.293037 -0.920853 -0.133835 0.366221 0.549729 0.310938 1 50 1.000000
shoe
  50 1.634220 -1.781232 2.223245 -0.980294 0.014397 0.197017 0.509076 0.269435 1 50 1.000000
  50 1.595250 -1.600421 1.912330 -0.986634 0.131684 0.095981 0.511500 0.237367 1 50 1.000000
  50 1.523572 -2.066767 1.766793 -0.980893 0.068724 0.182005 0.552194 0.251275 1 50 1.000000
shoe
  50 1.742889 -2.039260 2.556114 -0.934324 -0.113322 0.337929 0.509745 0.306555 1 50 1.000000
  50 1.690982 -1.937862 2.442272 -0.955226 -0.075063 0.286196 0.508846 0.293122 1 50 1.000000
  50 1.697173 -2.433517 2.293037 -0.920853 -0.133835 0.366221 0.549729 0.310938 1 50 1.000000
shoe
  50 1.690982 -1.937862 2.442272 -0.955226 -0.075063 0.286196 0.508846 0.293122 1 50 1.000000
  50 1.742889 -2.039260 2.556114 -0.934324 -0.113322 0.337929 0.509745 0.306555 1 50 1.000000
  50 1.764652 -1.540314 2.773119 -0.942995 -0.098343 0.317945 0.466187 0.297304 1 50 1.000000
shoe
  50 1.767722 -2.491055 2.432621 -0.897962 -0.177483 0.402697 0.545875 0.324493 1 50 1.000000
  50 1.742889 -2.039260 2.556114 -0.934324 -0.113322 0.337929 0.509745 0.306555 1 50 1.000000
  50 1.697173 -2.433517 2.293037 -0.920853 -0.133835 0.366221 0.549729 0.310938 1 50 1.000000
shoe
  50 1.709544 -1.435737 2.640991 -0.973913 -0.027763 0.225219 0.465503 0.282540 1 50 1.000000
  50 1.690982 -1.937862 2.442272 -0.955226 -0.075063 0.286196 0.508846 0.293122 1 50 1.000000
  50 1.764652 -1.540314 2.773119 -0.942995 -0.098343 0.317945 0.466187 0.297304 1 50 1.000000
shoe
  50 1.690982 -1.937862 2.442272 -0.955226 -0.075063 0.286196 0.508846 0.293122 1 50 1.000000
  50 1.709544 -1.435737 2.640991 -0.973913 -0.027763 0.225219 0.465503 0.282540 1 50 1.000000
  50 1.634220 -1.781232 2.223245 -0.980294 0.014397 0.197017 0.509076 0.269435 1 50 1.000000
shoe
  50 1.709544 -1.435737 2.640991 -0.973913 -0.027763 0.225219 0.465503 0.282540 1 50 1.000000
  50 1.764652 -1.540314 2.773119 -0.942995 -0.098343 0.317945 0.466187 0.297304 1 50 1.000000
  50 1.784300 -1.034129 3.001803 -0.982102 -0.013361 0.187875 0.422767 0.291127 1 50 1.000000
shoe
  50 1.767722 -2.491055 2.432621 -0.897962 -0.177483 0.402697 0.545875 0.324493 1 50 1.000000
  50 1.697173 -2.433517 2.293037 -0.920853 -0.133835 0.366221 0.549729 0.310938 1 50 1.000000
  50 1.764928 -2.848207 2.258699 -0.840590 -0.227674 0.491502 0.579114 0.337355 2 50 0.904870 51 0.095130
shoe
  50 1.767722 -2.491055 2.432621 -0.897962 -0.177483 0.402697 0.545875 0.324493 1 50 1.000000
  50 1.764928 -2.848207 2.258699 -0.840590 -0.227674 0.491502 0.579114 0.337355 2 50 0.904870 51 0.095130
  50 1.855278 -2.884752 2.391215 -0.791347 -0.308750 0.527676 0.573622 0.351909 2 50 0.886186 51 0.113814
shoe
  50 1.761369 -0.932116 2.873876 -0.990360 0.010626 0.138109 0.421019 0.277715 1 50 1.000000
  50 1.709544 -1.435737 2.640991 -0.973913 -0.027763 0.225219 0.465503 0.282540 1 50 1.000000
  50 1.784300 -1.034129 3.001803 -0.982102 -0.013361 0.187875 0.422767 0.291127 1 50 1.000000
shoe
  50 1.761369 -0.932116 2.873876 -0.990360 0.010626 0.138109 0.421019 0.277715 1 50 1.000000
  50 1.784300 -1.034129 3.001803 -0.982102 -0.013361 0.187875 0.422767 0.291127 1 50 1.000000
  50 1.822391 -0.484317 3.312780 -0.980497 -0.071811 0.182944 0.373972 0.294068 1 50 1.000000
shoe
  50 1.709544 -1.435737 2.640991 -0.973913 -0.027763 0.225219 0.465503 0.282540 1 50 1.000000
  50 1.683864 -1.284983 2.401997 -0.991304 0.072316 0.109939 0.465952 0.258181 1 50 1.000000
  50 1.634220 -1.781232 2.223245 -0.980294 0.014397 0.197017 0.509076 0.269435 1 50 1.000000
shoe
  50 1.709544 -1.435737 2.640991 -0.973913 -0.027763 0.225219 0.465503 0.282540 1 50 1.000000
  50 1.761369 -0.932116 2.873876 -0.990360 0.010626 0.138109 0.421019 0.277715 1 50 1.000000
  50 1.683864 -1.284983 2.401997 -0.991304 0.072316 0.109939 0.465952 0.258181 1 50 1.000000
shoe
  50 1.634220 -1.781232 2.223245 -0.980294 0.014397 0.197017 0.509076 0.269435 1 50 1.000000
  50 1.683864 -1.284983 2.401997 -0.991304 0.072316 0.109939 0.465952 0.258181 1 50 1.000000
  50 1.595250 -1.600421 1.912330 -0.986634 0.131684 0.095981 0.511500 0.237367 1 50 1.000000
shoe
  50 1.784296 -0.377596 3.155073 -0.989603 -0.064580 0.128512 0.371743 0.278514 1 50 1.000000
  50 1.761369 -0.932116 2.873876 -0.990360 0.010626 0.138109 0.421019 0.277715 1 50 1.000000
  50 1.822391 -0.484317 3.312780 -0.980497 -0.071811 0.182944 0.373972 0.294068 1 50 1.000000
shoe
  50 1.822391 -0.484317 3.312780 -0.980497 -0.071811 0.182944 0.373972 0.294068 1 50 1.000000
  50 1.832486 0.121179 3.687098 -0.941447 -0.205622 0.267201 0.319270 0.307148 1 50 1.000000
  50 1.784296 -0.377596 3.155073 -0.989603 -0.064580 0.128512 0.371743 0.278514 1 50 1.000000
shoe
  50 1.761369 -0.932116 2.873876 -0.990360 0.010626 0.138109 0.421019 0.277715 1 50 1.000000
  50 1.741627 -0.765043 2.617797 -0.996925 0.047628 0.062217 0.419636 0.251678 1 50 1.000000
  50 1.683864 -1.284983 2.401997 -0.991304 0.072316 0.109939 0.465952 0.258181 1 50 1.000000
shoe
  50 1.761369 -0.932116 2.873876 -0.990360 0.010626 0.138109 0.421019 0.277715 1 50 1.000000
  50 1.784296 -0.377596 3.155073 -0.989603 -0.064580 0.128512 0.371743 0.278514 1 50 1.000000
  50 1.741627 -0.765043 2.617797 -0.996925 0.047628 0.062217 0.419636 0.251678 1 50 1.000000
shoe
  50 1.683864 -1.284983 2.401997 -0.991304 0.072316 0.109939 0.465952 0.258181 1 50 1.000000
  50 1.681574 -1.114416 2.116557 -0.988439 0.151125 0.012207 0.466592 0.228614 1 50 1.000000
  50 1.595250 -1.600421 1.912330 -0.986634 0.131684 0.095981 0.511500 0.237367 1 50 1.000000
shoe
  50 1.683864 -1.284983 2.401997 -0.991304 0.072316 0.109939 0.465952 0.258181 1 50 1.000000
  50 1.741627 -0.765043 2.617797 -0.996925 0.047628 0.062217 0.419636 0.251678 1 50 1.000000
  50 1.681574 -1.114416 2.116557 -0.988439 0.151125 0.012207 0.466592 0.228614 1 50 1.000000
shoe
  50 1.832486 0.121179 3.687098 -0.941447 -0.205622 0.267201 0.319270 0.307148 1 50 1.000000
  50 1.755399 0.234174 3.525115 -0.973551 -0.148944 0.173244 0.315374 0.289707 1 50 1.000000
  50 1.784296 -0.377596 3.155073 -0.989603 -0.064580 0.128512 0.371743 0.278514 1 50 1.000000
shoe
  50 1.741627 -0.765043 2.617797 -0.996925 0.047628 0.062217 0.419636 0.251678 1 50 1.000000
  50 1.743758 -0.622172 2.322893 -0.992338 0.111040 -0.054181 0.421278 0.222499 1 50 1.000000
  50 1.681574 -1.114416 2.116557 -0.988439 0.151125 0.012207 0.466592 0.228614 1 50 1.000000
shoe
  50 1.784296 -0.377596 3.155073 -0.989603 -0.064580 0.128512 0.371743 0.278514 1 50 1.000000
  50 1.761007 -0.230762 2.876446 -0.999430 -0.022717 0.024957 0.370737 0.251747 1 50 1.000000
  50 1.741627 -0.765043 2.617797 -0.996925 0.047628 0.062217 0.419636 0.251678 1 50 1.000000
shoe
  50 1.743758 -0.622172 2.322893 -0.992338 0.111040 -0.054181 0.421278 0.222499 1 50 1.000000
  50 1.741627 -0.765043 2.617797 -0.996925 0.047628 0.062217 0.419636 0.251678 1 50 1.000000
  50 1.761007 -0.230762 2.876446 -0.999430 -0.022717 0.024957 0.370737 0.251747 1 50 1.000000
shoe
  50 1.755399 0.234174 3.525115 -0.973551 -0.148944 0.173244 0.315374 0.289707 1 50 1.000000
  50 1.723894 0.387929 3.167841 -0.998284 -0.058239 0.006144 0.314338 0.255478 1 50 1.000000
  50 1.784296 -0.377596 3.155073 -0.989603 -0.064580 0.128512 0.371743 0.278514 1 50 1.000000
shoe
  50 1.723894 0.387929 3.167841 -0.998284 -0.058239 0.006144 0.314338 0.255478 1 50 1.000000
  50 1.761007 -0.230762 2.876446 -0.999430 -0.022717 0.024957 0.370737 0.251747 1 50 1.000000
  50 1.784296 -0.377596 3.155073 -0.989603 -0.064580 0.128512 0.371743 0.278514 1 50 1.000000
shoe
  50 1.733593 0.860815 3.932383 -0.987612 -0.097704 0.122785 0.257104 0.308599 1 50 1.000000
  50 1.755399 0.234174 3.525115 -0.973551 -0.148944 0.173244 0.315374 0.289707 1 50 1.000000
  50 1.832486 0.121179 3.687098 -0.941447 -0.205622 0.267201 0.319270 0.307148 1 50 1.000000
shoe
  50 1.775491 0.772333 4.120929 -0.979660 -0.122032 0.159292 0.258896 0.327989 1 50 1.000000
  50 1.733593 0.860815 3.932383 -0.987612 -0.097704 0.122785 0.257104 0.308599 1 50 1.000000
  50 1.832486 0.121179 3.687098 -0.941447 -0.205622 0.267201 0.319270 0.307148 1 50 1.000000
shoe
  50 1.691277 1.022829 3.428792 -0.999020 -0.040252 0.018408 0.257867 0.259000 1 50 1.000000
  50 1.723894 0.387929 3.167841 -0.998284 -0.058239 0.006144 0.314338 0.255478 1 50 1.000000
  50 1.755399 0.234174 3.525115 -0.973551 -0.148944 0.173244 0.315374 0.289707 1 50 1.000000
shoe
  50 1.733593 0.860815 3.932383 -0.987612 -0.097704 0.122785 0.257104 0.308599 1 50 1.000000
  50 1.691277 1.022829 3.428792 -0.999020 -0.040252 0.018408 0.257867 0.259000 1 50 1.000000
  50 1.755399 0.234174 3.525115 -0.973551 -0.148944 0.173244 0.315374 0.289707 1 50 1.000000
shoe
  50 1.775491 0.772333 4.120929 -0.979660 -0.122032 0.159292 0.258896 0.327989 1 50 1.000000
  50 1.758112 1.416956 4.303846 -0.975909 -0.010846 0.217908 0.205372 0.327955 1 50 1.000000
  50 1.733593 0.860815 3.932383 -0.987612 -0.097704 0.122785 0.257104 0.308599 1 50 1.000000
shoe
  50 1.798120 1.345746 4.501681 -0.978511 0.017019 0.205491 0.205751 0.349228 1 50 1.000000
  50 1.758112 1.416956 4.303846 -0.975909 -0.010846 0.217908 0.205372 0.327955 1 50 1.000000
  50 1.775491 0.772333 4.120929 -0.979660 -0.122032 0.159292 0.258896 0.327989 1 50 1.000000
shoe
  50 1.684344 1.620244 3.715915 -0.998426 0.031656 0.046289 0.205336 0.266644 1 50 1.000000
  50 1.691277 1.022829 3.428792 -0.999020 -0.040252 0.018408 0.257867 0.259000 1 50 1.000000
  50 1.733593 0.860815 3.932383 -0.987612 -0.097704 0.122785 0.257104 0.308599 1 50 1.000000
shoe
  50 1.798120 1.345746 4.501681 -0.978511 0.017019 0.205491 0.205751 0.349228 1 50 1.000000
  50 1.893418 1.927232 4.703303 -0.946393 0.155465 0.283144 0.153669 0.347399 1 50 1.000000
  50 1.758112 1.416956 4.303846 -0.975909 -0.010846 0.217908 0.205372 0.327955 1 50 1.000000
shoe
  50 1.940229 1.855690 4.917522 -0.937380 0.213586 0.275136 0.152528 0.369976 1 50 1.000000
  50 1.893418 1.927232 4.703303 -0.946393 0.155465 0.283144 0.153669 0.347399 1 50 1.000000
  50 1.798120 1.345746 4.501681 -0.978511 0.017019 0.205491 0.205751 0.349228 1 50 1.000000
shoe
  50 1.758112 1.416956 4.303846 -0.975909 -0.010846 0.217908 0.205372 0.327955 1 50 1.000000
  50 1.722854 1.476567 4.164019 -0.985293 -0.000567 0.170875 0.204590 0.312000 1 50 1.000000
  50 1.733593 0.860815 3.932383 -0.987612 -0.097704 0.122785 0.257104 0.308599 1 50 1.000000
shoe
  50 1.722854 1.476567 4.164019 -0.985293 -0.000567 0.170875 0.204590 0.312000 1 50 1.000000
  50 1.684344 1.620244 3.715915 -0.998426 0.031656 0.046289 0.205336 0.266644 1 50 1.000000
  50 1.733593 0.860815 3.932383 -0.987612 -0.097704 0.122785 0.257104 0.308599 1 50 1.000000
shoe
  50 1.722854 1.476567 4.164019 -0.985293 -0.000567 0.170875 0.204590 0.312000 1 50 1.000000
  50 1.758112 1.416956 4.303846 -0.975909 -0.010846 0.217908 0.205372 0.327955 1 50 1.000000
  50 1.819795 2.043592 4.401443 -0.954521 0.163130 0.249556 0.154204 0.315592 1 50 1.000000
shoe
  50 1.893418 1.927232 4.703303 -0.946393 0.155465 0.283144 0.153669 0.347399 1 50 1.000000
  50 1.819795 2.043592 4.401443 -0.954521 0.163130 0.249556 0.154204 0.315592 1 50 1.000000
  50 1.758112 1.416956 4.303846 -0.975909 -0.010846 0.217908 0.205372 0.327955 1 50 1.000000
shoe
  50 1.753897 2.229404 3.978409 -0.965613 0.220912 0.137074 0.152321 0.271613 1 50 1.000000
  50 1.684344 1.620244 3.715915 -0.998426 0.031656 0.046289 0.205336 0.266644 1 50 1.000000
  50 1.722854 1.476567 4.164019 -0.985293 -0.000567 0.170875 0.204590 0.312000 1 50 1.000000
shoe
  50 1.819795 2.043592 4.401443 -0.954521 0.163130 0.249556 0.154204 0.315592 1 50 1.000000
  50 1.753897 2.229404 3.978409 -0.965613 0.220912 0.137074 0.152321 0.271613 1 50 1.000000
  50 1.722854 1.476567 4.164019 -0.985293 -0.000567 0.170875 0.204590 0.312000 1 50 1.000000
shoe
  50 1.940229 1.855690 4.917522 -0.937380 0.213586 0.275136 0.152528 0.369976 1 50 1.000000
  50 2.185827 2.405959 5.131852 -0.852066 0.377371 0.362731 0.098961 0.366363 1 50 1.000000
  50 1.893418 1.927232 4.703303 -0.946393 0.155465 0.283144 0.153669 0.347399 1 50 1.000000
shoe
  50 2.185827 2.405959 5.131852 -0.852066 0.377371 0.362731 0.098961 0.366363 1 50 1.000000
  50 1.940229 1.855690 4.917522 -0.937380 0.213586 0.275136 0.152528 0.369976 1 50 1.000000
  50 2.219187 2.316768 5.328953 -0.847081 0.414981 0.332031 0.100349 0.384797 1 50 1.000000
shoe
  50 1.819795 2.043592 4.401443 -0.954521 0.163130 0.249556 0.154204 0.315592 1 50 1.000000
  50 1.893418 1.927232 4.703303 -0.946393 0.155465 0.283144 0.153669 0.347399 1 50 1.000000
  50 2.051923 2.607456 4.699235 -0.853032 0.406737 0.326958 0.099980 0.322519 1 50 1.000000
shoe
  50 2.185827 2.405959 5.131852 -0.852066 0.377371 0.362731 0.098961 0.366363 1 50 1.000000
  50 2.051923 2.607456 4.699235 -0.853032 0.406737 0.326958 0.099980 0.322519 1 50 1.000000
  50 1.893418 1.927232 4.703303 -0.946393 0.155465 0.283144 0.153669 0.347399 1 50 1.000000
shoe
  50 2.185827 2.405959 5.131852 -0.852066 0.377371 0.362731 0.098961 0.366363 1 50 1.000000
  50 2.219187 2.316768 5.328953 -0.847081 0.414981 0.332031 0.100349 0.384797 1 50 1.000000
  50 2.492220 2.753022 5.341226 -0.603442 0.652489 0.458384 0.053350 0.374233 1 50 1.000000
shoe
  50 2.219187 2.316768 5.328953 -0.847081 0.414981 0.332031 0.100349 0.384797 1 50 1.000000
  50 2.501621 2.594672 5.576490 -0.594015 0.648916 0.475451 0.054758 0.397391 1 50 1.000000
  50 2.492220 2.753022 5.341226 -0.603442 0.652489 0.458384 0.053350 0.374233 1 50 1.000000
shoe
  50 2.894905 2.710700 5.668842 -0.352818 0.733173 0.581358 0.015312 0.401503 1 50 1.000000
  50 2.901570 2.894475 5.441121 -0.378391 0.765673 0.520159 0.015312 0.384402 1 50 1.000000
  50 2.501621 2.594672 5.576490 -0.594015 0.648916 0.475451 0.054758 0.397391 1 50 1.000000
shoe
  50 2.901570 2.894475 5.441121 -0.378391 0.765673 0.520159 0.015312 0.384402 1 50 1.000000
  50 2.492220 2.753022 5.341226 -0.603442 0.652489 0.458384 0.053350 0.374233 1 50 1.000000
  50 2.501621 2.594672 5.576490 -0.594015 0.648916 0.475451 0.054758 0.397391 1 50 1.000000
shoe
  50 2.901570 2.894475 5.441121 -0.378391 0.765673 0.520159 0.015312 0.384402 1 50 1.000000
  50 2.897462 3.183986 4.962367 -0.363912 0.835449 0.411817 0.015312 0.335380 1 50 1.000000
  50 2.492220 2.753022 5.341226 -0.603442 0.652489 0.458384 0.053350 0.374233 1 50 1.000000
shoe
  50 2.492220 2.753022 5.341226 -0.603442 0.652489 0.458384 0.053350 0.374233 1 50 1.000000
  50 2.439497 3.016376 4.907427 -0.583512 0.713471 0.387909 0.052450 0.330141 1 50 1.000000
  50 2.185827 2.405959 5.131852 -0.852066 0.377371 0.362731 0.098961 0.366363 1 50 1.000000
shoe
  50 2.897462 3.183986 4.962367 -0.363912 0.835449 0.411817 0.015312 0.335380 1 50 1.000000
  50 2.439497 3.016376 4.907427 -0.583512 0.713471 0.387909 0.052450 0.330141 1 50 1.000000
  50 2.492220 2.753022 5.341226 -0.603442 0.652489 0.458384 0.053350 0.374233 1 50 1.000000
shoe
  50 2.439497 3.016376 4.907427 -0.583512 0.713471 0.387909 0.052450 0.330141 1 50 1.000000
  50 2.051923 2.607456 4.699235 -0.853032 0.406737 0.326958 0.099980 0.322519 1 50 1.000000
  50 2.185827 2.405959 5.131852 -0.852066 0.377371 0.362731 0.098961 0.366363 1 50 1.000000
shoe
  50 2.446192 3.208349 4.400278 -0.539255 0.814860 0.212619 0.050915 0.282103 1 50 1.000000
  50 2.439497 3.016376 4.907427 -0.583512 0.713471 0.387909 0.052450 0.330141 1 50 1.000000
  50 2.897462 3.183986 4.962367 -0.363912 0.835449 0.411817 0.015312 0.335380 1 50 1.000000
shoe
  50 2.439497 3.016376 4.907427 -0.583512 0.713471 0.387909 0.052450 0.330141 1 50 1.000000
  50 2.446192 3.208349 4.400278 -0.539255 0.814860 0.212619 0.050915 0.282103 1 50 1.000000
  50 2.051923 2.607456 4.699235 -0.853032 0.406737 0.326958 0.099980 0.322519 1 50 1.000000
shoe
  50 2.901126 3.368060 4.467881 -0.351353 0.912928 0.207637 0.015312 0.284366 1 50 1.000000
  50 2.446192 3.208349 4.400278 -0.539255 0.814860 0.212619 0.050915 0.282103 1 50 1.000000
  50 2.897462 3.183986 4.962367 -0.363912 0.835449 0.411817 0.015312 0.335380 1 50 1.000000
shoe
  50 2.446192 3.208349 4.400278 -0.539255 0.814860 0.212619 0.050915 0.282103 1 50 1.000000
  50 2.901126 3.368060 4.467881 -0.351353 0.912928 0.207637 0.015312 0.284366 1 50 1.000000
  50 2.917975 3.417072 3.977021 -0.276389 0.960774 0.022863 0.015312 0.237169 1 50 1.000000
shoe
  50 2.051923 2.607456 4.699235 -0.853032 0.406737 0.326958 0.099980 0.322519 1 50 1.000000
  50 2.013854 2.809862 4.224955 -0.830122 0.521390 0.197609 0.098395 0.276558 1 50 1.000000
  50 1.819795 2.043592 4.401443 -0.954521 0.163130 0.249556 0.154204 0.315592 1 50 1.000000
shoe
  50 2.446192 3.208349 4.400278 -0.539255 0.814860 0.212619 0.050915 0.282103 1 50 1.000000
  50 2.013854 2.809862 4.224955 -0.830122 0.521390 0.197609 0.098395 0.276558 1 50 1.000000
  50 2.051923 2.607456 4.699235 -0.853032 0.406737 0.326958 0.099980 0.322519 1 50 1.000000
shoe
  50 2.013854 2.809862 4.224955 -0.830122 0.521390 0.197609 0.098395 0.276558 1 50 1.000000
  50 1.753897 2.229404 3.978409 -0.965613 0.220912 0.137074 0.152321 0.271613 1 50 1.000000
  50 1.819795 2.043592 4.401443 -0.954521 0.163130 0.249556 0.154204 0.315592 1 50 1.000000
shoe
  50 2.473800 3.301116 3.923790 -0.463355 0.885381 0.037451 0.050971 0.238203 1 50 1.000000
  50 2.446192 3.208349 4.400278 -0.539255 0.814860 0.212619 0.050915 0.282103 1 50 1.000000
  50 2.917975 3.417072 3.977021 -0.276389 0.960774 0.022863 0.015312 0.237169 1 50 1.000000
shoe
  50 2.013854 2.809862 4.224955 -0.830122 0.521390 0.197609 0.098395 0.276558 1 50 1.000000
  50 2.446192 3.208349 4.400278 -0.539255 0.814860 0.212619 0.050915 0.282103 1 50 1.000000
  50 2.473800 3.301116 3.923790 -0.463355 0.885381 0.037451 0.050971 0.238203 1 50 1.000000
shoe
  50 2.473800 3.301116 3.923790 -0.463355 0.885381 0.037451 0.050971 0.238203 1 50 1.000000
  50 2.917975 3.417072 3.977021 -0.276389 0.960774 0.022863 0.015312 0.237169 1 50 1.000000
  50 2.941621 3.379095 3.507526 -0.214406 0.958109 -0.189887 0.015312 0.194504 1 50 1.000000
shoe
  50 2.013854 2.809862 4.224955 -0.830122 0.521390 0.197609 0.098395 0.276558 1 50 1.000000
  50 2.029638 2.932338 3.786031 -0.789868 0.612734 0.025810 0.098839 0.235272 1 50 1.000000
  50 1.753897 2.229404 3.978409 -0.965613 0.220912 0.137074 0.152321 0.271613 1 50 1.000000
shoe
  50 2.029638 2.932338 3.786031 -0.789868 0.612734 0.025810 0.098839 0.235272 1 50 1.000000
  50 2.013854 2.809862 4.224955 -0.830122 0.521390 0.197609 0.098395 0.276558 1 50 1.000000
  50 2.473800 3.301116 3.923790 -0.463355 0.885381 0.037451 0.050971 0.238203 1 50 1.000000
shoe
  50 2.532748 3.291873 3.492013 -0.388200 0.899819 -0.199066 0.051885 0.198662 1 50 1.000000
  50 2.473800 3.301116 3.923790 -0.463355 0.885381 0.037451 0.050971 0.238203 1 50 1.000000
  50 2.941621 3.379095 3.507526 -0.214406 0.958109 -0.189887 0.015312 0.194504 1 50 1.000000
shoe
  50 2.029638 2.932338 3.786031 -0.789868 0.612734 0.025810 0.098839 0.235272 1 50 1.000000
  50 2.473800 3.301116 3.923790 -0.463355 0.885381 0.037451 0.050971 0.238203 1 50 1.000000
  50 2.532748 3.291873 3.492013 -0.388200 0.899819 -0.199066 0.051885 0.198662 1 50 1.000000
shoe
  50 2.581313 3.224254 3.275647 -0.297637 0.821680 -0.486059 0.053265 0.177015 1 50 1.000000
  50 2.532748 3.291873 3.492013 -0.388200 0.899819 -0.199066 0.051885 0.198662 1 50 1.000000
  50 2.941621 3.379095 3.507526 -0.214406 0.958109 -0.189887 0.015312 0.194504 1 50 1.000000
shoe
  50 2.955976 3.317904 3.305909 -0.173795 0.853856 -0.490638 0.015312 0.168627 1 50 1.000000
  50 2.581313 3.224254 3.275647 -0.297637 0.821680 -0.486059 0.053265 0.177015 1 50 1.000000
  50 2.941621 3.379095 3.507526 -0.214406 0.958109 -0.189887 0.015312 0.194504 1 50 1.000000
shoe
  50 2.581313 3.224254 3.275647 -0.297637 0.821680 -0.486059 0.053265 0.177015 1 50 1.000000
  50 2.955976 3.317904 3.305909 -0.173795 0.853856 -0.490638 0.015312 0.168627 1 50 1.000000
  50 2.973544 3.179861 3.158373 -0.116751 0.734475 -0.668517 0.015312 0.160165 1 50 1.000000
shoe
  50 2.623670 3.116056 3.133670 -0.232914 0.739716 -0.631325 0.055847 0.160196 1 50 1.000000
  50 2.581313 3.224254 3.275647 -0.297637 0.821680 -0.486059 0.053265 0.177015 1 50 1.000000
  50 2.973544 3.179861 3.158373 -0.116751 0.734475 -0.668517 0.015312 0.160165 1 50 1.000000
shoe
  50 2.107989 2.980119 3.408584 -0.714917 0.672934 -0.189877 0.100861 0.199172 1 50 1.000000
  50 2.029638 2.932338 3.786031 -0.789868 0.612734 0.025810 0.098839 0.235272 1 50 1.000000
  50 2.532748 3.291873 3.492013 -0.388200 0.899819 -0.199066 0.051885 0.198662 1 50 1.000000
shoe
  50 2.107989 2.980119 3.408584 -0.714917 0.672934 -0.189877 0.100861 0.199172 1 50 1.000000
  50 2.532748 3.291873 3.492013 -0.388200 0.899819 -0.199066 0.051885 0.198662 1 50 1.000000
  50 2.581313 3.224254 3.275647 -0.297637 0.821680 -0.486059 0.053265 0.177015 1 50 1.000000
shoe
  50 2.186212 2.966186 3.211346 -0.577554 0.668719 -0.468237 0.103702 0.178699 1 50 1.000000
  50 2.581313 3.224254 3.275647 -0.297637 0.821680 -0.486059 0.053265 0.177015 1 50 1.000000
  50 2.623670 3.116056 3.133670 -0.232914 0.739716 -0.631325 0.055847 0.160196 1 50 1.000000
shoe
  50 2.186212 2.966186 3.211346 -0.577554 0.668719 -0.468237 0.103702 0.178699 1 50 1.000000
  50 2.107989 2.980119 3.408584 -0.714917 0.672934 -0.189877 0.100861 0.199172 1 50 1.000000
  50 2.581313 3.224254 3.275647 -0.297637 0.821680 -0.486059 0.053265 0.177015 1 50 1.000000
shoe
  50 2.299504 2.896778 3.069550 -0.447148 0.615409 -0.649099 0.108946 0.158716 1 50 1.000000
  50 2.186212 2.966186 3.211346 -0.577554 0.668719 -0.468237 0.103702 0.178699 1 50 1.000000
  50 2.623670 3.116056 3.133670 -0.232914 0.739716 -0.631325 0.055847 0.160196 1 50 1.000000
shoe
  50 2.029638 2.932338 3.786031 -0.789868 0.612734 0.025810 0.098839 0.235272 1 50 1.000000
  50 2.107989 2.980119 3.408584 -0.714917 0.672934 -0.189877 0.100861 0.199172 1 50 1.000000
  50 1.766366 2.379629 3.592305 -0.954409 0.296975 -0.030161 0.150592 0.233017 1 50 1.000000
shoe
  50 2.029638 2.932338 3.786031 -0.789868 0.612734 0.025810 0.098839 0.235272 1 50 1.000000
  50 1.766366 2.379629 3.592305 -0.954409 0.296975 -0.030161 0.150592 0.233017 1 50 1.000000
  50 1.753897 2.229404 3.978409 -0.965613 0.220912 0.137074 0.152321 0.271613 1 50 1.000000
shoe
  50 1.753897 2.229404 3.978409 -0.965613 0.220912 0.137074 0.152321 0.271613 1 50 1.000000
  50 1.766366 2.379629 3.592305 -0.954409 0.296975 -0.030161 0.150592 0.233017 1 50 1.000000
  50 1.684344 1.620244 3.715915 -0.998426 0.031656 0.046289 0.205336 0.266644 1 50 1.000000
shoe
  50 1.845528 2.472313 3.262476 -0.897168 0.371972 -0.238173 0.150484 0.199794 1 50 1.000000
  50 2.107989 2.980119 3.408584 -0.714917 0.672934 -0.189877 0.100861 0.199172 1 50 1.000000
  50 2.186212 2.966186 3.211346 -0.577554 0.668719 -0.468237 0.103702 0.178699 1 50 1.000000
shoe
  50 2.107989 2.980119 3.408584 -0.714917 0.672934 -0.189877 0.100861 0.199172 1 50 1.000000
  50 1.845528 2.472313 3.262476 -0.897168 0.371972 -0.238173 0.150484 0.199794 1 50 1.000000
  50 1.766366 2.379629 3.592305 -0.954409 0.296975 -0.030161 0.150592 0.233017 1 50 1.000000
shoe
  50 1.961471 2.518219 3.042211 -0.740343 0.436611 -0.511138 0.150629 0.174377 1 50 1.000000
  50 2.186212 2.966186 3.211346 -0.577554 0.668719 -0.468237 0.103702 0.178699 1 50 1.000000
  50 2.299504 2.896778 3.069550 -0.447148 0.615409 -0.649099 0.108946 0.158716 1 50 1.000000
shoe
  50 1.961471 2.518219 3.042211 -0.740343 0.436611 -0.511138 0.150629 0.174377 1 50 1.000000
  50 1.845528 2.472313 3.262476 -0.897168 0.371972 -0.238173 0.150484 0.199794 1 50 1.000000
  50 2.186212 2.966186 3.211346 -0.577554 0.668719 -0.468237 0.103702 0.178699 1 50 1.000000
shoe
  50 2.078956 2.520561 2.936283 -0.601002 0.460217 -0.653450 0.151116 0.158695 1 50 1.000000
  50 1.961471 2.518219 3.042211 -0.740343 0.436611 -0.511138 0.150629 0.174377 1 50 1.000000
  50 2.299504 2.896778 3.069550 -0.447148 0.615409 -0.649099 0.108946 0.158716 1 50 1.000000
shoe
  50 1.766366 2.379629 3.592305 -0.954409 0.296975 -0.030161 0.150592 0.233017 1 50 1.000000
  50 1.689267 1.751925 3.329898 -0.992554 0.090838 -0.081150 0.204968 0.227857 1 50 1.000000
  50 1.684344 1.620244 3.715915 -0.998426 0.031656 0.046289 0.205336 0.266644 1 50 1.000000
shoe
  50 1.689267 1.751925 3.329898 -0.992554 0.090838 -0.081150 0.204968 0.227857 1 50 1.000000
  50 1.766366 2.379629 3.592305 -0.954409 0.296975 -0.030161 0.150592 0.233017 1 50 1.000000
  50 1.845528 2.472313 3.262476 -0.897168 0.371972 -0.238173 0.150484 0.199794 1 50 1.000000
shoe
  50 1.684344 1.620244 3.715915 -0.998426 0.031656 0.046289 0.205336 0.266644 1 50 1.000000
  50 1.689267 1.751925 3.329898 -0.992554 0.090838 -0.081150 0.204968 0.227857 1 50 1.000000
  50 1.691277 1.022829 3.428792 -0.999020 -0.040252 0.018408 0.257867 0.259000 1 50 1.000000
shoe
  50 1.752136 1.865582 3.034591 -0.942485 0.177726 -0.283082 0.203352 0.197211 1 50 1.000000
  50 1.845528 2.472313 3.262476 -0.897168 0.371972 -0.238173 0.150484 0.199794 1 50 1.000000
  50 1.961471 2.518219 3.042211 -0.740343 0.436611 -0.511138 0.150629 0.174377 1 50 1.000000
shoe
  50 1.752136 1.865582 3.034591 -0.942485 0.177726 -0.283082 0.203352 0.197211 1 50 1.000000
  50 1.689267 1.751925 3.329898 -0.992554 0.090838 -0.081150 0.204968 0.227857 1 50 1.000000
  50 1.845528 2.472313 3.262476 -0.897168 0.371972 -0.238173 0.150484 0.199794 1 50 1.000000
shoe
  50 1.866113 1.914012 2.810956 -0.788458 0.265414 -0.554878 0.204764 0.172709 1 50 1.000000
  50 1.961471 2.518219 3.042211 -0.740343 0.436611 -0.511138 0.150629 0.174377 1 50 1.000000
  50 2.078956 2.520561 2.936283 -0.601002 0.460217 -0.653450 0.151116 0.158695 1 50 1.000000
shoe
  50 1.866113 1.914012 2.810956 -0.788458 0.265414 -0.554878 0.204764 0.172709 1 50 1.000000
  50 1.752136 1.865582 3.034591 -0.942485 0.177726 -0.283082 0.203352 0.197211 1 50 1.000000
  50 1.961471 2.518219 3.042211 -0.740343 0.436611 -0.511138 0.150629 0.174377 1 50 1.000000
shoe
  50 1.987814 1.937350 2.706033 -0.650921 0.309682 -0.693108 0.205304 0.156641 1 50 1.000000
  50 1.866113 1.914012 2.810956 -0.788458 0.265414 -0.554878 0.204764 0.172709 1 50 1.000000
  50 2.078956 2.520561 2.936283 -0.601002 0.460217 -0.653450 0.151116 0.158695 1 50 1.000000
shoe
  50 1.689267 1.751925 3.329898 -0.992554 0.090838 -0.081150 0.204968 0.227857 1 50 1.000000
  50 1.697822 1.145240 3.083739 -0.993804 0.011447 -0.110554 0.256715 0.225443 1 50 1.000000
  50 1.691277 1.022829 3.428792 -0.999020 -0.040252 0.018408 0.257867 0.259000 1 50 1.000000
shoe
  50 1.697822 1.145240 3.083739 -0.993804 0.011447 -0.110554 0.256715 0.225443 1 50 1.000000
  50 1.689267 1.751925 3.329898 -0.992554 0.090838 -0.081150 0.204968 0.227857 1 50 1.000000
  50 1.752136 1.865582 3.034591 -0.942485 0.177726 -0.283082 0.203352 0.197211 1 50 1.000000
shoe
  50 1.691277 1.022829 3.428792 -0.999020 -0.040252 0.018408 0.257867 0.259000 1 50 1.000000
  50 1.697822 1.145240 3.083739 -0.993804 0.011447 -0.110554 0.256715 0.225443 1 50 1.000000
  50 1.723894 0.387929 3.167841 -0.998284 -0.058239 0.006144 0.314338 0.255478 1 50 1.000000
shoe
  50 1.752136 1.865582 3.034591 -0.942485 0.177726 -0.283082 0.203352 0.197211 1 50 1.000000
  50 1.866113 1.914012 2.810956 -0.788458 0.265414 -0.554878 0.204764 0.172709 1 50 1.000000
  50 1.757835 1.234164 2.800747 -0.936207 0.092401 -0.339083 0.256743 0.197367 1 50 1.000000
shoe
  50 1.757835 1.234164 2.800747 -0.936207 0.092401 -0.339083 0.256743 0.197367 1 50 1.000000
  50 1.697822 1.145240 3.083739 -0.993804 0.011447 -0.110554 0.256715 0.225443 1 50 1.000000
  50 1.752136 1.865582 3.034591 -0.942485 0.177726 -0.283082 0.203352 0.197211 1 50 1.000000
shoe
  50 1.866113 1.914012 2.810956 -0.788458 0.265414 -0.554878 0.204764 0.172709 1 50 1.000000
  50 1.987814 1.937350 2.706033 -0.650921 0.309682 -0.693108 0.205304 0.156641 1 50 1.000000
  50 1.917370 1.235041 2.514411 -0.754160 0.199736 -0.625578 0.262237 0.169979 1 50 1.000000
shoe
  50 1.757835 1.234164 2.800747 -0.936207 0.092401 -0.339083 0.256743 0.197367 1 50 1.000000
  50 1.866113 1.914012 2.810956 -0.788458 0.265414 -0.554878 0.204764 0.172709 1 50 1.000000
  50 1.917370 1.235041 2.514411 -0.754160 0.199736 -0.625578 0.262237 0.169979 1 50 1.000000
shoe
  50 1.917370 1.235041 2.514411 -0.754160 0.199736 -0.625578 0.262237 0.169979 1 50 1.000000
  50 1.987814 1.937350 2.706033 -0.650921 0.309682 -0.693108 0.205304 0.156641 1 50 1.000000
  50 2.081754 1.148164 2.347830 -0.617620 0.250175 -0.745626 0.271352 0.152469 1 50 1.000000
shoe
  50 1.697822 1.145240 3.083739 -0.993804 0.011447 -0.110554 0.256715 0.225443 1 50 1.000000
  50 1.734554 0.519325 2.811530 -0.989263 0.001883 -0.146132 0.314713 0.221559 1 50 1.000000
  50 1.723894 0.387929 3.167841 -0.998284 -0.058239 0.006144 0.314338 0.255478 1 50 1.000000
shoe
  50 1.734554 0.519325 2.811530 -0.989263 0.001883 -0.146132 0.314713 0.221559 1 50 1.000000
  50 1.697822 1.145240 3.083739 -0.993804 0.011447 -0.110554 0.256715 0.225443 1 50 1.000000
  50 1.757835 1.234164 2.800747 -0.936207 0.092401 -0.339083 0.256743 0.197367 1 50 1.000000
shoe
  50 1.723894 0.387929 3.167841 -0.998284 -0.058239 0.006144 0.314338 0.255478 1 50 1.000000
  50 1.734554 0.519325 2.811530 -0.989263 0.001883 -0.146132 0.314713 0.221559 1 50 1.000000
  50 1.761007 -0.230762 2.876446 -0.999430 -0.022717 0.024957 0.370737 0.251747 1 50 1.000000
shoe
  50 1.757835 1.234164 2.800747 -0.936207 0.092401 -0.339083 0.256743 0.197367 1 50 1.000000
  50 1.917370 1.235041 2.514411 -0.754160 0.199736 -0.625578 0.262237 0.169979 1 50 1.000000
  50 1.813089 0.632936 2.534142 -0.913158 0.106491 -0.393448 0.314316 0.193763 1 50 1.000000
shoe
  50 1.813089 0.632936 2.534142 -0.913158 0.106491 -0.393448 0.314316 0.193763 1 50 1.000000
  50 1.734554 0.519325 2.811530 -0.989263 0.001883 -0.146132 0.314713 0.221559 1 50 1.000000
  50 1.757835 1.234164 2.800747 -0.936207 0.092401 -0.339083 0.256743 0.197367 1 50 1.000000
shoe
  50 1.997509 0.745666 2.285612 -0.722595 0.227095 -0.652904 0.313578 0.164323 1 50 1.000000
  50 1.917370 1.235041 2.514411 -0.754160 0.199736 -0.625578 0.262237 0.169979 1 50 1.000000
  50 2.081754 1.148164 2.347830 -0.617620 0.250175 -0.745626 0.271352 0.152469 1 50 1.000000
shoe
  50 1.917370 1.235041 2.514411 -0.754160 0.199736 -0.625578 0.262237 0.169979 1 50 1.000000
  50 1.997509 0.745666 2.285612 -0.722595 0.227095 -0.652904 0.313578 0.164323 1 50 1.000000
  50 1.813089 0.632936 2.534142 -0.913158 0.106491 -0.393448 0.314316 0.193763 1 50 1.000000
shoe
  50 2.141312 0.778928 2.182674 -0.595272 0.288181 -0.750068 0.315920 0.148513 1 50 1.000000
  50 1.997509 0.745666 2.285612 -0.722595 0.227095 -0.652904 0.313578 0.164323 1 50 1.000000
  50 2.081754 1.148164 2.347830 -0.617620 0.250175 -0.745626 0.271352 0.152469 1 50 1.000000
shoe
  50 1.734554 0.519325 2.811530 -0.989263 0.001883 -0.146132 0.314713 0.221559 1 50 1.000000
  50 1.763179 -0.083252 2.564634 -0.993262 0.045238 -0.106691 0.370750 0.221334 1 50 1.000000
  50 1.761007 -0.230762 2.876446 -0.999430 -0.022717 0.024957 0.370737 0.251747 1 50 1.000000
shoe
  50 1.763179 -0.083252 2.564634 -0.993262 0.045238 -0.106691 0.370750 0.221334 1 50 1.000000
  50 1.734554 0.519325 2.811530 -0.989263 0.001883 -0.146132 0.314713 0.221559 1 50 1.000000
  50 1.813089 0.632936 2.534142 -0.913158 0.106491 -0.393448 0.314316 0.193763 1 50 1.000000
shoe
  50 1.763179 -0.083252 2.564634 -0.993262 0.045238 -0.106691 0.370750 0.221334 1 50 1.000000
  50 1.743758 -0.622172 2.322893 -0.992338 0.111040 -0.054181 0.421278 0.222499 1 50 1.000000
  50 1.761007 -0.230762 2.876446 -0.999430 -0.022717 0.024957 0.370737 0.251747 1 50 1.000000
shoe
  50 1.842750 0.049890 2.251095 -0.906963 0.177033 -0.382200 0.372010 0.189669 1 50 1.000000
  50 1.813089 0.632936 2.534142 -0.913158 0.106491 -0.393448 0.314316 0.193763 1 50 1.000000
  50 1.997509 0.745666 2.285612 -0.722595 0.227095 -0.652904 0.313578 0.164323 1 50 1.000000
shoe
  50 1.842750 0.049890 2.251095 -0.906963 0.177033 -0.382200 0.372010 0.189669 1 50 1.000000
  50 1.763179 -0.083252 2.564634 -0.993262 0.045238 -0.106691 0.370750 0.221334 1 50 1.000000
  50 1.813089 0.632936 2.534142 -0.913158 0.106491 -0.393448 0.314316 0.193763 1 50 1.000000
shoe
  50 2.062451 0.143787 1.967427 -0.677584 0.319460 -0.662438 0.375523 0.156266 1 50 1.000000
  50 1.997509 0.745666 2.285612 -0.722595 0.227095 -0.652904 0.313578 0.164323 1 50 1.000000
  50 2.141312 0.778928 2.182674 -0.595272 0.288181 -0.750068 0.315920 0.148513 1 50 1.000000
shoe
  50 2.062451 0.143787 1.967427 -0.677584 0.319460 -0.662438 0.375523 0.156266 1 50 1.000000
  50 1.842750 0.049890 2.251095 -0.906963 0.177033 -0.382200 0.372010 0.189669 1 50 1.000000
  50 1.997509 0.745666 2.285612 -0.722595 0.227095 -0.652904 0.313578 0.164323 1 50 1.000000
shoe
  50 2.193749 0.171585 1.891197 -0.523424 0.377504 -0.763884 0.376278 0.142816 1 50 1.000000
  50 2.062451 0.143787 1.967427 -0.677584 0.319460 -0.662438 0.375523 0.156266 1 50 1.000000
  50 2.141312 0.778928 2.182674 -0.595272 0.288181 -0.750068 0.315920 0.148513 1 50 1.000000
shoe
  50 2.193749 0.171585 1.891197 -0.523424 0.377504 -0.763884 0.376278 0.142816 1 50 1.000000
  50 2.150543 -0.336784 1.634392 -0.573280 0.435447 -0.694072 0.427613 0.138758 1 50 1.000000
  50 2.062451 0.143787 1.967427 -0.677584 0.319460 -0.662438 0.375523 0.156266 1 50 1.000000
shoe
  50 1.763179 -0.083252 2.564634 -0.993262 0.045238 -0.106691 0.370750 0.221334 1 50 1.000000
  50 1.842750 0.049890 2.251095 -0.906963 0.177033 -0.382200 0.372010 0.189669 1 50 1.000000
  50 1.811200 -0.479762 2.015409 -0.918270 0.254518 -0.303316 0.423252 0.190432 1 50 1.000000
shoe
  50 1.811200 -0.479762 2.015409 -0.918270 0.254518 -0.303316 0.423252 0.190432 1 50 1.000000
  50 1.842750 0.049890 2.251095 -0.906963 0.177033 -0.382200 0.372010 0.189669 1 50 1.000000
  50 2.062451 0.143787 1.967427 -0.677584 0.319460 -0.662438 0.375523 0.156266 1 50 1.000000
shoe
  50 1.743758 -0.622172 2.322893 -0.992338 0.111040 -0.054181 0.421278 0.222499 1 50 1.000000
  50 1.763179 -0.083252 2.564634 -0.993262 0.045238 -0.106691 0.370750 0.221334 1 50 1.000000
  50 1.811200 -0.479762 2.015409 -0.918270 0.254518 -0.303316 0.423252 0.190432 1 50 1.000000
shoe
  50 2.150543 -0.336784 1.634392 -0.573280 0.435447 -0.694072 0.427613 0.138758 1 50 1.000000
  50 2.017827 -0.377111 1.720130 -0.706816 0.403301 -0.581170 0.427374 0.154685 1 50 1.000000
  50 2.062451 0.143787 1.967427 -0.677584 0.319460 -0.662438 0.375523 0.156266 1 50 1.000000
shoe
  50 2.017827 -0.377111 1.720130 -0.706816 0.403301 -0.581170 0.427374 0.154685 1 50 1.000000
  50 1.811200 -0.479762 2.015409 -0.918270 0.254518 -0.303316 0.423252 0.190432 1 50 1.000000
  50 2.062451 0.143787 1.967427 -0.677584 0.319460 -0.662438 0.375523 0.156266 1 50 1.000000
shoe
  50 2.150543 -0.336784 1.634392 -0.573280 0.435447 -0.694072 0.427613 0.138758 1 50 1.000000
  50 2.063965 -0.831551 1.352609 -0.591271 0.504825 -0.628927 0.476297 0.142085 1 50 1.000000
  50 2.017827 -0.377111 1.720130 -0.706816 0.403301 -0.581170 0.427374 0.154685 1 50 1.000000
shoe
  50 1.811200 -0.479762 2.015409 -0.918270 0.254518 -0.303316 0.423252 0.190432 1 50 1.000000
  50 1.730061 -0.972544 1.790773 -0.938313 0.287474 -0.192164 0.470517 0.195844 1 50 1.000000
  50 1.743758 -0.622172 2.322893 -0.992338 0.111040 -0.054181 0.421278 0.222499 1 50 1.000000
shoe
  50 1.730061 -0.972544 1.790773 -0.938313 0.287474 -0.192164 0.470517 0.195844 1 50 1.000000
  50 1.681574 -1.114416 2.116557 -0.988439 0.151125 0.012207 0.466592 0.228614 1 50 1.000000
  50 1.743758 -0.622172 2.322893 -0.992338 0.111040 -0.054181 0.421278 0.222499 1 50 1.000000
shoe
  50 1.811200 -0.479762 2.015409 -0.918270 0.254518 -0.303316 0.423252 0.190432 1 50 1.000000
  50 2.017827 -0.377111 1.720130 -0.706816 0.403301 -0.581170 0.427374 0.154685 1 50 1.000000
  50 1.895970 -0.857420 1.485656 -0.733842 0.458188 -0.501538 0.474190 0.161825 1 50 1.000000
shoe
  50 1.730061 -0.972544 1.790773 -0.938313 0.287474 -0.192164 0.470517 0.195844 1 50 1.000000
  50 1.811200 -0.479762 2.015409 -0.918270 0.254518 -0.303316 0.423252 0.190432 1 50 1.000000
  50 1.895970 -0.857420 1.485656 -0.733842 0.458188 -0.501538 0.474190 0.161825 1 50 1.000000
shoe
  50 2.063965 -0.831551 1.352609 -0.591271 0.504825 -0.628927 0.476297 0.142085 1 50 1.000000
  50 1.895970 -0.857420 1.485656 -0.733842 0.458188 -0.501538 0.474190 0.161825 1 50 1.000000
  50 2.017827 -0.377111 1.720130 -0.706816 0.403301 -0.581170 0.427374 0.154685 1 50 1.000000
shoe
  50 1.681574 -1.114416 2.116557 -0.988439 0.151125 0.012207 0.466592 0.228614 1 50 1.000000
  50 1.730061 -0.972544 1.790773 -0.938313 0.287474 -0.192164 0.470517 0.195844 1 50 1.000000
  50 1.618008 -1.437983 1.574581 -0.956133 0.276782 -0.095924 0.515491 0.203342 1 50 1.000000
shoe
  50 1.595250 -1.600421 1.912330 -0.986634 0.131684 0.095981 0.511500 0.237367 1 50 1.000000
  50 1.681574 -1.114416 2.116557 -0.988439 0.151125 0.012207 0.466592 0.228614 1 50 1.000000
  50 1.618008 -1.437983 1.574581 -0.956133 0.276782 -0.095924 0.515491 0.203342 1 50 1.000000
shoe
  50 1.895970 -0.857420 1.485656 -0.733842 0.458188 -0.501538 0.474190 0.161825 1 50 1.000000
  50 1.750845 -1.295896 1.246743 -0.793452 0.459742 -0.398837 0.518604 0.168477 1 50 1.000000
  50 1.730061 -0.972544 1.790773 -0.938313 0.287474 -0.192164 0.470517 0.195844 1 50 1.000000
shoe
  50 1.750845 -1.295896 1.246743 -0.793452 0.459742 -0.398837 0.518604 0.168477 1 50 1.000000
  50 1.895970 -0.857420 1.485656 -0.733842 0.458188 -0.501538 0.474190 0.161825 1 50 1.000000
  50 2.063965 -0.831551 1.352609 -0.591271 0.504825 -0.628927 0.476297 0.142085 1 50 1.000000
shoe
  50 1.750845 -1.295896 1.246743 -0.793452 0.459742 -0.398837 0.518604 0.168477 1 50 1.000000
  50 1.618008 -1.437983 1.574581 -0.956133 0.276782 -0.095924 0.515491 0.203342 1 50 1.000000
  50 1.730061 -0.972544 1.790773 -0.938313 0.287474 -0.192164 0.470517 0.195844 1 50 1.000000
shoe
  50 1.882064 -1.283858 1.096576 -0.662366 0.522501 -0.536902 0.522267 0.151185 1 50 1.000000
  50 1.750845 -1.295896 1.246743 -0.793452 0.459742 -0.398837 0.518604 0.168477 1 50 1.000000
  50 2.063965 -0.831551 1.352609 -0.591271 0.504825 -0.628927 0.476297 0.142085 1 50 1.000000
shoe
  50 1.750845 -1.295896 1.246743 -0.793452 0.459742 -0.398837 0.518604 0.168477 1 50 1.000000
  50 1.882064 -1.283858 1.096576 -0.662366 0.522501 -0.536902 0.522267 0.151185 1 50 1.000000
  50 1.705900 -1.712262 0.931940 -0.728003 0.414916 -0.545762 0.566866 0.162245 1 50 1.000000
shoe
  50 1.607669 -1.745210 1.040098 -0.856786 0.358198 -0.370959 0.564473 0.176679 1 50 1.000000
  50 1.750845 -1.295896 1.246743 -0.793452 0.459742 -0.398837 0.518604 0.168477 1 50 1.000000
  50 1.705900 -1.712262 0.931940 -0.728003 0.414916 -0.545762 0.566866 0.162245 1 50 1.000000
shoe
  50 1.750845 -1.295896 1.246743 -0.793452 0.459742 -0.398837 0.518604 0.168477 1 50 1.000000
  50 1.607669 -1.745210 1.040098 -0.856786 0.358198 -0.370959 0.564473 0.176679 1 50 1.000000
  50 1.618008 -1.437983 1.574581 -0.956133 0.276782 -0.095924 0.515491 0.203342 1 50 1.000000
shoe
  50 1.607669 -1.745210 1.040098 -0.856786 0.358198 -0.370959 0.564473 0.176679 1 50 1.000000
  50 1.705900 -1.712262 0.931940 -0.728003 0.414916 -0.545762 0.566866 0.162245 1 50 1.000000
  50 1.579227 -2.159671 0.832674 -0.820479 0.235174 -0.521063 0.605519 0.182377 1 50 1.000000
shoe
  50 1.595250 -1.600421 1.912330 -0.986634 0.131684 0.095981 0.511500 0.237367 1 50 1.000000
  50 1.618008 -1.437983 1.574581 -0.956133 0.276782 -0.095924 0.515491 0.203342 1 50 1.000000
  50 1.506275 -1.892885 1.408504 -0.977805 0.207963 -0.025471 0.557705 0.214936 1 50 1.000000
shoe
  50 1.607669 -1.745210 1.040098 -0.856786 0.358198 -0.370959 0.564473 0.176679 1 50 1.000000
  50 1.506275 -1.892885 1.408504 -0.977805 0.207963 -0.025471 0.557705 0.214936 1 50 1.000000
  50 1.618008 -1.437983 1.574581 -0.956133 0.276782 -0.095924 0.515491 0.203342 1 50 1.000000
shoe
  50 1.523572 -2.066767 1.766793 -0.980893 0.068724 0.182005 0.552194 0.251275 1 50 1.000000
  50 1.595250 -1.600421 1.912330 -0.986634 0.131684 0.095981 0.511500 0.237367 1 50 1.000000
  50 1.506275 -1.892885 1.408504 -0.977805 0.207963 -0.025471 0.557705 0.214936 1 50 1.000000
shoe
  50 1.493979 -2.193563 0.955261 -0.924730 0.192266 -0.328494 0.601790 0.196444 1 50 1.000000
  50 1.607669 -1.745210 1.040098 -0.856786 0.358198 -0.370959 0.564473 0.176679 1 50 1.000000
  50 1.579227 -2.159671 0.832674 -0.820479 0.235174 -0.521063 0.605519 0.182377 1 50 1.000000
shoe
  50 1.506275 -1.892885 1.408504 -0.977805 0.207963 -0.025471 0.557705 0.214936 1 50 1.000000
  50 1.607669 -1.745210 1.040098 -0.856786 0.358198 -0.370959 0.564473 0.176679 1 50 1.000000
  50 1.493979 -2.193563 0.955261 -0.924730 0.192266 -0.328494 0.601790 0.196444 1 50 1.000000
shoe
  50 1.493979 -2.193563 0.955261 -0.924730 0.192266 -0.328494 0.601790 0.196444 1 50 1.000000
  50 1.579227 -2.159671 0.832674 -0.820479 0.235174 -0.521063 0.605519 0.182377 1 50 1.000000
  50 1.515455 -2.650355 0.806611 -0.851188 0.071632 -0.519949 0.643045 0.210198 1 50 1.000000
shoe
  50 1.523572 -2.066767 1.766793 -0.980893 0.068724 0.182005 0.552194 0.251275 1 50 1.000000
  50 1.506275 -1.892885 1.408504 -0.977805 0.207963 -0.025471 0.557705 0.214936 1 50 1.000000
  50 1.433429 -2.333523 1.315863 -0.995146 0.097069 0.016208 0.594061 0.232413 1 50 1.000000
shoe
  50 1.433429 -2.333523 1.315863 -0.995146 0.097069 0.016208 0.594061 0.232413 1 50 1.000000
  50 1.506275 -1.892885 1.408504 -0.977805 0.207963 -0.025471 0.557705 0.214936 1 50 1.000000
  50 1.493979 -2.193563 0.955261 -0.924730 0.192266 -0.328494 0.601790 0.196444 1 50 1.000000
shoe
  50 1.455164 -2.686898 0.901437 -0.942579 0.038573 -0.331748 0.640208 0.220979 2 50 0.998024 51 0.001976
  50 1.493979 -2.193563 0.955261 -0.924730 0.192266 -0.328494 0.601790 0.196444 1 50 1.000000
  50 1.515455 -2.650355 0.806611 -0.851188 0.071632 -0.519949 0.643045 0.210198 1 50 1.000000
shoe
  50 1.493979 -2.193563 0.955261 -0.924730 0.192266 -0.328494 0.601790 0.196444 1 50 1.000000
  50 1.455164 -2.686898 0.901437 -0.942579 0.038573 -0.331748 0.640208 0.220979 2 50 0.998024 51 0.001976
  50 1.433429 -2.333523 1.315863 -0.995146 0.097069 0.016208 0.594061 0.232413 1 50 1.000000
shoe
  50 1.455164 -2.686898 0.901437 -0.942579 0.038573 -0.331748 0.640208 0.220979 2 50 0.998024 51 0.001976
  50 1.515455 -2.650355 0.806611 -0.851188 0.071632 -0.519949 0.643045 0.210198 1 50 1.000000
  50 1.522017 -3.108290 0.803069 -0.853014 -0.061816 -0.518214 0.676893 0.237621 2 50 0.808484 51 0.191516
shoe
  50 1.487541 -2.518188 1.692296 -0.968357 0.003843 0.249540 0.587807 0.271076 1 50 1.000000
  50 1.523572 -2.066767 1.766793 -0.980893 0.068724 0.182005 0.552194 0.251275 1 50 1.000000
  50 1.433429 -2.333523 1.315863 -0.995146 0.097069 0.016208 0.594061 0.232413 1 50 1.000000
shoe
  50 1.606853 -2.281807 2.075590 -0.953750 -0.047030 0.296898 0.551076 0.286180 1 50 1.000000
  50 1.523572 -2.066767 1.766793 -0.980893 0.068724 0.182005 0.552194 0.251275 1 50 1.000000
  50 1.487541 -2.518188 1.692296 -0.968357 0.003843 0.249540 0.587807 0.271076 1 50 1.000000
shoe
  50 1.455164 -2.686898 0.901437 -0.942579 0.038573 -0.331748 0.640208 0.220979 2 50 0.998024 51 0.001976
  50 1.409261 -2.822628 1.270964 -0.999701 -0.006794 0.023489 0.630903 0.256878 2 50 0.931485 51 0.068515
  50 1.433429 -2.333523 1.315863 -0.995146 0.097069 0.016208 0.594061 0.232413 1 50 1.000000
shoe
  50 1.487541 -2.518188 1.692296 -0.968357 0.003843 0.249540 0.587807 0.271076 1 50 1.000000
  50 1.433429 -2.333523 1.315863 -0.995146 0.097069 0.016208 0.594061 0.232413 1 50 1.000000
  50 1.409261 -2.822628 1.270964 -0.999701 -0.006794 0.023489 0.630903 0.256878 2 50 0.931485 51 0.068515
shoe
  50 1.471222 -3.141595 0.891377 -0.938985 -0.083868 -0.333577 0.673625 0.247110 2 50 0.792306 51 0.207694
  50 1.455164 -2.686898 0.901437 -0.942579 0.038573 -0.331748 0.640208 0.220979 2 50 0.998024 51 0.001976
  50 1.522017 -3.108290 0.803069 -0.853014 -0.061816 -0.518214 0.676893 0.237621 2 50 0.808484 51 0.191516
shoe
  50 1.455164 -2.686898 0.901437 -0.942579 0.038573 -0.331748 0.640208 0.220979 2 50 0.998024 51 0.001976
  50 1.471222 -3.141595 0.891377 -0.938985 -0.083868 -0.333577 0.673625 0.247110 2 50 0.792306 51 0.207694
  50 1.409261 -2.822628 1.270964 -0.999701 -0.006794 0.023489 0.630903 0.256878 2 50 0.931485 51 0.068515
shoe
  50 1.522017 -3.108290 0.803069 -0.853014 -0.061816 -0.518214 0.676893 0.237621 2 50 0.808484 51 0.191516
  50 1.573162 -3.539539 0.825035 -0.839664 -0.182974 -0.511356 0.707667 0.265848 2 50 0.612823 51 0.387177
  50 1.471222 -3.141595 0.891377 -0.938985 -0.083868 -0.333577 0.673625 0.247110 2 50 0.792306 51 0.207694
shoe
  50 1.627881 -2.719665 2.036517 -0.909463 -0.104223 0.402510 0.583096 0.310072 2 50 0.966601 51 0.033399
  50 1.606853 -2.281807 2.075590 -0.953750 -0.047030 0.296898 0.551076 0.286180 1 50 1.000000
  50 1.487541 -2.518188 1.692296 -0.968357 0.003843 0.249540 0.587807 0.271076 1 50 1.000000
shoe
  50 1.606853 -2.281807 2.075590 -0.953750 -0.047030 0.296898 0.551076 0.286180 1 50 1.000000
  50 1.627881 -2.719665 2.036517 -0.909463 -0.104223 0.402510 0.583096 0.310072 2 50 0.966601 51 0.033399
  50 1.697173 -2.433517 2.293037 -0.920853 -0.133835 0.366221 0.549729 0.310938 1 50 1.000000
shoe
  50 1.697173 -2.433517 2.293037 -0.920853 -0.133835 0.366221 0.549729 0.310938 1 50 1.000000
  50 1.627881 -2.719665 2.036517 -0.909463 -0.104223 0.402510 0.583096 0.310072 2 50 0.966601 51 0.033399
  50 1.764928 -2.848207 2.258699 -0.840590 -0.227674 0.491502 0.579114 0.337355 2 50 0.904870 51 0.095130
shoe
  50 1.627881 -2.719665 2.036517 -0.909463 -0.104223 0.402510 0.583096 0.310072 2 50 0.966601 51 0.033399
  50 1.487541 -2.518188 1.692296 -0.968357 0.003843 0.249540 0.587807 0.271076 1 50 1.000000
  50 1.485749 -2.986878 1.664649 -0.951804 -0.055893 0.301570 0.622047 0.296162 2 50 0.851336 51 0.148664
shoe
  50 1.485749 -2.986878 1.664649 -0.951804 -0.055893 0.301570 0.622047 0.296162 2 50 0.851336 51 0.148664
  50 1.487541 -2.518188 1.692296 -0.968357 0.003843 0.249540 0.587807 0.271076 1 50 1.000000
  50 1.409261 -2.822628 1.270964 -0.999701 -0.006794 0.023489 0.630903 0.256878 2 50 0.931485 51 0.068515
shoe
  50 1.627881 -2.719665 2.036517 -0.909463 -0.104223 0.402510 0.583096 0.310072 2 50 0.966601 51 0.033399
  50 1.684697 -3.149112 2.027911 -0.822075 -0.158911 0.546754 0.612974 0.337259 2 50 0.772173 51 0.227827
  50 1.764928 -2.848207 2.258699 -0.840590 -0.227674 0.491502 0.579114 0.337355 2 50 0.904870 51 0.095130
shoe
  50 1.684697 -3.149112 2.027911 -0.822075 -0.158911 0.546754 0.612974 0.337259 2 50 0.772173 51 0.227827
  50 1.627881 -2.719665 2.036517 -0.909463 -0.104223 0.402510 0.583096 0.310072 2 50 0.966601 51 0.033399
  50 1.485749 -2.986878 1.664649 -0.951804 -0.055893 0.301570 0.622047 0.296162 2 50 0.851336 51 0.148664
shoe
  50 1.485749 -2.986878 1.664649 -0.951804 -0.055893 0.301570 0.622047 0.296162 2 50 0.851336 51 0.148664
  50 1.409261 -2.822628 1.270964 -0.999701 -0.006794 0.023489 0.630903 0.256878 2 50 0.931485 51 0.068515
  50 1.433687 -3.276947 1.278941 -0.994216 -0.104888 0.023104 0.662356 0.283815 2 50 0.725657 51 0.274343
shoe
  50 1.471222 -3.141595 0.891377 -0.938985 -0.083868 -0.333577 0.673625 0.247110 2 50 0.792306 51 0.207694
  50 1.433687 -3.276947 1.278941 -0.994216 -0.104888 0.023104 0.662356 0.283815 2 50 0.725657 51 0.274343
  50 1.409261 -2.822628 1.270964 -0.999701 -0.006794 0.023489 0.630903 0.256878 2 50 0.931485 51 0.068515
shoe
  50 1.684697 -3.149112 2.027911 -0.822075 -0.158911 0.546754 0.612974 0.337259 2 50 0.772173 51 0.227827
  50 1.485749 -2.986878 1.664649 -0.951804 -0.055893 0.301570 0.622047 0.296162 2 50 0.851336 51 0.148664
  50 1.521726 -3.424816 1.673317 -0.933404 -0.119134 0.338472 0.652198 0.322241 2 50 0.652880 51 0.347120
shoe
  50 1.521726 -3.424816 1.673317 -0.933404 -0.119134 0.338472 0.652198 0.322241 2 50 0.652880 51 0.347120
  50 1.485749 -2.986878 1.664649 -0.951804 -0.055893 0.301570 0.622047 0.296162 2 50 0.851336 51 0.148664
  50 1.433687 -3.276947 1.278941 -0.994216 -0.104888 0.023104 0.662356 0.283815 2 50 0.725657 51 0.274343
shoe
  50 1.573162 -3.539539 0.825035 -0.839664 -0.182974 -0.511356 0.707667 0.265848 2 50 0.612823 51 0.387177
  50 1.528174 -3.569889 0.910326 -0.921017 -0.199369 -0.334633 0.703774 0.274465 2 50 0.598008 51 0.401992
  50 1.471222 -3.141595 0.891377 -0.938985 -0.083868 -0.333577 0.673625 0.247110 2 50 0.792306 51 0.207694
shoe
  50 1.471222 -3.141595 0.891377 -0.938985 -0.083868 -0.333577 0.673625 0.247110 2 50 0.792306 51 0.207694
  50 1.528174 -3.569889 0.910326 -0.921017 -0.199369 -0.334633 0.703774 0.274465 2 50 0.598008 51 0.401992
  50 1.433687 -3.276947 1.278941 -0.994216 -0.104888 0.023104 0.662356 0.283815 2 50 0.725657 51 0.274343
shoe
  50 1.573162 -3.539539 0.825035 -0.839664 -0.182974 -0.511356 0.707667 0.265848 2 50 0.612823 51 0.387177
  51 1.685861 -3.989657 0.865148 -0.800991 -0.292434 -0.522394 0.739323 0.297653 2 51 0.591816 50 0.408184
  50 1.528174 -3.569889 0.910326 -0.921017 -0.199369 -0.334633 0.703774 0.274465 2 50 0.598008 51 0.401992
shoe
  50 1.528174 -3.569889 0.910326 -0.921017 -0.199369 -0.334633 0.703774 0.274465 2 50 0.598008 51 0.401992
  50 1.499248 -3.692278 1.285142 -0.979824 -0.199851 -0.002055 0.691022 0.308847 2 50 0.537383 51 0.462617
  50 1.433687 -3.276947 1.278941 -0.994216 -0.104888 0.023104 0.662356 0.283815 2 50 0.725657 51 0.274343
shoe
  50 1.433687 -3.276947 1.278941 -0.994216 -0.104888 0.023104 0.662356 0.283815 2 50 0.725657 51 0.274343
  50 1.499248 -3.692278 1.285142 -0.979824 -0.199851 -0.002055 0.691022 0.308847 2 50 0.537383 51 0.462617
  50 1.521726 -3.424816 1.673317 -0.933404 -0.119134 0.338472 0.652198 0.322241 2 50 0.652880 51 0.347120
shoe
  51 1.685861 -3.989657 0.865148 -0.800991 -0.292434 -0.522394 0.739323 0.297653 2 51 0.591816 50 0.408184
  51 1.638771 -4.016913 0.952635 -0.885699 -0.304766 -0.350222 0.734200 0.305852 2 51 0.605255 50 0.394745
  50 1.528174 -3.569889 0.910326 -0.921017 -0.199369 -0.334633 0.703774 0.274465 2 50 0.598008 51 0.401992
shoe
  50 1.528174 -3.569889 0.910326 -0.921017 -0.199369 -0.334633 0.703774 0.274465 2 50 0.598008 51 0.401992
  51 1.638771 -4.016913 0.952635 -0.885699 -0.304766 -0.350222 0.734200 0.305852 2 51 0.605255 50 0.394745
  50 1.499248 -3.692278 1.285142 -0.979824 -0.199851 -0.002055 0.691022 0.308847 2 50 0.537383 51 0.462617
shoe
  51 1.685861 -3.989657 0.865148 -0.800991 -0.292434 -0.522394 0.739323 0.297653 2 51 0.591816 50 0.408184
  51 1.835666 -4.405067 0.916281 -0.753996 -0.379184 -0.536385 0.768216 0.330242 2 51 0.781009 50 0.218991
  51 1.638771 -4.016913 0.952635 -0.885699 -0.304766 -0.350222 0.734200 0.305852 2 51 0.605255 50 0.394745
shoe
  50 1.499248 -3.692278 1.285142 -0.979824 -0.199851 -0.002055 0.691022 0.308847 2 50 0.537383 51 0.462617
  51 1.576757 -3.813931 1.666808 -0.923417 -0.190332 0.333280 0.679401 0.343901 2 51 0.523317 50 0.476683
  50 1.521726 -3.424816 1.673317 -0.933404 -0.119134 0.338472 0.652198 0.322241 2 50 0.652880 51 0.347120
shoe
  51 1.835666 -4.405067 0.916281 -0.753996 -0.379184 -0.536385 0.768216 0.330242 2 51 0.781009 50 0.218991
  51 1.785483 -4.416791 0.994877 -0.843094 -0.393340 -0.366710 0.761352 0.336434 2 51 0.787283 50 0.212717
  51 1.638771 -4.016913 0.952635 -0.885699 -0.304766 -0.350222 0.734200 0.305852 2 51 0.605255 50 0.394745
shoe
  51 1.835666 -4.405067 0.916281 -0.753996 -0.379184 -0.536385 0.768216 0.330242 2 51 0.781009 50 0.218991
  51 1.999093 -4.742938 0.955167 -0.692141 -0.488391 -0.531427 0.790672 0.362915 2 51 0.934971 50 0.065029
  51 1.785483 -4.416791 0.994877 -0.843094 -0.393340 -0.366710 0.761352 0.336434 2 51 0.787283 50 0.212717
shoe
  51 1.638771 -4.016913 0.952635 -0.885699 -0.304766 -0.350222 0.734200 0.305852 2 51 0.605255 50 0.394745
  51 1.601251 -4.094829 1.300552 -0.953764 -0.298784 -0.032590 0.717948 0.334584 2 51 0.645344 50 0.354656
  50 1.499248 -3.692278 1.285142 -0.979824 -0.199851 -0.002055 0.691022 0.308847 2 50 0.537383 51 0.462617
shoe
  51 1.638771 -4.016913 0.952635 -0.885699 -0.304766 -0.350222 0.734200 0.305852 2 51 0.605255 50 0.394745
  51 1.785483 -4.416791 0.994877 -0.843094 -0.393340 -0.366710 0.761352 0.336434 2 51 0.787283 50 0.212717
  51 1.601251 -4.094829 1.300552 -0.953764 -0.298784 -0.032590 0.717948 0.334584 2 51 0.645344 50 0.354656
shoe
  50 1.499248 -3.692278 1.285142 -0.979824 -0.199851 -0.002055 0.691022 0.308847 2 50 0.537383 51 0.462617
  51 1.601251 -4.094829 1.300552 -0.953764 -0.298784 -0.032590 0.717948 0.334584 2 51 0.645344 50 0.354656
  51 1.576757 -3.813931 1.666808 -0.923417 -0.190332 0.333280 0.679401 0.343901 2 51 0.523317 50 0.476683
shoe
  51 1.999093 -4.742938 0.955167 -0.692141 -0.488391 -0.531427 0.790672 0.362915 2 51 0.934971 50 0.065029
  51 1.955196 -4.770577 1.037757 -0.775200 -0.518959 -0.360203 0.783235 0.368944 2 51 0.948523 50 0.051477
  51 1.785483 -4.416791 0.994877 -0.843094 -0.393340 -0.366710 0.761352 0.336434 2 51 0.787283 50 0.212717
shoe
  51 1.999093 -4.742938 0.955167 -0.692141 -0.488391 -0.531427 0.790672 0.362915 2 51 0.934971 50 0.065029
  51 2.233543 -5.043955 0.993616 -0.536732 -0.643661 -0.545545 0.809749 0.397409 1 51 1.000000
  51 1.955196 -4.770577 1.037757 -0.775200 -0.518959 -0.360203 0.783235 0.368944 2 51 0.948523 50 0.051477
shoe
  51 1.785483 -4.416791 0.994877 -0.843094 -0.393340 -0.366710 0.761352 0.336434 2 51 0.787283 50 0.212717
  51 1.742066 -4.469343 1.315810 -0.913777 -0.402281 -0.056408 0.742248 0.360352 2 51 0.815491 50 0.184509
  51 1.601251 -4.094829 1.300552 -0.953764 -0.298784 -0.032590 0.717948 0.334584 2 51 0.645344 50 0.354656
shoe
  51 1.742066 -4.469343 1.315810 -0.913777 -0.402281 -0.056408 0.742248 0.360352 2 51 0.815491 50 0.184509
  51 1.785483 -4.416791 0.994877 -0.843094 -0.393340 -0.366710 0.761352 0.336434 2 51 0.787283 50 0.212717
  51 1.955196 -4.770577 1.037757 -0.775200 -0.518959 -0.360203 0.783235 0.368944 2 51 0.948523 50 0.051477
shoe
  51 2.233543 -5.043955 0.993616 -0.536732 -0.643661 -0.545545 0.809749 0.397409 1 51 1.000000
  51 2.185828 -5.081116 1.083877 -0.624153 -0.697301 -0.352426 0.800137 0.402630 1 51 1.000000
  51 1.955196 -4.770577 1.037757 -0.775200 -0.518959 -0.360203 0.783235 0.368944 2 51 0.948523 50 0.051477
shoe
  51 2.233543 -5.043955 0.993616 -0.536732 -0.643661 -0.545545 0.809749 0.397409 1 51 1.000000
  51 2.485227 -5.218173 1.025093 -0.338820 -0.756929 -0.558801 0.821662 0.428798 1 51 1.000000
  51 2.185828 -5.081116 1.083877 -0.624153 -0.697301 -0.352426 0.800137 0.402630 1 51 1.000000
shoe
  51 1.920154 -4.812695 1.331666 -0.837353 -0.543865 -0.055229 0.762887 0.387168 2 51 0.971651 50 0.028349
  51 1.742066 -4.469343 1.315810 -0.913777 -0.402281 -0.056408 0.742248 0.360352 2 51 0.815491 50 0.184509
  51 1.955196 -4.770577 1.037757 -0.775200 -0.518959 -0.360203 0.783235 0.368944 2 51 0.948523 50 0.051477
shoe
  51 1.920154 -4.812695 1.331666 -0.837353 -0.543865 -0.055229 0.762887 0.387168 2 51 0.971651 50 0.028349
  51 1.955196 -4.770577 1.037757 -0.775200 -0.518959 -0.360203 0.783235 0.368944 2 51 0.948523 50 0.051477
  51 2.185828 -5.081116 1.083877 -0.624153 -0.697301 -0.352426 0.800137 0.402630 1 51 1.000000
shoe
  51 1.601251 -4.094829 1.300552 -0.953764 -0.298784 -0.032590 0.717948 0.334584 2 51 0.645344 50 0.354656
  51 1.742066 -4.469343 1.315810 -0.913777 -0.402281 -0.056408 0.742248 0.360352 2 51 0.815491 50 0.184509
  51 1.668264 -4.185820 1.659944 -0.912435 -0.279325 0.299065 0.704533 0.364901 2 51 0.691818 50 0.308182
shoe
  51 1.601251 -4.094829 1.300552 -0.953764 -0.298784 -0.032590 0.717948 0.334584 2 51 0.645344 50 0.354656
  51 1.668264 -4.185820 1.659944 -0.912435 -0.279325 0.299065 0.704533 0.364901 2 51 0.691818 50 0.308182
  51 1.576757 -3.813931 1.666808 -0.923417 -0.190332 0.333280 0.679401 0.343901 2 51 0.523317 50 0.476683
shoe
  51 1.795809 -4.536894 1.649089 -0.885898 -0.393880 0.245037 0.727147 0.385588 2 51 0.850947 50 0.149053
  51 1.742066 -4.469343 1.315810 -0.913777 -0.402281 -0.056408 0.742248 0.360352 2 51 0.815491 50 0.184509
  51 1.920154 -4.812695 1.331666 -0.837353 -0.543865 -0.055229 0.762887 0.387168 2 51 0.971651 50 0.028349
shoe
  51 1.742066 -4.469343 1.315810 -0.913777 -0.402281 -0.056408 0.742248 0.360352 2 51 0.815491 50 0.184509
  51 1.795809 -4.536894 1.649089 -0.885898 -0.393880 0.245037 0.727147 0.385588 2 51 0.850947 50 0.149053
  51 1.668264 -4.185820 1.659944 -0.912435 -0.279325 0.299065 0.704533 0.364901 2 51 0.691818 50 0.308182
shoe
  51 2.159232 -5.112024 1.357605 -0.672924 -0.739089 -0.030345 0.778713 0.415692 1 51 1.000000
  51 1.920154 -4.812695 1.331666 -0.837353 -0.543865 -0.055229 0.762887 0.387168 2 51 0.971651 50 0.028349
  51 2.185828 -5.081116 1.083877 -0.624153 -0.697301 -0.352426 0.800137 0.402630 1 51 1.000000
shoe
  51 2.485227 -5.218173 1.025093 -0.338820 -0.756929 -0.558801 0.821662 0.428798 1 51 1.000000
  51 2.465013 -5.276879 1.116315 -0.392696 -0.851433 -0.347637 0.811439 0.434182 1 51 1.000000
  51 2.185828 -5.081116 1.083877 -0.624153 -0.697301 -0.352426 0.800137 0.402630 1 51 1.000000
shoe
  51 2.185828 -5.081116 1.083877 -0.624153 -0.697301 -0.352426 0.800137 0.402630 1 51 1.000000
  51 2.465013 -5.276879 1.116315 -0.392696 -0.851433 -0.347637 0.811439 0.434182 1 51 1.000000
  51 2.159232 -5.112024 1.357605 -0.672924 -0.739089 -0.030345 0.778713 0.415692 1 51 1.000000
shoe
  51 2.485227 -5.218173 1.025093 -0.338820 -0.756929 -0.558801 0.821662 0.428798 1 51 1.000000
  51 2.758951 -5.305477 1.041094 -0.146868 -0.830953 -0.536607 0.829494 0.460150 1 51 1.000000
  51 2.465013 -5.276879 1.116315 -0.392696 -0.851433 -0.347637 0.811439 0.434182 1 51 1.000000
shoe
  51 1.974650 -4.854784 1.663327 -0.803653 -0.551605 0.223323 0.744795 0.408170 2 51 0.995561 50 0.004439
  51 1.920154 -4.812695 1.331666 -0.837353 -0.543865 -0.055229 0.762887 0.387168 2 51 0.971651 50 0.028349
  51 2.159232 -5.112024 1.357605 -0.672924 -0.739089 -0.030345 0.778713 0.415692 1 51 1.000000
shoe
  51 1.974650 -4.854784 1.663327 -0.803653 -0.551605 0.223323 0.744795 0.408170 2 51 0.995561 50 0.004439
  51 1.795809 -4.536894 1.649089 -0.885898 -0.393880 0.245037 0.727147 0.385588 2 51 0.850947 50 0.149053
  51 1.920154 -4.812695 1.331666 -0.837353 -0.543865 -0.055229 0.762887 0.387168 2 51 0.971651 50 0.028349
shoe
  51 2.758951 -5.305477 1.041094 -0.146868 -0.830953 -0.536607 0.829494 0.460150 1 51 1.000000
  51 2.753123 -5.378283 1.156625 -0.171634 -0.935014 -0.310308 0.815901 0.464292 1 51 1.000000
  51 2.465013 -5.276879 1.116315 -0.392696 -0.851433 -0.347637 0.811439 0.434182 1 51 1.000000
shoe
  51 2.758951 -5.305477 1.041094 -0.146868 -0.830953 -0.536607 0.829494 0.460150 1 51 1.000000
  51 3.059545 -5.338298 1.055732 0.000969 -0.849952 -0.526860 0.832910 0.494187 1 51 1.000000
  51 2.753123 -5.378283 1.156625 -0.171634 -0.935014 -0.310308 0.815901 0.464292 1 51 1.000000
shoe
  51 2.465013 -5.276879 1.116315 -0.392696 -0.851433 -0.347637 0.811439 0.434182 1 51 1.000000
  51 2.455886 -5.310071 1.394852 -0.430453 -0.902610 0.002295 0.787985 0.444150 1 51 1.000000
  51 2.159232 -5.112024 1.357605 -0.672924 -0.739089 -0.030345 0.778713 0.415692 1 51 1.000000
shoe
  51 2.465013 -5.276879 1.116315 -0.392696 -0.851433 -0.347637 0.811439 0.434182 1 51 1.000000
  51 2.753123 -5.378283 1.156625 -0.171634 -0.935014 -0.310308 0.815901 0.464292 1 51 1.000000
  51 2.455886 -5.310071 1.394852 -0.430453 -0.902610 0.002295 0.787985 0.444150 1 51 1.000000
shoe
  51 2.187898 -5.097860 1.667282 -0.647128 -0.730867 0.216931 0.757769 0.428806 1 51 1.000000
  51 1.974650 -4.854784 1.663327 -0.803653 -0.551605 0.223323 0.744795 0.408170 2 51 0.995561 50 0.004439
  51 2.159232 -5.112024 1.357605 -0.672924 -0.739089 -0.030345 0.778713 0.415692 1 51 1.000000
shoe
  51 2.159232 -5.112024 1.357605 -0.672924 -0.739089 -0.030345 0.778713 0.415692 1 51 1.000000
  51 2.455886 -5.310071 1.394852 -0.430453 -0.902610 0.002295 0.787985 0.444150 1 51 1.000000
  51 2.187898 -5.097860 1.667282 -0.647128 -0.730867 0.216931 0.757769 0.428806 1 51 1.000000
shoe
  51 1.983058 -4.598532 1.978233 -0.733743 -0.319665 0.599529 0.715030 0.413265 2 51 0.884058 50 0.115942
  51 1.795809 -4.536894 1.649089 -0.885898 -0.393880 0.245037 0.727147 0.385588 2 51 0.850947 50 0.149053
  51 1.974650 -4.854784 1.663327 -0.803653 -0.551605 0.223323 0.744795 0.408170 2 51 0.995561 50 0.004439
shoe
  51 2.753123 -5.378283 1.156625 -0.171634 -0.935014 -0.310308 0.815901 0.464292 1 51 1.000000
  51 2.743795 -5.402039 1.436360 -0.203158 -0.978737 0.028293 0.791097 0.469081 1 51 1.000000
  51 2.455886 -5.310071 1.394852 -0.430453 -0.902610 0.002295 0.787985 0.444150 1 51 1.000000
shoe
  51 2.132396 -4.873370 1.964047 -0.688406 -0.497942 0.527400 0.730917 0.429215 1 51 1.000000
  51 1.983058 -4.598532 1.978233 -0.733743 -0.319665 0.599529 0.715030 0.413265 2 51 0.884058 50 0.115942
  51 1.974650 -4.854784 1.663327 -0.803653 -0.551605 0.223323 0.744795 0.408170 2 51 0.995561 50 0.004439
shoe
  51 2.132396 -4.873370 1.964047 -0.688406 -0.497942 0.527400 0.730917 0.429215 1 51 1.000000
  51 1.974650 -4.854784 1.663327 -0.803653 -0.551605 0.223323 0.744795 0.408170 2 51 0.995561 50 0.004439
  51 2.187898 -5.097860 1.667282 -0.647128 -0.730867 0.216931 0.757769 0.428806 1 51 1.000000
shoe
  51 1.983058 -4.598532 1.978233 -0.733743 -0.319665 0.599529 0.715030 0.413265 2 51 0.884058 50 0.115942
  51 1.869807 -4.257690 1.977800 -0.726874 -0.204794 0.655526 0.693824 0.395274 2 51 0.729444 50 0.270556
  51 1.795809 -4.536894 1.649089 -0.885898 -0.393880 0.245037 0.727147 0.385588 2 51 0.850947 50 0.149053
shoe
  51 1.869807 -4.257690 1.977800 -0.726874 -0.204794 0.655526 0.693824 0.395274 2 51 0.729444 50 0.270556
  51 1.668264 -4.185820 1.659944 -0.912435 -0.279325 0.299065 0.704533 0.364901 2 51 0.691818 50 0.308182
  51 1.795809 -4.536894 1.649089 -0.885898 -0.393880 0.245037 0.727147 0.385588 2 51 0.850947 50 0.149053
shoe
  51 1.983058 -4.598532 1.978233 -0.733743 -0.319665 0.599529 0.715030 0.413265 2 51 0.884058 50 0.115942
  51 2.132396 -4.873370 1.964047 -0.688406 -0.497942 0.527400 0.730917 0.429215 1 51 1.000000
  51 2.251680 -4.642538 2.181510 -0.463414 -0.221146 0.858104 0.708867 0.437526 2 51 0.907643 50 0.092357
shoe
  51 1.668264 -4.185820 1.659944 -0.912435 -0.279325 0.299065 0.704533 0.364901 2 51 0.691818 50 0.308182
  51 1.869807 -4.257690 1.977800 -0.726874 -0.204794 0.655526 0.693824 0.395274 2 51 0.729444 50 0.270556
  51 1.804151 -3.904938 1.991712 -0.707731 -0.168166 0.686175 0.668889 0.378579 2 51 0.569779 50 0.430221
shoe
  51 1.576757 -3.813931 1.666808 -0.923417 -0.190332 0.333280 0.679401 0.343901 2 51 0.523317 50 0.476683
  51 1.668264 -4.185820 1.659944 -0.912435 -0.279325 0.299065 0.704533 0.364901 2 51 0.691818 50 0.308182
  51 1.804151 -3.904938 1.991712 -0.707731 -0.168166 0.686175 0.668889 0.378579 2 51 0.569779 50 0.430221
shoe
  51 2.196955 -4.303419 2.196860 -0.432927 -0.103610 0.895455 0.685736 0.426490 2 51 0.754201 50 0.245799
  51 1.869807 -4.257690 1.977800 -0.726874 -0.204794 0.655526 0.693824 0.395274 2 51 0.729444 50 0.270556
  51 1.983058 -4.598532 1.978233 -0.733743 -0.319665 0.599529 0.715030 0.413265 2 51 0.884058 50 0.115942
shoe
  51 2.251680 -4.642538 2.181510 -0.463414 -0.221146 0.858104 0.708867 0.437526 2 51 0.907643 50 0.092357
  51 2.196955 -4.303419 2.196860 -0.432927 -0.103610 0.895455 0.685736 0.426490 2 51 0.754201 50 0.245799
  51 1.983058 -4.598532 1.978233 -0.733743 -0.319665 0.599529 0.715030 0.413265 2 51 0.884058 50 0.115942
shoe
  51 1.804151 -3.904938 1.991712 -0.707731 -0.168166 0.686175 0.668889 0.378579 2 51 0.569779 50 0.430221
  51 1.869807 -4.257690 1.977800 -0.726874 -0.204794 0.655526 0.693824 0.395274 2 51 0.729444 50 0.270556
  51 2.155867 -3.967719 2.206702 -0.415236 -0.130033 0.900373 0.660299 0.414632 2 51 0.602270 50 0.397730
shoe
  51 1.869807 -4.257690 1.977800 -0.726874 -0.204794 0.655526 0.693824 0.395274 2 51 0.729444 50 0.270556
  51 2.196955 -4.303419 2.196860 -0.432927 -0.103610 0.895455 0.685736 0.426490 2 51 0.754201 50 0.245799
  51 2.155867 -3.967719 2.206702 -0.415236 -0.130033 0.900373 0.660299 0.414632 2 51 0.602270 50 0.397730
shoe
  51 1.576757 -3.813931 1.666808 -0.923417 -0.190332 0.333280 0.679401 0.343901 2 51 0.523317 50 0.476683
  51 1.804151 -3.904938 1.991712 -0.707731 -0.168166 0.686175 0.668889 0.378579 2 51 0.569779 50 0.430221
  50 1.746502 -3.546361 2.011849 -0.740258 -0.170957 0.650224 0.642033 0.360480 2 50 0.592410 51 0.407590
shoe
  50 1.521726 -3.424816 1.673317 -0.933404 -0.119134 0.338472 0.652198 0.322241 2 50 0.652880 51 0.347120
  51 1.576757 -3.813931 1.666808 -0.923417 -0.190332 0.333280 0.679401 0.343901 2 51 0.523317 50 0.476683
  50 1.746502 -3.546361 2.011849 -0.740258 -0.170957 0.650224 0.642033 0.360480 2 50 0.592410 51 0.407590
shoe
  50 1.746502 -3.546361 2.011849 -0.740258 -0.170957 0.650224 0.642033 0.360480 2 50 0.592410 51 0.407590
  50 1.684697 -3.149112 2.027911 -0.822075 -0.158911 0.546754 0.612974 0.337259 2 50 0.772173 51 0.227827
  50 1.521726 -3.424816 1.673317 -0.933404 -0.119134 0.338472 0.652198 0.322241 2 50 0.652880 51 0.347120
shoe
  50 2.098002 -3.631151 2.243351 -0.436884 -0.231843 0.869127 0.632561 0.400312 2 50 0.549723 51 0.450277
  50 1.746502 -3.546361 2.011849 -0.740258 -0.170957 0.650224 0.642033 0.360480 2 50 0.592410 51 0.407590
  51 1.804151 -3.904938 1.991712 -0.707731 -0.168166 0.686175 0.668889 0.378579 2 51 0.569779 50 0.430221
shoe
  51 2.155867 -3.967719 2.206702 -0.415236 -0.130033 0.900373 0.660299 0.414632 2 51 0.602270 50 0.397730
  50 2.098002 -3.631151 2.243351 -0.436884 -0.231843 0.869127 0.632561 0.400312 2 50 0.549723 51 0.450277
  51 1.804151 -3.904938 1.991712 -0.707731 -0.168166 0.686175 0.668889 0.378579 2 51 0.569779 50 0.430221
shoe
  50 1.977958 -3.301311 2.293931 -0.548221 -0.305682 0.778467 0.605341 0.379416 2 50 0.698656 51 0.301344
  50 1.684697 -3.149112 2.027911 -0.822075 -0.158911 0.546754 0.612974 0.337259 2 50 0.772173 51 0.227827
  50 1.746502 -3.546361 2.011849 -0.740258 -0.170957 0.650224 0.642033 0.360480 2 50 0.592410 51 0.407590
shoe
  50 2.098002 -3.631151 2.243351 -0.436884 -0.231843 0.869127 0.632561 0.400312 2 50 0.549723 51 0.450277
  50 1.977958 -3.301311 2.293931 -0.548221 -0.305682 0.778467 0.605341 0.379416 2 50 0.698656 51 0.301344
  50 1.746502 -3.546361 2.011849 -0.740258 -0.170957 0.650224 0.642033 0.360480 2 50 0.592410 51 0.407590
shoe
  50 1.764928 -2.848207 2.258699 -0.840590 -0.227674 0.491502 0.579114 0.337355 2 50 0.904870 51 0.095130
  50 1.684697 -3.149112 2.027911 -0.822075 -0.158911 0.546754 0.612974 0.337259 2 50 0.772173 51 0.227827
  50 1.977958 -3.301311 2.293931 -0.548221 -0.305682 0.778467 0.605341 0.379416 2 50 0.698656 51 0.301344
shoe
  50 1.855278 -2.884752 2.391215 -0.791347 -0.308750 0.527676 0.573622 0.351909 2 50 0.886186 51 0.113814
  50 1.764928 -2.848207 2.258699 -0.840590 -0.227674 0.491502 0.579114 0.337355 2 50 0.904870 51 0.095130
  50 1.977958 -3.301311 2.293931 -0.548221 -0.305682 0.778467 0.605341 0.379416 2 50 0.698656 51 0.301344
shoe
  50 2.068550 -3.171326 2.397125 -0.411199 -0.358325 0.838164 0.587545 0.385854 2 50 0.755765 51 0.244235
  50 1.855278 -2.884752 2.391215 -0.791347 -0.308750 0.527676 0.573622 0.351909 2 50 0.886186 51 0.113814
  50 1.977958 -3.301311 2.293931 -0.548221 -0.305682 0.778467 0.605341 0.379416 2 50 0.698656 51 0.301344
shoe
  50 2.068550 -3.171326 2.397125 -0.411199 -0.358325 0.838164 0.587545 0.385854 2 50 0.755765 51 0.244235
  50 1.977958 -3.301311 2.293931 -0.548221 -0.305682 0.778467 0.605341 0.379416 2 50 0.698656 51 0.301344
  50 2.496680 -3.474422 2.438958 -0.187030 -0.293520 0.937479 0.603772 0.436827 2 50 0.616728 51 0.383272
shoe
  50 2.496680 -3.474422 2.438958 -0.187030 -0.293520 0.937479 0.603772 0.436827 2 50 0.616728 51 0.383272
  50 1.977958 -3.301311 2.293931 -0.548221 -0.305682 0.778467 0.605341 0.379416 2 50 0.698656 51 0.301344
  50 2.098002 -3.631151 2.243351 -0.436884 -0.231843 0.869127 0.632561 0.400312 2 50 0.549723 51 0.450277
shoe
  50 2.500675 -3.347880 2.473233 -0.162730 -0.253167 0.953638 0.590092 0.434346 2 50 0.673509 51 0.326491
  50 2.068550 -3.171326 2.397125 -0.411199 -0.358325 0.838164 0.587545 0.385854 2 50 0.755765 51 0.244235
  50 2.496680 -3.474422 2.438958 -0.187030 -0.293520 0.937479 0.603772 0.436827 2 50 0.616728 51 0.383272
shoe
  50 2.946540 -3.371723 2.484755 0.032351 -0.202378 0.978773 0.588483 0.483744 2 50 0.661251 51 0.338749
  50 2.500675 -3.347880 2.473233 -0.162730 -0.253167 0.953638 0.590092 0.434346 2 50 0.673509 51 0.326491
  50 2.496680 -3.474422 2.438958 -0.187030 -0.293520 0.937479 0.603772 0.436827 2 50 0.616728 51 0.383272
shoe
  50 2.529109 -3.710930 2.360978 -0.182106 -0.240023 0.953533 0.628020 0.444208 2 50 0.510686 51 0.489314
  50 2.496680 -3.474422 2.438958 -0.187030 -0.293520 0.937479 0.603772 0.436827 2 50 0.616728 51 0.383272
  50 2.098002 -3.631151 2.243351 -0.436884 -0.231843 0.869127 0.632561 0.400312 2 50 0.549723 51 0.450277
shoe
  50 2.529109 -3.710930 2.360978 -0.182106 -0.240023 0.953533 0.628020 0.444208 2 50 0.510686 51 0.489314
  50 2.098002 -3.631151 2.243351 -0.436884 -0.231843 0.869127 0.632561 0.400312 2 50 0.549723 51 0.450277
  51 2.155867 -3.967719 2.206702 -0.415236 -0.130033 0.900373 0.660299 0.414632 2 51 0.602270 50 0.397730
shoe
  50 2.955055 -3.517039 2.455691 0.028740 -0.249227 0.968019 0.603924 0.485534 2 50 0.595862 51 0.404138
  50 2.946540 -3.371723 2.484755 0.032351 -0.202378 0.978773 0.588483 0.483744 2 50 0.661251 51 0.338749
  50 2.496680 -3.474422 2.438958 -0.187030 -0.293520 0.937479 0.603772 0.436827 2 50 0.616728 51 0.383272
shoe
  50 2.955055 -3.517039 2.455691 0.028740 -0.249227 0.968019 0.603924 0.485534 2 50 0.595862 51 0.404138
  50 2.496680 -3.474422 2.438958 -0.187030 -0.293520 0.937479 0.603772 0.436827 2 50 0.616728 51 0.383272
  50 2.529109 -3.710930 2.360978 -0.182106 -0.240023 0.953533 0.628020 0.444208 2 50 0.510686 51 0.489314
shoe
  51 2.564663 -4.006584 2.319280 -0.171395 -0.103585 0.979742 0.654607 0.452249 2 51 0.622652 50 0.377348
  50 2.529109 -3.710930 2.360978 -0.182106 -0.240023 0.953533 0.628020 0.444208 2 50 0.510686 51 0.489314
  51 2.155867 -3.967719 2.206702 -0.415236 -0.130033 0.900373 0.660299 0.414632 2 51 0.602270 50 0.397730
shoe
  51 2.155867 -3.967719 2.206702 -0.415236 -0.130033 0.900373 0.660299 0.414632 2 51 0.602270 50 0.397730
  51 2.196955 -4.303419 2.196860 -0.432927 -0.103610 0.895455 0.685736 0.426490 2 51 0.754201 50 0.245799
  51 2.564663 -4.006584 2.319280 -0.171395 -0.103585 0.979742 0.654607 0.452249 2 51 0.622652 50 0.377348
shoe
  50 2.969324 -3.726344 2.389528 0.017226 -0.219702 0.975415 0.625575 0.487934 2 50 0.502018 51 0.497982
  50 2.955055 -3.517039 2.455691 0.028740 -0.249227 0.968019 0.603924 0.485534 2 50 0.595862 51 0.404138
  50 2.529109 -3.710930 2.360978 -0.182106 -0.240023 0.953533 0.628020 0.444208 2 50 0.510686 51 0.489314
shoe
  50 2.969324 -3.726344 2.389528 0.017226 -0.219702 0.975415 0.625575 0.487934 2 50 0.502018 51 0.497982
  50 2.529109 -3.710930 2.360978 -0.182106 -0.240023 0.953533 0.628020 0.444208 2 50 0.510686 51 0.489314
  51 2.564663 -4.006584 2.319280 -0.171395 -0.103585 0.979742 0.654607 0.452249 2 51 0.622652 50 0.377348
shoe
  50 2.946540 -3.371723 2.484755 0.032351 -0.202378 0.978773 0.588483 0.483744 2 50 0.661251 51 0.338749
  50 2.955055 -3.517039 2.455691 0.028740 -0.249227 0.968019 0.603924 0.485534 2 50 0.595862 51 0.404138
  50 3.398058 -3.459155 2.411525 0.189160 -0.229417 0.954770 0.601756 0.534504 2 50 0.621395 51 0.378605
shoe
  50 3.390718 -3.327494 2.442013 0.191119 -0.222341 0.956053 0.587809 0.536021 2 50 0.680579 51 0.319421
  50 2.946540 -3.371723 2.484755 0.032351 -0.202378 0.978773 0.588483 0.483744 2 50 0.661251 51 0.338749
  50 3.398058 -3.459155 2.411525 0.189160 -0.229417 0.954770 0.601756 0.534504 2 50 0.621395 51 0.378605
shoe
  50 2.969324 -3.726344 2.389528 0.017226 -0.219702 0.975415 0.625575 0.487934 2 50 0.502018 51 0.497982
  50 3.400683 -3.676047 2.352725 0.170078 -0.187104 0.967505 0.623731 0.531908 2 50 0.524047 51 0.475953
  50 2.955055 -3.517039 2.455691 0.028740 -0.249227 0.968019 0.603924 0.485534 2 50 0.595862 51 0.404138
shoe
  50 3.400683 -3.676047 2.352725 0.170078 -0.187104 0.967505 0.623731 0.531908 2 50 0.524047 51 0.475953
  50 3.398058 -3.459155 2.411525 0.189160 -0.229417 0.954770 0.601756 0.534504 2 50 0.621395 51 0.378605
  50 2.955055 -3.517039 2.455691 0.028740 -0.249227 0.968019 0.603924 0.485534 2 50 0.595862 51 0.404138
shoe
  50 3.390718 -3.327494 2.442013 0.191119 -0.222341 0.956053 0.587809 0.536021 2 50 0.680579 51 0.319421
  50 3.398058 -3.459155 2.411525 0.189160 -0.229417 0.954770 0.601756 0.534504 2 50 0.621395 51 0.378605
  50 3.831843 -3.316508 2.324230 0.321010 -0.251089 0.913185 0.598211 0.583624 2 50 0.685932 51 0.314068
shoe
  50 3.826313 -3.189331 2.371406 0.354093 -0.307316 0.883275 0.584367 0.586457 2 50 0.742846 51 0.257154
  50 3.390718 -3.327494 2.442013 0.191119 -0.222341 0.956053 0.587809 0.536021 2 50 0.680579 51 0.319421
  50 3.831843 -3.316508 2.324230 0.321010 -0.251089 0.913185 0.598211 0.583624 2 50 0.685932 51 0.314068
shoe
  50 3.400683 -3.676047 2.352725 0.170078 -0.187104 0.967505 0.623731 0.531908 2 50 0.524047 51 0.475953
  50 3.825562 -3.565375 2.270324 0.287587 -0.155162 0.945102 0.622361 0.576368 2 50 0.574067 51 0.425933
  50 3.398058 -3.459155 2.411525 0.189160 -0.229417 0.954770 0.601756 0.534504 2 50 0.621395 51 0.378605
shoe
  50 3.825562 -3.565375 2.270324 0.287587 -0.155162 0.945102 0.622361 0.576368 2 50 0.574067 51 0.425933
  50 3.831843 -3.316508 2.324230 0.321010 -0.251089 0.913185 0.598211 0.583624 2 50 0.685932 51 0.314068
  50 3.398058 -3.459155 2.411525 0.189160 -0.229417 0.954770 0.601756 0.534504 2 50 0.621395 51 0.378605
shoe
  50 3.826313 -3.189331 2.371406 0.354093 -0.307316 0.883275 0.584367 0.586457 2 50 0.742846 51 0.257154
  50 3.831843 -3.316508 2.324230 0.321010 -0.251089 0.913185 0.598211 0.583624 2 50 0.685932 51 0.314068
  50 4.245116 -3.030620 2.220960 0.455242 -0.232632 0.859440 0.590655 0.636989 2 50 0.815593 51 0.184407
shoe
  50 4.145356 -2.923241 2.299730 0.411652 -0.258613 0.873877 0.576753 0.631733 2 50 0.863371 51 0.136629
  50 3.826313 -3.189331 2.371406 0.354093 -0.307316 0.883275 0.584367 0.586457 2 50 0.742846 51 0.257154
  50 4.245116 -3.030620 2.220960 0.455242 -0.232632 0.859440 0.590655 0.636989 2 50 0.815593 51 0.184407
shoe
  50 4.145356 -2.923241 2.299730 0.411652 -0.258613 0.873877 0.576753 0.631733 2 50 0.863371 51 0.136629
  50 4.245116 -3.030620 2.220960 0.455242 -0.232632 0.859440 0.590655 0.636989 2 50 0.815593 51 0.184407
  50 4.365519 -2.571967 2.300095 0.433088 -0.279141 0.857039 0.555535 0.668174 1 50 1.000000
shoe
  50 4.246682 -3.405303 2.141885 0.428228 -0.143345 0.892229 0.623163 0.622465 2 50 0.647112 51 0.352888
  50 3.831843 -3.316508 2.324230 0.321010 -0.251089 0.913185 0.598211 0.583624 2 50 0.685932 51 0.314068
  50 3.825562 -3.565375 2.270324 0.287587 -0.155162 0.945102 0.622361 0.576368 2 50 0.574067 51 0.425933
shoe
  50 3.831843 -3.316508 2.324230 0.321010 -0.251089 0.913185 0.598211 0.583624 2 50 0.685932 51 0.314068
  50 4.246682 -3.405303 2.141885 0.428228 -0.143345 0.892229 0.623163 0.622465 2 50 0.647112 51 0.352888
  50 4.245116 -3.030620 2.220960 0.455242 -0.232632 0.859440 0.590655 0.636989 2 50 0.815593 51 0.184407
shoe
  50 4.245116 -3.030620 2.220960 0.455242 -0.232632 0.859440 0.590655 0.636989 2 50 0.815593 51 0.184407
  50 4.506330 -2.598389 2.219705 0.580248 -0.266025 0.769768 0.564362 0.679592 1 50 1.000000
  50 4.365519 -2.571967 2.300095 0.433088 -0.279141 0.857039 0.555535 0.668174 1 50 1.000000
shoe
  50 4.365519 -2.571967 2.300095 0.433088 -0.279141 0.857039 0.555535 0.668174 1 50 1.000000
  50 4.506330 -2.598389 2.219705 0.580248 -0.266025 0.769768 0.564362 0.679592 1 50 1.000000
  50 4.473090 -2.171555 2.385956 0.584070 -0.305302 0.752099 0.526359 0.694801 1 50 1.000000
shoe
  50 4.245116 -3.030620 2.220960 0.455242 -0.232632 0.859440 0.590655 0.636989 2 50 0.815593 51 0.184407
  50 4.246682 -3.405303 2.141885 0.428228 -0.143345 0.892229 0.623163 0.622465 2 50 0.647112 51 0.352888
  50 4.625188 -3.267634 1.941767 0.659707 -0.140312 0.738308 0.628915 0.664718 2 50 0.711157 51 0.288843
shoe
  50 4.506330 -2.598389 2.219705 0.580248 -0.266025 0.769768 0.564362 0.679592 1 50 1.000000
  50 4.618014 -2.141591 2.280246 0.729923 -0.249200 0.636484 0.531720 0.709067 1 50 1.000000
  50 4.473090 -2.171555 2.385956 0.584070 -0.305302 0.752099 0.526359 0.694801 1 50 1.000000
shoe
  50 4.473090 -2.171555 2.385956 0.584070 -0.305302 0.752099 0.526359 0.694801 1 50 1.000000
  50 4.618014 -2.141591 2.280246 0.729923 -0.249200 0.636484 0.531720 0.709067 1 50 1.000000
  50 4.522292 -1.797784 2.532071 0.721157 -0.305938 0.621558 0.495465 0.710689 1 50 1.000000
shoe
  50 4.245116 -3.030620 2.220960 0.455242 -0.232632 0.859440 0.590655 0.636989 2 50 0.815593 51 0.184407
  50 4.675209 -2.874969 1.976623 0.705289 -0.181464 0.685302 0.599121 0.686182 2 50 0.888252 51 0.111748
  50 4.506330 -2.598389 2.219705 0.580248 -0.266025 0.769768 0.564362 0.679592 1 50 1.000000
shoe
  50 4.675209 -2.874969 1.976623 0.705289 -0.181464 0.685302 0.599121 0.686182 2 50 0.888252 51 0.111748
  50 4.245116 -3.030620 2.220960 0.455242 -0.232632 0.859440 0.590655 0.636989 2 50 0.815593 51 0.184407
  50 4.625188 -3.267634 1.941767 0.659707 -0.140312 0.738308 0.628915 0.664718 2 50 0.711157 51 0.288843
shoe
  50 4.618014 -2.141591 2.280246 0.729923 -0.249200 0.636484 0.531720 0.709067 1 50 1.000000
  50 4.506330 -2.598389 2.219705 0.580248 -0.266025 0.769768 0.564362 0.679592 1 50 1.000000
  50 4.746215 -2.457568 1.999693 0.802731 -0.167073 0.572459 0.569244 0.712031 1 50 1.000000
shoe
  50 4.675209 -2.874969 1.976623 0.705289 -0.181464 0.685302 0.599121 0.686182 2 50 0.888252 51 0.111748
  50 4.746215 -2.457568 1.999693 0.802731 -0.167073 0.572459 0.569244 0.712031 1 50 1.000000
  50 4.506330 -2.598389 2.219705 0.580248 -0.266025 0.769768 0.564362 0.679592 1 50 1.000000
shoe
  50 4.618014 -2.141591 2.280246 0.729923 -0.249200 0.636484 0.531720 0.709067 1 50 1.000000
  50 4.650573 -1.750464 2.398889 0.826900 -0.221379 0.516941 0.499867 0.725397 1 50 1.000000
  50 4.522292 -1.797784 2.532071 0.721157 -0.305938 0.621558 0.495465 0.710689 1 50 1.000000
shoe
  50 4.522292 -1.797784 2.532071 0.721157 -0.305938 0.621558 0.495465 0.710689 1 50 1.000000
  50 4.650573 -1.750464 2.398889 0.826900 -0.221379 0.516941 0.499867 0.725397 1 50 1.000000
  50 4.547579 -1.387488 2.730653 0.817427 -0.240248 0.523540 0.458145 0.719923 1 50 1.000000
shoe
  50 4.781389 -2.032856 2.060527 0.878341 -0.121449 0.462350 0.537190 0.734366 1 50 1.000000
  50 4.618014 -2.141591 2.280246 0.729923 -0.249200 0.636484 0.531720 0.709067 1 50 1.000000
  50 4.746215 -2.457568 1.999693 0.802731 -0.167073 0.572459 0.569244 0.712031 1 50 1.000000
shoe
  50 4.650573 -1.750464 2.398889 0.826900 -0.221379 0.516941 0.499867 0.725397 1 50 1.000000
  50 4.618014 -2.141591 2.280246 0.729923 -0.249200 0.636484 0.531720 0.709067 1 50 1.000000
  50 4.781389 -2.032856 2.060527 0.878341 -0.121449 0.462350 0.537190 0.734366 1 50 1.000000
shoe
  50 4.650573 -1.750464 2.398889 0.826900 -0.221379 0.516941 0.499867 0.725397 1 50 1.000000
  50 4.653952 -1.296028 2.599825 0.899375 -0.128754 0.417787 0.459119 0.735880 1 50 1.000000
  50 4.547579 -1.387488 2.730653 0.817427 -0.240248 0.523540 0.458145 0.719923 1 50 1.000000
shoe
  50 4.547579 -1.387488 2.730653 0.817427 -0.240248 0.523540 0.458145 0.719923 1 50 1.000000
  50 4.653952 -1.296028 2.599825 0.899375 -0.128754 0.417787 0.459119 0.735880 1 50 1.000000
  50 4.516429 -0.951781 2.969253 0.918858 -0.082390 0.385891 0.418061 0.723509 1 50 1.000000
shoe
  50 4.781053 -1.595038 2.173492 0.930562 -0.079041 0.357499 0.501339 0.751506 1 50 1.000000
  50 4.650573 -1.750464 2.398889 0.826900 -0.221379 0.516941 0.499867 0.725397 1 50 1.000000
  50 4.781389 -2.032856 2.060527 0.878341 -0.121449 0.462350 0.537190 0.734366 1 50 1.000000
shoe
  50 4.653952 -1.296028 2.599825 0.899375 -0.128754 0.417787 0.459119 0.735880 1 50 1.000000
  50 4.650573 -1.750464 2.398889 0.826900 -0.221379 0.516941 0.499867 0.725397 1 50 1.000000
  50 4.781053 -1.595038 2.173492 0.930562 -0.079041 0.357499 0.501339 0.751506 1 50 1.000000
shoe
  50 4.781389 -2.032856 2.060527 0.878341 -0.121449 0.462350 0.537190 0.734366 1 50 1.000000
  50 4.746215 -2.457568 1.999693 0.802731 -0.167073 0.572459 0.569244 0.712031 1 50 1.000000
  50 4.947830 -2.301056 1.691099 0.946462 -0.038567 0.320501 0.576010 0.747788 1 50 1.000000
shoe
  50 4.653952 -1.296028 2.599825 0.899375 -0.128754 0.417787 0.459119 0.735880 1 50 1.000000
  50 4.587139 -0.864595 2.810844 0.938411 -0.039337 0.343274 0.419506 0.740299 1 50 1.000000
  50 4.516429 -0.951781 2.969253 0.918858 -0.082390 0.385891 0.418061 0.723509 1 50 1.000000
shoe
  50 4.781053 -1.595038 2.173492 0.930562 -0.079041 0.357499 0.501339 0.751506 1 50 1.000000
  50 4.781389 -2.032856 2.060527 0.878341 -0.121449 0.462350 0.537190 0.734366 1 50 1.000000
  50 4.918797 -1.876523 1.759406 0.969133 0.020287 0.245702 0.542624 0.766728 1 50 1.000000
shoe
  50 4.918797 -1.876523 1.759406 0.969133 0.020287 0.245702 0.542624 0.766728 1 50 1.000000
  50 4.781389 -2.032856 2.060527 0.878341 -0.121449 0.462350 0.537190 0.734366 1 50 1.000000
  50 4.947830 -2.301056 1.691099 0.946462 -0.038567 0.320501 0.576010 0.747788 1 50 1.000000
shoe
  50 4.744493 -1.134917 2.345562 0.958965 0.004548 0.283489 0.460601 0.762995 1 50 1.000000
  50 4.653952 -1.296028 2.599825 0.899375 -0.128754 0.417787 0.459119 0.735880 1 50 1.000000
  50 4.781053 -1.595038 2.173492 0.930562 -0.079041 0.357499 0.501339 0.751506 1 50 1.000000
shoe
  50 4.587139 -0.864595 2.810844 0.938411 -0.039337 0.343274 0.419506 0.740299 1 50 1.000000
  50 4.653952 -1.296028 2.599825 0.899375 -0.128754 0.417787 0.459119 0.735880 1 50 1.000000
  50 4.744493 -1.134917 2.345562 0.958965 0.004548 0.283489 0.460601 0.762995 1 50 1.000000
shoe
  50 4.877271 -1.440886 1.880217 0.982500 0.063025 0.175275 0.505679 0.781907 1 50 1.000000
  50 4.781053 -1.595038 2.173492 0.930562 -0.079041 0.357499 0.501339 0.751506 1 50 1.000000
  50 4.918797 -1.876523 1.759406 0.969133 0.020287 0.245702 0.542624 0.766728 1 50 1.000000
shoe
  50 4.781053 -1.595038 2.173492 0.930562 -0.079041 0.357499 0.501339 0.751506 1 50 1.000000
  50 4.877271 -1.440886 1.880217 0.982500 0.063025 0.175275 0.505679 0.781907 1 50 1.000000
  50 4.744493 -1.134917 2.345562 0.958965 0.004548 0.283489 0.460601 0.762995 1 50 1.000000
shoe
  50 4.587139 -0.864595 2.810844 0.938411 -0.039337 0.343274 0.419506 0.740299 1 50 1.000000
  50 4.512991 -0.352066 3.106965 0.960171 -0.028370 0.277970 0.371135 0.741653 1 50 1.000000
  50 4.516429 -0.951781 2.969253 0.918858 -0.082390 0.385891 0.418061 0.723509 1 50 1.000000
shoe
  50 4.512991 -0.352066 3.106965 0.960171 -0.028370 0.277970 0.371135 0.741653 1 50 1.000000
  50 4.455430 -0.450162 3.274661 0.956589 -0.057977 0.285615 0.371025 0.724465 1 50 1.000000
  50 4.516429 -0.951781 2.969253 0.918858 -0.082390 0.385891 0.418061 0.723509 1 50 1.000000
shoe
  50 4.679132 -0.680440 2.534438 0.966973 0.037088 0.252167 0.419173 0.770570 1 50 1.000000
  50 4.587139 -0.864595 2.810844 0.938411 -0.039337 0.343274 0.419506 0.740299 1 50 1.000000
  50 4.744493 -1.134917 2.345562 0.958965 0.004548 0.283489 0.460601 0.762995 1 50 1.000000
shoe
  50 4.587139 -0.864595 2.810844 0.938411 -0.039337 0.343274 0.419506 0.740299 1 50 1.000000
  50 4.679132 -0.680440 2.534438 0.966973 0.037088 0.252167 0.419173 0.770570 1 50 1.000000
  50 4.512991 -0.352066 3.106965 0.960171 -0.028370 0.277970 0.371135 0.741653 1 50 1.000000
shoe
  50 4.877271 -1.440886 1.880217 0.982500 0.063025 0.175275 0.505679 0.781907 1 50 1.000000
  50 4.811726 -0.990824 2.041648 0.985339 0.133731 0.105939 0.465019 0.793173 1 50 1.000000
  50 4.744493 -1.134917 2.345562 0.958965 0.004548 0.283489 0.460601 0.762995 1 50 1.000000
shoe
  50 4.679132 -0.680440 2.534438 0.966973 0.037088 0.252167 0.419173 0.770570 1 50 1.000000
  50 4.744493 -1.134917 2.345562 0.958965 0.004548 0.283489 0.460601 0.762995 1 50 1.000000
  50 4.811726 -0.990824 2.041648 0.985339 0.133731 0.105939 0.465019 0.793173 1 50 1.000000
shoe
  50 4.512991 -0.352066 3.106965 0.960171 -0.028370 0.277970 0.371135 0.741653 1 50 1.000000
  50 4.439447 0.205940 3.457565 0.976453 -0.019129 0.214878 0.318773 0.738190 1 50 1.000000
  50 4.455430 -0.450162 3.274661 0.956589 -0.057977 0.285615 0.371025 0.724465 1 50 1.000000
shoe
  50 4.439447 0.205940 3.457565 0.976453 -0.019129 0.214878 0.318773 0.738190 1 50 1.000000
  50 4.393584 0.109352 3.641181 0.974703 -0.031777 0.221233 0.319297 0.720333 1 50 1.000000
  50 4.455430 -0.450162 3.274661 0.956589 -0.057977 0.285615 0.371025 0.724465 1 50 1.000000
shoe
  50 4.679132 -0.680440 2.534438 0.966973 0.037088 0.252167 0.419173 0.770570 1 50 1.000000
  50 4.593193 -0.171143 2.800100 0.977192 0.044086 0.207732 0.370744 0.773429 1 50 1.000000
  50 4.512991 -0.352066 3.106965 0.960171 -0.028370 0.277970 0.371135 0.741653 1 50 1.000000
shoe
  50 4.393584 0.109352 3.641181 0.974703 -0.031777 0.221233 0.319297 0.720333 1 50 1.000000
  50 4.439447 0.205940 3.457565 0.976453 -0.019129 0.214878 0.318773 0.738190 1 50 1.000000
  50 4.372497 0.759489 3.811805 0.980421 -0.020195 0.195875 0.267108 0.729985 1 50 1.000000
shoe
  50 4.333411 0.665350 4.011130 0.981301 -0.013588 0.191996 0.268219 0.709917 1 50 1.000000
  50 4.393584 0.109352 3.641181 0.974703 -0.031777 0.221233 0.319297 0.720333 1 50 1.000000
  50 4.372497 0.759489 3.811805 0.980421 -0.020195 0.195875 0.267108 0.729985 1 50 1.000000
shoe
  50 4.439447 0.205940 3.457565 0.976453 -0.019129 0.214878 0.318773 0.738190 1 50 1.000000
  50 4.512991 -0.352066 3.106965 0.960171 -0.028370 0.277970 0.371135 0.741653 1 50 1.000000
  50 4.513910 0.375011 3.088914 0.984622 0.021535 0.173366 0.319315 0.773965 1 50 1.000000
shoe
  50 4.512991 -0.352066 3.106965 0.960171 -0.028370 0.277970 0.371135 0.741653 1 50 1.000000
  50 4.593193 -0.171143 2.800100 0.977192 0.044086 0.207732 0.370744 0.773429 1 50 1.000000
  50 4.513910 0.375011 3.088914 0.984622 0.021535 0.173366 0.319315 0.773965 1 50 1.000000
shoe
  50 4.372497 0.759489 3.811805 0.980421 -0.020195 0.195875 0.267108 0.729985 1 50 1.000000
  50 4.439447 0.205940 3.457565 0.976453 -0.019129 0.214878 0.318773 0.738190 1 50 1.000000
  50 4.467164 0.958374 3.349043 0.989109 -0.003099 0.147152 0.266441 0.776151 1 50 1.000000
shoe
  50 4.439447 0.205940 3.457565 0.976453 -0.019129 0.214878 0.318773 0.738190 1 50 1.000000
  50 4.513910 0.375011 3.088914 0.984622 0.021535 0.173366 0.319315 0.773965 1 50 1.000000
  50 4.467164 0.958374 3.349043 0.989109 -0.003099 0.147152 0.266441 0.776151 1 50 1.000000
shoe
  50 4.295422 1.370226 4.239233 0.969447 0.006224 0.245221 0.207526 0.716510 1 50 1.000000
  50 4.333411 0.665350 4.011130 0.981301 -0.013588 0.191996 0.268219 0.709917 1 50 1.000000
  50 4.372497 0.759489 3.811805 0.980421 -0.020195 0.195875 0.267108 0.729985 1 50 1.000000
shoe
  50 4.240561 1.283507 4.452870 0.968008 0.024705 0.249698 0.206908 0.694514 1 50 1.000000
  50 4.333411 0.665350 4.011130 0.981301 -0.013588 0.191996 0.268219 0.709917 1 50 1.000000
  50 4.295422 1.370226 4.239233 0.969447 0.006224 0.245221 0.207526 0.716510 1 50 1.000000
shoe
  50 4.372497 0.759489 3.811805 0.980421 -0.020195 0.195875 0.267108 0.729985 1 50 1.000000
  50 4.467164 0.958374 3.349043 0.989109 -0.003099 0.147152 0.266441 0.776151 1 50 1.000000
  50 4.444303 1.575915 3.634568 0.987999 0.021972 0.152887 0.211395 0.776614 1 50 1.000000
shoe
  50 4.153964 1.912250 4.632115 0.943578 0.138903 0.300611 0.153974 0.702294 1 50 1.000000
  50 4.240561 1.283507 4.452870 0.968008 0.024705 0.249698 0.206908 0.694514 1 50 1.000000
  50 4.295422 1.370226 4.239233 0.969447 0.006224 0.245221 0.207526 0.716510 1 50 1.000000
shoe
  50 4.240561 1.283507 4.452870 0.968008 0.024705 0.249698 0.206908 0.694514 1 50 1.000000
  50 4.153964 1.912250 4.632115 0.943578 0.138903 0.300611 0.153974 0.702294 1 50 1.000000
  50 4.111065 1.826473 4.867442 0.943419 0.199421 0.264939 0.151138 0.678339 1 50 1.000000
shoe
  50 4.341335 1.439593 4.043703 0.971883 -0.003897 0.235431 0.208671 0.736023 1 50 1.000000
  50 4.295422 1.370226 4.239233 0.969447 0.006224 0.245221 0.207526 0.716510 1 50 1.000000
  50 4.372497 0.759489 3.811805 0.980421 -0.020195 0.195875 0.267108 0.729985 1 50 1.000000
shoe
  50 4.341335 1.439593 4.043703 0.971883 -0.003897 0.235431 0.208671 0.736023 1 50 1.000000
  50 4.372497 0.759489 3.811805 0.980421 -0.020195 0.195875 0.267108 0.729985 1 50 1.000000
  50 4.444303 1.575915 3.634568 0.987999 0.021972 0.152887 0.211395 0.776614 1 50 1.000000
shoe
  50 4.253002 2.034415 4.334659 0.941795 0.124567 0.312257 0.156352 0.733597 1 50 1.000000
  50 4.295422 1.370226 4.239233 0.969447 0.006224 0.245221 0.207526 0.716510 1 50 1.000000
  50 4.341335 1.439593 4.043703 0.971883 -0.003897 0.235431 0.208671 0.736023 1 50 1.000000
shoe
  50 4.253002 2.034415 4.334659 0.941795 0.124567 0.312257 0.156352 0.733597 1 50 1.000000
  50 4.153964 1.912250 4.632115 0.943578 0.138903 0.300611 0.153974 0.702294 1 50 1.000000
  50 4.295422 1.370226 4.239233 0.969447 0.006224 0.245221 0.207526 0.716510 1 50 1.000000
shoe
  50 4.341335 1.439593 4.043703 0.971883 -0.003897 0.235431 0.208671 0.736023 1 50 1.000000
  50 4.444303 1.575915 3.634568 0.987999 0.021972 0.152887 0.211395 0.776614 1 50 1.000000
  50 4.365114 2.188376 3.888606 0.962305 0.186306 0.198137 0.159534 0.777273 1 50 1.000000
shoe
  50 4.253002 2.034415 4.334659 0.941795 0.124567 0.312257 0.156352 0.733597 1 50 1.000000
  50 4.341335 1.439593 4.043703 0.971883 -0.003897 0.235431 0.208671 0.736023 1 50 1.000000
  50 4.365114 2.188376 3.888606 0.962305 0.186306 0.198137 0.159534 0.777273 1 50 1.000000
shoe
  50 3.911037 2.344362 5.001793 0.876094 0.290435 0.384846 0.109656 0.688509 1 50 1.000000
  50 4.111065 1.826473 4.867442 0.943419 0.199421 0.264939 0.151138 0.678339 1 50 1.000000
  50 4.153964 1.912250 4.632115 0.943578 0.138903 0.300611 0.153974 0.702294 1 50 1.000000
shoe
  50 4.111065 1.826473 4.867442 0.943419 0.199421 0.264939 0.151138 0.678339 1 50 1.000000
  50 3.911037 2.344362 5.001793 0.876094 0.290435 0.384846 0.109656 0.688509 1 50 1.000000
  50 3.830575 2.248563 5.239866 0.859558 0.284284 0.424667 0.107028 0.665190 1 50 1.000000
shoe
  50 4.041922 2.504323 4.597344 0.875858 0.325936 0.355864 0.114022 0.728438 1 50 1.000000
  50 4.153964 1.912250 4.632115 0.943578 0.138903 0.300611 0.153974 0.702294 1 50 1.000000
  50 4.253002 2.034415 4.334659 0.941795 0.124567 0.312257 0.156352 0.733597 1 50 1.000000
shoe
  50 4.041922 2.504323 4.597344 0.875858 0.325936 0.355864 0.114022 0.728438 1 50 1.000000
  50 3.911037 2.344362 5.001793 0.876094 0.290435 0.384846 0.109656 0.688509 1 50 1.000000
  50 4.153964 1.912250 4.632115 0.943578 0.138903 0.300611 0.153974 0.702294 1 50 1.000000
shoe
  50 4.253002 2.034415 4.334659 0.941795 0.124567 0.312257 0.156352 0.733597 1 50 1.000000
  50 4.365114 2.188376 3.888606 0.962305 0.186306 0.198137 0.159534 0.777273 1 50 1.000000
  50 4.139951 2.702960 4.128829 0.867906 0.434968 0.239880 0.115124 0.773054 1 50 1.000000
shoe
  50 4.041922 2.504323 4.597344 0.875858 0.325936 0.355864 0.114022 0.728438 1 50 1.000000
  50 4.253002 2.034415 4.334659 0.941795 0.124567 0.312257 0.156352 0.733597 1 50 1.000000
  50 4.139951 2.702960 4.128829 0.867906 0.434968 0.239880 0.115124 0.773054 1 50 1.000000
shoe
  50 3.830575 2.248563 5.239866 0.859558 0.284284 0.424667 0.107028 0.665190 1 50 1.000000
  50 3.911037 2.344362 5.001793 0.876094 0.290435 0.384846 0.109656 0.688509 1 50 1.000000
  50 3.675979 2.655123 5.250443 0.710595 0.513654 0.480848 0.076021 0.680653 1 50 1.000000
shoe
  50 3.587477 2.521921 5.478227 0.651523 0.510630 0.561048 0.073068 0.656908 1 50 1.000000
  50 3.830575 2.248563 5.239866 0.859558 0.284284 0.424667 0.107028 0.665190 1 50 1.000000
  50 3.675979 2.655123 5.250443 0.710595 0.513654 0.480848 0.076021 0.680653 1 50 1.000000
shoe
  50 4.041922 2.504323 4.597344 0.875858 0.325936 0.355864 0.114022 0.728438 1 50 1.000000
  50 3.770946 2.886036 4.786651 0.710328 0.593826 0.377895 0.078416 0.724512 1 50 1.000000
  50 3.911037 2.344362 5.001793 0.876094 0.290435 0.384846 0.109656 0.688509 1 50 1.000000
shoe
  50 3.770946 2.886036 4.786651 0.710328 0.593826 0.377895 0.078416 0.724512 1 50 1.000000
  50 3.675979 2.655123 5.250443 0.710595 0.513654 0.480848 0.076021 0.680653 1 50 1.000000
  50 3.911037 2.344362 5.001793 0.876094 0.290435 0.384846 0.109656 0.688509 1 50 1.000000
shoe
  50 3.587477 2.521921 5.478227 0.651523 0.510630 0.561048 0.073068 0.656908 1 50 1.000000
  50 3.675979 2.655123 5.250443 0.710595 0.513654 0.480848 0.076021 0.680653 1 50 1.000000
  50 3.280935 2.854889 5.392869 0.344327 0.750391 0.564227 0.042576 0.672776 1 50 1.000000
shoe
  50 3.236910 2.680076 5.609420 0.321359 0.707570 0.629343 0.041656 0.651080 1 50 1.000000
  50 3.587477 2.521921 5.478227 0.651523 0.510630 0.561048 0.073068 0.656908 1 50 1.000000
  50 3.280935 2.854889 5.392869 0.344327 0.750391 0.564227 0.042576 0.672776 1 50 1.000000
shoe
  50 2.894905 2.710700 5.668842 0.176311 0.763477 0.621302 0.015312 0.648162 1 50 1.000000
  50 3.236910 2.680076 5.609420 0.321359 0.707570 0.629343 0.041656 0.651080 1 50 1.000000
  50 2.901570 2.894475 5.441121 0.161950 0.803195 0.573280 0.015312 0.662741 1 50 1.000000
shoe
  50 3.236910 2.680076 5.609420 0.321359 0.707570 0.629343 0.041656 0.651080 1 50 1.000000
  50 3.280935 2.854889 5.392869 0.344327 0.750391 0.564227 0.042576 0.672776 1 50 1.000000
  50 2.901570 2.894475 5.441121 0.161950 0.803195 0.573280 0.015312 0.662741 1 50 1.000000
shoe
  50 2.901570 2.894475 5.441121 0.161950 0.803195 0.573280 0.015312 0.662741 1 50 1.000000
  50 3.280935 2.854889 5.392869 0.344327 0.750391 0.564227 0.042576 0.672776 1 50 1.000000
  50 2.897462 3.183986 4.962367 0.164782 0.888686 0.427884 0.015312 0.707678 1 50 1.000000
shoe
  50 3.280935 2.854889 5.392869 0.344327 0.750391 0.564227 0.042576 0.672776 1 50 1.000000
  50 3.675979 2.655123 5.250443 0.710595 0.513654 0.480848 0.076021 0.680653 1 50 1.000000
  50 3.365156 3.122512 4.905558 0.361694 0.831997 0.420665 0.045940 0.718382 1 50 1.000000
shoe
  50 3.280935 2.854889 5.392869 0.344327 0.750391 0.564227 0.042576 0.672776 1 50 1.000000
  50 3.365156 3.122512 4.905558 0.361694 0.831997 0.420665 0.045940 0.718382 1 50 1.000000
  50 2.897462 3.183986 4.962367 0.164782 0.888686 0.427884 0.015312 0.707678 1 50 1.000000
shoe
  50 3.675979 2.655123 5.250443 0.710595 0.513654 0.480848 0.076021 0.680653 1 50 1.000000
  50 3.770946 2.886036 4.786651 0.710328 0.593826 0.377895 0.078416 0.724512 1 50 1.000000
  50 3.365156 3.122512 4.905558 0.361694 0.831997 0.420665 0.045940 0.718382 1 50 1.000000
shoe
  50 2.897462 3.183986 4.962367 0.164782 0.888686 0.427884 0.015312 0.707678 1 50 1.000000
  50 3.365156 3.122512 4.905558 0.361694 0.831997 0.420665 0.045940 0.718382 1 50 1.000000
  50 2.901126 3.368060 4.467881 0.153166 0.960244 0.233389 0.015312 0.758584 1 50 1.000000
shoe
  50 3.365156 3.122512 4.905558 0.361694 0.831997 0.420665 0.045940 0.718382 1 50 1.000000
  50 3.411155 3.297733 4.427110 0.336615 0.903930 0.263818 0.047707 0.762170 1 50 1.000000
  50 2.901126 3.368060 4.467881 0.153166 0.960244 0.233389 0.015312 0.758584 1 50 1.000000
shoe
  50 3.411155 3.297733 4.427110 0.336615 0.903930 0.263818 0.047707 0.762170 1 50 1.000000
  50 3.365156 3.122512 4.905558 0.361694 0.831997 0.420665 0.045940 0.718382 1 50 1.000000
  50 3.770946 2.886036 4.786651 0.710328 0.593826 0.377895 0.078416 0.724512 1 50 1.000000
shoe
  50 2.901126 3.368060 4.467881 0.153166 0.960244 0.233389 0.015312 0.758584 1 50 1.000000
  50 3.411155 3.297733 4.427110 0.336615 0.903930 0.263818 0.047707 0.762170 1 50 1.000000
  50 2.917975 3.417072 3.977021 0.074967 0.996255 0.043068 0.015312 0.805693 1 50 1.000000
shoe
  50 3.828361 3.068433 4.309039 0.676147 0.689967 0.258399 0.079729 0.767321 1 50 1.000000
  50 3.770946 2.886036 4.786651 0.710328 0.593826 0.377895 0.078416 0.724512 1 50 1.000000
  50 4.041922 2.504323 4.597344 0.875858 0.325936 0.355864 0.114022 0.728438 1 50 1.000000
shoe
  50 3.828361 3.068433 4.309039 0.676147 0.689967 0.258399 0.079729 0.767321 1 50 1.000000
  50 3.411155 3.297733 4.427110 0.336615 0.903930 0.263818 0.047707 0.762170 1 50 1.000000
  50 3.770946 2.886036 4.786651 0.710328 0.593826 0.377895 0.078416 0.724512 1 50 1.000000
shoe
  50 4.139951 2.702960 4.128829 0.867906 0.434968 0.239880 0.115124 0.773054 1 50 1.000000
  50 3.828361 3.068433 4.309039 0.676147 0.689967 0.258399 0.079729 0.767321 1 50 1.000000
  50 4.041922 2.504323 4.597344 0.875858 0.325936 0.355864 0.114022 0.728438 1 50 1.000000
shoe
  50 3.411155 3.297733 4.427110 0.336615 0.903930 0.263818 0.047707 0.762170 1 50 1.000000
  50 3.415859 3.393671 3.941981 0.273727 0.960256 0.054599 0.048143 0.805524 1 50 1.000000
  50 2.917975 3.417072 3.977021 0.074967 0.996255 0.043068 0.015312 0.805693 1 50 1.000000
shoe
  50 3.415859 3.393671 3.941981 0.273727 0.960256 0.054599 0.048143 0.805524 1 50 1.000000
  50 3.411155 3.297733 4.427110 0.336615 0.903930 0.263818 0.047707 0.762170 1 50 1.000000
  50 3.828361 3.068433 4.309039 0.676147 0.689967 0.258399 0.079729 0.767321 1 50 1.000000
shoe
  50 2.917975 3.417072 3.977021 0.074967 0.996255 0.043068 0.015312 0.805693 1 50 1.000000
  50 3.415859 3.393671 3.941981 0.273727 0.960256 0.054599 0.048143 0.805524 1 50 1.000000
  50 2.941621 3.379095 3.507526 0.046480 0.982600 -0.179824 0.015312 0.848454 1 50 1.000000
shoe
  50 3.818602 3.179303 3.863633 0.618671 0.783678 0.055633 0.079601 0.807532 1 50 1.000000
  50 3.828361 3.068433 4.309039 0.676147 0.689967 0.258399 0.079729 0.767321 1 50 1.000000
  50 4.139951 2.702960 4.128829 0.867906 0.434968 0.239880 0.115124 0.773054 1 50 1.000000
shoe
  50 3.818602 3.179303 3.863633 0.618671 0.783678 0.055633 0.079601 0.807532 1 50 1.000000
  50 3.415859 3.393671 3.941981 0.273727 0.960256 0.054599 0.048143 0.805524 1 50 1.000000
  50 3.828361 3.068433 4.309039 0.676147 0.689967 0.258399 0.079729 0.767321 1 50 1.000000
shoe
  50 3.415859 3.393671 3.941981 0.273727 0.960256 0.054599 0.048143 0.805524 1 50 1.000000
  50 3.401140 3.350863 3.483510 0.232361 0.950682 -0.205458 0.049724 0.847076 1 50 1.000000
  50 2.941621 3.379095 3.507526 0.046480 0.982600 -0.179824 0.015312 0.848454 1 50 1.000000
shoe
  50 3.401140 3.350863 3.483510 0.232361 0.950682 -0.205458 0.049724 0.847076 1 50 1.000000
  50 3.415859 3.393671 3.941981 0.273727 0.960256 0.054599 0.048143 0.805524 1 50 1.000000
  50 3.818602 3.179303 3.863633 0.618671 0.783678 0.055633 0.079601 0.807532 1 50 1.000000
shoe
  50 2.941621 3.379095 3.507526 0.046480 0.982600 -0.179824 0.015312 0.848454 1 50 1.000000
  50 3.401140 3.350863 3.483510 0.232361 0.950682 -0.205458 0.049724 0.847076 1 50 1.000000
  50 2.955976 3.317904 3.305909 0.040511 0.875376 -0.481743 0.015312 0.874396 1 50 1.000000
shoe
  50 4.134694 2.837178 3.716372 0.834136 0.550551 0.033326 0.114420 0.812028 1 50 1.000000
  50 3.818602 3.179303 3.863633 0.618671 0.783678 0.055633 0.079601 0.807532 1 50 1.000000
  50 4.139951 2.702960 4.128829 0.867906 0.434968 0.239880 0.115124 0.773054 1 50 1.000000
shoe
  50 4.134694 2.837178 3.716372 0.834136 0.550551 0.033326 0.114420 0.812028 1 50 1.000000
  50 4.139951 2.702960 4.128829 0.867906 0.434968 0.239880 0.115124 0.773054 1 50 1.000000
  50 4.365114 2.188376 3.888606 0.962305 0.186306 0.198137 0.159534 0.777273 1 50 1.000000
shoe
  50 3.756384 3.188246 3.443370 0.519975 0.823847 -0.225617 0.080159 0.845646 1 50 1.000000
  50 3.401140 3.350863 3.483510 0.232361 0.950682 -0.205458 0.049724 0.847076 1 50 1.000000
  50 3.818602 3.179303 3.863633 0.618671 0.783678 0.055633 0.079601 0.807532 1 50 1.000000
shoe
  50 3.756384 3.188246 3.443370 0.519975 0.823847 -0.225617 0.080159 0.845646 1 50 1.000000
  50 3.818602 3.179303 3.863633 0.618671 0.783678 0.055633 0.079601 0.807532 1 50 1.000000
  50 4.134694 2.837178 3.716372 0.834136 0.550551 0.033326 0.114420 0.812028 1 50 1.000000
shoe
  50 3.401140 3.350863 3.483510 0.232361 0.950682 -0.205458 0.049724 0.847076 1 50 1.000000
  50 3.395876 3.274767 3.276114 0.203073 0.848544 -0.488604 0.051456 0.867663 1 50 1.000000
  50 2.955976 3.317904 3.305909 0.040511 0.875376 -0.481743 0.015312 0.874396 1 50 1.000000
shoe
  50 3.401140 3.350863 3.483510 0.232361 0.950682 -0.205458 0.049724 0.847076 1 50 1.000000
  50 3.756384 3.188246 3.443370 0.519975 0.823847 -0.225617 0.080159 0.845646 1 50 1.000000
  50 3.395876 3.274767 3.276114 0.203073 0.848544 -0.488604 0.051456 0.867663 1 50 1.000000
shoe
  50 2.955976 3.317904 3.305909 0.040511 0.875376 -0.481743 0.015312 0.874396 1 50 1.000000
  50 3.395876 3.274767 3.276114 0.203073 0.848544 -0.488604 0.051456 0.867663 1 50 1.000000
  50 2.973544 3.179861 3.158373 0.017164 0.747471 -0.664073 0.015312 0.883076 1 50 1.000000
shoe
  50 3.395876 3.274767 3.276114 0.203073 0.848544 -0.488604 0.051456 0.867663 1 50 1.000000
  50 3.364819 3.177262 3.146621 0.150990 0.771959 -0.617480 0.052361 0.883286 1 50 1.000000
  50 2.973544 3.179861 3.158373 0.017164 0.747471 -0.664073 0.015312 0.883076 1 50 1.000000
shoe
  50 3.817808 2.911865 3.055722 0.451902 0.653773 -0.606932 0.107044 0.884856 1 50 1.000000
  50 3.364819 3.177262 3.146621 0.150990 0.771959 -0.617480 0.052361 0.883286 1 50 1.000000
  50 3.395876 3.274767 3.276114 0.203073 0.848544 -0.488604 0.051456 0.867663 1 50 1.000000
shoe
  50 3.918028 2.936913 3.159289 0.576250 0.655361 -0.488300 0.108785 0.869742 1 50 1.000000
  50 3.817808 2.911865 3.055722 0.451902 0.653773 -0.606932 0.107044 0.884856 1 50 1.000000
  50 3.395876 3.274767 3.276114 0.203073 0.848544 -0.488604 0.051456 0.867663 1 50 1.000000
shoe
  50 3.395876 3.274767 3.276114 0.203073 0.848544 -0.488604 0.051456 0.867663 1 50 1.000000
  50 3.756384 3.188246 3.443370 0.519975 0.823847 -0.225617 0.080159 0.845646 1 50 1.000000
  50 3.918028 2.936913 3.159289 0.576250 0.655361 -0.488300 0.108785 0.869742 1 50 1.000000
shoe
  50 4.049969 2.459954 2.894747 0.575255 0.442364 -0.688038 0.156904 0.884623 1 50 1.000000
  50 3.817808 2.911865 3.055722 0.451902 0.653773 -0.606932 0.107044 0.884856 1 50 1.000000
  50 3.918028 2.936913 3.159289 0.576250 0.655361 -0.488300 0.108785 0.869742 1 50 1.000000
shoe
  50 3.756384 3.188246 3.443370 0.519975 0.823847 -0.225617 0.080159 0.845646 1 50 1.000000
  50 4.046576 2.901194 3.346442 0.759588 0.611833 -0.220648 0.113393 0.847978 1 50 1.000000
  50 3.918028 2.936913 3.159289 0.576250 0.655361 -0.488300 0.108785 0.869742 1 50 1.000000
shoe
  50 4.046576 2.901194 3.346442 0.759588 0.611833 -0.220648 0.113393 0.847978 1 50 1.000000
  50 3.756384 3.188246 3.443370 0.519975 0.823847 -0.225617 0.080159 0.845646 1 50 1.000000
  50 4.134694 2.837178 3.716372 0.834136 0.550551 0.033326 0.114420 0.812028 1 50 1.000000
shoe
  50 4.144702 2.456017 2.971469 0.698579 0.430442 -0.571583 0.157631 0.872217 1 50 1.000000
  50 4.049969 2.459954 2.894747 0.575255 0.442364 -0.688038 0.156904 0.884623 1 50 1.000000
  50 3.918028 2.936913 3.159289 0.576250 0.655361 -0.488300 0.108785 0.869742 1 50 1.000000
shoe
  50 3.918028 2.936913 3.159289 0.576250 0.655361 -0.488300 0.108785 0.869742 1 50 1.000000
  50 4.046576 2.901194 3.346442 0.759588 0.611833 -0.220648 0.113393 0.847978 1 50 1.000000
  50 4.144702 2.456017 2.971469 0.698579 0.430442 -0.571583 0.157631 0.872217 1 50 1.000000
shoe
  50 4.383274 2.315341 3.511218 0.956013 0.292590 -0.020766 0.160100 0.813325 1 50 1.000000
  50 4.134694 2.837178 3.716372 0.834136 0.550551 0.033326 0.114420 0.812028 1 50 1.000000
  50 4.365114 2.188376 3.888606 0.962305 0.186306 0.198137 0.159534 0.777273 1 50 1.000000
shoe
  50 4.046576 2.901194 3.346442 0.759588 0.611833 -0.220648 0.113393 0.847978 1 50 1.000000
  50 4.134694 2.837178 3.716372 0.834136 0.550551 0.033326 0.114420 0.812028 1 50 1.000000
  50 4.383274 2.315341 3.511218 0.956013 0.292590 -0.020766 0.160100 0.813325 1 50 1.000000
shoe
  50 4.383274 2.315341 3.511218 0.956013 0.292590 -0.020766 0.160100 0.813325 1 50 1.000000
  50 4.365114 2.188376 3.888606 0.962305 0.186306 0.198137 0.159534 0.777273 1 50 1.000000
  50 4.444303 1.575915 3.634568 0.987999 0.021972 0.152887 0.211395 0.776614 1 50 1.000000
shoe
  50 4.281475 2.415387 3.173214 0.869103 0.383828 -0.311987 0.158633 0.847840 1 50 1.000000
  50 4.046576 2.901194 3.346442 0.759588 0.611833 -0.220648 0.113393 0.847978 1 50 1.000000
  50 4.383274 2.315341 3.511218 0.956013 0.292590 -0.020766 0.160100 0.813325 1 50 1.000000
shoe
  50 4.046576 2.901194 3.346442 0.759588 0.611833 -0.220648 0.113393 0.847978 1 50 1.000000
  50 4.281475 2.415387 3.173214 0.869103 0.383828 -0.311987 0.158633 0.847840 1 50 1.000000
  50 4.144702 2.456017 2.971469 0.698579 0.430442 -0.571583 0.157631 0.872217 1 50 1.000000
shoe
  50 4.466514 1.704935 3.237939 0.988533 0.127692 -0.080601 0.212626 0.814706 1 50 1.000000
  50 4.383274 2.315341 3.511218 0.956013 0.292590 -0.020766 0.160100 0.813325 1 50 1.000000
  50 4.444303 1.575915 3.634568 0.987999 0.021972 0.152887 0.211395 0.776614 1 50 1.000000
shoe
  50 4.281475 2.415387 3.173214 0.869103 0.383828 -0.311987 0.158633 0.847840 1 50 1.000000
  50 4.383274 2.315341 3.511218 0.956013 0.292590 -0.020766 0.160100 0.813325 1 50 1.000000
  50 4.466514 1.704935 3.237939 0.988533 0.127692 -0.080601 0.212626 0.814706 1 50 1.000000
shoe
  50 4.444303 1.575915 3.634568 0.987999 0.021972 0.152887 0.211395 0.776614 1 50 1.000000
  50 4.467164 0.958374 3.349043 0.989109 -0.003099 0.147152 0.266441 0.776151 1 50 1.000000
  50 4.466514 1.704935 3.237939 0.988533 0.127692 -0.080601 0.212626 0.814706 1 50 1.000000
shoe
  50 4.281475 2.415387 3.173214 0.869103 0.383828 -0.311987 0.158633 0.847840 1 50 1.000000
  50 4.370442 1.799586 2.937450 0.891438 0.249882 -0.378017 0.212180 0.845177 1 50 1.000000
  50 4.144702 2.456017 2.971469 0.698579 0.430442 -0.571583 0.157631 0.872217 1 50 1.000000
shoe
  50 4.370442 1.799586 2.937450 0.891438 0.249882 -0.378017 0.212180 0.845177 1 50 1.000000
  50 4.281475 2.415387 3.173214 0.869103 0.383828 -0.311987 0.158633 0.847840 1 50 1.000000
  50 4.466514 1.704935 3.237939 0.988533 0.127692 -0.080601 0.212626 0.814706 1 50 1.000000
shoe
  50 4.467164 0.958374 3.349043 0.989109 -0.003099 0.147152 0.266441 0.776151 1 50 1.000000
  50 4.506528 1.100973 2.983430 0.993802 0.098555 -0.051425 0.266334 0.811752 1 50 1.000000
  50 4.466514 1.704935 3.237939 0.988533 0.127692 -0.080601 0.212626 0.814706 1 50 1.000000
shoe
  50 4.370442 1.799586 2.937450 0.891438 0.249882 -0.378017 0.212180 0.845177 1 50 1.000000
  50 4.466514 1.704935 3.237939 0.988533 0.127692 -0.080601 0.212626 0.814706 1 50 1.000000
  50 4.506528 1.100973 2.983430 0.993802 0.098555 -0.051425 0.266334 0.811752 1 50 1.000000
shoe
  50 4.467164 0.958374 3.349043 0.989109 -0.003099 0.147152 0.266441 0.776151 1 50 1.000000
  50 4.513910 0.375011 3.088914 0.984622 0.021535 0.173366 0.319315 0.773965 1 50 1.000000
  50 4.506528 1.100973 2.983430 0.993802 0.098555 -0.051425 0.266334 0.811752 1 50 1.000000
shoe
  50 4.370442 1.799586 2.937450 0.891438 0.249882 -0.378017 0.212180 0.845177 1 50 1.000000
  50 4.213006 1.830634 2.711129 0.707872 0.332260 -0.623315 0.213857 0.870770 1 50 1.000000
  50 4.144702 2.456017 2.971469 0.698579 0.430442 -0.571583 0.157631 0.872217 1 50 1.000000
shoe
  50 4.144702 2.456017 2.971469 0.698579 0.430442 -0.571583 0.157631 0.872217 1 50 1.000000
  50 4.213006 1.830634 2.711129 0.707872 0.332260 -0.623315 0.213857 0.870770 1 50 1.000000
  50 4.049969 2.459954 2.894747 0.575255 0.442364 -0.688038 0.156904 0.884623 1 50 1.000000
shoe
  50 4.213006 1.830634 2.711129 0.707872 0.332260 -0.623315 0.213857 0.870770 1 50 1.000000
  50 4.121821 1.825863 2.633102 0.592558 0.362902 -0.719150 0.215151 0.881619 1 50 1.000000
  50 4.049969 2.459954 2.894747 0.575255 0.442364 -0.688038 0.156904 0.884623 1 50 1.000000
shoe
  50 4.423061 1.197951 2.682350 0.897203 0.241823 -0.369526 0.267228 0.841584 1 50 1.000000
  50 4.370442 1.799586 2.937450 0.891438 0.249882 -0.378017 0.212180 0.845177 1 50 1.000000
  50 4.506528 1.100973 2.983430 0.993802 0.098555 -0.051425 0.266334 0.811752 1 50 1.000000
shoe
  50 4.213006 1.830634 2.711129 0.707872 0.332260 -0.623315 0.213857 0.870770 1 50 1.000000
  50 4.370442 1.799586 2.937450 0.891438 0.249882 -0.378017 0.212180 0.845177 1 50 1.000000
  50 4.423061 1.197951 2.682350 0.897203 0.241823 -0.369526 0.267228 0.841584 1 50 1.000000
shoe
  50 4.513910 0.375011 3.088914 0.984622 0.021535 0.173366 0.319315 0.773965 1 50 1.000000
  50 4.555401 0.524179 2.750428 0.993137 0.116800 -0.006055 0.319759 0.807072 1 50 1.000000
  50 4.506528 1.100973 2.983430 0.993802 0.098555 -0.051425 0.266334 0.811752 1 50 1.000000
shoe
  50 4.423061 1.197951 2.682350 0.897203 0.241823 -0.369526 0.267228 0.841584 1 50 1.000000
  50 4.506528 1.100973 2.983430 0.993802 0.098555 -0.051425 0.266334 0.811752 1 50 1.000000
  50 4.555401 0.524179 2.750428 0.993137 0.116800 -0.006055 0.319759 0.807072 1 50 1.000000
shoe
  50 4.555401 0.524179 2.750428 0.993137 0.116800 -0.006055 0.319759 0.807072 1 50 1.000000
  50 4.513910 0.375011 3.088914 0.984622 0.021535 0.173366 0.319315 0.773965 1 50 1.000000
  50 4.593193 -0.171143 2.800100 0.977192 0.044086 0.207732 0.370744 0.773429 1 50 1.000000
shoe
  50 4.213006 1.830634 2.711129 0.707872 0.332260 -0.623315 0.213857 0.870770 1 50 1.000000
  50 4.249169 1.230015 2.437715 0.685113 0.344606 -0.641768 0.269850 0.867908 1 50 1.000000
  50 4.121821 1.825863 2.633102 0.592558 0.362902 -0.719150 0.215151 0.881619 1 50 1.000000
shoe
  50 4.249169 1.230015 2.437715 0.685113 0.344606 -0.641768 0.269850 0.867908 1 50 1.000000
  50 4.213006 1.830634 2.711129 0.707872 0.332260 -0.623315 0.213857 0.870770 1 50 1.000000
  50 4.423061 1.197951 2.682350 0.897203 0.241823 -0.369526 0.267228 0.841584 1 50 1.000000
shoe
  50 4.249169 1.230015 2.437715 0.685113 0.344606 -0.641768 0.269850 0.867908 1 50 1.000000
  50 4.126308 1.192783 2.326272 0.550389 0.380697 -0.743063 0.274691 0.881116 1 50 1.000000
  50 4.121821 1.825863 2.633102 0.592558 0.362902 -0.719150 0.215151 0.881619 1 50 1.000000
shoe
  50 4.484980 0.634889 2.429951 0.900579 0.269806 -0.340827 0.321711 0.838106 1 50 1.000000
  50 4.423061 1.197951 2.682350 0.897203 0.241823 -0.369526 0.267228 0.841584 1 50 1.000000
  50 4.555401 0.524179 2.750428 0.993137 0.116800 -0.006055 0.319759 0.807072 1 50 1.000000
shoe
  50 4.423061 1.197951 2.682350 0.897203 0.241823 -0.369526 0.267228 0.841584 1 50 1.000000
  50 4.484980 0.634889 2.429951 0.900579 0.269806 -0.340827 0.321711 0.838106 1 50 1.000000
  50 4.249169 1.230015 2.437715 0.685113 0.344606 -0.641768 0.269850 0.867908 1 50 1.000000
shoe
  50 4.629363 -0.021184 2.497084 0.988735 0.146865 0.028877 0.371691 0.803719 1 50 1.000000
  50 4.555401 0.524179 2.750428 0.993137 0.116800 -0.006055 0.319759 0.807072 1 50 1.000000
  50 4.593193 -0.171143 2.800100 0.977192 0.044086 0.207732 0.370744 0.773429 1 50 1.000000
shoe
  50 4.484980 0.634889 2.429951 0.900579 0.269806 -0.340827 0.321711 0.838106 1 50 1.000000
  50 4.555401 0.524179 2.750428 0.993137 0.116800 -0.006055 0.319759 0.807072 1 50 1.000000
  50 4.629363 -0.021184 2.497084 0.988735 0.146865 0.028877 0.371691 0.803719 1 50 1.000000
shoe
  50 4.593193 -0.171143 2.800100 0.977192 0.044086 0.207732 0.370744 0.773429 1 50 1.000000
  50 4.679132 -0.680440 2.534438 0.966973 0.037088 0.252167 0.419173 0.770570 1 50 1.000000
  50 4.629363 -0.021184 2.497084 0.988735 0.146865 0.028877 0.371691 0.803719 1 50 1.000000
shoe
  50 4.249169 1.230015 2.437715 0.685113 0.344606 -0.641768 0.269850 0.867908 1 50 1.000000
  50 4.297348 0.719916 2.203651 0.657129 0.379391 -0.651339 0.321389 0.865379 1 50 1.000000
  50 4.126308 1.192783 2.326272 0.550389 0.380697 -0.743063 0.274691 0.881116 1 50 1.000000
shoe
  50 4.484980 0.634889 2.429951 0.900579 0.269806 -0.340827 0.321711 0.838106 1 50 1.000000
  50 4.297348 0.719916 2.203651 0.657129 0.379391 -0.651339 0.321389 0.865379 1 50 1.000000
  50 4.249169 1.230015 2.437715 0.685113 0.344606 -0.641768 0.269850 0.867908 1 50 1.000000
shoe
  50 4.297348 0.719916 2.203651 0.657129 0.379391 -0.651339 0.321389 0.865379 1 50 1.000000
  50 4.133633 0.743800 2.106526 0.510262 0.406565 -0.757851 0.321796 0.882069 1 50 1.000000
  50 4.126308 1.192783 2.326272 0.550389 0.380697 -0.743063 0.274691 0.881116 1 50 1.000000
shoe
  50 4.679132 -0.680440 2.534438 0.966973 0.037088 0.252167 0.419173 0.770570 1 50 1.000000
  50 4.727243 -0.527672 2.246740 0.985528 0.158487 0.060130 0.420706 0.799944 1 50 1.000000
  50 4.629363 -0.021184 2.497084 0.988735 0.146865 0.028877 0.371691 0.803719 1 50 1.000000
shoe
  50 4.133633 0.743800 2.106526 0.510262 0.406565 -0.757851 0.321796 0.882069 1 50 1.000000
  50 4.297348 0.719916 2.203651 0.657129 0.379391 -0.651339 0.321389 0.865379 1 50 1.000000
  50 4.387144 0.160420 1.946109 0.666985 0.423441 -0.613048 0.376768 0.861677 1 50 1.000000
shoe
  50 4.297348 0.719916 2.203651 0.657129 0.379391 -0.651339 0.321389 0.865379 1 50 1.000000
  50 4.484980 0.634889 2.429951 0.900579 0.269806 -0.340827 0.321711 0.838106 1 50 1.000000
  50 4.387144 0.160420 1.946109 0.666985 0.423441 -0.613048 0.376768 0.861677 1 50 1.000000
shoe
  50 4.192809 0.163035 1.812972 0.511376 0.466741 -0.721558 0.379741 0.882237 1 50 1.000000
  50 4.133633 0.743800 2.106526 0.510262 0.406565 -0.757851 0.321796 0.882069 1 50 1.000000
  50 4.387144 0.160420 1.946109 0.666985 0.423441 -0.613048 0.376768 0.861677 1 50 1.000000
shoe
  50 4.727243 -0.527672 2.246740 0.985528 0.158487 0.060130 0.420706 0.799944 1 50 1.000000
  50 4.679132 -0.680440 2.534438 0.966973 0.037088 0.252167 0.419173 0.770570 1 50 1.000000
  50 4.811726 -0.990824 2.041648 0.985339 0.133731 0.105939 0.465019 0.793173 1 50 1.000000
shoe
  50 4.574796 0.088191 2.207400 0.910103 0.296889 -0.289083 0.374044 0.832065 1 50 1.000000
  50 4.484980 0.634889 2.429951 0.900579 0.269806 -0.340827 0.321711 0.838106 1 50 1.000000
  50 4.629363 -0.021184 2.497084 0.988735 0.146865 0.028877 0.371691 0.803719 1 50 1.000000
shoe
  50 4.629363 -0.021184 2.497084 0.988735 0.146865 0.028877 0.371691 0.803719 1 50 1.000000
  50 4.727243 -0.527672 2.246740 0.985528 0.158487 0.060130 0.420706 0.799944 1 50 1.000000
  50 4.574796 0.088191 2.207400 0.910103 0.296889 -0.289083 0.374044 0.832065 1 50 1.000000
shoe
  50 4.484980 0.634889 2.429951 0.900579 0.269806 -0.340827 0.321711 0.838106 1 50 1.000000
  50 4.574796 0.088191 2.207400 0.910103 0.296889 -0.289083 0.374044 0.832065 1 50 1.000000
  50 4.387144 0.160420 1.946109 0.666985 0.423441 -0.613048 0.376768 0.861677 1 50 1.000000
shoe
  50 4.727243 -0.527672 2.246740 0.985528 0.158487 0.060130 0.420706 0.799944 1 50 1.000000
  50 4.675058 -0.414058 1.947104 0.909533 0.321996 -0.262808 0.424268 0.829297 1 50 1.000000
  50 4.574796 0.088191 2.207400 0.910103 0.296889 -0.289083 0.374044 0.832065 1 50 1.000000
shoe
  50 4.574796 0.088191 2.207400 0.910103 0.296889 -0.289083 0.374044 0.832065 1 50 1.000000
  50 4.675058 -0.414058 1.947104 0.909533 0.321996 -0.262808 0.424268 0.829297 1 50 1.000000
  50 4.387144 0.160420 1.946109 0.666985 0.423441 -0.613048 0.376768 0.861677 1 50 1.000000
shoe
  50 4.675058 -0.414058 1.947104 0.909533 0.321996 -0.262808 0.424268 0.829297 1 50 1.000000
  50 4.727243 -0.527672 2.246740 0.985528 0.158487 0.060130 0.420706 0.799944 1 50 1.000000
  50 4.811726 -0.990824 2.041648 0.985339 0.133731 0.105939 0.465019 0.793173 1 50 1.000000
shoe
  50 4.192809 0.163035 1.812972 0.511376 0.466741 -0.721558 0.379741 0.882237 1 50 1.000000
  50 4.387144 0.160420 1.946109 0.666985 0.423441 -0.613048 0.376768 0.861677 1 50 1.000000
  50 4.490860 -0.350788 1.663812 0.687968 0.471936 -0.551340 0.428892 0.860537 1 50 1.000000
shoe
  50 4.675058 -0.414058 1.947104 0.909533 0.321996 -0.262808 0.424268 0.829297 1 50 1.000000
  50 4.490860 -0.350788 1.663812 0.687968 0.471936 -0.551340 0.428892 0.860537 1 50 1.000000
  50 4.387144 0.160420 1.946109 0.666985 0.423441 -0.613048 0.376768 0.861677 1 50 1.000000
shoe
  50 4.324501 -0.395211 1.492018 0.549907 0.530271 -0.645301 0.436380 0.881214 1 50 1.000000
  50 4.192809 0.163035 1.812972 0.511376 0.466741 -0.721558 0.379741 0.882237 1 50 1.000000
  50 4.490860 -0.350788 1.663812 0.687968 0.471936 -0.551340 0.428892 0.860537 1 50 1.000000
shoe
  50 4.777627 -0.868649 1.722996 0.928410 0.313810 -0.198942 0.470538 0.823969 1 50 1.000000
  50 4.675058 -0.414058 1.947104 0.909533 0.321996 -0.262808 0.424268 0.829297 1 50 1.000000
  50 4.811726 -0.990824 2.041648 0.985339 0.133731 0.105939 0.465019 0.793173 1 50 1.000000
shoe
  50 4.490860 -0.350788 1.663812 0.687968 0.471936 -0.551340 0.428892 0.860537 1 50 1.000000
  50 4.675058 -0.414058 1.947104 0.909533 0.321996 -0.262808 0.424268 0.829297 1 50 1.000000
  50 4.777627 -0.868649 1.722996 0.928410 0.313810 -0.198942 0.470538 0.823969 1 50 1.000000
shoe
  50 4.324501 -0.395211 1.492018 0.549907 0.530271 -0.645301 0.436380 0.881214 1 50 1.000000
  50 4.490860 -0.350788 1.663812 0.687968 0.471936 -0.551340 0.428892 0.860537 1 50 1.000000
  50 4.610936 -0.792042 1.400559 0.756488 0.486647 -0.436921 0.478781 0.857577 1 50 1.000000
shoe
  50 4.610936 -0.792042 1.400559 0.756488 0.486647 -0.436921 0.478781 0.857577 1 50 1.000000
  50 4.490860 -0.350788 1.663812 0.687968 0.471936 -0.551340 0.428892 0.860537 1 50 1.000000
  50 4.777627 -0.868649 1.722996 0.928410 0.313810 -0.198942 0.470538 0.823969 1 50 1.000000
shoe
  50 4.496539 -0.763550 1.295945 0.626779 0.571395 -0.529769 0.480813 0.872341 1 50 1.000000
  50 4.324501 -0.395211 1.492018 0.549907 0.530271 -0.645301 0.436380 0.881214 1 50 1.000000
  50 4.610936 -0.792042 1.400559 0.756488 0.486647 -0.436921 0.478781 0.857577 1 50 1.000000
shoe
  50 4.650234 -1.132553 1.082485 0.781606 0.455084 -0.426605 0.520539 0.864740 1 50 1.000000
  50 4.496539 -0.763550 1.295945 0.626779 0.571395 -0.529769 0.480813 0.872341 1 50 1.000000
  50 4.610936 -0.792042 1.400559 0.756488 0.486647 -0.436921 0.478781 0.857577 1 50 1.000000
shoe
  50 4.777627 -0.868649 1.722996 0.928410 0.313810 -0.198942 0.470538 0.823969 1 50 1.000000
  50 4.811726 -0.990824 2.041648 0.985339 0.133731 0.105939 0.465019 0.793173 1 50 1.000000
  50 4.874603 -1.303759 1.532844 0.959767 0.257223 -0.112620 0.512596 0.815080 1 50 1.000000
shoe
  50 4.610936 -0.792042 1.400559 0.756488 0.486647 -0.436921 0.478781 0.857577 1 50 1.000000
  50 4.777627 -0.868649 1.722996 0.928410 0.313810 -0.198942 0.470538 0.823969 1 50 1.000000
  50 4.874603 -1.303759 1.532844 0.959767 0.257223 -0.112620 0.512596 0.815080 1 50 1.000000
shoe
  50 4.811726 -0.990824 2.041648 0.985339 0.133731 0.105939 0.465019 0.793173 1 50 1.000000
  50 4.877271 -1.440886 1.880217 0.982500 0.063025 0.175275 0.505679 0.781907 1 50 1.000000
  50 4.874603 -1.303759 1.532844 0.959767 0.257223 -0.112620 0.512596 0.815080 1 50 1.000000
shoe
  50 4.723998 -1.169162 1.186266 0.848722 0.413502 -0.329677 0.518842 0.852850 1 50 1.000000
  50 4.650234 -1.132553 1.082485 0.781606 0.455084 -0.426605 0.520539 0.864740 1 50 1.000000
  50 4.610936 -0.792042 1.400559 0.756488 0.486647 -0.436921 0.478781 0.857577 1 50 1.000000
shoe
  50 4.723998 -1.169162 1.186266 0.848722 0.413502 -0.329677 0.518842 0.852850 1 50 1.000000
  50 4.610936 -0.792042 1.400559 0.756488 0.486647 -0.436921 0.478781 0.857577 1 50 1.000000
  50 4.874603 -1.303759 1.532844 0.959767 0.257223 -0.112620 0.512596 0.815080 1 50 1.000000
shoe
  50 4.768565 -1.540568 0.904052 0.838086 0.345360 -0.422301 0.560154 0.852988 1 50 1.000000
  50 4.650234 -1.132553 1.082485 0.781606 0.455084 -0.426605 0.520539 0.864740 1 50 1.000000
  50 4.723998 -1.169162 1.186266 0.848722 0.413502 -0.329677 0.518842 0.852850 1 50 1.000000
shoe
  50 4.874603 -1.303759 1.532844 0.959767 0.257223 -0.112620 0.512596 0.815080 1 50 1.000000
  50 4.877271 -1.440886 1.880217 0.982500 0.063025 0.175275 0.505679 0.781907 1 50 1.000000
  50 4.945158 -1.698629 1.386422 0.985387 0.164333 -0.044811 0.548508 0.803908 1 50 1.000000
shoe
  50 4.842986 -1.567332 1.031005 0.896817 0.309503 -0.316114 0.556244 0.839750 1 50 1.000000
  50 4.768565 -1.540568 0.904052 0.838086 0.345360 -0.422301 0.560154 0.852988 1 50 1.000000
  50 4.723998 -1.169162 1.186266 0.848722 0.413502 -0.329677 0.518842 0.852850 1 50 1.000000
shoe
  50 4.842986 -1.567332 1.031005 0.896817 0.309503 -0.316114 0.556244 0.839750 1 50 1.000000
  50 4.723998 -1.169162 1.186266 0.848722 0.413502 -0.329677 0.518842 0.852850 1 50 1.000000
  50 4.874603 -1.303759 1.532844 0.959767 0.257223 -0.112620 0.512596 0.815080 1 50 1.000000
shoe
  50 4.945158 -1.698629 1.386422 0.985387 0.164333 -0.044811 0.548508 0.803908 1 50 1.000000
  50 4.842986 -1.567332 1.031005 0.896817 0.309503 -0.316114 0.556244 0.839750 1 50 1.000000
  50 4.874603 -1.303759 1.532844 0.959767 0.257223 -0.112620 0.512596 0.815080 1 50 1.000000
shoe
  50 4.768565 -1.540568 0.904052 0.838086 0.345360 -0.422301 0.560154 0.852988 1 50 1.000000
  50 4.842986 -1.567332 1.031005 0.896817 0.309503 -0.316114 0.556244 0.839750 1 50 1.000000
  50 4.846463 -1.938046 0.798117 0.864843 0.220572 -0.450992 0.594838 0.837263 1 50 1.000000
shoe
  50 4.877271 -1.440886 1.880217 0.982500 0.063025 0.175275 0.505679 0.781907 1 50 1.000000
  50 4.918797 -1.876523 1.759406 0.969133 0.020287 0.245702 0.542624 0.766728 1 50 1.000000
  50 4.945158 -1.698629 1.386422 0.985387 0.164333 -0.044811 0.548508 0.803908 1 50 1.000000
shoe
  50 4.842986 -1.567332 1.031005 0.896817 0.309503 -0.316114 0.556244 0.839750 1 50 1.000000
  50 4.920986 -1.964291 0.928518 0.930122 0.189428 -0.314627 0.590219 0.823990 1 50 1.000000
  50 4.846463 -1.938046 0.798117 0.864843 0.220572 -0.450992 0.594838 0.837263 1 50 1.000000
shoe
  50 4.842986 -1.567332 1.031005 0.896817 0.309503 -0.316114 0.556244 0.839750 1 50 1.000000
  50 4.945158 -1.698629 1.386422 0.985387 0.164333 -0.044811 0.548508 0.803908 1 50 1.000000
  50 4.920986 -1.964291 0.928518 0.930122 0.189428 -0.314627 0.590219 0.823990 1 50 1.000000
shoe
  50 4.897549 -2.344926 0.762120 0.888849 0.075550 -0.451928 0.626311 0.815334 1 50 1.000000
  50 4.846463 -1.938046 0.798117 0.864843 0.220572 -0.450992 0.594838 0.837263 1 50 1.000000
  50 4.920986 -1.964291 0.928518 0.930122 0.189428 -0.314627 0.590219 0.823990 1 50 1.000000
shoe
  50 4.945158 -1.698629 1.386422 0.985387 0.164333 -0.044811 0.548508 0.803908 1 50 1.000000
  50 4.918797 -1.876523 1.759406 0.969133 0.020287 0.245702 0.542624 0.766728 1 50 1.000000
  50 4.999605 -2.124877 1.289320 0.995862 0.090420 -0.009137 0.583672 0.786921 1 50 1.000000
shoe
  50 4.945158 -1.698629 1.386422 0.985387 0.164333 -0.044811 0.548508 0.803908 1 50 1.000000
  50 4.999605 -2.124877 1.289320 0.995862 0.090420 -0.009137 0.583672 0.786921 1 50 1.000000
  50 4.920986 -1.964291 0.928518 0.930122 0.189428 -0.314627 0.590219 0.823990 1 50 1.000000
shoe
  50 4.918797 -1.876523 1.759406 0.969133 0.020287 0.245702 0.542624 0.766728 1 50 1.000000
  50 4.947830 -2.301056 1.691099 0.946462 -0.038567 0.320501 0.576010 0.747788 1 50 1.000000
  50 4.999605 -2.124877 1.289320 0.995862 0.090420 -0.009137 0.583672 0.786921 1 50 1.000000
shoe
  50 4.964874 -2.386866 0.889437 0.949773 0.048727 -0.309122 0.622443 0.802097 1 50 1.000000
  50 4.897549 -2.344926 0.762120 0.888849 0.075550 -0.451928 0.626311 0.815334 1 50 1.000000
  50 4.920986 -1.964291 0.928518 0.930122 0.189428 -0.314627 0.590219 0.823990 1 50 1.000000
shoe
  50 4.920986 -1.964291 0.928518 0.930122 0.189428 -0.314627 0.590219 0.823990 1 50 1.000000
  50 4.999605 -2.124877 1.289320 0.995862 0.090420 -0.009137 0.583672 0.786921 1 50 1.000000
  50 4.964874 -2.386866 0.889437 0.949773 0.048727 -0.309122 0.622443 0.802097 1 50 1.000000
shoe
  50 4.899112 -2.798147 0.778036 0.851327 -0.074224 -0.519359 0.658538 0.786728 2 50 0.939357 51 0.060643
  50 4.897549 -2.344926 0.762120 0.888849 0.075550 -0.451928 0.626311 0.815334 1 50 1.000000
  50 4.964874 -2.386866 0.889437 0.949773 0.048727 -0.309122 0.622443 0.802097 1 50 1.000000
shoe
  50 4.999605 -2.124877 1.289320 0.995862 0.090420 -0.009137 0.583672 0.786921 1 50 1.000000
  50 4.947830 -2.301056 1.691099 0.946462 -0.038567 0.320501 0.576010 0.747788 1 50 1.000000
  50 5.021284 -2.534405 1.245458 0.999800 -0.013795 0.014461 0.614725 0.766880 1 50 1.000000
shoe
  50 4.999605 -2.124877 1.289320 0.995862 0.090420 -0.009137 0.583672 0.786921 1 50 1.000000
  50 5.021284 -2.534405 1.245458 0.999800 -0.013795 0.014461 0.614725 0.766880 1 50 1.000000
  50 4.964874 -2.386866 0.889437 0.949773 0.048727 -0.309122 0.622443 0.802097 1 50 1.000000
shoe
  50 4.951735 -2.818787 0.866203 0.930935 -0.086874 -0.354701 0.654525 0.778178 2 50 0.928611 51 0.071389
  50 4.899112 -2.798147 0.778036 0.851327 -0.074224 -0.519359 0.658538 0.786728 2 50 0.939357 51 0.060643
  50 4.964874 -2.386866 0.889437 0.949773 0.048727 -0.309122 0.622443 0.802097 1 50 1.000000
shoe
  50 4.964874 -2.386866 0.889437 0.949773 0.048727 -0.309122 0.622443 0.802097 1 50 1.000000
  50 5.021284 -2.534405 1.245458 0.999800 -0.013795 0.014461 0.614725 0.766880 1 50 1.000000
  50 4.951735 -2.818787 0.866203 0.930935 -0.086874 -0.354701 0.654525 0.778178 2 50 0.928611 51 0.071389
shoe
  50 4.822441 -3.233260 0.793522 0.766352 -0.171459 -0.619117 0.690914 0.759476 2 50 0.742412 51 0.257588
  50 4.899112 -2.798147 0.778036 0.851327 -0.074224 -0.519359 0.658538 0.786728 2 50 0.939357 51 0.060643
  50 4.951735 -2.818787 0.866203 0.930935 -0.086874 -0.354701 0.654525 0.778178 2 50 0.928611 51 0.071389
shoe
  50 4.947830 -2.301056 1.691099 0.946462 -0.038567 0.320501 0.576010 0.747788 1 50 1.000000
  50 4.925886 -2.714142 1.653016 0.918886 -0.097636 0.382251 0.606659 0.726226 2 50 0.964903 51 0.035097
  50 5.021284 -2.534405 1.245458 0.999800 -0.013795 0.014461 0.614725 0.766880 1 50 1.000000
shoe
  50 4.947830 -2.301056 1.691099 0.946462 -0.038567 0.320501 0.576010 0.747788 1 50 1.000000
  50 4.746215 -2.457568 1.999693 0.802731 -0.167073 0.572459 0.569244 0.712031 1 50 1.000000
  50 4.925886 -2.714142 1.653016 0.918886 -0.097636 0.382251 0.606659 0.726226 2 50 0.964903 51 0.035097
shoe
  50 4.746215 -2.457568 1.999693 0.802731 -0.167073 0.572459 0.569244 0.712031 1 50 1.000000
  50 4.675209 -2.874969 1.976623 0.705289 -0.181464 0.685302 0.599121 0.686182 2 50 0.888252 51 0.111748
  50 4.925886 -2.714142 1.653016 0.918886 -0.097636 0.382251 0.606659 0.726226 2 50 0.964903 51 0.035097
shoe
  50 5.021284 -2.534405 1.245458 0.999800 -0.013795 0.014461 0.614725 0.766880 1 50 1.000000
  50 4.996370 -2.952037 1.243929 0.993210 -0.113301 0.026386 0.644111 0.742942 2 50 0.862814 51 0.137186
  50 4.951735 -2.818787 0.866203 0.930935 -0.086874 -0.354701 0.654525 0.778178 2 50 0.928611 51 0.071389
shoe
  50 5.021284 -2.534405 1.245458 0.999800 -0.013795 0.014461 0.614725 0.766880 1 50 1.000000
  50 4.925886 -2.714142 1.653016 0.918886 -0.097636 0.382251 0.606659 0.726226 2 50 0.964903 51 0.035097
  50 4.996370 -2.952037 1.243929 0.993210 -0.113301 0.026386 0.644111 0.742942 2 50 0.862814 51 0.137186
shoe
  50 4.887990 -3.258357 0.880097 0.893243 -0.186722 -0.408964 0.686005 0.750719 2 50 0.729634 51 0.270366
  50 4.822441 -3.233260 0.793522 0.766352 -0.171459 -0.619117 0.690914 0.759476 2 50 0.742412 51 0.257588
  50 4.951735 -2.818787 0.866203 0.930935 -0.086874 -0.354701 0.654525 0.778178 2 50 0.928611 51 0.071389
shoe
  50 4.887990 -3.258357 0.880097 0.893243 -0.186722 -0.408964 0.686005 0.750719 2 50 0.729634 51 0.270366
  50 4.951735 -2.818787 0.866203 0.930935 -0.086874 -0.354701 0.654525 0.778178 2 50 0.928611 51 0.071389
  50 4.996370 -2.952037 1.243929 0.993210 -0.113301 0.026386 0.644111 0.742942 2 50 0.862814 51 0.137186
shoe
  50 4.733837 -3.648912 0.829644 0.759171 -0.256297 -0.598307 0.720758 0.730629 2 50 0.554018 51 0.445982
  50 4.822441 -3.233260 0.793522 0.766352 -0.171459 -0.619117 0.690914 0.759476 2 50 0.742412 51 0.257588
  50 4.887990 -3.258357 0.880097 0.893243 -0.186722 -0.408964 0.686005 0.750719 2 50 0.729634 51 0.270366
shoe
  50 4.925886 -2.714142 1.653016 0.918886 -0.097636 0.382251 0.606659 0.726226 2 50 0.964903 51 0.035097
  50 4.675209 -2.874969 1.976623 0.705289 -0.181464 0.685302 0.599121 0.686182 2 50 0.888252 51 0.111748
  50 4.890529 -3.121554 1.635314 0.902779 -0.135814 0.408099 0.636105 0.703749 2 50 0.780846 51 0.219154
shoe
  50 4.925886 -2.714142 1.653016 0.918886 -0.097636 0.382251 0.606659 0.726226 2 50 0.964903 51 0.035097
  50 4.890529 -3.121554 1.635314 0.902779 -0.135814 0.408099 0.636105 0.703749 2 50 0.780846 51 0.219154
  50 4.996370 -2.952037 1.243929 0.993210 -0.113301 0.026386 0.644111 0.742942 2 50 0.862814 51 0.137186
shoe
  50 4.675209 -2.874969 1.976623 0.705289 -0.181464 0.685302 0.599121 0.686182 2 50 0.888252 51 0.111748
  50 4.625188 -3.267634 1.941767 0.659707 -0.140312 0.738308 0.628915 0.664718 2 50 0.711157 51 0.288843
  50 4.890529 -3.121554 1.635314 0.902779 -0.135814 0.408099 0.636105 0.703749 2 50 0.780846 51 0.219154
shoe
  50 4.926814 -3.368061 1.246838 0.980264 -0.197475 0.009300 0.673263 0.718129 2 50 0.674667 51 0.325333
  50 4.887990 -3.258357 0.880097 0.893243 -0.186722 -0.408964 0.686005 0.750719 2 50 0.729634 51 0.270366
  50 4.996370 -2.952037 1.243929 0.993210 -0.113301 0.026386 0.644111 0.742942 2 50 0.862814 51 0.137186
shoe
  50 4.926814 -3.368061 1.246838 0.980264 -0.197475 0.009300 0.673263 0.718129 2 50 0.674667 51 0.325333
  50 4.996370 -2.952037 1.243929 0.993210 -0.113301 0.026386 0.644111 0.742942 2 50 0.862814 51 0.137186
  50 4.890529 -3.121554 1.635314 0.902779 -0.135814 0.408099 0.636105 0.703749 2 50 0.780846 51 0.219154
shoe
  50 4.798723 -3.672373 0.922702 0.880668 -0.274690 -0.385965 0.714399 0.721990 2 50 0.541891 51 0.458109
  50 4.733837 -3.648912 0.829644 0.759171 -0.256297 -0.598307 0.720758 0.730629 2 50 0.554018 51 0.445982
  50 4.887990 -3.258357 0.880097 0.893243 -0.186722 -0.408964 0.686005 0.750719 2 50 0.729634 51 0.270366
shoe
  50 4.887990 -3.258357 0.880097 0.893243 -0.186722 -0.408964 0.686005 0.750719 2 50 0.729634 51 0.270366
  50 4.926814 -3.368061 1.246838 0.980264 -0.197475 0.009300 0.673263 0.718129 2 50 0.674667 51 0.325333
  50 4.798723 -3.672373 0.922702 0.880668 -0.274690 -0.385965 0.714399 0.721990 2 50 0.541891 51 0.458109
shoe
  51 4.595939 -4.087768 0.871550 0.736151 -0.351811 -0.578196 0.751591 0.697703 2 51 0.644816 50 0.355184
  50 4.733837 -3.648912 0.829644 0.759171 -0.256297 -0.598307 0.720758 0.730629 2 50 0.554018 51 0.445982
  50 4.798723 -3.672373 0.922702 0.880668 -0.274690 -0.385965 0.714399 0.721990 2 50 0.541891 51 0.458109
shoe
  50 4.830294 -3.517300 1.617768 0.902608 -0.190619 0.385957 0.664415 0.681984 2 50 0.602141 51 0.397859
  50 4.926814 -3.368061 1.246838 0.980264 -0.197475 0.009300 0.673263 0.718129 2 50 0.674667 51 0.325333
  50 4.890529 -3.121554 1.635314 0.902779 -0.135814 0.408099 0.636105 0.703749 2 50 0.780846 51 0.219154
shoe
  50 4.830294 -3.517300 1.617768 0.902608 -0.190619 0.385957 0.664415 0.681984 2 50 0.602141 51 0.397859
  50 4.890529 -3.121554 1.635314 0.902779 -0.135814 0.408099 0.636105 0.703749 2 50 0.780846 51 0.219154
  50 4.625188 -3.267634 1.941767 0.659707 -0.140312 0.738308 0.628915 0.664718 2 50 0.711157 51 0.288843
shoe
  50 4.926814 -3.368061 1.246838 0.980264 -0.197475 0.009300 0.673263 0.718129 2 50 0.674667 51 0.325333
  51 4.827035 -3.772233 1.259621 0.959811 -0.280482 -0.009621 0.700866 0.692541 2 51 0.508167 50 0.491833
  50 4.798723 -3.672373 0.922702 0.880668 -0.274690 -0.385965 0.714399 0.721990 2 50 0.541891 51 0.458109
shoe
  51 4.827035 -3.772233 1.259621 0.959811 -0.280482 -0.009621 0.700866 0.692541 2 51 0.508167 50 0.491833
  50 4.926814 -3.368061 1.246838 0.980264 -0.197475 0.009300 0.673263 0.718129 2 50 0.674667 51 0.325333
  50 4.830294 -3.517300 1.617768 0.902608 -0.190619 0.385957 0.664415 0.681984 2 50 0.602141 51 0.397859
shoe
  51 4.650796 -4.107525 0.953699 0.839896 -0.372313 -0.394915 0.744906 0.690704 2 51 0.655084 50 0.344916
  51 4.595939 -4.087768 0.871550 0.736151 -0.351811 -0.578196 0.751591 0.697703 2 51 0.644816 50 0.355184
  50 4.798723 -3.672373 0.922702 0.880668 -0.274690 -0.385965 0.714399 0.721990 2 50 0.541891 51 0.458109
shoe
  51 4.650796 -4.107525 0.953699 0.839896 -0.372313 -0.394915 0.744906 0.690704 2 51 0.655084 50 0.344916
  50 4.798723 -3.672373 0.922702 0.880668 -0.274690 -0.385965 0.714399 0.721990 2 50 0.541891 51 0.458109
  51 4.827035 -3.772233 1.259621 0.959811 -0.280482 -0.009621 0.700866 0.692541 2 51 0.508167 50 0.491833
shoe
  51 4.404315 -4.485554 0.917493 0.675686 -0.444247 -0.588296 0.778260 0.663020 2 51 0.824961 50 0.175039
  51 4.595939 -4.087768 0.871550 0.736151 -0.351811 -0.578196 0.751591 0.697703 2 51 0.644816 50 0.355184
  51 4.650796 -4.107525 0.953699 0.839896 -0.372313 -0.394915 0.744906 0.690704 2 51 0.655084 50 0.344916
shoe
  50 4.586275 -3.643324 1.918924 0.672280 -0.140696 0.726804 0.657144 0.646161 2 50 0.541542 51 0.458458
  50 4.830294 -3.517300 1.617768 0.902608 -0.190619 0.385957 0.664415 0.681984 2 50 0.602141 51 0.397859
  50 4.625188 -3.267634 1.941767 0.659707 -0.140312 0.738308 0.628915 0.664718 2 50 0.711157 51 0.288843
shoe
  50 4.586275 -3.643324 1.918924 0.672280 -0.140696 0.726804 0.657144 0.646161 2 50 0.541542 51 0.458458
  50 4.625188 -3.267634 1.941767 0.659707 -0.140312 0.738308 0.628915 0.664718 2 50 0.711157 51 0.288843
  50 4.246682 -3.405303 2.141885 0.428228 -0.143345 0.892229 0.623163 0.622465 2 50 0.647112 51 0.352888
shoe
  51 4.453610 -4.516017 0.996876 0.771410 -0.476627 -0.421608 0.771337 0.656269 2 51 0.840019 50 0.159981
  51 4.404315 -4.485554 0.917493 0.675686 -0.444247 -0.588296 0.778260 0.663020 2 51 0.824961 50 0.175039
  51 4.650796 -4.107525 0.953699 0.839896 -0.372313 -0.394915 0.744906 0.690704 2 51 0.655084 50 0.344916
shoe
  51 4.202534 -4.799883 0.959845 0.594835 -0.550912 -0.585378 0.797055 0.629740 2 51 0.967250 50 0.032750
  51 4.404315 -4.485554 0.917493 0.675686 -0.444247 -0.588296 0.778260 0.663020 2 51 0.824961 50 0.175039
  51 4.453610 -4.516017 0.996876 0.771410 -0.476627 -0.421608 0.771337 0.656269 2 51 0.840019 50 0.159981
shoe
  51 4.689070 -4.184280 1.267681 0.925665 -0.375367 -0.047372 0.728438 0.665362 2 51 0.694387 50 0.305613
  51 4.650796 -4.107525 0.953699 0.839896 -0.372313 -0.394915 0.744906 0.690704 2 51 0.655084 50 0.344916
  51 4.827035 -3.772233 1.259621 0.959811 -0.280482 -0.009621 0.700866 0.692541 2 51 0.508167 50 0.491833
shoe
  51 4.453610 -4.516017 0.996876 0.771410 -0.476627 -0.421608 0.771337 0.656269 2 51 0.840019 50 0.159981
  51 4.650796 -4.107525 0.953699 0.839896 -0.372313 -0.394915 0.744906 0.690704 2 51 0.655084 50 0.344916
  51 4.689070 -4.184280 1.267681 0.925665 -0.375367 -0.047372 0.728438 0.665362 2 51 0.694387 50 0.305613
shoe
  51 4.738016 -3.897368 1.600304 0.904832 -0.262584 0.335153 0.690978 0.660657 2 51 0.569376 50 0.430624
  51 4.827035 -3.772233 1.259621 0.959811 -0.280482 -0.009621 0.700866 0.692541 2 51 0.508167 50 0.491833
  50 4.830294 -3.517300 1.617768 0.902608 -0.190619 0.385957 0.664415 0.681984 2 50 0.602141 51 0.397859
shoe
  51 4.689070 -4.184280 1.267681 0.925665 -0.375367 -0.047372 0.728438 0.665362 2 51 0.694387 50 0.305613
  51 4.827035 -3.772233 1.259621 0.959811 -0.280482 -0.009621 0.700866 0.692541 2 51 0.508167 50 0.491833
  51 4.738016 -3.897368 1.600304 0.904832 -0.262584 0.335153 0.690978 0.660657 2 51 0.569376 50 0.430624
shoe
  51 4.738016 -3.897368 1.600304 0.904832 -0.262584 0.335153 0.690978 0.660657 2 51 0.569376 50 0.430624
  50 4.830294 -3.517300 1.617768 0.902608 -0.190619 0.385957 0.664415 0.681984 2 50 0.602141 51 0.397859
  50 4.586275 -3.643324 1.918924 0.672280 -0.140696 0.726804 0.657144 0.646161 2 50 0.541542 51 0.458458
shoe
  51 4.241843 -4.844211 1.041646 0.675675 -0.605406 -0.420649 0.789860 0.623183 2 51 0.988588 50 0.011412
  51 4.202534 -4.799883 0.959845 0.594835 -0.550912 -0.585378 0.797055 0.629740 2 51 0.967250 50 0.032750
  51 4.453610 -4.516017 0.996876 0.771410 -0.476627 -0.421608 0.771337 0.656269 2 51 0.840019 50 0.159981
shoe
  51 4.202534 -4.799883 0.959845 0.594835 -0.550912 -0.585378 0.797055 0.629740 2 51 0.967250 50 0.032750
  51 4.241843 -4.844211 1.041646 0.675675 -0.605406 -0.420649 0.789860 0.623183 2 51 0.988588 50 0.011412
  51 3.943737 -5.059093 1.000246 0.456201 -0.663283 -0.593242 0.814212 0.595618 1 51 1.000000
shoe
  51 4.509026 -4.565456 1.279121 0.865170 -0.495090 -0.079794 0.752334 0.637230 2 51 0.866559 50 0.133441
  51 4.453610 -4.516017 0.996876 0.771410 -0.476627 -0.421608 0.771337 0.656269 2 51 0.840019 50 0.159981
  51 4.689070 -4.184280 1.267681 0.925665 -0.375367 -0.047372 0.728438 0.665362 2 51 0.694387 50 0.305613
shoe
  51 4.241843 -4.844211 1.041646 0.675675 -0.605406 -0.420649 0.789860 0.623183 2 51 0.988588 50 0.011412
  51 4.453610 -4.516017 0.996876 0.771410 -0.476627 -0.421608 0.771337 0.656269 2 51 0.840019 50 0.159981
  51 4.509026 -4.565456 1.279121 0.865170 -0.495090 -0.079794 0.752334 0.637230 2 51 0.866559 50 0.133441
shoe
  51 4.619511 -4.261537 1.580937 0.890428 -0.360651 0.277612 0.715522 0.639569 2 51 0.733593 50 0.266407
  51 4.689070 -4.184280 1.267681 0.925665 -0.375367 -0.047372 0.728438 0.665362 2 51 0.694387 50 0.305613
  51 4.738016 -3.897368 1.600304 0.904832 -0.262584 0.335153 0.690978 0.660657 2 51 0.569376 50 0.430624
shoe
  51 4.509026 -4.565456 1.279121 0.865170 -0.495090 -0.079794 0.752334 0.637230 2 51 0.866559 50 0.133441
  51 4.689070 -4.184280 1.267681 0.925665 -0.375367 -0.047372 0.728438 0.665362 2 51 0.694387 50 0.305613
  51 4.619511 -4.261537 1.580937 0.890428 -0.360651 0.277612 0.715522 0.639569 2 51 0.733593 50 0.266407
shoe
  51 4.532706 -4.009109 1.894037 0.712142 -0.200285 0.672859 0.683595 0.629032 2 51 0.623518 50 0.376482
  51 4.738016 -3.897368 1.600304 0.904832 -0.262584 0.335153 0.690978 0.660657 2 51 0.569376 50 0.430624
  50 4.586275 -3.643324 1.918924 0.672280 -0.140696 0.726804 0.657144 0.646161 2 50 0.541542 51 0.458458
shoe
  51 4.619511 -4.261537 1.580937 0.890428 -0.360651 0.277612 0.715522 0.639569 2 51 0.733593 50 0.266407
  51 4.738016 -3.897368 1.600304 0.904832 -0.262584 0.335153 0.690978 0.660657 2 51 0.569376 50 0.430624
  51 4.532706 -4.009109 1.894037 0.712142 -0.200285 0.672859 0.683595 0.629032 2 51 0.623518 50 0.376482
shoe
  51 4.225378 -3.758589 2.114933 0.418403 -0.090741 0.903717 0.651737 0.608155 2 51 0.512355 50 0.487645
  50 4.586275 -3.643324 1.918924 0.672280 -0.140696 0.726804 0.657144 0.646161 2 50 0.541542 51 0.458458
  50 4.246682 -3.405303 2.141885 0.428228 -0.143345 0.892229 0.623163 0.622465 2 50 0.647112 51 0.352888
shoe
  51 4.532706 -4.009109 1.894037 0.712142 -0.200285 0.672859 0.683595 0.629032 2 51 0.623518 50 0.376482
  50 4.586275 -3.643324 1.918924 0.672280 -0.140696 0.726804 0.657144 0.646161 2 50 0.541542 51 0.458458
  51 4.225378 -3.758589 2.114933 0.418403 -0.090741 0.903717 0.651737 0.608155 2 51 0.512355 50 0.487645
shoe
  50 4.246682 -3.405303 2.141885 0.428228 -0.143345 0.892229 0.623163 0.622465 2 50 0.647112 51 0.352888
  50 3.825562 -3.565375 2.270324 0.287587 -0.155162 0.945102 0.622361 0.576368 2 50 0.574067 51 0.425933
  51 4.225378 -3.758589 2.114933 0.418403 -0.090741 0.903717 0.651737 0.608155 2 51 0.512355 50 0.487645
shoe
  51 4.441379 -4.352849 1.858760 0.739752 -0.314790 0.594705 0.707168 0.612360 2 51 0.778341 50 0.221659
  51 4.619511 -4.261537 1.580937 0.890428 -0.360651 0.277612 0.715522 0.639569 2 51 0.733593 50 0.266407
  51 4.532706 -4.009109 1.894037 0.712142 -0.200285 0.672859 0.683595 0.629032 2 51 0.623518 50 0.376482
shoe
  50 3.825562 -3.565375 2.270324 0.287587 -0.155162 0.945102 0.622361 0.576368 2 50 0.574067 51 0.425933
  51 3.825575 -3.871387 2.238825 0.261442 -0.079055 0.961976 0.649457 0.568741 2 51 0.563999 50 0.436001
  51 4.225378 -3.758589 2.114933 0.418403 -0.090741 0.903717 0.651737 0.608155 2 51 0.512355 50 0.487645
shoe
  51 3.825575 -3.871387 2.238825 0.261442 -0.079055 0.961976 0.649457 0.568741 2 51 0.563999 50 0.436001
  50 3.825562 -3.565375 2.270324 0.287587 -0.155162 0.945102 0.622361 0.576368 2 50 0.574067 51 0.425933
  50 3.400683 -3.676047 2.352725 0.170078 -0.187104 0.967505 0.623731 0.531908 2 50 0.524047 51 0.475953
shoe
  51 4.213317 -4.106039 2.094052 0.458570 -0.121015 0.880380 0.678662 0.596554 2 51 0.669293 50 0.330707
  51 4.532706 -4.009109 1.894037 0.712142 -0.200285 0.672859 0.683595 0.629032 2 51 0.623518 50 0.376482
  51 4.225378 -3.758589 2.114933 0.418403 -0.090741 0.903717 0.651737 0.608155 2 51 0.512355 50 0.487645
shoe
  51 4.213317 -4.106039 2.094052 0.458570 -0.121015 0.880380 0.678662 0.596554 2 51 0.669293 50 0.330707
  51 4.225378 -3.758589 2.114933 0.418403 -0.090741 0.903717 0.651737 0.608155 2 51 0.512355 50 0.487645
  51 3.825575 -3.871387 2.238825 0.261442 -0.079055 0.961976 0.649457 0.568741 2 51 0.563999 50 0.436001
shoe
  51 4.441379 -4.352849 1.858760 0.739752 -0.314790 0.594705 0.707168 0.612360 2 51 0.778341 50 0.221659
  51 4.532706 -4.009109 1.894037 0.712142 -0.200285 0.672859 0.683595 0.629032 2 51 0.623518 50 0.376482
  51 4.213317 -4.106039 2.094052 0.458570 -0.121015 0.880380 0.678662 0.596554 2 51 0.669293 50 0.330707
shoe
  51 3.406867 -3.959763 2.316485 0.144522 -0.084683 0.985871 0.649685 0.529022 2 51 0.603879 50 0.396121
  51 3.825575 -3.871387 2.238825 0.261442 -0.079055 0.961976 0.649457 0.568741 2 51 0.563999 50 0.436001
  50 3.400683 -3.676047 2.352725 0.170078 -0.187104 0.967505 0.623731 0.531908 2 50 0.524047 51 0.475953
shoe
  50 3.400683 -3.676047 2.352725 0.170078 -0.187104 0.967505 0.623731 0.531908 2 50 0.524047 51 0.475953
  50 2.969324 -3.726344 2.389528 0.017226 -0.219702 0.975415 0.625575 0.487934 2 50 0.502018 51 0.497982
  51 3.406867 -3.959763 2.316485 0.144522 -0.084683 0.985871 0.649685 0.529022 2 51 0.603879 50 0.396121
shoe
  51 3.833352 -4.201485 2.219057 0.275177 -0.072241 0.958676 0.676401 0.562183 2 51 0.713158 50 0.286842
  51 4.213317 -4.106039 2.094052 0.458570 -0.121015 0.880380 0.678662 0.596554 2 51 0.669293 50 0.330707
  51 3.825575 -3.871387 2.238825 0.261442 -0.079055 0.961976 0.649457 0.568741 2 51 0.563999 50 0.436001
shoe
  51 3.833352 -4.201485 2.219057 0.275177 -0.072241 0.958676 0.676401 0.562183 2 51 0.713158 50 0.286842
  51 3.825575 -3.871387 2.238825 0.261442 -0.079055 0.961976 0.649457 0.568741 2 51 0.563999 50 0.436001
  51 3.406867 -3.959763 2.316485 0.144522 -0.084683 0.985871 0.649685 0.529022 2 51 0.603879 50 0.396121
shoe
  51 4.159052 -4.445572 2.063255 0.513641 -0.222210 0.828731 0.702746 0.583938 2 51 0.822384 50 0.177616
  51 4.441379 -4.352849 1.858760 0.739752 -0.314790 0.594705 0.707168 0.612360 2 51 0.778341 50 0.221659
  51 4.213317 -4.106039 2.094052 0.458570 -0.121015 0.880380 0.678662 0.596554 2 51 0.669293 50 0.330707
shoe
  51 4.159052 -4.445572 2.063255 0.513641 -0.222210 0.828731 0.702746 0.583938 2 51 0.822384 50 0.177616
  51 4.213317 -4.106039 2.094052 0.458570 -0.121015 0.880380 0.678662 0.596554 2 51 0.669293 50 0.330707
  51 3.833352 -4.201485 2.219057 0.275177 -0.072241 0.958676 0.676401 0.562183 2 51 0.713158 50 0.286842
shoe
  50 2.969324 -3.726344 2.389528 0.017226 -0.219702 0.975415 0.625575 0.487934 2 50 0.502018 51 0.497982
  51 2.988367 -4.006139 2.347380 0.010535 -0.093758 0.995539 0.651410 0.490458 2 51 0.624086 50 0.375914
  51 3.406867 -3.959763 2.316485 0.144522 -0.084683 0.985871 0.649685 0.529022 2 51 0.603879 50 0.396121
shoe
  51 2.988367 -4.006139 2.347380 0.010535 -0.093758 0.995539 0.651410 0.490458 2 51 0.624086 50 0.375914
  50 2.969324 -3.726344 2.389528 0.017226 -0.219702 0.975415 0.625575 0.487934 2 50 0.502018 51 0.497982
  51 2.564663 -4.006584 2.319280 -0.171395 -0.103585 0.979742 0.654607 0.452249 2 51 0.622652 50 0.377348
shoe
  51 3.417158 -4.282123 2.301103 0.146711 -0.050256 0.987902 0.676394 0.526380 2 51 0.749604 50 0.250396
  51 3.833352 -4.201485 2.219057 0.275177 -0.072241 0.958676 0.676401 0.562183 2 51 0.713158 50 0.286842
  51 3.406867 -3.959763 2.316485 0.144522 -0.084683 0.985871 0.649685 0.529022 2 51 0.603879 50 0.396121
shoe
  51 3.417158 -4.282123 2.301103 0.146711 -0.050256 0.987902 0.676394 0.526380 2 51 0.749604 50 0.250396
  51 3.406867 -3.959763 2.316485 0.144522 -0.084683 0.985871 0.649685 0.529022 2 51 0.603879 50 0.396121
  51 2.988367 -4.006139 2.347380 0.010535 -0.093758 0.995539 0.651410 0.490458 2 51 0.624086 50 0.375914
shoe
  51 2.564663 -4.006584 2.319280 -0.171395 -0.103585 0.979742 0.654607 0.452249 2 51 0.622652 50 0.377348
  51 2.595336 -4.329064 2.308304 -0.172348 -0.053198 0.983598 0.680511 0.459337 2 51 0.768553 50 0.231447
  51 2.988367 -4.006139 2.347380 0.010535 -0.093758 0.995539 0.651410 0.490458 2 51 0.624086 50 0.375914
shoe
  51 2.196955 -4.303419 2.196860 -0.432927 -0.103610 0.895455 0.685736 0.426490 2 51 0.754201 50 0.245799
  51 2.595336 -4.329064 2.308304 -0.172348 -0.053198 0.983598 0.680511 0.459337 2 51 0.768553 50 0.231447
  51 2.564663 -4.006584 2.319280 -0.171395 -0.103585 0.979742 0.654607 0.452249 2 51 0.622652 50 0.377348
shoe
  51 2.595336 -4.329064 2.308304 -0.172348 -0.053198 0.983598 0.680511 0.459337 2 51 0.768553 50 0.231447
  51 2.196955 -4.303419 2.196860 -0.432927 -0.103610 0.895455 0.685736 0.426490 2 51 0.754201 50 0.245799
  51 2.251680 -4.642538 2.181510 -0.463414 -0.221146 0.858104 0.708867 0.437526 2 51 0.907643 50 0.092357
shoe
  51 2.595336 -4.329064 2.308304 -0.172348 -0.053198 0.983598 0.680511 0.459337 2 51 0.768553 50 0.231447
  51 3.008904 -4.325600 2.333708 0.014827 -0.044663 0.998892 0.677818 0.492681 2 51 0.768553 50 0.231447
  51 2.988367 -4.006139 2.347380 0.010535 -0.093758 0.995539 0.651410 0.490458 2 51 0.624086 50 0.375914
shoe
  51 3.008904 -4.325600 2.333708 0.014827 -0.044663 0.998892 0.677818 0.492681 2 51 0.768553 50 0.231447
  51 3.417158 -4.282123 2.301103 0.146711 -0.050256 0.987902 0.676394 0.526380 2 51 0.749604 50 0.250396
  51 2.988367 -4.006139 2.347380 0.010535 -0.093758 0.995539 0.651410 0.490458 2 51 0.624086 50 0.375914
shoe
  51 2.623073 -4.667788 2.296962 -0.179536 -0.170683 0.968831 0.704898 0.465159 2 51 0.921793 50 0.078207
  51 2.595336 -4.329064 2.308304 -0.172348 -0.053198 0.983598 0.680511 0.459337 2 51 0.768553 50 0.231447
  51 2.251680 -4.642538 2.181510 -0.463414 -0.221146 0.858104 0.708867 0.437526 2 51 0.907643 50 0.092357
shoe
  51 3.008904 -4.325600 2.333708 0.014827 -0.044663 0.998892 0.677818 0.492681 2 51 0.768553 50 0.231447
  51 2.595336 -4.329064 2.308304 -0.172348 -0.053198 0.983598 0.680511 0.459337 2 51 0.768553 50 0.231447
  51 2.623073 -4.667788 2.296962 -0.179536 -0.170683 0.968831 0.704898 0.465159 2 51 0.921793 50 0.078207
shoe
  51 3.828197 -4.538062 2.192705 0.326165 -0.163579 0.931052 0.701539 0.555564 2 51 0.865116 50 0.134884
  51 3.833352 -4.201485 2.219057 0.275177 -0.072241 0.958676 0.676401 0.562183 2 51 0.713158 50 0.286842
  51 3.417158 -4.282123 2.301103 0.146711 -0.050256 0.987902 0.676394 0.526380 2 51 0.749604 50 0.250396
shoe
  51 3.828197 -4.538062 2.192705 0.326165 -0.163579 0.931052 0.701539 0.555564 2 51 0.865116 50 0.134884
  51 4.159052 -4.445572 2.063255 0.513641 -0.222210 0.828731 0.702746 0.583938 2 51 0.822384 50 0.177616
  51 3.833352 -4.201485 2.219057 0.275177 -0.072241 0.958676 0.676401 0.562183 2 51 0.713158 50 0.286842
shoe
  51 3.431283 -4.619474 2.281084 0.175584 -0.139463 0.974536 0.701811 0.524274 2 51 0.902061 50 0.097939
  51 3.417158 -4.282123 2.301103 0.146711 -0.050256 0.987902 0.676394 0.526380 2 51 0.749604 50 0.250396
  51 3.008904 -4.325600 2.333708 0.014827 -0.044663 0.998892 0.677818 0.492681 2 51 0.768553 50 0.231447
shoe
  51 3.431283 -4.619474 2.281084 0.175584 -0.139463 0.974536 0.701811 0.524274 2 51 0.902061 50 0.097939
  51 3.828197 -4.538062 2.192705 0.326165 -0.163579 0.931052 0.701539 0.555564 2 51 0.865116 50 0.134884
  51 3.417158 -4.282123 2.301103 0.146711 -0.050256 0.987902 0.676394 0.526380 2 51 0.749604 50 0.250396
shoe
  51 3.030347 -4.664496 2.317182 0.023359 -0.148947 0.988569 0.703014 0.494475 2 51 0.921779 50 0.078221
  51 3.008904 -4.325600 2.333708 0.014827 -0.044663 0.998892 0.677818 0.492681 2 51 0.768553 50 0.231447
  51 2.623073 -4.667788 2.296962 -0.179536 -0.170683 0.968831 0.704898 0.465159 2 51 0.921793 50 0.078207
shoe
  51 3.030347 -4.664496 2.317182 0.023359 -0.148947 0.988569 0.703014 0.494475 2 51 0.921779 50 0.078221
  51 3.431283 -4.619474 2.281084 0.175584 -0.139463 0.974536 0.701811 0.524274 2 51 0.902061 50 0.097939
  51 3.008904 -4.325600 2.333708 0.014827 -0.044663 0.998892 0.677818 0.492681 2 51 0.768553 50 0.231447
shoe
  51 2.623073 -4.667788 2.296962 -0.179536 -0.170683 0.968831 0.704898 0.465159 2 51 0.921793 50 0.078207
  51 2.251680 -4.642538 2.181510 -0.463414 -0.221146 0.858104 0.708867 0.437526 2 51 0.907643 50 0.092357
  51 2.328784 -4.902946 2.120711 -0.452392 -0.449826 0.770064 0.725913 0.445961 1 51 1.000000
shoe
  51 2.132396 -4.873370 1.964047 -0.688406 -0.497942 0.527400 0.730917 0.429215 1 51 1.000000
  51 2.328784 -4.902946 2.120711 -0.452392 -0.449826 0.770064 0.725913 0.445961 1 51 1.000000
  51 2.251680 -4.642538 2.181510 -0.463414 -0.221146 0.858104 0.708867 0.437526 2 51 0.907643 50 0.092357
shoe
  51 3.030347 -4.664496 2.317182 0.023359 -0.148947 0.988569 0.703014 0.494475 2 51 0.921779 50 0.078221
  51 2.623073 -4.667788 2.296962 -0.179536 -0.170683 0.968831 0.704898 0.465159 2 51 0.921793 50 0.078207
  51 2.658144 -4.992270 2.206137 -0.197042 -0.480855 0.854373 0.727189 0.469439 1 51 1.000000
shoe
  51 2.658144 -4.992270 2.206137 -0.197042 -0.480855 0.854373 0.727189 0.469439 1 51 1.000000
  51 2.623073 -4.667788 2.296962 -0.179536 -0.170683 0.968831 0.704898 0.465159 2 51 0.921793 50 0.078207
  51 2.328784 -4.902946 2.120711 -0.452392 -0.449826 0.770064 0.725913 0.445961 1 51 1.000000
shoe
  51 2.328784 -4.902946 2.120711 -0.452392 -0.449826 0.770064 0.725913 0.445961 1 51 1.000000
  51 2.132396 -4.873370 1.964047 -0.688406 -0.497942 0.527400 0.730917 0.429215 1 51 1.000000
  51 2.253546 -5.012255 1.955356 -0.592351 -0.647509 0.479429 0.738534 0.439444 1 51 1.000000
shoe
  51 2.253546 -5.012255 1.955356 -0.592351 -0.647509 0.479429 0.738534 0.439444 1 51 1.000000
  51 2.132396 -4.873370 1.964047 -0.688406 -0.497942 0.527400 0.730917 0.429215 1 51 1.000000
  51 2.187898 -5.097860 1.667282 -0.647128 -0.730867 0.216931 0.757769 0.428806 1 51 1.000000
shoe
  51 2.396394 -5.106690 1.977776 -0.437331 -0.726237 0.530398 0.742327 0.450566 1 51 1.000000
  51 2.328784 -4.902946 2.120711 -0.452392 -0.449826 0.770064 0.725913 0.445961 1 51 1.000000
  51 2.253546 -5.012255 1.955356 -0.592351 -0.647509 0.479429 0.738534 0.439444 1 51 1.000000
shoe
  51 2.396394 -5.106690 1.977776 -0.437331 -0.726237 0.530398 0.742327 0.450566 1 51 1.000000
  51 2.253546 -5.012255 1.955356 -0.592351 -0.647509 0.479429 0.738534 0.439444 1 51 1.000000
  51 2.187898 -5.097860 1.667282 -0.647128 -0.730867 0.216931 0.757769 0.428806 1 51 1.000000
shoe
  51 2.658144 -4.992270 2.206137 -0.197042 -0.480855 0.854373 0.727189 0.469439 1 51 1.000000
  51 2.328784 -4.902946 2.120711 -0.452392 -0.449826 0.770064 0.725913 0.445961 1 51 1.000000
  51 2.396394 -5.106690 1.977776 -0.437331 -0.726237 0.530398 0.742327 0.450566 1 51 1.000000
shoe
  51 2.433968 -5.257375 1.697279 -0.440704 -0.863244 0.246151 0.764633 0.449434 1 51 1.000000
  51 2.396394 -5.106690 1.977776 -0.437331 -0.726237 0.530398 0.742327 0.450566 1 51 1.000000
  51 2.187898 -5.097860 1.667282 -0.647128 -0.730867 0.216931 0.757769 0.428806 1 51 1.000000
shoe
  51 2.455886 -5.310071 1.394852 -0.430453 -0.902610 0.002295 0.787985 0.444150 1 51 1.000000
  51 2.433968 -5.257375 1.697279 -0.440704 -0.863244 0.246151 0.764633 0.449434 1 51 1.000000
  51 2.187898 -5.097860 1.667282 -0.647128 -0.730867 0.216931 0.757769 0.428806 1 51 1.000000
shoe
  51 2.455886 -5.310071 1.394852 -0.430453 -0.902610 0.002295 0.787985 0.444150 1 51 1.000000
  51 2.743795 -5.402039 1.436360 -0.203158 -0.978737 0.028293 0.791097 0.469081 1 51 1.000000
  51 2.433968 -5.257375 1.697279 -0.440704 -0.863244 0.246151 0.764633 0.449434 1 51 1.000000
shoe
  51 2.699926 -5.221710 2.009598 -0.211939 -0.787698 0.578459 0.746881 0.471948 1 51 1.000000
  51 2.658144 -4.992270 2.206137 -0.197042 -0.480855 0.854373 0.727189 0.469439 1 51 1.000000
  51 2.396394 -5.106690 1.977776 -0.437331 -0.726237 0.530398 0.742327 0.450566 1 51 1.000000
shoe
  51 2.699926 -5.221710 2.009598 -0.211939 -0.787698 0.578459 0.746881 0.471948 1 51 1.000000
  51 2.396394 -5.106690 1.977776 -0.437331 -0.726237 0.530398 0.742327 0.450566 1 51 1.000000
  51 2.433968 -5.257375 1.697279 -0.440704 -0.863244 0.246151 0.764633 0.449434 1 51 1.000000
shoe
  51 3.051471 -5.000637 2.233945 0.018398 -0.449386 0.893148 0.726559 0.495772 1 51 1.000000
  51 3.030347 -4.664496 2.317182 0.023359 -0.148947 0.988569 0.703014 0.494475 2 51 0.921779 50 0.078221
  51 2.658144 -4.992270 2.206137 -0.197042 -0.480855 0.854373 0.727189 0.469439 1 51 1.000000
shoe
  51 3.051471 -5.000637 2.233945 0.018398 -0.449386 0.893148 0.726559 0.495772 1 51 1.000000
  51 2.658144 -4.992270 2.206137 -0.197042 -0.480855 0.854373 0.727189 0.469439 1 51 1.000000
  51 2.699926 -5.221710 2.009598 -0.211939 -0.787698 0.578459 0.746881 0.471948 1 51 1.000000
shoe
  51 2.732941 -5.356795 1.729580 -0.212541 -0.937135 0.276776 0.768393 0.472056 1 51 1.000000
  51 2.699926 -5.221710 2.009598 -0.211939 -0.787698 0.578459 0.746881 0.471948 1 51 1.000000
  51 2.433968 -5.257375 1.697279 -0.440704 -0.863244 0.246151 0.764633 0.449434 1 51 1.000000
shoe
  51 2.743795 -5.402039 1.436360 -0.203158 -0.978737 0.028293 0.791097 0.469081 1 51 1.000000
  51 2.732941 -5.356795 1.729580 -0.212541 -0.937135 0.276776 0.768393 0.472056 1 51 1.000000
  51 2.433968 -5.257375 1.697279 -0.440704 -0.863244 0.246151 0.764633 0.449434 1 51 1.000000
shoe
  51 3.065894 -5.253517 2.027471 0.008693 -0.788123 0.615457 0.748066 0.496511 1 51 1.000000
  51 3.051471 -5.000637 2.233945 0.018398 -0.449386 0.893148 0.726559 0.495772 1 51 1.000000
  51 2.699926 -5.221710 2.009598 -0.211939 -0.787698 0.578459 0.746881 0.471948 1 51 1.000000
shoe
  51 3.065894 -5.253517 2.027471 0.008693 -0.788123 0.615457 0.748066 0.496511 1 51 1.000000
  51 2.699926 -5.221710 2.009598 -0.211939 -0.787698 0.578459 0.746881 0.471948 1 51 1.000000
  51 2.732941 -5.356795 1.729580 -0.212541 -0.937135 0.276776 0.768393 0.472056 1 51 1.000000
shoe
  51 3.051471 -5.000637 2.233945 0.018398 -0.449386 0.893148 0.726559 0.495772 1 51 1.000000
  51 3.443560 -4.952778 2.202568 0.214231 -0.411116 0.886052 0.725520 0.522752 1 51 1.000000
  51 3.030347 -4.664496 2.317182 0.023359 -0.148947 0.988569 0.703014 0.494475 2 51 0.921779 50 0.078221
shoe
  51 3.443560 -4.952778 2.202568 0.214231 -0.411116 0.886052 0.725520 0.522752 1 51 1.000000
  51 3.431283 -4.619474 2.281084 0.175584 -0.139463 0.974536 0.701811 0.524274 2 51 0.902061 50 0.097939
  51 3.030347 -4.664496 2.317182 0.023359 -0.148947 0.988569 0.703014 0.494475 2 51 0.921779 50 0.078221
shoe
  51 3.065894 -5.253517 2.027471 0.008693 -0.788123 0.615457 0.748066 0.496511 1 51 1.000000
  51 3.440027 -5.210876 2.010177 0.227266 -0.754438 0.615770 0.747037 0.522005 1 51 1.000000
  51 3.051471 -5.000637 2.233945 0.018398 -0.449386 0.893148 0.726559 0.495772 1 51 1.000000
shoe
  51 3.440027 -5.210876 2.010177 0.227266 -0.754438 0.615770 0.747037 0.522005 1 51 1.000000
  51 3.443560 -4.952778 2.202568 0.214231 -0.411116 0.886052 0.725520 0.522752 1 51 1.000000
  51 3.051471 -5.000637 2.233945 0.018398 -0.449386 0.893148 0.726559 0.495772 1 51 1.000000
shoe
  51 3.069257 -5.386235 1.749110 0.003545 -0.953116 0.302584 0.769372 0.496450 1 51 1.000000
  51 3.065894 -5.253517 2.027471 0.008693 -0.788123 0.615457 0.748066 0.496511 1 51 1.000000
  51 2.732941 -5.356795 1.729580 -0.212541 -0.937135 0.276776 0.768393 0.472056 1 51 1.000000
shoe
  51 3.443560 -4.952778 2.202568 0.214231 -0.411116 0.886052 0.725520 0.522752 1 51 1.000000
  51 3.801134 -4.861416 2.116936 0.392534 -0.394724 0.830729 0.724488 0.549284 1 51 1.000000
  51 3.431283 -4.619474 2.281084 0.175584 -0.139463 0.974536 0.701811 0.524274 2 51 0.902061 50 0.097939
shoe
  51 3.801134 -4.861416 2.116936 0.392534 -0.394724 0.830729 0.724488 0.549284 1 51 1.000000
  51 3.828197 -4.538062 2.192705 0.326165 -0.163579 0.931052 0.701539 0.555564 2 51 0.865116 50 0.134884
  51 3.431283 -4.619474 2.281084 0.175584 -0.139463 0.974536 0.701811 0.524274 2 51 0.902061 50 0.097939
shoe
  51 3.069257 -5.386235 1.749110 0.003545 -0.953116 0.302584 0.769372 0.496450 1 51 1.000000
  51 2.732941 -5.356795 1.729580 -0.212541 -0.937135 0.276776 0.768393 0.472056 1 51 1.000000
  51 3.066490 -5.434649 1.448977 -0.007783 -0.999585 0.027739 0.792896 0.495787 1 51 1.000000
shoe
  51 2.732941 -5.356795 1.729580 -0.212541 -0.937135 0.276776 0.768393 0.472056 1 51 1.000000
  51 2.743795 -5.402039 1.436360 -0.203158 -0.978737 0.028293 0.791097 0.469081 1 51 1.000000
  51 3.066490 -5.434649 1.448977 -0.007783 -0.999585 0.027739 0.792896 0.495787 1 51 1.000000
shoe
  51 3.069257 -5.386235 1.749110 0.003545 -0.953116 0.302584 0.769372 0.496450 1 51 1.000000
  51 3.424127 -5.348186 1.735188 0.219919 -0.926763 0.304543 0.768480 0.522476 1 51 1.000000
  51 3.065894 -5.253517 2.027471 0.008693 -0.788123 0.615457 0.748066 0.496511 1 51 1.000000
shoe
  51 3.424127 -5.348186 1.735188 0.219919 -0.926763 0.304543 0.768480 0.522476 1 51 1.000000
  51 3.440027 -5.210876 2.010177 0.227266 -0.754438 0.615770 0.747037 0.522005 1 51 1.000000
  51 3.065894 -5.253517 2.027471 0.008693 -0.788123 0.615457 0.748066 0.496511 1 51 1.000000
shoe
  51 3.066490 -5.434649 1.448977 -0.007783 -0.999585 0.027739 0.792896 0.495787 1 51 1.000000
  51 3.407578 -5.406799 1.438858 0.190936 -0.980970 0.035220 0.791783 0.524153 1 51 1.000000
  51 3.069257 -5.386235 1.749110 0.003545 -0.953116 0.302584 0.769372 0.496450 1 51 1.000000
shoe
  51 3.407578 -5.406799 1.438858 0.190936 -0.980970 0.035220 0.791783 0.524153 1 51 1.000000
  51 3.424127 -5.348186 1.735188 0.219919 -0.926763 0.304543 0.768480 0.522476 1 51 1.000000
  51 3.069257 -5.386235 1.749110 0.003545 -0.953116 0.302584 0.769372 0.496450 1 51 1.000000
shoe
  51 3.058439 -5.403772 1.162436 -0.003294 -0.948872 -0.315644 0.819270 0.494419 1 51 1.000000
  51 3.066490 -5.434649 1.448977 -0.007783 -0.999585 0.027739 0.792896 0.495787 1 51 1.000000
  51 2.743795 -5.402039 1.436360 -0.203158 -0.978737 0.028293 0.791097 0.469081 1 51 1.000000
shoe
  51 3.407578 -5.406799 1.438858 0.190936 -0.980970 0.035220 0.791783 0.524153 1 51 1.000000
  51 3.066490 -5.434649 1.448977 -0.007783 -0.999585 0.027739 0.792896 0.495787 1 51 1.000000
  51 3.058439 -5.403772 1.162436 -0.003294 -0.948872 -0.315644 0.819270 0.494419 1 51 1.000000
shoe
  51 2.753123 -5.378283 1.156625 -0.171634 -0.935014 -0.310308 0.815901 0.464292 1 51 1.000000
  51 3.058439 -5.403772 1.162436 -0.003294 -0.948872 -0.315644 0.819270 0.494419 1 51 1.000000
  51 2.743795 -5.402039 1.436360 -0.203158 -0.978737 0.028293 0.791097 0.469081 1 51 1.000000
shoe
  51 3.059545 -5.338298 1.055732 0.000969 -0.849952 -0.526860 0.832910 0.494187 1 51 1.000000
  51 3.058439 -5.403772 1.162436 -0.003294 -0.948872 -0.315644 0.819270 0.494419 1 51 1.000000
  51 2.753123 -5.378283 1.156625 -0.171634 -0.935014 -0.310308 0.815901 0.464292 1 51 1.000000
shoe
  51 3.058439 -5.403772 1.162436 -0.003294 -0.948872 -0.315644 0.819270 0.494419 1 51 1.000000
  51 3.059545 -5.338298 1.055732 0.000969 -0.849952 -0.526860 0.832910 0.494187 1 51 1.000000
  51 3.398867 -5.375364 1.156920 0.160862 -0.931087 -0.327415 0.816771 0.528169 1 51 1.000000
shoe
  51 3.398867 -5.375364 1.156920 0.160862 -0.931087 -0.327415 0.816771 0.528169 1 51 1.000000
  51 3.407578 -5.406799 1.438858 0.190936 -0.980970 0.035220 0.791783 0.524153 1 51 1.000000
  51 3.058439 -5.403772 1.162436 -0.003294 -0.948872 -0.315644 0.819270 0.494419 1 51 1.000000
shoe
  51 3.059545 -5.338298 1.055732 0.000969 -0.849952 -0.526860 0.832910 0.494187 1 51 1.000000
  51 3.387152 -5.304135 1.045033 0.135557 -0.829460 -0.541868 0.830014 0.530837 1 51 1.000000
  51 3.398867 -5.375364 1.156920 0.160862 -0.931087 -0.327415 0.816771 0.528169 1 51 1.000000
shoe
  51 3.424127 -5.348186 1.735188 0.219919 -0.926763 0.304543 0.768480 0.522476 1 51 1.000000
  51 3.407578 -5.406799 1.438858 0.190936 -0.980970 0.035220 0.791783 0.524153 1 51 1.000000
  51 3.753929 -5.244799 1.686453 0.426295 -0.859257 0.282753 0.765981 0.548178 1 51 1.000000
shoe
  51 3.424127 -5.348186 1.735188 0.219919 -0.926763 0.304543 0.768480 0.522476 1 51 1.000000
  51 3.753929 -5.244799 1.686453 0.426295 -0.859257 0.282753 0.765981 0.548178 1 51 1.000000
  51 3.440027 -5.210876 2.010177 0.227266 -0.754438 0.615770 0.747037 0.522005 1 51 1.000000
shoe
  51 3.732562 -5.310095 1.404202 0.397823 -0.917050 0.027491 0.788379 0.552081 1 51 1.000000
  51 3.407578 -5.406799 1.438858 0.190936 -0.980970 0.035220 0.791783 0.524153 1 51 1.000000
  51 3.398867 -5.375364 1.156920 0.160862 -0.931087 -0.327415 0.816771 0.528169 1 51 1.000000
shoe
  51 3.407578 -5.406799 1.438858 0.190936 -0.980970 0.035220 0.791783 0.524153 1 51 1.000000
  51 3.732562 -5.310095 1.404202 0.397823 -0.917050 0.027491 0.788379 0.552081 1 51 1.000000
  51 3.753929 -5.244799 1.686453 0.426295 -0.859257 0.282753 0.765981 0.548178 1 51 1.000000
shoe
  51 3.703173 -5.283226 1.128543 0.347077 -0.872399 -0.344176 0.812332 0.559118 1 51 1.000000
  51 3.398867 -5.375364 1.156920 0.160862 -0.931087 -0.327415 0.816771 0.528169 1 51 1.000000
  51 3.387152 -5.304135 1.045033 0.135557 -0.829460 -0.541868 0.830014 0.530837 1 51 1.000000
shoe
  51 3.703173 -5.283226 1.128543 0.347077 -0.872399 -0.344176 0.812332 0.559118 1 51 1.000000
  51 3.732562 -5.310095 1.404202 0.397823 -0.917050 0.027491 0.788379 0.552081 1 51 1.000000
  51 3.398867 -5.375364 1.156920 0.160862 -0.931087 -0.327415 0.816771 0.528169 1 51 1.000000
shoe
  51 3.671227 -5.225576 1.029242 0.288260 -0.782127 -0.552434 0.823903 0.562911 1 51 1.000000
  51 3.703173 -5.283226 1.128543 0.347077 -0.872399 -0.344176 0.812332 0.559118 1 51 1.000000
  51 3.387152 -5.304135 1.045033 0.135557 -0.829460 -0.541868 0.830014 0.530837 1 51 1.000000
shoe
  51 3.753929 -5.244799 1.686453 0.426295 -0.859257 0.282753 0.765981 0.548178 1 51 1.000000
  51 3.775126 -5.101812 1.956014 0.434087 -0.690685 0.578379 0.744249 0.546470 1 51 1.000000
  51 3.440027 -5.210876 2.010177 0.227266 -0.754438 0.615770 0.747037 0.522005 1 51 1.000000
shoe
  51 3.440027 -5.210876 2.010177 0.227266 -0.754438 0.615770 0.747037 0.522005 1 51 1.000000
  51 3.775126 -5.101812 1.956014 0.434087 -0.690685 0.578379 0.744249 0.546470 1 51 1.000000
  51 3.443560 -4.952778 2.202568 0.214231 -0.411116 0.886052 0.725520 0.522752 1 51 1.000000
shoe
  51 3.775126 -5.101812 1.956014 0.434087 -0.690685 0.578379 0.744249 0.546470 1 51 1.000000
  51 3.801134 -4.861416 2.116936 0.392534 -0.394724 0.830729 0.724488 0.549284 1 51 1.000000
  51 3.443560 -4.952778 2.202568 0.214231 -0.411116 0.886052 0.725520 0.522752 1 51 1.000000
shoe
  51 3.775126 -5.101812 1.956014 0.434087 -0.690685 0.578379 0.744249 0.546470 1 51 1.000000
  51 3.753929 -5.244799 1.686453 0.426295 -0.859257 0.282753 0.765981 0.548178 1 51 1.000000
  51 4.033873 -5.081868 1.621814 0.610507 -0.750902 0.251845 0.761119 0.572750 1 51 1.000000
shoe
  51 3.753929 -5.244799 1.686453 0.426295 -0.859257 0.282753 0.765981 0.548178 1 51 1.000000
  51 3.732562 -5.310095 1.404202 0.397823 -0.917050 0.027491 0.788379 0.552081 1 51 1.000000
  51 4.033873 -5.081868 1.621814 0.610507 -0.750902 0.251845 0.761119 0.572750 1 51 1.000000
shoe
  51 3.801134 -4.861416 2.116936 0.392534 -0.394724 0.830729 0.724488 0.549284 1 51 1.000000
  51 3.775126 -5.101812 1.956014 0.434087 -0.690685 0.578379 0.744249 0.546470 1 51 1.000000
  51 4.062315 -4.920094 1.880838 0.603562 -0.604163 0.520288 0.738475 0.570774 1 51 1.000000
shoe
  51 4.062315 -4.920094 1.880838 0.603562 -0.604163 0.520288 0.738475 0.570774 1 51 1.000000
  51 3.775126 -5.101812 1.956014 0.434087 -0.690685 0.578379 0.744249 0.546470 1 51 1.000000
  51 4.033873 -5.081868 1.621814 0.610507 -0.750902 0.251845 0.761119 0.572750 1 51 1.000000
shoe
  51 3.732562 -5.310095 1.404202 0.397823 -0.917050 0.027491 0.788379 0.552081 1 51 1.000000
  51 4.020998 -5.142463 1.352822 0.597091 -0.802081 -0.012155 0.782270 0.579497 1 51 1.000000
  51 4.033873 -5.081868 1.621814 0.610507 -0.750902 0.251845 0.761119 0.572750 1 51 1.000000
shoe
  51 3.732562 -5.310095 1.404202 0.397823 -0.917050 0.027491 0.788379 0.552081 1 51 1.000000
  51 3.703173 -5.283226 1.128543 0.347077 -0.872399 -0.344176 0.812332 0.559118 1 51 1.000000
  51 4.020998 -5.142463 1.352822 0.597091 -0.802081 -0.012155 0.782270 0.579497 1 51 1.000000
shoe
  51 4.033873 -5.081868 1.621814 0.610507 -0.750902 0.251845 0.761119 0.572750 1 51 1.000000
  51 4.275153 -4.858978 1.566928 0.750107 -0.622934 0.222019 0.751908 0.597149 1 51 1.000000
  51 4.062315 -4.920094 1.880838 0.603562 -0.604163 0.520288 0.738475 0.570774 1 51 1.000000
shoe
  51 4.275153 -4.858978 1.566928 0.750107 -0.622934 0.222019 0.751908 0.597149 1 51 1.000000
  51 4.033873 -5.081868 1.621814 0.610507 -0.750902 0.251845 0.761119 0.572750 1 51 1.000000
  51 4.020998 -5.142463 1.352822 0.597091 -0.802081 -0.012155 0.782270 0.579497 1 51 1.000000
shoe
  51 4.102835 -4.711138 2.002975 0.559115 -0.377391 0.738218 0.721373 0.575040 2 51 0.941571 50 0.058429
  51 3.801134 -4.861416 2.116936 0.392534 -0.394724 0.830729 0.724488 0.549284 1 51 1.000000
  51 4.062315 -4.920094 1.880838 0.603562 -0.604163 0.520288 0.738475 0.570774 1 51 1.000000
shoe
  51 3.828197 -4.538062 2.192705 0.326165 -0.163579 0.931052 0.701539 0.555564 2 51 0.865116 50 0.134884
  51 3.801134 -4.861416 2.116936 0.392534 -0.394724 0.830729 0.724488 0.549284 1 51 1.000000
  51 4.102835 -4.711138 2.002975 0.559115 -0.377391 0.738218 0.721373 0.575040 2 51 0.941571 50 0.058429
shoe
  51 4.159052 -4.445572 2.063255 0.513641 -0.222210 0.828731 0.702746 0.583938 2 51 0.822384 50 0.177616
  51 3.828197 -4.538062 2.192705 0.326165 -0.163579 0.931052 0.701539 0.555564 2 51 0.865116 50 0.134884
  51 4.102835 -4.711138 2.002975 0.559115 -0.377391 0.738218 0.721373 0.575040 2 51 0.941571 50 0.058429
shoe
  51 4.102835 -4.711138 2.002975 0.559115 -0.377391 0.738218 0.721373 0.575040 2 51 0.941571 50 0.058429
  51 4.062315 -4.920094 1.880838 0.603562 -0.604163 0.520288 0.738475 0.570774 1 51 1.000000
  51 4.205025 -4.791680 1.832354 0.705169 -0.535268 0.464999 0.733926 0.584823 2 51 0.975909 50 0.024091
shoe
  51 4.275153 -4.858978 1.566928 0.750107 -0.622934 0.222019 0.751908 0.597149 1 51 1.000000
  51 4.205025 -4.791680 1.832354 0.705169 -0.535268 0.464999 0.733926 0.584823 2 51 0.975909 50 0.024091
  51 4.062315 -4.920094 1.880838 0.603562 -0.604163 0.520288 0.738475 0.570774 1 51 1.000000
shoe
  51 4.102835 -4.711138 2.002975 0.559115 -0.377391 0.738218 0.721373 0.575040 2 51 0.941571 50 0.058429
  51 4.320138 -4.616878 1.835777 0.736940 -0.429675 0.521822 0.723908 0.597122 2 51 0.897171 50 0.102829
  51 4.159052 -4.445572 2.063255 0.513641 -0.222210 0.828731 0.702746 0.583938 2 51 0.822384 50 0.177616
shoe
  51 4.320138 -4.616878 1.835777 0.736940 -0.429675 0.521822 0.723908 0.597122 2 51 0.897171 50 0.102829
  51 4.102835 -4.711138 2.002975 0.559115 -0.377391 0.738218 0.721373 0.575040 2 51 0.941571 50 0.058429
  51 4.205025 -4.791680 1.832354 0.705169 -0.535268 0.464999 0.733926 0.584823 2 51 0.975909 50 0.024091
shoe
  51 4.320138 -4.616878 1.835777 0.736940 -0.429675 0.521822 0.723908 0.597122 2 51 0.897171 50 0.102829
  51 4.205025 -4.791680 1.832354 0.705169 -0.535268 0.464999 0.733926 0.584823 2 51 0.975909 50 0.024091
  51 4.275153 -4.858978 1.566928 0.750107 -0.622934 0.222019 0.751908 0.597149 1 51 1.000000
shoe
  51 4.320138 -4.616878 1.835777 0.736940 -0.429675 0.521822 0.723908 0.597122 2 51 0.897171 50 0.102829
  51 4.441379 -4.352849 1.858760 0.739752 -0.314790 0.594705 0.707168 0.612360 2 51 0.778341 50 0.221659
  51 4.159052 -4.445572 2.063255 0.513641 -0.222210 0.828731 0.702746 0.583938 2 51 0.822384 50 0.177616
shoe
  51 4.320138 -4.616878 1.835777 0.736940 -0.429675 0.521822 0.723908 0.597122 2 51 0.897171 50 0.102829
  51 4.466109 -4.588550 1.558837 0.841173 -0.487916 0.233165 0.736683 0.618853 2 51 0.880850 50 0.119150
  51 4.441379 -4.352849 1.858760 0.739752 -0.314790 0.594705 0.707168 0.612360 2 51 0.778341 50 0.221659
shoe
  51 4.466109 -4.588550 1.558837 0.841173 -0.487916 0.233165 0.736683 0.618853 2 51 0.880850 50 0.119150
  51 4.320138 -4.616878 1.835777 0.736940 -0.429675 0.521822 0.723908 0.597122 2 51 0.897171 50 0.102829
  51 4.275153 -4.858978 1.566928 0.750107 -0.622934 0.222019 0.751908 0.597149 1 51 1.000000
shoe
  51 4.466109 -4.588550 1.558837 0.841173 -0.487916 0.233165 0.736683 0.618853 2 51 0.880850 50 0.119150
  51 4.619511 -4.261537 1.580937 0.890428 -0.360651 0.277612 0.715522 0.639569 2 51 0.733593 50 0.266407
  51 4.441379 -4.352849 1.858760 0.739752 -0.314790 0.594705 0.707168 0.612360 2 51 0.778341 50 0.221659
shoe
  51 4.466109 -4.588550 1.558837 0.841173 -0.487916 0.233165 0.736683 0.618853 2 51 0.880850 50 0.119150
  51 4.509026 -4.565456 1.279121 0.865170 -0.495090 -0.079794 0.752334 0.637230 2 51 0.866559 50 0.133441
  51 4.619511 -4.261537 1.580937 0.890428 -0.360651 0.277612 0.715522 0.639569 2 51 0.733593 50 0.266407
shoe
  51 4.466109 -4.588550 1.558837 0.841173 -0.487916 0.233165 0.736683 0.618853 2 51 0.880850 50 0.119150
  51 4.275153 -4.858978 1.566928 0.750107 -0.622934 0.222019 0.751908 0.597149 1 51 1.000000
  51 4.293189 -4.883012 1.295092 0.759276 -0.646798 -0.071783 0.770650 0.609648 1 51 1.000000
shoe
  51 4.509026 -4.565456 1.279121 0.865170 -0.495090 -0.079794 0.752334 0.637230 2 51 0.866559 50 0.133441
  51 4.466109 -4.588550 1.558837 0.841173 -0.487916 0.233165 0.736683 0.618853 2 51 0.880850 50 0.119150
  51 4.293189 -4.883012 1.295092 0.759276 -0.646798 -0.071783 0.770650 0.609648 1 51 1.000000
shoe
  51 4.293189 -4.883012 1.295092 0.759276 -0.646798 -0.071783 0.770650 0.609648 1 51 1.000000
  51 4.275153 -4.858978 1.566928 0.750107 -0.622934 0.222019 0.751908 0.597149 1 51 1.000000
  51 4.020998 -5.142463 1.352822 0.597091 -0.802081 -0.012155 0.782270 0.579497 1 51 1.000000
shoe
  51 4.293189 -4.883012 1.295092 0.759276 -0.646798 -0.071783 0.770650 0.609648 1 51 1.000000
  51 4.241843 -4.844211 1.041646 0.675675 -0.605406 -0.420649 0.789860 0.623183 2 51 0.988588 50 0.011412
  51 4.509026 -4.565456 1.279121 0.865170 -0.495090 -0.079794 0.752334 0.637230 2 51 0.866559 50 0.133441
shoe
  51 4.020998 -5.142463 1.352822 0.597091 -0.802081 -0.012155 0.782270 0.579497 1 51 1.000000
  51 3.981405 -5.113258 1.089670 0.531586 -0.750925 -0.391827 0.804361 0.589787 1 51 1.000000
  51 4.293189 -4.883012 1.295092 0.759276 -0.646798 -0.071783 0.770650 0.609648 1 51 1.000000
shoe
  51 3.981405 -5.113258 1.089670 0.531586 -0.750925 -0.391827 0.804361 0.589787 1 51 1.000000
  51 4.241843 -4.844211 1.041646 0.675675 -0.605406 -0.420649 0.789860 0.623183 2 51 0.988588 50 0.011412
  51 4.293189 -4.883012 1.295092 0.759276 -0.646798 -0.071783 0.770650 0.609648 1 51 1.000000
shoe
  51 3.703173 -5.283226 1.128543 0.347077 -0.872399 -0.344176 0.812332 0.559118 1 51 1.000000
  51 3.981405 -5.113258 1.089670 0.531586 -0.750925 -0.391827 0.804361 0.589787 1 51 1.000000
  51 4.020998 -5.142463 1.352822 0.597091 -0.802081 -0.012155 0.782270 0.579497 1 51 1.000000
shoe
  51 4.241843 -4.844211 1.041646 0.675675 -0.605406 -0.420649 0.789860 0.623183 2 51 0.988588 50 0.011412
  51 3.981405 -5.113258 1.089670 0.531586 -0.750925 -0.391827 0.804361 0.589787 1 51 1.000000
  51 3.943737 -5.059093 1.000246 0.456201 -0.663283 -0.593242 0.814212 0.595618 1 51 1.000000
shoe
  51 3.981405 -5.113258 1.089670 0.531586 -0.750925 -0.391827 0.804361 0.589787 1 51 1.000000
  51 3.703173 -5.283226 1.128543 0.347077 -0.872399 -0.344176 0.812332 0.559118 1 51 1.000000
  51 3.671227 -5.225576 1.029242 0.288260 -0.782127 -0.552434 0.823903 0.562911 1 51 1.000000
shoe
  51 3.943737 -5.059093 1.000246 0.456201 -0.663283 -0.593242 0.814212 0.595618 1 51 1.000000
  51 3.981405 -5.113258 1.089670 0.531586 -0.750925 -0.391827 0.804361 0.589787 1 51 1.000000
  51 3.671227 -5.225576 1.029242 0.288260 -0.782127 -0.552434 0.823903 0.562911 1 51 1.000000
shoe
  50 2.205517 -1.025354 5.204726 -0.870809 -0.440759 0.217768 0.947837 0.691785 1 50 1.000000
  50 2.062001 -0.997752 4.756178 -0.868089 -0.391031 0.305803 0.980962 0.691785 1 50 1.000000
  50 2.447378 -1.407684 5.059659 -0.678745 -0.657020 0.328069 0.947837 0.720313 1 50 1.000000
shoe
  50 2.062001 -0.997752 4.756178 -0.868089 -0.391031 0.305803 0.980962 0.691785 1 50 1.000000
  50 2.205517 -1.025354 5.204726 -0.870809 -0.440759 0.217768 0.947837 0.691785 1 50 1.000000
  50 1.954913 -0.516763 4.843458 -0.952225 -0.233742 0.196549 0.980962 0.660651 1 50 1.000000
shoe
  50 2.062001 -0.997752 4.756178 -0.868089 -0.391031 0.305803 0.980962 0.691785 1 50 1.000000
  50 2.239909 -1.435441 4.649058 -0.671388 -0.595637 0.440971 0.980962 0.720313 1 50 1.000000
  50 2.447378 -1.407684 5.059659 -0.678745 -0.657020 0.328069 0.947837 0.720313 1 50 1.000000
shoe
  50 2.205517 -1.025354 5.204726 -0.870809 -0.440759 0.217768 0.947837 0.691785 1 50 1.000000
  50 2.051313 -0.578386 5.311145 -0.953080 -0.270327 0.136240 0.947837 0.660651 1 50 1.000000
  50 1.954913 -0.516763 4.843458 -0.952225 -0.233742 0.196549 0.980962 0.660651 1 50 1.000000
shoe
  50 2.746175 -1.672142 4.876212 -0.339610 -0.851000 0.400579 0.947837 0.748902 1 50 1.000000
  50 2.447378 -1.407684 5.059659 -0.678745 -0.657020 0.328069 0.947837 0.720313 1 50 1.000000
  50 2.239909 -1.435441 4.649058 -0.671388 -0.595637 0.440971 0.980962 0.720313 1 50 1.000000
shoe
  50 1.954913 -0.516763 4.843458 -0.952225 -0.233742 0.196549 0.980962 0.660651 1 50 1.000000
  50 2.051313 -0.578386 5.311145 -0.953080 -0.270327 0.136240 0.947837 0.660651 1 50 1.000000
  50 1.894724 -0.020776 4.949383 -0.984064 -0.147166 0.099798 0.980962 0.627417 1 50 1.000000
shoe
  50 2.506586 -1.779208 4.509572 -0.346578 -0.767690 0.539013 0.980962 0.748902 1 50 1.000000
  50 2.746175 -1.672142 4.876212 -0.339610 -0.851000 0.400579 0.947837 0.748902 1 50 1.000000
  50 2.239909 -1.435441 4.649058 -0.671388 -0.595637 0.440971 0.980962 0.720313 1 50 1.000000
shoe
  50 2.051313 -0.578386 5.311145 -0.953080 -0.270327 0.136240 0.947837 0.660651 1 50 1.000000
  50 1.958004 -0.142898 5.416818 -0.978884 -0.186448 0.083809 0.947837 0.627417 1 50 1.000000
  50 1.894724 -0.020776 4.949383 -0.984064 -0.147166 0.099798 0.980962 0.627417 1 50 1.000000
shoe
  50 3.124202 -1.796146 4.655692 0.054128 -0.879502 0.472807 0.947837 0.778353 1 50 1.000000
  50 2.746175 -1.672142 4.876212 -0.339610 -0.851000 0.400579 0.947837 0.748902 1 50 1.000000
  50 2.506586 -1.779208 4.509572 -0.346578 -0.767690 0.539013 0.980962 0.748902 1 50 1.000000
shoe
  50 1.958004 -0.142898 5.416818 -0.978884 -0.186448 0.083809 0.947837 0.627417 1 50 1.000000
  50 1.901385 0.317267 5.531901 -0.995867 -0.048554 0.076758 0.947837 0.592765 1 50 1.000000
  50 1.894724 -0.020776 4.949383 -0.984064 -0.147166 0.099798 0.980962 0.627417 1 50 1.000000
shoe
  50 2.873085 -2.005945 4.358109 0.019070 -0.794931 0.606400 0.980962 0.778353 1 50 1.000000
  50 3.124202 -1.796146 4.655692 0.054128 -0.879502 0.472807 0.947837 0.778353 1 50 1.000000
  50 2.506586 -1.779208 4.509572 -0.346578 -0.767690 0.539013 0.980962 0.748902 1 50 1.000000
shoe
  50 1.901385 0.317267 5.531901 -0.995867 -0.048554 0.076758 0.947837 0.592765 1 50 1.000000
  50 1.866513 0.488462 5.073460 -0.998131 -0.010238 0.060246 0.980962 0.592765 1 50 1.000000
  50 1.894724 -0.020776 4.949383 -0.984064 -0.147166 0.099798 0.980962 0.627417 1 50 1.000000
shoe
  50 3.516684 -1.812284 4.395794 0.382130 -0.804225 0.455190 0.947837 0.807519 1 50 1.000000
  50 3.124202 -1.796146 4.655692 0.054128 -0.879502 0.472807 0.947837 0.778353 1 50 1.000000
  50 2.873085 -2.005945 4.358109 0.019070 -0.794931 0.606400 0.980962 0.778353 1 50 1.000000
shoe
  50 1.901385 0.317267 5.531901 -0.995867 -0.048554 0.076758 0.947837 0.592765 1 50 1.000000
  50 1.920364 0.823310 5.662896 -0.991146 0.105081 0.081164 0.947837 0.556606 1 50 1.000000
  50 1.866513 0.488462 5.073460 -0.998131 -0.010238 0.060246 0.980962 0.592765 1 50 1.000000
shoe
  50 3.299966 -2.108009 4.098185 0.368408 -0.758485 0.537565 0.980962 0.807519 1 50 1.000000
  50 3.516684 -1.812284 4.395794 0.382130 -0.804225 0.455190 0.947837 0.807519 1 50 1.000000
  50 2.873085 -2.005945 4.358109 0.019070 -0.794931 0.606400 0.980962 0.778353 1 50 1.000000
shoe
  50 1.920364 0.823310 5.662896 -0.991146 0.105081 0.081164 0.947837 0.556606 1 50 1.000000
  50 1.907666 1.001576 5.209994 -0.989312 0.123635 0.077309 0.980962 0.556606 1 50 1.000000
  50 1.866513 0.488462 5.073460 -0.998131 -0.010238 0.060246 0.980962 0.592765 1 50 1.000000
shoe
  50 3.854081 -1.737221 4.055334 0.632823 -0.677098 0.375596 0.947837 0.837517 1 50 1.000000
  50 3.516684 -1.812284 4.395794 0.382130 -0.804225 0.455190 0.947837 0.807519 1 50 1.000000
  50 3.299966 -2.108009 4.098185 0.368408 -0.758485 0.537565 0.980962 0.807519 1 50 1.000000
shoe
  50 1.920364 0.823310 5.662896 -0.991146 0.105081 0.081164 0.947837 0.556606 1 50 1.000000
  50 2.025691 1.328859 5.808450 -0.965461 0.231491 0.119569 0.947837 0.520872 1 50 1.000000
  50 1.907666 1.001576 5.209994 -0.989312 0.123635 0.077309 0.980962 0.556606 1 50 1.000000
shoe
  50 3.687583 -2.075280 3.768954 0.623980 -0.634838 0.455663 0.980962 0.837517 1 50 1.000000
  50 3.854081 -1.737221 4.055334 0.632823 -0.677098 0.375596 0.947837 0.837517 1 50 1.000000
  50 3.299966 -2.108009 4.098185 0.368408 -0.758485 0.537565 0.980962 0.807519 1 50 1.000000
shoe
  50 2.025691 1.328859 5.808450 -0.965461 0.231491 0.119569 0.947837 0.520872 1 50 1.000000
  50 2.009570 1.497060 5.355968 -0.965636 0.227334 0.125963 0.980962 0.520872 1 50 1.000000
  50 1.907666 1.001576 5.209994 -0.989312 0.123635 0.077309 0.980962 0.556606 1 50 1.000000
shoe
  50 4.121199 -1.592120 3.672443 0.789348 -0.510031 0.341757 0.947837 0.869034 1 50 1.000000
  50 3.854081 -1.737221 4.055334 0.632823 -0.677098 0.375596 0.947837 0.837517 1 50 1.000000
  50 3.687583 -2.075280 3.768954 0.623980 -0.634838 0.455663 0.980962 0.837517 1 50 1.000000
shoe
  50 2.025691 1.328859 5.808450 -0.965461 0.231491 0.119569 0.947837 0.520872 1 50 1.000000
  50 2.203927 1.831724 5.960880 -0.918888 0.346056 0.189447 0.947837 0.484564 1 50 1.000000
  50 2.009570 1.497060 5.355968 -0.965636 0.227334 0.125963 0.980962 0.520872 1 50 1.000000
shoe
  50 4.009758 -1.974242 3.415855 0.769785 -0.471153 0.430633 0.980962 0.869034 1 50 1.000000
  50 4.121199 -1.592120 3.672443 0.789348 -0.510031 0.341757 0.947837 0.869034 1 50 1.000000
  50 3.687583 -2.075280 3.768954 0.623980 -0.634838 0.455663 0.980962 0.837517 1 50 1.000000
shoe
  50 2.203927 1.831724 5.960880 -0.918888 0.346056 0.189447 0.947837 0.484564 1 50 1.000000
  50 2.172141 1.991553 5.514557 -0.923173 0.336291 0.186171 0.980962 0.484564 1 50 1.000000
  50 2.009570 1.497060 5.355968 -0.965636 0.227334 0.125963 0.980962 0.520872 1 50 1.000000
shoe
  50 4.339141 -1.412527 3.303840 0.880943 -0.334660 0.334576 0.947837 0.901812 1 50 1.000000
  50 4.121199 -1.592120 3.672443 0.789348 -0.510031 0.341757 0.947837 0.869034 1 50 1.000000
  50 4.009758 -1.974242 3.415855 0.769785 -0.471153 0.430633 0.980962 0.869034 1 50 1.000000
shoe
  50 2.172141 1.991553 5.514557 -0.923173 0.336291 0.186171 0.980962 0.484564 1 50 1.000000
  50 2.203927 1.831724 5.960880 -0.918888 0.346056 0.189447 0.947837 0.484564 1 50 1.000000
  50 2.427896 2.460241 5.681055 -0.766968 0.582256 0.269699 0.980962 0.446901 1 50 1.000000
shoe
  50 4.286842 -1.823589 3.052179 0.860435 -0.341185 0.378476 0.980962 0.901812 1 50 1.000000
  50 4.339141 -1.412527 3.303840 0.880943 -0.334660 0.334576 0.947837 0.901812 1 50 1.000000
  50 4.009758 -1.974242 3.415855 0.769785 -0.471153 0.430633 0.980962 0.869034 1 50 1.000000
shoe
  50 2.203927 1.831724 5.960880 -0.918888 0.346056 0.189447 0.947837 0.484564 1 50 1.000000
  50 2.469992 2.294101 6.117807 -0.773831 0.563624 0.288987 0.947837 0.446901 1 50 1.000000
  50 2.427896 2.460241 5.681055 -0.766968 0.582256 0.269699 0.980962 0.446901 1 50 1.000000
shoe
  50 4.339141 -1.412527 3.303840 0.880943 -0.334660 0.334576 0.947837 0.901812 1 50 1.000000
  50 4.286842 -1.823589 3.052179 0.860435 -0.341185 0.378476 0.980962 0.901812 1 50 1.000000
  50 4.484121 -1.624448 2.659923 0.934432 -0.222673 0.277943 0.980962 0.934332 1 50 1.000000
shoe
  50 2.469992 2.294101 6.117807 -0.773831 0.563624 0.288987 0.947837 0.446901 1 50 1.000000
  50 2.723165 2.502112 6.188715 -0.366156 0.865738 0.341215 0.947837 0.415876 1 50 1.000000
  50 2.427896 2.460241 5.681055 -0.766968 0.582256 0.269699 0.980962 0.446901 1 50 1.000000
shoe
  50 4.514220 -1.185124 2.875853 0.947466 -0.184513 0.261273 0.947837 0.934332 1 50 1.000000
  50 4.339141 -1.412527 3.303840 0.880943 -0.334660 0.334576 0.947837 0.901812 1 50 1.000000
  50 4.484121 -1.624448 2.659923 0.934432 -0.222673 0.277943 0.980962 0.934332 1 50 1.000000
shoe
  50 2.723165 2.502112 6.188715 -0.366156 0.865738 0.341215 0.947837 0.415876 1 50 1.000000
  50 2.715476 2.667532 5.734928 -0.329623 0.888537 0.319142 0.980962 0.415876 1 50 1.000000
  50 2.427896 2.460241 5.681055 -0.766968 0.582256 0.269699 0.980962 0.446901 1 50 1.000000
shoe
  50 4.514220 -1.185124 2.875853 0.947466 -0.184513 0.261273 0.947837 0.934332 1 50 1.000000
  50 4.484121 -1.624448 2.659923 0.934432 -0.222673 0.277943 0.980962 0.934332 1 50 1.000000
  50 4.563495 -1.520363 2.453720 0.948559 -0.184525 0.257267 0.980962 0.953882 1 50 1.000000
shoe
  50 4.580285 -1.086139 2.674770 0.958545 -0.157833 0.237232 0.947837 0.953882 1 50 1.000000
  50 4.514220 -1.185124 2.875853 0.947466 -0.184513 0.261273 0.947837 0.934332 1 50 1.000000
  50 4.563495 -1.520363 2.453720 0.948559 -0.184525 0.257267 0.980962 0.953882 1 50 1.000000
shoe
  50 2.723165 2.502112 6.188715 -0.366156 0.865738 0.341215 0.947837 0.415876 1 50 1.000000
  50 3.168416 2.534292 6.183429 0.274110 0.905699 0.323376 0.947837 0.388223 1 50 1.000000
  50 2.715476 2.667532 5.734928 -0.329623 0.888537 0.319142 0.980962 0.415876 1 50 1.000000
shoe
  50 3.168416 2.534292 6.183429 0.274110 0.905699 0.323376 0.947837 0.388223 1 50 1.000000
  50 3.193091 2.683167 5.728609 0.296296 0.902837 0.311600 0.980962 0.388223 1 50 1.000000
  50 2.715476 2.667532 5.734928 -0.329623 0.888537 0.319142 0.980962 0.415876 1 50 1.000000
shoe
  50 3.193091 2.683167 5.728609 0.296296 0.902837 0.311600 0.980962 0.388223 1 50 1.000000
  50 3.168416 2.534292 6.183429 0.274110 0.905699 0.323376 0.947837 0.388223 1 50 1.000000
  50 3.575860 2.420304 5.663789 0.714010 0.652727 0.253253 0.980962 0.355456 1 50 1.000000
shoe
  50 3.168416 2.534292 6.183429 0.274110 0.905699 0.323376 0.947837 0.388223 1 50 1.000000
  50 3.544905 2.270355 6.126277 0.710929 0.653633 0.259506 0.947837 0.355456 1 50 1.000000
  50 3.575860 2.420304 5.663789 0.714010 0.652727 0.253253 0.980962 0.355456 1 50 1.000000
shoe
  50 3.575860 2.420304 5.663789 0.714010 0.652727 0.253253 0.980962 0.355456 1 50 1.000000
  50 3.544905 2.270355 6.126277 0.710929 0.653633 0.259506 0.947837 0.355456 1 50 1.000000
  50 3.858602 1.832027 6.001434 0.874594 0.447715 0.186110 0.947837 0.319183 1 50 1.000000
shoe
  50 3.893844 1.959979 5.529897 0.881128 0.435590 0.184049 0.980962 0.319183 1 50 1.000000
  50 3.575860 2.420304 5.663789 0.714010 0.652727 0.253253 0.980962 0.355456 1 50 1.000000
  50 3.858602 1.832027 6.001434 0.874594 0.447715 0.186110 0.947837 0.319183 1 50 1.000000
shoe
  50 4.155877 1.365311 5.355011 0.943393 0.310575 0.116417 0.980962 0.285740 1 50 1.000000
  50 3.893844 1.959979 5.529897 0.881128 0.435590 0.184049 0.980962 0.319183 1 50 1.000000
  50 3.858602 1.832027 6.001434 0.874594 0.447715 0.186110 0.947837 0.319183 1 50 1.000000
shoe
  50 4.152037 1.201507 5.817542 0.939462 0.320466 0.121294 0.947837 0.285740 1 50 1.000000
  50 4.155877 1.365311 5.355011 0.943393 0.310575 0.116417 0.980962 0.285740 1 50 1.000000
  50 3.858602 1.832027 6.001434 0.874594 0.447715 0.186110 0.947837 0.319183 1 50 1.000000
shoe
  50 4.155877 1.365311 5.355011 0.943393 0.310575 0.116417 0.980962 0.285740 1 50 1.000000
  50 4.152037 1.201507 5.817542 0.939462 0.320466 0.121294 0.947837 0.285740 1 50 1.000000
  50 4.252990 0.869971 5.705118 0.991098 0.120336 0.056948 0.947837 0.246623 1 50 1.000000
shoe
  50 4.251536 1.016247 5.213835 0.989196 0.141277 0.039136 0.980962 0.246623 1 50 1.000000
  50 4.155877 1.365311 5.355011 0.943393 0.310575 0.116417 0.980962 0.285740 1 50 1.000000
  50 4.252990 0.869971 5.705118 0.991098 0.120336 0.056948 0.947837 0.246623 1 50 1.000000
shoe
  50 4.266201 0.722979 5.135813 0.999694 0.015633 0.019162 0.980962 0.223331 1 50 1.000000
  50 4.251536 1.016247 5.213835 0.989196 0.141277 0.039136 0.980962 0.246623 1 50 1.000000
  50 4.252990 0.869971 5.705118 0.991098 0.120336 0.056948 0.947837 0.246623 1 50 1.000000
shoe
  50 4.242698 0.565382 5.622458 0.998485 -0.043040 0.034284 0.947837 0.223331 1 50 1.000000
  50 4.266201 0.722979 5.135813 0.999694 0.015633 0.019162 0.980962 0.223331 1 50 1.000000
  50 4.252990 0.869971 5.705118 0.991098 0.120336 0.056948 0.947837 0.246623 1 50 1.000000
shoe
  50 4.142437 1.975219 5.858505 0.963862 0.159183 0.213612 0.930319 0.262006 1 50 1.000000
  50 4.208466 1.588786 5.781603 0.970022 0.155552 0.186707 0.930319 0.293061 1 50 1.000000
  50 4.219561 2.047013 5.411710 0.974643 0.123840 0.186373 0.897044 0.262006 1 50 1.000000
shoe
  50 4.142437 1.975219 5.858505 0.963862 0.159183 0.213612 0.930319 0.262006 1 50 1.000000
  50 4.219561 2.047013 5.411710 0.974643 0.123840 0.186373 0.897044 0.262006 1 50 1.000000
  50 4.181295 2.288536 5.453574 0.966419 0.149899 0.208723 0.897044 0.240119 1 50 1.000000
shoe
  50 4.077744 2.199639 5.909793 0.942935 0.213398 0.255607 0.930319 0.240119 1 50 1.000000
  50 4.142437 1.975219 5.858505 0.963862 0.159183 0.213612 0.930319 0.262006 1 50 1.000000
  50 4.181295 2.288536 5.453574 0.966419 0.149899 0.208723 0.897044 0.240119 1 50 1.000000
shoe
  50 4.208466 1.588786 5.781603 0.970022 0.155552 0.186707 0.930319 0.293061 1 50 1.000000
  50 4.283001 1.642456 5.345138 0.971934 0.151281 0.180161 0.897044 0.293061 1 50 1.000000
  50 4.219561 2.047013 5.411710 0.974643 0.123840 0.186373 0.897044 0.262006 1 50 1.000000
shoe
  50 4.283001 1.642456 5.345138 0.971934 0.151281 0.180161 0.897044 0.293061 1 50 1.000000
  50 4.208466 1.588786 5.781603 0.970022 0.155552 0.186707 0.930319 0.293061 1 50 1.000000
  50 4.265497 1.359266 5.721727 0.864245 0.465926 0.189718 0.930319 0.311963 1 50 1.000000
shoe
  50 4.331675 1.397838 5.314507 0.853384 0.490668 0.176012 0.897044 0.311963 1 50 1.000000
  50 4.283001 1.642456 5.345138 0.971934 0.151281 0.180161 0.897044 0.293061 1 50 1.000000
  50 4.265497 1.359266 5.721727 0.864245 0.465926 0.189718 0.930319 0.311963 1 50 1.000000
shoe
  50 4.331675 1.397838 5.314507 0.853384 0.490668 0.176012 0.897044 0.311963 1 50 1.000000
  50 4.265497 1.359266 5.721727 0.864245 0.465926 0.189718 0.930319 0.311963 1 50 1.000000
  50 4.426736 1.216223 5.725449 0.901576 0.391013 0.185121 0.930319 0.327889 1 50 1.000000
shoe
  50 4.502647 1.240630 5.281946 0.928357 0.325250 0.179902 0.897044 0.327889 1 50 1.000000
  50 4.331675 1.397838 5.314507 0.853384 0.490668 0.176012 0.897044 0.311963 1 50 1.000000
  50 4.426736 1.216223 5.725449 0.901576 0.391013 0.185121 0.930319 0.327889 1 50 1.000000
shoe
  50 4.502647 1.240630 5.281946 0.928357 0.325250 0.179902 0.897044 0.327889 1 50 1.000000
  50 4.426736 1.216223 5.725449 0.901576 0.391013 0.185121 0.930319 0.327889 1 50 1.000000
  50 4.418583 0.979983 5.698102 0.899593 -0.416283 0.132063 0.930319 0.343571 1 50 1.000000
shoe
  50 4.498217 1.007878 5.253300 0.888010 -0.442882 0.123668 0.897044 0.343571 1 50 1.000000
  50 4.502647 1.240630 5.281946 0.928357 0.325250 0.179902 0.897044 0.327889 1 50 1.000000
  50 4.418583 0.979983 5.698102 0.899593 -0.416283 0.132063 0.930319 0.343571 1 50 1.000000
shoe
  50 4.498217 1.007878 5.253300 0.888010 -0.442882 0.123668 0.897044 0.343571 1 50 1.000000
  50 4.418583 0.979983 5.698102 0.899593 -0.416283 0.132063 0.930319 0.343571 1 50 1.000000
  50 4.320382 0.889612 5.663957 0.836490 -0.541609 0.083331 0.930319 0.358563 1 50 1.000000
shoe
  50 4.365319 0.900725 5.237095 0.836933 -0.544047 0.059636 0.897044 0.358563 1 50 1.000000
  50 4.498217 1.007878 5.253300 0.888010 -0.442882 0.123668 0.897044 0.343571 1 50 1.000000
  50 4.320382 0.889612 5.663957 0.836490 -0.541609 0.083331 0.930319 0.358563 1 50 1.000000
shoe
  50 4.365319 0.900725 5.237095 0.836933 -0.544047 0.059636 0.897044 0.358563 1 50 1.000000
  50 4.320382 0.889612 5.663957 0.836490 -0.541609 0.083331 0.930319 0.358563 1 50 1.000000
  50 4.270820 0.684633 5.638982 0.968590 -0.236694 0.076219 0.930319 0.375754 1 50 1.000000
shoe
  50 4.309422 0.718519 5.181119 0.966839 -0.243597 0.076703 0.897044 0.375754 1 50 1.000000
  50 4.365319 0.900725 5.237095 0.836933 -0.544047 0.059636 0.897044 0.358563 1 50 1.000000
  50 4.270820 0.684633 5.638982 0.968590 -0.236694 0.076219 0.930319 0.375754 1 50 1.000000
shoe
  50 4.309422 0.718519 5.181119 0.966839 -0.243597 0.076703 0.897044 0.375754 1 50 1.000000
  50 4.270820 0.684633 5.638982 0.968590 -0.236694 0.076219 0.930319 0.375754 1 50 1.000000
  50 4.181629 0.244177 5.563083 0.966807 -0.232877 0.105130 0.930319 0.409626 1 50 1.000000
shoe
  50 4.234692 0.220496 5.085110 0.964598 -0.225784 0.136279 0.897044 0.409626 1 50 1.000000
  50 4.309422 0.718519 5.181119 0.966839 -0.243597 0.076703 0.897044 0.375754 1 50 1.000000
  50 4.181629 0.244177 5.563083 0.966807 -0.232877 0.105130 0.930319 0.409626 1 50 1.000000
shoe
  50 4.234692 0.220496 5.085110 0.964598 -0.225784 0.136279 0.897044 0.409626 1 50 1.000000
  50 4.181629 0.244177 5.563083 0.966807 -0.232877 0.105130 0.930319 0.409626 1 50 1.000000
  50 4.023873 -0.316898 5.458267 0.926453 -0.334503 0.172604 0.930319 0.452146 1 50 1.000000
shoe
  50 4.113624 -0.333840 4.991936 0.922416 -0.311671 0.228057 0.897044 0.452146 1 50 1.000000
  50 4.234692 0.220496 5.085110 0.964598 -0.225784 0.136279 0.897044 0.409626 1 50 1.000000
  50 4.023873 -0.316898 5.458267 0.926453 -0.334503 0.172604 0.930319 0.452146 1 50 1.000000
shoe
  50 4.113624 -0.333840 4.991936 0.922416 -0.311671 0.228057 0.897044 0.452146 1 50 1.000000
  50 4.023873 -0.316898 5.458267 0.926453 -0.334503 0.172604 0.930319 0.452146 1 50 1.000000
  50 3.824411 -0.785941 5.348155 0.844070 -0.449499 0.292397 0.930319 0.488909 1 50 1.000000
shoe
  50 3.975138 -0.829449 4.908964 0.831982 -0.421653 0.360575 0.897044 0.488909 1 50 1.000000
  50 4.113624 -0.333840 4.991936 0.922416 -0.311671 0.228057 0.897044 0.452146 1 50 1.000000
  50 3.824411 -0.785941 5.348155 0.844070 -0.449499 0.292397 0.930319 0.488909 1 50 1.000000
shoe
  50 3.975138 -0.829449 4.908964 0.831982 -0.421653 0.360575 0.897044 0.488909 1 50 1.000000
  50 3.824411 -0.785941 5.348155 0.844070 -0.449499 0.292397 0.930319 0.488909 1 50 1.000000
  50 3.565630 -1.226012 5.212513 0.690570 -0.611548 0.386163 0.930319 0.522901 1 50 1.000000
shoe
  50 3.772463 -1.280995 4.791683 0.682291 -0.568005 0.460270 0.897044 0.522901 1 50 1.000000
  50 3.975138 -0.829449 4.908964 0.831982 -0.421653 0.360575 0.897044 0.488909 1 50 1.000000
  50 3.565630 -1.226012 5.212513 0.690570 -0.611548 0.386163 0.930319 0.522901 1 50 1.000000
shoe
  50 3.772463 -1.280995 4.791683 0.682291 -0.568005 0.460270 0.897044 0.522901 1 50 1.000000
  50 3.565630 -1.226012 5.212513 0.690570 -0.611548 0.386163 0.930319 0.522901 1 50 1.000000
  50 3.242365 -1.569182 5.059824 0.427772 -0.781149 0.454771 0.930319 0.555965 1 50 1.000000
shoe
  50 3.497332 -1.683756 4.670602 0.422853 -0.708521 0.564972 0.897044 0.555965 1 50 1.000000
  50 3.772463 -1.280995 4.791683 0.682291 -0.568005 0.460270 0.897044 0.522901 1 50 1.000000
  50 3.242365 -1.569182 5.059824 0.427772 -0.781149 0.454771 0.930319 0.555965 1 50 1.000000
shoe
  50 3.497332 -1.683756 4.670602 0.422853 -0.708521 0.564972 0.897044 0.555965 1 50 1.000000
  50 3.242365 -1.569182 5.059824 0.427772 -0.781149 0.454771 0.930319 0.555965 1 50 1.000000
  50 2.887106 -1.760402 4.836871 0.045549 -0.861118 0.506361 0.930319 0.587156 1 50 1.000000
shoe
  50 3.149812 -1.983814 4.496573 0.043813 -0.790899 0.610377 0.897044 0.587156 1 50 1.000000
  50 3.497332 -1.683756 4.670602 0.422853 -0.708521 0.564972 0.897044 0.555965 1 50 1.000000
  50 2.887106 -1.760402 4.836871 0.045549 -0.861118 0.506361 0.930319 0.587156 1 50 1.000000
shoe
  50 3.149812 -1.983814 4.496573 0.043813 -0.790899 0.610377 0.897044 0.587156 1 50 1.000000
  50 2.887106 -1.760402 4.836871 0.045549 -0.861118 0.506361 0.930319 0.587156 1 50 1.000000
  50 2.541764 -1.818610 4.573558 -0.321326 -0.826362 0.462467 0.930319 0.617501 1 50 1.000000
shoe
  50 2.751318 -2.103836 4.253693 -0.316903 -0.771384 0.551851 0.897044 0.617501 1 50 1.000000
  50 3.149812 -1.983814 4.496573 0.043813 -0.790899 0.610377 0.897044 0.587156 1 50 1.000000
  50 2.541764 -1.818610 4.573558 -0.321326 -0.826362 0.462467 0.930319 0.617501 1 50 1.000000
shoe
  50 2.751318 -2.103836 4.253693 -0.316903 -0.771384 0.551851 0.897044 0.617501 1 50 1.000000
  50 2.541764 -1.818610 4.573558 -0.321326 -0.826362 0.462467 0.930319 0.617501 1 50 1.000000
  50 2.257553 -1.779022 4.275268 -0.600874 -0.688196 0.406616 0.930319 0.647298 1 50 1.000000
shoe
  50 2.402477 -2.117480 3.976870 -0.599567 -0.627665 0.496545 0.897044 0.647298 1 50 1.000000
  50 2.751318 -2.103836 4.253693 -0.316903 -0.771384 0.551851 0.897044 0.617501 1 50 1.000000
  50 2.257553 -1.779022 4.275268 -0.600874 -0.688196 0.406616 0.930319 0.647298 1 50 1.000000
shoe
  50 2.402477 -2.117480 3.976870 -0.599567 -0.627665 0.496545 0.897044 0.647298 1 50 1.000000
  50 2.257553 -1.779022 4.275268 -0.600874 -0.688196 0.406616 0.930319 0.647298 1 50 1.000000
  50 2.025232 -1.672169 3.921946 -0.811961 -0.491314 0.315168 0.930319 0.675331 1 50 1.000000
shoe
  50 2.143642 -2.060171 3.685612 -0.796117 -0.453725 0.400415 0.897044 0.675331 1 50 1.000000
  50 2.402477 -2.117480 3.976870 -0.599567 -0.627665 0.496545 0.897044 0.647298 1 50 1.000000
  50 2.025232 -1.672169 3.921946 -0.811961 -0.491314 0.315168 0.930319 0.675331 1 50 1.000000
shoe
  50 2.143642 -2.060171 3.685612 -0.796117 -0.453725 0.400415 0.897044 0.675331 1 50 1.000000
  50 2.025232 -1.672169 3.921946 -0.811961 -0.491314 0.315168 0.930319 0.675331 1 50 1.000000
  50 1.878260 -1.528951 3.585836 -0.940139 -0.300524 0.160702 0.930319 0.702267 1 50 1.000000
shoe
  50 1.953992 -1.937964 3.345151 -0.931957 -0.272978 0.238619 0.897044 0.702267 1 50 1.000000
  50 2.143642 -2.060171 3.685612 -0.796117 -0.453725 0.400415 0.897044 0.675331 1 50 1.000000
  50 1.878260 -1.528951 3.585836 -0.940139 -0.300524 0.160702 0.930319 0.702267 1 50 1.000000
shoe
  50 1.953992 -1.937964 3.345151 -0.931957 -0.272978 0.238619 0.897044 0.702267 1 50 1.000000
  50 1.878260 -1.528951 3.585836 -0.940139 -0.300524 0.160702 0.930319 0.702267 1 50 1.000000
  50 1.833137 -1.360079 3.250888 -0.992573 -0.112495 0.046295 0.930319 0.727660 1 50 1.000000
shoe
  50 1.851013 -1.772375 2.995009 -0.988609 -0.091769 0.119292 0.897044 0.727660 1 50 1.000000
  50 1.953992 -1.937964 3.345151 -0.931957 -0.272978 0.238619 0.897044 0.702267 1 50 1.000000
  50 1.833137 -1.360079 3.250888 -0.992573 -0.112495 0.046295 0.930319 0.727660 1 50 1.000000
shoe
  50 1.851013 -1.772375 2.995009 -0.988609 -0.091769 0.119292 0.897044 0.727660 1 50 1.000000
  50 1.833137 -1.360079 3.250888 -0.992573 -0.112495 0.046295 0.930319 0.727660 1 50 1.000000
  50 1.834685 -1.173281 2.909737 -0.997484 -0.025620 0.066102 0.930319 0.754614 1 50 1.000000
shoe
  50 1.819843 -1.595995 2.670820 -0.994323 -0.021326 0.104244 0.897044 0.754614 1 50 1.000000
  50 1.851013 -1.772375 2.995009 -0.988609 -0.091769 0.119292 0.897044 0.727660 1 50 1.000000
  50 1.834685 -1.173281 2.909737 -0.997484 -0.025620 0.066102 0.930319 0.754614 1 50 1.000000
shoe
  50 1.819843 -1.595995 2.670820 -0.994323 -0.021326 0.104244 0.897044 0.754614 1 50 1.000000
  50 1.834685 -1.173281 2.909737 -0.997484 -0.025620 0.066102 0.930319 0.754614 1 50 1.000000
  50 1.807328 -1.067980 2.689672 -0.993058 -0.027618 0.114334 0.930319 0.772691 1 50 1.000000
shoe
  50 1.791206 -1.486893 2.467088 -0.991833 -0.027949 0.124444 0.897044 0.772691 1 50 1.000000
  50 1.819843 -1.595995 2.670820 -0.994323 -0.021326 0.104244 0.897044 0.754614 1 50 1.000000
  50 1.807328 -1.067980 2.689672 -0.993058 -0.027618 0.114334 0.930319 0.772691 1 50 1.000000
shoe
  50 2.660789 2.418878 6.135046 0.056186 -0.997891 -0.032519 0.842405 0.319613 1 50 1.000000
  50 3.143100 2.439942 6.156452 0.041427 -0.996728 -0.069409 0.880675 0.319613 1 50 1.000000
  50 2.658594 2.449711 6.281555 0.031822 -0.979338 0.199711 0.842405 0.331553 1 50 1.000000
shoe
  50 3.143100 2.439942 6.156452 0.041427 -0.996728 -0.069409 0.880675 0.319613 1 50 1.000000
  50 3.142613 2.462434 6.288599 0.023464 -0.985537 0.167828 0.880675 0.331553 1 50 1.000000
  50 2.658594 2.449711 6.281555 0.031822 -0.979338 0.199711 0.842405 0.331553 1 50 1.000000
shoe
  50 3.145486 2.495304 5.992740 0.075689 -0.920575 -0.383161 0.880675 0.305657 1 50 1.000000
  50 3.143100 2.439942 6.156452 0.041427 -0.996728 -0.069409 0.880675 0.319613 1 50 1.000000
  50 2.660789 2.418878 6.135046 0.056186 -0.997891 -0.032519 0.842405 0.319613 1 50 1.000000
shoe
  50 2.663748 2.463905 5.958669 0.081418 -0.924050 -0.373500 0.842405 0.305657 1 50 1.000000
  50 3.145486 2.495304 5.992740 0.075689 -0.920575 -0.383161 0.880675 0.305657 1 50 1.000000
  50 2.660789 2.418878 6.135046 0.056186 -0.997891 -0.032519 0.842405 0.319613 1 50 1.000000
shoe
  50 3.144615 2.571918 5.847191 0.081665 -0.889413 -0.449751 0.880675 0.292297 1 50 1.000000
  50 3.145486 2.495304 5.992740 0.075689 -0.920575 -0.383161 0.880675 0.305657 1 50 1.000000
  50 2.663748 2.463905 5.958669 0.081418 -0.924050 -0.373500 0.842405 0.305657 1 50 1.000000
shoe
  50 2.665325 2.549189 5.810902 0.075266 -0.881978 -0.465242 0.842405 0.292297 1 50 1.000000
  50 3.144615 2.571918 5.847191 0.081665 -0.889413 -0.449751 0.880675 0.292297 1 50 1.000000
  50 2.663748 2.463905 5.958669 0.081418 -0.924050 -0.373500 0.842405 0.305657 1 50 1.000000
shoe
  50 3.142381 2.657197 5.666385 0.063546 -0.965632 -0.252026 0.880675 0.273874 1 50 1.000000
  50 3.144615 2.571918 5.847191 0.081665 -0.889413 -0.449751 0.880675 0.292297 1 50 1.000000
  50 2.665325 2.549189 5.810902 0.075266 -0.881978 -0.465242 0.842405 0.292297 1 50 1.000000
shoe
  50 2.665771 2.635118 5.634286 0.066619 -0.970822 -0.230363 0.842405 0.273874 1 50 1.000000
  50 3.142381 2.657197 5.666385 0.063546 -0.965632 -0.252026 0.880675 0.273874 1 50 1.000000
  50 2.665325 2.549189 5.810902 0.075266 -0.881978 -0.465242 0.842405 0.292297 1 50 1.000000
shoe
  50 3.135207 2.668923 5.413888 0.054048 -0.997818 -0.037933 0.880675 0.248977 1 50 1.000000
  50 3.142381 2.657197 5.666385 0.063546 -0.965632 -0.252026 0.880675 0.273874 1 50 1.000000
  50 2.665771 2.635118 5.634286 0.066619 -0.970822 -0.230363 0.842405 0.273874 1 50 1.000000
shoe
  50 2.668928 2.639570 5.373435 0.064223 -0.997803 -0.016260 0.842405 0.248977 1 50 1.000000
  50 3.135207 2.668923 5.413888 0.054048 -0.997818 -0.037933 0.880675 0.248977 1 50 1.000000
  50 2.665771 2.635118 5.634286 0.066619 -0.970822 -0.230363 0.842405 0.273874 1 50 1.000000
shoe
  50 3.141270 2.565553 6.307559 -0.027767 0.280706 0.959392 0.880675 0.341025 1 50 1.000000
  50 2.658484 2.554011 6.296963 -0.026694 0.297167 0.954452 0.842405 0.341025 1 50 1.000000
  50 3.142613 2.462434 6.288599 -0.016346 -0.176295 0.984202 0.880675 0.331553 1 50 1.000000
shoe
  50 2.658484 2.554011 6.296963 -0.026694 0.297167 0.954452 0.842405 0.341025 1 50 1.000000
  50 2.658594 2.449711 6.281555 -0.010554 -0.146136 0.989208 0.842405 0.331553 1 50 1.000000
  50 3.142613 2.462434 6.288599 -0.016346 -0.176295 0.984202 0.880675 0.331553 1 50 1.000000
shoe
  50 2.658484 2.554011 6.296963 -0.026694 0.297167 0.954452 0.842405 0.341025 1 50 1.000000
  50 3.141270 2.565553 6.307559 -0.027767 0.280706 0.959392 0.880675 0.341025 1 50 1.000000
  50 3.139748 2.653643 6.225418 -0.033620 0.846062 0.532023 0.880675 0.351483 1 50 1.000000
shoe
  50 2.659773 2.641874 6.211727 -0.037662 0.854874 0.517467 0.842405 0.351483 1 50 1.000000
  50 2.658484 2.554011 6.296963 -0.026694 0.297167 0.954452 0.842405 0.341025 1 50 1.000000
  50 3.139748 2.653643 6.225418 -0.033620 0.846062 0.532023 0.880675 0.351483 1 50 1.000000
shoe
  50 2.659773 2.641874 6.211727 -0.037662 0.854874 0.517467 0.842405 0.351483 1 50 1.000000
  50 3.139748 2.653643 6.225418 -0.033620 0.846062 0.532023 0.880675 0.351483 1 50 1.000000
  50 3.140347 2.710656 6.041150 -0.033597 0.977561 0.207955 0.880675 0.366928 1 50 1.000000
shoe
  50 2.659554 2.695480 6.030529 -0.043670 0.982383 0.181703 0.842405 0.366928 1 50 1.000000
  50 2.659773 2.641874 6.211727 -0.037662 0.854874 0.517467 0.842405 0.351483 1 50 1.000000
  50 3.140347 2.710656 6.041150 -0.033597 0.977561 0.207955 0.880675 0.366928 1 50 1.000000
shoe
  50 2.659554 2.695480 6.030529 -0.043670 0.982383 0.181703 0.842405 0.366928 1 50 1.000000
  50 3.140347 2.710656 6.041150 -0.033597 0.977561 0.207955 0.880675 0.366928 1 50 1.000000
  50 3.142852 2.734725 5.844536 -0.045010 0.996830 -0.065600 0.880675 0.382656 1 50 1.000000
shoe
  50 2.661237 2.708333 5.837426 -0.060724 0.992232 -0.108577 0.842405 0.382656 1 50 1.000000
  50 2.659554 2.695480 6.030529 -0.043670 0.982383 0.181703 0.842405 0.366928 1 50 1.000000
  50 3.142852 2.734725 5.844536 -0.045010 0.996830 -0.065600 0.880675 0.382656 1 50 1.000000
shoe
  50 2.661237 2.708333 5.837426 -0.060724 0.992232 -0.108577 0.842405 0.382656 1 50 1.000000
  50 3.142852 2.734725 5.844536 -0.045010 0.996830 -0.065600 0.880675 0.382656 1 50 1.000000
  50 3.137953 2.685884 5.650086 -0.068414 0.991286 -0.112564 0.880675 0.398398 1 50 1.000000
shoe
  50 2.664224 2.647387 5.635872 -0.088609 0.986113 -0.140459 0.842405 0.398398 1 50 1.000000
  50 2.661237 2.708333 5.837426 -0.060724 0.992232 -0.108577 0.842405 0.382656 1 50 1.000000
  50 3.137953 2.685884 5.650086 -0.068414 0.991286 -0.112564 0.880675 0.398398 1 50 1.000000
shoe
  50 2.664224 2.647387 5.635872 -0.088609 0.986113 -0.140459 0.842405 0.398398 1 50 1.000000
  50 3.137953 2.685884 5.650086 -0.068414 0.991286 -0.112564 0.880675 0.398398 1 50 1.000000
  50 3.116610 2.695911 5.419123 -0.091989 0.995283 0.030822 0.880675 0.419936 1 50 1.000000
shoe
  50 2.657505 2.642440 5.388359 -0.114563 0.993275 -0.016744 0.842405 0.419936 1 50 1.000000
  50 2.664224 2.647387 5.635872 -0.088609 0.986113 -0.140459 0.842405 0.398398 1 50 1.000000
  50 3.116610 2.695911 5.419123 -0.091989 0.995283 0.030822 0.880675 0.419936 1 50 1.000000
shoe
  50 4.166319 1.351475 2.332762 0.988286 -0.152499 0.005905 0.659832 0.181484 1 50 1.000000
  50 4.121821 1.825863 2.633102 0.861147 -0.167494 0.479970 0.688268 0.198730 1 50 1.000000
  50 4.126308 1.192783 2.326272 0.947836 -0.229946 -0.220753 0.650136 0.181683 1 50 1.000000
shoe
  50 4.166319 1.351475 2.332762 0.988286 -0.152499 0.005905 0.659832 0.181484 1 50 1.000000
  50 4.126308 1.192783 2.326272 0.947836 -0.229946 -0.220753 0.650136 0.181683 1 50 1.000000
  50 4.072105 1.259366 2.195398 0.865342 -0.199367 -0.459821 0.650240 0.172725 1 50 1.000000
shoe
  50 4.072105 1.259366 2.195398 0.865342 -0.199367 -0.459821 0.650240 0.172725 1 50 1.000000
  50 4.038909 1.406635 2.086228 0.812551 -0.217674 -0.540720 0.663457 0.166162 1 50 1.000000
  50 4.100578 1.494202 2.143648 0.954129 -0.066464 -0.291925 0.669814 0.170137 1 50 1.000000
shoe
  50 4.166319 1.351475 2.332762 0.988286 -0.152499 0.005905 0.659832 0.181484 1 50 1.000000
  50 4.072105 1.259366 2.195398 0.865342 -0.199367 -0.459821 0.650240 0.172725 1 50 1.000000
  50 4.100578 1.494202 2.143648 0.954129 -0.066464 -0.291925 0.669814 0.170137 1 50 1.000000
shoe
  50 4.121821 1.825863 2.633102 0.861147 -0.167494 0.479970 0.688268 0.198730 1 50 1.000000
  50 4.166319 1.351475 2.332762 0.988286 -0.152499 0.005905 0.659832 0.181484 1 50 1.000000
  50 4.151233 1.858235 2.591181 0.987283 -0.001812 0.158964 0.690661 0.195978 1 50 1.000000
shoe
  50 4.166319 1.351475 2.332762 0.988286 -0.152499 0.005905 0.659832 0.181484 1 50 1.000000
  50 4.100578 1.494202 2.143648 0.954129 -0.066464 -0.291925 0.669814 0.170137 1 50 1.000000
  50 4.151233 1.858235 2.591181 0.987283 -0.001812 0.158964 0.690661 0.195978 1 50 1.000000
shoe
  50 4.121821 1.825863 2.633102 0.861147 -0.167494 0.479970 0.688268 0.198730 1 50 1.000000
  50 4.151233 1.858235 2.591181 0.987283 -0.001812 0.158964 0.690661 0.195978 1 50 1.000000
  50 4.087414 2.471157 2.839692 0.957803 0.200768 0.205681 0.725646 0.211301 1 50 1.000000
shoe
  50 4.049969 2.459954 2.894747 0.818411 0.060082 0.571483 0.724419 0.214931 1 50 1.000000
  50 4.121821 1.825863 2.633102 0.861147 -0.167494 0.479970 0.688268 0.198730 1 50 1.000000
  50 4.087414 2.471157 2.839692 0.957803 0.200768 0.205681 0.725646 0.211301 1 50 1.000000
shoe
  50 4.069448 1.918405 2.245104 0.974625 0.142814 -0.172366 0.697335 0.175796 1 50 1.000000
  50 4.151233 1.858235 2.591181 0.987283 -0.001812 0.158964 0.690661 0.195978 1 50 1.000000
  50 4.100578 1.494202 2.143648 0.954129 -0.066464 -0.291925 0.669814 0.170137 1 50 1.000000
shoe
  50 4.049969 2.459954 2.894747 0.818411 0.060082 0.571483 0.724419 0.214931 1 50 1.000000
  50 4.087414 2.471157 2.839692 0.957803 0.200768 0.205681 0.725646 0.211301 1 50 1.000000
  50 3.853519 2.939783 3.004051 0.746658 0.605790 0.274809 0.756893 0.221063 1 50 1.000000
shoe
  50 3.817808 2.911865 3.055722 0.619811 0.427413 0.658143 0.756025 0.224552 1 50 1.000000
  50 4.049969 2.459954 2.894747 0.818411 0.060082 0.571483 0.724419 0.214931 1 50 1.000000
  50 3.853519 2.939783 3.004051 0.746658 0.605790 0.274809 0.756893 0.221063 1 50 1.000000
shoe
  50 3.998403 2.443326 2.387597 0.938222 0.308647 -0.156448 0.730576 0.185432 1 50 1.000000
  50 4.087414 2.471157 2.839692 0.957803 0.200768 0.205681 0.725646 0.211301 1 50 1.000000
  50 4.151233 1.858235 2.591181 0.987283 -0.001812 0.158964 0.690661 0.195978 1 50 1.000000
shoe
  50 4.069448 1.918405 2.245104 0.974625 0.142814 -0.172366 0.697335 0.175796 1 50 1.000000
  50 3.998403 2.443326 2.387597 0.938222 0.308647 -0.156448 0.730576 0.185432 1 50 1.000000
  50 4.151233 1.858235 2.591181 0.987283 -0.001812 0.158964 0.690661 0.195978 1 50 1.000000
shoe
  50 3.799930 2.880577 2.520761 0.718365 0.680842 -0.142853 0.761279 0.194634 1 50 1.000000
  50 3.853519 2.939783 3.004051 0.746658 0.605790 0.274809 0.756893 0.221063 1 50 1.000000
  50 4.087414 2.471157 2.839692 0.957803 0.200768 0.205681 0.725646 0.211301 1 50 1.000000
shoe
  50 3.998403 2.443326 2.387597 0.938222 0.308647 -0.156448 0.730576 0.185432 1 50 1.000000
  50 3.799930 2.880577 2.520761 0.718365 0.680842 -0.142853 0.761279 0.194634 1 50 1.000000
  50 4.087414 2.471157 2.839692 0.957803 0.200768 0.205681 0.725646 0.211301 1 50 1.000000
shoe
  50 3.817808 2.911865 3.055722 0.619811 0.427413 0.658143 0.756025 0.224552 1 50 1.000000
  50 3.853519 2.939783 3.004051 0.746658 0.605790 0.274809 0.756893 0.221063 1 50 1.000000
  50 3.394931 3.219775 3.083328 0.339712 0.906265 0.251552 0.791154 0.227344 1 50 1.000000
shoe
  50 3.364819 3.177262 3.146621 0.268701 0.714627 0.645839 0.791281 0.231896 1 50 1.000000
  50 3.817808 2.911865 3.055722 0.619811 0.427413 0.658143 0.756025 0.224552 1 50 1.000000
  50 3.394931 3.219775 3.083328 0.339712 0.906265 0.251552 0.791154 0.227344 1 50 1.000000
shoe
  50 3.799930 2.880577 2.520761 0.718365 0.680842 -0.142853 0.761279 0.194634 1 50 1.000000
  50 3.396869 3.132383 2.593568 0.306810 0.940527 -0.145866 0.792586 0.199958 1 50 1.000000
  50 3.853519 2.939783 3.004051 0.746658 0.605790 0.274809 0.756893 0.221063 1 50 1.000000
shoe
  50 3.396869 3.132383 2.593568 0.306810 0.940527 -0.145866 0.792586 0.199958 1 50 1.000000
  50 3.394931 3.219775 3.083328 0.339712 0.906265 0.251552 0.791154 0.227344 1 50 1.000000
  50 3.853519 2.939783 3.004051 0.746658 0.605790 0.274809 0.756893 0.221063 1 50 1.000000
shoe
  50 2.976820 3.262631 3.110535 -0.060569 0.523720 0.849734 0.817703 0.228843 1 50 1.000000
  50 3.364819 3.177262 3.146621 0.268701 0.714627 0.645839 0.791281 0.231896 1 50 1.000000
  50 3.394931 3.219775 3.083328 0.339712 0.906265 0.251552 0.791154 0.227344 1 50 1.000000
shoe
  50 2.973544 3.179861 3.158373 -0.077413 0.506898 0.858523 0.817253 0.233806 1 50 1.000000
  50 3.364819 3.177262 3.146621 0.268701 0.714627 0.645839 0.791281 0.231896 1 50 1.000000
  50 2.976820 3.262631 3.110535 -0.060569 0.523720 0.849734 0.817703 0.228843 1 50 1.000000
shoe
  50 2.973544 3.179861 3.158373 -0.077413 0.506898 0.858523 0.817253 0.233806 1 50 1.000000
  50 2.976820 3.262631 3.110535 -0.060569 0.523720 0.849734 0.817703 0.228843 1 50 1.000000
  50 2.597788 3.182343 3.080652 -0.322668 0.512613 0.795684 0.845496 0.227997 1 50 1.000000
shoe
  50 2.623670 3.116056 3.133670 -0.306118 0.518867 0.798166 0.845983 0.233059 1 50 1.000000
  50 2.973544 3.179861 3.158373 -0.077413 0.506898 0.858523 0.817253 0.233806 1 50 1.000000
  50 2.597788 3.182343 3.080652 -0.322668 0.512613 0.795684 0.845496 0.227997 1 50 1.000000
shoe
  50 2.623670 3.116056 3.133670 -0.306118 0.518867 0.798166 0.845983 0.233059 1 50 1.000000
  50 2.597788 3.182343 3.080652 -0.322668 0.512613 0.795684 0.845496 0.227997 1 50 1.000000
  50 2.299504 2.896778 3.069550 -0.618355 0.376710 0.689729 0.880518 0.227246 1 50 1.000000
shoe
  50 2.597788 3.182343 3.080652 -0.322668 0.512613 0.795684 0.845496 0.227997 1 50 1.000000
  50 2.255689 2.947026 3.000580 -0.738395 0.618868 0.267909 0.877418 0.222312 1 50 1.000000
  50 2.299504 2.896778 3.069550 -0.618355 0.376710 0.689729 0.880518 0.227246 1 50 1.000000
shoe
  50 3.396869 3.132383 2.593568 0.306810 0.940527 -0.145866 0.792586 0.199958 1 50 1.000000
  50 2.997485 3.173222 2.613159 -0.047849 0.986356 -0.157521 0.819548 0.201504 1 50 1.000000
  50 3.394931 3.219775 3.083328 0.339712 0.906265 0.251552 0.791154 0.227344 1 50 1.000000
shoe
  50 2.997485 3.173222 2.613159 -0.047849 0.986356 -0.157521 0.819548 0.201504 1 50 1.000000
  50 2.976820 3.262631 3.110535 -0.053282 0.982438 -0.178818 0.817703 0.228843 1 50 1.000000
  50 3.394931 3.219775 3.083328 0.339712 0.906265 0.251552 0.791154 0.227344 1 50 1.000000
shoe
  50 2.976820 3.262631 3.110535 -0.053282 0.982438 -0.178818 0.817703 0.228843 1 50 1.000000
  50 2.997485 3.173222 2.613159 -0.047849 0.986356 -0.157521 0.819548 0.201504 1 50 1.000000
  50 2.597788 3.182343 3.080652 -0.350934 0.917682 -0.186292 0.845496 0.227997 1 50 1.000000
shoe
  50 2.997485 3.173222 2.613159 -0.047849 0.986356 -0.157521 0.819548 0.201504 1 50 1.000000
  50 2.646678 3.104139 2.598577 -0.358933 0.918684 -0.164883 0.844400 0.200914 1 50 1.000000
  50 2.597788 3.182343 3.080652 -0.350934 0.917682 -0.186292 0.845496 0.227997 1 50 1.000000
shoe
  50 2.597788 3.182343 3.080652 -0.350934 0.917682 -0.186292 0.845496 0.227997 1 50 1.000000
  50 2.646678 3.104139 2.598577 -0.358933 0.918684 -0.164883 0.844400 0.200914 1 50 1.000000
  50 2.255689 2.947026 3.000580 -0.738395 0.618868 0.267909 0.877418 0.222312 1 50 1.000000
shoe
  50 3.026048 3.103725 2.095596 -0.048384 0.987950 -0.147012 0.819286 0.171527 1 50 1.000000
  50 2.997485 3.173222 2.613159 -0.047849 0.986356 -0.157521 0.819548 0.201504 1 50 1.000000
  50 3.396869 3.132383 2.593568 0.306810 0.940527 -0.145866 0.792586 0.199958 1 50 1.000000
shoe
  50 2.997485 3.173222 2.613159 -0.047849 0.986356 -0.157521 0.819548 0.201504 1 50 1.000000
  50 3.026048 3.103725 2.095596 -0.048384 0.987950 -0.147012 0.819286 0.171527 1 50 1.000000
  50 2.646678 3.104139 2.598577 -0.358933 0.918684 -0.164883 0.844400 0.200914 1 50 1.000000
shoe
  50 2.299504 2.896778 3.069550 -0.618355 0.376710 0.689729 0.880518 0.227246 1 50 1.000000
  50 2.255689 2.947026 3.000580 -0.738395 0.618868 0.267909 0.877418 0.222312 1 50 1.000000
  50 2.035409 2.564736 2.889806 -0.926136 0.246046 0.285890 0.904082 0.214834 1 50 1.000000
shoe
  50 2.078956 2.520561 2.936283 -0.732821 -0.006800 0.680387 0.907378 0.218217 1 50 1.000000
  50 2.299504 2.896778 3.069550 -0.618355 0.376710 0.689729 0.880518 0.227246 1 50 1.000000
  50 2.035409 2.564736 2.889806 -0.926136 0.246046 0.285890 0.904082 0.214834 1 50 1.000000
shoe
  50 2.646678 3.104139 2.598577 -0.358933 0.918684 -0.164883 0.844400 0.200914 1 50 1.000000
  50 2.312214 2.885365 2.551138 -0.699880 0.693146 -0.172383 0.872344 0.197691 1 50 1.000000
  50 2.255689 2.947026 3.000580 -0.738395 0.618868 0.267909 0.877418 0.222312 1 50 1.000000
shoe
  50 2.255689 2.947026 3.000580 -0.738395 0.618868 0.267909 0.877418 0.222312 1 50 1.000000
  50 2.312214 2.885365 2.551138 -0.699880 0.693146 -0.172383 0.872344 0.197691 1 50 1.000000
  50 2.035409 2.564736 2.889806 -0.926136 0.246046 0.285890 0.904082 0.214834 1 50 1.000000
shoe
  50 2.078956 2.520561 2.936283 -0.732821 -0.006800 0.680387 0.907378 0.218217 1 50 1.000000
  50 2.035409 2.564736 2.889806 -0.926136 0.246046 0.285890 0.904082 0.214834 1 50 1.000000
  50 1.948778 1.959881 2.661468 -0.968092 -0.123264 0.218182 0.939254 0.201182 1 50 1.000000
shoe
  50 1.987814 1.937350 2.706033 -0.765559 -0.145106 0.626788 0.941510 0.203908 1 50 1.000000
  50 2.078956 2.520561 2.936283 -0.732821 -0.006800 0.680387 0.907378 0.218217 1 50 1.000000
  50 1.948778 1.959881 2.661468 -0.968092 -0.123264 0.218182 0.939254 0.201182 1 50 1.000000
shoe
  50 2.081754 1.148164 2.347830 -0.608024 -0.387014 0.693201 0.982819 0.182488 1 50 1.000000
  50 1.987814 1.937350 2.706033 -0.765559 -0.145106 0.626788 0.941510 0.203908 1 50 1.000000
  50 1.983459 1.250031 2.318485 -0.873215 -0.235149 0.426849 0.976607 0.180372 1 50 1.000000
shoe
  50 2.035409 2.564736 2.889806 -0.926136 0.246046 0.285890 0.904082 0.214834 1 50 1.000000
  50 2.101381 2.516300 2.476130 -0.915617 0.358934 -0.181137 0.900334 0.192186 1 50 1.000000
  50 1.948778 1.959881 2.661468 -0.968092 -0.123264 0.218182 0.939254 0.201182 1 50 1.000000
shoe
  50 2.312214 2.885365 2.551138 -0.699880 0.693146 -0.172383 0.872344 0.197691 1 50 1.000000
  50 2.101381 2.516300 2.476130 -0.915617 0.358934 -0.181137 0.900334 0.192186 1 50 1.000000
  50 2.035409 2.564736 2.889806 -0.926136 0.246046 0.285890 0.904082 0.214834 1 50 1.000000
shoe
  50 1.983459 1.250031 2.318485 -0.873215 -0.235149 0.426849 0.976607 0.180372 1 50 1.000000
  50 1.987814 1.937350 2.706033 -0.852624 -0.413750 0.319131 0.941510 0.203908 1 50 1.000000
  50 2.034101 1.423469 2.163456 -0.929021 -0.151296 -0.337683 0.967688 0.172711 1 50 1.000000
shoe
  50 1.987814 1.937350 2.706033 -0.852624 -0.413750 0.319131 0.941510 0.203908 1 50 1.000000
  50 1.948778 1.959881 2.661468 -0.968092 -0.123264 0.218182 0.939254 0.201182 1 50 1.000000
  50 2.034101 1.423469 2.163456 -0.929021 -0.151296 -0.337683 0.967688 0.172711 1 50 1.000000
shoe
  50 2.646678 3.104139 2.598577 -0.358933 0.918684 -0.164883 0.844400 0.200914 1 50 1.000000
  50 2.659909 3.028868 2.099732 -0.381651 0.910545 -0.158902 0.844955 0.172031 1 50 1.000000
  50 2.312214 2.885365 2.551138 -0.699880 0.693146 -0.172383 0.872344 0.197691 1 50 1.000000
shoe
  50 3.026048 3.103725 2.095596 -0.048384 0.987950 -0.147012 0.819286 0.171527 1 50 1.000000
  50 2.659909 3.028868 2.099732 -0.381651 0.910545 -0.158902 0.844955 0.172031 1 50 1.000000
  50 2.646678 3.104139 2.598577 -0.358933 0.918684 -0.164883 0.844400 0.200914 1 50 1.000000
shoe
  50 2.659909 3.028868 2.099732 -0.381651 0.910545 -0.158902 0.844955 0.172031 1 50 1.000000
  50 2.361727 2.821665 2.070013 -0.724512 0.668233 -0.168955 0.870010 0.169896 1 50 1.000000
  50 2.312214 2.885365 2.551138 -0.699880 0.693146 -0.172383 0.872344 0.197691 1 50 1.000000
shoe
  50 2.312214 2.885365 2.551138 -0.699880 0.693146 -0.172383 0.872344 0.197691 1 50 1.000000
  50 2.361727 2.821665 2.070013 -0.724512 0.668233 -0.168955 0.870010 0.169896 1 50 1.000000
  50 2.101381 2.516300 2.476130 -0.915617 0.358934 -0.181137 0.900334 0.192186 1 50 1.000000
shoe
  50 2.659909 3.028868 2.099732 -0.381651 0.910545 -0.158902 0.844955 0.172031 1 50 1.000000
  50 3.026048 3.103725 2.095596 -0.048384 0.987950 -0.147012 0.819286 0.171527 1 50 1.000000
  50 2.700437 2.929750 1.449504 -0.401228 0.901641 -0.161430 0.844522 0.131556 1 50 1.000000
shoe
  50 2.361727 2.821665 2.070013 -0.724512 0.668233 -0.168955 0.870010 0.169896 1 50 1.000000
  50 2.659909 3.028868 2.099732 -0.381651 0.910545 -0.158902 0.844955 0.172031 1 50 1.000000
  50 2.700437 2.929750 1.449504 -0.401228 0.901641 -0.161430 0.844522 0.131556 1 50 1.000000
shoe
  50 2.101381 2.516300 2.476130 -0.915617 0.358934 -0.181137 0.900334 0.192186 1 50 1.000000
  50 2.015907 1.974013 2.339004 -0.974013 0.112819 -0.196394 0.934662 0.182945 1 50 1.000000
  50 1.948778 1.959881 2.661468 -0.968092 -0.123264 0.218182 0.939254 0.201182 1 50 1.000000
shoe
  50 2.015907 1.974013 2.339004 -0.974013 0.112819 -0.196394 0.934662 0.182945 1 50 1.000000
  50 2.034101 1.423469 2.163456 -0.929021 -0.151296 -0.337683 0.967688 0.172711 1 50 1.000000
  50 1.948778 1.959881 2.661468 -0.968092 -0.123264 0.218182 0.939254 0.201182 1 50 1.000000
shoe
  50 2.361727 2.821665 2.070013 -0.724512 0.668233 -0.168955 0.870010 0.169896 1 50 1.000000
  50 2.167289 2.448216 2.014815 -0.929710 0.323259 -0.176471 0.898722 0.165354 1 50 1.000000
  50 2.101381 2.516300 2.476130 -0.915617 0.358934 -0.181137 0.900334 0.192186 1 50 1.000000
shoe
  50 2.101381 2.516300 2.476130 -0.915617 0.358934 -0.181137 0.900334 0.192186 1 50 1.000000
  50 2.167289 2.448216 2.014815 -0.929710 0.323259 -0.176471 0.898722 0.165354 1 50 1.000000
  50 2.015907 1.974013 2.339004 -0.974013 0.112819 -0.196394 0.934662 0.182945 1 50 1.000000
shoe
  50 2.167289 2.448216 2.014815 -0.929710 0.323259 -0.176471 0.898722 0.165354 1 50 1.000000
  50 2.361727 2.821665 2.070013 -0.724512 0.668233 -0.168955 0.870010 0.169896 1 50 1.000000
  50 2.418312 2.717147 1.414491 -0.758247 0.631921 -0.160430 0.869796 0.128871 1 50 1.000000
shoe
  50 2.418312 2.717147 1.414491 -0.758247 0.631921 -0.160430 0.869796 0.128871 1 50 1.000000
  50 2.361727 2.821665 2.070013 -0.724512 0.668233 -0.168955 0.870010 0.169896 1 50 1.000000
  50 2.700437 2.929750 1.449504 -0.401228 0.901641 -0.161430 0.844522 0.131556 1 50 1.000000
shoe
  50 2.167289 2.448216 2.014815 -0.929710 0.323259 -0.176471 0.898722 0.165354 1 50 1.000000
  50 2.093860 1.958412 1.960571 -0.977197 0.093138 -0.190817 0.931812 0.160939 1 50 1.000000
  50 2.015907 1.974013 2.339004 -0.974013 0.112819 -0.196394 0.934662 0.182945 1 50 1.000000
shoe
  50 2.015907 1.974013 2.339004 -0.974013 0.112819 -0.196394 0.934662 0.182945 1 50 1.000000
  50 2.093860 1.958412 1.960571 -0.977197 0.093138 -0.190817 0.931812 0.160939 1 50 1.000000
  50 2.034101 1.423469 2.163456 -0.929021 -0.151296 -0.337683 0.967688 0.172711 1 50 1.000000
shoe
  50 2.257410 2.362886 1.386187 -0.948179 0.280062 -0.150074 0.897959 0.125801 1 50 1.000000
  50 2.167289 2.448216 2.014815 -0.929710 0.323259 -0.176471 0.898722 0.165354 1 50 1.000000
  50 2.418312 2.717147 1.414491 -0.758247 0.631921 -0.160430 0.869796 0.128871 1 50 1.000000
shoe
  50 2.093860 1.958412 1.960571 -0.977197 0.093138 -0.190817 0.931812 0.160939 1 50 1.000000
  50 2.167289 2.448216 2.014815 -0.929710 0.323259 -0.176471 0.898722 0.165354 1 50 1.000000
  50 2.257410 2.362886 1.386187 -0.948179 0.280062 -0.150074 0.897959 0.125801 1 50 1.000000
shoe
  50 2.700437 2.929750 1.449504 -0.401228 0.901641 -0.161430 0.844522 0.131556 1 50 1.000000
  50 2.731942 2.834822 0.820736 -0.411068 0.899861 -0.145851 0.844577 0.089063 1 50 1.000000
  50 2.418312 2.717147 1.414491 -0.758247 0.631921 -0.160430 0.869796 0.128871 1 50 1.000000
shoe
  50 2.418312 2.717147 1.414491 -0.758247 0.631921 -0.160430 0.869796 0.128871 1 50 1.000000
  50 2.459622 2.634655 0.816893 -0.772152 0.621910 -0.130418 0.869875 0.088357 1 50 1.000000
  50 2.257410 2.362886 1.386187 -0.948179 0.280062 -0.150074 0.897959 0.125801 1 50 1.000000
shoe
  50 2.731942 2.834822 0.820736 -0.411068 0.899861 -0.145851 0.844577 0.089063 1 50 1.000000
  50 2.459622 2.634655 0.816893 -0.772152 0.621910 -0.130418 0.869875 0.088357 1 50 1.000000
  50 2.418312 2.717147 1.414491 -0.758247 0.631921 -0.160430 0.869796 0.128871 1 50 1.000000
shoe
  50 2.199702 1.921132 1.370695 -0.985833 0.083708 -0.145350 0.930179 0.123646 1 50 1.000000
  50 2.093860 1.958412 1.960571 -0.977197 0.093138 -0.190817 0.931812 0.160939 1 50 1.000000
  50 2.257410 2.362886 1.386187 -0.948179 0.280062 -0.150074 0.897959 0.125801 1 50 1.000000
shoe
  50 3.066874 2.910838 0.823313 -0.058068 0.987996 -0.143151 0.819206 0.089104 1 50 1.000000
  50 2.731942 2.834822 0.820736 -0.411068 0.899861 -0.145851 0.844577 0.089063 1 50 1.000000
  50 2.700437 2.929750 1.449504 -0.401228 0.901641 -0.161430 0.844522 0.131556 1 50 1.000000
shoe
  50 2.093860 1.958412 1.960571 -0.977197 0.093138 -0.190817 0.931812 0.160939 1 50 1.000000
  50 2.199702 1.921132 1.370695 -0.985833 0.083708 -0.145350 0.930179 0.123646 1 50 1.000000
  50 2.091091 1.481238 1.921092 -0.910686 -0.335235 -0.241388 0.962651 0.159373 1 50 1.000000
shoe
  50 2.093860 1.958412 1.960571 -0.977197 0.093138 -0.190817 0.931812 0.160939 1 50 1.000000
  50 2.091091 1.481238 1.921092 -0.910686 -0.335235 -0.241388 0.962651 0.159373 1 50 1.000000
  50 2.034101 1.423469 2.163456 -0.929021 -0.151296 -0.337683 0.967688 0.172711 1 50 1.000000
shoe
  50 3.044240 3.005912 1.452054 -0.057090 0.986844 -0.151257 0.819554 0.131516 1 50 1.000000
  50 3.066874 2.910838 0.823313 -0.058068 0.987996 -0.143151 0.819206 0.089104 1 50 1.000000
  50 2.700437 2.929750 1.449504 -0.401228 0.901641 -0.161430 0.844522 0.131556 1 50 1.000000
shoe
  50 3.026048 3.103725 2.095596 -0.048384 0.987950 -0.147012 0.819286 0.171527 1 50 1.000000
  50 3.044240 3.005912 1.452054 -0.057090 0.986844 -0.151257 0.819554 0.131516 1 50 1.000000
  50 2.700437 2.929750 1.449504 -0.401228 0.901641 -0.161430 0.844522 0.131556 1 50 1.000000
shoe
  50 2.034101 1.423469 2.163456 -0.929021 -0.151296 -0.337683 0.967688 0.172711 1 50 1.000000
  50 2.091091 1.481238 1.921092 -0.910686 -0.335235 -0.241388 0.962651 0.159373 1 50 1.000000
  50 2.135623 1.363419 2.059533 -0.735905 -0.528238 -0.423567 0.974305 0.166759 1 50 1.000000
shoe
  50 2.034101 1.423469 2.163456 -0.929021 -0.151296 -0.337683 0.967688 0.172711 1 50 1.000000
  50 2.135623 1.363419 2.059533 -0.735905 -0.528238 -0.423567 0.974305 0.166759 1 50 1.000000
  50 2.125767 1.217254 2.157947 -0.725208 -0.427304 -0.539893 0.986142 0.171251 1 50 1.000000
shoe
  50 1.983459 1.250031 2.318485 -0.685938 -0.528540 -0.500135 0.976607 0.180372 1 50 1.000000
  50 2.034101 1.423469 2.163456 -0.929021 -0.151296 -0.337683 0.967688 0.172711 1 50 1.000000
  50 2.125767 1.217254 2.157947 -0.725208 -0.427304 -0.539893 0.986142 0.171251 1 50 1.000000
shoe
  50 2.081754 1.148164 2.347830 -0.602771 -0.694710 -0.392486 0.982819 0.182488 1 50 1.000000
  50 1.983459 1.250031 2.318485 -0.685938 -0.528540 -0.500135 0.976607 0.180372 1 50 1.000000
  50 2.125767 1.217254 2.157947 -0.725208 -0.427304 -0.539893 0.986142 0.171251 1 50 1.000000
shoe
  50 2.091091 1.481238 1.921092 -0.910686 -0.335235 -0.241388 0.962651 0.159373 1 50 1.000000
  50 2.172396 1.405258 1.905715 -0.688079 -0.687524 -0.232073 0.968688 0.158603 1 50 1.000000
  50 2.135623 1.363419 2.059533 -0.735905 -0.528238 -0.423567 0.974305 0.166759 1 50 1.000000
shoe
  50 2.091091 1.481238 1.921092 -0.910686 -0.335235 -0.241388 0.962651 0.159373 1 50 1.000000
  50 2.179238 1.502275 1.395365 -0.926123 -0.353924 -0.130513 0.960486 0.125311 1 50 1.000000
  50 2.172396 1.405258 1.905715 -0.688079 -0.687524 -0.232073 0.968688 0.158603 1 50 1.000000
shoe
  50 2.199702 1.921132 1.370695 -0.985833 0.083708 -0.145350 0.930179 0.123646 1 50 1.000000
  50 2.179238 1.502275 1.395365 -0.926123 -0.353924 -0.130513 0.960486 0.125311 1 50 1.000000
  50 2.091091 1.481238 1.921092 -0.910686 -0.335235 -0.241388 0.962651 0.159373 1 50 1.000000
shoe
  50 2.179238 1.502275 1.395365 -0.926123 -0.353924 -0.130513 0.960486 0.125311 1 50 1.000000
  50 2.260945 1.420098 1.394265 -0.707798 -0.700276 -0.092924 0.968688 0.124704 1 50 1.000000
  50 2.172396 1.405258 1.905715 -0.688079 -0.687524 -0.232073 0.968688 0.158603 1 50 1.000000
shoe
  50 2.260945 1.420098 1.394265 -0.707798 -0.700276 -0.092924 0.968688 0.124704 1 50 1.000000
  50 2.179238 1.502275 1.395365 -0.926123 -0.353924 -0.130513 0.960486 0.125311 1 50 1.000000
  50 2.239397 1.480088 0.857905 -0.933983 -0.348699 -0.078004 0.960672 0.088710 1 50 1.000000
shoe
  50 2.179238 1.502275 1.395365 -0.926123 -0.353924 -0.130513 0.960486 0.125311 1 50 1.000000
  50 2.199702 1.921132 1.370695 -0.985833 0.083708 -0.145350 0.930179 0.123646 1 50 1.000000
  50 2.239397 1.480088 0.857905 -0.933983 -0.348699 -0.078004 0.960672 0.088710 1 50 1.000000
shoe
  50 2.314011 1.401649 0.850858 -0.728127 -0.684308 -0.039416 0.968688 0.087767 1 50 1.000000
  50 2.260945 1.420098 1.394265 -0.707798 -0.700276 -0.092924 0.968688 0.124704 1 50 1.000000
  50 2.239397 1.480088 0.857905 -0.933983 -0.348699 -0.078004 0.960672 0.088710 1 50 1.000000
shoe
  50 2.199702 1.921132 1.370695 -0.985833 0.083708 -0.145350 0.930179 0.123646 1 50 1.000000
  50 2.262064 1.896212 0.840901 -0.992414 0.080162 -0.093215 0.928882 0.087804 1 50 1.000000
  50 2.239397 1.480088 0.857905 -0.933983 -0.348699 -0.078004 0.960672 0.088710 1 50 1.000000
shoe
  50 2.314011 1.401649 0.850858 -0.728127 -0.684308 -0.039416 0.968688 0.087767 1 50 1.000000
  50 2.239397 1.480088 0.857905 -0.933983 -0.348699 -0.078004 0.960672 0.088710 1 50 1.000000
  50 2.285062 1.457643 0.327775 -0.936644 -0.338963 -0.088329 0.960743 0.052476 1 50 1.000000
shoe
  50 2.239397 1.480088 0.857905 -0.933983 -0.348699 -0.078004 0.960672 0.088710 1 50 1.000000
  50 2.262064 1.896212 0.840901 -0.992414 0.080162 -0.093215 0.928882 0.087804 1 50 1.000000
  50 2.285062 1.457643 0.327775 -0.936644 -0.338963 -0.088329 0.960743 0.052476 1 50 1.000000
shoe
  50 2.353203 1.378040 0.311170 -0.779887 -0.621024 -0.078138 0.968688 0.051491 1 50 1.000000
  50 2.314011 1.401649 0.850858 -0.728127 -0.684308 -0.039416 0.968688 0.087767 1 50 1.000000
  50 2.285062 1.457643 0.327775 -0.936644 -0.338963 -0.088329 0.960743 0.052476 1 50 1.000000
shoe
  50 2.262064 1.896212 0.840901 -0.992414 0.080162 -0.093215 0.928882 0.087804 1 50 1.000000
  50 2.199702 1.921132 1.370695 -0.985833 0.083708 -0.145350 0.930179 0.123646 1 50 1.000000
  50 2.312631 2.300153 0.819795 -0.958749 0.265420 -0.101745 0.897731 0.087385 1 50 1.000000
shoe
  50 2.199702 1.921132 1.370695 -0.985833 0.083708 -0.145350 0.930179 0.123646 1 50 1.000000
  50 2.257410 2.362886 1.386187 -0.948179 0.280062 -0.150074 0.897959 0.125801 1 50 1.000000
  50 2.312631 2.300153 0.819795 -0.958749 0.265420 -0.101745 0.897731 0.087385 1 50 1.000000
shoe
  50 2.353203 1.378040 0.311170 -0.779887 -0.621024 -0.078138 0.968688 0.051491 1 50 1.000000
  50 2.285062 1.457643 0.327775 -0.936644 -0.338963 -0.088329 0.960743 0.052476 1 50 1.000000
  50 2.361305 1.475885 -0.256168 -0.972680 -0.207233 -0.104634 0.957678 0.010755 1 50 1.000000
shoe
  50 2.414349 1.346500 -0.251842 -0.921461 -0.380402 -0.078765 0.968688 0.010755 1 50 1.000000
  50 2.353203 1.378040 0.311170 -0.779887 -0.621024 -0.078138 0.968688 0.051491 1 50 1.000000
  50 2.361305 1.475885 -0.256168 -0.972680 -0.207233 -0.104634 0.957678 0.010755 1 50 1.000000
shoe
  50 2.459622 2.634655 0.816893 -0.772152 0.621910 -0.130418 0.869875 0.088357 1 50 1.000000
  50 2.312631 2.300153 0.819795 -0.958749 0.265420 -0.101745 0.897731 0.087385 1 50 1.000000
  50 2.257410 2.362886 1.386187 -0.948179 0.280062 -0.150074 0.897959 0.125801 1 50 1.000000
shoe
  50 2.361305 1.475885 -0.256168 -0.972680 -0.207233 -0.104634 0.957678 0.010755 1 50 1.000000
  50 2.285062 1.457643 0.327775 -0.936644 -0.338963 -0.088329 0.960743 0.052476 1 50 1.000000
  50 2.290771 1.883586 0.316858 -0.993502 0.069477 -0.090145 0.927195 0.050842 1 50 1.000000
shoe
  50 2.262064 1.896212 0.840901 -0.992414 0.080162 -0.093215 0.928882 0.087804 1 50 1.000000
  50 2.290771 1.883586 0.316858 -0.993502 0.069477 -0.090145 0.927195 0.050842 1 50 1.000000
  50 2.285062 1.457643 0.327775 -0.936644 -0.338963 -0.088329 0.960743 0.052476 1 50 1.000000
shoe
  50 2.262064 1.896212 0.840901 -0.992414 0.080162 -0.093215 0.928882 0.087804 1 50 1.000000
  50 2.312631 2.300153 0.819795 -0.958749 0.265420 -0.101745 0.897731 0.087385 1 50 1.000000
  50 2.290771 1.883586 0.316858 -0.993502 0.069477 -0.090145 0.927195 0.050842 1 50 1.000000
shoe
  50 2.358120 1.863496 -0.268308 -0.992780 0.050534 -0.108785 0.926004 0.010755 1 50 1.000000
  50 2.361305 1.475885 -0.256168 -0.972680 -0.207233 -0.104634 0.957678 0.010755 1 50 1.000000
  50 2.290771 1.883586 0.316858 -0.993502 0.069477 -0.090145 0.927195 0.050842 1 50 1.000000
shoe
  50 2.358120 1.863496 -0.268308 -0.992780 0.050534 -0.108785 0.926004 0.010755 1 50 1.000000
  50 2.290771 1.883586 0.316858 -0.993502 0.069477 -0.090145 0.927195 0.050842 1 50 1.000000
  50 2.344545 2.265198 0.299163 -0.957453 0.274112 -0.090254 0.896742 0.050149 1 50 1.000000
shoe
  50 2.312631 2.300153 0.819795 -0.958749 0.265420 -0.101745 0.897731 0.087385 1 50 1.000000
  50 2.344545 2.265198 0.299163 -0.957453 0.274112 -0.090254 0.896742 0.050149 1 50 1.000000
  50 2.290771 1.883586 0.316858 -0.993502 0.069477 -0.090145 0.927195 0.050842 1 50 1.000000
shoe
  50 2.396721 2.234751 -0.279715 -0.962873 0.250757 -0.099976 0.895204 0.010755 1 50 1.000000
  50 2.358120 1.863496 -0.268308 -0.992780 0.050534 -0.108785 0.926004 0.010755 1 50 1.000000
  50 2.344545 2.265198 0.299163 -0.957453 0.274112 -0.090254 0.896742 0.050149 1 50 1.000000
shoe
  50 2.396721 2.234751 -0.279715 -0.962873 0.250757 -0.099976 0.895204 0.010755 1 50 1.000000
  50 2.344545 2.265198 0.299163 -0.957453 0.274112 -0.090254 0.896742 0.050149 1 50 1.000000
  50 2.519686 2.516495 -0.287880 -0.760700 0.639368 -0.111995 0.869901 0.010755 1 50 1.000000
shoe
  50 2.490773 2.578001 0.286234 -0.761638 0.638450 -0.110854 0.869554 0.050102 1 50 1.000000
  50 2.344545 2.265198 0.299163 -0.957453 0.274112 -0.090254 0.896742 0.050149 1 50 1.000000
  50 2.312631 2.300153 0.819795 -0.958749 0.265420 -0.101745 0.897731 0.087385 1 50 1.000000
shoe
  50 2.344545 2.265198 0.299163 -0.957453 0.274112 -0.090254 0.896742 0.050149 1 50 1.000000
  50 2.490773 2.578001 0.286234 -0.761638 0.638450 -0.110854 0.869554 0.050102 1 50 1.000000
  50 2.519686 2.516495 -0.287880 -0.760700 0.639368 -0.111995 0.869901 0.010755 1 50 1.000000
shoe
  50 2.459622 2.634655 0.816893 -0.772152 0.621910 -0.130418 0.869875 0.088357 1 50 1.000000
  50 2.490773 2.578001 0.286234 -0.761638 0.638450 -0.110854 0.869554 0.050102 1 50 1.000000
  50 2.312631 2.300153 0.819795 -0.958749 0.265420 -0.101745 0.897731 0.087385 1 50 1.000000
shoe
  50 2.519686 2.516495 -0.287880 -0.760700 0.639368 -0.111995 0.869901 0.010755 1 50 1.000000
  50 2.490773 2.578001 0.286234 -0.761638 0.638450 -0.110854 0.869554 0.050102 1 50 1.000000
  50 2.795398 2.696044 -0.288736 -0.378137 0.916058 -0.133602 0.843316 0.010755 1 50 1.000000
shoe
  50 2.490773 2.578001 0.286234 -0.761638 0.638450 -0.110854 0.869554 0.050102 1 50 1.000000
  50 2.459622 2.634655 0.816893 -0.772152 0.621910 -0.130418 0.869875 0.088357 1 50 1.000000
  50 2.764981 2.769275 0.281628 -0.394983 0.908568 -0.135986 0.843736 0.050133 1 50 1.000000
shoe
  50 2.490773 2.578001 0.286234 -0.761638 0.638450 -0.110854 0.869554 0.050102 1 50 1.000000
  50 2.764981 2.769275 0.281628 -0.394983 0.908568 -0.135986 0.843736 0.050133 1 50 1.000000
  50 2.795398 2.696044 -0.288736 -0.378137 0.916058 -0.133602 0.843316 0.010755 1 50 1.000000
shoe
  50 2.459622 2.634655 0.816893 -0.772152 0.621910 -0.130418 0.869875 0.088357 1 50 1.000000
  50 2.731942 2.834822 0.820736 -0.411068 0.899861 -0.145851 0.844577 0.089063 1 50 1.000000
  50 2.764981 2.769275 0.281628 -0.394983 0.908568 -0.135986 0.843736 0.050133 1 50 1.000000
shoe
  50 2.731942 2.834822 0.820736 -0.411068 0.899861 -0.145851 0.844577 0.089063 1 50 1.000000
  50 3.066874 2.910838 0.823313 -0.058068 0.987996 -0.143151 0.819206 0.089104 1 50 1.000000
  50 2.764981 2.769275 0.281628 -0.394983 0.908568 -0.135986 0.843736 0.050133 1 50 1.000000
shoe
  50 2.764981 2.769275 0.281628 -0.394983 0.908568 -0.135986 0.843736 0.050133 1 50 1.000000
  50 3.094321 2.837190 0.282407 -0.043904 0.989379 -0.138571 0.818072 0.050088 1 50 1.000000
  50 2.795398 2.696044 -0.288736 -0.378137 0.916058 -0.133602 0.843316 0.010755 1 50 1.000000
shoe
  50 3.066874 2.910838 0.823313 -0.058068 0.987996 -0.143151 0.819206 0.089104 1 50 1.000000
  50 3.094321 2.837190 0.282407 -0.043904 0.989379 -0.138571 0.818072 0.050088 1 50 1.000000
  50 2.764981 2.769275 0.281628 -0.394983 0.908568 -0.135986 0.843736 0.050133 1 50 1.000000
shoe
  50 3.094321 2.837190 0.282407 -0.043904 0.989379 -0.138571 0.818072 0.050088 1 50 1.000000
  50 3.109859 2.756668 -0.290256 -0.042669 0.989617 -0.137252 0.817662 0.010755 1 50 1.000000
  50 2.795398 2.696044 -0.288736 -0.378137 0.916058 -0.133602 0.843316 0.010755 1 50 1.000000
shoe
  50 3.109859 2.756668 -0.290256 -0.042669 0.989617 -0.137252 0.817662 0.010755 1 50 1.000000
  50 3.094321 2.837190 0.282407 -0.043904 0.989379 -0.138571 0.818072 0.050088 1 50 1.000000
  50 3.434431 2.799578 0.286830 0.342929 0.931042 -0.124738 0.792037 0.050072 1 50 1.000000
shoe
  50 3.424585 2.726719 -0.286189 0.333001 0.934830 -0.123297 0.792652 0.010755 1 50 1.000000
  50 3.109859 2.756668 -0.290256 -0.042669 0.989617 -0.137252 0.817662 0.010755 1 50 1.000000
  50 3.434431 2.799578 0.286830 0.342929 0.931042 -0.124738 0.792037 0.050072 1 50 1.000000
shoe
  50 3.094321 2.837190 0.282407 -0.043904 0.989379 -0.138571 0.818072 0.050088 1 50 1.000000
  50 3.066874 2.910838 0.823313 -0.058068 0.987996 -0.143151 0.819206 0.089104 1 50 1.000000
  50 3.433694 2.874285 0.830338 0.346320 0.928863 -0.131434 0.792057 0.089153 1 50 1.000000
shoe
  50 3.434431 2.799578 0.286830 0.342929 0.931042 -0.124738 0.792037 0.050072 1 50 1.000000
  50 3.094321 2.837190 0.282407 -0.043904 0.989379 -0.138571 0.818072 0.050088 1 50 1.000000
  50 3.433694 2.874285 0.830338 0.346320 0.928863 -0.131434 0.792057 0.089153 1 50 1.000000
shoe
  50 3.434431 2.799578 0.286830 0.342929 0.931042 -0.124738 0.792037 0.050072 1 50 1.000000
  50 3.717330 2.611331 0.289655 0.766448 0.635869 -0.090711 0.765930 0.049377 1 50 1.000000
  50 3.424585 2.726719 -0.286189 0.333001 0.934830 -0.123297 0.792652 0.010755 1 50 1.000000
shoe
  50 3.717330 2.611331 0.289655 0.766448 0.635869 -0.090711 0.765930 0.049377 1 50 1.000000
  50 3.691634 2.551713 -0.281631 0.758969 0.644245 -0.094415 0.766954 0.010755 1 50 1.000000
  50 3.424585 2.726719 -0.286189 0.333001 0.934830 -0.123297 0.792652 0.010755 1 50 1.000000
shoe
  50 3.434431 2.799578 0.286830 0.342929 0.931042 -0.124738 0.792037 0.050072 1 50 1.000000
  50 3.433694 2.874285 0.830338 0.346320 0.928863 -0.131434 0.792057 0.089153 1 50 1.000000
  50 3.732953 2.664033 0.824044 0.778434 0.619744 -0.099788 0.764897 0.087542 1 50 1.000000
shoe
  50 3.717330 2.611331 0.289655 0.766448 0.635869 -0.090711 0.765930 0.049377 1 50 1.000000
  50 3.434431 2.799578 0.286830 0.342929 0.931042 -0.124738 0.792037 0.050072 1 50 1.000000
  50 3.732953 2.664033 0.824044 0.778434 0.619744 -0.099788 0.764897 0.087542 1 50 1.000000
shoe
  50 3.420980 2.965774 1.440248 0.332385 0.933305 -0.135876 0.792852 0.130254 1 50 1.000000
  50 3.433694 2.874285 0.830338 0.346320 0.928863 -0.131434 0.792057 0.089153 1 50 1.000000
  50 3.066874 2.910838 0.823313 -0.058068 0.987996 -0.143151 0.819206 0.089104 1 50 1.000000
shoe
  50 3.044240 3.005912 1.452054 -0.057090 0.986844 -0.151257 0.819554 0.131516 1 50 1.000000
  50 3.420980 2.965774 1.440248 0.332385 0.933305 -0.135876 0.792852 0.130254 1 50 1.000000
  50 3.066874 2.910838 0.823313 -0.058068 0.987996 -0.143151 0.819206 0.089104 1 50 1.000000
shoe
  50 3.759365 2.738674 1.424307 0.770259 0.627538 -0.113565 0.764006 0.128016 1 50 1.000000
  50 3.732953 2.664033 0.824044 0.778434 0.619744 -0.099788 0.764897 0.087542 1 50 1.000000
  50 3.433694 2.874285 0.830338 0.346320 0.928863 -0.131434 0.792057 0.089153 1 50 1.000000
shoe
  50 3.420980 2.965774 1.440248 0.332385 0.933305 -0.135876 0.792852 0.130254 1 50 1.000000
  50 3.759365 2.738674 1.424307 0.770259 0.627538 -0.113565 0.764006 0.128016 1 50 1.000000
  50 3.433694 2.874285 0.830338 0.346320 0.928863 -0.131434 0.792057 0.089153 1 50 1.000000
shoe
  50 3.409136 3.063127 2.090168 0.322802 0.937326 -0.131217 0.793071 0.170697 1 50 1.000000
  50 3.420980 2.965774 1.440248 0.332385 0.933305 -0.135876 0.792852 0.130254 1 50 1.000000
  50 3.044240 3.005912 1.452054 -0.057090 0.986844 -0.151257 0.819554 0.131516 1 50 1.000000
shoe
  50 3.026048 3.103725 2.095596 -0.048384 0.987950 -0.147012 0.819286 0.171527 1 50 1.000000
  50 3.409136 3.063127 2.090168 0.322802 0.937326 -0.131217 0.793071 0.170697 1 50 1.000000
  50 3.044240 3.005912 1.452054 -0.057090 0.986844 -0.151257 0.819554 0.131516 1 50 1.000000
shoe
  50 3.409136 3.063127 2.090168 0.322802 0.937326 -0.131217 0.793071 0.170697 1 50 1.000000
  50 3.026048 3.103725 2.095596 -0.048384 0.987950 -0.147012 0.819286 0.171527 1 50 1.000000
  50 3.396869 3.132383 2.593568 0.306810 0.940527 -0.145866 0.792586 0.199958 1 50 1.000000
shoe
  50 3.396869 3.132383 2.593568 0.306810 0.940527 -0.145866 0.792586 0.199958 1 50 1.000000
  50 3.799930 2.880577 2.520761 0.718365 0.680842 -0.142853 0.761279 0.194634 1 50 1.000000
  50 3.409136 3.063127 2.090168 0.322802 0.937326 -0.131217 0.793071 0.170697 1 50 1.000000
shoe
  50 3.420980 2.965774 1.440248 0.332385 0.933305 -0.135876 0.792852 0.130254 1 50 1.000000
  50 3.409136 3.063127 2.090168 0.322802 0.937326 -0.131217 0.793071 0.170697 1 50 1.000000
  50 3.785559 2.818758 2.052049 0.751642 0.649559 -0.114487 0.762702 0.167227 1 50 1.000000
shoe
  50 3.799930 2.880577 2.520761 0.718365 0.680842 -0.142853 0.761279 0.194634 1 50 1.000000
  50 3.785559 2.818758 2.052049 0.751642 0.649559 -0.114487 0.762702 0.167227 1 50 1.000000
  50 3.409136 3.063127 2.090168 0.322802 0.937326 -0.131217 0.793071 0.170697 1 50 1.000000
shoe
  50 3.759365 2.738674 1.424307 0.770259 0.627538 -0.113565 0.764006 0.128016 1 50 1.000000
  50 3.420980 2.965774 1.440248 0.332385 0.933305 -0.135876 0.792852 0.130254 1 50 1.000000
  50 3.785559 2.818758 2.052049 0.751642 0.649559 -0.114487 0.762702 0.167227 1 50 1.000000
shoe
  50 3.799930 2.880577 2.520761 0.718365 0.680842 -0.142853 0.761279 0.194634 1 50 1.000000
  50 3.998403 2.443326 2.387597 0.938222 0.308647 -0.156448 0.730576 0.185432 1 50 1.000000
  50 3.785559 2.818758 2.052049 0.751642 0.649559 -0.114487 0.762702 0.167227 1 50 1.000000
shoe
  50 3.998403 2.443326 2.387597 0.938222 0.308647 -0.156448 0.730576 0.185432 1 50 1.000000
  50 3.955708 2.419389 1.997559 0.954108 0.277889 -0.111605 0.733405 0.162230 1 50 1.000000
  50 3.785559 2.818758 2.052049 0.751642 0.649559 -0.114487 0.762702 0.167227 1 50 1.000000
shoe
  50 3.759365 2.738674 1.424307 0.770259 0.627538 -0.113565 0.764006 0.128016 1 50 1.000000
  50 3.785559 2.818758 2.052049 0.751642 0.649559 -0.114487 0.762702 0.167227 1 50 1.000000
  50 3.955708 2.419389 1.997559 0.954108 0.277889 -0.111605 0.733405 0.162230 1 50 1.000000
shoe
  50 3.955708 2.419389 1.997559 0.954108 0.277889 -0.111605 0.733405 0.162230 1 50 1.000000
  50 3.998403 2.443326 2.387597 0.938222 0.308647 -0.156448 0.730576 0.185432 1 50 1.000000
  50 4.069448 1.918405 2.245104 0.974625 0.142814 -0.172366 0.697335 0.175796 1 50 1.000000
shoe
  50 3.905540 2.367480 1.396900 0.962117 0.256933 -0.091199 0.735448 0.124418 1 50 1.000000
  50 3.759365 2.738674 1.424307 0.770259 0.627538 -0.113565 0.764006 0.128016 1 50 1.000000
  50 3.955708 2.419389 1.997559 0.954108 0.277889 -0.111605 0.733405 0.162230 1 50 1.000000
shoe
  50 3.759365 2.738674 1.424307 0.770259 0.627538 -0.113565 0.764006 0.128016 1 50 1.000000
  50 3.905540 2.367480 1.396900 0.962117 0.256933 -0.091199 0.735448 0.124418 1 50 1.000000
  50 3.732953 2.664033 0.824044 0.778434 0.619744 -0.099788 0.764897 0.087542 1 50 1.000000
shoe
  50 4.021603 1.938458 1.948898 0.984465 0.120825 -0.127396 0.701045 0.158005 1 50 1.000000
  50 3.955708 2.419389 1.997559 0.954108 0.277889 -0.111605 0.733405 0.162230 1 50 1.000000
  50 4.069448 1.918405 2.245104 0.974625 0.142814 -0.172366 0.697335 0.175796 1 50 1.000000
shoe
  50 3.905540 2.367480 1.396900 0.962117 0.256933 -0.091199 0.735448 0.124418 1 50 1.000000
  50 3.955708 2.419389 1.997559 0.954108 0.277889 -0.111605 0.733405 0.162230 1 50 1.000000
  50 4.021603 1.938458 1.948898 0.984465 0.120825 -0.127396 0.701045 0.158005 1 50 1.000000
shoe
  50 4.069448 1.918405 2.245104 0.974625 0.142814 -0.172366 0.697335 0.175796 1 50 1.000000
  50 4.100578 1.494202 2.143648 0.954129 -0.066464 -0.291925 0.669814 0.170137 1 50 1.000000
  50 4.021603 1.938458 1.948898 0.984465 0.120825 -0.127396 0.701045 0.158005 1 50 1.000000
shoe
  50 3.905540 2.367480 1.396900 0.962117 0.256933 -0.091199 0.735448 0.124418 1 50 1.000000
  50 3.872815 2.318565 0.827810 0.962985 0.262537 -0.061107 0.736631 0.086102 1 50 1.000000
  50 3.732953 2.664033 0.824044 0.778434 0.619744 -0.099788 0.764897 0.087542 1 50 1.000000
shoe
  50 3.732953 2.664033 0.824044 0.778434 0.619744 -0.099788 0.764897 0.087542 1 50 1.000000
  50 3.872815 2.318565 0.827810 0.962985 0.262537 -0.061107 0.736631 0.086102 1 50 1.000000
  50 3.717330 2.611331 0.289655 0.766448 0.635869 -0.090711 0.765930 0.049377 1 50 1.000000
shoe
  50 3.964857 1.935935 1.393694 0.989665 0.118565 -0.080655 0.704094 0.122809 1 50 1.000000
  50 3.905540 2.367480 1.396900 0.962117 0.256933 -0.091199 0.735448 0.124418 1 50 1.000000
  50 4.021603 1.938458 1.948898 0.984465 0.120825 -0.127396 0.701045 0.158005 1 50 1.000000
shoe
  50 3.905540 2.367480 1.396900 0.962117 0.256933 -0.091199 0.735448 0.124418 1 50 1.000000
  50 3.964857 1.935935 1.393694 0.989665 0.118565 -0.080655 0.704094 0.122809 1 50 1.000000
  50 3.872815 2.318565 0.827810 0.962985 0.262537 -0.061107 0.736631 0.086102 1 50 1.000000
shoe
  50 4.100578 1.494202 2.143648 0.954129 -0.066464 -0.291925 0.669814 0.170137 1 50 1.000000
  50 4.051922 1.526921 1.897148 0.967448 -0.197797 -0.157862 0.674133 0.155221 1 50 1.000000
  50 4.021603 1.938458 1.948898 0.984465 0.120825 -0.127396 0.701045 0.158005 1 50 1.000000
shoe
  50 4.021603 1.938458 1.948898 0.984465 0.120825 -0.127396 0.701045 0.158005 1 50 1.000000
  50 4.051922 1.526921 1.897148 0.967448 -0.197797 -0.157862 0.674133 0.155221 1 50 1.000000
  50 3.964857 1.935935 1.393694 0.989665 0.118565 -0.080655 0.704094 0.122809 1 50 1.000000
shoe
  50 4.051922 1.526921 1.897148 0.967448 -0.197797 -0.157862 0.674133 0.155221 1 50 1.000000
  50 4.100578 1.494202 2.143648 0.954129 -0.066464 -0.291925 0.669814 0.170137 1 50 1.000000
  50 4.038909 1.406635 2.086228 0.852809 -0.465211 -0.237266 0.663457 0.166162 1 50 1.000000
shoe
  50 4.003467 1.434699 1.919650 0.827254 -0.498082 -0.259932 0.667911 0.156722 1 50 1.000000
  50 4.051922 1.526921 1.897148 0.967448 -0.197797 -0.157862 0.674133 0.155221 1 50 1.000000
  50 4.038909 1.406635 2.086228 0.852809 -0.465211 -0.237266 0.663457 0.166162 1 50 1.000000
shoe
  50 3.953805 1.454093 1.399244 0.835977 -0.545895 -0.056052 0.667901 0.122671 1 50 1.000000
  50 4.051922 1.526921 1.897148 0.967448 -0.197797 -0.157862 0.674133 0.155221 1 50 1.000000
  50 4.003467 1.434699 1.919650 0.870354 -0.481954 -0.101016 0.667911 0.156722 1 50 1.000000
shoe
  50 4.051922 1.526921 1.897148 0.967448 -0.197797 -0.157862 0.674133 0.155221 1 50 1.000000
  50 4.006385 1.534165 1.396971 0.970078 -0.232881 -0.068663 0.674856 0.122724 1 50 1.000000
  50 3.964857 1.935935 1.393694 0.989665 0.118565 -0.080655 0.704094 0.122809 1 50 1.000000
shoe
  50 4.006385 1.534165 1.396971 0.970078 -0.232881 -0.068663 0.674856 0.122724 1 50 1.000000
  50 4.051922 1.526921 1.897148 0.967448 -0.197797 -0.157862 0.674133 0.155221 1 50 1.000000
  50 3.953805 1.454093 1.399244 0.835977 -0.545895 -0.056052 0.667901 0.122671 1 50 1.000000
shoe
  50 3.964857 1.935935 1.393694 0.989665 0.118565 -0.080655 0.704094 0.122809 1 50 1.000000
  50 4.006385 1.534165 1.396971 0.970078 -0.232881 -0.068663 0.674856 0.122724 1 50 1.000000
  50 3.933411 1.913277 0.842122 0.990811 0.125654 -0.050038 0.705464 0.085768 1 50 1.000000
shoe
  50 3.964857 1.935935 1.393694 0.989665 0.118565 -0.080655 0.704094 0.122809 1 50 1.000000
  50 3.933411 1.913277 0.842122 0.990811 0.125654 -0.050038 0.705464 0.085768 1 50 1.000000
  50 3.872815 2.318565 0.827810 0.962985 0.262537 -0.061107 0.736631 0.086102 1 50 1.000000
shoe
  50 3.978169 1.517397 0.853337 0.969266 -0.242631 -0.040650 0.675211 0.085949 1 50 1.000000
  50 4.006385 1.534165 1.396971 0.970078 -0.232881 -0.068663 0.674856 0.122724 1 50 1.000000
  50 3.953805 1.454093 1.399244 0.835977 -0.545895 -0.056052 0.667901 0.122671 1 50 1.000000
shoe
  50 4.006385 1.534165 1.396971 0.970078 -0.232881 -0.068663 0.674856 0.122724 1 50 1.000000
  50 3.978169 1.517397 0.853337 0.969266 -0.242631 -0.040650 0.675211 0.085949 1 50 1.000000
  50 3.933411 1.913277 0.842122 0.990811 0.125654 -0.050038 0.705464 0.085768 1 50 1.000000
shoe
  50 3.922715 1.436570 0.853116 0.828105 -0.560056 -0.024051 0.667901 0.085631 1 50 1.000000
  50 3.978169 1.517397 0.853337 0.969266 -0.242631 -0.040650 0.675211 0.085949 1 50 1.000000
  50 3.953805 1.454093 1.399244 0.835977 -0.545895 -0.056052 0.667901 0.122671 1 50 1.000000
shoe
  50 3.954902 1.503212 0.332533 0.979306 -0.195589 -0.052006 0.675468 0.050636 1 50 1.000000
  50 3.978169 1.517397 0.853337 0.969266 -0.242631 -0.040650 0.675211 0.085949 1 50 1.000000
  50 3.922715 1.436570 0.853116 0.828105 -0.560056 -0.024051 0.667901 0.085631 1 50 1.000000
shoe
  50 3.933411 1.913277 0.842122 0.990811 0.125654 -0.050038 0.705464 0.085768 1 50 1.000000
  50 3.978169 1.517397 0.853337 0.969266 -0.242631 -0.040650 0.675211 0.085949 1 50 1.000000
  50 3.954902 1.503212 0.332533 0.979306 -0.195589 -0.052006 0.675468 0.050636 1 50 1.000000
shoe
  50 3.909200 1.417480 0.314573 0.889950 -0.453581 -0.047463 0.667901 0.049596 1 50 1.000000
  50 3.954902 1.503212 0.332533 0.979306 -0.195589 -0.052006 0.675468 0.050636 1 50 1.000000
  50 3.922715 1.436570 0.853116 0.828105 -0.560056 -0.024051 0.667901 0.085631 1 50 1.000000
shoe
  50 3.863168 1.390155 -0.245585 0.939549 -0.336978 -0.060771 0.667901 0.010755 1 50 1.000000
  50 3.906785 1.512414 -0.249179 0.987946 -0.142051 -0.061506 0.678213 0.010755 1 50 1.000000
  50 3.909200 1.417480 0.314573 0.889950 -0.453581 -0.047463 0.667901 0.049596 1 50 1.000000
shoe
  50 3.906785 1.512414 -0.249179 0.987946 -0.142051 -0.061506 0.678213 0.010755 1 50 1.000000
  50 3.954902 1.503212 0.332533 0.979306 -0.195589 -0.052006 0.675468 0.050636 1 50 1.000000
  50 3.909200 1.417480 0.314573 0.889950 -0.453581 -0.047463 0.667901 0.049596 1 50 1.000000
shoe
  50 3.915026 1.893991 0.318153 0.992299 0.114143 -0.048103 0.706619 0.049169 1 50 1.000000
  50 3.954902 1.503212 0.332533 0.979306 -0.195589 -0.052006 0.675468 0.050636 1 50 1.000000
  50 3.906785 1.512414 -0.249179 0.987946 -0.142051 -0.061506 0.678213 0.010755 1 50 1.000000
shoe
  50 3.915026 1.893991 0.318153 0.992299 0.114143 -0.048103 0.706619 0.049169 1 50 1.000000
  50 3.933411 1.913277 0.842122 0.990811 0.125654 -0.050038 0.705464 0.085768 1 50 1.000000
  50 3.954902 1.503212 0.332533 0.979306 -0.195589 -0.052006 0.675468 0.050636 1 50 1.000000
shoe
  50 3.890718 1.873673 -0.260562 0.994270 0.095403 -0.048225 0.707839 0.010755 1 50 1.000000
  50 3.915026 1.893991 0.318153 0.992299 0.114143 -0.048103 0.706619 0.049169 1 50 1.000000
  50 3.906785 1.512414 -0.249179 0.987946 -0.142051 -0.061506 0.678213 0.010755 1 50 1.000000
shoe
  50 3.933411 1.913277 0.842122 0.990811 0.125654 -0.050038 0.705464 0.085768 1 50 1.000000
  50 3.915026 1.893991 0.318153 0.992299 0.114143 -0.048103 0.706619 0.049169 1 50 1.000000
  50 3.859527 2.284985 0.303922 0.960336 0.273626 -0.053688 0.737911 0.049038 1 50 1.000000
shoe
  50 3.859527 2.284985 0.303922 0.960336 0.273626 -0.053688 0.737911 0.049038 1 50 1.000000
  50 3.915026 1.893991 0.318153 0.992299 0.114143 -0.048103 0.706619 0.049169 1 50 1.000000
  50 3.890718 1.873673 -0.260562 0.994270 0.095403 -0.048225 0.707839 0.010755 1 50 1.000000
shoe
  50 3.872815 2.318565 0.827810 0.962985 0.262537 -0.061107 0.736631 0.086102 1 50 1.000000
  50 3.933411 1.913277 0.842122 0.990811 0.125654 -0.050038 0.705464 0.085768 1 50 1.000000
  50 3.859527 2.284985 0.303922 0.960336 0.273626 -0.053688 0.737911 0.049038 1 50 1.000000
shoe
  50 3.830295 2.259115 -0.272934 0.954304 0.292445 -0.061474 0.740176 0.010755 1 50 1.000000
  50 3.859527 2.284985 0.303922 0.960336 0.273626 -0.053688 0.737911 0.049038 1 50 1.000000
  50 3.890718 1.873673 -0.260562 0.994270 0.095403 -0.048225 0.707839 0.010755 1 50 1.000000
shoe
  50 3.872815 2.318565 0.827810 0.962985 0.262537 -0.061107 0.736631 0.086102 1 50 1.000000
  50 3.859527 2.284985 0.303922 0.960336 0.273626 -0.053688 0.737911 0.049038 1 50 1.000000
  50 3.717330 2.611331 0.289655 0.766448 0.635869 -0.090711 0.765930 0.049377 1 50 1.000000
shoe
  50 3.830295 2.259115 -0.272934 0.954304 0.292445 -0.061474 0.740176 0.010755 1 50 1.000000
  50 3.691634 2.551713 -0.281631 0.758969 0.644245 -0.094415 0.766954 0.010755 1 50 1.000000
  50 3.859527 2.284985 0.303922 0.960336 0.273626 -0.053688 0.737911 0.049038 1 50 1.000000
shoe
  50 3.691634 2.551713 -0.281631 0.758969 0.644245 -0.094415 0.766954 0.010755 1 50 1.000000
  50 3.717330 2.611331 0.289655 0.766448 0.635869 -0.090711 0.765930 0.049377 1 50 1.000000
  50 3.859527 2.284985 0.303922 0.960336 0.273626 -0.053688 0.737911 0.049038 1 50 1.000000
shoe
  50 4.703386 -1.096217 1.042393 0.934929 0.323646 0.145465 0.862850 0.980189 1 50 1.000000
  50 4.839350 -1.497460 0.837313 0.938467 0.156856 0.307694 0.832688 0.976733 1 50 1.000000
  50 4.539334 -0.893522 0.713217 0.912405 0.405889 -0.052639 0.877550 0.953522 1 50 1.000000
shoe
  50 4.539334 -0.893522 0.713217 0.912405 0.405889 -0.052639 0.877550 0.953522 1 50 1.000000
  50 4.446522 -0.654670 1.112814 0.890884 0.453917 -0.016868 0.897754 0.969543 1 50 1.000000
  50 4.703386 -1.096217 1.042393 0.934929 0.323646 0.145465 0.862850 0.980189 1 50 1.000000
shoe
  50 4.446522 -0.654670 1.112814 0.890884 0.453917 -0.016868 0.897754 0.969543 1 50 1.000000
  50 4.519072 -0.743651 1.250003 0.707760 0.609131 0.357820 0.893223 0.981670 1 50 1.000000
  50 4.703386 -1.096217 1.042393 0.934929 0.323646 0.145465 0.862850 0.980189 1 50 1.000000
shoe
  50 4.650234 -1.132553 1.082485 0.660025 -0.114779 0.742424 0.861311 0.985299 1 50 1.000000
  50 4.703386 -1.096217 1.042393 0.934929 0.323646 0.145465 0.862850 0.980189 1 50 1.000000
  50 4.519072 -0.743651 1.250003 0.707760 0.609131 0.357820 0.893223 0.981670 1 50 1.000000
shoe
  50 4.496539 -0.763550 1.295945 0.849671 0.428206 0.307732 0.893540 0.985299 1 50 1.000000
  50 4.650234 -1.132553 1.082485 0.660025 -0.114779 0.742424 0.861311 0.985299 1 50 1.000000
  50 4.519072 -0.743651 1.250003 0.707760 0.609131 0.357820 0.893223 0.981670 1 50 1.000000
shoe
  50 4.496539 -0.763550 1.295945 0.849671 0.428206 0.307732 0.893540 0.985299 1 50 1.000000
  50 4.519072 -0.743651 1.250003 0.707760 0.609131 0.357820 0.893223 0.981670 1 50 1.000000
  50 4.446522 -0.654670 1.112814 0.890884 0.453917 -0.016868 0.897754 0.969543 1 50 1.000000
shoe
  50 4.324501 -0.395211 1.492018 0.931783 0.362477 -0.019768 0.927245 0.985299 1 50 1.000000
  50 4.496539 -0.763550 1.295945 0.849671 0.428206 0.307732 0.893540 0.985299 1 50 1.000000
  50 4.446522 -0.654670 1.112814 0.890884 0.453917 -0.016868 0.897754 0.969543 1 50 1.000000
shoe
  50 4.650234 -1.132553 1.082485 0.660025 -0.114779 0.742424 0.861311 0.985299 1 50 1.000000
  50 4.768565 -1.540568 0.904052 0.710306 -0.085495 0.698682 0.829753 0.985299 1 50 1.000000
  50 4.703386 -1.096217 1.042393 0.663242 -0.132061 0.736661 0.862850 0.980189 1 50 1.000000
shoe
  50 4.768565 -1.540568 0.904052 0.710306 -0.085495 0.698682 0.829753 0.985299 1 50 1.000000
  50 4.839350 -1.497460 0.837313 0.938467 0.156856 0.307694 0.832688 0.976733 1 50 1.000000
  50 4.703386 -1.096217 1.042393 0.663242 -0.132061 0.736661 0.862850 0.980189 1 50 1.000000
shoe
  50 4.273871 -0.265448 1.420393 0.941414 0.331112 -0.064066 0.927245 0.970694 1 50 1.000000
  50 4.324501 -0.395211 1.492018 0.931783 0.362477 -0.019768 0.927245 0.985299 1 50 1.000000
  50 4.446522 -0.654670 1.112814 0.890884 0.453917 -0.016868 0.897754 0.969543 1 50 1.000000
shoe
  50 4.192809 0.163035 1.812972 0.967725 0.222635 -0.118074 0.954050 0.985299 1 50 1.000000
  50 4.324501 -0.395211 1.492018 0.931783 0.362477 -0.019768 0.927245 0.985299 1 50 1.000000
  50 4.273871 -0.265448 1.420393 0.941414 0.331112 -0.064066 0.927245 0.970694 1 50 1.000000
shoe
  50 4.416173 -0.582308 0.991976 0.923905 0.382621 0.000445 0.900096 0.959713 1 50 1.000000
  50 4.273871 -0.265448 1.420393 0.941414 0.331112 -0.064066 0.927245 0.970694 1 50 1.000000
  50 4.446522 -0.654670 1.112814 0.890884 0.453917 -0.016868 0.897754 0.969543 1 50 1.000000
shoe
  50 4.446522 -0.654670 1.112814 0.890884 0.453917 -0.016868 0.897754 0.969543 1 50 1.000000
  50 4.539334 -0.893522 0.713217 0.912405 0.405889 -0.052639 0.877550 0.953522 1 50 1.000000
  50 4.416173 -0.582308 0.991976 0.923905 0.382621 0.000445 0.900096 0.959713 1 50 1.000000
shoe
  50 4.167614 0.230402 1.732724 0.969436 0.208503 -0.129308 0.954050 0.970694 1 50 1.000000
  50 4.192809 0.163035 1.812972 0.967725 0.222635 -0.118074 0.954050 0.985299 1 50 1.000000
  50 4.273871 -0.265448 1.420393 0.941414 0.331112 -0.064066 0.927245 0.970694 1 50 1.000000
shoe
  50 4.539334 -0.893522 0.713217 0.912405 0.405889 -0.052639 0.877550 0.953522 1 50 1.000000
  50 4.508849 -0.809413 0.620627 0.937322 0.348313 0.010268 0.882357 0.946880 1 50 1.000000
  50 4.416173 -0.582308 0.991976 0.923905 0.382621 0.000445 0.900096 0.959713 1 50 1.000000
shoe
  50 4.192809 0.163035 1.812972 0.967725 0.222635 -0.118074 0.954050 0.985299 1 50 1.000000
  50 4.167614 0.230402 1.732724 0.969436 0.208503 -0.129308 0.954050 0.970694 1 50 1.000000
  50 4.122857 0.757512 2.008720 0.985593 0.141340 -0.092890 0.974962 0.970694 1 50 1.000000
shoe
  50 4.133633 0.743800 2.106526 0.983823 0.141274 -0.110156 0.974962 0.985299 1 50 1.000000
  50 4.192809 0.163035 1.812972 0.967725 0.222635 -0.118074 0.954050 0.985299 1 50 1.000000
  50 4.122857 0.757512 2.008720 0.985593 0.141340 -0.092890 0.974962 0.970694 1 50 1.000000
shoe
  50 4.133633 0.743800 2.106526 0.983823 0.141274 -0.110156 0.974962 0.985299 1 50 1.000000
  50 4.122857 0.757512 2.008720 0.985593 0.141340 -0.092890 0.974962 0.970694 1 50 1.000000
  50 4.072105 1.259366 2.195398 0.947060 0.160909 -0.277822 0.992168 0.970694 1 50 1.000000
shoe
  50 4.126308 1.192783 2.326272 0.938091 0.164496 -0.304837 0.992168 0.985299 1 50 1.000000
  50 4.133633 0.743800 2.106526 0.983823 0.141274 -0.110156 0.974962 0.985299 1 50 1.000000
  50 4.072105 1.259366 2.195398 0.947060 0.160909 -0.277822 0.992168 0.970694 1 50 1.000000
shoe
  50 4.508849 -0.809413 0.620627 0.937322 0.348313 0.010268 0.882357 0.946880 1 50 1.000000
  50 4.539334 -0.893522 0.713217 0.912405 0.405889 -0.052639 0.877550 0.953522 1 50 1.000000
  50 4.630726 -1.139232 0.360434 0.924161 0.381432 -0.020862 0.861345 0.934068 1 50 1.000000
shoe
  50 4.630726 -1.139232 0.360434 0.924161 0.381432 -0.020862 0.861345 0.934068 1 50 1.000000
  50 4.539334 -0.893522 0.713217 0.912405 0.405889 -0.052639 0.877550 0.953522 1 50 1.000000
  50 4.839350 -1.497460 0.837313 0.938467 0.156856 0.307694 0.832688 0.976733 1 50 1.000000
shoe
  50 4.604893 -1.060780 0.268208 0.938793 0.344455 0.004202 0.867609 0.927173 1 50 1.000000
  50 4.508849 -0.809413 0.620627 0.937322 0.348313 0.010268 0.882357 0.946880 1 50 1.000000
  50 4.630726 -1.139232 0.360434 0.924161 0.381432 -0.020862 0.861345 0.934068 1 50 1.000000
shoe
  50 4.604893 -1.060780 0.268208 0.938793 0.344455 0.004202 0.867609 0.927173 1 50 1.000000
  50 4.630726 -1.139232 0.360434 0.924161 0.381432 -0.020862 0.861345 0.934068 1 50 1.000000
  50 4.704020 -1.324152 0.197004 0.929522 0.357083 -0.092092 0.847916 0.923925 1 50 1.000000
shoe
  50 4.704020 -1.324152 0.197004 0.929522 0.357083 -0.092092 0.847916 0.923925 1 50 1.000000
  50 4.630726 -1.139232 0.360434 0.924161 0.381432 -0.020862 0.861345 0.934068 1 50 1.000000
  50 4.839350 -1.497460 0.837313 0.938467 0.156856 0.307694 0.832688 0.976733 1 50 1.000000
shoe
  50 4.680778 -1.308382 0.044520 0.935049 0.341871 -0.093845 0.850661 0.910791 1 50 1.000000
  50 4.604893 -1.060780 0.268208 0.938793 0.344455 0.004202 0.867609 0.927173 1 50 1.000000
  50 4.704020 -1.324152 0.197004 0.929522 0.357083 -0.092092 0.847916 0.923925 1 50 1.000000
shoe
  50 4.680778 -1.308382 0.044520 0.935049 0.341871 -0.093845 0.850661 0.910791 1 50 1.000000
  50 4.704020 -1.324152 0.197004 0.929522 0.357083 -0.092092 0.847916 0.923925 1 50 1.000000
  50 4.827603 -1.729529 0.073114 0.967699 0.243689 -0.064611 0.816066 0.921626 1 50 1.000000
shoe
  50 4.827603 -1.729529 0.073114 0.967699 0.243689 -0.064611 0.816066 0.921626 1 50 1.000000
  50 4.704020 -1.324152 0.197004 0.929522 0.357083 -0.092092 0.847916 0.923925 1 50 1.000000
  50 4.839350 -1.497460 0.837313 0.938467 0.156856 0.307694 0.832688 0.976733 1 50 1.000000
shoe
  50 4.813529 -1.691562 -0.072800 0.965792 0.258007 -0.026031 0.817716 0.910791 1 50 1.000000
  50 4.680778 -1.308382 0.044520 0.935049 0.341871 -0.093845 0.850661 0.910791 1 50 1.000000
  50 4.827603 -1.729529 0.073114 0.967699 0.243689 -0.064611 0.816066 0.921626 1 50 1.000000
shoe
  50 4.813529 -1.691562 -0.072800 0.965792 0.258007 -0.026031 0.817716 0.910791 1 50 1.000000
  50 4.827603 -1.729529 0.073114 0.967699 0.243689 -0.064611 0.816066 0.921626 1 50 1.000000
  50 4.893582 -2.147223 -0.123646 0.991534 0.110012 -0.068979 0.785565 0.910791 1 50 1.000000
shoe
  50 4.915370 -1.903482 0.724827 0.944143 0.100668 0.313784 0.804229 0.975848 1 50 1.000000
  50 4.827603 -1.729529 0.073114 0.967699 0.243689 -0.064611 0.816066 0.921626 1 50 1.000000
  50 4.839350 -1.497460 0.837313 0.938467 0.156856 0.307694 0.832688 0.976733 1 50 1.000000
shoe
  50 4.839350 -1.497460 0.837313 0.938467 0.156856 0.307694 0.832688 0.976733 1 50 1.000000
  50 4.768565 -1.540568 0.904052 0.710306 -0.085495 0.698682 0.829753 0.985299 1 50 1.000000
  50 4.915370 -1.903482 0.724827 0.944143 0.100668 0.313784 0.804229 0.975848 1 50 1.000000
shoe
  50 4.768565 -1.540568 0.904052 0.710306 -0.085495 0.698682 0.829753 0.985299 1 50 1.000000
  50 4.846463 -1.938046 0.798117 0.726706 0.001393 0.686947 0.801980 0.985299 1 50 1.000000
  50 4.915370 -1.903482 0.724827 0.944143 0.100668 0.313784 0.804229 0.975848 1 50 1.000000
shoe
  50 4.827603 -1.729529 0.073114 0.967699 0.243689 -0.064611 0.816066 0.921626 1 50 1.000000
  50 4.906446 -2.163749 0.031532 0.991062 0.108730 -0.077290 0.785354 0.922428 1 50 1.000000
  50 4.893582 -2.147223 -0.123646 0.991534 0.110012 -0.068979 0.785565 0.910791 1 50 1.000000
shoe
  50 4.906446 -2.163749 0.031532 0.991062 0.108730 -0.077290 0.785354 0.922428 1 50 1.000000
  50 4.827603 -1.729529 0.073114 0.967699 0.243689 -0.064611 0.816066 0.921626 1 50 1.000000
  50 4.915370 -1.903482 0.724827 0.944143 0.100668 0.313784 0.804229 0.975848 1 50 1.000000
shoe
  50 4.893582 -2.147223 -0.123646 0.991534 0.110012 -0.068979 0.785565 0.910791 1 50 1.000000
  50 4.906446 -2.163749 0.031532 0.991062 0.108730 -0.077290 0.785354 0.922428 1 50 1.000000
  50 4.907903 -2.619360 -0.132536 0.995163 -0.008505 -0.097867 0.754133 0.910791 1 50 1.000000
shoe
  50 4.915370 -1.903482 0.724827 0.944143 0.100668 0.313784 0.804229 0.975848 1 50 1.000000
  50 4.846463 -1.938046 0.798117 0.726706 0.001393 0.686947 0.801980 0.985299 1 50 1.000000
  50 4.971252 -2.320356 0.688447 0.941508 0.046475 0.333769 0.777374 0.976226 1 50 1.000000
shoe
  50 4.971252 -2.320356 0.688447 0.941508 0.046475 0.333769 0.777374 0.976226 1 50 1.000000
  50 4.906446 -2.163749 0.031532 0.991062 0.108730 -0.077290 0.785354 0.922428 1 50 1.000000
  50 4.915370 -1.903482 0.724827 0.944143 0.100668 0.313784 0.804229 0.975848 1 50 1.000000
shoe
  50 4.846463 -1.938046 0.798117 0.726706 0.001393 0.686947 0.801980 0.985299 1 50 1.000000
  50 4.897549 -2.344926 0.762120 0.710534 0.013602 0.703531 0.776387 0.985299 1 50 1.000000
  50 4.971252 -2.320356 0.688447 0.941508 0.046475 0.333769 0.777374 0.976226 1 50 1.000000
shoe
  50 4.906446 -2.163749 0.031532 0.991062 0.108730 -0.077290 0.785354 0.922428 1 50 1.000000
  50 4.923294 -2.633544 0.022347 0.995780 -0.015294 -0.090485 0.754015 0.922594 1 50 1.000000
  50 4.907903 -2.619360 -0.132536 0.995163 -0.008505 -0.097867 0.754133 0.910791 1 50 1.000000
shoe
  50 4.923294 -2.633544 0.022347 0.995780 -0.015294 -0.090485 0.754015 0.922594 1 50 1.000000
  50 4.906446 -2.163749 0.031532 0.991062 0.108730 -0.077290 0.785354 0.922428 1 50 1.000000
  50 4.971252 -2.320356 0.688447 0.941508 0.046475 0.333769 0.777374 0.976226 1 50 1.000000
shoe
  50 4.907903 -2.619360 -0.132536 0.995163 -0.008505 -0.097867 0.754133 0.910791 1 50 1.000000
  50 4.923294 -2.633544 0.022347 0.995780 -0.015294 -0.090485 0.754015 0.922594 1 50 1.000000
  50 4.882113 -3.093431 -0.103851 0.988722 -0.117945 -0.092292 0.723004 0.910791 2 50 0.818247 51 0.181753
shoe
  50 4.969973 -2.758963 0.690048 0.954984 -0.035299 0.294550 0.749831 0.976186 2 50 0.958133 51 0.041867
  50 4.971252 -2.320356 0.688447 0.941508 0.046475 0.333769 0.777374 0.976226 1 50 1.000000
  50 4.897549 -2.344926 0.762120 0.710534 0.013602 0.703531 0.776387 0.985299 1 50 1.000000
shoe
  50 4.969973 -2.758963 0.690048 0.954984 -0.035299 0.294550 0.749831 0.976186 2 50 0.958133 51 0.041867
  50 4.923294 -2.633544 0.022347 0.995780 -0.015294 -0.090485 0.754015 0.922594 1 50 1.000000
  50 4.971252 -2.320356 0.688447 0.941508 0.046475 0.333769 0.777374 0.976226 1 50 1.000000
shoe
  50 4.899112 -2.798147 0.778036 0.772885 -0.029683 0.633851 0.748576 0.985299 2 50 0.939357 51 0.060643
  50 4.969973 -2.758963 0.690048 0.954984 -0.035299 0.294550 0.749831 0.976186 2 50 0.958133 51 0.041867
  50 4.897549 -2.344926 0.762120 0.710534 0.013602 0.703531 0.776387 0.985299 1 50 1.000000
shoe
  50 4.923294 -2.633544 0.022347 0.995780 -0.015294 -0.090485 0.754015 0.922594 1 50 1.000000
  50 4.894209 -3.092871 0.035116 0.989724 -0.120452 -0.077055 0.723280 0.921974 2 50 0.816496 51 0.183504
  50 4.882113 -3.093431 -0.103851 0.988722 -0.117945 -0.092292 0.723004 0.910791 2 50 0.818247 51 0.181753
shoe
  50 4.894209 -3.092871 0.035116 0.989724 -0.120452 -0.077055 0.723280 0.921974 2 50 0.816496 51 0.183504
  50 4.923294 -2.633544 0.022347 0.995780 -0.015294 -0.090485 0.754015 0.922594 1 50 1.000000
  50 4.969973 -2.758963 0.690048 0.954984 -0.035299 0.294550 0.749831 0.976186 2 50 0.958133 51 0.041867
shoe
  50 4.919476 -3.199573 0.713845 0.916864 -0.132295 0.376640 0.717516 0.975932 2 50 0.758506 51 0.241494
  50 4.969973 -2.758963 0.690048 0.954984 -0.035299 0.294550 0.749831 0.976186 2 50 0.958133 51 0.041867
  50 4.899112 -2.798147 0.778036 0.772885 -0.029683 0.633851 0.748576 0.985299 2 50 0.939357 51 0.060643
shoe
  50 4.919476 -3.199573 0.713845 0.916864 -0.132295 0.376640 0.717516 0.975932 2 50 0.758506 51 0.241494
  50 4.894209 -3.092871 0.035116 0.989724 -0.120452 -0.077055 0.723280 0.921974 2 50 0.816496 51 0.183504
  50 4.969973 -2.758963 0.690048 0.954984 -0.035299 0.294550 0.749831 0.976186 2 50 0.958133 51 0.041867
shoe
  50 4.822441 -3.233260 0.793522 0.648531 -0.077522 0.757230 0.714376 0.985299 2 50 0.742412 51 0.257588
  50 4.919476 -3.199573 0.713845 0.916864 -0.132295 0.376640 0.717516 0.975932 2 50 0.758506 51 0.241494
  50 4.899112 -2.798147 0.778036 0.772885 -0.029683 0.633851 0.748576 0.985299 2 50 0.939357 51 0.060643
shoe
  50 4.894209 -3.092871 0.035116 0.989724 -0.120452 -0.077055 0.723280 0.921974 2 50 0.816496 51 0.183504
  50 4.813768 -3.566474 0.058193 0.971424 -0.219994 -0.089088 0.690212 0.921660 2 50 0.602032 51 0.397968
  50 4.882113 -3.093431 -0.103851 0.988722 -0.117945 -0.092292 0.723004 0.910791 2 50 0.818247 51 0.181753
shoe
  50 4.894209 -3.092871 0.035116 0.989724 -0.120452 -0.077055 0.723280 0.921974 2 50 0.816496 51 0.183504
  50 4.919476 -3.199573 0.713845 0.916864 -0.132295 0.376640 0.717516 0.975932 2 50 0.758506 51 0.241494
  50 4.813768 -3.566474 0.058193 0.971424 -0.219994 -0.089088 0.690212 0.921660 2 50 0.602032 51 0.397968
shoe
  50 4.813768 -3.566474 0.058193 0.971424 -0.219994 -0.089088 0.690212 0.921660 2 50 0.602032 51 0.397968
  50 4.791799 -3.578765 -0.079495 0.965998 -0.220864 -0.134414 0.689617 0.910791 2 50 0.598484 51 0.401516
  50 4.882113 -3.093431 -0.103851 0.988722 -0.117945 -0.092292 0.723004 0.910791 2 50 0.818247 51 0.181753
shoe
  50 4.791799 -3.578765 -0.079495 0.965998 -0.220864 -0.134414 0.689617 0.910791 2 50 0.598484 51 0.401516
  50 4.813768 -3.566474 0.058193 0.971424 -0.219994 -0.089088 0.690212 0.921660 2 50 0.602032 51 0.397968
  51 4.669452 -4.070796 -0.029609 0.945046 -0.323270 -0.048834 0.653131 0.910791 2 51 0.624578 50 0.375422
shoe
  50 4.831861 -3.634381 0.747521 0.900826 -0.191234 0.389797 0.684007 0.975771 2 50 0.561473 51 0.438527
  50 4.919476 -3.199573 0.713845 0.916864 -0.132295 0.376640 0.717516 0.975932 2 50 0.758506 51 0.241494
  50 4.822441 -3.233260 0.793522 0.648531 -0.077522 0.757230 0.714376 0.985299 2 50 0.742412 51 0.257588
shoe
  50 4.919476 -3.199573 0.713845 0.916864 -0.132295 0.376640 0.717516 0.975932 2 50 0.758506 51 0.241494
  50 4.831861 -3.634381 0.747521 0.900826 -0.191234 0.389797 0.684007 0.975771 2 50 0.561473 51 0.438527
  50 4.813768 -3.566474 0.058193 0.971424 -0.219994 -0.089088 0.690212 0.921660 2 50 0.602032 51 0.397968
shoe
  50 4.733837 -3.648912 0.829644 0.646104 -0.104292 0.756090 0.680677 0.985299 2 50 0.554018 51 0.445982
  50 4.831861 -3.634381 0.747521 0.900826 -0.191234 0.389797 0.684007 0.975771 2 50 0.561473 51 0.438527
  50 4.822441 -3.233260 0.793522 0.648531 -0.077522 0.757230 0.714376 0.985299 2 50 0.742412 51 0.257588
shoe
  50 4.813768 -3.566474 0.058193 0.971424 -0.219994 -0.089088 0.690212 0.921660 2 50 0.602032 51 0.397968
  51 4.674999 -4.072977 0.114946 0.941197 -0.335891 -0.036402 0.652575 0.922093 2 51 0.627630 50 0.372370
  51 4.669452 -4.070796 -0.029609 0.945046 -0.323270 -0.048834 0.653131 0.910791 2 51 0.624578 50 0.375422
shoe
  50 4.813768 -3.566474 0.058193 0.971424 -0.219994 -0.089088 0.690212 0.921660 2 50 0.602032 51 0.397968
  50 4.831861 -3.634381 0.747521 0.900826 -0.191234 0.389797 0.684007 0.975771 2 50 0.561473 51 0.438527
  51 4.674999 -4.072977 0.114946 0.941197 -0.335891 -0.036402 0.652575 0.922093 2 51 0.627630 50 0.372370
shoe
  51 4.669452 -4.070796 -0.029609 0.945046 -0.323270 -0.048834 0.653131 0.910791 2 51 0.624578 50 0.375422
  51 4.674999 -4.072977 0.114946 0.941197 -0.335891 -0.036402 0.652575 0.922093 2 51 0.627630 50 0.372370
  51 4.491295 -4.499330 0.029998 0.887855 -0.460118 0.002200 0.619349 0.910791 2 51 0.818873 50 0.181127
shoe
  51 4.690778 -4.086700 0.794118 0.867049 -0.291930 0.403736 0.650241 0.976037 2 51 0.643513 50 0.356487
  50 4.831861 -3.634381 0.747521 0.900826 -0.191234 0.389797 0.684007 0.975771 2 50 0.561473 51 0.438527
  50 4.733837 -3.648912 0.829644 0.646104 -0.104292 0.756090 0.680677 0.985299 2 50 0.554018 51 0.445982
shoe
  50 4.831861 -3.634381 0.747521 0.900826 -0.191234 0.389797 0.684007 0.975771 2 50 0.561473 51 0.438527
  51 4.690778 -4.086700 0.794118 0.867049 -0.291930 0.403736 0.650241 0.976037 2 51 0.643513 50 0.356487
  51 4.674999 -4.072977 0.114946 0.941197 -0.335891 -0.036402 0.652575 0.922093 2 51 0.627630 50 0.372370
shoe
  51 4.595939 -4.087768 0.871550 0.623516 -0.177054 0.761498 0.648042 0.985299 2 51 0.644816 50 0.355184
  51 4.690778 -4.086700 0.794118 0.867049 -0.291930 0.403736 0.650241 0.976037 2 51 0.643513 50 0.356487
  50 4.733837 -3.648912 0.829644 0.646104 -0.104292 0.756090 0.680677 0.985299 2 50 0.554018 51 0.445982
shoe
  51 4.674999 -4.072977 0.114946 0.941197 -0.335891 -0.036402 0.652575 0.922093 2 51 0.627630 50 0.372370
  51 4.488345 -4.502652 0.180764 0.878732 -0.477315 -0.000830 0.618572 0.922688 2 51 0.822505 50 0.177495
  51 4.491295 -4.499330 0.029998 0.887855 -0.460118 0.002200 0.619349 0.910791 2 51 0.818873 50 0.181127
shoe
  51 4.674999 -4.072977 0.114946 0.941197 -0.335891 -0.036402 0.652575 0.922093 2 51 0.627630 50 0.372370
  51 4.690778 -4.086700 0.794118 0.867049 -0.291930 0.403736 0.650241 0.976037 2 51 0.643513 50 0.356487
  51 4.488345 -4.502652 0.180764 0.878732 -0.477315 -0.000830 0.618572 0.922688 2 51 0.822505 50 0.177495
shoe
  51 4.491295 -4.499330 0.029998 0.887855 -0.460118 0.002200 0.619349 0.910791 2 51 0.818873 50 0.181127
  51 4.488345 -4.502652 0.180764 0.878732 -0.477315 -0.000830 0.618572 0.922688 2 51 0.822505 50 0.177495
  51 4.246728 -4.883212 0.098561 0.786048 -0.616146 0.049916 0.586927 0.910791 2 51 0.992891 50 0.007109
shoe
  51 4.486764 -4.512772 0.842656 0.814873 -0.412475 0.407241 0.615702 0.976080 2 51 0.836461 50 0.163539
  51 4.690778 -4.086700 0.794118 0.867049 -0.291930 0.403736 0.650241 0.976037 2 51 0.643513 50 0.356487
  51 4.595939 -4.087768 0.871550 0.623516 -0.177054 0.761498 0.648042 0.985299 2 51 0.644816 50 0.355184
shoe
  51 4.690778 -4.086700 0.794118 0.867049 -0.291930 0.403736 0.650241 0.976037 2 51 0.643513 50 0.356487
  51 4.486764 -4.512772 0.842656 0.814873 -0.412475 0.407241 0.615702 0.976080 2 51 0.836461 50 0.163539
  51 4.488345 -4.502652 0.180764 0.878732 -0.477315 -0.000830 0.618572 0.922688 2 51 0.822505 50 0.177495
shoe
  51 4.404315 -4.485554 0.917493 0.604762 -0.258806 0.753182 0.614794 0.985299 2 51 0.824961 50 0.175039
  51 4.486764 -4.512772 0.842656 0.814873 -0.412475 0.407241 0.615702 0.976080 2 51 0.836461 50 0.163539
  51 4.595939 -4.087768 0.871550 0.623516 -0.177054 0.761498 0.648042 0.985299 2 51 0.644816 50 0.355184
shoe
  51 4.488345 -4.502652 0.180764 0.878732 -0.477315 -0.000830 0.618572 0.922688 2 51 0.822505 50 0.177495
  51 4.237684 -4.881528 0.245111 0.776396 -0.629790 0.023969 0.585781 0.922781 2 51 0.994179 50 0.005821
  51 4.246728 -4.883212 0.098561 0.786048 -0.616146 0.049916 0.586927 0.910791 2 51 0.992891 50 0.007109
shoe
  51 4.488345 -4.502652 0.180764 0.878732 -0.477315 -0.000830 0.618572 0.922688 2 51 0.822505 50 0.177495
  51 4.486764 -4.512772 0.842656 0.814873 -0.412475 0.407241 0.615702 0.976080 2 51 0.836461 50 0.163539
  51 4.237684 -4.881528 0.245111 0.776396 -0.629790 0.023969 0.585781 0.922781 2 51 0.994179 50 0.005821
shoe
  51 4.246728 -4.883212 0.098561 0.786048 -0.616146 0.049916 0.586927 0.910791 2 51 0.992891 50 0.007109
  51 4.237684 -4.881528 0.245111 0.776396 -0.629790 0.023969 0.585781 0.922781 2 51 0.994179 50 0.005821
  51 3.979253 -5.149918 0.156473 0.607978 -0.793388 0.029958 0.560049 0.910791 1 51 1.000000
shoe
  51 4.486764 -4.512772 0.842656 0.814873 -0.412475 0.407241 0.615702 0.976080 2 51 0.836461 50 0.163539
  51 4.404315 -4.485554 0.917493 0.604762 -0.258806 0.753182 0.614794 0.985299 2 51 0.824961 50 0.175039
  51 4.252340 -4.868603 0.886772 0.737581 -0.550556 0.390975 0.583472 0.975879 2 51 0.997465 50 0.002535
shoe
  51 4.486764 -4.512772 0.842656 0.814873 -0.412475 0.407241 0.615702 0.976080 2 51 0.836461 50 0.163539
  51 4.252340 -4.868603 0.886772 0.737581 -0.550556 0.390975 0.583472 0.975879 2 51 0.997465 50 0.002535
  51 4.237684 -4.881528 0.245111 0.776396 -0.629790 0.023969 0.585781 0.922781 2 51 0.994179 50 0.005821
shoe
  51 4.404315 -4.485554 0.917493 0.604762 -0.258806 0.753182 0.614794 0.985299 2 51 0.824961 50 0.175039
  51 4.202534 -4.799883 0.959845 0.582548 -0.355183 0.731083 0.584897 0.985299 2 51 0.967250 50 0.032750
  51 4.252340 -4.868603 0.886772 0.737581 -0.550556 0.390975 0.583472 0.975879 2 51 0.997465 50 0.002535
shoe
  51 4.202534 -4.799883 0.959845 0.582548 -0.355183 0.731083 0.584897 0.985299 2 51 0.967250 50 0.032750
  51 3.943737 -5.059093 1.000246 0.455454 -0.438695 0.774666 0.556400 0.985299 1 51 1.000000
  51 4.252340 -4.868603 0.886772 0.737581 -0.550556 0.390975 0.583472 0.975879 2 51 0.997465 50 0.002535
shoe
  51 4.237684 -4.881528 0.245111 0.776396 -0.629790 0.023969 0.585781 0.922781 2 51 0.994179 50 0.005821
  51 3.973337 -5.149332 0.304770 0.594235 -0.804165 0.014234 0.558518 0.923406 1 51 1.000000
  51 3.979253 -5.149918 0.156473 0.607978 -0.793388 0.029958 0.560049 0.910791 1 51 1.000000
shoe
  51 3.973337 -5.149332 0.304770 0.594235 -0.804165 0.014234 0.558518 0.923406 1 51 1.000000
  51 4.237684 -4.881528 0.245111 0.776396 -0.629790 0.023969 0.585781 0.922781 2 51 0.994179 50 0.005821
  51 4.252340 -4.868603 0.886772 0.737581 -0.550556 0.390975 0.583472 0.975879 2 51 0.997465 50 0.002535
shoe
  51 3.685840 -5.301023 0.197062 0.329361 -0.944198 -0.003547 0.535771 0.910791 1 51 1.000000
  51 3.979253 -5.149918 0.156473 0.607978 -0.793388 0.029958 0.560049 0.910791 1 51 1.000000
  51 3.973337 -5.149332 0.304770 0.594235 -0.804165 0.014234 0.558518 0.923406 1 51 1.000000
shoe
  51 3.943737 -5.059093 1.000246 0.455454 -0.438695 0.774666 0.556400 0.985299 1 51 1.000000
  51 3.983940 -5.133197 0.934992 0.585345 -0.691525 0.423277 0.555874 0.976250 1 51 1.000000
  51 4.252340 -4.868603 0.886772 0.737581 -0.550556 0.390975 0.583472 0.975879 2 51 0.997465 50 0.002535
shoe
  51 3.983940 -5.133197 0.934992 0.585345 -0.691525 0.423277 0.555874 0.976250 1 51 1.000000
  51 3.973337 -5.149332 0.304770 0.594235 -0.804165 0.014234 0.558518 0.923406 1 51 1.000000
  51 4.252340 -4.868603 0.886772 0.737581 -0.550556 0.390975 0.583472 0.975879 2 51 0.997465 50 0.002535
shoe
  51 3.943737 -5.059093 1.000246 0.455454 -0.438695 0.774666 0.556400 0.985299 1 51 1.000000
  51 3.671227 -5.225576 1.029242 0.292941 -0.525244 0.798939 0.534003 0.985299 1 51 1.000000
  51 3.983940 -5.133197 0.934992 0.585345 -0.691525 0.423277 0.555874 0.976250 1 51 1.000000
shoe
  51 3.690759 -5.300609 0.343035 0.351103 -0.936196 -0.016224 0.535163 0.923693 1 51 1.000000
  51 3.685840 -5.301023 0.197062 0.329361 -0.944198 -0.003547 0.535771 0.910791 1 51 1.000000
  51 3.973337 -5.149332 0.304770 0.594235 -0.804165 0.014234 0.558518 0.923406 1 51 1.000000
shoe
  51 3.690759 -5.300609 0.343035 0.351103 -0.936196 -0.016224 0.535163 0.923693 1 51 1.000000
  51 3.973337 -5.149332 0.304770 0.594235 -0.804165 0.014234 0.558518 0.923406 1 51 1.000000
  51 3.983940 -5.133197 0.934992 0.585345 -0.691525 0.423277 0.555874 0.976250 1 51 1.000000
shoe
  51 3.379819 -5.354406 0.216677 0.121835 -0.984236 -0.128204 0.512345 0.910791 1 51 1.000000
  51 3.685840 -5.301023 0.197062 0.329361 -0.944198 -0.003547 0.535771 0.910791 1 51 1.000000
  51 3.690759 -5.300609 0.343035 0.351103 -0.936196 -0.016224 0.535163 0.923693 1 51 1.000000
shoe
  51 3.671227 -5.225576 1.029242 0.292941 -0.525244 0.798939 0.534003 0.985299 1 51 1.000000
  51 3.698166 -5.305914 0.966547 0.386611 -0.815872 0.429982 0.533193 0.976309 1 51 1.000000
  51 3.983940 -5.133197 0.934992 0.585345 -0.691525 0.423277 0.555874 0.976250 1 51 1.000000
shoe
  51 3.698166 -5.305914 0.966547 0.386611 -0.815872 0.429982 0.533193 0.976309 1 51 1.000000
  51 3.690759 -5.300609 0.343035 0.351103 -0.936196 -0.016224 0.535163 0.923693 1 51 1.000000
  51 3.983940 -5.133197 0.934992 0.585345 -0.691525 0.423277 0.555874 0.976250 1 51 1.000000
shoe
  51 3.671227 -5.225576 1.029242 0.292941 -0.525244 0.798939 0.534003 0.985299 1 51 1.000000
  51 3.387152 -5.304135 1.045033 0.146281 -0.518070 0.842736 0.512715 0.985299 1 51 1.000000
  51 3.698166 -5.305914 0.966547 0.386611 -0.815872 0.429982 0.533193 0.976309 1 51 1.000000
shoe
  51 3.381045 -5.378262 0.375579 0.131573 -0.987733 -0.084101 0.511684 0.924774 1 51 1.000000
  51 3.379819 -5.354406 0.216677 0.121835 -0.984236 -0.128204 0.512345 0.910791 1 51 1.000000
  51 3.690759 -5.300609 0.343035 0.351103 -0.936196 -0.016224 0.535163 0.923693 1 51 1.000000
shoe
  51 3.690759 -5.300609 0.343035 0.351103 -0.936196 -0.016224 0.535163 0.923693 1 51 1.000000
  51 3.698166 -5.305914 0.966547 0.386611 -0.815872 0.429982 0.533193 0.976309 1 51 1.000000
  51 3.381045 -5.378262 0.375579 0.131573 -0.987733 -0.084101 0.511684 0.924774 1 51 1.000000
shoe
  51 3.086099 -5.363285 0.229674 -0.038595 -0.988378 -0.147033 0.489803 0.910791 1 51 1.000000
  51 3.379819 -5.354406 0.216677 0.121835 -0.984236 -0.128204 0.512345 0.910791 1 51 1.000000
  51 3.381045 -5.378262 0.375579 0.131573 -0.987733 -0.084101 0.511684 0.924774 1 51 1.000000
shoe
  51 3.387152 -5.304135 1.045033 0.146281 -0.518070 0.842736 0.512715 0.985299 1 51 1.000000
  51 3.398433 -5.396821 0.987013 0.216376 -0.754231 0.619933 0.511911 0.976273 1 51 1.000000
  51 3.698166 -5.305914 0.966547 0.386611 -0.815872 0.429982 0.533193 0.976309 1 51 1.000000
shoe
  51 3.698166 -5.305914 0.966547 0.386611 -0.815872 0.429982 0.533193 0.976309 1 51 1.000000
  51 3.398433 -5.396821 0.987013 0.216376 -0.754231 0.619933 0.511911 0.976273 1 51 1.000000
  51 3.381045 -5.378262 0.375579 0.131573 -0.987733 -0.084101 0.511684 0.924774 1 51 1.000000
shoe
  51 3.387152 -5.304135 1.045033 0.146281 -0.518070 0.842736 0.512715 0.985299 1 51 1.000000
  51 3.059545 -5.338298 1.055732 -0.000694 -0.561945 0.827174 0.488703 0.985299 1 51 1.000000
  51 3.398433 -5.396821 0.987013 0.216376 -0.754231 0.619933 0.511911 0.976273 1 51 1.000000
shoe
  51 3.059545 -5.338298 1.055732 -0.000694 -0.561945 0.827174 0.488703 0.985299 1 51 1.000000
  51 3.064015 -5.433640 0.988331 0.004234 -0.577113 0.816653 0.488748 0.975800 1 51 1.000000
  51 3.398433 -5.396821 0.987013 0.216376 -0.754231 0.619933 0.511911 0.976273 1 51 1.000000
shoe
  51 3.064015 -5.433640 0.988331 0.004234 -0.577113 0.816653 0.488748 0.975800 1 51 1.000000
  51 3.059545 -5.338298 1.055732 -0.000694 -0.561945 0.827174 0.488703 0.985299 1 51 1.000000
  51 2.748065 -5.403182 0.986407 -0.149865 -0.482264 0.863112 0.466669 0.976100 1 51 1.000000
shoe
  51 3.059545 -5.338298 1.055732 -0.000694 -0.561945 0.827174 0.488703 0.985299 1 51 1.000000
  51 2.758951 -5.305477 1.041094 -0.158171 -0.474223 0.866080 0.465647 0.985299 1 51 1.000000
  51 2.748065 -5.403182 0.986407 -0.149865 -0.482264 0.863112 0.466669 0.976100 1 51 1.000000
shoe
  51 2.748065 -5.403182 0.986407 -0.149865 -0.482264 0.863112 0.466669 0.976100 1 51 1.000000
  51 2.758951 -5.305477 1.041094 -0.158171 -0.474223 0.866080 0.465647 0.985299 1 51 1.000000
  51 2.448366 -5.303636 0.963538 -0.311307 -0.465530 0.828475 0.445030 0.975933 1 51 1.000000
shoe
  51 2.758951 -5.305477 1.041094 -0.158171 -0.474223 0.866080 0.465647 0.985299 1 51 1.000000
  51 2.485227 -5.218173 1.025093 -0.303528 -0.467204 0.830417 0.444095 0.985299 1 51 1.000000
  51 2.448366 -5.303636 0.963538 -0.311307 -0.465530 0.828475 0.445030 0.975933 1 51 1.000000
shoe
  51 2.485227 -5.218173 1.025093 -0.303528 -0.467204 0.830417 0.444095 0.985299 1 51 1.000000
  51 2.233543 -5.043955 0.993616 -0.486791 -0.398372 0.777389 0.422019 0.985299 1 51 1.000000
  51 2.448366 -5.303636 0.963538 -0.311307 -0.465530 0.828475 0.445030 0.975933 1 51 1.000000
shoe
  51 2.233543 -5.043955 0.993616 -0.486791 -0.398372 0.777389 0.422019 0.985299 1 51 1.000000
  51 2.158948 -5.098263 0.917811 -0.670522 -0.641485 0.372688 0.420905 0.975143 1 51 1.000000
  51 2.448366 -5.303636 0.963538 -0.311307 -0.465530 0.828475 0.445030 0.975933 1 51 1.000000
shoe
  51 2.233543 -5.043955 0.993616 -0.486791 -0.398372 0.777389 0.422019 0.985299 1 51 1.000000
  51 1.999093 -4.742938 0.955167 -0.585632 -0.275498 0.762323 0.393777 0.985299 2 51 0.934971 50 0.065029
  51 2.158948 -5.098263 0.917811 -0.670522 -0.641485 0.372688 0.420905 0.975143 1 51 1.000000
shoe
  51 1.999093 -4.742938 0.955167 -0.585632 -0.275498 0.762323 0.393777 0.985299 2 51 0.934971 50 0.065029
  51 1.918328 -4.786423 0.877180 -0.803846 -0.457748 0.379866 0.393304 0.975115 2 51 0.953313 50 0.046687
  51 2.158948 -5.098263 0.917811 -0.670522 -0.641485 0.372688 0.420905 0.975143 1 51 1.000000
shoe
  51 1.999093 -4.742938 0.955167 -0.585632 -0.275498 0.762323 0.393777 0.985299 2 51 0.934971 50 0.065029
  51 1.835666 -4.405067 0.916281 -0.639031 -0.187045 0.746092 0.365276 0.985299 2 51 0.781009 50 0.218991
  51 1.918328 -4.786423 0.877180 -0.803846 -0.457748 0.379866 0.393304 0.975115 2 51 0.953313 50 0.046687
shoe
  51 1.835666 -4.405067 0.916281 -0.639031 -0.187045 0.746092 0.365276 0.985299 2 51 0.781009 50 0.218991
  51 1.723767 -4.394837 0.822464 -0.871804 -0.318014 0.372591 0.362083 0.974338 2 51 0.774722 50 0.225278
  51 1.918328 -4.786423 0.877180 -0.803846 -0.457748 0.379866 0.393304 0.975115 2 51 0.953313 50 0.046687
shoe
  51 1.835666 -4.405067 0.916281 -0.639031 -0.187045 0.746092 0.365276 0.985299 2 51 0.781009 50 0.218991
  51 1.685861 -3.989657 0.865148 -0.649019 -0.122646 0.750821 0.332950 0.985299 2 51 0.591816 50 0.408184
  51 1.723767 -4.394837 0.822464 -0.871804 -0.318014 0.372591 0.362083 0.974338 2 51 0.774722 50 0.225278
shoe
  51 2.158948 -5.098263 0.917811 -0.670522 -0.641485 0.372688 0.420905 0.975143 1 51 1.000000
  51 1.918328 -4.786423 0.877180 -0.803846 -0.457748 0.379866 0.393304 0.975115 2 51 0.953313 50 0.046687
  51 2.193788 -5.068920 0.320163 -0.666868 -0.740111 -0.086731 0.418239 0.923710 1 51 1.000000
shoe
  51 1.685861 -3.989657 0.865148 -0.649019 -0.122646 0.750821 0.332950 0.985299 2 51 0.591816 50 0.408184
  51 1.576755 -3.977100 0.772740 -0.900612 -0.224915 0.371902 0.331443 0.974215 2 51 0.584504 50 0.415496
  51 1.723767 -4.394837 0.822464 -0.871804 -0.318014 0.372591 0.362083 0.974338 2 51 0.774722 50 0.225278
shoe
  51 1.685861 -3.989657 0.865148 -0.649019 -0.122646 0.750821 0.332950 0.985299 2 51 0.591816 50 0.408184
  50 1.573162 -3.539539 0.825035 -0.685624 -0.073421 0.724243 0.303508 0.985299 2 50 0.612823 51 0.387177
  51 1.576755 -3.977100 0.772740 -0.900612 -0.224915 0.371902 0.331443 0.974215 2 51 0.584504 50 0.415496
shoe
  51 1.918328 -4.786423 0.877180 -0.803846 -0.457748 0.379866 0.393304 0.975115 2 51 0.953313 50 0.046687
  51 1.723767 -4.394837 0.822464 -0.871804 -0.318014 0.372591 0.362083 0.974338 2 51 0.774722 50 0.225278
  51 1.948967 -4.759139 0.265573 -0.838871 -0.540672 -0.063003 0.390362 0.922910 2 51 0.932385 50 0.067615
shoe
  51 1.918328 -4.786423 0.877180 -0.803846 -0.457748 0.379866 0.393304 0.975115 2 51 0.953313 50 0.046687
  51 1.948967 -4.759139 0.265573 -0.838871 -0.540672 -0.063003 0.390362 0.922910 2 51 0.932385 50 0.067615
  51 2.193788 -5.068920 0.320163 -0.666868 -0.740111 -0.086731 0.418239 0.923710 1 51 1.000000
shoe
  51 1.723767 -4.394837 0.822464 -0.871804 -0.318014 0.372591 0.362083 0.974338 2 51 0.774722 50 0.225278
  51 1.576755 -3.977100 0.772740 -0.900612 -0.224915 0.371902 0.331443 0.974215 2 51 0.584504 50 0.415496
  51 1.746552 -4.335765 0.187999 -0.924065 -0.380904 -0.031883 0.358959 0.921530 2 51 0.739059 50 0.260941
shoe
  51 1.723767 -4.394837 0.822464 -0.871804 -0.318014 0.372591 0.362083 0.974338 2 51 0.774722 50 0.225278
  51 1.746552 -4.335765 0.187999 -0.924065 -0.380904 -0.031883 0.358959 0.921530 2 51 0.739059 50 0.260941
  51 1.948967 -4.759139 0.265573 -0.838871 -0.540672 -0.063003 0.390362 0.922910 2 51 0.932385 50 0.067615
shoe
  50 1.573162 -3.539539 0.825035 -0.685624 -0.073421 0.724243 0.303508 0.985299 2 50 0.612823 51 0.387177
  50 1.471184 -3.515491 0.729899 -0.927249 -0.130191 0.351085 0.301214 0.974182 2 50 0.625355 51 0.374645
  51 1.576755 -3.977100 0.772740 -0.900612 -0.224915 0.371902 0.331443 0.974215 2 51 0.584504 50 0.415496
shoe
  50 1.471184 -3.515491 0.729899 -0.927249 -0.130191 0.351085 0.301214 0.974182 2 50 0.625355 51 0.374645
  50 1.573162 -3.539539 0.825035 -0.685624 -0.073421 0.724243 0.303508 0.985299 2 50 0.612823 51 0.387177
  50 1.522017 -3.108290 0.803069 -0.703405 -0.029419 0.710180 0.275256 0.985299 2 50 0.808484 51 0.191516
shoe
  51 1.576755 -3.977100 0.772740 -0.900612 -0.224915 0.371902 0.331443 0.974215 2 51 0.584504 50 0.415496
  51 1.591925 -3.863242 0.123043 -0.964221 -0.254694 -0.073539 0.325993 0.921631 2 51 0.523804 50 0.476196
  51 1.746552 -4.335765 0.187999 -0.924065 -0.380904 -0.031883 0.358959 0.921530 2 51 0.739059 50 0.260941
shoe
  51 1.576755 -3.977100 0.772740 -0.900612 -0.224915 0.371902 0.331443 0.974215 2 51 0.584504 50 0.415496
  50 1.471184 -3.515491 0.729899 -0.927249 -0.130191 0.351085 0.301214 0.974182 2 50 0.625355 51 0.374645
  51 1.591925 -3.863242 0.123043 -0.964221 -0.254694 -0.073539 0.325993 0.921631 2 51 0.523804 50 0.476196
shoe
  51 1.952285 -4.750864 0.124156 -0.845847 -0.531471 -0.045618 0.389023 0.910791 2 51 0.926645 50 0.073355
  51 1.948967 -4.759139 0.265573 -0.838871 -0.540672 -0.063003 0.390362 0.922910 2 51 0.932385 50 0.067615
  51 1.746552 -4.335765 0.187999 -0.924065 -0.380904 -0.031883 0.358959 0.921530 2 51 0.739059 50 0.260941
shoe
  51 1.952285 -4.750864 0.124156 -0.845847 -0.531471 -0.045618 0.389023 0.910791 2 51 0.926645 50 0.073355
  51 2.200888 -5.055000 0.172968 -0.675672 -0.730805 -0.096910 0.416477 0.910791 1 51 1.000000
  51 1.948967 -4.759139 0.265573 -0.838871 -0.540672 -0.063003 0.390362 0.922910 2 51 0.932385 50 0.067615
shoe
  51 2.200888 -5.055000 0.172968 -0.675672 -0.730805 -0.096910 0.416477 0.910791 1 51 1.000000
  51 2.193788 -5.068920 0.320163 -0.666868 -0.740111 -0.086731 0.418239 0.923710 1 51 1.000000
  51 1.948967 -4.759139 0.265573 -0.838871 -0.540672 -0.063003 0.390362 0.922910 2 51 0.932385 50 0.067615
shoe
  51 1.744241 -4.335104 0.059585 -0.928696 -0.370782 0.006674 0.358889 0.910791 2 51 0.736933 50 0.263067
  51 1.952285 -4.750864 0.124156 -0.845847 -0.531471 -0.045618 0.389023 0.910791 2 51 0.926645 50 0.073355
  51 1.746552 -4.335765 0.187999 -0.924065 -0.380904 -0.031883 0.358959 0.921530 2 51 0.739059 50 0.260941
shoe
  51 1.744241 -4.335104 0.059585 -0.928696 -0.370782 0.006674 0.358889 0.910791 2 51 0.736933 50 0.263067
  51 1.746552 -4.335765 0.187999 -0.924065 -0.380904 -0.031883 0.358959 0.921530 2 51 0.739059 50 0.260941
  51 1.591925 -3.863242 0.123043 -0.964221 -0.254694 -0.073539 0.325993 0.921631 2 51 0.523804 50 0.476196
shoe
  51 2.200888 -5.055000 0.172968 -0.675672 -0.730805 -0.096910 0.416477 0.910791 1 51 1.000000
  51 2.497754 -5.253407 0.215223 -0.409376 -0.906489 -0.103383 0.443306 0.910791 1 51 1.000000
  51 2.193788 -5.068920 0.320163 -0.666868 -0.740111 -0.086731 0.418239 0.923710 1 51 1.000000
shoe
  51 1.604042 -3.866718 -0.012644 -0.965658 -0.247934 -0.077676 0.326561 0.910791 2 51 0.523490 50 0.476510
  51 1.744241 -4.335104 0.059585 -0.928696 -0.370782 0.006674 0.358889 0.910791 2 51 0.736933 50 0.263067
  51 1.591925 -3.863242 0.123043 -0.964221 -0.254694 -0.073539 0.325993 0.921631 2 51 0.523804 50 0.476196
shoe
  51 2.497754 -5.253407 0.215223 -0.409376 -0.906489 -0.103383 0.443306 0.910791 1 51 1.000000
  51 2.493515 -5.267669 0.358052 -0.411111 -0.906541 -0.095764 0.444591 0.923971 1 51 1.000000
  51 2.193788 -5.068920 0.320163 -0.666868 -0.740111 -0.086731 0.418239 0.923710 1 51 1.000000
shoe
  51 2.158948 -5.098263 0.917811 -0.670522 -0.641485 0.372688 0.420905 0.975143 1 51 1.000000
  51 2.193788 -5.068920 0.320163 -0.666868 -0.740111 -0.086731 0.418239 0.923710 1 51 1.000000
  51 2.493515 -5.267669 0.358052 -0.411111 -0.906541 -0.095764 0.444591 0.923971 1 51 1.000000
shoe
  51 2.497754 -5.253407 0.215223 -0.409376 -0.906489 -0.103383 0.443306 0.910791 1 51 1.000000
  51 2.785936 -5.329683 0.227465 -0.190616 -0.968765 -0.158619 0.466513 0.910791 1 51 1.000000
  51 2.493515 -5.267669 0.358052 -0.411111 -0.906541 -0.095764 0.444591 0.923971 1 51 1.000000
shoe
  51 2.448366 -5.303636 0.963538 -0.433169 -0.896764 -0.090439 0.445030 0.975933 1 51 1.000000
  51 2.158948 -5.098263 0.917811 -0.670522 -0.641485 0.372688 0.420905 0.975143 1 51 1.000000
  51 2.493515 -5.267669 0.358052 -0.411111 -0.906541 -0.095764 0.444591 0.923971 1 51 1.000000
shoe
  51 1.604042 -3.866718 -0.012644 -0.965658 -0.247934 -0.077676 0.326561 0.910791 2 51 0.523490 50 0.476510
  51 1.591925 -3.863242 0.123043 -0.964221 -0.254694 -0.073539 0.325993 0.921631 2 51 0.523804 50 0.476196
  50 1.498775 -3.396543 0.082651 -0.986517 -0.151226 -0.062573 0.294573 0.921726 2 50 0.688287 51 0.311713
shoe
  50 1.471184 -3.515491 0.729899 -0.927249 -0.130191 0.351085 0.301214 0.974182 2 50 0.625355 51 0.374645
  50 1.498775 -3.396543 0.082651 -0.986517 -0.151226 -0.062573 0.294573 0.921726 2 50 0.688287 51 0.311713
  51 1.591925 -3.863242 0.123043 -0.964221 -0.254694 -0.073539 0.325993 0.921631 2 51 0.523804 50 0.476196
shoe
  50 1.503373 -3.379040 -0.057255 -0.988076 -0.146405 -0.047663 0.293315 0.910791 2 50 0.698179 51 0.301821
  51 1.604042 -3.866718 -0.012644 -0.965658 -0.247934 -0.077676 0.326561 0.910791 2 51 0.523490 50 0.476510
  50 1.498775 -3.396543 0.082651 -0.986517 -0.151226 -0.062573 0.294573 0.921726 2 50 0.688287 51 0.311713
shoe
  51 2.448366 -5.303636 0.963538 -0.433169 -0.896764 -0.090439 0.445030 0.975933 1 51 1.000000
  51 2.493515 -5.267669 0.358052 -0.411111 -0.906541 -0.095764 0.444591 0.923971 1 51 1.000000
  51 2.782512 -5.355099 0.378042 -0.191474 -0.973830 -0.122443 0.467113 0.924486 1 51 1.000000
shoe
  51 2.785936 -5.329683 0.227465 -0.190616 -0.968765 -0.158619 0.466513 0.910791 1 51 1.000000
  51 2.782512 -5.355099 0.378042 -0.191474 -0.973830 -0.122443 0.467113 0.924486 1 51 1.000000
  51 2.493515 -5.267669 0.358052 -0.411111 -0.906541 -0.095764 0.444591 0.923971 1 51 1.000000
shoe
  51 2.748065 -5.403182 0.986407 -0.202494 -0.975272 -0.088549 0.466669 0.976100 1 51 1.000000
  51 2.448366 -5.303636 0.963538 -0.433169 -0.896764 -0.090439 0.445030 0.975933 1 51 1.000000
  51 2.782512 -5.355099 0.378042 -0.191474 -0.973830 -0.122443 0.467113 0.924486 1 51 1.000000
shoe
  51 2.785936 -5.329683 0.227465 -0.190616 -0.968765 -0.158619 0.466513 0.910791 1 51 1.000000
  51 3.086099 -5.363285 0.229674 -0.038595 -0.988378 -0.147033 0.489803 0.910791 1 51 1.000000
  51 2.782512 -5.355099 0.378042 -0.191474 -0.973830 -0.122443 0.467113 0.924486 1 51 1.000000
shoe
  51 2.748065 -5.403182 0.986407 -0.202494 -0.975272 -0.088549 0.466669 0.976100 1 51 1.000000
  51 2.782512 -5.355099 0.378042 -0.191474 -0.973830 -0.122443 0.467113 0.924486 1 51 1.000000
  51 3.064015 -5.433640 0.988331 0.004495 -0.996761 -0.080295 0.488748 0.975800 1 51 1.000000
shoe
  51 3.086099 -5.363285 0.229674 -0.038595 -0.988378 -0.147033 0.489803 0.910791 1 51 1.000000
  51 3.084222 -5.384655 0.378873 -0.030512 -0.994235 -0.102787 0.489719 0.924208 1 51 1.000000
  51 2.782512 -5.355099 0.378042 -0.191474 -0.973830 -0.122443 0.467113 0.924486 1 51 1.000000
shoe
  51 2.782512 -5.355099 0.378042 -0.191474 -0.973830 -0.122443 0.467113 0.924486 1 51 1.000000
  51 3.084222 -5.384655 0.378873 -0.030512 -0.994235 -0.102787 0.489719 0.924208 1 51 1.000000
  51 3.064015 -5.433640 0.988331 0.004495 -0.996761 -0.080295 0.488748 0.975800 1 51 1.000000
shoe
  51 3.084222 -5.384655 0.378873 -0.030512 -0.994235 -0.102787 0.489719 0.924208 1 51 1.000000
  51 3.086099 -5.363285 0.229674 -0.038595 -0.988378 -0.147033 0.489803 0.910791 1 51 1.000000
  51 3.381045 -5.378262 0.375579 0.131573 -0.987733 -0.084101 0.511684 0.924774 1 51 1.000000
shoe
  51 3.398433 -5.396821 0.987013 0.083579 -0.994503 -0.063077 0.511911 0.976273 1 51 1.000000
  51 3.064015 -5.433640 0.988331 0.004495 -0.996761 -0.080295 0.488748 0.975800 1 51 1.000000
  51 3.084222 -5.384655 0.378873 -0.030512 -0.994235 -0.102787 0.489719 0.924208 1 51 1.000000
shoe
  51 3.381045 -5.378262 0.375579 0.131573 -0.987733 -0.084101 0.511684 0.924774 1 51 1.000000
  51 3.398433 -5.396821 0.987013 0.083579 -0.994503 -0.063077 0.511911 0.976273 1 51 1.000000
  51 3.084222 -5.384655 0.378873 -0.030512 -0.994235 -0.102787 0.489719 0.924208 1 51 1.000000
shoe
  50 1.503373 -3.379040 -0.057255 -0.988076 -0.146405 -0.047663 0.293315 0.910791 2 50 0.698179 51 0.301821
  50 1.498775 -3.396543 0.082651 -0.986517 -0.151226 -0.062573 0.294573 0.921726 2 50 0.688287 51 0.311713
  50 1.452035 -2.906468 0.056840 -0.998965 -0.037123 -0.026264 0.263038 0.921489 2 50 0.910616 51 0.089384
shoe
  50 1.449203 -2.863984 -0.082826 -0.999730 -0.019673 0.012321 0.260669 0.910791 2 50 0.931834 51 0.068166
  50 1.503373 -3.379040 -0.057255 -0.988076 -0.146405 -0.047663 0.293315 0.910791 2 50 0.698179 51 0.301821
  50 1.452035 -2.906468 0.056840 -0.998965 -0.037123 -0.026264 0.263038 0.921489 2 50 0.910616 51 0.089384
shoe
  50 1.471184 -3.515491 0.729899 -0.927249 -0.130191 0.351085 0.301214 0.974182 2 50 0.625355 51 0.374645
  50 1.426021 -3.085833 0.708389 -0.937081 -0.046110 0.346053 0.273321 0.974190 2 50 0.820271 51 0.179729
  50 1.498775 -3.396543 0.082651 -0.986517 -0.151226 -0.062573 0.294573 0.921726 2 50 0.688287 51 0.311713
shoe
  50 1.426021 -3.085833 0.708389 -0.937081 -0.046110 0.346053 0.273321 0.974190 2 50 0.820271 51 0.179729
  50 1.452035 -2.906468 0.056840 -0.998965 -0.037123 -0.026264 0.263038 0.921489 2 50 0.910616 51 0.089384
  50 1.498775 -3.396543 0.082651 -0.986517 -0.151226 -0.062573 0.294573 0.921726 2 50 0.688287 51 0.311713
shoe
  50 1.426021 -3.085833 0.708389 -0.937081 -0.046110 0.346053 0.273321 0.974190 2 50 0.820271 51 0.179729
  50 1.471184 -3.515491 0.729899 -0.927249 -0.130191 0.351085 0.301214 0.974182 2 50 0.625355 51 0.374645
  50 1.522017 -3.108290 0.803069 -0.703405 -0.029419 0.710180 0.275256 0.985299 2 50 0.808484 51 0.191516
shoe
  50 1.522017 -3.108290 0.803069 -0.703405 -0.029419 0.710180 0.275256 0.985299 2 50 0.808484 51 0.191516
  50 1.515455 -2.650355 0.806611 -0.745890 0.028290 0.665468 0.242805 0.985299 1 50 1.000000
  50 1.426021 -3.085833 0.708389 -0.937081 -0.046110 0.346053 0.273321 0.974190 2 50 0.820271 51 0.179729
shoe
  50 1.515455 -2.650355 0.806611 -0.745890 0.028290 0.665468 0.242805 0.985299 1 50 1.000000
  50 1.427789 -2.609398 0.705089 -0.943938 0.057476 0.325080 0.241171 0.973871 1 50 1.000000
  50 1.426021 -3.085833 0.708389 -0.937081 -0.046110 0.346053 0.273321 0.974190 2 50 0.820271 51 0.179729
shoe
  50 1.426021 -3.085833 0.708389 -0.937081 -0.046110 0.346053 0.273321 0.974190 2 50 0.820271 51 0.179729
  50 1.427789 -2.609398 0.705089 -0.943938 0.057476 0.325080 0.241171 0.973871 1 50 1.000000
  50 1.452035 -2.906468 0.056840 -0.998965 -0.037123 -0.026264 0.263038 0.921489 2 50 0.910616 51 0.089384
shoe
  50 1.515455 -2.650355 0.806611 -0.745890 0.028290 0.665468 0.242805 0.985299 1 50 1.000000
  50 1.579227 -2.159671 0.832674 -0.726574 0.052032 0.685115 0.210290 0.985299 1 50 1.000000
  50 1.427789 -2.609398 0.705089 -0.943938 0.057476 0.325080 0.241171 0.973871 1 50 1.000000
shoe
  50 1.449203 -2.863984 -0.082826 -0.999730 -0.019673 0.012321 0.260669 0.910791 2 50 0.931834 51 0.068166
  50 1.452035 -2.906468 0.056840 -0.998965 -0.037123 -0.026264 0.263038 0.921489 2 50 0.910616 51 0.089384
  50 1.470320 -2.401538 0.057041 -0.994093 0.108527 -0.000949 0.230742 0.921016 1 50 1.000000
shoe
  50 1.427789 -2.609398 0.705089 -0.943938 0.057476 0.325080 0.241171 0.973871 1 50 1.000000
  50 1.470320 -2.401538 0.057041 -0.994093 0.108527 -0.000949 0.230742 0.921016 1 50 1.000000
  50 1.452035 -2.906468 0.056840 -0.998965 -0.037123 -0.026264 0.263038 0.921489 2 50 0.910616 51 0.089384
shoe
  50 1.471285 -2.342631 -0.075039 -0.989617 0.137337 0.042391 0.227914 0.910791 1 50 1.000000
  50 1.449203 -2.863984 -0.082826 -0.999730 -0.019673 0.012321 0.260669 0.910791 2 50 0.931834 51 0.068166
  50 1.470320 -2.401538 0.057041 -0.994093 0.108527 -0.000949 0.230742 0.921016 1 50 1.000000
shoe
  50 1.579227 -2.159671 0.832674 -0.726574 0.052032 0.685115 0.210290 0.985299 1 50 1.000000
  50 1.497149 -2.120267 0.743095 -0.928008 0.152054 0.340118 0.208766 0.974247 1 50 1.000000
  50 1.427789 -2.609398 0.705089 -0.943938 0.057476 0.325080 0.241171 0.973871 1 50 1.000000
shoe
  50 1.427789 -2.609398 0.705089 -0.943938 0.057476 0.325080 0.241171 0.973871 1 50 1.000000
  50 1.497149 -2.120267 0.743095 -0.928008 0.152054 0.340118 0.208766 0.974247 1 50 1.000000
  50 1.470320 -2.401538 0.057041 -0.994093 0.108527 -0.000949 0.230742 0.921016 1 50 1.000000
shoe
  50 1.579227 -2.159671 0.832674 -0.726574 0.052032 0.685115 0.210290 0.985299 1 50 1.000000
  50 1.705900 -1.712262 0.931940 -0.739039 0.056739 0.671269 0.177709 0.985299 1 50 1.000000
  50 1.497149 -2.120267 0.743095 -0.928008 0.152054 0.340118 0.208766 0.974247 1 50 1.000000
shoe
  50 1.471285 -2.342631 -0.075039 -0.989617 0.137337 0.042391 0.227914 0.910791 1 50 1.000000
  50 1.470320 -2.401538 0.057041 -0.994093 0.108527 -0.000949 0.230742 0.921016 1 50 1.000000
  50 1.576656 -1.867235 0.093060 -0.959109 0.282286 -0.020599 0.194345 0.919993 1 50 1.000000
shoe
  50 1.497149 -2.120267 0.743095 -0.928008 0.152054 0.340118 0.208766 0.974247 1 50 1.000000
  50 1.576656 -1.867235 0.093060 -0.959109 0.282286 -0.020599 0.194345 0.919993 1 50 1.000000
  50 1.470320 -2.401538 0.057041 -0.994093 0.108527 -0.000949 0.230742 0.921016 1 50 1.000000
shoe
  50 1.594818 -1.816439 -0.027191 -0.949137 0.314063 -0.022428 0.191923 0.910791 1 50 1.000000
  50 1.471285 -2.342631 -0.075039 -0.989617 0.137337 0.042391 0.227914 0.910791 1 50 1.000000
  50 1.576656 -1.867235 0.093060 -0.959109 0.282286 -0.020599 0.194345 0.919993 1 50 1.000000
shoe
  50 1.705900 -1.712262 0.931940 -0.739039 0.056739 0.671269 0.177709 0.985299 1 50 1.000000
  50 1.638054 -1.656389 0.852207 -0.910685 0.237362 0.338101 0.175132 0.975182 1 50 1.000000
  50 1.497149 -2.120267 0.743095 -0.928008 0.152054 0.340118 0.208766 0.974247 1 50 1.000000
shoe
  50 1.576656 -1.867235 0.093060 -0.959109 0.282286 -0.020599 0.194345 0.919993 1 50 1.000000
  50 1.497149 -2.120267 0.743095 -0.928008 0.152054 0.340118 0.208766 0.974247 1 50 1.000000
  50 1.638054 -1.656389 0.852207 -0.910685 0.237362 0.338101 0.175132 0.975182 1 50 1.000000
shoe
  50 1.705900 -1.712262 0.931940 -0.739039 0.056739 0.671269 0.177709 0.985299 1 50 1.000000
  50 1.882064 -1.283858 1.096576 -0.737240 -0.017954 0.675393 0.142390 0.985299 1 50 1.000000
  50 1.638054 -1.656389 0.852207 -0.910685 0.237362 0.338101 0.175132 0.975182 1 50 1.000000
shoe
  50 1.594818 -1.816439 -0.027191 -0.949137 0.314063 -0.022428 0.191923 0.910791 1 50 1.000000
  50 1.576656 -1.867235 0.093060 -0.959109 0.282286 -0.020599 0.194345 0.919993 1 50 1.000000
  50 1.745456 -1.434929 0.194379 -0.915009 0.400085 -0.051860 0.160456 0.920142 1 50 1.000000
shoe
  50 1.745456 -1.434929 0.194379 -0.915009 0.400085 -0.051860 0.160456 0.920142 1 50 1.000000
  50 1.576656 -1.867235 0.093060 -0.959109 0.282286 -0.020599 0.194345 0.919993 1 50 1.000000
  50 1.638054 -1.656389 0.852207 -0.910685 0.237362 0.338101 0.175132 0.975182 1 50 1.000000
shoe
  50 1.778784 -1.387128 0.071639 -0.897836 0.431014 -0.090098 0.155884 0.910791 1 50 1.000000
  50 1.594818 -1.816439 -0.027191 -0.949137 0.314063 -0.022428 0.191923 0.910791 1 50 1.000000
  50 1.745456 -1.434929 0.194379 -0.915009 0.400085 -0.051860 0.160456 0.920142 1 50 1.000000
shoe
  50 1.882064 -1.283858 1.096576 -0.737240 -0.017954 0.675393 0.142390 0.985299 1 50 1.000000
  50 1.838064 -1.220987 1.050786 -0.906478 0.240635 0.346976 0.139251 0.978133 1 50 1.000000
  50 1.638054 -1.656389 0.852207 -0.910685 0.237362 0.338101 0.175132 0.975182 1 50 1.000000
shoe
  50 1.778784 -1.387128 0.071639 -0.897836 0.431014 -0.090098 0.155884 0.910791 1 50 1.000000
  50 1.745456 -1.434929 0.194379 -0.915009 0.400085 -0.051860 0.160456 0.920142 1 50 1.000000
  50 1.829461 -1.231539 0.342390 -0.886535 0.460009 -0.049468 0.145647 0.926200 1 50 1.000000
shoe
  50 1.829461 -1.231539 0.342390 -0.886535 0.460009 -0.049468 0.145647 0.926200 1 50 1.000000
  50 1.745456 -1.434929 0.194379 -0.915009 0.400085 -0.051860 0.160456 0.920142 1 50 1.000000
  50 1.638054 -1.656389 0.852207 -0.910685 0.237362 0.338101 0.175132 0.975182 1 50 1.000000
shoe
  50 1.638054 -1.656389 0.852207 -0.910685 0.237362 0.338101 0.175132 0.975182 1 50 1.000000
  50 1.838064 -1.220987 1.050786 -0.906478 0.240635 0.346976 0.139251 0.978133 1 50 1.000000
  50 1.829461 -1.231539 0.342390 -0.886535 0.460009 -0.049468 0.145647 0.926200 1 50 1.000000
shoe
  50 1.897560 -1.139853 0.229117 -0.857317 0.503331 -0.108008 0.139331 0.915952 1 50 1.000000
  50 1.778784 -1.387128 0.071639 -0.897836 0.431014 -0.090098 0.155884 0.910791 1 50 1.000000
  50 1.829461 -1.231539 0.342390 -0.886535 0.460009 -0.049468 0.145647 0.926200 1 50 1.000000
shoe
  50 1.838064 -1.220987 1.050786 -0.906478 0.240635 0.346976 0.139251 0.978133 1 50 1.000000
  50 1.882064 -1.283858 1.096576 -0.737240 -0.017954 0.675393 0.142390 0.985299 1 50 1.000000
  50 2.063965 -0.831551 1.352609 -0.841612 -0.045054 0.538200 0.103522 0.985299 1 50 1.000000
shoe
  50 1.897560 -1.139853 0.229117 -0.857317 0.503331 -0.108008 0.139331 0.915952 1 50 1.000000
  50 1.829461 -1.231539 0.342390 -0.886535 0.460009 -0.049468 0.145647 0.926200 1 50 1.000000
  50 2.007868 -0.896358 0.551622 -0.914977 0.403180 0.016223 0.119595 0.931754 1 50 1.000000
shoe
  50 2.035528 -0.788103 1.310985 -0.957245 0.189011 0.218990 0.101867 0.979898 1 50 1.000000
  50 1.838064 -1.220987 1.050786 -0.906478 0.240635 0.346976 0.139251 0.978133 1 50 1.000000
  50 2.063965 -0.831551 1.352609 -0.841612 -0.045054 0.538200 0.103522 0.985299 1 50 1.000000
shoe
  50 1.829461 -1.231539 0.342390 -0.886535 0.460009 -0.049468 0.145647 0.926200 1 50 1.000000
  50 1.970877 -0.993705 0.659790 -0.903650 0.428111 0.011685 0.125407 0.941833 1 50 1.000000
  50 2.007868 -0.896358 0.551622 -0.914977 0.403180 0.016223 0.119595 0.931754 1 50 1.000000
shoe
  50 1.838064 -1.220987 1.050786 -0.906478 0.240635 0.346976 0.139251 0.978133 1 50 1.000000
  50 1.970877 -0.993705 0.659790 -0.903650 0.428111 0.011685 0.125407 0.941833 1 50 1.000000
  50 1.829461 -1.231539 0.342390 -0.886535 0.460009 -0.049468 0.145647 0.926200 1 50 1.000000
shoe
  50 1.970877 -0.993705 0.659790 -0.903650 0.428111 0.011685 0.125407 0.941833 1 50 1.000000
  50 2.099845 -0.624190 1.016067 -0.968145 0.244709 0.053025 0.095416 0.952164 1 50 1.000000
  50 2.007868 -0.896358 0.551622 -0.914977 0.403180 0.016223 0.119595 0.931754 1 50 1.000000
shoe
  50 2.035528 -0.788103 1.310985 -0.957245 0.189011 0.218990 0.101867 0.979898 1 50 1.000000
  50 2.063965 -0.831551 1.352609 -0.841612 -0.045054 0.538200 0.103522 0.985299 1 50 1.000000
  50 2.150543 -0.336784 1.634392 -0.968239 0.214197 -0.128965 0.067491 0.985299 1 50 1.000000
shoe
  50 2.086238 -0.715240 1.154760 -0.944728 0.326324 -0.031643 0.099411 0.965499 1 50 1.000000
  50 2.099845 -0.624190 1.016067 -0.968145 0.244709 0.053025 0.095416 0.952164 1 50 1.000000
  50 1.970877 -0.993705 0.659790 -0.903650 0.428111 0.011685 0.125407 0.941833 1 50 1.000000
shoe
  50 1.838064 -1.220987 1.050786 -0.906478 0.240635 0.346976 0.139251 0.978133 1 50 1.000000
  50 2.086238 -0.715240 1.154760 -0.944728 0.326324 -0.031643 0.099411 0.965499 1 50 1.000000
  50 1.970877 -0.993705 0.659790 -0.903650 0.428111 0.011685 0.125407 0.941833 1 50 1.000000
shoe
  50 2.035528 -0.788103 1.310985 -0.957245 0.189011 0.218990 0.101867 0.979898 1 50 1.000000
  50 2.086238 -0.715240 1.154760 -0.944728 0.326324 -0.031643 0.099411 0.965499 1 50 1.000000
  50 1.838064 -1.220987 1.050786 -0.906478 0.240635 0.346976 0.139251 0.978133 1 50 1.000000
shoe
  50 2.099845 -0.624190 1.016067 -0.968145 0.244709 0.053025 0.095416 0.952164 1 50 1.000000
  50 2.086238 -0.715240 1.154760 -0.944728 0.326324 -0.031643 0.099411 0.965499 1 50 1.000000
  50 2.185855 -0.281257 1.503958 -0.960242 0.238636 -0.144869 0.067491 0.972855 1 50 1.000000
shoe
  50 2.086238 -0.715240 1.154760 -0.944728 0.326324 -0.031643 0.099411 0.965499 1 50 1.000000
  50 2.035528 -0.788103 1.310985 -0.957245 0.189011 0.218990 0.101867 0.979898 1 50 1.000000
  50 2.185855 -0.281257 1.503958 -0.960242 0.238636 -0.144869 0.067491 0.972855 1 50 1.000000
shoe
  50 2.035528 -0.788103 1.310985 -0.957245 0.189011 0.218990 0.101867 0.979898 1 50 1.000000
  50 2.150543 -0.336784 1.634392 -0.968239 0.214197 -0.128965 0.067491 0.985299 1 50 1.000000
  50 2.185855 -0.281257 1.503958 -0.960242 0.238636 -0.144869 0.067491 0.972855 1 50 1.000000
shoe
  50 2.207562 0.233513 1.760276 -0.994147 0.059794 -0.089981 0.048857 0.972855 1 50 1.000000
  50 2.185855 -0.281257 1.503958 -0.960242 0.238636 -0.144869 0.067491 0.972855 1 50 1.000000
  50 2.150543 -0.336784 1.634392 -0.968239 0.214197 -0.128965 0.067491 0.985299 1 50 1.000000
shoe
  50 2.193749 0.171585 1.891197 -0.994284 0.058669 -0.089206 0.048857 0.985299 1 50 1.000000
  50 2.207562 0.233513 1.760276 -0.994147 0.059794 -0.089981 0.048857 0.972855 1 50 1.000000
  50 2.150543 -0.336784 1.634392 -0.968239 0.214197 -0.128965 0.067491 0.985299 1 50 1.000000
shoe
  50 2.179172 0.811164 2.044628 -0.967029 -0.003482 -0.254642 0.021772 0.972855 1 50 1.000000
  50 2.207562 0.233513 1.760276 -0.994147 0.059794 -0.089981 0.048857 0.972855 1 50 1.000000
  50 2.193749 0.171585 1.891197 -0.994284 0.058669 -0.089206 0.048857 0.985299 1 50 1.000000
shoe
  50 2.141312 0.778928 2.182674 -0.965037 -0.011297 -0.261868 0.021772 0.985299 1 50 1.000000
  50 2.179172 0.811164 2.044628 -0.967029 -0.003482 -0.254642 0.021772 0.972855 1 50 1.000000
  50 2.193749 0.171585 1.891197 -0.994284 0.058669 -0.089206 0.048857 0.985299 1 50 1.000000
shoe
  50 2.125767 1.217254 2.157947 -0.967184 -0.048371 -0.249431 0.005351 0.972855 1 50 1.000000
  50 2.179172 0.811164 2.044628 -0.967029 -0.003482 -0.254642 0.021772 0.972855 1 50 1.000000
  50 2.141312 0.778928 2.182674 -0.965037 -0.011297 -0.261868 0.021772 0.985299 1 50 1.000000
shoe
  50 2.081754 1.148164 2.347830 -0.969064 -0.048024 -0.242090 0.005351 0.985299 1 50 1.000000
  50 2.125767 1.217254 2.157947 -0.967184 -0.048371 -0.249431 0.005351 0.972855 1 50 1.000000
  50 2.141312 0.778928 2.182674 -0.965037 -0.011297 -0.261868 0.021772 0.985299 1 50 1.000000
shoe
  50 4.680778 -1.308382 0.044520 -0.014164 0.454624 -0.890571 0.260611 0.415464 1 50 1.000000
  50 4.813529 -1.691562 -0.072800 -0.017973 0.183017 -0.982945 0.289977 0.407985 1 50 1.000000
  50 1.778784 -1.387128 0.071639 -0.022800 0.355587 -0.934365 0.261820 0.613556 1 50 1.000000
shoe
  50 1.778784 -1.387128 0.071639 -0.022800 0.355587 -0.934365 0.261820 0.613556 1 50 1.000000
  50 1.897560 -1.139853 0.229117 -0.019300 0.658623 -0.752225 0.241878 0.605197 1 50 1.000000
  50 4.680778 -1.308382 0.044520 -0.014164 0.454624 -0.890571 0.260611 0.415464 1 50 1.000000
shoe
  50 1.594818 -1.816439 -0.027191 -0.020805 0.149061 -0.988609 0.293705 0.625804 1 50 1.000000
  50 1.778784 -1.387128 0.071639 -0.022800 0.355587 -0.934365 0.261820 0.613556 1 50 1.000000
  50 4.813529 -1.691562 -0.072800 -0.017973 0.183017 -0.982945 0.289977 0.407985 1 50 1.000000
shoe
  50 1.897560 -1.139853 0.229117 -0.019300 0.658623 -0.752225 0.241878 0.605197 1 50 1.000000
  50 4.604893 -1.060780 0.268208 -0.010463 0.735493 -0.677451 0.237914 0.420570 1 50 1.000000
  50 4.680778 -1.308382 0.044520 -0.014164 0.454624 -0.890571 0.260611 0.415464 1 50 1.000000
shoe
  50 4.893582 -2.147223 -0.123646 -0.016795 0.061071 -0.997992 0.322324 0.403211 1 50 1.000000
  50 1.594818 -1.816439 -0.027191 -0.020805 0.149061 -0.988609 0.293705 0.625804 1 50 1.000000
  50 4.813529 -1.691562 -0.072800 -0.017973 0.183017 -0.982945 0.289977 0.407985 1 50 1.000000
shoe
  50 4.604893 -1.060780 0.268208 -0.010463 0.735493 -0.677451 0.237914 0.420570 1 50 1.000000
  50 1.897560 -1.139853 0.229117 -0.019300 0.658623 -0.752225 0.241878 0.605197 1 50 1.000000
  50 2.007868 -0.896358 0.551622 -0.015217 0.829058 -0.558956 0.213373 0.598210 1 50 1.000000
shoe
  50 1.471285 -2.342631 -0.075039 -0.017256 0.050342 -0.998583 0.330746 0.634020 1 50 1.000000
  50 1.594818 -1.816439 -0.027191 -0.020805 0.149061 -0.988609 0.293705 0.625804 1 50 1.000000
  50 4.893582 -2.147223 -0.123646 -0.016795 0.061071 -0.997992 0.322324 0.403211 1 50 1.000000
shoe
  50 4.508849 -0.809413 0.620627 -0.015714 0.830978 -0.556083 0.206332 0.426466 1 50 1.000000
  50 4.604893 -1.060780 0.268208 -0.010463 0.735493 -0.677451 0.237914 0.420570 1 50 1.000000
  50 2.007868 -0.896358 0.551622 -0.015217 0.829058 -0.558956 0.213373 0.598210 1 50 1.000000
shoe
  50 4.907903 -2.619360 -0.132536 -0.012841 -0.018776 -0.999741 0.355554 0.402920 1 50 1.000000
  50 1.471285 -2.342631 -0.075039 -0.017256 0.050342 -0.998583 0.330746 0.634020 1 50 1.000000
  50 4.893582 -2.147223 -0.123646 -0.016795 0.061071 -0.997992 0.322324 0.403211 1 50 1.000000
shoe
  50 4.508849 -0.809413 0.620627 -0.015714 0.830978 -0.556083 0.206332 0.426466 1 50 1.000000
  50 2.007868 -0.896358 0.551622 -0.015217 0.829058 -0.558956 0.213373 0.598210 1 50 1.000000
  50 2.099845 -0.624190 1.016067 -0.021624 0.842842 -0.537726 0.176163 0.591432 1 50 1.000000
shoe
  50 1.449203 -2.863984 -0.082826 -0.012441 -0.018807 -0.999746 0.367076 0.636099 2 50 0.931834 51 0.068166
  50 1.471285 -2.342631 -0.075039 -0.017256 0.050342 -0.998583 0.330746 0.634020 1 50 1.000000
  50 4.907903 -2.619360 -0.132536 -0.012841 -0.018776 -0.999741 0.355554 0.402920 1 50 1.000000
shoe
  50 4.416173 -0.582308 0.991976 -0.020804 0.830151 -0.557151 0.175838 0.432655 1 50 1.000000
  50 4.508849 -0.809413 0.620627 -0.015714 0.830978 -0.556083 0.206332 0.426466 1 50 1.000000
  50 2.099845 -0.624190 1.016067 -0.021624 0.842842 -0.537726 0.176163 0.591432 1 50 1.000000
shoe
  50 4.882113 -3.093431 -0.103851 -0.009900 -0.054399 -0.998470 0.388963 0.405004 2 50 0.818247 51 0.181753
  50 1.449203 -2.863984 -0.082826 -0.012441 -0.018807 -0.999746 0.367076 0.636099 2 50 0.931834 51 0.068166
  50 4.907903 -2.619360 -0.132536 -0.012841 -0.018776 -0.999741 0.355554 0.402920 1 50 1.000000
shoe
  50 4.273871 -0.265448 1.420393 -0.029261 0.697897 -0.715600 0.136935 0.439246 1 50 1.000000
  50 4.416173 -0.582308 0.991976 -0.020804 0.830151 -0.557151 0.175838 0.432655 1 50 1.000000
  50 2.099845 -0.624190 1.016067 -0.021624 0.842842 -0.537726 0.176163 0.591432 1 50 1.000000
shoe
  50 1.503373 -3.379040 -0.057255 -0.010765 -0.068992 -0.997559 0.403024 0.633391 2 50 0.698179 51 0.301821
  50 1.449203 -2.863984 -0.082826 -0.012441 -0.018807 -0.999746 0.367076 0.636099 2 50 0.931834 51 0.068166
  50 4.882113 -3.093431 -0.103851 -0.009900 -0.054399 -0.998470 0.388963 0.405004 2 50 0.818247 51 0.181753
shoe
  50 2.185855 -0.281257 1.503958 -0.023869 0.667976 -0.743800 0.133620 0.584642 1 50 1.000000
  50 4.273871 -0.265448 1.420393 -0.029261 0.697897 -0.715600 0.136935 0.439246 1 50 1.000000
  50 2.099845 -0.624190 1.016067 -0.021624 0.842842 -0.537726 0.176163 0.591432 1 50 1.000000
shoe
  50 4.791799 -3.578765 -0.079495 -0.010765 -0.070458 -0.997457 0.422769 0.412455 2 50 0.598484 51 0.401516
  50 1.503373 -3.379040 -0.057255 -0.010765 -0.068992 -0.997559 0.403024 0.633391 2 50 0.698179 51 0.301821
  50 4.882113 -3.093431 -0.103851 -0.009900 -0.054399 -0.998470 0.388963 0.405004 2 50 0.818247 51 0.181753
shoe
  50 4.167614 0.230402 1.732724 -0.023694 0.490950 -0.870865 0.094330 0.444560 1 50 1.000000
  50 4.273871 -0.265448 1.420393 -0.029261 0.697897 -0.715600 0.136935 0.439246 1 50 1.000000
  50 2.185855 -0.281257 1.503958 -0.023869 0.667976 -0.743800 0.133620 0.584642 1 50 1.000000
shoe
  51 1.604042 -3.866718 -0.012644 -0.013801 -0.119176 -0.992777 0.437797 0.627514 2 51 0.523490 50 0.476510
  50 1.503373 -3.379040 -0.057255 -0.010765 -0.068992 -0.997559 0.403024 0.633391 2 50 0.698179 51 0.301821
  50 4.791799 -3.578765 -0.079495 -0.010765 -0.070458 -0.997457 0.422769 0.412455 2 50 0.598484 51 0.401516
shoe
  50 2.207562 0.233513 1.760276 -0.008791 0.445800 -0.895090 0.093462 0.583228 1 50 1.000000
  50 4.167614 0.230402 1.732724 -0.023694 0.490950 -0.870865 0.094330 0.444560 1 50 1.000000
  50 2.185855 -0.281257 1.503958 -0.023869 0.667976 -0.743800 0.133620 0.584642 1 50 1.000000
shoe
  51 4.669452 -4.070796 -0.029609 -0.014572 -0.112787 -0.993512 0.456876 0.421346 2 51 0.624578 50 0.375422
  51 1.604042 -3.866718 -0.012644 -0.013801 -0.119176 -0.992777 0.437797 0.627514 2 51 0.523490 50 0.476510
  50 4.791799 -3.578765 -0.079495 -0.010765 -0.070458 -0.997457 0.422769 0.412455 2 50 0.598484 51 0.401516
shoe
  50 4.122857 0.757512 2.008720 -0.009118 0.408325 -0.912791 0.052973 0.446591 1 50 1.000000
  50 4.167614 0.230402 1.732724 -0.023694 0.490950 -0.870865 0.094330 0.444560 1 50 1.000000
  50 2.207562 0.233513 1.760276 -0.008791 0.445800 -0.895090 0.093462 0.583228 1 50 1.000000
shoe
  51 1.744241 -4.335104 0.059585 -0.017637 -0.157934 -0.987292 0.471242 0.617653 2 51 0.736933 50 0.263067
  51 1.604042 -3.866718 -0.012644 -0.013801 -0.119176 -0.992777 0.437797 0.627514 2 51 0.523490 50 0.476510
  51 4.669452 -4.070796 -0.029609 -0.014572 -0.112787 -0.993512 0.456876 0.421346 2 51 0.624578 50 0.375422
shoe
  50 2.179172 0.811164 2.044628 0.003026 0.357698 -0.933832 0.049211 0.583535 1 50 1.000000
  50 4.122857 0.757512 2.008720 -0.009118 0.408325 -0.912791 0.052973 0.446591 1 50 1.000000
  50 2.207562 0.233513 1.760276 -0.008791 0.445800 -0.895090 0.093462 0.583228 1 50 1.000000
shoe
  51 4.491295 -4.499330 0.029998 -0.019165 -0.142083 -0.989669 0.485850 0.434274 2 51 0.818873 50 0.181127
  51 1.744241 -4.335104 0.059585 -0.017637 -0.157934 -0.987292 0.471242 0.617653 2 51 0.736933 50 0.263067
  51 4.669452 -4.070796 -0.029609 -0.014572 -0.112787 -0.993512 0.456876 0.421346 2 51 0.624578 50 0.375422
shoe
  50 4.072105 1.259366 2.195398 -0.004999 0.337735 -0.941228 0.021358 0.446950 1 50 1.000000
  50 4.122857 0.757512 2.008720 -0.009118 0.408325 -0.912791 0.052973 0.446591 1 50 1.000000
  50 2.179172 0.811164 2.044628 0.003026 0.357698 -0.933832 0.049211 0.583535 1 50 1.000000
shoe
  50 2.125767 1.217254 2.157947 0.012675 0.270307 -0.962691 0.021358 0.585426 1 50 1.000000
  50 4.072105 1.259366 2.195398 -0.004999 0.337735 -0.941228 0.021358 0.446950 1 50 1.000000
  50 2.179172 0.811164 2.044628 0.003026 0.357698 -0.933832 0.049211 0.583535 1 50 1.000000
shoe
  51 1.952285 -4.750864 0.124156 -0.020592 -0.166766 -0.985781 0.500236 0.604556 2 51 0.926645 50 0.073355
  51 1.744241 -4.335104 0.059585 -0.017637 -0.157934 -0.987292 0.471242 0.617653 2 51 0.736933 50 0.263067
  51 4.491295 -4.499330 0.029998 -0.019165 -0.142083 -0.989669 0.485850 0.434274 2 51 0.818873 50 0.181127
shoe
  51 4.246728 -4.883212 0.098561 -0.020211 -0.171095 -0.985047 0.511885 0.451162 2 51 0.992891 50 0.007109
  51 1.952285 -4.750864 0.124156 -0.020592 -0.166766 -0.985781 0.500236 0.604556 2 51 0.926645 50 0.073355
  51 4.491295 -4.499330 0.029998 -0.019165 -0.142083 -0.989669 0.485850 0.434274 2 51 0.818873 50 0.181127
shoe
  51 2.200888 -5.055000 0.172968 -0.021536 -0.188420 -0.981852 0.521903 0.588743 1 51 1.000000
  51 1.952285 -4.750864 0.124156 -0.020592 -0.166766 -0.985781 0.500236 0.604556 2 51 0.926645 50 0.073355
  51 4.246728 -4.883212 0.098561 -0.020211 -0.171095 -0.985047 0.511885 0.451162 2 51 0.992891 50 0.007109
shoe
  51 3.979253 -5.149918 0.156473 -0.019701 -0.198824 -0.979837 0.529890 0.469583 1 51 1.000000
  51 2.200888 -5.055000 0.172968 -0.021536 -0.188420 -0.981852 0.521903 0.588743 1 51 1.000000
  51 4.246728 -4.883212 0.098561 -0.020211 -0.171095 -0.985047 0.511885 0.451162 2 51 0.992891 50 0.007109
shoe
  51 2.200888 -5.055000 0.172968 -0.021536 -0.188420 -0.981852 0.521903 0.588743 1 51 1.000000
  51 3.979253 -5.149918 0.156473 -0.019701 -0.198824 -0.979837 0.529890 0.469583 1 51 1.000000
  51 3.685840 -5.301023 0.197062 -0.021253 -0.222415 -0.974720 0.540283 0.489331 1 51 1.000000
shoe
  51 2.497754 -5.253407 0.215223 -0.024758 -0.243715 -0.969531 0.536894 0.569433 1 51 1.000000
  51 2.200888 -5.055000 0.172968 -0.021536 -0.188420 -0.981852 0.521903 0.588743 1 51 1.000000
  51 3.685840 -5.301023 0.197062 -0.021253 -0.222415 -0.974720 0.540283 0.489331 1 51 1.000000
shoe
  51 2.497754 -5.253407 0.215223 -0.024758 -0.243715 -0.969531 0.536894 0.569433 1 51 1.000000
  51 3.685840 -5.301023 0.197062 -0.021253 -0.222415 -0.974720 0.540283 0.489331 1 51 1.000000
  51 3.379819 -5.354406 0.216677 -0.024102 -0.225904 -0.973851 0.543993 0.509848 1 51 1.000000
shoe
  51 2.785936 -5.329683 0.227465 -0.028511 -0.264235 -0.964037 0.542514 0.549847 1 51 1.000000
  51 2.497754 -5.253407 0.215223 -0.024758 -0.243715 -0.969531 0.536894 0.569433 1 51 1.000000
  51 3.379819 -5.354406 0.216677 -0.024102 -0.225904 -0.973851 0.543993 0.509848 1 51 1.000000
shoe
  51 2.785936 -5.329683 0.227465 -0.028511 -0.264235 -0.964037 0.542514 0.549847 1 51 1.000000
  51 3.379819 -5.354406 0.216677 -0.024102 -0.225904 -0.973851 0.543993 0.509848 1 51 1.000000
  51 3.086099 -5.363285 0.229674 -0.031263 -0.341036 -0.939530 0.545045 0.529600 1 51 1.000000
shoe
  50 4.003467 1.434699 1.919650 0.022216 -0.993347 -0.112995 0.046320 0.128822 1 50 1.000000
  50 2.135623 1.363419 2.059533 0.022917 -0.794509 -0.606820 0.037522 0.017409 1 50 1.000000
  50 2.172396 1.405258 1.905715 0.017075 -0.987370 -0.157506 0.047713 0.017409 1 50 1.000000
shoe
  50 2.172396 1.405258 1.905715 0.017075 -0.987370 -0.157506 0.047713 0.017409 1 50 1.000000
  50 2.260945 1.420098 1.394265 0.018327 -0.999831 0.001142 0.083634 0.017409 1 50 1.000000
  50 4.003467 1.434699 1.919650 0.022216 -0.993347 -0.112995 0.046320 0.128822 1 50 1.000000
shoe
  50 2.135623 1.363419 2.059533 0.022917 -0.794509 -0.606820 0.037522 0.017409 1 50 1.000000
  50 4.003467 1.434699 1.919650 0.022216 -0.993347 -0.112995 0.046320 0.128822 1 50 1.000000
  50 4.038909 1.406635 2.086228 0.028690 -0.821352 -0.569699 0.036090 0.128822 1 50 1.000000
shoe
  50 2.125767 1.217254 2.157947 0.024323 -0.559473 -0.828491 0.021091 0.017409 1 50 1.000000
  50 2.135623 1.363419 2.059533 0.022917 -0.794509 -0.606820 0.037522 0.017409 1 50 1.000000
  50 4.038909 1.406635 2.086228 0.028690 -0.821352 -0.569699 0.036090 0.128822 1 50 1.000000
shoe
  50 4.072105 1.259366 2.195398 0.028300 -0.591152 -0.806063 0.021091 0.128822 1 50 1.000000
  50 2.125767 1.217254 2.157947 0.028300 -0.591152 -0.806063 0.021091 0.017409 1 50 1.000000
  50 4.038909 1.406635 2.086228 0.028690 -0.821352 -0.569699 0.036090 0.128822 1 50 1.000000
shoe
  50 2.260945 1.420098 1.394265 0.018327 -0.999831 0.001142 0.083634 0.017409 1 50 1.000000
  50 3.953805 1.454093 1.399244 0.020720 -0.999771 -0.005395 0.082424 0.128822 1 50 1.000000
  50 4.003467 1.434699 1.919650 0.022216 -0.993347 -0.112995 0.046320 0.128822 1 50 1.000000
shoe
  50 3.953805 1.454093 1.399244 0.020720 -0.999771 -0.005395 0.082424 0.128822 1 50 1.000000
  50 2.260945 1.420098 1.394265 0.018327 -0.999831 0.001142 0.083634 0.017409 1 50 1.000000
  50 2.314011 1.401649 0.850858 0.020917 -0.998988 0.039810 0.123118 0.017409 1 50 1.000000
shoe
  50 3.922715 1.436570 0.853116 0.023021 -0.999162 0.033846 0.122156 0.128822 1 50 1.000000
  50 3.953805 1.454093 1.399244 0.020720 -0.999771 -0.005395 0.082424 0.128822 1 50 1.000000
  50 2.314011 1.401649 0.850858 0.020917 -0.998988 0.039810 0.123118 0.017409 1 50 1.000000
shoe
  50 3.922715 1.436570 0.853116 0.023021 -0.999162 0.033846 0.122156 0.128822 1 50 1.000000
  50 2.314011 1.401649 0.850858 0.020917 -0.998988 0.039810 0.123118 0.017409 1 50 1.000000
  50 2.353203 1.378040 0.311170 0.023680 -0.998445 0.050464 0.162074 0.017409 1 50 1.000000
shoe
  50 3.909200 1.417480 0.314573 0.026932 -0.998765 0.041753 0.161044 0.128822 1 50 1.000000
  50 3.922715 1.436570 0.853116 0.023021 -0.999162 0.033846 0.122156 0.128822 1 50 1.000000
  50 2.353203 1.378040 0.311170 0.023680 -0.998445 0.050464 0.162074 0.017409 1 50 1.000000
shoe
  50 3.909200 1.417480 0.314573 0.026932 -0.998765 0.041753 0.161044 0.128822 1 50 1.000000
  50 2.353203 1.378040 0.311170 0.023680 -0.998445 0.050464 0.162074 0.017409 1 50 1.000000
  50 2.414349 1.346500 -0.251842 0.026177 -0.998088 0.055989 0.198379 0.017409 1 50 1.000000
shoe
  50 3.863168 1.390155 -0.245585 0.029886 -0.998483 0.046249 0.197163 0.128822 1 50 1.000000
  50 3.909200 1.417480 0.314573 0.026932 -0.998765 0.041753 0.161044 0.128822 1 50 1.000000
  50 2.414349 1.346500 -0.251842 0.026177 -0.998088 0.055989 0.198379 0.017409 1 50 1.000000
shoe
  50 3.424585 2.726719 -0.286189 0.005061 -0.020820 -0.999770 0.312988 0.097414 1 50 1.000000
  50 2.795398 2.696044 -0.288736 0.005746 -0.016423 -0.999849 0.313169 0.053930 1 50 1.000000
  50 3.109859 2.756668 -0.290256 0.007040 -0.061550 -0.998079 0.316174 0.076009 1 50 1.000000
shoe
  50 3.424585 2.726719 -0.286189 0.005061 -0.020820 -0.999770 0.312988 0.097414 1 50 1.000000
  50 3.691634 2.551713 -0.281631 0.005913 -0.024490 -0.999682 0.299695 0.115212 1 50 1.000000
  50 2.795398 2.696044 -0.288736 0.005746 -0.016423 -0.999849 0.313169 0.053930 1 50 1.000000
shoe
  50 3.691634 2.551713 -0.281631 0.005913 -0.024490 -0.999682 0.299695 0.115212 1 50 1.000000
  50 2.519686 2.516495 -0.287880 0.005438 -0.027089 -0.999618 0.301217 0.034182 1 50 1.000000
  50 2.795398 2.696044 -0.288736 0.005746 -0.016423 -0.999849 0.313169 0.053930 1 50 1.000000
shoe
  50 3.691634 2.551713 -0.281631 0.005913 -0.024490 -0.999682 0.299695 0.115212 1 50 1.000000
  50 3.830295 2.259115 -0.272934 0.005545 -0.029801 -0.999540 0.278576 0.124240 1 50 1.000000
  50 2.519686 2.516495 -0.287880 0.005438 -0.027089 -0.999618 0.301217 0.034182 1 50 1.000000
shoe
  50 3.830295 2.259115 -0.272934 0.005545 -0.029801 -0.999540 0.278576 0.124240 1 50 1.000000
  50 2.396721 2.234751 -0.279715 0.005258 -0.031258 -0.999497 0.281710 0.024309 1 50 1.000000
  50 2.519686 2.516495 -0.287880 0.005438 -0.027089 -0.999618 0.301217 0.034182 1 50 1.000000
shoe
  50 2.396721 2.234751 -0.279715 0.005258 -0.031258 -0.999497 0.281710 0.024309 1 50 1.000000
  50 3.830295 2.259115 -0.272934 0.005545 -0.029801 -0.999540 0.278576 0.124240 1 50 1.000000
  50 2.358120 1.863496 -0.268308 0.005258 -0.031258 -0.999497 0.255530 0.019179 1 50 1.000000
shoe
  50 3.830295 2.259115 -0.272934 0.005545 -0.029801 -0.999540 0.278576 0.124240 1 50 1.000000
  50 3.890718 1.873673 -0.260562 0.005258 -0.031258 -0.999497 0.251229 0.128467 1 50 1.000000
  50 2.358120 1.863496 -0.268308 0.005258 -0.031258 -0.999497 0.255530 0.019179 1 50 1.000000
shoe
  50 2.361305 1.475885 -0.256168 0.005258 -0.031258 -0.999497 0.227963 0.015471 1 50 1.000000
  50 2.358120 1.863496 -0.268308 0.005258 -0.031258 -0.999497 0.255530 0.019179 1 50 1.000000
  50 3.890718 1.873673 -0.260562 0.005258 -0.031258 -0.999497 0.251229 0.128467 1 50 1.000000
shoe
  50 3.906785 1.512414 -0.249179 0.005258 -0.031258 -0.999497 0.225886 0.130992 1 50 1.000000
  50 2.361305 1.475885 -0.256168 0.005258 -0.031258 -0.999497 0.227963 0.015471 1 50 1.000000
  50 3.890718 1.873673 -0.260562 0.005258 -0.031258 -0.999497 0.251229 0.128467 1 50 1.000000
shoe
  50 2.361305 1.475885 -0.256168 0.005258 -0.031258 -0.999497 0.227963 0.015471 1 50 1.000000
  50 3.906785 1.512414 -0.249179 0.005258 -0.031258 -0.999497 0.225886 0.130992 1 50 1.000000
  50 3.863168 1.390155 -0.245585 0.005258 -0.031259 -0.999497 0.217446 0.128822 1 50 1.000000
shoe
  50 2.414349 1.346500 -0.251842 0.005258 -0.031259 -0.999497 0.218662 0.017409 1 50 1.000000
  50 2.361305 1.475885 -0.256168 0.005258 -0.031258 -0.999497 0.227963 0.015471 1 50 1.000000
  50 3.863168 1.390155 -0.245585 0.005258 -0.031259 -0.999497 0.217446 0.128822 1 50 1.000000
shoe
  50 4.349521 1.136338 5.721099 0.985532 0.022655 0.167968 0.866817 0.722129 1 50 1.000000
  50 4.353707 1.039106 5.709652 0.985532 0.022647 0.167966 0.840070 0.722129 1 50 1.000000
  50 4.427350 1.190818 5.257097 0.985536 0.022603 0.167952 0.866817 0.592165 1 50 1.000000
shoe
  50 4.353707 1.039106 5.709652 0.985532 0.022647 0.167966 0.840070 0.722129 1 50 1.000000
  50 4.432580 1.094313 5.239392 0.985537 0.022596 0.167949 0.840070 0.592165 1 50 1.000000
  50 4.427350 1.190818 5.257097 0.985536 0.022603 0.167952 0.866817 0.592165 1 50 1.000000
shoe
  50 4.451968 0.672679 5.471663 0.986023 0.029610 0.163954 0.900589 0.798212 1 50 1.000000
  50 4.467638 0.685775 5.375056 0.986022 0.029604 0.163966 0.926433 0.798212 1 50 1.000000
  50 4.440179 0.908107 5.500047 0.972076 0.147864 0.182219 0.900589 0.860683 1 50 1.000000
shoe
  50 4.467638 0.685775 5.375056 0.986022 0.029604 0.163966 0.926433 0.798212 1 50 1.000000
  50 4.455849 0.921230 5.403469 0.973031 0.146915 0.177839 0.926433 0.860683 1 50 1.000000
  50 4.440179 0.908107 5.500047 0.972076 0.147864 0.182219 0.900589 0.860683 1 50 1.000000
shoe
  50 4.440179 0.908107 5.500047 0.972076 0.147864 0.182219 0.900589 0.860683 1 50 1.000000
  50 4.455849 0.921230 5.403469 0.973031 0.146915 0.177839 0.926433 0.860683 1 50 1.000000
  50 4.387885 1.151436 5.424695 0.938868 0.268498 0.215488 0.926433 0.923155 1 50 1.000000
shoe
  50 4.368660 1.138255 5.520959 0.936265 0.270584 0.224035 0.900589 0.923155 1 50 1.000000
  50 4.440179 0.908107 5.500047 0.972076 0.147864 0.182219 0.900589 0.860683 1 50 1.000000
  50 4.387885 1.151436 5.424695 0.938868 0.268498 0.215488 0.926433 0.923155 1 50 1.000000
shoe
  50 4.383310 0.821747 5.313797 0.652958 0.533665 0.537445 0.732985 0.793859 1 50 1.000000
  50 4.368197 0.771519 5.432052 0.664588 0.726476 0.174800 0.726625 0.816119 1 50 1.000000
  50 4.439407 0.778733 5.291741 0.630937 0.569494 0.526872 0.724174 0.787443 1 50 1.000000
shoe
  50 4.383310 0.821747 5.313797 0.652958 0.533665 0.537445 0.732985 0.793859 1 50 1.000000
  50 4.439407 0.778733 5.291741 0.630937 0.569494 0.526872 0.724174 0.787443 1 50 1.000000
  50 4.454350 0.895205 5.205688 0.661077 0.209135 0.720583 0.743343 0.768707 1 50 1.000000
shoe
  50 4.368197 0.771519 5.432052 0.664588 0.726476 0.174800 0.726625 0.816119 1 50 1.000000
  50 4.423929 0.719293 5.441360 0.667863 0.730235 0.143928 0.716977 0.816013 1 50 1.000000
  50 4.439407 0.778733 5.291741 0.630937 0.569494 0.526872 0.724174 0.787443 1 50 1.000000
shoe
  50 4.397954 0.924784 5.251433 0.683621 0.163066 0.711387 0.750415 0.780119 1 50 1.000000
  50 4.383310 0.821747 5.313797 0.652958 0.533665 0.537445 0.732985 0.793859 1 50 1.000000
  50 4.454350 0.895205 5.205688 0.661077 0.209135 0.720583 0.743343 0.768707 1 50 1.000000
shoe
  50 4.423929 0.719293 5.441360 0.667863 0.730235 0.143928 0.716977 0.816013 1 50 1.000000
  50 4.368197 0.771519 5.432052 0.664588 0.726476 0.174800 0.726625 0.816119 1 50 1.000000
  50 4.355554 0.789559 5.556306 0.758010 0.621066 -0.199241 0.732494 0.838562 1 50 1.000000
shoe
  50 4.397954 0.924784 5.251433 0.683621 0.163066 0.711387 0.750415 0.780119 1 50 1.000000
  50 4.454350 0.895205 5.205688 0.661077 0.209135 0.720583 0.743343 0.768707 1 50 1.000000
  50 4.467538 1.030538 5.184015 0.688333 -0.025255 0.724955 0.768182 0.761687 1 50 1.000000
shoe
  50 4.408772 0.737541 5.598737 0.780637 0.590883 -0.203622 0.723544 0.844765 1 50 1.000000
  50 4.423929 0.719293 5.441360 0.667863 0.730235 0.143928 0.716977 0.816013 1 50 1.000000
  50 4.355554 0.789559 5.556306 0.758010 0.621066 -0.199241 0.732494 0.838562 1 50 1.000000
shoe
  50 4.406879 1.027699 5.242988 0.699538 -0.035628 0.713706 0.769438 0.775994 1 50 1.000000
  50 4.397954 0.924784 5.251433 0.683621 0.163066 0.711387 0.750415 0.780119 1 50 1.000000
  50 4.467538 1.030538 5.184015 0.688333 -0.025255 0.724955 0.768182 0.761687 1 50 1.000000
shoe
  50 4.408772 0.737541 5.598737 0.780637 0.590883 -0.203622 0.723544 0.844765 1 50 1.000000
  50 4.355554 0.789559 5.556306 0.758010 0.621066 -0.199241 0.732494 0.838562 1 50 1.000000
  50 4.348185 0.872953 5.643440 0.853437 0.337893 -0.396829 0.749633 0.852783 1 50 1.000000
shoe
  50 4.467538 1.030538 5.184015 0.688333 -0.025255 0.724955 0.768182 0.761687 1 50 1.000000
  50 4.457633 1.291888 5.219224 0.712308 -0.123712 0.690878 0.816415 0.762307 1 50 1.000000
  50 4.406879 1.027699 5.242988 0.699538 -0.035628 0.713706 0.769438 0.775994 1 50 1.000000
shoe
  50 4.396752 0.826293 5.713185 0.863977 0.332367 -0.378255 0.742295 0.864005 1 50 1.000000
  50 4.408772 0.737541 5.598737 0.780637 0.590883 -0.203622 0.723544 0.844765 1 50 1.000000
  50 4.348185 0.872953 5.643440 0.853437 0.337893 -0.396829 0.749633 0.852783 1 50 1.000000
shoe
  50 4.457633 1.291888 5.219224 0.712308 -0.123712 0.690878 0.816415 0.762307 1 50 1.000000
  50 4.398873 1.275823 5.278488 0.720902 -0.116707 0.683139 0.814837 0.776591 1 50 1.000000
  50 4.406879 1.027699 5.242988 0.699538 -0.035628 0.713706 0.769438 0.775994 1 50 1.000000
shoe
  50 4.396752 0.826293 5.713185 0.863977 0.332367 -0.378255 0.742295 0.864005 1 50 1.000000
  50 4.348185 0.872953 5.643440 0.853437 0.337893 -0.396829 0.749633 0.852783 1 50 1.000000
  50 4.346279 0.970519 5.681313 0.866020 0.153003 -0.476024 0.768559 0.857454 1 50 1.000000
shoe
  50 4.398873 1.275823 5.278488 0.720902 -0.116707 0.683139 0.814837 0.776591 1 50 1.000000
  50 4.457633 1.291888 5.219224 0.712308 -0.123712 0.690878 0.816415 0.762307 1 50 1.000000
  50 4.385740 1.375051 5.315444 0.723499 -0.283136 0.629589 0.833787 0.781035 1 50 1.000000
shoe
  50 4.398705 0.952127 5.770993 0.866618 0.150341 -0.475784 0.766965 0.871711 1 50 1.000000
  50 4.396752 0.826293 5.713185 0.863977 0.332367 -0.378255 0.742295 0.864005 1 50 1.000000
  50 4.346279 0.970519 5.681313 0.866020 0.153003 -0.476024 0.768559 0.857454 1 50 1.000000
shoe
  50 4.457633 1.291888 5.219224 0.712308 -0.123712 0.690878 0.816415 0.762307 1 50 1.000000
  50 4.438248 1.421665 5.277510 0.707414 -0.332260 0.623834 0.841101 0.769782 1 50 1.000000
  50 4.385740 1.375051 5.315444 0.723499 -0.283136 0.629589 0.833787 0.781035 1 50 1.000000
shoe
  50 4.386978 1.207330 5.805078 0.869521 0.061814 -0.490012 0.815240 0.872241 1 50 1.000000
  50 4.398705 0.952127 5.770993 0.866618 0.150341 -0.475784 0.766965 0.871711 1 50 1.000000
  50 4.346279 0.970519 5.681313 0.866020 0.153003 -0.476024 0.768559 0.857454 1 50 1.000000
shoe
  50 4.385740 1.375051 5.315444 0.723499 -0.283136 0.629589 0.833787 0.781035 1 50 1.000000
  50 4.438248 1.421665 5.277510 0.707414 -0.332260 0.623834 0.841101 0.769782 1 50 1.000000
  50 4.366779 1.456583 5.397916 0.716030 -0.579542 0.389143 0.850915 0.795156 1 50 1.000000
shoe
  50 4.335283 1.210172 5.713776 0.869482 0.058653 -0.490470 0.813974 0.857932 1 50 1.000000
  50 4.386978 1.207330 5.805078 0.869521 0.061814 -0.490012 0.815240 0.872241 1 50 1.000000
  50 4.346279 0.970519 5.681313 0.866020 0.153003 -0.476024 0.768559 0.857454 1 50 1.000000
shoe
  50 4.438248 1.421665 5.277510 0.707414 -0.332260 0.623834 0.841101 0.769782 1 50 1.000000
  50 4.418838 1.509599 5.386003 0.694296 -0.615462 0.373040 0.859860 0.788931 1 50 1.000000
  50 4.366779 1.456583 5.397916 0.716030 -0.579542 0.389143 0.850915 0.795156 1 50 1.000000
shoe
  50 4.386978 1.207330 5.805078 0.869521 0.061814 -0.490012 0.815240 0.872241 1 50 1.000000
  50 4.335283 1.210172 5.713776 0.869482 0.058653 -0.490470 0.813974 0.857932 1 50 1.000000
  50 4.328102 1.315739 5.703959 0.876418 -0.147359 -0.458450 0.833000 0.853756 1 50 1.000000
shoe
  50 4.366779 1.456583 5.397916 0.716030 -0.579542 0.389143 0.850915 0.795156 1 50 1.000000
  50 4.418838 1.509599 5.386003 0.694296 -0.615462 0.373040 0.859860 0.788931 1 50 1.000000
  50 4.345423 1.472580 5.522045 0.725895 -0.687727 0.010415 0.856785 0.817555 1 50 1.000000
shoe
  50 4.373160 1.345513 5.784488 0.885338 -0.145032 -0.441749 0.840090 0.865131 1 50 1.000000
  50 4.386978 1.207330 5.805078 0.869521 0.061814 -0.490012 0.815240 0.872241 1 50 1.000000
  50 4.328102 1.315739 5.703959 0.876418 -0.147359 -0.458450 0.833000 0.853756 1 50 1.000000
shoe
  50 4.418838 1.509599 5.386003 0.694296 -0.615462 0.373040 0.859860 0.788931 1 50 1.000000
  50 4.395903 1.524865 5.544371 0.724088 -0.689530 -0.015655 0.866432 0.817659 1 50 1.000000
  50 4.345423 1.472580 5.522045 0.725895 -0.687727 0.010415 0.856785 0.817555 1 50 1.000000
shoe
  50 4.377688 1.463719 5.696593 0.823854 -0.462316 -0.327916 0.859231 0.846257 1 50 1.000000
  50 4.373160 1.345513 5.784488 0.885338 -0.145032 -0.441749 0.840090 0.865131 1 50 1.000000
  50 4.328102 1.315739 5.703959 0.876418 -0.147359 -0.458450 0.833000 0.853756 1 50 1.000000
shoe
  50 4.345423 1.472580 5.522045 0.725895 -0.687727 0.010415 0.856785 0.817555 1 50 1.000000
  50 4.395903 1.524865 5.544371 0.724088 -0.689530 -0.015655 0.866432 0.817659 1 50 1.000000
  50 4.329487 1.421590 5.640910 0.805539 -0.495246 -0.325329 0.850409 0.839859 1 50 1.000000
shoe
  50 4.329487 1.421590 5.640910 0.805539 -0.495246 -0.325329 0.850409 0.839859 1 50 1.000000
  50 4.377688 1.463719 5.696593 0.823854 -0.462316 -0.327916 0.859231 0.846257 1 50 1.000000
  50 4.328102 1.315739 5.703959 0.876418 -0.147359 -0.458450 0.833000 0.853756 1 50 1.000000
shoe
  50 4.395903 1.524865 5.544371 0.724088 -0.689530 -0.015655 0.866432 0.817659 1 50 1.000000
  50 4.377688 1.463719 5.696593 0.823854 -0.462316 -0.327916 0.859231 0.846257 1 50 1.000000
  50 4.329487 1.421590 5.640910 0.805539 -0.495246 -0.325329 0.850409 0.839859 1 50 1.000000
shoe
  50 4.371729 1.562398 5.344700 0.792953 0.599292 -0.109885 0.868806 0.782707 1 50 1.000000
  50 4.340592 1.576809 5.536376 0.663244 0.723048 0.193155 0.876079 0.817762 1 50 1.000000
  50 4.418838 1.509599 5.386003 0.773385 0.626497 -0.096841 0.859860 0.788931 1 50 1.000000
shoe
  50 4.340592 1.576809 5.536376 0.663244 0.723048 0.193155 0.876079 0.817762 1 50 1.000000
  50 4.395903 1.524865 5.544371 0.652078 0.729029 0.208114 0.866432 0.817659 1 50 1.000000
  50 4.418838 1.509599 5.386003 0.773385 0.626497 -0.096841 0.859860 0.788931 1 50 1.000000
shoe
  50 4.371729 1.562398 5.344700 0.792953 0.599292 -0.109885 0.868806 0.782707 1 50 1.000000
  50 4.418838 1.509599 5.386003 0.773385 0.626497 -0.096841 0.859860 0.788931 1 50 1.000000
  50 4.438248 1.421665 5.277510 0.869089 0.399103 -0.292233 0.841101 0.769782 1 50 1.000000
shoe
  50 4.395903 1.524865 5.544371 0.652078 0.729029 0.208114 0.866432 0.817659 1 50 1.000000
  50 4.340592 1.576809 5.536376 0.663244 0.723048 0.193155 0.876079 0.817762 1 50 1.000000
  50 4.313305 1.505371 5.721089 0.596390 0.615298 0.515488 0.868053 0.852655 1 50 1.000000
shoe
  50 4.395677 1.468127 5.210832 0.873722 0.396827 -0.281315 0.848415 0.758529 1 50 1.000000
  50 4.371729 1.562398 5.344700 0.792953 0.599292 -0.109885 0.868806 0.782707 1 50 1.000000
  50 4.438248 1.421665 5.277510 0.869089 0.399103 -0.292233 0.841101 0.769782 1 50 1.000000
shoe
  50 4.377688 1.463719 5.696593 0.603151 0.611304 0.512363 0.859231 0.846257 1 50 1.000000
  50 4.395903 1.524865 5.544371 0.652078 0.729029 0.208114 0.866432 0.817659 1 50 1.000000
  50 4.313305 1.505371 5.721089 0.596390 0.615298 0.515488 0.868053 0.852655 1 50 1.000000
shoe
  50 4.395677 1.468127 5.210832 0.873722 0.396827 -0.281315 0.848415 0.758529 1 50 1.000000
  50 4.438248 1.421665 5.277510 0.869089 0.399103 -0.292233 0.841101 0.769782 1 50 1.000000
  50 4.418606 1.307911 5.136186 0.902324 0.189826 -0.387010 0.817994 0.748024 1 50 1.000000
shoe
  50 4.377688 1.463719 5.696593 0.603151 0.611304 0.512363 0.859231 0.846257 1 50 1.000000
  50 4.313305 1.505371 5.721089 0.596390 0.615298 0.515488 0.868053 0.852655 1 50 1.000000
  50 4.301245 1.374700 5.833420 0.611030 0.328869 0.720061 0.847180 0.876506 1 50 1.000000
shoe
  50 4.438248 1.421665 5.277510 0.869089 0.399103 -0.292233 0.841101 0.769782 1 50 1.000000
  50 4.457633 1.291888 5.219224 0.901568 0.195299 -0.386047 0.816415 0.762307 1 50 1.000000
  50 4.418606 1.307911 5.136186 0.902324 0.189826 -0.387010 0.817994 0.748024 1 50 1.000000
shoe
  50 4.373160 1.345513 5.784488 0.615682 0.306833 0.725802 0.840090 0.865131 1 50 1.000000
  50 4.377688 1.463719 5.696593 0.603151 0.611304 0.512363 0.859231 0.846257 1 50 1.000000
  50 4.301245 1.374700 5.833420 0.611030 0.328869 0.720061 0.847180 0.876506 1 50 1.000000
shoe
  50 4.457633 1.291888 5.219224 0.901568 0.195299 -0.386047 0.816415 0.762307 1 50 1.000000
  50 4.467538 1.030538 5.184015 0.911339 -0.033728 -0.410274 0.768182 0.761687 1 50 1.000000
  50 4.418606 1.307911 5.136186 0.902324 0.189826 -0.387010 0.817994 0.748024 1 50 1.000000
shoe
  50 4.373160 1.345513 5.784488 0.615682 0.306833 0.725802 0.840090 0.865131 1 50 1.000000
  50 4.301245 1.374700 5.833420 0.611030 0.328869 0.720061 0.847180 0.876506 1 50 1.000000
  50 4.308536 1.203753 5.864814 0.605697 0.047186 0.794295 0.816505 0.886551 1 50 1.000000
shoe
  50 4.467538 1.030538 5.184015 0.911339 -0.033728 -0.410274 0.768182 0.761687 1 50 1.000000
  50 4.430429 1.033339 5.101247 0.912031 -0.027327 -0.409210 0.766926 0.747380 1 50 1.000000
  50 4.418606 1.307911 5.136186 0.902324 0.189826 -0.387010 0.817994 0.748024 1 50 1.000000
shoe
  50 4.386978 1.207330 5.805078 0.603758 0.048333 0.795701 0.815240 0.872241 1 50 1.000000
  50 4.373160 1.345513 5.784488 0.615682 0.306833 0.725802 0.840090 0.865131 1 50 1.000000
  50 4.308536 1.203753 5.864814 0.605697 0.047186 0.794295 0.816505 0.886551 1 50 1.000000
shoe
  50 4.467538 1.030538 5.184015 0.911339 -0.033728 -0.410274 0.768182 0.761687 1 50 1.000000
  50 4.454350 0.895205 5.205688 0.890583 -0.268108 -0.367396 0.743343 0.768707 1 50 1.000000
  50 4.430429 1.033339 5.101247 0.912031 -0.027327 -0.409210 0.766926 0.747380 1 50 1.000000
shoe
  50 4.398705 0.952127 5.770993 0.618090 -0.207662 0.758183 0.766965 0.871711 1 50 1.000000
  50 4.386978 1.207330 5.805078 0.603758 0.048333 0.795701 0.815240 0.872241 1 50 1.000000
  50 4.308536 1.203753 5.864814 0.605697 0.047186 0.794295 0.816505 0.886551 1 50 1.000000
shoe
  50 4.454350 0.895205 5.205688 0.890583 -0.268108 -0.367396 0.743343 0.768707 1 50 1.000000
  50 4.415768 0.865504 5.131012 0.895221 -0.268236 -0.355849 0.736271 0.757294 1 50 1.000000
  50 4.430429 1.033339 5.101247 0.912031 -0.027327 -0.409210 0.766926 0.747380 1 50 1.000000
shoe
  50 4.320995 0.932991 5.829162 0.619779 -0.204449 0.757677 0.765371 0.885969 1 50 1.000000
  50 4.398705 0.952127 5.770993 0.618090 -0.207662 0.758183 0.766965 0.871711 1 50 1.000000
  50 4.308536 1.203753 5.864814 0.605697 0.047186 0.794295 0.816505 0.886551 1 50 1.000000
shoe
  50 4.415768 0.865504 5.131012 0.895221 -0.268236 -0.355849 0.736271 0.757294 1 50 1.000000
  50 4.454350 0.895205 5.205688 0.890583 -0.268108 -0.367396 0.743343 0.768707 1 50 1.000000
  50 4.396222 0.735542 5.239957 0.830146 -0.493740 -0.258995 0.715364 0.781026 1 50 1.000000
shoe
  50 4.396752 0.826293 5.713185 0.649346 -0.440794 0.619718 0.742295 0.864005 1 50 1.000000
  50 4.398705 0.952127 5.770993 0.618090 -0.207662 0.758183 0.766965 0.871711 1 50 1.000000
  50 4.320995 0.932991 5.829162 0.619779 -0.204449 0.757677 0.765371 0.885969 1 50 1.000000
shoe
  50 4.454350 0.895205 5.205688 0.890583 -0.268108 -0.367396 0.743343 0.768707 1 50 1.000000
  50 4.439407 0.778733 5.291741 0.815021 -0.518992 -0.257658 0.724174 0.787443 1 50 1.000000
  50 4.396222 0.735542 5.239957 0.830146 -0.493740 -0.258995 0.715364 0.781026 1 50 1.000000
shoe
  50 4.328447 0.779036 5.751442 0.647282 -0.459233 0.608383 0.734956 0.875228 1 50 1.000000
  50 4.396752 0.826293 5.713185 0.649346 -0.440794 0.619718 0.742295 0.864005 1 50 1.000000
  50 4.320995 0.932991 5.829162 0.619779 -0.204449 0.757677 0.765371 0.885969 1 50 1.000000
shoe
  50 4.396222 0.735542 5.239957 0.830146 -0.493740 -0.258995 0.715364 0.781026 1 50 1.000000
  50 4.439407 0.778733 5.291741 0.815021 -0.518992 -0.257658 0.724174 0.787443 1 50 1.000000
  50 4.373712 0.666743 5.420183 0.731886 -0.681220 -0.016790 0.707330 0.815907 1 50 1.000000
shoe
  50 4.408772 0.737541 5.598737 0.666379 -0.667157 0.332926 0.723544 0.844765 1 50 1.000000
  50 4.396752 0.826293 5.713185 0.649346 -0.440794 0.619718 0.742295 0.864005 1 50 1.000000
  50 4.328447 0.779036 5.751442 0.647282 -0.459233 0.608383 0.734956 0.875228 1 50 1.000000
shoe
  50 4.439407 0.778733 5.291741 0.815021 -0.518992 -0.257658 0.724174 0.787443 1 50 1.000000
  50 4.423929 0.719293 5.441360 0.721510 -0.692404 -0.000436 0.716977 0.816013 1 50 1.000000
  50 4.373712 0.666743 5.420183 0.731886 -0.681220 -0.016790 0.707330 0.815907 1 50 1.000000
shoe
  50 4.349477 0.685037 5.610052 0.661963 -0.673496 0.328950 0.714595 0.850968 1 50 1.000000
  50 4.408772 0.737541 5.598737 0.666379 -0.667157 0.332926 0.723544 0.844765 1 50 1.000000
  50 4.328447 0.779036 5.751442 0.647282 -0.459233 0.608383 0.734956 0.875228 1 50 1.000000
shoe
  50 4.373712 0.666743 5.420183 0.731886 -0.681220 -0.016790 0.707330 0.815907 1 50 1.000000
  50 4.423929 0.719293 5.441360 0.721510 -0.692404 -0.000436 0.716977 0.816013 1 50 1.000000
  50 4.349477 0.685037 5.610052 0.661963 -0.673496 0.328950 0.714595 0.850968 1 50 1.000000
shoe
  50 4.423929 0.719293 5.441360 0.721510 -0.692404 -0.000436 0.716977 0.816013 1 50 1.000000
  50 4.408772 0.737541 5.598737 0.666379 -0.667157 0.332926 0.723544 0.844765 1 50 1.000000
  50 4.349477 0.685037 5.610052 0.661963 -0.673496 0.328950 0.714595 0.850968 1 50 1.000000
end
